:020000040000FA
:1000000000040020810A000015070000610A0000BA
:100010001F07000029070000330700000000000050
:10002000000000000000000000000000A50A000021
:100030003D070000000000004707000051070000D6
:100040005B070000650700006F07000079070000EC
:10005000830700008D07000097070000A10700003C
:10006000AB070000B5070000BF070000C90700008C
:10007000D3070000DD070000E7070000F1070000DC
:10008000FB070000050800000F0800001908000029
:10009000230800002D080000370800004108000078
:1000A0004B080000550800005F08000069080000C8
:1000B000730800007D080000870800009108000018
:1000C0009B080000A5080000AF080000B908000068
:1000D000C3080000CD080000D7080000E1080000B8
:1000E000EB080000F5080000FF0800000909000007
:1000F000130900001D090000270900003109000054
:100100003B0900001FB500F003F88DE80F001FBD8C
:1001100000F0ACBC40F6FC7108684FF01022401CA7
:1001200008D00868401C09D00868401C04D0086842
:1001300000F037BA9069F5E79069F9E7704770B554
:100140000B46010B184400F6FF70040B4FF0805073
:100150000022090303692403406943431D1B104621
:1001600000F048FA29462046BDE8704000F042BA47
:10017000F0B54FF6FF734FF4B4751A466E1E11E0DA
:10018000A94201D3344600E00C46091B30F8027B3B
:10019000641E3B441A44F9D19CB204EB134394B25D
:1001A00004EB12420029EBD198B200EB134002EBB2
:1001B000124140EA0140F0BDF34992B00446D1E952
:1001C0000001CDE91001FF224021684600F0F4FB58
:1001D00094E80F008DE80F00684610A902E004C8FB
:1001E00041F8042D8842FAD110216846FFF7C0FF7C
:1001F0001090AA208DF8440000F099F9FFF78AFFCB
:1002000040F6FC7420684FF01025401C0FD0206889
:1002100010226946803000F078F92068401C08D030
:100220002068082210A900F070F900F061F9A869AF
:10023000EEE7A869F5E74FF080500369406940F6A2
:10024000FC71434308684FF01022401C06D0086838
:1002500000F58050834203D2092070479069F7E788
:100260000868401C04D00868401C03D00020704778
:100270009069F9E70420704770B504460068C34DE3
:10028000072876D2DFE800F033041929631E250021
:10029000D4E9026564682946304600F062F92A46CE
:1002A0002146304600F031F9AA002146304600F0E0
:1002B00057FB002800D0032070BD00F009FC4FF46C
:1002C000805007E0201D00F040F90028F4D100F034
:1002D000FFFB60682860002070BD241D94E80700C3
:1002E000920000F03DFB0028F6D00E2070BDFFF715
:1002F000A2FF0028FAD1D4E901034FF0805100EBAE
:10030000830208694D69684382420ED840F6F8704E
:1003100005684FF010226D1C09D0056805EB8305B8
:100320000B6949694B439D4203D9092070BD55694A
:10033000F4E70168491C03D00068401C02D003E0C8
:100340005069FAE70F2070BD2046FFF735FFFFF731
:1003500072FF0028F7D1201D00F0F7F80028F2D135
:1003600060680028F0D100F0E2F8FFF7D3FE00F05B
:10037000BFF8072070BD10B50C46182802D0012028
:10038000086010BD2068FFF777FF206010BD41684E
:10039000054609B1012700E0002740F6F8742068FF
:1003A0004FF01026401C2BD02068AA68920000F065
:1003B000D7FA38B3A86881002068401C27D020688D
:1003C000FFF7BDFED7B12068401C22D026684FF051
:1003D0008050AC686D68016942695143A9420DD9EA
:1003E000016940694143A14208D92146304600F0E5
:1003F000B8F822462946304600F087F800F078F831
:100400007069D2E700F093F8FFF784FEF6E77069B1
:10041000D6E77669DBE740F6FC7420684FF01026DB
:10042000401C23D02068401C0CD02068401C1FD0EA
:100430002568206805F18005401C1BD027683879A5
:10044000AA2819D040F6F8700168491C42D001680A
:10045000491C45D00168491C3ED001680968491C07
:100460003ED00168491C39D000683EE0B069DAE747
:10047000B569DEE7B769E2E710212846FFF778FEA5
:100480003968814222D12068401C05D0D4F8001080
:1004900001F18002C03107E0B169F9E730B108CA63
:1004A00051F8040D984201D1012000E000208A4259
:1004B000F4D158B1286810B1042803D0FEE72846CB
:1004C000FFF765FF3149686808600EE0FFF722FE1C
:1004D00000F00EF87169BBE77169BFE7706904E06D
:1004E0004FF480500168491C01D000F0CBFAFEE7C0
:1004F000BFF34F8F26480168264A01F4E06111439B
:100500000160BFF34F8F00BFFDE72DE9F0411746B3
:100510000D460646002406E03046296800F054F8EF
:10052000641C2D1D361DBC42F6D3BDE8F08140F69B
:10053000FC700168491C04D0D0F800004FF48051D1
:10054000FDE54FF010208069F8E74FF080510A690F
:10055000496900684A43824201D810207047002050
:10056000704770B50C4605464FF4806608E0284693
:1005700000F017F8B44205D3A4F5806405F5805562
:10058000002CF4D170BD0000F40A0000000000202F
:100590000CED00E00400FA05144801680029FCD0C5
:1005A0007047134A0221116010490B68002BFCD0E0
:1005B0000F4B1B1D186008680028FCD0002010603D
:1005C00008680028FCD07047094B10B501221A605A
:1005D000064A1468002CFCD0016010680028FCD08A
:1005E0000020186010680028FCD010BD00E4014015
:1005F00004E5014070B50C46054600F073F810B9EB
:1006000000F07EF828B121462846BDE8704000F091
:1006100007B821462846BDE8704000F037B8000012
:100620007FB5002200920192029203920A0B000B06
:100630006946012302440AE0440900F01F0651F80C
:10064000245003FA06F6354341F82450401C8242F8
:10065000F2D80D490868009A10430860081D016827
:10066000019A1143016000F03DF800280AD00649C4
:1006700010310868029A10430860091D0868039A3F
:10068000104308607FBD00000006004030B50F4CED
:10069000002200BF04EB0213D3F800582DB9D3F8A1
:1006A000045815B9D3F808581DB1521C082AF1D3C3
:1006B00030BD082AFCD204EB0212C2F80008C3F8CD
:1006C00004180220C3F8080830BD000000E0014013
:1006D0004FF08050D0F83001082801D0002070473A
:1006E000012070474FF08050D0F83011062905D016
:1006F000D0F83001401C01D0002070470120704725
:100700004FF08050D0F830010A2801D00020704707
:100710000120704708208F490968095808471020B0
:100720008C4909680958084714208A4909680958FA
:100730000847182087490968095808473020854923
:100740000968095808473820824909680958084744
:100750003C20804909680958084740207D490968BC
:100760000958084744207B49096809580847482028
:1007700078490968095808474C207649096809589A
:10078000084750207349096809580847542071499F
:1007900009680958084758206E49096809580847E8
:1007A0005C206C4909680958084760206949096854
:1007B00009580847642067490968095808476820AC
:1007C00064490968095808476C2062490968095852
:1007D000084770205F4909680958084774205D4937
:1007E00009680958084778205A490968095808478C
:1007F0007C205849096809580847802055490968EC
:10080000095808478420534909680958084788202F
:1008100050490968095808478C204E490968095809
:10082000084790204B4909680958084794204949CE
:10083000096809580847982046490968095808472F
:100840009C204449096809580847A0204149096883
:1008500009580847A4203F49096809580847A820B3
:100860003C49096809580847AC203A4909680958C1
:100870000847B0203749096809580847B420354966
:10088000096809580847B8203249096809580847D3
:10089000BC203049096809580847C0202D4909681B
:1008A00009580847C4202B49096809580847C82037
:1008B0002849096809580847CC2026490968095879
:1008C0000847D0202349096809580847D4202149FE
:1008D000096809580847D8201E4909680958084777
:1008E000DC201C49096809580847E02019490968B3
:1008F00009580847E4201749096809580847E820BB
:100900001449096809580847EC2012490968095830
:100910000847F0200F49096809580847F4200D4995
:10092000096809580847F8200A490968095808471A
:10093000FC2008490968095808475FF48070054998
:10094000096809580847000003480449024A034B54
:100950007047000000000020000B0000000B0000AA
:1009600040EA010310B59B070FD1042A0DD310C82C
:1009700008C9121F9C42F8D020BA19BA884201D97E
:10098000012010BD4FF0FF3010BD1AB1D30703D0C6
:10099000521C07E0002010BD10F8013B11F8014B7C
:1009A0001B1B07D110F8013B11F8014B1B1B01D198
:1009B000921EF1D1184610BD02F0FF0343EA032254
:1009C00042EA024200F005B87047704770474FF0A6
:1009D00000020429C0F0128010F0030C00F01B800C
:1009E000CCF1040CBCF1020F18BF00F8012BA8BF1A
:1009F00020F8022BA1EB0C0100F00DB85FEAC17CDE
:100A000024BF00F8012B00F8012B48BF00F8012B90
:100A100070474FF0000200B51346944696462039C1
:100A200022BFA0E80C50A0E80C50B1F12001BFF4A7
:100A3000F7AF090728BFA0E80C5048BF0CC05DF80D
:100A400004EB890028BF40F8042B08BF704748BF5B
:100A500020F8022B11F0804F18BF00F8012B7047CF
:100A6000014B1B68DB6818470000002009480A4951
:100A70007047FFF7FBFFFFF745FB00BD20BFFDE719
:100A8000064B1847064A1060016881F308884068E1
:100A900000470000000B0000000B000017040000DE
:100AA000000000201EF0040F0CBFEFF30881EFF3ED
:100AB0000981886902380078182803D100E0000015
:100AC000074A1047074A12682C3212681047000084
:100AD00000B5054B1B68054A9B58984700BD0000B0
:100AE0007703000000000020F00A0000040000006E
:100AF000001000000000000000FFFFFF0090D00386
:10100000B00F002021AE010065B0000087AD0100E7
:1010100065B0000065B0000065B000000000000091
:10102000000000000000000000000000ADAE010064
:1010300065B000000000000065B0000065B0000071
:1010400015AF01001BAF010065B0000065B00000E6
:1010500065B0000065B0000065B0000065B000003C
:1010600021AF010065B0000065B0000027AF0100AE
:1010700065B000002DAF010033AF010039AF0100B2
:1010800065B0000065B0000065B0000065B000000C
:1010900065B0000065B0000065B0000065B00000FC
:1010A00065B000003FAF010065B0000065B0000012
:1010B00065B0000065B0000065B0000065B00000DC
:1010C00045AF010065B0000065B0000065B00000EC
:1010D00065B0000065B0000065B0000065B00000BC
:1010E00065B0000065B0000065B0000065B00000AC
:1010F00065B0000065B0000065B0000065B000009C
:1011000065B0000065B0000000F002F819F077FE4D
:101110000AA090E8000C82448344AAF10107DA4552
:1011200001D119F06CFEAFF2090EBAE80F0013F00E
:10113000010F18BFFB1A43F00103184770A201000A
:1011400090A201000A4410F8014B14F00F0508BFEB
:1011500010F8015B240908BF10F8014B6D1E05D083
:1011600010F8013B6D1E01F8013BF9D1641E03D05C
:10117000641E01F8015BFBD19142E4D3704700008B
:101180000023002400250026103A28BF78C1FBD890
:10119000520728BF30C148BF0B6070471FB500F031
:1011A00003F88DE80F001FBD19F026BE70B51B4C6B
:1011B00005460A202070A01C00F0D7F85920A08016
:1011C00029462046BDE8704006F0FEBE06F00CBF82
:1011D00070B50C461249097829B1A0F160015E2969
:1011E00008D3012013E0602804D0692802D043F21C
:1011F00001000CE020CC0B4E94E80E0006EB8000C2
:10120000A0F58050241FD0F8806E2846B04720609B
:1012100070BD0120704706207047000008000020C4
:101220001800002074AF01003249884201D2012029
:1012300070470020704770B50446A0F500002E4EA0
:10124000B0F1786F02D23444A4F5000429488442F6
:1012500001D2012500E0002500F043F848B125B98E
:10126000B44204D32548006808E0012070BD002086
:1012700070BD002DF9D1B442F9D321488442F6D291
:10128000F3E710B50446A0F50000B0F1786F03D283
:1012900019480444A4F5000400F023F84FF08041FD
:1012A00030B11648006804E08C4204D2012003E00B
:1012B00013488442F8D2002080F0010010BD10B520
:1012C00020B1FFF7DEFF08B1012010BD002010BDE6
:1012D00010B520B1FFF7AFFF08B1012010BD00200D
:1012E00010BD084808490068884201D101207047B4
:1012F0000020704700C00100000000201C000020FA
:101300000800002058000020BEBAFECA10B50446EE
:101310000021012000F041F800210B2000F03DF8F1
:101320000021082000F039F80421192000F035F8D8
:1013300004210D2000F031F804210E2000F02DF8DA
:1013400004210F2000F029F80421C84300F025F8FB
:101350000621162000F021F80621152000F01DF8C6
:101360002046FFF723FF002010BDCC2101807047ED
:10137000FFF72CBF1148704710487047104A10B54E
:1013800014680F4B0F4A08331A60FFF721FF0C480F
:10139000001D046010BD704770474907090E002802
:1013A00004DB00F1E02080F80014704700F00F002B
:1013B00000F1E02080F8141D7047000003F900429E
:1013C000100502400100000130B5FF4D0446062C17
:1013D000A9780ED2DFE804F0030E0E0E0509FFDF38
:1013E00008E0022906D0FFDF04E0032902D0FFDF76
:1013F00000E0FFDFAC7030BDF34810B5407E41081F
:10140000F14800F11A0005D00DF043FBBDE8104093
:1014100006F07ABC0DF024FBF8E730B50446A1F1E4
:1014200020000D460A2847D2DFE800F005070C1916
:10143000202532373C41FFDF3FE0207820283CD197
:10144000FFDF3AE0E0488078052836D0207824286D
:1014500033D0252831D023282FD0FFDF2DE020786E
:1014600022282AD0232828D8FFDF26E02078222827
:1014700023D0FFDF21E0207822281ED024281CD092
:1014800026281AD0272818D0292816D0FFDF14E0E4
:101490002078252811D0FFDF0FE0207825280CD0F8
:1014A000FFDF0AE02078252807D0FFDF05E020785D
:1014B000282802D0FFDF00E0FFDF257030BD1FB518
:1014C0000022ADF800200C88ADF802404B88ADF842
:1014D0000430CA88ADF808208988ADF806100021CC
:1014E000ADF80A10ADF80C1080B14FF6FF70062170
:1014F000844201D1ADF80210834201D1ADF804104D
:10150000824203D14FF44860ADF8080068460DF000
:10151000BEFB06F0F9FB04B010BD70B514460D46D5
:101520000646FFF788FE60B90DB1A54201D90C202F
:1015300070BD002409E000BF56F82400FFF77BFED1
:1015400008B1102070BD641CE4B2AC42F4D300209A
:1015500070BD2DE9F04105461F4690460E46002419
:101560000068FFF7B5FE30B9A98828680844401E16
:10157000FFF7AEFE10B11020BDE8F081286800280A
:10158000A88802D0B84202D850E00028F4D0092040
:10159000F2E72968085DB8B1671CCA5D152A2ED02C
:1015A0003CDC152A3AD2DFE802F039122222282840
:1015B0002A2A313139393939393939393939220019
:1015C000085D30BB641CA4B2A242F9D833E0022803
:1015D000DDD1A01C085C88F80000072801D2400774
:1015E00001D40A20C8E7307840F0010015E0C1437B
:1015F000C90707E0012807D010E00620BCE7010773
:10160000A1F180510029F5D01846B5E7307881075F
:1016100001D50B20B0E740F0020030702868005D73
:10162000384484B2A888A04202D2B0E74FF44853AD
:1016300082B2A242ADD800209EE710B502785408CD
:1016400009D0012243F20223012C07D0022C0DD035
:10165000032C13D10FE00020087005E080790324EB
:10166000B4EB901F0AD10A70002010BD8079B2EB54
:10167000901F03D1F7E780798009F4D0184610BD98
:1016800008B500208DF800004F4890F8221051B1A5
:1016900090F8230002280FD003280FD0FFDF00BFEF
:1016A0009DF8000008BD48486946193001F0C6F9A8
:1016B0000028F5D0FFDFF3E7032000E001208DF8DC
:1016C0000000EDE738B50C460546694601F0B6F96D
:1016D00000280DD19DF80010207861F3470020709C
:1016E00055F8010FC4F80100A888A4F805000020EF
:1016F00038BD38B51378C0B1022816D033A46D4672
:10170000246800944C7905EB9414247864F347031F
:10171000137003280ED003F0FE0010700868C2F8A2
:1017200001008888A2F8050038BD23F0FE0313707D
:101730000228EED1D8B240F00100EEE702210EF00F
:10174000BDBC38B50C460978222901D2082038BD25
:10175000ADF800008DF8022068460DF0D9F906F0CA
:10176000D3FA050003D121212046FFF756FE284673
:1017700038BD1CB500208DF80000CDF80100ADF893
:101780000500114890F82200022801D0012000E055
:1017900000208DF8070068460DF024FA002800D0DC
:1017A000FFDF1CBD2DE9FF478CB00025BDF834607C
:1017B00082461C4690468DF81C50700703D5606821
:1017C000FFF739FD90B903E0A00100200302FF01FB
:1017D000FE4F4FF0010997F8220058B197F8230007
:1017E000022807D16068FFF773FD18B1102010B010
:1017F000BDE8F087300702D5A089802815D870078A
:1018000004D4B8F1000F01D0387E70B1E07DC0F390
:1018100000108DF81B00617D072041B1012906D021
:101820000229E4D00429E2D117E00720DFE78DF890
:1018300017908DF819908DF81580606878B107A918
:10184000FFF7FBFE0028D2D1606850F8011FCDF8E9
:101850000F108088ADF8130005E00620C7E7CDF82B
:101860000F50ADF81350E07B0028F6D1207C002803
:10187000F3D1607C0028F0D1A07C0028EDD1E07C81
:10188000C006EAD18DF800A0BDF83400ADF8020022
:10189000A0680190A0680290CDA0D0E90010CDE929
:1018A0000A10E07C0AA901EB501000788DF80C00BA
:1018B000FFF7E6FE8DF80D009DF81C008DF80E0078
:1018C0008DF818508DF816508DF81A5009A96846F1
:1018D0000DF02CFA06F018FA89E7F0B58FB0002465
:1018E0008DF830408DF814408DF8344006468DF860
:1018F0002840019402940394049419B10FC901ADD6
:1019000085E80F00B14DA878052801D004280CD136
:1019100001986968884200D120B90398E968884233
:1019200003D110B108200FB0F0BD1F273B460DAA10
:1019300005A903A8FFF70DFE0028F4D13B460AAA2B
:101940000CA901A8FFF705FE0028ECD19DF81400B2
:10195000C00701D00A20E6E7A88A410708D4A97D7C
:1019600031B19DF82810890702D043F20120DAE74F
:101970009DF82810C90709D0400707D4288818B156
:1019800044F25061884201D90720CCE78DF8184015
:101990008DF81960BDF80800ADF81A00019807909D
:1019A00006A80DF0CEF906F0AFF90028BBD18DF8EE
:1019B00020408DF82160BDF81000ADF8220003989A
:1019C000099008A80DF0DFF906F09EF90028AAD1C9
:1019D00001AC2D1D94E80F0085E80F000020A2E760
:1019E00070B50646FFF7AAFE054606F06FFB040039
:1019F00000D1FFDF6680207820F00F00801C20F0EF
:101A0000F000203020700320207295F83E006072B4
:101A1000BDE8704006F05EBB2DE9F04385B00400E0
:101A200000D1FFDF2078694E20F00F00801C20F0ED
:101A3000F0007030207060680178C91F14292AD224
:101A4000DFE801F04DF3290AF3F33AF2292966F2AF
:101A5000F2F129F2F2F0EFF286883046FFF76EFEDF
:101A60000546304608F0BDF8C0B16068807985F859
:101A70003E0021212846FFF7D0FC304603F0FAF95A
:101A8000304604F0ADFB3146012012F047F9A87F43
:101A900020F01000A87705B0BDE8F083207820F092
:101AA000F00020302070032020726680606880790A
:101AB000607206F00FFBDCE785882846FFF73EFEE4
:101AC00000B9FFDF60688078012800D0FFDF606820
:101AD000817905B02846BDE8F04308F04ABA868807
:101AE0003046FFF72BFE050000D1FFDF06F0F2FACB
:101AF00060683146C08828816068008968816068B4
:101B00004089A881012012F009F90020A875C2E7D8
:101B1000807828B10228BED03C28BCD0FFDFBAE7CD
:101B200006F0D8FA6568A879AD1C00B9FFDFF77830
:101B3000B5F80290B046384606F05FF8060000D1CE
:101B4000FFDF0022022148460EF0AFFA040000D168
:101B5000FFDF22212046FFF760FCA17F012060F318
:101B60000101A177298B2181698B6181A98BA181D9
:101B700084F822708DF80800B0680090F068019039
:101B80006A46032148460EF090FA00B9FFDFB0889C
:101B9000ADF81000B0788DF8120004AA052148466F
:101BA0000EF083FA00B9FFDFB088ADF80C00F078D2
:101BB0008DF80E0003AA042148460EF076FA00B90B
:101BC000FFDF062105F1120006E00000A001002061
:101BD000070605040302010000F04DFF30B36879E9
:101BE000800700D5FFDF6979E07D61F34700E0758C
:101BF000D5F80600A0616889A083062105F10C00D4
:101C000000F039FFE0B198F819104A08617862F3E2
:101C100047016170D8F81A10C4F80210B8F81E0015
:101C200017E028E020E033E02DE017E0E07D20F031
:101C3000FE00801CE075D5F81200A061E88ADBE7A1
:101C4000607820F0FE00801C6070E868C4F8020034
:101C5000288AE0800320FFF7B7FB1CE705B0204689
:101C6000BDE8F04301F092BC06F034FA16F8240FF8
:101C700040F0020005E006F02DFA16F8240F40F0BF
:101C80000400307007E705B0BDE8F04306F022BA63
:101C9000B178052909D00429DFD106F01BFA02200A
:101CA00005B0BDE8F043FFF78FBB80780028D4D0A3
:101CB000F07800F0AAFE06F00DFA0320F0E72DE917
:101CC000F047054600780027000991460C463E463D
:101CD000012871D0022870D007280AD00A286DD0B8
:101CE000FFDF00BFA9F800600CB1278066800020EC
:101CF0007EE5D5F804C0DFF8448804F108009CF8BC
:101D000000204FF0010AD21F4FF6FF71142A76D23D
:101D1000DFE802F00AF9F9F9F9F9F91DF9F926C035
:101D2000889DF91061D476EE12271026BCF80400C5
:101D30002146F3E01C270A26ECB3BCF80200A08081
:101D4000686800792072686840796072CAE71B276A
:101D5000092684B30320207268684088A080C1E708
:101D60009CF802103C29BDD010272C260CF1020C47
:101D70000CB3BCF80210A180BCF818106182BCF84A
:101D800018102182BCF81A10A182BCF81C10E18244
:101D90009CF8053002460CF106011846FFF7A9FC35
:101DA0009CF8040001289DD184F80FA00020207623
:101DB00008F1040003E00BE0A8E0B2E0EAE090E8FC
:101DC0000E00D8F81000C4E90930C4E9071289E709
:101DD000A9F800608BE720271126002CF8D0A180FD
:101DE000686804F10A02807820726868807A6072FC
:101DF00069680B1DC8781946FFF77BFC72E782E023
:101E000021270A26002CE3D0BCF80200A0806868D5
:101E10000079207268684079607298F8241021F087
:101E2000040162E022270B26002CD1D0BCF804006C
:101E3000A0806868807820726868807900F02AFE47
:101E400060726868C07900F025FEA0724AE7262714
:101E50001C26002CBCD0A1806868C07860726868BD
:101E60008079A07208F1040090E80E00D8F8100004
:101E7000C4E90530C4E90312686880783C2803D0BF
:101E8000432804D0FFDF2DE784F808A02AE70220CA
:101E9000207227E724271026002C99D0BCF80200D6
:101EA000A0806868007920816868007A608168682D
:101EB000C088A08168684089E08113E72327102645
:101EC000002C85D0BCF80200A08068688088208142
:101ED0006868C088608168680089A08168684089F6
:101EE000E08198F8241021F0020188F82410F9E626
:101EF0002F272A26002C86D0A18069682222891CDF
:101F00000BF017FAEEE64A46214644E0287A02280A
:101F100001D0FFDFE6E612271026688800F098FD62
:101F2000E0E6287AB0B3012835D0022833D0032860
:101F300001D0FFDFD6E611270926002C8AD0B5F89C
:101F400002804046FFF7FAFB90F822A0A4F8048034
:101F5000687A2072042140460EF0C2F805214046FE
:101F60000EF0BEF8002140460EF0BAF801214046BE
:101F70000EF0B6F8032140460EF0B2F802214046BA
:101F80000EF0AEF8062140460EF0AAF8504600F0DA
:101F90003CFDA7E6FFE72846BDE8F04701F02CBC72
:101FA00070B5012801D0FFDF70BD8DB22846FFF764
:101FB000C5FB040000D1FFDF20782128F4D006F013
:101FC00085F880B1017821F00F01891C21F0F00122
:101FD000103101700221017245800020A075BDE81A
:101FE000704006F077B821462846BDE870401322BD
:101FF000FFF7A7BB2DE9F04116460C00804600D143
:10200000FFDF307820F00F00801C20F0F00010304F
:1020100030702078022802D0FFDFBDE8F081404612
:10202000FFF78CFB050000D1FFDFA1884FF6FF70A2
:102030000027814202D1E288824203D0814201D14D
:10204000E08840B106F046F894E80F00083686E8CC
:102050000F00AF75E1E7A87D0128DED178230022CB
:10206000414611F0B1FD0220A875D6E738B5054606
:102070000C460846FFF7DFF8A8B9242D31D006DC5E
:10208000202D0AD0212D0AD0222D04D124E0252D87
:102090001BD03F2D2DD0072038BD062038BD6068ED
:1020A000FFF70DF908B1102038BD618820886A4615
:1020B0000CF0E1FF05F028FE0028F5D16168002949
:1020C000F2D0BDF800200A8038BDA07800F00101F0
:1020D00020880DF001F808E02068BDE8384001F0E4
:1020E000C0BD618820880CF05FFFBDE8384005F076
:1020F0000BBE207800F001008DF8000068460CF05F
:10210000BDFD05F001FE38BD70B505460C4608461C
:10211000FFF7B7F808B1102070BD202D07D0212D92
:102120000DD0222D0BD0252D09D0072070BD208881
:10213000A11C0CF03CFDBDE8704005F0E5BD06209B
:1021400070BDFE481930704708B528220021FB48B1
:102150000BF019F90120FFF737F9F84968461A31F1
:1021600005F04AFFF5489DF80020417E62F34701E3
:1021700021F001014176002180F822104FF46171B5
:102180000184022180F82310FFF736F900B1FFDF48
:1021900000F0AEFC01F0CCF908BD10B50C464022B1
:1021A000002120460BF0EFF8A07F20F00300A0777D
:1021B000202020700020A07584F8230010BD7047F7
:1021C0002DE9FC410746FFF736F810B11020BDE8B5
:1021D000FC81DA4E06F11901D6F819000090B6F824
:1021E0001D50ADF80450F47F8DF806403846FFF7D7
:1021F00069FA0028EBD1FFF7FFF80028E7D0009933
:1022000046F8191FB580B471E1E710B50446FFF731
:1022100038F808B1102010BDC848C8492246407E91
:102220001A314008FFF765FA002010BD3EB504469C
:102230000D460846FFF725F808B110203EBD14B141
:1022400043F204003EBDBD488078052803D0042831
:1022500001D008203EBD694602A80BF01AFB2A46B1
:1022600069469DF80800FFF744FA00203EBDFEB520
:102270000D4604004FF0000711D00822FFF74DF97A
:10228000002811D1002608E054F826006946FFF71F
:10229000D4F9002808D1761CF6B2AE42F4D30CF083
:1022A00037FB10B143F20320FEBDA44E3776FCB1DC
:1022B00000271AE054F8270002A9FFF7BEF900B181
:1022C000FFDF9DF808008DF8000054F8270050F853
:1022D000011FCDF801108088ADF8050068460CF0AC
:1022E0003CFB00B1FFDF7F1CFFB2AF42E2D335768B
:1022F0000020FEBD2DE9F0478AB01546894604004E
:102300001DD00F4608222946FFF707F9002810D1F3
:10231000002612E054F826006946103000F08EFBCB
:10232000002806D13FB157F82600FEF784FF10B110
:1023300010200AB0DCE4761CF6B2AE42EAD30026E6
:10234000A5F101081CE000BF06F1010A0AF0FF0731
:1023500012E000BF54F82600017C4A0854F8271008
:102360000B7CB2EB530F05D10622113011310AF06C
:10237000B3FF58B17F1CFFB2AF42EBD30AF0FF06A8
:102380004645E1DB4E4624B1012003E043F205203F
:10239000CFE700200CF000FB10B90CF009FB10B1E6
:1023A00043F20420C5E75CB300270DF1170825E0D0
:1023B00054F827006946103000F040FB00B1FFDF01
:1023C00054F82700102250F8111FCDF80110808812
:1023D000ADF8050054F827100DF107000AF0A9FF29
:1023E00096B156F82710102240460AF0A2FF684620
:1023F0000CF098FA00B1FFDF7F1CFFB2AF42D7D3D9
:10240000FFF7B7F9002094E7404601F01EFCEEE725
:1024100030B585B00446FEF70EFF18B96068FEF7C8
:1024200057FF10B1102005B030BD60884AF2B811D6
:10243000884206D82078414D28B1012806D00228CC
:1024400004D00720EFE7FEF7D7FF18E060780228F6
:1024500004D0032802D043F20220E4E785F82300E9
:10246000C1B200200090ADF8040002292CD003294D
:1024700027D0FFDF68460CF00CFB05F045FC002878
:10248000D1D1606801F0D4FB207858B101208DF8DB
:1024900000000DF1010001F0D8FB68460CF075FE5C
:1024A00000B1FFDF207885F82200FFF762F960882D
:1024B00060B1288480B20CF067FA00B1FFDF002021
:1024C000B1E78DF80500D5E74020FAE74FF46170D9
:1024D000EFE710B50446FEF7D4FE20B9606838B1C6
:1024E000FEF7EDFE08B1102010BD606801F0ADFBF5
:1024F000124830F8201F6180C178617080782070A8
:10250000002010BD2DE9F843144689460646FEF723
:10251000B8FEB8B94846FEF7DBFE98B92046FEF78C
:10252000D7FE78B9054DA878012800D154B131788B
:10253000FF2909D061B143F2040001E0A0010020AD
:10254000BDE8F8831020F8E7012801D00420F4E763
:10255000CCB3052811D004280FD06946204600F0DE
:10256000A4FA0028E9D1217D49B1012909D0022925
:1025700009D0032909D00720DFE70820DDE702465C
:1025800004E0012202E0022200E00322804623460A
:10259000174600200099FFF705F90028CDD1A08942
:1025A0002880A07BE875BDF80000A882AF75BDF853
:1025B0000010090701D5A18931B1A1892980C0077F
:1025C00004D0032003E006E08021F7E70220FEF7B5
:1025D000FBFE86F800804946BDE8F8430020FFF77F
:1025E0007CB92DE9FC41FF4C06460D46A078022837
:1025F00003D0032801D00820E9E516B143F2040016
:10260000E5E506200DF00EFD10B9A078032849D0AD
:102610000FF07CFC074610F0DBFE381A00F0FF08D4
:1026200006200DF0F7FC074606200DF0FBFC391ADA
:10263000A078042809D000221144A8EB010111F070
:10264000FF0F04D0032804D00DE00122F4E713208B
:10265000BDE5284605F0D1FA10B3407810B32846FE
:1026600005F0D6FDE570FFF70BF80BF054F80120EC
:102670008DF800008DF801008DF802602088ADF81B
:102680000400E07D8DF8060068460CF050FC05F073
:102690003BFB0028B0D1A078032805D0042010E02F
:1026A000052094E5122092E5E07805F0A6FA0400F2
:1026B00000D1FFDF607800B9FFDF6078401E6070F6
:1026C0000520FEF781FE002081E51CB510B143F224
:1026D00004001CBDC34CA078042803D0052801D0F9
:1026E00008201CBD00208DF8000001218DF801108C
:1026F0008DF8020068460CF01AFC05F005FB002876
:10270000EFD1A078052805D05FF00200FEF75CFE4F
:1027100000201CBDE07800F078F90320F6E72DE9F1
:10272000FC4180460D4603260846FEF7D1FD08B160
:1027300010204CE54046FFF701F8040004D0207853
:10274000222804D2082042E543F202003FE5A07FA0
:1027500000F003073DB1012F0AD000202946FEF703
:10276000AEFE0600E5D1012F04D0FFDF30462EE596
:102770000120F3E7A07D2946022801D011B107E02E
:10278000112024E5684600F0E7FA0028D1D1694617
:10279000404607F0CEFB0600E8D10120A075E5E732
:1027A00070B50C460546FEF7C9FF010005D022466C
:1027B0002846BDE87040FEF7C4BF43F2020070BD7A
:1027C00010B5012807D1874B9B78012B00D011B1A0
:1027D00043F2040010BD0CF009F9BDE8104005F00B
:1027E00093BA012300F01BB900231A46194600F0E2
:1027F00016B970B5064615460C460846FEF741FD6B
:1028000018B92846FEF73DFD08B1102070BD2A46D4
:10281000214630460CF017FC05F076FA0028F5D179
:1028200021787F29F2D1052070BD7CB505460C4684
:102830000846FEF700FD08B110207CBD2846FEF7D3
:102840007DFF20B10078222804D208207CBD43F20D
:1028500002007CBD634890F82400400701D5112098
:102860007CBD2178C80802D16078C20801D0072059
:102870007CBD890801D1800801D006207CBDADF85F
:10288000005020788DF8020060788DF80300022057
:10289000ADF8040068460BF00FFF05F035FA7CBD7B
:1028A00070B586B014460D460646FEF747FF28B1C0
:1028B0000078222805D2082006B070BD43F202003D
:1028C000FAE72846FEF704FD20B944B12046FEF79A
:1028D000F6FC08B11020EFE700202060A0804148FE
:1028E00090F82400800701D51120E5E703A93046C0
:1028F0000BF01FFF18B100BF05F006FADCE7ADF8DA
:102900000060BDF81400ADF80200BDF81600ADF887
:102910000400BDF81000BDF81210ADF80600ADF8C7
:1029200008107DB1298809B1ADF80610698809B190
:10293000ADF80210A98809B1ADF80810E98809B10D
:10294000ADF80410DCB1BDF80610814201D9081AB7
:102950002080BDF80210BDF81400814201D9081A88
:102960006080BDF80800BDF80410BDF816200144D1
:10297000BDF812001044814201D9081AA0806846AF
:102980000BF074FFB8E770B505460C460846FEF735
:1029900078FC08B1102070BD214628460CF04AF999
:1029A000BDE8704005F0B0B93EB505460C46084696
:1029B000FEF767FC08B110203EBD0020009001909A
:1029C0000290ADF800502089ADF8080020788DF80D
:1029D0000200606801902089ADF808006089ADF8B8
:1029E0000A0001E0A001002068460CF031F905F072
:1029F0008BF93EBD0EB5ADF8000000200190684691
:102A00000CF026F905F080F90EBD10B505F0F5F8CB
:102A1000040000D1FFDF6078401C607010BD1CB561
:102A2000ADF800008DF802308DF803108DF8042009
:102A300068460CF0D7FA05F067F91CBD0278520819
:102A400004D0012A02D043F202207047FEF7F5BD00
:102A500070B50C0006460DD0FEF770FE050000D1E3
:102A6000FFDFA68028892081288960816889A0816C
:102A7000A889E08170BD10B500231A4603E0845C8C
:102A80002343521CD2B28A42F9D30BB1002010BDAD
:102A9000012010BD00B530B1012803D0022801D0BB
:102AA000FFDF002000BDFF2000BD00220A8092B29F
:102AB00022F060020A800078062817D2DFE800F0D2
:102AC000160306090C1142F0110007E042F01D0048
:102AD00009E042F0150006E042F0100040F002006C
:102AE00001E042F010000880002070470720704786
:102AF000FD48002101604160018170472DE9FF4FD1
:102B000093B09B46209F160004460DD01046FEF75A
:102B100092FB18B1102017B0BDE8F08F31460120AC
:102B2000FEF7CDFC0028F6D101258DF842504FF478
:102B3000C050ADF84000002210A9284603F016FE50
:102B40000028E8D18DF84250A8464FF428500025BF
:102B5000ADF840001C222946684607950AF013FC90
:102B60009DF81C000DF11C0A20F00F00401C20F005
:102B7000F00010308DF81C0020788DF81D00617871
:102B80009DF81E000DF1400961F3420040F0010084
:102B90008DF81E009DF8000008AA40F002008DF894
:102BA00000002089ADF83000ADF832506089ADF8F2
:102BB0003400CDF82CA060680E900AA9CDF82890BA
:102BC000684603F0C8FB0028A5D16068FEF777FBD4
:102BD00040B16068FEF77CFB20B9607800F003002C
:102BE000022801D0012000E00020BF4C08AA0AA959
:102BF0002072BDF8200020808DF8428042F601202E
:102C0000ADF840009DF81E0020F00600801C20F06A
:102C100001008DF81E000220ADF83000ADF8340040
:102C200014A80E90684603F096FB002889D1BDF8E1
:102C30002000608036B1211D304600F059F900288F
:102C4000C2D109E0BBF1000F05D00AF017F9E8BBCB
:102C50000AF014F9D0BBA58017B1012F43D04AE088
:102C60008DF8428042F6A620ADF8400046461C2270
:102C70000021684607950AF086FB9DF81C00ADF818
:102C8000346020F00F00401C20F0F00010308DF870
:102C90001C009DF81D0020F0FF008DF81D009DF820
:102CA0001E0020F0060040F00100801C8DF81E0080
:102CB0009DF800008DF8446040F002008DF800009F
:102CC000CDE90A9AADF8306011A800E011E00E904D
:102CD00008AA0AA9684603F03EFB0028A6D1BDF861
:102CE0002000E08008E00AF0C9F810B90AF0C6F840
:102CF00008B103200FE7E58000200CE73EB504464D
:102D0000794D0820ADF80000A88828B12046FEF7CC
:102D100092FA18B110203EBD06203EBD214601208A
:102D2000FEF7CDFB0028F8D12088ADF804006088BC
:102D3000ADF80600A088ADF80800E088ADF80A00FC
:102D4000A88801AB6A46002103F00CFFBDF8001013
:102D50000829E2D003203EBD7FB5634D0446A88814
:102D600068B1002002900820ADF80800CDF80CD022
:102D70002046FEF760FA20B1102004B070BD062096
:102D8000FBE7A98802AA4FF6FF7004F02DF900288E
:102D9000F3D1BDF80810082901D00320EDE7BDF8F4
:102DA00000102180BDF802106180BDF80410A180E0
:102DB000BDF80610E180E0E701B582B00220ADF871
:102DC0000000494802AB6A464088002103F0CAFE71
:102DD000BDF80010022900D003200EBD1CB5002153
:102DE00000910221ADF800100190FEF74AFA08B1F7
:102DF00010201CBD3C486A4641884FF6FF7004F025
:102E0000F3F8BDF800100229F3D003201CBDFEB575
:102E1000354C06461546207A0F46C00705D00846B1
:102E2000FEF709FA18B11020FEBD0F20FEBDF82DE7
:102E300001D90C20FEBD3046FEF7FDF918BB2088F5
:102E400001A902F08AFF0028F4D130788DF805003E
:102E5000208801A903F064FE0028EBD100909DF8C2
:102E600000009DF8051040F002008DF800000907F1
:102E700003D040F008008DF800002088694603F078
:102E8000ECFD0028D6D1ADF8085020883B4602AAB8
:102E9000002103F067FEBDF80810A942CAD0032044
:102EA000FEBD7CB505460020009001900888ADF875
:102EB00000000C4628460195FEF701FA18B9204695
:102EC000FEF7DFF908B110207CBD15B1BDF8000098
:102ED00060B105486A4601884FF6FF7004F084F837
:102EE000BDF8001021807CBDC80100200C20FAE74D
:102EF00030B5044693B000200D46014600901422E0
:102F000001A80AF040FA1C22002108A80AF03BFAA6
:102F10009DF80000CDF808D020F00F00401C20F0F4
:102F2000F00010308DF800009DF8010006AA20F096
:102F3000FF008DF801009DF8200001A940F002007B
:102F40008DF8200001208DF8460042F60420ADF8EF
:102F5000440011A801902088ADF83C006088ADF8CD
:102F60003E00A088ADF84000E088ADF842009DF832
:102F7000020020F00600801C20F001008DF8020005
:102F80000820ADF80C00ADF810000FA8059008A8B7
:102F900003F0E1F9002803D1BDF8180028800020D3
:102FA00013B030BD0A4810B5046809490948083112
:102FB00008600FF0BEFE0648001D046010BD064903
:102FC000002008604FF0E0210220C1F88002704725
:102FD0001005024001000001FC1F00400548064AA0
:102FE0000168914201D1002101600449012008607B
:102FF0007047000058000020BEBAFECA40E50140FC
:103000002CFFFFFFDBE5B15100C00100CC00FFFF4A
:1030100071000000C1CF6A00FEA0D9111C1006C3C8
:1030200089CCFC7A7B3B49141906A8C010B504462C
:10303000FEF701F908B1102010BD2078C0F302108E
:10304000042807D86078072804D3A178102901D86C
:10305000814201D2072010BDE078410706D42179D2
:103060004A0703D4000701D4080701D5062010BD84
:10307000002010BD70B514460D46064605F026F832
:1030800080B10178182221F00F01891C21F0F00194
:10309000A03100F8081B21460AF04BF9BDE870404A
:1030A00005F018B829463046BDE870401322FEF7F7
:1030B00048BB2DE9F047064608A8904690E8300442
:1030C00089461F461422002128460AF05CF9002197
:1030D000CAF80010B8F1000F03D0B9F1000F03D106
:1030E00014E03878C00711D02068FEF7CAF8C0BBDA
:1030F000B8F1000F07D12068123028602068143022
:1031000068602068A8602168CAF8001038788007D5
:1031100024D56068FEF7D3F818BBB9F1000F21D0B1
:10312000FFF70FF80168C6F868118188A6F86C11DE
:10313000807986F86E0101F034FAF84FEF6062682A
:1031400062B196F8680106F2691140081032FEF784
:10315000D0FA1022394660680AF0EBF80020BDE88A
:10316000F08706E0606820B1E8606068C6F8640136
:10317000F4E71020F3E730B5054608780C4620F058
:103180000F00401C20F0F001103121700020607011
:1031900095F8230030B104280FD0052811D0062857
:1031A00014D0FFDF20780121B1EB101F04D295F875
:1031B000200000F01F00607030BD21F0F0002030D2
:1031C00002E021F0F00030302070EBE721F0F00059
:1031D0004030F9E7F0B591B0022715460C46064697
:1031E0003A46ADF80870092103AB05F070FD049074
:1031F000002810D004208DF804008DF80170E03410
:10320000099605948DF818500AA968460EF051FCED
:1032100000B1FFDF012011B0F0BD2DE9F84F0646E7
:10322000808A0C4680B28246FEF788FA0546BB4F7C
:103230003078203F4FF002094FF000080F287CD271
:10324000DFE800F07BA39D082C5B6A7CBADAFD976F
:1032500048979700012150460CF030FF040000D140
:10326000FFDF97F85C00C00701D0386E0BE0032148
:1032700004F11D0010F06BFAD4F81D00A849B0FB52
:10328000F1F201FB1200C4F81D0070686067B068BD
:10329000A0672878252872D0FFDF70E00121504612
:1032A0000CF00CFF060000D1FFDF3078810702D55B
:1032B0002978252904D040F001003070BDE8F88F4E
:1032C00084F80090307F207106F11D002D36C4E98E
:1032D0000206F3E7012150460CF0F0FE050000D194
:1032E000FFDF2878C10604D5072020703D356560D2
:1032F000E4E740F008002870E0E7E87F000700D529
:10330000FFDF307CB28800F0010301B05046BDE819
:10331000F04F092106F06FBD05B9FFDF716821B1DB
:10332000102205F124000AF004F828212846FEF7AF
:1033300074F8307A85F82000C0E7F7E001215046A4
:103340000CF0BCFE050000D1FFDF022105F1850075
:1033500010F0FDF90420207005F5B4706060B5F838
:10336000850020826D4810387C356561C4E90270A3
:10337000A4E7012150460CF0A1FE00B9FFDF324660
:1033800029465046BDE8F84F74E605B9FFDF2878B6
:10339000212893D93079012803D1E87F40F0080033
:1033A000E877324629465046FFF764FE2846BDE8D6
:1033B000F84F2321FEF731B83279A28004F10803D7
:1033C0000921504605F083FCE06010B10520207013
:1033D00074E74546012150460CF070FE040000D110
:1033E000FFDF04F1620102231022081F0CF0FFFC32
:1033F00005703179417061E7012150460CF05EFEA5
:10340000040000D1FFDF94F8840000F003000128DD
:1034100059D1E87F10F0010003D194F8A010C9073A
:103420002AD0D4F8602132B394F88330117C63F34E
:1034300087011174AA7FD30963F3410100E071E0B1
:10344000D4F860211174D4F8602160F30001117484
:1034500090B1D4F86001102205F12401883409F0FC
:1034600068FF207E40F001002076207820F00100E7
:1034700004F8880919E0C0B994F88810C90714D075
:10348000D4F85C218AB194F88330117C63F387010E
:103490001174AA7FD309D4F85C2163F3410111743C
:1034A000D4F85C2160F30001117494F8880080075F
:1034B00009D594F87C00D4F86421400804F17D011A
:1034C0001032FEF716F98DF8009094F884006A46E1
:1034D00000F003008DF8010094F888108DF80210B8
:1034E00094F8A0008DF803002946504601F042F8F8
:1034F0002878252805D0212807D0FFDF2878222822
:1035000003D922212846FDF788FF012150460CF0FF
:10351000E7FD00283FF4DDAEFFDFCFE6F401002039
:1035200040420F00716881F80180C7E6FFDFC5E601
:1035300070B5FE4C002584F85C5025660EF085FAC7
:1035400004F11001204604F07DFD84F8305070BD78
:1035500070B50D46FEF7F2F8040000D1FFDF4FF41E
:10356000B8720021284609F00EFF2434012105F12C
:10357000E0002C610EF06AFA002800D0FFDF70BD79
:103580000A46014602F1E0000EF081BA70B5054628
:10359000406886B00178082906D00B2933D00C2961
:1035A0002FD0FFDF06B070BD46883046FEF7C6F864
:1035B000040000D1FFDF20782128F3D028281BD178
:1035C000686802210C3000F0A0FFA8B168680821EB
:1035D000001D00F09AFF78B104F1240130460BF091
:1035E000A8FC04F091FB00B1FFDF06B02046BDE867
:1035F00070402921FDF711BF06B0BDE8704004F00E
:1036000069BD01218171686886883046FEF796F8A9
:10361000040000D1FFDF20782128C3D068688179B9
:1036200009B1807808B1FFDFBCE704F053FDA07F4B
:10363000000622D5E07FC00705D094F8200000F0F6
:103640001F00102817D0052084F82300207829288F
:1036500015D02428A6D13146042010F05FFB22218A
:103660002046FDF7DAFE012130460CF039FD002836
:1036700098D0FFDF96E70620E6E70420E4E7012183
:1036800030460CF01BFD050000D1FFDF2521204650
:10369000FDF7C3FE03208DF80000694605F1E00048
:1036A0000EF0ECF90228BFD00028BDD0FFDF79E78B
:1036B0002DE9F04788B09A46164688468146FEF7BF
:1036C0003DF805003AD02878222837D3232835D072
:1036D000E87F000732D40027012148460CF0EEFCB9
:1036E000040005D10121002248460CF0DEFC04460E
:1036F000694600F066FF009800B9FFDF00983CB112
:10370000E03404612878222804D0242802D005E07F
:10371000076103E025212846FDF77FFE009801217F
:103720004170C0F824908680C0E9028A01A90EF099
:10373000C0F9022802D0002800D0FFDF08B00EE553
:1037400070B586B00546FDF7F9FF0078222814D938
:10375000012128460CF0B2FC04002CD1FFDF2AE046
:10376000B4F85E0004F1620630440178427829B171
:1037700021462846FFF72EFDB0B913E7ADF8042027
:103780000921284602AB05F0A2FA03900028F4D0E4
:1037900005208DF80000694604F1E0000EF06EF996
:1037A000022801D000B1FFDF02231022314604F1CC
:1037B0005E000CF052FBB4F860000028D0D1F1E6B6
:1037C00010B586B00446FDF7B9FF0078222811D95C
:1037D000012120460CF072FC040000D1FFDF06201E
:1037E0008DF80000694604F1E0000EF047F900286A
:1037F00000D0FFDF06B010BD2DE9F84F0546007878
:103800000C460027010904F1080090463E46BA46DE
:10381000009002297ED0072902D00A2909D142E06E
:1038200068680178082905D00B292CD00C292AD0EA
:10383000FFDF72E114271C26002C6CD04088A0808A
:10384000FDF77CFF5FEA000900D1FFDF99F8170060
:1038500009F118014008009AFDF74BFF686880895C
:10386000208268684168C4F812108068C4F81600A5
:10387000A07E20F0060040F00100A07699F81E001E
:1038800040F020014FE01A270A26002CD5D080886E
:10389000A080FDF753FF050000D1FFDF2846009907
:1038A000FFF769FC39E10CB1A88BA080287A4FF0B2
:1038B000010B0B287ED006DC01287CD0022808D022
:1038C000032804D137E00D2876D00E2875D0FFDF0D
:1038D00023E11E270926002CAFD0A088FDF72EFF7C
:1038E0005FEA000900D1FFDF287B00F00300012818
:1038F000207A1DD020F001002072297B890861F315
:1039000041002072297BC90861F382002072297B63
:10391000090901E0F7E0AEE061F3C300207299F815
:103920001E0040F0400189F81E10F6E0D40100208E
:1039300040F00100E0E713270D26002CA6D0A08858
:10394000FDF7FCFE81460121A0880CF0B7FB0500C5
:1039500000D1FFDF686F817801F003010129217A2E
:1039600050D021F00101217283789B0863F341015B
:1039700021728378DB0863F38201217283781B094B
:1039800063F3C3012172037863F306112172437854
:1039900063F3C711217284F809A0C178A17202797A
:1039A000E17A62F30001E1720279520862F34101A7
:1039B000E17203E029E067E04EE05FE002799208FF
:1039C00062F38201E1720279D20862F3C301E1720B
:1039D0004279217B62F3000121734279520862F33C
:1039E000410121734279920862F382012173407987
:1039F000C00860F3C301217399F8000023282AD975
:103A0000262139E041F00101ADE71827102694B3D3
:103A1000A088FDF793FE00900121A0880CF04EFBDA
:103A20005FEA000900D1FFDFE868A06099F80000B4
:103A300040F0040189F8001099F80100800708D5CA
:103A400084F80CB000980078232866D927210098C4
:103A500052E084F80CA060E015270F265CB1A08826
:103A6000FDF76CFE81460622E868009909F0E9FC42
:103A700084F80EB085E042E048463DE0162709266E
:103A8000ECB3287B207248E0287B19270E26B4B3BC
:103A9000C4F808A0A4F80CA0012807D0022808D078
:103AA00003280CD004280AD0FFDF15E084F808B002
:103AB00001E002202072607A20F003000BE0697BB5
:103AC000042801F00F0141F080012172F3D1607AE6
:103AD00020F00300401C6072A088FDF72FFE054611
:103AE0000078212819D0232800D0FFDF0121A088E9
:103AF0000CF0F6FA22212846FDF78FFC0DE0FFE7D7
:103B0000A8F800600EE00CB16888A080287A10B395
:103B1000012809D002283AD0FFDFA8F800600CB1D4
:103B200027806680002007E415270F26002CE7D0A9
:103B3000A088FDF703FE0121A0880CF0BFFA050064
:103B400000D1FFDFD5F81D000622009909F079FCAD
:103B500084F80EA0E1E717270926002CD0D0A08812
:103B6000FDF7ECFD81460121A0880CF0A7FA0500C5
:103B700000D1FFDF6878800701D5022000E0012036
:103B8000207299F800002328C7D9272174E7192744
:103B90000E26002CB4D0A088FDF7D0FD5FEA000906
:103BA00000D1FFDFC4F808A0A4F80CA084F808A096
:103BB000A07A40F00300A07299F81E10C90961F3C1
:103BC0008200A07299F81F2099F81E1012EAD11FE6
:103BD00005D099F8201001F01F01102925D020F000
:103BE0000800A07299F81F10607A61F3C300607238
:103BF000697A01F0030101298FD140F0040060725D
:103C0000E87A217B60F300012173AA7A607B62F37A
:103C100000006073EA7A520862F341012173A97AC5
:103C2000490861F34100607377E740F00800D8E786
:103C300010B5F84C30B10146102204F1200009F013
:103C400078FB012084F8300010BD10B5044600F068
:103C5000A8FCF04920461022BDE81040203109F0B0
:103C600068BB70B5EB4D06004FF0000412D0FDF7B5
:103C7000E2FA08B110240BE00621304609F0C8FB37
:103C8000411C04D02866012085F85C0000E0072470
:103C9000204670BD0020F7E7007810F00F0204D036
:103CA000012A05D0022A0CD110E0000909D10AE04E
:103CB0000009012807D0022805D0032803D00428D2
:103CC00001D0072070470870002070470620704719
:103CD00005282AD2DFE800F003070F171F00087835
:103CE00020F0FF001EE0087820F00F00401C20F0BC
:103CF000F000103016E0087820F00F00401C20F093
:103D0000F00020300EE0087820F00F00401C20F07A
:103D1000F000303006E0087820F00F00401C20F062
:103D2000F0004030087000207047072070472DE9F0
:103D3000F043804687B00D464FF000090846FDF776
:103D4000C7FAA8B94046FDF7F9FC060003D0307861
:103D500022280BD104E043F2020007B0BDE8F08353
:103D600035B1B07FC10601D4000703D50820F4E7C0
:103D70001020F2E7F07F000701D50D20EDE70027C6
:103D8000012140460CF09AF9040006D101210022DD
:103D900040460CF08AF9040005D0694600F011FC99
:103DA000009818B901E00420D7E7FFDF009802214E
:103DB000E0344170C0F82480446107810121017121
:103DC000297801F00102017E62F3010101762A786F
:103DD000520862F3820101762A78920862F3C301E5
:103DE00001762A78D20862F3041101762421304644
:103DF000FDF713FB01A900980DF05BFE022801D02E
:103E000000B1FFDF4846A8E72DE9FF4F0E46824983
:103E1000904697B09A4607C914AB4FF0000983E863
:103E200007001798FDF78AFC050006D02878262899
:103E300006D008201BB0BDE8F08F43F20200F9E77E
:103E400026B94046FFF7F2F80028F3D10121179870
:103E50000CF034F9040000D1FFDF852E27D007DCF9
:103E6000EEB1812E1DD0822E1DD0832E08D11CE0F4
:103E7000862E1ED0882E1ED0892E1ED08A2E1ED0B1
:103E80000F2020710F281CD004F020F9D8B1012098
:103E90008DF83400201D0E902079B0B126E100206D
:103EA000EFE70120EDE70220EBE70320E9E705203B
:103EB000E7E70620E5E70820E3E70920E1E70A2035
:103EC000DFE70720B6E71120B4E798F80000D4E94F
:103ED0001D764208A87F002162F3C710A87798F8E2
:103EE00000008208E87F62F30000E87798F800009D
:103EF000C209607862F34100607098F8000002091E
:103F0000207862F34710207098F80000C2086078AB
:103F100062F30000607098F80100607198F800008A
:103F200000F00102B07862F30100B070AA7FD209FC
:103F300062F38200B070EA7F62F3C300B07062780F
:103F400062F30410B0702278C0F3C00052093270DE
:103F50006278C2F34002727098F80220F2707171B8
:103F60003171B978C1F3C00108405FEA000B2ED06F
:103F70005046FDF760F978BBDAF80C00FDF75BF905
:103F800050BBDAF81C00FDF756F928BBDAF80C0034
:103F9000A060DAF81C00E06060787A7842EA5001AC
:103FA00061F341006070B978C0B200EA111161F3A9
:103FB000000060700020207705F117006061681C28
:103FC000A061B07800F00300012806D046E06078D8
:103FD0007A7802EA5001E3E719E0B87800F00300CC
:103FE00001283BD1321D711D404600F099FA31790C
:103FF000387901408DF8281070797A7910408DF861
:10400000300001432AD05046FDF715F930B1102099
:1040100010E70000D4010020E8B001000AF1100010
:1040200004F5AE7304F18C028DE80D0000210AAB9B
:104030005A462046FFF73DF80028E9D104F5B07252
:1040400004F1A403CDF800A0CDE9013201210CABAD
:104050005A462046FFF72DF80028D9D1607880070E
:1040600022D4B078B978C0F38000C1F3800108434E
:104070001AD0307814AA397832F810204B00DA4080
:1040800002F00309B9F1030F01D14FF00209BBF1AE
:10409000000F09D0012801D0042805D1012901D041
:1040A000042901D14FF00409A87F40F08000A877CF
:1040B000E97F6BF30001E9776078800706D503207C
:1040C000A071BBF1000F11D100202CE00220B9F14A
:1040D000020F1AD0B9F1010F19D0B9F1040F2AD08B
:1040E0000020A071A87F20F08000A8772521284615
:1040F000FDF793F90DA904F1E0000DF0BFFC10B13C
:10410000022800D0FFDF002094E6A071DCE7A07158
:104110000D22002104F1200009F035F9207840F04B
:104120000200207001208DF84C0013AA2946179830
:1041300000F020FADAE70120A071D7E72DE9F0437B
:1041400087B09046894604460025FDF7F7FA070038
:1041500004D03878272804D00820FEE543F2020076
:10416000FBE5012120460BF0A9FF040000D1FFDF91
:10417000A6795FEA090005D0012821D0B9F1020F24
:1041800026D110E0B8F1000F22D1012E05D0022E69
:1041900005D0032E05D0FFDF2EE00C252CE00125F5
:1041A0002AE0022528E04046FDF745F8B0B9032E85
:1041B0000ED11022414604F11D0009F0BAF81BE0AF
:1041C000012E02D0022E03D104E0B8F1000F13D06B
:1041D0000720C2E54046FDF72EF808B11020BCE5E7
:1041E0001022002104F11D0009F0CDF806214046FF
:1041F00009F00EF9C4F81D002078252140F00200D6
:1042000020703846FDF709F92078C10713D020F057
:104210000100207002208DF8000004F11D000290C2
:104220008DF804506946C3300DF028FC022803D0F5
:1042300010B1FFDF00E0257700208EE530B587B0B4
:104240000D460446FDF77AFA60B1012120460BF0D5
:1042500035FF04000CD02846FCF7EDFF28B11020F4
:1042600007B030BD43F20200FAE72078400701D4DE
:104270000820F5E7294604F13D002022054609F013
:1042800058F8207840F01000207001070FD520F07A
:104290000800207007208DF80000694604F1E00056
:1042A00001950DF0EBFB022801D000B1FFDF0020EB
:1042B000D6E770B50D460646FDF740FA18B100780E
:1042C000272817D102E043F2020070BD01213046D9
:1042D0000BF0F4FE040000D1FFDFA079022809D121
:1042E0006078C00706D02A4621463046FEF772FFA6
:1042F00010B10FE0082070BDB4F860000E280BD29A
:1043000004F1620102231022081F0BF070FD01214D
:1043100001704570002070BD112070BD70B506465B
:1043200014460D460846FCF786FF18B92046FCF7F0
:10433000A8FF08B1102070BDA6F57F40FF380ED051
:104340003046FDF7FBF938B1417822464B08811C15
:104350001846FDF7CEF907E043F2020070BD204693
:10436000FDF753FF0028F9D11021E01D0FF0EFF900
:10437000E21D294604F1170000F033F9002070BD5A
:104380002DE9F04104468AB015460E46002708463E
:10439000FCF79EFF18B92846FCF79AFF18B11020C9
:1043A0000AB0BDE8F0812046FDF7C8F95FEA0008D1
:1043B00004D098F80000272810D102E043F2020050
:1043C000EEE7012120460BF079FE040000D1FFDF6B
:1043D0002078400702D56078800701D40820DFE705
:1043E000D4E91D01497801B18DB1407800B176B1B1
:1043F000ADB1EA1D06A8E16800F0F3F8102206A9A5
:1044000005F1170008F068FF18B1042707E007203E
:10441000C6E71022E91D04F12D0008F08AFF2EB135
:104420001022F11D04F11D0008F083FF20782521E2
:1044300040F0020020704046FCF7EFFF2078C107F3
:1044400015D020F00100207002208DF8000004F14A
:104450001D000290103003908DF804706946B3304F
:104460000DF00CFB022803D010B1FFDF00E027772E
:10447000002095E770B50D4606460BB1072070BDCC
:10448000FDF75CF9040007D02078222802D3A07F32
:10449000800604D4082070BD43F2020070BDADB1A7
:1044A000294630460AF045FD03F02EFC297C4A08D7
:1044B000A17F62F3C711A177297CE27F61F300023B
:1044C000E277297C890884F8201004E030460AF05D
:1044D00053FD03F019FCA17F21F02001A17770BDED
:1044E00070B50D46FDF72AF9040005D02846FCF703
:1044F000C8FE20B1102070BD43F2020070BD2946F5
:104500002046FEF738FE002070BD04E010F8012BB5
:104510000AB100207047491E89B2F7D201207047C6
:1045200010B5C4780B7864F300030B70C47864088A
:1045300064F341030B70C478A40864F382030B7026
:10454000C478E40864F3C3030B700379117863F350
:104550000001117003795B0863F341011170037965
:104560009B0863F3820111700079C00860F3C301F6
:10457000117010BD70B51546064603F0A7FD040086
:1045800000D1FFDF207820F00F00801C20F0F00029
:104590002030207066802868A060BDE8704003F07D
:1045A00099BD10B5134C94F83000002808D104F1DF
:1045B0002001A1F110000DF0A3FA012084F83000D1
:1045C00010BD10B190F8B9202AB10A4890F8350012
:1045D00018B1002003E0B83001E00648343008602C
:1045E000704708B50023009313460A460BF065FF99
:1045F00008BD0000D4010020F0B5007B059F1E46D9
:1046000014460D46012800D0FFDF0C2030803A20F0
:104610003880002C08D0287A032806D0287B01286F
:1046200000D0FFDF17206081F0BDA889FBE72DE9EE
:10463000F04786B0144691F80C900E9A0D46B9F1E9
:10464000010F0BD01021007B2E8A8846052807D049
:10465000062833D0FFDF06B0BDE8F0870221F2E77D
:10466000E8890C2100EB400001EB4000188033206A
:104670001080002CEFD0E889608100271AE00096B6
:10468000688808F1020301AA696900F086FF06EB59
:104690000800801C07EB470186B204EB4102BDF81D
:1046A000040090810DF1060140460E320DF09EFA95
:1046B0007F1CBFB26089B842E1D8CCE734201080BB
:1046C000E889B9F1010F11D0122148430E3018804A
:1046D000002CC0D0E88960814846B9F1010F00D0B4
:1046E0000220207300270DF1040A1FE00621ECE7E9
:1046F0000096688808F1020301AA696900F04DFF7D
:1047000006EB0800801C86B2B9F1010F12D007EB4E
:10471000C70004EB4000BDF80410C18110220AF16B
:104720000201103008F005FE7F1CBFB26089B8425C
:10473000DED890E707EB470104EB4102BDF8040027
:10474000D0810AF10201404610320DF04FFAEBE73A
:104750002DE9F0470E4688B090F80CC096F80C8012
:10476000378AF5890C20109902F10C044FF0000AE9
:10477000BCF1030F08D0BCF1040F3FD0BCF1070F10
:104780007ED0FFDF08B067E705EB850C00EB4C003F
:10479000188031200880002AF4D0A8F1060000F02B
:1047A000FF09558126E01622002101A808F0EBFD43
:1047B00000977088434601AA716900F0EEFEBDF8CB
:1047C00004002080BDF80600E080BDF808002081CC
:1047D000A21C0DF10A0148460DF008FAB9F1000FCC
:1047E00000D018B184F804A0A4F802A007EB0800D8
:1047F00087B20A346D1EADB2D5D2C3E705EB850C86
:1048000000EB4C00188032200880002ABAD0A8F1B2
:10481000050000F0FF09558137E000977088434696
:1048200001AA716900F0B9FE9DF80600BDF80410F8
:10483000E1802179420860F3000162F341018208BE
:1048400062F38201C20862F3C301020962F3041138
:10485000420962F34511820962F386112171C00990
:104860006071BDF80700208122460DF1090148461C
:104870000DF0BCF918B184F802A0A4F800A000E083
:1048800007E007EB080087B20A346D1EADB2C4D250
:1048900078E7A8F1020084B205FB08F000F10E0CE5
:1048A000A3F800C035230B80002AA6D0558194813F
:1048B000009783B270880E32716900F06EFE61E776
:1048C0002DE9F84F1E460A9D0C4681462AB1607AB2
:1048D00000F58070D080E089108199F80C000C27D9
:1048E0004FF000084FF00E0A0D2872D2DFE800F0FA
:1048F0009D070E1B272F374554697272720021469F
:1049000048460095FFF778FEBDE8F88F207B91467A
:10491000082802D0032800D0FFDF3780302009E0CC
:10492000A9F80A80F0E7207B9146042800D0FFDF39
:10493000378031202880B9F1000FF1D1E4E7207BE6
:104940009146042800D0FFDF37803220F2E7207B39
:104950009146022800D0FFDF37803320EAE7207B32
:104960001746022800D0FFDF3420A6F800A02880D8
:10497000002FC9D0A7F80A80C6E7207B1746042875
:1049800000D0FFDF3520A6F800A02880002FBBD084
:104990004046A7F80A8012E0207B1746052802D07F
:1049A000062800D0FFDF1020308036202880002F1E
:1049B000AAD0E0897881A7F80E80B9F80E00B881F6
:1049C000A2E7207B9146072800D0FFDF3780372001
:1049D000B0E72AE04FF0120018804FF038001700BF
:1049E000288091D0E0897881A7F80E80A7F8108000
:1049F00099F80C000A2805D00B2809D00C280DD0F6
:104A0000FFDF81E7207B0A2800D0FFDF01200AE0DA
:104A1000207B0B2800D0FFDF042004E0207B0C2843
:104A200000D0FFDF052038736EE7FFDF6CE770B55D
:104A30000C460546FCF782FE20B10078222804D2FD
:104A4000082070BD43F2020070BD052128460BF01E
:104A500035FB206008B1002070BD032070BD30B46C
:104A60004880087820F00F00C01C20F0F000903043
:104A700001F8080B1DCA81E81D0030BC03F02ABBF9
:104A80002DE9FF4784B00027824602970798904699
:104A90008946123006F043FB401D20F003060798BC
:104AA00028B907A95046FFF7C2FF002854D1B9F131
:104AB000000F05D00798017B19BB052504681BE092
:104AC00098F80000092803D00D2812D0FFDF46E037
:104AD000079903254868B0B3497B428871439142E6
:104AE00039D98AB2B3B2011D0BF06DF904460780C3
:104AF00002E0079C042508340CB1208810B1032D76
:104B000029D02CE007980121123006F03AFBADF8CD
:104B10000C00024602AB2946504604F0D8F80700C4
:104B200001D1A01C029007983A461230C8F8040040
:104B3000A8F802A003A94046029B06F02FFBD8B1BB
:104B40000A2817D200E006E0DFE800F00709141495
:104B5000100B0D141412132014E6002012E611207D
:104B600010E608200EE643F203000BE6072009E6F4
:104B70000D2007E6032005E6BDF80C002346CDE92D
:104B800000702A465046079900F017FD57B9032DCB
:104B900008D10798B3B2417B406871438AB2011DC6
:104BA0000BF025F9B9F1000FD7D0079981F80C90D7
:104BB000D3E72DE9FE4F91461A881C468A46804667
:104BC000FAB102AB494604F082F8050019D040461C
:104BD000A61C27880BF0B7FB3246072629463B4622
:104BE00000960AF0D6FF20882346CDE900504A46B9
:104BF0005146404600F0E1FC002020800120BDE845
:104C0000FE8F0020FBE710B586B01C46AAB1042336
:104C10008DF800301388ADF808305288ADF80A20BE
:104C20008A788DF80E200988ADF80C1000236A46AA
:104C30002146FFF725FF06B010BD1020FBE770B539
:104C40000D4605210BF03AFA040000D1FFDF29469A
:104C500004F11200BDE8704006F07CBA2DE9F8437B
:104C60000D468046002603F031FA044628781028C5
:104C700078D2DFE800F0773B3453313112313131F3
:104C80000831313131312879001FC0B2022801D0FA
:104C9000102810D114BBFFDF35E004B9FFDF052178
:104CA00040460BF00BFA007B032806D004280BD0FB
:104CB000072828D0FFDF072655E02879801FC0B2DB
:104CC000022820D050B1F6E72879401FC0B2022850
:104CD00019D0102817D0EEE704B9FFDF13E004B9AC
:104CE000FFDF287901280ED1172137E00521404642
:104CF0000BF0E4F9070000D1FFDF07F11201404695
:104D000006F005FA2CB12A4621464046FFF7A7FED9
:104D100029E013214046FDF743FD24E004B9FFDFFD
:104D2000052140460BF0CAF9060000D1FFDF6946B5
:104D300006F1120006F0F5F9060000D0FFDFA988A1
:104D4000172901D2172200E00A46BDF8000082426E
:104D500002D9014602E005E01729C5D3404600F01C
:104D60003CFCD0E7FFDF3046BDE8F883401D20F073
:104D7000030219B102FB01F0001D00E00020104405
:104D8000704713B5009848B1002468460AF0C5FF83
:104D9000002C02D1F74A009911601CBD01240020AB
:104DA000F4E72DE9F0470C46154624220021204661
:104DB00008F0E9FA05B9FFDFA87860732888DFF802
:104DC000B4A3401D20F00301AF788946DAF8000053
:104DD0000AF0C1FF060000D1FFDF4FF00008266097
:104DE000A6F8008077B109FB07F1091D0AD0DAF8AF
:104DF00000000AF0B0FF060000D1FFDF6660C6F8D1
:104E0000008001E0C4F80480298804F11200BDE8A4
:104E1000F04706F06DB92DE9F047804601F1120028
:104E20000D46814606F07BF9401DD24F20F003026B
:104E30006E7B1446296838680AF0B8FF3EB104FB5F
:104E400006F2121D03D0696838680AF0AFFF05202A
:104E50000BF0E0F8044605200BF0E4F8201A0128D6
:104E600002D138680AF06CFF49464046BDE8F04779
:104E700006F054B970B5054605210BF01FF9040082
:104E800000D1FFDF04F112012846BDE8704006F0B2
:104E90003EB92DE9F04F91B04FF0000BADF834B0B2
:104EA000ADF804B047880C460546924605213846C1
:104EB0000BF004F9060000D1FFDF24B1A780A4F8AD
:104EC00006B0A4F808B0297809220B20B2EB111F14
:104ED0007ED12A7A04F1100138274FF00C084FF0E8
:104EE00001090391102A74D2DFE802F073F3F2F1A2
:104EF0008008D3898EA03DDCF4EFB7B7307B022861
:104F000000D0FFDFA88908EBC001ADF80410302104
:104F1000ADF83410002C25D06081B5F80E90002734
:104F20001DE004EBC708317C88F80E10F189A8F861
:104F30000C10CDF800906888042304AA296900F0B9
:104F40002CFBBDF81010A8F8101009F10400BDF8F2
:104F500012107F1C1FFA80F9A8F81210BFB26089E6
:104F6000B842DED80EE1307B022800D0FFDFE989AD
:104F700008EBC100ADF804003020ADF83400287B08
:104F80000A90001FC0B20F90002CEBD06181B5F8E1
:104F90001090002726E000BFCDF80090688869696E
:104FA00003AA0A9B00F0F9FA0A9804EBC7084844E0
:104FB0001FFA80F908F10C0204A90F980CF016FEF4
:104FC00018B188F80EB0A8F80CB0BDF80C1001E0CC
:104FD000D4E0D1E0A8F81010BDF80E107F1CA8F89E
:104FE0001210BFB26089B842D6D8CBE00DA80090AD
:104FF00001AB224629463046FFF719FBC2E0307B61
:10500000082805D0FFDF03E0307B082800D0FFDF51
:10501000E8891030ADF804003620ADF83400002CDB
:105020003FD0A9896181F189A18127E0307B0928DE
:1050300000D0FFDFA88900F10C01ADF80410372182
:10504000ADF83410002C2CD06081E8890090AB8939
:10505000688804F10C02296956E0E889392110308A
:1050600080B2ADF80400ADF83410002C74D0A989DA
:105070006181287A0E280AD002212173E989E18111
:10508000288A0090EB8968886969039A3CE00121CD
:10509000F3E70DA8009001AB224629463046FFF702
:1050A00057FB6FE0307B0A2800D0FFDF1220ADF8FD
:1050B0000400ADF834704CB3A9896181A4F810B034
:1050C000A4F80EB084F80C905CE020E002E031E03F
:1050D00039E042E0307B0B2800D0FFDF288AADF8B2
:1050E00034701230ADF8040084B104212173A98911
:1050F0006181E989E181298A2182688A00902B8A6D
:10510000688804F11202696900F047FA3AE0307BDE
:105110000C2800D0FFDF1220ADF80400ADF8347089
:105120003CB305212173A4F80AB0A4F80EB0A4F88A
:1051300010B027E00DA8009001AB2246294630466A
:10514000FFF75AFA1EE00DA8009001AB224629464F
:105150003046FFF7B5FB15E034E03B21ADF8040025
:10516000ADF8341074B3A4F80690A4F808B084F82D
:105170000AB007E010000020FFDF03E0297A0129D0
:1051800017D0FFDFBDF80400AAF800006CB1BDF82D
:1051900034002080BDF804006080BDF83400392858
:1051A00003D03C2801D086F80CB011B00020BDE837
:1051B000F08F3C21ADF80400ADF8341014B1697AD9
:1051C000A172DFE7AAF80000EFE72DE9F84356885F
:1051D0000F4680461546052130460AF06FFF040051
:1051E00000D1FFDF123400943B46414630466A68E6
:1051F00006F008F9B8E570B50D4605210AF05EFF26
:10520000040000D1FFDF294604F11200BDE8704020
:1052100005F092BF70B50D4605210AF04FFF04005E
:1052200000D1FFDF294604F11200BDE8704005F00F
:10523000B0BF70B5054605210AF040FF040000D15B
:10524000FFDF04F1080321462846BDE87040042230
:10525000AFE470B5054605210AF030FF040000D127
:10526000FFDF214628462368BDE870400522A0E400
:1052700070B5064605210AF021FF040000D1FFDFCA
:1052800004F1120005F04BFF401D20F0030511E072
:10529000011D00880322431821463046FFF789FC90
:1052A00000280BD0607BABB2684382B26068011DFE
:1052B0000AF0D3FD606841880029E9D170BD70B55E
:1052C0000E46054602F002FF040000D1FFDF012078
:1052D000207266726580207820F00F00C01C20F0DC
:1052E000F00030302070BDE8704002F0F3BE2DE9D0
:1052F000F0438BB00D461446814606A9FFF797FB95
:10530000002814D14FF6FF7601274FF420588CB1B6
:1053100003208DF800001020ADF8100007A80590BC
:1053200007AA204604A90CF080FC78B107200BB036
:10533000BDE8F0830820ADF808508DF80E708DF8A8
:105340000000ADF80A60ADF80C800CE00698A1787A
:1053500001742188C1818DF80E70ADF80850ADF848
:105360000C80ADF80A606A4602214846069BFFF7AA
:1053700087FBDCE708B501228DF8022042F6020225
:10538000ADF800200A4603236946FFF73CFC08BD40
:1053900008B501228DF8022042F60302ADF8002084
:1053A0000A4604236946FFF72EFC08BD00B587B006
:1053B00079B102228DF800200A88ADF808204988CA
:1053C000ADF80A1000236A460521FFF759FB07B024
:1053D00000BD1020FBE709B1072314E40720704744
:1053E00070B588B00D461446064606A9FFF71FFBA8
:1053F00000280ED17CB10620ADF808508DF80000D1
:10540000ADF80A40069B6A460821DC813046FFF76A
:1054100037FB08B070BD05208DF80000ADF80850CE
:10542000F0E700B587B059B107238DF80030ADF82B
:105430000820039100236A460921FFF721FBC6E7F4
:105440001020C4E770B588B00C460646002506A9B2
:10545000FFF7EDFA0028DCD106980121123005F0A3
:1054600090FE9CB12178062921D2DFE801F02005C9
:1054700005160318801E80B2C01EE28880B20AB1F1
:10548000A3681BB1824203D90C20C2E71020C0E7F9
:10549000042904D0A08850B901E00620B9E7012909
:1054A00013D0022905D004291CD005292AD00720B1
:1054B000AFE709208DF800006088ADF80800E088AB
:1054C000ADF80A00A068039023E00A208DF80000E0
:1054D0006088ADF80800E088ADF80A00A0680A25E9
:1054E000039016E00B208DF800006088ADF80800EE
:1054F000A088ADF80A00E088ADF80C00A0680B2584
:10550000049006E00C208DF8000060788DF808000B
:105510000C256A4629463046069BFFF7B1FA78E724
:1055200000B587B00D228DF80020ADF808100023DB
:105530006A461946FFF7A4FA49E700B587B071B18A
:1055400002228DF800200A88ADF808204988ADF8BD
:105550000A1000236A460621FFF792FA37E7102067
:1055600035E770B586B0064601200D46ADF8081047
:105570008DF80000014600236A463046FFF780FAA6
:10558000040008D12946304601F006FB00213046D0
:1055900001F020FB204606B070BDF8B51C4615464C
:1055A0000E46069F0AF0BDFE2346FF1DBCB23146E3
:1055B0002A4600940AF0B9FAF8BD30B41146DDE984
:1055C00002423CB1032903D0002330BC04F013BCD9
:1055D0000123FAE71A8030BC704770B50C460546C7
:1055E000FFF72DFB2146284601F0E5FA2846BDE8E5
:1055F0007040012101F0EEBA18B18178012938D14B
:1056000001E010207047018842F60112881A914289
:1056100031D018DC42F60102A1EB020091422AD0FF
:105620000CDC41B3B1F5C05F25D06FF4C050081851
:1056300021D0A0F57060FF381BD11CE001281AD0E2
:1056400002280AD117E0B0F5807F14D008DC0128C9
:1056500011D002280FD003280DD0FF2809D10AE06D
:10566000B0F5817F07D0A0F58070033803D0012802
:1056700001D0002070470F2070470A281FD008DC97
:105680000A2818D2DFE800F0191B1F1F171F231D5F
:105690001F21102815D008DC0B2812D00C2810D0A0
:1056A0000D2816D00F2806D10DE011280BD0842824
:1056B0000BD087280FD003207047002070470520AB
:1056C0007047072070470F2070470420704706205E
:1056D00070470C20704743F20200704738B50C4603
:1056E000050041D06946FEF7D7FA002819D19DF888
:1056F0000010607861F3020060706946681CFEF774
:10570000CBFA00280DD19DF80010607861F3C50038
:105710006070A978C1F34101012903D0022905D0A5
:10572000072038BD217821F0200102E0217841F0E6
:1057300020012170410704D0A978C90861F38610BF
:105740006070607810F0380F07D0A978090961F30C
:10575000C710607010F0380F02D16078400603D592
:10576000207840F040002070002038BD70B504461D
:105770000020088015466068FFF7B0FF002816D1AA
:105780002089A189884211D860688078C0070AD032
:10579000B1F5007F0AD840F20120B1FBF0F200FB26
:1057A0001210288007E0B1F5FF7F01D90C2070BDF1
:1057B00001F201212980002070BD10B50478137812
:1057C00064F3000313700478640864F341031370F6
:1057D0000478A40864F3820313700478E40864F383
:1057E000C30313700478240964F30413137004785A
:1057F000640964F3451313700078800960F386131D
:10580000137031B10878C10701D1800701D501209B
:1058100000E0002060F3C713137010BD42785307F7
:1058200002D002F0070306E012F0380F02D0C2F3F4
:10583000C20300E001234A7863F302024A70407811
:1058400010F0380F02D0C0F3C20005E0430702D0C9
:1058500000F0070000E0012060F3C5024A707047C5
:105860002DE9F04F95B00D00824613D01222002191
:10587000284607F088FD4FF6FF7B05AA0121584610
:1058800007F049FB0024264637464FF420586FF4B2
:10589000205972E0102015B0BDE8F08F9DF81E0071
:1058A00001280AD1BDF81C1041450BD011EB0900AD
:1058B0000AD001280CD002280CD0042C0ED0052CC4
:1058C0000FD10DE0012400E00224BDF81A6008E0C9
:1058D000032406E00424BDF81A7002E0052400E069
:1058E0000624BDF81A10514547D12C74BEB34FF0B1
:1058F000000810AA4FF0070ACDE90282CDE900A8FE
:105900000DF13C091023CDF810904246314658461F
:1059100007F0D1FB08BBBDF83C002A46C0B210A975
:105920000CF064F9C8B9AE81CFB1CDE900A80DF192
:10593000080C0AAE40468CE8410213230022394687
:10594000584607F0B8FB40B9BDF83C00F11CC01E3A
:10595000C0B22A1D0CF04AF910B103209BE70AE0FF
:10596000BDF82900E881062C05D19DF81E00A8721B
:10597000BDF81C00288100208DE705A807F0D7FAA4
:1059800000288BD0FFF779FE85E72DE9F0471C460C
:10599000DDE90978DDF8209015460E00824600D139
:1059A000FFDF0CB1208818B1D5B11120BDE8F08718
:1059B000022D01D0012100E0002106F1140006F0C3
:1059C00073F9A8F8000002463B462946504603F00A
:1059D0007EF9C9F8000008B9A41C3C600020E5E786
:1059E0001320E3E7F0B41446DDE904528DB100233F
:1059F00014B1022C09D101E0012306E00D7CEE0771
:105A000003D025F0010501230D742146F0BC04F0FC
:105A1000F2B91A80F0BC70472DE9FE4F91461A8802
:105A20001C468A468046FAB102AB494603F04FF95C
:105A3000050019D04046A61C27880AF084FC32468F
:105A4000072629463B4600960AF0A3F820882346FD
:105A5000CDE900504A4651464046FFF7C3FF0020BB
:105A600020800120BDE8FE8F0020FBE72DE9F047F4
:105A700086B082460EA8904690E8B000894604AAF7
:105A800005A903A88DE807001E462A462146504670
:105A9000FFF77BFF039901B101213970002818D16C
:105AA000FA4904F1140204AB0860039805998DE8E3
:105AB000070042464946504606F0A9FCA8B109280D
:105AC00011D2DFE800F005080510100A0C0C0E00DA
:105AD000002006B06AE71120FBE70720F9E708205D
:105AE000F7E70D20F5E70320F3E7BDF81010039862
:105AF000CDE9000133462A4621465046FFF772FFA2
:105B0000E6E72DE9F04389B01646DDE910870D463A
:105B100081461C461422002103A807F034FC012012
:105B200002218DF810108DF80C008DF81170ADF871
:105B3000146064B1A278D20709D08DF81600E0880D
:105B4000ADF81A00A088ADF81800A068079008A862
:105B50000095CDE90110424603A948466B68FFF75E
:105B600085FF09B0BDE8F083F0B58BB00024064690
:105B7000069407940727089405A8099401940097B0
:105B80000294CDE903400D4610232246304607F02B
:105B900092FA78B90AA806A9019400970294CDE96F
:105BA0000310BDF8143000222946304607F021F8D2
:105BB000002801D0FFF761FD0BB0F0BD06F0B2BECA
:105BC0002DE9FC410C468046002602F07FFA05468E
:105BD00020780D287ED2DFE800F0BC0713B325BD86
:105BE00049496383AF959B00A848006820B141787C
:105BF00041F010014170ADE0404602F099FAA9E091
:105C0000042140460AF05AFA070000D1FFDF07F1ED
:105C10001401404605F0DDFFA5BB13214046FCF70B
:105C2000BFFD97E0042140460AF048FA070000D182
:105C3000FFDFE088ADF800000020B8819DF800008B
:105C4000010704D5C00602D5A088B88105E09DF8FB
:105C5000010040067ED5A088F88105B9FFDF224605
:105C60002946404601F0C0FC022673E0E188ADF809
:105C700000109DF8011009060FD5072803D006284B
:105C80000AD00AE024E0042140460AF017FA060090
:105C900000D1FFDFA088F0810226CDB9FFDF17E039
:105CA000042140460AF00AFA070000D1FFDF07F19D
:105CB000140006F06EFE90F0010F02D1E0790006AC
:105CC00048D5387C022640F00200387405B9FFDF61
:105CD000224600E03DE02946404601F085FC39E0DF
:105CE000042140460AF0EAF9017C002D01F0020689
:105CF000C1F340016171017C21F002010174E7D11F
:105D0000FFDFE5E702260121404602F043FA21E0E9
:105D1000042140460AF0D2F90546606800902089C7
:105D2000ADF8040001226946404602F054FA287C8E
:105D300020F0020028740DE0002DC9D1FFDFC7E775
:105D4000022600214046FFF765FA002DC0D1FFDF93
:105D5000BEE7FFDF3046BDE8FC813EB50C0009D050
:105D600001466B4601AA002007F02AFA20B1FFF78E
:105D700084FC3EBD10203EBD00202080A0709DF818
:105D8000050002A900F00700FDF7A2FF50B99DF839
:105D9000080020709DF8050002A9C0F3C200FDF7BD
:105DA00097FF08B103203EBD9DF8080060709DF884
:105DB0000500C109A07861F30410A0709DF80510DA
:105DC000890961F3C300A0709DF80410890601D50C
:105DD000022100E0012161F342009DF8001061F30F
:105DE0000000A07000203EBD70B5144606460D466A
:105DF00051EA040005D075B10846FBF760FA78B99E
:105E000001E0072070BD2946304607F040FA10B186
:105E1000BDE8704031E454B12046FBF750FA08B1B8
:105E2000102070BD21463046BDE8704095E7002047
:105E300070BD2DE9FC5F0C469046054600270178B1
:105E40000822007A3E46B2EB111F7DD104F10A010F
:105E500000910A31821E4FF0020A04F1080B0191F1
:105E6000092A72D2DFE802F0EDE005F528287BAAC6
:105E7000CE00688804210AF021F9060000D1FFDF76
:105E8000B08928B152270726C3E00000380200205D
:105E900051271026002C7DD06888A0800120A07199
:105EA000A88900220099FFF79FFF002873D1A889D5
:105EB0002081288AE081D1E0B5F81290072824D10A
:105EC000E87B000621D5512709F1140086B2002C89
:105ED000E1D0A88900220099FFF786FF00285AD157
:105EE0006888A08084F806A0A88920810120A0737A
:105EF000288A2082A4F81290A88A009068884B46CD
:105F0000A969019A01F04CFBA8E0502709F11200A1
:105F100086B2002C3ED0A88900225946FFF764FFC4
:105F2000002838D16888A080A889E080287A0728CE
:105F300013D002202073288AE081E87BC0096073B7
:105F4000A4F81090A88A01E085E082E000906888BB
:105F50004B4604F11202A969D4E70120EAE7B5F83B
:105F60001290512709F1140086B2002C66D068887F
:105F700004210AF0A3F883466888A080A88900223B
:105F80000099FFF731FF00286ED184F806A0A88998
:105F9000208101E052E067E00420A073288A20827B
:105FA000A4F81290A88A009068884B46A969019AC3
:105FB00001F0F6FAA989ABF80E104FE06888FBF7FC
:105FC000BDFB0746688804210AF078F8064607B941
:105FD000FFDF06B9FFDF687BC00702D05127142618
:105FE00001E0502712264CB36888A080502F06D0BD
:105FF00084F806A0287B594601F0E2FA2EE0287BBF
:10600000A11DF9E7FE49A8894989814205D1542794
:1060100006269CB16888A08020E053270BE06888A2
:10602000A080A889E08019E0688804210AF046F879
:1060300000B9FFDF55270826002CF0D1A8F8006032
:1060400011E056270726002CF8D06888A080002091
:1060500013E0FFDF02E0012808D0FFDFA8F80060AE
:106060000CB1278066800020BDE8FC9F57270726DB
:10607000002CE3D06888A080687AA071EEE7401D0C
:1060800020F0030009B14143091D01EB40007047B6
:1060900013B5DB4A00201071009848B1002468460F
:1060A00009F03BFE002C02D1D64A009911601CBDBC
:1060B00001240020F4E770B50D461446064686B06C
:1060C0005C220021284607F05EF904B9FFDFA078C2
:1060D0006874A2782188284601F09DFA0020A881E2
:1060E000E881228805F11401304605F056FD6A4624
:1060F0000121304606F00FFF1AE000BF9DF80300B3
:10610000000715D5BDF806103046FFF72DFD9DF8A8
:106110000300BDF8061040F010008DF80300BDF834
:106120000300ADF81400FF233046059A07F077F816
:10613000684606F0FCFE0028E0D006B070BD10B541
:106140000C4601F1140005F060FD0146627C20461A
:10615000BDE8104001F094BA30B50446A84891B0AB
:106160004FF6FF75C18905AA284606F0D4FE30E037
:106170009DF81E00A0422AD001282AD1BDF81C009B
:10618000B0F5205F03D042F60101884221D1002002
:1061900002AB0AAA0CA9019083E80700072000902F
:1061A000BDF81A1010230022284606F084FF38B9E3
:1061B000BDF828000BAAC0B20CA90BF017FD10B156
:1061C000032011B030BD9DF82E00A04201D1002067
:1061D000F7E705A806F0ABFE0028C9D00520F0E7D8
:1061E00070B50546042109F069FF040000D1FFDF06
:1061F00004F114010C46284605F0EBFC2146284624
:10620000BDE8704005F0ECBC70B58AB00C4606469F
:10621000FBF794FA050014D02878222827D30CB174
:10622000A08890B101208DF80C0003208DF810009B
:1062300000208DF8110054B1A088ADF81800206836
:1062400007E043F202000AB070BD0920FBE7ADF899
:10625000180005900421304609F030FF040000D1F9
:10626000FFDF04F1140005F0E6FC000701D408206C
:10627000E9E701F02BFF60B108A802210094CDE905
:10628000011095F8232003A930466368FFF7EEFB61
:10629000D9E71120D7E72DE9F04FB2F802A08346E5
:1062A00089B0154689465046FBF748FA074604214F
:1062B000504609F003FF0026044605964FF00208F9
:1062C0000696ADF81C6007B9FFDF04B9FFDF414651
:1062D000504603F0DAFE50B907AA06A905A88DE8D2
:1062E00007004246214650466368FFF74EFB44488C
:1062F00007AB0660DDE9051204F11400CDF800904B
:10630000CDE90320CDE9013197F8232059465046C5
:106310006B6805F0D9FC06000AD0022E04D0032ECB
:1063200014D0042E00D0FFDF09B03046BDE8F08F56
:10633000BDF81C000028F7D00599CDE900104246B1
:10634000214650466368FFF74DFBEDE7687840F063
:1063500008006870E8E72DE9F04F99B004464FF067
:1063600000082748ADF81C80ADF82080ADF82480E7
:10637000A0F80880ADF81480ADF81880ADF82C8036
:10638000ADF82880007916460D464746012808D00A
:10639000022806D0032804D0042802D0082019B00F
:1063A000C4E72046FAF747FF70BB2846FAF743FFD9
:1063B00050BB6068FAF78CFF30BB606848B16089F9
:1063C0002189884202D8B1F5007F01D90C20E6E787
:1063D00080460EAA06A92846FFF7C8F90028DED194
:1063E00068688078C0F34100022808D19DF8190040
:1063F00010F0380F03D02869FAF761FF20B904E0E4
:10640000380200201400002022E005A92069FFF7CF
:1064100065F90028C3D1206948B1607880079DF8EC
:10642000150000F0380001D5F0B300E0E0BB9DF8A6
:10643000140080060ED59DF8150010F0380F03D01B
:106440006068FAF73CFF18B96068FAF741FF08B1D5
:106450001020A4E70AA96069FFF740F900289ED13F
:10646000606940B19DF8290000F0070101293CD185
:1064700010F0380F39D00BA9A069FFF72FF90028C9
:106480008DD19DF8280080062FD49DF82C00800621
:106490002BD4A06950B19DF82D0000F0070101290F
:1064A00023D110F0380F00E01FE01ED0E06818B1D3
:1064B0000078D0B11C2818D20FAA611C2046FFF723
:1064C0007CF90121384661F30F2082468DF8521085
:1064D000B94642F603000F46ADF850000DF13F02F9
:1064E00018A928680BF0A1FB08B1072057E79DF811
:1064F000600015A9CDF80090C01CCDE9019100F015
:10650000FF0B00230BF20122514614A806F02EFCCB
:10651000F0BBBDF854000C90FE482A89296900920E
:10652000CDE901106B89BDF838202868069906F07E
:106530001DFC01007ED120784FF0020AC10601D473
:1065400080062BD5CDF80C90606950B90AA906A831
:10655000FFF764F99DF8290020F00700401C8DF832
:1065600029009DF8280008A940F0C8008DF82800EF
:106570008DF8527042F60210ADF8500003AACDF823
:1065800000A0CDE90121002340F2032214A800E07D
:106590001EE00A9906F0EAFB01004BD1DD484D46AA
:1065A00008385B460089ADF83D000FA8CDE90290A0
:1065B000CDF80490CDF810904FF007090022CDF8E7
:1065C0000090BDF854104FF6FF7006F012FB10B1AA
:1065D000FFF753F8E3E69DF83C00000624D5294672
:1065E000012060F30F218DF852704FF42450039571
:1065F000ADF8500062789DF80C00002362F30000B3
:106600008DF80C006278CDF800A0520862F34100CA
:106610008DF80C0003AACDE9012540F2032214A84D
:1066200006F0A4FB010005D1606888B32069A8B911
:1066300005A900E084E006A8FFF7F0F8607880077D
:1066400006D49DF8150020F038008DF8150005E0FF
:106650009DF8140040F040008DF814008DF8527041
:1066600042F60110ADF85000208940F20121B0FB44
:10667000F1F201FB1202606809ABCDF80080CDE9B0
:106680000103002314A8059906F070FB010057D1FF
:106690002078C00728D00395A06950B90BA906A897
:1066A000FFF7BCF89DF82D0020F00700401C8DF886
:1066B0002D009DF82C008DF8527040F040008DF8B0
:1066C0002C0042F60310ADF8500007A903AACDF83C
:1066D00000A0CDE90121002340F2032214A80B9968
:1066E00006F044FB01002BD1E06868B32946012085
:1066F00060F30F218DF8527042F60410ADF850008F
:10670000E068002302788DF8582040788DF8590011
:10671000E06816AA4088ADF85A00E06800798DF864
:106720005C00E068C088ADF85D00CDF80090CDE970
:1067300001254FF4027214A806F018FB010003D0E3
:106740000C9800F0C9FF2AE672480321083801714D
:1067500056B100893080BDF824007080BDF820005B
:10676000B080BDF81C00F080002018E670B501254F
:106770008AB016460B46012802D0022816D104E042
:106780008DF80E504FF4205003E08DF80E5042F675
:106790000100ADF80C005BB10024601C60F30F2415
:1067A00004AA08A918460BF040FA18B107204AE5D8
:1067B000102048E504A99DF820205648CDE9002185
:1067C000801E02900023214603A802F2012206F057
:1067D000CDFA10B1FEF751FF35E54E4808380EB13D
:1067E000C1883180057100202DE5F0B593B00746D2
:1067F00001268DF83E6041F60100ADF83C0012AA7A
:106800000FA93046FFF7B2FF002849D1414C0025BF
:10681000083CEFB31C22002102A806F0B4FD9DF84D
:1068200008008DF83E6040F020008DF8080042F628
:106830000520ADF83C000E959DF83A00119520F02A
:106840000600801C8DF83A009DF838006A4620F05A
:10685000FF008DF838009DF8390009A920F0FF00ED
:106860008DF839000420ADF82C00ADF830000EA8EA
:106870000A9011A80D900FA80990ADF82E5002A80B
:10688000FFF769FD00280BD1BDF80000608100E032
:1068900008E0BDF80400A081401CE08125710020C3
:1068A00013B0F0BD6581A581BDF84800F4E72DE97E
:1068B000F74F1849A0B00024083917940A79A14667
:1068C000012A04D0022A02D0082023B02EE5CA886B
:1068D000824201D00620F8E721988A46824201D1FF
:1068E0000720F2E70120214660F30F21ADF84800B0
:1068F0004FF6FF780691ADF84A808DF86E0042F6AB
:10690000020B8DF872401CA9ADF86CB0ADF8704068
:10691000139101E040020020ADF8508012A806F06B
:1069200035FB00252E462F460DAB072212A9404607
:1069300006F02FFB78B10A285DD195B38EB3ADF880
:106940006450ADF866609DF85E008DF8144019AC97
:10695000012864D06BE09DF83A001FB3012859D19B
:10696000BDF8381059451FD118A809A901940294FF
:10697000CDE9031007200090BDF836101023002247
:10698000404606F098FBB0BBBDF86000042801D07B
:1069900006284AD1BDF82410219881423AD10F200F
:1069A00093E73AE0012835D1BDF83800B0F5205F13
:1069B00003D042F6010188422CD1BAF80600BDF896
:1069C0003610884201D1012700E0002705B19EB1B1
:1069D000219881421ED118A809AA01940294CDE9F8
:1069E0000320072000900D4610230022404606F0A9
:1069F00062FB00B902E02DE04E460BE0BDF86000FE
:106A0000022801D0102810D1C0B217AA09A90BF092
:106A1000EDF850B9BDF8369086E7052055E705A991
:106A200017A8221D0BF001F908B103204DE79DF8CE
:106A300014000023001DC2B28DF814202298009289
:106A4000CDE901401BA8069906F090F910B9022281
:106A50008AF80420FEF711FE37E710B50B46401EFA
:106A600088B084B205AA00211846FEF7A6FE0020D1
:106A70000DF1080C06AA05A901908CE80700072073
:106A800000900123002221464FF6FF7006F0B1F876
:106A90000446BDF81800012800D0FFDF2046FEF7AD
:106AA000ECFD08B010BDF0B5F74F044687B038795B
:106AB0000E46032804D0042802D0082007B0F0BDF9
:106AC00004AA03A92046FEF751FE0500F6D160682E
:106AD0008078C0F3410002280AD19DF80D0010F023
:106AE000380F05D02069FAF7EAFB08B11020E5E776
:106AF000208905AA21698DE807006389BDF8102067
:106B00002068039906F032F910B1FEF7B6FDD5E71B
:106B100016B1BDF814003080042038712846CDE746
:106B2000F8B50C0006460CD001464FF6FF75002361
:106B30006A46284606F044FB28B100BFFEF79DFDDB
:106B4000F8BD1020F8BD69462046FEF7C7FD0028B5
:106B5000F8D1A078314600F001032846009A06F0EB
:106B60005EFBEBE730B587B0144600220DF1080C50
:106B700005AD01928CE82C00072200920A460146DE
:106B800023884FF6FF7006F034F8BDF8141021800A
:106B9000FEF773FD07B030BD70B50D46042109F056
:106BA0008DFA040000D1FFDF294604F11400BDE88E
:106BB000704005F039B870B50D46042109F07EFA31
:106BC000040000D1FFDF294604F11400BDE8704045
:106BD00005F04DB870B50D46042109F06FFA0400B8
:106BE00000D1FFDF294604F11400BDE8704005F034
:106BF00065B870B50546042109F060FA040000D1BB
:106C0000FFDF214628462368BDE870400122FEF7D9
:106C100003BF70B50646042109F050FA040000D104
:106C2000FFDF04F1140004F0F0FF401D20F0030525
:106C300011E0011D00880022431821463046FEF76E
:106C4000EBFE00280BD0607CABB2684382B2A06838
:106C5000011D09F002F9A06841880029E9D170BD41
:106C600070B50546042109F029FA040000D1FFDFC0
:106C7000214628466368BDE870400222FEF7CCBE7C
:106C800070B50E46054601F021FA040000D1FFDF81
:106C90000120207266726580207820F00F00001DB0
:106CA00020F0F00040302070BDE8704001F012BAD2
:106CB00010B50446012900D0FFDF2046BDE8104092
:106CC0000121FEF7A7BA2DE9F04F97B04FF0000A67
:106CD0000C008346ADF814A0D04619D0E06830B15E
:106CE000A068A8B10188ADF81410A0F800A058461B
:106CF000FAF724FD070043F2020961D03878222810
:106D00005CD30421584609F0D9F9050005D103E008
:106D1000102017B0BDE8F08FFFDF05F1140004F07C
:106D200074FF401D20F00306A078012803D002283C
:106D300001D00720EDE7218807AA584606F0EBF8B6
:106D400030BB07A806F0F3F810BB07A806F0EFF871
:106D500048B99DF82600012805D1BDF82400A0F50A
:106D60002451023902D04FF45050D2E7E068B0B15C
:106D7000CDE902A00720009005AACDF804A0049256
:106D8000A2882188BDF81430584605F032FF10B1B2
:106D9000FEF773FCBDE7A168BDF8140008809DF8FC
:106DA0001F00C00602D543F20140B2E70B9838B18C
:106DB000A1780078012905D080071AD40820A8E717
:106DC0004846A6E7C007F9D002208DF83C00A86825
:106DD0004FF00009A0B1697C4288714391420FD9FC
:106DE0008AB2B3B2011D08F0EEFF8046A0F800A001
:106DF00006E003208DF83C00D5F800804FF0010933
:106E00009DF8200010F0380F00D1FFDF9DF8200022
:106E10001E49C0F3C200084497F8231010F8010C73
:106E2000884201D90F2074E72088ADF8400014A9EA
:106E30000095CDE90191434607220FA95846FEF778
:106E400015FE002891D19DF8500050B9A078012876
:106E500007D1687CB3B2704382B2A868011D08F004
:106E6000C6FF002055E770B5064615460C46084695
:106E7000FEF7C2FB002805D12A4621463046BDE870
:106E8000704073E470BD12E538020020F2B00100DA
:106E900070B51E4614460D0009D044B1616831B189
:106EA00038B1FC49C988814203D0072070BD102049
:106EB00070BD2068FEF7A0FB0028F9D132462146BC
:106EC0002846BDE87040FFF746BA70B515460C007D
:106ED00006D038B1EF490989814203D0072070BD3F
:106EE000102070BD2068FEF787FB0028F9D12946E5
:106EF0002046BDE87040D6E570B5064686B00D4622
:106F000014461046FAF7BDF9D0BB6068FAF7E0F90D
:106F1000B0BBA6F57F40FF3803D03046FAF70EFC31
:106F200080B128466946FEF79BFC00280CD19DF8ED
:106F300010100F2008293DD2DFE801F008060606F0
:106F4000060A0A0843F2020006B070BD0320FBE700
:106F50009DF80210012908D1BDF80010B1F5C05FFD
:106F6000F2D06FF4C052D142EED09DF80610012944
:106F70000DD1BDF80410A1F52851062907D200E073
:106F800029E0DFE801F0030304030303DCE79DF8D5
:106F90000A1001290FD1BDF80810B1F5245FD3D034
:106FA000A1F60211B1F50051CED00129CCD00229B1
:106FB00001D1C9E7FFDF606878B9002305AA294637
:106FC000304606F0FDF810B1FEF757FBBCE79DF820
:106FD0001400800601D41020B6E7618822462846B6
:106FE0006368FFF7BFFDAFE72DE9F043814687B047
:106FF000884614461046FAF744F918B1102007B035
:10700000BDE8F083002306AA4146484606F0D8F8BA
:1070100018B100BFFEF731FBF1E79DF81800C0067C
:1070200002D543F20140EAE70025072705A80195AC
:1070300000970295CDE9035062884FF6FF734146F1
:10704000484606F038F8060013D16068FAF719F9D7
:1070500060B960680195CDE90250009704952388D6
:1070600062884146484606F026F80646BDF81400F8
:1070700020803046CEE739B1864B0A889B899A42F8
:1070800002D843F2030070471DE610B586B0814C6C
:107090000423ADF81430638943B1A4898C4201D232
:1070A000914205D943F2030006B010BD0620FBE76C
:1070B000ADF81010002100910191ADF800300221CF
:1070C0008DF8021005A9029104A90391ADF81220D0
:1070D0006946FFF7F8FDE7E72DE9FC4781460D46D5
:1070E0000846FAF7A8F888BB4846FAF727FB5FEA94
:1070F00000080AD098F80000222829D30421484625
:1071000008F0DCFF070005D103E043F20200BDE810
:10711000FC87FFDF07F1140004F08DFD0646287898
:10712000012803D0022804D00720F0E7B0070FD5CC
:1071300002E016F01C0F0BD0A8792C1DC00709D057
:10714000E08838B1A068FAF776F818B11020DEE7C9
:107150000820DCE721882A780720B1F5847F35D024
:107160001EDC40F20315A1F20313A94226D00EDC67
:10717000B1F5807FCBD003DCF9B1012926D1C6E778
:10718000A1F58073013BC2D0012B1FD113E0012B6D
:10719000BDD0022B1AD0032BB9D0042B16D112E08C
:1071A000A1F20912082A11D2DFE802F00B04041040
:1071B00010101004ABE7022AA9D007E0012AA6D0DC
:1071C00004E0320700E0F206002AA0DACDB200F0B7
:1071D0007DFF50B198F82300CDE90005FA892346D8
:1071E00039464846FEF78DFC91E711208FE72DE9DF
:1071F000F04F8BB01F4615460C4683460026FAF723
:107200009DFA28B10078222805D208200BB081E52C
:1072100043F20200FAE7B80801D00720F6E7032F8F
:1072200000D100274FF6FF79CCB1022D73D3204651
:10723000FAF74EF830B904EB0508A8F10100FAF7A7
:1072400047F808B11020E1E7AD1E38F8028CAAB269
:107250002146484606F007F940455CD1ADB20D49DC
:10726000B80702D58889401C00E001201FFA80F889
:10727000F80701D08F8900E04F4605AA41465846DD
:1072800005F049FE4FF0070A4FF00009DCB3204635
:107290000BE0000038020020408810283BD8361D43
:1072A000304486B2AE4236D2A01902884245F3D3AA
:1072B00051E000BF9DF8170002074CD594B304EBD2
:1072C0000608361DB8F80230B6B2102B23D89A192A
:1072D000AA4220D8B8F8002091421CD1C0061CD583
:1072E000CDE900A90DF1080C0AAAA11948468CE8BD
:1072F0000700B8F800100022584605F07AFC20B1CB
:10730000FEF7BBF982E726E005E0B8F80200BDF819
:107310002810884201D00B2078E7B8F802003044EA
:1073200086B207E0FFE7C00604D55846FEF71CFC0E
:10733000002888D19DF81700BDF81A1020F0100021
:107340008DF81700BDF81700ADF80000FF23584670
:10735000009A05F064FF05A805F0E9FD18B9BDF82D
:107360001A10B942A6D90421584608F0A7FE040015
:1073700000D1FFDFA2895AB1CDE900A94D46002313
:1073800021465846FEF7BDFB0028BBD1A5813DE74D
:1073900000203BE72DE9FF4F8BB01E4617000D463E
:1073A0004FF0000412D0B00802D007200FB0B1E4B3
:1073B000032E00D100265DB10846F9F780FF28B9F9
:1073C0003888691E0844F9F77AFF08B11020EDE704
:1073D000C74AB00701D5D18900E00121F0074FF677
:1073E000FF7802D0D089401E00E0404686B206AA4F
:1073F0000B9805F090FD4FF000094FF0070B0DF1D1
:10740000140A38E09DF81B00000734D5CDF804902D
:10741000CDF800B0CDF80890CDE9039A434600229C
:107420000B9805F048FE60BB05B3BDF814103A8810
:1074300021442819091D8A4230D3BDF81E2020F8A6
:10744000022BBDF8142020F8022BCDE900B9CDE9BC
:107450000290CDF810A0BDF81E10BDF81430002227
:107460000B9805F028FE08B103209FE7BDF8140033
:107470002044001D84B206A805F059FD20B10A2859
:1074800006D0FEF7FAF891E7BDF81E10B142B9D95F
:1074900034B17DB13888A11C884203D20C2085E725
:1074A000052083E722462946404605F0DCFF0146D9
:1074B00028190180A41C3C80002077E710B5044601
:1074C000F9F7DFFE08B1102010BD8948C08920807F
:1074D000002010BDF0B58BB00D46064614220021E9
:1074E00003A805F050FF01208DF80C008DF8100066
:1074F00000208DF81100ADF814503046FAF71EF94F
:1075000048B10078222812D30421304608F0D6FD75
:10751000040005D103E043F202000BB0F0BDFFDF31
:1075200004F11400074604F086FB800601D408200D
:10753000F3E7207C022140F00100207409A80094A8
:10754000CDE90110072203A930466368FEF78EFAE1
:1075500020B1217C21F001012174DEE7294630466B
:10756000FDF749FE08A9384604F054FB00B1FFDFDF
:10757000BDF82040172C01D2172000E02046A84279
:1075800001D92C4602E0172C00D2172421463046A0
:10759000FFF711FB21463046FDF751FB0020BCE709
:1075A000F8B51C4615460E46069F08F0BAFE23465F
:1075B000FF1DBCB231462A46009408F0B6FAF8BD69
:1075C00070B50C4605460E220021204605F0DBFE74
:1075D000002020802DB1012D01D0FFDF70BD0620DD
:1075E00000E00520A07170BD10B5488008781346F2
:1075F00020F00F00001D20F0F00080300C460870D5
:107600001422194604F1080005F093FE00F062FD13
:107610003748046010BD2DE9F047DFF8D890491DC8
:10762000064621F0030117460C46D9F8000008F081
:1076300092FB050000D1FFDF4FF000083560A5F890
:1076400000802146D9F8000008F085FB050000D134
:10765000FFDF7560A5F800807FB104FB07F1091D0D
:107660000BD0D9F8000008F076FB040000D1FFDF52
:10767000B460C4F80080BDE8F087C6F80880FAE777
:107680002DE9F0411746491D21F00302194D064628
:1076900001681446286808F089FB2246716828684A
:1076A00008F084FB3FB104FB07F2121D03D0B16860
:1076B000286808F07BFB042008F0ACFC044604209A
:1076C00008F0B0FC201A012804D12868BDE8F04178
:1076D00008F036BBBDE8F08110B50C4605F0EAFBBA
:1076E00000B1FFDF2046BDE81040FDF7C6BF000037
:1076F00038020020140000204FF0E0214FF4004039
:10770000C1F88001BFF34F8FBFF36F8F00F021B836
:1077100010B5044600F01DF8002C09D0124A12489A
:1077200012491432124B012C03D0022C07D0FFDF78
:1077300010BD0224046011604FF0407004E0032487
:10774000046011604FF40000186010BD00B5FFDF49
:1077500000BD054800210160016005494FF06070DF
:10776000091D08607047000000F500404802002035
:1077700004F501402DE9F05FDFF850A44FF0000858
:107780008B4606469AF80940474645469AF80190C6
:1077900008E0284601F00EF8817B407811FB007765
:1077A0006D1CEDB24D45F4D19AF8090020442044F7
:1077B00020440744FF2F01D94FF013083068C01C44
:1077C00020F0030232605BEA080021D1FF48FBB2DF
:1077D000062120300CF0C8F9002408E0062C0FD256
:1077E000DFE804F005030A0A0C05F94800E0F9484F
:1077F0000CF0DAF9054604E0F748F9E7F748F7E74F
:10780000FFDFA54200D0FFDF641CE4B2062CE5D305
:10781000306800EB071030604046BDE8F09F38B597
:107820000C468288817B19B14189914200D90A4670
:107830002280C188121D90B26A4607F081FCBDF813
:107840000000032800D30320C1B2208800F0D1FF3C
:1078500038BD38B50C468288817B19B101899142C7
:1078600000D90A462280C188121D90B26A4607F0EC
:1078700067FCBDF80000022800D30220C1B22088B6
:1078800000F0B7FF401CC0B238BD2DE9FF5F824653
:107890008B46D34814460BF10302D0E90110CDE921
:1078A000021022F0030201A84421019208F035FAE7
:1078B000C64E002C02D1CB49019A8A60019901443D
:1078C0000191B57E05F1010504D1E8B20AF026F96F
:1078D00000B1FFDF019800EB0510C01C20F0030190
:1078E000019144B9727A00200870B08B80B205F023
:1078F00040F900B1FFDF0198F16908440190214689
:1079000001A8FFF737FF80460198C01C20F0030054
:107910000190717A04B1002008F0F5FA0199084449
:107920000190214601A800F06FFFA84800273D46BE
:1079300090F801900CE0284600F03CFF0646817864
:107940008088FDF713FA71786D1C00FB0177EDB2AA
:107950004D45F0D10198C01C20F00300019004B106
:1079600000203946FDF70DFA0199002708440190DF
:1079700096483D4690F801900CE0284600F01AFF2A
:107980000646C1788088FEF77AFB71786D1C00FB93
:107990000177EDB24D45F0D10198C01C20F00300F5
:1079A000019004B100203946FEF772FB01994FF0B7
:1079B00000090844019085484D4647780EE0284666
:1079C00000F0F8FE0646807B30B106F1080002F0B8
:1079D0009DF8727800FB02996D1CEDB2BD42EED1AC
:1079E0000198C01C20F00300019004B100207D49E3
:1079F0004A78494602F08EF80199084401902146E0
:107A000001A800F0B3FE0198C01D20F0070001900E
:107A1000DAF80010814204D3A0EB0B01B1F5803FEE
:107A200004DB4FF00408CAF8000004E0CAF80000C4
:107A3000B8F1000F02D0404604B0EEE674BB6A49CC
:107A40000020019A0CF0FEF9FAF77EFB5F4C207ED5
:107A50000090607E012823D0002318B300225B48E9
:107A600000210C30FBF74AF800B1FFDFE07EFEF7A3
:107A7000BCFE00B1FFDF55484FF4F67200213830EC
:107A800005F081FC51480421383080F8E91180F874
:107A9000EA11062180F8EB11032101710020CBE7E8
:107AA0000123DAE702AADAE770B5484C0646383413
:107AB000207804EB4015E078083598B9A01990F8C3
:107AC000E80100280FD0A0780F2800D3FFDF202284
:107AD0000021284605F057FC687866F302006870BC
:107AE0000120E070284670BD2DE9F04105460C46A6
:107AF00000270078052190463E46B1EB101F00D0CC
:107B0000FFDF287A50B101280ED0FFDFA8F800600F
:107B10000CB1278066800020BDE8F081012709268E
:107B200074B16888A08008E00227142644B16888F0
:107B3000A0802869E060A88A2082287B2072E5E77F
:107B4000A8F80060E7E730B5204C01200021207044
:107B50006170207260726176217621730521A182A5
:107B60001F21E182607321A121610A21A176E076C3
:107B70001C4D4FF4B060E0616868C11C21F0030146
:107B8000814200D0FFDF6868606030BD30B5154CC1
:107B90001568636810339D4202D20420136030BD23
:107BA0000A4B5D785A6802EB051210705170032081
:107BB000D080172090800120D070907000209073AA
:107BC0005878401C58706068103013E0540300204F
:107BD000A11F0000359C0000A9B000000F19010092
:107BE000F8B0010018000020000000206E52463559
:107BF000780000006060002030BD70B50646F8488F
:107C00000024457807E0204600F0D4FD0178B14219
:107C100004D0641CE4B2AC42F5D1002070BDF7B5CD
:107C2000074608780C4610B3FFF7E7FF0546A7F1B3
:107C30002006202F06D0052E19D2DFE806F00F2BE4
:107C40002B151A0000F0C2FD0DB1697800E000218B
:107C5000401AA17880B20844FF2808D8A07830B133
:107C6000A088022824D202E06088172820D20720AA
:107C7000FEBD207AE0B161881729F8D3A1881729C1
:107C8000F5D3A1790029F2D0E1790029EFD040287D
:107C900004D9ECE7242F0BD1207A48B161884FF644
:107CA000FB70814202D8A188814201D90420FEBD27
:107CB00065B9207802AA0121FFF768FF0028F6D1F4
:107CC0002078FFF79AFF050000D1FFDF052E18D2BC
:107CD000DFE806F0030B0E081100A0786870A0889A
:107CE000E8800FE06088A8800CE0A078A87009E028
:107CF000A078E87006E054F8020FA8606068E860B9
:107D000000E0FFDF0020FEBD1A2835D00DDC13286F
:107D100032D2DFE800F01B31203131272723252D17
:107D2000313129313131312F0F00302802D003DCBD
:107D30001E2821D1072070473A3809281CD2DFE8D5
:107D400000F0151B0F1B1B1B1B1B0700002070479F
:107D500043F20400704743F202007047042070476A
:107D60000D2070470F207047082070471120704782
:107D700013207047062070470320704710B5007825
:107D800000F0010007F0D2F9BDE81040BCE710B5E3
:107D9000007800F0010007F0CEF9BDE81040B3E72D
:107DA0000EB5017801F001018DF80010417801F065
:107DB00001018DF801100178C1F340018DF8021026
:107DC0004178C1F340018DF80310017889088DF8DE
:107DD0000410417889088DF8051081788DF8061017
:107DE000C1788DF8071000798DF80800684606F014
:107DF0005DFEFFF789FF0EBD2DE9F84F784CDFF8E7
:107E0000E481383400261FE0012000F048FD012005
:107E1000FFF74AFE054644214746D8F8080007F018
:107E20009AFF686000B9FFDF686806F03BFDA8B103
:107E30002846F9F7F1FD284600F036FD20B9442226
:107E40006968B86807F0B2FF94F9E9010428DBDA41
:107E5000022008F0DFF807460025A6E04422696802
:107E6000D8F8080007F0A2FFF2E7B8F80210404681
:107E7000491C89B2A8F80210B94201D300214180FF
:107E80000221B8F8020008F019F9002865D0B8F806
:107E90000200694607F0C8F8FFF736FF00B1FFDFC0
:107EA0009DF8000078B1B8F8020008F04CFA5FEADB
:107EB000000900D1FFDF484607F0CBFC18B1B8F845
:107EC000020002F0D0F8B8F8020008F02AFA5FEADF
:107ED000000900D1FFDF484607F0B3FCE8BB0321EF
:107EE000B8F8020008F0EAF85FEA000B48D1FFDFBB
:107EF00046E000BFDBF8100010B10078FF2849D041
:107F0000022000F0CCFC0220FFF7CEFD824648465E
:107F100007F0A3FDCAF8040000B9FFDFDAF8040097
:107F200007F06BFE002100900170B8F80210504677
:107F3000AAF8021001F0BAFF484607F060FE00B947
:107F4000FFDF504600F0B0FC18B99AF801000007B6
:107F500004D50099CBF8101012E024E0DBF81000F3
:107F600038B10178491C11F0FF01017008D1FFDF21
:107F700006E000221146484600F0F6FB00B9FFDF9C
:107F800094F9EA01022805DBB8F8020001F055FF78
:107F90000028AFD194F9E901042804DB484607F032
:107FA00092FE00B101266D1CEDB2BD4204D294F9DF
:107FB000EA010228BFF659AF002E7FF423AFBDE8D7
:107FC000F84F032000F06BBC10B5064CE060086869
:107FD0002061AFF2DB1002F0C8FF607010BD00003E
:107FE0005403002018000020F74800210170F748D2
:107FF0000170F7494160704770B505464FF08050F9
:108000000C46D0F8A410491C05D1D0F8A810C943DB
:108010000904090C0BD050F8A01F01F001012970D0
:10802000416821608068A080287830B970BD062141
:1080300020460BF08CFB01202870607940F0C000D6
:10804000607170BD70B54FF080540D46D4F880104B
:10805000491C0BD1D4F88410491C07D1D4F88810DE
:10806000491C03D1D4F88C10491C0CD0D4F88010D2
:108070000160D4F884104160D4F888108160D4F88D
:108080008C10C16002E010210BF061FBD4F890006D
:10809000401C0BD1D4F89400401C07D1D4F89800B0
:1080A000401C03D1D4F89C00401C09D054F8900F18
:1080B000286060686860A068A860E068E86070BDDB
:1080C0002846BDE8704010210BF041BBBE48383057
:1080D0000079E9E470B5BC4C3834E07830B32078EE
:1080E00004EB4010407A00F00700204490F9E801CA
:1080F000002800DCFFDF2078002504EB4010407AE8
:1081000000F00700011991F8E801401E81F8E8012C
:108110002078401CC0B220700F2800D12570A078B4
:10812000401CA0700BF09CF9E57070BDFFDF70BDC6
:108130003EB50546032107F0C1FF0446284608F076
:10814000F0F8054604B9FFDF206918B10078FF2870
:1081500000D1FFDF01AA6946284600F005FB60B99F
:10816000FFDF0AE0002202A9284600F0FDFA00B96C
:10817000FFDF9DF8080000B1FFDF9DF80000411E01
:108180008DF80010EED220690199884201D10020BB
:1081900020613EBD70B50546A0F57F400C46FF3816
:1081A00000D1FFDF012C01D0FFDF70BDFFF78EFF94
:1081B000040000D1FFDF207820F00F00401D20F0E8
:1081C000F000503020706580002020720120207364
:1081D000BDE870407EE72DE9F04116460D460746A2
:1081E000FFF774FF040000D1FFDF207820F00F00BC
:1081F000401D20F0F0005030207067800120207278
:1082000028682061A888A0822673BDE8F04161E754
:108210007FB5FFF7F2FC040000D1FFDF02A9204682
:10822000FFF7FDFA054603A92046FFF712FB8DF87C
:1082300000508DF80100BDF80800001DADF80200E7
:10824000BDF80C00001DADF80400E088ADF8060094
:10825000684606F053FF002800D0FFDF7FBD2DE900
:10826000F05F5A4E8146307810B10820BDE8F09F8B
:108270004846F9F706F808B11020F7E7524C207885
:1082800008B9FFF760FC647A4D4600F09FFAA042FF
:1082900007D2201AC1B22A460020FFF777FC002837
:1082A000E4D171684848C91C002721F003017160BE
:1082B000B3463E463D46BA463C4690F801800AE049
:1082C000204600F077FA4178807B0E4410FB015580
:1082D000641CE4B27F1C4445F2D10AEB870000EB3A
:1082E000C600DBF8041000EB850045185C4601224F
:1082F00029464846FFF7C9FA060013D00020FFF7C9
:108300007CFC05000CD005F11300616820F003002F
:10831000884200D0FFDF2C484178491E41706560DB
:108320003046A3E7002229464846FFF7AEFA00B1DF
:10833000FFDFD9F8000060604FF6FF706080012019
:108340002070002092E72DE9F04104461F481746AF
:108350000E46007810B10820BDE8F0810846F8F715
:108360006AFF08B11020F7E7174D287808B9FFF722
:10837000EAFB601E1E2807D8012C22D13078FE2887
:108380001FD8A8760020E7E7A4F120001F2805D811
:10839000E0B23A463146BDE8F04140E4A4F1400085
:1083A0001F2805D831462046BDE8F04100F0A2BAAA
:1083B000A4F1A0001F2804D80020A02C0AD0A12CD2
:1083C0000DD00720C8E7000054030020180000204B
:1083D00048100020317801F00101E976BCE73168EE
:1083E0000922F82901D38B0701D01046B4E76B7B33
:1083F00003F00303012B04D1EB8AD7339CB28C42E8
:10840000F3D8E961A8E72DE9F04781460E46084612
:10841000F8F737FF48B94846F8F751FF28B909F18E
:10842000030020F00301494502D01020BDE8F08789
:10843000FC484FF0000A817869B14178804600EB32
:1084400041140834378832460021204600F039FABA
:10845000050004D027E0A6F800A00520E6E7B9F162
:10846000000F24D03088B84201D90C251FE0607875
:1084700000F00705284600F012FA08EB050732461F
:1084800097F8E8014946401C87F8E801204607F5BF
:10849000F47700F016FA05463878401E387003204D
:1084A00000F0FDF92DB10C2D01D0A6F800A0284652
:1084B000BCE76078DC4E00F00701012923D00229D7
:1084C0000CD0032933D0FFDF98F801104046491C37
:1084D000C9B288F801100F2934D035E0616821B1A4
:1084E000000702D46088FFF723FE98F8EA014746A8
:1084F000012802D1707802F057FD97F9EA010428AB
:10850000E2DBFFDFE0E7616819B14422B06807F001
:108510004DFC98F8E9014746032802D1707802F033
:1085200043FD97F9E9010428CEDBFFDFCCE7C00665
:1085300002D56088FFF7FCFD98F9EB010628C3DB44
:10854000FFDFC1E780F801A08178491E8170617862
:1085500001F0070101EB080090F8E811491C80F8D0
:10856000E811A4E770B50D460446F8F764FE18B9A3
:108570002846F8F786FE08B1102070BD294620462F
:10858000BDE8704009F002BB70B5054609F021FB5B
:10859000C4B22846F8F793FE08B1102070BD35B17B
:1085A00028782C7018B1A04201D0072070BD204659
:1085B000FDF7D2FD052805D109F00FFB012801D0F8
:1085C000002070BD0F2070BD70B5044615460E46E4
:1085D0000846F8F730FE18B92846F8F752FE08B1F9
:1085E000102070BD022C03D0102C01D0092070BDCA
:1085F0002A463146204609F0F9FA0028F7D005202E
:1086000070BD70B514460D460646F8F714FE38B92D
:108610002846F8F736FE18B92046F8F750FE08B19C
:10862000102070BD22462946304609F0FEFA002887
:10863000F7D0072070BD3EB50446F8F722FE08B11A
:1086400010203EBD684606F0C0F9FFF75DFB00282C
:10865000F7D19DF806002070BDF808006080BDF8D5
:108660000A00A08000203EBD70B505460C460846B5
:10867000F8F725FE20B93CB12068F8F702FE08B1F2
:10868000102070BDA08828B121462846BDE8704062
:10869000FDF7BABD092070BD70B505460C46084609
:1086A000F8F7C9FD30B9681E1E2814D82046F8F71F
:1086B000C2FD08B1102070BD032D01D9072070BD87
:1086C00005B9FFDF594800EB850050F8041C20462F
:1086D000BDE870400847A5F120001F2805D82146B5
:1086E0002846BDE87040F9F7C1BCF02D0AD0BF2D77
:1086F000E4D1A078218800F0010001F08DFA68B182
:10870000002070BDA068F8F796FD0028D2D1204661
:1087100006F04CFDBDE87040FFF7F6BA082070BDCA
:1087200070B504460D460846F8F7ABFD30B9601E3B
:108730001E280FD82846F8F77EFD08B1102070BD1E
:10874000012C03D0022C01D0032C01D1062070BDD6
:10875000072070BDA4F120001F28F9D82946204623
:10876000BDE87040F9F7D0BC07F03AB81CB5002955
:108770001FD104F02AFE2C4800224178C06805F081
:108780001DFF29481030C0788DF8000010B1012875
:1087900002D004E0012000E000208DF800006846CF
:1087A00006F06BF9214824380068019001A806F012
:1087B000BFFA1CBD30B51B4D0446383D6878A04259
:1087C00000D8FFDF686800EB041030BD70B51548B5
:1087D000002538382C46467807E02046FFF7EAFFA8
:1087E0004078641C2844C5B2E4B2B442F5D12846AE
:1087F00070BD021D5143452900D245210844C01CCB
:10880000B0FBF2F0C0B270472DE9FC5F06460548A8
:108810004FF0000838388B464746444690F80190A0
:1088200029E000008C030020180000201CB101008A
:108830002046FFF7BFFF050000D1FFDF68786946DB
:108840003844C7B22846FEF7EAFF824601A9284607
:10885000FEF7FFFF0346BDF804005246001D81B23B
:10886000BDF80000001D80B207F0A6FC6A78641C09
:1088700000FB0288E4B24C45DAD13068C01C20F01D
:1088800003003060BBF1000F00D0002042463946A3
:1088900007F0A0FC316808443060BDE8FC9F5649F1
:1088A00008710020C87070475349CA782AB10A7805
:1088B00001EB42110831814201D0012070470020B4
:1088C00070472DE9F04106460078154600F00F0488
:1088D00000201080601E0F46052800D3FFDF4748A8
:1088E0002A4600EB8400394650F8043C3046BDE887
:1088F000F04118472DE9F0413F4E0C46383E4028E4
:1089000006D041281AD0422822D0432826D11AE086
:1089100020786578012801D913201DE5FF2D08D89E
:1089200009F0F4FA07460AF053FD381A401EA8422F
:1089300001DA122010E5208830810DE0BDE8F04119
:10894000084600F00DB80878022807D8307603E012
:108950000878022802D870760020FDE40720FBE4A6
:1089600038B50446407800F00300012803D00228FF
:108970000BD0072038BD606858B1F8F7A9FCD0B912
:108980006068F8F79CFC20B915E06068F8F753FCC4
:1089900088B969462046FBF77FF90028EAD160785C
:1089A00000F00300022808D19DF8000028B160689B
:1089B000F8F785FC08B1102038BD6189F8290ED878
:1089C000208988420BD8607800F003020A483838C2
:1089D000012A06D1D731C26989B28A4201D209205F
:1089E00038BD94E80E0000F10C0585E80E000AB9C8
:1089F00000218182002038BD8C03002004B10100D9
:108A00002DE9F041074614468846084601F024FD4A
:108A1000064608EB88001C22796802EBC0000D189E
:108A2000688C58B14146384601F025FD014678680A
:108A30000078C200082305F120000CE0E88CA8B102
:108A40004146384601F01EFD01467868082340780B
:108A5000C20005F1240007F000FA38B106212172A6
:108A60006681D0E90010C4E9031009E028780928DC
:108A70000BD00520207266816868E06000202870B5
:108A80002046BDE8F04101F0C8BC07202072668195
:108A9000F4E72DE9F04116460D460746406801EB24
:108AA00085011C2202EBC1014418204601F00CFD97
:108AB00040B10021708865F30F2160F31F4105204C
:108AC0000BF02CF909202070324629463846BDE8C3
:108AD000F04195E72DE9F0410E46074600241C21A0
:108AE000F07816E004EB8403726801EBC303D25CF8
:108AF0006AB1FFF7EBFA050000D1FFDF6F802A466D
:108B000021463046FFF7C5FF0120BDE8F081641C17
:108B1000E4B2A042E6D80020F7E770B5064600248C
:108B20001C21C0780AE000BF04EB8403726801EBEB
:108B3000C303D5182A782AB1641CE4B2A042F3D842
:108B4000402070BD28220021284604F01CFC7068DB
:108B500080892881204670BD70B5034600201C2501
:108B6000DC780CE000EB80065A6805EBC606324460
:108B7000167816B1128A8A4204D0401CC0B28442D0
:108B8000F0D8402070BDF0B5044600201C26E578E2
:108B90000EE000BF00EB8007636806EBC7073B44AD
:108BA0001F788F4202D15B78934204D0401CC0B240
:108BB0008542EFD84020F0BD0078032801D0002086
:108BC0007047012070470078022801D000207047CC
:108BD000012070470078072801D00020704701204D
:108BE00070472DE9F041064688461078F178154621
:108BF000884200D3FFDF2C781C27641CF078E4B295
:108C0000A04201D8201AC4B204EB8401706807EBBB
:108C1000C1010844017821B14146884708B12C7050
:108C200073E72878A042E8D1402028706DE770B53E
:108C300014460B880122A240134207D113430B8034
:108C400001230A22011D07F0D2F8047070BD2DE93E
:108C5000FF4F81B00878DDE90E7B9A4691460E46BB
:108C600040072CD4019807F06EFB040000D1FFDF11
:108C700007F1040820461FFA88F106F0BDFC050044
:108C800000D1FFDF204629466A4606F008FF00981B
:108C9000A0F80370A0F805A0284606F0AEFF017802
:108CA00069F306016BF3C711017020461FFA88F1C2
:108CB00006F0E5FC00B9FFDF019805F027FC06EBA4
:108CC0000900017F491C017705B0BDE8F08F2DE94F
:108CD000F84F0E469A4691460746032107F0EEF9F3
:108CE0000446008DDFF87C85002518B198F8000057
:108CF000B0421ED1384607F026FB070000D1FFDF47
:108D000009F10401384689B206F076FC050010D05E
:108D1000384629466A4606F0C2FE009800210A46F7
:108D20000180817005F067FC0098C01DCAF8000042
:108D300021E098F80000B04216D104F1260734F87B
:108D4000341F012000FA06F911EA090F00D0FFDFF5
:108D50002088012340EA090020800A22391D384674
:108D600007F060F8067006E0324604F1340104F1C1
:108D70002600FFF75CFF0A2188F800102846BDE8AE
:108D8000F88FFEB515460C46064602AB0C220621AE
:108D9000FFF79DFF002827D00299607812220A7001
:108DA000801C487008224A80A070029829880523F8
:108DB00081806988C180A9880181E9884181002575
:108DC0000C20CDE90005062221463046FFF73FFF83
:108DD0002946002266F31F41F02310460AF0F4FEF4
:108DE0006078801C60700120FEBD2DE9FE430C46BA
:108DF000804644E002AB0E2207214046FFF767FFA2
:108E0000002841D060681C2267788678BF1C06EB7A
:108E1000860102EBC10145180298142101704770C8
:108E20000A214180698A0181E98A4181A98881807A
:108E3000A9898181304601F00FFB029905230722A1
:108E4000C8806F700420287000250E20CDE9000531
:108E500021464046FFF7FBFE294666F30F2168F3E3
:108E60001F41F023002205200AF0AEFE6078FE4983
:108E7000801C607062682046921CFFF7B2FE60683A
:108E800080784028B6D10120BDE8FE83FEB50D46AE
:108E9000064638E002AB0E2207213046FFF717FFE7
:108EA000002835D068681C23C17801EB810203EBF0
:108EB000C2028418029815220270627842700A2257
:108EC0004280A2894281A2888281084601F0C4FAC8
:108ED000014602988180618AC180E18A0181A0886F
:108EE000B8B10020207000210E20CDE9000105233B
:108EF000072229463046FFF7AAFE6A68DB49284662
:108F0000D21CFFF76EFE6868C0784028C2D10120ED
:108F1000FEBD0620E6E72DE9FE430C46814644E00F
:108F2000204601F0BBFAD0B302AB08220721484625
:108F3000FFF7CDFE0028A7D060681C22657806796F
:108F4000AD1C06EB860102EBC10147180298B7F889
:108F5000108006210170457004214180304601F0E7
:108F60007BFA0146029805230722C180A0F80480FD
:108F70007D70082038700025CDE90005214648465F
:108F8000FFF765FE294666F30F2169F31F41F023C1
:108F9000002205200AF018FE6078801C607062686C
:108FA000B3492046121DFFF71CFE60680179402975
:108FB000B6D1012068E72DE9F34F83B00D4691E06B
:108FC000284601F06BFA00287ED068681C2290F8D1
:108FD00006A00AEB8A0102EBC1014418514628465B
:108FE00001F050FAA178CB0069684978CA000146BF
:108FF00004F1240006F04DFF07468188E08B4FF016
:109000000009091A8EB208B1C84607E04FF00108FE
:10901000504601F00CFA08B9B61CB6B2208BB0422B
:1090200000D80646B34602AB324607210398FFF745
:109030004EFE060007D0B8F1000F0BD0504601F0ED
:10904000F6F910B106E000203EE60299B8884FF02C
:10905000020908800196E28B3968ABEB09001FFA20
:1090600080F80A4403984E46009207F06CF9DDE957
:109070000021F61D4346009606F08BFDE08B404430
:1090800080B2E083B988884201D1012600E0002641
:10909000CDE900B6238A072229460398FFF7D7FDBA
:1090A000504601F0C4F910B9E089401EE0815EB17C
:1090B000A078401CA0706868E978427811FB02F142
:1090C000CAB20123816900E006E00E3006F08FFE8F
:1090D00080F800A00020E0836A6866492846921D57
:1090E000FFF77FFD6868817940297FF469AF01202F
:1090F000EAE570B5064648680D4614468179402970
:1091000010D104EB84011C2202EBC101084401F0E0
:10911000FCF9002806D06868294684713046BDE80D
:10912000704048E770BDFEB50C460746002645E096
:10913000204601F0B3F9D8B360681C22417901EBF5
:10914000810102EBC1014518688900B9FFDF02AB5C
:10915000082207213846FFF7BAFD002833D00299CC
:10916000607816220A70801C48700420488060686D
:10917000407901F071F901460298052307228180A8
:109180006989C1800820CDE9000621463846FFF7ED
:109190005EFD6078801C6070A88969890844B0F51C
:1091A000803F00D3FFDFA88969890844A8816E81C8
:1091B000626831492046521DFFF713FD606841790E
:1091C0004029B5D10120FEBD30B5438C458BC3F39A
:1091D000C704002345B1838B641EED1AC38A6D1E3C
:1091E0001D4495FBF3F3E4B22CB1008918B1A04201
:1091F00000D8204603444FF6FF70834200D3034655
:1092000013800C7030BD2DE9FC41074616460D4613
:10921000486802EB86011C2202EBC10144186A4631
:1092200001A92046FFF7D0FFA089618901448AB2D5
:10923000BDF80010914212D0081A00D500206081BC
:109240006868407940280AD1204601F054F9002886
:1092500005D06868294646713846FFF764FFBDE8C7
:10926000FC8100002C000020B98B0000C78B00009F
:10927000D58B00000BA50000F7A400002DE9FE4FE0
:109280000F46814615465088032106F017FF0190CE
:10929000B9F8020001F0D3F882460146019801F0C6
:1092A000FDF8002824D001981C2241680AEB8A00AE
:1092B00002EBC0000C18204601F006F9002817D177
:1092C000B9F80000E18A88420ED8A18961B1B8429C
:1092D0000ED100265146019801F0CDF8218C01EB0A
:1092E0000008608B30B114E0504601F0A0F8A0B344
:1092F000BDE8FE8F504601F09AF808B1678308E098
:10930000022FF5D3B9F804006083618A884224D81B
:109310000226B81B87B2B8F80400A28B801A002876
:1093200014DD874200DA38461FFA80FB68886968D6
:109330000291D8F800100A44009206F0F2FFF61DE0
:10934000009A5B460299009606F0EFFBA08B38442A
:1093500080B2A083618B884207D96888019903B0E5
:109360005246BDE8F04F01F0EDB81FD14FF00900B3
:109370002872B9F802006881D8E90010C5E9041024
:10938000608BA881284601F048F85146019801F009
:1093900072F801460198082340680078C20004F181
:1093A000200006F05AFD0020A0836083504601F0A3
:1093B0003EF810B9A089401EA0816888019903B0C9
:1093C0000AF0FF02BDE8F04F1DE72DE9F041064627
:1093D00015460F461C461846F7F72DFF18B92068AA
:1093E000F7F74FFF08B110201AE47168688C09780C
:1093F000B0EBC10F01D3132012E43946304601F01F
:109400003AF80146706808230078C20005F1200090
:1094100006F0EDFCD4E90012C0E90012002005E4DA
:1094200010B50446032106F049FE014600F114027E
:109430002046BDE81040A4E470B50446032106F0C0
:109440003DFE054601462046FFF765FD002816D083
:1094500029462046FFF767FE002810D029462046FF
:10946000FFF714FD00280AD029462046FFF7BDFC6F
:10947000002804D029462046BDE870409BE570BD19
:109480002DE9F0410C4680461EE0E178427811FB60
:1094900002F1CAB2816901230E3006F0DEFC0778C2
:1094A00060681C22C179491EC17107EB87016068A1
:1094B00002EBC10146183946204600F0EFFF18B113
:1094C000304600F0FAFF20B16068C1790029DCD194
:1094D0008AE7FEF7FBFD050000D1FFDF0A202872B6
:1094E000384600F0B9FF68813946204600F0CAFFCF
:1094F0000146606808234078C20006F1240006F0A7
:10950000ACFCD0E90010C5E90310A5F8028028469C
:1095100000F083FFB07800B9FFDFB078401EB07074
:1095200062E770B50C460546032106F0C7FD01460B
:109530004068C2792244C2712846BDE870409FE766
:109540002DE9FE4F8246507814460F464FF0000832
:10955000002850D0012807D0022822D0FFDF206841
:10956000B8606068F860C3E602AB0E22082150467E
:10957000FFF7ADFB0028F2D00298152105230170FA
:10958000217841700A214180C0F80480C0F8088029
:10959000A0F80C80628882810E20CDE900080822A4
:1095A00021E0A678304600F057FF054606EB86011D
:1095B0002C22786802EBC1010822465A02AB114600
:1095C0005046FFF784FB0028C9D00298072101709C
:1095D000217841700421418008218580C680CDE931
:1095E000001805230A4639464FEA0A00FFF72FFB09
:1095F00087F808807CE6A678022516B1022E13D0E3
:10960000FFDF2A1D914602AB08215046FFF75FFBA2
:109610000028A4D002980121022E01702178417007
:109620004580868002D005E00625EAE7A188C18052
:10963000E1880181CDE9009805230822394650468A
:10964000D4E710B50446032106F038FD014600F1C9
:1096500008022046BDE8104072E72DE9F04F0F46A2
:10966000054687B014465088032106F027FD4FF0C9
:1096700000088DF808800646ADF80A80042F5CD3F8
:109680006A78002A59D028784FF6FF794FF01C0AE3
:10969000132815D006DC01286FD006282BD0072808
:1096A00006D16EE0142869D0152868D0162867D036
:1096B000CDF80080CDF8048068788DF8000037E0A0
:1096C000B078904239D13078010736D5062F34D1A1
:1096D00020F0080030706088414660F31F41002090
:1096E0000AF01CFB02208DF80800ADF80C90A88849
:1096F000ADF80E00F4E0082F1FD1A888EF8881464E
:1097000000F09DFE80460146304600F0C7FE18B1CD
:10971000404600F08CFE98B1FA48D0E90010CDE93F
:1097200000106878ADF804908DF80000ADF8067070
:1097300060886A463146FFF703FF07B0BDE8F08F47
:10974000716808EB88002C2202EBC000085AB8426E
:10975000F3D1EC486A46D0E90210CDE900106878F0
:109760008DF8000008F0FF058DF802506088314642
:10977000FFF7E6FE2246294623E097E025E0CEE00B
:1097800023E1082FD9D1B5F80480E88800F057FE0E
:1097900007460146304600F081FE0028CDD007EB99
:1097A000870271680AEBC2000844028A4245C4D1AC
:1097B00001780829C1D1407869788842BDD1F9B2D1
:1097C00022463046FFF765F9B7E70E2F7FF470AFFA
:1097D000E9886F898B46B5F808903046FFF7BCF9E9
:1097E000ABF14001402901D3092048E0B9F1170F3E
:1097F00001D3172F01D20B2041E040280ED000EBFF
:10980000800271680AEBC20008440178012903D183
:1098100040786978884290D00A2030E03046FFF7DF
:109820007CF940282AD000EB800372680AEBC30160
:1098300002EB0108012288F800206A7888F80120EC
:109840007168AA884989B94200D93946AD8903238C
:109850002372A282E7812182A4F80C90658200F035
:10986000FBFD6081A8F81490A8F81870A8F80E50B5
:10987000A8F810B0204600F0D0FD5EE704200521D6
:109880002172A4F80A80E081012121739D49D1E968
:109890000421CDE9002169788DF80010ADF80200AF
:1098A00060886A463146FFF74BFEE3E7062F8BD30D
:1098B000B07890421AD13078010717D520F008000F
:1098C00030706088414660F31F4100200AF026FA9C
:1098D00002208DF80800A888ADF80C00ADF80E90B5
:1098E0006088224602A9F8F785FB26E70421304666
:1098F000FFF749F905464028BFD0022083030090B6
:1099000022462946304600F0E6FD4146608865F370
:109910000F2160F31F4105200AF000FA0DE70E2F1A
:10992000ABD104213046FFF72EF981464028A4D060
:109930004146608869F30F2160F31F4105200AF05A
:10994000EDF9A88906906889009070682F89408990
:10995000B84200D938468346B5F80680A8880190F9
:10996000484600F079FD6081069818B10220009009
:10997000069B24E0B8F1170F1ED3172F1CD3042029
:10998000207200986082E781A4F810B0A4F80C80DF
:1099900009EB890271680AEBC2000D18DDE90002CB
:1099A000A5F81480A5F818B0E8812A82204600F0B6
:1099B00034FD06202870C0E601200B2300902246CB
:1099C0004946304600F087FDB7E6082F8DD1A988BB
:1099D0003046FFF7C1F80746402886D000F027FD43
:1099E00000289BD107EB870271680AEBC20008448C
:1099F000804600F069FD002890D1ED88B8F80E008F
:109A00002844B0F5803F05D360883A46314600F0DF
:109A100099FD92E6002DCED0A8F80E0060883A4657
:109A20003146FFF766FB08202072384600F014FD2F
:109A30006081A5811EE72DE9F05F0C4601281ED04C
:109A4000957992F80480567905EB85011F2202EB87
:109A5000C10121F0030B08EB060111FB05F14FF6E4
:109A6000FF7202EAC10909F1030115FB0611264F35
:109A700021F0031ABB6840B101283ED125E061689E
:109A8000E57891F800804E78DEE75946184606F0F2
:109A900062F9606000B9FFDF5A460021606803F098
:109AA00072FCE5705146B86806F055F96168486186
:109AB00000B9FFDF6068426902EB090181616068FB
:109AC00080F800806068467017E06068524641691F
:109AD000184606F06BF95A466168B86806F066F9F0
:109AE000032006F097FA0446032006F09BFA201A9A
:109AF000012802D1B86806F023F90BEB0A00BDE893
:109B0000F09F000028B101002C0000200246002137
:109B1000022090E7F7B5FF4C0A2016462070009807
:109B200060B100254FEA0D0006F0F7F80021A170A2
:109B30006670002D01D10099A160FEBD01250020B5
:109B4000F2E770B50C46154638220021204603F096
:109B50001AFC012666700A22002104F11C0003F0A1
:109B600012FC05B9FFDF297A207861F3010020702B
:109B7000A87900282DD02A4621460020FFF75BFF58
:109B800061684020E34A88706168C8706168087144
:109B900061684871616888716168288808816168B6
:109BA00068884881606886819078002811D0616853
:109BB0000620087761682888C885616828884886F3
:109BC0006068068560686988928801868186468516
:109BD000828570BDC878002802D0002201202AE7C3
:109BE000704770B50546002165F31F4100200AF05B
:109BF00095F80321284606F061FA040000D1FFDF42
:109C000021462846FEF766FF002804D0207840F061
:109C100010002070012070BD70B505460C46032071
:109C200006F0EAF908B1002070BDBA48857084805A
:109C3000012070BD2DE9FF4180460E460F0CFEF756
:109C400045FA050007D06F800321384606F036FA42
:109C5000040008D106E004B03846BDE8F041132105
:109C6000F8F79EBDFFDF5FEA080005D0B8F1050FE9
:109C700018D0FFDFBDE8FF8120782A4620F00800D9
:109C800020700020ADF8020002208DF800004FF691
:109C9000FF70ADF80400ADF8060069463846F8F7E5
:109CA000A9F9E7E7C6F3072101EB81021C236068ED
:109CB00003EBC202805C042803D008280AD0FFDF2F
:109CC000D8E7012000904FF440432A46204600F098
:109CD00002FCCFE704B02A462046BDE8F041FEF77B
:109CE000D8BE2DE9F05F05464089002790460C4616
:109CF0003E46824600F0A3FB8146287AC01E082813
:109D00006BD2DFE800F00D04192058363C4772276B
:109D10001026002C6CD0D5E90301C4E902015CE0F7
:109D200070271226002C63D00A2205F10C0104F1E1
:109D3000080003F0FEFA50E071270C26002C57D0E3
:109D4000E868A06049E0742710269CB3D5E90301B8
:109D5000C4E902016888032106F0B0F98346FEF7E2
:109D6000B5F902466888508049465846FEF748FED5
:109D700033E075270A26ECB1A88920812DE07627EB
:109D80001426BCB105F10C0004F1080307C883E8F0
:109D9000070022E07727102664B1D5E90301C4E962
:109DA00002016888032106F089F901466888FFF7F7
:109DB00067FB12E01CE073270826CCB168880321FA
:109DC00006F07CF901460078C00606D56888FEF7E3
:109DD00081FE10B96888F7F703FEA8F800602CB17F
:109DE0002780A4F806A066806888A080002086E608
:109DF000A8F80060FAE72DE9FC410C461E4617461C
:109E00008046032106F05AF905460A2C0AD2DFE8FB
:109E100004F005050505050509090907042303E004
:109E2000062301E0FFDF0023CDE900762246294624
:109E30004046FEF70CFFBDE8FC81F8B50546A0F5ED
:109E40007F40FF382BD0284606F06BFA040000D183
:109E5000FFDF204605F001FE002821D001466A46BA
:109E6000204605F01CFE00980321B0F80560284646
:109E700006F024F90446052E13D0304600F0DFFA30
:109E800005460146204600F009FB40B1606805EB3D
:109E900085013E2202EBC101405A002800D001207A
:109EA000F8BD007A0028FAD00020F8BDF8B50446C5
:109EB000408806F036FA050000D1FFDF6A462846E2
:109EC000616800F0A8FA01460098091F8BB230F8CB
:109ED000032F0280428842800188994205D1042ADA
:109EE00008D0052A20D0062A16D022461946FFF7A8
:109EF000C5F9F8BD001D0E4605460146224630460E
:109F0000FBF763F90828F4D1224629463046FCF7CE
:109F1000C2F9F8BD2C000020636864880A46011D60
:109F20002046F9F7C5FBF4E72246001DFFF795FB35
:109F3000EFE770B50D460646032106F0BFF80400B2
:109F400004D02078000704D5112070BD43F2020030
:109F500070BD2A4621463046FEF713FF18B928681F
:109F600060616868A061207840F0080020700020DF
:109F700070BD2DE9F04F0E4691B08046032106F0EA
:109F80009DF80446404606F0DEF90746002007909B
:109F900008900990ADF830000A9002900390049068
:109FA00004B9FFDF0DF10809FFB9FFDF1DE03846F6
:109FB0000BA9002205F014FC9DF82C0000F07F0591
:109FC0000A2D00D3FFDF6019017F491E01779DF83C
:109FD0002C00000609D52A460CA907A8FEF727FE83
:109FE00019F80510491C09F80510761EF6B2DED2E4
:109FF00004F13400F84D04F1260BDFF8E0A304F17E
:10A000002A07069010E05846069900F08DFA064699
:10A0100028700A2800D3FFDF5AF8261040468847E8
:10A02000E08CC05DB04202D0208D0028EBD10A2028
:10A030002870EA4D4E4628350EE00CA907A800F01E
:10A0400073FA0446375D55F8240000B9FFDF55F870
:10A050002420394640469047BDF81E000028ECD128
:10A0600011B0BDE8F08F10B5032106F027F8040009
:10A0700000D1FFDF0A22002104F11C0003F083F964
:10A08000207840F00400207010BD10B50C4603216C
:10A0900006F014F82044007F002800D0012010BDF5
:10A0A0002DE9F84F894615468246032106F006F849
:10A0B000070004D02846F7F7BEF840B903E043F2A2
:10A0C0000200BDE8F88F4846F7F7DBF808B110202A
:10A0D000F7E7786828B169880089814201D90920A9
:10A0E000EFE7B9F800001C2488B100F0A8F9804619
:10A0F0000146384600F0D2F988B108EB880079684B
:10A1000004EBC000085C01280BD00820D9E73846D2
:10A11000FEF703FD8046402807D11320D1E7052034
:10A12000CFE7FDF7D3FF06000BD008EB8800796876
:10A1300004EBC0000C18B9F8000020B1E88910B198
:10A1400013E01120BDE72888172802D36888172854
:10A1500001D20720B5E7686838B12B1D2246414679
:10A160003846FFF732F90028ABD104F10C026946FA
:10A170002046FFF729F8288860826888E082B9F8CD
:10A18000000030B102202070E889A080E889A0B1E9
:10A190002BE003202070A889A0807868817840296E
:10A1A00005D180F8028039465046FEF71EFE404633
:10A1B00000F052F9A9F8000021E07868218B40896D
:10A1C000884200D908462083A6F802A004203072F5
:10A1D000B9F800007081E0897082F181208B3082B3
:10A1E000A08AB081304600F018F97868C17840291B
:10A1F00005D180F8038039465046FEF747FE00201F
:10A200005FE770B50D460646032105F057FF0400D1
:10A210000ED0284600F013F905460146204600F00E
:10A220003DF918B1284600F002F920B1052070BDB3
:10A2300043F2020070BD05EB85011C22606802EB51
:10A24000C101084400F040F908B1082070BD2A4659
:10A250002146304600F076F9002070BD2DE9F0412E
:10A260000C4617468046032105F028FF0546204688
:10A2700000F0E5F8044695B10146284600F00EF9D5
:10A2800080B104EB84011C22686802EBC10146180E
:10A29000304600F019F938B10820BDE8F08143F2EA
:10A2A0000200FAE70520F8E73B46324621462846F9
:10A2B000FFF78BF80028F0D1E2B229464046FEF7BE
:10A2C000A2FF708C0838082803D24348407800F079
:10A2D0006BFE0020E1E72DE9F0410D461746804670
:10A2E000032105F0EBFE0446284600F0A8F80646D8
:10A2F00024B13846F6F79FFF38B902E043F2020076
:10A30000CBE73868F6F797FF08B11020C5E731466C
:10A31000204600F0C3F860B106EB86011C2260689D
:10A3200002EBC1014518284600F0CEF818B108200C
:10A33000B3E70520B1E7B888A98A884201D90C2083
:10A34000ABE76168E88C4978B0EBC10F01D313200B
:10A35000A3E73146204600F095F8014660680823DF
:10A360004078C20005F1240005F041FDD7E9001254
:10A37000C0E90012F2B221464046FEF7BAFE0020C4
:10A380008BE72DE9F0470D461F4690468146032195
:10A3900005F094FE0446284600F051F806463CB10C
:10A3A0004DB13846F6F78BFF50B11020BDE8F0876D
:10A3B00043F20200FAE7606858B1A0F80C8028E088
:10A3C0003146204600F06AF818B1304600F02FF808
:10A3D00030B10520EAE700002C00002040B1010068
:10A3E00006EB86011C22606802EBC1014518284675
:10A3F00000F06AF808B10820D8E7A5F80880F2B2A2
:10A4000021464846FEF7FFFE1FB1A8896989084426
:10A4100038800020CAE705F042BB017821F00F0127
:10A42000491C21F0F00110310170FDF753BE20B935
:10A430004E48807808B101207047002070474B4992
:10A440008988884201D100207047402801D24020ED
:10A4500000E0403880B2704710B50446402800D96B
:10A46000FFDF2046FFF7E3FF10B14048808810BDB2
:10A470004034A0B210BD406842690078484302EB06
:10A48000C0007047C2784068037812FB03F243783B
:10A49000406901FB032100EBC1007047C2788A428A
:10A4A00009D9406801EB81011C2202EBC101405C2B
:10A4B00008B101207047002070470078062801D9B4
:10A4C00001207047002070470078062801D0012045
:10A4D000704700207047F0B401EB81061C274468E8
:10A4E00007EBC6063444049D05262670E3802571DB
:10A4F000F0BCFEF785BA10B5418911B1FFF7DDFF59
:10A5000008B1002010BD012010BD10B5C18C8278AB
:10A51000B1EBC20F04D9C18911B1FFF7CEFF08B169
:10A52000002010BD012010BD10B50C4601230A22E9
:10A53000011D05F092FC00782188012282409143A0
:10A54000218010BDF0B402EB82051C264C6806EB9E
:10A55000C505072363554B681C79402C03D11A713C
:10A56000F0BCFEF7D8BCF0BC704700002C00002007
:10A5700070B50B2000F0BDF9082000F0BAF90021F9
:10A580000B2000F0D4F90021082000F0D0F9F44CA1
:10A5900001256560A5600020C4F84001C4F84401AD
:10A5A000C4F848010B2000F0B5F9082000F0B2F91A
:10A5B0000B2000F091F9256070BD10B50B2000F064
:10A5C00098F9082000F095F9E54801214160816083
:10A5D000E4490A68002AFCD10021C0F84011C0F803
:10A5E0004411C0F848110B2000F094F9BDE8104068
:10A5F000082000F08FB910B50B2000F08BF9BDE8F2
:10A600001040082000F086B900B530B1012806D00E
:10A61000022806D0FFDF002000BDD34800BDD3488C
:10A6200000BDD248001D00BD70B5D1494FF00040BB
:10A630000860D04DC00BC5F80803CF480024046063
:10A64000C5F840410820C43500F053F9C5F83C4135
:10A65000CA48047070BD08B5C14A002128B101285C
:10A6600011D002281CD0FFDF08BD4FF48030C2F8A3
:10A670000803C2F84803BB483C300160C2F84011EF
:10A68000BDE80840D0E74FF40030C2F80803C2F834
:10A690004803B44840300160C2F84411B3480CE0AC
:10A6A0004FF48020C2F80803C2F84803AD48443094
:10A6B0000160C2F84811AD48001D0068009008BD57
:10A6C00070B516460D460446022800D9FFDF002269
:10A6D000A348012304F110018B4000EB8401C1F871
:10A6E000405526B1C1F84021C0F8043303E0C0F85A
:10A6F0000833C1F84021C0F8443370BD2DE9F04162
:10A700001D46144630B1012833D0022838D0FFDF6F
:10A71000BDE8F081891E002221F07F411046FFF73D
:10A72000CFFF012D23D00020944D924F0126687059
:10A730003E61914900203C3908600220091D0860F3
:10A740008D490420303908608B483D34046008206E
:10A750006C6000F0DFF83004C7F80403082000F054
:10A76000BBF88349F007091F08602E70D0E701206D
:10A77000DAE7012B02D00022012005E00122FBE7ED
:10A78000012B04D000220220BDE8F04198E701220D
:10A79000F9E774480068704770B500F0D8F8704C5D
:10A7A0000546D4F840010026012809D1D4F8080351
:10A7B000C00305D54FF48030C4F80803C4F84061E5
:10A7C000D4F8440101280CD1D4F80803800308D53B
:10A7D0004FF40030C4F80803C4F84461012008F0C5
:10A7E00014FAD4F8480101280CD1D4F80803400326
:10A7F00008D54FF48020C4F80803C4F8486102204B
:10A8000008F003FA5E48056070BD70B500F09FF86F
:10A810005A4D0446287850B1FFF706FF687818B102
:10A820000020687008F0F1F95548046070BD0320FD
:10A83000F8E74FF0E0214FF40010C1F80002704734
:10A84000152000F067B84B4901200861082000F08E
:10A8500061B848494FF47C10C1F808030020024653
:10A8600001EB8003C3F84025C3F84021401CC0B26F
:10A870000628F5D37047410A43F609525143C0F305
:10A88000080010FB02F000F5807001EB50207047CB
:10A8900010B5430B48F2376463431B0C5C020C6039
:10A8A000384C03FB0400384B4CF2F72443435B0D58
:10A8B00013FB04F404EB402000F58070401210708C
:10A8C00008681844086010BD2C4840687047294942
:10A8D0000120C1F800027047002809DB00F01F02C8
:10A8E000012191404009800000F1E020C0F80011F2
:10A8F000704700280DDB00F01F0201219140400944
:10A90000800000F1E020C0F88011BFF34F8FBFF34B
:10A910006F8F7047002809DB00F01F020121914072
:10A920004009800000F1E020C0F88012704749071C
:10A93000090E002804DB00F1E02080F800147047C5
:10A9400000F00F0000F1E02080F8141D70470C4863
:10A95000001F00680A4A0D49121D1160704700006F
:10A9600000B0004004B500404081004044B10040C8
:10A9700008F501400080004040850040380000207C
:10A9800014050240F7C2FFFF6F0C01000100000137
:10A9900010B5EFF3108000F0010472B6FC48417866
:10A9A000491C41704078012801D108F081FD002C3C
:10A9B00000D162B610BD70B5F54CA07848B901253C
:10A9C000A570FFF7E5FF08F084FD20B1002008F036
:10A9D0004EFD002070BD4FF08040E570C0F804537C
:10A9E000F7E770B5EFF3108000F0010572B6E84CA0
:10A9F000607800B9FFDF6078401E6070607808B949
:10AA000008F05AFD002D00D162B670BDE04810B5C7
:10AA1000817821B10021C1708170FFF7E2FF002031
:10AA200010BD10B5044608F054FDD9498978084096
:10AA300000D001202060002010BD10B5FFF7A8FF56
:10AA400008F047FD02220123D149540728B1D1481B
:10AA5000026023610320087202E00A72C4F8043322
:10AA60000020887110BD2DE9F84FDFF8249342785B
:10AA7000817889F80420002689F80510074689F8AE
:10AA800006600078DFF810B3354620B1012811D0F8
:10AA9000022811D0FFDF08F02EFD4FF0804498B15E
:10AAA00008F030FDB0420FD1304608F02FFD0028ED
:10AAB000FAD042E00126EEE7FFF76AFF5846016848
:10AAC000C907FCD00226E6E70120E060C4F8045183
:10AAD000B2490E600107D1F84412B04AC1F34231C5
:10AAE00024321160AD49343108604FF0020AC4F8D5
:10AAF00004A3A060AA480168C94341F3001101F111
:10AB00000108016841F01001016001E010F030F926
:10AB1000D4F804010028F9D0304608F0F7FC0028EA
:10AB2000FAD0B8F1000F04D19D48016821F010015E
:10AB30000160C4F808A3C4F8045199F805004E4612
:10AB400080B1387870B908F0C4FC804608F0CAFEBD
:10AB50006FF00042B8F1000F02D0C6E9032001E017
:10AB6000C6E90302DBF80000C00701D008F0ADFC25
:10AB7000387810B13572BDE8F88F4FF01808C4F876
:10AB800008830127A7614FF42070ADF8000000BFD3
:10AB9000BDF80000411EADF80010F9D2C4F80C5108
:10ABA000C4F810517A48C01D08F030FD3570FFF729
:10ABB00044FF67617949307920310860C4F8048323
:10ABC000D9E770B5050000D1FFDF4FF080424FF0AC
:10ABD000FF30C2F808030021C2F80011C2F80411C6
:10ABE000C2F80C11C2F81011694C617008F07DFCBC
:10ABF00010B10120A070607067480068C00701D0E4
:10AC000008F063FC2846BDE870402CE76048007AF5
:10AC1000002800D0012070472DE9F04F61484FF027
:10AC2000000A85B0D0F800B0D14657465D4A5E496B
:10AC3000083211608406D4F8080110B14FF0010801
:10AC400001E04FF0000808F0B4FC78B1D4F824011A
:10AC500000B101208246D4F81C0100B101208146D8
:10AC6000D4F8200108B1012700E00027D4F8000142
:10AC700000B101200490D4F8040100B10120039038
:10AC8000D4F80C0100B101200290D4F8100100B1F9
:10AC900001203F4D0190287800260090B8F1000F68
:10ACA00004D0C4F80861012008F0E1FBBAF1000FFC
:10ACB00004D0C4F82461092008F0D9FBB9F1000FD1
:10ACC00004D0C4F81C610A2008F0D1FB27B1C4F8F5
:10ACD00020610B2008F0CBFB2D48C01D08F09EFC26
:10ACE00000B1FFDFDFF8AC800498012780B1C4F821
:10ACF0000873E87818B1EE70002008F0B8FB287AE5
:10AD0000022805D1032028720221C8F8001027610B
:10AD1000039808B1C4F80461029850B1C4F80C61FA
:10AD2000287A032800D0FFDFC8F800602F72FFF7F1
:10AD300058FE019838B1C4F81061287A012801D171
:10AD400000F05CF86761009838B12E70287A01280D
:10AD500001D1FFF772FEFFF744FE0D48C01D08F059
:10AD600073FC1049091DC1F800B005B0BDE8F08FB3
:10AD7000074810B5C01D08F051FC0549B0B10120CD
:10AD800008704FF0E021C1F80002BDE81040FFE577
:10AD900040000020340C00400C0400401805004026
:10ADA00010ED00E01005024001000001087A0128C2
:10ADB00001D1FFF742FEBDE81040244808F044BC32
:10ADC00070B5224CE41FA07808B908F075FB01208B
:10ADD0008507A861207A0026032809D1D5F80C013F
:10ADE00020B9002008F092FB0028F7D1C5F80C61CB
:10ADF00026724FF0FF30C5F8080370BD70B5134CD4
:10AE0000E41F6079F0B1012803D0A179401E81428E
:10AE100018DA08F05EFB054608F064FD6179012947
:10AE200002D9A179491CA1710DB1216900E0E16845
:10AE3000411A022902DA11F1020F06DC0DB120617C
:10AE400000E0E060BDE87040F7E570BD470000201D
:10AE5000374901200860704770B50D2000F049F8AF
:10AE6000344C0020C4F800010125C4F804530D201F
:10AE700000F050F825604FF0E0216014C1F80001A7
:10AE800070BD10B50D2000F034F82A480121416052
:10AE90000021C0F80011BDE810400D2000F03AB8C4
:10AEA000254810B504682449244808310860214920
:10AEB000D1F80001012804D0FFDF1F48001D046005
:10AEC00010BD1B48001D00680022C0B2C1F800215F
:10AED00008F05FFCF1E710B5164800BFD0F800118C
:10AEE0000029FBD0FFF7DCFFBDE810400D2000F08B
:10AEF00011B800280DDB00F01F020121914040092C
:10AF0000800000F1E020C0F88011BFF34F8FBFF345
:10AF10006F8F7047002809DB00F01F02012191406C
:10AF20004009800000F1E020C0F880127047000066
:10AF300004D5004000D0004010050240010000018F
:10AF40004FF0E0214FF00070C1F8800101F5C071B1
:10AF5000BFF34F8FBFF36F8FC1F80001394B8022D1
:10AF600083F8002441F8800C704700B502460420A5
:10AF7000354903E001EBC0031B792BB1401EC0B281
:10AF8000F8D2FFDFFF2000BD41F8302001EBC00107
:10AF900000224A718A7101220A7100BD2A4A0021E9
:10AFA00002EBC0000171704710B50446042800D3BD
:10AFB000FFDF254800EBC4042079012800D0FFDF23
:10AFC0006079A179401CC0B2814200D060714FF01D
:10AFD000E0214FF00070C1F8000210BD70B50425EB
:10AFE000194E1A4C16E0217806EBC1000279012AAD
:10AFF00008D1427983799A4204D04279827156F815
:10B00000310080472078401CC0B22070042801D352
:10B01000002020706D1EEDB2E5D270BD0C4810B559
:10B0200004680B490B4808310860064890F8000492
:10B030004009042800D0FFDFFFF7D0FF0448001DBF
:10B04000046010BD19E000E07805002054000020E5
:10B0500010050240010000010F4A12680D498A42A2
:10B060000CD118470C4A12680A4B9A4206D101B516
:10B0700008F00AFC08F0DDFEBDE801400749096858
:10B080000958084706480749054A064B704700001B
:10B0900000000000BEBAFECA5800002004000020D4
:10B0A000B00F0020B00F002070B50C46054600F030
:10B0B00045FB21462846BDE8704001F026BC000053
:10B0C000F8B51D46DDE906470E000AD005F03BF94C
:10B0D0002346FF1DBCB231462A46009404F059FDB8
:10B0E000F8BDD0192246194602F023F92046F8BDD2
:10B0F00070B50D4604461022002102F044F9258166
:10B1000017206081A07B40F00A00A07370BD4FF64D
:10B11000FF720A800146022008F000BE70470089D5
:10B120007047827BD30701D1920703D480890880BE
:10B130000020704705207047827B920700D58181EF
:10B14000704701460020098841F6FE52114200D0A6
:10B150000120704700B50346807BC00701D0052061
:10B1600000BD59811846FFF7ECFFC00703D0987B5C
:10B1700040F004009873987B40F001009873002021
:10B1800000BD827B520700D509B140897047172066
:10B190007047827B61F3C302827370472DE9FC5FC5
:10B1A0000E46044601789646012000FA01F14DF65C
:10B1B000FF5201EA020962684FF6FF7B1188594588
:10B1C00002D10920BDE8FC9FB9F1000F05D041F67E
:10B1D000FE55294201D00120F4E741EA090111801E
:10B1E0001D0014D000232B7094F800C00521032209
:10B1F0001F464FF0020ABCF10E0F76D2DFE80CF0CA
:10B20000F909252F47646B77479193B4D1D804206F
:10B21000D8E7616820898B7B9B0767D517284AD3BD
:10B220000B89834247D38989172901D3814242D1AF
:10B2300085F800A0A5F80100328061688881606807
:10B24000817B21F002018173C6E0042028702089EF
:10B25000A5F801006089A5F803003180BCE0208AD0
:10B260003188C01D1FFA80F8414524D3062028707C
:10B270002089A5F801006089A5F80300A089A5F838
:10B2800005000721208ACDE90001636941E00CF047
:10B29000FF00082810D0082028702089A5F8010098
:10B2A0006089A5F8030031806A1D694604F10C002D
:10B2B00006F0BBFC10B15EE01020EDE730889DF891
:10B2C00000100844308087E00A2028702089A5F803
:10B2D0000100328044E00C2028702089A5F801008C
:10B2E0006089A5F8030031803AE082E064E02189BA
:10B2F000338800EB41021FFA82F843453BD3B8F193
:10B30000050F38D30E222A700BEA4101CDE9001057
:10B31000E36860882A467146FFF7D2FEA6F80080EF
:10B320005AE04020287060893188C01C1FFA80F8DC
:10B33000414520D32878714620F03F001230287014
:10B340002089A5F801006089CDE9000260882A46BD
:10B35000E368FFF7B5FEA6F80080287840063BD4E6
:10B3600061682089888037E0A0893288401D1FFAF3
:10B3700080F8424501D204273DE01620287020893C
:10B38000A5F801006089A5F80300A089CDE90001B6
:10B3900060882A4671462369FFF792FEA6F800806E
:10B3A000DEE718202870207A6870A6F800A013E065
:10B3B00061680A88920401D405271CE0C9882289A3
:10B3C000914201D0062716E01E2129703080606866
:10B3D000018821F400510180B9F1000F0BD0618880
:10B3E00078230022022008F0EFFB61682078887043
:10B3F00006E0338003276068018821EA09010180A3
:10B400003846DFE62DE9FF4F85B01746129C0D0048
:10B410001E461CD03078C10703D000F03F00192829
:10B4200001D9012100E000212046FFF7AAFEA84231
:10B430000DD32088A0F57F41FF3908D03078410630
:10B4400001D4000605D5082009B0BDE8F08F07201B
:10B45000FAE700208DF800008DF8010030786B1EAF
:10B4600000F03F0C0121A81E4FF0050A4FF0020921
:10B470004FF0030B9AB2BCF1200F75D2DFE80CF04D
:10B480008B10745E7468748C749C74B574BA74C8D0
:10B4900074D474E1747474F174EF74EE74ED748B9D
:10B4A000052D78D18DF80090A0788DF80400708873
:10B4B000ADF8060030798DF80100707800F03F009B
:10B4C0000C2829D00ADCA0F10200092863D2DFE8A9
:10B4D00000F0126215621A621D622000122824D048
:10B4E00004DC0E281BD01028DBD11BE016281FD04F
:10B4F0001828D6D11FE02078800701E02078400787
:10B50000002848DAEEE020780007F9E72078C00646
:10B51000F6E720788006F3E720784006F0E7207809
:10B520000006EDE72088C005EAE720884005E7E748
:10B5300020880005E4E72088C004E1E72078800740
:10B5400029D5032D27D18DF800B0B6F8010081E090
:10B55000217849071FD5062D1DD381B270780128A7
:10B5600003D0022817D102E0C9E0022000E0102039
:10B5700004228DF8002072788DF80420801CB1FB25
:10B58000F0F2ADF8062092B242438A4203D103970B
:10B59000ADF80890A6E079E02078000776D598B25B
:10B5A00082088DF800A0ADF80420B0EB820F6DD1B9
:10B5B0000297ADF8061095E02178C90666D5022DF0
:10B5C00064D381B206208DF80000707802285DD324
:10B5D000B1FBF0F28DF80400ADF8062092B24243C0
:10B5E0008A4253D1ADF808907BE0207880064DD593
:10B5F000072003E0207840067FD508208DF8000062
:10B60000A088ADF80400ADF80620ADF8081068E099
:10B610002078000671D50920ADF804208DF80000CF
:10B62000ADF8061002975DE02188C90565D5022DA9
:10B6300063D381B20A208DF80000707804285CD3AF
:10B64000C6E72088400558D5012D56D10B208DF82E
:10B650000000A088ADF8040044E021E026E016E0F8
:10B66000FFE72088000548D5052D46D30C208DF82E
:10B670000000A088ADF80400B6F803006D1FADF817
:10B680000850ADF80600ADF80AA02AE035E02088A1
:10B69000C00432D5012D30D10D208DF8000021E0FD
:10B6A0002088800429D4B6F80100E080A07B000740
:10B6B00023D5032D21D3307800F03F001B2818D06C
:10B6C0000F208DF80000208840F40050A4F80000FE
:10B6D000B6F80100ADF80400ED1EADF80650ADF867
:10B6E00008B0039769460598F9F7B8FA050008D03D
:10B6F00016E00E208DF80000EAE7072510E0082587
:10B700000EE0307800F03F001B2809D01D2807D03C
:10B710000220059908F002FB208800F400502080E8
:10B72000A07B400708D52046FFF70BFDC00703D1DB
:10B73000A07B20F00400A073284685E61FB50228F0
:10B7400006D101208DF8000088B26946F9F786FA23
:10B750001FBD0000F8B51D46DDE906470E000AD002
:10B7600004F0F1FD2346FF1DBCB231462A46009489
:10B7700004F00FFAF8BDD0192246194601F0D9FDA0
:10B780002046F8BD2DE9FF4F8DB09B46DDE91B57E4
:10B79000DDF87CA00C46082B05D0E06901F0FEF82E
:10B7A00050B11020D2E02888092140F010002880F4
:10B7B0008AF80010022617E0E16901208871E26929
:10B7C0004FF420519180E1698872E06942F60101ED
:10B7D0000181E069002181732888112140F0200057
:10B7E00028808AF80010042638780A900A203870D9
:10B7F0004FF0020904F118004D460C9001F0C6FB11
:10B80000B04681E0BBF1100F0ED1022D0CD0A9EB98
:10B810000800801C80B20221CDE9001005AB524621
:10B820001E990D98FFF796FFBDF816101A988142E1
:10B8300003D9F74800790F9004E003D10A9808B1C2
:10B8400038702FE04FF00201CDE900190DF1160319
:10B8500052461E990D98FFF77DFF1D980088401BEA
:10B86000801B83B2C6F1FF00984200D203461E99A6
:10B870000BA8D9B15FF00002DDF878C0CDE9032054
:10B8800009EB060189B2CDE901C10F980090BDF81E
:10B89000161000220D9801F00EFC387070B1C0B285
:10B8A000832807D0BDF8160020833AE00AEB09018F
:10B8B0008A19E1E7022011B0BDE8F08FBDF82C0035
:10B8C000811901F0FF08022D0DD09AF801204245A0
:10B8D00006D1BDF82010814207D0B8F1FF0F04D087
:10B8E0009AF801801FE08AF80180C9480068017851
:10B8F000052902D1BDF81610818009EB08001FFA56
:10B9000080F905EB080085B2DDE90C1005AB0F9A54
:10B9100001F03FFB28B91D980088411B4145BFF647
:10B9200071AF022D13D0BBF1100F0CD1A9EB0800A1
:10B93000801C81B20220CDE9000105AB52461E9960
:10B940000D98FFF707FF1D98058000203870002034
:10B95000B1E72DE9F8439C46089E13460027B26BD9
:10B960009AB3491F8CB2F18FA1F57F45FF3D05D0F9
:10B970005518AD882944891D8DB200E0002529198C
:10B98000B6F83C800831414520D82A44BCF8011063
:10B9900022F8021BBCF8031022F8021B984622F87A
:10B9A000024B914604F0BDFC4FF00C0C41464A4658
:10B9B0002346CDF800C004F0B8F8F587B16B00203D
:10B9C0002944A41D2144088003E001E0092700E088
:10B9D00083273846BDE8F88310B50B88848F9C42D6
:10B9E0000CD9846BE018048844B1848824F40044A2
:10B9F000A41D23440B801060002010BD0A2010BD40
:10BA00002DE9F0478AB00025904689468246ADF878
:10BA1000185007274BE0059806888088000446D414
:10BA2000A8F8006007A8019500970295CDE903509A
:10BA30004FF4007300223146504601F03CFB0400F5
:10BA40003CD1BDF81800ADF8200005980488818825
:10BA5000B44216D10A0414D401950295039521F439
:10BA600000410097049541F48043428821465046A6
:10BA700001F0BFF804000BD10598818841F4004122
:10BA8000818005AA08A94846FFF7A6FF0400DCD07C
:10BA90000097059802950195039504950188BDF8D6
:10BAA0001C300022504601F0A4F80A2C06D105AA49
:10BAB00006A94846FFF790FF0400ACD0ADF8185037
:10BAC00004E00598818821F40041818005AA06A937
:10BAD0004846FFF781FF0028F3D00A2C03D0204608
:10BAE0000AB0BDE8F0870020FAE710B50C46896B74
:10BAF00086B051B10C218DF80010A18FADF808105F
:10BB0000A16B01916946FAF75BF800204FF6FF71CF
:10BB1000A063E187A08706B010BD2DE9F0410D4676
:10BB20000746896B0020069E1446002911D0012B80
:10BB30000FD1324629463846FFF762FF002808D168
:10BB4000002C06D0324629463846BDE8F04100F0C8
:10BB500034BFBDE8F0812DE9FC411446DDE9087CE5
:10BB60000E46DDE90A15521DBCF800E092B296457A
:10BB700002D20720BDE8FC81ACF8002017222A7011
:10BB8000A5F80160A5F803300522CDE900423B4647
:10BB90002A46FFF7DFFD0020ECE770B50C4615469E
:10BBA00048220021204601F0EEFB04F1080044F891
:10BBB0001C0F00204FF6FF71E06161842084A58492
:10BBC0001720E08494F82A0040F00A0084F82A0044
:10BBD00070BD4FF6FF720A800146032008F09EB840
:10BBE00030B585B00C460546FFF77FFFA18E28468D
:10BBF00029B101218DF800106946F9F7E1FF002015
:10BC0000E0622063606305B030BDB0F8400070476B
:10BC10005C00002090F84620920703D440880880FA
:10BC20000020F4E70620F2E790F846209207EED5D0
:10BC3000A0F84410EBE70146002009880A0700D568
:10BC4000012011F0F00F01D040F00200CA0501D52B
:10BC500040F004008A0501D540F008004A0501D5EE
:10BC600040F010000905D2D540F02000CFE700B524
:10BC7000034690F84600C00701D0062000BDA3F897
:10BC800042101846FFF7D7FF10F03E0F05D093F88B
:10BC9000460040F0040083F8460013F8460F40F0D9
:10BCA00001001870002000BD90F84620520700D512
:10BCB00011B1B0F84200AAE71720A8E710F8462F04
:10BCC00061F3C3020270A2E72DE9FF4F9BB00E00A3
:10BCD000DDE92B34DDE92978289D24D02878C107B7
:10BCE00003D000F03F00192801D9012100E0002114
:10BCF0002046FFF7D9FFB04215D32878410600F05F
:10BD00003F010CD41E290CD0218811F47F6F0AD179
:10BD10003A8842B1A1F57F42FF3A04D001E01229EE
:10BD200001D1000602D504201FB0C5E5FA491D98CF
:10BD30004FF0000A08718DF818A08DF83CA00FAAEA
:10BD40000A60ADF81CA0ADF850A02978994601F022
:10BD50003F02701F5B1C04F1180C4FF0060E4FF0F1
:10BD6000040BCDF858C01F2A7ED2DFE802F07D7D9B
:10BD7000107D267DAC7DF47DF37DF27DF17DF47D3B
:10BD8000F07D7D7DEF7DEE7D7D7D7D7DED0094F808
:10BD90004610B5F80100890701D5032E02D08DF8B1
:10BDA00018B01EE34FF40061ADF85010608003211D
:10BDB0008DF83C10ADF84000D4E2052EEFD1B5F877
:10BDC00001002083ADF81C00B5F80310618308B1B1
:10BDD000884201D9012079E10020A07220814FF62C
:10BDE000FF702084169801F0D1F8052089F8000032
:10BDF0000220029083460AAB1D9A16991B9801F007
:10BE0000C8F890BB9DF82E00012804D0022089F8C4
:10BE10000100102003E0012089F8010002200590B4
:10BE2000002203A90BA805F000FFE8BB9DF80C0059
:10BE3000059981423DD13988801CA1EB0B018142DB
:10BE400037DB02990220CDE900010DF12A034A46B1
:10BE500041461B98FFF77EFC02980BF1020B801CF9
:10BE600081B217AA029101E09CE228E003A90BA885
:10BE700005F0DBFE02999DF80C00CDE9000117AB3F
:10BE80004A4641461B98FFF765FC9DF80C000AAB3B
:10BE90000BEB00011FFA81FB02991D9A084480B246
:10BEA000029016991B9800E003E001F072F8002858
:10BEB000B6D0BBF1020F02D0A7F800B04FE20A20C3
:10BEC0008DF818004BE200210391072EFFF467AFB5
:10BED000B5F801002083ADF81C00B5F8032062839B
:10BEE00000283FF477AF90423FF674AF0120A07274
:10BEF000B5F8050020810020A073E06900F04EFD38
:10BF000078B9E16901208871E2694FF4205191808C
:10BF1000E1698872E16942F601000881E069002167
:10BF20008173F01F20841E98606207206084169839
:10BF300001F02CF8072089F80000012004900290FD
:10BF40000020ADF82A0028E019E29FE135E1E5E0A4
:10BF500012E2A8E080E043E00298012814D0E069F2
:10BF60008079012803D1BDF82800ADF80E000498AF
:10BF700003ABCDE900B04A4641461B98FFF7EAFB08
:10BF80000498001D80B20490BDF82A00ADF80C00A2
:10BF9000ADF80E00059880B202900AAB1D9A169972
:10BFA0001B9800F0F6FF28B902983988001D05900B
:10BFB0008142D1D20298012881D0E069807901289C
:10BFC00003D1BDF82800ADF80E00049803ABCDE90D
:10BFD00000B04A4641461B98FFF7BCFB0298BDE102
:10BFE000072E02D0152E7FF4DAAEB5F801102183AA
:10BFF000ADF81C10B5F80320628300293FF4EAAEC7
:10C0000091423FF6E7AE0121A1724FF0000BA4F878
:10C0100008B084F80EB0052E07D0C0B2691DE269E1
:10C0200005F0E4FD00287FF44AAF4FF6FF7020844E
:10C0300001A906AA14A8CDF800B081E885032878E4
:10C04000214600F03F031D9A1B98FFF79BFB824699
:10C05000208BADF81C0082E10120032EC3D14021CA
:10C06000ADF85010B5F801102183ADF81C100AAAE4
:10C07000B8F1000F00D00023CDE9020304921D980F
:10C08000CDF80480009038880022401E83B21B98AF
:10C0900001F011F88DF8180090BB0B2089F8000012
:10C0A000BDF8280035E04FF0010C052E9BD1802013
:10C0B000ADF85000B5F801102183B5F803002084D5
:10C0C000ADF81C10B0F5007F03D907208DF81800DB
:10C0D00087E140F47C4222840CA8B8F1000F00D024
:10C0E0000023CDE90330CDE9018C1D9800903888FC
:10C0F000401E83B21B9800F0DEFF8DF8180018B1C7
:10C100008328A8D10220BFE00D2189F80010BDF8D6
:10C110003000401C22E100005C000020032E04D20D
:10C1200048067FF53CAE002018E1B5F80110ADF8E7
:10C130001C102878400602D58DF83CE002E007206C
:10C140008DF83C004FF000080320CDE902081E9B4B
:10C15000CDF810801D980193A6F1030B00901FFAF3
:10C160008BF342461B9800F044FD8DF818008DF8C3
:10C170003C80297849060DD52088C00506D5208B3E
:10C18000BDF81C10884201D1C4F8248040468DF8C7
:10C190001880E3E0832801D14FF0020A4FF4807049
:10C1A000ADF85000BDF81C002083A4F820B01E9804
:10C1B0006062032060841321CDE0052EFFF4EFAD13
:10C1C000B5F80110ADF81C10A28F6AB3A2F57F4339
:10C1D000FE3B29D008228DF83C2000BF4FF0000B19
:10C1E0000523CDE9023BDDF878C0CDF810B01D9AEB
:10C1F00080B2CDF804C040F400430092B5F80320AB
:10C200001B9800F0F6FC8DF83CB04FF400718DF8EF
:10C210001800ADF85010832810D0F8B1A18FA1F507
:10C220007F40FE3807D0DCE00B228DF83C204FF633
:10C23000FE72A287D2E7A4F83CB0D2E000942B466D
:10C2400031461E9A1B98FFF784FB8DF8180008B141
:10C2500083284BD1BDF81C00208353E700942B4664
:10C2600031461E9A1B98FFF774FB8DF81800E8BB47
:10C27000E18FA06B0844831D8DE888034388828882
:10C2800001881B98FFF767FC824668E095F80180FB
:10C29000022E70D15FEA080002D0B8F1010F6AD116
:10C2A00009208DF83C0007A800908DF84080434697
:10C2B000002221461B98FFF730FC8DF842004FF01A
:10C2C000000B8DF843B050B9B8F1010F12D0B8F19E
:10C2D000000F04D1A18FA1F57F40FF380AD0A08FB5
:10C2E00040B18DF83CB04FF4806000E037E0ADF82D
:10C2F00050000DE00FA91B98F9F762FC82468DF8FB
:10C300003CB04FF48060ADF85000BAF1020F06D097
:10C31000FC480068C07928B18DF8180027E0A4F81F
:10C32000188044E0BAF1000F03D081208DF8180086
:10C330003DE007A800904346012221461B98FFF7E5
:10C34000ECFB8DF8180021461B98FFF7CEFB9DF8FB
:10C35000180020B9192189F80010012038809DF8B3
:10C360003C0020B10FA91B98F9F72AFC8246BAF1CC
:10C37000000F33D01BE018E08DF818E031E0207892
:10C38000000712D5012E10D10A208DF83C00E0885C
:10C39000ADF8400003201B9907F0C0FC0820ADF861
:10C3A0005000C0E648067FF5FAAC4FF0040A20883A
:10C3B000BDF8501008432080BDF8500080050BD513
:10C3C000A18FA1F57F40FE3806D11E98E062289823
:10C3D0002063A6864FF0030A5046A5E49DF8180096
:10C3E00078B1012089F80000297889F80110BDF89A
:10C3F0001C10A9F802109DF8181089F804100520E7
:10C4000038802088BDF8501088432080E4E72DE96B
:10C41000FF4F8846087895B0012181404FF209000E
:10C42000249C0140ADF820102088DDF88890A0F50C
:10C430007F424FF0000AFF3A06D039B1000705D518
:10C44000012019B0BDE8F08F0820FAE7239E4FF0D5
:10C45000000B0EA886F800B018995D460988ADF863
:10C460003410A8498DF81CB0179A0A718DF838B0AD
:10C47000086098F8000001283BD0022809D0032862
:10C480006FD1307820F03F001D303070B8F80400D4
:10C49000E08098F800100320022904D1317821F0BF
:10C4A0003F011B31317094F84610090759D505AB8F
:10C4B000B9F1000F13D0002102AA82E80B00072077
:10C4C000CDE90009BDF83400B8F80410C01E83B2ED
:10C4D0000022159800F0EFFD0028D1D101E0F11CF9
:10C4E000EAE7B8F80400A6F80100BDF81400C01C83
:10C4F00004E198F805108DF81C1098F80400012844
:10C5000006D04FF4007A02282CD00328B8D16CE171
:10C510002188B8F8080011F40061ADF8201020D08F
:10C5200017281CD3B4F84010814218D3B4F8441033
:10C53000172901D3814212D1317821F03F01C91C62
:10C540003170A6F801000321ADF83410A4F84400BE
:10C5500094F8460020F0020084F8460065E10525C5
:10C560007EE177E1208808F1080700F4FE60ADF86D
:10C57000200010F0F00F1BD010F0C00F03D038884F
:10C58000228B9042EBD199B9B878C00710D0B96826
:10C590000720CDE902B1CDF804B00090CDF810B07D
:10C5A000FB88BA883988159800F023FB0028D6D17B
:10C5B0002398BDF82010401C80294ED006DC10299D
:10C5C0000DD020290BD0402987D124E0B1F5807F00
:10C5D0006ED051457ED0B1F5806F97D1DEE0C806B0
:10C5E00001D5082000E0102082460DA907AA0520E9
:10C5F000CDE902218DF83800ADF83CB0CDE90496C4
:10C6000008A93888CDE9000153460722214615982C
:10C61000FFF7B8F8A8E09DF81C2001214FF00A0AA6
:10C62000002A9BD105ABB9F1000F00D00020CDE965
:10C6300002100720CDE90009BDF834000493401E24
:10C6400083B2218B0022159800F035FD8DF81C0077
:10C650000B203070BDF8140020E09DF81C20012153
:10C660004FF00C0A002A22D113ABB9F1000F00D011
:10C670000020CDE902100720CDE900090493BDF8A0
:10C680003400228C401E83B2218B159800F013FDDC
:10C690008DF81C000D203070BDF84C00401CADF82A
:10C6A000340005208DF83800208BADF83C00BCE04C
:10C6B0003888218B88427FF452AF9DF81C004FF0E0
:10C6C000120A00281CD1606AA8B1B878C0073FF4EC
:10C6D00046AF00E018E0BA680720CDE902B2CDF815
:10C6E00004B00090CDF810B0FB88BA88159800F01F
:10C6F00080FA8DF81C00132030700120ADF8340052
:10C7000093E000005C0000203988208B8142D2D168
:10C710009DF81C004FF0160A0028A06B08D0E0B36B
:10C720004FF6FF7000215F46ADF808B0019027E09A
:10C7300068B1B978C907BED1E18F0DAB0844821D3D
:10C7400003968DE80C0243888288018809E0B87856
:10C75000C007BCD0BA680DAB03968DE80C02BB884D
:10C76000FA881598FFF7F7F905005ED0072D72D00B
:10C7700076E0019005AA02A92046FFF72DF90146AF
:10C78000E28FBDF80800824201D00029F1D0E08F8D
:10C79000A16B084407800198E08746E09DF81C00E3
:10C7A0004FF0180A40B1208BC8B138882083214649
:10C7B0001598FFF79AF938E004F118000090237EED
:10C7C000012221461598FFF7A8F98DF81C000028D2
:10C7D000EDD1192030700120ADF83400E7E70525D0
:10C7E00021461598FFF781F93AE0208800F400709F
:10C7F000ADF8200050452DD1A08FA0F57F41FE3926
:10C8000001D006252CE0D8F808004FF0160A48B1F0
:10C81000A063B8F80C10A1874FF6FF71E187A0F86C
:10C8200000B002E04FF6FF70A087BDF8200030F4A2
:10C830007F611AD0782300220320159907F0C4F9EC
:10C8400098F8000020712088BDF82010084320804F
:10C850000EE000E007252088BDF8201088432080E6
:10C86000208810F47F6F1CD03AE02188814321801A
:10C870009DF8380020B10EA91598F9F7A1F90546E1
:10C880009DF81C000028EBD086F801A00120307034
:10C89000208B70809DF81C0030710520ADF83400AD
:10C8A000DEE7A18EE1B118980DAB0088ADF8340039
:10C8B0002398CDE90304CDE90139206B0090E36AA8
:10C8C000179A1598FFF700FA054601208DF83800F1
:10C8D0000EA91598F9F774F900B10546A4F834B01B
:10C8E00094F8460040070AD52046FFF7A4F910F057
:10C8F0003E0F04D114F8460F20F004002070189861
:10C90000BDF83410018028469BE500B585B00328AA
:10C9100006D102208DF8000088B26946F9F750F977
:10C9200005B000BD10B5384C0B782268012B02D041
:10C93000022B2AD111E013780BB1052B01D104236E
:10C94000137023688A889A802268CB88D3802268F3
:10C950000B891381498951810DE08B88938022686E
:10C96000CB88D38022680B8913814B8953818B89B3
:10C970009381096911612168F9F722F92268002180
:10C980000228117003D0002800D0812010BD832020
:10C9900010BD806B002800D00120704781780129EC
:10C9A00009D10088B0F5205F03D042F6010188422A
:10C9B00001D10020704707207047F0B587B00024F0
:10C9C00015460E460746ADF8184011E00598008858
:10C9D000288005980194811DCDE902410721049426
:10C9E0000091838842880188384600F002F930B906
:10C9F00005AA06A93046FEF7EFFF0028E6D00A2870
:10CA000000D1002007B0F0BD5C00002010B58B788D
:10CA100083B102789A4205D10B885BB102E08B7931
:10CA2000091D4BB18B789A42F9D1B0F801300C88CE
:10CA3000A342F4D1002010BD812010BD072826D0CC
:10CA400012B1012A27D103E0497801F0070102E081
:10CA50004978C1F3C20105291DD2DFE801F00318AE
:10CA6000080C12000AB10320704702207047042806
:10CA70000DD250B10DE0052809D2801E022808D33E
:10CA800003E0062803D0032803D0052070470020C8
:10CA900070470F20704781207047C0B282060BD4C8
:10CAA000000607D5FA48807A4143C01D01EBD0004B
:10CAB00080B27047084670470020704770B51388F1
:10CAC0000B800B781C0625D5F14CA47A844204D83F
:10CAD00043F010000870002070BD956800F0070654
:10CAE00005EBD0052D78F54065F304130B70137832
:10CAF000D17803F0030341EA032140F20123B1FBA3
:10CB0000F3F503FB15119268E41D00FB012000EB17
:10CB1000D40070BD906870BD37B51446BDF80410E0
:10CB20001180117841F0040111709DF804100A067B
:10CB30001ED5D74AA368C1F30011927A824208D861
:10CB4000FE2811D1D21DD2084942184600F01BFC24
:10CB50000AE003EBD00200F00703012510789D40A6
:10CB6000A843994008431070207820F010002070EE
:10CB70003EBD2DE9F0410746C81C0E4620F00300DB
:10CB8000B04202D08620BDE8F081C14D002034467D
:10CB90002E60AF802881AA72E8801AE0E988491CDB
:10CBA000E980810614D4E17800F0030041EA002016
:10CBB00040F20121B0FBF1F201FB12012068FFF706
:10CBC0006CFF2989084480B22881381A3044A0605B
:10CBD0000C3420784107E1D40020D4E7AC4801228E
:10CBE0000189C08800EB400002EB8000084480B25D
:10CBF00070472DE9FF4F89B01646DDE9168A0F46CA
:10CC0000994623F44045084600F054FB040002D046
:10CC10002078400703D401200DB0BDE8F08F0998BB
:10CC200003F016FA02902078000606D59848817A1B
:10CC30000298814201D88720EEE7224601A9029896
:10CC4000FFF73CFF834600208DF80C004046B8F10A
:10CC5000070F1AD001222146FFF7F0FE0028DBD192
:10CC60002078400611D502208DF80C00ADF8107028
:10CC7000BDF80400ADF81200ADF814601898ADF8D6
:10CC80001650CDF81CA0ADF818005FEA094004D595
:10CC900000252E46A84601270CE02178E07801F017
:10CCA000030140EA012040F20121B0FBF1F280468D
:10CCB00001FB12875FEA494009D5B84507D1A17841
:10CCC000207901F0030140EA0120B04201D3BE42C5
:10CCD00001D90720A0E7A8191FFA80F9B94501D9A1
:10CCE0000D2099E79DF80C0028B103A90998F8F7E1
:10CCF00065FF002890D1B84507D1A0784FEA1921E7
:10CD000061F30100A07084F804901A9800B10580C6
:10CD1000199850EA0A0027D0199830B10BEB060099
:10CD20002A46199900F005FB0EE00BEB0608574662
:10CD3000189E099803F0F5FA2B46F61DB5B2394650
:10CD40004246009502F0F1FE224601A90298FFF743
:10CD5000B5FE9DF80400224620F010008DF8040076
:10CD6000DDE90110FFF7D8FE002055E72DE9FF4F60
:10CD7000DFF81C91824685B0B9F80610D9F800009A
:10CD800001EB410100EB810440F20120B2FBF0F124
:10CD9000174600FB1175DDE9138B4E4629460698B0
:10CDA000FFF77BFE0346FFF719FF1844B1880C30EC
:10CDB000884202D9842009B02FE70698C6B230060F
:10CDC00003D5B00601D50620F5E7B9F80620521CB8
:10CDD00092B2A9F80620BBF1000F01D0ABF80020F9
:10CDE000B00602D5C4F808800AE0B9F808201A4451
:10CDF00092B2A9F80820D9F80000891A0844A06066
:10CE00002246FE200699FFF787FEE77025712078FD
:10CE1000390A61F301002A0AA17840F0040062F3A4
:10CE20000101A17020709AF802006071BAF8000048
:10CE3000E08000252573300602D599F80A7000E0DD
:10CE40000127B00601D54FF000084E4600244FF0F0
:10CE500007090FE0CDE902580195CDF8009004953F
:10CE6000F1882046129B089AFFF7C3FE0028A2D142
:10CE7000641CE4B2BC42EDD300209CE700B5FFF790
:10CE8000ADFE03490C308A88904203D9842000BD4E
:10CE900098050020CA88086802EB420300EB830073
:10CEA000521C037823F004030370CA80002101732D
:10CEB0000846ECE72DE9F047804600F0FBF9070053
:10CEC00005D000264446F74D40F2012916E0012026
:10CED000BDE8F087204600F0EDF90278C17802F055
:10CEE000030241EA0222B2FBF9F309FB13210068B5
:10CEF000FFF7D3FD3044641C86B2A4B2E988601EFB
:10CF00008142E7DCA8F10100E8802889801B2881A4
:10CF100000203870DCE710B5144631B1491E21807D
:10CF200003F096F8A070002010BD012010BD70B570
:10CF30000446DC48C188036801E0401C208020884A
:10CF4000884207D200EB400213EB820202D0157830
:10CF50006D07F2D580B2884216D2AAB15079A0727C
:10CF6000D08820819178107901F0030140EA0120F6
:10CF7000A081A078E11CFFF7A1FD20612088401C62
:10CF80002080E080002070BD0A2070BD0121018258
:10CF900070472DE9FF4F85B04FF6FF798246A3F821
:10CFA000009048681E460D4680788DF80600486857
:10CFB0000088ADF8040000208DF80A00088A0C886B
:10CFC000A04200D304462C8251E03878400708D4B0
:10CFD000641C288AA4B2401C288208F10100C0B257
:10CFE00046E0288A401C2882781D6968FFF70EFDFC
:10CFF000D8BB3188494501D1601E30803188A1EB12
:10D00000080030806888A04238D3B878397900F0B9
:10D01000030041EA002801A9781DFFF7F7FC20BBB7
:10D02000298949452ED0002239460798FFF706FD89
:10D03000D8B92989414518D1E9680391B5F80AC0E2
:10D04000D7F808B05046CDF800C003F06AF9DDF813
:10D0500000C05A460CF1070C1FFA8CFC434603999A
:10D06000CDF800C002F02BFD60B1641CA4B200201A
:10D070008046204600F01EF90700A6D1641E2C82CF
:10D080000A2098E674807879B071F888B080397891
:10D09000F87801F0030140EA01207081A6F80C80C5
:10D0A000504602F0D5FF3A4606F10801FFF706FDAB
:10D0B000306100207FE62DE9FF4F87B081461C4696
:10D0C0009246DDF860B0DDF85480089800F0F2F880
:10D0D000050002D02878400702D401200BB09CE55F
:10D0E000484602F0B5FF2978090605D56D49897AC9
:10D0F000814201D88720F1E7CAF309062A4601A92F
:10D10000FFF7DCFC0746149807281CD000222946AC
:10D11000FFF794FC0028E1D12878400613D50120C0
:10D120008DF808000898ADF80C00BDF80400ADF8C3
:10D130000E00ADF81060ADF8124002A94846F8F7AD
:10D140003DFD0028CAD12978E87801F0030140EAC2
:10D150000121AA78287902F0030240EA022056450C
:10D1600007D0B1F5007F04D9611E814201DD0B209B
:10D17000B4E7864201D90720B0E7801B85B2A542FB
:10D1800000D92546BBF1000F01D0ABF8005017982D
:10D1900018B1B9192A4600F0CCF8B8F1000F0DD03B
:10D1A0003E4448464446169F03F0CDF82146FF1DF5
:10D1B000BCB232462B46009402F0EBFC00208DE717
:10D1C0002DE9F04107461D461646084600F072F864
:10D1D000040002D02078400701D40120D3E438466F
:10D1E00002F036FF2178090605D52E49897A814259
:10D1F00001D88720C7E422463146FFF75FFC65B1BE
:10D200002178E07801F0030140EA0120B0F5007FC9
:10D2100001D8012000E0002028700020B3E42DE9AF
:10D22000F04107461D461646084600F043F8040044
:10D2300002D02078400701D40120A4E4384602F04F
:10D2400007FF2178090605D51649897A814201D858
:10D25000872098E422463146FFF75EFCFF2D14D06C
:10D260002178E07801F0030240EA022040F2012236
:10D27000B0FBF2F302FB130015B900F2012080B2FB
:10D28000E070000A60F30101217000207BE410B51A
:10D290000C4600F00FF810B10178490704D40120C2
:10D2A00010BD000098050020C18821804079A07041
:10D2B0000020F5E70749CA88824209D340B10968CE
:10D2C00000EB40006FF00B0202EB80000844704757
:10D2D000002070479805002070B504460D46214691
:10D2E0002B460AB9002070BD01E0491C5B1C501E92
:10D2F000021E03D008781E78B042F6D008781E7857
:10D30000801BF0E730B50C4601462346051B9542CD
:10D3100006D202E0521E9D5C8D54002AFAD107E02D
:10D3200004E01D780D70491C5B1C521E002AF8D1C8
:10D3300030BDF0B50E460146334680EA030404F0E2
:10D340000304B4B906E002B9F0BD13F8017B01F89B
:10D35000017B521E01F00307002FF4D10C461D463D
:10D3600002E080CD80C4121F042AFAD221462B4647
:10D3700000BF04E013F8014B01F8014B521E002AD4
:10D38000F8D100BFE0E7F0B50C460146E6B204E094
:10D3900002B9F0BD01F8016B521E01F00307002F26
:10D3A000F6D10B46E5B245EA052545EA054501E01B
:10D3B00020C3121F042AFBD2194602E001F8016BB8
:10D3C000521E002AFAD100BFE3E710B506F0F7FEBF
:10D3D000FAF792F906F09CFDBDE8104006F02EBE6B
:10D3E000202801D2012070470020704701224FF011
:10D3F000A043824011B1C3F80C257047C3F808253B
:10D4000070474FF0A04101228240C1F818257047B3
:10D4100070B50346002002466FF02F050EE09C5CBD
:10D42000A4F130060A2E02D34FF0FF3070BD00EB9E
:10D43000800005EB4000521C2044D2B28A42EED359
:10D4400070BD30B50A230BE0B0FBF3F403FB14040A
:10D45000B0FBF3F08D183034521E05F8014CD2B2F7
:10D46000002AF1D130BD30B500234FF6FF7510E032
:10D47000040A44EA002084B2C85C6040C0F303148C
:10D48000604005EA00344440E0B25B1C84EA40108E
:10D490009BB29342ECD330BDF94A137882F88B30BB
:10D4A000A2F88C0082F88A10012082F8880092F895
:10D4B000640008B192F8600082F88E00704710B5E1
:10D4C0000B46114658B11846FFF7E6FFED48806855
:10D4D000008802F026FFBDE8104002F0CDBBBDE899
:10D4E00010404FF6FF70D7E770B50026044646702F
:10D4F000E44D1120207029682022A01C6831FFF71C
:10D5000018FF0121A171286800F8666F8078002853
:10D5100011D1DB48B0F86A20A0F89220AA68537BAA
:10D5200080F8943080F89010108802F0FAFEBDE880
:10D53000704002F0B0BB70BD70B5D24D296891F853
:10D5400096200024012A11D091F89020012A1CD0A5
:10D5500091F86620012A22D091F88820012A21D052
:10D5600091F8A020012A2ED0002070BD447017220F
:10D57000027051F8972FC0F802204A68C0F80620C0
:10D580000A7A827201F8014C1BE044700522027095
:10D59000D1F89220C0F8022081F8904011E0FFF706
:10D5A000A3FF0EE091F86620012AF8D044701422FF
:10D5B000027051F88A2FC0F802208A88C28001F8D0
:10D5C000024C012070BD44701A2200F8022B222266
:10D5D000A131FFF7AEFE286880F8A040F1E7A94826
:10D5E000006890F8661011B1B0F86A0070474FF605
:10D5F000FF70704770B5A34C206800B9FFDF20684A
:10D60000417811B10C25284670BD0025C422294659
:10D61000FFF7B9FE2168FF2008707F2081F83700EE
:10D6200013204884282081F86500012081F85C00DF
:10D63000002081F85F0007F0AFF906F091FCE2E707
:10D6400070B5904C0546206800B9FFDF21680020C6
:10D6500048706560FFF7CEFF002800D0FFDF70BD87
:10D66000884909680978814201D10120704700206A
:10D670007047844800B5016891F82400498CC0F3D4
:10D680008002C0F340031A4400F001001044132943
:10D6900015D004DC102909D0122904D10FE0152976
:10D6A00008D01D2904D0FFDF002000BD764903E02B
:10D6B000764800BD7449083131F8100000BD724948
:10D6C0000839F9E76F4840F271210068806A4843E1
:10D6D00070476C48006890F83600002800D00120A0
:10D6E000704710B5664C207B00F074FD40B1207D82
:10D6F00004F115010BF034FB082801D0012010BD06
:10D70000207B30B1022804D00120BDE8104007F092
:10D71000A6BC0020F9E75A490873704759490968BF
:10D7200081F83000704770B50646554890F82D00D6
:10D730000BF0A4FA050018D010210BF076FD00289C
:10D7400013D1504C012032462168C87628461C313E
:10D7500007F092FCD4E900101C310BF0BFFF6068A9
:10D76000BDE8704001210BF0C8BF70BD2DE9F0414C
:10D77000434C074694F82D000BF0FDFA064694F84A
:10D780002F0004F10E0528B126B194F82D000BF0FE
:10D7900018FAA0B194F83000002824D094F82E0094
:10D7A000002820D0607B294600F025FDA8B10BF0B1
:10D7B0008AFB3A462946BDE8F04107F05DBC0120EE
:10D7C00060733A462946304607F056FC94F82D100F
:10D7D0002846BDE8F0410BF065BB39462846BDE858
:10D7E000F04107F07EBCBDE8F08170B5254C2168A2
:10D7F000087BB0B1022814D0012048730E3107F025
:10D8000018FC2068007B00F0E5FC216881F82F00FF
:10D81000082081F82D00487B0E3100F0E3FC40B970
:10D8200001E00020E9E72168487B0E3100F0E3FCCD
:10D8300000B10120216881F82E0091F82F0018B95D
:10D8400091F82200400706D5087D15310BF088FAC3
:10D85000216881F82D0020680025456004F0ADFDA9
:10D86000216888600020FFF781FF2068C57690F866
:10D87000220040070CD5BDE87040002053E70000AF
:10D88000A405002064000020A0B101008F891300CE
:10D8900070BDFB4A1268137B0370D2F80E0008605B
:10D8A000508A8880704778B5F6490446F44D407B2D
:10D8B00008732A68207810706088ADF8000080B284
:10D8C00000F00101C0F3400341EA4301C0F38003CB
:10D8D00041EA8301C0F3C00341EAC301C0F300136E
:10D8E00041EA0311C0F3401341EA4311C0F3801031
:10D8F00041EA80105084E07D012825D0022825D0FF
:10D90000FFDF286880F85E60217B80F82410418C5E
:10D910001D291DD061688162617D80F83610A17B70
:10D92000C1B1022916D00121017554F80F1FC0F8AA
:10D930001510A188A0F81910217B012900D0002121
:10D9400080F83410002078BD0126DAE70226D8E7F7
:10D950000021E0E70021E7E7C948006890F82200CD
:10D96000C0F38000704700B5FFF7F6FF08B1002054
:10D9700000BD1F2000BD00B5FFF7F5FF002800D057
:10D98000012000BDBE49002209680A664B8C1D2B90
:10D9900002D081F86400704781F864207047B84A6B
:10D9A0000023126882F85D3042F84C1F90800120FD
:10D9B00050747047B24A0023126882F85C30A2F8B3
:10D9C000580042F8541F012010727047AC49096892
:10D9D00081F835007047AA49096881F85F007047EF
:10D9E000A748006890F95F007047A548006890F864
:10D9F000220000F001007047A148006890F8220062
:10DA0000C0F340007047002070479D48006890F8C0
:10DA10002200C0F3C000704701207047012070470A
:10DA20000120704770B500F0FAFB954C2068016E3C
:10DA3000491C016690F83300002530B106F0ACFFB8
:10DA400006F08EFA206880F833502068457090F810
:10DA5000381009B102201AE090F86410B1B1006EDC
:10DA6000814213D8022007F095FF206890F8220029
:10DA7000C00704D0A06843220188012003E04322AC
:10DA80004FF6FF710020BDE8704018E50020BDE8AA
:10DA9000704007F07FBF10B501280DD002280DD0CF
:10DAA00004280FD0FFDF7648006890F85E10BDE8CC
:10DAB0001040252006F0FEBB252000E0262006F0C1
:10DAC000D3FCF0E72720FAE702460020D30701D075
:10DAD000CB0705D0930705D58B0703D402207047E9
:10DAE000012070475207FCD54907FAD4042070473B
:10DAF0002DE9F041624C86B0206800B9FFDF206854
:10DB00004178E9BB0178FF2942D0002580F83150E7
:10DB1000A0F85A50857080F83850284606F09EFECE
:10DB2000182259496846FFF704FC684606F08AFE49
:10DB300006F0CCFB206890F95F0006F085FC5248A7
:10DB40001D3806F087FC5048203806F06CFE6068EF
:10DB500006F087FE2068002190F82400FFF7B4FF4C
:10DB6000FFF799FF206880F82C5006F071FE2068BE
:10DB700090F85E10002006F030FD0F21052000E037
:10DB800006E006F038FC206890F82E1051B902E04B
:10DB90000C2006B027E690F82F1019B990F8220053
:10DBA00040072BD504F009FC804620684146806878
:10DBB00005F004F9354F064690FBF7F007FB1060BF
:10DBC0004142404604F0CDF82168886096FBF7F0AA
:10DBD0004A68104448600BF0BFF821684A689042D8
:10DBE0000CD8C1E901580120FFF7C0FD206890F86A
:10DBF0002200400702D50120FFF795FD2068417BF8
:10DC00000E3006F0EAFB206890F85C1039B1B0F8ED
:10DC10005810A0F84810416D416480F85C5090F8AD
:10DC20005D1041B1B0F85010A0F84010C16C40F840
:10DC30003C1F80F821500BF0FCF8032160680BF0CA
:10DC40002FF9216881F833000020A2E70C49886091
:10DC500070472DE9F0410A4C0746002620683146FE
:10DC6000C57E6068068000F0D1FA2068408C1328D9
:10DC700040D00DDC102861D012280DD15CE00000EE
:10DC800064000020A4050020B0B1010040420F0054
:10DC9000152838D01D2836D0FFDF00BF00F0CAFAA3
:10DCA0002068418C1D2907D0152905D0B0F84820DF
:10DCB000416C60680BF028FD206890F82C1090F8FB
:10DCC0002400FFF701FF05463FB1FFF7E4FE012204
:10DCD0004FF49671002006F01EFD206890F82C107D
:10DCE000294380F82C1090F824208A434FF001013A
:10DCF00029D02DE0002160680BF0C4FC0121606890
:10DD000000F084FACAE7012160680BF0BBFC012136
:10DD1000606800F07BFAD4E9001025B11C310BF0EB
:10DD2000DDFC012104E015310BF0D8FC2068017DF9
:10DD300060680BF0E2FCB1E7062100E002216068B8
:10DD40000BF0A0FCAAE7428C1D2A0BD080F8311002
:10DD50004170418C13290ED007DC10290AD01229FA
:10DD600007D108E080F82C60F2E7152903D01D29BF
:10DD700001D0FFDF37E590F85E20BDE8F0410121DA
:10DD8000084606F05ABEF84810B50068417841B917
:10DD90000078FF2805D00021084600F059FA00203D
:10DDA00010BD00F03CFA0C2010BD2DE9F041EE4D05
:10DDB0000446174628680E4690F8660000B1FFDF5B
:10DDC0002968002F81F868704ED12088A1F86A0078
:10DDD0006088A1F88000A088A1F88200E088A1F8FE
:10DDE000840094F88C0181F8860091F82F0020B10E
:10DDF000487B0E3100F0FFF940B9296891F83000F6
:10DE000060B1487B0E3100F0EDF938B12868D0F8E8
:10DE10000E104167418AA0F8781003E02868476730
:10DE2000A0F878706968FF2E0878C0F380106076DB
:10DE3000D1F80300C4F81A00B1F80710E18314D038
:10DE4000296801F16E02C1F87A00E08BA1F87E002A
:10DE500030466D310AF099FF00B9FFDF286810F8ED
:10DE60006D1F41F002010170BDE42868C0F87A70AE
:10DE7000A0F87E70617E80F86D10D4F81A1040F81A
:10DE80006E1FE18B8180AEE470B5FFF7BEFDB64C2E
:10DE9000012538B13C22FF21A068FFF786FF2068EA
:10DEA00080F86650206890F82200C00704D0A0686F
:10DEB0003C220188012003E03C224FF6FF71002044
:10DEC000FFF7FDFA206880F8385070BDA649096850
:10DED00081F83200704770B5002507F0BAFC50B1E8
:10DEE000A14C20684178012908D0022901D00329DA
:10DEF00036D0FFDF70BDBDE8704093E58178002922
:10DF0000F8D1418C102913D090F8330020B106F0DD
:10DF100019F8402006F02DFD206890F822104907DE
:10DF200010D490F83610012904D0032902D002E061
:10DF3000002119E0102590F85E2045F00E01002028
:10DF400006F07BFD206890F8340008B106F054FD1F
:10DF50000021962006F0B1FC21680220487070BDB7
:10DF600081780029FBD18178BDE87040012000F064
:10DF70006FB957E510B57C4C206890F8340008B1B3
:10DF800000F07AF9206890F8330018B106F004FD2B
:10DF900005F0E6FF07F05DFC88B1206840780228B4
:10DFA00000D0FFDF0021012000F052F92068417805
:10DFB000002903D04078012800D0FFDF10BDBDE864
:10DFC00010402FE510B50AF0CBFE04460AF07DFFA5
:10DFD00038B120460AF052FE18B110210BF025F995
:10DFE00008B1002010BD012010BD2DE9F047DFF879
:10DFF00078910E460746032809D0FFF7F6FC044641
:10E00000D9F8000090F8320020B1012003E0FFF7BA
:10E01000F3FC04460020804606F018FA0546032F5C
:10E020002BD0012734EA080453D0D9F800004C461D
:10E0300090F8330068B10AF0E2FE30700146FF2824
:10E0400007D06068C01C0AF0B7FE30780AF0E1FE25
:10E05000054360680178C1F3801221680B7D9A4204
:10E0600005D10622C01C1531FFF736F938B1002062
:10E070003178FF290BD0D8B903E00227D2E701207D
:10E08000F6E7206890F82D00884211D008E038B1FA
:10E09000616811F8030BC0F38010FFF793FF38B1EC
:10E0A0000020216891F82210490703D5A0B910E09B
:10E0B0000120F6E785B92D4890F8360008B1B8423E
:10E0C00007D1616811F8030BC0F38010FFF77AFFE6
:10E0D00010B10020BDE8F0870120FBE7F8B5224C25
:10E0E0000746002520684078022800D0FFDF20681E
:10E0F00090F8340008B100F0BFF860680BF0E4FA63
:10E1000006460FB306F073F9F0B1052E1DD1606815
:10E1100090F8240000F01F00102816D9206890F80D
:10E12000350090B1FF208DF80000012569460520DB
:10E13000FFF75BFF40B1206880F8A05061682222A1
:10E14000A130C91CFFF7F5F815E060680BF0FCFA88
:10E1500088B1062E0FD2DFE806F00E0E0E030E0B6E
:10E1600000F0CDF806E0000064000020A4050020C7
:10E1700000F091F800B90125206890F8330018B13B
:10E1800006F00AFC05F0ECFE1DB10021012000F0B4
:10E190005FF820684178002906D04178012903D032
:10E1A0004078032800D0FFDFF8BD70B59F4E0546CC
:10E1B0000C463068807800280BD106F02FF8034613
:10E1C0003068214690F85E202846BDE8704007F090
:10E1D000C1BD70BD022803D0032801D000207047C4
:10E1E00001207047012802D14879800901D0002020
:10E1F000704701207047012806D148790121B1EB11
:10E20000901F01D101207047002070470278202321
:10E2100022F0200203EA41110A430270704710B550
:10E2200006F09AFB06F079FB06F0C8FABDE810404C
:10E2300006F0FFBA10B57D4C7D4960680BF048FAD6
:10E240007B480E38417B6068BDE810400BF04CBA4B
:10E25000764A10B5126892F831303BB1508C1D28C7
:10E2600000D1FFDFBDE81040FFF7DCBB002902D181
:10E27000BDE81040EDE410BD10B56C4C206837309F
:10E2800006F0C5FB18B921687F2081F83700BDE88A
:10E29000104006F0A7BB38B5FF208DF8000001251F
:10E2A00069460520FFF7A1FE30B3604C20688078F6
:10E2B00008BB6268A0681278417BC2F3401211402B
:10E2C0004173012100F04AF800229DF80010A06877
:10E2D000FFF76BFD2068012100F8661F82788188B6
:10E2E0000120FFF7ECF8216800204870FFF797FF46
:10E2F000012007F04FFB00E00025284638BD38B567
:10E30000FF208DF80000012569460320FFF76DFE10
:10E31000464C002820681CD090F8341031B190F899
:10E32000960018B99DF8000000F04CF860680021D4
:10E33000018004210BF0A6F9FFF77CFF2068B0F8FC
:10E340004020C16B60680BF0EFF921680320487032
:10E3500002E0807800B90025284638BD70B5334DFD
:10E360000446686850F80F2FC4F80E208288628235
:10E3700082792275C27962750289E282428962805D
:10E380008289A280C289E2800269A260027D227332
:10E39000427D02F01F022276407D400984F88C0104
:10E3A00084F8641084F86510002104F130000BF04B
:10E3B0002AFB286890F8651004F8661F90F85F0043
:10E3C000607070BD70B5194C0122216881F89620EB
:10E3D0000A7881F89720FF280DD001F19902983131
:10E3E0000AF0D3FC00B9FFDF206810F8981F41F055
:10E3F000020101700CE060680278C2F3801281F8BB
:10E400009820D0F8032041F8992FB0F807008880B1
:10E41000256895F837009F357F2800D1FFDF2068F9
:10E4200010F8371F29707F21017070BD6400002033
:10E43000B20500202DE9FC470C460646694600F06F
:10E4400010FF002860D1FFF7CAF8B0425CD0214627
:10E45000304608F0DEFF28BB019D95F82C01703591
:10E4600018B9287F08B1012000E00020814695F806
:10E4700039004FF000084FF0010AA0B195F83A00BA
:10E48000800710D584F8018084F800A084F8028009
:10E49000A68095F83B10A171A98F2181E98F618138
:10E4A00085F839802DE0304601F04DFF070000D19E
:10E4B000FFDF384601F06DF940B184F801800D218D
:10E4C0002170A680E08084F802A01AE0304601F0B6
:10E4D00028FF070000D1FFDFB9F1000F14D0384644
:10E4E00001F0AFF980B1304606F01EFD84F80180DE
:10E4F0000A21217084F80280A680697FA17185F8C5
:10E500001C800120BDE8FC870020FBE71CB56946A4
:10E5100000F0A7FE00B1FFDF684600F0AFFEF9494A
:10E5200000208968A1F8F2001CBD2DE9FC410446D9
:10E530000E46062001F06EFD00250746A84606445B
:10E5400017E02088401C80B22080B04202D34046B1
:10E55000A4F8008080B2B84204D3B04202D20020B6
:10E56000BDE8FC81694600F07CFE0028F8D06D1CF7
:10E57000EDB2AE42E5D84FF6FF7020801220EFE7F3
:10E5800010B506F043FD0AF026FBDF484FF6FF7199
:10E5900000234182818203701B2141804FF4A472C9
:10E5A0008280C180028103228275C2758272042436
:10E5B000C4728181C1810282837610BD70B5D14C55
:10E5C0000D466060217006F0ADFC00F063FEFFF7C1
:10E5D000D7FF207809F09EFD284607F04DFACA487B
:10E5E0002838FFF72DF82178606808F0F6FFBDE8BD
:10E5F00070400AF0F0BA10B501240AB1002010BD35
:10E6000021B1012903D00024204610BD02210BF0C6
:10E61000CBF8F9E7887800B90320C97801B903215C
:10E62000107019700020704730B587B0044600881C
:10E63000694600F016FE002806D1A08830B10128F6
:10E6400004D0022802D0122007B030BD05AB04AAC6
:10E6500021466846FFF7DEFF0400F5D1019901204D
:10E6600081F8C501019991F81012002539B9019975
:10E6700091F8C41119B9019991F8971009B13A2488
:10E6800015E00199039581F8C40101989DF81020C7
:10E6900080F8C621019B9DF8140083F8C7018DF80E
:10E6A0000C208DF80D0003AA01200AF0F4FE019859
:10E6B00080F8C5512046C7E710B504460020A17870
:10E6C00001B90120E2780AB940F0020000F0F6FD3D
:10E6D000002803D12046BDE81040A5E710BD70B565
:10E6E0000D4604460189002380880AF0C9FE696A44
:10E6F00081421DD2401A401CA1884008091A8AB2E2
:10E70000A2802189081A2081668895F86410104635
:10E710000AF08DFE864200D230466080E68895F889
:10E72000651020890AF083FE864200D23046E080E0
:10E7300070BDF0B585B00D46064603A900F091FD09
:10E7400000282AD104990022FB20B1F84E30FB2B7F
:10E7500000D30346B1F85040FB20FB2C00D3044605
:10E76000DFF8A8C19CE8811000900197CDF808C09F
:10E77000ADF80230ADF806406846FFF7B0FF6E8096
:10E78000BDF80400E880BDF808006881BDF802000B
:10E79000A880BDF806002881002005B0F0BD2DE955
:10E7A000F04186B004460088694600F05AFD002812
:10E7B00059D12189E08800F09BFD002853D1A18820
:10E7C000608800F095FD00284DD12189E08800F097
:10E7D00085FD002847D1A188608800F07FFD0600F4
:10E7E00041D1208802A9FFF7A4FF00B1FFDFBDF8E7
:10E7F000101062880920914235D3BDF80C10E288D0
:10E80000914230D3BDF81210BDF80E202389114477
:10E81000A2881A44914226D3019D01274FF0000897
:10E8200085F8BB71019890F8FC0105F5DD7508B11C
:10E830003A2615E0E08868806088E880218940F603
:10E840004800814200D30146A980A188814200D2BC
:10E8500008462881002228460199FFF740FF2F70C3
:10E8600085F80180304606B0BDE8F08197E710B525
:10E870000446FEF761FE002813D0207814280FD13B
:10E88000A07868B1A088062101F018FC40B100888A
:10E8900006F04AFBA088062101F022FC00B1FFDF50
:10E8A000012010BD2DE9F041060000D1FFDF164820
:10E8B000022114308046FFF738FE00B1FFDF124C12
:10E8C0000620A78A01F0A6FB0546A08AA84203D12C
:10E8D0003046FFF7CCFF20B9A08A3146FFF7AAFDEA
:10E8E00030B1304600F012FD0028EED10120BBE728
:10E8F00002214046FFF719FE10B9A08AB842E4D1C0
:10E900000020B1E77000002090060020C8B101008F
:10E9100010B500F083FC08B10C2010BD0AF096F988
:10E92000002010BD10B50446007818B1012801D0B0
:10E93000122010BD00F07DFC20B10AF0FDF908B1F5
:10E940000C2010BD207800F053FCE21D04F11703E9
:10E95000611CBDE810400AF09BB910B5044600F0F8
:10E960005DFC08B10C2010BD207818B1012801D041
:10E97000122010BD00F03CFC611C0AF041F908B106
:10E98000002010BD072010BD10B50AF0D9F908B15C
:10E99000002010BD302010BD10B5044600F049FC29
:10E9A00008B10C2010BD20460AF0C2F9002010BDAD
:10E9B00010B500F03EFC20B10AF0BEF908B10C2001
:10E9C00010BD0AF0A7F9002010BDFF2181704FF69D
:10E9D000FF718180F84949680A7882718A880281CA
:10E9E0004988418101214170002070471CB50024F5
:10E9F00012F1080F15D00CDC12F1280F11D012F112
:10EA0000140F0ED012F1100F0BD012F10C0F0CD10D
:10EA100007E012F1040F04D01AB1032A01D0042A2E
:10EA200003D1012804D0032806D0122420461CBD9F
:10EA30001046FEF7D0FFF9E708461446694600F095
:10EA400010FC08B10224F1E7019880F86740002427
:10EA5000ECE710B5134601220AF003FC002010BDBC
:10EA600010B5044600F0E5FB08B10C2010BD2146AE
:10EA7000002006F0CCFA002010BD10B5044607F0C7
:10EA800095F920B1207807F003F8002010BD0C2084
:10EA900010BD10B5044600F0CCFB08B10C2010BD31
:10EAA0002146012006F0B3FA002010BD38B5044617
:10EAB0004FF6FF70ADF80000A079E179884216D0DA
:10EAC0002079FEF78DFC90B16079FEF789FC70B17A
:10EAD0000022A07911460BF0DBFB40B90022E0795F
:10EAE00011460BF0D5FB10B9207A072801D9122066
:10EAF00038BD07F067F948B900216846FFF715FDF2
:10EB000020B1204605F0ADFB002038BD0C2038BDFB
:10EB10002DE9FC41817804461A2925D00EDC1629FE
:10EB20002DD2DFE801F02C2C2C2C2C212C2C2C2C81
:10EB30002C2C2C2C2C2C2C2C2C2121212A291ED0A5
:10EB40000BDCA1F11E010C2919D2DFE801F0181825
:10EB50001818181818181818180D3A3904290ED250
:10EB6000DFE801F00D020D022088B0F5706F06D2CB
:10EB70000127694600F075FB18B10220F0E412206D
:10EB8000EEE4019D68462E4605F5C87506F291161D
:10EB900000F05AFB08B1287808B10C20E0E42F708F
:10EBA000A0783070684600F069FB0020D8E41CB5FE
:10EBB0000C46694600F055FB002118B12160217117
:10EBC00002201CBD0198024610F1700080F842102E
:10EBD00093682360137B237190F84230002BF5D1AA
:10EBE00000201CBD10B5044600F023FB20B10AF044
:10EBF000A3F808B10C2010BD207800F0F9FAE279F2
:10EC0000611C0AF06EF908B1002010BD022010BD91
:10EC100010B5886E60B1002241F8682F0120CA71DA
:10EC2000897988400BF028FB002800D01F2010BDF8
:10EC30000C2010BD1CB50C46694600F012FB0028E4
:10EC400005D10198B0F87000401C208000201CBD48
:10EC50001CB504460088694600F003FB08B1022099
:10EC60001CBD606828B1DDE90001224600F09CFB74
:10EC70001CBDDDE90001FFF7CBFF1CBD10B500781E
:10EC8000012800D00020FEF7A1FE002010BDF0B545
:10EC900044888188C288038945898089A71F40F6F6
:10ECA0007B46B74215D28F1FB74212D28C4210D882
:10ECB000B2F5FA7F0DD2A3F10A04361FB44208D28E
:10ECC000521C4A43B2EB830F03DA854201D800207D
:10ECD000F0BD3020F0BDF8B515460E46044607F0ED
:10ECE00071F808B10C20F8BD204600F09CFB00280C
:10ECF000F9D1A078C1064FF01100F4D5E17D0329C8
:10ED0000F1D0FEF76DFE3070A07555B9FF208DF87B
:10ED1000000069460020FEF74DFE69460020FEF720
:10ED20003EFE2046BDE8F840FEF7BDBD0022D2E71A
:10ED30000078C10801D01220704720498876002051
:10ED4000704710B504460078C00704D1608810B140
:10ED5000FEF711FE80B12078618800F00102607832
:10ED600000F0ACFB002806D1FEF7FDFD01466088EF
:10ED7000884203D9072010BD122010BD6168FEF73C
:10ED800019FE002010BD10B504460078C00704D15C
:10ED9000608810B1FEF730FE90B12078618800F0F5
:10EDA0000102607800F08AFB002804D16088616865
:10EDB000FEF7F5FD002010BD700000209006002039
:10EDC0001220F8E77CB5044640784225012808D88F
:10EDD000A078FEF745FC20B120781225012802D04A
:10EDE00090B128467CBDFEF710FE20B1A088002817
:10EDF000F7D08028F5D8FEF70FFE60B160780028C4
:10EE0000EFD02078012808D006F07EF9044606F0FD
:10EE100009FE00287FD00C207CBDFEF762FC10B9F3
:10EE2000FEF7F1FD90B306F0CDFF0028F3D1FEF719
:10EE3000D6FBA0F57F41FF39EDD1FEF7D6FCA688C1
:10EE400042F210704643A079FEF79CFDFEF7CDFD1F
:10EE5000F8B10022062101A801F002F9040058D0FF
:10EE6000F7480021846020460AF01EF92046FEF78C
:10EE7000EDFEF44D04F13000AA89E989C2830184D2
:10EE8000FEF7CCFD60B1288A01210DE0FFE71220DA
:10EE90007CBD3146002006F0FEFD88B3FFDF44E074
:10EEA000FEF7BEFD0146288A06F090FE0146A062EC
:10EEB0000022204606F02BF9FEF7B0FD38B9FEF728
:10EEC000AFFD0246214601200AF0E3FAD0B1DD4A47
:10EED0002146163201200AF0DEFAE87A0090AB7A79
:10EEE000EA89A989208801F0A5F900B1FFDF20880F
:10EEF00006F019F83146204606F0CDFD00B1FFDFDF
:10EF000013E008E00621BDF8040001F0E9F800B1C3
:10EF1000FFDF09207CBD44B1208806F005F8208879
:10EF2000062101F0DDF800B1FFDF00207CBD0021EB
:10EF300048E770B50D46062101F0C0F8040003D083
:10EF400094F8930110B10AE0022070BD94F87D009E
:10EF5000142801D0152802D194F8E00108B10C2042
:10EF600070BD1022294604F5CA70FEF7E2F90120AF
:10EF700084F89301002070BD10B5062101F09EF8C1
:10EF800018B190F8931111B107E0022013E790F83F
:10EF90007D10142903D0152901D00C200BE7022184
:10EFA00080F89311002006E72DE9FC410D464BF651
:10EFB00080321221954213D895B1694600F051F97B
:10EFC00000280CD1019EB41C703627882A46394689
:10EFD00030460AF02AF82088B842F6D10020CDE564
:10EFE0000846CBE51CB504460088694600F039F9AF
:10EFF000002808D10199A378084691F82C20703197
:10F000009A4201D10C201CBD7F220A728A72002212
:10F01000CA72E17880F82D10217980F82E10A1783D
:10F0200080F82C1010461CBD1CB50C46694600F03B
:10F0300018F9002806D1019890F88C0000B1012041
:10F04000207000201CBD7CB50D461446694600F0BA
:10F0500008F9002805D1019890F82C00012801D06A
:10F060000C207CBD019890F87810297090F87900F8
:10F07000207000207CBD70B50D461646062101F0BB
:10F080001DF818B381880124C388428804EB410429
:10F09000AC4217D842F210746343A4106243B3FB2E
:10F0A000F2F2521E94B24FF4FA72944200D914460E
:10F0B000A54200D22C46491C641CB4FBF1F24A4321
:10F0C000521E91B290F8CC211AB901E0022070BD15
:10F0D00001843180002070BD10B50C46062100F07F
:10F0E000EDFF48B180F8FF4024B190F8FD1009B160
:10F0F00006F083FD00205EE602205CE6017899B10F
:10F10000417889B141881B290ED381881B290BD3F3
:10F11000C188022908D34B490268283941F8322FA7
:10F1200040684860002070471220704710B506F014
:10F130001EFD00203FE610B506F01CFD00203AE65B
:10F1400070B514460A46064600250121104606F011
:10F150003DFD002800D8284605460121304600F034
:10F160004EF806460121002000F049F8311801222E
:10F1700096318D4206D901F19600691AB1FBF0F083
:10F18000401C82B22280002070BD10B5044600F001
:10F1900050F808B10C200EE6601C09F08FFE2078B4
:10F1A00000F00100FEF7BAFA002004E610B50446AC
:10F1B000062000F021FF08B10C20FCE52078C007F4
:10F1C00010D00022607811460BF062F808B11220CE
:10F1D000F1E5A06808F073FD6078616808F078FDDB
:10F1E0000020E8E5002008F06AFD00210846F5E768
:10F1F00018B1022801D0012070470020704710B5D7
:10F20000012904D0022905D0FFDF2046D3E5C00044
:10F21000503001E080002C3084B2F6E710B506F0E3
:10F22000D1FD20B1FEF755FA08B10120C3E5002059
:10F23000C1E510B506F0C6FD002800D00120BAE5F2
:10F240007000002090060020416891F82C0191F890
:10F250008C1021B918B1042801D00120704700207A
:10F26000704710B50C46062100F028FF606018B109
:10F270000120207000209EE502209CE5416891F865
:10F28000FD20002A05D0002281F8FD20406806F00C
:10F29000B4BC704708B54FF6FF70ADF8000006E04B
:10F2A0000621BDF8000000F01BFF00B1FFDF0021C8
:10F2B0006846FFF73AF90028F2D008BD70B5144649
:10F2C0000546012200F00EF9002806D12146284605
:10F2D000BDE87040002200F005B970BDFB2803D8DE
:10F2E00040F64800814201D9112070470020704744
:10F2F0001B38E12806D2B1F5A47F03D344F2902055
:10F30000814201D912207047002070471FB58E49F5
:10F31000897ECA0702D10278192A0AD08A0702D444
:10F320000278182A24D0490739D40178122933D019
:10F3300035E04088ADF8000002A9FFF792FF00B168
:10F34000FFDF039810F8601F8DF8021040788DF8E9
:10F3500003000020ADF8040001B9FFDF9DF80300B1
:10F3600000B9FFDF6846FFF7A7F9D8B1FFDF19E062
:10F370004088ADF8000040F64800FB21ADF80400DD
:10F38000ADF80800ADF80210ADF806106846FFF7BA
:10F390006DFA38B1FFDF05E0007BC00702D0002026
:10F3A00004B008E50120FBE7F8B50646508914468D
:10F3B0000F4640B1B0F5004F05D20022A0781146AB
:10F3C0000AF066FF08B11220F8BDB86E394607F1A1
:10F3D000700530B1A07891F86E20904201D00C20D9
:10F3E000F8BD012081F86F00A07881F86E00606898
:10F3F00041F8680F608988802089A884002087F8F8
:10F400006F0020886946FFF715FCA88CBDF8001036
:10F41000081A00B2002804DD39463046FFF7F8FB31
:10F42000DDE70020F8BD38B504460078EF2841D864
:10F430006088ADF80000009800F061F888B361883A
:10F44000080708D4D4E90120824233D8202A31D3D6
:10F45000B0F5804F2ED8207B18B307282AD8607BC0
:10F4600028B1012803D0022801D0032822D14A075D
:10F4700003D4022801D0032805D1A07B08B10128BC
:10F4800018D1480707D4607D28B1012803D002288D
:10F4900001D003280ED1C806E07D03D5012809D18B
:10F4A00004E007E0012801D0032803D1E07E18B171
:10F4B000012801D0122038BD002038BD70B50C469F
:10F4C0000546FF2904D8FEF7A9FA18B11F2C01D967
:10F4D000122070BD2846FEF7C3F808B1002070BDA9
:10F4E000422070BD0AB1012200E00222024202D194
:10F4F000880802D109B1002070471120704780B2FE
:10F50000C1060BD401071CD481064FEAC07101D596
:10F51000B9B900E099B1800713D410E0410610D4C6
:10F5200081060ED4C1074FEA807104D0002902DBA6
:10F53000400704D405E0010703D4400701D40120AB
:10F5400070470020704700009006002030B5058805
:10F5500025F4004421448CB24FF4004194420AD275
:10F56000121B92B21B339A4201D2A94307E005F461
:10F570000041214303E0A21A92B2A9431143018042
:10F5800030BD0844083050434A31084480B27047C7
:10F5900070B51D4616460B46044629463046049A69
:10F5A000FFF7EFFF0646B34200D2FFDF282200211B
:10F5B0002046FDF7E8FE4FF6FF70A082283EB0B26D
:10F5C00065776080B0F5004F00D9FFDF618805F1F5
:10F5D0003C00814200D2FFDF60880835401B343890
:10F5E00080B220801B2800D21B2020800020A07722
:10F5F00070BD8161886170472DE9F05F0D46C1885B
:10F60000044600F12809008921F4004620F400484E
:10F6100000F063FB10B10020BDE8F09F4FF0000A3E
:10F620004FF0010BB0450CD9617FA8EB0600401AE2
:10F630000838854219DC09EB06000021058041806D
:10F640001AE06088617F801B471A083F0DD41B2F8A
:10F6500000DAFFDFBD4201DC294600E0B9B2681ADA
:10F660000204120C04D0424502DD84F817A0D2E750
:10F6700009EB06000180428084F817B0CCE770B532
:10F68000044600F12802C088E37D20F400402BB13D
:10F6900010440288438813448B4201D2002070BD7D
:10F6A00000258A4202D30180458008E0891A0904B6
:10F6B000090C418003D0A01D00F01FFB08E0637F10
:10F6C00000880833184481B26288A01DFFF73EFF0E
:10F6D000E575012070BD70B5034600F12804C588AA
:10F6E000808820F400462644A84202D100201882D7
:10F6F00070BD98893588A84206D3401B75882D1A9D
:10F700002044ADB2C01E05E02C1AA5B25C7F204497
:10F710003044401D0C88AC4200D90D809C8924B136
:10F72000002414700988198270BD0124F9E770B5AE
:10F73000044600F12801808820F400404518208A02
:10F74000002825D0A189084480B2A08129886A8830
:10F750001144814200D2FFDF2888698800260844CE
:10F76000A189884212D1A069807F2871698819B166
:10F77000201D00F0C2FA08E0637F2888083318448F
:10F7800081B26288201DFFF7E1FEA681268201205A
:10F7900070BD2DE9F041418987880026044600F1BB
:10F7A0002805B94219D004F10A0800BF21F400402D
:10F7B0002844418819B1404600F09FFA08E0637F71
:10F7C00000880833184481B262884046FFF7BEFEC5
:10F7D000761C6189B6B2B942E8D13046BDE8F08105
:10F7E0002DE9F04104460B4627892830A68827F4E6
:10F7F0000041B4F80A8001440D46B74201D100200F
:10F80000ECE70AB1481D106023B1627F691D1846FC
:10F81000FDF78FFD2E88698804F1080021B18A194F
:10F8200096B200F06AFA06E0637F6288083399199D
:10F8300089B2FFF78BFE474501D1208960813046B0
:10F84000CCE78188C088814201D101207047002027
:10F85000704701898088814201D1012070470020D2
:10F86000704770B58588C38800F1280425F40042EC
:10F8700023F4004114449D421AD08389058A5E19FD
:10F8800025886388EC18A64214D313B18B4211D398
:10F890000EE0437F08325C192244408892B2801AFD
:10F8A00080B22333984201D211B103E08A4201D1E0
:10F8B000002070BD012070BD2DE9F0478846C18849
:10F8C0000446008921F4004604F1280720F400458D
:10F8D00007EB060900F001FA002178BBB54204D914
:10F8E000627FA81B801A002503E06088627F801B6E
:10F8F000801A083823D4E28962B1B9F80020B9F837
:10F9000002303BB1E81A2177404518DBE0893844E2
:10F91000801A09E0801A217740450ADB607FE1897F
:10F920000830304439440844C01EA4F81280BDE8B1
:10F93000F087454503DB01202077E7E7FFE7618299
:10F940000020F4E72DE9F74F044600F12805C088B0
:10F95000884620F4004A608A05EB0A0608B1404553
:10F9600002D20020BDE8FE8FE08978B13788B6F872
:10F97000029007EB0901884200D0FFDF207F4FF0A3
:10F98000000B50EA090106D088B33BE00027A07FB6
:10F99000B9463071F2E7E18959B1607F29440830F6
:10F9A00050440844B4F81F1020F8031D94F82110A7
:10F9B0008170E28907EB080002EB0801E1813080E9
:10F9C000A6F802B002985F4650B1637F30880833D2
:10F9D000184481B26288A01DFFF7B8FDE78121E0DD
:10F9E000607FE18908305044294408442DE0FFE756
:10F9F000E089B4F81F102844C01B20F8031D94F8B8
:10FA00002110817009EB0800E28981B202EB080045
:10FA1000E081378071800298A0B1A01D00F06DF9DF
:10FA2000A4F80EB0A07F401CA077A07D08B1E088AC
:10FA3000A08284F816B000BFA4F812B084F817B002
:10FA400001208FE7E0892844C01B30F8031DA4F88B
:10FA50001F10807884F82100EEE710B5818800F14E
:10FA6000280321F400442344848AC288A14212D08E
:10FA7000914210D0818971B9826972B11046FFF745
:10FA8000E8FE50B91089283220F40040104419795A
:10FA90000079884201D1002010BD184610BD00F148
:10FAA0002803407F08300844C01E1060088808B949
:10FAB000DB1E136008884988084480B270472DE92E
:10FAC000F04100F12806407F1C460830904643185C
:10FAD00008884D88069ADB1EA0B1C01C80B29042F7
:10FAE00014D9801AA04200DB204687B298183A4603
:10FAF0004146FDF7F1FB002816D1E01B84B2B84463
:10FB0000002005E0ED1CADB2F61EE8E7101A80B249
:10FB10000119A94206D8304422464146BDE8F041C9
:10FB2000FDF7DABB4FF0FF3058E62DE9F04100F168
:10FB30002804407F1E460830904643180025088858
:10FB40004F88069ADB1E90B1C01C80B2904212D939
:10FB5000801AB04200DB304685B299182A464046EA
:10FB6000FDF7E7FB701B86B2A844002005E0FF1CF0
:10FB7000BFB2E41EEAE7101A80B28119B94206D872
:10FB8000211832464046FDF7D4FBA81985B2284615
:10FB900024E62DE9F04100F12804407F1E4608309C
:10FBA00090464318002508884F88069ADB1E90B1BE
:10FBB000C01C80B2904212D9801AB04200DB30469D
:10FBC00085B298182A464146FDF7B3FB701B86B2F2
:10FBD000A844002005E0FF1CBFB2E41EEAE7101AAB
:10FBE00080B28119B94206D8204432464146FDF719
:10FBF000A0FBA81985B22846F0E5401D704710B556
:10FC0000044600F12801C288808820F4004319448A
:10FC1000904206D0A28922B9228A12B9A28A9042C1
:10FC200001D1002010BD0888498831B1201D00F0A5
:10FC300064F800202082012010BD637F62880833B1
:10FC4000184481B2201DFFF781FCF2E70021C18139
:10FC500001774182C1758175704703881380C2891D
:10FC600042B1C28822F4004300F128021A440A601B
:10FC7000C08970470020704710B50446808AA0F5FF
:10FC80007F41FF3900D0FFDFE088A082E08900B12A
:10FC90000120A07510BD4FF6FF7181820021817592
:10FCA000704710B50446808AA0F57F41FF3900D126
:10FCB000FFDFA07D28B9A088A18A884201D1002059
:10FCC00010BD012010BD8188828A914201D1807DC2
:10FCD00008B1002070470120704720F4004221F451
:10FCE00000439A4207D100F4004001F400418842E9
:10FCF00001D0012070470020704730B504460088CD
:10FD00000D4620F40040A84200D2FFDF21884FF4C6
:10FD1000004088432843208030BD70B50C00054664
:10FD200009D0082C00D2FFDF1DB1A1B2286800F075
:10FD300044F8201D70BD0DB100202860002070BD6A
:10FD40000021026803E093881268194489B2002AEE
:10FD5000F9D100F032B870B500260D4604460829E6
:10FD600000D2FFDF206808B91EE0044620688188C1
:10FD7000A94202D001680029F7D181880646A9422C
:10FD800001D100680DE005F1080293B2002299420A
:10FD900009D32844491B02608180216809682160D9
:10FDA0000160206000E00026304670BD00230B603B
:10FDB0008A8002680A600160704700234360021D68
:10FDC000018102607047F0B50F46018840881546F2
:10FDD0000C181E46AC4200D3641B3044A84200D924
:10FDE000FFDFA019A84200D9FFDF3819F0BD2DE9C7
:10FDF000F041884606460188408815460C181F4683
:10FE0000AC4200D3641B3844A84200D9FFDFE0199C
:10FE1000A84200D9FFDF70883844708008EB0400E6
:10FE2000BDE8F0812DE9F041054600881E461746E1
:10FE3000841B8846BC4200D33C442C8068883044F4
:10FE4000B84200D9FFDFA019B84200D9FFDF6888A7
:10FE50003044688008EB0400E2E72DE9F0410688B1
:10FE60001D460446701980B2174688462080B84265
:10FE700001D3C01B20806088A84200D2FFDF701928
:10FE8000B84200D9FFDF6088401B608008EB0600A5
:10FE9000C6E730B50D460188CC18944200D3A41AA9
:10FEA0004088984200D8FFDF281930BD2DE9F04185
:10FEB000BF4D04469046A8780E46A04200D8FFDF0A
:10FEC00005EB8607786A50F8240000B1FFDFB868B8
:10FED000002816D0304600F032F90146B868FFF726
:10FEE0003AFF05000CD0786A072E40F8245000D362
:10FEF000FFDFB0484246294650F826302046984752
:10FF00002846BDE8F0812DE9F84305000C46009530
:10FF100024D00026E81C20F00300A84200D0FFDF18
:10FF2000DFF88C820027314688F8007088F801409D
:10FF300088F8024088F8034088F8044088F80540B3
:10FF400088F80640684600F003F900204246009910
:10FF5000C91C21F00301009116B10FE00126D9E779
:10FF600002EB80035962002106E000BFD3F824C0F1
:10FF70004CF82170491CC9B2A142F7D30099401C2A
:10FF800001EB8401C0B200910728E0D3481BBDE813
:10FF9000F88310B50446F1F774F908B1102010BDCC
:10FFA0002078834A618802EB800092780EE0436AF1
:10FFB00053F8213043B14A1C6280A180406A50F856
:10FFC0002100A060002010BD491C89B28A42EED8F1
:10FFD0006180052010BD70B505460C460846F1F756
:10FFE00050F908B1102070BD072D01D3072070BD56
:10FFF00025700020608070BD0EB56946FFF7EBFFED
:020000040001F9
:1000000000B1FFDF6846FFF7C4FF08B100200EBD56
:1000100001200EBD10B50446072800D3FFDF644859
:10002000005D10BD3EB5054600246946FFF7D3FFCD
:1000300018B1FFDF01E0641CE4B26846FFF7A9FFD6
:100040000028F8D02846FFF7E5FF001BC0B23EBDF0
:1000500057498978814201D9C0B27047FF20704763
:100060002DE9F04106291BD1514C00273B464FF6A4
:10007000FF7604EB810514F801C00AE0DC19D5F81D
:1000800024E0A4B25EF824E0BEF1000F04D05B1CB3
:100090009BB29C45F2D8344604802046B44201D13C
:1000A00000202EE7BDE8F04100E7A0F57F43FF3BCD
:1000B00001D0072901D300207047F7E6A0F57F4261
:1000C000FF3A0BD0072909D2394A9378834205D9E0
:1000D00002EB8101496A51F8200070470020704707
:1000E0002DE9F04104460D46A4F57F4143F202009C
:1000F000FF3902D0072D01D3072002E72C494FF02A
:1001000000088A78A242F8D901EB8506726A52F893
:100110002470002FF1D0274839461C3050F8252094
:1001200020469047716A284641F8248000F007F87D
:1001300002463946B068FFF739FE0020E1E61D4966
:10014000383131F810004FF6FC71C01C0840704780
:100150002DE9F843164E8846054600242868C01C41
:1001600020F0030028602046FFF7E9FF315D484397
:10017000B8F1000F01D0002200E02A680146009289
:1001800032B100274FEA0D00FFF7C7FD1FB106E0AF
:1001900001270020F8E706EB8401009A8A602968AD
:1001A000641C0844E4B22860072CD7D3EFE60000B3
:1001B000AC060020D4B1010070B50E461D461146B4
:1001C00000F0D5F804462946304600F0D9F820441E
:1001D000001D70BD2DE9F04190460D4604004FF022
:1001E000000610D00027E01C20F00300A04200D041
:1001F000FFDFE5B141460020FFF78FFD0C3000EB3B
:10020000850617B113E00127EDE7624F04F10C00FA
:10021000AA003C602572606000EB85002060002130
:100220006068FDF7B0F841463868FFF776FD304664
:10023000BDE8F0812DE9FF4F564C804681B0206823
:100240009A46934600B9FFDF2068027A424503D9F7
:10025000416851F8280020B143F2020005B0BDE822
:10026000F08F5146029800F082F886B258460E99F7
:1002700000F086F885B27019001D87B22068A1468B
:1002800039460068FFF767FD04001FD067802580AE
:100290002946201D0E9D07465A4601230095FFF76B
:1002A00077F92088314638440123029ACDF800A01E
:1002B000FFF76EF92088C1193846FFF79AF9D9F887
:1002C00000004168002041F82840C7E70420C5E746
:1002D00070B5304C0546206800B9FFDF2068017A10
:1002E000A9420ED9426852F8251051B1002342F8B4
:1002F00025304A880068FFF759FD216800200A7AF6
:1003000008E043F2020070BD4B6853F8203033B967
:10031000401CC0B28242F7D80868FFF711FD0020E8
:1003200070BD70B51B4E05460024306800B9FFDF74
:100330003068017AA94204D9406850F8250000B11C
:10034000041D204670BD70B5124E0546002430686D
:1003500000B9FFDF3068017AA94206D9406850F839
:10036000251011B131F8040B4418204670BD10B5AA
:100370000A460121FFF705F9C01C20F0030010BD5B
:1003800010B50A460121FFF7FCF8C01C20F003005D
:1003900010BD00007C00002070B50446C2F11005BD
:1003A0002819FCF7C6FF15F0FF0109D0491ECAB293
:1003B0008020A0542046BDE870400021FCF7E3BF38
:1003C00070BD30B505E05B1EDBB2CC5CD55C6C402B
:1003D000C454002BF7D130BD10B5002409E00B78D0
:1003E000521E44EA430300F8013B11F8013BD2B22C
:1003F000DC09002AF3D110BD2DE9F04389B01E4677
:10040000DDE9107990460D00044622D002460846E8
:10041000F949FEF71EFB102221463846FFF7DCFFA4
:10042000E07B000606D5F44A394610231032084610
:10043000FFF7C7FF102239464846FFF7CDFFF87B8C
:10044000000606D5EC4A4946102310320846FFF74D
:10045000B8FF102200212046FCF795FF0DE0103E6A
:10046000B6B208EB0601102322466846FFF7A9FF43
:10047000224628466946FEF7ECFA102EEFD818D02F
:10048000F2B241466846FFF787FF10234A466946A5
:1004900004A8FFF796FF1023224604A96846FFF739
:1004A00090FF224628466946FEF7D3FA09B0BDE818
:1004B000F08310233A464146EAE770B59CB01E46E9
:1004C0000546134620980C468DF808002022194650
:1004D0000DF10900FCF72DFF202221460DF1290026
:1004E000FCF727FF17A913A8CDE90001412302AAB1
:1004F00031462846FFF780FF1CB070BD2DE9FF4F45
:100500009FB014AEDDE92D5410AFBB49CDE90076A4
:10051000202320311AA8FFF76FFF4FF000088DF855
:1005200008804FF001098DF8099054F8010FCDF8BB
:100530000A00A088ADF80E0014F8010C1022C0F3D8
:1005400040008DF8100055F8010FCDF81100A88873
:10055000ADF8150015F8010C2C99C0F340008DF88A
:10056000170006A88246FCF7E4FE0AA8834610227C
:100570002299FCF7DEFEA0483523083802AA40681D
:100580008DF83C80CDE900760E901AA91F98FFF7F0
:1005900033FF8DF808808DF809902068CDF80A00A7
:1005A000A088ADF80E0014F8010C1022C0F3400032
:1005B0008DF810002868CDF81100A888ADF8150056
:1005C00015F8010C2C99C0F340008DF81700504627
:1005D000FCF7AFFE584610222299FCF7AAFE864887
:1005E0003523083802AA40688DF83C90CDE90076A2
:1005F0000E901AA92098FFF7FFFE23B0BDE8F08FF8
:10060000F0B59BB00C460546DDE922101E461746A4
:10061000DDE92032D0F801C0CDF808C0B0F805C03F
:10062000ADF80CC00078C0F340008DF80E00D1F892
:100630000100CDF80F00B1F80500ADF813000878FF
:100640001946C0F340008DF815001088ADF816006B
:1006500090788DF818000DF119001022FCF769FE52
:100660000DF1290010223146FCF763FE0DF139002F
:1006700010223946FCF75DFE17A913A8CDE9000149
:10068000412302AA21462846FFF7B6FE1BB0F0BD63
:10069000F0B5A3B017460D4604461E46102202A828
:1006A0002899FCF746FE06A820223946FCF741FEB1
:1006B0000EA820222946FCF73CFE1EA91AA8CDE967
:1006C0000001502302AA314616A8FFF795FE16989E
:1006D000206023B0F0BDF0B589B00446DDE90E0717
:1006E0000D463978109EC1F340018DF80010317825
:1006F0009446C1F340018DF801101968CDF802103D
:100700009988ADF8061099798DF808100168CDF830
:1007100009108188ADF80D1080798DF80F00102335
:100720006A46614604A8FFF74CFE2246284604A903
:10073000FEF78FF9D6F801000090B6F80500ADF885
:100740000400D7F80100CDF80600B7F80500ADF8B1
:100750000A000020039010236A46214604A8FFF7F0
:1007600030FE2246284604A9FEF773F909B0F0BD11
:100770001FB51C6800945B6801931368029352686C
:100780000392024608466946FEF763F91FBD10B59D
:1007900088B00446106804905068059000200690C8
:1007A000079008466A4604A9FEF753F9BDF8000011
:1007B000208008B010BD1FB51288ADF800201A883F
:1007C000ADF80220002201920292039202460846EE
:1007D0006946FEF73EF91FBD7FB5074B1446054637
:1007E000083B9A1C6846FFF7E6FF22466946284602
:1007F000FFF7CDFF7FBD000022B2010070B50446B7
:1008000000780E46012813D0052802D0092813D1FC
:100810000EE0A06861690578042003F07FFA052DD9
:100820000AD0782300220420616903F0CDF903E0A7
:100830000420616903F072FA31462046BDE8704039
:1008400001F08AB810B500F12D03C2799C78411DE2
:10085000144064F30102C271D2070DD04A795C7969
:1008600022404A710A791B791A400A718278C97844
:100870008A4200D9817010BD00224A71F5E74178A3
:10088000012900D00C21017070472DE9F04F93B081
:100890004FF0000B0C690D468DF820B00978012649
:1008A0000C2017464FF00D084FF0110A4FF00809C1
:1008B0001B2975D2DFE811F01B00C40207031F03D8
:1008C0005E037103A303B803F9031A0462049504D9
:1008D000A204EF042D05370555056005F30536061E
:1008E000390668068406FE062207EB06F00614B1F8
:1008F00020781D282AD0D5F808805FEA08004FD05C
:1009000001208DF82000686A02220D908DF82420C5
:100910000A208DF82500A8690A90A8880028EED042
:1009200098F8001091B10F2910D27DD2DFE801F0C4
:100930007C1349DEFCFBFAF9F8F738089CF6F50061
:1009400002282DD124B120780C2801D00026F0E314
:100950008DF82020CBE10420696A03F0DFF9A88834
:100960000728EED1204600F0F2FF022809D02046E9
:1009700000F0EDFF032807D9204600F0E8FF072824
:1009800002D20120207004E0002CB8D02078012889
:10099000D7D198F80400C11F0A2902D30A2061E0C8
:1009A000C4E1A070D8F80010E162B8F80410218604
:1009B00098F8060084F83200012028700320207087
:1009C00044E00728BDD1002C99D020780D28B8D15B
:1009D00098F8031094F82F20C1F3C000C2F3C002AE
:1009E000104201D0062000E00720890707D198F8BF
:1009F00005100142D2D198F806100142CED194F8E8
:100A0000312098F8051020EA02021142C6D194F86C
:100A1000322098F8061090430142BFD198F80400A4
:100A2000C11F0A29BAD200E008E2617D81427CD868
:100A3000D8F800106160B8F80410218198F8060019
:100A4000A072012028700E20207003208DF8200055
:100A5000686A0D9004F12D000990601D0A900F3016
:100A60000B9022E12875FCE3412891D1204600F04B
:100A70006EFF042802D1E078C00704D1204600F0C0
:100A800066FF0F2884D1A88CD5F80C8080B24FF077
:100A9000400BE669FFF745FC324641465B464E4651
:100AA000CDF80090FFF741F80B208DF82000686A20
:100AB0000D90E0690990002108A8FFF79FFE2078BB
:100AC000042806D0A07D58B1012809D003280AD0F7
:100AD0004AE305202070032028708DF82060CEE1C5
:100AE00084F800A032E712202070EAE11128BCD17E
:100AF000204600F02CFF042802D1E078C00719D06E
:100B0000204600F024FF062805D1E078C00711D167
:100B1000A07D02280ED0204608E0CCE084E072E1FF
:100B200051E124E103E1E9E019E0B0E100F00FFF59
:100B300011289AD1102208F1010104F13C00FCF7C0
:100B4000F8FB607801286ED012202070E078C00792
:100B500060D0A07D0028C8D00128C6D05AE0112856
:100B600090D1204600F0F3FE082804D0204600F083
:100B7000EEFE132886D104F16C00102208F1010169
:100B80000646FCF7D6FB207808280DD014202070EC
:100B9000E178C8070DD0A07D02280AD06278022A29
:100BA00004D00328A1D035E00920F0E708B10128DE
:100BB00037D1C80713D0A07D02281DD00020009097
:100BC000D4E9062133460EA8FFF777FC10220EA9C0
:100BD00004F13C00FCF780FBC8B1042042E7D4E9F3
:100BE0000912201D8DE8070004F12C0332460EA8DF
:100BF000616BFFF770FDE9E7606BC1F34401491ECB
:100C00000068C84000F0010040F08000D7E720787D
:100C1000092806D185F800908DF8209036E32870D9
:100C2000EFE30920FBE79EE1112899D1204600F06F
:100C30008EFE0A2802D1E078C00704D1204600F0D9
:100C400086FE15288CD104F13C00102208F1010128
:100C50000646FCF76EFB20780A2816D01620207076
:100C6000D4E90932606B611D8DE80F0004F15C036B
:100C700004F16C0247310EA8FFF7C2FC10220EA946
:100C80003046FCF729FB18B1F9E20B20207073E223
:100C90002046FFF7D7FDA078216AC0F110020B189B
:100CA00000211846FCF76FFB26E3394608A8FFF73A
:100CB000A5FD06463CE20228B7D1204600F047FEDB
:100CC000042804D3204600F042FE082809D3204619
:100CD00000F03DFE0E2829D3204600F038FE1228F1
:100CE00024D2A07D0228A0D10E208DF82000686AB1
:100CF0000D9098F801008DF82400F5E3022894D1B6
:100D0000204600F024FE002810D0204600F01FFEF0
:100D10000128F9D0204600F01AFE0C28F4D0042057
:100D20008DF8240098F801008DF8250060E2112864
:100D3000FCD1002CFAD020781728F7D16178606AAE
:100D4000022912D05FF0000101EB4101182606EBE9
:100D5000C1011022405808F10101FCF7EAFA042011
:100D6000696A00F0E7FD2670F0E50121ECE70B2849
:100D7000DCD1002CDAD020781828D7D16078616ACD
:100D800002281CD05FF0000000EB4002102000EBB6
:100D9000C2000958B8F8010008806078616A02282A
:100DA0000FD0002000EB4002142000EBC2000958D5
:100DB000404650F8032F0A604068486039E001203F
:100DC000E2E70120EEE71128B0D1002CAED0207868
:100DD0001928ABD16178606A022912D05FF0000156
:100DE00001EB41011C2202EBC1011022405808F125
:100DF0000101FCF79EFA0420696A00F09BFD1A20AD
:100E0000B6E00121ECE7082890D1002C8ED02078A4
:100E10001A288BD1606A98F80120017862F34701A3
:100E20000170616AD8F8022041F8012FB8F8060075
:100E300088800420696A00F07DFD90E2072011E6B9
:100E40003878012894D1182204F114007968FCF74D
:100E500070FAE079C10894F82F0001EAD001E07837
:100E600061F30000E070217D002974D1217803290D
:100E700009D0C00725D0032028708DF82090686A1B
:100E80000D90412008E3607DA178884201D90620B9
:100E9000E8E502262671E179204621F0E001E171C2
:100EA000617A21F0F0016172A17A21F0F001A17262
:100EB000FFF7C8FC2E708DF82090686A0D9007200F
:100EC000EAE20420ABE6387805289DD18DF82000B1
:100ED000686A0D90B8680A900720ADF824000A9857
:100EE0008DF830B06168016021898180A17A8171BB
:100EF00004202070F8E23978052985D18DF820107A
:100F0000696A0D91391D09AE0EC986E80E004121AE
:100F1000ADF824108DF830B01070A88CD7F80C8084
:100F200080B24026A769FFF70EFA41463A4633469B
:100F3000C846CDF80090FEF72CFE002108A8FFF768
:100F40005DFCE07820F03E00801CE07020780528F1
:100F500002D00F200CE04AE1A07D20B1012802D090
:100F6000032802D002E10720BEE584F80080EDE40A
:100F70002070EBE4102104F15C0002F0E8FB606BF0
:100F8000B0BBA07D18B1012801D00520FDE00620EE
:100F90002870F8486063A063C2E23878022894D1D0
:100FA000387908B12875B7E3A07D022802D003285C
:100FB00005D022E0B8680028F5D060631CE06078B6
:100FC000012806D0A07994F82E10012805D0E94810
:100FD00006E0A17994F82E00F7E7B8680028E2D07F
:100FE0006063E078C00701D0012902D0E14803E046
:100FF00003E0F8680028D6D0A06306200FE68DF83D
:101000002090696A0D91E1784846C90709D0617856
:10101000022903D1A17D29B1012903D0A17D032992
:1010200000D00720287033E138780528BBD120781C
:1010300007281ED084F800A005208DF82000686ADB
:101040000D90B8680A90ADF824A08DF830B0032157
:101050000170E178CA070FD0A27D022A1AD00021C0
:101060000091D4E9061204F15C03401CFFF725FA55
:101070006BE384F80090DFE7D4E90923211D8DE8B4
:101080000E0004F12C0304F15C02401C616BFFF7BD
:1010900022FB5AE3626BC1F34401491E1268CA4045
:1010A00002F0010141F08001DAE738780528BDD16E
:1010B0008DF82000686A0D90B8680A90ADF824A0F9
:1010C0008DF830B0042100F8011B102204F15C01FE
:1010D000FCF72FF9002108A8FFF790FB20780928DA
:1010E00001D0132044E70A2020709AE5E078C10778
:1010F00042D0A17D012902D0022927D038E06178B1
:1011000008A8012916D004F16C010091D4E9061257
:1011100004F15C03001DFFF7BBFA0A2028700326C8
:101120008DF82080686A0D90002108A8FFF766FB03
:10113000E1E2C7E204F15C010091D4E9062104F187
:101140006C03001DFFF7A4FA0026E9E7C0F3440191
:1011500014290DD24FF0006101EBB0104FEAB060DE
:10116000E0706078012801D01020BDE40620FFE681
:10117000607801283FF4B6AC0A2050E5E178C90751
:1011800008D0A17D012903D10B202870042030E074
:1011900028702EE00E2028706078616B012818D02E
:1011A00004F15C0304F16C020EA8FFF7E1FA20469B
:1011B000FFF748FBA0780EAEC0F1100230440021CA
:1011C000FCF7E1F806208DF82000686A09960D907A
:1011D0009BE004F16C0304F15C020EA8FFF7C8FA6F
:1011E000E8E73978022903D139790029D0D0297567
:1011F00092E28DF82000686A0D9056E5387807284D
:10120000F6D1D4E909216078012808D004F16C00F6
:10121000CDE90002029105D104F16C0304E004F170
:101220005C00F5E704F15C0304F14C007A680646C3
:10123000216AFFF763F96078012822D1A078216A3A
:10124000C0F110020B1800211846FCF79CF8D4E9F5
:101250000923606B04F12D018DE80F0004F15C039C
:1012600000E05BE204F16C0231460EA8FFF7C8F91A
:1012700010220EA904F13C00FCF72EF808B10B2057
:10128000ACE485F8008000BF8DF82090686A0D906E
:101290008DF824A009E538780528A9D18DF820001B
:1012A000686A0D90B8680A90ADF824A08DF830B047
:1012B00080F80080617801291AD0D4E9092104F16D
:1012C0002D03A66B03910096CDE9013204F16C0366
:1012D00004F15C0204F14C01401CFFF791F900217C
:1012E00008A8FFF78BFA6078012805D015203FE6A3
:1012F000D4E90912631DE4E70E20287006208DF85A
:101300002000686ACDF824B00D90A0788DF82800F0
:10131000CBE438780328C0D1E079C00770D00F2023
:101320002870072065E7387804286BD11422391D0E
:1013300004F11400FBF7FDFF616A208CA1F809009D
:10134000616AA078C871E179626A01F003011172E3
:10135000616A627A0A73616AA07A81F824001620B1
:101360005DE485F800A08DF82090696A50460D91E3
:1013700092E0000022B201003878052842D1B86816
:10138000A8616178606A022901D0012100E0002192
:1013900001EB4101142606EBC1014058082102F07F
:1013A000D6F96178606A022901D0012100E00021AC
:1013B00001EB410106EBC101425802A8E169FFF7C8
:1013C0000BFA6078626A022801D0012000E0002058
:1013D00000EB4001102000EBC1000223105802A9CD
:1013E0000932FEF7EEFF626AFD4B0EA80932A169D1
:1013F000FFF7E1F96178606A022904D0012103E076
:1014000044E18DE0BFE0002101EB4101182606EB2D
:10141000C101A27840580EA9FBF78BFF6178606A82
:10142000022901D0012100E0002101EB410106EB7E
:10143000C1014158A0780B18C0F1100200211846D4
:10144000FBF7A1FF05208DF82000686A0D90A869C0
:101450000A90ADF824A08DF830B0062101706278B2
:10146000616A022A01D0012200E0002202EB42025E
:1014700006EBC202401C89581022FBF75AFF0021DC
:1014800008A8FFF7BBF91220C5F818B028708DF82E
:101490002090686A0D900B208DF8240005E43878C0
:1014A000052870D18DF82000686A0D90B8680A9000
:1014B0000B20ADF824000A98072101706178626A58
:1014C000022901D0012100E0002101EB410310219C
:1014D00001EBC30151580988A0F801106178626AD4
:1014E000022902D0012101E02FE1002101EB41039B
:1014F000142101EBC30151580A6840F8032F4968D1
:10150000416059E01920287001208DF8300074E600
:10151000162028708DF830B0002108A8FFF76EF96A
:10152000032617E114202870AEE6387805282AD162
:101530008DF82000686A0D90B8680A90ADF824A074
:101540008DF830B080F800906278616A4E46022AC9
:1015500001D0012200E0002202EB42021C2303EB37
:10156000C202401C89581022FBF7E3FE002108A8A4
:10157000FFF744F9152028708DF82060686A0D90F7
:101580008DF8246039E680E0387805287DD18DF823
:101590002000686A0D90B8680A90ADF8249009217F
:1015A00001706169097849084170616951F8012F3A
:1015B000C0F802208988C18020781C28A8D1A1E722
:1015C000E078C00702D04FF0060C01E04FF0070CA6
:1015D000607802280AD000BF4FF0000000EB040141
:1015E00001F1090105D04FF0010004E04FF00100C6
:1015F000F4E74FF000000B78204413EA0C030B7063
:1016000010F8092F02EA0C02027004D14FF01B0CF3
:1016100084F800C0D2B394F801C0BCF1010F00D02F
:101620009BB990F800C0E0465FEACC7C04D028F07B
:1016300001060670102606E05FEA887C05D528F0D2
:101640000206067013262E70032694F801C0BCF122
:10165000020F00D092B991F800C05FEACC7804D0B4
:101660002CF001060E70172106E05FEA8C7805D594
:101670002CF002060E701921217000260078D0BBD4
:10168000CAB3C3BB1C20207035E012E002E03878FA
:10169000062841D11A2015E4207801283CD00C28D6
:1016A0003AD02046FFF7EBF809208DF82000686A51
:1016B0000D9031E03878052805D0062038700326D3
:1016C0001820287046E005208DF82000696A0D91E9
:1016D000B9680A910221ADF8241001218DF830106B
:1016E0000A990870287D4870394608A8FFF786F8DF
:1016F000064618202870012E0ED02BE001208DF810
:101700002000686A0D9003208DF82400287D8DF854
:10171000250085F814B012E0287D80B11D202070CE
:10172000172028708DF82090686A0D9002208DF89F
:101730002400394608A8FFF761F806460AE00CB114
:10174000FE2020709DF8200020B1002108A8FFF79E
:1017500055F80CE413B03046BDE8F08F2DE9F043A6
:1017600087B00C464E6900218DF8041001202578C1
:10177000034602274FF007094FF0050C85B1012DF4
:1017800053D0022D39D1FE2030708DF80030606AC0
:10179000059003208DF80400207E8DF8050063E09D
:1017A0002179012925D002292DD0032928D0042907
:1017B00023D1B17D022920D131780D1F042D04D30E
:1017C0000A3D032D01D31D2917D12189022914D3E4
:1017D0008DF80470237020899DF80410884201E080
:1017E0001AB2010018D208208DF80000606A059036
:1017F00057E070780128EBD0052007B0BDE8F083F2
:101800001D203070E4E771780229F5D131780C2978
:10181000F3D18DF80490DDE7083402F804CB94E8A6
:101820000B0082E80B000320E7E71578052DE4D1D3
:101830008DF800C0656A0595956802958DF81010C1
:1018400094F80480B8F1010F13D0B8F1020F2DD035
:10185000B8F1030F1CD0B8F1040FCED1ADF804706D
:101860000E202870207E687000216846FEF7C6FFB3
:101870000CE0ADF804700B202870207E002100F0F1
:101880001F0068706846FEF7B9FF37700020B4E7A4
:10189000ADF804708DF8103085F800C0207E6870B7
:1018A000277011466846FEF7A9FFA6E7ADF8049039
:1018B0002B70207F6870607F00F00100A870A07F0F
:1018C00000F01F00E870E27F2A71C0071CD094F876
:1018D000200000F00700687194F8210000F0070074
:1018E000A87100216846FEF789FF2868F062A88881
:1018F0003086A87986F83200A0694078707528791A
:10190000B0700D203070C1E7A9716971E9E700B5C9
:1019100087B004280CD101208DF800008DF8040058
:10192000002005918DF8050001466846FEF766FF28
:1019300007B000BD70B50C46054602F0EFF9214630
:101940002846BDE870407823002202F03DB908B176
:10195000007870470C20704770B50C0005784FF088
:1019600000010CD021702146F1F757FC694821781D
:10197000405D884201D1032070BD022070BDF1F7A7
:101980004CFC002070BD0279012A05D000220A70AB
:101990004B78012B02D003E0042070470A758A615E
:1019A00002799300521C0271C15003207047F0B5B8
:1019B00087B00F4605460124287905EB800050F8D2
:1019C000046C7078411E02290AD252493A460839FD
:1019D00001EB8000314650F8043C28469847044605
:1019E0000CB1012C11D12879401E10F0FF00287194
:1019F00001D00324E0E70A208DF80000706A05900A
:101A0000002101966846FFF7A7FF032CD4D007B04A
:101A10002046F0BD70B515460A46044629461046D4
:101A2000FFF7C5FF064674B12078FE280BD1207C55
:101A300030B100202870294604F10C00FFF7B7FFF1
:101A40002046FEF71CFF304670BD704770B50E464D
:101A500004467C220021FBF796FC0225012E03D0D0
:101A6000022E04D0052070BD0120607000E065707A
:101A70002046FEF704FFA575002070BD28B1027C4A
:101A80001AB10A4600F10C01C4E70120704710B5F5
:101A9000044686B0042002F041F92078FE2806D0E2
:101AA00000208DF8000069462046FFF7E7FF06B0EA
:101AB00010BD7CB50E4600218DF804104178012937
:101AC00003D0022903D0002405E0046900E0446942
:101AD0000CB1217C89B16D4601462846FFF753FFC2
:101AE000032809D1324629462046FFF793FF9DF887
:101AF0000410002900D004207CBD04F10C05EBE7A4
:101B000030B40C460146034A204630BC024B0C3A26
:101B1000FEF751BE60B201001AB2010070B50D4669
:101B2000040012D08DB1220100212846FBF72BFCC6
:101B3000102255492846FBF7FCFB53480121083881
:101B4000018044804560002070BD012070BD70B5EB
:101B50004D4E00240546083E10E07068AA7B00EB5D
:101B60000410817B914208D1C17BEA7B914204D170
:101B70000C222946FBF7B0FB30B1641C308884424C
:101B8000EBDB4FF0FF3070BD204670BD70B50D46E9
:101B9000060006D02DB1FFF7DAFF002803DB401C5A
:101BA00014E0102070BD384C083C20886288411C2D
:101BB000914201D9042070BD6168102201EB001030
:101BC0003146FBF7B6FB2088401C2080287000209F
:101BD00070BD2D480838008870472B49083908889F
:101BE000012802D0401E08800020704770B51446BE
:101BF0000D0018D0BCB10021A170022802D010281D
:101C000011D105E0288870B10121A170108008E091
:101C10002846FFF79CFF002805DB401CA070A88920
:101C20002080002070BD012070BD70B505461446AF
:101C30000E000BD000203070A878012808D005D9FC
:101C40001149A1F108010A8890420AD9012070BD0A
:101C500024B1287820702888000A5070022008706B
:101C60000FE064B14968102201EB001120461039E1
:101C7000FBF75FFB287820732888000A6073102028
:101C80003070002070BD0000880000202DE9F04178
:101C900090460C4607460025C2EB4811FE48072F28
:101CA00000EB410607D2DFE807F007070707040447
:101CB0000400012500E0FFDF06F81470002D13D0AA
:101CC000F5487C3000EB880191F827001F2803D0ED
:101CD00006EB4000447001E081F8264006EB440228
:101CE0001F20507081F82740BDE8F081F0B51F46F5
:101CF00014460E4605461F2A00D1FFDFE648C7EB13
:101D0000471100EB410CE4490CEB44007C3101EB42
:101D100087021F2E07D00CEB460140784B784870A5
:101D200018461F210AE092F82530407882F82500F5
:101D3000F6E701460CEB410005704078A142F8D16E
:101D400092F827401F2C03D00CEB4404637001E091
:101D500082F826300CEB41041F23637082F82710B1
:101D6000F0BD30B50D46CD4B44190022181A72EB68
:101D7000020100D2FFDFCA48854200DDFFDFC8480C
:101D80004042854200DAFFDFC448401C844207DA43
:101D9000002C01DB204630BDC048401C201830BD5F
:101DA000BE48C043FAE710B504460168407ABD4A10
:101DB00052F82020114450B10220084420F07F4006
:101DC000F8F759FD94F90810BDE81040C9E7042060
:101DD000F3E72DE9F047B04E7C3696F82D50DFF84A
:101DE000B89206EB850090F8264036E0C5EB451129
:101DF00009EB41074FF0070817F81400012806D037
:101E000004282ED005282ED0062800D0FFDF01F0B0
:101E100045F9014607EB4400427806EB850080F85F
:101E2000262090F82720A24202D11F2280F82720E6
:101E3000084601F03EF92A4621460120FFF726FF19
:101E40009948414600EB041002682046904796F8F6
:101E50002D5006EB850090F826401F2CC6D1BDE81A
:101E6000F087022000E003208046D0E710B58A4CBE
:101E70001F217C3484F8251084F8261084F827105C
:101E8000002084F8280084F82D0084F82E10411ECC
:101E9000A16044F8100B2074607420736073A07309
:101EA0008249E07720750870487000217A4A103C1A
:101EB00002F81100491CC9B21F29F9D30120F8F713
:101EC000CAFB0020F8F7C7FB012084F82200F9F7CD
:101ED00037F87748F9F749F8744CA41E2070754814
:101EE000F9F743F86070BDE81040F8F741BB10B552
:101EF000F8F763FB6D4CA41E2078F9F74FF8607873
:101F0000F9F74CF8BDE8104001F000B91F20704708
:101F10000020F8F779BB70B5054601240E46AC40A9
:101F20005AB1FFF7F5FF0146634800EBC500C0F862
:101F30001015C0F81465614801E06048001D046098
:101F400070BD2DE9F34F544D00247C3505EB810A1B
:101F500089B09AF825001F2823D0611E02915249AA
:101F6000009401EB0017391D03AB07C983E8070094
:101F700005F11400A0460189ADF81C10807A8DF897
:101F80001E009DF81500C8B10226464951F82040B0
:101F90000399A219114421F07F41019184B10221DA
:101FA0000FE00120F8F757FB0020F8F754FBF8F793
:101FB00022FB01F0ABF885F82F40A9E00426E4E706
:101FC00000218DF81810022801D0012820D1039893
:101FD00001190998081A801C9DF81C1020F07F40F8
:101FE00001B10221353181420BD203208DF8150059
:101FF0000398C4F13201401A20F07F40322403904C
:102000000CE095F8240018B901F063FA002863D0B9
:10201000322C03D214B101F06DF801E001F076F832
:10202000224A107818B393465278039B121B002162
:102030009DF81840994601281AD0032818D000208E
:102040008DF81E00002A04DD981A039001208DF8F7
:1020500018009DF81C0000B102210398184A20F0D6
:102060007F40039003AB099801F05CF810B110E0D9
:102070000120E5E79DF81D0018B99BF80000032832
:1020800029D08DF81C80CDF80C908DF818408DF873
:102090001E809DF8180015E0DC080020FF7F841EDC
:1020A0000020A10770B20100EC0600209A00002079
:1020B000773A0100D31D010000F0014004F5014012
:1020C000FFFF3F0058B103980123811900221846F1
:1020D000F8F714FB06E000200BB0BDE8F08F0120FC
:1020E000F8F7B9FA97F90C20012300200199F8F7C5
:1020F00005FBF87BC00701D0F8F7E9FB012085F864
:102100002F008AF8288020226946FE48FBF711F943
:102110000120E1E72DE9F05FDFF8E883064608EBF0
:10212000860090F825501F2D21D0A8F17C01C6EB28
:1021300046102C4601EB4007A1F5F879DFF8C8B34B
:1021400005E0A24607EB4A0044781F2C0AD0F8F7B6
:1021500020FB09EB04135A4601211B1D00F0E2FF8E
:102160000028EED0AC4202D0334652461EE0E7488B
:1021700008B1AFF30080F8F70CFB98F82F206AB194
:10218000D8F80C20411C891A0902CA1701EB126108
:102190000912002902DD0020BDE8F09F3146FFF75B
:1021A000D0FE08B10120F7E733462A461F2104205C
:1021B000FFF79CFDEFE72DE9F041D24C2569F8F7D8
:1021C000E8FA401B0002C11700EB1160001200D4B6
:1021D000FFDF94F8220000B1FFDF012784F82270AE
:1021E00094F82E001F2800D1FFDF94F82E601F20E6
:1021F00084F82E00002584F82F5084F8205084F8AD
:102200002150C34825600078022835D0032833D0F8
:1022100000202077A068401C05D04FF0FF30A06060
:102220000120F8F718FA0020F8F715FAF8F711FB73
:10223000F8F709FBF8F7DFF908F0C6F8B5480560CC
:1022400005604FF0E0214FF40040B846C1F880022D
:10225000F0F7B5FE94F82D703846FFF75BFF0028C5
:10226000FAD0A849C7EB47107C3901EB400010F8C1
:102270001600022802D006E00120CAE73A4631469D
:102280000620FFF703FD84F8238004EB870090F815
:1022900026001F2804D09E48801E4078F8F784FE50
:1022A000207F002803D0F8F7C4FA257765771BE56F
:1022B000944910B591F82D20924B0024C2EB4211A5
:1022C0007C3B03EB410100BF11F814302BB1641CBF
:1022D000E4B21F2CF8D31F2010BD8F4901EB04116D
:1022E00008600020C87321460120FFF7CFFC20467C
:1022F00010BD10B5012801D0032800D181B3814A57
:1023000092F82D307F4C0022C3EB43137C3C04EB4E
:10231000430300BF13F812400CB1082010BD521C3B
:10232000D2B21F2AF6D37A4A48B1022807D0072929
:1023300017D2DFE801F01606080A0C0E1000002183
:102340000AE01B2108E03A2106E0582104E0772149
:1023500002E0962100E0B52151701070002010BD00
:10236000FFE70720FBE76A4810B54078F8F783FAE3
:1023700080B2F4E710B51F2815D2624991F82D20DC
:10238000C2EB4213A1F17C0202EB430414F81030BB
:102390004BB191F82D30C3EB431302EB430212F81B
:1023A0001020012A01D00020D9E791F82D20014604
:1023B0000020FFF76BFC0120D1E710B5F8F7E9F931
:1023C000BDE81040F8F757BA2DE9F0410E464D4FE1
:1023D00001781F257C3FC3EB43130C4607EB4303F7
:1023E00003E0254603EB45046478944202D01F2C99
:1023F000F7D108E01F2C06D0A14206D103EB410122
:102400004978017007E000206EE403EB440003EB21
:10241000450140784870414F7EB127B1002140F21C
:102420002D40AFF300803078A04206D127B10021C3
:102430004FF48660AFF30080357027B1002140F281
:102440003540AFF3008001204EE410B542680B68C0
:102450009A1A1202D41702EB1462121216D4497A95
:1024600091B1427A82B92E4A006852F8211012685E
:1024700019441044001D891C081A0002C11700EB02
:1024800011600012322801DB012068E7002066E7B6
:102490002DE9F0478146204EC1EB411006F5F87159
:1024A0009846144601EB400713E000BF06EB041505
:1024B000291D4846FFF7C9FF68B988F80040A97B85
:1024C00099F80A00814201D80020C8E407EB4400D3
:1024D00044781F2CEAD10120C1E42DE9F04782465F
:1024E00008480E4600EB8600DFF82C8090F8254067
:1024F0001F201070C1EB46109946154608F5F8717B
:1025000010E0000058090020FFFF3F00000000001D
:102510009A00002000F50040EC06002000000000BA
:1025200070B2010001EB40070BE000BF08EB0410A4
:102530005146001DFFF789FF28B107EB44002C70BE
:1025400044781F2CF2D1297889F800104B46224696
:1025500031465046BDE8F0479AE72DE9FC410E466A
:1025600007460024FE4D08E09DF8000005EB001032
:102570008168384600F0EAFD01246B4601AA314625
:102580003846FFF7AAFF0028EED02046BDE8FC81C0
:1025900070B50446C0EB44110125F248A54300EB99
:1025A0004101C5EB451200EB42003E22FAF7C1FEA5
:1025B000ED4E26B100214FF49360AFF30080E9485F
:1025C0007C3000EB850100EB8400D0F82500C1F8D9
:1025D000250026B1002140F29C40AFF30080284640
:1025E00070BD8A4203D003460520FFF77FBB1F2939
:1025F00008D0DC4AC0EB401002EB400000EB410089
:1026000040787047D7497C3101EB800090F8250075
:102610007047D34901EB0010001DFFF7C4BB7CB528
:102620001D46134604460E4600F108022146184690
:10263000F8F72EF994F908000F2804DD1F382072EE
:102640002068401C206096B10220C84951F826102D
:10265000461820686946801B20F07F40206094F96E
:1026600008002844C01C1F2803DA012009E00420C8
:10267000EBE701AAF8F70CF99DF8040010B10098F7
:10268000401C00900099206831440844C01C20F090
:102690007F4060607CBDFEB50C46064609786079D7
:1026A000907220791F461546507279B12179002227
:1026B0002846A368FFF7B3FFAA4928467C3191F862
:1026C0002E201F2A0AD00969491D0DE0D4E90223F2
:1026D000217903B02846BDE8F040A0E7A449497835
:1026E000052900D20521314421F07F4100F02EFD63
:1026F00039462846FFF731FFD4E90232217968468E
:10270000FFF78DFF2B4600213046019A00F00AFDAD
:10271000002806D103B031462846BDE8F04000F05D
:1027200015BDFEBD2DE9FE4F814600F0CBFC38B152
:102730005FF0000799F8000020B10020BDE8FE8F8F
:102740000127F7E7874D884C4FF0000A7C3524B10C
:10275000002140F2FF40AFF3008095F82D8085F80E
:1027600023A0002624B1002140F20450AFF30080E2
:102770001FB94046FFF70CFF804624B1002140F20C
:102780000C50AFF30080F8F704F843466A46494618
:10279000FFF781FF24B1002140F21250AFF3008017
:1027A00095F82E001F280CD029690098401A0002C5
:1027B000C21700EB1260001203D5684600F0C6FC99
:1027C000012624B1002140F21C50AFF3008095F89F
:1027D00023000028BBD124B1002140F22250AFF3E6
:1027E0000080F7F7D6FF6B46624A002100F09AFCA2
:1027F0000028A3D027B941466846FFF7AEFE06433E
:1028000026B16846FFF7CFFAC9F8080024B10021C5
:1028100040F23550AFF3008001208FE72DE9F04FF3
:1028200089B08B46824600F04DFC4E4C7C3428B378
:102830009BF80000002710B1012800D0FFDF4A4DAF
:1028400025B1002140F2F750AFF300804449012048
:1028500001EB0A18A94607905FEA090604D0002197
:1028600040F2FF50AFF30080079800F022FC94F88C
:102870002D50002084F8230067B119E094F82E0051
:1028800001271F2800D1FFDF9BF800000028D6D0C9
:10289000FFDFD4E72846FFF77BFE054626B100217F
:1028A00040F20960AFF3008094F823000028D3D1F0
:1028B00026B1002140F21360AFF30080F7F769FF03
:1028C0002B4602AA59460790FFF7E5FE98F80F003D
:1028D0005FEA060900F001008DF8130004D0002122
:1028E00040F21D60AFF300803B462A4602A9CDF8B6
:1028F00000A0079800F035FC064604EB850090F830
:1029000028000090B9F1000F04D0002140F22460AB
:10291000AFF3008000F0C2FB0790B9F1000F04D0C4
:10292000002140F22A60AFF3008094F823000028D1
:1029300092D1B9F1000F04D0002140F23260AFF320
:1029400000800DF1080C9CE80E00C8E90112C8F8DF
:102950000C30BEB35FEA090612D000210CE0000083
:10296000EC060020DC0800200000000070B201002E
:102970009A000020FFFF3F0040F23F60AFF300806D
:102980000098B84312D094F82E001F280ED126B11B
:10299000002140F24460AFF300802846FFF7BAFB05
:1029A00020B99BF80000D8B3012849D0B9F1000F35
:1029B00004D0002140F26160AFF30080284600F0AF
:1029C00066FB01265FEA090504D0002140F26A6037
:1029D000AFF30080079800F06CFB25B1002140F2B6
:1029E0006E60AFF300808EB194F82D0004EB800090
:1029F00090F826001F2809D025B1002140F275600B
:102A0000AFF30080F9484078F8F7CEFA25B10021FD
:102A100040F27A60AFF3008009B03046BDE8F08F35
:102A2000FFE7B9F1000F04D0002140F24C60AFF392
:102A3000008094F82D2051460420FFF727F9C0E7C5
:102A4000002E3FF409AF002140F25760AFF3008041
:102A500002E72DE9F84FE64D814695F82D004FF03D
:102A60000008E44C4FF0010B474624B100214FF41D
:102A7000D160AFF30080584600F01BFB85F823704F
:102A800024B1002140F28D60AFF3008095F82D0055
:102A9000FFF77EFD064695F8230028B1002CE4D010
:102AA000002140F293604DE024B1002140F2976094
:102AB000AFF30080CE49C6EB46107C3901EB4001F4
:102AC00011F81900032856D1334605EB830A4A460C
:102AD0009AF82500904201D1012000E000200090EA
:102AE0000AF125000021FFF76FFC01460098014222
:102AF00003D001228AF82820AF77E1B324B1002166
:102B000040F29C60AFF30080324649460120FFF757
:102B1000BDF89AF828A024B1002140F2A760AFF3D5
:102B2000008000F0BBFA834624B1002140F2AC6083
:102B3000AFF3008095F8230038B1002C95D0002128
:102B40004FF4D660AFF300808FE7BAF1000F07D0E3
:102B500095F82E001F2803D13046FFF7DBFAE0B1CD
:102B600024B1002140F2C460AFF30080304600F091
:102B70008EFA4FF0010824B1002140F2CD60AFF38E
:102B80000080584600F095FA24B1002140F2D1604F
:102B9000AFF300804046BDE8F88F002CF1D0002153
:102BA00040F2BF60AFF30080E6E70120F7F72CBDED
:102BB0008E48007870472DE9F0418D4C94F82E0036
:102BC0001F2821D194F82D6004EB860797F8255033
:102BD0001F2D00D1FFDF8649C6EB46107C3901EB83
:102BE000400000EB4500407807F8250F0120F87001
:102BF00084F82300294684F82E50324602202234DD
:102C0000FFF744F8002020701EE42DE9F0417A4ED1
:102C1000774C012538B1012821D0022879D003282A
:102C20007DD0FFDF10E400F065FAFFF7C4FF207EDF
:102C300000B1FFDF84F821500020F7F70CFDA168F8
:102C4000481C04D0012300221846F7F757FD14F85A
:102C50002E0F217806EB01110A68012154E0FFF7DD
:102C6000AAFF0120F7F7F7FC94F8210050B1A06803
:102C7000401C07D014F82E0F217806EB01110A68CA
:102C8000062141E0207EDFF86481002708F1020878
:102C9000012803D002281ED0FFDFB5E7A777F7F79A
:102CA000C8FD98F80000032801D165772577607D7D
:102CB000524951F8200094F8201051B948B1616888
:102CC0000123091A00221846F7F718FD0220207682
:102CD0009AE7277698E784F8205000F00BFAA07F57
:102CE00050B198F8010061680123091A00221846C2
:102CF000F7F704FD257600E0277614F82E0F2178EB
:102D000006EB01110A680021BDE8F041104700E020
:102D100005E036480078BDE8F041F8F745B9FFF71F
:102D20004AFF14F82E0F217806EB01110A680521DD
:102D3000EAE710B52E4C94F82E001F2800D1FFDFD3
:102D400014F82E0F21782C4A02EB01110A68BDE815
:102D50001040042110477CB5254C054694F82E0000
:102D60001F2800D1FFDFA068401C00D0FFDF94F8CF
:102D70002E00214901AA01EB0010694690F90C00D0
:102D80002844F7F785FD9DF904000F2801DD012097
:102D900000E00020009908446168084420F07F4169
:102DA000A16094F82100002807D002B00123BDE8FB
:102DB000704000221846F7F7A1BC7CBD30B5104A20
:102DC0000B1A541CB3EB940F1ED3451AB5EB940F9A
:102DD0001AD3934203D9101A43185B1C14E095428E
:102DE00010D9511A0844401C43420DE098000020BD
:102DF0005809002000000000EC06002070B201001D
:102E0000FF7F841EFFDF0023184630BD0123002210
:102E100001460220F7F772BC0220F7F71CBCF7F757
:102E2000B8BC2DE9FE4FF24C05468A4694F82E00B8
:102E30001F2800D1FFDFEE4E94F82E10A04620464A
:102E4000A6F51B7202EB01141F218DF8001090F8FB
:102E50002D10376900EB8101D8F8000091F825901A
:102E6000284402AA01A90C36F7F712FD9DF90800C3
:102E7000002802DD0198401C0190A0680199642D92
:102E8000084453D3DB4B00225B1B72EB02014DD392
:102E90006168411A21F07F41B1F5800F46D220F0E0
:102EA0007F40706086F80AA098F82D1044466B4663
:102EB0004A463046FFF7ECFAB8B3A068401C10D081
:102EC000F7F767FCA168081A0002C11700EB116050
:102ED000001202282CDD0120F7F7BDFB4FF0FF3078
:102EE000A06094F82D009DF800201F210F34FFF7FB
:102EF00078FBA17FBE4AC1EB41117C3A02EB410154
:102F0000E27F01EB4201487054F80F0C284444F86A
:102F10000F0C012020759DF800001F2803D0B64833
:102F20004078F8F741F8012008E401E0002005E4CA
:102F30007760FBE72DE9F047AD4C074694F82D008C
:102F4000A4F17C06C0EB401006EB400010F817001F
:102F500000B9FFDF94F82D50A046A84C24B1002101
:102F600040F6E800AFF30080C5EB451040F6F409E9
:102F700040F6FD0A06EB400616F81700012819D0A6
:102F8000042811D005280FD006280DD01CB100212F
:102F90004846AFF3008007F0EBFE002CECD0002198
:102FA0005046AFF30080E7E72A4639460120FEF796
:102FB0006DFEF2E74FF0010A4FF00009454624B1DB
:102FC000002140F60410AFF30080504600F071F885
:102FD00085F8239024B1002140F60910AFF300805A
:102FE00095F82D00FFF7D4FA064695F8230028B18E
:102FF000002CE4D0002140F60F101FE024B1002186
:1030000040F61310AFF3008005EB860000F12701B6
:1030100033463A462630FFF7D7F924B1002140F66F
:103020001710AFF3008000F039F8824695F82300BE
:1030300038B1002CC3D0002140F61D10AFF3008042
:10304000BDE785F82D60012085F82300504600F08B
:1030500030F8002C04D0002140F62A10AFF3008095
:10306000BDE8F08730B5044661480D4690F82D0064
:103070005F49C0EB40107C3901EB400010F81400B0
:1030800000B9FFDF5E4800EB0410C57330BD58493E
:1030900081F82D00012081F82300704710B55948B0
:1030A00008B1AFF30080EFF3108000F0010072B6BA
:1030B00010BD10B5002804D1534808B1AFF300800B
:1030C00062B610BD51480068C005C00D10D0103860
:1030D00040B2002804DB00F1E02090F8000405E095
:1030E00000F00F0000F1E02090F8140D4009704747
:1030F0000820704710B53E4C94F82400002804D1F5
:10310000F7F746FC012084F8240010BD10B5384CB8
:1031100094F82400002804D0F7F763FC002084F81A
:10312000240010BD10B51C685B68241A181A24F01E
:103130007F4420F07F40A14206D8B4F5800F03D22F
:10314000904201D8012010BD002010BDD0E900320E
:10315000D21A21F07F43114421F07F41C0E90031B0
:1031600070472DE9FC418446214815460F46C2EBC5
:1031700045117C38089C00EB410616F81400012824
:1031800004D0022802D00020BDE8FC813B46204A42
:1031900001216046FFF7C6FFF0B101AB6A46294640
:1031A0003846FFF79AF9B8B19DF804209DF8001051
:1031B0002846FFF716FA06EB440148709DF8000018
:1031C0001F280DD006EB400044702A4621460320FC
:1031D000FEF75CFD0120D7E72A4621460420F7E7E9
:1031E0000348012100EB850000F8254FC170ECE792
:1031F00058090020FF1FA1079800002000000000D0
:10320000EC060020000000000000000004ED00E0DB
:10321000FFFF3F002DE9F041044680074FF0000515
:103220004FF001060CD56B480560066000F0DEF932
:1032300020B16948016841F48061016024F0020412
:10324000E0044FF0FF3705D564484660C0F80873C6
:1032500024F48054600003D56148056024F0804464
:10326000E0050FD55F48C0F80052C0F808735E490A
:103270000D60091D0D605C4A04210C32116006616D
:1032800024F48074A00409D558484660C0F8005260
:10329000C0F808735648056024F40054C4F3803025
:1032A000C4F3C031884200D0FFDF14F4404F14D083
:1032B00050484660C0F808734F488660C0F8005216
:1032C000C0F808734D490D600A1D16608660C0F88D
:1032D00008730D60166024F4404420050AD5484860
:1032E00046608660C0F80873C0F8487345480560BA
:1032F00024F4006407F042F84348044200D0FFDFA2
:10330000BDE8F081F0B50022202501234FEA020438
:1033100020FA02F1C9072DD051B2002910DB00BFFD
:103320004FEA51174FEA870701F01F0607F1E02720
:1033300003FA06F6C7F88061BFF34F8FBFF36F8FB4
:103340000CDB00BF4FEA51174FEA870701F01F0659
:1033500007F1E02703FA06F6C7F8806204DB01F103
:10336000E02181F8004405E001F00F0101F1E021C6
:1033700081F8144D02F10102AA42C9D3F0BD10B583
:10338000224C20600846F7F71CFC2068FFF742FF3C
:103390002068FFF7B7FF06F031FC00F088F906F06F
:1033A000EDFF06F02CFFF7F7CBFDBDE8104006F06F
:1033B000D9BC10B5154C2068FFF72CFF2068FFF72B
:1033C000A1FF06F0DBFFF7F7FBFC0020206010BD3B
:1033D0000A207047FC1F00403C17004000C000401E
:1033E00004E50140008000400485004000D000401A
:1033F00004D5004000E0004000F0004000F500402F
:1034000000B0004008B50040FEFF0FFD9C0000200A
:1034100070B526490A680AB30022154601244B6894
:103420005B1C4B600C2B00D34D600E7904FA06F345
:103430000E681E420FD0EFF3108212F0010272B636
:1034400000D001220C689C430C6002B962B6496846
:103450000160002070BD521C0C2AE0D3052070BD15
:103460004FF0E0214FF48000C1F800027047EFF305
:10347000108111F0010F72B64FF0010202FA00F252
:103480000A48036842EA0302026000D162B6E7E735
:1034900006480021016041607047012181400348D6
:1034A0000068084000D0012070470000A000002004
:1034B00001208107086070470121880741600021D1
:1034C000C0F80011184801707047174901200870B2
:1034D00070474FF08040D0F80001012803D0124817
:1034E0000078002800D00120704710480068C0070D
:1034F00000D0012070470D480C300068C00700D094
:10350000012070470948143000687047074910319E
:103510000A68D20306D5096801F00301814201D18E
:103520000120704700207047A800002008040040D8
:103530004FF08050D0F830010A2801D000207047A9
:103540000120704700B5FFF7F3FF20B14FF0805026
:10355000D0F8340108B1002000BD012000BD4FF0BB
:103560008050D0F83001062803D0401C01D0002044
:103570007047012070474FF08050D0F830010D287F
:1035800001D000207047012070474FF08050D0F8E4
:103590003001082801D000207047012070474FF00B
:1035A0008050D0F83001102801D000207047012051
:1035B000704700B5FFF7F3FF30B9FFF7DCFF18B92C
:1035C000FFF7E3FF002800D0012000BD00B5FFF7A2
:1035D000C6FF38B14FF08050D0F83401062803D32D
:1035E000401C01D0002000BD012000BD00B5FFF748
:1035F000B6FF48B14FF08050D0F83401062803D30D
:10360000401C01D0012000BD002000BD0021017040
:10361000084670470146002008707047EFF310819C
:1036200001F0010172B60278012A01D0012200E006
:1036300000220123037001B962B60AB1002070476D
:103640004FF400507047E9E7EFF3108111F0010FDC
:1036500072B64FF00002027000D162B600207047CF
:10366000F2E700002DE9F04115460E46044600271A
:1036700000F0EBF8A84215D3002341200FE000BF73
:1036800094F84220A25CF25494F84210491CB1FB19
:10369000F0F200FB12115B1C84F84210DBB2AB426B
:1036A000EED3012700F0DDF83846BDE8F08172491D
:1036B00010B5802081F800047049002081F8420094
:1036C00081F84100433181F8420081F841004331E3
:1036D00081F8420081F841006948FFF797FF684888
:1036E000401CFFF793FFF7F7B3FBBDE8104000F075
:1036F000B8B840207047614800F0A7B80A460146B4
:103700005E48AFE7402070475C48433000F09DB80A
:103710000A46014659484330A4E740210170002081
:10372000704710B504465548863000F08EF820707A
:10373000002010BD0A460146504810B58630FFF7FC
:1037400091FF08B1002010BD42F2070010BD70B516
:103750000C460646412900D9FFDF4A480068103868
:1037600040B200F054F8C5B20D2000F050F8C0B2DD
:10377000854201D3012504E0002502E00DB1F7F7F1
:10378000AAFB224631463D48FFF76CFF0028F5D0E2
:1037900070BD2DE9F0413A4F0025064617F10407A8
:1037A00057F82540204600F041F810B36D1CEDB2EB
:1037B000032DF5D33148433000F038F8002825D0E8
:1037C0002E4800F033F8002820D02C48863000F036
:1037D0002DF800281AD0F7F754FB2948FFF71EFFF1
:1037E000B0F5005F00D0FFDFBDE8F0412448FFF7EF
:1037F0002BBF94F841004121265414F8410F401C7E
:10380000B0FBF1F201FB12002070D3E74DE7002876
:1038100004DB00F1E02090F8000405E000F00F0068
:1038200000F1E02090F8140D4009704710F8411F96
:103830004122491CB1FBF2F302FB13114078814293
:1038400001D1012070470020704710F8411F4078D7
:10385000814201D3081A02E0C0F141000844C0B21D
:10386000704710B50648FFF7D9FE002803D1BDE820
:103870001040F7F7F1BA10BD0DE000E08809002014
:10388000AC00002004ED00E070B5154D2878401C18
:10389000C4B26878844202D000F0DBFA2C7070BDAC
:1038A0002DE9F0410E4C4FF0E02600BF00F0C6FAC3
:1038B00007F05EFA40BF20BF677820786070D6F8C6
:1038C0000052EDF759FD854305D1D6F8040210B931
:1038D0002078B842EAD000F0ACFA0020BDE8F081D0
:1038E000BC0000202DE9F04101264FF0E022310319
:1038F0004FF000084046C2F88011BFF34F8FBFF36E
:103900006F8F204CC4F800010C2000F02EF81E4DE3
:103910002868C04340F30017286840F01000286072
:10392000C4F8046326607F1C02E000BF07F020FAA1
:10393000D4F800010028F9D01FB9286820F0100041
:103940002860124805686660C4F80863C4F80081FE
:103950000C2000F00AF82846BDE8F08110B50446B6
:10396000FFF7C0FF2060002010BD002809DB00F039
:103970001F02012191404009800000F1E020C0F8C1
:103980008012704700C0004010ED00E008C5004004
:103990002DE9F047FF4C0646FF21A06800EB061218
:1039A00011702178FF2910D04FF0080909EB01119F
:1039B00009EB06174158C05900F0F4F9002807DD5B
:1039C000A168207801EB061108702670BDE8F08729
:1039D00094F8008045460DE0A06809EB05114158B8
:1039E000C05900F0DFF9002806DCA068A84600EB0B
:1039F00008100578FF2DEFD1A06800EB061100EB51
:103A000008100D700670E1E7F0B5E24B04460020A7
:103A100001259A680C269B780CE000BF05EB001787
:103A2000D75DA74204D106EB0017D7598F4204D0C7
:103A3000401CC0B28342F1D8FF20F0BD70B5FFF743
:103A4000EEF9D44C08252278A16805EB02128958BA
:103A500000F0A8F9012808DD2178A06805EB011124
:103A60004058BDE87040FFF7D1B9FFF7A1F8BDE8B5
:103A70007040F7F799BA2DE9F041C64C2578FFF769
:103A8000CEF9FF2D6ED04FF00808A26808EB05169E
:103A9000915900F087F90228A06801DD80595DE0A6
:103AA00000EB051109782170022101EB0511425C40
:103AB0005AB1521E4254815901F5800121F07F41D3
:103AC00081512846FFF764FF34E00423012203EB11
:103AD000051302EB051250F803C0875CBCF1000F20
:103AE00010D0BCF5007F10D9CCF3080250F806C006
:103AF0000CEB423C2CF07F4C40F806C0C3589A1A9D
:103B0000520A09E0FF2181540AE0825902EB4C324B
:103B100022F07F428251002242542846FFF738FFAC
:103B20000C21A06801EB05114158E06850F82720EE
:103B3000384690472078FF2814D0FFF770F9227894
:103B4000A16808EB02124546895800F02BF90128BC
:103B500093DD2178A06805EB01114058BDE8F041E4
:103B6000FFF754B9BDE8F081F0B51D4614460E4686
:103B70000746FF2B00D3FFDFA00700D0FFDF8548FB
:103B8000FF210022C0E90247C57006710170427032
:103B900082701046012204E002EB0013401CE15445
:103BA000C0B2A842F8D3F0BD70B57A4C064665782D
:103BB0002079854200D3FFDFE06840F82560607817
:103BC000401C6070284670BD2DE9FF5F1D468B4686
:103BD0000746FF24FFF723F9DFF8B891064699F866
:103BE0000100B84200D8FFDF00214FF001084FF07C
:103BF0000C0A99F80220D9F808000EE008EB01132E
:103C0000C35CFF2B0ED0BB4205D10AEB011350F869
:103C100003C0DC450CD0491CC9B28A42EED8FF2C47
:103C200002D00DE00C46F6E799F803108A4203D162
:103C3000FF2004B0BDE8F09F1446521C89F8022012
:103C400008EB04110AEB0412475440F802B00421B7
:103C5000029B0022012B01EB04110CD040F8012043
:103C60004FF4007808234FF0020C454513D9E905BD
:103C7000C90D02D002E04550F2E7414606EB413261
:103C800003EB041322F07F42C250691A0CEB0412BA
:103C9000490A81540BE005B9012506EB453103EBD8
:103CA000041321F07F41C1500CEB0411425499F8E8
:103CB00000502046FFF76CFE99F80000A84201D0A2
:103CC000FFF7BCFE3846B4E770B50C460546FFF773
:103CD000A6F8064621462846FFF796FE0446FF282A
:103CE0001AD02C4D082101EB0411A8684158304628
:103CF00000F058F800F58050C11700EBD140401398
:103D00000221AA6801EB0411515C09B100EB4120CA
:103D1000002800DC012070BD002070BD2DE9F047B7
:103D200088468146FFF770FE0746FF281BD0194DD5
:103D30002E78A8683146344605E0BC4206D02646B7
:103D400000EB06121478FF2CF7D10CE0FF2C0AD000
:103D5000A6420CD100EB011000782870FF2804D097
:103D6000FFF76CFE03E0002030E6FFF755F8414610
:103D70004846FFF7A9FF0123A968024603EB041395
:103D8000FF20C854A878401EB84200D1A87001EBAB
:103D9000041001E0540A002001EB061100780870BD
:103DA000104613E6081A0002C11700EB116000125A
:103DB0007047000010B5202000F07FF8202000F0B0
:103DC0008DF84D49202081F80004EDF7D3FA4B49D6
:103DD00008604B48D0F8041341F00101C0F8041307
:103DE000D0F8041341F08071C0F804134249012057
:103DF0001C39C1F8000110BD10B5202000F05DF89D
:103E00003E480021C8380160001D01603D4A481E3F
:103E100010603B4AC2F80803384B1960C2F8000131
:103E2000C2F8600138490860BDE81040202000F069
:103E300055B834493548091F08607047314933483F
:103E4000086070472D48C8380160001D521E02608E
:103E500070472C4901200860BFF34F8F70472DE950
:103E6000F0412849D0F8188028480860244CD4F83C
:103E700000010025244E6F1E28B14046EDF7D4F90D
:103E800040B9002111E0D4F8600198B14046EDF747
:103E9000CBF948B1C4F80051C4F860513760BDE8AF
:103EA000F041202000F01AB831684046BDE8F041EA
:103EB00006F068BFFFDFBDE8F08100280DDB00F0F1
:103EC0001F02012191404009800000F1E020C0F86C
:103ED0008011BFF34F8FBFF36F8F7047002809DB4E
:103EE00000F01F02012191404009800000F1E02014
:103EF000C0F880127047000020E000E0C8060240D1
:103F000000000240180502400004024001000001C8
:103F1000454800210170417010218170704770B5D3
:103F2000054616460C460220F3F7F2FB3E490120F7
:103F3000F61E08703D4806603C4808380560001FC2
:103F4000046070BD10B50220F3F7E2FB3649012092
:103F5000087000F051F836494FF40000086010BDB9
:103F600010B5314C207888B131494FF40000091D5B
:103F7000086000F04AF8002120B1012060702D484F
:103F8000006801E061701020A0702170BDE8104051
:103F90000020F3F7BDBB244810B5017859B126487D
:103FA000D0F8000128B100F030F8002800D001203E
:103FB00010BD022010BD407810BD10B5C824641E8D
:103FC000E4B2FFF7E8FF022803D0012800D0002068
:103FD00010BD002CF3D1FFDFF9E7134810B50178CD
:103FE00041B100F012F818B112480068C0B210BD1B
:103FF000102010BD807810BD0F480021C0F80011BE
:10400000C0F80411C0F8081170470B48D0F800112F
:1040100029B1D0F8041111B1D0F8080108B100207D
:104020007047012070470000BE00002010F50040DE
:1040300004F5014000F4004000F000404748002132
:1040400001704170704770B5064614460D46012058
:10405000F3F75EFB42480660001D0460001D05602A
:1040600070BD70B53D4901250D7040EA02413C4AE2
:1040700041F08071121F11603A4C0026C4F80461AF
:10408000394A4FF04071116058B1012800D0FFDF6C
:10409000C4F80062256034494FF00070091F0860C1
:1040A00070BDC4F80052256070BD2C48017871B114
:1040B0002D4A4FF0407111602A49D1F804210021A6
:1040C0001AB12A4A1268427000E041700170002063
:1040D000F3F71EBB2148017841B12248D0F8040112
:1040E000002802D021480068C0B27047407870476D
:1040F0002DE9F04700282AD01848007800B9FFDFE2
:10410000184DD5F80401002821D10227C5F8047301
:10411000174C2068C04340F30016206840F01000A0
:1041200020604FF400484FF0E029761C04E000BF07
:10413000C9F8808206F01CFED5F804010028F7D0EB
:104140001EB9206820F010002060C5F80873BDE893
:10415000F08704490120886070470000C1000020FA
:1041600008F5004000F0004008F5014000F4004070
:1041700010ED00E010B541F6A474012802D0022829
:1041800002D0FFDF204610BD41F2883010BD38B5A7
:10419000FE4D0024C5F80041C5F80C41C5F810419A
:1041A000C5F80441C5F81441C5F81841FFF70EFAE7
:1041B00008B1C5F82841F6480068009038BD70B5D0
:1041C000F44D00246C702C7000F0D2FD85F8254071
:1041D000EC620922002105F11800AC63F9F7D3F86D
:1041E000ED49601E0860091D0860091D0C60091D6D
:1041F0000860091D0C60091D0860091D0860091D83
:104200000860091D0860091D0860091D0860091D76
:104210000860091D0860091D086070BDDF4800B511
:10422000016801F00F01032905D0006800F00F00BC
:10423000042802D0FFDF012000BD022000BD00B530
:10424000012802D0022800D0FFDF002000BD00B509
:10425000012802D0022802D0FFDF282000BD18204C
:1042600000BD10B5CB4902681839CA4C0A634268D0
:104270004A63007A81F83800207E50B1207FF9F738
:10428000C0F8A07E08B1012100E00021207FF9F7ED
:10429000ADF8607E00280CD0607FF9F7B2F8E07EC0
:1042A00008B1012100E00021607FBDE81040F9F76E
:1042B0009DB810BD00F063BD10B500F060FDB348BF
:1042C000D0F80001002800D0FFDF10BD70B501203C
:1042D00000F030FDB2480025056001260660FFF7BA
:1042E00085F9B04C18B1206840F480602060FFF779
:1042F00036F928B12068AC4920F0770008432060E7
:10430000FFF764F938B1A748001D016821F47F4127
:1043100041F4B0510160A349A4483C310860FFF763
:1043200055F99C4C60B19D490220503184F8210020
:104330000860A0499E48086095481030091F086031
:104340004FF01020806C411C05D094497C310A68E4
:1043500060F317420A60914940F25B6028310860BF
:10436000091F40F203100860081F06608B490320F4
:1043700008608C48EC38066094F8211011B14FF4B5
:10438000C02100E08C498B4A41F46021943A1160CD
:104390008749884A091F083211607D490839121F70
:1043A0001160016821F440710160016841F480717D
:1043B0000160012000F0CFFC74491020C1F8040313
:1043C00084F83150E56270BD76483830016821F0DC
:1043D000010141F08071016070476E4A0368183A2C
:1043E000C2F81A308088D0836A48017270476948E1
:1043F00090F825007047674A517010707047F0B50B
:104400000546840061488B882044C0F820360B782C
:10441000D1F8011043EA0121C0F8001605F10800A7
:104420000127604C07FA00F6FC3C52B1012A00D08B
:10443000FFDF2068304320602068AF4038432060B1
:10444000F0BD2068B043F6E706F0E8B8514890F8B0
:1044500032007047514AC1781432116000684F49E8
:1044600000020C3108607047252807D0262807D0A5
:10447000272807D00A2807D8042206E0022107E0EF
:104480001A2105E0502103E0062202EB4001C9B2E7
:10449000424A083A116041494431086070473D483A
:1044A000817A012917D0022914D1417E002911D027
:1044B000827F0121C37F01FA02F299400A433D49FC
:1044C00094390A6090F820003C4A002102EB8000F9
:1044D000C0F810157047017EE8E72DE9F0472D4C34
:1044E000A17A01290BD0022975D1627E002A72D0EF
:1044F000012906D0677FE17E59B101260AE0227EBC
:10450000F4E7277FA17E09B1012600E000261121F2
:1045100001E000262421DFF898804FF0010AA8F17D
:104520004408C8F84CA0DFF898904518D9F8000066
:10453000A84200D3FFDF0021C8F84C11C9F8005091
:10454000380286F0010140EA015040F0031294F86D
:1045500020101A4800EB8103C3F8102500EB8101FD
:10456000A27F184800EBC203C3F81415164DC3F818
:104570001055E37F00EBC300C0F814150449083957
:10458000C0F810150AFA02F120E024E00010004003
:10459000181100407C0A0020000E00401015004059
:1045A000FC1F00403C170040880000802C00008960
:1045B000448000409CF5014000000404006000407D
:1045C0004C85004000F001404C8100400AFA03F0A5
:1045D0000143F9480160BDE8F0872DE9F0410E463E
:1045E000F64907460320C1F80002F54C94F8210073
:1045F00010B14FF4C02000E0F248EF4D2860304683
:1046000006F036F817B1012F0FD017E0FEF7DEFFE6
:1046100010B1304600F0C9FB0120A072A06B40F43D
:104620008010A0634FF4801007E00220A072A06BFE
:1046300040F40010A0634FF400102860F6F744F92E
:104640003146BDE8F04148E72DE9F05FDB4C074615
:1046500003200E469346C4F80002D94D95F8210078
:1046600010B14FF4C02100E0D649DFF84C93C9F8EF
:104670000010104605F0FCFFDFF83C834FF0010A04
:1046800008F1A808A7B3012F3ED0FFDFCE4806608F
:10469000C949CE48A4310860A86B40F40020A86343
:1046A000D4F800721025C4F808530020C4F80002A2
:1046B000C1494FF48028091DC1F8008004F5007439
:1046C000FFF765FD2760C9F80080C4F80451E903CD
:1046D000C9F80010BE49C1F84CA0BB48001D0068D5
:1046E000B04200D3FFDF59463046BDE8F05FF4E644
:1046F000FFE7FEF76BFF10B1584600F056FBC8F815
:10470000004085F80AA0C1E7AC49091DC8F80010AF
:104710000220A872BAE72DE9F041A94C064690465E
:1047200094F831000F46002500B9FFDF16B1012EC5
:1047300012D01DE094F83100012806D094F8302002
:104740004146384605F0A2FF10E094F8301042468A
:10475000384605F0DCFF09E094F8310094F8301099
:1047600001284246384609D005F0F8FFE16A4518AD
:10477000424629463046BDE8F04165E705F0A8FF0E
:10478000F4E708B5FF208DF800008C480021C0F840
:1047900010110121016104E09DF80010491E8DF8FF
:1047A00000109DF8001019B1D0F810110029F3D0B5
:1047B0009DF80000002800D1FFDF08BD2DE9F04181
:1047C0007E4CD4F8000220F00307D4F804034FF025
:1047D0001008C0F30016C4F808830025C4F800527E
:1047E000774890F8210010B14FF4C02000E07548E0
:1047F000714940F46020091D0860FFF750FEFFF783
:10480000C0FFC4F81051FEF7E1FE08B1C4F828510A
:1048100000F0AEFAC4F80072002E01D0C4F8048390
:10482000BDE8F081ADE700686A4920F07F4008608C
:10483000704710B5012000F07DFABDE8104001205E
:1048400000F089BA01465E4818221838F8F771BDA1
:104850004FF0E0210220C1F8000170475E49087066
:1048600070475C4938390860704770B50546F6F7FF
:104870002BF8534C2844E16A884200D8FFDF01201E
:104880002074F6F721F82844606194F8211041B1B2
:10489000084460614948D0F8001241F04001C0F876
:1048A00000124B490020C1F8440147496069091FC3
:1048B0000860BDE8704000F0A2BA70B5404C0646F2
:1048C00002200D462074FFF7A9FC024694F831003F
:1048D00094F8301001281BD0304605F081FF60614C
:1048E00094F8210048B16169084460613348D0F808
:1048F000001241F04001C0F8001235490020C1F813
:1049000044016169E06A08442F49091F086070BDCD
:104910002B46304605F037FFE1E727494FF480008A
:10492000091D08602648816B21F480018163002104
:10493000017470472A4A10B502EBC002274BC2F837
:104940001035C2F81415012181401B4801601C4834
:10495000826B0A43826310BD1D4801214160C16022
:104960000021C0F844111848001F01601448C162BA
:10497000704710B50446FEF729FE10B1104880F8C4
:1049800021401448243004600C48D0F8001241F053
:104990004001C0F8001210BD084810B5D0F8001250
:1049A00021F04001C0F80012FEF710FE0949243141
:1049B00000B10220086010BD04F501400010004065
:1049C0007C0A002000000404488500404881004023
:1049D000008000403C150040C3000020041100404E
:1049E00000F00140F948D0F8001221F01001C0F8A1
:1049F0000012012181617047F4480021C0F81C11A8
:104A0000D0F8001241F01001C0F800127047EF49D1
:104A100008B5D1F81C21012A01D0002008BDEC4ABC
:104A2000126802F07F02524202700020C1F81C019D
:104A3000E84800680090012008BDF0B517460C005A
:104A4000064600D1FFDFE44DE0072F7302D0012CB2
:104A500000D0FFDF46B102206872EC72012802D05C
:104A6000022800D0FFDFF0BD0120F5E770B5DA4C79
:104A70000021E27A930703D5830701D5430713D4B6
:104A8000D30605D594F8333013B194F835305BB1C3
:104A9000130702D594F8243033B9520702D594F89D
:104AA00025200AB1C00700D00121607A012518B184
:104AB000A1B1BDE8704081E694F8210010B14FF437
:104AC000C02000E0C548C6490860C048D0F80012C0
:104AD00021F00301C0F80012E57270BD012803D077
:104AE000022808D0FFDF70BD00F042F9A5729621C0
:104AF000227B002006E000F03BF90220A072227B1E
:104B000096210120BDE8704005E62DE9F05FDFF851
:104B1000D4B29BF80000042800D3FFDFB248D0F8DD
:104B20004C0108B1FFF7BBFCAB4CAD49A06B086072
:104B30004FF00008C4F8388000F06BF9DFF8AC9251
:104B40000546D9F80010A16294F8210008B1081AAE
:104B5000A062A648001F0068E062FFF75FFB84F8D0
:104B60003000A07ADFF868A2012184F83100AAF1B0
:104B7000440A022808D1607830B1DAF800201278AF
:104B800002402078904310D084F82480924EA807E9
:104B9000A6F1180605D5F5F797FEA16A081A31693E
:104BA0008847E80704D0002709E084F82410EDE7DF
:104BB000A80701D5012702E0280707D50227F5F746
:104BC00083FEE16A7269081A394690479BF8000033
:104BD000C0071CD1DAF800005746007800F00F003B
:104BE000072812D239680622A01C0931F8F774FB95
:104BF00038B9207A39680978B0EBD11F01D101208A
:104C000000E0002084F8250001E084F82580284693
:104C1000FFF72CFFE80701D030682FE0A80726D562
:104C200068071ED4FEF7D2FCD8B9FEF7DFFCC0B986
:104C30006748F4380168001F0068C0F3425CC0F3A5
:104C4000006700F00F03C0F30312C0F3032047B165
:104C50000BB102B128B921B1BCF1030F01D245F06B
:104C6000040545F380007168401C884709E0280767
:104C700001D5B06802E0E80602D5F068804700E0A0
:104C8000FFDFA07A02281BD1207C002818D0564ACA
:104C9000C2F8448102280FD0012800D0FFDFE16A6A
:104CA0006069884200D8FFDFD4F81410C9F80010FA
:104CB000BDE8F05F00F0A3B86169E06A0144F5E780
:104CC000BDE8F09F70B5054641F2643441F66A06CE
:104CD000022806D0012D12D0022D0CD0FFDF304665
:104CE00070BDFEF72FFC0028F6D1FEF738FC002837
:104CF000F2D141F6583441F29A00204470BD42F698
:104D0000CE3070BD324808300168032904D00068F5
:104D1000022801D000207047012070472C4808303D
:104D200001680B2904D000680A2801D000207047D0
:104D30000120704700280DDB00F01F020121914087
:104D40004009800000F1E020C0F88011BFF34F8FD0
:104D5000BFF36F8F7047002809DB00F01F020121AD
:104D600091404009800000F1E020C0F880127047B7
:104D700019480021417281720121C172704730B51A
:104D800000240546012902D002290BD0FFDF184874
:104D900004430F4834380460164805430C48303843
:104DA000056030BD4FF08074F1E7094A4032116868
:104DB00053060228D3F820031ED0C0F3062000BFFC
:104DC00021F4FE4141EA00201060704700100040CD
:104DD000481500401C1100407C0A0020000004041B
:104DE00008F50140C30000200080004044850040D9
:104DF0000801100000000302C0F30660E0E7354838
:104E0000816B41F48001816333494FF48000086075
:104E1000DBE7F8B52F4C314E0020217C19B1D6F8D4
:104E20004411012907D00023A27A2D49012A04D078
:104E3000022A0AD019E00123F6E7D1F80C01012873
:104E400001D0002011E008200FE0D1F80C0101286A
:104E500006D0002223480068012803D0042002E085
:104E60000222F7E7002010431843D1F81021012A4D
:104E70002ED0002505431C48026812F0FF0F03D016
:104E8000D1F81421012A00D0002284F832200068D1
:104E900010F0FF0F03D0D1F81801012800D0002036
:104EA00084F833000F481030006884F83400FFF7AE
:104EB00072F8012800D0002084F83500FFF767F968
:104EC0000020C6F844010948006800902846F8BD53
:104ED0001025CFE77C0A002004F501400080004047
:104EE0000010004000140040401600404481004083
:104EF00010B5444822220021F8F745FA4148002421
:104F0000017821F010010170012104F04DFC3D49B0
:104F10004FF6FF70263981F8224088843A4908808C
:104F2000488010BDE4E7704700F05FB83549016084
:104F30007047354908807047324926398A8CA2F576
:104F40007F43FF3B02D00021016008E091F822205E
:104F50002C492639012A02D0016001207047002027
:104F600070472848263810F8221F012908D001214F
:104F7000017025482349263900888884012070471C
:104F8000002070472049488070471E491E4B263933
:104F90008A8C5B889A4205D191F8222012B1016077
:104FA00001207047002070471648174A2638818C28
:104FB0005288914209D14FF6FF71818410F8221F67
:104FC00019B10021017001207047002070470D4881
:104FD0000D4A2638818C5288914204D190F82200E3
:104FE00008B10020704701207047064926398A8C95
:104FF000824205D1002081F822004FF6FF7088849C
:1050000070470000DE0A0020C400002070473D4ABF
:10501000012338B1012804D1137008689060888892
:105020009081704753700868C2F802008888D08069
:105030007047344A10B1012807D00EE0507860B1B3
:10504000D2F802000860D08804E0107828B1906897
:1050500008609089888001207047002070472949A6
:1050600010B1012802D005E0487800E0087808B1C6
:10507000012070470020704730B50C4605468DB0C2
:105080004FF0030104F1030012B1FEF741FB01E010
:10509000FEF75DFB60790D2220F0C00040F040007B
:1050A0006071002104A8F8F76EF9E0788DF81F0010
:1050B00020798DF81E0060798DF81D001022294698
:1050C0006846F8F736F9684604F036FE9DF82F007A
:1050D00020709DF82E0060709DF82D00A0700DB01E
:1050E00030BD10B5002904464FF0060102D0FEF78E
:1050F0000FFB01E0FEF72BFB607920F0C000607130
:1051000010BD0000C8000020FE48406870472DE92F
:10511000F0410E46074601461446012004F011FDF9
:10512000054697F86500FFF725F84AF2B1210844D3
:105130004FF47A71B0FBF1F1788840F2712250435C
:10514000C1EB4000041BA4F2663402F0BBFD00B1C9
:105150001E3CAE4201D2284600E03046A04204D2B6
:10516000AE4201D22C4600E034467C62BDE8F081BC
:1051700030B502460020002914D0A2FB01104C0AD1
:1051800044EAC054400A641C40F100000021D4F1FC
:10519000FF3240F2A175814100D2FFDF04F5F464D3
:1051A000B4FBF5F030BD2DE9FF4F8BB0044690F80D
:1051B00065008A460990DDE90D1008430890D24841
:1051C0000026007800F004FE054694F88C0100F0FB
:1051D000FFFD284480B2009094F87D000D2804D093
:1051E000002007900D9810B131E00120F9E794F804
:1051F0002C0103282BD1079848B3B4F8AE115145C0
:1052000025D1D4F83401C4F82001608840F2E2418D
:105210004843C4F82401B4F87A01B4F806110844EC
:10522000C4F82801204602F057FDB4F8B201E0822C
:1052300094F8B0016075B4F8B4016080B4F8B601B8
:10524000A080B4F8B801E080022084F82C01D4F8E2
:1052500084010590D4F880010390B4F80681B4F875
:105260007811D4F8740106900D9820B194F840019B
:1052700000287DD108E004F580700290743004901D
:1052800004F5B075001D07E004F5AA700290001D3A
:10529000049004F5A275001D0A90B4F87020AAEBE2
:1052A00002000FFA80F9AAEB010007B2002F05DA1D
:1052B000D4F87001069001204F46089092484FF0B4
:1052C000000B007970B3F5F7A1FC58B3B4F81801DE
:1052D000022827D394F82C01022823D094F8430104
:1052E00000BB94F88C0100F073FD00F5C86080B23B
:1052F000009094F82C01012845D0608840F2E241EA
:1053000048430099FFF734FF08EB0901CA1BD4F8A2
:10531000341180B2431A02FB03BBC4F834010120EC
:1053200084F8430194F82C0100286DD001287DD029
:1053300002287CD003287BD0FFDF00BFA6EB0B0147
:105340000698FCF70EFD0499012640F271220860D0
:105350000A990020A1F800A028702E710498006816
:10536000A8606088D4F834115043C1EB400000E0DD
:10537000BFE16549A0F23630C861896981427DD9B3
:10538000029908607BE194F88000032833D0012162
:10539000002004F0CDF8E18A40F27122514300EB85
:1053A00041000190D4F82401B8340099FFF7E0FEE1
:1053B000A16E226F431AA066DDE9001002FB03BB59
:1053C000FFF7D6FEA16FA067421A34F8B60C40F280
:1053D000E241484393440099FFF7CAFE08EB0901F4
:1053E000226FC91B8A1AE16F521E431A02FB03BBCC
:1053F000E067B83C93E7E08A40F27122D4F82411C8
:10540000504301EB4000CCE7039800B9FFDF0121D6
:10541000002004F08DF80646E08A40F271214843EE
:1054200006EB40000099FFF7A3FE02E0C0E058E061
:10543000DDE0C4F83001608840F2E2414843009961
:10544000FFF796FEC4F8340182B22046A16AFFF746
:105450005EFE14F8650FFEF7F2FE4FF47A7800F264
:10546000E140B0FBF8F1039801EB00092078FEF76A
:10547000E6FE07462078FEF77DFE00E0FDE03844BA
:105480004AF2AB310144B1FBF8F134F84F0C40F271
:105490007122504306EB4000411AD4F8CB0040F291
:1054A000E2430A1A02EB0906227814F8501C11FB99
:1054B00003F1203E00F0B9FC1349801C886114F808
:1054C0006509FEF7BCFE00F2E140B0FBF8F103987D
:1054D0000844301A40F2F6218842BFF42FAFFFDFB4
:1054E0002CE7E08A40F27122D4F82411504301EBFA
:1054F00040000099FFF73CFEC4F83001608840F29C
:10550000E24103E0000B0020D8000020484300994E
:10551000FFF72EFEC4F8340182B22046A16AFFF7DD
:10552000F6FDB8F1000F21D10E98F8B194F865603E
:105530003046FEF71FFE4AF2B12101444FF47A7063
:10554000B1FBF0F0D4F8301140F271230144E08A4D
:10555000D4F82421584302EB4000471A3046FEF7A6
:1055600076FE0599081A3E18203E0AE0E08A40F2CD
:105570007122D4F82411504301EB4000D4F83011CB
:10558000461AD4F82821D4F82011D4F8300140F27A
:10559000E24301FB020094F86520617D11FB03F1F9
:1055A00000F043FCF9498861012084F82C01C5E62C
:1055B000608840F271225043D4F83411D4F8282185
:1055C000C1EB40067E4308EB0900801AD4F8207135
:1055D000D4F83031401E07FB023200FB012094F862
:1055E0006520617D40F2E24311FB03F140E06088F9
:1055F00040F27122D4F834115043C1EB400694F8C4
:105600007C007E43242803D094F87D0024280AD10E
:10561000B4F8AE11AAEB010000B2002803DB94F845
:10562000B10100B109900898D8B1B8F1000F18D1B4
:10563000059808B1039800B9FFDF94F86500FEF7FC
:1056400099FD4AF2B12101444FF47A70B1FBF0F0B8
:10565000361A94F86500FEF7FAFD0599081A064413
:10566000203ED4F8341108EB090048430021099A80
:1056700000F0DBFBC549886160E602980160029892
:10568000616A0068084400F5D370E86002F01AFB14
:1056900010B1E8681E30E8606E71B4F8F010A1EB4C
:1056A0000A0000B2002801DD032068710798002875
:1056B0000E9822D0C0B100BFB4F81811B1B3B4F83D
:1056C0001A0100BFA4F81A0194F81C21401C42439F
:1056D0008A4209D26879401E002805DD6E71B4F84F
:1056E0001A01401CA4F81A010D9830B394F8400137
:1056F000F8B102200FB0BDE8F08F0028DCD194F89B
:105700002C010028F0D0608840F27122D4F83411C6
:105710005043C1EB4001284603F04EFE0004000C4C
:10572000E2D0189901B108800120E3E7FFE70020EB
:10573000C8E794F87C01FDF78CF994F87C012946C0
:1057400000F059FB20B10D9880F0010084F8410170
:105750000020CFE77CB50446FCF72FFE0146D4F8C5
:105760007001FDF72BFB214600F076FB94F87D10CD
:105770000D290AD0B4F87020B4F83E1113189942DC
:1057800006DB491CA4F83E1106E0B4F83E010CE02B
:10579000401C1044A4F83E0194F8420140B9B4F80A
:1057A0003E01B4F8F410884202D1401CA4F83E0136
:1057B000B4F87A0101AE401CA4F87A01B4F89A005A
:1057C000B4F89810401AB4F87010401E084485B21E
:1057D00009E000231A4620460096FFF7E4FCD0B10A
:1057E00001282ED0FFDFB4F83E11681A00B200285D
:1057F000EFDA082084F88D00012084F88C00204620
:1058000001F0F5FE204600F0F8FA60484079BDE866
:105810007C40F5F7C9BBA06E002811D0B4F83E015A
:10582000B4F89420801A01B2002909DD34F86C0F15
:105830000144491E91FBF0F189B201FB0020208553
:105840007CBDB4F83E01BDF804100844A4F83E0144
:10585000C9E770B54E4C607A08B1002070BD94F86D
:10586000300030B1616B606A884202D9F8F70CFBF6
:10587000F3E7A06AC8B1F7F725FF0546F7F7F9FE89
:10588000284442F210714618FCF797FD0546294658
:10589000E06AFDF793FAE562A16A8219914202D2A9
:1058A0000120A062E2E7081AA062012070BD70B575
:1058B000374C012500202575207494F8300004F140
:1058C000100650B14FF47A71A069FCF74AFAA06152
:1058D0000021304603F070FD10E0002000F00DFBC9
:1058E0000546F7F7EFFE05442946A069FCF739FAAB
:1058F000A0612946304603F05FFD451C208C411C09
:105900000A2901D228442084606828B1208C401CD8
:105910000A2801D3022000E003206075FFF799FFF9
:1059200038B1207B314600F066FA002800D1FFDF55
:1059300070BD00F0DAFA15484079BDE87040F5F71F
:1059400033BB38B50025044680F82C51A0F87851B7
:105950002B462A4629460095FFF725FC00B1FFDFBC
:10596000C4F828510120C4F8205184F82C01A4F86F
:105970003E51A4F83C5184F8425134F8700F401E57
:1059800024F8B80B0020A4F8525038BDD8000020ED
:10599000000B002010B530B1F749012807D00228CC
:1059A0000BD0FFDF10BDBDE8104000F0EABA486A36
:1059B000BDE81040002100F0B5BA002081F83000A9
:1059C000FCF7F9FBED484079BDE81040F5F7ECBA7B
:1059D0002DE9F0410646E8480F460178E74D0329D6
:1059E00009D1017BB14206D1406868613846BDE803
:1059F000F04100F0EEBA304600F0F3F90621FAF774
:105A00005DFB040000D1FFDF304600F0EAF9218899
:105A1000884200D0FFDF214638466C61BDE8F04186
:105A200000F027BA10B5D44C207848B1012060723C
:105A3000F8F74CFA2078032804D0207A002800D008
:105A40000C2010BD207BFDF704F8207BFDF772FAD7
:105A5000207BFCF78FFC00B9FFDF0020207010BD19
:105A600010B5FFF7DFFF00F0F1FAC348002180F81E
:105A70003010C172084610BDC049487100208870BE
:105A800001220A7048700A71C870BB490870E7E7C4
:105A9000BA49087070472DE9F047B74C07460E46E3
:105AA000207800284BD1B648FCF702FC20731F2851
:105AB00045D04FF00309676084F8009000256572B7
:105AC000257287B1012107F58E70FDF740FE062093
:105AD000FAF7A0FA97F81C11B1FBF0F200FB1210D4
:105AE000401C87F81C01FCF73EFC40F2F65188424E
:105AF00000D2084600F23F101FFA80F8F7F7B9FD10
:105B0000E061F7F7DFFD0127E0B1A772FCF755FC74
:105B10008246002000F0F1F900EB08015046FCF746
:105B200020F9A061C4E90A6A277584F815909249A2
:105B30002574207B103100F05EF990B910E00C2044
:105B4000BDE8F087FCF739FC4146FCF70AF9A06193
:105B5000A57284F83070A6F28B566663A562E3E7FF
:105B6000FFDF25840020F8F7B1F90020E8E783493A
:105B7000487070478149087170472DE9F0417F4CAA
:105B80000746E088401CE080D4E902516078D7F8ED
:105B9000806120B13246284603F036FC0546A068F5
:105BA000854205D02169281A08442061FDF7D3F801
:105BB000A560AE4205D897F82C01012801D0E07805
:105BC00010B10020BDE8F0810120FBE710B50446CC
:105BD0000846FEF7CFFA4AF2B12108444FF47A7131
:105BE000B0FBF1F040F2E2414C4300F23630844227
:105BF00001D9201A10BD002010BD7CB5044600203C
:105C000084F8400194F8FE0000283FD194F82C015C
:105C100003283BD1FCF7D1FB0146D4F87001FDF716
:105C2000CDF8002832DD214600F016F9411CB4F809
:105C300070000144A4F83C11B4F83C11B4F8F4200D
:105C4000511A09B2002921DD012184F84211B4F86A
:105C50009A10B4F8982001AE891A491E084485B2FA
:105C60000EE00096B4F83C11002301222046FFF715
:105C70009AFA00280AD0012809D0022806D0FFDFAE
:105C8000B4F83C01281A00B20028EADA7CBDB4F866
:105C90003C01BDF804100844A4F83C01F0E738B515
:105CA00000250446012902D13448C07868B1042097
:105CB00084F82C01FCF77FFAA4F87A51B4F870004C
:105CC000A4F83E0184F842515FE60095B4F8F41060
:105CD000012300222046FFF766FA0028EAD0FFDF02
:105CE000E8E710B5062916D2DFE801F00509030C34
:105CF0000C0D002100E00121BDE81040CFE7032199
:105D000080F82C1110BDB0F834118AB2816ABDE858
:105D10001040FFF7FCB9FFDF10BD70B5174CA1783C
:105D2000022916D1E188002913D16569C5F88401DB
:105D300095F86500FEF78BFAD5F88411081AA1686A
:105D40000144A160E1680844E060BDE8704000F0F3
:105D5000A9B970BD70B5054608488478022C11D0E9
:105D6000054C243401B34FF47A7601290ED0022970
:105D700010D0FFDF70BD0000000B0020D800002015
:105D8000D1590100446904F5C074EBE71846FEF7E9
:105D900056FA02E01046FEF795FF00F2E140B0FB34
:105DA000F6F0281A2060E5E72560E3E7FE4810B525
:105DB000007808B1002010BD0620FAF71DF980F028
:105DC000010010BDF8480078002800D0012070477D
:105DD00010B504460C2800D3FFDFF44830F8140057
:105DE00010BD10B504461F2800D3FFDFEE48383041
:105DF00030F8140010BDFCF711BD70B5044600204A
:105E000084F82C0194F87C514FF6FF761F2D00D3B7
:105E1000FFDFE548383020F8156094F87C01FCF786
:105E2000A9FA1F2084F87C01A4E770B505460C464A
:105E300016461046FEF79EF94AF2B12108444FF487
:105E40007A71B0FBF1F000EB450004443046FEF7F8
:105E5000FEF9204460308DE7002809D0D1F83421C4
:105E6000498840F271235943C2EB4101B0FBF1F084
:105E700070472DE9F04101250226CD4F0C46082838
:105E800031D2DFE800F0040E161611301A23204636
:105E900000F0ADF9204600F064F984F84051BE707E
:105EA00090E601F00AFF01E0FEF72FFE84F8405172
:105EB00088E62046BDE8F0414CE4FEF7B3FCFEF76F
:105EC00024FE4FF0E020C0F880627BE694F82C01BD
:105ED000042800D0FFDF2046FFF78FFF7879BDE868
:105EE000F041F5F761B8FFDF6CE610B5AE4C207BF2
:105EF000FCF740FA0020207010BD08B500284FF0D4
:105F00000101684602D0FDF703FC01E0FDF7F6FB56
:105F10009DF8000042F210710002B0FBF1F201FBAB
:105F2000120008BD2DE9F0419F4C0746002084F87F
:105F30003000A669E07220700120207201216068A3
:105F400003F0B2F86068C0F87061257B80F87C517E
:105F5000C0F88071C0F8746106881F2D00D3FFDF80
:105F60009148383020F815606068FFF7EAFC00B10E
:105F7000FFDFFCF720F98E484079BDE8F041F5F7E6
:105F800013B870B5884C0025A07A18B10120FFF72E
:105F9000B4FF0546F7F796FB4119A069FBF7E1FE50
:105FA000A061002525740320607501202075607AAA
:105FB00030B97D49207B1031FFF71DFF00B9FFDFAD
:105FC0002584FCF7F8F87A484079BDE87040F4F78A
:105FD000EBBF70B5744D04462878032800D0FFDF6E
:105FE000082C31D2DFE804F0040E2A2A2630302DA6
:105FF00000206862F7F77CFD00B1FFDF6C490320E9
:106000008870B7E6F7F735FBE9690446A14206D286
:10601000601A0421FCF705FFEC6108B906E0E861AD
:10602000F7F7B1FE0028ECD0FFDFA3E6BDE8704033
:106030000020AFE4BDE87040FEF767BDBDE87040EA
:1060400035E4BDE8704050E7FFDF93E6FEB5584CFD
:106050000120E0704FF6FF750CE00621FAF72EF8EC
:10606000060000D1FFDF96F87C01FCF763FF3046A5
:10607000FFF7C3FE69460620F9F7ADFF50B1FFDF19
:1060800008E0029830B190F82C1119B10088A842AC
:10609000E3D104E06846F9F77CFF0028F1D0002046
:1060A000E070FEBD2DE9F0474148446994F8431182
:1060B000002955D094F82C11032951D194F86590FA
:1060C0000078FFF785FE054694F88C01FFF780FE07
:1060D000284486B294F88C01FFF77AFE00F5C86078
:1060E0001FFA80F84846FEF7B2F8D4F884110D1A6A
:1060F0004846FEF73FF84FF47A7A00F2E730B0FBFB
:10610000FAF02D1A4846FEF7A2F8D4F800110F1A3B
:106110004846FEF72FF84AF2B1210144B1FBFAF0EC
:106120003A1AA2F160007043B0FBF8F1292000EBAD
:1061300052006031A0EB510200EB5100AA4201D89D
:10614000854201D3F4F714FE608840F2E2414843EF
:106150003146FFF70DF8C4F83401002084F84301FC
:10616000EEE470B50446FCF7FEF8054694F86500C9
:10617000FEF700F84AF2B12108444FF47A71B0FBFF
:10618000F1F0D4F8341140F2712201446088504398
:10619000C1EB4006303EB72D00D8B725214601207F
:1061A00003F0CFFC284405E0000B002088B201007A
:1061B000D8000020351A21460120A5F21B3503F036
:1061C000C0FC616A9C30814201D9081A00E00020BD
:1061D0002C49A842CD6000D328468860D4F86C01D1
:1061E000A0F5D3700861BDE87040FCF7B4BD10B5F0
:1061F000044624490020C4F88001C880C4F8840102
:1062000094F8410138B9FCF7D8F8D4F84C11FCF7F0
:10621000D5FD002813DCB4F83E11B4F870008142BB
:1062200001D1B4F8F410081AA4F8F600A4F870101C
:10623000D4F86801C4F84C01C4F870011CE0B4F84B
:106240003C01B4F87010401AA4F8F600B4F83C0110
:10625000A4F87000D4F84C01C4F86801C4F87001C7
:10626000D4F85401C4F80001D4F85801C4F87401FA
:10627000B4F85C01A4F878012046BDE8104001F0B4
:1062800006BC0000D80000202DE9F0410E4604466F
:1062900003F06FFB0546204603F06DFB044603F058
:1062A000FDF8FB4F010015D0386990F864208A4250
:1062B00010D090F8C4311BB190F8C63123421FD0E2
:1062C0002EB990F85D30234201D18A4218D890F857
:1062D000C401A8B1284603F0E1F870B1396991F81A
:1062E0006520824209D091F8C40118B191F8C70124
:1062F000284205D091F8C40110B10120BDE8F08119
:106300000020FBE730B5E24C85B0E06900285ED0A4
:10631000142200216846F7F736F8206990F86500E6
:10632000FDF728FF4FF47A7100F5FA70B0FBF1F534
:10633000206990F86500FDF78AFF2844ADF8060053
:1063400020690188ADF80010B0F87010ADF80410A5
:106350004188ADF8021090F8A60130B1A069C11CC7
:10636000039103F01FFA8DF81000206990F8A50141
:106370008DF80800E169684688472069002180F8A7
:10638000A61180F8A5110399002920D090F8A41136
:1063900000291CD190F87C10272918D09DF81010E6
:1063A000039A002913D013780124FF2B11D0072B57
:1063B0000DD102290BD15178FF2908D180F8A441D1
:1063C0000399C0F8A8119DF8101080F8A71105B026
:1063D00030BD1B29F2D9FAE770B5AD4C206990F8B1
:1063E0007D001B2800D0FFDF2069002580F8A75022
:1063F00090F8D80100B1FFDF206990F8A81041B1F2
:1064000080F8A8500188A0F8DC1180F8DA510C213E
:1064100008E00188A0F8DC1180F8DA51012180F849
:10642000DE110B2180F8D8110088F9F77AFFF9F70F
:1064300023FC2079F4F7B8FD206980F87D5070BD09
:1064400070B5934CA07980072CD5A078002829D16D
:1064500062692046D37801690D2B01F170005FD08D
:106460000DDCA3F102034FF001050B2B19D2DFE87D
:1064700003F01A1844506127182C183A6400152BA1
:106480006FD008DC112B4BD0122B5AD0132B62D0BB
:10649000142B06D166E0162B71D0172B70D0FF2B72
:1064A0006FD0FFDF70BD91F87F200123194602F005
:1064B00038FF0028F6D12169082081F87F0070BDDF
:1064C0001079BDE8704001F0A2BC91F87E00C007D1
:1064D00000D1FFDF01F05AFC206910F87E1F21F087
:1064E0000101017070BD91F87D00102800D0FFDF20
:1064F0002069112180F8A75008E091F87D00142848
:1065000000D0FFDF2069152180F8A75080F87D10AA
:1065100070BD91F87D00152800D0FFDF172005E041
:1065200091F87D00152800D0FFDF1920216981F83E
:106530007D0070BDBDE870404EE7BDE8704001F0E1
:106540003ABC91F87C200123002102F0EAFE00B958
:10655000FFDF0E200FE011F87E0F20F0040008701E
:106560001DE00FE091F87C200123002102F0D9FE0C
:1065700000B9FFDF1C20216981F87C0070BD12E0AA
:106580001BE022E091F87E00C0F30110012800D04A
:10659000FFDF206910F87E1F21F010010170BDE8B7
:1065A000704001F0F3BB91F87C200123002102F040
:1065B000B8FE00B9FFDF1F20DDE791F87D0021283C
:1065C00001D000B1FFDF2220B0E7BDE8704001F04C
:1065D000E9BB2F48016991F87E20130702D50121FC
:1065E0008170704742F0080281F87E208069C0788F
:1065F00081F8E10001F0C1BB10B5254C21690A8882
:10660000A1F81A2281F8180291F8640001F0A9FBA0
:10661000216981F81C0291F8650001F0A2FB216953
:1066200081F81D02012081F81602002081F8C401C2
:106630002079BDE81040F4F7B7BC10B5144C052123
:106640002069FFF74EFB206990F85A10012908D005
:1066500000F5F77103F048FA2079BDE81040F4F72F
:10666000A3BC022180F85A1010BD10B5084C0123BC
:106670000921206990F87C20703002F052FE48B168
:106680002169002001F8960F087301F81A0C10BD5B
:10669000F80000200120A070F9E770B5FE4D01233D
:1066A00029462869896990F87C2009790E2A01D148
:1066B000122903D000241C2A03D004E0BDE8704056
:1066C000D3E7142902D0202A07D008E080F87C40C4
:1066D00080F8A240BDE87040AFE7162906D0262A10
:1066E00001D1162902D0172909D00CE000F87C4FFF
:1066F00080F82640407821280CD01A2017E090F826
:106700007D20222A07D0EA69002A03D0FF2901D17F
:1067100080F8A63132E780F87D4001F037FB286928
:1067200080F8974090F8C4010028F3D00020BDE81D
:10673000704061E72DE9F843D74C206990F87C1050
:10674000202909D05FF0000790F87D10222905D09C
:106750007FB300F17C0503E00127F5E700F17D053B
:1067600010F8B01F41F004010170A06903F007F9AF
:106770004FF00108002608B33946A069FFF784FDF1
:10678000E0B16A46A169206902F096FE90B3A06963
:1067900003F0F3F82169A1F8AE01B1F8701001F02F
:1067A000C6FA40B32069282180F88D1080F88C80CB
:1067B00048E0FFE70220A070BDE8F883206990F868
:1067C000C40110B11E20FFF717FFAFB1A069216906
:1067D000C07881F8E20008FA00F1C1F3006000B966
:1067E000FFDF20690A2180F87C1090F8A20040B9F0
:1067F000FFDF06E009E01AE02E7001F0C7FAFFF7AC
:10680000E8FE206980F89760D6E7206990F8C40117
:1068100018B10020FFF7F0FE2E70206900F17D0115
:1068200080F897608D420DD180F87D600AE0206984
:106830009DF8001080F8B0119DF8011080F8B1119A
:1068400024202870206900F17D018D4203D1BDE82C
:10685000F84301F09BBA80F8A260ADE770B58E4CAA
:1068600001230B21206990F87D20703002F059FD42
:10687000202650BB20690123002190F87D20703034
:1068800002F04FFD0125F0B1206990F87C0024282A
:106890001BD0A06903F063F8C8B1206990F8B0106C
:1068A00041F0040180F8B010A1694A7902F00702B2
:1068B00080F85D20097901F0070180F85C1090F8FC
:1068C000C5311BBB06E0A57058E6A67056E6BDE8CC
:1068D00070407EE690F8C431C3B900F164035E787D
:1068E0008E4205D11978914202D180F897500DE07F
:1068F00000F504710D7002884A8090F85C200A71DE
:1069000090F85D0048712079F4F74EFB2169212051
:1069100081F87D00BDE8704001F02FBAF8B55E4CFB
:10692000206990F87E0010F0300F04D0A07840F07D
:106930000100A070F8BDA06902F0FAFF50B3A06991
:1069400002F0F0FF0746A06902F0F0FF0646A069DA
:1069500002F0E6FF0546A06902F0E6FF0146009757
:10696000206933462A46303003F046F8A079800784
:1069700003D56069C07814280FD0216991F87C0094
:106980001C280AD091F85A0001280ED091F8BB01BA
:1069900058B907E0BDE8F8401BE62169012081F8FD
:1069A0005A0002E091F8BA0130B1206910F87E1F58
:1069B00041F0100101700EE091F87E0001F5FE72C9
:1069C00040F0200081F87E0031F8300B03F080F8B1
:1069D0002079F4F7E9FABDE8F84001F0CEB970B5D6
:1069E0002D4C206990F87E10890707D590F87C20FF
:1069F00001230821703002F094FCE8B1206990F87E
:106A0000AA00800712D4A06902F073FF216981F8FF
:106A1000AB00A06930F8052FA1F8AC204088A1F8A0
:106A2000AE0011F8AA0F40F002000870206990F83B
:106A3000AA10C90703D00FE00120A0709EE590F8CE
:106A40007E00800700D5FFDF206910F87E1F41F02F
:106A50000201017001F091F92069002590F87C1085
:106A6000062906D180F87C5080F8A2502079F4F7EE
:106A70009BFA206990F8AC110429DFD180F8AC5161
:106A80002079F4F791FA206990F87C100029D5D18B
:106A900080F8A25072E50000F800002070B5FE4CAE
:106AA00001230021206990F87D20703002F039FC2C
:106AB000012578B9206990F87D20122A0AD0012397
:106AC0000521703002F02DFC10B10820A07055E5B2
:106AD000A57053E5206990F8A80008B901F04DF9B8
:106AE0002169A06901F5847102F0F1FE2169A069B4
:106AF000D83102F0F2FE206990F8E00100B1FFDF2A
:106B000021690888A1F8E20101F5F271A06902F09B
:106B1000D6FE2169A06901F5F67102F0D5FE206963
:106B200080F8E051142180F87D102079BDE8704094
:106B3000F4F73ABA70B5D84C01230021206990F8D7
:106B40007D20703002F0EDFB0125A8B1A06902F0B4
:106B50008CFE98B1A0692169B0F80D00A1F8AE01D2
:106B6000B1F8701001F0E3F858B12069282180F8DD
:106B70008D1080F88C5001E5A570FFE4BDE87040F1
:106B800027E5A0692169027981F8B021B0F80520D4
:106B9000A1F8B22102F060FE2169A1F8B401A06958
:106BA00002F05DFE2169A1F8B601A06902F05AFE6B
:106BB0002169A1F8B8010D2081F87D00DEE47CB5E3
:106BC000B54CA079C00738D0A06901230521C5784C
:106BD000206990F87D20703002F0A3FB68B1AD1EF3
:106BE0000A2D06D2DFE805F00909050509090505A2
:106BF0000909A07840F00800A070A07800281CD1F6
:106C0000A06902F0FFFD00287AD0A0690226C578AD
:106C10001DB1012D01D0162D18D1206990F87C00EE
:106C200002F067FB90B1206990F87C101F290DD00D
:106C3000202903D0162D16D0A6707CBD262180F801
:106C40007C10162D02D02A20FFF7D6FC0C2D58D030
:106C50000CDC0C2D54D2DFE805F033301D44A7A71F
:106C6000479E57A736392020A0707CBD0120152DE6
:106C700075D008DC112D73D0122D69D0132D64D07E
:106C8000142D3DD178E0162D7CD0182D7DD0FF2D10
:106C900036D183E020690123194690F87F207030B7
:106CA00002F03FFBF8B9A06902F007FE216981F804
:106CB0009201072081F87F0078E001F044F975E047
:106CC000FFF738FF72E001F01EF96FE0206990F8DD
:106CD0007D10112901D0A67068E0122180F87D1086
:106CE00064E0FFF7DBFE61E0206990F87D00172883
:106CF000F1D101F04BF821691B2081F87D0055E0AE
:106D000052E0FFF76CFE51E0206990F87E00C0076A
:106D100003D0A07840F001001FE06946A06902F0AE
:106D2000EAFD9DF8000000F02501206900F8B01F81
:106D30009DF8011001F04101417001F01EF8206939
:106D400010F87E1F41F0010114E0FFF78EFC2DE0EA
:106D5000216991F87E10490705D5A07026E00EE064
:106D600016E00FE011E001F008F8206910F87E1F2E
:106D700041F00401017019E0FFF7D0FD16E001F0C9
:106D80008AF813E0FFF76AFD10E0FFF7D3FC0DE08F
:106D900001F060F80AE0FFF780FC07E0E16919B153
:106DA000216981F8A60101E0FFF713FC2069F0E9F1
:106DB0003012491C42F10002C0E900127CBD70B5DE
:106DC000354CA07900074AD5A078002847D1206922
:106DD00090F8E400FE2800D1FFDF2069FE210025A5
:106DE00080F8E41090F87D10192906D180F8A7509A
:106DF00000F0CCFF206980F87D50206990F87C106D
:106E00001F2902D0272921D119E090F87D0002F036
:106E100070FA78B120692621012380F87C1090F85F
:106E20007D200B21703002F07CFA78B92A20FFF720
:106E3000E3FB0BE02169202081F87C0006E00121C2
:106E400080F8A51180F87C5080F8A250206990F855
:106E50007F10082903D10221217080F8E41059E441
:106E600010B50D4C216991F8B0210AB991F8642050
:106E700081F8642091F8B1210AB991F8652081F870
:106E8000652010B10020FFF7B7FB206902F0D4FDA8
:106E9000002809D0206901E0F8000020BDE810407A
:106EA00000F5F77102F020BE10BD70B5FC4C06462F
:106EB0000D46206990F8E400FE2800D0FFDF22692B
:106EC000002082F8E46015B1A2F8A40022E422F8C0
:106ED0009E0F012010711DE470B5F14C01230021BB
:106EE000206990F87C20703002F01BFA002869D0ED
:106EF000206990F8BA1111B190F8BB1139B190F82E
:106F0000C41100295DD090F8C51111B359E090F873
:106F10007D1024291BD090F87C10242917D0002341
:106F200000F5D87200F5DD7102F058FD21690020EE
:106F300081F8BA0101461420FFF7B7FF216901F17A
:106F40003000C28A21F8E62F408B48803FE00123C1
:106F5000E6E790F87D2001230B21703002F0E1F983
:106F600078BB206990F8640000F0FBFE05462069BC
:106F700090F8650000F0F5FE0646206990F8C6110D
:106F8000284600F0E0FE50B1206990F8C711304665
:106F900000F0D9FE18B10020FFF72EFB11E02069A8
:106FA0000123032190F87D20703002F0BAF940B936
:106FB00020690123022190F87D20703002F0B1F9A0
:106FC00008B1002080E400211620FFF76EFF0120A9
:106FD0007AE410B5F0BBB24C206990F87E10CA0775
:106FE00002D00121092051E08A070AD501210C2095
:106FF000FFF75BFF206910F8AA1F41F00101017043
:1070000046E04A0702D5012113203FE00A0705D5D3
:1070100010F8E11F41710121072037E011F0300F16
:107020003AD090F8BB11A9B990F8BA11D9B190F83B
:107030007D1024292ED090F87C1024292AD00023FA
:1070400000F5D87200F5DD7102F0C8FC216911F875
:107050007E0F00E020E020F0200040F010000870DB
:10706000002081F83C01206990F87E10C90613D5F4
:1070700002F0E2FCFFF7E1FA216901F13000C28A77
:1070800021F8E62F408B488001211520FFF70DFFE6
:10709000012010BD0123D3E7002010BD70B5804C46
:1070A000206990F8E410FE2978D1A178002975D1E3
:1070B00090F87F2001231946703002F032F9002841
:1070C0006CD1206990F8901149B10021A0F89C1072
:1070D00090F8911180F8E610002102205BE090F812
:1070E0007D2001230421703002F01BF90546FFF7D3
:1070F00070FF002852D1284600F089FF00284DD1AA
:1071000020690123002190F87C20703002F009F9F9
:1071100078B120690123042190F87D20703002F0BD
:1071200000F930B9206990F8960010B100211220C2
:1071300031E0206990F87C200A2A0DD0002D2DD155
:1071400001230021703002F0ECF878B1206990F84A
:10715000AC1104290AD105E010F8E21F01710021E9
:10716000072018E090F8AA00800718D0FFF7B4FEB7
:10717000002813D120690123002190F87C20703071
:1071800002F0CFF8002809D0206990F8A401002867
:1071900004D00021FF20BDE8704086E609E0002110
:1071A0000C20FFF782FE206910F8AA1F41F00101B0
:1071B000017043E43EB505466846FDF7BDFE00B9E3
:1071C000FFDF222200210098F6F7DDF80321009866
:1071D00002F0FFFA0098017821F0100101702946B1
:1071E00002F01DFB2E4C0D2D40D00BDCA5F102054D
:1071F0000B2D19D2DFE805F01F184719191F185673
:1072000018192400152D5ED008DC112D25D0122D63
:107210000BD0132D09D0142D06D154E0162D29D0F2
:10722000172D69D0FF2D73D0FFDFFDF79AFE0028E0
:1072300000D1FFDF3EBD2169009891F8E61017E00C
:10724000E26800981178017191884171090A817191
:107250005188C171090A0172E7E70321009802F021
:10726000A6FB0621009802F0A6FBDEE700980621A7
:107270000171DAE70098216991F8C621027191F84D
:10728000C7114171D1E72169009801F5887102F0B9
:1072900028FB21690098DC3102F028FBC5E70000DB
:1072A000F8000020F849D1E90001CDE90101206989
:1072B00001A990F8B00000F025008DF804000098B6
:1072C00002F048FBB1E72069B0F84810009802F0DE
:1072D00017FB2069B0F8E810009802F015FB206950
:1072E000B0F84410009802F013FB2069B0F8E610E3
:1072F000009802F011FB98E7216991F8C401002879
:107300000098B9D111F8642F02714978B9E7FFE705
:10731000206990F8A721D0F8A811009802F08DFA02
:1073200083E7DA4810B5006990F8821041B990F807
:107330007D2001230621703001F0F3FF002800D0EA
:10734000012010BD70B5D14D286990F8801039B179
:10735000012905D0022906D0032904D0FFDF0AE461
:10736000B0F8F41037E090F87F10082936D0B0F864
:107370009810B0F89A2000248B1C9A4206D3511A18
:10738000891E0C04240C01D0641EA4B290F896103F
:1073900039B190F87C2001230921703001F0C1FF40
:1073A00040B3FFF7BEFF78B129690020B1F8902003
:1073B000B1F88E108B1C9A4203D3501A801E00D055
:1073C000401EA04200D284B20CB1641EA4B228694F
:1073D000B0F8F4102144A0F8F01040E5B0F898108F
:1073E0000329BDD330F8701F428D1144491CA0F809
:1073F000801034E50024EAE770B50C4605464FF4EA
:10740000087200212046F5F7BEFF258027E5F8F732
:107410005FBF2DE9F0410D4607460621F8F74EFE05
:10742000041E3ED094F8CC010026B8B16E7007203F
:1074300028700DE0268484F8CC61D4F8CE01C5F81C
:107440000200D4F8D201C5F80600B4F8D60168816C
:1074500094F8CC010028EDD1AE70B6E094F8D801D4
:1074600090B394F8D8010B2813D00C2801D0FFDF7B
:10747000ABE02088F8F755FF0746F8F712FC78B91B
:107480006E700C20287094F8DA01A8702088A8800B
:1074900014E02088F8F745FF0746F8F702FC10B122
:1074A0000020BDE8F0816E700B20287094F8DA019E
:1074B000A8702088A88094F8DE01A87184F8D861AB
:1074C0003846F8F7E8FB80E0FFE794F80E0230B1A9
:1074D0006E700E20287084F80E626F8075E094F84C
:1074E000E00180B16E700820287020886880D4F890
:1074F000E4116960D4F8E811A960B4F8EC01A8813E
:1075000084F8E06161E094F8080270B16E701620B2
:10751000287005E084F80862D4F80A02C5F8020071
:1075200094F808020028F5D14FE094F8EE01B0B1CC
:107530006E70122028700DE084F8EE61D4F8F0012E
:10754000C5F80200D4F8F401C5F80600D4F8F80133
:10755000C5F80A0094F8EE010028EDD135E094F862
:10756000FC0180B16E701820287084F8FC61D4F89A
:10757000FE01C5F80200D4F80202C5F80600B4F80E
:107580000602688121E094F8100240B119202870A9
:1075900084F81062D4F81202C5F8020015E094F8DD
:1075A000160200283FF47DAF6E701320287008E0AB
:1075B00084F81662D4F81802C5F80200B4F81C0268
:1075C000E88094F816020028F2D1012069E72F48DC
:1075D0000021C16101620846704730B52B4D0C4651
:1075E000E860FFF7F4FF00B1FFDF2C7130BD002130
:1075F00080F87C1080F87D1080F8801090F8FE10E4
:1076000009B1022100E00321FEF76BBB2DE9F04137
:107610001E4C0546206909B1002104E0B0F80611AE
:10762000B0F8F6201144A0F8061190F8901139B97D
:1076300090F87F2001231946703001F072FE30B1BE
:10764000206930F89C1FB0F85A201144018020694D
:1076500090F8A23033B1B0F89E10B0F8F620114483
:10766000A0F89E1090F9A670002F06DDB0F8A410C7
:10767000B0F8F6201144A0F8A41001213D263DB138
:1076800080F88D6018E00000A0B20100F800002032
:107690002278022A0AD0012A11D0A2782AB380F8CF
:1076A0008C1012F0140F0DD01E2113E090F8E6207C
:1076B000062A3CD016223AE080F88C1044E090F87C
:1076C000922134E0110702D580F88D603CE09106EC
:1076D00003D5232180F88D1036E0900700D1FFDF1D
:1076E00021692A2081F88D002AE02BB1B0F89E2074
:1076F000B0F8A0309A4210D2002F05DDB0F8A420D7
:10770000B0F8A0309A4208D2B0F89C30B0F89A2075
:10771000934204D390F890310BB1222207E090F805
:1077200080303BB1B0F89830934209D3082280F8FA
:107730008D20C1E7B0F89820062A01D33E22F6E753
:10774000206990F88C1019B12069BDE8F0414EE72E
:10775000BDE8F0410021FEF7C4BA2DE9F047FF4C27
:1077600081460D4620690088F8F7EDFD060000D13E
:10777000FFDFA0782843A070A0794FF000058006B5
:10778000206904D5A0F8985080F8045103E030F83F
:10779000981F491C0180FFF7C4FD012740B3E08812
:1077A000000506D5206990F8821011B1A0F88E501E
:1077B0001EE02069B0F88E10491C89B2A0F88E1026
:1077C000B0F890208A4201D3531A00E00023B4F8A5
:1077D00008C00CF1050C634501D880F89670914201
:1077E00006D3A0F88E5080F80E722079F3F7DCFBF8
:1077F000A0794FF0020810F0600F0ED0206990F8C9
:10780000801011B1032908D102E080F8807001E0F6
:1078100080F880800121FEF764FA206990F88010DA
:10782000012904D1E188C90501D580F88080B9F12A
:10783000000F71D1E188890502D5A0F8185104E044
:10784000B0F81811491CA0F8181100F0A7FBFEF7BA
:1078500059FDFFF723FC00F0B2FD0028206902D09B
:10786000A0F8F85003E030F8F81F491C018000F040
:10787000A9FD38B1206990F80411022907D8491CE4
:1078800080F80411206990F80401022804D92069C5
:1078900020F8F85F4580057320690123002190F8E6
:1078A0007D20703001F03DFD20B9206990F87D0009
:1078B0000C286AD120690123002190F87C207030C7
:1078C00001F02FFD48B320690123002190F87F20AB
:1078D000703001F026FD00B3206990F88010022975
:1078E00053D190F80401C0B93046F7F7AAFFA0B110
:1078F000216991F8E400FE2847D1B1F8F20001288F
:1079000043D981F8FD70B1F89A20B1F89800931E20
:10791000984203DB012004E043E036E0101A401EE9
:1079200080B2B1F8F82023899A4201D3012202E003
:107930009A1A521C92B2904200D91046012801D1E5
:1079400081F8FD5091F86F206AB98A6E5AB1B1F88A
:107950009420B1F87030D21A12B2002A03DD90429E
:1079600000DB104680B291F8892192B1B1F8FA207B
:10797000B1F88A118A4201D3012102E0891A491C17
:1079800089B2884205D9084603E02169012081F8BF
:10799000FD502169B1F870201044A1F8F400FFF700
:1079A000D1FCE088C0F340214846FFF72FFE206954
:1079B00080F8FE50BDE8F047FDF7F6BA6749024689
:1079C0008878CB78184312D10846006942B189798A
:1079D000090703D590F87F00082808D001207047D8
:1079E000B0F84C10028E914201D8FEF7C6B80020C4
:1079F000704770B5594C05460E46E0882843E08034
:107A0000A80703D5E80700D0FFDF6661EA074FF05B
:107A100000014FF001001AD0A661F278062A02D0C8
:107A20000B2A14D10AE0226992F87D30172B0ED16F
:107A30000023E2E92E3302F8370C08E0226992F8BD
:107A40007D30112B03D182F8811082F8A800AA079B
:107A500018D56269D278052A02D00B2A12D10AE021
:107A6000216991F87D20152A0CD10022E1E930220C
:107A700001F83E0C06E0206990F87D20102A01D123
:107A800080F88210280601D50820E07067E42DE90F
:107A9000F84F324C00254FF00108E580A570E570E5
:107AA0004146257061F3070220619246814680F8C5
:107AB000FE800088F8F747FC070000D1FFDF20694F
:107AC0000088FDF736FA20690088FDF75BFA206927
:107AD000B0F8F21071B190F8E410FE290FD190F8CF
:107AE000901189B190F87F2001231946703001F080
:107AF00018FC78B1206990F8E400FE2804D02069D1
:107B000090F8E400FFF756FB206990F8FF1089B168
:107B1000258118E02069A0F89C5090F8911180F818
:107B2000E61000210220FFF7C0F9206980F8FD501F
:107B30000220E7E790F8CC1119B9018C82889142B4
:107B400000D881882181B0F8F610491E8EB2B0F8B5
:107B5000F8103144A0F8F81002E00000F80000200E
:107B600090F8FC1021B1A0F8FA5080F8FC5004E025
:107B7000B0F8FA103144A0F8FA1030F8981F3144E8
:107B80000180FFF7CEFB20B1206930F88E1F314411
:107B900001802069B0F8F210012902D8491CA0F830
:107BA000F2100EB180F8045190F8FD10A1B1B0F8B8
:107BB000F800218988420FD23846F7F742FE58B1C3
:107BC000206990F8891139B1B0F8FA10B0F88A013B
:107BD000814201D300F0F9FB206980F8FD5090F854
:107BE0007D100B2901D00C2916D1B0F87020B0F807
:107BF000AE31D21A12B2002A0EDBD0F8B011816079
:107C000090F8B4110173032101F04EFA206980F855
:107C10007D5080F8B28026E0242910D1B0F8701091
:107C2000B0F8AE21891A09B2002908DB90F8C40126
:107C3000FFF716F9206900F87D5F857613E090F86C
:107C40007C10242901D025290DD1B0F87010B0F88E
:107C5000AE01081A00B2002805DB0120FFF700F989
:107C6000206980F87C5020690146B0F8F620703019
:107C700001F0C8FA206990F8891109B1A0F8FA500A
:107C8000F6480090F64BF74A4946504600F0DEFAB7
:107C9000216A11B16078FCF74DFE206901230521AE
:107CA00090F87D20703001F03CFB002803D0BDE847
:107CB000F84F00F038BABDE8F88F00F045BBEA494C
:107CC000C8617047E848C069002800D001207047AB
:107CD000E54A50701162704710B50446B0F8B421FF
:107CE0004388B0F8B611B0F8B8019A4205D1A3881C
:107CF000994202D1E38898420FD02388A4F8D0316A
:107D0000A4F8D221A4F8D411A4F8D601012084F853
:107D1000CC01D5480079F3F747F90221204601F05C
:107D2000C3F9002004F87D0F0320E07010BD401A55
:107D300000B247F6FE71884201DC002801DC012018
:107D4000704700207047012802D0022805D102E0C8
:107D5000012904D001E0022901D000207047012050
:107D6000704710B5012804D0022804D0FFDF204658
:107D700010BD0124FBE70224F9E7BB48002100699C
:107D800020F8A41F8178491C81707047B64800B55F
:107D9000016911F8A60F401E40B20870002800DAF1
:107DA000FFDF00BDB0482721006980F87C1000216A
:107DB00080F8A411704710B5AB4C206990F8AC1155
:107DC000042916D190F87C2001230021703001F0A5
:107DD000A8FA00B9FFDF206990F8AA10890703D438
:107DE000062180F87C1004E0002180F8A21080F8C1
:107DF000AC11206990F87E00800707D5FFF7C6FF19
:107E0000206910F87E1F21F00201017010BD964913
:107E100010B5096991F87C200A2A09D191F8E2206D
:107E2000824205D1002081F87C0081F8A20010BDBB
:107E300091F87E20130706D522F0080081F87E0015
:107E4000BDE81040A2E7FF2801D0FFDF10BDBDE86C
:107E50001040A7E710B5844C206910F8B01F41F01E
:107E600004010170A06901F0A4FD162806D1206963
:107E700090F87C00202802D0262805D010BDA069EB
:107E800001F09BFDFEF7B8FB2169002081F87C0022
:107E900081F8A20010BDF8B5734C01230A212069B6
:107EA00090F87C20703001F03CFA38B3A06901F002
:107EB0003FFDC8B1A06901F035FD0746A06901F09A
:107EC00035FD0646A06901F02BFD0546A06901F0CD
:107ED0002BFD01460097206933462A46303001F0D9
:107EE0008BFD206901F0A8FD2169002081F8A20026
:107EF00081F87C00BDE8F840FEF79FBBA07840F019
:107F00000100A070F8BD10B5574C01230021206975
:107F100090F87D20703001F004FA30B1FFF72DFFAA
:107F20002169102081F87D0010BD20690123052101
:107F300090F87D20703001F0F4F908B1082000E0DD
:107F40000120A07010BD70B5474C012300212069AD
:107F500090F87D20703001F0E4F9012588B1A06926
:107F600001F0A8FC2169A1F8AE01B1F87010FFF78B
:107F7000DEFE40B12069282180F88D1080F88C50F9
:107F800084E5A57082E52169A06901F5D87101F049
:107F90008CFC21690B2081F87D0077E510B5FEF798
:107FA0000EFFFEF70CFE304CA079400708D5A078F4
:107FB00030B9206990F87F00072801D10120207096
:107FC000FEF73EFAA079C00609D5A07838B9206935
:107FD00090F87D100B2902D10C2180F87D10E078FB
:107FE00000070ED520690123052190F87D2070300F
:107FF00001F097F930B10820A0702169002081F8C4
:10800000D80110BDBDE81040002000F016BB10B52F
:10801000154C216991F87D2040B3102A06D0142A0E
:1080200007D0152A23D01B2A35D123E001210B20AC
:1080300022E0FBF769FB0C2820D32069082100F51A
:108040008870FBF765FB28B120690421DC30FBF761
:108050005FFB00B9FFDF012104200DE05B77010029
:10806000BD790100F3790100F800002008E000F07C
:1080700017F803E001210620FEF717FF012010BDCD
:10808000212A08D191F8970038B991F8C40110B1AC
:1080900091F8C50108B1002010BD01211720EBE7C0
:1080A00070B5184C0025206990F8931101290AD069
:1080B000022925D190F8A810A9B1062180F8E61070
:1080C0000121022017E090F8D811002918D100F101
:1080D000C80300F58471002200F5CA7001F0C1F8F0
:1080E0000121052007E090F8B000400701D51120DC
:1080F00000E00D200121FEF7D8FE206980F89351A1
:10810000C4E40000F8000020F9480078002800D0FE
:108110000C20704710B50446FFF7F6FF00B1FFDFF3
:10812000F348047210BDF2490120C871704770B560
:108130000C460546082B01D0194600E004211046E4
:1081400001F075F9844200D220460DB1001D80B2C5
:10815000C0B270BD70B5E64934314C6804F17005A9
:1081600060B1628F218F94F86530A87CFFF7DFFF44
:1081700094F86510BDE87040FCF79EB8FF2094F8B5
:108180006410F7E72DE9F0478146D9483430446858
:10819000002004F17005628F218F94F86530FFF79D
:1081A000C6FFD34F0646D34878620120FFF7D2FFBF
:1081B000A87C4FF0000840B305F15801CE4891E883
:1081C0000E1000F1080A8AE80E10A96EC0F82110FE
:1081D000E96EC0F82510FE38FCF743FBC6480121C4
:1081E00008300176D5E91412C0E90412A0F58372B3
:1081F000796AFBF728FF94F8650000F0A7FB0246B8
:1082000031460120FBF72DFF04E0786AFCF729FBDB
:10821000FBF74BFFB9F1000F03D141469620FCF765
:108220004CFB94F8642001210020FCF706FC94F834
:108230002C00012801D1FCF7DFFB02203870FCF78D
:1082400061FD002800D0FFDFBDE8F0872DE9F04395
:10825000A74D87B0804628780E9F1C461646894653
:1082600010B90EB104B107B9FFDFEF61C5E90564CC
:108270000020C5E90D89E871A871E870A87028711F
:108280009B4F6871A8813437E8817E68344636F8A0
:10829000700BF8F758F8E8622088F8F742F828637E
:1082A000FCF714F894F96700FCF7CEF804F112001B
:1082B000FCF7B9FA04F10E00FCF7CCF80120FCF74A
:1082C000CDFA18228D496846F5F733F88C480490AA
:1082D0006846FCF7B7FAF07EFCF7C6F8FCF7B8FA88
:1082E00094F86F0078B9A06E68B1B08C318888427C
:1082F00009D1B4F86C1001220844B08494F86E00DF
:10830000A16EF9F708FE628F218F94F86530B07C7A
:10831000FFF70DFF94F865402146FBF7CDFF786825
:1083200090F8880108B1FCF74FF821460120FCF7CE
:1083300054F97868D0F80001FCF797FA0120FFF7AC
:1083400021FF07B0BDE8F083694800B50078022836
:1083500000D0FFDF00BD664810B534304468FCF73C
:10836000FBFAFCF7DAFAFCF729FAFCF762FAFBF7FA
:108370009CFE94F82C00012801D1FCF733FB94F803
:108380006F0038B9A06E28B1002294F86E00114633
:10839000F9F7C1FD564CE08900F0E2FAE269A179F3
:1083A000A07890470020207010BD514810B500788B
:1083B000022800D0FFDFBDE81040CCE7CBE74C48F7
:1083C000007970474A48C078704749490120487190
:1083D00070472DE9FC474648454E3430A0F114075C
:1083E00044684FF0000A254694F875004FF00108E4
:1083F000703458B3012868D002286AD0032876D098
:10840000FFDF316AB1460826087820F008000870BE
:10841000A37906EAC303184320F004000870E37947
:10842000042606EA8303184320F0100008706779D9
:10843000D9F82C00F7F715FA0646FCF7C8FD022F0D
:1084400067D0012F65D0032F66D068E000F094FA62
:10845000AA8E0146104600F0EAFF298E814200D222
:1084600008464C21ADF8040048533846FCF78DFD12
:1084700048B14FF48060316A00F077FA03206071F0
:1084800084F80380BDE76A4601A9F06A00F05CFA4F
:10849000306210B194F8371029B13846FCF746FD28
:1084A00084F80580ADE79DF8001031B9A0F800A070
:1084B00080F802A0012101F08CF9BDF80410306AA7
:1084C00001F07DFA022060719BE73846FCF72EFD33
:1084D00097E7B5F84C00ADF804006A4601A9F06AC8
:1084E00000F032FA306200288BD1FFDF89E709E023
:1084F0001C010020780B0020780D0020A8B201009C
:108500001B5D01003846FCF740FD0028BAD1FFDFB3
:1085100077E7B04301D002E00EB1012100E0002175
:10852000D9F820004E46027842EA01110170617CC0
:1085300051B36179012927D004F15801F7488EC958
:1085400000F1080989E88E00A16EC0F82110E16EE3
:10855000C0F82510FE38FCF784F9F048083080F8A0
:1085600018A0D4E91212C0E90412A0F58371326A8E
:10857000FBF769FD95F8640000F0E8F90246FB217D
:108580000020FBF76EFD03E0FCF76BF9FBF78DFDB8
:10859000012195F865200846FCF74FFA86F804801B
:1085A000316A0A8832828978B17486F80080FCF7D3
:1085B000B5FB002800D0FFDFBDE8FC8770B5D84CC4
:1085C000054639B9012D05D1E078401CC0B2E070F4
:1085D000012820D8A16928468847E0B16179D148AF
:1085E00031B1012D04D1417811B90178C90612D5F4
:1085F000A17981B98DB9CA4910310978CA0602D466
:108600000078C00607D5A08928B9A06A28B9608972
:1086100018B1C80601D4012070BD002070BD10B58E
:10862000BF4CA06A00B9FFDF6289D4E90910D21CEF
:10863000F4F77FFEA06A606210BD2DE9F0470600E6
:10864000B748B74D00F134004468686A04F170041B
:10865000477801D0012E03D1296B02F0EDF8687044
:1086600068784FF000084FF0010938B1012816D0A2
:1086700002282FD0032844D0FFDFE5E5012E30D0BB
:10868000FFF7CDFF39460122286BF7F75BF926E0AB
:1086900084F8078030E000BF84F807902CE0012EBA
:1086A00008D0FFF7BCFF39460022286BF7F74AF9DC
:1086B000022EE2D0D4E91401401C41F10001C4E9CA
:1086C0001401E079012802D084F80790BCE584F811
:1086D0000780B9E5012E04D0286BF7F7B7FA022E10
:1086E000CBD0D4E91401401C41F10001C4E91401CC
:1086F000E0790128D0D1CBE7287ABDE8F047F2F73E
:1087000053BC012EB9D0286BF7F7A0FAF4E770B587
:108710008349834A343100264C68516A01257034FC
:108720000B7803F00303012B14D0022B12D0032B80
:1087300003D0907940F0040023E0A570D08940F484
:108740000060D081012000F010F91CE0E67170BDDE
:10875000E57170BD4978B1B1D38943F40063D38129
:10876000936A002BF5D0FB2908D8D17921B1BDE857
:108770007040802000F0F4B8057070BD907940F032
:108780001000907170BDE0790128E1D1DEE770B58D
:108790006348634D3430446828787034012800D031
:1087A000FFDFA07838B10020A0700146042000F05F
:1087B000DCF801202071296A0878C043800705D1C0
:1087C000A889400502D5022000F0CFF80121002041
:1087D000FFF7F4FE10B1BDE87040BCE5BDE87040A5
:1087E0000020CFE42DE9F84F4D4F4D4C3437002693
:1087F0007D6882468DF8006020787035022800D0B0
:10880000FFDFE08940F40070E0810020FFF7A2FC68
:10881000A87CBAF1000F5BD0FBF76AFCFBF75AFCAF
:108820004FF0010968B9A87C58B1606A417841B13C
:108830000078E979C0F3C000884202D184F8029040
:1088400059E0606A4178618121B1206BF7F734F813
:10885000A06200E0A662E089B84640F02000E08116
:10886000E670786800F17007064690F82C00012841
:1088700016D1FCF7B7F83946304600F010FD78B154
:10888000D8F804003188A0F80A12397A80F80C125E
:10889000797A80F80D1280F80892207AF2F784FB3A
:1088A000606AA9790078C0F38000884205D000F0A2
:1088B00094F8E08940F48070E081606AE97900789A
:1088C000C0F3C00088420AD16846FFF720FF06E0E7
:1088D00008B1FBF73EFCE08940F04000E0815146E2
:1088E0000120FFF76BFE00289DF8000007D010B1B3
:1088F0000020FFF7A2FEFFF72EFDBDE8F88F10B1B4
:108900000120FFF79AFEFFF764FD9DF800000028A4
:10891000F3D00220FFF791FEEFE70000780D002072
:108920001C010020780B002070B5064654480D4607
:108930004468FBF773FC034694F8642029463046EC
:10894000BDE87040FDF706BAF6F7C5BE00B50128D0
:1089500002D0022802D0FFDF002000BD012000BDB0
:10896000474A0021343A52691047454A343A9389BC
:108970000343938152691047414810B5446804F19C
:108980007001087B24280ED0497B24290BD01F2896
:108990000CD020280AD0222912D094F86400042890
:1089A00000D1082010BD94F8B01106E0222907D0AC
:1089B00094F8C60100F04FF8014694F8640008E00E
:1089C00094F8C60114F85D1F084000F044F8014611
:1089D000E079BDE8104000F048B870B52848446818
:1089E00094F875007034002832D0022810D1244D3C
:1089F000343DE86AF6F79BFE00B9FFDFD4E91201C7
:108A0000401C41F10001C4E91201287AF2F7CCFAC6
:108A100000256571207920B1257100211020FFF714
:108A2000A4FFE07878B1E570FCF7BEFA00B9FFDF8B
:108A300000210820FFF799FFD4E91201401C41F101
:108A40000001C4E91201A079012802D00120A0711F
:108A500070BDA57170BDC10701D0012070478007AE
:108A600001D50220704700207047002904D001285A
:108A700003D0012901D00220704701207047000077
:108A8000500100202DE9F0410F4606460024FE4D1E
:108A90000FE000BF05EBC40090F85311B14206D1BE
:108AA0000622394600F5AA70F4F716FC38B1641CAA
:108AB000E4B22878A042EDD81020BDE8F08120462D
:108AC000FBE7F0B50746F04816460478621C0270D2
:108AD00000EBC4050868C5F854018888A5F858015A
:108AE000102C00D3FFDF85F8537185F85A612046BA
:108AF000F0BD70B5054600F017FA10281CD1E24C05
:108B00002078401EC0B22070A84215D004EBC002ED
:108B100004EBC50102F58070D2F85321C1F853214E
:108B2000D0F85700C1F85701207800F0FDF910285F
:108B300002D0204480F8035170BD2DE9F047D24C9B
:108B40000646A719A078401EC5B2A57097F8038104
:108B5000AE422AD004EB051A04EB06190AF1030110
:108B600009F103001022F4F7E4FB0AF1830109F193
:108B700083001022F4F7DDFB601905EB450290F845
:108B8000031187F8031106EB460104EB420204EBE4
:108B90004101D2F80B31C1F80B31B2F80F21A1F825
:108BA0000F2190F83B0187F83B0104EBC80090F8D7
:108BB0005A01C00703D14046BDE8F04799E7BDE838
:108BC000F087B1498A78824203D9084490F843017A
:108BD00070470020704710B540F2D3120021AA4818
:108BE000F4F7D1FB0822FF21A848F4F7CCFBA748F3
:108BF00000210C38417081704FF46171818010BD8B
:108C000070B50D460646FFF73DFF9F4C102807D074
:108C100004EBC00191F85A11C90701D0012070BDC1
:108C20006178082910D2102808D004EBC000012177
:108C300080F85A116078401C6070EFE701222946E5
:108C40003046FFF73EFFF5E7002070BD70B58E4D52
:108C50002878401E44B20AE005EBC40090F85A019F
:108C6000C00702D0E0B200F070F9641E64B2002CBC
:108C7000F2DA864900200C39887070BD82498A7802
:108C8000824203D901EB0010C01C704700207047DE
:108C90002DE9F047984691460C460546FFF7F2FE4F
:108CA0000646102805D000F03FF9102801D0122008
:108CB00085E7754FB87808282AD2102E05D10022F2
:108CC00021462846FFF7FDFE0646BC781022601CB0
:108CD000B87007EB0415E81C494600F0B5FA05F139
:108CE00083001022414600F0AFFA1021404600F008
:108CF0009CFA3C44102184F84301484604F59674DC
:108D000000F093FAE07704F8296C0020E07356E74E
:108D1000072054E75C4810B58078401E44B204E058
:108D2000E0B2FFF70AFF641E64B2002CF8DA10BD4F
:108D300056490C394870704754480C384078704791
:108D400040B14AF2B811884204D850490C398880A1
:108D500001207047002070474C480C3880887047CD
:108D600010B5FFF78FFE102803D000F0DDF81028B3
:108D700000D1082010BD44498A78824203D901EB12
:108D8000001083307047002070473F4B10B59C782F
:108D900084420FD9184490F8030103EBC00090F807
:108DA00053310B70D0F854111160B0F85801908015
:108DB000012010BD002010BD334A114491F8032159
:108DC00032490C390A700268C1F80620808848814F
:108DD000704770B52D4B0C3B5B7873B12A4B9C7878
:108DE0005CB1451821460AB1D81C01E02648833001
:108DF0002A46FBF794F8012070BD002070BD10B525
:108E0000FBF7DBF818B1BDE81040FBF7E6B8FF2030
:108E100010BD1D498A78824209D9084490F803019F
:108E200001EBC00090F85A0100F0010070470020EB
:108E300070472DE9F04100242546134E2CE02846CA
:108E400000F072F88046FFF719FF06EBC50797F8A8
:108E50005A11C9071ED060B1B8F1100F05D006EB4A
:108E6000080191F83B11012903D0102100F0DDF930
:108E700080B10649204601F80480641C97F853210C
:108E800007F5AA71E4B203E0A80D002064010020F8
:108E9000FBF7B5FA6D1CEDB23078A842CFD80CE6DE
:108EA000012296E72E4A01EB410102EB41010268E3
:108EB000C1F80B218088A1F80F01704701461022EC
:108EC000284800F0C1B92748704725498A7882426E
:108ED00003D9084490F83B0108B1002070470120F5
:108EE00070472DE9F0410E460746154606213046EB
:108EF00000F09BF91A4C58B1002004E02118401CE6
:108F000081F83B51C0B2A1788142F7D80120D4E565
:108F100031463846FFF724FF082803D0204480F864
:108F20003B51F3E70020C8E50D4910B5034600208A
:108F30008A7806E00C1894F803419C4204D0401C47
:108F4000C0B28242F6D8102010BD05494A78521EA0
:108F50004A7001EBC001002281F85A21C9E50000E6
:108F6000A80D00207B0F002000F00101400800F058
:108F700001021144400800F001021144400800F0D1
:108F800001021144400800F001021144400800F0C1
:108F900001021144400800F00102114401EB5000AD
:108FA000704710B500240485848DDB004C43B3FB6F
:108FB000F2F394FBF2F45B1C84859BB203FB02F496
:108FC0004385B4F5C84F01DD5B1E43854FF4FA437A
:108FD000B3FBF2F35B1C0386438C02EBC3035B1E03
:108FE000B3FBF2F30384C38B4B43B3FBF2F1C183B6
:108FF00010BD70B50546087B0E4600F01F000873D3
:109000000020687604463019007AFFF7ADFF291971
:10901000641C0875697EE4B208446876052CF2D3B6
:10902000C0B2252800D9FFDF70BD0023C38342846E
:1090300001EBC202521EB2FBF1F101847047F0B5A0
:109040006FF01F02010C02EA90261F25A1F5AA402D
:1090500054380DD0A1F5AA40553809D0A1F52850B3
:10906000AA3805D0A1F52A40AA3801D0012000E095
:10907000002000221346144682EA0107FF431F43E3
:109080007F1C0FD006F00107520842EAC73205F0F4
:1090900001075B0876086D08641C43EAC733162C89
:1090A000EAD3F0BD0020F0BD2DE9F04101260446D1
:1090B000002500F1700751B1012974D0022971D047
:1090C00003296CD101463846BDE8F04191E7802282
:1090D00000213846F4F757F9BD71FD713D737D737A
:1090E000FD733D747D71BD76FD76212087F84000CB
:1090F000412087F84100FE2087F8740027887022FD
:1091000000212046F4F73FF9278084F8646084F852
:109110006560282084F8660004F1300000210746CD
:1091200000F071FC1B21F9833984A4F85210A4F8D3
:1091300054104FF4A470A4F85600A4F858006673B5
:109140004FF448606080A4F8F050A4F8F250A4F8FE
:10915000F450A4F8F650A4F8F850A4F8FA5084F8A3
:10916000FD5084F8FF50A4F8065184F80451A4F887
:109170001851A4F81A5184F8BA5184F8BB5184F8F4
:10918000C45184F8C55184F8895184F8905184F809
:10919000935184F8AC51C4F8A451C4F8A851BDE867
:1091A000F08100E025E0A4F8065184F8FE506188C3
:1091B000FE480A460844B0FBF1F0A4F890004BF6D4
:1091C0008030A4F89200E3883846FFF7EAFE214693
:1091D0003846FFF70EFFFAF7F9F920B1D4F80E0080
:1091E000FFF72DFF10B184F88851D8E784F8886123
:1091F000D5E74188B4F8B831B4F8B4213846BDE8B1
:10920000F041CEE6437E0BB1252B01D912207047E9
:109210002AB14B7B2BB1012B05D01F2070470020BA
:10922000704700F0EEB900F092B910B500231A466D
:1092300003E0845C2343521CD2B28A42F9D30BB1BF
:10924000002010BD012010BD30B5134606E0CC183B
:10925000D51A14F8014C5B1E4455DBB2002BF6D135
:1092600030BD70B50E468CB0144601461D46102226
:109270006846FFF7E9FF1022314604A8FFF7E4FF34
:10928000684600F059FD08A94FF0100228461CB1AD
:10929000FFF7DAFF0CB070BDF4F74BF8FAE738B51A
:1092A00005460C466846FBF7B2FB002820D09DF926
:1092B00000002072E17E617294F90A100022411AC6
:1092C00000D5494295F82D308B4210DCFF2B0ED093
:1092D000E17A491CC9B2E17295F82E30994202D860
:1092E000A17A7F2903D1A0720020E07201221046EA
:1092F00038BD0C2813D00B2811D00D280FD01F28F3
:109300000DD020280BD0212809D0222807D02328CF
:1093100005D0242803D0262801D000207047012042
:10932000704710B5A2F10F030C2941D2DFE801F01C
:1093300006080D1215181C40243E272EAAB337E04C
:10934000072A37D0082A35D032E00C2A32D00B2A2F
:1093500030D02DE00D2A2DD02AE00C2B2AD927E081
:10936000103A0B2A26D923E0032B23D990F8380092
:10937000F0B11B2A1ED91BE0062A1BD018E01C2ABC
:1093800018D01D2A16D01E2A14D011E01F2A11D081
:10939000202A0FD0212A0DD0222A0BD0232A09D02F
:1093A000242A07D0262A05D002E003E00E2A01D0A5
:1093B000002010BD012010BD2DE9F0410C460546EE
:1093C00040F23577866805E0F8F7F7FF3946F8F799
:1093D000C8FCA8602846F9F7A5F90028F4D08CB19C
:1093E0003046A968F9F7EAFC00280BDD2044401E4E
:1093F000B0FBF4F707FB04F13046F8F7B2FCA860C5
:109400003846CCE60020CAE670B5044690420BD23E
:10941000101B642800D2642025188D4205D8042131
:10942000F9F7FFFC08B1284670BD204670BD11F069
:109430000C0F19D04A074FF41671002A03DA00BF47
:109440004FF0100201E04FF0400201DA4FF09601B8
:1094500001F5BC71A0EB0103884202D993FBF2F045
:1094600000E0002080B27047022904D06FF00D01A7
:1094700001EBD000F6E76FF00E0101EB9000F1E791
:109480000844184498300AB1042100E0002108443F
:10949000704701207047106808667047C10701D007
:1094A00001207047810701D502207047400701D590
:1094B00008207047002070472DE9F0410546164608
:1094C00088460124084600F054FA0746404600F05A
:1094D00052FA0346FFF7E2FF02463846FFF7DEFF87
:1094E00052EA000100D10024990700D10022B907F7
:1094F00000D1002095F86410914200D10022327012
:1095000095F86510814200D10020707072B968B979
:10951000404600F032FAB5F87010401A00B247F633
:10952000FE71884201DC002800DC0024204636E67B
:1095300010B540F6C4125410012903D0022902D0FC
:10954000FFDF02E008B1104610BD204610BDF0B5A7
:109550000C7C8B7BCD7B5C404B7C02886B4044EA6F
:109560000324467E62400023D5B2120A95FAA5F57F
:1095700092FAA2F22D0E120E45EA022202EB02121C
:109580005B1C2244DBB292B2032BEDD36240252355
:10959000B2FBF3F403FB142301EBD304837603F053
:1095A00007070125247A05FA07F701E0FFDB05002C
:1095B0003C4201D0C3761AE05643320C521CD2B260
:1095C000002403191B7D934213D300230E19367A0E
:1095D00005FA03F73E4201D0521ED2B222B15B1C03
:1095E000DBB2082BF4D306E003EBC401C176002004
:1095F000F0BDD21AD2B2641CE4B2052CE1D31F2014
:10960000F0BDF0B5837E0C7E012504FB02322523DC
:10961000B2FBF3F403FB142201EBD204827602F0D6
:109620000703247A05FA03F31C4201D0C2761EE038
:10963000437EB2FBF3F403FB1422521CD2B200238C
:10964000C418247D944214D30024CE1896F80860E0
:1096500005FA04F73E4201D0521ED2B222B1641C78
:10966000E4B2082CF4D306E004EBC301C176002079
:10967000F0BD121BD2B25B1CDBB2052BE0D31F2066
:10968000F0BD000030B50546007801F00F0220F073
:109690000F0010432870092912D2DFE801F00507F6
:1096A00005070509050B0F0006240BE00C2409E053
:1096B000222407E001240020E87003E00E2401E0EA
:1096C0000024FFDF6C7030BD007800F00F007047A1
:1096D0000A6840F8032F8988818070470A6840F83B
:1096E000092F8988818070470278402322F0400248
:1096F00003EA81110A4302707047027822F0800267
:1097000042EAC1120270704770B514460E46054613
:109710001F2A00D9FFDF2246314605F10900F3F781
:1097200008FEA41D6C7070BD70B514460E4605464B
:109730001F2A00D9FFDF2246314605F10900F3F761
:10974000F8FDA41D6C7070BD30B5017801F00F01FB
:10975000032920D0052921D14578B0F81910B0F897
:109760001B40B0F81730827D222D17D1062915D362
:109770004FF44865A94211D8B4F5FA7F0ED26AB108
:10978000082A0BD88A4209D28B4207D8B0F81D00AC
:10979000A84205D902E040780C2801D0002030BD55
:1097A000012030BD4078704700B5027801F0030316
:1097B00022F003021A430270012905D0022903D0C6
:1097C000032903D0FFDF00BD002100E0012141702B
:1097D00000BD00B5027801F0030322F003021A4332
:1097E0000270012905D0022903D0032903D0FFDF2D
:1097F00000BD002100E00121417000BD007800F0B3
:1098000003007047417841B1C078192803D2704AEB
:10981000105C884201D1012070470020704730B5AC
:1098200001240546C170192902D26948445C02E04E
:10983000FF2900D0FFDF6C7030BD70B514460E46B6
:1098400005461B2A00D9FFDF6C7022463146E81C12
:10985000BDE87040F3F76DBDB0F807007047B0F891
:1098600009007047B0F80B00704770B5B0F80720DA
:10987000B0F80940B0F805300179951F40F67A46F6
:10988000B54210D8B4F5FA7F0DD261B108290AD8D3
:10989000914208D2934206D8B0F80B00B0F5486F59
:1098A00001D8012070BD002070BD42680A60007AB6
:1098B00008717047B0F80900704700797047426836
:1098C0000A6080684860704780890880704750F857
:1098D0000E2F0A60406848607047D0F81600086094
:1098E00070470A6842604968816070470968C160D2
:1098F00070470079704742680A6080684860704726
:109900000171090A417170478171090AC17170477B
:109910000172090A417270478172090AC172704767
:1099200080887047C08870470089704740897047B9
:1099300001891B290CD341894FF4A472914207D3AA
:1099400081881B2904D3C088904201D3012070472D
:10995000002070470A684260496881607047017959
:10996000490704D04079400701D00120704700200A
:1099700070470079704740797047C08870470CB5D0
:1099800014A2D2E90012CDE900120179407901F068
:10999000070269461DF80220012A04D800F00700DA
:1099A000085C012801D900200CBD01200CBD01710B
:1099B000704700797047417170474079704730B502
:1099C0000C460546FB2900D9FFDF6C7030BD000056
:1099D000C0B20100000101020102020310B58C882F
:1099E0000A894B88C988A0F84430A0F84810A0F82C
:1099F0004640A0F84A2010BD10B5029C8181C2816A
:109A00000382448210BD1B2202838282C281828132
:109A100042800281028042848284828300290AD1AA
:109A20004FF4A4714183C18241820182C18041818E
:109A30008180C18401857047F0B5B0F84830818FCE
:109A4000458EC48E8B4200D30B46B0F84A10B0F856
:109A50004020914200D20A464386C286068F478F35
:109A600000F130019E4200D21E46974200D21746B6
:109A70000E814F81AB4201D1A24201D0012400E00E
:109A80000024B0F84420C38F068E858E9A4200D3FE
:109A90001A46B0F84670B0F842309F4200D23B46BA
:109AA00090F85A70022F08D1964200D232469D4259
:109AB00000D22B46002780F85A700A808B80B24271
:109AC00001D1AB4201D0012000E000202043F0BDD5
:109AD000508088899080C889D080088A1081488AFF
:109AE000508101201070704770B502884A80048E42
:109AF0008C80838ECB80428E0A81C58E4D81B0F8DA
:109B00005660AE420BD1B0F85250954207D1B0F832
:109B100058509D4203D1B0F85430A34201D00123E4
:109B200000E000230B73A0F852204A89A0F85620C9
:109B30008A88A0F85420CA88A0F85820012008700C
:109B400070BD70B50C46088E91F8641000F016F8E0
:109B5000A18E0546A94200D20D46208F94F86510CB
:109B600000F00CF8618F814200D208460146284679
:109B7000BDE8704000221346FFF782BC11F00C0FC5
:109B800004D04FF4747101EB801006E0022902D07A
:109B9000C000703001E080003C3080B270470000AF
:109BA0002DE9F0410C4612490D68114A114908325D
:109BB0001160A0F12001312901D301200CE04128DE
:109BC00010D040CC0C4F94E80E0007EB8000241F0F
:109BD00050F8807C3046B84720600548001D05607D
:109BE000BDE8F081204601F0B9F8F5E7062070479E
:109BF0001005024001000001DCB2010010B555481B
:109C0000F9F704FD00B1FFDF5248401CF9F7FEFCF4
:109C1000002800D0FFDF10BD2DE9F14F4E4E82B07D
:109C2000D6F800B001274B48F9F7F8FCDFF824819B
:109C300020B9002708F10100F9F706FD474C00257F
:109C40004FF0030901206060C4F80051C4F80451CA
:109C5000029931602060DFF808A11BE0DAF800000B
:109C6000C00617D50E2000F068F8EFF3108010F052
:109C7000010072B600D001200090C4F80493D4F81B
:109C8000000120B9D4F8040108B901F071F8009876
:109C900000B962B6D4F8000118B9D4F8040100285C
:109CA000DCD0D4F804010028CCD137B1C6F800B01C
:109CB00008F10100F9F7B2FC11E008F10100F9F731
:109CC000ADFC0028B6D1C4F80893C4F80451C4F818
:109CD00000510E2000F031F81E48F9F7B5FC0020C5
:109CE000BDE8FE8F2DE9F0438DB00D4606460024F9
:109CF0000DF110090DF1200818E000BF04EB440736
:109D0000102255F827106846F3F713FB05EB870779
:109D1000102248467968F3F70CFB6846FFF77CFF92
:109D200010224146B868F3F704FB641CB442E5DB3B
:109D30000DB00020BDE8F0836EE7002809DB00F0DD
:109D40001F02012191404009800000F1E020C0F88D
:109D5000801270476C01002004E5004000E00040E4
:109D600010ED00E0B64900200870704770B5B54DA1
:109D700001232B60B44B1C68002CFCD0002407E0AE
:109D80000E6806601E68002EFCD0001D091D641CB4
:109D90009442F5D30020286018680028FCD070BDDC
:109DA00070B5A74E0446A94D3078022800D0FFDFD9
:109DB000AC4200D3FFDF7169A548012903D847F2FF
:109DC0003052944201DD03224271491C7161291B0A
:109DD000C1609F49707800F030F9002800D1FFDFA2
:109DE00070BD70B5964C0D466178884200D0FFDF9B
:109DF000964E082D4BD2DFE805F04A041E2D4A4A44
:109E00004A382078022800D0FFDF03202070A07895
:109E1000012801D020B108E0A06800F041FD04E075
:109E200004F1080007C8FFF7A1FF05202070BDE876
:109E30007040F8F7C0B9F8F7C0FA01466068F8F763
:109E4000BDFFB04202D2616902290BD30320F9F7AA
:109E50000EFB12E0F8F7B1FA01466068F8F7AEFFC2
:109E6000B042F3D2BDE870409AE7207802280AD0C9
:109E7000052806D0FFDF04202070BDE8704000F008
:109E8000D2B8022000E00320F9F7F1FAF3E7FFDF90
:109E900070BD70B50546F8F790FA694C606020789F
:109EA000012800D0FFDF6A490120087000200871F6
:109EB00004208D6048716548C86002202070607879
:109EC00000F0BBF8002800D1FFDF70BD10B55C4C7E
:109ED000207838B90220F9F7E0FA18B90320F9F729
:109EE000DCFA08B1112010BD5A48F8F7E1F96070AA
:109EF0001F2804D0012020700020606110BD0320C5
:109F000010BD2DE9F0471446054600EB84000E46CF
:109F1000A0F1040800F0D7FC07464FF0805001691B
:109F20004F4306EB8401091FB14201D2012100E039
:109F3000002189461CB10069B4EB900F02D90920B9
:109F4000BDE8F0872846E7F76FF990B9A84510D328
:109F5000BD4205D2B84503D245EA0600800701D0CC
:109F60001020EDE73046E7F75FF910B9B9F1000FBF
:109F700001D00F20E4E7384838490068884205D00E
:109F8000224631462846FFF7F1FE1AE0FFF79EFF12
:109F90000028D5D12A4800218560C0E9036481707A
:109FA000F9F7DDFA08B12E4801E04AF2F870604393
:109FB0004FF47A7100F2E730B0FBF1F01830FFF7A0
:109FC00068FF0020BCE770B505464FF0805004697B
:109FD0006C432046E7F728F908B10F2070BD00F068
:109FE00072FCA84201D8102070BD1B481B490068B4
:109FF000884203D0204600F053FC10E0FFF766FFD4
:10A000000028F1D10E48012184608170F9F7A7FA88
:10A0100008B1144800E014481830FFF73AFF002058
:10A0200070BD00F053BE10B5054C6078F8F7A2F98A
:10A0300000B9FFDF0020207010BDF8F7EFBB000073
:10A040007001002004E5014000E40140105C0C00B8
:10A050008C0F0020E39D010058000020BEBAFECA0C
:10A0600050280500645E0100A85B01007149096881
:10A070000160002070476F4908600020704701218F
:10A080008A0720B1012804D042F20400704791678A
:10A0900000E0D1670020704767490120086042F264
:10A0A0000600704708B50423634A1907103230B11F
:10A0B000C1F80433106840F0010010600BE0106834
:10A0C00020F001001060C1F808330020C1F8080139
:10A0D0005A4800680090002008BD011F0B2909D8CC
:10A0E000554910310A6822F01E0242EA4000086019
:10A0F0000020704742F205007047000100F18040E7
:10A10000C0F8041900207047000100F18040C0F839
:10A11000081900207047000100F18040D0F80009C4
:10A12000086000207047012801D907207047444A81
:10A1300052F8200002680A4302600020704701289C
:10A1400001D9072070473E4A52F8200002688A432E
:10A15000026000207047012801D907207047384A63
:10A1600052F820000068086000207047020035495E
:10A170004FF0000003D0012A01D0072070470A6089
:10A18000704708B54FF40072510510B1C1F80423AF
:10A1900008E0C1F808230020C1F8240127481C303A
:10A1A00000680090002008BD08B58022D10510B1DC
:10A1B000C1F8042308E0C1F808230020C1F81C01FD
:10A1C0001E48143000680090002008BD08B54FF408
:10A1D0008072910510B1C1F8042308E0C1F808238A
:10A1E0000020C1F8200115481830006800900020B8
:10A1F00008BD10493831096801600020704770B50A
:10A200004FF080450024C5F80841F9F7B4F910B9BA
:10A21000F9F7BBF928B1C5F82441C5F81C41C5F8C8
:10A2200020414FF0E020802180F800140121C0F887
:10A23000001170BD0004004000050040080100400E
:10A24000A0B30100780500406249634B0A68634986
:10A250009A42096801D1C1F31001016000207047E2
:10A260005C495D4B0A685D49091D9A4201D1C0F302
:10A2700010000860002070475649574B0A6857493C
:10A2800008319A4201D1C0F31000086000207047E5
:10A2900030B5504B504D1C6842F20803AC4202D01E
:10A2A000142802D203E0112801D3184630BDC300A0
:10A2B0004B481844C0F81015C0F81425002030BDD4
:10A2C0004449454B0A6842F209019A4202D00628E5
:10A2D00002D203E0042801D308467047404A012116
:10A2E00042F83010002070473A493B4B0A6842F26E
:10A2F00009019A4202D0062802D203E0042801D3C1
:10A3000008467047364A012102EBC0004160002038
:10A31000704770B52F4A304E314C156842F2090330
:10A3200004EB8002B54204D0062804D2C2F800181B
:10A3300007E0042801D3184670BDC1F31000C2F82D
:10A340000008002070BD70B5224A234E244C1568C9
:10A3500042F2090304EB8002B54204D0062804D27D
:10A36000D2F8000807E0042801D3184670BDD2F8DF
:10A370000008C0F310000860002070BD174910B538
:10A380000831184808601120154A002102EBC0036B
:10A39000C3F81015C3F81415401C1428F6D3002078
:10A3A00006E0042804D302EB8003C3F8001807E09A
:10A3B00002EB8003D3F80048C4F31004C3F800484C
:10A3C000401C0628EDD310BD04490648083108603A
:10A3D0007047000058000020BEBAFECA00F50140D8
:10A3E00000F001400000FEFF814B1B6803B198475D
:10A3F000BFF34F8F7F4801687F4A01F4E06111434A
:10A400000160BFF34F8F00BFFDE710B5EFF3108081
:10A4100010F0010F72B601D0012400E0002400F01A
:10A42000DDF850B1E6F7A4FFF7F761FDF8F7C1FFDB
:10A43000F9F7E2FC71490020086004B962B6002017
:10A4400010BD2DE9F0410C460546EFF3108010F0E9
:10A45000010F72B601D0012600E0002600F0BEF820
:10A4600020B106B962B60820BDE8F08100F006FD13
:10A47000E6F782FF0246002001234709BF0007F1EB
:10A48000E02700F01F01D7F80071CF40F9071BD07B
:10A49000202803D222FA00F1C90727D141B20029AE
:10A4A00004DB01F1E02191F8001405E001F00F0157
:10A4B00001F1E02191F8141D4909082916D203FA87
:10A4C00001F717F0EC0F11D0401C6428D5D3F9F731
:10A4D00071FC4B4A4B490020F9F7B4FC47494A4804
:10A4E00008602046E6F7A7FE60B904E006B962B648
:10A4F00041F20100B8E73E4804602DB12846E6F776
:10A50000E7FE18B1102428E0404D19E02878022811
:10A5100002D94FF4805420E007240028687801D045
:10A52000D8B908E0C8B1202817D8A878212814D8AD
:10A53000012812D001E0A87878B9E8780B280CD867
:10A54000E6F71AFF2946F8F71AFFF7F78FFC00F035
:10A55000EDF92846E6F7DAFE044606B962B61CB104
:10A56000FFF753FF20467FE700207DE710B5044644
:10A5700000F034F800B101202070002010BD244903
:10A5800008600020704770B50C4622490D682149CB
:10A59000214E08310E60102807D011280CD0122847
:10A5A0000FD0132811D0012013E0D4E90001FFF7E8
:10A5B00048FF354620600DE0FFF727FF00252060AB
:10A5C00008E02068FFF7D2FF03E011492068086027
:10A5D000002020600F48001D056070BD07480A4933
:10A5E0000068884201D101207047002070470000B8
:10A5F000880100200CED00E00400FA05580000205E
:10A600004810002000000020BEBAFECAA8B3010016
:10A6100004000020100502400100000100B585493A
:10A6200010F1080F19D00CDC10F1280F1DD010F11B
:10A63000140F18D010F1100F13D010F10C0F08D117
:10A640000DE010F1040F06D080B103280ED00428CD
:10A650000CD0FFDF00BDFC2008E0F82006E0F4206D
:10A6600004E0F02002E0EC2000E0D820086000BD0B
:10A67000704900B5091D012803D0022803D0FFDF6F
:10A6800000BD032000E00420086000BD2DE9F0417A
:10A6900005460C4617461046F9F76CFD4FF47A76DE
:10A6A000022C10D0012C10D040F63401441838464A
:10A6B000F9F7C5FD204449F679710844B0FBF6F07E
:10A6C000281ABDE8F0813146F0E74FF4C861EDE7A4
:10A6D00070B505460C460846FAF7F4FA022C10D07D
:10A6E000012C11D04FF4AF5149F6CA62511A0844F7
:10A6F0004FF47A7100F2E140B0FBF1F0281A801EAD
:10A7000070BD40F24C41EFE740F63401ECE770B524
:10A71000064615460C460846FAF7D4FA4FF47A7105
:10A7200040F63402022D11D0012D11D01346022C17
:10A7300011D0012C01D04FF4AF529A1A104449F6AF
:10A74000FC621044B0FBF1F0301A70BD0B46EEE72E
:10A750004FF4C863EBE740F24C42EEE770B50446B5
:10A760000E460846F9F706FD05463046F9F767FD3F
:10A7700028444AF2AB3108444FF47A71B0FBF1F04F
:10A78000201A801E70BD2DE9F04106461D460C467C
:10A790001746104600F045F806EB4601C1EBC6111E
:10A7A00000EBC100022C15D0012C16D04FF4AF5194
:10A7B00046182046FAF786FA301A4FF47A7100F6F6
:10A7C000B730B0FBF1F43846F9F741FD2044284496
:10A7D000401D76E740F24C41EAE740F63401E7E7F6
:10A7E00070B5044615460E460846F9F7C3FC04EB5F
:10A7F0004401C1EBC411C0EBC1043046F9F71FFDA1
:10A80000241A284600F00DF820444FF47A7100F61F
:10A81000B730B0FBF1F42846F9F719FD2044401D8C
:10A8200070BD082803D0042801D0F9F7A3BC4EF668
:10A83000283070470C150040F0B585B00C46054631
:10A84000FEF7DCFF07466E78204603A96A46F5F757
:10A8500004FA81198EB258B1012F02D0032005B03D
:10A86000F0BD204604AA0399F5F719F9049D01E00B
:10A87000022F0FD1ED1C042E0FD32888BDF8001035
:10A88000001D80B2884201D8864202D14FF00000FC
:10A89000E5E702D34FF00200E1E74FF00100DEE709
:10A8A0000B4A022111600B490B68002BFCD0084BAE
:10A8B0001B1D186008680028FCD000201060086884
:10A8C0000028FCD070474FF080504069704700006E
:10A8D00004E5014000E4014002000B464FF0000097
:10A8E000014620D0012A04D0022A04D0032A0DD127
:10A8F00003E0012002E0022015E00320072B05D22F
:10A90000DFE803F00406080A0C0E10000720704769
:10A91000012108E0022106E0032104E0042102E015
:10A92000052100E00621F7F7E4BC0000E24805211C
:10A9300081700021017041707047E0490A78012A56
:10A9400005D0CA681044C8604038F8F704BA8A686D
:10A9500010448860F8E7002819D00378D849D94A0C
:10A9600013B1012B0ED011E00379012B00D06BB98C
:10A9700043790BB1012B09D18368643B8B4205D22B
:10A98000C0680EE00379012B02D00BB100207047A4
:10A9900043790BB1012BF9D1C368643B8B42F5D2EB
:10A9A00080689042F2D801207047C44901220A70A1
:10A9B000027972B100220A71427962B104224A71AD
:10A9C000826852328A60C068C860BB4902208870C1
:10A9D00070470322EFE70322F1E770B5B74D044655
:10A9E00000202870207988B100202871607978B122
:10A9F0000420B14E6871A168F068F7F7B2F9A86059
:10AA0000E0685230E8600320B07070BD0120ECE7D0
:10AA10000320EEE72DE9F04105460226F8F7C5F8D8
:10AA2000006800B1FFDFA44C01273DB12878B8B120
:10AA3000012805D0022811D0032814D027710DE079
:10AA40006868C82808D30421F8F7EBF920B16868D2
:10AA5000FFF773FF012603E0002601E000F014F980
:10AA60003046BDE8F08120780028F7D16868FFF70C
:10AA700072FF0028E2D06868017879B1A0780428D4
:10AA800000D0FFDF01216868FFF7A7FF8B49E0785E
:10AA900000F003F90028E1D1FFDFDFE7FFF785FFD2
:10AAA0006770DBE72DE9F041834C0F46E17888427F
:10AAB00000D0FFDF00250126082F7DD2DFE807F058
:10AAC000040B28283D434F57A0780328C9D00228FB
:10AAD000C7D0FFDFC5E7A078032802D0022800D046
:10AAE000FFDF0420A07025712078B8BB0020FFF79D
:10AAF00024FF72480178012906D08068E06000F0E8
:10AB0000F9F82061002023E0E078F7F782FDF5E70F
:10AB1000A078032802D0022800D0FFDF207880BB75
:10AB2000022F08D05FF00500F8F7A1FCA0780328F9
:10AB300040D0A57095E70420F6E7A078042800D05F
:10AB4000FFDF022004E0A078042800D0FFDF01200E
:10AB5000A1688847FFF75EFF054633E003E0A07871
:10AB6000042800D0FFDFBDE8F04100F08DB8A078E8
:10AB7000042804D0617809B1022800D0FFDF2078D2
:10AB800018B1BDE8F04100F08AB8207920B1062064
:10AB9000F8F76DFC25710DE0607840B14749E07829
:10ABA00000F07BF800B9FFDF65705AE704E007208A
:10ABB000F8F75DFCA67054E7FFDF52E73DB1012DC9
:10ABC00003D0FFDF022DF9D14BE70420C0E70320BB
:10ABD000BEE770B5050004D0374CA078052806D133
:10ABE00001E0102070BD0820F8F757FC08B11120D3
:10ABF00070BD3548F7F75CFBE0701F2806D00121D7
:10AC0000F8F730FA0020A560A07070BD032070BD79
:10AC1000294810B5017809B1112010BD81780529A6
:10AC200006D0012906D029B101210170002010BDF4
:10AC30000F2010BD00F033F8F8E770B51E4C054644
:10AC4000A07808B1012809D155B12846FFF783FE45
:10AC500040B1287840B1A078012809D00F2070BDFC
:10AC6000102070BD072070BD2846FFF79EFE03E050
:10AC700000212846FFF7B1FE1049E07800F00DF8FA
:10AC800000B9FFDF002070BD0B4810B5006900F06F
:10AC900029F8BDE81040F7F78EBAF7F7BFBD0648B0
:10ACA00010B5C078F7F766FB00B9FFDF0820F8F7AA
:10ACB000DEFBBDE8104039E68C0100209C0F00202F
:10ACC0003D860100FF1FA107A5AA010010B5134C86
:10ACD0002060201D0160114810300260001D0360DB
:10ACE000002010BD0E490A6848F202139A4302433D
:10ACF0000A6070470A4A116848F2021301EA030029
:10AD0000994311607047054B02465B421020134483
:10AD1000FC2B01D8116000207047000000060040A5
:10AD2000C806024070477047704700001EF0040FCD
:10AD30000CBFEFF30880EFF30980014A10470000D1
:10AD40005F3E010001B41EB400B5F8F7A9FD01B4DF
:10AD50000198864601BC01B01EBD0000826903490E
:10AD600081614FF0010010447047000045AD0100C3
:10AD70000FF20C0000F10000694641F8080C20BFFA
:10AD800070470000FEDF18490978F9B904207146C0
:10AD900008421BD10699154A914217DC06990229EF
:10ADA00014DB02394878DF2810D10878FE2807D054
:10ADB000FF280BD14FF001004FF000020C4B184759
:10ADC00041F201000099019A094B1847094B002BE9
:10ADD00002D01B68DB6818474FF0FF3071464FF018
:10ADE0000002034B1847000028ED00E000C00100FE
:10ADF000E9A3010004000020174818497047FFF735
:10AE0000FBFFE6F7CBF900BD1548164909688842F3
:10AE100003D1154A13605B68184700BD20BFFDE7EA
:10AE20000F4810490968884210D1104B18684FF03C
:10AE3000FF318842F2D080F308884FF02021884209
:10AE400004DD0B48026803210A4302600948804779
:10AE500009488047FFDF0000B00F0020B00F00203E
:10AE600000100000000000200400002000C00100CD
:10AE700014090040DD2F000009AE0100F0B4404687
:10AE8000494652465B460FB402A0013001B5064860
:10AE9000004700BF01BC86460FBC804689469246EB
:10AEA0009B46F0BC70470000091100000420714669
:10AEB000084202D0EFF3098101E0EFF308818869CD
:10AEC00002380078102813DB20280FDB2C280BDB3E
:10AED0000A4A12680A4B9A4203D1602804DB094AE5
:10AEE0001047022008607047074A1047074A10477A
:10AEF000074A12682C3212681047000058000020E0
:10AF0000BEBAFECA7D130000A19B010087A5010007
:10AF1000040000200D4B0E4908470E4B0C49084712
:10AF20000D4B0B4908470D4B094908470C4B084985
:10AF300008470C4B064908470B4B054908470B4B84
:10AF4000034908470A4B02490847000019AC0000B2
:10AF500059B00000A52F00000BA8000099A7000021
:10AF6000A1AE0000991300004D7700001DB0000055
:10AF70002DAD01005F8200000784000065850000A0
:10AF8000C98500000386000037860000698600003E
:10AF90009986000021870000478300008985000012
:10AFA00013120000C12100000B2200006F220000DC
:10AFB000F522000011240000D32400000525000024
:10AFC000E3250000CB2600001F270000A12700007A
:10AFD000C1270000B92D0000DD2D0000FD2C000070
:10AFE000592D00000F2E0000A32E00002F3D000061
:10AFF000093E00003D4100003D420000B342000018
:10B000001D4300008143000017120000754400003A
:10B01000E1440000E3270000E927000017120000C8
:10B02000171200001712000017120000F32700008B
:10B030002B280000A12800001712000017120000A2
:10B040002D22000087290000A9290000F529000011
:10B05000131200001312000013120000131200005C
:10B06000EF5200007553000091530000AD530000F3
:10B070003B550000D7530000E1530000235400006B
:10B0800045540000215500006355000013120000D4
:10B0900013120000676E0000876E0000916E0000C2
:10B0A000CB6E0000F96E0000E96F000077700000C1
:10B0B0008B700000D9700000EF71000095730000E4
:10B0C000BD740000E95D0000D5740000131200009B
:10B0D00013120000A1A0000003A200005DA2000066
:10B0E000D7A2000083A30000100110013A02000063
:10B0F0001A0200040506000007000000FFFFFFFF22
:10B100000000FFFFE39C0000BF1C0000934E000006
:10B11000335E0000E97A000000000000A17D00001D
:10B120007D7D00008F7D0000000002000000000017
:10B13000000200000000000000010000000000000C
:10B14000136C0000F36B0000616C00007152000092
:10B150003352000053520000219400003994000043
:10B160004396000041370000816C000000000000A1
:10B17000B16C0000BF5200000000000000000000A1
:10B18000000000002395000000000000C13700000F
:10B19000555555D6BE898E0000006406640C6412B5
:10B1A00000000803AC055008000054044408340CA7
:10B1B00075DF0000DDE00000D7DE000073DF000077
:10B1C0001B5D0100ABE1000000000000480800002A
:10B1D0004808000051350000513500009B21000057
:10B1E000439B0000B7600000A34D0000F97301000D
:10B1F0008135000081350000BF210000D59B000093
:10B200003F610000174E00000F74010070017001D3
:10B21000400038005C002400200200000300656C40
:10B220007462000000000000000000000000000048
:10B230000000870000000000000000000000000087
:10B240000000BE83605ADB0B376038A5F5AA9183F6
:10B25000886C0000010000008B0801005D170100F0
:10B2600000000001020603040500000007000000C2
:10B2700000000000060000000A000000320000008C
:10B2800073000000B4000000F401FA0096006400AE
:10B290004B0032001E0014000A00050002000100ED
:10B2A0000041000000000000AB830100E5870100C1
:10B2B0008F870100BD830100000000002989010083
:10B2C0000C0802170D010102090901010602091803
:10B2D00018030101090903030500000049A2010048
:10B2E00061A2010079A2010091A20100C1A20100A6
:10B2F000E9A2010013A3010047A30100C79F0100B9
:10B30000039F010023A0010007AD01000D360100DD
:10B310001D360100493601001B37010023370100AB
:10B32000353701007FA0010099A001006DA0010048
:10B3300077A00100A5A00100DBA00100ED9B0100AA
:10B34000FBA0010009A1010017A1010027A1010034
:10B350003FA1010057A101006DA10100ED9B01007B
:10B3600000000000B7A900000DAA000023AA0000F9
:10B37000D9A80100199C0100E59C0100D3AB010094
:10B3800011AC01003BAC0100113401005D3901003A
:10B3900083A10100A9A10100CDA10100F3A1010039
:10B3A0001C0500402005004000100200CCB3010045
:10B3B00008000020980100004411000000B40100C2
:10B3C000A0010020100E00008011000001150545AD
:10B3D000481000200519A40500203601000100884E
:10B3E0003720FB349B5F80041F8000100D9DCB092C
:10B3F0000020880900200E0A0020024810000000EA
:10C000000000042045F10100A1F10100690F0200C8
:10C01000A5F10100A7F10100A9F101000000000055
:10C02000000000000000000000000000296C020079
:10C03000ADF1010000000000496C0200B1F1010007
:10C04000F5940200B3F10100E9C10200399D02003C
:10C050009DA90200B3F10100A5990200B3F101000E
:10C06000B3F1010079A50200B3F10100759C020053
:10C07000B3F1010041C60200B3F10100B3F10100C8
:10C080008DAA0200796E0200B3F10100B3F1010044
:10C09000B3F10100B3F1010011E40200B3F10100BA
:10C0A000B3F10100B3F10100B3F10100D1A5020029
:10C0B000B3F10100B3F10100000000000000000036
:10C0C000B3F10100B3F10100B3F10100519D020091
:10C0D000859C0200B3F10100B3F10100D9BF020059
:10C0E000B3F10100B3F10100B3F101000000000061
:10C0F00000000000B3F1010000000000699D020093
:10C10000000000000000000000000000000000002F
:10C11000000000000000000000000000000000001F
:10C12000000000000000000000000000000000000F
:10C1300000000000000000000000000000000000FF
:10C1400000000000000000000000000000000000EF
:10C1500000000000000000000000000000000000DF
:10C1600000000000000000000000000000000000CF
:10C1700000000000000000000000000000000000BF
:10C1800000000000000000000000000000000000AF
:10C19000000000000000000000000000000000009F
:10C1A000000000000000000000000000000000008F
:10C1B000000000000000000000000000000000007F
:10C1C000000000000000000000000000000000006F
:10C1D000000000000000000000000000000000005F
:10C1E000000000000000000000000000000000004F
:10C1F000000000000000000000000000000000003F
:10E000000901000B0B030100004100000100FFFFAC
:10E01000FFFFFFFFFFFFFFFFFFFFFFFFFFFF00000E
:10E02000000000000000000034FEFEFEFE000000C4
:10E0300000000100154015402E0000000001000006
:10E04000570400000200030100000000000000006F
:10E0500064000000E047000060090000090B0002B6
:10E0600003040000010000000000000005000000A3
:10E07000000000000000000101000000000000009E
:10E080000000000000000000000000000000000090
:10E090000000000000000000000000000000000080
:10E0A0000000000000000000000000000000000070
:10E0B0000000000000000000000000000000000060
:10E0C0000000000000000000000000000000000050
:10E0D0000000000000000000000000000000000040
:10E0E0000000000000000000000000000000000030
:10E0F0000000000000000000000000000000000020
:10E10000000000000000000000000000000000000F
:10E1100000000000000000000000000000000000FF
:10E1200000000000000000000000000000000000EF
:10E1300000000000000000000000000000000000DF
:10E1400000000000000000000000000000000000CF
:10E1500000000000000000000000000000000000BF
:10E1600000000000000000000000000000000000AF
:10E17000000000000000000000000000000000009F
:10E18000000000000000000000000000000000008F
:10E19000000000000000000000000000000000007F
:10E1A000000000000000000000000000000000006F
:10E1B000000000000000000000000000000000005F
:10E1C000000000000000000000000000000000004F
:10E1D000000000000000000000000000000000003F
:10E1E000000000000000000000000000000000002F
:10E1F000000000000000000000000000000000001F
:10E20000000000000000000000000000000000000E
:10E2100000000000000000000000000000000000FE
:10E2200000000000000000000000000000000000EE
:10E2300000000000000000000000000000000000DE
:10E2400000000000000000000000000000000000CE
:10E2500000000000000000000000000000000000BE
:10E2600000000000000000000000000000000000AE
:10E27000000000000000000000000000000000009E
:10E28000000000000000000000000000000000008E
:10E29000000000000000000000000000000000007E
:10E2A000000000000000000000000000000000006E
:10E2B000000000000000000000000000000000005E
:10E2C000000000000000000000000000000000004E
:10E2D000000000000000000000000000000000003E
:10E2E000000000000000000000000000000000002E
:10E2F000000000000000000000000000000000001E
:10E30000000000000000000000000000000000000D
:10E3100000000000000000000000000000000000FD
:10E3200000000000000000000000000000000000ED
:10E3300000000000000000000000000000000000DD
:10E3400000000000000000000000000000000000CD
:10E3500000000000000000000000000000000000BD
:10E3600000000000000000000000000000000000AD
:10E37000000000000000000000000000000000009D
:10E38000000000000000000000000000000000008D
:10E39000000000000000000000000000000000007D
:10E3A000000000000000000000000000000000006D
:10E3B000000000000000000000000000000000005D
:10E3C000000000000000000000000000000000004D
:10E3D000000000000000000000000000000000003D
:10E3E000000000000000000000000000000000002D
:10E3F000000000000000000000000000000000001D
:10E40000000000000000000000000000000000000C
:10E4100000000000000000000000000000000000FC
:10E4200000000000000000000000000000000000EC
:10E4300000000000000000000000000000000000DC
:10E4400000000000000000000000000000000000CC
:10E4500000000000000000000000000000000000BC
:10E4600000000000000000000000000000000000AC
:10E47000000000000000000000000000000000009C
:10E48000000000000000000000000000000000008C
:10E49000000000000000000000000000000000007C
:10E4A000000000000000000000000000000000006C
:10E4B000000000000000000000000000000000005C
:10E4C000000000000000000000000000000000004C
:10E4D000000000000000000000000000000000003C
:10E4E000000000000000000000000000000000002C
:10E4F000000000000000000000000000000000001C
:10E50000000000000000000000000000000000000B
:10E5100000000000000000000000000000000000FB
:10E5200000000000000000000000000000000000EB
:10E5300000000000000000000000000000000000DB
:10E5400000000000000000000000000000000000CB
:10E5500000000000000000000000000000000000BB
:10E5600000000000000000000000000000000000AB
:10E57000000000000000000000000000000000009B
:10E58000000000000000000000000000000000008B
:10E59000000000000000000000000000000000007B
:10E5A000000000000000000000000000000000006B
:10E5B000000000000000000000000000000000005B
:10E5C000000000000000000000000000000000004B
:10E5D000000000000000000000000000000000003B
:10E5E000000000000000000000000000000000002B
:10E5F000000000000000000000000000000000001B
:10E60000000000000000000000000000000000000A
:10E6100000000000000000000000000000000000FA
:10E6200000000000000000000000000000000000EA
:10E6300000000000000000000000000000000000DA
:10E6400000000000000000000000000000000000CA
:10E6500000000000000000000000000000000000BA
:10E6600000000000000000000000000000000000AA
:10E67000000000000000000000000000000000009A
:10E68000000000000000000000000000000000008A
:10E69000000000000000000000000000000000007A
:10E6A000000000000000000000000000000000006A
:10E6B000000000000000000000000000000000005A
:10E6C000000000000000000000000000000000004A
:10E6D000000000000000000000000000000000003A
:10E6E000000000000000000000000000000000002A
:10E6F000000000000000000000000000000000001A
:10E700000000000000000000000000000000000009
:10E7100000000000000000000000000000000000F9
:10E7200000000000000000000000000000000000E9
:10E7300000000000000000000000000000000000D9
:10E7400000000000000000000000000000000000C9
:10E7500000000000000000000000000000000000B9
:10E7600000000000000000000000000000000000A9
:10E770000000000000000000000000000000000099
:10E780000000000000000000000000000000000089
:10E790000000000000000000000000000000000079
:10E7A0000000000000000000000000000000000069
:10E7B0000000000000000000000000000000000059
:10E7C0000000000000000000000000000000000049
:10E7D0000000000000000000000000000000000039
:10E7E0000000000000000000000000000000000029
:10E7F0000000000000000000000000000000000019
:10E800000000000000000000000000000000000008
:10E8100000000000000000000000000000000000F8
:10E8200000000000000000000000000000000000E8
:10E8300000000000000000000000000000000000D8
:10E8400000000000000000000000000000000000C8
:10E8500000000000000000000000000000000000B8
:10E8600000000000000000000000000000000000A8
:10E870000000000000000000000000000000000098
:10E880000000000000000000000000000000000088
:10E890000000000000000000000000000000000078
:10E8A0000000000000000000000000000000000068
:10E8B0000000000000000000000000000000000058
:10E8C0000000000000000000000000000000000048
:10E8D0000000000000000000000000000000000038
:10E8E0000000000000000000000000000000000028
:10E8F0000000000000000000000000000000000018
:10E900000000000000000000000000000000000007
:10E9100000000000000000000000000000000000F7
:10E9200000000000000000000000000000000000E7
:10E9300000000000000000000000000000000000D7
:10E9400000000000000000000000000000000000C7
:10E9500000000000000000000000000000000000B7
:10E9600000000000000000000000000000000000A7
:10E970000000000000000000000000000000000097
:10E980000000000000000000000000000000000087
:10E990000000000000000000000000000000000077
:10E9A0000000000000000000000000000000000067
:10E9B0000000000000000000000000000000000057
:10E9C0000000000000000000000000000000000047
:10E9D0000000000000000000000000000000000037
:10E9E0000000000000000000000000000000000027
:10E9F0000000000000000000000000000000000017
:10EA00000000000000000000000000000000000006
:10EA100000000000000000000000000000000000F6
:10EA200000000000000000000000000000000000E6
:10EA300000000000000000000000000000000000D6
:10EA400000000000000000000000000000000000C6
:10EA500000000000000000000000000000000000B6
:10EA600000000000000000000000000000000000A6
:10EA70000000000000000000000000000000000096
:10EA80000000000000000000000000000000000086
:10EA90000000000000000000000000000000000076
:10EAA0000000000000000000000000000000000066
:10EAB0000000000000000000000000000000000056
:10EAC0000000000000000000000000000000000046
:10EAD0000000000000000000000000000000000036
:10EAE0000000000000000000000000000000000026
:10EAF0000000000000000000000000000000000016
:10EB00000000000000000000000000000000000005
:10EB100000000000000000000000000000000000F5
:10EB200000000000000000000000000000000000E5
:10EB300000000000000000000000000000000000D5
:10EB400000000000000000000000000000000000C5
:10EB500000000000000000000000000000000000B5
:10EB600000000000000000000000000000000000A5
:10EB70000000000000000000000000000000000095
:10EB80000000000000000000000000000000000085
:10EB90000000000000000000000000000000000075
:10EBA0000000000000000000000000000000000065
:10EBB0000000000000000000000000000000000055
:10EBC0000000000000000000000000000000000045
:10EBD0000000000000000000000000000000000035
:10EBE0000000000000000000000000000000000025
:10EBF0000000000000000000000000000000000015
:10EC00000000000000000000000000000000000004
:10EC100000000000000000000000000000000000F4
:10EC200000000000000000000000000000000000E4
:10EC300000000000000000000000000000000000D4
:10EC400000000000000000000000000000000000C4
:10EC500000000000000000000000000000000000B4
:10EC600000000000000000000000000000000000A4
:10EC70000000000000000000000000000000000094
:10EC80000000000000000000000000000000000084
:10EC90000000000000000000000000000000000074
:10ECA0000000000000000000000000000000000064
:10ECB0000000000000000000000000000000000054
:10ECC0000000000000000000000000000000000044
:10ECD0000000000000000000000000000000000034
:10ECE0000000000000000000000000000000000024
:10ECF0000000000000000000000000000000000014
:10ED00000000000000000000000000000000000003
:10ED100000000000000000000000000000000000F3
:10ED200000000000000000000000000000000000E3
:10ED300000000000000000000000000000000000D3
:10ED400000000000000000000000000000000000C3
:10ED500000000000000000000000000000000000B3
:10ED600000000000000000000000000000000000A3
:10ED70000000000000000000000000000000000093
:10ED80000000000000000000000000000000000083
:10ED90000000000000000000000000000000000073
:10EDA0000000000000000000000000000000000063
:10EDB0000000000000000000000000000000000053
:10EDC0000000000000000000000000000000000043
:10EDD0000000000000000000000000000000000033
:10EDE0000000000000000000000000000000000023
:10EDF0000000000000000000000000000000000013
:10EE00000000000000000000000000000000000002
:10EE100000000000000000000000000000000000F2
:10EE200000000000000000000000000000000000E2
:10EE300000000000000000000000000000000000D2
:10EE400000000000000000000000000000000000C2
:10EE500000000000000000000000000000000000B2
:10EE600000000000000000000000000000000000A2
:10EE70000000000000000000000000000000000092
:10EE80000000000000000000000000000000000082
:10EE90000000000000000000000000000000000072
:10EEA0000000000000000000000000000000000062
:10EEB0000000000000000000000000000000000052
:10EEC0000000000000000000000000000000000042
:10EED0000000000000000000000000000000000032
:10EEE0000000000000000000000000000000000022
:10EEF0000000000000000000000000000000000012
:10EF00000000000000000000000000000000000001
:10EF100000000000000000000000000000000000F1
:10EF200000000000000000000000000000000000E1
:10EF300000000000000000000000000000000000D1
:10EF400000000000000000000000000000000000C1
:10EF500000000000000000000000000000000000B1
:10EF600000000000000000000000000000000000A1
:10EF70000000000000000000000000000000000091
:10EF80000000000000000000000000000000000081
:10EF90000000000000000000000000000000000071
:10EFA0000000000000000000000000000000000061
:10EFB0000000000000000000000000000000000051
:10EFC0000000000000000000000000000000000041
:10EFD0000000000000000000000000000000000031
:10EFE0000000000000000000000000000000000021
:10EFF0000000000000000000000000000000000011
:10F00000314932480A1A02D0072291438D463049CD
:10F0100030480A1A06D00722914381F30988022258
:10F0200082F314882C482D492D4A00F03CF82D48D5
:10F030002D492E4A00F037F82D482E492E4A00F06F
:10F0400032F82E482E492F4A00F02DF82E482F492D
:10F050002F4A00F028F82F482F49304A00F023F8B3
:10F060002F483049304A00F01EF83048304900221D
:10F0700000F024F82F483049002200F01FF82F4AF2
:10F0800090471F481F49884205D00268043003B4E6
:10F09000904703BCF7E700208646EC46002000219D
:10F0A000274A9047FEE7884207D0521A05D00378D6
:10F0B00001300B700131013AF9D17047884202D01A
:10F0C00002700130FAE770470000042000F80320C6
:10F0D0000000042000000420244105002026002018
:10F0E000E4270020B8F10100B8F10100F8CA0400DB
:10F0F00024410500202600202026002008CD040001
:10F1000008CD040008CD040008CD040008CD04009B
:10F1100008CD040008CD040008CD040022410500FC
:10F12000E8420500E4270020E4270020E42700202F
:10F130009CE300209CE300209CE300206DF1010093
:10F14000210D030000F036B80F484FF00701884347
:10F1500085460E4880470E48016841F47001016001
:10F16000BFF34F8FBFF36F8FFFF74ABF09480A49BC
:10F170000A4A884207D0521A05D0037801300B7032
:10F180000131013AF9D1704700000420956702006F
:10F1900088ED00E0A0CC04000C26002020260020F2
:10F1A000FEE7FEE7FEE7FEE7FEE7FEE7FEE7FEE737
:10F1B000FEE7FEE7FFF7C8BFFEE7FEE7704700BFC8
:10F1C00000B583B0044B0093044A402300F036F8A6
:10F1D00003B05DF804FB00BFE1F10100E827002067
:10F1E00002B32DE9F843114B114E8846144603270C
:10F1F00043F001090025224608EB050100200DF02F
:10F200004DFB0346E41A4FF47A401D4423B933788A
:10F2100033B1C847013F06D001233370002CEAD137
:10F22000BDE8F88370473770BDE8F88310CD04005F
:10F23000E4270020704700BF0DF074BBF0B595B017
:10F24000084600240E4617461D4602F083FE1A9A11
:10F250000D922346082205A93046CDE909540897A6
:10F260008DF82C400C9402F0B9FEDDE906219DF8E2
:10F2700014308DF81140CDE9021203F00302012A87
:10F2800028D0022A04D0304602F068FE15B0F0BD46
:10F29000BDF81650C3F3C203C5F389158DF81030BD
:10F2A0000827082D2C4628BF08243B4622460EA9D5
:10F2B000304602F093FE2D1B08AB02AA21460EA891
:10F2C000274400F0EDFE002DEBD1304602F046FE63
:10F2D00015B0F0BDBDF814100598C1F38312C3F347
:10F2E000C203C0F39525C1F383148DF810300EA925
:10F2F00030469200082302F071FE08AB00932246CC
:10F3000002AB0EA9284600F055FE304602F026FE5C
:10F3100015B0F0BD08B5FFF78FFF0948042100F0D4
:10F32000C9FD002803DB074B01225A7108BD0649BD
:10F33000412011F0E7FC034B01225A7108BD00BFC8
:10F3400090CC04002026002024CD040070B5314C60
:10F3500084B004F5836001F05FFF04F2144001F013
:10F360005BFFD4E9013503EA0501CA1C04EB820CFA
:10F3700014F8222050072ED404EB81015A1CC868CF
:10F3800001902A4004EB820200F003010129D568B4
:10F3900003F102062ED0022933D01F494FF4BF706B
:10F3A00011F0B0FC00251D4801F042FF00B166607D
:10F3B000284604B070BD022806D1BCF802200233F2
:10F3C00003EB921303EA0501C81C04EB800C14F84C
:10F3D00020004207D0D59CF8000000F0030001286F
:10F3E000E9D1BCF800200233C2F38312134403EACC
:10F3F0000501E9E7BDF80430C3F383132D0C1E4467
:10F40000D1E7BDF80630C3F3891303332D0C06EBA7
:10F410009306C8E7242A00209CCD0400382E002043
:10F420000B4B0C4810B50022FF21C3F81824C3E988
:10F4300000229960C3F8142483F8202402F03EFDD2
:10F44000044610B9044802F0DFFD204610BD00BF9D
:10F45000242A00208CCB040014CE040030B499B1CF
:10F460000D490E4D491BC90813D00D4C002302E075
:10F47000013399420AD034F823208242F8D1184649
:10F4800055F8300030BC7047044DF9E7002030BC1F
:10F4900070470846F6E700BF90CC0400A8CB0400F4
:10F4A00020260020094B013903EBC00003290BD8AB
:10F4B000DFE801F0040208060420704702207047CC
:10F4C000407970470079704700207047A8CB04004E
:10F4D0002DE9F047C64CD4E900239A4284B000F0ED
:10F4E000C0800023C4F81834BFF34F8FD4E901352E
:10F4F00003EA0501CA1C04EB820614F82220500717
:10F500001BD52768327802F00302012A00F09F80A1
:10F51000022A03D17288023303EB921305EA030136
:10F52000D4F81804CA1C04EB820630B99F4240F29A
:10F53000948014F822205207E4D404EB81019E1C2D
:10F540000133CA6801922B4004EB830302F00302EB
:10F55000DB680293022A00F08880012A00F0F48020
:10F56000D4F810543DB12B6828469B689847EB6847
:10F570001D68002DF7D100230DF103008DF8033035
:10F58000D4F80880DFF888929A4E00F0A9FFD4E9F9
:10F59000013127680B440133DB1BA6EB0906012B65
:10F5A0004FEAD60600F22181934D0121284601F051
:10F5B0001BFEFFF7CBFE0146284601F015FED4E9FD
:10F5C000013122680B4401339B1A012BEDD902EA69
:10F5D00001030333023205219DF8030044F8231090
:10F5E000226000F0B3FF8448002101F0DBFD80F3CE
:10F5F0001005824BB6B2A3EB0909B6EBD90F80F028
:10F60000DF8008EA07027E4B94F82014013707EAEE
:10F61000080804EB880803329B0246EA054643F0DB
:10F620001103C8F80C6044F8223039B9D4E900302D
:10F63000C01A18BF012004B0BDE8F087FFF748FFEB
:10F640000028F3D0FFF744FF0028F7D1EEE7328817
:10F650000233C2F38312134460E7676004B0BDE86D
:10F66000F087002004B0BDE8F087BDF8063065489B
:10F67000C3F38919B9F1C80FC84628BF4FF0C808AD
:10F6800008F1080168F38F13C1F30901ADF80630E2
:10F6900002F016FC074600283FF462AF02F05AFC65
:10F6A0000023082201A9384602F084FC25EA06035B
:10F6B0000133B8EB830F4FEA830A40F28780BAF137
:10F6C000000F00F0A78005EA0601033104EB810179
:10F6D000524638460823A8EB0A0802F06BFC5FFA92
:10F6E00088F80AF10803484903F0FC03424638460B
:10F6F00002F060FC09F1030906EB9906D4F818340E
:10F70000002B6ED1D4F810545DB1EB685A792846BD
:10F7100039461AB12B681B689847EB681D68002DA5
:10F72000F3D1384602F01AFC00230DF103008DF8E6
:10F73000033000F0D5FED4F8183403B966609DF8A4
:10F74000030000F003FF71E7BDF804202D48C2F369
:10F750008313062B28BF062363F38912023303F0B9
:10F760000F018900ADF8042002F0AAFB074600282B
:10F770003FF4F6AE02F0EEFB0023082201A9384662
:10F7800002F018FCBDF8043013F4707FB6D04FF0CF
:10F790000008314629404FEA88030331083304EB5F
:10F7A00081010422384602F005FCBDF8043008F15E
:10F7B0000108C3F38313434506F10106E9D89DE729
:10F7C000124940F2A31011F09DFA1AE705EA06016A
:10F7D0000331424604EB81010823384602F0EAFB7C
:10F7E00088E7384602F0BAFB20E73A46EFE600BF6A
:10F7F000242A002008CC0400402E002090CC0400D5
:10F80000FCCD04008CCB0400302A00209CCD0400E9
:10F81000A8CB0400034942460823384602F0CAFB3D
:10F8200068E700BF302A00202DE9F047DFF8F8A094
:10F8300082B0002305460DF1070091468DF8073090
:10F84000DAF80860884600F04BFEDAE90132DAF8AF
:10F85000007013440133DB1B022B5AD80AF21C44FC
:10F860000121204601F0C0FCFFF770FD0146204653
:10F8700001F0BAFCDAE90132DAF80010134401337E
:10F880005B1A022BECD90A400332033145239DF861
:10F8900007004AF82230CAF8001000F057FEBB1CDF
:10F8A00033400AEB83031C48C3F80C90002101F09D
:10F8B00079FC80F31009194B194A2C0C9B1AB4EBF4
:10F8C000D30F20D27B1C33400AEB8303E90044EAC8
:10F8D000094401F038013E40DC6041F041019AF8F2
:10F8E0002034033641EA88214AF8261013B902B0C1
:10F8F000BDE8F087FFF7ECFD0028F8D0FFF7E8FD42
:10F900000028F7D1F3E7074940F2A31011F0FAF904
:10F91000D8E73946B7E700BF402E002090CC04005E
:10F92000A8CB04009CCD0400242A00202DE9F04F30
:10F930003E4C83B006469A460DF1070000239346DD
:10F940008DF80730A768894600F0CAFDD4E9013276
:10F95000D4F8008013440133A3EB0803032B62D8CF
:10F9600004F21C450121284601F03EFCFFF7EEFCA5
:10F970000146284601F038FCD4E9013221681344DD
:10F9800001335B1A032BEDD90A400332043185237E
:10F990009DF8070044F82230216000F0D7FD08F1FF
:10F9A00002033B4004EB83032148C3F80CB008F189
:10F9B00003033B4004EB83030021C3F80CA001F0D8
:10F9C000F1FB80F3100A1B4B1B4A350C9B1AB5EB5D
:10F9D000D30F22D208F101033B4004EB8303F10073
:10F9E00045EA0A4501F0380107EA0807DD6041F001
:10F9F000810194F82034033741EA892144F8271023
:10FA000013B903B0BDE8F08FFFF762FD0028F8D00E
:10FA1000FFF75EFD0028F7D1F3E7084940F2A31095
:10FA200011F070F9D6E74146AEE700BF242A002066
:10FA3000402E002090CC0400A8CB04009CCD0400F4
:10FA40002DE9F04FDFF810B183B0054699460DF16E
:10FA50000700002392468DF80730DBF808608846DF
:10FA600000F03EFDDBE90132DBF8007013440133A6
:10FA7000DB1B042B66D80BF21C440121204601F04D
:10FA8000B3FBFFF763FC0146204601F0ADFBDBE969
:10FA90000132DBF80010134401335B1A042BECD95C
:10FAA0000A4003320531C5239DF807004BF8223088
:10FAB000CBF8001000F04AFDBB1C33400BEB830376
:10FAC0000C9AC3F80CA0FB1C33400BEB83031E48BD
:10FAD000C3F80C903B1D33400BEB83030021DA602D
:10FAE00001F060FB80F31009184B194A2C0C9B1A8B
:10FAF000B4EBD30F20D27B1C33400BEB8303E90024
:10FB000044EA094401F038013E40DC6041F0C101A3
:10FB10009BF82034033641EA88214BF8261013B9AC
:10FB200003B0BDE8F08FFFF7D3FC0028F8D0FFF753
:10FB3000CFFC0028F7D1F3E7064940F2A31011F0FB
:10FB4000E1F8D8E73946ABE7402E002090CC04001E
:10FB5000A8CB04009CCD0400242A00202DE9F04706
:10FB600086B0DFF824A103930F9B0E9C05930546F6
:10FB700000230DF10700164602928DF80730DAF8DF
:10FB800008700494894600F0ABFCDAE90132DAF837
:10FB9000008013440133A3EB0803052B69D80AF254
:10FBA0001C440121204601F01FFBFFF7CFFB01465B
:10FBB000204601F019FBDAE90132DAF800101344AB
:10FBC00001335B1A052BECD90A400332063140F2AF
:10FBD00005139DF807004AF82230CAF8001000F01B
:10FBE000B5FC08F1020303A908F1060001E051F891
:10FBF000046B07EA03020AEB820201338342D660F8
:10FC0000F5D11D48002101F0CDFA80F310061B4B01
:10FC10001B4A2C0C9B1AB4EBD30F24D208F101031E
:10FC20003B40ED000AEB830305F0380544EA064447
:10FC300045F4807507EA0807DC6045F001059AF88D
:10FC40002034033745EA89254AF8275013B906B00E
:10FC5000BDE8F087FFF73CFC0028F8D0FFF738FC40
:10FC60000028F7D1F3E7074940F2A31011F04AF852
:10FC7000D4E74146A8E700BF402E002090CC040006
:10FC8000A8CB04009CCD0400242A00202DE9F047D5
:10FC900086B0DFF828A102930F9B0493109B0E9C63
:10FCA0000593054600230DF10300164601928DF8D9
:10FCB0000330DAF808700394894600F011FCDAE9A1
:10FCC0000132DAF8008013440133A3EB0803062B5A
:10FCD00069D80AF21C440121204601F085FAFFF799
:10FCE00035FB0146204601F07FFADAE90132DAF805
:10FCF0000010134401335B1A062BECD90A4003327F
:10FD0000073140F245139DF803004AF82230CAF843
:10FD1000001000F01BFC08F1020302A908F1070023
:10FD200001E051F8046B07EA03020AEB8202013397
:10FD30008342D660F5D11D48002101F033FA80F3EB
:10FD400010061B4B1B4A2C0C9B1AB4EBD30F24D26E
:10FD500008F101033B40ED000AEB830305F0380591
:10FD600044EA064445F4A07507EA0807DC6045F05C
:10FD700001059AF82034033745EA89254AF82750C7
:10FD800013B906B0BDE8F087FFF7A2FB0028F8D052
:10FD9000FFF79EFB0028F7D1F3E7074940F2A310D5
:10FDA00010F0B0FFD4E74146A8E700BF402E002086
:10FDB00090CC0400A8CB04009CCD0400242A002091
:10FDC0002DE9F047DFF8E89082B0002305460DF1F9
:10FDD00007008DF80730D9F80860884600F080FBEE
:10FDE000D9E90132D9F8007013440133DB1B012B30
:10FDF00054D809F21C440121204601F0F5F9FFF71F
:10FE0000A5FA0146204601F0EFF9D9E90132D9F807
:10FE10000010134401335B1A012BECD90A40033262
:10FE2000052302319DF8070049F82230C9F8001077
:10FE300000F08CFB1A48002101F0B4F980F3100A9D
:10FE4000184B194A2C0C9B1AB4EBD30F20D27B1CF5
:10FE5000334009EB8303E90044EA0A4401F0380126
:10FE60003E40DC6041F0010199F82034033641EA5C
:10FE7000882149F8261013B902B0BDE8F087FFF7D2
:10FE800027FB0028F8D0FFF723FB0028F7D1F3E782
:10FE9000064940F2A31010F035FFD8E73946BDE718
:10FEA000402E002090CC0400A8CB04009CCD040080
:10FEB000242A002030B4124DD5F810140446002036
:10FEC000B1B10B4601E01B6853B1DB681A7982427D
:10FED000F9D101300A28F3D14FF0FF3030BC704720
:10FEE000E2681071CB68196811601C6030BC704703
:10FEF000E3681871C5F8104430BC1960704700BF42
:10FF0000242A002038B5094BD3F81044012583F882
:10FF100020544CB12368E2685B68557120469847CD
:10FF2000E3681C68002CF5D138BD00BF242A0020EE
:10FF300030B5C38885B004460D4623BB237A052B14
:10FF40001FD0627A82B9144AA08852F82320039203
:10FF50000021FFF783FA039A10490346284605B0AB
:10FF6000BDE8304001F032BA1946A088FFF79AFA8E
:10FF70000B4B0C4953F82020284601F027FA237A2E
:10FF8000E1E705B030BD08490091084A0849284614
:10FF900001F01CFAD2E700BFE4CE04004CCE04000E
:10FFA000C0CE040048CE040040CE040020CE0400A1
:10FFB00028CE04002DE9F04385B01D460C9C00239B
:10FFC00094F80C90237380460E4617462146284627
:10FFD000FFF7AEFF062F09D8DFE807F0042E343B09
:10FFE000444F1F004146204601F0F0F92B7A052BC3
:10FFF00005D06B7A5BB92749204601F0E7F9204626
:020000040002F8
:1000000001F0D0F984F80C9005B0BDE8F083224AE5
:100010002249204601F0DAF9EDE773690393336969
:100020000293F3680193B3680093D6E90023414635
:10003000204601F0CBF9D9E732684146204601F06D
:10004000C5F9D3E7D6E900234146204601F0BEF9C1
:10005000CCE7B3680093D6E900234146204601F07F
:10006000B5F9C3E7F3680193B3680093D6E90023B9
:100070004146204601F0AAF9B8E733690293F368D4
:100080000193B3680093D6E900234146204601F06E
:100090009DF9ABE758CE040040CE040048CE0400E2
:1000A000082900D970472DE9F04F002493F80C90EF
:1000B0001C7383B00E4607461946104690461D46EF
:1000C000DFF8B8B0DFF8B8A0FFF732FF05E03A5D1F
:1000D000013401F07BF9082C09D0A642514628468C
:1000E000F5D85946013401F071F9082CF5D11F49B2
:1000F000DFF890B0DFF890A0284601F067F90024FF
:100100000AE03A5D7E2A23D92E2251462846013440
:1001100001F05CF9082C08D0A642F2D859462846CE
:10012000013401F053F9082CF6D198F80830052B6A
:1001300002D098F809309BB90D49284601F046F9DC
:10014000284601F02FF985F80C9003B0BDE8F08F38
:100150001046019211F0B6F8019A0028D5D1D3E7E4
:10016000044A0549284601F031F9E5E768CE040064
:1001700058CE040040CE040048CE040064CE0400F3
:100180005CCE040054CE04006CCE040000B583B0F5
:100190004FF0010C8DF807C0144B9DF807E0186074
:1001A00044F2010C604559609A6013D044F2020198
:1001B000884206D1DA60DA6812889A61DA68526891
:1001C000DA6172B69DF80730002BFBD162B603B03E
:1001D0005DF804FB1A611A6992685A611A6912681B
:1001E0009A611A695268DA61EBE700BFE02E0020DD
:1001F00000B583B002900091019244F20100714673
:100200006A4600F003F803B000BD00BFF0B5044635
:1002100087B00E46154672B6FFF774FEFFF758F921
:100220000028FBD144F201039C422FD01DD8012CA1
:1002300054D041F201039C4244D12E482E4B2F4909
:10024000C01AC008000440F00100FFF7B9FD2C4BB4
:10025000D3F8F030DB0700D500BE2A4631462046F1
:1002600007B0BDE8F040FFF791BF44F202039C42A3
:1002700028D1214B1F486A682249C01AC0080004CF
:100280002B8840F00100FFF751FBE0E7AA681A4B0A
:10029000184F05921046FF1A01F0FCFE02962968DD
:1002A0000191FF083F046968009147F00107034688
:1002B000059A15493846FFF7E9FC14493846FFF717
:1002C0007FFDC4E70C4B0B481149C01AC00800045D
:1002D000324640F00100FFF7A7FAB8E7064B0548A1
:1002E0000C49C01AC008000440F00100FFF768FD87
:1002F000ADE700BF08CC0400A8CB040024CF040065
:1003000000ED00E048CF040064CF04008CCF04006F
:10031000A0CF040004CF040070B5054608F0C8FD66
:100320004368AB42044603D00B496A2010F0EAFC54
:10033000A3685BB1237B43B1637BA268206883F031
:1003400001032373BDE87040104770BD02496B2064
:1003500010F0D8FCEEE700BFB8CF040070B5056818
:1003600082B022B32B7B13B90E46696811B1082005
:1003700002B070BD14462846102211F076F8002E07
:100380000CBF012200220B4B6A73AC6014BF012228
:10039000002200934FF47A712B46074808F0B0FB17
:1003A0000028686014BF00200E2002B070BD072036
:1003B00002B070BD1903020054CE04002DE9F041D3
:1003C000476884B0002F52D0067B0446BEB90D4664
:1003D0000260EFF305836BB10A46009603AB092177
:1003E0003846039608F0AEFB012828D0042004B05C
:1003F000BDE8F081384608F043FD064618B10020FC
:1004000004B0BDE8F0814FF002082A460346CDF85B
:1004100000800421384608F095FB01280546E5D107
:1004200007F092FCCDF80080024633462946384654
:1004300008F088FB0128D9D101232373DFE707F0F7
:1004400089FC0096024603AB0621384608F07AFB89
:100450000128CBD1039B002BEED0074B4FF08052ED
:100460005A6040BFBFF34F8FBFF36F8FE4E70820A0
:1004700004B0BDE8F08100BF00ED00E010B5044617
:10048000406884B038B3EFF305835BB90222009271
:1004900003211A4608F056FB012819D100202073C9
:1004A00004B010BD0022009203AB0821039208F0B3
:1004B00049FB01280CD1039B002BEFD0074B4FF0D9
:1004C00080525A6040BFBFF34F8FBFF36F8FE5E795
:1004D000042004B010BD082004B010BD00ED00E001
:1004E00070B50446EFF30583C3F308033BB9EFF39C
:1004F0001483DB0703D51149432010F003FCEFF30D
:10050000108072B60E4B9A68A2B9012199600D490C
:100510000D4ED1F8805035401D60C1F88060D1F893
:1005200084505D604FF0FF33C1F88430227000B911
:1005300062B670BD01232370F9E700BF18D0040034
:10054000002F002000E100E0FC06FFBD10B50446CE
:10055000EFF30583C3F308033BB9EFF31483DB0721
:1005600003D50A49512010F0CDFB094B9A685AB1C6
:1005700054B9EFF3108172B6064A186810605868D3
:1005800050609C6001B962B610BD00BF18D0040075
:10059000002F002000E100E0194B00EB800003EB8E
:1005A00080000B68426802F580502BB35A880332F2
:1005B00003EB8203834217D210B54FF6FF7E1A6811
:1005C000013213D05A88033203EB820290420DD3DA
:1005D000B3F804C0F4450BD01C884CB19C680134BE
:1005E00006D00B60012010BD00207047002010BD18
:1005F0009042FBD91346E2E702F10803DAE700BFB5
:10060000482F002070B5436882B006460C461BB1E7
:10061000234AD1688B421FD20022134622801546FE
:10062000019505E0019B3268996891420ED02388BC
:10063000184601A9FFF7B0FF0028F3D12388013342
:100640009BB2012B2380EBD902B070BD154A7360B9
:100650001389338102B070BD12699342DCD813F064
:100660000300D9D10F4A318912899142D4D131681E
:100670009A689142D0D10C494A68934203D902F555
:100680008052934209D38A69934203D902F580527A
:10069000934201D30020D7E7012020800120D3E737
:1006A0000C260020302F0020482F002010B4104CC2
:1006B000104A638803EB830302EB8302D36853B9C8
:1006C0004FF0040C516884F800C00B485DF8044BEF
:1006D000012201F037BA094A0520022120709180D9
:1006E000054811685DF8044B0023012201F02ABA85
:1006F000302F0020482F00200C260020842F0020BF
:10070000B3F804C0BCF1010F39D82DE9F0411D4FF9
:100710001C4680460D4616460CEB8C0317F823301A
:100720006BB10CF1010C1FFA8CFCBCF1010FA4F8A9
:1007300004C0F1D948F209601BE0B4F804C0604677
:100740002146FFF729FFB0B12368B8F1000F04D0AC
:100750009988B8F800209142EFD11DB119882A88F4
:100760009142EAD19968084A12893281C6E9001398
:100770000020BDE8F081B4F804C02060D1E748F261
:1007800009607047482F0020302F002030B5104CF2
:1007900083B06088211DFFF7FFFE20B903B0BDE8DC
:1007A0003040FFF783BF0B4B626899881B680A488B
:1007B00003EB81015388033300259BB24FF0030CF8
:1007C0009B00009584F800C001F022F903B030BD11
:1007D000302F0020842F00200C2600202DE9F04F20
:1007E0009D4DDFF894922C68DFF89082DFF890B28C
:1007F0008BB00746002C00F090802278531E052B0A
:1008000000F29783DFE803F041242403034E002F16
:1008100040F0F28094F804A0BAF1010F00F0768263
:10082000BAF1020F00F06C82BAF1000F00F05582AD
:10083000CDE907770597099705AE48F20E67023AAA
:100840000697042A4AD8DFE802F098847843AD007E
:10085000B4F814A0002F40F0B780804EA17D0AEBC1
:100860008A0306EB83034FEA8A0718895B6803EB68
:100870008003062900F25883DFE811F09501BE01DC
:10088000AB01D001820169014401002F40F00F82C9
:100890002379032B00F2C780DFE813F0280113014E
:1008A000B700F400002F40F00F826D4C237B002B2B
:1008B00000F0C48023782773013B062B69D8DFE85A
:1008C00013F06B02F201D601D20168005902BE0199
:1008D00004238DF81430E388ADF82030614C04F126
:1008E000100754F8043B304603B19847A742F8D1AB
:1008F0000023494640462B6000F022FC5A4B1B68FF
:10090000002B53D05848012100F07AFC002858D021
:100910002C680027002C7FF470AF4946404600F059
:10092000DDFB0446286000287FF467AF594640F29B
:100930009B5010F0E7F92C685FE703238DF8143023
:10094000E1882289E3680793ADF82010ADF82220F2
:10095000C4E702238DF81430A37D2289A188ADF865
:100960002020A3F10603B3FA83F3E26807925B0940
:10097000ADF822108DF82430B0E701238DF8143043
:100980002189A288E3680793ADF82010ADF82220F2
:10099000A4E7002305AE0593C6E90233336148F2AC
:1009A0000E67069705238DF8143097E759464FF4E4
:1009B000247010F0A7F92C48012100F021FC002838
:1009C000A6D10BB0BDE8F08FA17DE388234E0229AC
:1009D00007D90AEB8A0006EB8000D91C0789394445
:1009E00001814FEA8A07574406EB8706C3F57F4328
:1009F0007189FD330B44738105AE002305934FF4D9
:100A00000647C6E90233336119E7184A18481168E6
:100A10000023237102249480012201F093F800281E
:100A2000CFD02C682278134905AE002305934B6084
:100A3000C6E90233336148F20D6700E72378072BDC
:100A400000F2E781DFE813F0FA01E501E501260194
:100A5000CF01FB00FB00E101442F0020482F0020C4
:100A6000302F0020182F0020802F0020842F0020FE
:100A70000C260020282F0020402F0020702F00205F
:100A800074D00400B04FB14AB1484FF0000A84F866
:100A900004A0CDF800A00823396800F0B9FFAD4BE1
:100AA0005E8806EB8603AC4E06F823A006EB8306B1
:100AB0003B6872687360BB88338102233A60BB80F5
:100AC000ADE7A54E3378022B00F01C82337D022B5C
:100AD00000F02882A14A002305AE01210593117080
:100AE000C6E90133C6E903335360F7E6964B9C4AE7
:100AF000196897480123237100230093082300F00D
:100B000087FF8CE7E188204641F61D5307EB0A0C6E
:100B100006EB8C0CCC1CBCF808E07444ACF8084024
:100B2000574406EB8706C1F57F4104467089FD31C5
:100B30000144718105AE41F61D5100278B42C6E983
:100B40000077C6E9027737613FF479AEC7E1854B9C
:100B5000854A5968854B7E481B8803930623A375F5
:100B600000230093042300F053FF48BB039B03EBD7
:100B7000830306EB8306012333740BB0BDE8F08FCB
:100B80007848A26902607949039300224260FFF726
:100B900039FD039B0022002800F0AA811946022398
:100BA000A375009204E019460223A3750023009365
:100BB00004236748E21800F02BFF00283FF401AF40
:100BC000A37D2868E1880278022B48F20D63A7D93B
:100BD0009CE703F1080123695D48002B14BF032340
:100BE0000123A3750023009304F10C02042300F0F9
:100BF0000FFF0028E4D1E4E6032A03F104010CBF4F
:100C000005230623A375002300935148042304F110
:100C1000080200F0FDFE0028D2D1D2E6012003F147
:100C20000C01E388A0750020226900909B004848D1
:100C300000F0EEFE0028C3D10BB0BDE8F08F424BB0
:100C4000474A1968424800230093636007232370D2
:100C5000082300F0DDFE0346002B3FF4B2AE2C6803
:100C600005AE227867E7FFF721FD0346F4E76268E7
:100C70003548538886880168033301EB86010020DC
:100C80009BB2032600909B003148267000F0C0FE06
:100C90000346E1E72C4A63685988938803330B4481
:100CA000938002232370FFF771FD0346D4E72B4B9B
:100CB000002159604FF4064705AE0023C6E9003312
:100CC000C6E902333361BAE505AE002305934FF45C
:100CD0000647C6E90233336163E6022305AE23719A
:100CE0000DF11201E36805933046CDE90677FFF771
:100CF00089FC002840F0B680227848F20967DCE7DA
:100D0000CDE907770597099705AE98E5134B1B7852
:100D1000A01D002B00F0D680154C05AE23463246B0
:100D20003946FFF7EDFC002800F0BB800390082255
:100D30002046394610F099FB039B48F20962934222
:100D400049D02C682278F6E6842F0020C4D0040015
:100D50000C260020302F0020482F0020282F0020B4
:100D6000CCD004000C2F0020C0D004008C2F002019
:100D7000902F00206288744E9300134406EB830684
:100D800000237168009306232370704A704808237B
:100D900000F03EFE03465FE7A37A3BB16A4E0023B4
:100DA000A372F36813B9327C002A75D1E37A43B198
:100DB000654E0023E372336A1BB996F82430002B8A
:100DC00069D105AE002305932370C6E90233638021
:100DD00063603361E5E5C6E90077C6E902772C6810
:100DE000376122782BE56288574E5A4902EB82031D
:100DF00006EB83030F685868086088885F60188175
:100E000002238B8002FA03F3B7E701232370A37A4E
:100E1000C3E7013B062B3FF6BCAD01A252F823F01D
:100E2000990D0200A70C02006F0C0200670C020073
:100E300093090200750D02003F0C0200424E238907
:100E4000327D01332381B2FA82F233785209B3FA48
:100E500083F3E27200225B09628022730122A37293
:100E600022709AE706993C4A8B88E3800B8823819D
:100E7000374800970423BDF8124000F0C9FD002850
:100E800031D1314B04EB840403EB8404012323743C
:100E90000BB0BDE8F08F01236380FFF777FC0346BA
:100EA000DAE600972C4A06992948A488042300F022
:100EB000AFFDC0B9244B04EB840403EB840484F835
:100EC00010A07EE505AE25480822394610F0CDFA7F
:100ED0000597C6E90177C6E9037748F201632C68F4
:100EE0001F462278ABE42C6848F20D672278E4E6CE
:100EF000CDE90500CDE907000990227805AE48F25A
:100F000009679CE4002303EB830306EB830210488C
:100F10005168002206F82320009208230B4A00F0B3
:100F200077FD7CE50123EEE7E188204648F20E6379
:100F3000ECE505AE00230593C6E90233336148F2C0
:100F40000E630693CAE400BF482F0020C4D00400FB
:100F50000C260020842F0020C0D00400902F0020F9
:100F60004068FFF73BBC00BF1EF0040F1CBFEFF34F
:100F700009800AE0EFF308800549064A884201D853
:100F8000904202D88D464FF00000034B18470000F6
:100F90000000042000F80320C10F0200BFF34F8FB0
:100FA0000549064BCA6802F4E0621343CB60BFF305
:100FB0004F8F00BFFDE700BF00ED00E00400FA0521
:100FC0002DE9F04782B08046FEF79CFFFEF780FADD
:100FD0000028FBD1354B364F9D6A364BB8F1000FD8
:100FE0005AD0FF1AFF083F0447F00107D8F818202D
:100FF00031493846FEF718FCD8E90232CDE9003213
:101000002E49D8E900233846FEF7A8FDD8F81C2061
:10101000D8F814300092D8F8102029493846FEF745
:101020000FFD224BDB6A980723D4DFF8A8A0DFF876
:10103000A8900024012606FA04F32B4206D05AF8A1
:101040002420494638460AB1FEF7EEFB01341A2C3B
:10105000F1D1290619D42A0410D4144BD3F8F03056
:10106000DB0700D500BE4046FFF798FF02B0BDE8A1
:10107000F08714493846FEF7A3FED6E70B4B12491A
:101080009A6B3846FEF7D0FBE7E7084B0F495A6BDF
:101090003846FEF7C9FBDEE7FF1AFF083F0447F0BA
:1010A00001070B493846FEF78BFEBAE700ED00E07A
:1010B00048CC0400A8CB0400D4D00400ECD0040039
:1010C00024D1040080D10400F0D10400D0D1040068
:1010D0004CD10400ECD60400C4D1040010B483B099
:1010E00050E8023F1FFAA3FCC488A44502BFBFF327
:1010F0002F8F00220EE0C489A4448489A44528BF10
:10110000ACEB040CC3EA0C4C40E802C4002CE7D161
:101110004FF001028DF803200193019C9DF80320FC
:101120000C6032B1006800EB144003B05DF8044B72
:10113000704702F0FF03184603B05DF8044B704798
:101140000A884B889A4201D00020704750E8022F4D
:10115000C2EA224240E80223002BF7D10120704767
:101160004B0901F01F024FF0010C0CFA02F100EBE9
:10117000830000F021B800BF01F01F02012303FA31
:1011800002F24B0900EB8300D14300F021B800BF0D
:101190004B0901F01F0150F82300C84000F0010086
:1011A000704700BF034653E8000F0A4643E8002C8F
:1011B0009CF0000FF7D17047034653E8002F42EA36
:1011C000010043E8000C9CF0000FF6D1704700BF0F
:1011D000034653E8002F02EA010043E8000C9CF0AC
:1011E000000FF6D1704700BF034653E8002F02EB13
:1011F000010043E8000C9CF0000FF6D1704700BFDF
:10120000034653E8002FA2EB010043E8000C9CF0DA
:10121000000FF6D1704700BF0346012253E8001FBC
:1012200041EA020043E8000C9CF0000FF6D1704741
:101230000346002253E8000F00EA020143E8001CC5
:101240009CF0000FF6D17047002844D038B50368F1
:1012500004465BB36368002B2FD0A368002B34D007
:10126000E368EBB1238AABB1D4E90120801A21688D
:10127000C0B2431E0A60DBB208B908E00A68551C18
:10128000581E0D601370C3B2FF2B2168F6D10020E9
:10129000087138BD114940F203100FF033FDE3E748
:1012A0000E494FF481700FF02DFDDBE70B49FF2055
:1012B0000FF028FD6368002BCFD108494FF48070F0
:1012C0000FF020FDA368002BCAD1044940F20110A1
:1012D0000FF018FDC4E70E20704700BF54D704007C
:1012E00030B5044683B040B300250DF107008DF8FA
:1012F0000750FFF7F5F8D4E900231168994206D8A2
:101300009DF80700FFF722F9284603B030BD481EBC
:10131000A368106011F801CC1179E5681B1ADBB2E3
:10132000208A994200FB0C55EAD29DF80700137100
:10133000FFF70CF9284603B030BD03494FF4927013
:101340000FF0E0FCD0E700BF54D7040030B50C46E6
:1013500083B00546B8B1ECB10DF1070000238DF85C
:101360000730FFF7BDF82A681368591C1160E96857
:101370002A8A641AB4FBF2F41C709DF80700FFF788
:10138000E5F803B030BD064940F247100FF0BAFC53
:10139000002CE1D102494FF4A4700FF0B3FCDBE75D
:1013A00054D7040010B5044640B1A2682AB163695D
:1013B0002168206998470023A36010BD02493120AD
:1013C0000FF0A0FCF1E700BFACD704000EB430B5BD
:1013D00082B00446059DE0B163690BB323689BB1FD
:1013E000636863B135B106AB01AA29462046019373
:1013F00000F0AAF802B0BDE8304003B070470B49D6
:1014000045200FF07FFCEDE7084944200FF07AFCFF
:10141000E6E7064942200FF075FC6369002BDDD139
:10142000024943200FF06EFCD8E700BFACD70400A0
:101430002DE9F84F1646B142DDF828B00B9A8846E0
:1014400005461F467BD30B464FF00109B3FBF6F36D
:101450009E4209F10109F9D9B94538BFB94612F0E0
:10146000010A02D1BBF1000F47D1A968012402E0B3
:10147000013F06FB04F4012FFAD8B8FBF4F29642C0
:10148000F7D9304F07E0B442B4FBF6F315D3B8FBFD
:10149000F3F2A9681C464B1CAB602B68B85C58542F
:1014A00004FB1288D5E901329A42ECD32846FFF7B3
:1014B00079FFB4FBF6F3B442E9D2BAF1000F13D0CE
:1014C000BBF1000F10D02024D9450BF1FF3B0BD20C
:1014D000AB682A68591CA960D454D5E901329A42F4
:1014E00004D2BBF1000FEFD1BDE8F88F2846FFF71B
:1014F00059FFBBF1000FE7D1F6E793071AD4202478
:10150000A968D94501F10102B0D22B68AA605C54E8
:10151000D5E9013199420BF1FF3B03D2BBF1000F3A
:10152000EFD1A3E72846FFF73DFFA968BBF1000F05
:10153000E7D19BE7002F0CBF30242024E0E74FF0D9
:10154000010989E74CD804002DE9F04F0C4685B01D
:1015500090460646002800F0FD817369002B00F0DC
:1015600002823368002B00F007827368002B00F0C2
:10157000B580002C7DD02378DFF80C944FF0300B31
:101580000BE0B2683168501CB0608B54D6E9013270
:101590009A427FD22378002B67D00134002B64D08D
:1015A000252BEED1214600270A782D2A0C4601F181
:1015B000010169D0302A6AD02B2A5DD02A2A18BFAF
:1015C000002504D16AE014F8012FA3F13005A2F13F
:1015D000300105EB8503092902EB4303F3D92E2AD9
:1015E00066D0002301E014F8012F02F0FB01682906
:1015F000F9D0252A00F03B81583AD1B2202930D8C1
:10160000202A2ED8DFE812F021002D002D002D0019
:101610002D002D002D002D002D002D002D00180176
:1016200070002D002D002D002D0070002D002D00CC
:101630002D002D002D002D00F5002D002D00B600F1
:101640002D00B2002D002D002100D8F8000010223E
:1016500001680430CDE90057C8F800003046FFF7B4
:10166000E7FE01342378002B97D1337B002B40F029
:10167000F88005B0BDE8F08F0A782D2A0C4647F0B7
:10168000040701F1010195D147F001078CE747F00C
:10169000020789E73046FFF785FE7BE7D8F8003080
:1016A0001A1DC8F8002062781D682E2A0C4698D1B1
:1016B0006278A2F13003092B04F101044FF000031A
:1016C00093D803EB830302EB430314F8012FA2F139
:1016D00030010929A3F13003F3D986E7A94940F283
:1016E00056200FF00FFB44E7D8F80020D2F800A0F6
:1016F0000432C8F800208AEAEA72A2EBEA72092AE8
:101700004FF0010008DD11466329A9FB02C200F178
:1017100001004FEAD202F6DC9842024638BF1A4670
:101720000292002D00F0E580BAF1000FC0F2F880BF
:101730007A0700F1F580B80740F1F480002B40F003
:10174000F180BAF1000FC0F23C817A0700F14C81C0
:1017500007F00302022A00F01981CDE90057514633
:101760000A223046FFF764FE01347BE7D8F8000018
:101770000A226DE7D8F800301A1DC8F8002017F0CB
:101780000107D3F800A07DD1BAF1000F03D0504675
:101790000FF0E7FE0746BD4215D9202101E0BD420A
:1017A00011D0B2683368501CB0609954D6E9013248
:1017B0009A4205F1FF35F2D33046FFF7F3FDBD4203
:1017C0004FF02001EDD19AF800302BB949E71AF813
:1017D000013F002B3FF445AFB2683168501CB06048
:1017E0008B54D6E901329A42F1D33046FFF7DAFD45
:1017F000EDE7D8F80020B3683068111DC8F8001074
:1018000011685A1CB26000F803B0D6E90123934274
:101810007FD2581C3268B0607820D054D6E90132AB
:101820009A4270D208230022CDE9003230461022BD
:10183000FFF7FEFD013415E7D8F80030B2681878DC
:1018400031680433C8F80030531CB3608854D6E9BB
:1018500001329A42FFF405AF3046FFF7A3FD013491
:1018600000E7304605B0BDE8F04FFFF79BBDB36819
:101870003168581CB060CA54D6E901329A42EBD2A2
:101880000134EFE69AF80020002A00F0BE805746A7
:10189000CAF1010102E017F8012F9AB1B068431CA8
:1018A000B36033681A54D6E901329A4201EB070A51
:1018B000F1D330460291FFF775FD17F8012F029919
:1018C000002AEBD155457FF6CCAE202702E05545E6
:1018D0003FF4C7AEB2683368511CB1609F54D6E97B
:1018E00001329A4205F1FF35F1D33046FFF75AFD38
:1018F000EDE7B80705D5002B3FF423AFF9073FF517
:1019000020AF00251DE730460291FFF74BFD0299FD
:1019100088E730460291FFF745FDB368029978E702
:10192000013D08E7F9073FF50CAF002DE9D0202273
:101930000299A942BFF405AFB168481CB060306895
:101940004254D6E90101814205F1FF3552D2002D02
:10195000EED1D6E70B4940F252200FF0D3F973696C
:10196000002B7FF4FEAD07494FF415700FF0CAF954
:101970003368002B7FF4F9AD024940F255200FF097
:10198000C1F9F2E5F8D70400CDCCCCCC002B7FF424
:10199000E4AE002D37D0029AAA42BFF4DEAEB168A1
:1019A0003268481CB06002F801B0D6E901219142CA
:1019B00005F1FF35EDD330460393FFF7F3FC039BAE
:1019C000E7E7B1683268481CB060CAF1000A2D2010
:1019D0005054D6E901219142FFF4BAAE3046039348
:1019E000FFF7E0FC039BB3E6B1683268481CB060C7
:1019F0002B20EDE730460393FFF7D4FC039B202216
:101A0000002D95D17DE70025A7E692465AE700BF55
:101A10002DE9F04782B0DDF828A000285ED01546F9
:101A2000002A64D00668002E6AD01C46002B31D0F4
:101A30004768D7F80490B3FBF9F809FB1838B8F1F8
:101A4000000F30D111F0030F36D1AD073DD1C5687D
:101A5000A94211D22F4B3048304AC01A1024C00876
:101A60002F4BA0402F49009440F00100FDF7E8FF04
:101A7000204602B0BDE8F087056901F1FF3E7444DD
:101A8000AC42E7D8CDF828A0F468A44602B0BDE87F
:101A9000F04760471F4B2048234AC01AC008204B1C
:101AA00009240004DEE71B4B1B48204AC01AC0086B
:101AB0001B4B09240004D5E7164B17481C4AC01AD3
:101AC0001024C008164BA040CCE7124B1248194A0C
:101AD000C01A1024C008124BA040C3E70D4B0E489B
:101AE000154AC01AC0080E4B0E240004BAE7094B71
:101AF0000948124AC01AC008094B0E240004B1E775
:101B0000044B05480E4AC01AC008054B08240004BF
:101B1000A8E700BFA8CB040058CC040060D904009B
:101B200024DA040064D80400ACD80400F8D8040017
:101B300024D904003CD904005CD80400F0D8040087
:101B400098D80400F0B583B000283AD00668002E7B
:101B500040D022B3446827687C1E0C4228D1C46858
:101B6000A14210D2204B2148214AC01A1024C0089B
:101B7000204BA0402049009440F00100FDF760FF99
:101B8000204603B0F0BD4C1E07FB024E0469A6457B
:101B9000E8D83469A44603B0BDE8F0406047124B72
:101BA0001248164AC01AC008124B09240004E1E783
:101BB0000D4B0E48124AC01A1024C0080D4BA0400D
:101BC000D8E7094B09480F4AC01AC008094B0E2430
:101BD0000004CFE7044B05480B4AC01AC008054B68
:101BE00008240004C6E700BFA8CB040058CC0400BA
:101BF000B0D9040010DA040064D80400ACD80400A2
:101C000088D904005CD8040098D8040029DF704704
:101C100028DF704703689A6852B310B586B0002376
:101C2000CDE902330093049303798468059401910C
:101C30008BB1012B03D06846904706B010BDC36836
:101C4000416904911B0302208DF80000029368464D
:101C5000904706B010BDD0E90314436904930120F6
:101C60008DF80000CDE902416846904706B010BDEE
:101C7000704700BF034B187A0122B0FA80F05A7403
:101C800040097047A82F002038B5254D2B7AFBB1AD
:101C9000244B1C6802232B72237923B3012B0CD015
:101CA00020460321FFF7B6FF00232B726B601E490D
:101CB0001E48BDE83840FFF743BAD4E9030318448F
:101CC000FFF7A6FF18B31128EAD101232B7238BD04
:101CD00015491648FFF702FA124B0446186000280F
:101CE000D8D1686038BDD4E90523D21AB2F5805F37
:101CF00028BF4FF480529208E1682069012A38BF5A
:101D0000012219441844FFF781FF0028DBD12B7C06
:101D1000002BDCD1BDE83840022000F009B800BF3C
:101D2000A82F0020C02F0020BC2F0020982F0020BB
:101D300010B5254C237A93B1022B06D103280FD17D
:101D4000E3680133082B2AD8E360637C1BB9BDE844
:101D50001040FFF799BFBDE810400CF075BA10BDF8
:101D60001A4B00221B68E2601A79FAB1012AECD101
:101D7000D3E9042101328A421A61E6D10022022805
:101D800022720CBF11460D211846FFF743FF104980
:101D90001048FFF7D5F9637C002BDCD1D7E70B4B5C
:101DA00000221B68E26022720D21EDE7D3E90512E3
:101DB000A1EB020CBCF5805F94BF624402F5805237
:101DC00091429A61C1D1D9E7A82F0020C02F0020ED
:101DD000BC2F0020982F0020831E012B01D8FFF775
:101DE000A7BF704700F0FD03012B00D07047A0F1A2
:101DF0000100044BB0FA80F0002240095A741874B4
:101E0000FFF742BFA82F00202DE9F84F88469DF824
:101E1000289093469A460446002847D0E78865797B
:101E200007FB05F5043D55453AD9DBF8006006EBA4
:101E30000A020AF10403AA4288BFA5EB0A06BB42C4
:101E4000B3FBF7F1CBF8006007FB113C02D301397B
:101E50002468FCD1A7EB0C05B54228BF3546EEB18E
:101E60004FF0000A0CE018460FF0D6FA761BB74286
:101E7000AA4424683D464FF0000C28BF35466EB199
:101E80000CF1040020442A46014608EB0A03B9F18C
:101E9000000FE8D119460FF0BFFAE7E7BDE8F88F69
:101EA0000549C4200EF02EFFE788BEE70249B620A0
:101EB0000EF028FFB2E700BF38DA0400FFF7C4B91C
:101EC0002DE9F041058A0331043D4E198046B6FBE9
:101ED000F5F6FFF705FAA0B3F6B24FF48073013EB2
:101EE00004468380C580C0F800802BD003460025BF
:101EF00008E06279AE4202F1010262713860C0F816
:101F000000801FD040461F46FFF7EAF9013503461F
:101F10000028EED16779791E17D022460133994205
:101F20001268FBD1D2F800805FB12668002501E07D
:101F300034463668214640460135FFF707FAAF427E
:101F4000F6D800242046BDE8F08120682146FFF73E
:101F5000FDF9F6E701210430FFF746B92DE9F0411C
:101F6000012104460430FFF74BF910F0FF0301D0C4
:101F7000BDE8F0816779791E16D022460133994277
:101F80001268FBD1D2F80080002FF1D0266800251E
:101F900001E034463668214640460135FFF7D6F960
:101FA000AF42F6D8BDE8F08120682146BDE8F04197
:101FB000FFF7CCB930B585B000251446009503AACB
:101FC0000394FFF721FF039BA34203D00249F620AD
:101FD0000EF098FE05B030BD38DA040030B585B09B
:101FE00001251446009503AA0394FFF70DFF039BF8
:101FF000A34204D003494FF480700EF083FE05B075
:1020000030BD00BF38DA0400836800225A60C3E99B
:1020100004229A60DA601A60704700BF38B50C4637
:10202000054648B174B1D4E900329342C5E9004392
:1020300004BF00236B6038BD054950200EF062FEDE
:10204000002CF0D1024951200EF05CFEEBE700BFFE
:1020500090DA040010B5044668B1236893B1636850
:1020600043B12268D2E901210B449342636004BF6B
:102070000023636010BD064963200EF043FE236811
:10208000002BECD1024964200EF03CFEE7E700BFD4
:1020900090DA04001049A1F5947205E052F833304B
:1020A000984238BF61460CD2A1EB020C4FEADC73B8
:1020B00003EBEC035B10914202EBC30CEED8074834
:1020C000704702D90CF10802EEE7DCF80400034B7C
:1020D000002808BF1846704728E00400ECDE040022
:1020E0002DE9F04FADF62C0D002002220121134600
:1020F0000A91CDF82C040AAC02460AE013F08002E3
:102100000DF5856344F8041F43F8210018BF1B2216
:102110004B00534001304B40B0F5807FD9B2EDD138
:102120007D4A012302F1280042F8043B59001B06B6
:1021300048BF81F01B019042CBB2F5D1774B784D6F
:10214000059363221A70002285F863200DF58564DB
:102150001846012154F8043F0AAAC3F1FF0352F8BC
:1021600023E04FEAEE1242EA4E025FFA82FCC2F32B
:10217000C01242EA4C02D7B2C2F3C01242EA47028E
:10218000D6B2C2F3C01242EA4602D3B283EA0E03C9
:1021900083EA0C037B40734083F0630300F8013F44
:1021A000E9540131B1F5807FD4D1DDF86034069374
:1021B000DDF84C340793DDF85C340893DDF85434D3
:1021C0000993584B03930022574B584E02936321B7
:1021D000574B0193C6209246564CDFF86891DFF8C2
:1021E0006881DFF868E1544F544D049602468C46EE
:1021F0000846534666E00DF58563089A53F821308A
:10220000099E9818079A991885FB002B83444FEA7A
:10221000E07CCCEBEB1CCCEB0C2CA0EB0C0C0AA860
:10222000069A50F82C001A44334485FB016A8A440C
:102230004FEA004CC817C0EBEA10C0EB0020081AA8
:102240000AA951F820108CEA012C85FB02101044D9
:10225000D117C1EBE011C1EB0121511A0AAA52F8C2
:1022600021208CEA020C85FB03211944DA17C2EB0A
:10227000E112C2EB02229A1A0AAB53F822308CEA1E
:1022800003634FEA33604FEA33414FEA3322019E42
:102290004EF8040F46F8043F049B47F8041F43F828
:1022A000042F0493264B0196A34230D0059B13F8CC
:1022B000010F059310F0800F84464FEA400214BFCF
:1022C0001B2300235A400104D2B241EA00215140AD
:1022D00082EA0C0C41EA0C63029A039E12F8011F79
:1022E00044F8043F4FEA336046F8040F4FEA3340A6
:1022F0004FEA3323029249F8040F48F8043F0A4694
:10230000039600297FF477AF08460B46BFE70DF62A
:102310002C0DBDE8F08F00BFC4400020C42F00206A
:10232000EC400020C0340020EB400020E84D0020AD
:10233000E8410020C0300020E849002081808080F2
:10234000C0340020C0380020C03C0020E8450020F8
:102350004FF48C7200210FF088B800BF38B100F53F
:102360008C7100220346013081421A70FAD1704705
:102370002DE9F041784D2B6880460F46144653B145
:10238000C02C0ED0B4F5807F3AD0802C0DD06FF0E9
:102390001F00BDE8F081FFF7A3FE0123C02C2B60D6
:1023A000F0D10C23C8F8003002E00A23C8F800304E
:1023B000464608F1080346F8043F640939460022FE
:1023C0008B784D7891F800E091F803C01B0443EA44
:1023D000052343EA0E03013243EA0C63A24246F8A6
:1023E000043F01F10401EBD3D8F800300C2B0BD0E3
:1023F0000E2B38D00A2B00F084800020BDE8F0813D
:102400000E23C8F80030D3E7544D554A404605F135
:102410002006C16955F8047F8468C1F307237C4016
:10242000D35C0F0E6340D45DCFB283EA0443C1F3A3
:102430000744D75D145D83EA076383EA0423D0E988
:1024400003475C406740C0E90834D0E905437C405D
:1024500063405940AE42C0E90A74C0E90C3100F152
:102460001800D6D1C9E73D4C3D4A404604F11C0C4A
:10247000416A54F8046F8568C1F307237540D35C43
:102480006B400D0EA445555D83EA0543CDB2555D05
:1024900083EA0563C1F30745555D83EA0523C568F3
:1024A000836283EA05030569C36283EA050345691C
:1024B000036383EA0503DDB2436312F805E04FEAE4
:1024C0001365565D85698EEA050EC3F30725C3F3D0
:1024D0000743555DD35C8EEA066E8EEA052EC5690C
:1024E0008EEA0343836383EA0503056AC36383EAD1
:1024F000050381EA0301C0E9103100F12000B7D1E2
:102500007BE7184E164A404606F1280C416956F8FA
:10251000044B8568C1F307230F0ED35C12F807E064
:102520006C406340CCB2C1F30745145D575D83EA4C
:102530000E4383EA0463D0E9035483EA07235D4032
:102540006C406140B445C0E90635C0E9084100F17E
:102550001000DBD151E700BFEC510020C04000204B
:10256000C42F0020C44000202DE9F04FCBB004461A
:1025700016460D464FF48C72002104A80EF075FF2C
:1025800004F1080363603246294604A8FFF7F0FE11
:102590000190002865D10499059B21600A0103EB95
:1025A000011B9A58A260DBF80430E360DBF80830C6
:1025B0002361DBF80C3063614A1E04F11803002A22
:1025C00002910392ABF1100B009391463CDDDFF8D2
:1025D000BC802A4A2A4F2B4E2B4D2834DA46A4F1D0
:1025E0001000AAF1040C5CF8043FD9B2515C58F811
:1025F00021E0190E515C57F821108EEA0101C3F356
:10260000072EC3F3074312F80EE0D35C56F82EE012
:1026100055F8233081EA0E014B4040F8043BA042BC
:10262000E1D1B9F10109AAF1100A00F11004D6D1E3
:10263000009B039A03EB02130093029BC3EB03730B
:102640000BEB031B0BF1100B009ADBF8003013604F
:10265000DBF804305360DBF808309360DBF80C30B3
:10266000D36004AB00211A46013311704AAA934289
:10267000F9D101984BB0BDE8F08F00BFC42F002006
:10268000EC4D0020EC450020EC490020EC410020FE
:102690002DE9F04FD0E90003D1F800A01C684F6885
:1026A0008D68CE68401089B00138CDE906208AEAED
:1026B000040201925A68039057409A685540DA68BC
:1026C000002886EA020603F11002059240F3BF815A
:1026D000DFF89083DFF89093DFF890B3DFF890A3F2
:1026E000CDF8088003F1300ECDF80090019AD3B2F6
:1026F000310E5BF823C05AF82180FBB2110E5EF850
:10270000202C5BF823005AF82140EBB28CEA020C33
:102710005EF81C2C5BF823300493390E5040604067
:10272000049A5EF8184C5AF82190F3B26240290ED0
:102730005BF823305AF8211082EA09095EF8142C5C
:1027400053408CEA080C029A83EA0108C7F3072376
:10275000C7F3074752F82310009B53F82770C5F3BF
:102760000723C5F3074552F8234044400098C6F3B9
:1027700007238CEA010C50F825108CEA010C114655
:1027800052F82320019B89EA0209C3F30722054678
:1027900051F82220C3F3074388EA020855F82320A2
:1027A0005FFA8CF388EA0708C6F3074689EA02094C
:1027B0005BF8232050F826004FEA186344405AF88B
:1027C00023305A40C4F307230EF1200E51F8233072
:1027D0000193C9F3074355F82300E3B25BF8236084
:1027E000009D4FEA1C635AF823305E40C9F307236B
:1027F00051F82370C8F3074355F823105FFA89F3A3
:102800004FEA19695BF82350230EC4F307445AF8C2
:1028100023305D405FFA88F304935EF8303C534008
:10282000019A534083EA00025EF82C3C0192734007
:102830005F405EF8283C5AF829605D40C8F30728DD
:10284000049B4F4002995BF8232051F828307240D6
:102850005D40009ECCF30723CCF3074C56F82400D0
:1028600051F8234056F82C305D405EF8243C82EA53
:102870000306039B6640013B86EA000603937FF450
:1028800035AF059B079ADDF8009003EB42138846AD
:102890000593019CE3B25BF82320330E5AF82330F2
:1028A0005A40FBB25BF82310230E5AF823305940EC
:1028B000EBB25BF823003B0E5AF8233080EA030C9E
:1028C000F3B25BF823002B0E5AF823305840C7F3BD
:1028D0000723C7F3074758F823E059F827B0C5F393
:1028E0000723C5F3074558F8237059F825A0C6F308
:1028F0000723C6F3074658F8235059F82660C4F357
:102900000723C4F3074458F823300093059B59F874
:1029100024401B685A4082EA0E0E059A53685940BB
:1029200093688CEA030C8CEA050585EA04091446D1
:10293000D268009B42408EEA0A08534083EA0B0BA0
:10294000474A5FFA88F34F4012F803E04FEA1B63EF
:102950007E40D05CC6F3072312F803A0C9F30743F7
:10296000D75CF3B2D15C00914FEA186312F803C050
:10297000C9F30723D55C0195CBF30743350ED15C32
:1029800002915FFA89F35FFA8BF1D35C03932369B9
:102990008EEA030383EA006383EA0A2383EA074794
:1029A00020466369009C634083EA0C6C019B545D84
:1029B0008CEA032C029B8CEA034C83690398434006
:1029C000505C05994FEA1969C969CBF3072B484058
:1029D00012F8091083EA0463C8F30724C8F3074810
:1029E00080EA0160C6F3074612F80B10155D12F875
:1029F000084083EA0121935D81EA044180EA0522CF
:102A0000069C82EA03423B0A63703B0CA3704FEAC8
:102A10001C2363714FEA1C43277084F804C0A37120
:102A20003F0E0B0A4FEA1C6C21722273E77084F888
:102A300007C063720B0C100A090EA372130C120E5E
:102A4000E1726073A373E27309B0BDE8F08FDFF841
:102A50001CB0DFF81CA0DFF80C80DFF80C9018E742
:102A6000C42F0020C4340020C4380020C43000200B
:102A7000C43C00202DE9F04FD0E900345B105F1E0C
:102A800008682368CD688E688BB0CDE90827584068
:102A90004A686368E16805975A40A3686940002F57
:102AA00004F1100583EA0603079540F3D481DFF8AB
:102AB00094A3DFF89483DFF894B3CDF810B0CDE998
:102AC000022A04F1300EDD4C0194C346019FC4B2CA
:102AD000DDB257F824C09DF8084057F8255057F844
:102AE0002420029CCEB20EF1200E57F82660270E4D
:102AF0005EF8404C5BF827808CEA040C1F0E5EF8F1
:102B00003C4C5BF827A062400F0E5EF8384C5BF837
:102B100027906540070E5EF8344C5BF827706640DE
:102B200085EA0909C1F30724039D8CEA080C86EAAB
:102B3000070855F82470C0F307248CEA070CC1F38A
:102B40000741049F55F8244057F8211082EA0A0AE9
:102B5000C0F30740029A8AEA040A8AEA010A57F88F
:102B60002010C2F307202C462E4655F8205089EA43
:102B7000050989EA0109C2F30742C3F30721C3F338
:102B8000074357F8222056F821603D4657F8237036
:102B900088EA06088CEA070C88EA02085FFA8CF3D8
:102BA000019A52F823704FEA1A635BF82300C8F3C6
:102BB0000723474054F823300293C9F307431046D4
:102BC00055F823105FFA8AF352F823204FEA19636D
:102BD0005BF823305A40CCF30723069254F82320A5
:102BE000C8F3074355F823605FFA89F34FEA1C6581
:102BF00050F823405EF8300C5BF825504FEA18631C
:102C000078405BF82330039F5C40029B584048406B
:102C1000069B5EF82C1C59404A4082EA0603029348
:102C20005EF8283C049A63405FFA88F8019C54F8E7
:102C30002810CAF30724CCF3074C57F824404D4022
:102C4000634052F82C105EF8244CC9F30729CAF3EC
:102C5000074A57F8296052F82A704B4085EA040168
:102C6000059C7140013C81EA070105947FF42EAF79
:102C7000079C099D029AD846DDE903AB04EB451495
:102C80000794019FC4B257F82450140E58F82440FA
:102C90006540D4B257F824601C0E58F824407440A4
:102CA000DEB201943C4657F826700E0E58F82660A6
:102CB0007E40CFB254F82790079C070E58F8277033
:102CC00089EA0709C1F30727C1F307415AF827C06A
:102CD0005BF82170C0F30721C0F307405AF821E0E8
:102CE0005BF82010C3F30728C2F30720C3F30743A0
:102CF0005AF820005AF828805BF823A023686B401C
:102D000083EA0C0C019D2346646865409C68DB687F
:102D100066408CEA0A0C704089EA0303C2F307425A
:102D2000414085EA0E0E83EA08085FFA8CF0444BB6
:102D30005BF8222013F800A08EEA0707380E88EA15
:102D400002021E5CC2F30720C1F307291C5C019438
:102D5000C1F3074013F800E0F8B213F800B0080E12
:102D600013F80080CCF307201D5C0295C2F30740E6
:102D7000150E1C5C0394C8B2D2B2195C07980069A6
:102D80008AEA000080EA0660019E80EA0620079E2B
:102D900080EA0E4E70698BEA000080EA08680298AB
:102DA00088EA0028039888EA0048B0694FEA1C6462
:102DB0004140585D9D5CF26955401A5D089C81EA6E
:102DC0000061C7F30720CCF3074C85EA026513F8CE
:102DD0000920185C85EA022513F80C2081EA0021FD
:102DE000C7F3074781EA02424FEA1E21DB5D6170AB
:102DF0004FEA1E41A1704FEA182161714FEA184154
:102E000085EA034384F800E084F804802272A1710B
:102E1000100C110A4FEA1E6E4FEA1868120E237347
:102E2000617284F803E0190A84F80780A072E272E4
:102E30001A0C1B0E6173A273E37309E0EC410020CE
:102E4000EC400020EC450020EC4D0020EC49002037
:102E50000BB0BDE8F08F044CDFF81080DFF810A055
:102E6000DFF810B001940CE7EC410020EC4D00209D
:102E7000EC450020EC4900208C46BCF1010F1146C6
:102E800008B51A4603D0FFF7F5FD002008BDFFF78F
:102E9000FFFB002008BD00BF2DE9F04784B01407F8
:102EA000DDF834A05DD1054688461C4661BB3AB3C7
:102EB000DDF830800AF10F0A08EB02075E1E1022CF
:102EC000414668460EF0A8FAAAF10F02414628468C
:102ED000FFF7D0FDAAF11002334612F8011F13F8D4
:102EE000010F924581EA00011170F6D11022904441
:102EF000694620460EF090FAB8450AF1100ADED174
:102F0000002004B0BDE8F087002AF9D00C9B03F143
:102F10000F0902EB0907661EA9F1100330460AF1FA
:102F2000FF3113F8012F10F801CF4B4582EA0C0254
:102F300001F8012FF5D1B8F1010F5246514628464C
:102F40000CD0FFF797FD10225146914420460EF019
:102F500063FA4F450AF1100ADED1D1E7FFF798FB7B
:102F6000F1E76FF02100CCE72DE9F047089E1C68DF
:102F7000DDE9095798468146D1B105EB020A62B1F5
:102F800084B1325D15F8011B631C4A40554507F8B2
:102F9000012B325503F00F04F2D1C8F80040002095
:102FA000BDE8F087324631464846FFF771FBE8E757
:102FB000002AF2D005EB020A6CB1325D15F8013B34
:102FC000611C5A40554507F8012B335501F00F0499
:102FD000E3D0002CF1D1324631464846FFF758FB8A
:102FE000EBE700BF2DE9F04F83B0DDE90CB60E9F93
:102FF0001568924679B1984606EB01098DB11BF828
:10300000053016F8012B013553404E4507F8013BBA
:1030100005F00F05F2D10020CAF8005003B0BDE85A
:10302000F08F5A4641460190FFF732FB019808F1B4
:10303000100313F8014D0134E4B21C70002CDED1F2
:103040009845F6D1DBE700BF4FF4847200210EF003
:103050000CBA00BF38B100F584710022034601307C
:1030600081421A70FAD17047002370B5C0E900336D
:1030700000F1070C00F10804E6460EF8013F0133A9
:10308000B3F5807FF9D100F2071600200346824293
:103090008CBF0D180D461CF801EF2D7873442B449E
:1030A000DBB288BF0130E55C8CF8005098BF01208E
:1030B000664504F803E0EAD170BD00BF70B5D0E901
:1030C0000054F1B1561800F1080C511E03F1FF3EF7
:1030D000013E0135EDB21CF805201444E4B21CF8A1
:1030E00004300CF8053013440CF80420DBB211F85E
:1030F000012F1CF803308E4283EA02030EF8013FD1
:10310000E7D1C0E90054002070BD00BF2DE9F047B1
:103110000B6814688A469146A0F1040E00F13C0643
:103120005EF8047F254683EA0704C4F307434FEAA9
:10313000146803F5897308F11208C4F3072707F22E
:1031400012275FFA84FC50F8233050F8281050F80A
:1031500027200CF2123C0B4450F82C7053403B4497
:10316000764583EA0503DBD1056C406C6B40444037
:10317000CAF80040C9F80030BDE8F08741F24802C3
:1031800000210EF072B900BF40B100F58252083242
:1031900000210346013082421970FAD1704700BF06
:1031A000A2F12003B3F5D07F67D8530765D12DE98D
:1031B000F0410546D60805F5A25C314F314A82B090
:1031C00000F244400CF1040CA0F580633C4601E0A1
:1031D00054F8042F43F8042F8342F9D103F580609B
:1031E000604504D0D7F8002407F58067ECE7DFF8E6
:1031F0009CC0254FA5F1040E0CF1440800230022C9
:103200000424C85C01339E4298BF0023013C40EA7D
:103210000222F6D17A40C4454EF8042F02D05CF861
:10322000047FECE7CDE900442E1D01AA694628463B
:10323000FFF76CFFDDE9002345F8242046F8243031
:103240000234122CF1D105F5806605F5A057A6F5DC
:10325000806401AA69462846FFF758FFDDE900238C
:10326000C4E912230834A642F3D106F58066B742BA
:10327000EDD1002002B0BDE8F0816FF0150070477D
:1032800094E00400A60B31D1886A3F244CE004008E
:10329000F0B55468D2F800C083B09CFA8CF224BA1E
:1032A000CDE900241D46C9BB86460EF1080648300C
:1032B00050F8043DA44682EA0304C4F30742270EF3
:1032C00002F589721237C4F3072101F21221E3B229
:1032D0005EF822205EF827705EF8211003F21233A8
:1032E0003A445EF823304A401A44B04282EA0C0263
:1032F000DED1DEE900314A405C40230C210E100E85
:103300006B70230A2970AB70110C130A287100200E
:10331000EC706971AB71EA7103B0F0BD01AA694646
:10332000FFF7F4FEDDE90042E7E700BF2DE9F047D3
:1033300082B05407DDF82CA058D1064689461D46B8
:1033400069BB42B3DDF828900AF1070A09EB0208CD
:103350005F1E0822494668460EF05EF8AAF1070390
:103360004A4600213046FFF793FFAAF108023B4688
:1033700012F8011F13F8010F924581EA0001117044
:10338000F6D108229144694628460EF045F8C14519
:103390000AF1080ADDD1002002B0BDE8F087002A5A
:1033A000F9D00A9BDC1D02EB04086F1EA4F1080390
:1033B00038460AF1FF3113F8012F10F801CFA3426C
:1033C00082EA0C0201F8012FF5D1534652464946D4
:1033D0003046FFF75DFF08345146082228460EF0BC
:1033E0001BF8A0450AF1080AE0D1D4E76FF01700F6
:1033F000D2E700BF2DE9F047089E1C68DDE90957B8
:103400009A468146D9B105EB020862B184B1325DBA
:1034100015F8011B631C4A40454507F8012B32553E
:1034200003F00704F2D1CAF800400020BDE8F0879D
:103430003346324601214846FFF72AFFE7E7002AD4
:10344000F1D005EB02086CB1335D15F8012B611C5E
:103450005340454507F8013B325501F00704E2D0DF
:10346000002CF1D13346324601214846FFF710FFC8
:10347000EAE700BF2DE9F84F0C9E1468DDE90AB5B4
:10348000914679B1824698466F1884B11BF8043092
:1034900015F8012B01345340BD4206F8013B04F0FE
:1034A0000704F2D1C9F800400020BDE8F88F5B4660
:1034B000424601215046FFF7EBFE08F1080313F8DE
:1034C000011D0131C9B219700029DFD19845F6D12B
:1034D000DCE700BF70B50B680468496840681D4DA3
:1034E0001D4E84EA030C48401C4C4FEA1C635FFAF3
:1034F0008CF1EB5C615C41EA0361030E16F803E0BA
:10350000C3B2EB5C164D43EA0E63CCF3074ECCF32B
:10351000072C16F80E6041EA064115F80C6041EAE6
:103520000621C0F30746C0F30720AD5D205C43EAE7
:10353000054343EA0023D2E9004081EA336183EA8C
:10354000314381EA3321634083EA31234140C2E9B8
:10355000003170BD94F0040094F1040094F3040071
:1035600094F204004FF48A7200210DF07EBF00BF78
:1035700038B100F58A7100220346013081421A7089
:10358000FAD170472DE9F04FC7B01346039040229F
:10359000041D05460F4612A800211E4600930DF09B
:1035A00064FF4FF48872002120460DF05EFFC02EAC
:1035B00000F03682B6F5807F00F03282802E04D093
:1035C0006FF0230047B0BDE8F08F03232B6020236A
:1035D0000593002304261525102001937A1E12A9B5
:1035E00013460233DB1B12F801CF01F801CB9842DE
:1035F000F6D8009BC02B00F020827A4906A801F182
:10360000280B4FF08B0A4FF090094FF0CC083B226B
:103610004FF07F0E4FF0660C9E23A0270DE00F7A2F
:103620004B7A91F80AC091F80BE00A7B91F80D8073
:1036300091F80E9091F80FA008311B044FEA08484A
:1036400043EA076348EA026243EA0E0342EA0A02D7
:1036500043EA0C2342EA09225945C0E9003200F14D
:103660000800DCD14022002122A80DF0FEFE12AAA3
:1036700021A91AA8537817781B0443EA0763D7785F
:103680003B439778043243EA0723824241F8043FE0
:10369000F0D1269A229B53402A93239A279B53408A
:1036A0002B93249A289B53402C93299A259B06A957
:1036B00053402AA82CAA2D93FFF70CFF2AAA08A989
:1036C0002CA8FFF707FF17462EA957F8042B57F829
:1036D000243C8F4283EA020347F8043CF5D10AA94F
:1036E0002AA82CAAFFF7F6FE2AAA2CA80CA9FFF7F5
:1036F000F1FE009B802B19D92A9A269B53402E93CA
:103700002B9A279B53402F932C9A289B53403093FE
:103710002D9A299B0EA95340384630AA3193FFF7C2
:10372000D9FE3A4630A810A9FFF7D4FE019BDFF876
:10373000BCB04FEA031A229B3293239B3393249B02
:103740003493259B35930F2303F01F010AF10107E2
:103750000DF1C80E0120A046B4465F4472462E46C5
:10376000C1F120040F33C8B1DDE93205E5408840DE
:1037700068401061DDE93305E540884068405061EC
:10378000DDE93405E5408840684090613598329D18
:1037900000FA01F125FA04F46140D1614B2B02F1EA
:1037A00010020CD017F8010B03F01F01C1F1200427
:1037B0000F330028D8D14B2B02F11002F2D1019B1C
:1037C00003EB83009B00049303010293064B3546F1
:1037D00003EB0010444666460EF15003724600218A
:1037E00008E000BF94F40400C4F4040064F504008D
:1037F00010F9011F4F1C1CBF176844F821700432D8
:103800009A42F5D1009A802A4BD9269A3292279A69
:103810003392289A34920AF10409299A3592D944AC
:10382000F0464FF00F0C274619F8010B0CF01F0261
:10383000C2F120010CF10F0CE8B13298339C90409A
:10384000CC406040C8F810003398349C9040CC4085
:103850006040C8F814003498359C9040CC406040DB
:10386000C8F818003598329C00FA02F224FA01F1E7
:103870004A40C8F81C20BCF14B0F08F11008D3D106
:10388000029A02F11300714A3C461044724610F944
:10389000011F4F1C1CBF176844F8217004329A4264
:1038A000F5D12A9A32922B9A33922C9A34922D9AED
:1038B00035924FF001080F220AF109074046B14640
:1038C0001E4602F01F03A0465F447146AC46C3F19A
:1038D00020040F32C8B1DDE93205E5409840684068
:1038E0000861DDE93305E540984068404861DDE95D
:1038F0003405E5409840684088613598329D00FA6B
:1039000003F325FA04F46340CB614B2A01F1100163
:103910000CD017F8010B02F01F03C3F120040F3283
:103920000028D8D14B2A01F11001F2D1029A02F1FC
:103930002801464A33461144444665464E4672467F
:1039400001E011F9016F701C1CBF106844F82600DB
:1039500004329A42F5D1009A802A44D92E9A3292A2
:103960002F9A3392309A34920AF10C0C319A359294
:10397000DC4471460F22A0461CF8016B02F01F00C8
:10398000C0F120040F32CEB1329E339F8640E74013
:103990007E400E61339E349F8640E7407E404E61FC
:1039A000349E359F8640E7407E408E61359E329F33
:1039B00006FA00F027FA04F46040C8614B2A01F1CE
:1039C0001001D9D10298214A3B304446104410F9E5
:1039D000012F571C1CBFDEF8001044F822100EF116
:1039E000040E9E45F3D10199049B05980B441A4699
:1039F000174B03EB8203039A013002EB8001084668
:103A0000503101E013F9015F6E1C1CBF54F82520F2
:103A1000026004308142F5D1002047B0BDE8F08F4C
:103A2000039A04231360009BD8082C2305930123D9
:103A30004FF0FF3619250193D0E516AB18A913F8FE
:103A4000012BD2438B42DA71F9D1D6E5C4F40400DC
:103A500084F5040070B5C6B00D46164600214FF43B
:103A60008A72044601A80DF000FD3246294601A8DD
:103A7000FFF788FD002841D1019B2360A3F1040CCE
:103A8000BCFA8CFC4FEA5C1C4FEACC0C0CF1180120
:103A900002AB03EBC10253F8313063605368A3609B
:103AA0009368E360D3682361A2F1080E04F1140562
:103AB00004F11C030CF11601103AD2E90264013939
:103AC00043E90264A2F1080203F10803F5D1CCF145
:103AD00000030EEBC3030CF1150C05EBCC0C53F8F3
:103AE000B82CCCF8082053F8B42CCCF80C20A83B08
:103AF00053F8082C53F8043CCCE9042301AB002113
:103B00001A460133117046AA9342F9D146B070BDEE
:103B10002DE9F043146845685168D0F8008024BA54
:103B20006C40856809BA1E469368D2686940C568CA
:103B30001BBA6B40056985B012BA6A4000940191C6
:103B4000029300F114070392B8F1000F4BD03C46EA
:103B500045462146684602AAFFF7BCFC6A4604F1C6
:103B6000080102A8FFF7B6FC02AA04F1100168469A
:103B7000FFF7B0FC6A4604F1180102A8FFF7AAFC9F
:103B800002AA04F120016846FFF7A4FC013D6A4641
:103B900004F1280102A8FFF79DFCEDB1DDF800C09B
:103BA000216B019BDDF80C90E26B606B0CEA01016C
:103BB00083EAF171029B42EA09025A40A36B08436F
:103BC00002EA030E80EA0C0089EAFE73CDE90001E7
:103BD000CDE902234034BCE7DDE90232DDE90041F2
:103BE00007EB8817103F3868434078684240B86850
:103BF0004440F868F3704140180E3070180C1B0AEE
:103C0000B370130E3371130CF2717371120A230E19
:103C10007070B271080E220A3372230C7372B27282
:103C20000B0A0A0C30730020F472F1737273B373D1
:103C300005B0BDE8F08300BF2DE9F04784B014075C
:103C4000DDF834A059D1064689461D4669BB42B30A
:103C5000DDF830900AF10F0A09EB02085F1E10220E
:103C6000494668460DF0D8FBAAF10F034A460021E9
:103C70003046FFF74DFFAAF110023B4612F8011F34
:103C800013F8010F924581EA00011170F6D110225C
:103C90009144694628460DF0BFFBC1450AF1100A60
:103CA000DDD1002004B0BDE8F087002AF9D00C9BDC
:103CB00003F10F0402EB04086F1EA4F11003384651
:103CC0000AF1FF3113F8012F10F801CFA34282EA65
:103CD0000C0201F8012FF5D15346524649463046B1
:103CE000FFF716FF10345146102228460DF094FBC2
:103CF000A0450AF1100AE0D1D3E76FF02500D1E723
:103D00002DE9F047089E1C68DDE909579A4681466F
:103D1000D9B105EB020862B184B1325D15F8011B1F
:103D2000631C4A40454507F8012B325503F00F0448
:103D3000F2D1CAF800400020BDE8F0873346324691
:103D400001214846FFF7E4FEE7E7002AF1D005EB42
:103D500002086CB1335D15F8012B611C53404545D9
:103D600007F8013B325501F00F04E2D0002CF1D1ED
:103D70003346324601214846FFF7CAFEEAE700BF54
:103D80002DE9F84F0C9E1468DDE90AB5914681B122
:103D900082461F4605EB010884B11BF8043015F874
:103DA000012B01345340454506F8013B04F00F0454
:103DB000F2D1C9F800400020BDE8F88F5B463A46D2
:103DC00001215046FFF7A4FE07F1100313F8011D6F
:103DD0000131C9B219700029DFD19F42F6D1DCE769
:103DE0002DE9F04F2DED028B97B008EE103A289B8D
:103DF000DDF890A0043B0C2BDDE9255600F28F8105
:103E0000289BDB0700F18B81229B073B062B00F2EE
:103E10008681BAF57F4F00F28281229B1746DAB283
:103E2000289BBAF1000FA3F102038B464FEA53011E
:103E300014BF4023002343EAC103C2F10E01C9B2FB
:103E4000C2F10F020B43D4B20491229A8DF82830AC
:103E500018EE101A81460DF1290002940DF0DCFADB
:103E60000DF137031A1B394603F8011993424FEA43
:103E70001121F9D1002940F0528110220EA80DF035
:103E8000F4FA0DF127010DF13703039105930DF1BC
:103E9000470413F8012F11F8010FA34282EA000230
:103EA0001A70F6D109AB00930EAB194610224846A2
:103EB00000F0A0FA0346002877D1BAF1000F7AD1BA
:103EC0000DF12808049B229A8DF8483018EE101A3C
:103ED0000DF149000DF0A0FA229B029A581C12AB7A
:103EE000184400210DF0C1FA01238DF857300DF16F
:103EF0005700002F36D0102FBA4628BF4FF0100AB7
:103F0000BBF1000F00F0C08009AB009310224346C4
:103F100012A9484600F06EFA0346002845D116AAB9
:103F20001A44013312F8301C2A5CDBB24A40534574
:103F300032541846F3D3BBF1010F00F0CD80029B41
:103F40000DF1570056445544A7EB0A070246C11A23
:103F500013780133DBB202F801390BB99142F7D182
:103F6000002FC8D1029BC21A002300F801398242F7
:103F7000FBD109AB009312A943464846102200F03A
:103F800039FA034688B90398059A12F8011F10F808
:103F9000015FA24281EA05011170F6D1289A2798A3
:103FA00002930EA90DF038FA029B184617B0BDEC2B
:103FB000028BBDE8F08F0DF1280801461022404623
:103FC0000DF053FA53460E2B28BF0E232399069368
:103FD0001A460DF12A004FEA1A238DF828308DF881
:103FE00029A00DF019FA03990DF1370313F8012FE9
:103FF00011F8010FA34282EA00021A70F6D109AB50
:1040000000930EAB19461022484600F0F3F9034620
:104010000028CAD1069BBAEB03023FF453AF2399A1
:10402000CDF818B00B44DDF80CB007979A46174648
:104030002595102F3D464FF0100228BF1025002176
:1040400040460DF012FA51462A4640460DF0E4F97A
:1040500059460DF1370313F8012F11F8010FA34250
:1040600082EA00021A70F6D109AB00930EAB10225F
:104070001946484600F0BEF938BB7F1BAA44D8D188
:10408000DDE906B7259D1DE71022594640460DF093
:10409000ECF92946524640460DF0BEF903990DF160
:1040A000370313F8012F11F8010FA34282EA00022F
:1040B0001A70F6D109AB00930EAB10221946484690
:1040C00000F098F900283FF41FAF0346184617B0D8
:1040D000BDEC028BBDE8F08F1022002140460DF0B0
:1040E000C4F93146524640460DF096F903990DF158
:1040F000370313F8012F11F8010FA34282EA0002DF
:104100001A70F6D109AB00930EAB1022194648463F
:1041100000F070F900283FF412AF0346D6E76FF0C5
:104120000C0342E7442200210DF09FB92DE9F04134
:10413000054617460846012219461E4600F0CAF8F1
:10414000A8B14369102B044611D1284600F0E2F8CB
:104150002146284600F0FEF808B1BDE8F08132465D
:10416000394628460123BDE8F04100F01BB96FF045
:104170000C00F2E710B5044600F0CCF804F144015D
:10418000002223460134A1421A70FAD110BD00BFAB
:1041900010B588B000930A9B01930B9B02930C9B74
:1041A00003930D9B0493DDE90E34CDE905341346EA
:1041B0000A460021FFF714FE08B010BDF0B58DB01F
:1041C00008AE129C0194139C0294149C179D0394B6
:1041D000159C00930F46134605960A460494012148
:1041E0000695169EFFF7FCFD90B98DB10346024679
:1041F0000CA9194416F802C011F8102C0133DBB2D7
:104200008CEA020CAB4240EA0C001A46F0D308B923
:104210000DB0F0BD37B12744002223460134BC4223
:104220001A70FAD16FF00E00F2E700BF891A0ED0B3
:10423000002300B59C465FFA81FE01338444DBB263
:104240008B420CF802E09C46F7D35DF804FB704704
:1042500040B33AB330B5451815F801ECBEFA8EF309
:104260005B09A1EB0E048E4594BF9C4643F0010C04
:10427000146089B1C14310F8012B0B189C428CBF0C
:104280000023012382EA0E0213FB02F343EA0C032C
:1042900085425FFA83FCEED1BCF1000F024808BFF3
:1042A000002030BD01487047009EFFFF009FFFFFC8
:1042B000074B5A6852B1083302E053F8042C2AB174
:1042C00013F8081C814203F10803F6D11046704729
:1042D00068FF040010B50C4C636893B1A44602E07B
:1042E000DCF804306BB19C6994F800E086450CF171
:1042F000080CF5D15C688C42F2D193F801E0964548
:10430000EED1184610BD00BF68FF04004422002112
:104310000DF0ABB8E8B1036C10B5044653B103F12E
:10432000240000211A46013383421170FAD1206C17
:104330000AF052FAE06B18B123689B695B6A9847F0
:1043400004F144010022234601348C421A70FAD150
:1043500010BD7047D1B138B50446A8B10D4644220E
:1043600000210DF082F8AB691B6A9847E06378B1D1
:1043700025606B78022B05D1064A074B0020C4E963
:10438000032338BD002038BD044838BD03487047BA
:10439000034838BD2D42020051420200009FFFFF3A
:1043A000809EFFFF10B330B40468BCB12569AD072F
:1043B00011D5012B4260037213D094F801C0BCF1F7
:1043C000030F0ED0BCF1050F0BD03BB9A369C06B36
:1043D000DB6930BC184765689542EAD0044830BCB8
:1043E0007047A369C06B9B6930BC18470048704791
:1043F000009FFFFF2DE9F04F87B0DDF84080059367
:10440000002857D0154602680446002A52D0B8F159
:10441000000F4FD00E460021C8F800105178D2F896
:10442000149001291ED006297CD0B9F1000F00F0AC
:10443000E780059B9E4235D0022923D003295FD017
:10444000052939D0072940F0D9809369E06B5C6970
:10445000059B32462946A04708B9C8F8005007B066
:10446000BDE8F08F4D4540F0C7809269C8F8005014
:10447000556890F90810C06B3246AC4607B0BDE8ED
:10448000F04F604794F90830D4F824A033BBA9EB6F
:104490000A03AB4228D2BAF1000F7CD1002D4BD1D8
:1044A0000020DCE7436A2BB9B5FBF9F309FB135392
:1044B000002BC1D05348D2E79369059ACDE9016238
:1044C00004F1140200921E69E06B04F1280304F168
:1044D00024022946B0470028C1D1BEE7012BDAD11A
:1044E000A9EB0A03AB42D6D90AF114002A46314699
:1044F00020440CF091FF636A2B4400206362AEE716
:104500009369059ACDE9016204F128020092DE6800
:1045100094F90810E06B04F124032A46B047002800
:104520009DD19AE7C06BC8F800503246294607B0C3
:10453000BDE8F04F01F096BAB5FBF9FA09FB1A5A3B
:10454000BAF1000F04D194F90830002B4DD1CA46BE
:10455000A5EB0A055246711904F114000CF05CFF3A
:10456000636A53446362002D9AD02368059A9B695D
:10457000CDE900622A469E6894F90810E06B04F1C8
:104580002803B04700287FF46AAFD8F800302B44E6
:10459000C8F8003063E7A9EB0A0B0AF114005A4689
:1045A000314620440CF038FF234694F9081053F8A4
:1045B000142B92690093059B01939368E06B1F464F
:1045C0004A4604F12803B84700287FF448AF059B0A
:1045D0004B440593D8F80030A5EB09054B44C8F8C7
:1045E00000305E445544606258E75246711904F148
:1045F00014000CF011FFB8E7034830E703482EE73A
:1046000003482CE7009FFFFF809DFFFF809FFFFF77
:10461000809CFFFF10B5044600F0ECFA2046BDE890
:1046200010400AF0D9B800BF10B54FF4C071012096
:104630000AF0BEF8044608B100F0D6FA204610BDD4
:1046400000F026BD00F012BD01F066B811461A4612
:1046500000F088BE00F0F6BC00F0E2BC10B50446E5
:1046600000F0B8FA2046BDE810400AF0B5B800BF27
:1046700010B5802101200AF09BF8044608B100F033
:10468000A5FA204610BD00BF00F0B0BC00F0A8BCE9
:1046900000F004BE11461A4600F00EBD10B50446E7
:1046A000FFF768FD2046BDE810400AF095B800BF4E
:1046B00010B5442101200AF07BF8044608B1FFF749
:1046C00031FD204610BD00BF13460A460521FFF705
:1046D0002DBD00BF13460A460221FFF727BD00BFCC
:1046E00010B5044601F03CFA2046BDE810400AF03F
:1046F00073B800BF10B54FF4C87101200AF058F824
:10470000044608B101F0FAF8204610BD13460A46E7
:10471000052101F0F9B800BF13460A46022101F055
:10472000F3B800BF10B50446FEF722FF2046BDE8EF
:1047300010400AF051B800BF10B54FF48A71012043
:104740000AF036F8044608B1FEF70CFF204610BD0B
:10475000FFF780B9FEF716BFFFF712BBFFF7D0BA1D
:10476000FFF76ABAFFF7D4B910B50446FEF70CFD9F
:104770002046BDE810400AF02FB800BF10B541F246
:10478000480101200AF014F8044608B1FEF7F6FCCF
:10479000204610BDFEF704BDFEF76CBEFEF72ABE34
:1047A000FEF7C4BDFEF774BD10B50446FEF752FC1B
:1047B0002046BDE810400AF00FB800BF10B54FF416
:1047C0008471012009F0F4FF044608B1FEF73CFCB7
:1047D000204610BD10B512F0070404D1D208FEF730
:1047E00043FC204610BD014810BD00BF009FFFFFE5
:1047F000FEF764BC10B50446FDF7B0FD2046BDE8E9
:10480000104009F0E9BF00BF10B54FF48C710120D2
:1048100009F0CEFF044608B1FDF79AFD204610BD11
:10482000FDF7A2BEFDF7A4BDFEF7DCBBFEF79CBB07
:10483000FEF732BBFEF720BB102A70B521D0082A44
:1048400008BF1B261FD101EB020C84180023E6468B
:104850001CF8015D43EA450304F8013DAEEB010E8F
:104860009CF80030BEF1020F4FEAD313EFD5013AA6
:1048700091F90030815C06EAE3734B4083540020D9
:1048800070BD8726DFE7014870BD00BF009FFFFFB6
:1048900070B588B00C46154604AB4FF0000E9C4630
:1048A00008AA013393428CF800E0F8D103685E69EE
:1048B00003AB009304AB32461946FFF79BFD48B1AA
:1048C00004AB00211A460133117008AA9342F9D1B2
:1048D00008B070BD324604A92046FFF7ADFF00289E
:1048E000EED1324621462846FFF7A6FFE8E700BF93
:1048F00038B528B30568044615B309B30123FFF79B
:1049000051FD0546A0B923681B78042B12D9242B2E
:1049100016D12421012009F04BFF98B120640346F1
:1049200000F1100400211A460133A3421170FAD19C
:10493000284638BD012BECD8A0F5C245284638BD25
:10494000014DF5E7014DF3E7009FFFFF809EFFFF5C
:10495000002800F081802DE9F04F9046026887B072
:104960008146002A76D00E46002973D0036C002BB6
:1049700070D0186A556998BB6C1E08EB040ABAFB24
:10498000F5FABAF1010F24D90DF1140B5A4634444B
:10499000AB4601271546BBF1000F0AD0711E5A1E07
:1049A00011F8010F12F801CFA14280EA0C0010703B
:1049B000F6D100955A46194648460393FFF71AFD6B
:1049C00058B90137BA45039BA8EB0B085E445C4419
:1049D000E1D1B8F1000F2CD1404607B0BDE8F08F0F
:1049E0002A1A4245C8D21030184403930CF014FD23
:1049F000039B4DB15C19013C5A1E517C12F8010F0A
:104A00004140A2421170F8D10DF1140BCDF800B065
:104A10002A46194648460393FFF7ECFC0028DCD1F0
:104A2000039B196A18628844691A0E44A8EB0508AA
:104A3000A2E7196A039301F1100042463146184477
:104A40000CF0EAFC039B1A6A002042441A6207B089
:104A5000BDE8F08F0148C0E700487047009FFFFFA6
:104A60002DE9F04F93B0CDE90201002800F0A980B4
:104A70000368002B00F0A580066C002E00F0A180DA
:104A8000002900F09E80D3F814A0344606AB0AAF8C
:104A900000211A460133BB421170FAD1BB460DF119
:104AA000380800225B460BF1010BC3451A70F9D19F
:104AB00002983A4606A9FFF7EBFE306A06F11009A4
:104AC00050454D464FD3BAF1000F1ED006EB0A0CED
:104AD00006F10F0206A841460CF10F0B12F801EF88
:104AE00010F8013B5A4583EA0E0301F8013BF5D16A
:104AF0000CF1FF3C4146731E13F8010F11F8012B16
:104B0000634582EA00021A70F6D105AB0093029861
:104B1000334652463146FFF76DFC834620B9039871
:104B2000524631460CF078FC06AB00211A460133A0
:104B3000BB421170FAD100211A460133434511706E
:104B4000FAD146F8201F00222B460135B5421A70D3
:104B5000FAD10022234601344C451A70FAD1584646
:104B600013B0BDE8F08FBAF1000FCED000235A4643
:104B700059469E4608E019F803C081F800C0013389
:104B80009A4501F101010FD09842F4D808BF6FF0A7
:104B90007F0C03F101030CBF81F800C081F800E035
:104BA0009A4501F10101EFD1D3443946137811F848
:104BB000010B434002F8013B9345F7D106EB0A0C89
:104BC00096E7DFF804B0CAE7009FFFFF80220021CC
:104BD0000CF04BBC38B100F18001002203460130DB
:104BE00081421A70FAD170474FF4C07200210CF064
:104BF0003CBC00BF38B100F5C07100220346013053
:104C000081421A70FAD170472DE9F04F0A684B685B
:104C1000BC4FBD4D12BA1BBA82EA131101F00F311D
:104C20004A4083EA011382EA030101F010314A404D
:104C30004B40C2F343514FEA137C57F8216055F8BB
:104C40002CC002F00F014FF0000E57F82140C2F3C4
:104C5000036100F1040B57F8211041EAC401C3F3CA
:104C6000436455F8244044EA0C144FEA527C57F848
:104C70002CC041EA0C11C3F3430C55F82CC044EA94
:104C8000CC04C2F3032C57F82CC041EA8C01C3F3C7
:104C9000432C55F82CC044EA8C04C2F3034C57F85B
:104CA0002CC041EA4C01C3F3434C55F82CC044EAF4
:104CB0004C04C2F3431CC2F3433257F82CC057F8DC
:104CC000222041EACC1141EA8211C3F3031241EAE6
:104CD000461155F8222044EAC212C3F30334C3F349
:104CE000035355F8244055F8233042EA841242EA2F
:104CF000431221F0704122F07042EEE0BEF10F0F3E
:104D000000F0F2808C0E930E44EA810143EA8202A5
:104D100021F0704122F070424FEAC1394FEA414818
:104D200009F000540D010B0708F0805848EA040808
:104D300005F010558F0203F0805302F4007407F061
:104D400000662B4302F4807C48EA04044FEA813A6F
:104D50004FEA8158344343EA0C030AF0006A8D0499
:104D600008F0806843EA0A0344EA080805F002757F
:104D70008E018C081D4306F0807604F000744FEA23
:104D8000410A4FEA412C354348EA04080AF080738F
:104D90000CF4001C0C044E0848EA030A45EA0C0C0B
:104DA00006F4801604F400144AEA04084CEA060CDF
:104DB00007F480278E00CC024CEA070C04F4801420
:104DC0004FEAC10A06F4003748EA04084CEA07072C
:104DD0000AF400248E0A4FEA911C48EA04040CF4F9
:104DE000802C06F48036550B3E43130944EA0C042C
:104DF00009F400390F0905F40055354303F48058D0
:104E000007F4803644EA0904970845EA0803344366
:104E100007F400554FEA923925434FEA821C09F402
:104E2000007429F4FE690CF4006817024FEA520C72
:104E300029F0070943EA080307F480570CF4806C53
:104E40004FEA095943EA0C0C4FEA195945EA07039E
:104E5000570A43EA090307F48067D6013B43D509A3
:104E600006F480761E4305F0200346EA03054FEA68
:104E7000521893004CEA040C03F0040708F02008D1
:104E8000530D940A4CEA080803F0020604F01004DB
:104E9000D30848EA040403F0080A4FEA924909F0EB
:104EA00004094FEA926844EA0A0403F0110308F087
:104EB000020844EA09042B43C2F3006C44EA0804E4
:104EC0003B4344EA0C04334340F83E404BF83E3049
:104ED0000EF1010EBEF1100F11D0BEF1010F03DD76
:104EE000BEF1080F7FF40AAFCC0ED30E44EA4101A5
:104EF00043EA420221F0704122F070420CE7BDE823
:104F0000F08F00BFE80005002801050070B51646C7
:104F10000C461146FFF778FE054606F1080104F13C
:104F20008000FFF771FE28462146A5F1800C2B4634
:104F30002246846F0C60C46F4C60D2F8F840C3F80E
:104F40008040D3E90054D2F8FC60C3F88460C3E920
:104F50004054D1E9005408386045C1E94054A2F1F9
:104F6000080201F1080103F10803E2D170BD00BF9E
:104F700070B516460D461146FFF746FE044606F18B
:104F8000080105F18000FFF73FFE06F1100104F56E
:104F90008070FFF739FE29462046A4F1800522469D
:104FA0000B46D0F878410C60D0F87C414C60D3F8C7
:104FB000F840C2F88040D3F8FC40C2F88440846FC7
:104FC000C1F80041C46FC1F8044108388542A3F11B
:104FD000080301F1080102F10802E2D170BD00BF2F
:104FE00008B5FFF711FE002008BD00BF38B5FFF778
:104FF0000BFE044602460023011D956F54F8230062
:1050000044F823509067D56F51F8230041F823509E
:105010000233102BD067A2F10802EED1002038BD78
:1050200000B5E1B00A466946FFF770FF6B46002104
:105030001A460133117060AA9342F9D1002061B081
:105040005DF804FB00B5E1B00A4601466846FFF78B
:105050005DFF6B4600211A460133117060AA93422E
:10506000F9D1002061B05DF804FB00BF00B5E1B0EC
:105070000A466946FFF77CFF6B4600211A4601335A
:10508000117060AA9342F9D1002061B05DF804FB71
:1050900000B5E1B00A4601466846FFF769FF6B4676
:1050A00000211A460133117060AA9342F9D1002001
:1050B00061B05DF804FB00BF2DE9F04F0B68496853
:1050C000DFF8D081DFF8D0E16C4F6D4E6D4D6E4C46
:1050D00083B01BBA09BA019281EA131202F00F32AF
:1050E000514083EA021281EA12439BB2594082EA9C
:1050F000034282EA910303F033335A4081EA830387
:1051000082EA132101F0FF114A4083EA012182EA79
:10511000F17303F0AA335A4000F1100C83EAF173E3
:1051200000F19001594800914FEAF2725CF8101CAE
:1051300083EA01095CF80C1C09F03F0A81EA33118B
:1051400058F82AB001F03F0A0CF1100C5EF82AA0C2
:105150008BEA0A0AC9F3052B57F82BB08AEA0B0A27
:10516000C9F3054BC9F3056956F82BB08AEA0B0A57
:1051700055F829B0C1F305298AEA0B0A54F829B079
:10518000C1F305498AEA0B0AC1F3056B50F82910EF
:105190008AEA010A3E4951F82B108AEA01014A4085
:1051A0005CF8181C5140C1F3052901F03F0A57F87B
:1051B000299058F82AA089EA0A09C1F3054AC1F3DF
:1051C000056189EA030356F82AA05CF8149C55F897
:1051D000211089EA321983EA0A034B4009F03F01A2
:1051E0005EF821104B40C9F3052154F821104B40C3
:1051F000C9F30541C9F3056950F821104B40244912
:1052000051F829104B4000998C458FD182EA7301E7
:1052100001F0AA314A4081EA73014FEA720381EA40
:10522000132000F0FF1081EA000283EA002382EAE3
:10523000930101F033314A4083EA810383EA12414A
:1052400089B24B4082EA014283EA121101F00F3128
:10525000019C82EA01124B40100E110C207061700B
:10526000180E110AA170E270190C1A0A20710020A0
:105270006171A271E37103B0BDE8F08F68060500AB
:10528000680405006802050068050500680305005C
:1052900068010500680805006807050012F0070F9F
:1052A0005DD12DE9F043012983B007461E462BD07E
:1052B00032B3DDE90A9306F1FF38DC1D09EB020584
:1052C0000822494668460CF0A7F8E21F49463846CE
:1052D000FFF7F2FEA4F10802434612F8011F13F88B
:1052E000010FA24281EA00011170F6D10822914417
:1052F000694630460CF090F8A94504F10804DFD166
:10530000002003B0BDE8F083002AF9D0DDE90A39B6
:1053100006F1FF38DC1D09EB0205A4F10802404646
:1053200009F1FF3112F8013F10F801CFA24283EAE0
:105330000C0301F8013FF5D14A4649463846FFF7CC
:10534000BBFE08224946304691440CF065F8A94559
:1053500004F10804E1D1002003B0BDE8F0836FF050
:10536000310070472DE9F04F0B684968DFF89CE386
:10537000E14EE24FDFF898C3DFF898831BBA85B09F
:1053800009BACDE9020281EA131202F00F3251404C
:1053900083EA021281EA12439BB2594082EA034235
:1053A00082EA910303F033335A4081EA830382EAAD
:1053B000132101F0FF114A4083EA012182EAF173CF
:1053C00003F0AA335A4083EAF173014690314FEA61
:1053D000F2721030019150F8101C50F80C4CC84D6E
:1053E000594001F03F0A84EA33195EF82AB0C54CEF
:1053F00009F03F0A103055F82AA08BEA0A0AC1F3D7
:10540000052B54F82BB0C04C8AEA0B0AC1F3054BAC
:10541000C1F3056156F82BB057F821108AEA0B0A40
:105420008AEA0101C9F3052A5CF82AA081EA0A0187
:10543000C9F3054AC9F3056954F82AA058F8299018
:10544000B04C81EA0A0181EA09014A4050F8181C6F
:105450005140C1F3052901F03F0A54F829905EF844
:105460002AA0A94C89EA0A09C1F3054AC1F30561DA
:1054700089EA030356F82AA050F8149C57F8211023
:1054800089EA321983EA0A034B4009F03F014FEAE7
:10549000321B55F821104B40C9F305215CF821104F
:1054A0004B40C9F30541C9F3056954F821104B403D
:1054B00058F829104B40019981428CD189460299B4
:1054C00001F58871019159E9041051408BEA000BF4
:1054D00001F03F008A4D5EF820A08A4C0BF03F009F
:1054E00009F1100955F820008AEA0000C1F3052AE5
:1054F00054F82AA0844C80EA0A00C1F3054AC1F39B
:10550000056156F82AA057F8211080EA0A004840A1
:10551000CBF305215CF821104840CBF30541CBF3D8
:10552000056B54F82110774C484058F82B10484030
:1055300059F8181C43405940C1F3052001F03F0AB7
:1055400054F820005EF82AA06F4C80EA0A0042401E
:10555000C1F30540C1F3056156F8200057F821104A
:1055600042404A4059F8141C81EA331101F03F0AC5
:10557000C1F3052055F82AA05CF8200082EA0A024F
:105580004240C1F30540C1F3056154F8200058F8CA
:10559000211042404A40019989454FEA321B4FEAA7
:1055A000331A90D1029901F5C871019101E04FEAD7
:1055B000331A59E9041059408AEA000A01F03F0001
:1055C0004F4D5EF820B04F4C0AF03F0009F1100932
:1055D00055F820008BEA0000C1F3052B54F82BB0DE
:1055E000494C80EA0B00C1F3054BC1F3056156F845
:1055F0002BB057F8211080EA0B004840CAF3052170
:105600005CF821104840CAF30541CAF3056A54F812
:1056100021103C4C484058F82A10484059F8181CB2
:1056200042405140C1F3052001F03F0A54F82000E8
:105630005EF82AA0344C80EA0A004340C1F30540DA
:10564000C1F3056156F8200057F8211043404B4044
:1056500059F8141C81EA321101F03F0AC1F3052008
:1056600055F82AA05CF8200083EA0A034340C1F3FE
:105670000540C1F3056154F8200058F8211043405B
:105680004B400199894592D182EA730101F0AA3118
:105690004A4081EA73014FEA720381EA132000F065
:1056A000FF1081EA000283EA002382EA930101F0FD
:1056B00033314A4083EA810383EA124189B24B4085
:1056C00082EA014283EA121101F00F31039C82EA5F
:1056D00001124B40100E110C20706170180E110A4F
:1056E000A170E270190C1A0A207100206171A27178
:1056F000E37105B0BDE8F08F68040500680205009D
:1057000068070500680605006803050068080500CD
:10571000680505006801050012F0070F5DD12DE94D
:10572000F043012983B007461E462BD032B3DDE992
:105730000A9306F1FF38DC1D09EB020508224946F1
:1057400068460BF069FEE21F49463846FFF70AFE3D
:10575000A4F10802434612F8011F13F8010FA242F8
:1057600081EA00011170F6D1082291446946304661
:105770000BF052FEA94504F10804DFD1002003B06C
:10578000BDE8F083002AF9D0DDE90A3906F1FF38D7
:10579000DC1D09EB0205A4F10802404609F1FF31C6
:1057A00012F8013F10F801CFA24283EA0C0301F87E
:1057B000013FF5D14A4649463846FFF7D3FD082256
:1057C0004946304691440BF027FEA94504F10804F0
:1057D000E1D1002003B0BDE8F0836FF031007047E5
:1057E0002DE9F04F11F80F5FDFF80CA105F00F0362
:1057F00000EBC303D3E932CED3E9126383B02D09A2
:1058000001924FF00F08324625E011F8015D05F0D6
:105810000F0700EBC7074FEA121902F00F02D7E992
:1058200032B45AF832200092D7E912264FEA0C77A8
:105830004FEA1C1C4CEA0E7C84EA1E1E009C49EABE
:10584000037947EA131389EA02022D098CEA0B0C4B
:105850008EEA044E734000EBC5054FEA0C7602F069
:105860000F04120942EA037246EA1313D5F8CC601A
:105870005AF834404FEA1C1C4CEA0E7C86EA1E1E85
:105880008EEA044ED5E9126408F1FF38D5F8C85005
:10589000B8F1FF3F8CEA050C82EA060283EA0403B2
:1058A000B3D101981646C2734FEA1E6202704FEAE6
:1058B0001E4242704FEA1C6202714FEA1C42190CF0
:1058C000C37242711A0E1B0A80F803E080F807C009
:1058D0004FEA1E2E4FEA1C2C02728372320E330CDA
:1058E000360A80F802E080F806C041720273437302
:1058F000867303B0BDE8F08F680905004FF4C872E5
:1059000000210BF0B2BD00BF2DE9F04F04468BB073
:1059100017460846012219461E46FEF7DBFC002802
:1059200000F09D80D0F81480B8F1100F054640F0CB
:1059300096802046FEF7EEFC29462046FEF70AFD3B
:1059400010B10BB0BDE8F08F012332463946204636
:10595000FEF728FD0028F4D101464246059006A82E
:105960000BF083FD05AB009306AB4246194620467B
:10597000FEF740FD0028E4D1DDE906254FF00008E0
:105980004FF00009089E099B2DBA12BAC4E9425291
:10599000C4E93289C4E9128936BA1BBAC4F88C60EA
:1059A000C4F888304FF0030E4FF0040C03F00101EF
:1059B0004FEAC5786D08A1EB411745EAC27504EBC3
:1059C000CC015B08520843EAC67382EA076248EAE0
:1059D0005606BEF1010EC1E932528B644FEA6C0CDF
:1059E000CE64E3D1032304F1500204F1480A04F128
:1059F000C80902924FF002089E4603900AEBC800C5
:105A000009EBC80459F838C05AF838604568029A5A
:105A1000676804F1080304EBC804D2F8801081EA37
:105A20000C0BD2F88410C3F800B079405960D2F85A
:105A300000B011468BEA060B496840F808BF0833EE
:105A40006940A34202F108024160E6D1BEF1010EB5
:105A50004FEA4808D2D103980BB0BDE8F08F6FF041
:105A600013006EE72DE9F04F2DED028B8BB0002473
:105A7000934205940292984604460E4602D99B1A18
:105A80008B426AD3D4E952329B1952F100024FF093
:105A9000000128BF012100295FD16FF01F000F21F5
:105AA0009842914159D3C4E95232002E4FD004F5A7
:105AB000B47308EE103A04F27713039304F27319E7
:105AC00004F5BC77102E039A354628BF10251378AD
:105AD0000133DBB202F801390BB94A45F7D105AB06
:105AE000009318EE101A06AB10222046FEF782FC37
:105AF00070BBD4F8880102993A460DF1180E08F1EE
:105B0000FF3C07EB050A18B9137808784340137077
:105B100008781EF8013B43400CF8013FD4F8880197
:105B2000012801F1010104D192F800B083EA0B03CE
:105B3000137001325245E6D1029B3A462B44394656
:105B400020460293FFF74CFE761BA844BAD10020F2
:105B50000BB0BDEC028BBDE8F08F6FF01300F7E7E0
:105B600010B50446FEF7D6FB04F5C87100222346A3
:105B70000134A1421A70FAD110BD00BF50B161B119
:105B800010B58B68416011460446984708B9044B2C
:105B9000236010BD48F20150704748F21050704722
:105BA00063414553B8B103680C4A934210B50446AB
:105BB00006D163682046DB6898470023236010BD48
:105BC00002F17F6202F5402202F57C729342F0D02E
:105BD00048F2025010BD48F20150704763414553EE
:105BE00068B130B4094C0568A54204D151B143688D
:105BF00030BC1B69184748F2025030BC704748F26D
:105C00000150704748F21050F7E700BF6341455319
:105C100038B3F0B5DFF860C00768674583B0044665
:105C200017D109B3CBB1089DBDB1009545682D6A68
:105C3000A84748B92368BB4208D163682046DB689F
:105C40009847A0B90B4B236003B0F0BD094A9342BB
:105C5000F3D048F2025003B0F0BD48F2135003B045
:105C6000F0BD48F20150704748F21050ECE70023B5
:105C70002360E9E7534541636341455308B54368F1
:105C80001B78052B06D9082B06D10C30FEF742FBFA
:105C9000002008BD032B02D848F2035008BD0C3089
:105CA000FCF75CFB002008BD42685388B3F5807F99
:105CB00070B504460D4606D023F04003802B02D079
:105CC00048F2185070BD1378052B06D9082B06D161
:105CD000022D17D048F2175070BD032B03D848F29D
:105CE0000350257270BD012DF4D80122002104F16A
:105CF00008000BF0BAFB04F10C00FCF729FB0020B4
:105D00002572EFE704F10C063046FEF7FFFA6368F0
:105D10005B88C02B26D0B3F5807F05D0802B1FD0A9
:105D200048F202502572DDE70420FEF7C1FA014671
:105D300038B33046FEF70EFB02460028DFD010F5E0
:105D4000C14FCCD010DC10F5C34F1ED048F2165313
:105D500012F5C24F48F21150257218BF1846C1E71C
:105D60002846E2E70320E0E710F5A24F11D048F201
:105D7000165348F2115012F1220F18BF184625721F
:105D8000B0E748F216502572ACE748F2155025727C
:105D9000A8E748F217502572A4E700BF08B542688B
:105DA0001378052B23D9082B23D152880C30FEF70A
:105DB0009FFD10F5A24F2ED00FDC10F5C24F1BD067
:105DC00010F5C14F15D010F5C34F48F2165348F2E5
:105DD000155214BF1846104608BD10F1220F0BD003
:105DE000002848F2165314BF1846002008BD032BA4
:105DF00005D848F2035008BD48F2115008BD037A97
:105E00005288012B00F10C0002D0FCF7ADFBD0E76B
:105E1000FCF7AEFACDE748F2175008BD2DE9F8437C
:105E2000984643681B78052B054609D9082B09D1EC
:105E30000C30FEF78DFD00BB00231846BDE8F8834B
:105E4000032B04D848F202531846BDE8F88312F039
:105E50000F0416463AD1002AEED00F4600F10C0985
:105E600001E0A642E8D908EB04033A19297A48462A
:105E70001034FDF701F80028F3D010F5C14F22D0FF
:105E80000DDD10F5A24F1BD048F2115248F2165307
:105E900010F1220F08BF13461846BDE8F88310F52D
:105EA000C34F0AD010F5C24F48F2115248F21653B0
:105EB00008BF13461846BDE8F88348F21553C3E7F8
:105EC00048F21753C0E748F20353BDE748F21153B5
:105ED000BAE700BF38B5049D14462A68A2420CD325
:105EE000220704D042681278023A012A08D82246D2
:105EF000FFF794FF00B92C6038BD48F2145038BD4C
:105F000048F2115038BD00BF70B5049D1E462B6885
:105F10000F2B23D900F10C042046FEF719FD60B1C8
:105F200010F5C14F1DD011DC10F5C34F1FD010F577
:105F3000C24F10D148F2115070BD31462046FEF7D5
:105F40008FFD0028ECD110232B6070BD10F5A24FFF
:105F50000AD02230EED048F2165070BD48F21450EC
:105F600070BD48F2035070BD48F2175070BD48F242
:105F7000155070BD70B52E4B6A469A421ED304462A
:105F80000D4600F06FF948B32A4E336823B12A4A10
:105F90002A4B12689A421FD0002C39D034600DB3BE
:105FA0003068294600F00EF9044628B922493368C2
:105FB0002248234A08601A60204670BD214B2248BF
:105FC0002249C01AC008000440F0010048F21954E8
:105FD000F9F7F6FE204670BD0024EDE74FF40544C6
:105FE000204670BD042008F0F5FB0546C0B13068BE
:105FF000294600F0E7F8044628B90F4A33680F49EC
:1060000011600F4A1A60284608F0E6FB204670BD72
:10601000042008F0DFFB0E4B186030B13060BEE7A3
:106020000B4B186808B108F0D7FB48F21554C3E7CA
:1060300000F80320F8510020F05100206572E54B74
:106040006169614DA8CB040008CC0400300A05004A
:10605000F45100200E4B0F4A1968914210B505D13A
:106060000D490E4A08680168914203D048F2025473
:10607000204610BD002202601A6000F0A7F8084B0D
:10608000044618680028F3D008F0A6FB204610BD8F
:10609000F05100206572E54BF85100206169614DB7
:1060A000F45100202DE9F041224B17466A469A42EE
:1060B00018D304460D460FB1002938D01E491F4B96
:1060C0000968994209D1E4B11D493B4608682A464E
:1060D0002146BDE8F04100F087B848F2025420465E
:1060E000BDE8F081174B18481849C01AC0080004D1
:1060F00040F0010048F21954F9F762FE2046BDE86D
:10610000F081042008F066FB48F21554064600288A
:10611000E5D00B493B462A460868314600F064F852
:106120000446304608F058FB2046BDE8F08148F2AE
:106130001054D4E700F80320F05100206572E54BBD
:10614000F8510020A8CB040008CC0400300A050058
:1061500040B370B50D4611B3144A154B12689A42FC
:1061600002D048F2025070BD124E044601230A4686
:106170003068214600F030F848F271539842F2D16D
:10618000002211461046FFF78DFF0028EBD1306842
:106190002A4621460123BDE8704000F01DB848F2B0
:1061A000145070BD48F21350704700BFF0510020EA
:1061B0006572E54BF8510020FFF74CBF00210846FF
:1061C000FFF7D8BE002006F0CDB800BF08B506F036
:1061D000FBF8002008BD00BF08B50846114606F0D0
:1061E0006FF9002008BD00BF48F20350704700BFA0
:1061F000F8B50B4D0B4E0C4FAD1B0123ED083B705A
:106200000AD0002401E0A54206D056F8343001340B
:1062100098470028F7D0F8BD02233B700020F8BD56
:10622000A8CB0400A0CB0400FC51002038B50A4CD8
:106230000A4D2D1BED080AD004EBC50501E0AC4268
:1062400005D06368083498470028F8D038BD044B5F
:106250000020187038BD00BFA0CB0400A8CB0400FC
:10626000FC510020064B1A78022A06D01878A0F1BB
:106270000100B0FA80F0400970470120704700BF6C
:10628000FC51002008B543681B780BB1002008BD05
:106290000830FDF76FFF002008BD00BF436830B530
:1062A0005A880D4622F04001802983B0044602D06E
:1062B000B2F5807F25D11B781BB148F2035003B0A3
:1062C00030BD04F108000190FDF72CFF63680198D0
:1062D0005B882A460221FDF729FF02460028EED0FE
:1062E00010F5C14FE9D010DC10F5C34F1AD048F2B9
:1062F000165312F5C24F48F2115018BF184603B09A
:1063000030BD48F2185003B030BD10F10F0F0CD063
:1063100048F2165348F2175012F10D0F18BF1846E5
:1063200003B030BD48F21550C9E748F26050C6E7E7
:1063300010B586B09DF83840A4F1040EBEF10C0FE4
:1063400035D814F0010F32D1A3F1070CBCF1060FC0
:106350003FD8012943D0002938D10D9904910C99D7
:1063600003910A9902910999019108990091059464
:106370000B990830FDF722FF10F10F0F3FD010F1FD
:106380000E0F09DA10F5C24F26D010F5C14F12D109
:1063900048F2035006B010BD10F10D0F16D00028C2
:1063A00048F2165314BF1846002006B010BD48F23C
:1063B000625006B010BD10F5C34F48F2165348F2B4
:1063C000155214BF1846104606B010BD48F21750BB
:1063D000E0E748F26150DDE748F21150DAE70D9945
:1063E00004910C9903910A990291099901910899D4
:1063F000009105940B990830FDF7CAFEBCE748F2FE
:106400006050C7E769B162B110B5044660B1084B8E
:1064100003604B6841601146984708B10023236030
:1064200010BD48F21050704748F2015010BD00BF37
:106430004145414470B1094B02689A4210B5044687
:1064400005D143689B6898470023236010BD48F23C
:10645000025010BD48F20150704700BF4145414411
:106460002DE9F047DDE90859DDE90A6EDDE90CC4E4
:106470009DF8388080B3DFF874A00768574513D1C2
:10648000B2B1DCB1FDB11EB3BCF1000F28D0CDE933
:106490000BECCDE90D48CDE9099608954468E46810
:1064A000A446BDE8F047604748F20250BDE8F087D7
:1064B000002BE6D048F21050BDE8F087B8F1000F8D
:1064C000F8D1002DDFD1B9F1000FF3D1002EDBD1CF
:1064D000BEF1000FDBD0EDE748F20150BDE8F087D8
:1064E000BEF1000FD3D048F21350DFE741454144DD
:1064F000F8B504460068154606680368426893428A
:1065000084BFA2680132D31A0F46E26861689D42D7
:1065100006FB02110CD805FB02F238460AF07CFF9C
:10652000A26823683544954288BF00251D60F8BDE8
:1065300003FB02F632463846ED1A0AF06DFFE268B8
:106540006168B81905FB02F20AF066FF23681D6056
:10655000F8BD00BF10B5044688B12268A068116874
:106560005368984205D80020401AB0FA80F04009DC
:1065700010BD581C401AB0FA80F0400910BD024905
:1065800098200AF0BFFBE8E75C0A050070B50D46ED
:1065900082B00446002877D0002900F085800023CF
:1065A0000DF107008DF80730F9F79AFF2368A1680D
:1065B00018685A68914218D80022824218D1227C69
:1065C0005AB958685E688E4222D201365E601A68F7
:1065D000914257D800221A6010E09DF80700F9F7A1
:1065E000B5FF0424204602B070BD01328242E6D0DD
:1065F00058685A6891422BD800225A60E268511EAE
:1066000007290AD8DFE801F03934092F09090927D9
:106610005A601A68914235D8DCE76368294600FB66
:1066200002300AF0F9FE23681A6859688A4282BF6C
:10663000A068013009188A1A99689DF807009142EC
:1066400038BF9A60F9F782FF0024204602B070BD7F
:1066500001325A60D2E7626895ED007B02EBC00020
:1066600080ED007BE0E76268296842F82010DBE7F4
:106670006268298822F81010D6E763682A781A54CD
:106680002368D1E70132A6E71249A3200AF03AFBBA
:10669000ADB10DF107008DF80740F9F721FF0D4965
:1066A00098200AF02FFB81E70A49A4200AF02AFB70
:1066B0000DF107008DF80750F9F712FF76E705494D
:1066C000A4200AF01FFB0DF107008DF80750F9F721
:1066D00007FFE4E75C0A050070B50E4682B0144679
:1066E000054670B33EB314B9204602B070BD002316
:1066F0000DF107008DF80730F9F7F2FE2A681368EC
:1067000051688B420AD8CB1A9C420DD905249DF8BA
:106710000700F9F71BFF204602B070BDAA680132DE
:106720000A44D31A9C42F1D8224631462846FFF744
:10673000DFFE0024EBE7074940F2D9100AF0E2FA45
:10674000D1E704494FF4EC700AF0DCFA002ECAD10C
:10675000F1E700BF5C0A050030B5044683B088B19C
:1067600000250DF107008DF80750F9F7B9FE0C224E
:10677000294620680AF079FE9DF80700F9F7E6FE41
:1067800003B030BD02494FF404700AF0BBFAE7E7EA
:106790005C0A05004FF080414FF08053002010B498
:1067A000604AC1F80C01C1F81001C1F83805D3F8EE
:1067B0000404C2F82005D3F80804C2F82405D3F86D
:1067C0000C04C2F82805D3F81004C2F82C05D3F83D
:1067D0001404C2F83005D3F81804C2F83405D3F80D
:1067E0001C04C2F84005D3F82004C2F84405D3F8CD
:1067F0002404C2F84805D3F82804C2F84C05D3F89D
:106800002C04C2F85005D3F83004C2F85405D3F86C
:106810003404C2F86005D3F83804C2F86405D3F82C
:106820003C04C2F86805D3F84004C2F86C05D3F8FC
:106830003001D3F84444C2F87045082824D04FF002
:106840008043D3F80024D20744BF6FF00102C3F89D
:106850000024354AD2F8883043F47003C2F88830F7
:10686000BFF34F8FBFF36F8F4FF01023D3F8002289
:10687000002A26DBD3F80432002B22DB2B4B2C4AD8
:106880005DF8044B1A607047D3F83421002AD6D142
:106890002848294A294CC0F88C46FB20C2F8180524
:1068A000D1F8E42ED3F85832254822F00F0203F035
:1068B0000F0313434FF40072C1F8E43EC0F84026C2
:1068C000BDE7204A0123C2F80435D2F80034002B7A
:1068D000FBD04FF0102312211A4AC3F80012D2F84D
:1068E0000034002BFBD04FF010231221154AC3F8BF
:1068F0000412D2F80034002BFBD000231149C2F857
:106900000435D1F80034002BFBD0BFF34F8F06497C
:106910000D4BCA6802F4E0621343CB60BFF34F8FA4
:1069200000BFFDE700C0004000ED00E02826002089
:106930000090D0030050004000F000404881030068
:106940000090024000E001400400FA0510B4164B2C
:106950001A461B688342FBD3516802EB010C604569
:106960000BD0416800EB010C63450ED090420360F0
:106970005DF8044B18BF106070474468104621440E
:1069800000EB010C63455160F0D1084C2468A34230
:10699000ECD0D3E9003490422144C0E900315DF8E5
:1069A000044B18BF1060704710D200200052002026
:1069B0002DE9F84F044601F0BFF943480368002B66
:1069C00056D0424F3E6834424BD1002C49D004F19E
:1069D000080563071CBF25F007050835002D40D0CA
:1069E000DFF8FC80D8F80090A9453AD338490C6804
:1069F00003E0236823B121461C466268AA42F8D30B
:106A00000368A3422DD0236808680B60531B102B2A
:106A100000F1080A0BD904EB050B1BF0070F49D155
:106A2000CBF8043058466560FFF790FF626829494B
:106A30000868A9EB0203834238BF0B60C8F8003036
:106A400032430023C4E9003201F04CFA1AF0070F78
:106A50000BD0214940F203100AF054F95046BDE82A
:106A6000F88F01F03FFA4FF0000A5046BDE8F88F6A
:106A70001A4B184D164E154F5A0714BFDA1D1A46F9
:106A800003F50043A3F1080323F0070318BF22F026
:106A9000070211469A1A2A60114D31602A600025BA
:106AA00075604FF00046C3E900550360C1E900324C
:106AB0003E6088E70849C3200AF024F963683E680D
:106AC000D8F800905B1BABE70052002004D20020F6
:106AD00010D200200CD20020B00A05000452002081
:106AE00008D2002000283AD038B51D4D50F8043C9B
:106AF0002A681342044610D050F8081CD9B119492D
:106B00004FF48C700AF0FEF854F8043C2A681342E3
:106B100002D054F8081C71B138BD124940F2171068
:106B20000AF0F0F854F8083C002BE8D154F8043C83
:106B30002A681342F0D023EA020344F8043C01F02F
:106B4000FBF8094A54F8043C1168A4F108000B440E
:106B50001360FFF7FBFEBDE8384001F0C3B9704792
:106B600004D20020B00A050008D2002000F108037A
:106B70004FF0FF310022C0E90131C0E90333026068
:106B8000704700BF00230361704700BF43689A68E5
:106B90008A60026810B49C684B6001326160996041
:106BA0005DF8044B08610260704700BF30B40D68A7
:106BB0006B1C10D000F108031C465B681A68AA42DF
:106BC000FAD902684B60013299608C60616008619B
:106BD00030BC0260704704696368F2E7036910B46F
:106BE000D0E901125C688A608442516008BF5A6033
:106BF0001A685DF8044B0021013A01611A601868B7
:106C0000704700BF0748006880F3088862B661B625
:106C1000BFF34F8FBFF36F8F4FF4F07080F3118885
:106C200000DF00BF00C00100064B19680868B0E82B
:106C3000F04F80F30988BFF36F8F4FF0000080F3AF
:106C40001188704764D20020EFF30980BFF36F8F83
:106C5000144B1A681EF0100F08BF20ED108A20E9AF
:106C6000F04F10604DF8043D4FF0A00080F3118804
:106C7000BFF34F8FBFF36F8F01F058FA4FF0000052
:106C800080F3118808BC19680868B0E8F04F1EF05E
:106C9000100F08BFB0EC108A80F30988BFF36F8F24
:106CA000704700BF64D2002008B5064B1B68013353
:106CB00003D005499E200AF025F8A02383F311880C
:106CC000FEE700BF20D20020100B050010B44FF0EB
:106CD0008073064C40F8043C6FF0020340E9034126
:106CE00040E909325DF8044B44387047A96C020052
:106CF00030B5294A294B12689A4283B003D02849FB
:106D0000B02009F0FFFF274B274C1A782748FF21B6
:106D1000D2B2019219701B78DBB28DF803309DF866
:106D200003309DF8032003F00503072112062370AA
:106D300001600DD506229DF803305B00DBB28DF8B3
:106D400003309DF803301B06114602F1FF32F2D4E6
:106D5000019B114C134D01F00701DBB2E0220160F1
:106D60002B7084F8222000F0C3F8114B00221A6027
:106D7000D4F888300F4A43F47003C4F88830536B5A
:106D800043F040435363236943F010032361FFF74B
:106D900039FFFFF789FF00BF00ED00E041C20F415E
:106DA000100B050000E400E018D200201CD20020E7
:106DB00020D2002000EF00E0A02383F31188094ACD
:106DC00013680133012B136000D07047064B5B68DA
:106DD000C3F30803002BF8D0044940F2111009F066
:106DE00091BF00BF20D2002000ED00E0100B050095
:106DF00010B5084C23682BB1013B23600BB983F31A
:106E0000118810BD04494FF48C7009F07BFF236892
:106E1000F2E700BF20D20020100B050008B5EFF309
:106E20000583C3F308030F2B07D90F4903F1E023B0
:106E3000097893F8F02391420FD80C4B0C4ADB6889
:106E40001268C3F302239A4200D308BDBDE808408C
:106E500008494FF4B17009F055BF06494FF4A970C5
:106E600009F050FFE9E700BF18D2002000ED00E074
:106E70001CD20020100B050070B582B0EFF3118614
:106E8000A02383F31188184B0022D3F80445C3F8DC
:106E90000021D3F800310193019B00F055FF201A27
:106EA00020F07F4323F0010320F07F459BB96C1E47
:106EB0006DB1002500F072FF23460543013C002B15
:106EC000F8D125B1094B4FF080525A6040BF86F38C
:106ED000118802B070BD01F0DFFA0228E7D000F09F
:106EE0005DFF0546EDE700BF0010014000ED00E04A
:106EF00010B5002002F016F9094B0A492020C3F80A
:106F0000080501220224E020C3F804239A601A60D5
:106F1000C3F844434FF4003281F811030A6010BDF6
:106F20000010014000E100E070B50446006CA66B63
:106F300020B925684DB30136A66370BD15460246DB
:106F40007DB9A0680AF068FAA368226C13446268ED
:106F5000A360934224BF2368A36001362846A6633A
:106F600070BDE0680AF058FA226CE36851429B1A3F
:106F70002268E360934202D263680B44E360022D0F
:106F800008D001360020A66370BD606801F0DAFA0F
:106F90006560D0E7012E38BF01260020CCE700BF96
:106FA00070B50546FFF708FF95F845305CB2002C38
:106FB00014DD05F1240603E0631EDAB25CB26AB1A7
:106FC0006B6A304653B101F099F90028F4D001F012
:106FD00041FA631EDAB25CB2002AF1D1FF2385F8D0
:106FE0004530FFF705FFFFF7E7FE95F844305CB248
:106FF000002C14DD05F1100603E0631EDAB25CB26A
:107000006AB12B69304653B101F078F90028F4D009
:1070100001F020FA631EDAB25CB2002AF1D1FF233C
:1070200085F84430BDE87040FFF7E2BE38B50D4644
:107030000446002839D0FFF7BFFED4E90F232168AA
:1070400003FB02F2D31A0A4462600022A2630B44DB
:10705000FF2284F84420C4E9021384F84520C5B90E
:1070600023691BB9FFF7C4FE012038BD04F11000ED
:1070700001F044F90028F5D00E4B4FF080525A60D1
:1070800040BFBFF34F8FBFF36F8FFFF7B1FE0120FB
:1070900038BD04F11000FFF769FD04F12400FFF78B
:1070A00065FDFFF7A5FE012038BD0349FC2009F06E
:1070B00029FEC0E700ED00E0740B050070B50E4638
:1070C000054690B1C6B106FB05F04830FFF770FCED
:1070D0000446C0B100F148030360C4E90F56012122
:1070E0002046FFF7A3FF204670BD084940F26D100F
:1070F00009F008FE002EE6D14820FFF759FC0446AF
:1071000008B12460E9E70024204670BD740B050037
:1071100070B50E460546B0B188420ED34820FFF741
:1071200047FC044638B10023C0E90F530060012139
:10713000FFF77CFFA663204670BD0C4940F2C120DA
:1071400009F0E0FDEAE709494FF4307009F0DAFD93
:107150002EB9064940F26D1009F0D4FDDEE703496F
:1071600040F2C12009F0CEFDF3E700BF740B05002B
:107170002DE9F04784B0894601921F460446002855
:1071800000F0A380B9F1000F00F08680022F7AD0C2
:1071900001F082F918B9019B002B40F09C80002679
:1071A000DFF840A1B04607E0FFF722FE2046FFF7D8
:1071B000F7FE00F097FE0126FFF7FEFDA36BE06BE4
:1071C000834242D3022F40D0019D002D6ED0002E6D
:1071D00037D0FFF70DFE00F0AFFDFFF7EDFD94F89F
:1071E0004430FF2B08BF84F8448094F84530FF2BCF
:1071F00008BF84F84580FFF7FBFD01A902A801F054
:10720000E5F8002858D1FFF7D7FDA26BE36B9A424F
:10721000CAD1FFF7EDFD019904F1100001F034F837
:107220002046FFF7BDFE00F05DFE0028C3D14FF001
:107230008053CAF8043040BFBFF34F8FBFF36F8F46
:10724000B9E702A801F0B6F8C3E73A464946204636
:10725000FFF76AFE636A33B958B9FFF7C9FD012029
:1072600004B0BDE8F08704F1240001F047F80028DD
:10727000F3D01C4B4FF080525A6040BFBFF34F8F8A
:10728000BFF36F8FE9E7E36B012B81D0164940F222
:10729000DE2009F037FD7BE7236C002B3FF476AF4F
:1072A000114940F2DD2009F02DFD6FE7FFF7A0FD49
:1072B000284604B0BDE8F0872046FFF771FE00F0D5
:1072C00011FE002004B0BDE8F08707494FF4377085
:1072D00009F018FD56E7044940F2E12009F012FDDB
:1072E0005DE700BF00ED00E0740B050038B54820F5
:1072F000FFF75EFB044678B1002501212060C0E95C
:107300000F15FFF793FEC4E90055E5602B462A46AA
:1073100029462046FFF72CFF204638BD2DE9F041D5
:107320000E4617461D460446002847D07EB3022D60
:1073300024D0FFF773FDEFF31188A02383F31188A6
:10734000A26BE36B9A4206D3022D04D0002088F38F
:107350001188BDE8F0812A4694F8455031466DB257
:107360002046FFF7E1FD6B1C1AD001356DB284F8A1
:107370004550012088F31188BDE8F081E36B012BB3
:10738000D7D011494FF4697009F0BCFCD1E7236CE8
:10739000002BCCD00C4940F2A33009F0B3FCC6E777
:1073A000636A002BE5D004F1240000F0A7FF002859
:1073B000DFD0002FDDD001203860C8E7024940F25D
:1073C000A23009F09FFCB1E7740B050070B50D46C3
:1073D0000446002840D0236CFBB923682BB3FFF789
:1073E0001DFDEFF31186A02383F31188A36BE26BDD
:1073F0009A420ED994F845200133FF2AA36353B271
:107400001CD001335BB284F84530012086F311882B
:1074100070BD002086F3118870BD124940F24340D0
:1074200009F070FC2368002BD9D16368002BD6D0FB
:107430000C494FF4896009F065FCD0E7636A002BC2
:10744000E3D004F1240000F059FF0028DDD0002D26
:10745000DBD001202860DDE7024940F23F4009F01F
:1074600051FCB8E7740B05002DE9F04385B00E46DA
:1074700001920446002876D0002E6BD001F00CF863
:1074800010B9019B002B74D1FFF796FCA56B002D62
:1074900075D1019B002B38D002A800F08BFFDFF8DC
:1074A00030912F4604F12408FFF7A2FC00F044FCC1
:1074B000FFF782FC94F84430FF2B08BF84F8447037
:1074C00094F84530FF2B08BF84F84570FFF790FC17
:1074D00001A902A800F07AFFE8B9FFF76DFCA36BE1
:1074E00033BBFFF785FC0199404600F0CDFE2046F6
:1074F000FFF756FD00F0F6FC10B3FFF75DFCA56B3F
:10750000002D3CD1019B002BCED1FFF771FC002058
:1075100005B0BDE8F0832046FFF742FD00F0E2FC35
:10752000FFF74AFCA36B002BEFD0FFF761FCE4E709
:10753000FFF75EFC2046FFF733FD00F0D3FCDCE7ED
:107540004FF08053C9F8043040BFBFF34F8FBFF3F3
:107550006F8FD2E7236C002B90D01C4940F2E340A0
:1075600009F0D0FB8AE7194940F2DF4009F0CAFB75
:1075700082E716494FF49D6009F0C4FB84E7226C52
:1075800052B1E168636811449942E16024BF216807
:10759000E160304609F040FF013DA56323692BB946
:1075A000FFF726FC012005B0BDE8F08304F11000D0
:1075B00000F0A4FE0028F3D0054B4FF080525A6033
:1075C00040BFBFF34F8FBFF36F8FE9E7740B050028
:1075D00000ED00E02DE9F04184B00446019100285F
:1075E00000F0A880236C002B40F0858000F054FF51
:1075F00018B9019B002B40F09280FFF7DDFBA36BD5
:10760000DFF88C81002635463746002B43D1019B9D
:10761000002B00F09E80002D59D0FFF7E9FB00F011
:107620008BFBFFF7C9FB94F84430FF2B08BF84F8AD
:10763000447094F84530FF2B08BF84F84570FFF77D
:10764000D7FB01A902A800F0C1FE002832D1FFF744
:10765000B3FBA36B002B3ED1FFF7CAFB2368002BC3
:107660006ED0019904F1240000F00EFE2046FFF7D1
:1076700097FC00F037FC40B94FF08053C8F8043055
:1076800040BFBFF34F8FBFF36F8F0125FFF794FB10
:10769000A36B002BBBD02268013BA363002A70D0F0
:1076A0002369002B5DD1FFF7A3FB0126304604B010
:1076B000BDE8F0812046FFF773FC00F013FCFFF7F4
:1076C0007BFBA36B83B1FFF793FB0125DEE702A8E9
:1076D00000F070FEA1E7FFF78BFB2046FFF760FC90
:1076E000012500F0FFFBD1E7FFF782FB4EB93046E2
:1076F00004B0BDE8F081254940F2755009F002FB65
:1077000074E7FFF759FB616A79B9606800F05EFFC2
:10771000FFF76EFB0026304604B0BDE8F0811B4940
:1077200040F27A5009F0EEFA67E7236B1968C1F16D
:107730000701EAE7154940F2715009F0E3FA51E711
:10774000FFF73AFB606800F0B7FE0646FFF750FB14
:1077500087E7002EDCD00D4940F2C25009F0D2FA82
:10776000D6E704F1100000F0C9FD00289BD0084BBB
:107770004FF080525A6040BFBFF34F8FBFF36F8FFF
:1077800091E700F075FF60608AE700BF740B0500A9
:1077900000ED00E02DE9F8430F469046044648B35B
:1077A000FFB1FFF73BFBEFF31189A02383F31188AF
:1077B000A56B25B9284689F31188BDE8F88394F8AC
:1077C0004460226C76B2DAB9013D731CA56326D001
:1077D000013676B284F84460012089F31188BDE84F
:1077E000F883236C002BDCD0154940F2DE6009F0F1
:1077F00089FAD6E7124940F2DD6009F083FACFE753
:10780000E168636811449942E16024BF2168E16046
:10781000384609F001FE013D731CA563D8D12369E8
:10782000002BD9D004F1100000F068FD0028D3D05F
:10783000B8F1000FD0D00120C8F80000BBE700BFAE
:10784000740B050010B50446B8B10F48002300EBD7
:10785000C30251688C4207D00133082BF7D1204670
:10786000BDE81040FFF73EB9002140F833105160E9
:107870002046BDE81040FFF735B9044940F29A7040
:1078800009F040FAE1E700BF24D20020740B0500A4
:1078900010B4094C002354F833202AB10133082BCB
:1078A000F9D15DF8044B704704EBC30244F8331080
:1078B00050605DF8044B704724D2002070B5044638
:1078C0000E461546FFF778FA94F84430FF2B04BFB4
:1078D000002384F8443094F84530FF2B04BF002384
:1078E00084F84530FFF784FAA36B23B12046BDE846
:1078F0007040FFF755BB04F124002A46314600F0E2
:10790000DDFC2046BDE87040FFF74ABBF8B5164BDA
:10791000164E1C6833680546181D0F46FFF75EF9C2
:107920006B1C17D0336864195C6007D3104B186860
:107930003168BDE8F8400431FFF738B90D4B1868DD
:1079400031680431FFF732F90B4B1A68A24288BF45
:107950001C60F8BD002FE5D031680848BDE8F8404C
:107960000431FFF713B900BF88D3002064D2002090
:107970006CD2002068D2002040D3002060D30020C9
:107980002DE9F84F96000746304689469846FFF79E
:107990000FF8002878D005465020FFF709F8044674
:1079A00000287DD00563A5212846324609F05DFDFB
:1079B000D4F830A009F1FF3C09F10B0104F13303C5
:1079C0001CF8015F03F8015F0DB18C45F8D10A9DE9
:1079D000062D28BF06254FF0000B04F10409E562CF
:1079E0002564484684F83FB0C4F844B0043EFFF72D
:1079F000C9F8564404F11800C5F10705FFF7C2F8AD
:107A0000C4F848B0A56184F84CB024616462424671
:107A1000394626F00700FFF759F90B9B206003B1A8
:107A20001C60FFF7C9F9394A394D136801331360F7
:107A30002B68002B3DD0374E33684BB3E06A364F8E
:107A4000364A37491368013313600B68834238BFE5
:107A5000086000EB800007EB80004946FFF796F8CE
:107A6000FFF7C6F933680BB32A68E36AD26A9A4211
:107A70001CD22C4B4FF080525A6040BFBFF34F8F47
:107A8000BFF36F8F012001E04FF0FF30BDE8F88FAA
:107A90002B68E06ADB6A204F834298BF2C60CFE7F7
:107AA0002846FFF71FF84FF0FF30EFE70120BDE851
:107AB000F88F2C601368012B03D0E06A164F154E27
:107AC000BEE7154F3E4607F18C0830461436FFF7E7
:107AD0004DF84645F9D1DFF86880134E4046FFF770
:107AE00045F83046FFF742F81048FFF73FF81048D6
:107AF000FFF73CF80F48FFF739F80F4BE06AC3F87F
:107B000000800E4B1E60034E9AE700BFFCD200209F
:107B100064D200205CD3002070D200200CD300205F
:107B200010D3002000ED00E028D3002048D300202F
:107B300074D3002060D3002068D200206CD20020D3
:107B400014D3002070B504462A4DFFF735F9002CF8
:107B50003BD0261D3046FFF741F8A36A1BB104F164
:107B60001800FFF73BF8244A1368013313602B68B1
:107B7000A34221D0214A206B1368013B1360FEF71A
:107B8000B1FF2046FEF7AEFF1D4B1A68126872B1B6
:107B90001A681C4BD268D26852681A60FFF728F93D
:107BA000194B1B6813B12B68A34210D070BD154B45
:107BB0004FF0FF321A60F1E714483146FEF7E6FF56
:107BC000134A136801331360E8E72C68C1E7114BCF
:107BD0001B684BB9104B4FF080525A6040BFBFF347
:107BE0004F8FBFF36F8F70BD0C4940F2A54009F075
:107BF00089F8EFE764D200200CD30020FCD20020EB
:107C000068D2002040D300205CD3002074D3002031
:107C100000D3002008D3002000ED00E0C40B0500D5
:107C200098B130B51F4D2B68834283B004460AD00B
:107C3000FFF7C2F81C4B62699A420BD003B0BDE853
:107C40003040FFF7D5B803B030BD184940F2F660B8
:107C500009F058B8A36A164A9342EFD0002BEDD131
:107C6000211D08460191FEF7B9FF124AE36A106828
:107C700001998342104888BF136003EB830300EB34
:107C80008300FEF783FF2B68E26ADB6A9A42D5D352
:107C90000A4B4FF080525A6040BFBFF34F8FBFF383
:107CA0006F8FCBE764D2002060D30020C40B0500A7
:107CB00048D3002010D3002070D2002000ED00E057
:107CC00030B5164B1649174883B00024CDE9004360
:107CD00080222346FFF754FE012803D0013015D03F
:107CE00003B030BD00F0E4FE0128F7D1A02383F3F8
:107CF00011880D490D4A0E4B4FF0FF350D60106095
:107D00001C6003B0BDE83040FEF7F2BF094940F205
:107D1000DC7003B0BDE8304008F0F4BF3CD3002075
:107D2000140C05000980020040D300205CD3002021
:107D300088D30020C40B0500024A13680133136086
:107D4000704700BF08D30020014B1868704700BF80
:107D500088D3002008B5FFF761F8014B186808BD0B
:107D600088D3002038B50A4D0A4A2B6812680344AC
:107D70009342044603D8286804442C6038BD40F67A
:107D8000C910054908F0BEFF286804442C6038BDBE
:107D900088D3002040D30020C40B05002DE9F04F0C
:107DA000444B1B6883B0002B46D1434B1F680137FF
:107DB0001F60002F4ED0DFF81CB1DBF80030BB4253
:107DC00062D83E4E33681D68002D6ED0DFF8088102
:107DD000DFF808A1DFF80891002522E00191FEF705
:107DE000FDFEA36A019904F1180013B1FEF7F6FE37
:107DF0000199E36AD8F8002003EB830093420AEB71
:107E0000800088BFC8F80030FEF7C0FED9F8002017
:107E10003368E16AD26A1B68914228BF0125002BB2
:107E200043D03368DB68DC686368211D9F420846E5
:107E3000D4D2CBF8003004E0214A13680133002586
:107E40001360204B1B68002B0CBF2846012003B099
:107E5000BDE8F08F194E33681B6803BB1A4B3168BD
:107E60001A683260194A1960136801331360336865
:107E70001B685BB9DFF85CB04FF0FF33CBF8003024
:107E8000DBF80030BB429CD90025DAE73368DFF825
:107E900044B0DB68DB685B68CBF800308DE70C49E9
:107EA00040F6332008F02EFFD8E74FF0FF33CBF831
:107EB0000030C6E708D3002088D3002068D2002015
:107EC00004D300208CD300206CD2002044D30020A7
:107ED000C40B050040D3002010D3002070D2002036
:107EE00064D200202DE9F04F3B4C236883B0002B77
:107EF00064D0FEF761FF2368013B23602368002BF9
:107F000054D1364B1B68002B50D0354D2B68002BBD
:107F10005FD0344EDFF8E880334FDFF8E8904FF061
:107F2000010AEB68DC6804F1040B04F11800FEF7A9
:107F300055FE5846FEF752FEE36A326803EB8300B3
:107F40009342594608EB800088BF3360FEF71EFE5F
:107F50003B68E26ADB6A9A4228BFC9F800A02B6836
:107F6000002BDED1214B1A6812686AB31A68204BC5
:107F7000D268D26852681A601E4E346844B1012536
:107F8000FFF70CFF08B1C9F80050013CF8D134608C
:107F9000D9F8003053B1184B4FF080525A6040BFAF
:107FA000BFF34F8FBFF36F8F012000E000200190DF
:107FB000FEF71EFF019803B0BDE8F08F0F494FF4A4
:107FC000046008F09FFE94E7094B4FF0FF321A60FF
:107FD000D2E7DFF83090CFE708D30020FCD20020B2
:107FE00048D3002010D3002064D2002068D20020A3
:107FF00040D3002004D3002000ED00E0C40B0500B6
:1080000070D200208CD300202DE9F84F3C4C3D4E1F
:108010003D4DDFF80C91DFF80C81DFF80CB14FF02B
:10802000805A14E0FEF7C8FEF368DF68381DFEF7DB
:10803000D5FD2B68013B2B602368013B2360FEF7D5
:10804000D7FE386BFEF74EFD3846FEF74BFD236832
:10805000002BE7D12D4B1B68012B06D9CBF804A0D0
:1080600040BFBFF34F8FBFF36F8F08F053FED9F8B7
:1080700000301BBBD8F80030DB6A002BE7D1234B64
:108080001B68012BE3D8224922480B6802689B1A1F
:10809000012BDCD9204A1368013313600A68036896
:1080A0009A4226D3D9F8003083B1D8F80030DB6A81
:1080B0000BB9164B1B68FFF715FFB0E7D8F8003077
:1080C000DB6A002BC3D1114B1B68C0E7D8F8003026
:1080D000DB6A002BEFD10D4B1B68012BEBD80C4B4F
:1080E00018680C4B1B68C01A0128E4D908F084FA00
:1080F000E1E70A4940F6EE4008F004FED2E700BF8F
:1081000000D3002074D30020FCD2002070D20020C5
:1081100040D3002088D3002008D30020C40B0500E2
:1081200010D3002064D2002000ED00E0F8B5194B18
:108130001B681BB1184B01221A60F8BD164A174E76
:1081400013603468164D04EB84039B00A200EB58C7
:108150004BB9144FC4B1013C04EB8403A20055F8A1
:108160002330002BF6D0224405EB82010D464B68EC
:108170000D4A5B684B600835AB4204BF5B684B60DF
:10818000DB6813603460F8BD39464FF4356008F0A1
:10819000B9FDE0E708D300208CD3002010D30020E5
:1081A00070D20020C40B050064D2002070B50446D4
:1081B0002C4EFEF701FE002C3BD0251D2846FEF775
:1081C0000DFDA36A1BB104F11800FEF707FD294657
:1081D0002548264DFEF7DAFC94F84C30012B04BFFD
:1081E000002384F84C30FEF703FE2B6893B9336804
:1081F000A34200D070BD2B6813B31D4B1B685BBB43
:108200001C4B4FF080525A6040BFBFF34F8FBFF3FB
:108210006F8F70BDFEF7D0FD174B1A68126852B110
:108220001A68164BD268D26852681A60FEF7E0FDF1
:10823000DDE73468C1E7114B4FF0FF321A60F5E714
:1082400009490F4A09681268914201D1336070BD33
:10825000BDE87040FFF76ABF0A4940F2A26008F02B
:1082600051FDCDE764D2002060D300205CD3002014
:1082700008D3002000ED00E068D2002040D30020A9
:10828000FCD20020C40B050038B50D46044658B199
:10829000084B196820461831FEF788FC2846012152
:1082A000BDE83840FFF732BB03494FF4366008F0B1
:1082B00029FDEDE764D20020C40B050070B50E4621
:1082C0001446054678B10B4B196828461831FEF75D
:1082D0005DFC002C21460CBF30464FF0FF30BDE85E
:1082E0007040FFF713BB044940F68B3008F00AFDDD
:1082F000E9E700BF64D20020C40B050030B5C368B5
:10830000DC6883B0002C3CD004F118052846FEF749
:1083100065FC1F4B1B683BBB211D08460191FEF706
:108320005DFC1C4AE36A1068019983421A4888BFC1
:10833000136003EB830300EB8300FEF727FC174B6E
:10834000E26A1B68DB6A9A4282BF154B0120186003
:10835000144B1A68126898BF002052B9124B4FF0A4
:10836000FF321A6003B030BD10482946FEF70EFCFC
:10837000E5E71A680C4BD268D26852681A6003B0FD
:1083800030BD0B4940F6BB3008F0BCFCBCE700BF79
:1083900008D3002010D3002070D2002064D2002027
:1083A0008CD3002068D2002040D3002048D3002086
:1083B000C40B0500034A044B12681B68C0E9002384
:1083C000704700BF44D3002088D30020F0B50D468D
:1083D00083B0044658B38DB3FEF7EEFC2B681A4AFF
:1083E000581C11681DD0DFF868C0D4E90060DCF8C3
:1083F0000070BE4208D0884206D801200190FEF7E6
:10840000F7FC019803B0F0BD0F1ABB420BD95B1A01
:10841000DCF80010126803442B600020C4E900124D
:10842000ECE70020EAE700232B600120E6E707499C
:1084300040F6264008F066FC002DCDD1034940F6F9
:10844000274008F05FFCC7E788D30020C40B050075
:1084500044D30020014B01221A6070478CD30020C6
:10846000094B186818B9094B1B6813B170470020F5
:108470007047074A074B10681B68013B984214BFBE
:1084800001200220704700BF48D300208CD3002079
:1084900060D30020FCD20020054B1B6833B1054B94
:1084A0001B68002B0CBF0220002070470120704782
:1084B0005CD3002008D3002070B5044682B0C8B158
:1084C0001D4DC36A2A68D26A934215D28269002A76
:1084D00004DB2A68D26AC2F107028261174E626920
:1084E00003EB830306EB83039A420ED02B68DB6A0F
:1084F000E362012002B070BD2B68006CDB6A984219
:108500002CBF0020012002B070BD211D0846019142
:10851000FEF764FB2A680A4BD06A1A680199E06288
:10852000904200D9186000EB800006EB8000FEF757
:108530002DFB0120DEE700BF64D2002070D20020B6
:1085400010D30020F0B110B51C4B1B68834282B0E1
:10855000044604D01A4940F63B7008F0D3FB636C24
:108560004BB1E16A226C013B9142636400D05BB184
:10857000002002B010BD124940F63C7008F0C2FB6A
:10858000636CEEE700207047211D08460191FEF75D
:1085900025FB236C0B4AE362C3F10700A06110685E
:1085A00001998342084888BF136003EB830300EB03
:1085B0008300FEF7EBFA012002B010BD64D2002068
:1085C000C40B050010D3002070D20020B8B130B524
:1085D000436C83B00D4604465BB1216CE36A8D4267
:1085E00038BF0D46AB4202D0626C012A08D003B0FE
:1085F00030BD1B4940F68A7008F084FBEDE77047F8
:10860000184A1268A24223D0A269E562002AA4BFD8
:10861000C5F10705A561144D626903EB830305EB02
:1086200083039A42E3D1211D08460191FEF7D6FA51
:108630000E4BE06A1A680199904288BF186000EBFF
:10864000800005EB800003B0BDE83040FEF79EBA25
:10865000034940F6A57008F055FBE36AD4E700BF74
:10866000C40B050064D2002070D2002010D300207B
:10867000044B1A681AB119684A6C01324A641868C6
:10868000704700BF64D2002070B5184C06460D46F6
:10869000FEF792FB23689B6C23B92368012183F8C2
:1086A0004C10ADB9FEF7A4FBFEF786FB23689D6C6A
:1086B0001DB123684EB100229A642368002283F81A
:1086C0004C20FEF795FB284670BD6A1E9A64F4E7BD
:1086D0002846FFF71BF9064B4FF080525A6040BF07
:1086E000BFF34F8FBFF36F8FDCE700BF64D2002072
:1086F00000ED00E02DE9F043224C83B00E468046A9
:1087000015469946FEF758FB216891F84C1002294E
:108710000BD023689F6C27EA08079F642368012118
:1087200083F84C10B9F1000F18D1FEF761FBFEF78A
:1087300043FB15B123689B6C2B60236893F84C3086
:10874000022B18D0002023680190002283F84C20CF
:10875000FEF74EFB019803B0BDE8F0834846FFF7F3
:10876000D5F8094B4FF080525A6040BFBFF34F8F8E
:10877000BFF36F8FD9E72368996C21EA06060120C1
:108780009E64E0E764D2002000ED00E0F0B50E4604
:1087900083B017461D460446002862D0FEF70CFB46
:1087A0000DB1A36C2B6094F84C3002217A1EDBB221
:1087B00084F84C10032A06D8DFE802F0480E0402C1
:1087C000022B4CD0A664012B0CD001200190FEF7A7
:1087D0000FFB019803B0F0BDA26C012B02F1010266
:1087E000A264F2D1211D08460191FEF7F7F9204A53
:1087F000E36A1068019983421E4888BF136003EB47
:10880000830300EB8300FEF7C1F9A36A23B11A4981
:1088100041F20E2008F076FA184B1A681268CAB1B5
:108820001A68174BD268D26852681A60154BE26A10
:108830001B68DB6A9A42C8D9134B4FF080525A60CA
:1088400040BFBFF34F8FBFF36F8FBEE7A16C0E43E6
:10885000A664B8E70A4B4FF0FF321A60E6E7002043
:10886000B4E7054941F2D61008F04CFA96E700BF8C
:1088700010D3002070D20020C40B050068D2002065
:1088800040D3002064D2002000ED00E02DE9F0414B
:108890000F4682B015461E46044600285FD0FEF7FC
:1088A000BDFAEFF31188A02383F311880EB1A36CF6
:1088B000336094F84C3002216A1EDBB284F84C100D
:1088C000032A06D8DFE802F0310D0402022B44D05F
:1088D000A764012B0BD0012088F3118802B0BDE8FA
:1088E000F081A26C012B02F10102A264F3D1A36A10
:1088F00023B11F4941F2882008F004FA1D4B1B6880
:10890000BBB11D4804F11801FEF740F91B4BE26AA8
:108910001B68DB6A9A42DED9089B33B301201860DA
:1089200088F3118802B0BDE8F081A16C0F43A76401
:10893000CFE7211D08460191FEF750F9104AE36A7E
:108940001068019983420F4888BF136003EB8303CB
:1089500000EB8300FEF71AF9D8E70020BCE70449D2
:1089600041F2412008F0CEF999E7074BD6E700BF66
:10897000C40B050008D3002048D3002064D2002097
:1089800010D3002070D200208CD3002070B50D468B
:1089900082B00446002845D0FEF740FAEFF3118676
:1089A000A02383F31188022394F84C2084F84C30E0
:1089B000A36C012A03F10103A36403D086F3118899
:1089C00002B070BDA36A23B11B4941F2E22008F056
:1089D00099F91A4B1B688BB1194804F11801FEF77D
:1089E000D5F8184BE26A1B68DB6A9A42E6D9FDB1FA
:1089F00001232B6086F3118802B070BD211D08464B
:108A00000191FEF7EBF8104BE06A1A680199904269
:108A100088BF18600D4B00EB800003EB8000FEF771
:108A2000B5F8DEE7044941F2BC2008F06BF9B3E782
:108A3000074B01221A60C1E7C40B050008D30020D0
:108A400048D3002064D2002010D3002070D2002030
:108A50008CD30020F8B5104CFEF7AEF925681DB197
:108A6000BDE8F840FEF7C4B90C4F0D4E3846FEF78E
:108A70007DF83046FEF77AF80A4B1F600A4B2A460B
:108A8000102104201E60FEF719FB20600028E7D0AB
:108A90000649FEF7FDFEE3E7C4D3002098D300208B
:108AA000ACD3002090D3002094D300201C0C0500F0
:108AB00000B583B0FFF7CEFF0C4B1B686BB10C4ABF
:108AC0000C490D480223CDE9003200235022FEF765
:108AD00057FF10B103B05DF804FB08494FF48870EC
:108AE00008F010F9002003B05DF804FBC4D30020A7
:108AF000C8D30020740C0500418C0200240C050032
:108B00002DE9F041074628200D4690461E46FDF708
:108B10004FFF044658B16DB1FFF79CFF069B2760DD
:108B2000C4E9065826626362201DFEF72BF8204632
:108B3000BDE8F081024940F2691008F0E3F8EBE784
:108B4000240C05002DE9F0410E4684B017469846E6
:108B50000546E0B1154C206870B1052ECDE90067DF
:108B600002950CDCFFF798FC022816D00023206841
:108B70001A466946FEF7FCFA04B0BDE8F08100230E
:108B800042466946FEF7CAFB04B0BDE8F0810849D9
:108B900040F2831008F0B6F8DCE720680A9A002358
:108BA0006946FEF7E5FA04B0BDE8F081C4D30020C1
:108BB000240C05002DE9F0431E4EDFF8808083B0C1
:108BC0004FF000090CE0DB68DC681F68251D2846B3
:108BD000FEF704F8636A20469847E369012B0AD040
:108BE00033681A68002AEED1134A116831601360A5
:108BF00003B0BDE8F083A26907EB020C67454FF0B4
:108C0000000320463A46294606D23068C4F804C01C
:108C10002461FDF7CBFFE3E7CDF800901946FFF79D
:108C200091FF0028DCD1414640F26F3008F06AF82D
:108C3000D6E700BF90D3002094D30020240C050079
:108C40002DE9F04F884E894D894CDFF8308289B08C
:108C50003368D3F80090B9F1000F00F09480DB681E
:108C6000D3F80090FFF768F8FFF76EF82A688242A1
:108C7000824600F299808145286040F2A48000225B
:108C80002068A9EB0A01FEF719FEFFF72BF940B99E
:108C90004FF08053C8F8043040BFBFF34F8FBFF38D
:108CA0006F8F2068002204A9FEF7DEFB0028CFD0DA
:108CB000049B002B5FDB069F7B6913B1381DFDF71A
:108CC0008DFFFFF741F82A689042814673D3049ADA
:108CD000C5F80090092AE4D801A353F822F000BF98
:108CE000098D0200098D0200098D0200A38C02008B
:108CF000538D02006F8D0200098D0200098D020064
:108D0000A38C0200538D0200059AB9693F61501887
:108D10002CBF01230023484578604FD8A9EB0203FC
:108D2000994275D87B6A38469847FB69012BB8D1C0
:108D3000BB69059A1A440023009338461946FFF789
:108D400001FF0028ADD14B4940F2FE2007F0DAFFC9
:108D5000A7E7059ABA61002A4BD04A444A457A608F
:108D60003F6155D93068391DFDF720FF99E7384636
:108D7000FDF7B8FE95E7059BDDE906019847049BE2
:108D8000002B8EDB97E7FEF7D7FFFEF7DDFF2A68A3
:108D90009042824608D3384BC5F800A01A68126882
:108DA000B2FA82F252096BE7FFF704FFC5F800A0A0
:108DB000FFF798F875E7FFF7FDFE88E74A45D1D938
:108DC000002BAFD0CEE7FFF78DF83268D268D2F82B
:108DD0000CB00BF1040108460391FDF7FFFEDBF830
:108DE0001C000399012819D0DBF824305846984715
:108DF00057E7204940F2153007F084FFBA693F6118
:108E000002EB090149457960ACD8002A3FF449AF2B
:108E1000194B391D1868FDF7C9FE42E7DBF8180049
:108E2000CBF810B009EB00035345CBF8043003D95D
:108E30003068FDF7BBFED7E7AAEB090398420ED8CE
:108E4000002300934A4619465846FFF77BFE002848
:108E5000CAD1084940F2E51007F054FFC4E7064BB9
:108E60001868FDF7A3FEBFE790D30020C0D3002011
:108E7000C4D30020240C050094D3002000ED00E0B2
:108E800010B5044682B058B1FDF796FF606900380E
:108E900018BF01200190FDF7ABFF019802B010BD93
:108EA000024940F2B73007F02DFFEDE7240C050032
:108EB00010B5044682B040B1FDF77EFF206A0190F4
:108EC000FDF796FF019802B010BD03494FF473708F
:108ED00007F018FFF0E700BF240C05002DE9F04172
:108EE0000D24144D144FDFF854802F2C05F1030688
:108EF00022460ED81F2C11D84FF0A04001239340DA
:108F0000AE42C0F8083512D015F8014B2F2C22467E
:108F1000F0D9414640F2CD1007F0F4FE04F01F02F4
:108F2000384601239340AE42C0F80835ECD1BDE885
:108F3000F08100BFF90C050000030050C40C0500CF
:108F4000032810B504461DD8114B1C5D2F2C20465C
:108F500004D81F2C07D84FF0A04107E00D4940F27C
:108F6000CD1007F0CFFE0C4904F01F00D1F80435F6
:108F70000122824022EA03001340C1F80805C1F82B
:108F80000C3510BD05495F2007F0BCFEDCE700BFD3
:108F9000F80C0500C40C0500000300507C0C050013
:108FA000C2072DE9F843044603D4A3072FD4BDE834
:108FB000F8830D25274EDFF8A480DFF8A4902F2D2D
:108FC00006F103072B460FD81F2D12D84FF0A042F1
:108FD00003F5E0730320B74242F8230013D016F8DC
:108FE000015B2F2D2B46EFD9494640F2CD1007F0FB
:108FF00089FE05F01F03424603F5E0730320B742E4
:1090000042F82300EBD1FFF769FFA307CFD50B246C
:10901000114D124FDFF848802F2C05F1030623462F
:109020000FD81F2C12D84FF0A04203F5E0730C208C
:10903000B54242F82300BAD015F8014B2F2C234635
:10904000EFD9414640F2CD1007F05CFE04F01F035B
:109050003A46EAE7F90C0500F50C0500000300505C
:10906000C40C050042DF704744DF704700B1704711
:1090700010B5074CA368012262703BB1D3E900230D
:109080000020A2609847A368002BF7D110BD00BF55
:10909000CCD3002010B580B1012800D010BD0E4CFB
:1090A0002369A070002BF9D0D3E9002301202261AD
:1090B00098472369002BF7D1F0E7074CA3680122FA
:1090C0006270002BEAD0D3E900230020A260984709
:1090D000A368002BF7D110BDCCD30020014B18782A
:1090E000704700BFCCD3002038B50C4C237813B1A7
:1090F0008525284638BD0A486360A3602361E36084
:1091000000F066F9054605F0AFF818B101232370A9
:10911000284638BD00F072F9F8E700BFCCD3002034
:109120009590020030B5234D2B7883B00446002B78
:1091300033D0AB7803F0FF02ABB114B16368012008
:10914000984700230DF107008DF80730F7F7C8F9AD
:10915000EB689DF807000133EB60F7F7F7F9EB6870
:1091600003B303B030BD0DF107008DF80720F7F70A
:10917000B7F964B12A6942B1944208D0134601E0BC
:109180009C4204D01B68002BFAD122602C61EB6852
:10919000002BDDD100F05AF9DAE70749E92007F0A2
:1091A000B1FDC6E7044940F2051003B0BDE8304008
:1091B00007F0A8BDCCD30020FC0C050010B51C4C5A
:1091C000237882B09BB1E368CBB100230DF1070097
:1091D0008DF80730F7F784F9E368013BE360E36853
:1091E0009BB19DF80700F7F7B1F902B010BD114926
:1091F0004FF4857007F086FDE368002BE5D10D493B
:1092000040F20B1007F07EFDDFE705F02DF848B9BE
:1092100000F03CF900239DF80700A370F7F796F9DA
:1092200002B010BD0349792007F06CFDF0E700BFE4
:10923000CCD30020FC0C050010B5012882B004D06E
:1092400003281DD0B0B102B010BD174C00230DF1A2
:1092500007008DF80730F7F743F9237803B3E36885
:109260009DF8070001221344E360A270F7F76EF93E
:1092700002B010BD0D4B0122C3F8802002B010BD1A
:10928000094B1B7833B100F0B9F802B0BDE81040CB
:10929000FFF794BF064940F2452007F033FDF2E79F
:1092A000FFF722FFDBE700BFCCD3002000E100E0A6
:1092B000FC0C050030B5274D2B7883B00446002BFD
:1092C00036D06B7803F0FF02ABB114B163680020B5
:1092D000984700230DF107008DF80730F7F700F9E4
:1092E0006B689DF8070001336B60F7F72FF96B6827
:1092F00023B303B030BD0DF107008DF80720F7F759
:10930000EFF864B1AA6842B1944208D0134601E074
:109310009C4204D01B68002BFAD12260AC606B68C1
:10932000002BDDD104F0A0FF80B900F0C5F8D7E72D
:1093300009494FF4937007F0E5FCC2E706494FF482
:10934000A17003B0BDE8304007F0DCBCFFF78AFE37
:10935000C6E700BFCCD30020FC0C050000B5144BC1
:109360001B7883B083B104F07FFFB0B94FF0804326
:10937000D3F80C0400F00110A0F10110B0FA80F055
:10938000400903B05DF804FB0A4940F2551007F0AC
:10939000B9FC04F069FF0028E8D001A8FFF764FEDB
:1093A0000198003818BF012003B05DF804FB00BF2E
:1093B000CCD30020FC0C0500034653E8000F00EA64
:1093C000010243E8002C9CF0000FF6D1704700BF6B
:1093D00010B5044640B1074A107918B9012114604C
:1093E000918010BD852010BD0349A42007F08AFCA0
:1093F000F1E700BFE0D300205C0D050008B5104B7D
:109400001B794BB10F4B1A68D2070DD54FF0804333
:109410000122C3F8182508BD0B49BD2007F072FCD6
:10942000084B1A68D207F1D40122C02183F8001337
:109430001A604FF080430122C3F8182508BD00BF11
:10944000E0D3002000E100E05C0D050000B50D4B0D
:109450001B7983B083B14FF080430022C3F804210D
:10946000D3F804210192019802210122C3F80413C8
:109470009A6003B05DF804FB0349EA2007F042FC60
:10948000E9E700BFE0D300205C0D050008B5084BFC
:109490001B7943B14FF080420123D360D2F81834D6
:1094A000DB03FBD408BD0349F72007F02BFCF1E7F1
:1094B000E0D300205C0D050000B50C4B1B7983B098
:1094C0007BB14FF080430022C3F80021D3F8002184
:1094D000019201990122C3F804231A6003B05DF8D8
:1094E00004FB0349FF2007F00DFCEAE7E0D300206E
:1094F0005C0D050010B54FF0804382B0D3F8002119
:1095000062B10021164AC3F80011D3F80011507956
:1095100000910121009CC3F80813A8B14FF08043CB
:10952000D3F80421CAB10022C3F80421D3F80421DE
:1095300001920B4A01980221C3F808131368012015
:1095400002B0BDE8104018471368517198474FF0BA
:109550008043D3F80421002AE5D102B010BD00BF3A
:10956000E0D3002030B51F4C94F86A3083B0ABBB19
:1095700004F12F03204604F15F01FF2203F8012FBD
:109580008B42FBD14FF0FF3222600123072B88BFB3
:10959000E11803F1010340F8042F88BF81F8582037
:1095A0000C2BF3D1062200210F4807F05EFF0F4A73
:1095B0000F4BC02182F80613002040211160C3F830
:1095C0007C01D3F87C210192019D4FF000420121E2
:1095D00084F86A10C3F8042303B030BD082003B038
:1095E00030BD00BFE8D300204CD4002000E100E0F3
:1095F00000600040034B93F86A00003818BF012058
:10960000704700BFE8D300202F282DE9F843064615
:109610000F46914641D8DFF8548108EB060393F9D1
:109620003030002B02DB0820BDE8F883BA78C2F3A3
:109630004002002A0CBF0824002408EB8403A3F195
:1096400004030CBF0C21082102E00134A14253D9CC
:1096500053F8045F0135F8D108EB060365B248F80A
:10966000249083F830501AB908EB040383F858604B
:10967000B878430731D4C20715D52F2E5CD81F2EDA
:109680005FD832464FF0A04303EB8203D3F80027A4
:1096900022F00202C3F8002714E0304940F207200C
:1096A00007F030FBB7E72F2E97F801904DD81F2E0B
:1096B00050D833464FF0A04103F5E0734FEA8902DA
:1096C00041F823202649F20806F0070C885C0123A4
:1096D00003FA0CF303438B54B87810F002000ED158
:1096E000083D48FA85F83A7898F8603043EA8213E2
:1096F00088F86030BDE8F8830420BDE8F883A40052
:1097000004F1804404F5C0443A78D4F8101521F4EB
:109710004F3121F44071C4F8101533021204D4F80B
:10972000101502F4403203F47C5313430B43C4F886
:1097300010350020BDE8F8830A4940F2CD1007F04B
:10974000E1FA094B06F01F029EE7064940F2CD10F0
:1097500007F0D8FA044906F01F03ADE7B80D05007D
:109760004CD40020C40C050000030050E8D30020B6
:10977000F0B52F2883B004460F4653D8434E351911
:1097800095F93030002B58DB072B22DD083B46FAD9
:1097900083F393F860309B09032B5FD0012B0CBF40
:1097A0004FF400354FF440352F2C4ED81F2C51D894
:1097B0004FF0A04000EB8404D4F8003723F440338A
:1097C000C4F80037D4F800372B43C4F8003703B08F
:1097D000F0BDDAB2072AFAD89A0002F1804202F507
:1097E000C042D2F8101541F00101C2F8101503F182
:1097F000400252B2920092B202F1804202F5C0429F
:109800000021116012680192019A002FDFD056F8F2
:109810002320002ADBD01E49012202FA03F3C1F8FB
:109820000433D4E7194E1B49351940F2372007F0AD
:1098300069FA95F93030002BA6DA16494FF40E700C
:1098400007F060FA95F930309EE7134940F2CD10E9
:1098500007F058FA114804F01F04ABE72F2C0CD87E
:109860001F2C0FD825464FF0A043D3F81035EB40FE
:1098700003F0010302331D0496E7074940F2CD10BF
:1098800007F040FA054B04F01F05EEE7E8D300208F
:1098900000600040B80D0500C40C05000003005036
:1098A0002F2838B504462FD8254D254495F930305A
:1098B000002B34DB072B14DCDAB2072A10D89A000D
:1098C00002F1804202F5C0421E4CD2F8100501217F
:1098D00020F0010001FA03F3C2F81005C4F80833C0
:1098E00038BD2F2C23D81F2C26D84FF0A04000EBDA
:1098F0008404D4F8003723F44033C4F80037D4F894
:109900000037C4F8003738BD0D4D0F4925444FF4DA
:10991000197007F0F7F995F93030002BCADA0A49C7
:1099200040F2652007F0EEF995F93030C2E70749BB
:1099300040F2CD1007F0E6F9054804F01F04D6E721
:10994000E8D3002000600040B80D0500C40C0500FD
:10995000000300502F2810B5044609D81F2811D83D
:109960004FF0A043D3F81005E04000F0010010BD17
:1099700009494FF4227007F0C5F9084940F2CD10AB
:1099800007F0C0F9064BD3F8100504F01F04E040BF
:1099900000F0010010BD00BFB80D0500C40C0500AB
:1099A000000300502DE9F04F002216468BB0CDE9A0
:1099B00004227C4B7C4C7D480122354604E0043374
:1099C00083424FEA420211D019680129F7D1D4F835
:1099D00004131142F3D01D601968029104338342CD
:1099E00046EA020602994FEA4202EDD16E4BD3F8E5
:1099F0007C21012A21D0F3B2D3B16D4F002401257F
:109A0000A30003F180432E4203F5C0434FEA45050E
:109A10000BD0D3F8100557F82420D3F81015C0F355
:109A20000520C1F3014102B190470134082CE7D170
:109A3000002E16DB0BB0BDE8F08F0022C3F87C21AE
:109A4000D3F87C3103934FF0A042039BD2F810254A
:109A5000584B0492D3F810250592F3B2002B40F036
:109A60009E804FF0FF33DFF85891CDE90833002294
:109A7000CDE90622A9F1640200234F4D9B4615F95A
:109A8000010B431C2DD00AABC0F3C20103EB01084C
:109A900000F0070418F8083C0126A6403342C7B27C
:109AA00000F03F041DD01019BB0990F9300052F8A6
:109AB00020A0BAF1000F59D0032B59D02F2C49D830
:109AC0001F2C4FD827464FF0A04101EB870718F80D
:109AD000180CD7F800173042C1F301411AD10329FD
:109AE0004ED0A945CBD15B46002BA3D04FF0A0436D
:109AF0000498D3F810352F499842D1F8101502D1A7
:109B00000598884296D0CDE90431079B0993069BBE
:109B10000893B1E70229E4D1032B07D0BAF1000F73
:109B2000DFD019462046D047214ADAE72F2C4FF4E0
:109B300040362BD8D7F8001721F44031C7F800176A
:109B4000D7F800170BF1010B0E435FFA8BFBC7F838
:109B50000067E3E71949019340F2CD1007F0D2F80E
:109B6000019B134A134907F01F07AEE7032BB8D137
:109B700006A80DF1180C405C30430CF801009DE77D
:109B8000032BCBD12F2C4FF40036D3D90B490193A3
:109B900040F2CD1007F0B6F8054A019BCAE746F03F
:109BA00000462AE70061004000600040206100405C
:109BB000E8D300200003005048D40020C40C050066
:109BC0004CD400202DE9F04F0024DFF8A4B085B07C
:109BD00007468A46904600F5A0764FF48035A146A8
:109BE000D7F804332B420ED03368E0B25BB1C7F82C
:109BF0004853C7F80853C6F80090336801935BF8E0
:109C00002A30019A98470134A0454FEA450506F1EC
:109C10000406E5D1D7F80433DA0702D5D7F80031C6
:109C2000C3B9D7F804339B0711D5D7F8043173B102
:109C30000023C7F80431D7F804210D4B0392039A8F
:109C400053F82A30052005B0BDE8F04F184705B09D
:109C5000BDE8F08F0023C7F80031054BD7F800218D
:109C6000029253F82A30029A04209847D9E700BF9D
:109C700054D40020024803220021FFF7A3BF00BFF5
:109C800000B00040024804220121FFF79BBF00BF43
:109C90000040024030B50023C0F8183183B0D0F83E
:109CA00018210B680192019A0C46002B38D0E57FF1
:109CB000FF2D0CD0A37FABB12F2D28D81F2D2BD873
:109CC0004FF0A042012303FA05F5C2F80C5500231A
:109CD0002046237250F8082B6168637703B0BDE813
:109CE000304010472F2D09D81F2D0CD84FF0A0421F
:109CF000012303FA05F5C2F80855E8E70B4940F2DD
:109D0000CD1006F0FFFF0A4A05F01F05F0E70749EE
:109D100040F2CD1006F0F6FF054A05F01F05D1E729
:109D200004494FF4277006F0EDFFC0E7C40C0500AE
:109D300000030050280E05000348D0F8183113B175
:109D40000249FFF7A7BF7047003000405CD40020F5
:109D50000348D0F8183113B10249FFF79BBF704791
:109D60000030024080D400200348D0F8183113B1ED
:109D70000249FFF78FBF704700F00240A4D40020D3
:109D80002DE9F04F83B08046934600930C4600299E
:109D900000F04B8198F80450DFF848A305EBC509A3
:109DA0000AEB89020192137F4FEA8909EE00002B2A
:109DB00040F01281C54BD8F8007053F82510384692
:109DC00002F026FA0346002840F05981DDE900122E
:109DD0004AF809B05160227B94F80090012A484665
:109DE00040F2DE80B9F12F0F00F2FB80B9F11F0FB6
:109DF0004A4600F2BC814FF0A04C012181402F2A3D
:109E0000CCF8081500F2DD801F2A00F2E1804FF047
:109E1000A04102F5E0724FF0010B41F822B094F836
:109E20000190B9F1FF0F00F0FD80B9F12F0F00F2A2
:109E30005B81B9F11F0F00F29C814FF0A0410BFA3A
:109E400009F2C1F80C254A4602F5E072032041F8F8
:109E5000220094F802B0BBF1FF0F00F0E080BBF1EC
:109E60002F0F5A4600F25781BBF11F0F00F28A8173
:109E700059464FF0A04001F5E0714FF0040C40F856
:109E800021C071190AEB810181F820B094F803B068
:109E900081F81FB0BBF1FF0F27D02179002900F016
:109EA000C980BBF12F0F00F20081BBF11F0F00F240
:109EB0000581DE4659464FF0A04C012000FA0EF015
:109EC0002F29CCF80C0500F2C8801F2900F2CE80A3
:109ED0004FF0A04C01F5E07170190AEB80004FF0D3
:109EE000030E4CF821E0217981772178C7F8081515
:109EF000C7F80C95C7F81025A268C7F82425627B1F
:109F0000217B003A18BF0122022900F0C3800329F7
:109F100000F0BD80012900F0B780C7F85425721900
:109F2000A1795AF82220C7F8C015002A00F0A380B2
:109F30004022C7F804230722C7F800256779D8F81C
:109F40000010BA1E012A4FEA113941F3073B03D929
:109F50007A1F022A00F2FF8058464C46BBF1000FE0
:109F6000C0F29B800BF160417A0101F56141D2B2F0
:109F700081F800235649400904F01F04012202FA27
:109F800004F441F8204035440AEB850A00210122FF
:109F900018468AF81D108AF81C2003B0BDE8F08F1F
:109FA000B9F12F0F2CD8B9F11F0F4A4600F2EC80FF
:109FB0004FF0A04C012181402F2ACCF80C157FF6E0
:109FC00023AF4449009340F2CD1006F09BFE009B66
:109FD000414909F01F021CE70823184603B0BDE8F9
:109FE000F08F3C49009340F2CD1006F08BFE2178B3
:109FF000009B0A4609F01F00DFF8DCC08946FCE63A
:10A000003449009340F2CD1006F07CFE2178009B8D
:10A010000A4609F01F00DFF8C0C08946CAE74FF0C2
:10A02000FF322EE74FF0FF3913E72C49AD2006F041
:10A0300069FEAFE6BBF12F0F7CD8BBF11F0FDE46E8
:10A04000594600F2A3804FF0A04C012000FA0EF018
:10A050002F29CCF808057FF638AF1E4940F2CD1005
:10A06000CDE9002306F04EFEDDE90023DFF868C0ED
:10A070000BF01F012EE70722C7F8002583E7112305
:10A08000184603B0BDE8F08F42F0020245E742F007
:10A09000060242E742F004023FE7114909F00F09C6
:10A0A0007A01D2B201F8092064E70A4940F2CD10E2
:10A0B000CDE9002306F026FEDDE900230BF01F0E9C
:10A0C00094F803B0DFF810C05946F6E6B40E050068
:10A0D00000E100E0C40C050000030050280E05005C
:10A0E00014ED00E05CD400202949019340F2CD102A
:10A0F00006F008FE09F01F02264B00920BFA02F14F
:10A10000C3F80C1540F2CD10214906F0FBFDDDE946
:10A110000023204998E640F2CD101D49CDE900B357
:10A1200006F0F0FDDDE90023A0780BF01F01834667
:10A130001848A0E6164940F2CD10CDE9002306F0FC
:10A14000E1FDE078DDE9002301460BF01F0EDFF8AA
:10A1500044C0834679E76B200F49009306F0D2FD97
:10A16000D8F80000009B040B40F30730F6E64946A0
:10A1700040E7084809F01F020BFA02F1C0F80C157D
:10A18000014661E65846D0E7494642E75846DCE7D3
:10A19000C40C0500000300507C0E05002DE9F843B7
:10A1A0000479394E04EBC40306EB830380461B7F1E
:10A1B0004FEAC409002B55D009EB040306EB8300DA
:10A1C00056F82330D8F8005083B145F307335B09C4
:10A1D00020332E4FC5F30432012101FA02F247F871
:10A1E00023202B4BC5F80833437FDBB909EB04036D
:10A1F00006EB830393F82070FF2F26D12846254BCA
:10A200009D4208BF01234FF000024C44C5F80025D1
:10A2100006EB840608BF6B6002F02CF8002333774E
:10A22000BDE8F8836961D5F80431002BFBD009EB58
:10A23000040306EB830300225A7709EB040306EBC1
:10A24000830393F82070FF2FD8D02F2F10D81F2F03
:10A25000284614D84FF0A04207F5E077022342F8D1
:10A260002730CCE70C4940F2611006F04BFDA3E724
:10A2700040F2CD10094906F045FDD8F80000084A23
:10A2800007F01F07E8E700BF5CD4002000E100E012
:10A290005201080000F00240280E0500C40C050021
:10A2A000000300502DE9F0470579944F05EBC503F5
:10A2B00007EB830382B01B7F80460C4616464FEAAD
:10A2C000C509002B00F0CA802368002B00F0CF8066
:10A2D000A368002B00F0AB8098F80430022B04D860
:10A2E000E368B3F5803FC0F0AA80854940F235208D
:10A2F00006F008FD09EB050307EB83029B00517F85
:10A30000002940F0BE80FB5823B116F0140F04BFA3
:10A310000123537709EB050C07EB8C0C94E80F0035
:10A320009CF81FA00CF10C0EBAF1FF0F8EE80F0085
:10A3300012D09CF81E30002B6BD0BAF12F0F00F218
:10A34000AD80BAF11F0F00F2AE804FF0A0420123A2
:10A3500003FA0AF3C2F80835226822B102F060431A
:10A36000B3F1005F71D1A16821B101F06043B3F195
:10A37000005F6AD1D8F800306068C3F84425E2680D
:10A38000C3F84805C3F83415C3F838250022C3F8CC
:10A390001821D3F818210192019A16F0010218BF72
:10A3A0000122C3F8502516F0020218BF0122C3F89B
:10A3B000402532075CBF01221A6109EB050257F8FC
:10A3C000222062B116F004004FF040021ABFC3F819
:10A3D00008230020C3F8042302B0BDE8F087D3F8B7
:10A3E0001821002AFBD04D4407EB8507FC7FFF2C8A
:10A3F00070D0BB7F002B60D02F2C6DD81F2C70D855
:10A400004FF0A042012303FA04F4C2F80C450020E7
:10A41000E2E7BAF12F0F38D8BAF11F0F3AD84FF050
:10A42000A042012303FA0AF3C2F80C3594E7E3686B
:10A43000002B3CD198F80430022B3FF656AF6368EE
:10A44000B3F5803FBFF451AF54E74D4407EB8507A8
:10A45000002310207B7702B0BDE8F087284940F246
:10A46000322006F04FFC2368002B7FF431AF636885
:10A47000002B3FF42DAF224940F2332006F042FC7E
:10A4800026E7112002B0BDE8F0871E4940F2CD104A
:10A4900006F038FC1C4A0AF01F0AC2E7194940F2CC
:10A4A000CD1006F02FFC184A0AF01F0A4FE7144996
:10A4B0004FF40D7006F026FC0EE72F2C15D81F2C3C
:10A4C00018D84FF0A042012303FA04F4C2F808455B
:10A4D000002081E700207FE70A4940F2CD1006F016
:10A4E00011FC094A04F01F048CE7064940F2CD1024
:10A4F00006F008FC044A04F01F04E4E75CD40020E2
:10A50000280E0500C40C05000003005070B5164E5F
:10A51000164D3468A5FB04230446154A980CB2FB7B
:10A52000F0F3A3420ED300FB04F4B4F5000F16D2EF
:10A530004FF0E02291699369CB1A23F07F439C424C
:10A54000F9D870BD9B200B4906F0DCFB3068A5FBF9
:10A550000030800C00FB04F4B4F5000FE8D305498B
:10A56000902006F0CFFBE3E72826002083DE1B4384
:10A57000FFFF7F00C00E05002DE9F041114D124F85
:10A58000DFF8488082B000244FF480362B6806FA4A
:10A5900004F201347BB1D7F8043305F5E0401A42E8
:10A5A0004FF0000180B206D029602B680193D8E9F2
:10A5B0000031019A9847042C05F10405E6D102B058
:10A5C000BDE8F0814091004000900040C8D40020D8
:10A5D0002DE9F041114D124FDFF8488082B0002480
:10A5E0004FF480362B6806FA04F201347BB1D7F8B9
:10A5F000043305F5A0401A424FF0000180B206D0A6
:10A6000029602B680193D8E90331019A9847062CF9
:10A6100005F10405E6D102B0BDE8F08140B101408A
:10A6200000B00140C8D40020F0B491F82F308AB0B7
:10A63000B3B9D0F824214C6B8D6A002A34D0C0F80D
:10A640002431D0F8243104930123049A436181F822
:10A650002F30AC4217D0012318460AB0F0BC704727
:10A660000023C0F82431D0F824210392039AC0F8C3
:10A670001C31D0F81C210292029AC0F80831D0F89F
:10A6800008310193019BD0F80431002BE3D0002363
:10A69000C0F80431D0F804210992099A81F82D30CC
:10A6A00018460AB0F0BC7047D0F81C61A6B1C0F8DB
:10A6B0001C21D0F81C610596059ED0F82461002E5F
:10A6C00037D0C0F82421D0F8243106930123069A0C
:10A6D000436181F82F30BCE7D0F80821002AB8D0B8
:10A6E000C0F80861D0F808210792079AD0F8242111
:10A6F00052B1C0F82461D0F8243108930123089A9C
:10A70000436181F82F30A4E74A6B8E6AB242A0D22F
:10A710004E6AD0F81875B7544A6B8E6A013206F14A
:10A72000FF3C62454A6320D0B24225D00123036238
:10A730008FE74A6B8E6AB24206D24B6A9B5CC0F8C6
:10A740001C3501324A6384E791F82C202AB90A6A41
:10A75000520605D4012343617BE70122C2617BE7F6
:10A760000122C26181F82D2076E70F6A7F060BD4A3
:10A770000223C0F80032D9E70A6A52067FF569AFB2
:10A78000022281F82D2067E7B242CFD1F8E700BF5F
:10A7900010B586B000233A4A0192C0F80431D0F8CF
:10A7A00004210592059AC0F82431D0F8242104929E
:10A7B000049AC0F81C31D0F81C210392039AC0F807
:10A7C00008318A6A0446D0F808010290012A0298EA
:10A7D0004B6381F82F3014D00123C4F800320123D9
:10A7E000236291F82D20022A18BF23600B687BB1E9
:10A7F00040F286238B608B68C4F80433002006B0D7
:10A8000010BD0B6A5B06E7D40223C4F80032E6E70A
:10A81000019B002B06DC26E0019B013B0193019B81
:10A82000002B04DD2046FFF7FFFE0028F4D191F84D
:10A830002F30C3B1D4F8C434C4F8C4349BB113F07E
:10A84000010F18BF4FF4024048F2012208BF032055
:10A8500013F0020F18BF104648F2022213F0040F43
:10A8600018BF104600E00020019B002BC7DC00222F
:10A870000523C4F800250320C4F80035BFE700BF56
:10A88000A086010010B586B00023434A0192C0F8AB
:10A890000431D0F804210592059AC0F82431D0F88B
:10A8A00024210492049AC0F81C31D0F81C21039290
:10A8B000039AC0F80831D0F8082102920446012218
:10A8C0000298C4F800324B6381F82F30226291F86D
:10A8D0002D30934218BFA2604B6B8A6A934210D20C
:10A8E000486A5A1CC35CC4F81C354A630B68CBB178
:10A8F00040F286238B608B68C4F80433002006B0D6
:10A9000010BD91F82C30002B43D10B6A13F0400F8F
:10A910004FF0010316BFE361636181F82D300B68CE
:10A92000002BE5D1019B002B06DC26E0019B013BBF
:10A930000193019B002B04DD2046FFF775FE0028E4
:10A94000F4D191F82F30C3B1D4F8C434C4F8C4346E
:10A950009BB113F0010F18BF4FF4024048F20122DF
:10A9600008BF032013F0020F18BF104648F202225E
:10A9700013F0040F18BF104600E00020019B002BCD
:10A98000BDDC00220523C4F800250320C4F80035EF
:10A99000B5E70123E361A9E7A086010030B5384C93
:10A9A000236887B0002B5AD035494FF04020FFF77D
:10A9B0003BFEE0B994F82F30DBB9227B901E0128D2
:10A9C00035D9304D00238DF800300FCD0DF1040C3A
:10A9D000ACE80F002B68CCF80030236A002259073E
:10A9E00084F8302003D4D4E900316846984707B092
:10A9F00030BD01F10C0EBEE80F000DF1040CACE807
:10AA00000F004FF04025DEF80030CCF80030D5F8CC
:10AA1000C434C5F8C4349A0705D45D0725D502238C
:10AA20008DF80030D9E701238DF80030D5E7656A4D
:10AA3000A0698542C5D1E06960626069A062206A50
:10AA400084F82D30C0F34010032A84F82C004FF016
:10AA5000402010D007B0BDE83040FFF799BE0A494A
:10AA600040F2912006F04EF99EE7D80744BF032339
:10AA70008DF80030B1E707B0BDE83040FFF702BF06
:10AA8000E0D40020ECD40020200F050010B5084CC5
:10AA9000D4F8003182B04BB1064B1B6898470023B5
:10AAA000C4F80031D4F800310193019B02B010BD0D
:10AAB0000000014020D5002070B50D460446002856
:10AAC00034D0002D38D0214B21491A780D605ABB63
:10AAD000204A217801201870C2F80C156068460CD5
:10AAE0004FF47A72C0030023314606F0C5FAB6F57A
:10AAF0007A7F054613D2174BC3F80455247AA31E58
:10AB0000012B02D9631F022B1BD8134B6401E4B243
:10AB10004FF4803283F8104300201A6070BD0F4953
:10AB2000642006F0EFF8E6E7082070BD0B494A20E4
:10AB300006F0E8F8002DC6D108494E2006F0E2F8EC
:10AB4000C1E707496B2006F0DDF8DEE71DD50020E0
:10AB500020D500200000014000E100E0780F050052
:10AB60007C0E050010B50C4B1B787BB10B4C237889
:10AB7000012B03D00A49762006F0C4F8094B0122C4
:10AB80000221C3F804231A60217010BD0449752006
:10AB900006F0B8F8EAE700BF1CD500201DD500205C
:10ABA000780F05000000014038B50B4B1B78022BD5
:10ABB00003D00A49822006F0A5F8094B187850B155
:10ABC000084D094C002303F5C0710133DAB282420B
:10ABD00045F82140F7D338BD1DD50020780F05007A
:10ABE0001CD50020000001403546526E30B50546A8
:10ABF00083B068B3194B1B78012B03D018498D2003
:10AC000006F080F800240DF107008DF80740F5F7F5
:10AC100067FC144A1378072B12D813492B70581C61
:10AC20001070D1F80805012202FA03F30343C1F8BA
:10AC300008359DF80700F5F789FC204603B030BDC4
:10AC40009DF80700F5F782FC0424204603B030BDD0
:10AC500003498C2006F056F8CCE700BF1DD5002034
:10AC6000780F05001CD500200000014010B5084BEE
:10AC70001B78022B044603D00649A22006F042F8B6
:10AC8000054B064A04F5C07443F8242010BD00BFEC
:10AC90001DD50020780F0500000001403546526E9A
:10ACA00010B50C4B0C4C027853F8213054F821109D
:10ACB00086B08DF80420D0E9014202948DF80C2072
:10ACC000D0E9034201A804948DF81420984706B0F7
:10ACD00010BD00BF34D5002024D500202DE9F04F51
:10ACE000844617481CF8045BD1F8009091F8048062
:10ACF0004F798E68B1F80CB0DFF850A01446002AE6
:10AD000040F825400F4A104840F825300FCA85B05A
:10AD1000EE468EE80F000CBF224652462B46714687
:10AD20006046CDF800908DF805808DF8067002968B
:10AD3000ADF80CB0FFF724F805B0BDE8F08F00BF08
:10AD400034D50020D00F050024D50020A1AC02008E
:10AD500000B50A480A4A0B49126883B000234FF035
:10AD6000010C0370ADF805308DF807308DF804C084
:10AD700001A80B70904703B05DF804FB44D5002098
:10AD800070D6002074D60020704700BF10B52B4B42
:10AD9000D3F80044C3F8004482B0BFF36F8FBFF311
:10ADA0004F8FBFF36F8FBFF34F8FE1050ED5244850
:10ADB000244A002302218DF80730ADF805308DF8C4
:10ADC00004100368012101A811709847A2050DD550
:10ADD0001B4A1C491268002303208DF80400ADF8BB
:10ADE00005308DF8073001A80B70904763051DD51D
:10ADF000144C2378D3B1114BD3F82C35C3B90F4A77
:10AE0000012100232370C2F808159165BFF36F8FED
:10AE1000BFF34F8F0A4AADF80530042112688DF850
:10AE200004100DEB01008DF80730904702B010BD03
:10AE3000054940F2FE4005F065FFE0E70070024082
:10AE400070D6002044D50020E00F050010B582B078
:10AE50000D4B0E4900228DF80420D3F820050C4A32
:10AE6000D3F8C0441368ADF80600002C0CBF4FF4B3
:10AE7000807C4FF0012C43EA0C030968136001A8A1
:10AE8000884702B010BD00BF0070024070D600209D
:10AE90004CD500204FF08053D3F83031082B03D12C
:10AEA000114B0022C3F81C2C104B114993F88E2033
:10AEB0000020032A087002D0D3F8803003B1704715
:10AEC00000B56FF0807183B00A48FEF775FA0A4B3F
:10AED000062108221B688DF80410ADF8062001A891
:10AEE000984703B05DF804FB0070024050D5002085
:10AEF00045D5002048D5002070D600204FF0805363
:10AF0000D3F83031082B03D1144B0022C3F81C2C8A
:10AF1000134B144993F81E210020032A087003D014
:10AF2000D3F810312BB170470F486FF48071FEF7E2
:10AF300043BA00B56FF4807183B00B48FEF73CFA5A
:10AF40000A4B062188221B688DF80410ADF80620F4
:10AF500001A8984703B05DF804FB00BF00700240F1
:10AF600050D5002045D5002048D5002070D60020BF
:10AF70004FF08053D3F83031082B03D10A4B002215
:10AF8000C3F81C2C094B0A4993F89E200020032A81
:10AF9000087003D0D3F8903003B1704705486FF0C4
:10AFA0000101FEF709BA00BF0070024050D5002031
:10AFB00045D5002048D500204FF08053D3F83031DC
:10AFC000082B03D10A4B0022C3F81C2C094B0A4959
:10AFD00093F8EE200020032A087003D0D3F8E03065
:10AFE00003B1704705486FF02001FEF7E5B900BFD7
:10AFF0000070024050D5002045D5002048D50020E3
:10B000004FF08053D3F83031082B03D10A4B002284
:10B01000C3F81C2C094B0A4993F80E210020032A7F
:10B02000087003D0D3F8003103B1704705486FF0C2
:10B030008001FEF7C1B900BF0070024050D500206A
:10B0400045D5002048D500204FF08053D3F830314B
:10B05000082B03D10A4B0022C3F81C2C094B0A49C8
:10B0600093F8FE200020032A087003D0D3F8F030B4
:10B0700003B1704705486FF04001FEF79DB900BF6E
:10B080000070024050D5002045D5002048D5002052
:10B090004FF08053D3F83031082B03D10A4B0022F4
:10B0A000C3F81C2C094B0A4993F8DE200020032A20
:10B0B000087003D0D3F8D03003B1704705486FF063
:10B0C0001001FEF779B900BF0070024050D5002092
:10B0D00045D5002048D500204FF08053D3F83031BB
:10B0E000082B03D10A4B0022C3F81C2C094B0A4938
:10B0F00093F8AE200020032A087003D0D3F8A030C4
:10B1000003B1704705486FF00201FEF755B900BF63
:10B110000070024050D5002045D5002048D50020C1
:10B120004FF08053D3F83031082B03D10A4B002263
:10B13000C3F81C2C094B0A4993F8CE200020032A9F
:10B14000087003D0D3F8C03003B1704705486FF0E2
:10B150000801FEF731B900BF0070024050D5002051
:10B1600045D5002048D500204FF08053D3F830312A
:10B17000082B03D10A4B0022C3F81C2C094B0A49A7
:10B1800093F8BE200020032A087003D0D3F8B03013
:10B1900003B1704705486FF00401FEF70DB900BF19
:10B1A0000070024050D5002045D5002048D5002031
:10B1B000584A70B513684FF0010C0CFA01F42343A0
:10B1C0001360020682B0054610D4534B1B681C4224
:10B1D0000AD1524B8DF8060006221B688DF8042018
:10B1E0008DF807C001A8984702B070BD00F00F06A7
:10B1F000082E3FD84A4B33F8163003F1804303F54D
:10B200001C331A682AB300221A60BFF36F8FBFF392
:10B210004F8F802D54D02B0747D4002E6BD04FF08A
:10B220008053D3F83031082B45D03E4B0022082EF6
:10B230001A7025D83C4B03EB06123101927B032A8E
:10B2400001D05B582BB90121B1403348C943FEF707
:10B25000B3F8314B1B682340C6D1304A8DF80650F5
:10B26000062112688DF804108DF8073001A8904768
:10B2700002B070BD2D4940F27B1005F043FDB9E7E7
:10B280002A4940F2AB2005F03DFD274B03EB0612A7
:10B290003101927B032A02D05B58002BD9D123497C
:10B2A00040F2BE2005F02EFDCDE720494FF470702E
:10B2B00005F028FDB1E71E4B0022C3F81C2CB4E7B3
:10B2C0004FF080530021D3F83031082B04BF184BC6
:10B2D000C3F81C2C134A174B117093F89E20032AB5
:10B2E00003D0D3F89030002BB3D16FF001010A489E
:10B2F000FEF762F8ADE70D4940F2C13005F002FDFE
:10B300004FF08053D3F83031082BD4D0054B1E704A
:10B3100090E700BF4CD5002048D5002070D6002013
:10B320006C10050045D50020E0D50020E00F050099
:10B330000070024050D5002038B50B4B1D7805F049
:10B340000F04082C09D82B065CBF1034E4B2214648
:10B350002846BDE83840FFF72BBF044940F2BE2025
:10B3600005F0D0FCEFE700BF74D60020E00F050029
:10B3700038B500F00F05082D044610D821061AD460
:10B380002207104B04D405F5947553F8250038BDF9
:10B39000D3F8C00410F4803F18BF002038BD0A491C
:10B3A00040F28E2005F0AEFC084940F25F4005F007
:10B3B000A9FC2106E4D505494FF48C6005F0A2FCF8
:10B3C000DEE700BF00700240E00F0500341005000A
:10B3D0002DE9F04FDFF81CA3BF4FDAF800303A68D0
:10B3E000134087B000F0BE80DFF80C8313F0012417
:10B3F00000F0DC8094FAA4F4B4FA84F300931C46C1
:10B400000F2C40F2B280A4F1100505F00F04082CB7
:10B41000EDB200F254814FEA041B6BB2019358F86D
:10B420000B3008EB0416002B00F087812846FFF74D
:10B430009FFFB28958F80BB071680346814604A893
:10B44000D847049A002A00F06781059A914500F2D6
:10B450000E81DDF80490834640F0B280BBF1000F0E
:10B4600000F0AB804FF08053D3F83031082B03D17C
:10B470009A4B8222C3F81C2C00983A68B3680121C9
:10B4800001FA00F022EA00023A60059A1344B36020
:10B49000934BB9F1000F19700499C0F2DF802807AF
:10B4A00000F1988004EB84039B0003F1804303F5D3
:10B4B0001C33A500C3F80017C3F804274FF08053CE
:10B4C000D3F83021082A00F09280082C00F21E8167
:10B4D000B9F1000FB4BF042328232B44DBB203F1DE
:10B4E000804303F51C334FF001021A60BFF36F8FE6
:10B4F000BFF34F8F7B4B7C4D7C4F784EA8BF1D46D2
:10B5000005EB440509E02B8803F1804303F51C3368
:10B510001B683BBBD6F8003123BB082CF3D9394656
:10B5200040F27B1005F0EEFBEDE71E20FEF7EEFF8C
:10B53000D5F874349A0606D40220FEF7E7FFD5F852
:10B5400074349B06F8D50120FEF7E0FF082C00F2CA
:10B55000D780B8F8003003F1804303F51C331B6833
:10B56000002B5CD007B0BDE8F08F082C44F08005BC
:10B5700000F2AB80DFF884814FEA041A4FFA85F9B4
:10B5800058F80A3008EB041633B9584940F27150A4
:10B5900005F0B8FB58F80A30B289716804A89847DA
:10B5A00000287FF45FAF48F80A005BE793FAA3F343
:10B5B000B3FA83F20092144622E7C6F800B051E7CE
:10B5C0004A4940F29C5005F09DFBBBF1000F7FF40F
:10B5D00049AFF2E7414BC3F8A017C3F8A4274FF0D7
:10B5E0008053A500D3F83021082A7FF46EAFD3F83A
:10B5F0003471002F7FF469AFB9F1000FB4BF042696
:10B6000028262E44384B374A344DF6B206F1804690
:10B61000B4BF9846904606F51C3608EB4408DFF8A0
:10B62000CC900DE001233360BFF36F8FBFF34F8FDA
:10B630000220FEF76BFFD5F80431002B7FF475AFC5
:10B64000C5F80471BFF36F8FBFF34F8F082CE9D992
:10B65000494640F29B2005F055FBE3E72D0721D535
:10B660001E4BA500C3F8A016C3F8A42626E7009B2E
:10B67000012199400224C943B4735046FDF79CFE52
:10B680001B4B8DF80E5006221B688DF80C208DF890
:10B690000F4003A89847DAF800303A6813407FF467
:10B6A000A5AE5FE704EB84039B0003F1804303F541
:10B6B0001C33A500C3F80016C3F80426FEE60B49A8
:10B6C00040F2AB2005F01EFBA5E6084940F2AB2096
:10B6D00005F018FB4EE700BF4CD50020007002407B
:10B6E00045D50020801005006C100500E00F050016
:10B6F00070D6002048D5002050D50020E0D500208D
:10B70000114940F27B1005F0FDFA22E70E4940F2A4
:10B710009B2005F0F7FADBE6059BDDF804908346F5
:10B72000002B3FF49BAE084940F28D5005F0EAFA39
:10B73000BBF1000F7FF496AE3FE7034940F2715032
:10B7400005F0E0FA72E600BFE00F050038B51D4BCA
:10B75000D3F86C44C3F86C44BFF36F8FBFF34F8FC3
:10B760004FF08053D3F83021082A1ED0ACB1012508
:10B7700094FAA4F1B1FA81F30F2BA3F1100019464A
:10B78000D8BF43F0800005FA03F3C8BFC0B224EA73
:10B790000304FFF70DFD002CEAD10B4B1B781BB9FE
:10B7A000BDE83840FFF714BE38BDD3F83431002B64
:10B7B000DCD1064A136823F0011103F001130C4396
:10B7C0001360D3E70070024045D5002078D60020F2
:10B7D00010B54FF0805382B0D3F83031082B03D12D
:10B7E000164B0022C3F81C2C154B164C93F84E2018
:10B7F0000021032A217006D01B6C73B102B0BDE892
:10B800001040FFF7E5BD10486FF48011FDF7D4FD3F
:10B810002378002BF2D002B010BD6FF480110A48DB
:10B82000FDF7CAFD094B042206211B688DF80410A0
:10B83000ADF806200DEB02009847E9E700700240E2
:10B8400050D5002045D5002048D5002070D60020D6
:10B8500010B54FF0805382B0D3F83031082B03D1AC
:10B86000164B0022C3F81C2C154B164C93F87E2067
:10B870000021032A217006D01B6F73B102B0BDE80E
:10B880001040FFF7A5BD10486FF40001FDF794FDCF
:10B890002378002BF2D002B010BD6FF400010A48EB
:10B8A000FDF78AFD094B062107221B688DF804105D
:10B8B000ADF8062001A89847EAE700BF00700240F3
:10B8C00050D5002045D5002048D5002070D6002056
:10B8D00010B54FF0805382B0D3F83031082B03D12C
:10B8E000154B0022C3F81C2C144B154C93F86E20FA
:10B8F0000021032A217006D01B6E73B102B0BDE88F
:10B900001040FFF765BD0F486FF48001FDF754FD4F
:10B910002378002BF2D002B010BD6FF480010948EB
:10B92000FDF74AFD084A062312688DF80430ADF889
:10B93000063001A89047EBE70070024050D5002088
:10B9400045D5002048D5002070D6002010B54FF016
:10B95000805382B0D3F83031082B03D1164B00222C
:10B96000C3F81C2C154B164C93F85E200021032ABB
:10B97000217006D01B6D73B102B0BDE81040FFF717
:10B9800027BD10486FF40011FDF716FD2378002B3A
:10B99000F2D002B010BD6FF400110A48FDF70CFDA3
:10B9A000094B062105221B688DF80410ADF806200E
:10B9B00001A89847EAE700BF0070024050D5002078
:10B9C00045D5002048D5002070D6002010B54FF096
:10B9D000805382B0D3F83031082B03D1164B0022AC
:10B9E000C3F81C2C154B164C93F83E200021032A5B
:10B9F000217006D01B6B73B102B0BDE81040FFF799
:10BA0000E7BC10486FF40021FDF7D6FC2378002B2B
:10BA1000F2D002B010BD6FF400210A48FDF7CCFC53
:10BA2000094B062103221B688DF80410ADF806208F
:10BA300001A89847EAE700BF0070024050D50020F7
:10BA400045D5002048D5002070D6002010B54FF015
:10BA5000805382B0D3F83031082B03D1154B00222C
:10BA6000C3F81C2C144B154C9A7F0021032A21701B
:10BA700006D01B6973B102B0BDE81040FFF7A8BC47
:10BA80000F486FF40031FDF797FC2378002BF2D0BC
:10BA900002B010BD6FF400310948FDF78DFC094B71
:10BAA000062101221B688DF80410ADF8062001A8BC
:10BAB0009847EAE70070024050D5002045D50020A5
:10BAC00048D5002070D6002010B54FF0805382B0CA
:10BAD000D3F83031082B03D1164B0022C3F81C2CAD
:10BAE000154B164C93F82E200021032A217006D006
:10BAF0001B6A73B102B0BDE81040FFF769BC104883
:10BB00006FF48021FDF758FC2378002BF2D002B0AF
:10BB100010BD6FF480210A48FDF74EFC094B062149
:10BB200002221B688DF80410ADF8062001A8984782
:10BB3000EAE700BF0070024050D5002045D5002044
:10BB400048D5002070D600204FF08053D3F8302124
:10BB5000082A07D00E4B0122DA64BFF36F8FBFF3C0
:10BB60004F8F7047D3F83431002BF3D1EFF31081AE
:10BB700072B6074B0122DA64BFF36F8FBFF34F8FAA
:10BB8000DA64BFF36F8FBFF34F8F81F31088704774
:10BB9000007002404FF08053D3F83031082B03D1AE
:10BBA000144B0022C3F81C2C134B14499A7B002021
:10BBB000032A087018D010B51C6882B024B102B0F6
:10BBC000BDE81040FFF7C0BF6FF480310C48FDF7AF
:10BBD000F3FB0C4BADF8064006221B688DF80420E1
:10BBE00001A8984702B010BD05486FF48031FDF7F9
:10BBF000E3BB00BF0070024050D5002045D50020B7
:10BC000048D5002070D6002070B545B2002D82B016
:10BC1000044668DB4FF08053D3F83021082A37D030
:10BC200000230DF1070004F00F068DF80730F4F73C
:10BC300057FC082E5DD8002D11DB3549012306F194
:10BC4000100203FA02F20B6823EA02030B602307D7
:10BC500013D59DF80700F4F779FC02B070BD2C49AC
:10BC600001220B68B24023EA020322070B60F0D4E2
:10BC7000284940F2834005F045F8274B06F59476B5
:10BC8000002243F82620BFF36F8FBFF34F8FE0E70A
:10BC9000D3F83431002BC3D10DF1070004F00F04A9
:10BCA0008DF80730F4F71CFC082C2AD81849002D11
:10BCB0000B68ACBF04F1100020460122824023EA49
:10BCC00002026400144B0A6004F2C5740020C3F839
:10BCD0000048C3F804089DF80700D3F80438F4F7C7
:10BCE00035FC02B070BD0D4940F6291005F00AF888
:10BCF00090E70A4940F2BE2005F004F8002D9CDAD6
:10BD0000ADE7064940F2BE2004F0FCFFCEE700BFDD
:10BD10004CD500203410050000700240E00F0500F3
:10BD20002DE9F047044682B000230DF1030004F032
:10BD30000F058DF80330F4F7D3FB082D6ED82106DC
:10BD400032D5230749D5DFF8D891DFF8E081D9F85B
:10BD50000030D8F8007063EA07070126AE4037428A
:10BD600034D023EA0603C9F80030D8F80030694A15
:10BD70008DF806402901334302EB05156648C8F8E3
:10BD8000003000245450032306210268AB738DF861
:10BD900004108DF8073001A890479DF80300F4F7D0
:10BDA000D5FB02B0BDE8F0875C4A5D49012328015C
:10BDB00002EB0516103503FA05F50B6835EA0307A3
:10BDC00059D02046FFF720FF0323B3739DF80300EB
:10BDD000F4F7BCFB02B0BDE8F087802C514A7ED05E
:10BDE00005F2DA335B00C2F80038D2F80438D2F832
:10BDF0000418DFF82C91DFF83481DBB243F0020342
:10BE00000B43C2F80438D2F80438D8F80070D9F8D7
:10BE10000030082D63EA070713D89EE740F2AB20F5
:10BE2000414904F06FFF20062FD52207D5D5DFF852
:10BE3000FC80DFF8EC90D8F80030D9F8007067EAA1
:10BE400003070126384940F2BE20AE4004F05AFFF5
:10BE50003742BBD0344940F2BE2004F053FFD9F83A
:10BE60000030314923EA060340F2BE20C9F8003011
:10BE700004F048FF79E723EA05031750ED430B6010
:10BE80002A4A13681D4015609EE7DFF89490DFF89A
:10BE90008CA0D9F80070244940F2BE2004F032FF93
:10BEA0004FEA051805F110030AEB05160125FF43BB
:10BEB0009D402F4085D11C494AF8087040F2BE20B1
:10BEC00004F020FFD9F80030174923EA050340F2B7
:10BED000BE20ED43C9F8003004F014FFD0E740F273
:10BEE000B473C2F80038D2F80438D2F80418DFF876
:10BEF0003090DFF83880DBB243F004030B43C2F824
:10BF00000438D2F80438D8F80070D9F8003063EA61
:10BF1000070722E7E0D5002070D6002050D500208A
:10BF200048D5002000700240E00F05004CD50020ED
:10BF30002DE9F043224EDFF89C803368214998F8C0
:10BF40000090214A0968D2F88074DC4309F00F059B
:10BF5000A4B2082D83B044EA010425D819F0800F5B
:10BF600004BF1035EDB2012303FA05F5254221D1B6
:10BF700007F080076FF00111124888F80070FDF794
:10BF80001BFA336811490022ADF805208DF807200F
:10BF9000052243F0010309688DF8042001A83360ED
:10BFA000884703B0BDE8F083094940F2BE2004F0A1
:10BFB000A9FED3E798F80000FFF7B2FED8E700BF6C
:10BFC0004CD5002048D500200070024070D60020DB
:10BFD000E00F050074D600202DE9F8437D4BD3F81F
:10BFE0000463002E4DD0002531462F464FF0010C42
:10BFF00091FAA1F3784AB3FA83F3980002440CFA59
:10C0000003F014682CB11760BFF36F8FBFF34F8F2D
:10C0100005438143ECD14FF08053D3F83021082AF7
:10C0200019D005F4000635F400056C4F0ED0DFF88A
:10C03000B0914FF0010895FAA5F4B4FA84F459F8D8
:10C04000243008FA04F49847A543F4D13B7883B12F
:10C050009EB9BDE8F883D3F83431002BE1D15F4FAE
:10C060003B78F3B9A80222D405F4000635F40005A4
:10C07000DDD1FFF7ADF9002EEBD0BDE8F843FFF7B7
:10C0800057BF4FF08053D3F83021082A40F09380F7
:10C09000D3F83451002D40F09780504F3B78002B5F
:10C0A000E2D005F4000635F40005C0D1D0E7494BD5
:10C0B0004848DFF830C140F2A972C3F80028D3F82D
:10C0C000041811F0FF011CBFD3F804381940414B8C
:10C0D00040F2AA72C3F80028D3F8042812F0FF0235
:10C0E0001CBFD3F804381A4040F2AB73C0F80038D4
:10C0F000D0F8043813F0FF031CBFD0F80408034045
:10C10000344840F2AC74C0F80048D0F804482140EC
:10C110000CD0DCF8004040F2A97E0C43CCF8004083
:10C12000C0F800E8C0F80418D0F80418294940F213
:10C13000AD70C1F80008D1F8040802400DD0DCF859
:10C14000000040EA0240CCF8000040F2AA70C1F8BA
:10C150000008C1F80428D1F804281E4A40F2AE7144
:10C16000C2F80018D2F80428134010D0D90748BFED
:10C1700045F40005DA06174A40F2AB71C2F8001820
:10C18000C2F80438D2F8043848BF45F00105DCF89D
:10C19000003033F001121CBF06F080710D4313F024
:10C1A000011F3FF461AF73057FF55EAFCCF800204F
:10C1B00045F4806558E7094B1B78002B7FF449AFA5
:10C1C000BDE8F843FFF704B9044B1B78002B7FF45C
:10C1D00040AF4EE7007002400071024045D500209C
:10C1E0009410050078D6002010B5074C236813B1D1
:10C1F000BDE8104018470549512004F083FD23682D
:10C20000BDE81040184700BF7CD60020F81005009C
:10C2100030B5044683B0F8B1134B984219D10023CE
:10C220000DF107008DF807300D46F4F759F90F4B63
:10C230009DF807001C793CB901221D601A71F4F7C2
:10C2400085F9204603B030BDF4F780F9112003B022
:10C2500030BD002003B030BD0549772004F052FD09
:10C26000204603B030BD00BF002000407CD6002037
:10C27000F810050038B1064B984203D1054B002257
:10C280001A601A71704704499B2004F03BBD00BF3F
:10C29000002000407CD60020F810050031DF7047F8
:10C2A00000B585B0024600230DF10F008DF8072080
:10C2B0008DF80F30F4F714F901F0D6FF30B19DF886
:10C2C0000F00F4F743F905B05DF804FB09480DF1E0
:10C2D0000701FAF75BF90748FAF73CF90028EED0B6
:10C2E00000F07AF99DF80F00F4F730F905B05DF829
:10C2F00004FB00BF78CB040000B583B098B10328DD
:10C300000ED100230DF107008DF80730F4F7E8F89F
:10C3100011480378012B11D09DF80700F4F716F9A6
:10C3200003B05DF804FB0C4B1B78012BF8D100F037
:10C3300053F903B05DF804EB00F064B9074901302C
:10C3400000F0DEF810B900F027F9E5E7044940F203
:10C35000071004F0D7FCF6E7D4D60020A1C20200F3
:10C360005411050010B5154C227882B012BB144947
:10C370008DF807200346002B08BF0B460DF1070080
:10C380001B88A4F80130F4F7ABF801F06DFF40B161
:10C390009DF8070001232370F4F7D8F8002002B0BD
:10C3A00010BD0849601C00F0ABF80028F7D100F080
:10C3B000F3F8EDE7852002B010BD00BFD4D6002011
:10C3C000AC110500A1C2020010B5114C2378012B5D
:10C3D00082B003D00F49902004F094FC00230DF1AB
:10C3E00007008DF80730F4F77BF801F03DFF50B1FE
:10C3F0009DF80700F4F7AAF80748FAF7ADF900230B
:10C40000237002B010BD00F0E7F800F0FBF8EFE792
:10C41000D4D600205411050078CB04002DE9F04358
:10C42000244B1B78012B83B006460F4603D02249CC
:10C43000B72004F067FCDFF88480002542F207098A
:10C440000CE09DF80700F4F781F839463046FFF715
:10C4500025FF484504461ED0022C17D10DF10700D8
:10C460008DF80750F4F73CF801F0FEFE0028E8D103
:10C470003A4631464046FAF72FF9044600F08CF868
:10C480009DF80700F4F762F8022CE7D044B9204683
:10C4900003B0BDE8F0830524204603B0BDE8F08377
:10C4A000052CF4D00449D12004F02CFC204603B024
:10C4B000BDE8F083D4D600205411050078CB0400E9
:10C4C000F8B50D4B1B78012B04460F460FD16FB109
:10C4D000402F3E4628BF4026F5B229462046FFF7AA
:10C4E0009DFF0028F9D1BF1B3444F1D1F8BD0349A9
:10C4F000E02004F007FCEAE7D4D600205411050040
:10C5000070B50D46044658B385B31D4E33782BBB2A
:10C5100023781C4ADB07156006D51B4AD2F8043580
:10C5200043F00103C2F80435174AD2F8003223F071
:10C530000103C2F800326478A31E012B02D9631FE5
:10C54000022B18D8114B6401E4B283F80D434FF469
:10C550000051012219600020327070BD852070BD2D
:10C560000B493E2004F0CEFB002DCED108493F20E0
:10C5700004F0C8FBC9E707496B2004F0C3FBE1E7FF
:10C58000DCD60020D8D6002000D0004000E100E03A
:10C59000B01105007C0E050000B50C4B1B78012B7B
:10C5A00083B003D00A49562004F0ACFB094B0022AB
:10C5B000C3F80021D3F80021019201990122C3F8A8
:10C5C00004231A6003B05DF804FB00BFDCD6002032
:10C5D000B011050000D0004008B5074B1B78012BB7
:10C5E00003D006495E2004F08DFB054B0122C3F801
:10C5F00008235A6008BD00BFDCD60020B01105003A
:10C6000000D0004010B50A4C2378012B03D0094913
:10C61000652004F077FB084B08490122C3F8082382
:10C620004FF400505A600023C1F88000237010BD01
:10C63000DCD60020B011050000D0004000E100E091
:10C64000074B0022C3F8002182B0D3F800210192E9
:10C65000019A044AD3F808051368C0B202B018471B
:10C6600000D00040D8D60020032806D8012A06D0E2
:10C6700001291BD0022908D071B107207047012978
:10C6800011D002294FF00002F6D10B4B00EB400015
:10C69000034400205A707047074B00EB40000344EE
:10C6A00008469A70704700F10E02D2B200EB4003C8
:10C6B00001490020CA547047E0D6002008B5012285
:10C6C00002210020FFF7D0FF10B1072800D008BDDD
:10C6D000072202210120FFF7C7FF08B10728F6D182
:10C6E00000210A220846FFF7BFFF0028EFD00728E5
:10C6F00008BF002008BD00BF0388102B10B507D06D
:10C70000112B04D11A4A1368013B136033B110BDD9
:10C71000174C216869B10131216010BDFFF7CEFFD0
:10C720000028F4D0134B1B68002BF0D0BDE810405C
:10C73000184701220846FFF797FF38B1072805D0B0
:10C740000C4B1B6803B198472168E4E707220221DC
:10C750000120FFF789FF08B10728F1D10422022147
:10C760000020FFF781FF0028EED00728E8D1EBE793
:10C77000F0D60020ECD600200048704700D80020FA
:10C7800002490348842204F047BE00BF00E00100D4
:10C7900000D800202DE9F843C568D0F80890A9EB2F
:10C7A000050890450446164607D940682844354494
:10C7B00004F032FEE560BDE8F88340682844354463
:10C7C0000F464246A5EB090504F026FE60682A469E
:10C7D00007EB080104F020FEE560BDE8F88300BF28
:10C7E0002DE9F8430646D0E90205894617464FF081
:10C7F000000833699D42A0EB050403F1FF3224BF1A
:10C8000003F1FF321218BC4228BF3C46521B94422F
:10C81000706828BF144649462844224604F0FCFDAF
:10C82000B0682544A84208BF00253F1BF560A0441E
:10C83000A144DED14046BDE8F88300BF10B5114CDD
:10C84000114A12490220C4E904001148C4E9062033
:10C850004FF4007020620F480023C4E91220102218
:10C86000E01DA3626362E362A3656365E36522651D
:10C8700004F02EFE0849204604F02AFE2023A3716E
:10C8800010BD00BF84D800204412050050120500DE
:10C890000CD90020FCD800205412050038B5204BDC
:10C8A00000EB400403EBC40E0130DEF82C4000EB3B
:10C8B0004000012C8C46154603EBC00005D0022C2D
:10C8C00029D0ACB10024204638BDDEF82830DEF88F
:10C8D000242093429CBFDEF820401B19013B9C1A88
:10C8E000AC4228BF2C462246FFF754FF204638BDF5
:10C8F000DEF82830DEF8242093429CBFDEF82010BA
:10C900005B18013B9B1A9D42DDD82A466146FFF722
:10C9100041FF2C46D7E7BDE83840FFF761BF00BFB5
:10C9200084D80020FFF78ABF6DDF704779DF70473A
:10C930007DDF704764DF70472DE9F04F85B0994681
:10C940000E9E0388BDF83CA00091174632880192E4
:10C95000002B53D04FF00008C3464546804605E003
:10C96000B8F800200BF1010B5A4529DDD8F8041066
:10C9700051F82B00039000220DF10B0103A8FFF7E3
:10C98000D9FF044630BB9DF80B20BA42E8D12DB345
:10C990003288D119514536DC4A440DF10B0103A808
:10C9A0000125FFF7C7FF002832D131889DF80B2001
:10C9B0000A443280B8F800200BF1010B5A45D5DC4F
:10C9C000E5B13388019A013B9B1A9BB2FF2B1AD821
:10C9D00009F80230204605B0BDE8F08F3288511CBE
:10C9E0003A440232524589B20DDC009B318009F88D
:10C9F00001303288013292B23280CDE700242046E5
:10CA000005B0BDE8F08F0C24204605B0BDE8F08FDE
:10CA10000446204605B0BDE8F08F00BF10B54FF0CA
:10CA2000000C148806E010F80CE00EF1010EF4443E
:10CA30001FFA8CFCA44500EB0C0E03D39EF801E01A
:10CA40009E4503D08C45EED3002010BD8C45FBD213
:10CA500010F80C000CF1020C01381FFA8CFC80B2AB
:10CA60000CEB00038B42EFDCA2F800C010BD00BF4E
:10CA70002DE9F04790F82D301446002227882280B7
:10CA800086B006460D46002B40F0F080B378002BB0
:10CA900040F0E480F178002940F011817368B3B16F
:10CAA0002288D11CB94200F2DD8093F900100223E4
:10CAB000AB54238801339BB20A222380EA54238893
:10CAC00001339BB22380E9542388013323803389C7
:10CAD000002B40F00981338A002B40F03C81338BDE
:10CAE000002B40F05481336A002B45D0B4F800E0AD
:10CAF0000EF10602BA4200F2B5801A88052A40F209
:10CB0000A1816FF4486802EB080189B24FF27D30D1
:10CB1000814240F297815988052940F293816FF450
:10CB2000486C8C441FFA8CFC844540F28B814FF694
:10CB3000FF70824202D08A4200F28481052205F809
:10CB40000E202288013292B212212280A95422881A
:10CB5000013292B222801988A9542A44090A5170DC
:10CB60002288023292B222805B88AB542A441B0A8C
:10CB70005370238802332380736A002B2FD0998847
:10CB8000B4F800C0881C0CF102020244BA4269D811
:10CB9000FE2867D8033105F80C102288013292B2C2
:10CBA000FF212280A9542288013292B22280198862
:10CBB000A9542A44090A51702088023080B220808A
:10CBC0009A8862B199680393002900F03B81284458
:10CBD00004F022FC039B9A8823881344238096F850
:10CBE0002C30002B40F0EC80307800283BD033888C
:10CBF000012B00F0278123889A1CBA4232D80128E1
:10CC000004D17178023119448F422BD3023FFF1AAD
:10CC1000BFB2A81804A9ADF81070FFF789FE10BBC9
:10CC20003378022B00F016817178BDF81020914204
:10CC3000C0F00C819742C0F0098117460922FE2FEF
:10CC400010D82388791CE954238801339BB22380B0
:10CC5000EA54238801331F44278004E023880433E7
:10CC6000BB425CD90C2006B0BDE8F087082FF9D98B
:10CC700004A8FFF759FE0028F5D123880822EA54BA
:10CC8000238801339BB21B222380EA542088013081
:10CC900080B22080062228440DF1110104F0BCFB73
:10CCA00023889DF8102006339BB212F0FE0218BFB5
:10CCB00001222380EA54238801332380E6E6238877
:10CCC000DA1CBA42CED80222EA5423880122134445
:10CCD0009BB22380EA54238813449BB22380E954F7
:10CCE000238813442380D9E606F108080222CDE9FF
:10CCF00000472B4611464046FFF71EFE0028B2D1E2
:10CD0000CDE9004740462B4610220621FFF714FECE
:10CD10000028A8D1338A002B3FF4E1AE1BE004A821
:10CD2000FFF704FE00289ED123880322EA542388BB
:10CD300001339BB219222380EA542388BDF81020C6
:10CD400001339BB22380EA542B44120A5A70238881
:10CD5000023323809EE606F11008CDE900472B46FA
:10CD6000022203214046FFF7E7FD00287FF47BAF56
:10CD7000CDE9004740462B4610220721FFF7DCFD96
:10CD800000287FF470AF338B002B3FF4ACAE06F17C
:10CD90001808CDE900472B46022214214046FFF730
:10CDA000CBFD00287FF45FAFCDE9004740462B461E
:10CDB00010221521FFF7C0FD00283FF494AE52E782
:10CDC000B16A00293ED04FF000094B464FF0160AD9
:10CDD0002BE02388E854238801339BB2238005F895
:10CDE00003A0238801339BB2238031F82220EA5428
:10CDF0002B44120A5A702088023080B22080B8F882
:10CE0000042028444AB1D8F80810D9B104F004FB32
:10CE1000B8F8042023881344238096F82C205FFA66
:10CE200089F39A427FF6E0AEB16A03EB430201EB6D
:10CE3000820809F10109B8F80430D81C0233FE2B2E
:10CE4000C7D90FE7072006B0BDE8F087012B08D04F
:10CE50000822F4E6BDF810309F42F9D31F4609229C
:10CE6000EDE68F42F4D30F460822E8E610B582B013
:10CE70000024ADF8064058B113460DF106020446F1
:10CE8000FFF7CCFD20B1BDF80600204402B010BD74
:10CE9000002002B010BD00BF72DF704773DF704723
:10CEA000F8B5044600F1EA0681700D46072200211C
:10CEB000304604F0DAFAE38813B1A378012B52D09C
:10CEC000E379002B4CD104F1EB0304F1F10113F8E9
:10CED000012B002A51D19942F9D16B1E032B00F28C
:10CEE0003281DFE803F002060A0EA379002B40F03E
:10CEF0000381E379002B40F0E180237A002B40F09E
:10CF0000F980657A002D40F0DE80A570002384F85A
:10CF1000F33004F13C0518220021284604F0A5FA5C
:10CF2000E36A591E0122022928BF134684F85130B2
:10CF300094F8243084F83C2033B1A36A591E0229A6
:10CF400028BF134684F85230A378002284F850207A
:10CF5000042B00F2ED80DFE803F046A250711200CE
:10CF6000A378022BAFD1636B002B00F0E480012289
:10CF700084F8F12008209847A5E70122ADE7D4E91D
:10CF8000071263796164A4F84820002B00F0BD808B
:10CF900094F8F230002B40F0B88094F8F430002B75
:10CFA00000F0B3800223B4F8D810D4F8D40084F889
:10CFB00050300122FFF75AFF08B10423037004F137
:10CFC000D40704F154062A4639463046FFF764FF79
:10CFD000002840F0B380062384F83130A378C4F8E9
:10CFE000E4701BB19AE0002384F83130636B13B115
:10CFF00094F8310098470020F8BDD4E903320221AB
:10D00000C4E91063A4F848200323002284F83110F7
:10D01000C4F8E42084F83C30002104F154062A4688
:10D020003046FFF739FF0028E6D194F8301094F825
:10D030005400FFF733FF0028D8D0F8BDD4E905121B
:10D0400063796164A4F84820002B6AD094F8F23028
:10D05000002B66D194F8F430002B62D00223B4F890
:10D06000D810D4F8D40084F850300122FFF7FEFE27
:10D0700008B10423037004F1D40704F154062A46CE
:10D0800039463046FFF708FF002857D1052384F8BA
:10D090003130A378C4F8E470002BA7D03EE0002321
:10D0A0000122C4E9106384F83120C4F8E43002227C
:10D0B000802384F83C20A4F84830ADE7002A3FF4F0
:10D0C0001CAF022521E70422636BA270002B3FF402
:10D0D0001DAF6279002A3FF419AF94F8F220002ABC
:10D0E0007FF414AF012184F8F42084F8F3100720B2
:10D0F00098470EE70322E7E794F82430002B7FF4EB
:10D10000F8AE002A3FF4F9AEFFE6042204F1D4039E
:10D1100084F83120C4F8E43004F15406D4F8E41063
:10D120007DE7032204F1D40384F83120C4F8E4300D
:10D1300004F15406F2E784F8F130C4E6A378002B3A
:10D140003FF454AFEAE70023A370DFE680F8301025
:10D15000704700BF002977D02DE9F0410446002830
:10D1600074D091F87A300D46002B41D1D5F8A0301B
:10D17000042B41D0D5F89C30042B3DD00027A7705C
:10D1800005F1780EBEE80F0004F1040CACE80F00C6
:10D19000BEE80F00ACE80F009EE807008CE807002F
:10D1A00084F83070D5F8A43063634FF6FF78D5F873
:10D1B000A830A36304F1D4063946A4F8E880C4F883
:10D1C000E460072204F1EA0004F04FF923780BB978
:10D1D00084F85480224604F155011F26C4F8D41067
:10D1E000284622F8D86FFFF743FC40B1BDE8F08134
:10D1F00091F89830002BB9D00720BDE8F081224685
:10D2000004F19301C4F8DC1005F13C0022F8E06F52
:10D21000FFF72EFC0028E9D1D4E905230125A4F865
:10D2200048304FF48073C4E91002014684F83C5042
:10D2300004F13C0204F15400A4F85030FFF72CFE36
:10D240000028D3D12570D1E70E2070470E20CDE7FE
:10D2500003780BB1FFF724BE082070470388112B19
:10D2600010B50C460BD0262B22D0102B00D010BDB1
:10D27000C37B012BFBD18388A1F8E83010BDB1F846
:10D28000E820838800219A4284F8F210EFD12379B4
:10D29000002BECD1237813B301212046FFF700FEC9
:10D2A0000028E4D0A36B002BE1D0BDE81040184764
:10D2B000037A013B012BDAD80B7883B18978094BCB
:10D2C0000131A3FB012303F4FE7202EB9303C91A9D
:10D2D000C9B22046FFF7E4FD0028E3D110BD0820C5
:10D2E000E0E700BFCDCCCCCC75DF704776DF704770
:10D2F0007ADF70477BDF704770B51D4D2B8884B295
:10D30000A34282B011D11B4E297A327B91420ED3B7
:10D31000337C00222A72F3B9736933B100228DF88D
:10D320000420ADF8064001A8984702B070BD05F191
:10D330000A011846FFF7D8FF40B11128F5D0B369AC
:10D34000002BF2D002B0BDE8704018472B7A0133B1
:10D350002B7202B070BD3B212046FFF7C7FF30F0B3
:10D360000803D9D0B369002BD6D09847D4E700BFC3
:10D3700028DB00200CDB002010B4019C6388834272
:10D3800012D38B4210D840F2F3118A42A08894BF86
:10D39000931A531A834207D80A44824234BF0020AA
:10D3A00001205DF8044B704700205DF8044B704786
:10D3B00010B50B46497A82B0024691B9104C93F8E9
:10D3C00008C0D4E90110BCF1000F18BF014658682D
:10D3D000F2F7F4FF88B1A3697BB102B0BDE8104059
:10D3E0001847074949690020187231B101238DF8A7
:10D3F0000430ADF8062001A8884702B010BD00BF78
:10D400000CDB002070B50388122B82B050D015D8E9
:10D41000102B2AD0112B0FD1394C828823889A42A5
:10D420000AD16068F3F72AF818B1364B9B6903B14B
:10D4300098474FF6FF73238002B070BD502BFBD18D
:10D44000304CC288E3899A42F6D1038A022BF3D189
:10D450002B4D83882E889E42EED1123000F050F979
:10D46000002844D02946304633E0C37B012BE3D16A
:10D47000234C22884FF6FF739A422FD18588224B86
:10D480001030009003CB0022C4F80E10C4F80A003C
:10D49000238A2272A189E28960892580FFF76CFFC7
:10D4A000184B6072DB89002BC6D12146284610E05C
:10D4B000134C838825889D42BED10830A189238AD8
:10D4C0000090E2896089FFF757FF0346214628460E
:10D4D000637202B0BDE87040FFF76ABF094B9B69F9
:10D4E000002BA9D0042002B0BDE87040184768683E
:10D4F000F2F7C4FF00289FD0A369002BF3D19BE76C
:10D5000028DB00200CDB00203CDB002070B3F8B5EA
:10D5100086460768164E174D0446BEE80F00B4460F
:10D52000ACE80F009EE8070035608CE80700BFB14B
:10D530003846FFF7DDFE90B923681868596803C5BF
:10D540000D4B0E490E4A18464FF6FF7440F8041F63
:10D550001C800021F2F702FF002818BF0320F8BD4D
:10D560002846FFF7C7FE0028EAD0F8BD0E20704716
:10D570000CDB00203CDB002028DB002044DB00200B
:10D58000F9D2020070B582B006460191019D6DB1DD
:10D5900000242546214601A8F3F7FAFD18B106EB51
:10D5A000450301359C800134142CF3D1304635609D
:10D5B00002B070BD2DE9F04F0388B0F80480103B35
:10D5C0008DB007460A2B33D8DFE803F00649323224
:10D5D0003232323232503500374EB368DB4300937B
:10D5E00071686846F3F7F4FD009901A8FFF7CAFFD8
:10D5F000DDF804A0BAF1000F12D00DF106097C3657
:10D600004FF0000B39F8025F2C4C204629460434B9
:10D61000F3F7B2FDA642F8D10BF1010BD345F1D1DE
:10D62000B8F1130F2BD9264AF0210420F2F7E0FDC0
:10D630000DB0BDE8F08F037A22483F2B4FEA131458
:10D6400041462CD9F3F78CFD1F484146F3F788FD7E
:10D650001E4841460DB0BDE8F04FF3F781BD1C48B0
:10D6600041460DB0BDE8F04FF3F786BD037A002BBD
:10D67000DED1437A13481B074146F2D5EAE7144846
:10D680004146F3F76DFD0D484146F3F769FDFB7B1D
:10D69000012BCDD00F484146F3F762FDC8E7F3F701
:10D6A0006BFD032CD0D008484146F3F765FD022CF2
:10D6B000CED006484146D4E764DB002068DB00207A
:10D6C0005C1205007CDB002078DB002074DB00208E
:10D6D0006CDB002070DB0020132801D91420704778
:10D6E00010B5044621460448F3F752FD08B1204620
:10D6F00010BD142010BD00BF68DB0020AADF7047FA
:10D70000008800F001007047F0B58B7891B0012BD4
:10D7100038BF01230C468DF80E3005460B88ADF856
:10D720000C30164600210322684603F09EFE637CFF
:10D730000022013B8DF80020042B09D8DFE813F00C
:10D74000CF00D300D700DB00050022238DF8003086
:10D75000A37C0022013B8DF80120042B09D8DFE8CF
:10D7600013F0CE00D200D600DA00050022238DF897
:10D770000130E37B217B41EAC301237C41EA0311B1
:10D780009DF8023001F0190123F019031943237D9C
:10D79000002B14BF0223012363F342018DF8021012
:10D7A0001C22002109A803F060FE637B13F0300FF8
:10D7B00074D1637B8DF824301422A37B8DF825303F
:10D7C000002104A803F051FEA288A368ADF81C2034
:10D7D00003AACDF814D004921BB10893E388ADF8E6
:10D7E0001830A369002B36D001AF03220021384640
:10D7F00003F03BFEA269002311888DF804305388A2
:10D80000ADF82E3053680D970A93137BADF82C10AA
:10D81000013B042B2DD8DFE803F0969A9E8A29005D
:10D8200022238DF80530917A137A43EAC103D17A25
:10D83000927B002A9DF8062043EA011322F0190288
:10D8400003F0190343EA020314BF0222012262F328
:10D8500042038DF80630E36903B10C93334604AA02
:10D8600009A92846FFF74AFF11B0F0BD22238DF821
:10D870000430537B0021013B8DF80510042BD2D8D6
:10D8800001A151F823F000BF37D902003FD90200AF
:10D890001FD9020027D9020021D8020002AF0322BB
:10D8A0000021384603F0E1FDE37C0022013B8DF8C6
:10D8B0000920042B07D8DFE803F0525E5A56030014
:10D8C00022238DF809309DF80A300E97012262F369
:10D8D00042038DF80A3011238DF8083069E71123CF
:10D8E0008DF8003034E721238DF8003030E7312304
:10D8F0008DF800302CE712238DF8003028E7112333
:10D900008DF8013035E721238DF8013031E73123DF
:10D910008DF801302DE712238DF8013029E73123EE
:10D920008DF805307FE712238DF805307BE7122351
:10D930008DF804309DE711238DF8053073E721231E
:10D940008DF805306FE711238DF8043091E721231E
:10D950008DF804308DE731238DF8043089E71123E9
:10D960008DF80930AFE712238DF80930ABE731238A
:10D970008DF80930A7E721238DF80930A3E700BF10
:10D9800090DF7047A5DF7047B5DF704770B584B092
:10D990000023ADF80810ADF80A106A4602A9064641
:10D9A000ADF80C30ADF80E300093ADF80430FFF751
:10D9B000E7FF044610B9204604B070BD124B134D6A
:10D9C000ED1AED08F4F766FB2D0445F0010503465A
:10D9D0000F4932462846F1F7A9FFBDF80020BDF8EF
:10D9E000023052EA030103D00A492846F1F79EFFAC
:10D9F000BDF80420002ADED028460749F1F714FFBD
:10DA0000204604B070BD00BFA8CB040050CC040079
:10DA1000B0120500FC1205003C13050008B90E20E9
:10DA2000704700B54FF064134FF01B0E03604FF0CA
:10DA3000640C172241F61B3380F804E00161A0F862
:10DA400006C08260838100205DF804FB8288002A82
:10DA50003FD130B50388242B83B00C4611D80F2B4F
:10DA600033D9103B142B30D8DFE803F0749C2F2FF0
:10DA70002F2F2F2F2F2F2F2F2F2F2F2F2F2F2FA441
:10DA800088003A2B46D0552B1FD1C388C988A27273
:10DA9000172B38BF17238B4228BF0B462381104614
:10DAA000FFF772FF002840F08E80E37A6BB922699D
:10DAB0005AB12189ADF8041040F67720ADF8000086
:10DAC000ADF80230694620469047A37A5BB903B0AF
:10DAD00030BD7047112840F08E80237B627B01218E
:10DAE0009A42A17245D3E1880020FFF74BFF60B353
:10DAF0001128ECD0F4F7CEFA464B47490246474886
:10DB00001B1ADB081B0443F0010003B0BDE83040E2
:10DB1000F1F78ABE4389C98825698B4228BF0B4625
:10DB2000172B38BF1723238165B1E17A51B140F635
:10DB30007721ADF80010ADF80220ADF80430694649
:10DB40002046A84700236381C1E74FF480736381B7
:10DB500003B030BDC27B0B790B73012A0CBF218847
:10DB6000C988228908BFE1808A423AD3627B9A42FF
:10DB7000ABD219460020FFF709FFA6E70B69027A2E
:10DB80004A73002BA1D000214DF67A208DF80510A4
:10DB9000ADF80000ADF802108DF80420694620466B
:10DBA000984792E76421172241F61B33E180A26077
:10DBB000A3818CE7017A237B994228BF1946002074
:10DBC000FFF7E4FE81E7F4F765FA124B14490246C9
:10DBD00012481B1ADB081B0443F00100F1F724FE76
:10DBE00063E70020FFF7CEFE00287FF473AF012229
:10DBF000237BE272BAE7F4F74DFA064B0649024678
:10DC000006481B1ADB081B0443F00100F1F70CFE69
:10DC1000237BABE750CC040094130500A8CB040091
:10DC2000C8130500B0DF704766DF704760B159B1B7
:10DC30000378DE2B0AD009684160DE224FF6FF73BD
:10DC400002704380002070470E2070470820704704
:10DC500038B10378DE2B02D14180002070470820C4
:10DC600070470E20704700BF11B330B5054685B030
:10DC700018B10B78DE2B0C4601D005B030BD808882
:10DC80004B889842F9D10B7A83BB2B88112B49D052
:10DC9000512B12D0012BF0D12B7A012BEDD1012584
:10DCA00025720021FFF7C0FF00284FD12072E4E762
:10DCB0007047A88863888342DFD1AB79022BDCD11F
:10DCC000AA7B02F0FD01042933D0052AD5D1002218
:10DCD0006946C1E901220092CA608DF80030FFF761
:10DCE000A1FF0028C9D063689847C6E70021FFF765
:10DCF0009BFF0346D8B1112818D0636898472B883A
:10DD0000112B0BD0512BD4D0012BB6D12B7AAA8852
:10DD1000012BB2D160889042AFD1C0E7AA88638856
:10DD20009A42AAD14FF6FF736380A6E701232372BC
:10DD3000E5E769460022C1E901220092CA604FF47A
:10DD4000C0728DF80030ADF80420C8E7112804D067
:10DD5000636805B0BDE83040184725728DE700BF05
:10DD60001AB3002370B5044615461360B8B10368B2
:10DD7000ABB1C38813F003060FD10846FFF7ACFC24
:10DD8000C0B214280FD0237983420AD9E2882368CD
:10DD900000FB02302860304670BD072070BD0E20A9
:10DDA00070BD042070BD052070BD0E20704700BFFF
:10DDB000A8DF7047ADDF7047AEDF704762DF7047A6
:10DDC000002957D070B504468AB038B10388502B6B
:10DDD0000D4650D0572B39D0102B01D00AB070BD52
:10DDE00081886869002601AA0196FFF7B9FF082219
:10DDF00031460DEB020003F038FB02232989A0888D
:10DE0000CDF80CD002AA0293FFF7D4FF0028E5D189
:10DE1000AB69002BE2D00398FFF772FC0028DDD03D
:10DE2000019B0BB101221A701822002104A803F0F3
:10DE30001CFBA188019A02238DF81030AB6905956F
:10DE4000ADF81810079204A89847C7E78188686959
:10DE500002AAFFF785FF0028C0D1029B1B78002B88
:10DE6000BCD00146182204A803F0FFFAA188029A48
:10DE70000123E1E770478188686902AAFFF770FF14
:10DE80001822002104A803F0F0FAE3882989A28867
:10DE9000ADF818209942029A0595079210D0AA89E8
:10DEA0009A429BD1AB69002B98D0228AADF82420EE
:10DEB000002112348DF81010089404A898478DE7BB
:10DEC000268A022EEBD1002A88D004F11200FFF737
:10DED00017FC40B1029B01221A708DF81060AB69EB
:10DEE000002BB0D17AE7029A032310708DF810301E
:10DEF000F5E700BF70B5374B0D4604460FCB8EB02B
:10DF00000DF1080C8CE80F00002C60D0002D5ED0C5
:10DF10002B68A36121466046FFF750FF08B10EB0A1
:10DF200070BD2246012512F8023B8DF8063001A98A
:10DF30002846ADF80450FFF73BFF0028EFD101461B
:10DF4000202206A803F091FA22460223ADF81830E9
:10DF500012F80C3B8DF81A30BDF824301E4E608844
:10DF6000079623F44F6323F00F0343F440632B43DE
:10DF700006A98DF829508DF82A50ADF82430FFF706
:10DF8000C3FB0028CBD10146202206A803F06DFA7E
:10DF9000BDF824306088079623F4875323F01F03CD
:10DFA0002246032143F480532B43ADF8181040F26E
:10DFB0000111ADF82A10ADF8243006A912F8043B7F
:10DFC0008DF829508DF81A30FFF79EFBA7E70E2039
:10DFD0000EB070BD3C1505006100010060B3F0B5E6
:10DFE00087B00E461746044601AA406919461D46E9
:10DFF000FFF7B6FED8B94FF6FF739D4219D0019BCB
:10E00000BBB11B78EBB13B88612B17D801461022BE
:10E0100002A803F02AFAA388ADF8083002A9012368
:10E020002846CDE904768DF80A30FFF7C5FE07B023
:10E03000F0BD052007B0F0BD0E207047072007B0E7
:10E04000F0BD0820F3E700BF10DF704711DF704715
:10E0500010B582B00C4904466846F3F7DFFF019B18
:10E0600023B90EE0F3F7F6FF019B53B1D3E900317A
:10E070002046984703466846002BF3D1112002B092
:10E0800010BD002002B010BDAC1505000C4991F880
:10E090001623EC2352091341DB0707D5094B9A6875
:10E0A00052B11A6842F480021A607047064AA121F0
:10E0B00042F20200F2F79CB84FF480030B60704705
:10E0C00000E100E0002F00204C15050070B5284D40
:10E0D0002C7884B0002C46D1264E01232046337084
:10E0E000FFF7B6FF11283BD0234902A8F3F796FFAC
:10E0F000039B4BB1D3E900310020984702A8F3F706
:10E10000A9FF039B002BF5D11C4B00221B68019338
:10E1100002A88DF80820F2F7E3F9194901A8FFF7E2
:10E1200093FFB0FA80F304465B099DF808002B705A
:10E13000F2F70CFAA4B9134B34701C70FFF7A6FF6A
:10E140000D4902A8F3F76AFF039B4BB1D3E90031F5
:10E150000120984702A8F3F77DFF039B002BF5D120
:10E16000204604B070BD0824204604B070BD00BF36
:10E17000E1DB0020E0DB0020C4150500A815050048
:10E180000D020200E2DB0020F0B52A4D2B7883B0AF
:10E19000002B45D0284E01203070FFF759FF112881
:10E1A0003AD026496846F3F739FF019B4BB1D3E9D2
:10E1B0000031022098476846F3F74CFF019B002B83
:10E1C000F5D1002768468DF80070F2F789F9FFF75E
:10E1D0003DFF04469DF800002F70F2F7B7F9E4B94F
:10E1E000174B34709A68FAB9164B4FF48002C3F893
:10E1F000802012496846F3F711FF019B6BB1D3E908
:10E200000031032098476846F3F724FF019B002B59
:10E21000F5D1204603B0F0BD0024204603B0F0BD88
:10E220000824204603B0F0BD1A6822F480021A6068
:10E23000DFE700BFE1DB0020E0DB0020C4150500C4
:10E24000002F002000E100E0054B1B7833B1054BA7
:10E250001B780BB1FFF798BFFFF738BF0820704756
:10E26000E0DB0020E1DB0020014B1878704700BFA5
:10E27000E1DB002000B583B008496846F3F7CEFE25
:10E28000019B43B1D3E9002090476846F3F7E2FED3
:10E29000019B002BF6D103B05DF804FBB815050017
:10E2A00060DF704769DF704761DF7047164B1B788E
:10E2B0004BB330B5154DB7B0CC240DF1020103A816
:10E2C000ADF80240FFF7F0FF88B9294601A8F3F73F
:10E2D000A5FE029B002BF0D0D3E9003103A898479C
:10E2E00001A8F3F7B7FE029B002BF5D1E5E705285F
:10E2F00001D137B030BD064A40F2391137B0BDE820
:10E300003040F1F775BF7047E3DB0020341605009D
:10E31000D015050000295DD070B52F4B0B6084B07F
:10E320000C4605460C22002101A803F09EF80126A8
:10E3300006232268ADF8083001A920208DF804508A
:10E340008DF80660FFF7AEFF0C22002101A803F054
:10E350008CF822688DF8056001A94020FFF7A2FF24
:10E360000C22002101A803F080F864232268ADF894
:10E37000063001A923208DF80450FFF793FF0C22EB
:10E38000002101A803F071F822688DF8046001A94A
:10E390003046FFF787FF0C22002101A803F065F843
:10E3A0004FF4B0632268019301A9A120FFF77AFF1F
:10E3B0000C22002101A803F058F89DF804302268CF
:10E3C000334301A9A0208DF80430FFF76BFF002034
:10E3D00004B070BD0E2070470C26002008B5FFF772
:10E3E0005FFF10B9014B01221A7008BDE3DB00206A
:10E3F00008B5064B1B6803B19847FFF73BFF4FF08A
:10E40000FF310120FAF740F9F7E700BFE8DB002011
:10E4100000B50B4A83B000231068019301A9FAF7F5
:10E42000B5FA019B43B1074B4FF080525A6040BF91
:10E43000BFF34F8FBFF36F8F03B05DF804FB00BFD6
:10E44000E4DB002000ED00E030B50B461149124C32
:10E4500083B00222CDE9002105461049104825600D
:10E460004FF48072F9F78CFA012801D103B030BD66
:10E470000C4B0D480D49C01AC008000440F00100C3
:10E48000F1F79EFC0A4A6B21042003B0BDE830403E
:10E49000F1F7AEBEE4DB0020E8DB0020401605000B
:10E4A000F1E30200A8CB040070CC04004416050080
:10E4B000641605004BDF704710B5134C84B001A8FB
:10E4C000FFF7F8FFA8B9214602A8F3F7A7FD039BC1
:10E4D000002BF4D0D3E900310198984702A8F3F754
:10E4E000B9FD039B002BF5D101A8FFF7E3FF00283E
:10E4F000E9D0052801D104B010BD044A6B2104B055
:10E50000BDE81040F1F774BE3C170500D8160500B1
:10E5100008B5F9F7D5FB002008BD00BF10B584464B
:10E520000B46BCF81020DCF80010BCF908C04068AD
:10E5300084B0BCF1840F14BF0CF1030400240094D8
:10E5400003AC0194F9F71CFA01280CBF03980020D2
:10E5500004B010BD08B5F9F7F5FA002008BD00BFFA
:10E5600000B5002385B0CDE90233EFF30583B3B1E5
:10E5700002AB0093012203ABFAF788F9012814D10A
:10E58000029B43B10A4B4FF080525A6040BFBFF329
:10E590004F8FBFF36F8F039805B05DF804FB03AB9B
:10E5A0000122FAF7F3F80128F5D04FF00040F3E725
:10E5B00000ED00E030B585B0002304460293EFF390
:10E5C000058048B18223019304AB13E9070084E876
:10E5D0000700204605B030BD1346154602AAFAF7DB
:10E5E00089F8012805D00DB90195EDE74023019385
:10E5F000EAE7029B002BB4BF862308230193E3E7DD
:10E600000120F8F773BE00BF10B582B0002401945A
:10E6100008B3EFF3058333B9F8F7DCFF012817D10E
:10E62000002002B010BD01AA2146F9F7B3F8012875
:10E630000ED1019B002BF3D0084B4FF080525A6053
:10E6400040BFBFF34F8FBFF36F8F204602B010BDA6
:10E65000FF2002B010BD802002B010BD00ED00E030
:10E6600010B582B000240194EFF3058393B101A9A2
:10E67000F8F7ACFE012813D1019BA3B10B4B4FF06F
:10E6800080525A6040BFBFF34F8FBFF36F8F204659
:10E6900002B010BD1A461946F8F76AFD012802D0EB
:10E6A000FF2002B010BD002002B010BD00ED00E060
:10E6B00010B5EFF305841CB9F9F7C4F8204610BD76
:10E6C0008224204610BD00BF0129084601D0F8F77A
:10E6D0001FBD10B503220021F8F7F0FC044620B15D
:10E6E00000231A461946F8F743FD204610BD00BF27
:10E6F00010B582B00024019408B3EFF3058333B959
:10E70000F8F768FF012817D1002002B010BD01AA58
:10E710002146F9F73FF801280ED1019B002BF3D0D9
:10E72000084B4FF080525A6040BFBFF34F8FBFF38A
:10E730006F8F204602B010BDFF2002B010BD8020B8
:10E7400002B010BD00ED00E010B582B000240194CD
:10E75000EFF3058393B101A9F8F738FE012813D12F
:10E76000019BA3B10B4B4FF080525A6040BFBFF3E7
:10E770004F8FBFF36F8F204602B010BD1A46194667
:10E78000F8F7F6FC012802D0FF2002B010BD0020EF
:10E7900002B010BD00ED00E010B5EFF305841CB928
:10E7A000F9F750F8204610BD8224204610BD00BF66
:10E7B00010B501FB00F282B010460192F8F7F8F8AC
:10E7C000044618B1019A002102F04FFE204602B023
:10E7D00010BD00BFF8F7ECB8F8F784B900487047EF
:10E7E000ECDB00202DE9F043DFF89890214DDFF8B5
:10E7F0009880214FC9B0D9F80400FFF731FF4FF0DE
:10E80000FF32012104A8FFF7D5FED9F8040000214A
:10E81000FFF7FAFE2B689A69002A21DD002474268E
:10E8200006FB04301549426A90F81EC0808B9B6835
:10E83000009081FB02E1D217C2EBA101BCF1000FF5
:10E840000CBFC646BE46CDE901E10D4A4FF48071CA
:10E8500008A802F089FD2B689A690134A242DFDC26
:10E8600008A802F07EFE08A902460020FEF716F86E
:10E87000C1E700BFC4DC0020541705006766666668
:10E8800058170500B4DC0020501705002DE9F041B1
:10E89000734C744D86B00646F8F78EFA23681B69F0
:10E8A0002B6013F0F1F8002840F0D48000F0D0FE87
:10E8B000DFF8E4810746C8F8000000F087F9024657
:10E8C0006949B2F836C0A1F80CC0B2F834C0674B41
:10E8D0000A60A1F80EC0283292F810C04A600022E7
:10E8E0001A605A6101225A6083F82D2002F1837266
:10E8F00002F101128A605E4A1A615E4A1A625E4A39
:10E9000099625A6203210422C3E9021202229A6127
:10E9100040F601029A8329229A774FF48072D8F840
:10E9200000007B63DA8583F82CC000F009FF002823
:10E9300040F08A80002013F02BFA2368988A13F0A5
:10E94000D1F94E4A0321002013F020F912F062FCA5
:10E95000002873D1286812F07DFC002868D1216856
:10E960002868183112F0D7FC002834D1002E39D194
:10E97000434C444E0FCC0DF1040CACE80F000027C3
:10E980002368CCF8003068460097FFF739FE394617
:10E99000034601A87360FFF7C1FD012302464FF44F
:10E9A000EC603260B360FFF715FF374A33681060E0
:10E9B0002BB320B313F082F848BB2868032112F070
:10E9C00061FC00282ED1314B01221A7006B0BDE83F
:10E9D000F041F8F70DBA2E492E488222F0F7ECFBF1
:10E9E000002EC5D0216828684C3112F0ADFC0028FB
:10E9F000BED0274927488822F0F7DEFBB8E7392147
:10EA0000012001F04DFC13F059F80028D5D0204921
:10EA100020489022F0F7D0FB2868032112F032FC46
:10EA20000028D0D01A491B489322F0F7C5FBCAE74B
:10EA3000174918487E22F0F7BFFB90E714491548A4
:10EA40007B22F0F7B9FB85E7114912487222F0F7F3
:10EA5000B3FB6FE70E490F486922F0F7ADFB25E7DE
:10EA6000B0DC0020DCDC0020C8DC002080DC0020E2
:10EA700080F0A3246CDC00205CDC00209DEA020016
:10EA800004180500B4DC0020C4DC0020E0DC002019
:10EA900090170500001805007CDC00200B4B10B51A
:10EAA0000C462046196812F0B7FE2046FFF794FE88
:10EAB000074B01211868FFF753FD00B910BDBDE8F1
:10EAC00010403C21012001F0EBBB00BFC4DC002062
:10EAD000B4DC002038B5294C23783BBB284C236894
:10EAE000A3B14FF0FF316068FFF78EFDF8F764F9CE
:10EAF0006068FFF7B5FD2068FFF72CFD054678B18B
:10EB00003E21012001F0CCFBF8F772F91D4C206882
:10EB1000FFF762FE00232360BDE8384012F0C6BF55
:10EB20006068FFF7C5FDC4E90055EDE7164D28689C
:10EB300012F0C1FB78B912F0E1FF286812F0D3FBA4
:10EB4000A8B9124D286800F02BFE286800F06EFD71
:10EB500000232370C2E70E480E499D22F0F72CFBDC
:10EB600012F0CCFF286812F0BEFB0028E9D009495A
:10EB70000748A222F0F720FBE3E700BFE0DC00201B
:10EB8000B4DC0020C4DC0020DCDC00207CDC0020C5
:10EB90000018050090170500024B024601201A607C
:10EBA000FFF774BEB0DC0020024B024600201A6062
:10EBB000FFF76CBEB0DC002008B5FDF7E1FDFDF706
:10EBC000DBFD014B186008BDE4DC0020014B186838
:10EBD000704700BFE4DC0020024B1B6893F83C0048
:10EBE000704700BFE4DC0020034B00381B6818BFEF
:10EBF000012083F83C007047E4DC0020806A10B4F8
:10EC000084686469646B0023A4461A465DF8044B6B
:10EC10000321604739B1488F10F0020001D0002075
:10EC20007047488770474FF0FF307047F0B5856AEE
:10EC3000AB68D3E9042683B0D76A084A0C461F2381
:10EC400001212846B84701AB766B002228465721A0
:10EC5000B047019B2360002003B0F0BD20000100FD
:10EC60000802090E704700BF120A42EA03607047AB
:10EC7000826AC368526B926A1944908921F0010339
:10EC80004FF480720021E3FB02017047DDE90001CF
:10EC9000101A63EB010303F0FF011B0648BF61F08C
:10ECA000FF017047826A536B10B59B6A1A68D3786C
:10ECB00092F806E0082BD37A8CBF4FF4FE744FF421
:10ECC000F874BEF1000F0CBF4FF4007E4FF0400E01
:10ECD000DBB1137B4FF0200C0CFA03FC04FB0CFCA3
:10ECE0000CF5285CC9000A4BC06801F2491283FB8D
:10ECF0000243D217C2EBE31303EB430301EB03130D
:10ED00000EFB03C300EB630010BD4FF4285CE9E782
:10ED100035064C63042910B4806A09D0846864699C
:10ED2000246A4FF0FF3CDCB1A4465DF8044B604719
:10ED3000052A01D0092AF1D1042B15D8022B02D8BB
:10ED4000002BEBD10923446BA46A24682270E37082
:10ED5000237184686469246A4FF0000C002CE3D1AD
:10ED600060465DF8044B7047A3F10904032CD5D825
:10ED7000E9E700BF002070472DE9F041866AB368DB
:10ED80008846D1075F6982B0144607D57D6B08F1CC
:10ED9000020300225E213046A84748B9A2070AD5DF
:10EDA0007D6B08F1080300225B213046A84710B1B3
:10EDB00002B0BDE8F081630707D57D6B43460022B2
:10EDC0005D213046A8470028F2D114F00800EFD0AA
:10EDD00098F810205AB10C4B7C6B1B6801930022F1
:10EDE00001AB5A213046A04702B0BDE8F0817C6BF0
:10EDF000ADF80420ADF8062001AB30465A21A047FB
:10EE000002B0BDE8F08100BF801805000020704707
:10EE10000020704710B5806A8368426B5C69926A13
:10EE2000646B118182B040F207135381ADF8041076
:10EE3000ADF80630002201AB5A21A047002002B0F5
:10EE400010BD00BF29B122B1B3FA83F0400940429E
:10EE500070474FF0FF307047B1FA81F149094842DD
:10EE6000704700BF0020704700207047000000007E
:10EE70002DE9F0433C4EC46833683C4D05EB431824
:10EE8000A3685B694FF000095B69C8F80890074602
:10EE900085B0204698473368C8E9000105EB431266
:10EEA000F988C2F80C9000294AD0802928BF802117
:10EEB0005161ADF80C10A168ADF80E9049694F6B27
:10EEC0002B4901EBC313136102934A4602AB212184
:10EED0002046B847A3685B694A465F6B2C210DF159
:10EEE00006032046B847BDF90600336807EE900ACE
:10EEF00005EB4313F8EEE77A188317EE900A02F059
:10EF0000A1F817A3D3E9002301F0DAFF02F074F8A7
:10EF1000616B02462C31204600F070FC33685801CA
:10EF2000144A012B054414BF013300231068A56463
:10EF300008213360FFF714FB40B905B0BDE8F0834A
:10EF4000C2E9041102215801D160E9E73C21012006
:10EF500005B0BDE8F04301F0A3B900BFAFF30080F6
:10EF60000000000084D7F73FE8DC0020F8DD002037
:10EF7000F4DC0020ECDC002008B501F071F8002082
:10EF800008BD00BF70B5164E84B005467068FFF727
:10EF900067FB4FF0FF3201A80F21FFF70BFB029C2C
:10EFA00070680021FFF730FBE1070AD4A2070DD4F7
:10EFB000630710D414F0080F2846E7D018F05AFF62
:10EFC000E4E7284618F0DAFFA207F1D5284618F042
:10EFD0007BFF6307EED50421284618F09FFFE9E781
:10EFE000ECDC002008B5064B02211868FFF7B8FAE0
:10EFF00000B908BDBDE808403C21012001F050B92E
:10F00000ECDC00202DE9F041846A626BA368506853
:10F010005D6982B001F0D8F8F7F7CEFE23681B696E
:10F02000984701F015F8636B434A996A434B0E68A1
:10F030002261A361424A434B6361E2617078A76B2E
:10F0400000F0A6FDB379002B6FD17379012B14BFAB
:10F0500008231023F278D4F84480082A8CBF4FF498
:10F06000FE724FF4F872034402FB03F3626B926A80
:10F070005B101668FB60F378082B8CBF4FF4FE63BF
:10F080004FF4F863BB608CBFFE23F8237B6070787D
:10F0900000F07EFDF278666CB0F5806FD4BF20235F
:10F0A0004023082A8CBF4FF4FE724FF4F87202FB23
:10F0B00003F3626BC8F80030936A1B68587800F05D
:10F0C00067FD636C1A68B0F5806FD4BF20234023BE
:10F0D00090FBF3F002F5FF531F3393FBF2F303446D
:10F0E0000233736003F058F80028FBD02B682046E9
:10F0F00098470546D8B9A3681B690022DE6AADF8B7
:10F1000006200DF106031D212046B047A1680969BC
:10F110000DF10603CE6A00221B212046B047F7F707
:10F1200067FE284602B0BDE8F081082392E7064852
:10F1300000F004FD0725DEE755F40200E5EF0200CC
:10F1400035F4020071EE02002418050070B5446B1E
:10F150008268A36A52691B68566B1D7B82B02023AC
:10F1600003FA05F50C460DF1060300224B21B047CA
:10F17000BDF90630C3EBC3135B0093FBF5F3FE2B25
:10F1800008DC002B0CDB0133DBB2002084F83530C7
:10F1900002B070BDFF23002084F8353002B070BD8E
:10F1A0000123002084F8353002B070BD2DE9F04114
:10F1B000876A82B0054628200E461446D7F8488054
:10F1C000FFF708FBBA6C3060D2E90423C26103B1D7
:10F1D000023B4361638F9A0712D07A6B926AD1899E
:10F1E000D8F80020501AD8F80410A0604FEA122274
:10F1F00042EA016261F10001E160E968521A2260AD
:10F20000D8F80C20D00744BF43F4806363875906C5
:10F2100017D4DA0544BF0022A26200229F0584F8B9
:10F2200035201FD41A0643D4306823F47843456947
:10F2300023F03C036387002D33D0002002B0BDE8EB
:10F24000F081BB685B69384600225F6B33210DF1AA
:10F250000603B847BDF906204AF26663C4E90823ED
:10F26000638FD6E7A86A2146FFF770FF0028E5D133
:10F27000638F18061A46D7D5990519D594F83530F5
:10F280005BB1982B1CD9C3EB831103EB81030D49B0
:10F29000A1FB03139B09793BDBB284F8343013469E
:10F2A000C2E7FFF799FA2846356002B0BDE8F08161
:10F2B000A86A2146FFF74AFF0028BFD1628FDDE729
:10F2C0000123EAE7A1A0A0A070B5846AA3685D69E4
:10F2D0004FF0FF322E6B114620460023B0476D6B76
:10F2E00000232046AC461A46BDE870400321604723
:10F2F0002DE9F04F866AB3685F69137B14468B462D
:10F30000B1FA81F203F03001A1F13001B1FA81F1DB
:10F3100052094909914285B077D1C3F301138DF8A1
:10F3200000307D6B6B46814600221A213046A8478B
:10F33000237B13F0010A38D16368002BD0463EDDF1
:10F34000B3685B693046DB6A002198476268002A2F
:10F350001346B8BF02F1FF031812A368103820EA61
:10F36000E070002B40D1736C5B68CDF80080B2F583
:10F37000885FCDE90103A4BF4AF002030393B36899
:10F38000B8BFCDF80CA05B699C68BBF1000F25D01D
:10F39000DBF81420DBF81C1002326B463046A04725
:10F3A000002835D105B0BDE8F08FD9F80C302268BF
:10F3B00002EB03086368002B4FF0010AC0DC002356
:10F3C0004FF0FF30CDE90103B368CDF80CA05B69C5
:10F3D000CDF800809C68BBF1000FD9D16B465A462E
:10F3E00059463046A047DBE7591C0CD0D9F8281005
:10F3F000496C096801EB4303013B93FBF1F3716C2A
:10F4000049680B44B1E70023AFE76FF01500C9E787
:10F410006B46002257217C6B3046A0470348009A78
:10F42000414600F08BFB6FF03D00BBE74018050044
:10F430000020704708B5064B04211868FFF790F8C4
:10F4400000B908BDBDE808403C21012000F028BFFC
:10F45000ECDC002008B5064B01211868FFF780F8A6
:10F4600000B908BDBDE808403C21012000F018BFEC
:10F47000ECDC00202DE9F043846A0B7AA26885B0A9
:10F480005669C3F301130F468DF80430756B01AB59
:10F4900000221A2181462046A847397AA36811F034
:10F4A000010818BF3D685B691ABFA5F580554FF08C
:10F4B0000108454611F00201DB6A18BF0121204610
:10F4C00098477B687BB9636C5B68CDF80C80CDE9AD
:10F4D0000153A3685B6901A9DB682046984798B986
:10F4E00005B0BDE8F0835A1C0CD0D9F82820526C26
:10F4F000126802EB4303013B93FBF2F3626C526828
:10F500001344E2E70023E0E701AB00225721766BCA
:10F510002046B0470348019A294600F00FFB6FF0E0
:10F520003D00DDE7601805002DE9F043856A4B6A70
:10F53000AA68202B566985B00C466AD0402B0FD0A4
:10F54000802B6AD0B3F5807F65D0B3F5007F66D09D
:10F55000B3F5806F65D0B3F5006F64D1062300E08A
:10F560000123226A012A5EDC8DF800306A6B926A00
:10F57000D2F8008098F80C209A42E94618D0776BB0
:10F580004B46002296212846B8470028B8BF6FF0A6
:10F5900001000ADB9DF8003088F80C30776B434699
:10F5A000002297212846B84710B105B0BDE8F08386
:10F5B0002369776B1BBA039363691BBA0293A36930
:10F5C0001BBA0193E3691BBA009300224B46152135
:10F5D0002846B8470028E8D1216809BA0391616834
:10F5E00009BA02460291A068E168746B00BA09BAD0
:10F5F000019000914B4616212846A0470028D4D1FF
:10F6000003460246746B28461721A04705B0BDE8A3
:10F61000F0830023A5E70323A3E70223A1E7042344
:10F620009FE705239DE76FF01500BEE778B110B5A1
:10F630000446006DFFF7D0F8606CFFF7CDF8206C42
:10F64000FFF7CAF8A06BBDE810401AF033BB704753
:10F65000F0B5354E83B0542031461AF071FA0446A5
:10F66000002859D0856A4FF41670C5E90E46FFF799
:10F67000B1F82864002843D00820FFF7ABF868648D
:10F6800000283AD0294B00265B682B60FF2285F8C2
:10F690004C208DF803601F682E6501AB04220DF12C
:10F6A00003010120B847224B2248AE608342019EED
:10F6B00020D2D3E9002172400A4208BFAB601C335C
:10F6C0008342F6D3AB68ABB1626A1B4971235360C6
:10F6D0004FF4807012692160D021C4E9040110A1A7
:10F6E000D1E900012362154BA361C2E9000128465C
:10F6F00003B0F0BD686CFFF76FF8286CFFF76CF88B
:10F70000286DFFF769F8686CFFF766F8286CFFF75B
:10F7100063F8A86B1AF0CEFA0025284603B0F0BDB6
:10F7200057EB1CE4D62C55D698180500181C05007C
:10F73000B4CC040008CD04000098E00E00F03C00BA
:10F74000F0B5054687B0806B124F134C1AF000FBE2
:10F750000023064668460093FEF752FF78600FCC00
:10F760000DF1040CACE80F002368A96BCCF8003055
:10F7700001A8FEF7D3FE0346A86B3B60FFF742FCEF
:10F78000284602F0CDFC054B024630461A6007B011
:10F79000F0BD00BFECDC002084180500F4DD002083
:10F7A00070B5144C23680546A3B14FF0FF31606873
:10F7B000FEF72AFFF7F700FB6068FEF751FF2068AD
:10F7C000FEF7C8FE064670B13E21012000F068FD3C
:10F7D000F7F70EFBA86B1AF0FDFA074BBDE8704077
:10F7E000186802F09DBC6068FEF762FFC4E900661D
:10F7F000EEE700BFECDC0020F4DD002070B506462B
:10F80000104614460D4601F04EFD64281ED904F141
:10F81000320307EE903A9FED0E7A2A78F8EEE77AF7
:10F820002B4667EE877AFDEEE77A17EE901A521AAA
:10F8300052B282F306022A70B1680869C46A0022D3
:10F840003046A4463F21BDE87040604770BD00BF10
:10F850000E745A3C70B5012304464370C380838103
:10F8600000264FF482438670A36091F82330022B68
:10F870000CBF03233346637191F82030237091F855
:10F880002130E3702371B1F83930A3824B682361D2
:10F890000B6B236210460D46FFF7A6F9FFF79CF9A4
:10F8A000012806BF40F20113238326832B7AA37617
:10F8B000AB7A84F8333095F82330022B18BF00233D
:10F8C00084F83430D5E90513EA696262E162B3FB7A
:10F8D000F2F3A3626B7AE3766A7C0023D21A18BF34
:10F8E000012284F83020EA7A84F84320AA8FA28388
:10F8F00095F83B10E166A4F84C2095F83E2084F87A
:10F900003C2095F83F2084F83B2095F8402084F86F
:10F910003A2095F8412084F8392095F8422084F85F
:10F92000382095F8432084F8372095F8442084F84F
:10F93000362095F8452084F8352095F8202084F865
:10F94000312095F8210084F832004FF6FF71012232
:10F9500084F83D30E187A4F8402084F8423084F8F0
:10F96000443084F8463070BD30B585B0FEF736FFC0
:10F970000546FFF72BF91B4C6068FEF771FE42F25B
:10F98000107201A80721FEF715FE00216068FEF73E
:10F990003BFEFBF709F9019B402BEDD0FFF79AF8EE
:10F9A00000F056FB029B022B04D0042B0ED002F079
:10F9B0004FF9E1E7FFF70AF9012200F13C0128467F
:10F9C000FFF748FF2846FFF7E7F8D5E7FFF7FEF80F
:10F9D000002200F13C012846FFF73CFF2846FFF7D4
:10F9E000E3F8C9E738DE002070B586B0FFF7E4F829
:10F9F00000F070F800F090F8B8B90026684600965C
:10FA0000FEF7FEFD0F4D104C68600FCC0DF1040C9D
:10FA1000ACE80F002368CCF80030314601A8FEF7AF
:10FA20007DFD286038B106B070BD084AB1211320B1
:10FA3000F0F7DEFBE1E70420044ABC21F0F7D8FB35
:10FA400006B070BD38DE00207819050010190500D9
:10FA5000074B10B51C68FFF7BFF810F0010F18BF77
:10FA60000221204608BF0421BDE81040FEF778BD02
:10FA700038DE0020024B01211868FEF771BD00BF7F
:10FA800038DE0020704700BF08B54FF0A0430C22BD
:10FA9000C3F82027F9F722FB88B10020F9F70AFC08
:10FAA000F9F75CFC0028FBD00020F9F73BFBFFF7DF
:10FAB000E9FFBDE808404EF6602000F07DB8F9F798
:10FAC00013FB0028E9D0024A2B21F0F791FBE4E771
:10FAD0008C19050070B50320F9F762FA0D4DFFF798
:10FAE000D3FF062645F001050020F9F729FA012089
:10FAF000F9F726FA0220F9F723FA0320F9F720FA9A
:10FB0000FA244FF47A40A847013CFAD1013EEBD1E8
:10FB100070BD00BF101A050008B5032000F0E0FA20
:10FB200000F06EFB00F094FA00F0A2FABDE8084085
:10FB3000014802F0A9BA00BF181C05000FB410B5A7
:10FB4000124C84B006ABD4F8000253F8042B039394
:10FB500004EB8010402101F007FCD4F8001204EB04
:10FB600081110846019101F0FCFC01990246002038
:10FB7000FCF794FED4F80032013303F00703C4F815
:10FB8000003204B0BDE8104004B0704748DE0020E9
:10FB900001380C289ABF034B53F820004FF0FF3078
:10FBA000704700BF181A0500024A1368013313603A
:10FBB000704700BF50E0002010B5134B044693E897
:10FBC000070084B001AB83E807001049029418468F
:10FBD000FAF772FF38B90E48FBF708F860B9FAF780
:10FBE000C1FF04B010BD0B4A2821F0F701FB084803
:10FBF000FAF7FCFF0028F2D0064A2A21F0F7F8FABB
:10FC0000FAF7B0FF04B010BDC41A0500A9FB02004A
:10FC10004CE000204C1A0500014B01221A7070477D
:10FC2000E5E100200120704770B5134D2B78012BC2
:10FC30001DD0022B1CD01148114A016941620023DA
:10FC400000F11C01FBF74AF860B90E4C01232B7040
:10FC50001C434FF47A40A04723464FF47A40BDE856
:10FC600070401847084A7B21F0F7C2FAEDE770BDF3
:10FC70000648FAF793FADEE7E4E100202C2600209C
:10FC800019FC0200501B0500D01A05003026002088
:10FC90000E4B10B59C692F2C09D81F2C0CD84FF097
:10FCA000A042012303FA04F4C2F80C4510BD084930
:10FCB00040F2CD1001F026F8064A04F01F0401239B
:10FCC00003FA04F4C2F80C4510BD00BF2C26002036
:10FCD000C40C0500000300500E4B10B59C692F2C7E
:10FCE00009D81F2C0CD84FF0A042012303FA04F4CA
:10FCF000C2F8084510BD084940F2CD1001F002F8E5
:10FD0000064A04F01F04012303FA04F4C2F808456C
:10FD100010BD00BF2C260020C40C050000030050BD
:10FD200070B52C4D2B78022B4ED0012B4DD02A4C88
:10FD30002A4A61696162002304F11C012046FAF736
:10FD4000CDFF00283BD1267F2F2E334625D81F2EEE
:10FD500028D84FF0A042647F03F5E07340F20131F0
:10FD60002F2C42F82310234620D81F2C23D84FF0E5
:10FD7000A04203F5E07340F20331194C42F823101E
:10FD800002232B7044F001044FF47A40A04723462D
:10FD90004FF47A40BDE870401847124940F2CD1048
:10FDA00000F0B0FF104A06F01F03D4E70D4940F2FF
:10FDB000CD1000F0A7FF0C4A04F01F03D9E70B4A4F
:10FDC0009821F0F715FABEE770BD0948FAF7E6F991
:10FDD000ADE700BFE4E100202C26002019FC020062
:10FDE000501B0500C40C050000030050D01A05008C
:10FDF0003026002038B5254B98BB01214FF08042BA
:10FE0000197019734FF0A051C3E90421204C214D02
:10FE10005C6018729C692048D86100214FF602701E
:10FE20002F2C83F82C1018845A6219850AD81F2C9D
:10FE30000DD84FF0A04304F5E074032243F82420CA
:10FE4000284638BD154940F2CD1000F05BFF04F0A4
:10FE50001F04134B04F5E074032243F824202846C2
:10FE600038BD03280ED10F4918704FF0804201248D
:10FE7000022059604FF0A051C3E904210A4D1C73C0
:10FE80001872C7E71A690025C4E700BF2C260020B6
:10FE900000300040581B05002F2D2E2CC40C0500EF
:10FEA0000003005000F00240741B05002DE9F04FE4
:10FEB00000EB020BBBF1C80F85B045DCDFF8A4A056
:10FEC0009AF82C40064617469846002CFDD10E9B0A
:10FED00093F82C30012B3BD00E9BDFF88C90DAF896
:10FEE00004201D4D012083F82C000720C2F80005D6
:10FEF0003246484601F090FA21463A4609EB0600A0
:10FF000001F0B3FA2C7022461448154CCDF800903D
:10FF10006946CDF804B0CDF80CB00294FAF7C2F9F6
:10FF200029780029FCD03A46A119404601F074FA1C
:10FF3000DAF804200023C2F800350E9A184682F839
:10FF40002C3005B0BDE8F08F042005B0BDE8F08F7F
:10FF50004FF0FF30F5E700BFE5E10020302600203C
:10FF60001CE100202C26002054E0002010B582B0B7
:10FF7000024C0094FFF79AFF02B010BD2C2600201F
:10FF80002DE9F04F00EB020885B0B8F1C80F0E9FC5
:10FF90003CD8DFF8949099F82C40054616469B46CD
:10FFA000002CFDD197F82C30012B33D0D9F8043038
:10FFB000DFF878A0012287F82C200722C3F800255B
:10FFC00050462A4601F028FA324659460AEB050007
:10FFD00001F022FA114D124B1248CDF800A0224632
:10FFE0006946CDE90183CDF80C802C70FAF75AF9F7
:10FFF0002B78002BFCD0D9F804200023C2F8003560
:020000040003F7
:10000000184687F82C3005B0BDE8F08F042005B005
:10001000BDE8F08F4FF0FF30F5E700BFE5E10020CD
:100020001CE10020302600202C26002054E0002077
:1000300010B582B0024C0094FFF7A2FF02B010BDD1
:100040002C260020014B1B68DB681847ECE10020E0
:10005000024B1B681888F9F723BC00BF5C26002000
:10006000024B1B6801211888F9F782BB5C2600202F
:1000700070B50B4D0B4C4FF480730322C5F820274D
:1000800044F00104C5F80C354FF4FA40A0470023B2
:10009000C5F8203704482346BDE87040184700BF24
:1000A00000030050101C05000077010038B5084D12
:1000B000084C2B681B68984744F001044FF4FA4041
:1000C000A0472B685B6898470348A047002038BDCD
:1000D000ECE10020101C050000770100FFF7E6BFEF
:1000E00010B50446002002F02BF82046FFF782FEF0
:1000F000074C206018B1BDE8104083681847012004
:10010000142100F0CDF82068BDE81040836818473E
:10011000ECE1002010B5074C23681888F9F71AFCA9
:1001200008B9002010BD23681888F9F7B9FB002032
:1001300010BD00BF5C26002000B97047024B1B6851
:1001400001211888F9F714BB5C260020F8B5174D7B
:10015000174E184F08E01F2C12D8D3F81035D34093
:10016000DB0715D502F02CF82A6814882F2C4FF0E5
:10017000A0432246EFD9394640F2CD1000F0C2FD2F
:10018000334604F01F02D3F81035D340DB07E9D41F
:10019000094B1C78012C00D0F8BD084B02201870C8
:1001A00001F0ECFF064B1C70F8BD00BF5C26002080
:1001B00000030050C40C0500E6E10020E7E1002048
:1001C000E8E10020FFF7C2BF10B50446F6F7F4FDE2
:1001D000084B1B681888F9F763FB44B9064A074BBC
:1001E000002414701C70F6F703FE204610BDFFF7C4
:1001F0003FFFF3E75C260020E6E10020E7E1002076
:1002000000B583B0F9F7F6F910B103B05DF804FB5F
:10021000F9F7A8F9B8B9124B124A1B68ADF80430C7
:10022000180C4FF0010C8DF8060001A92A208DF85A
:1002300005C0F9F7E9F960B900212A20F9F798FA21
:1002400003B05DF804FB084A40F22B11EFF7D0FF32
:10025000E1E7054A40F23111EFF7CAFFECE700BFD2
:10026000081C0500C5010300901B050050B138B5FE
:10027000054D044645F001054FF47A40A847013C7E
:10028000FAD138BD704700BF501C050020B1034BA8
:10029000800143F001031847704700BF501C050060
:1002A0002DE9F84F1B4B196090B31B4DDFF86CA084
:1002B0008B4645F001054FF0A048BBF1000F26D05A
:1002C000D9464FF4005703269AF80000FAF7CEFCFF
:1002D0006424C8F80C754FF47A40A847013CFAD161
:1002E000C8F8087564244FF47A40A847013CFAD155
:1002F000013EE9D14FF47A744FF47A40A847013CAB
:10030000FAD1B9F10109DED1BBF1000FD8D1FEE776
:10031000BDE8F88FF0E10020601C05004CE00020F3
:10032000F0B5CDB004460D4616461F462849802339
:10033000022203A80293F5F721FC10B348F21953E7
:10034000984216D848F20253984230D9A0F5054099
:10035000033816282BD8DFE800F036322A2A2A2A5A
:100360002A2A2A2A2A2A2A2A2A2A2A2A2E2A2A2AE9
:100370002E0048F26053984219D16FF049004DB0F9
:10038000F0BD214603A8F5F72BFC0028D6D102AB1F
:10039000009332463B46294603A8F5F739FC00286E
:1003A000CCD103A8F5F7FEFB0028E8D0C6E76FF034
:1003B00015004DB0F0BD6FF00B004DB0F0BD6FF00B
:1003C0000F004DB0F0BD6FF05E004DB0F0BD00BF4E
:1003D000E809050010B582B001904C20FEF7FAF94B
:1003E0000549019A0446F6F70DF800280CBF20468F
:1003F000002002B010BD00BF4C0A050010B5044635
:10040000F6F718F800B110BD2046BDE81040FEF721
:10041000E3B900BF10B588B0CDE900230A9C04946D
:1004200002940B9C03940C9C05949DF83440069414
:100430000A460D230121F6F713F808B908B010BDDC
:1004400048F2195398421AD848F20253984212D9E6
:10045000A0F50540033816280DD8DFE800F01A2073
:100460000C0C0C0C0C0C0C0C0C0C0C0C0C0C0C0CCC
:100470001D0C0C0C1D006FF0150008B010BD48F2EB
:100480006053984214BF6FF015006FF0490008B038
:1004900010BD6FF05E00D1E76FF00B00CEE76FF09C
:1004A0000F00CBE710B588B0CDE900230A9C049477
:1004B00002940B9C03940C9C05949DF83440069484
:1004C0000A460D230021F5F7CBFF08B908B010BD8F
:1004D00048F2195398421AD848F20253984212D956
:1004E000A0F50540033816280DD8DFE800F01A20E3
:1004F0000C0C0C0C0C0C0C0C0C0C0C0C0C0C0C0C3C
:100500001D0C0C0C1D006FF0150008B010BD48F25A
:100510006053984214BF6FF015006FF0490008B0A7
:1005200010BD6FF05E00D1E76FF00B00CEE76FF00B
:100530000F00CBE738B505464FF49270FEF74AF945
:10054000074901220446F5F719FB30B92946204630
:10055000F5F746FB08B9204638BD0024204638BDD3
:100560000C0A050010B50446F5F71CFB00B110BDE0
:100570002046BDE81040FEF72FB900BF10B584B08B
:1005800003AC00940392F5F743FB08B904B010BD27
:1005900048F2195398421AD848F20253984212D995
:1005A000A0F50540033816280DD8DFE800F01A2022
:1005B0000C0C0C0C0C0C0C0C0C0C0C0C0C0C0C0C7B
:1005C0001D0C0C0C1D006FF0150004B010BD48F29E
:1005D0006053984214BF6FF015006FF0490004B0EB
:1005E00010BD6FF05E00D1E76FF00B00CEE76FF04B
:1005F0000F00CBE741DF7047F0B585B00546FDF74A
:1006000033FE00283ED172B65E4CD4F80475F7F77D
:1006100027FF88B35C4EAE4228BF2E46F31923F065
:100620007F430122C4F80823C4F840350023C4F8EE
:100630004031D4F840310193019B4FF48033C4F82A
:100640000433BFF34F8F002D48D1C4F80833C4F8EA
:100650004051D4F840310393039BC4F80051D4F8BF
:1006600000310293494B0299C4F804234FF400313E
:10067000D4F80425C3F88011FDF7F6FDE8B962B699
:1006800005B0F0BDEFF3108172B6414B9A6882B9A4
:100690003E4A404C01209860D2F88000204018600B
:1006A000C2F88040D2F8840058604FF0FF33C2F89F
:1006B00084300029A8D162B6A6E7354B9A68002A93
:1006C000DED0EFF3108172B6304A186810605C68B3
:1006D0005460002098600029D2D1D0E7FDF7C4FD16
:1006E000002845D1F1EE103A23F09F03E1EE103AD5
:1006F000F1EE103A254C4023C4F88431FDF7B4FDE7
:1007000068BB30BFD4F80021D4F804311343F8D0CB
:100710001C4B00224FF48031C3F80813C3F840216A
:10072000D3F8401103910399C3F80021D3F80021B5
:10073000029201220299C3F80423D3F80405134B53
:10074000C01B20F07F40B0424FF4003228BF30463B
:10075000C3F8802100288FD0F7F704FB8CE7FFF760
:1007600049FF0028D4D00C4A6A21EFF741FDCFE7BA
:10077000FFF740FF0028BBD0074A5A21EFF738FDAA
:10078000B6E700BF00100140FDFFFF0000E100E000
:10079000002F0020FC06FFBD681C050076DF7047B7
:1007A00078DF70477ADF70477CDF70478FDF7047F4
:1007B00008B506480321FCF74BFD00B908BDBDE8AC
:1007C0000840034A4FF4EC71EFF712BDF4E100204A
:1007D000EC1C0500014ADD21EFF70ABDEC1C050009
:1007E000024A4FF48C71EFF703BD00BFEC1C05000B
:1007F00010B50388262B82B0044612D80F2B1AD9C5
:10080000103B162B17D8DFE803F0294316161616EF
:100810001616161616161616161616181616161676
:1008200064003B2B4BD0562B05D180881321FFF75A
:10083000B5FF00283FD102B010BD002380888DF89D
:10084000043001A98DF80530FFF7B0FF0028F2D081
:10085000264A40F27D11EFF7CBFCECE7244B25480C
:100860002549C01AC008000440F00300EFF7A8FAB9
:10087000224BA18822481980FDF7EAF90028DAD036
:100880001A4A40F26B1102B0BDE81040EFF7B0BC5D
:10089000174B18481B49C01AC008000440F0030059
:1008A000EFF78EFA154B4FF6FF721A8002B0BDE8D3
:1008B000104001F053BA0D4A40F28D11E3E78088F1
:1008C0001321FFF76BFF0028B5D0084A40F28511CD
:1008D000D9E7BFF34F8F0C490C4BCA6802F4E062B2
:1008E0001343CB60BFF34F8F00BFFDE7EC1C050047
:1008F000A8CB040008CC0400541D05006426002089
:1009000004E30020601D050000ED00E00400FA058E
:1009100070B582B00D4E0E4DADF80610044633880A
:100920000DF1060221462846FDF758FB082804D0A1
:100930001328F4D0052800D008B902B070BD054ACC
:1009400040F24321EFF754FC02B070BD6426002052
:1009500068260020EC1C050070B50578022D96B0C5
:10096000044629D0032D02D075B116B070BD464B98
:1009700046484749C01AC008000440F00300EFF79A
:100980001FFA2578002DF0D1A68A2469002E77D091
:1009900023780B2B4DD00C2B1AD00A2B3B483A4B0B
:1009A00020D03C49C01AC008000440F0030016B033
:1009B000BDE87040EFF704BA334B34483649C01AEB
:1009C000C008000440F00300EFF7FAF92578C9E702
:1009D00001F0C4F90323012101A88DF80430FFF7C9
:1009E00097FFC2E7C01AC00800042C4940F003007A
:1009F000EFF7E6F92946512201A800F036FD012360
:100A000005A90DF1150014228DF809208DF8043088
:100A10008DF805308DF806508DF807508DF8085088
:100A200001F0A8F99DF8141001A81131FFF770FF2B
:100A30009BE7FEF7CBF8711E00F13C02C9B2601CC7
:100A400001F020F9831C12D0013007D002230121CC
:100A500001A88DF80430FFF75BFF86E70B480A4BCF
:100A60000F49C01AC008000440F001009FE7074882
:100A7000054B0C49C01AC008000440F0010096E77D
:100A80000248014B08498DE7A8CB040008CC0400BC
:100A9000881D0500201E0500701D0500CC1D0500E9
:100AA000F01D0500001E0500A41D050008B5037813
:100AB00003B108BD064B3B211888FFF76FFE0028E5
:100AC000F7D0BDE80840034A40F20D11EFF790BBA4
:100AD00064260020EC1C0500032800D07047054860
:100AE000054B0649C01AC008000440F00300EFF7A8
:100AF00067B900BF08CC0400A8CB0400381E05006D
:100B000010B5ACB00446FDF7E1FA002840F09E8035
:100B1000002301A901200193FDF7FCFB002840F010
:100B2000CB8001A8FDF75AFC002840F0BF801123BC
:100B300020468DF8003000F014FD214682B2684650
:100B4000FFF732FE002840F0AC8040F24130FFF762
:100B500027FE002840F0A0800822002101A800F014
:100B600084FC0623C8245022ADF8083001A84FF4B5
:100B7000C863ADF80420ADF80640ADF80A30FFF7C1
:100B800011FE002840F083804E480021FCF746FF0C
:100B9000002877D14C4B4D48019301A9FDF746F849
:100BA00000286AD100210422684600F05EFC484B10
:100BB000484800936946FDF79DF9002858D1AC22BA
:100BC000002101A800F051FC012343491591ADF823
:100BD00050304FF496718DF8803044F250633F4AA4
:100BE0002391022424933E488DF804404FF4C063BF
:100BF00001A92A92ADF80630FCF7ACFA90BB384850
:100C00000121FCF7A3FA1C22002101A800F02DFC11
:100C100041F288340023CDE901343249324AADF83B
:100C2000123047F23054039401A80324CDE9061290
:100C30008DF810408DF81430FCF768FC60B92B4833
:100C400000212CB0BDE81040FDF7FEBB284A4FF450
:100C5000D371EFF7CDFA5BE7254A4FF49771EFF7C1
:100C6000C7FAECE7224A4FF4E771EFF7C1FAC6E79B
:100C70001F4AF921EFF7BCFAA1E71D4AF121EFF76E
:100C8000B7FA8FE71A4AD021EFF7B2FA82E7184A8B
:100C90002146EFF7ADFA77E7154ABE21EFF7A8FA3C
:100CA0005AE7134ABB21EFF7A3FA4EE7104A4FF475
:100CB000D871EFF79DFA3AE70D4A4FF4D671EFF786
:100CC00097FA2EE7ECE20020D507030004E30020AA
:100CD000590903006826002060260020D90A030075
:100CE000F4E10020AD0A0300E1070300B1070300AF
:100CF000EC1C050008B5EEF7EBFB0028FBD1F7F77D
:100D000055FAF8E703460A4601481946EFF770BA64
:100D1000EFBEADDE014B1868F6F782BF10E300208E
:100D2000F0B54FF48041C7B00020EEF779FB002802
:100D300040F09780EEF7EEFAF8F7D6F9002840F089
:100D40008B804A4A4A48136943F004031361FFF752
:100D5000D7FE484A484949480123CDE900320023DB
:100D60004FF48072F6F70CFE012804D0444A8F211C
:100D70000420EFF73DFA434C434B444A4449009466
:100D8000444800F03BFF002000F076FFFEF72CFE09
:100D900031202E21322330228DF808008DF80F00EB
:100DA0008DF8091037208DF80B1000262D218DF8B5
:100DB0000E308DF812308DF813308DF80A208DF832
:100DC0000C208DF80D108DF810208DF811008DF885
:100DD000146001F0ADF9074611F074F82E4A2F495E
:100DE000054606A800F0D4FA06AB214A2C49044671
:100DF000181800F0CDFA06AB04441819294A2A49FC
:100E000000F0C6FA06AB04441819284902AA00F0FB
:100E1000BFFA06AB0444181925493A4600F0B8FA5F
:100E200006AB0444181923492A4600F0B1FA06AB70
:100E300004441819204A214900F0AAFA06A92218E8
:100E40003046FBF72BFDFDF763FB0D4C2246B4212A
:100E50000F20EFF7CDF9F9E7094A7A21EFF7C8F942
:100E60006FE7074A4E21EFF7C3F963E700ED00E0B3
:100E70002012050010E30020AC1E0500F50C030055
:100E80004C1E0500516102002D620200F16102005A
:100E900075FA020051FA020008120500B41E05009E
:100EA000C81E050038120500D81E0500E41E050006
:100EB000241F0500F41E0500001F05000C1F05007F
:100EC000F0B540F2FF7681EA030C16EA115E1EBF10
:100ED000B64516EA1355B5425AD021EA465141F4B7
:100EE0008011A1FB024723EA465343F48013AE442A
:100EF000A0FB03650CF0004C36197D41A1FB0347B4
:100F000047F10003A0FB0217F619654153F10003F6
:100F1000094218BF46F0010640F2FE74B3F5007FA7
:100F200013D2AEF5806EA6452BD24CEA03312803CE
:100F300041EA155140EA16503203450872F1004269
:100F400050F1000051EB0E51F0BDAEF2FF3EA64550
:100F500017D24CEAC321E80241EA555140EA565003
:100F6000F202450872F1004250F1000051EB0E51BF
:100F7000F0BD0CF0004141F0FE4141F47001002051
:100F8000F0BD1EEA0E0FF4D50CF000410020F0BDBC
:100F900016EA115F04BF01F000410020004218BFB3
:100FA00041F0010116EA135F04BF03F00043002281
:100FB000124218BF43F0010306EA1354B44218BFAB
:100FC0009EEA060F03D00CF000410020F0BD21F096
:100FD000004123F00043B1EB065F06D8B3EB065F98
:100FE00003D8002918BF002BC3D140F20001C7F677
:100FF000F8710020F0BD00BFC1F30A5340F21E4259
:10100000D21A0EDD202A0AD8CB0243EA505040F013
:101010000040D04090EAE170B0EBE17070470020F2
:1010200070474B00004218BF43F0010313F5001F47
:1010300088BF21F0004111F0004058BF6FF0004020
:10104000704700BFC0F3C75191B142004FEA4070F2
:101050004FEAD2014FEA310101F16051B2F17F4F05
:1010600038BF704701F1605118BF41F4002170474B
:1010700010F000410020704753EA020C61D02DE9C6
:10108000F04BB3FA83F51E0007BFB2FA82F502FAFD
:1010900005F403FA05F41646C5F120051EBF22FA31
:1010A00005F73C43203556EA044C4FEA144418BF78
:1010B0000134A3464FF00009C846904271EB030C7F
:1010C00039D3094207BFB0FA80F700FA07F6B1FA40
:1010D00081F701FA07F6C7F120071EBF20FA07FCC7
:1010E00046EA0C062037B6FBFBFC7F1B103F07F0DF
:1010F0001F04C4F120060CFA04F42CFA06F644BFCF
:1011000034460026202FA4BF2646002454EA060CAD
:1011100008BF012418EB040849EB0609A4FB027C74
:10112000C01B06FB02CC04FB03CC71EB0C0190420C
:1011300071EB030CC5D20B46024649464046BDE85A
:10114000F08BB2FBF3F22DE9304081EA03040D4647
:10115000002906DA6FEA00006FEA0101013041F16F
:101160000001002B06DA6FEA02026FEA0303013284
:1011700043F10003FFF780FF002C06DA6FEA00005E
:101180006FEA0101013041F10001002D06DA6FEA3A
:1011900002026FEA0303013243F1000330BD000095
:1011A0007F2805D8034B185C034B5B5C18407047E5
:1011B00000207047381F0500B81F0500A0F161032B
:1011C000192B98BF20387047A0F14103192B98BF05
:1011D000203070477F2805D8034B185C034B5B5CBD
:1011E0001840704700207047381F0500B81F0500E1
:1011F000A0F16103192B98BF20387047A0F141037B
:10120000192B98BF203070477F299ABF01700120A9
:101210006FF02E0070475AB10A787F2A0AD800B1C1
:101220000260002119605960501A18BF01207047F0
:10123000002070476FF02E00704710B50446084636
:10124000A2684AB12368616803F1010C8C4508BFAC
:1012500000208B4208D2D054E3682BB12168626829
:10126000914201D22146984723680133236010BD83
:1012700070B54C1E09D41646C5B229463046FFF754
:10128000DCFF013CB4F1FF3FF7D170BD10F0100F4F
:1012900008D108B510F4007F14BF30202020FFF7DC
:1012A000E7FF08BD70470028B8BF40427047000004
:1012B00008B5034B5B689B681B68984708BD00BF77
:1012C0008C26002008B50921FFF7F2FF08BD70B594
:1012D00004460D460846FDF77DFA064658B154B15E
:1012E00054F8042CAA4228BF2A46214600F094F85C
:1012F0002046FDF771FA304670BD9AB330B594467A
:101300000F2A18D902460B4640EA010414F0030FD5
:1013100002D00CF1FF3C11E01946104604320433B0
:101320000C680568A54206D110461946ACF1040CBC
:10133000BCF1040FF0D8BCF1010C0FD00A460346F3
:1013400084441146184601330132047891F800E0D4
:10135000744503D1184611466345F2D100780B78E5
:10136000C01A30BD002070470CB400B587B008AA81
:1013700052F8043B05920390002004900291194614
:1013800001A800F01FF907B05DF804EB02B0704748
:101390000EB400B586B007AA52F8041B059203905C
:1013A000002304936FF00043029301A800F00AF9B0
:1013B00006B05DF804EB03B07047D2B110B5144627
:1013C000012A12D00A460346204400F1FF3E11468E
:1013D000184613F8014B44B1013291F800C0A445FE
:1013E00003D1184611469E45F1D100780B78C01AFA
:1013F00010BD00207047037853B159B10144034632
:1014000013F8012F12B18B42FAD10B46181A70470C
:101410000346FBE70346F9E7844640EA010313F07D
:10142000030F18D18446202A0BD32DE9F007B1E829
:10143000F807A0E8F807A2F12002202AF7D2BDE8B9
:10144000F007042A07D351F8043B40F8043BA2F10B
:101450000402042AF7D2002A05D011F8013B00F853
:10146000013B013AF9D1604670478446002A2DD0ED
:1014700010F0030F04D000F8011B013A26D0F7E763
:10148000C9B241EA012141EA0141202A12D3A2F165
:1014900020022DE9F0030B460C460D460E460F4682
:1014A00088468946A0E8FA03203AFBD2BDE8F0035B
:1014B00020320BD0042A05D340F8041B043A05D08F
:1014C000042AF9D200F8011B013AFBD160467047AB
:1014D000024610F0030F16D111F0030F13D12DE9BE
:1014E000F0004FF001374FF0803351F8044BA4EB7C
:1014F000070525EA04051D4002D142F8044BF4E734
:10150000A1F10401F0BC11F8013B02F8013B002BF2
:10151000F9D1704710F0030F19D111F0030F16D154
:101520002DE970004FF001364FF0803350F8044B36
:1015300051F8045BAC4205D1A4EB060525EA04058D
:101540001D40F3D0A0F10400A1F1040170BC10F81B
:10155000012B11F8013BD21A01D1002BF7D1104613
:10156000704700F1010110F0030F11D010F8012BAA
:10157000002A23D010F0030F0AD010F8012B002A04
:101580001CD010F0030F03D010F8012B002A15D047
:101590002DE970004FF001324FF0803350F8044BCA
:1015A000A4EB020525EA04051D4000D1F6E7A0F1F1
:1015B000040070BC10F8012B002AFBD1A0EB010045
:1015C000704700002DE9F04F89B0074603920023D1
:1015D00003600C4614F8011B002900F0FC82DFF8C0
:1015E00018B5EBE2002507E05E2868D145F4805588
:1015F00001E045F040051C46234613F8010B302856
:10160000F2D81F2837D9A0F12002102A33D801A11F
:1016100051F822F0F3150300771603007716030044
:101620005916030077160300771603007716030098
:101630005F16030077160300771603007716030082
:1016400065160300771603006B1603007716030078
:10165000771603007116030045F08005CBE745F4CB
:101660000045C8E745F02005C5E745F01005C2E78D
:1016700045F40075BFE72A2821D1039A111D039173
:10168000D2F800A0BAF1000FBCBFCAF1000A45F0C1
:1016900010051878A31C2AEAEA7A2E2826D0002101
:1016A000742847D07A2845D06C2800F0A8804C28B0
:1016B00000F0AB80682800F0B8801C463DE0A0F147
:1016C0003002D2B2092A88BF4FF0000AE3D84FF0A7
:1016D000000A0AEB8A0A303800EB4A0A13F8010BB9
:1016E000A0F13002D2B2092AF3D9D4E718782A2817
:1016F0000AD1039A111D0391116858780233002909
:10170000CEDB45F48075CBE70133A0F13002D2B2D5
:10171000092A88BF0021F4D8002101EB810130386B
:1017200000EB410113F8010BA0F13002D2B2092AFB
:10173000F3D9E4E71C4614F8010B002800F05782A7
:10174000A0F12503DBB2532B62D8A0F12503532B64
:101750005ED8DFE813F076005D005D005D005D009F
:101760005D005D005D005D005D005D005D005D0091
:101770005D005D005D005D005D005D005D005D0081
:101780005D005D005D005D005D005D005D005D0071
:101790005D005D005D005D005D005D005D005D0061
:1017A0005D005D005D005D005D005D005D005D0051
:1017B0005D005D005D005D005D005D00EC005D00B2
:1017C0005D005D005D005D005D005D005D005D0031
:1017D0005D007B0021015D005D005D005D00210179
:1017E0005D005D005D005D0095000F01D2005D00B1
:1017F0005D00A6005D001A015D005D00EE001C4664
:1018000014F8010B45F0010597E745F001051C466A
:10181000B54B1E68002E00F0CE8103AB0193009102
:1018200053462A463946B047C5E11878682803D0A0
:101830005C1C45F0040580E745F008059C1C5878C1
:101840007BE725213846FFF7F8FCB4E1039B1A1D1E
:1018500003921E780AF1FF3A3A4651462846FFF7AE
:1018600015FD31463846FFF7E8FCA94619F0100F80
:1018700000F0A1813A4651462020FFF7F9FC9AE199
:1018800015F0080F06D03A68039B191D03911B68D9
:101890001A7090E1039B1A1D03921B683A681A6044
:1018A00089E1039B1A1D0392D3F800808F4BB8F196
:1018B000000F08BF9846464625F4007915F4807F4E
:1018C00016D04046FFF797FD0546AAEB050A3A46B3
:1018D00051464846FFF7DAFC002DC7D016F8011B29
:1018E0003846FFF7AAFCA8EB0603EB42F6D1BDE7AA
:1018F0004046FFF736FE0546E7E7039B1A1D0392B5
:101900001B6815F0800F0CBF0026232645F4807558
:1019100008211A46002B00F02A8105AB4FF0000881
:1019200005F4005CA64660468C460146D2E045F4CC
:10193000005515F0800F1BD043F2780643F2580390
:10194000782818BF1E4615F4807F01D025F4007555
:1019500015F4804F32D0039B1A1D03921B6815F0BB
:10196000040F1FD01BB2002B20DA5B422D262DE086
:101970000026E8E715F0800F0CBF0026302615F48E
:10198000807FE5D025F40075E2E715F4807F07D06D
:1019900025F400750026DBE745F480450026D7E7EF
:1019A0000026D5E715F0080FDDD0DBB215F0200FCB
:1019B00061D115F0400F18BF202607E0039B1A1DC8
:1019C00003921B6815F0040F50D09BB215F4807F72
:1019D00014BF25F4007501215838202800F2AF808B
:1019E00001A252F820F000BF131903003F1B0300AF
:1019F0003F1B03003F1B03003F1B03003F1B030073
:101A00003F1B03003F1B03003F1B03003F1B030062
:101A10003F1B03003F1B0300A31A03003F1B0300EF
:101A20003F1B03003F1B03003F1B0300A31A0300DF
:101A30003F1B03003F1B03003F1B03003F1B030032
:101A40003F1B03007B1A0300131903003F1B030015
:101A50003F1B03003F1B03003F1B0300A31A0300AF
:101A60003F1B03003F1B03001319030015F0080F71
:101A7000ACD0DBB2AAE72B26A8E71A464FF0000845
:101A8000002B5ED005A84FF0000803F007033033A9
:101A900000F8013B08F10108D2081346002AF4D1EE
:101AA0004FE018464FF00008002B4AD04FF00008D6
:101AB00005F4004E4FF02C0973468E4619462FE070
:101AC00002F00F000A4C205C03F8010B08F101083A
:101AD000120906D00029F3D002F00F00054C205C5B
:101AE000F2E7744661462CE014E300208C210500E7
:101AF0006C2105007C210500CDCCCCCC08AB03EBE0
:101B0000080CABFB0032D20802EB8203A0EB4303CC
:101B100030330CF80C3C08F1010809280DD91046A7
:101B20000029EBD008F00303032BE7D108AB4344B3
:101B300003F80C9C08F10108E0E7714601E04FF062
:101B40000008A1EB080121EAE179AAEB090AAAEB56
:101B5000080AFF2E0ED9AAF1020AC6F30721384659
:101B6000FFF76BFBF1B23846FFF767FB04E04FF07D
:101B70000008E6E7002E3DD13A4651462846FFF7D9
:101B800085FB3A4649463020FFF772FBB8F1000F5B
:101B90000EDD0DF1140908F1FF38C84498F8001063
:101BA00046463846FFF749FBC14508F1FF38F5D1F5
:101BB00015F0100F09D114F8011B61B125293FF46C
:101BC00011AD3846FFF739FBF5E73A46514620207C
:101BD000FFF74EFBEFE7BB682BB13A6879688A42A2
:101BE0003CBF00219954386809B0BDE8F08F4FF030
:101BF000FF30F9E70AF1FF3AB4E700BF70B582B0F1
:101C0000069CC0B1B9B1B2B1ABB1A4B10B4D0C4E91
:101C100028600C480C4D036031602C6090472B68A5
:101C20000DF1060002219847084BBDF806201A80E6
:101C3000002002B070BD4FF0FF30FAE720E3002033
:101C400024E3002018E300201CE300202AE3002006
:101C500000B5074B83B002211B680DF106009847C1
:101C6000044BBDF806201A8003B05DF804FB00BFEA
:101C70001CE300202AE30020014B1870704700BFCE
:101C800028E300201C295FD170B50588012D55D1AE
:101C90004488002C52D1C37A82F82130037B82F829
:101CA0002030B0F80F30D361B0F80D10284E03FB90
:101CB00001F39361B0F811305361D0F807305360ED
:101CC000C17C338882F83930A1F10301B1FA81F186
:101CD00049091B0AD17282F83A30438B82F83C30B2
:101CE0004C211B0AD18782F83D30437E82F8403078
:101CF000037E82F84130C37D82F84230837D82F8D2
:101D00004330437D82F844301249134B007D82F802
:101D100045001878096855700223032604251070C1
:101D2000052014749462138182F82330967282F82D
:101D30002550106329B18847204670BD6FF001001F
:101D400070BD4FF0FF3070BD4FF0FF30704700BFE7
:101D50002AE3002020E3002028E30020034B044A6C
:101D60001B680021118003B11847704724E300204D
:101D70002AE3002018B311B370B4114A114B15882F
:101D80001B780374012200233F24026002730322A4
:101D9000A0F811506FF00A06C3718372C372C37347
:101DA0006FF04705047109230B24827113224671D9
:101DB000057244724373837370BC0A707047704736
:101DC0002AE3002028E300202DE9F04385B00546F2
:101DD0001C4683685E69E2B102911FFA82F8ADF891
:101DE0000C804FF00009ADF80E90776B02AB4A46BD
:101DF0002021B847ADF80080ADF80290E368C3F346
:101E000080138DF80430776B6B464A46372128469D
:101E1000B847E36813F01D0F05D0776B2346002207
:101E200005212846B8476368002B0CDB776B231D20
:101E3000002210212846B847776B04F108030022DE
:101E400051212846B847766B04F10C030022042187
:101E50002846B04705B0BDE8F08330B583B002AB8B
:101E60000024002563E9024582685269546B002210
:101E70005F21A047DDE9000103B030BD10B58368E4
:101E80005B695C6B00231A460321A04710BD00006C
:101E90002DE9F04784B0044683685D69D1F808A055
:101EA0000B6803934A6804AB43F8082D6F6B00225C
:101EB0004F21B847074618B1384604B0BDE8F0874F
:101EC000A3685A6994F94C30002B3CDB576B01AB8B
:101ED000002257212046B847A8BB9DF807209DF84F
:101EE00006301B0443EA02639DF8042013439DF867
:101EF000052043EA0223BAF1000F31D103F578330C
:101F000003F5207303934FF0010AA3685F690DF195
:101F1000020300227B2120467E6BB04794F94D30AE
:101F2000012B4ED094F94C30012202FA03F3BDF894
:101F3000022022EA030204AB23F80E2D7F6B00225D
:101F40006B212046B847BAF1000F4AD16D6B0023D0
:101F50001A461F212046A8470746002850D1ABE764
:101F6000039AD31A98464FEAE3794FEA4912580187
:101F700042EAD361C01A61EB09014B0243EAD05334
:101F8000420212EB080043EB09018B0143EA906324
:101F90008201121A63EB010316461F46314A0023E1
:101FA00016EB080047EB0901FFF766F8B0F57F7FF5
:101FB000ABDDA3685F69B0F57F70A8D0FEF766F966
:101FC000A5E794F94C3001229A40BDF802301A433B
:101FD00004AB23F80E2D7F6B00226B212046B847FF
:101FE000B1E76E6B03AB002205212046B0470746E0
:101FF00030B96D6B002301221F212046A8470746F8
:1020000094F94C30002BFFF657AFA3685D696E6BF7
:1020100001AB00227B212046B04794F94D308BB1B3
:1020200094F94C30012202FA03F3BDF8042022EAAD
:10203000030204AB23F80C2D6D6B00226B212046AC
:10204000A84739E794F94C3001229A40BDF8043092
:102050001A4304AB23F80C2D6D6B00226B21204634
:10206000A84729E70098E00E10B582B00091ADF8BE
:1020700004200022ADF8062083685B695C6B6B4628
:102080002121A04702B010BDF0B583B00368002B3A
:1020900037D01F4A13601E4B1B6842681A60826863
:1020A0005A6000228DF803201B681C6801AB0422D3
:1020B0000DF103010120A0479DF807309DF806109F
:1020C000090441EA03619DF8043019439DF8053085
:1020D00041EA03210F4A104B9A4216D20C4B1F685B
:1020E00013464FF0FF3000260B4D1A684A405C68DB
:1020F000224204BFBB6030461C33AB42F5D303B071
:10210000F0BD034B054A1A60C5E74FF0FF30F6E714
:102110002CE30020B4CC040008CD040030E3002000
:10212000024B1A6818601046704700BF2CE300206D
:10213000024B1B689B68D868704700BF2CE30020E7
:102140004FF0FF307047000010B5054B18688368EA
:102150001B69DC6A00231A460321A04710BD00BF9B
:102160002CE3002008B5044B1B689A681269126AB8
:1021700001461846904708BD2CE3002038B5054BB2
:102180001C68A3681B69DD6A002302463A212046C9
:10219000A84738BD2CE3002010B582B0002202AB66
:1021A00003F8012D0549086881680969CC6A58213E
:1021B000A0479DF8070002B010BD00BF2CE300202F
:1021C00008B5034B186883681B691B6B984708BDEB
:1021D0002CE3002000290DDD10B4431E19441046E5
:1021E000054C13F8012F5040205C8B42F9D15DF86B
:1021F000044B704710467047942105009829024807
:1022000018BF0020704700BF8C23050070472DE9E0
:10221000F04184B005460E46BDF82C10901900F030
:102220007F003244C2F30442840044EA422441EA7B
:102230000402120A8DF80C2001F003073C438DF8CC
:102240000D401F4673B900295CD0730063F07E0314
:102250008DF80C30012400292FD0A1F5004103296D
:102260000AD9FEE700284FD1B1F5004F03D000296D
:102270004AD1012421E001242B6D9B7D4BB92B68B1
:102280005D680A9B3A4603A92046A84704B0BDE80A
:10229000F0810022214603A8FFF79CFF0246394641
:1022A0000A98FFF797FF2B6800909D680A9B3A46B3
:1022B00003A92046A847E9E701242B68D3F800804A
:1022C0000A9B3A4603A92046C0472B6D9B7D022BF3
:1022D000DCD1182EDAD00022214603A8FFF77AFFBE
:1022E000024639460A98FFF775FF04460022182176
:1022F000284600F041F88442C8D0EB68002BC5D0D6
:102300009847C3E70028D7D042F040028DF80C2050
:102310000224A0E710B582B000240194049C00942C
:10232000FFF775FF02B010BD00B585B003AB009399
:10233000042392B2FFF7EEFF0DF10F030DF10B0135
:10234000002013F8012902EB00208B42F9D105B0DF
:102350005DF804FB00B585B003AB0093022392B295
:10236000FFF7D8FF9DF80D309DF80C0000EB03201F
:1023700080B205B05DF804FB00B585B00DF10F0328
:102380000093012392B2FFF7C5FF9DF80F0005B03F
:102390005DF804FB30B5BDB005460C46036DDA7B35
:1023A000012A1CD0032A40F0D4811B7E13F0080FB1
:1023B0000CD113F0040F02AB009314BF3823202379
:1023C00000224FF4F011FFF7A5FF19E002AB0093D4
:1023D000E82300224FF4F011FFF79CFF10E01B7E72
:1023E00013F0080F40F0AC8113F0040F02AB009320
:1023F00014BF3823202300224FF4C011FFF78AFFB7
:102400000DF1170204F11A0304F1200012F8011F64
:1024100003F8011B8342F9D19DF815209DF8143073
:1024200043EA0223C3F30C0363849DF81F209DF845
:102430001E3043EA0223C3F30D0313F4005F1CBFF5
:102440006FEA83436FEA934323849DF825209DF828
:10245000243043EA0223C3F30B03E3872B6D1B7E77
:1024600013F0020F40F06A810AAA631E201D12F8C1
:10247000011B03F8011FD1791972D17B5974834272
:10248000F5D19DF82F3063719DF82E209DF82D30E9
:1024900043EA0223E3809DF837209DF8363003EBB2
:1024A0000223C3F3CF13A4F80D309DF832209DF81A
:1024B000313043EA0223A4F80F309DF83F209DF805
:1024C0003E3003EB0223C3F3CF13E3829DF83A209F
:1024D0009DF8393043EA022323832B6D1B7E13F0D2
:1024E000040F40F02B819DF843209DF842301B04DF
:1024F00043EA02639DF8402013439DF8412043EADC
:10250000022323F0604363629DF847209DF8463024
:102510001B0443EA02639DF8442013439DF84520C1
:1025200043EA022323F00043A3629DF84B209DF869
:102530004A301B0443EA02639DF8482013439DF888
:10254000492043EA0223C3F31003E3629DF84F20BE
:102550009DF84E301B0443EA02639DF84C20134360
:102560009DF84D2043EA0223C3F3150323639DF82E
:1025700053209DF852301B0443EA02639DF850201B
:1025800013439DF8512043EA0223C3F31503636309
:102590009DF857209DF856301B0443EA02639DF8CE
:1025A000542013439DF8552043EA0223C3F3150337
:1025B000A3639DF865209DF8643043EA0223A38756
:1025C0009DF877209DF876301B0443EA02639DF85E
:1025D000742013439DF8752043EA022323F04043FF
:1025E00023649DF879209DF8783043EA02236364E0
:1025F0009DF87F209DF87E301B0443EA02639DF81E
:102600007C2013439DF87D2043EA0223C3F3150386
:10261000A3649DF883209DF882301B0443EA026383
:102620009DF8802013439DF8812043EA0223C3F3E1
:102630001503E3649DF887209DF886301B0443EA68
:1026400002639DF8842013439DF8852043EA02230A
:10265000C3F3150323659DF895209DF8943043EA54
:102660000223C3F30E03A4F854309DF8A5209DF86F
:10267000A43043EA0223C3F30B03A4F856309DF8B9
:10268000BF209DF8BE301B0443EA02639DF8BC20C6
:1026900013439DF8BD2043EA022323F04043A36582
:1026A0009DF8C1209DF8C03043EA0223E3659DF800
:1026B000C7209DF8C6301B0443EA02639DF8C4207E
:1026C00013439DF8C52043EA0223C3F31503236691
:1026D0009DF8CB209DF8CA301B0443EA02639DF8A5
:1026E000C82013439DF8C92043EA0223C3F315030E
:1026F00063669DF8CF209DF8CE301B0443EA026349
:102700009DF8CC2013439DF8CD2043EA0223C3F368
:102710001503A3669DF8DD209DF8DC3043EA022313
:10272000C3F30E03A4F86C309DF8ED209DF8EC3057
:1027300043EA0223C3F30B03A4F86E303DB030BD6F
:1027400002AB0093E82300224FF4C011FFF7E2FD33
:1027500056E61B7E13F0010F00F09F8102AB009341
:102760006C2300224FF44021FFF7D4FD1DAB0093F2
:102770006C2300224FF450212846FFF7CBFD02AA1C
:10278000631E201D12F8011B03F8011FD179197275
:10279000D17B5974D17D99768342F3D19DF8253050
:1027A000E3779DF80F3063719DF80E209DF80D3092
:1027B00043EA0223E3809DF816309DF8172043EA90
:1027C0000222C2F3CF12A4F80D209DF8152042EA90
:1027D0000322A4F80F209DF81F2043EA0223C3F32D
:1027E000CF13E3829DF81E209DF81D3043EA02239B
:1027F00023839DF827209DF8263043EA0223C3F364
:102800000D0313F4005F1CBF6FEA83436FEA934329
:1028100023849DF829209DF8283043EA0223C3F33E
:102820000C0363849DF82F209DF82E301B0443EA8F
:1028300002639DF82C2013439DF82D2043EA0223C8
:1028400023F0604363622B6D1B7E13F0010F3FF496
:1028500075AF9DF833209DF832301B0443EA0263C4
:102860009DF8302013439DF8312043EA022323F0E2
:102870000043A3629DF837209DF836301B0443EADD
:1028800002639DF8342013439DF8352043EA022368
:10289000C3F31003E3629DF83B209DF83A301B041C
:1028A00043EA02639DF8382013439DF8392043EA38
:1028B0000223C3F3150323639DF83F209DF83E30A8
:1028C0001B0443EA02639DF83C2013439DF83D201E
:1028D00043EA0223C3F3150363639DF843209DF885
:1028E00042301B0443EA02639DF8402013439DF8E5
:1028F000412043EA0223C3F31503A3639DF851204B
:102900009DF8503043EA0223A3879DF861209DF88B
:10291000603043EA0223C3F30B03E3879DF867208B
:102920009DF866301B0443EA02639DF8642013435C
:102930009DF8652043EA022323F0404323649DF879
:1029400069209DF8683043EA022363649DF86F2094
:102950009DF86E301B0443EA02639DF86C2013431C
:102960009DF86D2043EA0223C3F31503A3649DF889
:1029700073209DF872301B0443EA02639DF87020B7
:1029800013439DF8712043EA0223C3F31503E36464
:102990009DF877209DF876301B0443EA02639DF88A
:1029A000742013439DF8752043EA0223C3F31503F3
:1029B00023659DF885209DF8843043EA0223C3F304
:1029C0000E03A4F854309DF895209DF8943043EA06
:1029D0000223C3F30B03A4F856309DF8AF209DF8F3
:1029E000AE301B0443EA02639DF8AC2013439DF80C
:1029F000AD2043EA022323F04043A3659DF8B120B4
:102A00009DF8B03043EA0223E3659DF8B7209DF8B6
:102A1000B6301B0443EA02639DF8B42013439DF8CB
:102A2000B52043EA0223C3F3150323669DF8BB20B8
:102A30009DF8BA301B0443EA02639DF8B8201343A3
:102A40009DF8B92043EA0223C3F3150363669DF89A
:102A5000BF209DF8BE301B0443EA02639DF8BC20F2
:102A600013439DF8BD2043EA0223C3F31503A36675
:102A70009DF8CD209DF8CC3043EA0223C3F30E032A
:102A8000A4F86C309DF8DD209DF8DC3043EA022389
:102A9000C3F30B03A4F86E3050E602AB0093282377
:102AA00000224FF44021FFF735FC68E600B583B003
:102AB000036DDB7B012B0BD0032B10D10091052381
:102AC00004224FF4F011FFF725FC03B05DF804FB7E
:102AD0000091052300220549FFF71CFCF5E7009152
:102AE000052300226421FFF715FCEEE7040018001F
:102AF00010B582B04FF400440194049C0094FFF799
:102B000086FB02B010BD10B584B004AC04F8013DE2
:102B10000094012392B2FFF7EBFF04B010BD000058
:102B200010B50446036DDB7B012B13D0032B1DD1A5
:102B3000F02300221249FFF7E6FF00224FF4F011C4
:102B40002046FFF707FC236D1A7BA2B1C0F30900F2
:102B5000588410BD0F2300220949FFF7D4FF00223B
:102B60004FF4C0112046FFF7F5FBECE700224C21A3
:102B7000FFF7F0FBE7E700F07F005884E9E700BFCC
:102B80002400010038B505460C46022300224FF40C
:102B90007021FFF7B8FF04B938BD012300224FF4BC
:102BA00070212846FFF7AFFFF6E700B585B08DF836
:102BB0000C301B0A8DF80D3003AB0093022392B248
:102BC000FFF796FF05B05DF804FB000038B504463A
:102BD00000231A464FF42021FFF7E7FF00231A468F
:102BE00008492046FFF78FFF074D00231A46294664
:102BF0002046FFF788FF0223002229462046FFF7E0
:102C000082FF38BD14000A0004000A0008B501293B
:102C100002D0052907D008BD41F62203002205494C
:102C2000FFF7C3FFF7E74FF4007300220149FFF7F6
:102C3000BCFFF0E70400110038B505460C4641F42E
:102C400000739BB200224FF43021FFF7AEFFA3B216
:102C500000224FF430212846FFF7A7FF38BD0000BF
:102C600070B504460E460C4D012300222946FFF79D
:102C70009CFF3346002209492046FFF796FF0223B6
:102C8000002229462046FFF790FF002204492046F3
:102C9000FFF74AFB70BD00BF08000B0004000B00EB
:102CA00010000B0038B504460B4600220A49FFF716
:102CB0007CFF0A4D8823002229462046FFF723FF88
:102CC00000231A4629462046FFF71DFF002204492B
:102CD0002046FFF751FB38BD0C000A0004000A0033
:102CE00008000A0070B504460B461546B1F5807F12
:102CF00034BF0026202600220B49FFF756FF2B4643
:102D000000220A492046FFF7FEFE094D46F09003D7
:102D1000002229462046FFF7F6FE00231A462946E0
:102D20002046FFF7F0FE70BD0C000A0010000A00FC
:102D300004000A0070B504460D461646002240F213
:102D40000B11FFF7CFFF4FF482712046FFF7AAFF68
:102D500000F01F024FF482712046FFF7C3FF236D7E
:102D60005A8A15435D82236D5B8A00224FF420212D
:102D70002046FFF71AFF3346002202492046FFF79C
:102D8000C2FE70BD14000A0010B582B004460022D5
:102D9000009213461321FFF7ABFE236DDA7B032A63
:102DA0000CBF01220322DA7302B010BD10B584B04B
:102DB0008DF80C301C0A8DF80D401C0C8DF80E405F
:102DC0001B0E8DF80F3003AB0093042392B2FFF774
:102DD0008FFE04B010BD0000F8B5044600224FF489
:102DE000F811FFF7C9FA0546002244212046FFF7F3
:102DF0009BFA0646236D00225A8483F82420DA6168
:102E00001A849A62236D9C62236DD861226DD37DF2
:102E100003F00303032B79D016F4806F05D092F8EA
:102E2000243043F0040382F8243015F0800F74D16D
:102E300015F0010F40F0A38015F0400F0BD0636A2E
:102E400013B1206D1C3098474FF4C0730222442107
:102E50002046FFF7AAFE15F0080F00F0EA80236D68
:102E6000002283F82420236DDB7B002B40F095802B
:102E7000236DDE6116F4802F00F0A980226D92F898
:102E8000243043F0080382F824304FF4802716F0F2
:102E9000805F08D0226D92F8243043F0100382F84E
:102EA000243047F0805716F4005F06D0226DD37DA2
:102EB00003F00303032B00F0968016F4804F40F0DC
:102EC0009E8047F4DE43002244212046FFF76EFF38
:102ED000206D438C002B40F0A180C37D03F00303E1
:102EE000032B00F09B80C36923F49043C361226DE0
:102EF000D36943F48053D361E36913B1206D1C306F
:102F00009847236D002283F824208BE010F4005FA3
:102F10001CBF45F00805EDB27EE7276D0022482171
:102F20002046FFF717FA3884236D9A7D1AB1DA69C3
:102F300012F0040F03D11B8C03F460638BB10423E4
:102F4000002244212046FFF7DEFD4FF4606300229B
:102F500048212046FFF729FE236A13B1206D1C305B
:102F60009847236D1B8C13F4807F3FF461AF4FF4BF
:102F70008073002248212046FFF717FE58E7F82308
:102F8000002244212046FFF7BEFD2369002B3FF4B9
:102F900053AF206D1C3098474EE73B492046FFF762
:102FA000EBF9236DDB7B032B08BFC0F3071010F098
:102FB000010F18BF46F4804610F0020F18BF46F408
:102FC000005610F0040F18BF46F4806650E716F460
:102FD000806F1FBF226D92F8243043F0040382F803
:102FE0002430002753E792F8243043F0020382F89C
:102FF0002430236D00225A8447F4004761E72046BD
:10300000FFF78EFD10F4004F3FF45BAF226D92F896
:10301000243043F0010382F8243052E763690BB196
:103020001C309847236DDB7B53B9236D002283F856
:10303000242015F0100F07D115F0200F14D1F8BD82
:103040002046FFF7A1FEF0E7104B00224421204666
:10305000FFF7ACFEE36913B1206D1C309847236D78
:10306000002283F82420E7E7094B00224421204670
:10307000FFF79CFEA36913B1206D1C309847236DA8
:10308000002283F82420DAE72400010000940534AC
:103090000004221038B5044689B900222C21FFF71C
:1030A00043F9054601224FF460212046FFF764F9F9
:1030B0002B1A00222C212046FFF778FE38BD002273
:1030C0002C21FFF731F90546012205492046FFF77B
:1030D00053F92B1A00222C212046FFF767FEEDE75B
:1030E0000400010070B506460C46084D0022294632
:1030F000FFF71AF9000D0005C4F313030343002280
:1031000029463046FFF752FE70BD00BF080001009F
:1031100038B505460C4600224FF4A021FFF704F90C
:103120000B4B034014F0010F18BF43F4802314F03D
:10313000020F18BF43F4104314F0040F18BF43F0FC
:10314000120300224FF4A0212846FFF72FFE38BDBE
:10315000C00FE0FF38B505460C460B6800220B494E
:10316000FFF724FE6368002209492846FFF71EFE88
:10317000A368002207492846FFF718FEE3680022EB
:1031800005492846FFF712FE38BD00BF0C000200BB
:1031900010000200140002001800020038B50546B5
:1031A0000C460B6800220B49FFF700FE6368002203
:1031B00009492846FFF7FAFDA36800220749284677
:1031C000FFF7F4FDE368002205492846FFF7EEFD0E
:1031D00038BD00BF1C0002002000020024000200D5
:1031E000280002002DE9F0470446052940D0264D6D
:1031F0002E46264FDFF8D880DFF8D890DFF8D8A029
:10320000234B002223492046FFF7D0FD53460022DE
:1032100021492046FFF7CAFD4B4600221F492046A0
:10322000FFF7C4FD434600221D492046FFF7BEFDBF
:103230003B4600221B492046FFF7B8FD33460022DB
:1032400019492046FFF7B2FD2B46002217492046B8
:10325000FFF7ACFD164B002216492046FFF7A6FDEE
:10326000154B002215492046FFF7A0FDBDE8F08769
:10327000134D144E144FDFF86480DFF86490DFF8CC
:1032800064A0124BBDE700BFB5AF02007DAF0200E6
:10329000FEA80200380003003C00030040000300C9
:1032A00044000300480003004C00030050000300EA
:1032B000400200101C00030089A46D1B20000300C5
:1032C000F5CF0100B5CF010036CF0100FDC00100F0
:1032D0003EAF0200FEA5020036AC02007EC7010030
:1032E000BEC601003EC4010008B500231A460249CB
:1032F000FFF75CFD08BD00BF0400070038B50446B9
:103300000D4600231A460A49FFF750FD00231A46CE
:103310004FF4E0212046FFF749FD05B938BD4FF0D5
:10332000E053002203492046FFF740FDF6E700BFC7
:103330004800070014000700F0B583B0046DE47B7B
:10334000032C0CBF4FF4981C4FF4901C9C18B4F540
:10335000806F19DA1D4616460F4604467F2B15D995
:103360004FEA1C4300220D49FFF720FD2B460022A7
:103370000B492046FFF71AFD0097334600224FF411
:10338000E8112046FEF7C6FF03B0F0BD00911346DA
:103390002A466146FEF7BEFFF6E700BF04001F00A5
:1033A00008001F0030B583B005460C4671B121F00E
:1033B0000203013B0F2B56D8DFE803F010555521CF
:1033C000555555285555555555555533002200929C
:1033D00013460221FFF78CFB20460EE000220092EC
:1033E00013460421FFF784FB032244212846FEF7FD
:1033F000C3FF10F0080F1FD1002003B030BD002222
:10340000009213460A21FFF773FBEDE70021FFF757
:1034100041FE00220092134608212846FFF768FB70
:10342000E2E70121FFF736FE002200921346062153
:103430002846FFF75DFBD7E7002100910B460A46BF
:103440002846FFF755FB14F0020F02D04FF0FF3073
:10345000D3E700220092134602212846FFF748FBDB
:103460004FF0FF30C9E74FF0FF30C6E7F0B583B04B
:103470005C18B4F5806F24DA1C4617460E460546E4
:103480007F2B15D9142300220F49FFF78FFC234609
:1034900000220E492846FFF789FC00973346002298
:1034A0004FF4E8112846FFF723FB002003B0F0BDDE
:1034B00000920B4622464FF4A011FFF719FB0020A3
:1034C000F4E74FF0FF30F1E704001F0008001F0091
:1034D00030B585B0089C8DF808301D0A8DF809506C
:1034E0001D0C8DF80A501B0E8DF80B308DF80C401A
:1034F000230A8DF80D30230C8DF80E30240E8DF834
:103500000F4048F20303019302AB0093082392B2E9
:10351000FEF77DFE05B030BD00B583B0052904D0AF
:1035200009290BD003B05DF804FB402300936FF42E
:10353000005300220649FFF7CBFFF3E74FF4015396
:1035400000936FF4005300220149FFF7C1FFE9E740
:1035500008000B0070B582B004460E46134D4FF0C4
:10356000082300934FF0FF3300222946FFF7B0FFF6
:103570004FF0601300934FF0FF330022294620469E
:10358000FFF7A6FF0A4B00934FF0FF3300224FF4E2
:10359000E0212046FFF79CFF0EB902B070BD054B3D
:1035A000002205492046FFF701FCF6E74800070026
:1035B000003C0002001101011400070000B583B0B7
:1035C000054B00934FF0FF3300220449FFF780FFC3
:1035D00003B05DF804FB00BF003C000204000700DC
:1035E0002DE9F04383B004460D461746564E00229F
:1035F0003146FEF799FE81464FF4704300934FF039
:10360000FF33002231462046FFF762FFDFF83C819E
:103610001823002241462046FFF7C7FA25212046FD
:10362000FFF70AFB02212046FFF706FB4FF4FE716D
:103630002046FFF701FBF9B241F480712046FFF705
:10364000FBFA4FF480712046FFF7F6FA002120467E
:10365000FFF7F2FA02212046FFF7EEFA4FF4E0718D
:103660002046FFF7E9FAE9B241F480712046FFF7FE
:10367000E3FAC5F3072141F480712046FFF7DCFA35
:10368000C5F3074141F480712046FFF7D5FA290EB2
:1036900041F480712046FFF7CFFA00212046FFF762
:1036A000CBFA3A212046FFF7C7FA40F2FF11204635
:1036B000FFF7C2FA4FF485712046FFF7BDFA0021EB
:1036C0002046FFF7B9FA3A212046FFF7B5FA40F253
:1036D00001112046FFF7B0FA022300224FF43021F7
:1036E0002046FFF762FA00231A464FF430212046A5
:1036F000FFF75BFA0220FCF7B9FD3A212046FFF7FD
:103700009BFA4FF481712046FFF796FA02230022BC
:103710004FF430212046FFF748FA00231A464FF4B1
:1037200030212046FFF741FA00231A464146204641
:10373000FFF73BFA4B46002231462046FFF736FBA7
:1037400003B0BDE8F08300BF4400070008000B0091
:10375000F0B583B0002423460126072702E0013498
:10376000092C09D006FA04F50D42F8D004EB440503
:1037700007FA05F52B43F2E71A400092DB430022DB
:103780004FF4A021FFF7A4FE03B0F0BD2DE9F041F6
:1037900082B00446884617461D46FCF7BBFC064629
:1037A000022D2DD0012D38D0002500956FEA080399
:1037B0002A463C212046FFF78BFE0095FB432A4614
:1037C00040212046FFF784FE00223C212046FEF7E0
:1037D000ABFD0346002244212046FFF7E7FA002212
:1037E00040212046FEF7A0FD034600224821204646
:1037F000FFF7DCFA3046FCF79FFC02B0BDE8F08131
:10380000434600223C212046FFF7D0FA3B460022E7
:1038100040212046FFF7CAFAD6E7CDF800804FF0E6
:10382000FF3300223C212046FFF752FE00974FF065
:10383000FF33002240212046FFF74AFEC4E7000084
:1038400010B582B004467F2A12D9803241EAC321E2
:1038500041EA024100910C4B00222421FFF738FE7F
:1038600000224FF400212046FEF786FD02B010BD75
:1038700041EAC32141EA02410091034B0022242185
:10388000FFF726FEF2E700BF00F400FC00B583B0AE
:1038900000920B4600224421FFF71AFE002003B0DD
:1038A0005DF804FB00B585B08DF80C309DF818303C
:1038B0008DF80D3048F20103019303AB009302230E
:1038C00092B2FEF7A4FC05B05DF804FB30B583B0FE
:1038D00004460D4611F0010F15D000230093EF238D
:1038E00002224FF46021FFF7DDFF236D1D76236D6B
:1038F0001B7E5B0810D06B0800220E492046FFF7A4
:1039000002F903B030BD10230093FF2302224FF4CD
:103910006021FFF7C7FFE8E701230093FF230022A0
:1039200004492046FFF7BEFF226D137E43F00203D9
:103930001376E6E72800010070B582B004460D4614
:103940000121FFF763F900212046FFF703FE20461F
:10395000FFF734FEC5F30B03002215492046FFF79D
:1039600024F903230093FF23002212492046FFF786
:1039700099FF104E00252A4631462046FEF7FCFCF2
:1039800010F0010FF7D12046FFF7AEFC00212046D2
:10399000FFF7B4FC05212046FFF738F9002206495D
:1039A0002046FEF7E9FC00F03F0002B070BD00BF0A
:1039B0001C000800100008001C00070038B5054670
:1039C0000C46B1F8051049B1FFF7B6FFD4F8013045
:1039D000002205492846FFF7E9F938BD237800227F
:1039E0000249FFF790F8F1E70C0001001C00070006
:1039F00030B583B004460D4610230093FF23002208
:103A00000649FFF74FFF2B46022D38BF0223002245
:103A10002C212046FFF7CAF903B030BD24000F0067
:103A200030B583B0044601291DD0022930D00123CE
:103A30000093FF2300222649FFF734FF254D4FF462
:103A4000000300936FF48073002229462046FFF79D
:103A50003FFD002300937F23022229462046FFF7E3
:103A600021FF03B030BD0521FFF7D0F84FF481737B
:103A700000934FF0FF33002217492046FFF728FD3F
:103A800001220092FF2313492046FFF70BFFE8E7CE
:103A900003230093FF2300220D49FFF703FF0D4D81
:103AA0004FF4000300936FF48073002229462046F0
:103AB000FFF70EFD002300937F23022229462046B4
:103AC000FFF7F0FE05212046FFF7A0F8C9E700BF89
:103AD00004001100080011000800090030B583B08F
:103AE000054602290ED000240094FE232246102110
:103AF000FFF7D8FE2346224614212846FFF755F843
:103B000003B030BD144601230093FF23002210218F
:103B1000FFF7C8FE2346002214212846FFF745F888
:103B2000EEE700002DE9F04182B00546294C2A4B12
:103B300000222146FFF73AF910230093FF230022C9
:103B400021462846FFF7AEFE03244FF01408234F0A
:103B500000264046FCF79AFB324639462846FEF7D7
:103B60000BFC012834D0631E13F0FF04F1D16FF079
:103B70000204184E00231A4631462846FEF7C3FFBA
:103B80000123002215492846FEF7BDFF01230093BB
:103B9000FF23022231462846FFF784FE0022104907
:103BA0002846FEF7C1FB6FF06043984208BF6FF0F4
:103BB000030400220B492846FEF7B6FB6FF0604372
:103BC000984214BF20466FF0040002B0BDE8F081B7
:103BD0000024CEE70C0004000100020020000400D5
:103BE000140004001C00040000B583B000290BBFC2
:103BF000FF23F72300220822009201221021FFF761
:103C000051FE03B05DF804FB10B584B0BDF8184058
:103C10008DF80C301B0A8DF80D308DF80E40240AFB
:103C20008DF80F4048F20203019303AB0093042385
:103C300092B2FEF7ECFA04B010BD000010B582B0ED
:103C400004464FF4C07300934FF6FF7300220749F8
:103C5000FFF7DAFF236D1B7A00934FF6E073002223
:103C600003492046FFF7D0FF02B010BD08000B004B
:103C70001F00110030B583B0044611F0010F1FD0B2
:103C80000D464FF4107300936FF47C6300224FF4E1
:103C9000A021FFF71DFC4FF4040300934FF0FF3306
:103CA000002218492046FFF713FC15F0020F1AD125
:103CB0004FF48873002214492046FFF777F810E08C
:103CC000002500956FF47C632A464FF4A021FFF78E
:103CD000FFFB00954FF6FF632A460B492046FFF78E
:103CE00093FF03B030BD084D084B00222946204603
:103CF000FFF75CF84FF48873002229462046FFF74F
:103D000055F8EEE7040011001600110010010F0035
:103D1000F0B583B00446012909D01420FCF7B6FAA7
:103D20002046FFF7FFFE0546284603B0F0BD0F4EC4
:103D300000223146FEF70EFB074640F205130093C2
:103D40004FF6FF73002231462046FFF75DFF142037
:103D5000FCF79CFA2046FFF7E5FE0546002200929C
:103D60003B4631462046FFF74FFFDDE7480007009E
:103D700000B583B0012A09D0CB43002200929BB248
:103D80000649FFF741FF03B05DF804FB00914FF6D1
:103D9000FF7300220149FFF737FFF4E70C0005002D
:103DA000F0B583B004460F4616461D4648F2400360
:103DB00000934FF6FF7300221849FFF725FFAA1959
:103DC00043F201039A4215DC7F2D1DD915230022F1
:103DD00013492046FEF7EAFF2B46002211492046F0
:103DE000FEF7E4FF0097334600224FF4E811204627
:103DF000FEF790FA0022009247F6BF73074920466B
:103E0000FFF702FF03B0F0BD009733462A464FF498
:103E1000A8112046FEF77EFAECE700BF040011006F
:103E200004001F0008001F0070B506460C4615462A
:103E30000E4B02220E49FEF7B9FF0F2DA8BF0F252A
:103E4000631E032B28BF04241023234100220949A9
:103E50003046FEF7ABFF631E9B0005FA03F300221A
:103E600005493046FEF7A2FF70BD00BF7408D200BE
:103E70001000110028000700180008002DE9F04F7D
:103E800083B004460D4691F800900B79182B14D896
:103E9000CF78182F94BF00270127FFB2EB79012BB1
:103EA0000CBF102100216B78013B062B10D8DFE8F6
:103EB00003F0060F0F120C0F09000127EDE74FF07A
:103EC000400A0AE04FF0480A07E04FF0800A04E099
:103ED0004FF4807A01E04FF0200A226D538A23F0DC
:103EE000E0035382236DEA791A732E7BB31C0126FB
:103EF0009E401FFA86F8226DCC4B03FB08F3DB0BC8
:103F00009382236DEA7ADA752B7A5B0103F0200342
:103F10006A7B43EA0243EA7A120302F43042134313
:103F20000B430093C24B002210212046FFF7D0FA2A
:103F3000002F40F0F580EB7AF3B16B7B012B40F260
:103F40001B812A7BBB4B33F812201201D30AC2F328
:103F50000A0202F58062B2F5006F28BF01339BB2FE
:103F60000AEBC80A03F07F0300934FF68073022226
:103F7000B1492046FFF748FE94230093AF4B00223F
:103F8000AF492046FFF7A4FABAF1FF0F40F30781CB
:103F9000226D538A43F0200353824FF480630093D1
:103FA0004EF2FF730022A7492046FFF72DFE6B7BE0
:103FB000012B00F0FF80AB7843F010030093FC234B
:103FC00000224FF4C0212046FFF76CFC731EDBB2C9
:103FD00000224FF400312046FEF795FD6B78072B49
:103FE0000CBF08230023012228212046FEF78BFD69
:103FF000954B002295492046FEF7D8FE00229449B1
:104000002046FEF791F920F4FF5020F01F00B9F18F
:10401000090F08BF40F001002A79120202F4F85299
:10402000EB78DB00DBB21A436B795B0003F006032D
:1040300013430343002286492046FEF7B7FEAA79C0
:104040006B781B0343EA822300936FF474430022CE
:1040500024212046FFF73CFAB5F8093023B96FF068
:104060007E036B720023AB72B5F8093002224FF465
:10407000C0212046FEF799FD022276492046FEF730
:104080007BF9236D1B7C4B4500F09E80032800F0DC
:104090009F80B9F1090F00F0A0806F4B00226F499B
:1040A0002046FEF783FE41F63C7300224FF41021B8
:1040B0002046FEF77AFD1423012269492046FEF7C7
:1040C00022FD0E23022267492046FEF71CFD8123B4
:1040D000002265492046FEF716FD022300224421F6
:1040E0002046FEF710FD01212046FFF799FC4FF016
:1040F000140BD846002744264046FCF7C7F83A463A
:1041000031462046FEF738F910F0020F40F0B88033
:104110000BF1FF3313F0FF0BEED16FF00100D0E095
:10412000226D538A43F0600353824FF4406300933F
:104130006FF4C053002243492046FFF7C9F940F20B
:104140000633002249492046FEF730FE00231A4676
:104150004FF00E112046FEF729FE454B002236494E
:104160002046FEF723FE9D230093344B0022344962
:104170002046FFF7ADF91AE72A7B2E4B33F81230B1
:104180004FF4356202FB03F2930CC2F3CA1202F53C
:104190008062B2F5006F28BF01339BB2E0E64FF4B6
:1041A000A05300934EF2FF73002226492046FFF7EA
:1041B0002BFDFCE6AB780093EC2300224FF4C021EA
:1041C0002046FFF76FFB01E703287FF462AF5AE058
:1041D00002212046FFF724FC5BE7264B00221F4903
:1041E0002046FEF7E3FD40F63C7300224FF4102119
:1041F0002046FEF7DAFC5EE74FFA89F12046FFF72A
:104200008BF94DE000220092FE231B492046FFF768
:1042100049FB4FE04FF0005300936FF07F430022C3
:1042200016492046FFF754F947E000BF68660200D0
:10423000CF4FFCFFC423050012000E0000FFFFBF9C
:1042400016000E0008000B00CC355FAF0C00060016
:104250001400010030000F003411071C1C0007007F
:104260005000070018000700080009000C000E00AD
:104270000A5A0C003400011C18000300100006004C
:10428000236D83F810902B79093BDBB20F2BB9D843
:10429000236D5B7A012BAFD049462046FEF7A2FF83
:1042A0004FF4C843009348F2FF130022064920460A
:1042B000FFF7AAFCBAF13F0FACDC01212046FFF763
:1042C00027FD03B0BDE8F08F180003002DE9F04F83
:1042D00091B0064615461C469C2900F29F80DFE8F7
:1042E00011F06C0A770AA300A700BE0048018E01F6
:1042F0006B0152019E01A901B101B901C101C901BE
:10430000D101D501DD016E027C0281028B02900297
:1043100095029E02A30209031B03260331033B03FC
:10432000730369035F0345035203C103F8012B02C2
:1043300039024102550296099B098203DF03E30318
:10434000EC03F103FB0305040D04370443044E049E
:1043500078035904620474048D049E04E004EA04A2
:104360000B051A053505230551059705AF05CF0542
:10437000E405F80501061D060A0673079F07ED0709
:10438000F307FE071708370841084B087908820829
:10439000880891089E08AB08B508BE08C708D2086F
:1043A000DD08E308060911091C09450967097209B6
:1043B0008B09A109150A1F0A2A0A7F0A340A610A11
:1043C0009107DF09FF09ED0AE20A8C0A970AA20A9F
:1043D000AD0AB80AC30ACE0AD70AD70B110C4C0C87
:1043E0006F0C270D3C0D170B9D009D009D009D003F
:1043F0009D009D009D009D009D009D009D009D00D5
:104400009D009D009D009D009D009D009D00860CCF
:10441000A30CCC0DED0CE20C010DF80C4FF0FF35A8
:10442000284611B0BDE8F08F436898470025F7E7AC
:104430000222B749FDF7A0FF032801D80025EFE7C6
:10444000FBF768FE0446002500952B462A462946C0
:104450003046FEF74DFB2046FBF76EFEE0E7002CF2
:1044600001F00E85247814F01D0F65D014F0010FB3
:1044700026D014F0020F4FF000020092134614BF32
:104480000D210321FEF734FB032244213046FDF7C2
:1044900073FF10F0080F45D100229D493046FDF70B
:1044A00043FFB0F5502F18BF0025B9D1002100916E
:1044B0000B460A463046FEF71BFB4FF0FF35AFE7D1
:1044C00014F0080F0ED114F0100F1BD114F0020FCE
:1044D0004FF000020092134614BF10210921FEF78D
:1044E00007FBD1E70021FEF7D5FD14F0020F4FF0D6
:1044F00000020092134614BF0F2107213046FEF739
:10450000F7FAC1E70121FEF7C5FD14F0020F4FF0E5
:1045100000020092134614BF0E2105213046FEF71B
:10452000E7FAB1E7002100910B460A463046FEF754
:10453000DFFA4FF0FF3573E714F0200F0CD014F0C2
:10454000020F4FF0000500952B462A4614BF11219B
:104550000B21FEF7CDFA63E714F0020F4FF00005D0
:1045600000952B462A4614BF0C210121FEF7C0FA04
:1045700056E7002C01F08784236800222C21FEF7E7
:1045800015FC00254CE7236800226249FEF70EFC6B
:104590006368002260493046FEF708FCA3680022E9
:1045A0005E493046FEF702FCE36800225C49304673
:1045B000FEF7FCFB002533E7002C01F0678423881D
:1045C0006568032D01F26584DFE805F002070D132D
:1045D00000225449FEF7E9FA22E702225149FEF788
:1045E000E4FA00251CE700224F49FEF7DEFA002519
:1045F00016E702224C49FEF7D8FA002510E7002CF6
:1046000001F04A8423785B0003F0060300936FF007
:10461000060300224549FEF75BFF002500E74FF443
:10462000803300934FF0FF3300224149FEF750FFE3
:104630000025F5E6002C01F03284036D5B7B2370CE
:104640000025EDE6002C01F02D84036D9B7A23708C
:104650000025E5E6002C01F02884036DDB7A237049
:104660000025DDE6002C01F02384036D1B68236028
:104670000025D5E6002C01F01E84036D5B682360E5
:104680000025CDE6FEF780FB0025C9E6002C01F0F1
:1046900015842168FEF726FD0025C1E6002C01F0F7
:1046A000108425785DB1646840230093FF230022C5
:1046B0001021FFF7F7F8022D07D1F46005E0002282
:1046C0000092BF231021FFF7EDF8336D9D75002593
:1046D000A6E6002C01F0F8836568237803221549CB
:1046E000FEF711FA45B9002200924FF2FF73102134
:1046F0003046FFF789FA93E64FF4812300934FF099
:10470000FF33002210213046FEF7E2FE002587E647
:1047100030000F0054000100580001005C0001004F
:1047200060000100180001001C00010014000100DD
:10473000040011000800010000221146FDF7F4FDFD
:10474000B268136843405268134214BF4FF0FF35FC
:10475000002565E6002C01F0BA832178FFF7B6F852
:1047600000255DE63AB9002200924FF2FF73AE4990
:10477000FFF74AFA54E64FF4006300934FF6FF73D5
:104780000022A949FFF740FA002549E602F001029C
:104790004FF6FF734FF2FF71002A08BF0B46D2029B
:1047A00015F0020F12BF42F4805223F480539BB2E3
:1047B000009200229C49FFF727FA002530E62AB92B
:1047C0009A4B02229A49FEF7F1FA29E6994B022206
:1047D0009749FEF7EBFA002522E61146FEF798FC12
:1047E00000251DE6002C01F0758300229249FDF79B
:1047F000C3FD2070002513E62146FEF7ABFC002523
:104800000EE62146FEF7CAFC002509E601230093C7
:10481000FF2300228949FFF745F8002500E61146ED
:10482000FEF7E0FC0025FBE5036D1B7A002B37D17A
:104830001423012282493046FEF765F9182300222D
:1048400080493046FEF7B2FAE82300227E4930461E
:10485000FEF7ACFA336D5B8A03F0E003202B22D025
:10486000602B2BD0336D1B7E5B0832D00022774942
:104870003046FDF76FFDC0F3C403093B0F2B01F277
:104880002C8300F0010000280CBF05210921336DA5
:104890005B7A012B29D03046FEF7A4FC0025BFE54A
:1048A000FFF7CCF9C4E74FF4806300936FF4C05373
:1048B000002267493046FEF70BFED3E74FF4406312
:1048C00000936FF4C053002261493046FEF700FEAA
:1048D000C8E7012300225F493046FEF714F9326D24
:1048E000137E43F002031376C0E73046FEF714FE52
:1048F000002595E5002C01F0F3822378026DD37535
:104900001B0303F43043009344F6FF73002210218D
:10491000FFF77AF9002583E5002C01F0E482238873
:1049200000224FF46021FEF740F9002578E5002CC5
:1049300001F0DC8200224FF46021FDF70BFD2080A6
:1049400000256DE5002C01F0D48223880022424925
:10495000FEF72BF9002563E5002C01F0CD82002243
:104960003D49FDF7F7FC2080002559E5002C01F0BA
:10497000C682A388E288216800914FF4B011FEF747
:10498000B7F800254CE5002C01F0BC82A388E28832
:10499000216800914FF4B011FDF7BCFC00253FE504
:1049A000002C01F0B282E388A2882168FEF7C4FCE3
:1049B000002535E5002C01F0AB82E3882268A18850
:1049C000FEF754FD00252BE51146FEF7EBFC002514
:1049D00026E5002C01F09F82237962882188FEF76A
:1049E0002FFF00251CE5002C01F09882036DDB7B76
:1049F000012B0CD0032B10D10C224FF4F011FDF73A
:104A0000A9FC00B240F30C032380002508E5002236
:104A10001249FDF79FFC00B2F4E700221049FDF7B0
:104A200099FC00B2EEE700BF080011007408D20044
:104A3000100011007488D2041C000700040002005A
:104A4000500007000C001F0010001F0014000100A0
:104A500008000B0028000100040001000C001800F1
:104A600020000C00002C01F05C820CAB00930323AF
:104A70000022BB49FDF74EFC9DF832209DF83130F5
:104A800003EB02229DF8303003EB022313F4801F66
:104A90001CBF6FEA03336FEA133323600025BFE4C2
:104AA000FEF794F80025BBE4002C01F03D826188FC
:104AB000FEF742FF20700025B2E42146FDF76AFCB4
:104AC0000025ADE4002C01F0328201227421FDF7B3
:104AD0002BFC20600025A3E4002C01F02B82002297
:104AE0007421FDF721FC2060002599E40094052342
:104AF00000227421FDF70EFC002591E4002C01F04A
:104B00001C82036DDB7B012B14D0032B19D11622E1
:104B10004FF4F011FDF71EFCC0F30D0083B213F447
:104B2000005F04D06FEA83436FEA934318B220809A
:104B3000002575E402228B49FDF70CFCC0F30D0043
:104B4000ECE702228849FDF705FCC0F30D00E5E71C
:104B50000094062300228549FDF7DCFB637903F00E
:104B60000103637100255BE4002C01F0E98101225F
:104B70004FF00811FDF700FC2070002550E4002CD8
:104B800001F0E18100224FF00811FDF7F5FB2070E4
:104B9000002545E4002C01F0D981A2882168FEF7A8
:104BA0001FFD00253CE4002C01F0D3812568A4887A
:104BB00022462946FEF714FD21463046FEF750F8FE
:104BC0002D1A18BF4FF0FF352AE4022A0ED0684C88
:104BD00000231A4621463046FDF795FF02230022A6
:104BE00021463046FDF78FFF002519E4002300938E
:104BF000FE2301225F49FEF755FEE8E7002C01F095
:104C0000AB812488E2B24FF48171FEF76BF8220A7F
:104C100040F203113046FEF765F8002500E4002C51
:104C200001F09D81DFF8588110230093FF230022BB
:104C30004146FEF737FE4FF482713046FEF732F8F8
:104C400000F0E0052A464FF482713046FEF74AF83C
:104C500045F004024FF482713046FEF743F802201B
:104C6000FBF704FB4FF487713046FEF71BF807464D
:104C700040F20F113046FEF715F881462A464FF4F0
:104C800082713046FEF72EF800250095EF232A4664
:104C900041463046FEF706FE47EA09272780FFF720
:104CA000BFBB002C01F05E81A2782188FEF742F89C
:104CB0000025FFF7B5BBFDF789FF0120FBF7D6FA0A
:104CC00003230093FF2300222B493046FEF7EAFD21
:104CD00000231A464FF488113046FDF714FF0120D7
:104CE000FBF7C4FA336D0025DD7302225A829D75ED
:104CF000DD751D74FFF794BB002C01F0368123781D
:104D000003F03F03026D937300221C49FDF7FBFE85
:104D10000025FFF785BB002C01F02A81036D9B7BEA
:104D200023700025FFF77CBB0121FEF713FC304602
:104D3000FEF744FC01213046FDF768FF0F220121F8
:104D40003046FFF771F80025FFF76ABB002C01F031
:104D5000128162682168FFF767F80025FFF760BBE2
:104D600029000600140018001C000C0018000C009C
:104D700004000A00080011000400110014000900DA
:104D800048000700002C01F0F980D64D002229468A
:104D9000FDF7F2FA804602230093FF230022294602
:104DA0003046FEF77FFD04230022CF493046FDF751
:104DB000AAFE012300224FF400213046FDF7A3FE96
:104DC000CA4F00252A4639463046FDF7D5FA10F07D
:104DD000010FF7D000224FF008113046FDF7BAFA64
:104DE000054600231A464FF400213046FDF78BFE9E
:104DF00000231A46BC493046FDF785FE4346002293
:104E0000B8493046FDF77FFE25800025FFF708BB37
:104E1000002C01F0B6802379026DD27A9B1A07EE3E
:104E2000903AF8EEE77A9FEDB27A67EE877AB3EEC2
:104E3000067A77EE877AC4ED007A0025FFF7F0BA9C
:104E4000002C01F0A1802379026D927A9B1A07EE63
:104E5000903AF8EEE77A9FEDA77A67EE877AB3EE9D
:104E6000007A67EE877ADFEDA46A87EEA67AF0EE25
:104E7000087A77EE277AC4ED007A0025FFF7D0BADA
:104E8000002C01F0848024680121FEF763FB30468A
:104E9000FEF794FB01213046FDF7B8FE214630466F
:104EA000FEF7A6FD0025FFF7BBBA00250095EF230E
:104EB0002A469249FEF7F6FC05213046FDF7A6FE8C
:104EC00001213046FEF71AFA3046FEF70DFAFFF7D9
:104ED000A7BA00250095EF232A468849FEF7E2FC91
:104EE000FFF79EBA002C01F083802168FEF780FD59
:104EF0000025FFF795BA00228149FDF72BFAC0F390
:104F00000B0510F4006F18BF45F470452DB22580D5
:104F1000336DB3F91430ED1AFFF782BA002C01F0AB
:104F20006A80D4F80490237A99F81320FF2A00F0BD
:104F30003F81002B36D1D9F8003000930C2300229A
:104F40007049FDF7D5FD99F80C30B9F80E20D1184D
:104F500099F81220002A5FD199F8100000280BBFA1
:104F60007F224FF480624FF4B0154FF4A01599F8EA
:104F70001300121A023A914200F22081D9F804205B
:104F80000092002229463046FDF7B2FDB9F80E30F6
:104F900099F80C20D9F80810009129463046FDF701
:104FA000A7FD4AE0D9F80030B9F80E109A7A8DF8CA
:104FB00030205A7A8DF831201A7A8DF83220DA7939
:104FC0008DF833209A798DF834205A798DF8352070
:104FD0001A798DF83620DA788DF837209A788DF89E
:104FE00038205A788DF839201A788DF83A20002226
:104FF0008DF83B208DF83C10090A8DF83D10197B87
:105000008DF83E10DB7A8DF83F300CAB0093102307
:105010003C49FDF76DFD96E7012A40F0CC8099F8F8
:105020001130002B40F2FF3308BF7F2399F8132083
:105030009B1A023B994200F2C48099F81020531E3B
:10504000DBB2012B40D999F81130591EC9B20129A0
:1050500064D9042B69D042EA433300222A493046FE
:10506000FDF7A4FEB9F80E30284A02EAC31299F8F7
:105070000C3003F07F031343002225493046FDF72F
:1050800095FE0123002223493046FDF73CFDDFF861
:10509000888000273A4641463046FDF76DF910F00A
:1050A000050FF7D00546034600221B493046FDF7A1
:1050B0002AFD05F03F0525F03003012B42D06BB2ED
:1050C00023700025FFF7ACB9336DDB7B032B01F0B8
:1050D0002B8099F811305A1ED2B2012A2CD9012204
:1050E000B7E700BF480007003400070004000800CD
:1050F0006666863FCDCCCC3E00007F4324000F0087
:1051000008000200340001004400010080FF01009B
:10511000480001004C00010050000100336DDB7BB2
:10512000032B0CBF0223012395E7B9F80E101029B9
:1051300091D96FF00303C3E7012213468BE70222E4
:10514000134688E799F81230012BB8D199F811204D
:10515000531EDBB2012B1BD9032A0CBF4FF4A0173F
:105160004FF4B017D9F8042012B199F80C30C3B934
:10517000D9F808100029A2D0B9F80E30002B9ED023
:1051800099F80C20009139463046FDF7C3F896E7B0
:10519000336DDB7B032B0CBF4FF498174FF4901744
:1051A000E0E70092002239463046FDF7B3F8DFE72A
:1051B0006FF0020384E76FF0010381E74FF0FF33E4
:1051C0007EE74FF0FF337BE7237AE179A279D200C3
:1051D00042EA41021343627943EA8213227943EAA5
:1051E000C213E27843EA0223A27843EAC223627838
:1051F00043EA02339BB20022CD49FDF7D6FC0025DD
:10520000FFF70EB9002C00F0F986637833B15B0824
:10521000013BDBB223700025FFF702B90023F9E759
:105220000022C449FDF780F8C0F30B032380C0F3CC
:105230000B4060800022C0493046FDF775F8C0F38E
:105240000B03A380C0F30B40E0800022BB49304633
:10525000FDF76AF82072000C60720022B8493046EF
:10526000FDF762F8C0F30B43A381C0F30B0060812C
:105270000022B4493046FDF757F8C0F30B43A4F8B9
:105280000F30A0730022B0493046FDF74DF860742E
:10529000000CA0740022AD493046FDF745F8C0F37C
:1052A0000B00A4F8130000256575A5752A46A849CA
:1052B0003046FDF761F8E075FFF7B2B81146FDF72B
:1052C00061FC0025FFF7ACB8002C00F09A8623881B
:1052D0000022A049FDF769FC0025FFF7A1B8002CCA
:1052E00000F09286256835B900231A469A49FDF7E1
:1052F0005CFCFFF795B86279237943EA022323F037
:10530000F00300229449FDF750FC0025FFF788B810
:10531000002C00F07C8623684BB9002500954FF6E1
:10532000FF532A461021FEF76FFCFFF779B80022E1
:105330003421FDF73BFD4FF4007300934FF6FF73EC
:10534000002210213046FEF75FFC0025FFF768B809
:10535000002C00F05F866188FDF7A4FC207000251A
:10536000FFF75EB8002C00F05886A2782188FDF780
:10537000B9FC0025FFF754B8784B794A012D18BFC6
:105380001346012D774918BF4FF00C11026DD27BE7
:10539000012A12D0032A17D1A2F5C012013A1A44E9
:1053A0004FF4F011FCF7D6FFC009208025880035A6
:1053B00018BF01256D42FFF733B802221946FCF7EA
:1053C000C9FFC0092080F1E70222FCF7C3FFC00932
:1053D0002080EBE7002C00F023862178FEF74AFCC2
:1053E0000025FFF71DB81146FEF71AFB0025FFF751
:1053F00017B80094042300221C21FCF78BFF002522
:10540000FFF70EB8002C00F00E8602224421FCF7B4
:10541000A1FFC0F3002020700025FFF701B8002C89
:1054200000F0048600224421FCF7A6FF00F00100F2
:1054300020700025FEF7F4BF002C00F0FA8562888A
:105440002188FEF74BFB0025FEF7EABF00940823F6
:1054500000220421FDF74CFB0025FEF7E1BF00947C
:10546000082300220421FCF755FF0025FEF7D8BFD2
:10547000002C00F0E185238802220C21FDF795FB2A
:105480000025FEF7CDBF002C00F0D985238800222F
:105490000C21FDF78AFB0025FEF7C2BF2146FDF770
:1054A00005FB0025FEF7BCBF036DDB7B012B0BD09A
:1054B000032B12D10094052320224FF4F011FCF7A6
:1054C00029FF0025FEF7ACBF0094052300222649E2
:1054D000FCF720FF0025FEF7A3BF00940523002260
:1054E0004FF44021FCF716FF0025FEF799BF002579
:1054F00004F8015B009404232A467021FCF70AFF9C
:10550000FEF78EBF002C00F09D8501226421FCF780
:105510000BFF20600025FEF783BF002C00F095856F
:1055200000226421FCF700FF20600025FEF778BF11
:105530003000010004000F0008000F000C000F00F5
:1055400010000F0014000F0018000F001C000F00C7
:1055500028000F00040006001A0011003400180093
:105560002C00180014000C0020001800036DDB7BD9
:10557000012B0BD0032B12D10094052328224FF4CA
:10558000F011FCF7C7FE0025FEF74ABF0094052383
:105590000022D249FCF7BEFE0025FEF741BF009471
:1055A00005230022CE49FCF7B5FE0025FEF738BFE3
:1055B000002C00F04D8500221C21FCF7B5FE206078
:1055C0000025FEF72DBF002C00F045852588676873
:1055D000237A002B00F042853C4607EB83072946DF
:1055E0003046FDF73DFB44F8040B0135ADB2BC423B
:1055F000F5D10025FEF714BF002C00F0328523788A
:1056000001222821FDF77FFA0025FEF709BFFEF7EA
:1056100089FA0546FEF704BF1146FEF779FB0546F9
:10562000FEF7FEBE002C00F01F85A5780121FDF7D6
:10563000EDFA00213046FDF78DFF3046FDF7BEFF45
:1056400005F03F030022A7493046FDF75CFA01232D
:105650000093FF230022A4493046FEF723F9A24F0E
:1056600000252A4639463046FCF786FE10F0010F29
:10567000F7D100229D493046FCF76CFE05463046C6
:10568000FDF732FE00213046FDF738FE0521304699
:10569000FDF7BCFAC5F30B0525800025FEF7C0BE5B
:1056A0000221FEF7BDF901213046FEF7B9F91424B5
:1056B000A046002744254046FAF7E8FD3A46294629
:1056C0003046FCF759FE10F0020F05D1631E13F0AF
:1056D000FF04F0D1012500E000256D42FEF7A0BED9
:1056E000002C00F0C48423781B0303F4E0436278A9
:1056F000012A08BF43F4807300936FF4E243002251
:105700007B49FDF7E5FE0025FEF78ABE002C00F080
:10571000B18462682168FEF71BF80025FEF780BEA1
:10572000002C00F0AA84238800227249FDF73DFA7C
:105730000025FEF775BE002C00F0A2846268218867
:10574000FEF716FB0025FEF76BBE002C00F09B84D5
:10575000657823788BB1036D0022DA734FF0FF3345
:105760000822E5B123F48063009200221021304624
:10577000FDF7AEFE0025FEF753BE036D0122DA737E
:10578000182300225C49FDF711FBE82300225B4946
:105790003046FDF70BFB6FF008030022E1E742F40F
:1057A0008062E1E7002C00F0718423680022302140
:1057B000FDF7FCFA0025FEF733BE002C00F06984EB
:1057C00000222946FCF7B0FD20600025FEF728BE28
:1057D000234600222946FDF7E9FA0025FEF720BE00
:1057E000002C00F0598403224549FCF7C5FDC0F3A5
:1057F000021020700025FEF713BE002C00F04F842D
:10580000236800224421FDF7D1FA0025FEF708BEE7
:10581000002C00F04784238800224821FDF7C5F9B9
:105820000025FEF7FDBD002C00F03F84002244213E
:10583000FCF77AFD20600025FEF7F2BD002C00F099
:10584000378400224821FCF785FD20600025FEF703
:10585000E7BD002C00F02F84237800222949FDF7B2
:1058600052F90025FEF7DCBD002C00F02784002251
:105870004421FCF781FD20700025FEF7D1BD002CEE
:1058800000F01F84FDF74CF920600025FEF7C8BD2D
:10589000002C00F0198400221B49FCF75BFD2080DE
:1058A0000025FEF7BDBD002C00F011840022174931
:1058B000FCF73AFD20600025FEF7B2BD002C00F099
:1058C00009842388C3F30D0300934FF4404300225F
:1058D0000E49FEF799F90025FEF7A2BD2800180031
:1058E00008000C001C00070010000800140008004D
:1058F00014000700080005000C001F0010001F0026
:1059000060000300240001002C0005001A000E00B6
:10591000002C00F0E283A788A3680893217B0691FE
:105920002269049262690592D8B200F0030200F085
:10593000FC00052942D1B7F5B17F28BF4FF4B177FC
:10594000DFF8DC92042F05D809EB00035B78053BF8
:105950009F423BDB012A77D8AD4B995C3E46B9426A
:1059600074DA551C53FA85F500230B449BB20132BF
:10597000D2B2022A05D015F8011BA6EB030C614533
:10598000F3DB9F4208BF039064D007F105081FFABC
:1059900088F8802500210991039107910E464FF068
:1059A000050BBE465F4538BFDE46AEF1050E1FFA59
:1059B0008EFEDFF85CA2BC460F46DBE340F23113FB
:1059C0009F4228BF1F46DFF85C92BBE70023059A81
:1059D0001380049A1146089A0A604AE00023059A47
:1059E0001380049B1A46089B13604FF0FF3340E07E
:1059F0001FFA81FB0992039007930127CBE3002F45
:105A000040F09F83984500F2A183002E38D03F28B4
:105A100000F0C683002719F800105B1A9BB2461EDF
:105A200006F03F0016F03F0618BF01269AE30699DC
:105A3000092940F0BB833F2103910BE0B3B201324F
:105A4000D2B23F21039105E000239AE7002398E7B3
:105A50000390634605990B80039B42EA8302D2B20E
:105A6000130443EA0263134343EA0223049A1360D4
:105A7000002323600025FEF7D3BC099A079BE9E7C2
:105A80000390E7E7099A079BE4E73F210391E1E7E9
:105A9000002C00F0258325786268012A15BF6FF479
:105AA00060336FF4E043DF27EF2714BF4FF0200887
:105AB0004FF010080024009422464FF4A021FDF777
:105AC00007FD00943B46224652493046FDF7EAFE68
:105AD000012D03D065B10025FEF7A2BC2546009438
:105AE0003B4622464C493046FDF7DCFEFEF798BCAB
:105AF000CDF80080FF23002247493046FDF7D2FE53
:105B0000FEF78EBC002C00F0EE82227812F0010F1E
:105B10002DD0570107F0400740244FF4E01312F056
:105B2000040F28D043F4600344F08004120102F013
:105B3000800217434FF400120092DB4300224FF41F
:105B4000A0213046FDF7C4FCE443A4B20025009533
:105B500023462A462F493046FEF756F8009723463B
:105B60002A462D493046FEF74FF8FEF759BC00276C
:105B70003C463B46D3E70022DEE708230093FF23A1
:105B800001224FF48021FDF78DFE244C0223009367
:105B9000FF23032221463046FDF784FE00250095B1
:105BA000F72301224FF480213046FDF77BFE00955C
:105BB000FD23032221463046FDF774FEFEF730BC7C
:105BC000002C00F093826388DB0003F4FF632278EB
:105BD0000AB143F4006300934FF2070300224FF42D
:105BE00080213046FEF710F80025FEF719BC002C86
:105BF00000F07F82E3B29A1C01239340013BDBB2A9
:105C000000224FF40031FCF77EFF0025FEF708BCB0
:105C100088230500080005000C000500080011009D
:105C20000823050048230500002C00F06582E37A74
:105C3000002B00F06482637B012B21D9227BD54BA2
:105C400033F812201201D30AC2F30A0202F580626D
:105C5000B2F5006F28BF01339BB203F07F030093BE
:105C60004FF680730222CC493046FDF7CDFF9423D6
:105C70000022CA493046FCF746FF0025FEF7D0BB9C
:105C8000227BC44B33F812304FF4356202FB03F22F
:105C9000930CC2F3CA1202F58062B2F5006F28BFFE
:105CA00001339BB2D9E7002C00F02C820022BC49C2
:105CB000FCF73AFB20600025FEF7B2BB002C00F099
:105CC00024820022B749FCF72FFB20600025FEF755
:105CD000A7BB002C00F01C824FF4A8132360002502
:105CE000FEF79EBB002C00F0168200250B9510AF2E
:105CF000192347F8103D009704232A46AA49FCF7C8
:105D0000F7FE41F648730C93009704232A46A749EF
:105D10003046FCF7EDFE0BAB009304232A464FF40C
:105D2000E8113046FCF7F6FA0B9B2360FEF778BBD0
:105D3000002C00F0F38100229D49FCF7F5FA80B2B7
:105D4000206000229B493046FCF7EEFA430D9B0190
:105D50009BB263600025FEF763BB002C00F0E1817D
:105D6000237E2BB1012B37D0022B5ED0FF232FE0F7
:105D700000229149FCF7D8FAC0F30B002060002202
:105D80008E493046FCF7D0FAC0F31500606000225F
:105D90008B493046FCF7C8FAC0F31500A06000221A
:105DA00088493046FCF7C0FAC0F31500E0600022D5
:105DB00085493046FCF7B8FAC0F310002061002294
:105DC00077493046FCF7B0FA00F0E040606100230C
:105DD00063760025FEF724BB00227C49FCF7A4FA79
:105DE000C0F30B002060002279493046FCF79CFA92
:105DF000C0F315006060002276493046FCF794FA43
:105E0000C0F31500A06000224FF450213046FCF78B
:105E10008BFAC0F31500E06000226F493046FCF7B2
:105E200083FAC0F313002061C9E700226B49FCF735
:105E30007BFAC0F30B002060002269493046FCF772
:105E400073FAC0F315006060002266493046FCF723
:105E50006BFAC0F31500A060002263493046FCF7DE
:105E600063FAC0F31500E060002260493046FCF799
:105E70005BFAC0F313002061A1E70025FEF7D0BA5A
:105E80000025FEF7CDBA0025FEF7CABA0025FEF7B9
:105E9000C7BA0025FEF7C4BA0025FEF7C1BA00252F
:105EA000FEF7BEBA0025FEF7BBBA0025FEF7B8BA6A
:105EB0000025FEF7B5BA0025FEF7B2BA0025FEF7B9
:105EC000AFBA0025FEF7ACBA0025FEF7A9BA002547
:105ED000FEF7A6BA0025FEF7A3BA0025FEF7A0BA82
:105EE0000025FEF79DBA0025FEF79ABA0025FEF7B9
:105EF00097BA0025FEF794BA0025FEF791BA00255F
:105F0000FEF78EBA0025FEF78BBA0025FEF788BA99
:105F10000025FEF785BA0025FEF782BA0025FEF7B8
:105F20007FBA0025FEF77CBA0025FEF779BA002576
:105F3000FEF776BA0025FEF773BA0025FEF770BAB1
:105F40000025FEF76DBA0025FEF76ABA0025FEF7B8
:105F500067BA0025FEF764BA0025FEF761BA00258E
:105F6000FEF75EBA0025FEF75BBA0025FEF758BAC9
:105F70000025FEF755BA0025FEF752BA0025FEF7B8
:105F80004FBA0025FEF74CBA0025FEF749BA0025A6
:105F9000FEF746BAC423050012000E0016000E00DC
:105FA0006000030048000F0004001F0008001F00ED
:105FB00048000C0028000C0058000C0030000C00B9
:105FC00034000C0038000C002C000C0020000D00E8
:105FD00064000C0068000C0060000C0068000D00FC
:105FE00040000D0044000D0048000D003C000D0075
:105FF0000025FEF715BA0025FEF712BA0025FEF7B8
:106000000FBA0025FEF70CBA0025FEF709BA0025E5
:10601000FEF706BA0025FEF703BA0025FEF700BA20
:106020000025FEF7FDB90025FEF7FAB90025FEF7B9
:10603000F7B90025FEF7F4B90025FEF7F1B9002500
:10604000FEF7EEB90025FEF7EBB90025FEF7E8B93B
:106050000025FEF7E5B90025FEF7E2B90025FEF7B9
:10606000DFB90025FEF7DCB90025FEF7D9B9002518
:10607000FEF7D6B90025FEF7D3B90025FEF7D0B953
:106080000025FEF7CDB90025FEF7CAB90025FEF7B9
:10609000C7B90025FEF7C4B90025FEF7C1B9002530
:1060A000FEF7BEB90025FEF7BBB90025FEF7B8B96B
:1060B0000025FEF7B5B90025FEF7B2B90025FEF7B9
:1060C000AFB90025FEF7ACB90025FEF7A9B9002548
:1060D000FEF7A6B90025FEF7A3B90025FEF7A0B983
:1060E0000025FEF79DB90025FEF79AB90025FEF7B9
:1060F00097B90025FEF794B90025FEF791B9002560
:10610000FEF78EB90025FEF78BB90025FEF788B99A
:106110000025FEF785B90025FEF782B90025FEF7B8
:106120007FB90025FEF77CB999F811305A1ED2B21A
:10613000012A7FF604A80222FEF78BBF002F3FF44E
:1061400064AC19F800105B1A9BB283E43F2827D097
:10615000002E7FF460AC013000F03F0019F8001011
:106160000B449BB29C453FF473AC013D15F0FF0519
:106170003FF434AC9E45BFF442AC9845DED9ACEB5D
:10618000030109B20029B8BF494259457FF730AC35
:10619000002F7FF472AC3F28DAD1002F7FF472AC6D
:1061A000032A3FF472AC022A3FF441AC1AF8021001
:1061B0005E1866457FF742AC0B449BB20132D2B207
:1061C000002728E42DE9F04105460E46036D002B1B
:1061D0005CD02C6D0023E37302226282A375E37509
:1061E0002374A372E37204212846FCF739FD0746A5
:1061F00005212846FCF734FD80460A212846FCF795
:106200002FFDC0F30440207227B1B8F1000F01D078
:10621000002840D120212846FCF722FD2F4B984230
:106220000CBF01230023637216F0100F37D116F054
:10623000200F3AD116F0400F3DD116F0800F41D11A
:10624000E37A0BB98523E372A37A0BB97423A372A3
:106250001F212846FCF704FD60731E212846FCF729
:10626000FFFC10F03F0012BFA0732E23A373A37B8B
:1062700000221B492846FCF746FC35212846FCF73E
:10628000EFFC034620BB0020BDE8F0812C20F8F78E
:10629000A1FA28659DE72846FDF7D0FCBAE706215C
:1062A0002846FCF7DDFC2060C1E707212846FCF703
:1062B000D7FC6060BEE708212846FCF7D1FC000C43
:1062C000A072BAE709212846FCF7CAFCE072B7E7DA
:1062D000002204492846FCF769FDD4E7400200107B
:1062E0001400090004000900F0B585B00446436BB2
:1062F0001968FFF767FF064623681B69984703ABD9
:10630000002211462046FDF7E1FF636B9B6A196886
:106310002046FDF7B3FD636B9B6A59682046FDF785
:106320004DFB636B9B6ADB8900224FF460212046A2
:10633000FCF73BFC636B9B6A9B8900225249204619
:10634000FCF733FC00212046FCF7CCFE002500952D
:106350004FF6FF532A4610212046FDF755FC636B8C
:106360009B6A5A8919892046FDF7B8FB636B9B6AC3
:106370001B8A02220C212046FCF717FC636B9B6AE8
:106380005B8A2A460C212046FCF70FFC636B197AC6
:106390002046FDF76FFC636BD9682046FCF7B8FE1A
:1063A000616B0B7E4A6909692046FDF7EFF9636B63
:1063B0009A7F998B2046FCF7BDFC226D937B2E2B98
:1063C00005D0636B93F82C3033F03F030AD0636B36
:1063D00093F82C3003F03F03937300222B4920469F
:1063E000FCF791FB636B93F82D102046FDF76EFAD6
:1063F000636B196A2046FCF7ADFE636B596A204651
:10640000FCF7CCFE636B93F82E30A3BB636B93F861
:106410002F102046FCF7B6FB94F94C50002D27DBDB
:10642000012303FA05F5AFB24FF0907239462046CA
:10643000FDF78EF90DF10A030093022300224FF4B9
:10644000A0212046FBF766FFBDF80A3023EA0503CA
:10645000ADF80A3000220E492046FCF7A6FB94F95D
:106460004D20B2FA82F2520939462046FDF780FCEF
:10647000304605B0F0BD01230093FF2300220549FB
:106480002046FDF70FFAC1E70400010014000900DF
:1064900008000500040002009829024818BF0020E7
:1064A000704700BFCC24050070472DE9F04184B04F
:1064B00005460F461E46BDF82C30591E89B20129EB
:1064C0001CD9D01900F07F003A44C2F30441820085
:1064D00042EA412243EA0201090A8DF80C1020B970
:1064E000B3F5004F18D0002B37D041F040018DF8A4
:1064F0000C101A438DF80D20022405E07A0062F09A
:106500007E028DF80C200124022B06D026D3A3F5A1
:106510000043032B01D9FEE701242B6D1B7D4BB9F2
:106520002B685D680A9B324603A92046A84704B041
:10653000BDE8F0810022214603A8FBF74BFE02468E
:1065400031460A98FBF746FE2B6800909D680A9B2F
:10655000324603A92046A847E9E701242B68D3F86F
:1065600000800A9B324603A92046C0472B6D1B7D45
:10657000022BDCD1182FDAD00022214603A8FBF72A
:1065800029FE024631460A98FBF724FE0446002203
:106590001821284600F039F88442C8D0EB68002B57
:1065A000C5D09847C3E710B582B000240194049C7D
:1065B0000094FFF77AFF02B010BD00B585B003ABC1
:1065C0000093042392B2FFF7EEFF0DF10F030DF1DC
:1065D0000B01002013F8012902EB00208B42F9D1B6
:1065E00005B05DF804FB00B585B003AB0093022352
:1065F00092B2FFF7D8FF9DF80D309DF80C0000EB2C
:10660000032080B205B05DF804FB00B585B00DF144
:106610000F030093012392B2FFF7C5FF9DF80F000F
:1066200005B05DF804FB30B5BDB005460C46036D02
:106630009A7B012A1CD0032A40F0E8819B7D13F04D
:10664000080F0CD113F0040F02AB009314BF3823D2
:10665000202300224FF4F011FFF7A5FF19E002AB51
:106660000093E82300224FF4F011FFF79CFF10E0A5
:106670009B7D13F0080F40F0C08113F0040F02ABB4
:10668000009314BF3823202300224FF4C011FFF7DA
:106690008AFF0DF1170204F11A0304F1200012F829
:1066A000011F03F8011B8342F9D19DF815209DF8C5
:1066B000143043EA0223C3F30C0363849DF81F20C4
:1066C0009DF81E3043EA0223C3F30D0313F4005F69
:1066D0001CBF6FEA83436FEA934323849DF8252010
:1066E0009DF8243043EA0223C3F30B03E3872B6DA9
:1066F0009B7D13F0020F40F07E810AAA631E201DCD
:1067000012F8011B03F8011FD1791972D17B59745A
:106710008342F5D19DF82F3063719DF82E209DF8AE
:106720002D3043EA0223E3809DF837209DF8363070
:1067300003EB0223C3F3CF13A4F80D309DF83220EE
:106740009DF8313043EA0223A4F80F309DF83F2032
:106750009DF83E3003EB0223C3F3CF13E3829DF891
:106760003A209DF8393043EA022323832B6D9B7D29
:1067700013F0040F40F03F819DF843209DF8423014
:106780001B0443EA02639DF8402013439DF8412017
:1067900043EA022323F0604363629DF847209DF89B
:1067A00046301B0443EA02639DF8442013439DF8DE
:1067B000452043EA022323F00043A3629DF84B20C7
:1067C0009DF84A301B0443EA02639DF848201343B6
:1067D0009DF8492043EA0223C3F31303E3629DF8C3
:1067E0004F209DF84E301B0443EA02639DF84C2075
:1067F00013439DF84D2043EA0223C3F3150323639B
:106800009DF853209DF852301B0443EA02639DF823
:10681000502013439DF8512043EA0223C3F315038C
:1068200063639DF857209DF856301B0443EA0263CA
:106830009DF8542013439DF8552043EA0223C3F3E7
:106840001503A3639DF865209DF8643043EA022395
:10685000A3879DF877209DF876301B0443EA0263F6
:106860009DF8742013439DF8752043EA022323F01A
:10687000404323649DF87B209DF87A301B0443EA53
:1068800002639DF8782013439DF8792043EA0223A0
:10689000C3F3130363649DF87F209DF87E301B04CF
:1068A00043EA02639DF87C2013439DF87D2043EA70
:1068B0000223C3F31503A3649DF883209DF882305F
:1068C0001B0443EA02639DF8802013439DF8812056
:1068D00043EA0223C3F31503E3649DF887209DF880
:1068E00086301B0443EA02639DF8842013439DF81D
:1068F000852043EA0223C3F3150323659DF8952001
:106900009DF8943043EA0223C3F30E03A4F85430F5
:106910009DF8A5209DF8A43043EA0223C3F30B039E
:10692000A4F856309DF8BF209DF8BE301B0443EA02
:1069300002639DF8BC2013439DF8BD2043EA022367
:1069400023F04043A3659DF8C3209DF8C2301B048B
:1069500043EA02639DF8C02013439DF8C12043EA37
:106960000223C3F31303E3659DF8C7209DF8C630E7
:106970001B0443EA02639DF8C42013439DF8C5201D
:1069800043EA0223C3F3150323669DF8CB209DF849
:10699000CA301B0443EA02639DF8C82013439DF8E4
:1069A000C92043EA0223C3F3150363669DF8CF2091
:1069B0009DF8CE301B0443EA02639DF8CC201343BC
:1069C0009DF8CD2043EA0223C3F31503A3669DF887
:1069D000DD209DF8DC3043EA0223C3F30E03A4F864
:1069E0006C309DF8ED209DF8EC3043EA0223C3F3B0
:1069F0000B03A4F86E303DB030BD02AB0093E8232A
:106A000000224FF4C011FFF7CEFD42E69B7D13F04C
:106A1000010F00F0B38102AB00936C2300224FF40E
:106A20004021FFF7C0FD1DAB00936C2300224FF403
:106A300050212846FFF7B7FD02AA631E201D12F859
:106A4000011B03F8011FD1791972D17B5974D17DD3
:106A500099768342F3D19DF82530E3779DF80F3086
:106A600063719DF80E209DF80D3043EA0223E38008
:106A70009DF816309DF8172043EA0222C2F3CF1288
:106A8000A4F80D209DF8152042EA0322A4F80F2057
:106A90009DF81F2043EA0223C3F3CF13E3829DF83E
:106AA0001E209DF81D3043EA022323839DF82720F2
:106AB0009DF8263043EA0223C3F30D0313F4005F6D
:106AC0001CBF6FEA83436FEA934323849DF8292018
:106AD0009DF8283043EA0223C3F30C0363849DF836
:106AE0002F209DF82E301B0443EA02639DF82C20D2
:106AF00013439DF82D2043EA022323F06043636291
:106B00002B6D9B7D13F0010F3FF475AF9DF8332083
:106B10009DF832301B0443EA02639DF83020134392
:106B20009DF8312043EA022323F00043A3629DF83D
:106B300037209DF836301B0443EA02639DF8342069
:106B400013439DF8352043EA0223C3F31303E362A2
:106B50009DF83B209DF83A301B0443EA02639DF800
:106B6000382013439DF8392043EA0223C3F3150369
:106B700023639DF83F209DF83E301B0443EA0263E7
:106B80009DF83C2013439DF83D2043EA0223C3F3C4
:106B9000150363639DF843209DF842301B0443EACC
:106BA00002639DF8402013439DF8412043EA0223ED
:106BB000C3F31503A3639DF851209DF8503043EAB9
:106BC0000223A3879DF861209DF8603043EA0223E9
:106BD000C3F30B03E3879DF867209DF866301B0421
:106BE00043EA02639DF8642013439DF8652043EA5D
:106BF000022323F0404323649DF86B209DF86A3004
:106C00001B0443EA02639DF8682013439DF8692042
:106C100043EA0223C3F3130363649DF86F209DF8D6
:106C20006E301B0443EA02639DF86C2013439DF809
:106C30006D2043EA0223C3F31503A3649DF8732078
:106C40009DF872301B0443EA02639DF870201343E1
:106C50009DF8712043EA0223C3F31503E3649DF812
:106C600077209DF876301B0443EA02639DF8742078
:106C700013439DF8752043EA0223C3F315032365EC
:106C80009DF885209DF8843043EA0223C3F30E0368
:106C9000A4F854309DF895209DF8943043EA0223DF
:106CA000C3F30B03A4F856309DF8AF209DF8AE3027
:106CB0001B0443EA02639DF8AC2013439DF8AD200A
:106CC00043EA022323F04043A3659DF8B3209DF8D7
:106CD000B2301B0443EA02639DF8B02013439DF8D1
:106CE000B12043EA0223C3F31303E3659DF8B72001
:106CF0009DF8B6301B0443EA02639DF8B4201343A9
:106D00009DF8B52043EA0223C3F3150323669DF8DB
:106D1000BB209DF8BA301B0443EA02639DF8B820FB
:106D200013439DF8B92043EA0223C3F315036366B6
:106D30009DF8BF209DF8BE301B0443EA02639DF816
:106D4000BC2013439DF8BD2043EA0223C3F315037F
:106D5000A3669DF8CD209DF8CC3043EA0223C3F30F
:106D60000E03A4F86C309DF8DD209DF8DC3043EA7A
:106D70000223C3F30B03A4F86E303CE602AB00938E
:106D8000282300224FF44021FFF70DFC54E60000B9
:106D900000B583B0036D9B7B012B0BD0032B10D16F
:106DA0000091052304224FF4F011FFF7FCFB03B020
:106DB0005DF804FB0091052300220549FFF7F3FB72
:106DC000F5E70091052300226021FFF7ECFBEEE7D9
:106DD0000400180010B582B04FF400440194049CE4
:106DE0000094FFF762FB02B010BD00B585B08DF8CE
:106DF0000C301B0A8DF80D3003AB0093022392B2C6
:106E0000FFF7E8FF05B05DF804FB000008B50129B5
:106E100002D0052907D008BD41F62203002205490A
:106E2000FFF7E3FFF7E74FF4007300220149FFF794
:106E3000DCFFF0E70400110038B505460C4641F4CC
:106E400000739BB200224FF43021FFF7CEFFA3B2B4
:106E500000224FF430212846FFF7C7FF38BD00005D
:106E600070B504460E460C4D012300222946FFF75B
:106E7000BCFF3346002209492046FFF7B6FF022334
:106E8000002229462046FFF7B0FF00220449204691
:106E9000FFF793FB70BD00BF08000B0004000B0060
:106EA00010000B0010B584B08DF80C301C0A8DF862
:106EB0000D401C0C8DF80E401B0E8DF80F3003ABEF
:106EC0000093042392B2FFF785FF04B010BD38B5DC
:106ED000044689B900222821FFF76FFB05460122ED
:106EE0004FF460212046FFF790FB2B1A0022282147
:106EF0002046FFF7D7FF38BD00222821FFF75DFBB2
:106F0000054601227C212046FFF77FFB2B1A002239
:106F100028212046FFF7C6FFEDE738B505460C46A9
:106F200000224FF48031FFF748FB000D0005C4F349
:106F30001303034300224FF480312846FFF7B2FFCA
:106F400038BD38B505460C4600224FF4A021FFF7A6
:106F500034FB20F47C3314F0010F18BF43F480336A
:106F600014F0020F18BF43F4005314F0040F18BFBD
:106F700043F4903300224FF4A0212846FFF792FFFC
:106F800038BD000038B505460C460B6800220B4999
:106F9000FFF788FF6368002209492846FFF782FF50
:106FA000A368002207492846FFF77CFFE368002218
:106FB00005492846FFF776FF38BD00BF0C000200E8
:106FC00010000200140002001800020038B5054647
:106FD0000C460B6800220B49FFF764FF6368002230
:106FE00009492846FFF75EFFA368002207492846A3
:106FF000FFF758FFE368002205492846FFF752FFD4
:1070000038BD00BF1C000200200002002400020066
:10701000280002002DE9F047044605293AD0234D07
:107020002E46234FDFF8C480DFF8C490DFF8C4A0F9
:10703000204B002220492046FFF734FF5346002210
:107040001E492046FFF72EFF4B4600221C492046D2
:10705000FFF728FF434600221A492046FFF722FF88
:107060003B46002218492046FFF71CFF334600220A
:1070700016492046FFF716FF2B46002214492046EA
:10708000FFF710FF134B002213492046FFF70AFFBA
:10709000BDE8F087114D124E124FDFF85C80DFF82B
:1070A0005C90DFF85CA0104BC3E700BFB5AF0200F7
:1070B0007DAF0200FEA80200380003003C00030080
:1070C0004000030044000300480003004C0003009C
:1070D00050000300400200101C000300F5CF010027
:1070E000B5CF010036CF0100FDC001003EAF020068
:1070F000FEA5020036AC02007EC70100BEC601003C
:107100003EC4010008B500231A460249FFF7CAFE33
:1071100008BD00BF0400070038B504460D46002333
:107120001A460A49FFF7BEFE00231A464FF4E02133
:107130002046FFF7B7FE05B938BD4FF0E0530022F7
:1071400003492046FFF7AEFEF6E700BF4800070000
:1071500014000700F0B583B0046DA47B032C0CBFB2
:107160004FF4981C4FF4901C9C18B4F5806F19DAFA
:107170001D4616460F4604467F2B15D94FEA1C4381
:1071800000220D49FFF78EFE2B4600220B492046B8
:10719000FFF788FE0097334600224FF4E81120469F
:1071A000FFF701FA03B0F0BD009113462A4661468D
:1071B000FFF7F9F9F6E700BF04001F0008001F0001
:1071C00010B584B004AC04F8013D0094012392B2E0
:1071D000FFF700FE04B010BD10B50446036D9B7BA5
:1071E000012B13D0032B1DD1F02300221249FFF7EE
:1071F000E7FF00224FF4F0112046FFF7F4F9236D6A
:10720000DA7AA2B1C0F30900D88310BD0F2300229F
:107210000949FFF7D5FF00224FF4C0112046FFF7C0
:10722000E2F9ECE700224C21FFF7DDF9E7E700F097
:107230007F00D883E9E700BF1800010010B50446BD
:10724000036D9B7B012B04D0236D9B7B032B06D00E
:1072500010BD0F2300220549FFF7B2FFF4E7F0232A
:10726000002202492046FFF7ABFFF1E718000100BA
:1072700038B5044600231A464FF42021FFF7B5FD28
:1072800000231A4608492046FFF79AFF074D0023BE
:107290001A4629462046FFF793FF0223002229467B
:1072A0002046FFF78DFF38BD14000A0004000A00D5
:1072B00038B505460C46022300224FF47021FFF733
:1072C0007FFF04B938BD012300224FF47021284606
:1072D000FFF776FFF6E7000038B504460B460022BC
:1072E0000A49FFF782FD0A4D8823002229462046DD
:1072F000FFF766FF00231A4629462046FFF760FF86
:10730000002204492046FFF780F938BD0C000A002E
:1073100004000A0008000A0070B504460B46154632
:10732000B1F5807F34BF0026202600220B49FFF7ED
:107330005CFD2B4600220A492046FFF741FF094D1C
:1073400046F09003002229462046FFF739FF00232C
:107350001A4629462046FFF733FF70BD0C000A008D
:1073600010000A0004000A0070B504460D461646D7
:10737000002240F20B11FFF7CFFF4FF4827120463D
:10738000FFF7AAFF00F01F024FF482712046FFF7BB
:10739000C3FF236D1A8A15431D82236D1B8A0022A9
:1073A0004FF420212046FFF720FD334600220249FA
:1073B0002046FFF705FF70BD14000A00F0B583B04A
:1073C0005C18B4F5806F24DA1C4617460E46054655
:1073D0007F2B15D9142300220F49FFF763FD2346A5
:1073E00000220E492846FFF75DFD00973346002234
:1073F0004FF4E8112846FFF7EDFC002003B0F0BD84
:1074000000920B4622464FF4A011FFF7E3FC002048
:10741000F4E74FF0FF30F1E704001F0008001F0001
:1074200010B582B004460223019300220092134655
:107430001321FFF73AF8236D9A7B032A0CBF012230
:1074400003229A7302B010BD2DE9F04104460022D8
:107450004FF4F811FFF7D9F80546002244212046E1
:10746000FFF7ABF80646236D0022DA8383F820206D
:107470009A619A835A62236D5C62236D9F7B002F11
:107480007FD1236D9E61D4F8508098F8153003F0B9
:107490000303032B00F0908015F0800F40F09380E1
:1074A00015F0010F40F0C18015F0400F0BD0636A5A
:1074B00013B1206D183098474FF4C0730222442155
:1074C0002046FFF792FC15F0080F07D1236D9B7B38
:1074D000002B00F0EA80002F00F0E780236D0022EF
:1074E00083F8202016F4802F00F0AD80226D92F8F2
:1074F000203043F0080382F820304FF4802716F044
:10750000805F08D0226D92F8203043F0100382F89B
:10751000203047F0805716F4005F06D0226D537D6F
:1075200003F00303032B00F09A8016F4804F40F021
:10753000A28047F4DE43002244212046FFF7B2FC3C
:107540002046FFF77BFE206DC38B002B40F0A2800E
:10755000437D03F00303032B00F09C80836923F435
:1075600090438361226D936943F480539361E3698F
:1075700013B1206D18309847236D002283F8202026
:107580008CE06D492046FFF740F80746236D9B7B52
:10759000032B08BFC0F3071717F0010F18BF46F4FD
:1075A000804617F0020F18BF46F4005617F0040F7C
:1075B00018BF46F4806664E716F4005F1CBF45F010
:1075C0000805EDB268E7002248212046FFF70BF8D6
:1075D000A8F81C00236D1A7D1AB19A6912F0040FE5
:1075E00003D19B8B03F460638BB1042300224421FD
:1075F0002046FFF7E5FD4FF4606300224821204656
:10760000FFF7F3FB236A13B1206D18309847236D01
:107610009B8B13F4807F3FF443AF4FF480730022C1
:1076200048212046FFF7E1FB3AE7F82300224421F6
:107630002046FFF7C5FD2369002B3FF435AF206DD1
:107640001830984730E716F4806F1FBF226D92F80C
:10765000203043F0040382F8203000274FE792F8EF
:10766000203043F0020382F82030236D0022DA83B9
:1076700047F400475DE72046FFF7AEFD10F4004FEA
:107680003FF457AF226D92F8203043F0010382F8A7
:1076900020304EE763690BB118309847236D9B7B10
:1076A00003BB236D002283F8202015F0100F1DD19D
:1076B00015F0200F2DD1002220492046FEF7A5FF0E
:1076C000236D83F8210010F0030309D000221B4929
:1076D0002046FFF775FDA36A13B1206D1830984757
:1076E000BDE8F0812046FFF79BFEDAE7144B00224D
:1076F00044212046FFF7D6FB2046FFF79FFDE369B4
:1077000013B1206D18309847236D002283F8202094
:10771000CEE70C4B002244212046FFF7C3FB204656
:10772000FFF78CFDA36913B1206D18309847236DC6
:10773000002283F82020BEE7180001003800110065
:10774000009405340004221030B585B0089C8DF8F3
:1077500008301D0A8DF809501D0C8DF80A501B0EBB
:107760008DF80B308DF80C40230A8DF80D30230C6A
:107770008DF80E30240E8DF80F4048F2030301936C
:1077800002AB0093082392B2FEF78FFE05B030BD26
:1077900070B582B004460E46134D4FF00823009397
:1077A0004FF0FF3300222946FFF7CEFF4FF0601362
:1077B00000934FF0FF33002229462046FFF7C4FF15
:1077C0000A4B00934FF0FF3300224FF4E021204694
:1077D000FFF7BAFF0EB902B070BD054B0022054994
:1077E0002046FFF75FFBF6E748000700003C000279
:1077F000001101011400070000B583B0054B009390
:107800004FF0FF3300220449FFF79EFF03B05DF8FD
:1078100004FB00BF003C0002040007002DE9F04318
:1078200083B004460D461746564E00223146FEF7F9
:10783000C4FE81464FF4704300934FF0FF330022A3
:1078400031462046FFF780FFDFF83C8118230022F5
:1078500041462046FFF7C9FA25212046FFF7ECFAFA
:1078600002212046FFF7E8FA4FF4FE712046FFF7A9
:10787000E3FAF9B241F480712046FFF7DDFA4FF4E4
:1078800080712046FFF7D8FA00212046FFF7D4FA8E
:1078900002212046FFF7D0FA4FF4E0712046FFF7AF
:1078A000CBFAE9B241F480712046FFF7C5FAC5F37F
:1078B000072141F480712046FFF7BEFAC5F3074166
:1078C00041F480712046FFF7B7FA290E41F4807128
:1078D0002046FFF7B1FA00212046FFF7ADFA3A2122
:1078E0002046FFF7A9FA40F2FF112046FFF7A4FA5D
:1078F0004FF485712046FFF79FFA00212046FFF7DD
:107900009BFA3A212046FFF797FA40F201112046F0
:10791000FFF792FA022300224FF430212046FFF7AE
:1079200064FA00231A464FF430212046FFF75DFA2F
:107930000220F8F79BFC3A212046FFF77DFA4FF42E
:1079400081712046FFF778FA022300224FF430219C
:107950002046FFF74AFA00231A464FF4302120460A
:10796000FFF743FA00231A4641462046FFF73DFA47
:107970004B46002231462046FFF794FA03B0BDE89B
:10798000F08300BF4400070008000B00F0B583B08F
:10799000002423460126072702E00134092C09D0E0
:1079A00006FA04F50D42F8D004EB440507FA05F594
:1079B0002B43F2E71A400092DB4300224FF4A02150
:1079C000FFF7C2FE03B0F0BD10B582B004467F2AB7
:1079D00012D9803241EAC32141EA024100910C4BA5
:1079E00000222021FFF7B0FE00224FF400212046A4
:1079F000FEF70BFE02B010BD41EAC32141EA02418D
:107A00000091034B00222021FFF79EFEF2E700BF0A
:107A100000F400FC00B583B000920B460022442124
:107A2000FFF792FE002003B05DF804FB00B585B0BF
:107A30008DF80C309DF818308DF80D3048F20103A8
:107A4000019303AB0093022392B2FEF72EFD05B023
:107A50005DF804FB30B583B004460D4611F0010F0C
:107A600015D000230093EF2302224FF46021FFF78B
:107A7000DDFF236D9D75236D9B7D5B0810D06B082A
:107A800000220E492046FFF79BFB03B030BD1023B8
:107A90000093FF2302224FF46021FFF7C7FFE8E7BE
:107AA00001230093FF23002204492046FFF7BEFF75
:107AB000226D937D43F002039375E6E720000100F9
:107AC00070B582B004460D460121FFF79FF90021F1
:107AD0002046FFF75DFE2046FFF78EFEC5F30B0341
:107AE000002215492046FFF780F903230093FF2366
:107AF000002212492046FFF799FF104E00252A4622
:107B000031462046FEF781FD10F0010FF7D12046E7
:107B1000FFF7F8FA00212046FFF7FEFA052120467C
:107B2000FFF774F9002206492046FEF76EFD00F0CB
:107B30003F0002B070BD00BF1C000800100008002C
:107B40001C00070038B505460C46B1F8051049B1D0
:107B5000FFF7B6FFD4F80130002205492846FFF7A9
:107B6000A1F938BD237800220249FFF729FBF1E78C
:107B7000040001001C00070030B583B004460D4628
:107B800010230093FF2300220649FFF74FFF2B46E7
:107B9000022D38BF0223002228212046FFF782F958
:107BA00003B030BD28000F0030B583B00446012972
:107BB0001DD002292FD001230093FF230022254945
:107BC000FFF734FF244D4FF4000300936FF48073EC
:107BD000002229462046FFF7B7FD002300937F23AC
:107BE000022229462046FFF721FF03B030BD0521C0
:107BF000FFF70CF9022300934FF0FF3300221749DF
:107C00002046FFF7A1FD01220092FF2312492046E2
:107C1000FFF70CFFE9E703230093FF2300220D4940
:107C2000FFF704FF0C4D4FF4000300936FF48073D3
:107C3000002229462046FFF787FD002300937F237B
:107C4000022229462046FFF7F1FE05212046FFF7D4
:107C5000DDF8CAE70400110008001100080009005F
:107C600030B583B0054602290ED000240094FE23CF
:107C700022461021FFF7DAFE234622461421284629
:107C8000FFF7B3F803B030BD144601230093FF2380
:107C900000221021FFF7CAFE2346002214212846A5
:107CA000FFF7A3F8EEE700002DE9F04182B00546AA
:107CB000294C2A4B00222146FFF7F4F810230093A9
:107CC000FF23002221462846FFF7B0FE03244FF091
:107CD0001408234F00264046F8F7D8FA32463946B2
:107CE0002846FEF792FC012834D0631E13F0FF04EF
:107CF000F1D16FF00204184E00231A46314628468F
:107D0000FFF75EFA0123002215492846FFF758FACB
:107D100001230093FF23022231462846FFF786FE07
:107D2000002210492846FEF748FC6FF06043984255
:107D300008BF6FF0030400220B492846FEF73DFC04
:107D40006FF06043984214BF20466FF0040002B009
:107D5000BDE8F0810024CEE70C0004000100020021
:107D600020000400140004001C0004002DE9F0436E
:107D700083B00546884617461C46F8F7CBF90646F9
:107D8000022C19D0042C17D004F0FD03012B3FD096
:107D90004FF00009CDF800906FEA08034A463C21F5
:107DA0002846FFF7D1FCCDF80090FB434A4640211E
:107DB0002846FFF7C9FC0BE0434600223C21284639
:107DC000FFF770F83B46002240212846FFF76AF88B
:107DD000033CE4B2012C2DD900223C212846FEF7B9
:107DE000ECFB0346002244212846FFF75BF8002203
:107DF00040212846FEF7E1FB0346002248212846A1
:107E0000FFF750F83046F8F797F903B0BDE8F08374
:107E1000CDF800804FF0FF3300223C212846FFF7C9
:107E200093FC00974FF0FF33002240212846FFF7D4
:107E30008BFCCDE710210091FF2302222846FFF79B
:107E4000F5FDC9E700B583B000290BBFFF23F72379
:107E500000220822009201221021FFF7E7FD03B063
:107E60005DF804FB10B584B0BDF818408DF80C30F7
:107E70001B0A8DF80D308DF80E40240A8DF80F4046
:107E800048F20203019303AB0093042392B2FEF77E
:107E90000CFB04B010BD000030B583B0044611F0F7
:107EA000010F1FD00D464FF4107300936FF47C63E5
:107EB00000224FF4A021FFF747FC4FF40403009386
:107EC0004FF0FF33002218492046FFF73DFC15F024
:107ED000020F1AD14FF48873002214492046FEF78E
:107EE000E1FF10E0002500956FF47C632A464FF413
:107EF000A021FFF729FC00954FF6FF632A460B49A6
:107F00002046FFF7AFFF03B030BD084D084B0022FD
:107F100029462046FEF7C6FF4FF488730022294603
:107F20002046FEF7BFFFEEE7040011001800110025
:107F300010010F00F0B583B00446012909D01420C8
:107F4000F8F7A4F92046FFF7AFFE0546284603B030
:107F5000F0BD0F4E00223146FEF745FB074640F2CA
:107F6000071300934FF6FF73002231462046FFF7B8
:107F700079FF1420F8F78AF92046FFF795FE0546A9
:107F8000002200923B4631462046FFF76BFFDDE7BB
:107F90004800070000B583B0012A09D0CB43002276
:107FA00000929BB20649FFF75DFF03B05DF804FB4A
:107FB00000914FF6FF7300220149FFF753FFF4E7EA
:107FC0000C000500F0B583B004460F4616461D466A
:107FD00048F2400300934FF6FF7300221849FFF761
:107FE00041FFAA1943F201039A4215DC7F2D1DD9E6
:107FF0001523002213492046FEF754FF2B4600228A
:1080000011492046FEF74EFF0097334600224FF4F9
:10801000E8112046FEF7C7FA0022009247F6BF7328
:1080200007492046FFF71EFF03B0F0BD0097334617
:108030002A464FF4A8112046FEF7B5FAECE700BF38
:108040000400110004001F0008001F0070B5064660
:108050000C4615460E4B02220E49FEF723FF0F2D4C
:10806000A8BF0F25631E032B28BF04241023234120
:10807000002209493046FEF715FF631E9B0005FAF2
:1080800003F3002205493046FEF70CFF70BD00BF28
:108090007408D20010001100280007001800080022
:1080A0002DE9F04F83B004460D4691F800900B790E
:1080B000182B14D8CF78182F94BF00270127FFB2B0
:1080C000EB79012B0CBF102100216B78013B062BB3
:1080D00010D8DFE803F0060F0F120C0F090001277C
:1080E000EDE74FF0400A0AE04FF0480A07E04FF092
:1080F000800A04E04FF4807A01E04FF0200A226DFC
:10810000138A23F0E0031382236DEA79DA722E7B5F
:10811000B31C01269E401FFA86F8226DCA4B03FB52
:1081200008F3DB0B5382236DEA7A5A752B7A5B01D5
:1081300003F020036A7B43EA0243EA7A120302F463
:10814000304213430B430093C04B002210212046C2
:10815000FFF7FAFA002F40F0FB80EB7AF3B16B7B6C
:10816000012B40F220812A7BB94B33F812201201F7
:10817000D30AC2F30A0202F58062B2F5006F28BF8B
:1081800001339BB20AEBC80A03F07F0300934FF65A
:1081900080730222AF492046FFF764FE94230093C8
:1081A000AD4B0022AD492046FFF7CEFABAF1FF0FE2
:1081B00040F30C81226D138A43F0200313824FF4A5
:1081C000006300934CF6FF730022A5492046FFF799
:1081D00049FE6B7B012B00F00481AB7843F0100368
:1081E0000093FC2300224FF4C0212046FFF71EFC21
:1081F000731EDBB200224FF400312046FEF7E0FF91
:108200006B78072B0CBF0823002301222421204672
:10821000FEF7D6FFEB7A03F00303032B0CBF914B61
:10822000914B002291492046FEF73CFE00229049E6
:108230002046FEF7C2F920F4FF5020F01F00B9F1EC
:10824000090F08BF40F001002A79120202F4F85227
:10825000EB78DB00DBB21A436B795B0003F00603BB
:1082600013430343002282492046FEF71BFEAA79EE
:108270006B781B0343EA822300936FF4744300225C
:1082800020212046FFF760FAB5F8093023B96FF0D6
:108290007E036B720023AB72B5F8093002224FF4F3
:1082A000C0212046FEF7A1FD022272492046FEF7BA
:1082B000ACF9236DDB7B4B4500F09D80032800F07B
:1082C0009E80B9F1090F00F09F806B4B00226B4933
:1082D0002046FEF7E7FD41F63C7300224FF41021E3
:1082E0002046FEF782FD1423012265492046FEF751
:1082F00067FF0E23022263492046FEF761FF8123B8
:10830000002261492046FEF75BFF02230022442140
:108310002046FEF755FF01212046FFF745FC4FF0B0
:10832000140BD846002744264046F7F7AFFF3A46DD
:1083300031462046FEF769F910F0020F40F0C18087
:108340000BF1FF3313F0FF0BEED16FF00100DEE015
:10835000226D138A43F0600313824FF4C0530093DD
:108360006FF4405300223E492046FFF7EDF940F2FA
:108370000633002245492046FEF794FD00231A46A5
:1083800043492046FEF78EFD424B002231492046EC
:10839000FEF788FD9D2300932F4B00222F49204696
:1083A000FFF7D2F915E72A7B294B33F812304FF447
:1083B000356202FB03F2930CC2F3CA1202F580622B
:1083C000B2F5006F28BF01339BB2DBE64FF42053B8
:1083D00000934CF6FF73002221492046FFF742FD2F
:1083E000F7E6AB780093EC2300224FF4C02120463F
:1083F000FFF71CFBFCE603287FF463AF64E0022177
:108400002046FFF7D1FB5CE7234B00221B492046A7
:10841000FEF748FD40F63C7300224FF41021204641
:10842000FEF7E3FC5FE74FF4807300934FF6FF73B2
:1084300000220B492046FFF715FD226D138A43F0F9
:108440000803138252E000BF68660200CF4FFCFFB2
:10845000D424050014000E0000FFFFBF18000E001A
:1084600008000B00CC355FAF4C585FAF0C00060026
:108470000800010030000F003411071C1C00070029
:108480005000070018000700080009000C000E004B
:1084900010000E000A5A0C003400011C0022009249
:1084A000FE231C492046FFF7C1FA29E04FF0005394
:1084B00000936FF07F43002217492046FFF744F9ED
:1084C00021E0236D83F80F902B79093BDBB20F2B52
:1084D000E4D8236D1B7A012BA5D049462046FEF730
:1084E00099FD226D138A23F0080313824FF4C843C9
:1084F000009348F2FF13002206492046FFF7B2FC22
:10850000BAF13F0FD2DC01212046FFF713FD03B083
:10851000BDE8F08F1800030010000600F0B583B02E
:1085200005460E46036D002B51D02C6D0023A3731E
:108530000222228223756375E3736372A37204219E
:108540002846FEF78DFC074605212846FEF788FCE5
:108550000FB1002840D120212846FEF781FC354B81
:1085600098420CBF01230023237216F0100F42D152
:1085700016F0200F45D116F0400F48D116F0800FAD
:108580004CD1A37A0BB98523A372637A0BB97423F8
:1085900063721F212846FEF763FC20731E212846C4
:1085A000FEF75EFC10F03F0012BF60732E23637372
:1085B000637B002220492846FEF702FE352128462B
:1085C000FEF74EFC034678BB002003B0F0BD282028
:1085D000F6F700F92865A8E74FF4007300934FF60B
:1085E000FF73002215492846FFF73CFC238A43F01D
:1085F00010032382AFE706212846FEF731FC2060F6
:10860000B6E707212846FEF72BFC6060B3E7082198
:108610002846FEF725FC000C6072AFE709212846CA
:10862000FEF71EFCA072ACE7002205492846FEF7C3
:1086300039FCC9E7400200101400090008000B00D3
:108640000400090030B583B005460C4671B121F035
:108650000203013B0F2B62D8DFE803F011616124B4
:108660006161612D616161616161613A0221019124
:10867000002200921346FDF718FF204610E0022367
:1086800001930022009213460421FDF70EFF0322FE
:1086900044212846FDF7B9FF10F0080F25D100202E
:1086A00003B030BD022301930022009213460A2139
:1086B000FDF7FBFEEBE70021FEF709FC0223019327
:1086C00000220092134608212846FDF7EEFEDEE761
:1086D0000121FEF7FCFB02230193002200921346C6
:1086E00006212846FDF7E1FED1E702230193002190
:1086F00000910B460A462846FDF7D7FE14F0020FFC
:1087000002D04FF0FF30CBE702210191002200920E
:1087100013462846FDF7C9FE4FF0FF30C0E74FF083
:10872000FF30BDE770B582B00646022501950024F2
:108730000094234622461921FDF7B7FE336D9C7342
:108740001D821C755C75DC7302B070BD70B582B0A3
:10875000064602250195002400942346224618214E
:10876000FDF7A3FE336D9C731D821C755C75DC7375
:1087700002B070BD2DE9F04F91B0064615461C467B
:108780009C2900F29F80DFE811F0530A5E0AA300E3
:10879000A700C0004C0192016F015601A201AD017A
:1087A000B501BD01C501CD01D501D901E1017202BB
:1087B000800285028F0294029902A202A702DD02C2
:1087C000FA02050310031A03520348033E0324036D
:1087D00031038103FC012F023D02450259027D094C
:1087E000820961039F03A303AC03B103DB03E50329
:1087F000ED03170423042E045703390442045404E0
:108800006D047E04C004CA04F004FF041A050805C0
:1088100024056A058205A205D105E505EE050A06CF
:10882000F70543078507D307D907E407FD071D08A8
:10883000270831085F0868086E08770884089108DF
:108840009B08A408AD08B808C308C908EC08F708D5
:1088500002090D094E09590972098809FC09060A1D
:10886000110A660A1B0A480A7707C609E609D40AEC
:10887000C90A730A7E0A890A940A9F0AAA0AB50AD3
:10888000BE0AB50CEF0C2A0D4D0DF90D0E0EFD0AAA
:10889000C00BF30BFE0B030C080C130C260C310C55
:1088A000460C5B0C970C9D009D009D009D009D005B
:1088B0009D009D009D00640D750DC20EBF0DB40D91
:1088C000D30DCA0D4FF0FF35284611B0BDE8F08F2B
:1088D000436898470025F7E70222B449FDF795FE63
:1088E000032801D80025EFE7F7F714FC044602231C
:1088F0000193002500952B462A4629463046FDF770
:10890000D4FD2046F7F718FCDEE7002C01F00286C4
:10891000247814F01D0F61D014F0010F23D014F04F
:10892000020F4FF0020301934FF000020092134632
:1089300014BF0D210321FDF7B8FD03224421304669
:10894000FDF763FE10F0080F08BF0025BCD002231E
:108950000193002100910B460A463046FDF7A5FD24
:108960004FF0FF35B0E714F0080F11D114F0100FDD
:1089700021D114F0020F4FF0020301934FF00002D7
:108980000092134614BF10210921FDF78EFDD4E794
:108990000021FEF79CFA14F0020F4FF0020301933E
:1089A0004FF000020092134614BF0F2107213046FA
:1089B000FDF77BFDC1E70121FEF789FA14F0020FF4
:1089C0004FF0020301934FF000020092134614BFD0
:1089D0000E2105213046FDF768FDAEE714F0200FAB
:1089E0000FD014F0020F4FF0020301934FF0000577
:1089F00000952B462A4614BF11210B21FDF755FD8A
:108A000062E714F0020F4FF0020301934FF00005EC
:108A100000952B462A4614BF0C210121FDF745FD88
:108A200052E7002C01F07985236800222821FEF707
:108A300039FA002548E7236800225D49FEF732FA3B
:108A4000636800225B493046FEF72CFAA3680022D7
:108A500059493046FEF726FAE36800225749304666
:108A6000FEF720FA00252FE7002C01F05985238816
:108A70006568032D01F25785DFE805F002070D1345
:108A800000224F49FEF7B1F91EE702224C49FEF7DA
:108A9000ACF9002518E700224A49FEF7A6F900259F
:108AA00012E702224749FEF7A0F900250CE7002C47
:108AB00001F03C8523785B0003F0060300936FF020
:108AC000060300224049FEF73FFE0025FCE64FF476
:108AD000803300934FF0FF3300223C49FEF734FE11
:108AE0000025F1E6002C01F02485036D1B7B23702B
:108AF0000025E9E6002C01F01F85036D5B7A2370E9
:108B00000025E1E6002C01F01A85036D9B7A2370A5
:108B10000025D9E6002C01F01585036D1B68236044
:108B20000025D1E6002C01F01085036D5B68236001
:108B30000025C9E6FEF774FC0025C5E6002C01F00F
:108B400007852168FEF7E9F90025BDE6002C01F054
:108B5000028525785DB1646840230093FF230022DD
:108B60001021FEF763FF022D07D1F46005E000221B
:108B70000092BF231021FEF759FF336D1D750025AC
:108B8000A2E6002C01F0EA846568237803224FF402
:108B90008031FEF715FBDDB9002200924FF2FF7322
:108BA00010213046FFF75EF98EE600BF30000F005F
:108BB00054000100580001005C0001006000010049
:108BC0000C00010010000100080001000400110069
:108BD0004FF4812300934FF0FF33002210213046E1
:108BE000FEF7B2FD00256FE600221146FDF7E5FC19
:108BF000B268136843405268134214BF4FF0FF3508
:108C0000002561E6002C01F0AC842178FEF722FFFC
:108C1000002559E63AB9002200924FF2FF73B84995
:108C2000FFF720F950E64FF4006300934FF6FF730F
:108C30000022B349FFF716F9002545E602F00102CC
:108C40004FF6FF734FF2FF71002A08BF0B46D202A6
:108C500015F0020F12BF42F4805223F480539BB2EE
:108C600000920022A649FFF7FDF800252CE62AB95C
:108C7000A44B0222A449FEF715F925E6A34B0222D4
:108C8000A149FEF70FF900251EE61146FEF759F936
:108C9000002519E6002C01F0678400229C49FDF7AD
:108CA000B4FC207000250FE62146FEF76BF9002585
:108CB0000AE62146FEF78AF9002505E6012300931E
:108CC000FF2300229349FEF7B1FE0025FCE5114683
:108CD000FEF7A0F90025F7E5182300228E49FEF7DC
:108CE000E1F8E82300228D493046FEF7DBF8336DCA
:108CF0009B7D5B081AD0002289493046FDF773FC42
:108D0000C0F3C403093B0F2B01F2318400F00100D2
:108D100000280CBF05210921336D1B7A012B01F0BE
:108D200029843046FEF776F90025CDE5012300229F
:108D30007C493046FEF744FA326D937D43F00203DE
:108D40009375D8E7002C01F018842478036D5C75C6
:108D5000230303F43043009344F6FF7300221021F1
:108D6000FFF780F804F00304032C0CBF6E4B6F4B2D
:108D700000226F493046FEF795F80025A4E5002C47
:108D800001F0FE83238800224FF46021FEF72DF8C6
:108D9000002599E5002C01F0F68300224FF46021B4
:108DA000FDF721FC208000258EE5002C01F0EE83EC
:108DB000238800227C21FEF718F8002584E5002C8A
:108DC00001F0E78300227C21FDF70DFC20800025C7
:108DD0007AE5002C01F0E083A388E2882168009105
:108DE0004FF4B011FDF7F6FF00256DE5002C01F002
:108DF000D683A388E288216800914FF4B011FDF773
:108E0000D2FB002560E5002C01F0CC83E388A2882A
:108E10002168FEF79FF9002556E5002C01F0C58377
:108E2000E3882268A188FEF7C9FA00254CE51146BF
:108E3000FFF708FC002547E5002C01F0B9832379F2
:108E400062882188FEF7C0FD00253DE5002C01F079
:108E5000B283036D9B7B012B0CD0032B10D10C2212
:108E60004FF4F011FDF7BFFB00B240F30C03238079
:108E7000002529E500222F49FDF7B5FB00B2F4E7F4
:108E800000222D49FDF7AFFB00B2EEE7002C01F008
:108E900095830CAB0093032300222849FDF783FB45
:108EA0009DF832209DF8313003EB02229DF83030DE
:108EB00003EB022313F4801F1CBF6FEA03336FEA36
:108EC000133323600025FFE4FEF7D2F90025FBE40D
:108ED000002C01F076836188FEF7F2FD20700025FA
:108EE000F2E42146FDF79FFB0025EDE4002C01F0A4
:108EF0006B8301227021FDF760FB20600025E3E415
:108F0000080011007408D200100011007488D20407
:108F10001C000700040002000C001F0010001F00CE
:108F20000800010020000100CC355FAF4C585FAF56
:108F30000C0006000C00180020000C0029000600A0
:108F4000002C01F0448300227021FDF736FB2060E5
:108F50000025B9E40094052300227021FDF723FBCE
:108F60000025B1E4002C01F03583036D9B7B012BC0
:108F700014D0032B19D116224FF4F011FDF733FB57
:108F8000C0F30D0083B213F4005F04D06FEA834393
:108F90006FEA934318B22080002595E40222D64957
:108FA000FDF721FBC0F30D00ECE70222D349FDF7EA
:108FB0001AFBC0F30D00E5E7009406230022D04918
:108FC000FDF7F1FA637903F00103637100257BE497
:108FD000002C01F0028301224FF00811FDF715FB70
:108FE0002070002570E4002C01F0FA8200224FF07E
:108FF0000811FDF70AFB2070002565E4002C01F044
:10900000F282A2882168FEF709FC00255CE4002CAE
:1090100001F0EC822568A48822462946FEF7FEFB73
:1090200021463046FDF71CFF2D1A18BF4FF0FF35C3
:109030004AE4022A0ED0B34C00231A462146304699
:10904000FEF7BEF80223002221463046FEF7B8F8AC
:10905000002539E400230093FE230122AA49FEF7EC
:10906000E5FCE8E7002C01F0C4822488E2B24FF46A
:109070008171FEF751F9220A40F203113046FEF7E2
:109080004BF9002520E4002C01F0B682DFF8848241
:1090900010230093FF2300224146FEF7C7FC4FF444
:1090A00082713046FEF718F900F0E0052A464FF4C9
:1090B00082713046FEF730F945F004024FF48271B8
:1090C0003046FEF729F90220F7F7D0F84FF4877100
:1090D0003046FEF701F9074640F20F113046FEF721
:1090E000FBF881462A464FF482713046FEF714F9A8
:1090F00000250095EF232A4641463046FEF796FCB0
:1091000047EA09272780FFF7DFBB002C01F07782B1
:10911000A2782188FEF728F90025FFF7D5BB002C9F
:1091200001F070822468FEF7A3F80120F7F79EF89B
:1091300003230093FF23002274493046FEF776FC98
:109140007CB93046FFF7EEFA0120F7F78FF8336D60
:1091500000259D7302221A821D755D75DD73FFF770
:10916000B3BB3046FFF7F2FAEEE7002C01F04D8278
:10917000237803F03F03026D537300226449FEF726
:109180001FF80025FFF7A0BB002C01F04182036D02
:109190005B7B23700025FFF797BB0121FEF7F8FAF0
:1091A0003046FEF729FB01213046FDF72FFE0F2246
:1091B00001213046FEF74AFF0025FFF785BB002C52
:1091C00001F0298262682168FEF740FF0025FFF761
:1091D0007BBB002C01F022824E4D00222946FDF778
:1091E00014FA804602230093FF23002229463046CA
:1091F000FEF71CFC0423002247493046FDF7E0FF40
:10920000012300224FF400213046FDF7D9FF434FE0
:1092100000252A4639463046FDF7F7F910F0010FD0
:10922000F7D000224FF008113046FDF7DCF9054673
:1092300000231A464FF400213046FDF7C1FF0023FA
:109240001A4635493046FDF7BBFF434600223149F7
:109250003046FDF7B5FF25800025FFF735BB002C14
:1092600001F0DF812379026D927A9B1A07EE903A22
:10927000F8EEE77A9FED2A7A67EE877AB3EE067A00
:1092800077EE877AC4ED007A0025FFF71DBB002C2E
:1092900001F0CA812379026D527A9B1A07EE903A47
:1092A000F8EEE77A9FED1F7A67EE877AB3EE007AE1
:1092B00067EE877ADFED1C6A87EEA67AF0EE087A11
:1092C00077EE277AC4ED007A0025FFF7FDBA002C6F
:1092D00001F0AD8124680121FEF75AFA3046FEF70D
:1092E0008BFA01213046FDF791FD21463046FEF70D
:1092F00043FC0025FFF7E8BA140018001C000C001E
:1093000018000C0004000A000800110004001100FD
:10931000140009004800070034000700040008009A
:109320006666863FCDCCCC3E00007F43002500958D
:10933000EF232A46C749FEF779FB05213046FDF7A2
:1093400065FD01213046FDF7E7FE3046FDF7DAFE08
:10935000FFF7BABA00250095EF232A46BD49FEF76C
:1093600065FBFFF7B1BA002C01F064812168FEF7BC
:1093700003FC0025FFF7A8BA0022B749FDF733F92F
:10938000C0F30B0510F4006F18BF45F470452DB203
:109390002580336DB3F91230ED1AFFF795BA002C22
:1093A00001F04B81D4F80490237A99F81320FF2A16
:1093B00000F02281002B36D1D9F8003000930C2325
:1093C0000022A649FDF706FD99F80C30B9F80E20E9
:1093D000D11899F81220002A5FD199F810000028BE
:1093E0000BBF7F224FF480624FF4B0154FF4A015ED
:1093F00099F81300121A023A914200F20381D9F847
:1094000004200092002229463046FDF7E3FCB9F81B
:109410000E3099F80C20D9F80810009129463046F2
:10942000FDF7D8FC4AE0D9F80030B9F80E109A7A66
:109430008DF830205A7A8DF831201A7A8DF8322042
:10944000DA798DF833209A798DF834205A798DF8AD
:1094500035201A798DF83620DA788DF837209A7809
:109460008DF838205A788DF839201A788DF83A20FE
:1094700000228DF83B208DF83C10090A8DF83D1034
:10948000197B8DF83E10DB7A8DF83F300CAB0093E2
:1094900010237249FDF79EFC96E7012A40F0AF8049
:1094A00099F81130002B40F2FF3308BF7F2399F861
:1094B00013209B1A023B994200F2A78099F81020D2
:1094C000531EDBB2012B40D999F81130591EC9B295
:1094D000012947D9042B4CD042EA4333002260498A
:1094E0003046FDF7DFFCB9F80E305E4A02EAC312DF
:1094F00099F80C3003F07F03134300225A49304699
:10950000FDF7D0FC0123002258493046FDF758FEF4
:10951000DFF85C8100273A4641463046FDF775F892
:1095200010F0050FF7D0054603460022504930469B
:10953000FDF746FE05F03F0525F03003012B25D051
:109540006BB223700025FFF7BFB9336D9B7B032BF4
:1095500001F0238199F811305A1ED2B2012A12D992
:109560000122B7E7336D9B7B032B0CBF0223012342
:10957000B2E7B9F80E101029AED96FF00303E0E797
:1095800002221346A8E701221346A5E799F81230F4
:10959000012BD5D199F81120531EDBB2012B1BD919
:1095A000032A0CBF4FF4A0174FF4B017D9F80420CA
:1095B00012B199F80C30C3B9D9F808100029BFD0FE
:1095C000B9F80E30002BBBD099F80C200091394629
:1095D0003046FCF7E8FFB3E7336D9B7B032B0CBFF2
:1095E0004FF498174FF49017E0E7009200223946A5
:1095F0003046FCF7D8FFDFE76FF00203A1E76FF01A
:1096000001039EE74FF0FF339BE74FF0FF3398E7EE
:10961000237AE179A279D20042EA410213436279C6
:1096200043EA8213227943EAC213E27843EA02232F
:10963000A27843EAC223627843EA0233227843EAFB
:1096400042339BB200220B49FDF7CFFB0025FFF709
:109650003BB900BF28000F000800020034000100E1
:109660004400010080FF0100480001004C0001009F
:109670005000010030000100002C00F0E187637809
:1096800033B15B08013BDBB223700025FFF71CB947
:109690000023F9E70022D049FCF78FFFC0F30B034A
:1096A0002380C0F30B4060800022CC493046FCF799
:1096B00084FFC0F30B03A380C0F30B40E0800022C3
:1096C000C7493046FCF779FF2072000C6072002217
:1096D000C4493046FCF771FFC0F30B43A381C0F3CC
:1096E0000B0060810022C0493046FCF766FFC0F3E2
:1096F0000B43A4F80F30A0730022BC493046FCF79E
:109700005CFF6074000CA0740022B9493046FCF77D
:1097100054FFC0F30B00A4F8130000256575A57570
:109720002A46B4493046FCF770FFE075FFF7CCB825
:109730001146FDF7BDFD0025FFF7C6B8002C00F06F
:10974000828723880022AC49FDF74FFB0025FFF7F5
:10975000BBB8002C00F07A87256835B900231A467B
:10976000A649FDF742FBFFF7AFB86279237943EAD8
:10977000022323F0F0030022A049FDF736FB002569
:10978000FFF7A2B8002C00F0648723684BB90025CE
:1097900000954FF6FF532A461021FEF763FBFFF7B3
:1097A00093B800223421FDF77DFB4FF40073009342
:1097B0004FF6FF73002210213046FEF753FB0025C1
:1097C000FFF782B8002C00F047876188FDF784FD21
:1097D00020700025FFF778B8002C00F04087A278B1
:1097E0002188FDF799FD0025FFF76EB8844B854A67
:1097F000012D18BF1346012D834918BF4FF00C11DE
:10980000026D927B012A12D0032A17D1A2F5C01251
:10981000013A1A444FF4F011FCF7E5FEC00920802C
:109820002588003518BF01256D42FFF74DB802228B
:109830001946FCF7D8FEC0092080F1E70222FCF7A8
:10984000D2FEC0092080EBE7002C00F00B872178C6
:10985000FEF722FB0025FFF737B81146FEF7A4F903
:109860000025FFF731B80094042300221C21FCF7E7
:109870009AFE0025FFF728B8002C00F0F686022299
:109880004421FCF7B0FEC0F3002020700025FFF754
:109890001BB8002C00F0EC8600224421FCF7B5FE3A
:1098A00000F0010020700025FFF70EB8002C00F03A
:1098B000E28662882188FEF7D3F90025FFF704B815
:1098C0000094082300220421FDF784FA0025FEF706
:1098D000FBBF0094082300220421FCF764FE00254E
:1098E000FEF7F2BF002C00F0C986238802220C216B
:1098F000FDF77BFA0025FEF7E7BF002C00F0C186DC
:10990000238800220C21FDF770FA0025FEF7DCBF4A
:109910002146FDF73DFA0025FEF7D6BF036D9B7B80
:10992000012B0BD0032B12D10094052320224FF4DE
:10993000F011FCF738FE0025FEF7C6BF00940523A2
:1099400000223249FCF72FFE0025FEF7BDBF009430
:10995000052300224FF44021FCF725FE0025FEF7E9
:10996000B3BF002504F8015B009404232A466C2150
:10997000FCF719FEFEF7A8BF002C00F08586012237
:109980006021FCF71AFE20600025FEF79DBF002C29
:1099900000F07D8600226021FCF70FFE206000258C
:1099A000FEF792BF036D9B7B012B0BD0032B31D1B4
:1099B0000094052328224FF4F011FCF7F4FD002554
:1099C000FEF782BF0094052300221149FCF7EBFD4E
:1099D0000025FEF779BF00BF04000F0008000F004C
:1099E0000C000F0010000F0014000F0018000F00F3
:1099F0001C000F0020000F00040006001C001100D6
:109A0000340018002C00180014000C00200018006E
:109A100028001800009405230022CE49FCF7C3FD5E
:109A20000025FEF751BF002C00F0348600221C21D7
:109A3000FCF7C3FD20600025FEF746BF002C00F0B8
:109A40002C8625886768237A002B00F029863C46FF
:109A500007EB830729463046FDF702FA44F8040B6A
:109A60000135ADB2BC42F5D10025FEF72DBF002C6B
:109A700000F01986237801222421FDF7A1FB00259F
:109A8000FEF722BFFEF710F90546FEF71DBF11468F
:109A9000FEF750FA0546FEF717BF002C00F00686C9
:109AA000A5780121FDF7B2F900213046FDF770FEDF
:109AB0003046FDF7A1FE05F03F030022A6493046DF
:109AC000FDF77EFB01230093FF230022A3493046CC
:109AD000FDF7ACFFA14F00252A4639463046FCF77A
:109AE00094FD10F0010FF7D100229D493046FCF79C
:109AF0007AFD05463046FDF705FB00213046FDF7AF
:109B00000BFB05213046FDF781F9C5F30B052580D8
:109B10000025FEF7D9BE0221FEF746F801213046A6
:109B2000FEF742F81424A046002744254046F6F7E5
:109B3000ADFB3A4629463046FCF767FD10F0020FB0
:109B400005D1631E13F0FF04F0D1012500E00025CC
:109B50006D42FEF7B9BE002C00F0AB8523781B03E5
:109B600003F4E0436278012A08BF43F48073009352
:109B70006FF4E24300227B49FDF7E6FD0025FEF786
:109B8000A3BE002C00F0988562682168FDF7FEFEF8
:109B90000025FEF799BE002C00F091852388002255
:109BA0007149FDF722F90025FEF78EBE002C00F06A
:109BB000898562682188FEF7EDF90025FEF784BEED
:109BC000002C00F08285657823788BB1036D00222C
:109BD0009A734FF0FF330822E5B123F480630092BB
:109BE000002210213046FDF7AFFD0025FEF76CBEC8
:109BF000036D01229A73182300225C49FDF752F984
:109C0000E82300225A493046FDF74CF96FF008036B
:109C10000022E1E742F48062E1E7002C00F0588581
:109C2000236800223021FDF73DF90025FEF74CBEE8
:109C3000002C00F0508500222946FCF7BEFC206075
:109C40000025FEF741BE234600222946FDF72AF9EA
:109C50000025FEF739BE002C00F04085032245495F
:109C6000FCF7D3FCC0F3021020700025FEF72CBED9
:109C7000002C00F03685236800224421FDF712F9FC
:109C80000025FEF721BE002C00F02E85238800223F
:109C90004821FDF7AAF80025FEF716BE002C00F0BB
:109CA000268500224421FCF788FC20600025FEF771
:109CB0000BBE002C00F01E8500224821FCF793FC0F
:109CC00020600025FEF700BE002C00F016852378EA
:109CD00000222949FDF774FA0025FEF7F5BD002C96
:109CE00000F00E8500224421FCF78FFC2070002537
:109CF000FEF7EABD002C00F00685FDF76DFA206046
:109D00000025FEF7E1BD002C00F0008500221B4974
:109D1000FCF769FC20800025FEF7D6BD002C00F082
:109D2000F88400221649FCF748FC20600025FEF765
:109D3000CBBD002C00F0F0842388C3F30D03009307
:109D40004FF4404300220E49FEF78CF80025FEF741
:109D5000BBBD00BF08000C001C000700100008007D
:109D60001400080014000700080005000C001F0084
:109D700010001F0060000300180001002C00050007
:109D80001C000E00002C00F0CA84A788A36808936A
:109D9000217B06912269049262690592D8B200F093
:109DA000030200F0FC00052943D1B7F5B17F28BFBD
:109DB0004FF4B177DFF83493042F05D809EB000393
:109DC0005B78053B9F423CDB012A7AD8C34B995C08
:109DD0003E46B94277DA551C53FA85F500230B4409
:109DE0009BB20132D2B2022A05D015F8011BA6EBB4
:109DF000030C6145F3DB9F4208BF039067D007F176
:109E000005081FFA88F88025002107910391099120
:109E10000E464FF0050BBE465F4538BFDE46AEF13D
:109E2000050E1FFA8EFEDFF8B4A2BC460F4600F006
:109E3000EDBC40F231139F4228BF1F46DFF8B092BD
:109E4000BAE70023059A1380049A1146089A0A601B
:109E50004CE00023059A1380049B1A46089B13606C
:109E60004FF0FF3342E01FFA81FB07920390099302
:109E7000012700F0DCBC002F40F09C84984500F2E4
:109E8000B184002E39D03F2800F0D684002719F87D
:109E900000105B1A9BB2461E06F03F0016F03F060C
:109EA00018BF012600F0AABC0699092940F0CA840F
:109EB0003F2103910BE0B3B20132D2B23F210391B3
:109EC00005E0002397E7002395E703906346059993
:109ED0000B80039B42EA8302D2B2130443EA02637B
:109EE000134343EA0223049A1360002323600025EE
:109EF000FEF7EABC079A099BE9E70390E7E7079AB0
:109F0000099BE4E73F210391E1E7002C00F00A847C
:109F100027786478F6F7FEF80546022C0ED0042C5C
:109F20000CD004F0FD04012C1AD0FB430022009257
:109F3000DBB26B493046FDF779FD05E03B46002278
:109F400067493046FDF73CF93B46002265493046FB
:109F5000FCF7A8FF2846F6F7EFF80025FEF7B4BC9B
:109F60000097FF2300225E493046FDF75FFDEBE7D7
:109F700002230193002500952B462A461A21FCF75F
:109F800094FAFEF7A1BCFEF7E1FB0025FEF79CBCAE
:109F9000FEF7C8FB0025FEF797BC022301930025BE
:109FA00000952B462A461421FCF77FFAFEF78CBC5D
:109FB00002240194002500952B462A461521FCF722
:109FC00074FA019400952B462A4615213046FCF779
:109FD0006CFAFEF779BC02230193002500952B460D
:109FE0002A461621FCF761FAFEF76EBC002C00F041
:109FF0009C833AB900224FF4D011FCF706FB207085
:10A00000FEF762BC01224FF4D011FCF7FEFA20707B
:10A010000025FEF759BC002C00F08A83247800222A
:10A020004FF4D011FCF7F1FA00F09F032343002214
:10A030004FF4D0113046FDF7C3F80025FEF744BCBD
:10A04000002C00F07883247812F0FF051ED0012D3B
:10A0500040F07483022501224FF4D0113046FCF702
:10A06000D4FAACB920EA0503DBB201224FF4D011D7
:10A070003046FDF7A5F8002210213046FCF79DFA86
:10A0800010F4801F0BD00025FEF71EBC0425E2E76C
:10A09000012C40F0578340EA0503DBB2E5E74FF4BB
:10A0A000801300934FF0FF33002210213046FDF75C
:10A0B0004BFB0025FEF708BC002C00F047832378FB
:10A0C0005B0303F4005300934DF6FF73002206492F
:10A0D000FDF7C8FE0025FEF7F7BB00BFC82405004A
:10A0E0001C000100180001000C000E0048240500AF
:10A0F00088240500002C00F02C8325786268012A52
:10A1000015BF6FF460336FF4E043DF27EF2714BF10
:10A110004FF020084FF010080024009422464FF41E
:10A12000A021FDF711FB00943B462246BE49304674
:10A13000FDF77CFC012D03D065B10025FEF7C4BB03
:10A14000254600943B462246B8493046FDF76EFC52
:10A15000FEF7BABBCDF80080FF230022B34930469A
:10A16000FDF764FCFEF7B0BB002C00F0F58222780E
:10A1700012F0010F2DD0570107F0400740244FF493
:10A18000E01312F0040F28D043F4600344F080047D
:10A19000120102F0800217434FF400120092DB43D9
:10A1A00000224FF4A0213046FDF7CEFAE443A4B2DA
:10A1B0000025009523462A469B493046FDF752FE6E
:10A1C000009723462A4699493046FDF74BFEFEF795
:10A1D0007BBB00273C463B46D3E70022DEE7082353
:10A1E0000093FF2301224FF48021FDF71FFC904CC8
:10A1F00002230093FF23032221463046FDF716FC7D
:10A2000000250095F72301224FF480213046FDF709
:10A210000DFC0095FD23032221463046FDF706FC88
:10A22000FEF752BB002C00F09A826388DB0003F437
:10A23000FF6322780AB143F4006300934FF20703EF
:10A2400000224FF480213046FDF70CFE0025FEF77A
:10A250003BBB002C00F08682E3B29A1C01239340A2
:10A26000013BDBB200224FF40031FCF7A9FF0025CF
:10A27000FEF72ABB002C00F07882E37A002B00F076
:10A280007782637B012B21D9227B6A4B33F8122022
:10A290001201D30AC2F30A0202F58062B2F5006F1E
:10A2A00028BF01339BB203F07F0300934FF6807306
:10A2B000022261493046FDF7D5FD942300225F4913
:10A2C0003046FCF77DFF0025FEF7FEBA227B594B96
:10A2D00033F812304FF4356202FB03F2930CC2F3F1
:10A2E000CA1202F58062B2F5006F28BF01339BB23B
:10A2F000D9E7002C00F03F8200225149FCF75DF9BC
:10A3000020600025FEF7E0BA002C00F03782002222
:10A310004C49FCF752F920600025FEF7D5BA002C15
:10A3200000F02F824FF4A81323600025FEF7CCBA6B
:10A33000002C00F0298200250B9510AF192347F857
:10A34000103D009704232A463F49FCF743FD41F6A0
:10A3500048730C93009704232A463C493046FCF787
:10A3600039FD0BAB009304232A464FF4E811304625
:10A37000FCF719F90B9B2360FEF7A6BA002C00F03E
:10A38000068200223249FCF718F980B220600022D0
:10A3900030493046FCF711F9430D9B019BB26360D5
:10A3A0000025FEF791BA002C00F0F481237E33B132
:10A3B000012B5BD0022B00F08280FF232FE00022D4
:10A3C0002549FCF7FAF8C0F30B002060002223496E
:10A3D0003046FCF7F2F8C0F3150060600022204917
:10A3E0003046FCF7EAF8C0F31500A06000221D49D2
:10A3F0003046FCF7E2F8C0F31500E06000221A498D
:10A400003046FCF7DAF8C0F31300206100220C4953
:10A410003046FCF7D2F800F0E0406061002363763C
:10A420000025FEF751BA00BF080005000C0005002A
:10A4300008001100D424050014000E0018000E00BE
:10A44000600003004C000F0004001F0008001F0004
:10A4500048000C0028000C0058000C0030000C00D4
:10A4600034000C0038000C002C000C000022D449F1
:10A47000FCF7A3F8C0F30B0020600022D14930465E
:10A48000FCF79BF8C0F3150060600022CE4930460F
:10A49000FCF793F8C0F31500A06000224FF45021A0
:10A4A0003046FCF78AF8C0F31500E0600022C74987
:10A4B0003046FCF782F8C0F313002061A6E70022C3
:10A4C000C349FCF77AF8C0F30B0020600022C149B1
:10A4D0003046FCF772F8C0F3150060600022BE49F8
:10A4E0003046FCF76AF8C0F31500A0600022BB49B3
:10A4F0003046FCF762F8C0F31500E0600022B8496E
:10A500003046FCF75AF8C0F3130020617EE70025BF
:10A51000FEF7DAB90025FEF7D7B90025FEF7D4B962
:10A520000025FEF7D1B90025FEF7CEB90025FEF7CC
:10A53000CBB90025FEF7C8B90025FEF7C5B900253F
:10A54000FEF7C2B90025FEF7BFB90025FEF7BCB97A
:10A550000025FEF7B9B90025FEF7B6B90025FEF7CC
:10A56000B3B90025FEF7B0B90025FEF7ADB9002557
:10A57000FEF7AAB90025FEF7A7B90025FEF7A4B992
:10A580000025FEF7A1B90025FEF79EB90025FEF7CC
:10A590009BB90025FEF798B90025FEF795B900256F
:10A5A000FEF792B90025FEF78FB90025FEF78CB9AA
:10A5B0000025FEF789B90025FEF786B90025FEF7CC
:10A5C00083B90025FEF780B90025FEF77DB9002587
:10A5D000FEF77AB90025FEF777B90025FEF774B9C2
:10A5E0000025FEF771B90025FEF76EB90025FEF7CC
:10A5F0006BB90025FEF768B90025FEF765B900259F
:10A60000FEF762B90025FEF75FB90025FEF75CB9D9
:10A610000025FEF759B90025FEF756B90025FEF7CB
:10A6200053B90025FEF750B90025FEF74DB90025B6
:10A63000FEF74AB90025FEF747B90025FEF744B9F1
:10A640000025FEF741B90025FEF73EB90025FEF7CB
:10A650003BB90025FEF738B90025FEF735B90025CE
:10A66000FEF732B90025FEF72FB90025FEF72CB909
:10A670000025FEF729B90025FEF726B90025FEF7CB
:10A6800023B90025FEF720B90025FEF71DB90025E6
:10A69000FEF71AB90025FEF717B90025FEF714B921
:10A6A0000025FEF711B90025FEF70EB90025FEF7CB
:10A6B0000BB90025FEF708B90025FEF705B90025FE
:10A6C000FEF702B90025FEF7FFB80025FEF7FCB83B
:10A6D0000025FEF7F9B80025FEF7F6B80025FEF7CD
:10A6E000F3B80025FEF7F0B80025FEF7EDB8002519
:10A6F000FEF7EAB80025FEF7E7B80025FEF7E4B854
:10A700000025FEF7E1B80025FEF7DEB80025FEF7CC
:10A71000DBB80025FEF7D8B80025FEF7D5B8002530
:10A72000FEF7D2B80025FEF7CFB80025FEF7CCB86B
:10A730000025FEF7C9B80025FEF7C6B84FF0FF3573
:10A74000FEF7C2B84FF0FF35FEF7BEB80025FEF7A2
:10A75000BBB80025FEF7B8B80025FEF7B5B8002550
:10A76000FEF7B2B80025FEF7AFB80025FEF7ACB88B
:10A770000025FEF7A9B80025FEF7A6B80025FEF7CC
:10A78000A3B80025FEF7A0B80025FEF79DB8002568
:10A79000FEF79AB80025FEF797B899F811305A1EBF
:10A7A000D2B2012A7EF6ECAE0222FEF793BE002F53
:10A7B0003FF467AB19F800105B1A9BB2FFF787BB39
:10A7C00020000D0064000C0068000C0060000C000C
:10A7D00068000D0040000D0044000D0048000D0011
:10A7E0003C000D003F2827D0002E7FF450AB0130F5
:10A7F00000F03F0019F800100B449BB29C453FF459
:10A8000064AB013D15F0FF053FF423AB9E45BFF45B
:10A8100032AB9845CBD9ACEB030109B20029B8BFE4
:10A82000494259457FF71FAB002F7FF463AB3F28A8
:10A83000DAD1002F7FF463AB032A3FF463AB022A23
:10A840003FF432AB1AF802105E1866457FF733AB5F
:10A850000B449BB20132D2B20027FFF718BB00BFF6
:10A86000F0B585B00446436B1968FDF757FE064600
:10A8700023681B69984703AB002211462046FDF769
:10A8800079FF636B9B6A19682046FDF709FC636BCF
:10A890009B6A59682046FDF755F9636B9B6ADB8913
:10A8A00000224FF460212046FCF79FFA636B9B6AFD
:10A8B0009B8900227C212046FCF797FA0021204644
:10A8C000FCF72BFB002500954FF6FF532A4610217D
:10A8D0002046FDF7C7FA636B9B6A5A89198920469F
:10A8E000FDF7BEF9636B9B6A1B8A02220C2120468E
:10A8F000FCF77BFA636B9B6A5B8A2A460C21204635
:10A90000FCF773FA636B197A2046FDF7C5FA636B9F
:10A91000D9682046FCF715FB616B0B7E4A69096913
:10A920002046FDF723FA636B9A7F998B2046FCF74C
:10A930001BFD226D537B2E2B05D0636B93F82C30BF
:10A9400033F03F030AD0636B93F82C3003F03F03DE
:10A95000537300222A492046FCF732FC636B93F8BC
:10A960002D102046FDF776F8636B196A2046FCF738
:10A9700009FB636B596A2046FCF728FB636B93F86D
:10A980002E309BBB636B93F82F102046FCF790FC96
:10A9900094F94C50002D26DB012303FA05F5AFB2E4
:10A9A000184A39462046FCF7F1FF0DF10A030093DF
:10A9B000022300224FF4A0212046FBF7F4FDBDF84E
:10A9C0000A3023EA0503ADF80A3000220E4920467A
:10A9D000FCF70BFA94F94D20B2FA82F2520939468B
:10A9E0002046FDF7D7FA304605B0F0BD01230093AD
:10A9F000FF23002205492046FDF718F8C2E700BFF3
:10AA0000140009009204200108000500040002005F
:10AA100001FB00F1032A0AD0C80AC1F30A0101F5BB
:10AA20008061B1F5006F28BF013080B27047B5205A
:10AA300000FB01F1C909EFE79829024818BF00207F
:10AA4000704700BFDC25050070472DE9F04184B058
:10AA500005460F461E46BDF82C30591E89B2012905
:10AA60001CD9D01900F07F003A44C2F3044182009F
:10AA700042EA412243EA0201090A8DF80C1020B98A
:10AA8000B3F5004F18D0002B37D041F040018DF8BE
:10AA90000C101A438DF80D20022405E07A0062F0B4
:10AAA0007E028DF80C200124022B06D026D3A3F5BC
:10AAB0000043032B01D9FEE701242B6D1B7D4BB90D
:10AAC0002B685D680A9B324603A92046A84704B05C
:10AAD000BDE8F0810022214603A8F7F77BFB024680
:10AAE00031460A98F7F776FB2B6800909D680A9B21
:10AAF000324603A92046A847E9E701242B68D3F88A
:10AB000000800A9B324603A92046C0472B6D1B7D5F
:10AB1000022BDCD1182FDAD00022214603A8F7F748
:10AB200059FB024631460A98F7F754FB04460022C7
:10AB30001821284600F066F88442C8D0EB68002B44
:10AB4000C5D09847C3E710B582B000240194049C97
:10AB50000094FFF77AFF02B010BD00B585B003ABDB
:10AB60000093042392B2FFF7EEFF0DF10F030DF1F6
:10AB70000B01002013F8012902EB00208B42F9D1D0
:10AB800005B05DF804FB00B585B003AB009302236C
:10AB900092B2FFF7D8FF9DF80D309DF80C0000EB46
:10ABA000032080B205B05DF804FB08B500224FF425
:10ABB0006021FFF7E8FF08BD08B500227C21FFF700
:10ABC000E2FF08BD08B5036D9B7B012B0AD0032B68
:10ABD0000ED10C224FF4F011FFF7D5FF00B240F375
:10ABE0000C0008BD00220549FFF7CDFF00B2F6E7D3
:10ABF00000220349FFF7C7FF00B2F0E70C0018007E
:10AC000020000C0000B585B00DF10F030093012367
:10AC100092B2FFF798FF9DF80F0005B05DF804FBB6
:10AC200000B585B003AB0093032300220B49FFF767
:10AC30008AFF9DF80E309DF80D0000EB03239DF870
:10AC40000C0000EB032010F4801F1CBF6FEA0030E3
:10AC50006FEA103005B05DF804FB00BF2900060064
:10AC600030B5BDB005460C46036D9A7B012A1CD059
:10AC7000032A40F0F1819B7D13F0080F0CD113F0F3
:10AC8000040F02AB009314BF3823202300224FF49B
:10AC9000F011FFF758FF19E002AB0093E823002200
:10ACA0004FF4F011FFF74FFF10E09B7D13F0080FFA
:10ACB00040F0C98113F0040F02AB009314BF382396
:10ACC000202300224FF4C011FFF73DFF0DF11702C2
:10ACD00004F11A0304F1200012F8011F03F8011B0C
:10ACE0008342F9D19DF815209DF8143043EA0223E0
:10ACF000C3F30C0363849DF81F209DF81E3043EAC4
:10AD00000223C3F30D0313F4005F1CBF6FEA8343F8
:10AD10006FEA934323849DF825209DF8243043EA6D
:10AD20000223C3F30B03E3872B6D9B7D13F0020F0C
:10AD300040F07E810AAA631E201D12F8011B03F851
:10AD4000011FD1791972D17B59748342F5D19DF8D5
:10AD50002F3063719DF82E209DF82D3043EA022399
:10AD6000E3809DF837209DF8363003EB0223C3F3D0
:10AD7000CF13A4F80D309DF832209DF8313043EA0E
:10AD80000223A4F80F309DF83F209DF83E3003EBDE
:10AD90000223C3F3CF13E3829DF83A209DF83930A4
:10ADA00043EA022323832B6D9B7D13F0040F40F0B5
:10ADB0003F819DF843209DF842301B0443EA026323
:10ADC0009DF8402013439DF8412043EA022323F0DD
:10ADD000604363629DF847209DF846301B0443EAB8
:10ADE00002639DF8442013439DF8452043EA022363
:10ADF00023F00043A3629DF84B209DF84A301B04CA
:10AE000043EA02639DF8482013439DF8492043EA32
:10AE10000223C3F31303E3629DF84F209DF84E30E5
:10AE20001B0443EA02639DF84C2013439DF84D2018
:10AE300043EA0223C3F3150323639DF853209DF8CF
:10AE400052301B0443EA02639DF8502013439DF8DF
:10AE5000512043EA0223C3F3150363639DF857208F
:10AE60009DF856301B0443EA02639DF854201343B7
:10AE70009DF8552043EA0223C3F31503A3639DF80D
:10AE800065209DF8643043EA0223A3879DF877206C
:10AE90009DF876301B0443EA02639DF87420134347
:10AEA0009DF8752043EA022323F0404323649DF874
:10AEB0007B209DF87A301B0443EA02639DF87820DA
:10AEC00013439DF8792043EA0223C3F31303636419
:10AED0009DF87F209DF87E301B0443EA02639DF8B5
:10AEE0007C2013439DF87D2043EA0223C3F315031E
:10AEF000A3649DF883209DF882301B0443EA02631B
:10AF00009DF8802013439DF8812043EA0223C3F378
:10AF10001503E3649DF887209DF886301B0443EAFF
:10AF200002639DF8842013439DF8852043EA0223A1
:10AF3000C3F3150323659DF895209DF8943043EAEB
:10AF40000223C3F30E03A4F854309DF8A5209DF806
:10AF5000A43043EA0223C3F30B03A4F856309DF850
:10AF6000BF209DF8BE301B0443EA02639DF8BC205D
:10AF700013439DF8BD2043EA022323F04043A36519
:10AF80009DF8C3209DF8C2301B0443EA02639DF87C
:10AF9000C02013439DF8C12043EA0223C3F31303E7
:10AFA000E3659DF8C7209DF8C6301B0443EA0263A1
:10AFB0009DF8C42013439DF8C52043EA0223C3F340
:10AFC000150323669DF8CB209DF8CA301B0443EA85
:10AFD00002639DF8C82013439DF8C92043EA022369
:10AFE000C3F3150363669DF8CF209DF8CE301B0494
:10AFF00043EA02639DF8CC2013439DF8CD2043EA39
:10B000000223C3F31503A3669DF8DD209DF8DC3011
:10B0100043EA0223C3F30E03A4F86C309DF8ED203D
:10B020009DF8EC3043EA0223C3F30B03A4F86E301F
:10B0300094F91B30002BC0F2D081E37F03F00103B1
:10B04000E3773DB030BD02AB0093E82300224FF41C
:10B05000C011FFF778FD39E69B7D13F0010F00F07A
:10B06000B38102AB00936C2300224FF44021FFF721
:10B070006AFD1DAB00936C2300224FF4502128463B
:10B08000FFF761FD02AA631E201D12F8011B03F8E1
:10B09000011FD1791972D17B5974D17D9976834280
:10B0A000F3D19DF82530E3779DF80F3063719DF85B
:10B0B0000E209DF80D3043EA0223E3809DF8163000
:10B0C0009DF8172043EA0222C2F3CF12A4F80D2004
:10B0D0009DF8152042EA0322A4F80F209DF81F20B6
:10B0E00043EA0223C3F3CF13E3829DF81E209DF8A9
:10B0F0001D3043EA022323839DF827209DF8263044
:10B1000043EA0223C3F30D0313F4005F1CBF6FEA8D
:10B1100083436FEA934323849DF829209DF82830C8
:10B1200043EA0223C3F30C0363849DF82F209DF8A8
:10B130002E301B0443EA02639DF82C2013439DF834
:10B140002D2043EA022323F0604363622B6D9B7D35
:10B1500013F0010F3FF46CAF9DF833209DF83230AF
:10B160001B0443EA02639DF8302013439DF831200D
:10B1700043EA022323F00043A3629DF837209DF8A1
:10B1800036301B0443EA02639DF8342013439DF8D4
:10B19000352043EA0223C3F31303E3629DF83B2007
:10B1A0009DF83A301B0443EA02639DF838201343AC
:10B1B0009DF8392043EA0223C3F3150323639DF866
:10B1C0003F209DF83E301B0443EA02639DF83C207B
:10B1D00013439DF83D2043EA0223C3F31503636341
:10B1E0009DF843209DF842301B0443EA02639DF81A
:10B1F000402013439DF8412043EA0223C3F3150383
:10B20000A3639DF851209DF8503043EA0223A387A1
:10B210009DF861209DF8603043EA0223C3F30B03DD
:10B22000E3879DF867209DF866301B0443EA0263BC
:10B230009DF8642013439DF8652043EA022323F020
:10B24000404323649DF86B209DF86A301B0443EA59
:10B2500002639DF8682013439DF8692043EA0223A6
:10B26000C3F3130363649DF86F209DF86E301B04D5
:10B2700043EA02639DF86C2013439DF86D2043EA76
:10B280000223C3F31503A3649DF873209DF8723065
:10B290001B0443EA02639DF8702013439DF871205C
:10B2A00043EA0223C3F31503E3649DF877209DF876
:10B2B00076301B0443EA02639DF8742013439DF823
:10B2C000752043EA0223C3F3150323659DF8852007
:10B2D0009DF8843043EA0223C3F30E03A4F85430EC
:10B2E0009DF895209DF8943043EA0223C3F30B03A5
:10B2F000A4F856309DF8AF209DF8AE301B0443EA09
:10B3000002639DF8AC2013439DF8AD2043EA02236D
:10B3100023F04043A3659DF8B3209DF8B2301B0491
:10B3200043EA02639DF8B02013439DF8B12043EA3D
:10B330000223C3F31303E3659DF8B7209DF8B630ED
:10B340001B0443EA02639DF8B42013439DF8B52023
:10B3500043EA0223C3F3150323669DF8BB209DF83F
:10B36000BA301B0443EA02639DF8B82013439DF8EA
:10B37000B92043EA0223C3F3150363669DF8BF2097
:10B380009DF8BE301B0443EA02639DF8BC201343C2
:10B390009DF8BD2043EA0223C3F31503A3669DF87D
:10B3A000CD209DF8CC3043EA0223C3F30E03A4F86A
:10B3B0006C309DF8DD209DF8DC3043EA0223C3F3B6
:10B3C0000B03A4F86E3033E602AB0093282300226F
:10B3D0004FF44021FFF7B7FB54E6FF232377637751
:10B3E000A377E37729E6000000B583B0036D9B7B6C
:10B3F000012B0BD0032B10D10091052304224FF415
:10B40000F011FFF7A0FB03B05DF804FB00910523EA
:10B4100000220549FFF797FBF5E70091052300227D
:10B420006021FFF790FBEEE70400180010B582B032
:10B430004FF400440194049C0094FFF706FB02B013
:10B4400010BD00B585B08DF80C301B0A8DF80D309D
:10B4500003AB0093022392B2FFF7E8FF05B05DF85B
:10B4600004FB08B50B4600224FF46021FFF7E9FF0B
:10B4700008BD08B50B4600227C21FFF7E2FF08BD9E
:10B4800008B5012902D0052907D008BD41F62203DD
:10B4900000220549FFF7D5FFF7E74FF400730022BC
:10B4A0000149FFF7CEFFF0E70400110038B505466B
:10B4B0000C4641F400739BB200224FF43021FFF799
:10B4C000C0FFA3B200224FF430212846FFF7B9FF96
:10B4D00038BD000070B504460E460C4D0123002215
:10B4E0002946FFF7AEFF3346002209492046FFF701
:10B4F000A8FF0223002229462046FFF7A2FF0022D0
:10B5000004492046FFF729FB70BD00BF08000B006F
:10B5100004000B0010000B0010B584B08DF80C3047
:10B520001C0A8DF80D401C0C8DF80E401B0E8DF87A
:10B530000F3003AB0093042392B2FFF777FF04B000
:10B5400010BD38B5044689B900222821FFF705FB54
:10B55000054601224FF460212046FFF753FB2B1ACA
:10B56000002228212046FFF7D7FF38BD00222821DE
:10B57000FFF7F3FA054601227C212046FFF742FB44
:10B580002B1A002228212046FFF7C6FFEDE738B529
:10B5900005460C4600224FF48031FFF7DEFA000D1D
:10B5A0000005C4F31303034300224FF480312846FF
:10B5B000FFF7B2FF38BD000008B529B9054B0222DC
:10B5C0000549FFF7A9FF08BD044B02220249FFF716
:10B5D000A3FFF8E77408D200100011007488D204A9
:10B5E00038B505460C4600224FF4A021FFF7B5FA06
:10B5F00020F47C3314F0010F18BF43F4803314F0AF
:10B60000020F18BF43F4005314F0040F18BF43F4A3
:10B61000903300224FF4A0212846FFF77DFF38BD6C
:10B6200038B505460C460B6800220B49FFF774FF3E
:10B630006368002209492846FFF76EFFA3680022CD
:10B6400007492846FFF768FFE368002205492846B6
:10B65000FFF762FF38BD00BF0C00020010000200BF
:10B66000140002001800020038B505460C460B68AD
:10B6700000220B49FFF750FF636800220949284662
:10B68000FFF74AFFA368002207492846FFF744FF57
:10B69000E368002205492846FFF73EFF38BD00BF9A
:10B6A0001C0002002000020024000200280002000A
:10B6B0002DE9F84F0446354D354B052918BF1D4679
:10B6C000344EA3F50273052918BF1E46324F03F509
:10B6D000A073052918BF1F46304AA3F580730529BA
:10B6E0000CBF9046984602F51062A3F588530529D1
:10B6F0000CBF914699462A4AA3F5AF6305290CBFB2
:10B7000092469A46274B284A05290CBF9B469346EA
:10B710004FF4107300222549FFF7FEFE244B002250
:10B7200024492046FFF7F8FE234B002223492046F8
:10B73000FFF7F2FE5B46002221492046FFF7ECFEB0
:10B74000534600221F492046FFF7E6FE4B460022E3
:10B750001D492046FFF7E0FE434600221B492046D4
:10B76000FFF7DAFE3B46002219492046FFF7D4FED8
:10B770003346002217492046FFF7CEFE2B46002213
:10B7800015492046FFF7C8FEBDE8F88FF69F030075
:10B79000FE5F0500FE9D03007E9C0300FE8E0300FD
:10B7A0006E8703003E8003007E4005001C000300FE
:10B7B0004812491A20000300DB48B22D2400030080
:10B7C0002C000300300003003400030038000300A5
:10B7D0003C000300400003004400030008B50023C0
:10B7E0001A460249FFF798FE08BD00BF0400070093
:10B7F00038B504460D4600231A460A49FFF78CFE69
:10B8000000231A464FF4E0212046FFF785FE05B9D4
:10B8100038BD4FF0E053002203492046FFF77CFE7D
:10B82000F6E700BF480007001400070070B50646A1
:10B830000C4615460021FFF7BFFE0F2DA8BF0F25B0
:10B84000631E032B28BF0424102323410022074931
:10B850003046FFF761FE631E9B0005FA03F30022EA
:10B8600003493046FFF758FE70BD00BF28000700AF
:10B8700018000800F0B583B0046DA47B032C0CBF46
:10B880004FF4981C4FF4901C9C18B4F5806F19DA93
:10B890001D4616460F4604467F2B15D94FEA1C431A
:10B8A00000220D49FFF738FE2B4600220B492046A7
:10B8B000FFF732FE0097334600224FF4E81120468E
:10B8C000FFF741F903B0F0BD009113462A466146E7
:10B8D000FFF739F9F6E700BF04001F0008001F005A
:10B8E00010B584B004AC04F8013D0094012392B279
:10B8F000FFF79CFD04B010BD10B50446036D9B7BA3
:10B90000012B13D0032B1DD1F02300221249FFF786
:10B91000E7FF00224FF4F0112046FFF734F9236DC2
:10B92000DA7AA2B1C0F30900D88310BD0F23002238
:10B930000949FFF7D5FF00224FF4C0112046FFF759
:10B9400022F9ECE700224C21FFF71DF9E7E700F0B0
:10B950007F00D883E9E700BF1800010010B5044656
:10B96000036D9B7B012B04D0236D9B7B032B06D0A7
:10B9700010BD0F2300220549FFF7B2FFF4E7F023C3
:10B98000002202492046FFF7ABFFF1E71800010053
:10B9900038B5044600231A464FF42021FFF751FD25
:10B9A00000231A4608492046FFF79AFF074D002357
:10B9B0001A4629462046FFF793FF02230022294614
:10B9C0002046FFF78DFF38BD14000A0004000A006E
:10B9D00038B505460C46022300224FF47021FFF7CC
:10B9E0007FFF04B938BD012300224FF4702128469F
:10B9F000FFF776FFF6E7000038B504460B46002255
:10BA00000A49FFF71EFD0A4D8823002229462046D9
:10BA1000FFF766FF00231A4629462046FFF760FF1E
:10BA2000002204492046FFF7EDF838BD0C000A005B
:10BA300004000A0008000A0070B504460B461546CB
:10BA4000B1F5807F34BF0026202600220B49FFF786
:10BA5000F8FC2B4600220A492046FFF741FF094D1A
:10BA600046F09003002229462046FFF739FF0023C5
:10BA70001A4629462046FFF733FF70BD0C000A0026
:10BA800010000A0004000A0070B504460D46164670
:10BA9000002240F20B11FFF7CFFF4FF482712046D6
:10BAA000FFF7AAFF00F01F024FF482712046FFF754
:10BAB000C3FF236D1A8A15431D82226D138A13F466
:10BAC000006F1CBF23F400631382236D1B8A0022C6
:10BAD0004FF420212046FFF7B4FC334600220249F0
:10BAE0002046FFF7FDFE70BD14000A0008B50B46A6
:10BAF00001222421FFF7F4FE08BD000000B583B049
:10BB000000910C2300220349FFF790FC03B05DF87D
:10BB100004FB00BF3400010000B587B013468A7AE9
:10BB20008DF808204A7A8DF809200A7A8DF80A20C3
:10BB3000CA798DF80B208A798DF80C204A798DF816
:10BB40000D200A798DF80E20CA788DF80F208A789A
:10BB50008DF810204A788DF811200A788DF812207F
:10BB600000228DF813208DF814301B0A8DF8153043
:10BB70000B7B8DF81630CB7A8DF8173002AB009323
:10BB800010230349FFF752FC07B05DF804FB00BF28
:10BB900034000100F0B583B05C18B4F5806F24DA8E
:10BBA0001C4617460E4605467F2B15D91423002246
:10BBB0000F49FFF7B1FC234600220E492846FFF744
:10BBC000ABFC0097334600224FF4E8112846FFF7FC
:10BBD0002DFC002003B0F0BD00920B4622464FF42E
:10BBE000A011FFF723FC0020F4E74FF0FF30F1E74E
:10BBF00004001F0008001F0010B582B00446022395
:10BC000001930022009213461321FEF71EFF236DBD
:10BC10009A7B032A0CBF012203229A7302B010BD43
:10BC20002DE9F041044600224FF4F811FEF7EAFF37
:10BC30000546002244212046FEF78FFF0646236D6D
:10BC40000022DA8383F820209A619A8383F82120E6
:10BC50005A62236D5C62236D9F7B002F7FD1236D21
:10BC60009E61D4F8508098F8153003F00303032B3D
:10BC700000F0908015F0800F40F0938015F0010FD8
:10BC800040F0C18015F0400F0BD0636A13B1206DF6
:10BC9000183098474FF4C073022244212046FFF722
:10BCA000D0FB15F0080F07D1236D9B7B002B00F014
:10BCB000EA80002F00F0E780236D002283F8202027
:10BCC00016F4802F00F0AD80226D92F8203043F002
:10BCD000080382F820304FF4802716F0805F08D0E8
:10BCE000226D92F8203043F0100382F8203047F0A4
:10BCF000805716F4005F06D0226D537D03F00303D6
:10BD0000032B00F09A8016F4804F40F0A28047F495
:10BD1000DE43002244212046FFF7FEFB2046FFF7CA
:10BD20001DFE206DC38B002B40F0A280437D03F0ED
:10BD30000303032B00F09C80836923F49043836109
:10BD4000226D936943F480539361E36913B1206DCD
:10BD500018309847236D002283F820208CE06D492D
:10BD60002046FEF74FFF0746236D9B7B032B08BF42
:10BD7000C0F3071717F0010F18BF46F4804617F0FD
:10BD8000020F18BF46F4005617F0040F18BF46F410
:10BD9000806664E716F4005F1CBF45F00805EDB24D
:10BDA00068E7002248212046FEF7EDFEA8F81C00B7
:10BDB000236D1A7D1AB19A6912F0040F03D19B8B7F
:10BDC00003F460638BB10423002244212046FFF773
:10BDD00087FD4FF46063002248212046FFF731FBC6
:10BDE000236A13B1206D18309847236D9B8B13F491
:10BDF000807F3FF443AF4FF48073002248212046F8
:10BE0000FFF71FFB3AE7F823002244212046FFF703
:10BE100067FD2369002B3FF435AF206D183098473C
:10BE200030E716F4806F1FBF226D92F8203043F088
:10BE3000040382F8203000274FE792F8203043F0C7
:10BE4000020382F82030236D0022DA8347F4004792
:10BE50005DE72046FFF750FD10F4004F3FF457AF69
:10BE6000226D92F8203043F0010382F820304EE733
:10BE700063690BB118309847236D9B7B03BB236D1F
:10BE8000002283F8202015F0100F1DD115F0200F8F
:10BE90002DD1002220492046FEF7B4FE236D83F801
:10BEA000210010F0030309D000221B492046FFF7B0
:10BEB00017FDA36A13B1206D18309847BDE8F081D3
:10BEC0002046FFF799FEDAE7144B00224421204672
:10BED000FFF722FB2046FFF741FDE36913B1206D18
:10BEE00018309847236D002283F82020CEE70C4BB2
:10BEF000002244212046FFF70FFB2046FFF72EFDCE
:10BF0000A36913B1206D18309847236D002283F880
:10BF10002020BEE71800010038001100009405340D
:10BF20000004221030B585B0089C8DF808301D0A39
:10BF30008DF809501D0C8DF80A501B0E8DF80B3032
:10BF40008DF80C40230A8DF80D30230C8DF80E303F
:10BF5000240E8DF80F4048F20303019302AB0093C7
:10BF6000082392B2FEF771FD05B030BD00B583B075
:10BF70004FF4803300934FF0FF3300220249FFF764
:10BF8000D1FF03B05DF804FB0400110070B582B06E
:10BF900004460E46134D4FF0082300934FF0FF3335
:10BFA00000222946FFF7BEFF4FF0601300934FF0C9
:10BFB000FF33002229462046FFF7B4FF0A4B0093C7
:10BFC0004FF0FF3300224FF4E0212046FFF7AAFF95
:10BFD0000EB902B070BD054B002205492046FFF79F
:10BFE0009BFAF6E748000700003C0002001101013F
:10BFF0001400070000B583B0054B00934FF0FF33EA
:10C0000000220449FFF78EFF03B05DF804FB00BF78
:10C01000003C0002040007002DE9F04383B0044611
:10C020000D461746564E00223146FEF796FD8146D4
:10C030004FF4704300934FF0FF3300223146204607
:10C04000FFF770FFDFF83C811823002241462046AD
:10C05000FFF7F7F925212046FFF728FA02212046AD
:10C06000FFF724FA4FF4FE712046FFF71FFAF9B2EA
:10C0700041F480712046FFF719FA4FF48071204691
:10C08000FFF714FA00212046FFF710FA022120469C
:10C09000FFF70CFA4FF4E0712046FFF707FAE9B218
:10C0A00041F480712046FFF701FAC5F3072141F4FE
:10C0B00080712046FFF7FAF9C5F3074141F480711A
:10C0C0002046FFF7F3F9290E41F480712046FFF76F
:10C0D000EDF900212046FFF7E9F93A212046FFF764
:10C0E000E5F940F2FF112046FFF7E0F94FF48571C2
:10C0F0002046FFF7DBF900212046FFF7D7F93A2168
:10C100002046FFF7D3F940F201112046FFF7CEF9A0
:10C11000022300224FF430212046FFF792F900233A
:10C120001A464FF430212046FFF78BF90220F4F72E
:10C130009DF83A212046FFF7B9F94FF48171204666
:10C14000FFF7B4F9022300224FF430212046FFF715
:10C1500078F900231A464FF430212046FFF771F991
:10C1600000231A4641462046FFF76BF94B46002252
:10C1700031462046FFF7D0F903B0BDE8F08300BF99
:10C180004400070008000B00F0B583B000242346EC
:10C190000126072702E00134092C09D006FA04F52C
:10C1A0000D42F8D004EB440507FA05F52B43F2E7FE
:10C1B0001A400092DB4300224FF4A021FFF7B2FEA9
:10C1C00003B0F0BD00B583B07F2A88BF803241EA5A
:10C1D000C32141EA02410091034B00222021FFF7D5
:10C1E000A1FE03B05DF804FB00F400FC00B583B0D1
:10C1F00000920B4600224421FFF794FE002003B07A
:10C200005DF804FB00B585B08DF80C309DF8183052
:10C210008DF80D3048F20103019303AB0093022324
:10C2200092B2FEF712FC05B05DF804FB70B582B067
:10C2300004460D4659B1164640230093FF230022C1
:10C240001021FFF7DFFF022D07D1E66005E0002295
:10C250000092BF231021FFF7D5FF236D1D7502B09B
:10C2600070BD000030B583B004460D4611F0010FDB
:10C2700015D000230093EF2302224FF46021FFF733
:10C28000C1FF236D9D75236D9B7D5B0810D06B08EE
:10C2900000220E492046FFF723FB03B030BD1023D8
:10C2A0000093FF2302224FF46021FFF7ABFFE8E782
:10C2B00001230093FF23002204492046FFF7A2FF39
:10C2C000226D937D43F002039375E6E720000100A1
:10C2D00000B583B001230093FF2300220249FFF73A
:10C2E00091FF03B05DF804FB040002002DE9F04F5C
:10C2F0008BB00746DFF8208200224146FEF72DFC76
:10C3000004907D4C002221463846FEF726FC05901D
:10C310007A4D002229463846FEF774FC0690784E86
:10C32000002231463846FEF718FC8246079000226C
:10C3300074493846FEF711FC8146734B00936FF049
:10C340007C53002241463846FFF7ECFD4B46002265
:10C3500031463846FFF7E0F85346DB0003F0380378
:10C3600043F0400300938623002221463846FFF71E
:10C3700049FF0023032221463846FFF7B1FA4FF068
:10C380000009CDF80090FE234A4629463846FFF7BB
:10C3900039FF4A463C213846FEF7DFFB08904A4603
:10C3A00040213846FEF7D9FB09904B464A463C21CE
:10C3B0003846FFF7B1F84B464A4640213846FFF76A
:10C3C000ABF8F5F7C1FE4FF0020B4C464D464E461A
:10C3D000C846CDF80C90CA460EE0F5F7B5FE039BB3
:10C3E000002B00F08280BBF1010F00F0818001235F
:10C3F0000393BBF1010B43D05046F5F7B3FE142075
:10C40000F3F744FF4FF00409CDF800A0FE23524695
:10C410004FF440313846FFF7F5FE01230093FE2329
:10C4200052464FF440313846FFF7ECFE524637494A
:10C430003846FEF792FB58FA80F81FFA88F8C0F3E6
:10C4400007231E44B6B2C0F307431D44ADB204EB4C
:10C450001064A4B2B9F10109D6D1C8F38708C6F3B4
:10C460008706C5F38705C4F387045246442138463E
:10C47000FEF773FB264B1842AFD0F5F765FEB2E727
:10C480004FF00009089B00223C213846FFF744F892
:10C49000099B002240213846FFF73EF82B0403EBAE
:10C4A000046303EB0623434400221A493846FFF78E
:10C4B00033F8049B002218493846FFF72DF8059BF6
:10C4C00000220D493846FFF727F8069B00220B494A
:10C4D0003846FFF705FA079B002209493846FFF75F
:10C4E0001BF848460BB0BDE8F08F4FF00009C9E7D4
:10C4F0006FF00509C6E700BF140003001800030031
:10C500002C00030044000300000001384C0003002D
:10C5100000FF2734100003001400070010B5044684
:10C52000036D9B7D5B081AD0002212492046FEF75E
:10C530002AFBC0F3C403093B0F2B0CD800F0010009
:10C5400000280CBF05210921236D1B7A012B02D085
:10C550002046FFF7ADF82046FFF7C8FE10BD0123C7
:10C5600000220549FFF7BCF9226D937D43F00203D9
:10C570009375D9E7080001002000010070B582B072
:10C5800004460D460121FEF77BFF00212046FFF700
:10C59000FDFC2046FFF72EFDC5F30B0300221549D5
:10C5A0002046FEF74EFF03230093FF23002212498B
:10C5B0002046FFF727FE104E00252A46314620462A
:10C5C000FEF720FB10F0010FF7D12046FFF706F928
:10C5D00000212046FFF70CF905212046FEF750FF09
:10C5E000002206492046FEF70DFB00F03F0002B096
:10C5F00070BD00BF1C000800100008001C000700F0
:10C6000038B505460C46B1F8051049B1FFF7B6FF3D
:10C61000D4F80130002205492846FEF77DFF38BDD9
:10C62000237800220249FFF75BF9F1E704000100DB
:10C630001C00070030B583B004460D46102300935C
:10C64000FF2300220649FFF7DDFD2B46022D38BFF0
:10C650000223002228212046FEF75EFF03B030BDF2
:10C6600028000F0030B583B0044601291DD00229EF
:10C6700030D001230093FF2300222649FFF7C2FD9B
:10C68000254D4FF4000300936FF480730022294678
:10C690002046FFF747FC002300937F230222294610
:10C6A0002046FFF7AFFD03B030BD0521FEF7E8FEE1
:10C6B0004FF4817300934FF0FF3300221749204657
:10C6C000FFF730FC01220092FF2313492046FFF7B9
:10C6D00099FDE8E703230093FF2300220D49FFF7AC
:10C6E00091FD0D4D4FF4000300936FF48073002211
:10C6F00029462046FFF716FC002300937F230222E1
:10C7000029462046FFF77EFD05212046FEF7B8FEAC
:10C71000C9E700BF0400110008001100080009006B
:10C7200030B583B0054602290ED000240094FE23C4
:10C7300022461021FFF766FD234622461421284693
:10C74000FEF77FFE03B030BD144601230093FF23A4
:10C7500000221021FFF756FD23460022142128460F
:10C76000FEF76FFEEEE700002DE9F04182B00546CE
:10C770002A4C01230093FF2300222146FFF742FDAC
:10C7800010230093FF23002221462846FFF73AFD9D
:10C7900003244FF01408224F00264046F3F776FD9D
:10C7A000324639462846FEF72DFA012834D0631E5A
:10C7B00013F0FF04F1D16FF00204184E00231A4663
:10C7C00031462846FFF78CF80123002214492846F9
:10C7D000FFF786F801230093FF2302223146284603
:10C7E000FFF710FD00220F492846FEF7B6F96FF05B
:10C7F0006043984208BF6FF0030400220A492846AC
:10C80000FEF7ABF96FF06043984214BF20466FF01B
:10C81000040002B0BDE8F0810024CEE70C00040063
:10C8200020000400140004001C0004002DE9F04363
:10C8300083B00546884617461C46F3F76BFC064650
:10C84000022C19D0042C17D004F0FD03012B3FD08B
:10C850004FF00009CDF800906FEA08034A463C21EA
:10C860002846FFF75FFBCDF80090FB434A46402186
:10C870002846FFF757FB0BE0434600223C212846A1
:10C88000FEF74AFE3B46002240212846FEF744FEC2
:10C89000033CE4B2012C2DD900223C212846FEF7AE
:10C8A0005CF90346002244212846FEF735FE0022AB
:10C8B00040212846FEF751F9034600224821284628
:10C8C000FEF72AFE3046F3F737FC03B0BDE8F083ED
:10C8D000CDF800804FF0FF3300223C212846FFF7BF
:10C8E00021FB00974FF0FF33002240212846FFF73D
:10C8F00019FBCDE710210091FF2302222846FFF704
:10C9000081FCC9E700B583B000290BBFFF23F723E3
:10C9100000220822009201221021FFF773FC03B0CD
:10C920005DF804FB10B584B0BDF818408DF80C30EC
:10C930001B0A8DF80D308DF80E40240A8DF80F403B
:10C9400048F20203019303AB0093042392B2FEF773
:10C950007CF804B010BD000030B583B005460C462D
:10C96000036D59750B0303F43043009344F6FF73D2
:10C9700000221021FFF7D6FF04F00304032C0CBFA4
:10C98000044B054B002205492846FEF7C5FD03B0C0
:10C9900030BD00BFCC355FAF4C585FAF0C00060018
:10C9A00030B583B0044611F0010F1FD00D464FF48F
:10C9B000107300936FF47C6300224FF4A021FFF703
:10C9C000B1FA4FF4040300934FF0FF3300221849EB
:10C9D0002046FFF7A7FA15F0020F1AD14FF488731B
:10C9E000002214492046FEF797FD10E0002500952F
:10C9F0006FF47C632A464FF4A021FFF793FA009569
:10CA00004FF6FF632A460B492046FFF78BFF03B022
:10CA100030BD084D084B002229462046FEF77CFD1C
:10CA20004FF48873002229462046FEF775FDEEE795
:10CA3000040011001800110010010F00F0B583B0C0
:10CA40000446012909D01420F3F720FC2046FFF703
:10CA50008BFE0546284603B0F0BD0F4E002231463E
:10CA6000FEF791F8074640F2071300934FF6FF7365
:10CA7000002231462046FFF755FF1420F3F706FC4D
:10CA80002046FFF771FE0546002200923B463146E4
:10CA90002046FFF747FFDDE74800070000B583B0F9
:10CAA000012A09D0CB43002200929BB20649FFF72E
:10CAB00039FF03B05DF804FB00914FF6FF730022CD
:10CAC0000149FFF72FFFF4E70C000500F0B583B034
:10CAD00004460F4616461D4648F2400300934FF6A3
:10CAE000FF7300221849FFF71DFFAA1943F2010343
:10CAF0009A4215DC7F2D1DD91523002213492046AB
:10CB0000FEF70AFD2B46002211492046FEF704FDE0
:10CB10000097334600224FF4E8112046FEF713F841
:10CB20000022009247F6BF7307492046FFF7FAFE3E
:10CB300003B0F0BD009733462A464FF4A8112046B3
:10CB4000FEF701F8ECE700BF0400110004001F002D
:10CB500008001F002DE9F04F83B004460D4691F800
:10CB600000900B79182B14D8CF78182F94BF00277A
:10CB70000127FFB2EB79012B0CBF102100216B784C
:10CB8000013B062B10D8DFE803F0060F0F120C0F45
:10CB900009000127EDE74FF0400A0AE04FF0480A8C
:10CBA00007E04FF0800A04E04FF4807A01E04FF094
:10CBB000200A226D138A23F0E0031382236DEA79A1
:10CBC000DA722E7BB31C01269E401FFA86F8226D76
:10CBD000C74B03FB08F3DB0B5382236DEA7A5A75CC
:10CBE0002B7A5B0103F020036A7B43EA0243EA7A73
:10CBF000120302F4304213430B430093BD4B002257
:10CC000010212046FFF78EF9002F40F0FD80EB7ACF
:10CC1000BBB16B7B012B287B94BF03220422102124
:10CC2000B54B33F81000FDF7F3FE0AEBC80A00F02D
:10CC30007F0000904FF680730222B0492046FFF734
:10CC400071FE94230093AE4B0022AE492046FFF7BD
:10CC500069F9BAF1FF0F40F30281226D138A43F0A4
:10CC6000200313824FF4006300934CF6FF730022FD
:10CC7000A5492046FFF756FE6B7B012B00F0FA809A
:10CC8000AB7843F010030093FC2300224FF4C02143
:10CC90002046FFF7B7FA731EDBB200224FF40031D3
:10CCA0002046FEF71DFE6B78072B0CBF08210021E4
:10CCB0002046FEF71BFFEB7A03F00303032B0CBFA8
:10CCC000924B934B002293492046FEF725FC00220D
:10CCD00091492046FDF741FF20F4FF5020F01F004E
:10CCE000B9F1090F08BF40F001002A79120202F4DD
:10CCF000F852EB78DB00DBB21A436B795B0003F090
:10CD0000060313430343002283492046FEF704FC35
:10CD1000AA796B781B0343EA822300936FF4744370
:10CD2000002220212046FFF7FDF8B5F8093023B98D
:10CD30006FF07E036B720023AB72B5F809300222EC
:10CD40004FF4C0212046FEF77CFB022273492046A7
:10CD5000FDF758FF236DDB7B4B4500F095800328E2
:10CD600000F09680B9F1090F00F097806C4B0093AA
:10CD70004FF0004300226B492046FFF7D3F841F6FD
:10CD80003C7300224FF410212046FEF75AFB142377
:10CD9000012265492046FEF7A3FD0E2302226349C6
:10CDA0002046FEF79DFD8123002261492046FEF7C3
:10CDB00097FD00260096F32303225E492046FFF7E5
:10CDC00021FA0223324644212046FEF789FD012143
:10CDD0002046FFF747FC4FF0140BD8463746442651
:10CDE0004046F3F753FA3A4631462046FDF70AFF2C
:10CDF00010F0020F40F0BA800BF1FF3313F0FF0B7D
:10CE0000EED16FF00100E5E0226D138A43F060037C
:10CE100013824FF4C05300936FF4405300223A49F9
:10CE20002046FFF77FF840F20633002242492046B1
:10CE3000FEF772FB00231A4640492046FEF76CFBC2
:10CE40003F4B00222D492046FEF766FB9D230093B1
:10CE50002B4B00222B492046FFF764F80CE74FF4D8
:10CE6000205300934CF6FF73002227492046FFF71A
:10CE700059FD01E7AB780093EC2300224FF4C02169
:10CE80002046FFF7BFF906E703287FF46BAF70E099
:10CE900002212046FFF7E6FB64E72A4B00934FF0A0
:10CEA000004300221F492046FFF73CF840F63C7340
:10CEB00000224FF410212046FEF7C3FA67E74FF433
:10CEC000807300934FF6FF7300220F492046FFF74F
:10CED00029FD226D138A43F0080313825BE00022D0
:10CEE0000092FE2318492046FFF78CF95DE000BF51
:10CEF00068660200CF4FFCFFE425050014000E0019
:10CF000000FFFFBF18000E0008000B00CC355FAF1C
:10CF10004C585FAF0C0006000800010030000F0005
:10CF20003411071C1C000700500007001800070000
:10CF300008000900040009000C000E0010000E009B
:10CF40000A5A0C003400011C180003004FF0005373
:10CF500000936FF07F43002220492046FEF7E2FF56
:10CF600026E001212046FFF769FD30E0236D83F8BC
:10CF70000F902B79093BDBB20F2BB0D8236D1B7AB6
:10CF8000012B9CD049462046FEF792FB226D138A66
:10CF900023F0080313824FF4C843009348F2FF13B1
:10CFA00000220F492046FFF7BDFCBAF13F0FCDDC50
:10CFB00001230093FF2302220A492046FFF722F9AA
:10CFC000002209492046FDF7C8FD0028C9D02046A7
:10CFD000FFF78CF903B0BDE8F08F00BF100006002A
:10CFE000180003000C000400140004002DE9F041B7
:10CFF00082B005460E46036D002B5BD02C6D0023DE
:10D00000A3730222228223756375E3736372A37292
:10D0100004212846FEF75EFA074605212846FEF75A
:10D0200059FA80460A212846FEF754FA2FB1B8F182
:10D03000000F02D080B2002841D120212846FEF7FF
:10D0400049FAB0F5107F0CBF01230023237216F0BC
:10D05000100F43D116F0200F46D116F0400F49D1E2
:10D0600016F0800F4DD1A37A0BB98523A372637A92
:10D070000BB9742363721F212846FEF72BFA207325
:10D080001E212846FEF726FA10F03F0012BF6073FB
:10D090002E236373637B002220492846FEF720FC81
:10D0A00035212846FEF716FA034680BB002002B061
:10D0B000BDE8F0812820F1F78DFB28659EE74FF44D
:10D0C000C06300934FF6FF73002215492846FFF70F
:10D0D00029FC238A43F014032382AEE70621284665
:10D0E000FEF7F8F92060B5E707212846FEF7F2F9C8
:10D0F0006060B2E708212846FEF7ECF9000C607288
:10D10000AEE709212846FEF7E5F9A072ABE7002259
:10D1100004492846FEF700FAC8E700BF14000900DA
:10D1200008000B000400090030B583B005460C462A
:10D1300071B121F00203013B0F2B62D8DFE803F04D
:10D14000116161246161612D616161616161613AB7
:10D1500002210191002200921346FDF776FC204641
:10D1600010E0022301930022009213460421FDF7F0
:10D170006CFC032244212846FDF744FD10F0080F03
:10D1800025D1002003B030BD02230193002200927C
:10D1900013460A21FDF759FCEBE70021FEF7D1F910
:10D1A0000223019300220092134608212846FDF72E
:10D1B0004CFCDEE70121FEF7C4F9022301930022B3
:10D1C0000092134606212846FDF73FFCD1E70223D3
:10D1D0000193002100910B460A462846FDF735FCD5
:10D1E00014F0020F02D04FF0FF30CBE70221019183
:10D1F0000022009213462846FDF727FC4FF0FF302F
:10D20000C0E74FF0FF30BDE770B582B0064602259B
:10D21000019500240094234622461921FDF715FCB0
:10D22000336D9C731D821C755C75DC7302B070BD20
:10D2300070B582B00646022501950024009423466D
:10D2400022461821FDF701FC336D9C731D821C756D
:10D250005C75DC7302B070BD2DE9F04F8DB00646F1
:10D2600015461C469C2900F29F80DFE811F0B709A3
:10D27000C209A100A600C10051019D0176015C0117
:10D28000AE01B301BC01C501CE01D701E001E5014A
:10D29000EE01720278027E0289028F0295029A02E2
:10D2A000A002A502AE02B702C002C9020403F9023D
:10D2B000EE02D202E0021E03F8011A023902420213
:10D2C0005802BA08BF08150327032C0336033C0392
:10D2D000470352035B0386039D03A9030A03B503B7
:10D2E000BF03D203F9030B044D0457047D048C04DF
:10D2F000A7049504B104F7040F052F05440558054C
:10D3000061057D056A059206C10611071707220708
:10D310003B075B0765078F07BD07C607CC07D50727
:10D32000E207EF07F90702080B081608210827088B
:10D330004A08550860086B088D089808B108C508A8
:10D340004D0957096209CA096C09AC09B3060309FA
:10D350002309380A2D0AD709E209ED09F809030A59
:10D360000E0A190A220A300C670CA10CC30C2B0EF2
:10D370003F0E480A550B870B910B950B990BA30B8E
:10D38000B50BBF0BD20BE60B200CD90CE30CFB0C3E
:10D39000160D2B0D4B0D870D9F0DB50DC50DFA0EFE
:10D3A000F40DEA0D060EFE0D4FF0FF3501F05ABEEA
:10D3B00043689847002501F055BE0222C049FDF799
:10D3C00021FC032802D8002501F04CBEF2F7A2FE92
:10D3D000044602230193002500952B462A46294640
:10D3E0003046FDF732FB2046F2F7A6FE01F03ABECA
:10D3F000002C01F03B86247814F01D0F63D014F04C
:10D40000010F25D014F0020F4FF0020301934FF0EB
:10D4100000020092134614BF0D210321FDF715FBF6
:10D42000032244213046FDF7EDFB10F0080F08BF42
:10D43000002501F0178602230193002100910B467D
:10D440000A463046FDF701FB4FF0FF3501F00ABEFA
:10D4500014F0080F11D114F0100F21D114F0020FA5
:10D460004FF0020301934FF000020092134614BFE5
:10D4700010210921FDF7E9FAD2E70021FEF761F852
:10D4800014F0020F4FF0020301934FF000020092DC
:10D49000134614BF0F2107213046FDF7D6FABFE728
:10D4A0000121FEF74EF814F0020F4FF00203019332
:10D4B0004FF000020092134614BF0E2105213046A2
:10D4C000FDF7C3FAACE714F0200F10D014F0020FF0
:10D4D0004FF0020301934FF0000500952B462A46BA
:10D4E00014BF11210B21FDF7B0FA01F0BBBD14F000
:10D4F000020F4FF0020301934FF0000500952B46F9
:10D500002A4614BF0C210121FDF79FFA01F0AABDA4
:10D51000002C01F0AD85236800222821FDF7FCFFD7
:10D52000002501F09FBD236800226649FDF7F4FF46
:10D530006368002264493046FDF7EEFFA3680022CD
:10D5400062493046FDF7E8FFE36800226049304653
:10D55000FDF7E2FF002501F085BD002C01F08A8572
:10D5600023886568032D01F28785DFE805F002084E
:10D570000F1600225749FDF764FF01F073BD022228
:10D580005449FDF75EFF002501F06CBD00225249B1
:10D59000FDF757FF002501F065BD02224E49FDF75A
:10D5A00050FF002501F05EBD002C01F06785237857
:10D5B0005B0003F0060300936FF006030022474967
:10D5C000FEF7B0FC002501F04DBDFEF7CFFC0025B5
:10D5D00001F048BD002C01F05385036D1B7B2370C7
:10D5E000002501F03FBD002C01F04C85036D5B7AF6
:10D5F0002370002501F036BD002C01F04585036D38
:10D600009B7A2370002501F02DBD002C01F03E8592
:10D61000036D1B682360002501F024BD002C01F080
:10D620003785036D5B682360002501F01BBDFEF7A5
:10D63000E3FA002501F016BD002C01F02B852168CE
:10D64000FDF7A5FF002501F00DBD002C01F024859C
:10D6500062682178FEF7EAFD002501F003BD002C89
:10D6600001F01C856568237803224FF48031FEF7B2
:10D6700037F94DB9002200924FF2FF731021304666
:10D68000FFF750F901F0EEBC4FF4812300934FF007
:10D69000FF33002210213046FEF744FC002501F044
:10D6A000E1BC00221146FDF758FAB2681368434006
:10D6B0005268134214BF4FF0FF35002501F0D2BC71
:10D6C00030000F0054000100580001005C00010010
:10D6D000600001000C0001001000010008000100C2
:10D6E000002C01F0DD842178FEF7BCFD002501F05F
:10D6F000B9BC42B9002200924FF2FF73D249FFF742
:10D7000011F901F0AFBC4FF4006300934FF6FF73C3
:10D710000022CD49FFF706F9002501F0A3BC02F075
:10D7200001024FF6FF734FF2FF71002A08BF0B464C
:10D73000D20215F0020F12BF42F4805223F480533C
:10D740009BB200920022C049FFF7ECF8002501F0DF
:10D7500089BC1146FDF730FF002501F083BC11465E
:10D76000FDF73EFF002501F07DBC002C01F09A84FE
:10D770000022B649FDF746FA2070002501F072BC80
:10D780002146FDF74DFF002501F06CBC2146FDF759
:10D790006BFF002501F066BCFEF79AFD002501F045
:10D7A00061BC1146FDF784FF002501F05BBCFEF76C
:10D7B000B5FE002501F056BC002C01F075842178DF
:10D7C000FFF7CAF8002501F04DBC002C01F06E8473
:10D7D0002188FDF746FE002501F044BC002C01F035
:10D7E0006784FDF7E2F92080002501F03BBC002CA6
:10D7F00001F060842188FDF73CFE002501F032BC79
:10D80000002C01F05984FDF7D7F92080002501F0A4
:10D8100029BC002C01F05284A388E2882168009181
:10D820004FF4B011FDF702FE002501F01BBC002CE7
:10D8300001F04684A388E288216800914FF4B0117A
:10D84000FDF781F9002501F00DBC002C01F03A84B0
:10D85000E388A2882168FEF70DF8002501F002BCDC
:10D86000002C01F03184E3882268A188FEF792F948
:10D87000002501F0F7BB1146FFF756FC002501F02B
:10D88000F1BB002C01F02284237962882188FEF705
:10D8900099FC002501F0E6BB002C01F01984FDF78E
:10D8A00091F92080002501F0DDBB002C01F01284ED
:10D8B000FDF7B6F92060002501F0D4BBFEF768F84B
:10D8C000002501F0CFBB002C01F006846188FEF733
:10D8D00055FE2070002501F0C5BB2146FDF7C0F9BB
:10D8E000002501F0BFBB002C01F0F883012270215C
:10D8F000FDF733F92060002501F0B4BB002C01F0E6
:10D90000EF8300227021FDF728F92060002501F047
:10D91000A9BB0094052300227021FDF714F900250E
:10D9200001F0A0BB002C01F0DD83036D9B7B012B7C
:10D9300015D0032B1AD116224FF4F011FDF723F95D
:10D94000C0F30D0083B213F4005F04D06FEA834389
:10D950006FEA934318B22080002501F083BB0222B6
:10D960003B49FDF710F9C0F30D00EBE702223949FE
:10D97000FDF709F9C0F30D00E4E700940623002247
:10D980003549FDF7E0F894F90130002B06DB6379A7
:10D9900003F001036371002501F064BBFF23A37052
:10D9A000E37023716371F2E7002C01F09D83012283
:10D9B0004FF00811FDF726F92070002501F052BB49
:10D9C000002C01F0938300224FF00811FDF71AF9A3
:10D9D0002070002501F046BB002C01F08983A2884D
:10D9E0002168FEF719FB002501F03CBB002C01F07B
:10D9F00081832568A48822462946FEF70DFB21462F
:10DA00003046FDF767FD2D1A18BF4FF0FF3501F0C6
:10DA100029BB022A0FD0114C00231A46214630465A
:10DA2000FDF75EFF0223002221463046FDF758FF36
:10DA3000002501F017BB00230093FE2301220249B9
:10DA4000FEF7E0FBE7E700BF080011001C0007003D
:10DA5000140018001C000C0018000C0004000A0040
:10DA6000002C01F049832488E2B24FF48171FDF764
:10DA7000E3FF220A40F203113046FDF7DDFF0025E7
:10DA800001F0F0BA002C01F03983DFF87083102325
:10DA90000093FF2300224146FEF7B4FB4FF482714E
:10DAA0003046FDF7A9FF00F0E0052A464FF48271E9
:10DAB0003046FDF7C1FF45F004024FF48271304655
:10DAC000FDF7BAFF0220F2F7D1FB4FF48771304621
:10DAD000FDF792FF074640F20F113046FDF78CFF2D
:10DAE00081462A464FF482713046FDF7A5FF002596
:10DAF0000095EF232A4641463046FEF783FB47EA6E
:10DB00000927278001F0AEBA002C01F0F982A27833
:10DB10002188FDF7B9FF002501F0A4BA002C01F01F
:10DB2000F1822468FDF734FF0120F2F79FFB032305
:10DB30000093FF230022AF493046FEF763FB7CB918
:10DB40003046FFF761FB0120F2F790FB336D0025B3
:10DB50009D7302221A821D755D75DD7301F082BA14
:10DB60003046FFF765FBEEE7002C01F0CD8223780D
:10DB700003F03F03026D537300229F49FDF7B0FE8F
:10DB8000002501F06FBA002C01F0C082036D5B7BB1
:10DB90002370002501F066BA0121FEF7F7F930463F
:10DBA000FEF728FA01213046FDF76AFC0F22012119
:10DBB0003046FDF73BFE002501F054BA002C01F081
:10DBC000A78262682168FDF731FE002501F04ABA9C
:10DBD000002C01F09F82894D00222946FDF712F8A2
:10DBE000804602230093FF23002229463046FEF799
:10DBF00009FB0423002282493046FDF771FE012310
:10DC000000224FF400213046FDF76AFE7D4F0025CB
:10DC10002A4639463046FCF7F5FF10F0010FF7D0E1
:10DC200000224FF008113046FCF7ADFF05460023F7
:10DC30001A464FF400213046FDF752FE00231A46E3
:10DC40006F493046FDF74CFE434600226B49304693
:10DC5000FDF746FE2580002501F004BA002C01F0F6
:10DC60005B822379026D927A9B1A07EE903AF8EE66
:10DC7000E77A9FED657A67EE877AB3EE067A77EEFC
:10DC8000877AC4ED007A002501F0ECB9002C01F090
:10DC900045822379026D527A9B1A07EE903AF8EE8C
:10DCA000E77A9FED5A7A67EE877AB3EE007A67EEED
:10DCB000877ADFED576A87EEA67AF0EE087A77EE7C
:10DCC000277AC4ED007A002501F0CCB9002C01F0D0
:10DCD000278224680121FEF759F93046FEF78AF9B8
:10DCE00001213046FDF7CCFB21463046FEF7A2FC71
:10DCF000002501F0B7B900250095EF232A464549D4
:10DD0000FEF780FA05213046FDF7BAFB01213046C7
:10DD1000FDF76EFD3046FDF761FD01F0A3B900256A
:10DD20000095EF232A463B49FEF76CFA01F09AB9B9
:10DD3000002C01F0F7812168FEF77CFC002501F042
:10DD400091B900223449FCF71EFFC0F30B0510F413
:10DD5000006F18BF45F470452DB22580336DB3F9BF
:10DD60001230ED1A01F07EB9002C01F0DD81D4F8FB
:10DD70000490237A99F81320FF2A00F0FE8093BBC9
:10DD8000D9F80010FDF7BAFE99F80C30B9F80E205A
:10DD9000D11899F81220002A40D199F810000028D3
:10DDA0000BBF7F224FF480624FF4B0154FF4A015E3
:10DDB00099F81300121A023A914200F2E780D9F85A
:10DDC00004200092002229463046FDF72FFBB9F8C7
:10DDD0000E3099F80C20D9F80810009129463046E9
:10DDE000FDF724FB2BE0B9F80E20D9F80010FDF761
:10DDF00093FEC9E704001100140009004800070061
:10DE000034000700040008006666863FCDCCCC3E97
:10DE100000007F4328000F0008000200012A40F0A4
:10DE2000AF8099F81130002B40F2FF3308BF7F23F9
:10DE300099F813209B1A023B994200F2A48099F8AA
:10DE40001020531EDBB2012B40D999F81130591E16
:10DE5000C9B2012947D9042B4CD042EA43330022EE
:10DE6000BA493046FDF758FBB9F80E30B84A02EA15
:10DE7000C31299F80C3003F07F0313430022B54915
:10DE80003046FDF749FB01230022B3493046FDF738
:10DE900027FDDFF8C88200273A4641463046FCF7A6
:10DEA000B1FE10F0050FF7D0054603460022AB493E
:10DEB0003046FDF715FD05F03F0525F03003012B39
:10DEC00025D06BB22370002501F0CCB8336D9B7B5D
:10DED000032B01F0AD8199F811305A1ED2B2012AFC
:10DEE00012D90122B7E7336D9B7B032B0CBF0223B2
:10DEF0000123B2E7B9F80E101029AED96FF0030371
:10DF0000E0E702221346A8E701221346A5E799F8A5
:10DF10001230012BD5D199F81120531EDBB2012B01
:10DF20001BD9032A0CBF4FF4A0174FF4B017D9F830
:10DF3000042012B199F80C30C3B9D9F8081000299F
:10DF4000BFD0B9F80E30002BBBD099F80C2000914F
:10DF500039463046FCF7F7FDB3E7336D9B7B032B67
:10DF60000CBF4FF498174FF49017E0E7009200228F
:10DF700039463046FCF7E7FDDFE76FF00203A1E723
:10DF80006FF001039EE74FF0FF339BE74FF0FF3345
:10DF900098E7237AE179A279D20042EA4102134359
:10DFA000627943EA8213227943EAC213E27843EAB0
:10DFB0000223A27843EAC223627843EA023322783A
:10DFC00043EA42339BB200226549FDF73AFA002545
:10DFD00001F048B8002C01F0A980637833B15B08E8
:10DFE000013BDBB22370002501F03CB80023F9E7C8
:10DFF00000225C49FCF7B1FDC0F30B032380C0F3A2
:10E000000B406080002258493046FCF7A6FDC0F363
:10E010000B03A380C0F30B40E0800022534930463D
:10E02000FCF79BFD2072000C6072002250493046C4
:10E03000FCF793FDC0F30B43A381C0F30B00608199
:10E0400000224C493046FCF788FDC0F30B43A4F88E
:10E050000F30A073002248493046FCF77EFD607403
:10E06000000CA074002245493046FCF776FDC0F351
:10E070000B03A4F81330C0F30B40A4F815000022E2
:10E080003F493046FCF7BEFDE075002500F0EABFD1
:10E090001146FDF79DFC002500F0E4BF002C01F0C7
:10E0A0004780238800223749FDF7CBF9002500F08F
:10E0B000D9BF002C01F03E80256835B900231A46EF
:10E0C0003149FDF7BEF900F0CDBF6279237943EA0B
:10E0D000022323F0F00300222B49FDF7B2F90025BB
:10E0E00000F0C0BF002C01F0278023684BB9002549
:10E0F00000954FF6FF532A461021FEF713FC00F05F
:10E10000B1BF00223421FDF707FA4FF400730093EA
:10E110004FF6FF73002210213046FEF703FC002566
:10E1200000F0A0BF002C01F009806188FDF764FCBD
:10E130002070002500F096BF002C01F00180A2782D
:10E140002188FDF779FC002500F08CBF4400010018
:10E1500080FF0100480001004C0001005000010058
:10E160003000010004000F0008000F000C000F0039
:10E1700010000F0014000F0018000F001C000F000B
:10E1800020000F00040006001C001100D44BD54AEB
:10E19000012D18BF1346012DD34918BF4FF00C11A4
:10E1A000026D927B012A12D0032A17D1A2F5C01268
:10E1B000013A1A444FF4F011FCF7E5FCC009208045
:10E1C0002588003518BF01256D4200F04BBF0222A3
:10E1D0001946FCF7D8FCC0092080F1E70222FCF7C1
:10E1E000D2FCC0092080EBE7002C00F0AB8721783F
:10E1F000FEF7D6FB002500F035BF1146FEF732FAD8
:10E20000002500F02FBF0094042300221C21FCF7FE
:10E210009AFC002500F026BF002C00F09587022212
:10E220004421FCF7B0FCC0F300202070002500F072
:10E2300019BF002C00F08A8700224421FCF7E2FC81
:10E2400000F001002070002500F00CBF002C00F051
:10E250007F8762882188FEF763FA002500F002BFFD
:10E260000094082300220421FDF7E0F8002500F0C7
:10E27000F9BE0094082300220421FCF764FC002569
:10E2800000F0F0BE002C00F06587238802220C21EC
:10E29000FDF7D7F8002500F0E5BE002C00F05C8704
:10E2A000238800220C21FDF7CCF8002500F0DABE0F
:10E2B0002146FDF799F8002500F0D4BE036D9B7B45
:10E2C000012B0BD0032B12D10094052320224FF4F5
:10E2D000F011FCF738FC002500F0C4BE00940523C3
:10E2E00000228249FCF72FFC002500F0BBBE009401
:10E2F000052300224FF44021FCF725FC002500F007
:10E30000B1BE002504F8015B009404232A466C2169
:10E31000FCF719FC00F0A6BE002C00F01F870122BC
:10E320006021FCF71AFC2060002500F09BBE002C49
:10E3300000F0168700226021FCF70FFC206000250A
:10E3400000F090BE036D9B7B012B0BD0032B12D1F1
:10E350000094052328224FF4F011FCF7F4FB00256C
:10E3600000F080BE0094052300226149FCF7EBFB1E
:10E37000002500F077BE0094052300225D49FCF7DC
:10E38000E2FB002500F06EBE002C00F0EB860022C0
:10E390001C21FCF7E2FB2060002500F063BE002C8E
:10E3A00000F0E28625886768237A002B00F0DE867D
:10E3B0003C4607EB830729463046FDF78BF844F8C7
:10E3C000040B0135ADB2BC42F5D1002500F04ABEC8
:10E3D000002C00F0CD862178FDF788FB002500F0A9
:10E3E00041BEFEF7C1F9054600F03CBE1146FEF7FE
:10E3F00025FB054600F036BE002C00F0BB86A57854
:10E400000121FDF73DF800213046FDF7BFFD304604
:10E41000FDF7F0FD05F03F03002237493046FDF7D8
:10E420005FFA01230093FF23002234493046FDF7B1
:10E43000E9FE324F00252A4639463046FCF7E2FB1A
:10E4400010F0010FF7D100222D493046FCF79BFB5D
:10E4500005463046FDF7C2F900213046FDF7C8F900
:10E4600005213046FDF70CF8C5F30B052580002586
:10E4700000F0F8BD0221FEF7F5F801213046FEF765
:10E48000F1F81424A046002744254046F1F7FEFE8B
:10E490003A4629463046FCF7B5FB10F0020F05D18D
:10E4A000631E13F0FF04F0D1012500E000256D424A
:10E4B00000F0D8BD002C00F05F8623781B0303F426
:10E4C000E0436278012A08BF43F4807300936FF43D
:10E4D000E24300220B49FDF725FD002500F0C2BDF7
:10E4E000340018002C00180014000C002000180044
:10E4F0002800180008000C001C000700100008008D
:10E500001400080014000700002C00F03786626831
:10E510002168FDF739FE002500F0A4BD002C00F0B5
:10E520002F8623880022C449FCF78BFF002500F0CA
:10E5300099BD002C00F0268662682188FEF7AEFAAD
:10E54000002500F08FBD002C00F01E866578237832
:10E550008BB1036D00229A734FF0FF3308227DB315
:10E5600023F480630092002210213046FDF7DAFC8C
:10E57000002500F077BD036D01229A731823002255
:10E58000AE49FCF7C9FFE8230022AD493046FCF74D
:10E59000C3FF336D9B7D5B0803D06FF0080300223F
:10E5A000DDE701230022A7493046FDF799F9326DD6
:10E5B000937D43F0020393756FF008030022CEE7CA
:10E5C00042F48062CEE7002C00F0E0852368002250
:10E5D0003021FCF7A1FF002500F044BD002C00F025
:10E5E000D78500222946FCF7B8FA2060002500F004
:10E5F00039BD234600222946FCF78EFF002500F096
:10E6000031BD002C00F0C68503228F49FCF7FAFAD1
:10E61000C0F302102070002500F024BD002C00F093
:10E62000BB85236800224421FCF776FF002500F01B
:10E6300019BD002C00F0B285238800224821FCF788
:10E6400000FF002500F00EBD002C00F0A98500227F
:10E650004421FCF782FA2060002500F003BD002C65
:10E6600000F0A08500224821FCF78DFA20600025EB
:10E6700000F0F8BC002C00F0978523780022734945
:10E68000FDF72EF9002500F0EDBC002C00F08E8582
:10E6900000224421FCF7B6FA2070002500F0E2BC0D
:10E6A000002C00F08585FDF727F92060002500F09B
:10E6B000D9BC002C00F07E8500226549FCF763FA86
:10E6C0002080002500F0CEBC002C00F075850022D3
:10E6D0006049FCF742FA2060002500F0C3BC002C22
:10E6E00000F06C852388C3F30D0300934FF440437F
:10E6F00000225849FEF716F9002500F0B3BC002CA3
:10E7000000F05E85A788A3680993217B06912269A2
:10E71000049262690592DDB205F0030205F0FC0582
:10E72000052945D1B7F5B17F28BF4FF4B177DFF8A0
:10E730002C91042F05D809EB05035B78053B9F421C
:10E740003EDB012A00F2C780434B995C3E46B9424A
:10E7500080F2C380501C53FA80F000230B449BB21C
:10E760000132D2B2022A05D010F8011BA6EB030C2D
:10E770006145F3DB9F4208BF039500F0B38007F1CA
:10E78000050C1FFA8CFC802600210891039107914B
:10E790004FF0050BB8465F4538BFD846A8F10508CD
:10E7A0001FFA88F8DFF8B0A020460C46864631E014
:10E7B00040F231139F4228BF1F46DFF8A490B8E70C
:10E7C0000023059A1380049A1146099A0A6098E07A
:10E7D00074460023059A1380049B1A46099B136014
:10E7E0004FF0FF338DE01FFA80FB089203950793EB
:10E7F00001243F2D51D000293AD1013505F03F05C4
:10E8000019F8050003449BB29F4268D0013E16F000
:10E81000FF06DDD0434525D9634523D2F81A00B25F
:10E820000028B8BF40425845DDDD002CE1D07446D9
:10E83000089A079B56E000BF080005000C001F0067
:10E8400010001F0020000100540003001800010008
:10E850002C0005001C000E00D825050058250500D9
:10E860009825050084B96345C3D399B13F2D14D0D1
:10E8700019F805105B1A9BB2691E01F03F0511F0F3
:10E880003F0118BF0121BFE7744619F805105B1A54
:10E890009BB227E07446039524E0002C34D1032A70
:10E8A00036D0022A09D01AF802105818B8420BDDE7
:10E8B0000B449BB20132D2B2DAE706990929F2D1B0
:10E8C00074463F2103910DE0744683B20132D2B207
:10E8D0003F21039106E000234CE700234AE77446FA
:10E8E00003953B4605990B80039B42EA8303DBB209
:10E8F0001A0442EA03621A4342EA0323049A1360A9
:10E90000002323600025ADE37446089A079BE9E7DE
:10E9100074463F210391E5E7002C00F053842778EB
:10E920006478F1F7F7FB0546022C0ED0042C0CD0CE
:10E9300004F0FD04012C19D0FB4300220092DBB24D
:10E94000C1493046FDF75EFC05E03B460022BE496A
:10E950003046FCF7C5FF3B460022BC493046FCF779
:10E96000DBFD2846F1F7E8FB00257BE30097FF235A
:10E970000022B5493046FDF745FCECE70223019340
:10E98000002500952B462A461A21FCF75EF869E31C
:10E99000FEF74EFC002565E3FEF736FC002561E33B
:10E9A00002230193002500952B462A461421FCF7EB
:10E9B0004CF857E302240194002500952B462A4683
:10E9C0001521FCF742F8019400952B462A461521A3
:10E9D0003046FCF73AF845E3022301930025009501
:10E9E0002B462A461621FCF730F83BE3002C00F0BA
:10E9F000EB8332B900224FF4D011FCF703F92070F9
:10EA000030E301224FF4D011FCF7FCF82070002510
:10EA100028E3002C00F0DA83247800224FF4D01190
:10EA2000FCF7F0F800F09F03234300224FF4D011CD
:10EA30003046FCF755FF002514E3002C00F0C88396
:10EA4000247812F0FF051DD0012D40F0C38302256C
:10EA500001224FF4D0113046FCF7D4F8A4B920EAD3
:10EA60000503DBB201224FF4D0113046FCF738FF2A
:10EA7000002210213046FCF770F810F4801F0AD0F5
:10EA80000025EFE20425E3E7012C40F0A68340EAED
:10EA90000503DBB2E6E74FF4801300934FF0FF333A
:10EAA000002210213046FDF73DFA0025DAE2002C65
:10EAB00000F0968323785B0303F4005300934DF634
:10EAC000FF7300226249FDF72DFF0025CAE2002CEA
:10EAD00000F0888325786268012A15BF6FF46033DF
:10EAE0006FF4E043DF27EF2714BF4FF020084FF00B
:10EAF00010080024009422464FF4A021FDF712FADA
:10EB000000943B46224653493046FDF77BFB012DDE
:10EB100002D055B10025A5E2254600943B46224689
:10EB20004D493046FDF76EFB9CE2CDF80080FF2397
:10EB3000002249493046FDF765FB93E2002C00F0C6
:10EB40005383227812F0010F2CD0570107F04007B1
:10EB500040244FF4E01312F0040F27D043F4600375
:10EB600044F08004120102F0800217434FF40012B7
:10EB70000092DB4300224FF4A0213046FDF7D2F98A
:10EB8000E443A4B20025009523462A463149304685
:10EB9000FDF7C8FE009723462A462F493046FDF769
:10EBA000C1FE5FE200273C463B46D4E70022DFE798
:10EBB00008230093FF2301224FF48021FDF722FB5D
:10EBC000264C02230093FF23032221463046FDF703
:10EBD00019FB00250095F72301224FF480213046D0
:10EBE000FDF710FB0095FD23032221463046FDF77B
:10EBF00009FB37E2002C00F0F9826388DB0003F4A4
:10EC0000FF6322780AB143F4006300934FF20703D5
:10EC100000224FF480213046FDF784FE002521E2DA
:10EC2000002500954FF6FF332A464FF48811FDF773
:10EC300079FE17E2002C00F0DB8200220849FBF786
:10EC4000A2FF208000250DE21C0001001800010039
:10EC50000C000E00080005000C0005000800110063
:10EC600048001100002C00F0C5822378012B627847
:10EC7000A3784FEAC32343EA0223E27843EA42330C
:10EC8000227943EA823303F47F430CBF022200223D
:10EC9000B649FCF7D6FB0025E4E1002C00F0AC827D
:10ECA000636822783AB1C3F315030022B049FCF738
:10ECB00033FC0025D6E1C3F31503AE49FCF72CFC69
:10ECC0000025CFE1002C00F09982237801249C409C
:10ECD000E4B210230093FF230022A749FDF792FA24
:10ECE000E343A24F00250095DBB22A463946304661
:10ECF000FDF788FA0094FF232A4639463046FDF78F
:10ED000081FAAFE1002C00F07B82227863789BB11E
:10ED1000002A40F09782002400946FF0C0732246CE
:10ED20001021FDF7FFF80094944B22464FF4A021E8
:10ED30003046FDF7F7F817E0002A00F085824FF41F
:10ED40000045002400946FF0C07322461021304625
:10ED5000FDF7E8F80095894B22464FF4A021304694
:10ED6000FDF7E0F84FF0C07400944FF0FF3300223D
:10ED700010213046FDF7D6F8002573E1002C00F095
:10ED8000418223783BB900250095DF2303227C498B
:10ED9000FDF738FA66E14FF0005300934FF0FF3370
:10EDA00000227749FDF7BEF800255BE1002C00F05A
:10EDB0002B8223783BB9002500957F2303227149DC
:10EDC000FDF720FA4EE180230093FF2303226D49D3
:10EDD000FDF718FA002545E1002C00F01782E3B298
:10EDE0009A1C01239340013BDBB200224FF4003117
:10EDF000FCF776FD002535E1002C00F00982E37A6E
:10EE0000002B00F00782637B012B207B94BF032241
:10EE1000042210215C4B33F81000FBF7F9FD00F0E1
:10EE20007F0000904FF68073022258493046FDF76C
:10EE300079FD9423002256493046FCF751FD002508
:10EE400010E1002C00F0E88100225249FBF785FE1A
:10EE50002060002506E1002C00F0E08100224E49F0
:10EE6000FBF77BFE20600025FCE0002C00F0D88141
:10EE70004FF4A81323600025F4E0002C00F0D281A9
:10EE800000250A950CAF192347F8043D0097042389
:10EE90002A464249FCF7CAFA41F648730B93009799
:10EEA00004232A463E493046FCF7C0FA0AAB0093D9
:10EEB00004232A464FF4E8113046FBF744FE0A9B30
:10EEC0002360CFE0002C00F0AF8100223549FBF732
:10EED00044FE80B22060002233493046FBF73DFEFD
:10EEE000430D9B019BB263600025BBE0002C00F04A
:10EEF0009D81237E33B1012B62D0022B00F08980EB
:10EF0000FF232FE000222949FBF727FEC0F30B0067
:10EF10002060002226493046FBF71FFEC0F3150093
:10EF20006060002223493046FBF717FEC0F315004E
:10EF3000A060002220493046FBF70FFEC0F3150009
:10EF4000E06000221D493046FBF707FEC0F31300C6
:10EF5000206100220F493046FBF7FFFD00F0E04042
:10EF600060610023637600257CE000BF3C00110057
:10EF7000440011004000110048000700FF0FFCF79B
:10EF800028000F001C000700E425050014000E00F7
:10EF900018000E00540003004C000F0004001F0076
:10EFA00008001F0048000C0028000C0058000C004E
:10EFB00030000C0034000C0038000C002C000C0059
:10EFC0000022AA49FBF7C9FDC0F30B002060002214
:10EFD000A7493046FBF7C1FDC0F315006060002271
:10EFE000A4493046FBF7B9FDC0F31500A06000222C
:10EFF0004FF450213046FBF7B0FDC0F31500E06040
:10F0000000229D493046FBF7A8FDC0F313002061A4
:10F010009FE700229949FBF7A0FDC0F30B00206099
:10F02000002297493046FBF798FDC0F31500606059
:10F03000002294493046FBF790FDC0F31500A06014
:10F04000002291493046FBF788FDC0F31500E060CF
:10F0500000228E493046FBF780FDC0F3130020618B
:10F0600077E7002528460DB0BDE8F08F0025F9E7C9
:10F070000025F7E70025F5E70025F3E70025F1E790
:10F080000025EFE70025EDE70025EBE70025E9E7A0
:10F090000025E7E70025E5E70025E3E70025E1E7B0
:10F0A0000025DFE70025DDE70025DBE70025D9E7C0
:10F0B0000025D7E70025D5E70025D3E70025D1E7D0
:10F0C0000025CFE70025CDE70025CBE70025C9E7E0
:10F0D0000025C7E70025C5E70025C3E70025C1E7F0
:10F0E0000025BFE70025BDE70025BBE70025B9E700
:10F0F0000025B7E70025B5E70025B3E70025B1E710
:10F100000025AFE70025ADE70025ABE70025A9E71F
:10F110000025A7E70025A5E70025A3E70025A1E72F
:10F1200000259FE700259DE700259BE7002599E73F
:10F13000002597E7002595E7002593E7002591E74F
:10F1400000258FE700258DE700258BE7002589E75F
:10F15000002587E7002585E7002583E7002581E76F
:10F1600000257FE700257DE700257BE7002579E77F
:10F17000002577E7002575E7002573E7002571E78F
:10F1800000256FE700256DE700256BE7002569E79F
:10F19000002567E7002565E7002563E7002561E7AF
:10F1A00000255FE700255DE700255BE7002559E7BF
:10F1B000002557E7002555E7002553E7002551E7CF
:10F1C00000254FE700254DE700254BE7002549E7DF
:10F1D000002547E74FF0FF3544E74FF0FF3541E7A3
:10F1E00000253FE700253DE700253BE7002539E7FF
:10F1F000002537E7002535E7002533E7002531E70F
:10F2000000252FE700252DE700252BE7002529E71E
:10F21000002527E7002525E7002523E7002521E72E
:10F2200000251FE700251DE700251BE7002519E73E
:10F2300099F811305A1ED2B2012A7EF662AE02222D
:10F24000FEF709BE124D7CE5002400946FF0C073F8
:10F2500022461021FCF766FE00940E4B22464FF426
:10F26000A0213046FCF75EFE7EE500BF20000D00C9
:10F2700064000C0068000C0060000C0068000D00C9
:10F2800040000D0044000D0048000D003C000D0042
:10F2900000100008FF0FFCF7F0B585B00446436B83
:10F2A0001968FDF7A3FE064623681B69984703AB60
:10F2B000002211462046FDF7CFFF636B9B6A196859
:10F2C0002046FDF747FC636B9B6A59682046FDF7B3
:10F2D00097F9636B9B6AD9892046FCF7C2F8636B88
:10F2E0009B6A99892046FCF7C4F800212046FCF768
:10F2F0004EF9002500954FF6FF532A46102120466F
:10F30000FDF710FB636B9B6A5A8919892046FDF74C
:10F3100007FA636B9B6A1B8A02220C212046FCF7CA
:10F3200090F8636B9B6A5B8A2A460C212046FCF7A7
:10F3300088F8636B197A2046FDF732FB636BD96856
:10F340002046FCF74DF9616B0B7E4A69096920463E
:10F35000FDF76CFA636B9A7F998B2046FCF794FB60
:10F36000226D537B2E2B05D0636B93F82C3033F03A
:10F370003F030AD0636B93F82C3003F03F035373C1
:10F38000002228492046FCF7ABFA636B93F82D1056
:10F390002046FCF767FF636B196A2046FCF740F9CB
:10F3A000636B596A2046FCF75FF9636B93F82E3064
:10F3B0009BBB636B93F82F102046FCF709FB94F975
:10F3C0004C50002D26DB012303FA05F5AFB2164A97
:10F3D00039462046FCF7D8FE0DF10A0300930223BC
:10F3E00000224FF4A0212046FBF7ADFBBDF80A3008
:10F3F00023EA0503ADF80A3000220C492046FCF749
:10F4000020F894F94D20B2FA82F25209394620468A
:10F41000FDF744FB304605B0F0BD2046FCF758FF31
:10F42000C7E700BF1400090092042001080005008E
:10F4300080B483B000AF78607B681B687A689A42BA
:10F440000CBF01230023DBB218460C37BD465DF824
:10F45000047B704780B483B000AF786039603B684C
:10F460001A687B681A607B683A685A603B681B6858
:10F470007A685A603B687A681A6000BF0C37BD46EC
:10F480005DF8047B704780B483B000AF78607B6820
:10F490005B687A6812681A607B681B687A685268D1
:10F4A0005A6000BF0C37BD465DF8047B704780B5DD
:10F4B00082B000AF786039607868FFF7E4FF3968A0
:10F4C0007868FFF7C7FF00BF0837BD4680BD80B52D
:10F4D00082B000AF78607868FFF7AAFF034683F038
:10F4E0000103DBB2002B07D07B685A687B681B687E
:10F4F0009A4201D1012300E0002318460837BD4697
:10F5000080BD000080B483B000AF78607B685A6A29
:10F510007B681B6AD31A18460C37BD465DF8047B1E
:10F52000704780B483B000AF78607B681B6A184670
:10F530000C37BD465DF8047B704780B483B000AFE4
:10F5400078607B68043318460C37BD465DF8047B51
:10F55000704780B582B000AF78607868FFF7EDFF44
:10F560000346033323F0030318460837BD4680BD26
:10F5700090B583B000AF78607868FFF7EAFF044683
:10F580007868FFF7DAFF0346E31A18460C37BD46E2
:10F5900090BD80B485B000AF786039607B681B880F
:10F5A000033323F00303FB603B681B681A46FB68C8
:10F5B000D31A1A463B681A607A68FB6813441846E7
:10F5C0001437BD465DF8047B704780B483B000AF4C
:10F5D00078607B68043318460C37BD465DF8047BC1
:10F5E000704780B483B000AF78607B681B88043BB1
:10F5F00018460C37BD465DF8047B704780B483B075
:10F6000000AF786039603B68032B0BDD7B681B889B
:10F61000032B07D97B681B881A463B68934201DBA2
:10F62000012300E0002318460C37BD465DF8047B3B
:10F63000704780B483B000AF78607B685B8823F448
:10F64000404318460C37BD465DF8047B704780B5D3
:10F6500082B000AF78607868FFF7B7FF0346D3E960
:10F660000023104619460837BD4680BD80B582B0DC
:10F6700000AF78607868FFF7A8FF03461B6818465C
:10F680000837BD4680BD80B582B000AF786078682D
:10F69000FFF79BFF0346B3F9003018460837BD4615
:10F6A00080BD80B582B000AF78607868FFF78DFFCD
:10F6B000034693F9003018460837BD4680BD80B533
:10F6C00082B000AF78607868FFF77FFF0346D3E928
:10F6D0000023104619460837BD4680BD80B582B06C
:10F6E00000AF78607868FFF770FF03461B68184624
:10F6F0000837BD4680BD80B582B000AF78607868BD
:10F70000FFF763FF03461B8818460837BD4680BDD8
:10F7100080B582B000AF78607868FFF756FF034687
:10F720001B7818460837BD4680BD80B584B000AF51
:10F73000786039607868FFF7F4FEF8603B6843F45E
:10F74000004100230022786800F01EF80346002BD9
:10F7500001DA002300E0FB6818461037BD4680BD83
:10F7600080B582B000AF786039607868FFF7D9FE65
:10F7700002463B68D31A9AB23B681A807B685B6981
:10F7800018460837BD4680BD90B587B000AFF86019
:10F79000B9607A603B60F868FFF7B4FE04467868A9
:10F7A000FFF7D7FE03469C4202DA6FF079032AE0A6
:10F7B0007868FFF7CEFE03461946F86800F018FC9B
:10F7C0007861BB689AB27B695A807868FFF7B5FEAA
:10F7D00003469AB27B691A807B691B881A467B694B
:10F7E0009C187868FFF7C4FE03461A46002120469D
:10F7F000F1F73BFE7869FFF7E8FE7B681A46396847
:10F80000F1F70AFE002318461C37BD4690BD80B4B0
:10F8100083B000AF0346FB71FB79013B0C2B2DD865
:10F8200001A252F823F000BF5DF8030061F8030065
:10F8300065F8030069F803007DF803007DF8030014
:10F840007DF803007DF803007DF803006DF80300E8
:10F8500071F8030075F8030079F8030001230EE046
:10F8600002230CE004230AE0082308E0012306E059
:10F87000022304E0042302E0082300E000231846EA
:10F880000C37BD465DF8047B704780B588B000AF8B
:10F89000786039604FF000024FF00003C7E906239B
:10F8A0007B681B78013B032B46D801A252F823F05A
:10F8B000C1F80300E1F8030001F9030021F9030096
:10F8C0003868FFF725FF0346DAB24FF00003C7E9B7
:10F8D00002234FF0FF024FF00003C7E904232EE09C
:10F8E0003868FFF708FF03469AB24FF00003C7E9F4
:10F8F00002234FF6FF724FF00003C7E904231EE016
:10F900003868FFF7EBFE03461A464FF00003C7E9DD
:10F9100002234FF0FF324FF00003C7E904230EE04B
:10F920003868FFF7CCFEC7E902014FF0FF324FF015
:10F93000FF33C7E9042302E06FF0150344E07B685E
:10F940001B79032B20D0032B27DC012B02D0022BA9
:10F9500011D022E07B68B3F90C301AB24FEAE2739F
:10F96000C7E906237B68B3F90E301AB24FEAE27397
:10F97000C7E9042314E07B68B3F90C301AB24FEAEC
:10F98000E273C7E906230BE07B68B3F90E301AB2C5
:10F990004FEAE273C7E9042302E06FF0150313E0B6
:10F9A000D7E90201D7E90623994208BF904207D35D
:10F9B000D7E90223D7E90401994208BF904202D255
:10F9C0006FF0210300E0002318462037BD4680BDBC
:10F9D00080B588B000AF786039607B681B780A3BDF
:10F9E000032B5ED801A252F823F000BFFDF90300FB
:10F9F00029FA030053FA03007FFA03003868FFF77F
:10FA000050FE03465AB24FEAE273C7E902236FF091
:10FA10007F024FF0FF33C7E906234FF07F024FF01C
:10FA20000003C7E904233FE03868FFF72CFE0346D4
:10FA30001AB24FEAE273C7E90223404A4FF0FF339C
:10FA4000C7E9062347F6FF724FF00003C7E9042316
:10FA50002AE03868FFF70AFE03461A464FEAE273C7
:10FA6000C7E902234FF000424FF0FF33C7E90623F6
:10FA70006FF000424FF00003C7E9042314E0386838
:10FA8000FFF7E5FDC7E902014FF000024FF0004328
:10FA9000C7E906234FF0FF326FF00043C7E90423A4
:10FAA00002E06FF0150344E07B681B79032B20D044
:10FAB000032B27DC012B02D0022B11D022E07B6824
:10FAC000B3F90C301AB24FEAE273C7E906237B6838
:10FAD000B3F90E301AB24FEAE273C7E9042314E017
:10FAE0007B68B3F90C301AB24FEAE273C7E9062318
:10FAF0000BE07B68B3F90E301AB24FEAE273C7E944
:10FB0000042302E06FF0150313E0D7E90201D7E9FF
:10FB10000623904271EB030307DBD7E90223D7E901
:10FB20000401904271EB030302DA6FF0210300E05D
:10FB3000002318462037BD4680BD00BF0080FFFF70
:10FB400080B584B000AF786039600023FB814FF648
:10FB5000FF73BB813868FFF744FDB8607B681B7991
:10FB6000032B14D0032B17DC012B02D0022B09D05E
:10FB700012E07B68B3F90C30FB817B68B3F90E307F
:10FB8000BB810CE07B68B3F90C30FB8107E07B683C
:10FB9000B3F90E30BB8102E06FF015030BE0FB8977
:10FBA000BA689A4203DBBB89BA689A4202DD6FF0F9
:10FBB000210300E0002318461037BD4680BD80B504
:10FBC00082B000AF786039607B681B780D2B1BDC3E
:10FBD0000A2B13DA042B02DC002B03DC14E0092BC4
:10FBE00006D011E039687868FFF74FFE03460DE054
:10FBF00039687868FFF7A4FF034607E0396878683A
:10FC0000FFF7E6FE034601E06FF0150318460837DC
:10FC1000BD4680BD80B58CB000AFF860B9607A6039
:10FC20000023FB62F868FFF7DCFCB862F868FFF7B6
:10FC300000FD78626FF021033B627B6A002B03DDDD
:10FC40007A6ABB689A4201DD0023A5E07B6A1B014A
:10FC50007A681344FB61FB691B780D2B8CBF012371
:10FC60000023DBB2BB61FB691B780D2B06D94C4B23
:10FC70004C4A4FF482714C48DFF79FFABB69002B66
:10FC8000FB691B781846FFF7C2FD78617B69002B82
:10FC90000CDDBA6A7B699A4208D0FB695B881A4618
:10FCA000BB6A934202D06FF0150375E0FB691B78C5
:10FCB000072B07D1FB685B881BB2002B02DB6FF0C0
:10FCC000150369E0FB691B78072B0BD0FB691B78D8
:10FCD000082B07D0FB685B881BB2002B02DA6FF0A1
:10FCE000150359E0FB691B78092B09D0092B1FDC90
:10FCF000052B05D0052B1BDB073B012B18D80AE091
:10FD0000FB695B88002B26D0FB695B881A46BB6ABF
:10FD1000934220DD3FE0BB6A002B1ED0BB6A032B61
:10FD200036DDFB699B68002B19D06FF0150333E0BB
:10FD3000FB695B88002B03D0FB695B88FB6205E0F5
:10FD4000FB691B781846FFF762FDF862BA6AFB6A26
:10FD50009A421FDB04E000BF02E000BF00E000BFEA
:10FD6000FB691B79002B0ED0002B0FDB013B022B14
:10FD70000CD8F968F869FFF722FF38623B6A002B5C
:10FD800003D03B6A08E000BF00E000BF002303E0AF
:10FD900000BF00E000BF3B6A18463037BD4680BD5B
:10FDA000F4250500582605001826050080B588B002
:10FDB00000AFF860B9607A603B60BB6A002B07D087
:10FDC0007B6801339B001A460021B86AF1F74DFBAE
:10FDD000FB68FB61BB683B612CE0F869FFF729FC1D
:10FDE00003467B837B8B002B03D07B8B7A689A4204
:10FDF00002DA6FF0150326E03B68002B0AD03A6860
:10FE00007968F869FFF706FF78617B69002B01DAF2
:10FE10007B6918E0BB6A002B05D07B8B9B00BA6A1C
:10FE20001344FA691A6007F110031946F869FFF7DD
:10FE3000B0FBF8613B691946F869FFF7DFFB034641
:10FE4000002BCAD1002318462037BD4680BD90B58F
:10FE500087B002AFF860B9607A603B607B685B880E
:10FE60001BB2002B02DB6FF015030FE07868FFF781
:10FE7000ACFB04467868FFF7B4FB0146FB680093CF
:10FE80003B68BA682046FFF791FF034618461437CF
:10FE9000BD4690BD80B582B000AF786039607968AA
:10FEA0000120EEF785FC034618460837BD4680BDA5
:10FEB00080B582B000AF78607868EEF78DFC00BF47
:10FEC0000837BD4680BD80B582B000AF78607868E5
:10FED000FFF7EEFF00BF0837BD4680BD80B483B09A
:10FEE00000AF78607B681B687A689A420CBF012378
:10FEF0000023DBB218460C37BD465DF8047B704723
:10FF000080B584B000AF786039607B682833396889
:10FF10001846FFF7BFFFF860FB68002B01D10023F4
:10FF200015E0FB68BB60FB6803F12802BB68DA617F
:10FF3000BB68DA69BB689A61BB68DA69BB681A6238
:10FF4000BB68DA697B681A44BB685A62BB681846AA
:10FF50001037BD4680BD80B483B000AF7860396093
:10FF60007B685B693A689A4202D27B683A685A6158
:10FF700000BF0C37BD465DF8047B704780B584B088
:10FF800000AF786039607B685A6A7B681B6AD31A55
:10FF90001A463B6893428CBF01230023DBB2FB600F
:10FFA0007B685A6A7B681B6AD31A1A463B6893427D
:10FFB00005D90C4B0C4A29210C48DFF7FEF8FB68E9
:10FFC000002B7B68DA693B681A447B68DA617B68DE
:10FFD0001A6A3B681A447B681A6200BF1037BD4634
:10FFE00080BD00BF68260500E026050088260500C4
:10FFF00080B584B000AF786039607B685A6A7B68EE
:020000040004F6
:100000001B6AD31A1A463B6893428CBF0123002314
:10001000DBB2FB607B685A6A7B681B6AD31A1A469C
:100020003B68934205D90E4B0E4A31210E48DFF74B
:10003000C4F8FB68002B7B681B6ABB607B685A694D
:100040003B681A447B685A617B681A6A3B681A44A9
:100050007B681A62BB6818461037BD4680BD00BF7A
:1000600068260500EC2605008826050080B586B0C8
:1000700000AFF860B9607A607968F868FFF7B8FF98
:1000800078617A68B9687869F1F7C6F97B691846CA
:100090001837BD4680BD80B584B000AF7860396048
:1000A0007B68DA693B685B421A447B68DA617B688B
:1000B0005A693B681A447B685A617B68DA697B68D5
:1000C0009B699A4234BF01230023DBB2FB607B684B
:1000D000DA697B689B699A4205D2074B074A43213C
:1000E0000748DFF76AF8FB68002B7B68DB69184676
:1000F0001037BD4680BD00BFC4260500F4260500AC
:100100008826050080B483B000AF786039607B68D2
:100110005B693A689A4201D900230DE07B68DA698D
:100120003B681A447B68DA617B685A693B68D21A7B
:100130007B685A617B68DB6918460C37BD465DF801
:10014000047B704780B582B000AF78607868FFF7B5
:10015000C5FE0346002B01D0002301E07B681B682D
:1001600018460837BD4680BD80B483B000AF7860C4
:1001700039607B681A683B681A603B687A685A6025
:100180007B681B683A685A607B683A681A6000BFEF
:100190000C37BD465DF8047B704780B483B000AF78
:1001A000786039603B687A681A607B685A683B6897
:1001B0005A607B685B683A681A607B683A685A6084
:1001C00000BF0C37BD465DF8047B704780B584B036
:1001D00000AF78607868FFF781FE0346002B01D0FE
:1001E000002313E07B681B68FB60FB681B68FA68F0
:1001F00052685A60FB685B68FA6812681A60FB68AC
:1002000000221A60FB6800225A60FB68184610370B
:10021000BD4680BD80B584B000AF786002E0F8686C
:10022000FFF751FE7868FFF7D1FFF860FB68002BFD
:10023000F5D100BF00BF1037BD4680BD80B485B08A
:1002400000AF786039603B68FB607B68190EFB6823
:100250005A1CFA60CAB21A707B68190CFB685A1CE7
:10026000FA60CAB21A707B68190AFB685A1CFA60F5
:10027000CAB21A70FB685A1CFA607A68D2B21A7055
:1002800000BF1437BD465DF8047B704780B584B06D
:1002900000AFF860B9607A603B60BB68102B05D096
:1002A000084B094A1A210948DEF787FFBB693A68FB
:1002B0007968F868F0F734F8034618461037BD46F9
:1002C00080BD00BF00270500542705001C2705003E
:1002D00080B590B002AFF860B9607A603B607B6C2B
:1002E000102B02D04FF0FF3329E007F114037B639A
:1002F000796B0120FFF7A2FF7B6B04337B6308223D
:100300007968786BF1F788F87B6B08337B63102290
:100310003968786BF1F780F87B6B10337B637B6C0B
:10032000DB00796B1846FFF789FF07F114023B6C7D
:1003300000932023B968F868FFF7A8FF0346184622
:100340003837BD4680BD00BF80B483B000AF786051
:100350007B685A6A7B681B6AD31A18460C37BD46FD
:100360005DF8047B704780B485B000AF0346396008
:10037000FB803B68FB60FB881B0A99B2FB685A1C38
:10038000FA60CAB21A70FB685A1CFA60FA88D2B2D4
:100390001A7000BF1437BD465DF8047B704780B407
:1003A00085B000AF786039603B68FB607B68190EF0
:1003B000FB685A1CFA60CAB21A707B68190CFB6899
:1003C0005A1CFA60CAB21A707B68190AFB685A1C78
:1003D000FA60CAB21A70FB685A1CFA607A68D2B224
:1003E0001A7000BF1437BD465DF8047B704780B5B6
:1003F00082B000AF786039603868EFF7EBFF0246F3
:100400007B681A607B681B68002B01D0002301E029
:100410006FF00B0318460837BD4680BD80B586B027
:1004200000AFF8600B467A607B81FB687B61062237
:1004300000217869F1F719F87B6906337B617B89C4
:1004400079691846FFF78FFF7B6902337B61796911
:100450007868FFF7A4FF7B6904337B617B695A1CD2
:100460007A6106221A7000BF1837BD4680BD80B57C
:1004700092B004AFF860B9607A607B80BB68DB69DA
:100480007B63BB68DA697B6813443B63BB685A696A
:100490007B68D31AFB62BB68DA69BB685B6913448B
:1004A000BB62B868FFF750FF0346072B02DC6FF012
:1004B00068032AE0798807F114033A6C1846FFF7BD
:1004C000ADFFBB68DB69043326221A70FB6818682D
:1004D000FB6A07F1140108220392BA6A029201939F
:1004E0003B6B00937B687A6BEFF794FF78627B6AD3
:1004F000002B04D10821B868FFF77AFD04E0BB683F
:10050000DB69043320221A707B6A18463837BD46EF
:1005100080BD80B483B000AF0346FB71FB79262B0E
:100520000CBF01230023DBB218460C37BD465DF833
:10053000047B704780B582B000AF78607B685B69F0
:10054000072B02D86FF04C0307E07B685B69083B20
:1005500019467868FFF7FFFC002318460837BD46A8
:1005600080BD80B592B004AFF860B9607A607B80DE
:10057000BB68DA697B685B4213447B63BB68DB69F9
:100580003B63BB685B69FB62BB68DA69FB6A134467
:10059000BB62798807F114033A6C1846FFF73EFFF7
:1005A000FB68186807F1140108230393BB6A0293E0
:1005B000FB6A01933B6B00937B687A6BEFF772FFEA
:1005C00078627B6A002B03D17B6B043320221A7084
:1005D0007B6A18463837BD4680BD80B582B000AF13
:1005E00078607B681B681846EFF708FF00BF083784
:1005F000BD4680BD80B584B000AFF860B9607A6058
:10060000FB6818697B681022B968EFF7B7FF002311
:1006100018461037BD4680BD80B582B000AF786007
:100620007B681846EFF786FF02467B681A61002355
:1006300018460837BD4680BD80B582B000AF7860EF
:100640007B681B691846EFF78DFF00BF0837BD4672
:1006500080BD000080B582B000AF78607B68002B61
:1006600005D10D4B0D4A22210D48DEF7A6FD7B6812
:100670001B68002B05D10020EDF7C2FF02467B6806
:100680001A607B681B684FF0FF311846EDF7BCFF1E
:1006900000BF0837BD4680BD60270500A8270500BC
:1006A0006827050080B582B000AF78607B68002BBA
:1006B00003D07B681B68002B05D1074B074A2A2112
:1006C0000748DEF77AFD7B681B681846EDF7C8FF20
:1006D00000BF0837BD4680BD8C270500B427050044
:1006E0006827050080B588B000AFF860B9607A600F
:1006F0000023FB61FB68DB68BB61BB69883318467C
:10070000FFF7A8FFFB697A68B968B86901F00DFDC9
:100710007861BB6988331846FFF7C4FF7B691846C8
:100720002037BD4680BD80B588B000AFF860B960A5
:100730007A600023FB61FB68DB68BB61BB698833BF
:100740001846FFF787FFFB697A68B968B86901F056
:1007500017FD7861BB6988331846FFF7A3FF7B69F3
:1007600018462037BD4680BD80B58AB002AFF8601C
:10077000B9607A603B600023FB61FB68DB68BB61AA
:10078000BB6988331846FFF765FFFB690193BB6AB5
:1007900000933B687A68B968B86901F019FD78611F
:1007A000BB6988331846FFF77DFF7B691846203701
:1007B000BD4680BD80B588B002AFF860B9607A6090
:1007C0003B60FB68DB687B617B6988331846FFF719
:1007D00041FF3B6A00933B687A68B968786901F029
:1007E00027FD38617B6988331846FFF75BFF3B695B
:1007F00018461837BD4680BD80B58AB004AFF86092
:10080000B9607A603B60FB68DB687B617B69883339
:100810001846FFF71FFFBB6A02937B6A01933B6A8E
:1008200000933B687A68B968786901F02BFD3861FC
:100830007B6988331846FFF735FF3B691846183740
:10084000BD4680BD80B582B000AF78607868EDF7B6
:10085000C3FF00BF0837BD4680BD80B582B000AF82
:1008600078607868FFF7EEFF00BF0837BD4680BDAF
:1008700080B584B000AFF860B9607A607868F0F74E
:1008800070FE034601331A467B68B968F868FEF7C4
:100890007BFF034618461037BD4680BD80B584B047
:1008A00000AFF860B9607A603B1D0422B968F8684F
:1008B000FEF76AFF034618461037BD4680BD80B478
:1008C00085B000AF786039603B68FB60FB685A1CFC
:1008D000FA607A68D2B21A707B68190AFB685A1CEF
:1008E000FA60CAB21A707B68190CFB685A1CFA606D
:1008F000CAB21A707B68190EFB685A1CFA60CAB239
:100900001A7000BF1437BD465DF8047B704780B491
:1009100085B000AF78607B68FB60FB681B789AB29B
:10092000FB6801331B789BB21B029BB213439BB243
:1009300018461437BD465DF8047B704780B483B019
:1009400000AF78607B6818460C37BD465DF8047BC5
:10095000704780B485B000AFF860B9607A6000235A
:1009600018461437BD465DF8047B704780B58AB0E1
:1009700000AFF860B9607A603B60F868FFF7DEFFAF
:1009800078623B6B796B1846FFF7BAFA38623B6ABC
:10099000002B01D100235AE00421386AFFF728FB1D
:1009A000F861F9693868FFF78AFF0021386AFEF7B5
:1009B000BCFEB861BB69002B3CD07B6A5B6B1A46FE
:1009C0000121386AFFF76AFF0346002B34D1082162
:1009D000386AFEF7AAFE78617B69002B2ED0BB68CF
:1009E0001B685B681A460221386AFFF741FF03461D
:1009F000002B25D17A680421386AFFF74FFF0346A0
:100A0000002B1DD10521386AFEF78FFE38613B6946
:100A1000002B17D03B6A0833BA691A603B6A083367
:100A200004337A691A603B6A083308333A691A60FA
:100A30003B6A0CE000BF06E000BF04E000BF02E03C
:100A400000BF00E000BF386AFFF707FF0023184629
:100A50002837BD4680BD80B588B000AF786039606A
:100A60007868FFF76BFFF8613B6808331B68BB6170
:100A70003B68083304331B687B613B6808330833E9
:100A80001B683B6139693868FEF76AFE7969386826
:100A9000FEF766FEB9693868FEF762FE3B68DB69FF
:100AA000FB6004213868FFF72DFB0346002B02D1C1
:100AB0006FF015030CE0F868FFF729FF0346BB60F1
:100AC000FB69DB6A3A68B968184600F0B7FF03466D
:100AD00018462037BD4680BD80B400AF00231846BD
:100AE000BD465DF8047B704780B400AF00BFBD46D3
:100AF0005DF8047B7047000080B485B000AF78607B
:100B000039607B681B88033323F00303FB603B6879
:100B10001B681A46FB68D31A1A463B681A607A6843
:100B2000FB68134418461437BD465DF8047B7047D4
:100B300080B483B000AF78607B68043318460C370C
:100B4000BD465DF8047B704780B483B000AF786029
:100B50007B681B88043B18460C37BD465DF8047B58
:100B6000704780B483B000AF786039603B68032B76
:100B70000BDD7B681B88032B07D97B681B881A4613
:100B80003B68934201DB012300E0002318460C3749
:100B9000BD465DF8047B704780B584B000AF7860D7
:100BA00039607868FFF7C4FFF8603868F0F7D9FC5F
:100BB00003461A46F9683868F0F7FFFB0346184603
:100BC0001037BD4680BD80B582B000AF78607868D0
:100BD000FFF7AEFF03461B6818460837BD4680BDC9
:100BE00080B582B000AF78607868FFF7A1FF034658
:100BF000B3F9003018460837BD4680BD80B582B0D5
:100C000000AF78607868FFF793FF0346D3E90023CD
:100C1000104619460837BD4680BD80B582B000AF8A
:100C200078607868FFF784FF03461B68184608372A
:100C3000BD4680BD80B584B000AFF860B9607A6011
:100C40003B1D0422B968F868FEF79EFD034618466E
:100C50001037BD4680BD80B582B000AF786078683F
:100C6000FFF766FF03461B8818460837BD4680BD60
:100C700080B584B000AFF860B9601346FB80BB1D3F
:100C80000222B968F868FEF77FFD03461846103760
:100C9000BD4680BD80B584B000AFF860B960134632
:100CA000FB80BB1D0222B968F868FEF76DFD0346A4
:100CB00018461037BD4680BD80B582B000AF786061
:100CC0007868FFF735FF03461B7818460837BD469E
:100CD00080BD80B584B000AFF860B9601346FB7189
:100CE000FB1D0122B968F868FEF74EFD0346184661
:100CF0001037BD4680BD80B586B000AFF860B960E2
:100D00007A600221F868FEF710FD78617B69002B9C
:100D100005D1AB4BAB4A2A21AB48DEF74EFA7B68D4
:100D2000002B09D07B68B3F854301A467B68312118
:100D3000F868FEF729FD3861BB68002B00F085815B
:100D4000BB681B781A460121F868FFF7C2FF3861BB
:100D50003B69002B02D06FF0150382E1BB685B7822
:100D60001A460221F868FFF7B4FF38613B69002B8F
:100D700002D06FF0150374E1BB689B781A4603211B
:100D8000F868FFF7A6FF38613B69002B02D06FF0CF
:100D9000150366E1BB68DB781A460421F868FFF7A3
:100DA00098FF38613B69002B02D06FF0150358E1C2
:100DB000BB681B78002B0DD1BB689B881A460621A7
:100DC000F868FFF755FF38613B69002B02D06FF0E0
:100DD000150346E1BB689B681A460721F868FFF7D0
:100DE00029FF38613B69002B02D06FF0150338E111
:100DF000BB68DB681A460821F868FFF71BFF3861FB
:100E00003B69002B02D06FF015032AE1BB685B69D8
:100E10001A460921F868FFF70DFF38613B69002B7E
:100E200002D06FF015031CE1BB681B691A460A214A
:100E3000F868FFF7FFFE38613B69002B02D06FF0C6
:100E400015030EE1BB681B7E1A460D21F868FFF7FB
:100E500040FF38613B69002B02D06FF0150300E1C1
:100E6000BB685B7E1A461421F868FFF732FF3861D1
:100E70003B69002B02D06FF01503F2E0BB689B7E4C
:100E80001A461521F868FFF724FF38613B69002BEB
:100E900002D06FF01503E4E0BB68DB7E1A46162132
:100EA000F868FFF716FF38613B69002B02D06FF03E
:100EB0001503D6E0BB681B7F1A461921F868FFF7B7
:100EC00008FF38613B69002B02D06FF01503C8E0C2
:100ED000BB681D3308222621F868FEF755FC3861EF
:100EE0003B69002B02D06FF01503BAE0BB6893F8A2
:100EF00025301A461F21F868FFF7EBFE38613B6981
:100F0000002B02D06FF01503ABE0BB6893F82630DE
:100F10001A462021F868FFF7DCFE38613B69002B98
:100F200002D06FF015039CE0BB6893F827301A4697
:100F30002121F868FFF7CDFE38613B69002B02D014
:100F40006FF015038DE0BB6893F828301A46222114
:100F5000F868FFF7BEFE38613B69002B02D06FF0E6
:100F600015037EE0BB6893F829301A462321F86800
:100F7000FFF7AFFE38613B69002B02D06FF015031D
:100F80006FE0BB6893F82A301A462B21F868FFF708
:100F9000A0FE38613B69002B02D06FF0150360E0C2
:100FA000BB6893F82B301A462C21F868FFF791FEA6
:100FB00038613B69002B09D06FF0150351E000BF89
:100FC000C427050020280500D4270500BB6893F836
:100FD0002C301A462D21F868FFF77BFE38613B69FB
:100FE000002B02D06FF015033BE0BB6893F82D3067
:100FF0001A462E21F868FFF76CFE38613B69002B1A
:1010000002D06FF015032CE0BB6893F82E301A461F
:101010002F21F868FFF75DFE38613B69002B02D095
:101020006FF015031DE0BB68DB7E012B0DD1BB68A3
:101030001B6B1A463021F868FFF7FCFD38613B69ED
:10104000002B02D06FF015030BE07969F868FEF70A
:1010500087FB38613B69002B02D16FF0150300E07C
:10106000002318461837BD4680BD80B586B000AF56
:101070007860396003217868FEF757FB38613B6977
:10108000002B02D16FF015033BE000237B6127E0CA
:1010900001217868FEF749FBB860BB68002B02D1DC
:1010A0006FF015032DE03B687A6933F812301A4669
:1010B00001217868FFF7EEFDF860FB68002B01D096
:1010C000FB681EE0B9687868FEF74AFBF860FB68C9
:1010D000002B02D16FF0150313E07B6901337B61B4
:1010E0003B681B6A7A699A42D2DB39697868FEF7F5
:1010F00037FBF860FB68002B02D16FF0150300E0AE
:10110000002318461837BD4680BD80B588B002AFB1
:10111000F860B9607A603B603B4B1B68002B10D0D5
:10112000394B1A68384B1B689269DA61364B1A687A
:10113000354B1B6892691A62334B1B6800225A6157
:1011400007E000214FF48060FEF7DAFE03462E4AE6
:1011500013602D4B1B6800211846FEF7E6FA7861F4
:101160007B69002B02D16FF0150348E0264B1B680A
:10117000BA6801211846FFF75DFD38613B69002B15
:1011800001D03B693BE07B68002B02D13B68002B20
:101190000CD01D4B1B683A6879681846FFF7ABFD09
:1011A00038613B69002B10D03B6928E03B6A002B7B
:1011B0000BD0154B1B68396A1846FFF756FF38618C
:1011C0003B69002B01D03B6919E00F4B1B68796923
:1011D0001846FEF7C5FA38613B69002B02D16FF063
:1011E00015030CE0084B1B689B697A6A0192009317
:1011F000FB68064A0021064800F048FE03461846F0
:101200001837BD4680BD00BF84E3002010280500CC
:101210001828050080B582B000AF00237B60002154
:101220000A4800F0DBFD78607B68002B01D07B680A
:1012300007E00023064A0021044800F0F7FD78602B
:101240007B6818460837BD4680BD00BF18280500DA
:101250001028050080B586B002AF78600023BB601F
:101260000023FB6007F10803019300230093002390
:10127000002279680120FFF748FF0346184610371F
:10128000BD4680BD80B586B002AF7860396000236E
:10129000BB603B68FB6007F10803019300230093E8
:1012A0000023002279680220FFF72FFF034618462B
:1012B0001037BD4680BD80B586B002AF7860002390
:1012C000BB600023FB6007F1080301930023009338
:1012D0000023002279680320FFF717FF0346184612
:1012E0001037BD4680BD80B586B002AF7860002360
:1012F000BB600023FB6007F1080301930023009308
:101300000023002279680420FFF7FFFE03461846F9
:101310001037BD4680BD80B586B002AF78603960B9
:101320000023BB600023FB6007F108030193002347
:10133000009300233A6879680520FFF7E6FE03462C
:1013400018461037BD4680BD80B586B002AF7860C4
:1013500039600023BB600023FB6007F108030193A1
:101360003B6800930023002279680620FFF7CDFE3A
:10137000034618461037BD4680BD80B586B002AF23
:10138000786039600023BB600023FB6007F108032D
:1013900001933B6800930023002279680720FFF740
:1013A000B4FE034618461037BD4680BD80B586B0F2
:1013B00002AF786039600023BB600023FB6007F157
:1013C00008030193002300933B68002279680520FD
:1013D000FFF79BFE034618461037BD4680BD80B51B
:1013E0008CB002AF786039607B68002B01D100239C
:1013F0003FE007F10C0000230093204B7A680421A2
:10140000FEF725FD38623B6A002B01D03B6A30E0D5
:10141000002387F827303B69002B06D03B6918462C
:10142000FFF74AFC034687F827303B6897F82720E8
:101430001A70002387F82630BB69002B06D0BB69E1
:101440001846FFF739FC034687F826303B6897F8C3
:1014500026205A700023BB847B69002B05D07B6952
:101460001846FFF7BDFB0346BB843B68BA8C5A8025
:10147000002318462837BD4680BD00BF3828050028
:1014800090B5A3B002AFF860B9607A600023BB6783
:101490007B6800221A60FB68002B02D16FF0730397
:1014A00021E1F868FFF744FBF867F868FFF74CFBA9
:1014B00003467B650AE1BB6F5A1CBA671A46742360
:1014C00003FB02F3BA6813443B6607F110000023E4
:1014D0000093874BFA6F1021FEF7B9FCF865FB6D9E
:1014E000002B01D0FB6DFEE0BB69002B14BF012374
:1014F0000023DAB23B6E1A717B6A002B14BF012302
:101500000023DAB23B6E5A71BB6A002B14BF012371
:101510000023DAB23B6E9A710023A7F876307B691C
:10152000002B06D07B691846FFF795FB0346A7F80A
:1015300076303B6EB7F876201A80002387F8753036
:10154000FB69002B06D0FB691846FFF7B5FB034685
:1015500087F875303B6E97F875209A70002387F8EE
:1015600074303B6A002B06D03B6A1846FFF7A4FB99
:10157000034687F874303B6E97F87420DA700023C6
:101580003B67FB6A002B04D0FB6A1846FFF71BFB86
:1015900038673B6E3A6F9A600023A7F86E30FB6B9A
:1015A000002B06D0FB6B1846FFF755FB0346A7F848
:1015B0006E303B6EB7F86E209A810023A7F86C302E
:1015C0003B6C002B06D03B6C1846FFF744FB0346F0
:1015D000A7F86C303B6EB7F86C20DA81002387F8EF
:1015E0006B30BB6C002B06D0BB6C1846FFF764FB5E
:1015F000034687F86B303B6E97F86B205A740023D4
:1016000087F86A307B6C002B06D07B6C1846FFF79E
:1016100053FB034687F86A303B6E97F86A201A74CA
:1016200000237B66FB6C002B04D0FB6C1846FFF795
:10163000F4FA78663B6E7A6E1A673B6D002B17D012
:101640003B6DBB65B86DFFF77FFA03469AB23B6E00
:10165000A3F86E203B6E03F11A04B86DFFF768FA29
:1016600001463B6EB3F86E301A462046EFF7D4FEC3
:101670003A6B3B6E123319461046FFF7B0FEF86521
:10168000FB6D002B01D0FB6D2DE07A6B3B6E1233AE
:1016900019461046FFF7A3FEF865FB6D002B01D03D
:1016A000FB6D20E0BA6B3B6E163319461046FFF710
:1016B00096FEF865FB6D002B01D0FB6D13E007F182
:1016C00054031946F86FFFF717FAF8677B6D194650
:1016D000F86FFFF746FA0346002B7FF4ECAE7B6809
:1016E000BA6F1A60002318468437BD4690BD00BF0C
:1016F0008828050080B590B002AF786039607B68BB
:10170000002B02D16FF015034FE007F10800002312
:101710000093284B7A680521FEF799FB38623B6AF3
:10172000002B01D03B6A40E0FB68002B14BF012373
:101730000023DBB21A463B681A7000237B633B69C7
:10174000002B04D03B691846FFF767FA78633B68C3
:101750007A6B9A604FF000024FF00003C7E90A234A
:101760007B69002B05D07B691846FFF747FAC7E96C
:101770000A013968D7E90A23C1E9042300237B62FF
:10178000BB69002B04D0BB691846FFF746FA7862A4
:101790003B687A6ADA60F8693B6803F11C013B68D0
:1017A00018331A46FFF76CFE034618463837BD4615
:1017B00080BD00BF9829050080B58AB002AF78606F
:1017C000396007F1080000230093124B7A68042166
:1017D000FEF73DFBF861FB69002B01D0FB6915E0CA
:1017E000BB69002B02D0FB68002B02D16FF0150300
:1017F0000CE0FB681846FFF710FA02463B685A6097
:10180000BB6939681846FFF775FF0346184620374D
:10181000BD4680BDF829050080B59AB002AF78605A
:1018200039607B68DA6907F1240000230093224BBA
:101830000D21FEF70CFBF865FB6D002B01D0FB6D55
:1018400035E07B6C002B02D16FF015032FE07A6C32
:1018500007F10C0000230093184B0521FEF7F7FA5F
:10186000F865FB6D002B01D0FB6D20E07B69002B40
:1018700007D07B6912491846FFF78EF90346002B03
:1018800002D06FF0150312E0FB69002B06D0FB6954
:101890001846FFF7C2F90346082B02D06FF0150374
:1018A00005E03B6A39681846FFF786FF034618468D
:1018B0006037BD4680BD00BF482A0500282B0500C3
:1018C0001028050080B582B000AF78607868ECF72A
:1018D00083FF00BF0837BD4680BD80B582B000AF32
:1018E00078607868FFF7EEFF00BF0837BD4680BD1F
:1018F00080B584B000AF786039607B68803319466A
:101900000120ECF755FF0346FB60FB68002B01D17B
:1019100000230DE0FB6803F18002FB68DA60FB68DE
:1019200003F11802FB681A61FB683A681A62FB68E7
:1019300018461037BD4680BD80B584B000AF7860D2
:101940007B68FB60F868FFF7BDFF00BF1037BD463E
:1019500080BD80B485B000AF78607B68FB60054ACD
:10196000FB681360002318461437BD465DF8047BFE
:10197000704700BF88E3002080B483B000AF786078
:10198000084B1B6800229A62064B1B680022DA6231
:10199000044B00221A6000BF0C37BD465DF8047B83
:1019A000704700BF88E3002080B586B000AFF860C4
:1019B000B9601346FB710B4B1B6824337B617B6959
:1019C0009B68002B03D1B868FFF787FF06E07B69AF
:1019D0009B687A691268B968104698471837BD46FF
:1019E00080BD00BF88E3002080B483B000AF786082
:1019F00000BF0C37BD465DF8047B704780B586B0EC
:101A000000AFF860B9601346FB710B4B1B682433C1
:101A10007B617B695B68002B07D07B695B687A69B7
:101A20001268B9681046984702E0B868FFF755FF9A
:101A300000BF1837BD4680BD88E3002080B586B062
:101A400000AFF860B9607A6000237B610D4B1A68C3
:101A5000BB680633DB0013443B613B695B68002BCA
:101A600003D16FF06E037B6106E03B695B683A6906
:101A700012687968104698477B6918461837BD4642
:101A800080BD00BF88E3002080B582B000AF08F0C1
:101A90009BFA78607B68002B01D07B6802E004F041
:101AA00051FA034618460837BD4680BD80B500AFE1
:101AB00004F07AFA08F0E8FA00BF80BD80B500AF04
:101AC0000A4B1B68002B05D1094B0A4A9D210A4885
:101AD000DDF773FB054B1B681B6A5B68034A1268E2
:101AE000104698470346184680BD00BF88E3002093
:101AF000882B0500D82B0500942B050080B500AF7E
:101B0000094B1B68002B05D1084B094AA321094842
:101B1000DDF753FB044B1B681B6A9B68024A126883
:101B20001046984700BF80BD88E30020882B050041
:101B3000E82B0500942B050080B586B000AFF86057
:101B4000B9607A600D4B1B68002B05D10C4B0D4A18
:101B5000AA210D48DDF731FB084B1B6824337B615C
:101B60007B69FA681A607B69BA685A607B697A682F
:101B70009A6000BF1837BD4680BD00BF88E30020D3
:101B8000882B0500F42B0500942B050080B487B04A
:101B900000AFF860B9607A60BB680A2B02D96FF0B9
:101BA00021030DE0094B1A68BB680633DB001344C0
:101BB0007B617B697A685A607B69FA681A600023E6
:101BC00018461C37BD465DF8047B704788E300204B
:101BD00080B582B000AF78600C4B1B68002B05D13C
:101BE0000B4B0C4ABD210C48DDF7E7FA074B1B688D
:101BF0001B6A5B6B054A126810467A6852B211463E
:101C00009847034618460837BD4680BD88E3002044
:101C1000882B0500142C0500942B050080B582B09C
:101C200000AF78600B4B1B68002B05D10A4B0B4AA9
:101C3000C3210B48DDF7C1FA064B1B681B6A1B6901
:101C4000044A1268796810469847034618460837D0
:101C5000BD4680BD88E30020882B0500302C0500A0
:101C6000942B050080B582B000AF7860074B1B68ED
:101C70001B6A9B69054A126810467A68D2B2042131
:101C80009847034618460837BD4680BD88E30020C4
:101C900080B588B000AF0346FB800E4B1B68002B5D
:101CA00005D10D4B0D4ACF210D48DDF786FAFB8893
:101CB0003B81084B1B681B6ADB69064A12681046A9
:101CC00007F1080104229847034618462037BD460D
:101CD00080BD00BF88E30020882B0500402C050054
:101CE000942B050080B588B000AF0346FB800E4BF7
:101CF0001B68002B05D10D4B0D4AD8210D48DDF78F
:101D00005CFAFB887B81084B1B681B6ADB69064A0F
:101D10001268104607F10801012298470346184649
:101D20002037BD4680BD00BF88E30020882B05001A
:101D3000542C0500942B050080B588B000AFC7E98E
:101D400000010F4B1B68002B05D10E4B0E4AE12101
:101D50000E48DDF732FAD7E90023C7E90423084B20
:101D60001B681B6ADB69064A1268104607F1080106
:101D700002229847034618462037BD4680BD00BF63
:101D800088E30020882B05006C2C0500942B0500AF
:101D900080B582B000AF0346FB710C4B1B68002B73
:101DA00005D10B4B0B4AE9210B48DDF706FA074B2F
:101DB0001B681B6A9B6B054A12681046FA7911462C
:101DC0009847034618460837BD4680BD88E3002083
:101DD000882B0500882C0500942B050080B582B067
:101DE00000AF78603960064B1B683A68796818461E
:101DF000FEF778FC034618460837BD4680BD00BF95
:101E000088E3002080B582B000AF78603960064B6F
:101E10001B683A6879681846FEF785FC0346184641
:101E20000837BD4680BD00BF88E3002080B586B07E
:101E300002AFF860B9607A603B60074B1B681846D8
:101E40003B6800937B68BA68F968FEF78DFC03462F
:101E500018461037BD4680BD88E3002080B586B0A7
:101E600002AFF860B9607A603B60074B1B681846A8
:101E70003B6800937B68BA68F968FEF79BFC0346F1
:101E800018461037BD4680BD88E3002080B588B075
:101E900004AFF860B9607A603B60094B1B68184674
:101EA000FB690293BB6901933B6800937B68BA6846
:101EB000F968FEF7A1FC034618461037BD4680BD01
:101EC00088E3002080B400AF024B1846BD465DF8A1
:101ED000047B7047CC2B050080B483B000AF7860E2
:101EE0007B687A681A607B681A687B685A6000BFF2
:101EF0000C37BD465DF8047B704780B485B000AFF9
:101F0000786039607B68FB603B68BB60BB681A46E1
:101F1000FB68BFF35B8F1A60BFF35B8F00BF1437A2
:101F2000BD465DF8047B704780B483B000AF786035
:101F300039607A683B68D31ADB0FDBB218460C377E
:101F4000BD465DF8047B704780B483B000AF786015
:101F5000396000BF0C37BD465DF8047B704780B424
:101F600083B000AF7860396000BF0C37BD465DF8C4
:101F7000047B704780B485B000AFF860B9607A60C8
:101F80003B6000BF1437BD465DF8047B704780B4EA
:101F900085B000AFF860B9607A6000BF1437BD4605
:101FA0005DF8047B704780B485B000AFF860B9601D
:101FB0007A603B6000BF1437BD465DF8047B704714
:101FC00080B483B000AF7860396000BF0C37BD4685
:101FD0005DF8047B704780B485B000AFF860B960ED
:101FE0007A603B6000BF1437BD465DF8047B7047E4
:101FF00080B582B000AF7860786808F0C3FB7B687A
:102000001B6E002B07D07B681B6E184608F0F8FE8D
:102010007B6800221A6600BF0837BD4680BD80B5C8
:1020200082B000AF78607B68002283F864207B6810
:10203000002283F865207B6868331846FFF74CFF61
:102040007B68703300211846FFF757FF7B6800223A
:102050005A6700BF0837BD4680BD80B582B000AF6B
:1020600078607B6868331846FEF7D4F87B68703375
:1020700000211846FFF741FF00BF0837BD4680BD6D
:1020800080B584B000AF78607B681B6E002B0BD1ED
:10209000002300220F49786800F047F8F860FB68D9
:1020A000002B01D0FB6811E07B68012283F89020AF
:1020B0007B689B6F5B6A786898477B6893F8913080
:1020C000002B01D0002301E06FF004031846103705
:1020D000BD4680BDA42C050080B582B000AF7860FD
:1020E0007B68002283F890207B689B6F5B6A78682E
:1020F000984700BF0837BD4680BD80B582B000AFAD
:1021000078607B681B6E184608F08EFE00BF0837AB
:10211000BD4680BD80B582B000AF78607868FFF7BB
:1021200067FF00BF0837BD4680BD80B586B000AFF1
:10213000F860B9607A603B60B968F868FFF704FF3F
:10214000FB6893F89130002B02D06FF00F0313E07F
:102150003B687A68B968F86808F0ECFD78617B69DB
:10216000002B02D16FF0150306E0F868FFF740FF7F
:10217000FB687A691A66002318461837BD4680BD89
:1021800080B586B000AFF860B9607A603B60B9682E
:10219000F868FFF7E4FEFB681B6E7B617B69002B30
:1021A00009D07B691B685B68B9681846EFF7B2F91C
:1021B0000346002B02D06FF0150305E03A687968FA
:1021C000786908F048FE034618461837BD4680BDBA
:1021D00080B588B002AFF860B9607A603B603B6858
:1021E0007A68B968F868FFF7C5FEFB681B6E7B610B
:1021F0007B69002B0CD07B691B685B68B96818464B
:10220000EFF788F90346002B02D13B68002B02D17F
:102210006FF0150308E07B6A00933B6A3A687968BF
:10222000786908F037FE034618461837BD4680BD6A
:1022300080B586B000AFF860B9607A603B607A68BC
:10224000B968F868FFF7A3FEFB681B6E7B617B69CA
:10225000002B09D07B691B685B68B9681846EFF7EB
:1022600059F90346002B02D06FF0150306E03B6AD4
:102270003A687968786908F02BFE034618461837E3
:10228000BD4680BD80B588B002AFF860B9607A60A5
:102290003B603B6A00933B687A68B968F868FFF76F
:1022A00082FEFB681B6E7B617B69002B0CD07B6917
:1022B0001B685B68B9681846EFF72CF90346002BDA
:1022C00002D13B68002B02D16FF015030AE0BB6A14
:1022D00001937B6A00933B6A3A687968786908F0F1
:1022E00013FE034618461837BD4680BD80B588B03A
:1022F00000AF786039607B684C337B617B691B6819
:102300003A68D31A3B610023FB767B699A687B6944
:102310001B6919460B465B000B449B001344FB6191
:1023200025E07B691B695A1C7B691A610123FB76D6
:102330007B691B691A467B69DB689A420CD3396852
:10234000786808F036FAF860FB68002B02D06FF06E
:102350005E0319E0012317E07B699A687B691B69BA
:1023600019460B465B000B449B001344FB61FB6961
:102370009B68002B07D0FB695B683A69D21AFB693E
:102380009B689A42CDDAFB7E18462037BD4680BD59
:1023900090B58FB002AF786039607B684C337B6258
:1023A0007B68002283F8642039687868FFF708FEAC
:1023B0007B6893F86530002B06D0786808F0E2F966
:1023C0007B68002283F865207B6ADB68002B0CD1D8
:1023D0003968786808F0EDF938623B6A002B01D063
:1023E00000235FE00123BB620AE000BF3968786820
:1023F000FFF77CFFB862BB6A002B01DA002351E0D3
:102400007B6A9A687B6A1B6919460B465B000B4422
:102410009B001344FB61FB691B68BB61BB6A002B1B
:102420000ED07B6A1B68FA69526813447B61796934
:102430003868FFF779FD0346002B01D07B693B60CC
:10244000FB699B683B613B69002B08D07B6A1B687A
:102450003A68D31AFA6952689B1AFB6201E00023BA
:10246000FB623B690093FB6A3A68B9697868FFF7D9
:10247000B2FDBB691B685C6A3B69FA6A3968B86976
:10248000A047F860FB68002B0BD1FB6A002B08D03B
:10249000FB699B681A463B681A44FB6AD31A3B6087
:1024A000A4E7FB6818463437BD4690BD80B582B0BE
:1024B00000AF78607B6893F8643083F00103DBB28F
:1024C000002B04D07B689B6F5B6A7868984700BFDD
:1024D0000837BD4680BD80B483B000AF78607B68AC
:1024E000012283F8642000BF0C37BD465DF8047BF1
:1024F000704780B582B000AF78607B68012283F8B6
:1025000065207B689B6F5B6A7868984700BF0837D7
:10251000BD4680BD80B582B000AF78603960786814
:10252000ECF758F9034618460837BD4680BD80B51C
:1025300082B000AF78607868ECF74EF900BF0837DA
:10254000BD4680BD80B582B000AF78607868FFF787
:10255000EEFF00BF0837BD4680BD80B483B000AF3A
:1025600078607B681B687A689A420CBF012300235D
:10257000DBB218460C37BD465DF8047B704780B56A
:1025800082B000AF78607868FFF7DCFF00BF0837E3
:10259000BD4680BD80B483B000AF78607B68BFF378
:1025A0005B8F53E8002F02F1FF3243E8002100293E
:1025B000F7D1BFF35B8F00BF0C37BD465DF8047BDE
:1025C000704780B483B000AF78607B6818460C37E2
:1025D000BD465DF8047B704780B483B000AF78607F
:1025E0007B6818460C37BD465DF8047B704780B4A5
:1025F00083B000AF78607B68083B18460C37BD4657
:102600005DF8047B704780B483B000AF78607B686E
:10261000103B18460C37BD465DF8047B704780B50B
:1026200086B000AFF860B9607A603B60F868FFF789
:10263000EAFF78617B695B681846FFF7C2FF386183
:102640003B69D86A3B6893F832301A467968FFF7DD
:10265000ABF900BF1837BD4680BD80B584B000AF70
:10266000786039607868FFF7CEFFF860FB685B68D8
:102670001846FFF7A6FFB860BB6868331846FDF739
:10268000A5FD034618461037BD4680BD80B586B00F
:1026900000AFF860B9607A60FB70F868FFF7B3FFCD
:1026A00078617B695B681846FFF78BFF3861FB78C0
:1026B000012B23D13B695B6F5A1C3B695A673B690D
:1026C0005B6F3A6992F9A420934206DC3B69683358
:1026D00079681846FDF748FD29E03B6900225A67F2
:1026E0003B69DB6A1846FFF77FF97868FFF747FF19
:1026F0003B6970331846FFF74DFF18E0FB78022B5B
:1027000006D13B69683379681846FDF72DFD0EE068
:102710003B6900225A673B69DB6A002279681846E8
:10272000FFF76CF93B6970331846FFF733FF00BFC2
:102730001837BD4680BD80B483B000AF786000BF5D
:102740000C37BD465DF8047B704780B586B000AF9E
:10275000F860B9607A603B60F868FFF748FF78611D
:102760007B695B681846FFF72CFF38613B6968336B
:102770001846FFF7F2FE0346002B01D0012200E0CD
:1027800002227B691A747B69034A5A617B691033A0
:1027900018461837BD4680BDA026002080B584B0FD
:1027A00000AF786000214820FFF7B4FEF860FB68B6
:1027B000002B01D1002306E0FB687A685A60FB68B1
:1027C000034A9A60FB6818461037BD4680BD00BFBB
:1027D000B026002080B584B000AF78607868FFF73D
:1027E000FBFEF860F868FFF7A2FE00BF1037BD4699
:1027F00080BD80B588B000AFF860B9607A60F868D5
:10280000FFF7EAFEF861BB681B681946B86808F074
:1028100035F8B861BB69002B14BF01230023DBB27C
:102820007B61BB69002B05D01F4B204AAD2120489E
:10283000DCF7C3FC7B69002B14BF01230023DBB250
:10284000002B01D0BB692AE04FF0FF320021B868AD
:1028500008F03BF8B861BB69002B14BF01230023CB
:10286000DBB23B61BB69002B05D00F4B0F4AB22195
:102870000F48DCF7A2FC3B69002B14BF01230023A7
:10288000DBB2002B01D0BB6909E0FB6903F1080151
:1028900000230022B86808F078F8B861BB691846D0
:1028A0002037BD4680BD00BFB42C0500F82C0500C4
:1028B000BC2C050080B500AF024808F085F903463E
:1028C000184680BDD826002080B500AF024808F029
:1028D0001BFA00BF80BD00BFD826002080B582B0A3
:1028E00000AF786039607868EBF774FF03461846EC
:1028F0000837BD4680BD80B582B000AF786078688B
:10290000EBF76AFF00BF0837BD4680BD80B483B0D7
:1029100000AF78607B6818460C37BD465DF8047BD5
:10292000704780B584B000AF786000210C20FFF7BD
:10293000D5FFF860FB68002B01D1002306E0FB689F
:102940007A685A60FB6800229A60FB681846103764
:10295000BD4680BD80B584B000AF78607868FFF771
:10296000D5FFF860FB689B68002B07D0FB685A68AE
:10297000FB689B681946104609F004FFF868FFF7EA
:10298000BAFF00BF1037BD4680BD80B584B000AF30
:1029900078607868FFF7BAFFF860FB689B68002BE7
:1029A00007D0FB685A68FB689B681946104609F017
:1029B000FEFE00BF1037BD4680BD80B586B000AFBB
:1029C000F860B9607A603B60F868FFF79FFF786154
:1029D000BB68002B02D06FF001031DE07B699B6890
:1029E000002B07D07B695A687B699B6819461046A3
:1029F00009F0C8FE7B6958683B6A3A68796809F053
:102A00005BFE02467B699A607B699B68002B02D162
:102A10006FF0150300E0002318461837BD4680BD4F
:102A200080B588B002AFF860B9607A603B60F86842
:102A3000FFF76CFF78617B699B68002B02D16FF018
:102A400001031BE0BB68002B0AD17B699B681B68F4
:102A50005B6819467868EEF75DFD0346002B02D0EF
:102A60006FF015030AE07B6958687B6999687B6A97
:102A700000933B6A3A6809F0CEFE034618461837C1
:102A8000BD4680BD80B588B000AFF860B9607A609F
:102A9000F868FFF73BFFF861FB699B68002B02D1E8
:102AA0006FF001034AE0BB681B681946B86807F07D
:102AB000E5FEB861BB69002B14BF01230023DBB224
:102AC0007B61BB69002B05D01E4B1F4A8C211F4820
:102AD000DCF773FB7B69002B14BF01230023DBB2FF
:102AE000002B01D0BB6929E04FF0FF320021B8680C
:102AF00007F0EBFEB861BB69002B14BF0123002374
:102B0000DBB23B61BB69002B05D00E4B0E4A912115
:102B10000E48DCF752FB3B69002B14BF0123002356
:102B2000DBB2002B01D0BB6908E0FB699968002388
:102B30000022B86807F029FFB861BB691846203742
:102B4000BD4680BD282D05006C2D0500302D0500EB
:102B500080B500AF024808F037F80346184680BD3C
:102B60000C27002080B500AF024808F0CDF800BF68
:102B700080BD00BF0C27002080B582B000AF786018
:102B80007868EBF729FE00BF0837BD4680BD80B5E9
:102B900082B000AF78607868FFF7EEFF00BF0837BB
:102BA000BD4680BD80B483B000AF78607B681846B6
:102BB0000C37BD465DF8047B704780B483B000AF2E
:102BC00078607B68083B18460C37BD465DF8047B8F
:102BD000704780B483B000AF78607B68D3F850361C
:102BE0007A68126A02FB03F318460C37BD465DF89B
:102BF000047B704780B485B000AF786039603B6873
:102C0000FB607B68190EFB685A1CFA60CAB21A7026
:102C10007B68190CFB685A1CFA60CAB21A707B6890
:102C2000190AFB685A1CFA60CAB21A70FB685A1C6F
:102C3000FA607A68D2B21A7000BF1437BD465DF8E8
:102C4000047B704780B584B000AF03463960FB80D9
:102C50003B6840F2FA2202FB03F31A4A82FB03129A
:102C60009211DB17D31AFB81174BB3F90020B7F988
:102C700006301146184609F036FE03461A46B7F9E3
:102C80000E301946104609F0FFFD0346BB81B7F927
:102C90000C30B3F5006F07DCB7F90C300B4A9342E8
:102CA000B8BF13461BB201E04FF40063BB81B7F914
:102CB0000C30184609F095FE034618461037BD46FD
:102CC00080BD00BFD34D6210DC2D050000F8FFFF72
:102CD00090B599B000AFF860B9607A603B60BB68AE
:102CE0000C337B650023FB65BB6893F838303B658C
:102CF00097F87C30002B31D03868BB6803F5D5637A
:102D000010221946EEF788FB3B6F1B681A463B689A
:102D1000083319461046FFF76DFF3B6803F11000BA
:102D2000BB6803F5D76310221946EEF775FB3B68C5
:102D300001221A623B6840225A623B6800229A6272
:102D40003B680022DA623B6800221A633B6800227B
:102D50005A633B6800229A633B68FB6597F87830BA
:102D6000002B55D0012387F85B3097F87C30002B7F
:102D700032D03B6F9A6813469B0013445B0103F506
:102D8000B4531833FA681344FB64FB6858683B6F0C
:102D90001A693B6F1B7B1C46796F07F0BAF8024635
:102DA0000B46F86CE1000144C1E9002397F85B3061
:102DB00043F0040387F85B303B6D032B06D197F893
:102DC0005B3043F0300387F85B3005E097F85B3009
:102DD00043F0100387F85B303B6F19697B681A4634
:102DE0000023136053609360D36013615361936158
:102DF0007B6801221A707B687A6F5A607B6897F84B
:102E00005B201A747B6859617B68FA6D9A6149E0AE
:102E1000012387F85A300023A7F8583097F87C3000
:102E2000002B21D097F85A3043F0040387F85A302A
:102E30003B6D032B06D197F85A3043F0300387F8E7
:102E40005A3005E097F85A3043F0100387F85A30AB
:102E50007B6D93F8C935002B02D040F2C22301E00C
:102E600040F20223A7F858303B6F5B69D9B27B6808
:102E70001A460023136053609360D360136153615B
:102E800093617B687A6F5A607B6897F85A201A734F
:102E90007B680A465A737B68B7F858201A827B68A9
:102EA000FA6D9A6100BF6437BD4690BD80B483B0AF
:102EB00000AF786039603B685B8F03F40073002BD0
:102EC00001D1002307E03B6893F83530982B01D8F7
:102ED000002300E0012318460C37BD465DF8047B53
:102EE000704780B590B002AFF860B9607A603B601F
:102EF000FB6803F58E5308331B683B633B6B0C3355
:102F0000FB62BB689A6813469B0013445B0103F5A0
:102F1000B4531833FA681344BB6207F1100300225C
:102F20001A605A609A60DA603B68002B00F0AB8050
:102F30003968F868FFF7BAFF034683F00103DBB294
:102F4000002B40F0A0803B685B8F03F04003002B18
:102F500014BF0123002387F827303B685B8F03F001
:102F60000203002B14BF0123002387F8263097F8B3
:102F70002730002B54D03B685B8F03F08003002B7D
:102F800014BF0123002387F825303B681B6A7B842C
:102F90003B685A6AB7F9223011461846FFF752FECD
:102FA00003463B84FB6A93F8CF351A46BB685B69DE
:102FB0009A4203D1BB6A24337B630EE0FB6A93F829
:102FC000D0351A46BB685B699A4203D1BB6A2C3381
:102FD0007B6302E0BB6A1C337B637B6B01229A71CB
:102FE000BB685B69DAB27B6B5A71B7F9223018465D
:102FF00009F068FD03461A467B6B1A80B7F920304A
:10300000184609F05FFD03461A467B6B5A8097F815
:103010002530002B04D03B6893F834207B6B1A7169
:1030200097F82630002B0BD0BB681B7B19463B68FA
:10303000D3E90223B86AC9000144C1E9002303E0CF
:10304000BB6A012283F83C207B68002B23D007F168
:10305000100300220192002200927A68B968F86891
:1030600002F073FB0346002B0FD107F110037A68BF
:10307000B968F86802F084FA034683F00103DBB212
:10308000002B08D002E000BF00E000BFBB6A0122B5
:1030900083F83C2000E000BF3837BD4680BD80B5D6
:1030A00098B004AFF860B9607A603B60BB689A681A
:1030B00013469B0013445B0103F5B4531833FA68BD
:1030C00013443B64FB6803F58E5308331B68FB64B1
:1030D0000023BB6207F1180300221A605A609A604D
:1030E000DA603B68002B00F0BE803B685B8F03F02A
:1030F0000103002B00F0B780FB6C93F80C37002B1A
:1031000001D0002301E007F1280307F11802019321
:1031100007F11403009313467A68B968F86802F05F
:1031200014FB0346002B40F09280BB6A002B0FD0AB
:10313000BA6AFB6803F58E5308331A60FB6803F51F
:103140008E5308331B68FB64F96CF86800F009FDC6
:1031500007F1100307F118027968F86801F0DCFE46
:10316000034683F00103DBB2002B72D17A693B681E
:103170001B68F96CF86804F089FB0023BB64012329
:103180007B6450E07A6C13465B001344DB0003F56C
:103190008E530833FA6813440433FB637A6C134686
:1031A000DB009B1A9B004033FA681344BB637A6CC4
:1031B00013461B019B1A9B0003F5BA63FA6813447C
:1031C00004337B63FB6B5B68B3F1FF3F14BF0123E8
:1031D000002387F83330FB6B1B7B022B94BF01234A
:1031E000002387F832303B681B68FA6C9269F96BF0
:1031F000096801FB02F21344FB62FB6B1B68BB64B2
:1032000097F83230039397F833300293FB6A0193B7
:10321000FB6B00937B6BBA6BF96CF868FFF758FD9A
:103220007B6C01337B647A6C3B699A42AAD33B681E
:103230001A68FB681A61FB6C9B69BA6C013202FB6D
:1032400003F2FB685A613A69FB689A6110E000BFBB
:1032500000E000BF3B681A68FB681A61FB6C9A6962
:10326000FB685A6100E000BF3B6C012283F83C2000
:103270005037BD4680BD80B58CB002AFF860B960F4
:103280007A603B60BB689A6813469B0013445B01FD
:1032900003F5B4531833FA6813447B6207F114033F
:1032A00000221A605A609A60DA603B68002B1BD0DB
:1032B00007F1140300220192002200927A68B96893
:1032C000F86802F042FA0346002B0FD107F114030D
:1032D0007A68B968F86801F0C9FF034683F0010312
:1032E000DBB2002B08D002E000BF00E000BF7B6A29
:1032F000012283F83C2000E000BF2837BD4680BD96
:1033000080B58CB002AFF860B9607A603B60BB6892
:103310009A6813469B0013445B0103F5B4531833BA
:10332000FA6813447B6207F1140300221A605A60A2
:103330009A60DA603B68002B1BD007F1140300226F
:103340000192002200927A68B968F86802F0FDF9EB
:103350000346002B0FD107F114037A68B968F868A7
:1033600002F09BF8034683F00103DBB2002B08D088
:1033700002E000BF00E000BF7B6A012283F83C202E
:1033800000E000BF2837BD4680BD80B588B000AFE3
:10339000F860B9607A603B60F868FFF70EFCF8618E
:1033A000BA6813465B001344DB0003F58E53083301
:1033B000FA6913440433BB61FB6903F58E53083388
:1033C0001B687B61BB691B7B062B2DD801A252F8C1
:1033D00023F000BFF1330400F1330400F1330400A3
:1033E000FF3304000D3404001B3404003B3404009C
:1033F0003B687A68B969F869FFF773FD1EE03B68BE
:103400007A68B969F869FFF74AFE17E03B687A689D
:10341000B969F869FFF72FFF10E03B687A68B9696E
:10342000F869FFF76DFF09E001233B611F4B204A5C
:1034300040F289111F48DBF7C0FE00BF7B68002BFC
:1034400002D07868FFF7A3FBBB699A68F969134655
:103450009B0013445B010B4403F5B65314331B78F4
:10346000002B1ED07B691B7B002B15D0BB691B7BFF
:10347000022B16D8FB6903F502531C331B685A1E36
:10348000FB6903F502531C331A60FB6903F5025311
:103490001C331B68002B04D1BB6801331A46FB6840
:1034A0001A6100BF2037BD4680BD00BF9C2D0500BE
:1034B000E02D0500A42D050080B588B000AF786030
:1034C00039607868FFF779FBF8613A6813465B006A
:1034D0001344DB0003F58E530833FA6913440433B5
:1034E000BB61FB6903F58E5308331B6893F83830D2
:1034F0007B617B69032B05D1BB691B7B022B01D848
:1035000000236FE0FB695B6800227F21184605F00D
:1035100059FE38613B69002B0CBF01230023DBB24D
:10352000FB603B69002B06D1304B314A4FF4D3711D
:103530003048DBF742FEFB68002B14BF0123002359
:10354000DBB2002B01D000234CE03A69B969F8697D
:1035500000F0C4FFBB691B7B062B28D801A252F8E0
:1035600023F000BF8135040081350400C735040015
:103570008B35040097350400A3350400C7350400DB
:103580003969F86901F0A2FA1EE03A69B969F86987
:1035900001F048F818E03A69B969F86901F0C8F82B
:1035A00012E03A69B969F86901F0AEF90CE03869DE
:1035B000FFF7EDFA0123BB600F4B0D4A4FF4DF71AB
:1035C0000C48DBF7FAFD00BF3A69B969F86902F007
:1035D00048F80346002B04D03869FFF7D8FA0023D7
:1035E00000E03B6918462037BD4680BDD42D05005C
:1035F000F02D0500A42D05009C2D050080B586B09A
:1036000000AFF860B9607A60FB70F868FFF7D5FA30
:1036100038617868FFF7BBFAFB78022B19D10023D9
:103620007B610EE039697A6913469B0013445B01A4
:103630000B4403F5B653143301221A707B6901332E
:103640007B613B6903F5025318331B687A699A4220
:10365000E8DB00BF1837BD4680BD80B584B000AF41
:1036600078607868FFF7A9FAF860FB6803F58E5375
:1036700008331B68BB60BB68002B0AD0B968F868C8
:1036800004F04FF9FB6803F58E53083300221A60EB
:1036900000E000BF1037BD4680BD80B485B000AFEC
:1036A00078607B680833FB60FB6800221A70FB6857
:1036B000054A5A60FB680022DA60FB681846143736
:1036C000BD465DF8047B70474027002080B485B07C
:1036D00000AF03463960FB71FB791B0243F4803273
:1036E000FB791343FB603B680133FA6822FA03F36A
:1036F000BB60BB6893FAA3F2B2FA82F2002B01D14D
:103700004FF0FF3201323B6813445A4203F0070383
:1037100002F0070258BF534218461437BD465DF801
:10372000047B704780B584B000AF78607B680C3351
:10373000FB60FB6893F8D1257B68D3F858361946AF
:103740001046FFF7C3FF02467B68C3F85826FB68A4
:1037500093F8D235012B16D0022B23D0FB6893F8B7
:10376000CE257B68D3F85C3619461046FFF7AEFFCE
:1037700002467B68C3F860267B68D3F860267B68C6
:10378000C3F85C262CE0FB6893F8CF351A467B68BB
:10379000C3F85C26FB6893F8D0351A467B68C3F8FB
:1037A00060261DE07B68D3F85C36FA6892F8CF2576
:1037B000934207D1FB6893F8D0351A467B68C3F86B
:1037C0005C2606E0FB6893F8CF351A467B68C3F8A1
:1037D0005C267B68D3F85C267B68C3F8602600BF54
:1037E00000BF1037BD4680BD80B58CB000AFF8601B
:1037F000B9607A60FB685B68184606F036FB0346E2
:10380000FB85BB681B8A4FF6FF72934218D0BB68DA
:103810001B8AFA8D9A4213D0BB68198A7B681833C9
:1038200000221A605A609A60DA601A615A617B68F5
:103830000A465A837B6801221A63BB681B8A03E02D
:103840007B6800221A63FB8D18463037BD4680BD69
:1038500090B591B004AF786039603B6803F543736D
:10386000BB610023FB617B6808337B617A6939683F
:103870007868FFF7B9FF03461A467B6803F50253E1
:1038800020331A80BB69D3F8C032012B02D1BB6947
:103890009A8801E04FF6FF727B6803F502532233EA
:1038A0001A807B6903221A707B69814A5A603B68DF
:1038B000D3F840463868FFF78CF902463B689B69AD
:1038C00003FB02F3E2187B699A607B6803F1400214
:1038D0007B695A613868FFF725FFBB69D3F8C032AE
:1038E0001A467B6803F5025318331A60BB69D3F894
:1038F000C0321A467B6803F502531C331A607B689A
:1039000003F5B4531833BB627B6803F502531833D5
:103910001B681A4613469B0013445B011A4600219C
:10392000B86AEDF7A2FD7B6803F58E530C33FB629A
:10393000FB695A1CFA61FA6A1360FB6A4FF0FF32A6
:103940005A60FB6A00229A603B68D3F85826FB6AEB
:103950001A61FB6A03221A73FB6A1833FB62FB6964
:103960005A1CFA61FA6A1360FB6A4FF0FF325A6020
:10397000FB6A00229A603B68D3F85826FB6A1A61FA
:10398000FB6A00221A73FB6A1833FB6200237B6216
:1039900025E0BA697B6A2C2101FB03F3134404334D
:1039A0001A88BB6A5A87BB6AA033BB62FB695A1C80
:1039B000FA61FA6A1360FB6A7A6A5A60FB6A7A6A89
:1039C0009A603B68D3F85C26FB6A5A61FB6A012265
:1039D0001A73FB6A1833FB627B6A01337B627B6874
:1039E00003F5025318331B687A6A9A42D1DBFB69EC
:1039F0005A1CFA61FA6A1360FB6A4FF0FF325A6090
:103A0000FB6A00229A603B68D3F85826FB6A1A6169
:103A1000FB6A02221A73FB6A1833FB62FB695A1CA9
:103A2000FA61FA6A1360FB6A4FF0FF325A60FB6A70
:103A300000229A603B68D3F85826FB6A1A61FB6A39
:103A400004221A73FB6A1833FB623B6893F82C302C
:103A5000002B23D000237B6218E0FB695A1CFA611B
:103A6000FA6A1360FB6A7A6A5A60FB6A7A6A9A6039
:103A70003B68D3F85C26FB6A5A61FB6A05221A731D
:103A8000FB6A1833FB627B6A01337B627B6803F558
:103A9000025318331B687A6A9A42DEDBFA697B6943
:103AA0001A617B699B683B6200237B6248E000BF30
:103AB000402700207A6A13465B001344DB0003F5BD
:103AC0008E5308337A6813440433FB627A6A1346D0
:103AD000DB009B1A9B0040337A6813443B617A6A8F
:103AE00013461B019B1A9B0003F5BA637A681344C3
:103AF0000433FB60FB6A5B68B3F1FF3F0CBF01233B
:103B00000023FB72FB6A1B7B022B94BF0123002363
:103B1000BB72BB7A0393FB7A02933B6A0193FB6A05
:103B20000093FB683A6939687868FFF7D1F83B6819
:103B30009B691A463B6A13443B627B6A01337B6292
:103B40007B691A697B6A9A42B4D87B699B683A6A36
:103B5000D31A1A467B69DA607B6918463437BD464A
:103B600090BD90B58FB000AF786039607B68083346
:103B70007B637A6B39687868FFF736FE03461A462E
:103B80007B6803F5025320331A803B685A8A7B68AE
:103B900003F5025322331A807B6B03221A707B6B6E
:103BA000374A5A603B68D3F810277B6B9A603B68B2
:103BB000D3F814371A467B6BDA607B6803F1400256
:103BC0007B6B5A617B6B01221A613868FFF7AAFD93
:103BD0007B6803F5B45318333B63A0220021386B94
:103BE000EDF743FC3B685A8A3B6B5A877B6803F5C9
:103BF0000253183301221A607B6803F58E530C338D
:103C0000FB62FB6A00221A60FB6A4FF0FF325A60C7
:103C1000FB6A00229A603B68D3F85C26FB6A5A6113
:103C2000FB6A03221A737B684033BB627B6B986824
:103C30007B6BDB68002B02D07B6BD96801E04FF017
:103C4000FF31FB6A5B69DCB2BB6A1A460023136072
:103C500053609360D360136153619361BB6A586092
:103C6000BB6A9960BB6A01221A73BB6A22465A7307
:103C7000BB6A01221A827B6B18463C37BD4690BD59
:103C80004027002080B586B000AFF860B9607A6048
:103C90003B60F868FEF786FF78617B695B689B692B
:103CA0001A46BB6813441946786903F098FD3861D9
:103CB0007B6903F58E5308333A691A603B69002B20
:103CC00004D17869FFF7E9FC034604E039697869B3
:103CD00000F005F8034618461837BD4680BD80B58C
:103CE00082B000AF786039603B681B7B012B05D147
:103CF00039687868FFF7ACFD034604E039687868F6
:103D0000FFF72FFF034618460837BD4680BD90B524
:103D100085B000AFF860B9607A60BB68D3F8404600
:103D2000B868FEF756FF0246BB689B6903FB02F3C7
:103D3000E2187B681A60BB681B7B012B0CD1BB6847
:103D4000D3F8CC350233BA68926902FB03F35B0007
:103D50001A467B685A6008E0BB689A6913465B00A4
:103D600013445B001A467B685A6000BF1437BD4697
:103D700090BD00BF80B485B000AF03463960FB80C2
:103D80003B68FB60FB881B0A99B2FB685A1CFA600F
:103D9000CAB21A70FB685A1CFA60FA88D2B21A705A
:103DA00000BF1437BD465DF8047B704780B485B012
:103DB00000AF786039603B68FB607B68190EFB6878
:103DC0005A1CFA60CAB21A707B68190CFB685A1C3C
:103DD000FA60CAB21A707B68190AFB685A1CFA604A
:103DE000CAB21A70FB685A1CFA607A68D2B21A70AA
:103DF00000BF1437BD465DF8047B704780B485B0C2
:103E000000AF78607B68FB60FB6803331B781A4661
:103E1000FB6802331B781B021A43FB6801331B78D3
:103E20001B041A43FB681B781B0613431846143700
:103E3000BD465DF8047B704780B582B000AF786006
:103E400039603A6800217868EDF70FFB7B6800BFA6
:103E50000837BD4680BD80B58CB002AF7860396050
:103E600007F10C037B623B689B694FF47A7202FB9B
:103E700003F27B685B681B68384981FB0301891189
:103E8000DB17CB1A92FBF3F33B627B6A5A1C7A6214
:103E90003A68527B1A707B6A5A1C7A623A6892F8C6
:103EA0003D201A707B6A5A1C7A623A68927B1A70BB
:103EB0003B68196B7B6A5A1C7A62CAB21A703B6AF9
:103EC0009BB2796A1846FFF755FF7B6A02337B6223
:103ED0007B6A5A1C7A623A6892F83C201A707B6AB4
:103EE0005A1C7A623A6892F838201A703B68596B0B
:103EF0007B6A5A1C7A62CAB21A707B6A5A1C7A624E
:103F00003A6892F83A201A707B6A5A1C7A623A68C8
:103F100092F83B201A707B6A5A1C7A623A6892F8CF
:103F200039201A707B6A5A1C7A6203221A703B6825
:103F30001B68796A1846FFF739FF3B6803F5DB63B6
:103F400007F10C020093112310210548FCF79EF99C
:103F5000034618462837BD4680BD00BFD34D6210CA
:103F6000542E050090B58BB002AF786039603B6885
:103F700003F5CD63BB613B6893F83D30002B02D065
:103F80006FF05E035BE039687868FFF764FFF86103
:103F9000FB69002B47D13B6803F5CD6310222A490A
:103FA0001846EDF739FA3B681022C3F8EC26B869D9
:103FB000BB69D3F884301C46BB6903F17001BB694F
:103FC0002033BA69D2F88420019200930B461F4A2D
:103FD0002146FCF77DF9F861FB69002B25D1BB690F
:103FE00003F12000BB69D3F884301946BB6903F1A3
:103FF00070021023019307F1080300931346144A3B
:10400000FCF766F9F861FB69002B10D107F1080392
:104010000C331846FFF7F2FE034623F00042BB695B
:10402000C3F8802004E000BF02E000BF00E000BF52
:1040300007F1080310211846FFF7FEFEFB6918463A
:104040002437BD4690BD00BF042E0500182E050084
:10405000242E050090B595B002AFF860B9607A6083
:10406000BB6803F5CD633B640023FB633B6C70339B
:10407000191D07F124030C221846EDF7CDF907F1BD
:1040800024030C331946F86BFFF790FE3B6C03F1E9
:1040900020003B6CD3F88430194607F1240210232A
:1040A000019307F11403009313463C4AFCF710F9FF
:1040B00078647B6C002B5BD13B6C4033BB63BB688B
:1040C0003E3308221946B86BEDF7A6F9BB6B0833EF
:1040D000BB6304220021B86BEDF7C7F9BB6B043357
:1040E000BB6307F114030C331846FFF787FE034642
:1040F00023F000437B63B96B786BFFF757FE3B6C93
:1041000003F120003B6CD3F884301C463B6C5033E9
:1041100007F124021021019100931346204A214601
:10412000FCF7D6F878647B6C002B23D13B6C03F151
:1041300020003B6CD3F884301C463B6C603307F1A5
:1041400024021021019100931346164A2146FCF7E0
:10415000BFF878647B6C002B0ED13B6C03F18802B6
:104160003B6C603319461046FCF741F9786404E073
:1041700000BF02E000BF00E000BF07F124031021F0
:104180001846FFF759FE07F1140310211846FFF7F0
:1041900053FE7B6C18464C37BD4690BD302E050053
:1041A0003C2E0500482E050080B485B000AF786035
:1041B00039603B68FB607B68190EFB685A1CFA602B
:1041C000CAB21A707B68190CFB685A1CFA60CAB232
:1041D0001A707B68190AFB685A1CFA60CAB21A7016
:1041E000FB685A1CFA607A68D2B21A7000BF1437A2
:1041F000BD465DF8047B704780B485B000AF786041
:104200007B68FB60FB6801331B781A46FB681B78F0
:104210001B02134318461437BD465DF8047B7047F4
:1042200080B584B000AF78607B6803F2F463FB6014
:10423000FB680C2200211846EDF717F97B681A6815
:10424000FB680C3319461046FFF7AEFFF868FCF721
:10425000E3F9034618461037BD4680BD80B584B0EB
:1042600000AF78607B6803F2F463FB60F868FCF7EA
:10427000E3F900BF1037BD4680BD80B590B000AFF8
:10428000786039607B6803F2F463FB637B68DA690A
:104290007B689B6992FBF3F3BB637B681B6ABA6B19
:1042A00092FBF3F37B633B68002B01D1002329E0F1
:1042B00007F11C030C2200211846EDF7D6F83A68E6
:1042C00007F11C030C3319461046FFF76DFF07F189
:1042D0000C0207F11C031946F86BFCF78BF93863E5
:1042E0003B6B002B0DD107F10C030E331846FFF783
:1042F00083FF0346FB85FB8D7A6B02FB03F31B14E4
:1043000000E0002318464037BD4680BD80B483B02E
:1043100000AF78607B68D3F850367A68126A02FB87
:1043200003F318460C37BD465DF8047B704790B523
:1043300083B000AF78607B68D3F848467868FFF7B1
:10434000E5FF0346234418460C37BD4690BD80B4B4
:1043500085B000AF03463960FB803B68FB60FB68BB
:104360005A1CFA60FA88D2B21A70FB881B0A99B2FA
:10437000FB685A1CFA60CAB21A7000BF1437BD46F7
:104380005DF8047B704780B485B000AF7860396019
:104390003B68FB60FB685A1CFA607A68D2B21A70FC
:1043A0007B68190AFB685A1CFA60CAB21A707B68EB
:1043B000190CFB685A1CFA60CAB21A7000BF143795
:1043C000BD465DF8047B704780B485B000AF78606F
:1043D00039603B68FB60FB685A1CFA607A68D2B2AD
:1043E0001A707B68190AFB685A1CFA60CAB21A7004
:1043F0007B68190CFB685A1CFA60CAB21A707B6899
:10440000190EFB685A1CFA60CAB21A7000BF143742
:10441000BD465DF8047B704780B485B000AF78601E
:104420007B68FB60FB681B789AB2FB6801331B78E2
:104430009BB21B029BB213439BB218461437BD4676
:104440005DF8047B704780B485B000AF78607B680E
:10445000FB60FB681B781A46FB6801331B781B0264
:104460001A43FB6802331B781B04134318461437A6
:10447000BD465DF8047B704780B485B000AF7860BE
:104480007B68FB60FB681B781A46FB6801331B786E
:104490001B021A43FB6802331B781B041A43FB6898
:1044A00003331B781B06134318461437BD465DF8CB
:1044B000047B704780B584B000AFC7E90201C7E94B
:1044C0000023D7E90023D7E90201ECF73CFE0246BE
:1044D0000B46104619461037BD4680BD80B588B0E2
:1044E00000AFF860B9607A60FB6803F58E5308335B
:1044F0001B687B6142F649137B8205217868FBF7D4
:1045000077FDF8617B8AF9691846FFF720FFFB69A0
:104510000233FB61FB6803F5025322331B88F96900
:104520001846FFF714FFFB690233FB61FB69202289
:104530001A70786804F0ACFE13220021786804F049
:10454000F5FEF861F9691648FFF71DFFFB690333B3
:10455000FB610023BB6107E0FB695A1CFA6108227A
:104560001A70BB690133BB61BB69072BF4DD7B6942
:104570001B68F9691846FFF727FFFB690433FB61E5
:104580007869FFF7D4FE0246BB681B681344F969DB
:104590001846FFF719FF00BF2037BD4680BD00BF9A
:1045A000FF185A0080B586B000AFF860B9601346B6
:1045B000FB71BA680221F86804F012FF78617B6928
:1045C000002B0CBF01230023DBB23B617B69002B76
:1045D00005D1104B104A76211048DAF7EEFD3B6901
:1045E000002B14BF01230023DBB2002B01D00023DA
:1045F0000CE079690A48FFF7C6FE7B6903337B61EB
:104600007B695A1C7A61FA791A707B6918461837E7
:10461000BD4680BD642E0500B02E05006C2E050041
:10462000FF185A0080B58EB000AFF860B9607A60AC
:10463000FB6803F58E5308331B68FB62FB689B69BC
:10464000013BBB62BB6A9B000733032219467868B3
:10465000FFF7A8FF78637B6B5A1C7A63BA6AD2B201
:104660001A707B6B5A1C7A6300221A707B6B5A1C7F
:104670007A6300221A7000233B634EE03B6B5A1CA6
:1046800013465B001344DB0003F58E530833FA68CE
:10469000134404337B627B6A5B68B3F1FF3F0CBF5A
:1046A00001230023DBB23B627B6A1B68FB617B6AF0
:1046B0005B68B3F1FF3F05D1FB6803F5025320337C
:1046C0001B8809E07B6A5B68FA6A2C2101FB03F313
:1046D000134403F544731B887B837B6A1B7B7B61DC
:1046E0003B6A03F00102FB695B0003F4FF731A43AA
:1046F0007B8B59020D4B0B401A437B695B0603F021
:10470000F05313433B61796B3869FFF75DFE7B6BB8
:1047100004337B633B6B01333B633A6BBB6A9A4266
:10472000ACDB00BF00BF3837BD4680BD00FEFF01D7
:1047300080B596B002AFF860B9607A60FB6803F5A7
:104740008E5308331B683B64BB689A6813469B0012
:1047500013445B0103F5B4531833FA681344FB6444
:104760003B6C93F82430FB630123BB63FB6803F5C8
:1047700002531C331B687B63BB6B5B0003F10901B5
:104780007A6B13465B0013445B000B44042219460A
:104790007868FFF707FFB864FB6B5BB203F00103B7
:1047A0005AB2BB6B5B005BB203F002035BB2134314
:1047B0005AB27B6B9B005BB2134359B2BB6C5A1C61
:1047C000BA64CAB21A703B6CD3F854369BB2B96C57
:1047D0001846FFF7BCFDBB6C0233BB64FB6CD3E92E
:1047E0000023C7E90A23FB6CD3E90423C7E90823A4
:1047F00000237B6415E07A6C13469B0013445B0135
:1048000003F5B4531833FA681344FB64FB6C93F854
:104810003C3083F00103DBB2002B0BD17B6C013306
:104820007B64FB6803F5025318331B687A6C9A4269
:10483000E1DB00E000BFFB6CD3E90223C7E90623FC
:10484000FB685968D7E90A23CDE90023D7E9062395
:10485000084605F074FB02460B4613467B61B96CB3
:104860007869FFF7B1FDBB6C0433BB643FE07A6C41
:1048700013469B0013445B0103F5B4531833FA68E5
:104880001344FB64FB6C93F83C30002B2BD13A6C47
:104890007B6C2C2101FB03F3134403F544731B8849
:1048A000B96C1846FFF753FDBB6C0233BB64FB6C5D
:1048B000D3E90223C7E90623FB685968D7E9062331
:1048C000CDE90023D7E90823084605F038FB024666
:1048D0000B4613463B61B96C3869FFF775FDBB6C3D
:1048E0000433BB6400E000BF7B6C01337B64FB6876
:1048F00003F5025318331B687A6C9A42B7DB00BF8A
:1049000000BF5037BD4680BD80B58AB000AFF860AB
:10491000B9607A60FB6803F58E5308331B683B620D
:104920003B6A0C33FB61BB689A6813469B001344D7
:104930005B0103F5B4531833FA681344BB61BB69D8
:1049400093F83D30002B06D0FB6993F8CA35002B55
:1049500001D0012300E00023FB75FB7D03F0010380
:10496000FB75BB6993F82A30002B06D0FB6993F8DE
:10497000CB35002B01D0012300E00023BB75BB7DAC
:1049800003F00103BB75BB6993F83230002B06D0EE
:10499000FB6993F8CC35002B01D0012300E0002304
:1049A0007B757B7D03F001037B75BB6993F8283031
:1049B000002B04D1BB6993F83030002B06D0FB6983
:1049C00093F8CD35002B01D0012300E000233B7587
:1049D0003B7D03F001033B75FB7D9B005A1DBB7DB6
:1049E0005B001A447B7D5B001A443B7DB87D797D7A
:1049F000014401FB03F31344052219467868FFF7CD
:104A0000D1FD786297F9173003F001035AB2BB7DEC
:104A10005B005BB203F002035BB213435AB27B7DCF
:104A20009B005BB203F004035BB213435AB23B7DBD
:104A3000DB005BB203F008035BB2134359B27B6A3D
:104A40005A1C7A62CAB21A70FB7D002B08D0BB696F
:104A50009B69796A1846FFF7B7FC7B6A04337B626F
:104A6000BB7D002B15D0BB69B3F926309BB2796AA8
:104A70001846FFF76CFC7B6A02337B623B7D002BA0
:104A800007D0BB6993F828207B6A1A707B6A0133D0
:104A90007B627B7D002B15D0BB69B3F92E309BB2B6
:104AA000796A1846FFF753FC7B6A02337B623B7DD1
:104AB000002B07D0BB6993F830207B6A1A707B6AA1
:104AC00001337B6200BF2837BD4680BD80B586B00C
:104AD00000AF786039607B6803F58E5308331B683C
:104AE0007B617B6803F58E5308331B680C333B6195
:104AF0003B69D3F83036002B41D03B69D3F83036D0
:104B000003331A460221386804F06AFCF860FB6837
:104B1000002B0CBF01230023DBB2BB60FB68002B22
:104B200006D11A4B1A4A40F237111A48DAF745FBF8
:104B3000BB68002B14BF01230023DBB2002B20D164
:104B40003B69D3F8D435F9681846FFF71CFCFB68BD
:104B50000333FB603B6903F5BB613B69D3F8303637
:104B60001A46F868ECF758FC3B690022C3F8302677
:104B70003B69D3F82C267B69C3F8182702E000BFF5
:104B800000E000BF1837BD4680BD00BF642E0500A1
:104B9000D02E05006C2E050080B58AB000AFF860FD
:104BA000B9607A603B6042F64933FB83002387F8A3
:104BB0002730BB68DB69BB610521B868FBF7A2FA47
:104BC0000346002B13D0B869FFF726FC03461A46AC
:104BD000FB8B93420BD1BB6904331B781846FBF760
:104BE00098FC034683F00103DBB2002B01D00023C5
:104BF0006EE0B868FBF79EFC0346002B01D0002353
:104C000066E07968B86804F008FD386249E0BB687E
:104C1000DB69BB617B689B681946B868FBF772FA71
:104C20007B680022DA607B685B68002B34D17B688C
:104C30009B68022B30D9B869FFF705FC7861BB6926
:104C40000333BB617B69244A934224D197F8273010
:104C5000002B01D000233BE07B689B68132B01D025
:104C6000002335E0BB690833BB61B869FFF704FC7A
:104C700002463B6B1A60BB690433BB61B869FFF73E
:104C8000FBFB02463B681A60BB690433BB6101232E
:104C900087F8273000E000BF7968B86804F0BDFCF1
:104CA00038623B6A002B06D17B681B7883F00103D6
:104CB000DBB2002BABD13B6A002B05DB97F827302A
:104CC000002B01D0012300E0002303F00103DBB23D
:104CD00018462837BD4680BDFF185A00B0B594B0BD
:104CE00000AFF860B9607A603B60FB6803F58E53F3
:104CF00008331B683B640023A7F84630BB685A1C86
:104D0000BA601B78FB63FB6B9B0007331A467B681A
:104D1000934201D20023F9E0BB680133BB60BB685A
:104D20005A1CBA601B78BB63BB6B002B01D00023FD
:104D3000ECE0FB6803F58E530C33FB64FB6C03F172
:104D40001802FA6407F110041D460FCD0FC495E850
:104D5000030084E803000023BB64C4E0B868FFF7E5
:104D60008BFB7863BB680433BB607B6B03F0010390
:104D7000002B14BF0123002387F833307B6B5B08C3
:104D8000DBB2FB627B6B5B0A7B857B6B5B0EDBB212
:104D900003F00F0387F829307B6B03F00053002BDF
:104DA00014BF0123002387F828303B69FA6A9A422E
:104DB00004DD3B6C1B6AFA6A9A4201DB0023A5E022
:104DC00097F83330002B09D0FB6803F502532033EA
:104DD0001B887A8D9A4201D1002397E0FB6A3B61E0
:104DE00097F82930062B7BD897F83330002B07D162
:104DF000FB6803F5025320331B887A8D9A426FD1EA
:104E000097F82930012202FA03F3A7F8443097F803
:104E10002930062B0BD197F8333083F00103DBB236
:104E2000002B04D0B7F844305B00A7F84430B7F843
:104E30004420B7F846309A4207D3B7F84420B7F871
:104E4000463013409BB2002B01D000235EE0B7F840
:104E50004620B7F844301343A7F84630FB6803F503
:104E60008E530C33A833FA6C9A4201D100234DE0E3
:104E700097F8333083F00103DBB2002B02D000231C
:104E80007B6102E04FF0FF337B610023BB6197F849
:104E900029303B7797F8333083F00103DBB2002BE6
:104EA00004D03B6CD3F858363B620CE097F82930BD
:104EB000012B04D93B6CD3F860367B6203E03B6C7A
:104EC000D3F85C367B62FB6C03F11802FA641D4672
:104ED00007F110040FCC0FC594E8030085E8030028
:104EE000BB6C0133BB64BA6CFB6B9A42FFF636AF06
:104EF000FB6803F58E530C33FA6CD31ADB10054AAA
:104F000002FB03F31A463B681A6001231846503728
:104F1000BD46B0BDABAAAAAA80B58AB000AFF86002
:104F2000B9607A603B60002387F827307968B868F9
:104F300004F073FB38624CE0BB68DB69FB617B68A3
:104F40009B681946B868FBF7DDF87B685B68022B45
:104F50003AD17B689B68022B36D9F869FFF773FA60
:104F6000B861FB690333FB61BB69244A93422AD1D0
:104F70007B689B68062B01D800233AE0FB695A1C2A
:104F8000FA611B7803F00F037B617B69032B01D06F
:104F900000232EE097F82730002B01D0002328E0D3
:104FA0007B689A683B68F969F868FFF797FE0346E3
:104FB00083F00103DBB2002B01D0002319E00123B1
:104FC00087F8273000E000BF7968B86804F025FB57
:104FD00038623B6A002BAFD03B6A002B05DB97F8A9
:104FE0002730002B01D0012300E0002303F0010350
:104FF000DBB218462837BD4680BD00BFFF185A00F7
:105000002DE9F04F9FB002AFF861B9617A613B6161
:10501000FB6903F58E5308331B687B66BB699A688E
:1050200013469B0013445B0103F5B4531833FA692C
:1050300013443B667B695A1C7A611B7887F85F30A2
:1050400097F85F3003F00103002B14BF0123002306
:1050500087F85E3097F85F3003F00203002B14BF2F
:105060000123002387F85D3097F85F309B08DBB29F
:10507000BB6597F85D305B001946BA6D13465B005F
:1050800013445B000B4409333A699A4201D200236E
:10509000E7E097F85E30002B08D097F85D3083F09A
:1050A0000103DBB2002B01D0012300E0002303F059
:1050B0000103DAB27B6E83F84C2697F85D30002B43
:1050C0000BD07869FFF7A8F903467B657B6902334B
:1050D0007B617B6E7A6DC3F854267869FFF7CCF953
:1050E00038657B6904337B617B6902331846FFF7BF
:1050F000C3F902463B6D13443B650023BB661CE0CD
:105100007869FFF789F90346A7F84E307B690233C7
:105110007B61FB6903F5025320331B88B7F84E20EF
:105120009A4204D17869FFF7A7F9F86609E07B692C
:1051300004337B61BB6E0133BB66BB6EBA6D9A42B2
:10514000DED8BB6EBA6D9A4201D1002389E03A6D78
:10515000FB6ED31A3B653B6ED3E90023C7E91023EE
:105160003B6ED3E90223C7E90E233B6ED3E9042348
:10517000C7E90C23FB695968D7E91023CDE900235F
:10518000D7E90E23084604F0DAFE02460B46134622
:10519000FB62FB695968D7E90E23CDE90023D7E903
:1051A0000C23084604F0CBFE02460B461346BB62B6
:1051B0003B6D18464FF00001BB6A1A464FF00003E2
:1051C00002FB01F500FB03F42E19A0FB0245731945
:1051D0001D46FB6E1A464FF00003F96A08464FF071
:1051E000000100FB03FC02FB01F66644A2FB002366
:1051F000F1180B46A11AB96065EB0303FB603B6D28
:1052000018464FF00001BB6A1A464FF0000310EB3E
:10521000020A41EB030BFB6E1A464FF000031AEB38
:1052200002084BEB0309FB6A1A464FF0000318EB28
:105230000201396049EB03037B60D7E90023D7E91A
:105240000201FFF737F902460B4613467B627B6A81
:1052500023EAE3723B6E9A613B6E012283F83D20A4
:10526000012318467437BD46BDE8F08F80B58AB07B
:1052700000AFF860B9607A603B60002387F82730A0
:105280003968786804F0C9F938624CE07B68DB69FA
:10529000FB613B689B6819467868FAF733FF3B6807
:1052A0005B68022B3AD13B689B68022B36D9F869C0
:1052B000FFF7C9F8B861FB690333FB61BB69244A96
:1052C00093422AD13B689B68082B01D800233AE01F
:1052D000FB695A1CFA611B7803F00F037B617B6941
:1052E000042B01D000232EE097F82730002B01D0AB
:1052F000002328E03B689B68FA69B968F868FFF703
:105300007FFE034683F00103DBB2002B01D00023B4
:1053100019E0012387F8273000E000BF396878687A
:1053200004F07BF938623B6A002BAFD03B6A002B5C
:1053300005DB97F82730002B01D0012300E0002384
:1053400003F00103DBB218462837BD4680BD00BF1D
:10535000FF185A0080B588B000AFF860B9607A6075
:105360003B60BB689A6813469B0013445B0103F5DE
:10537000B4531833FA681344FB617B685A1C7A6093
:105380001B78FB76FB7E03F00103002B14BF012387
:105390000023BB76FB7E03F00203002B14BF012326
:1053A00000237B76FB7E03F00403002B14BF012354
:1053B00000233B76FB7E03F00803002B14BF012380
:1053C0000023FB75BB7E9B005A1D7B7E5B001A444D
:1053D0003B7E5B001A44FB7D787E397E014401FBF5
:1053E00003F313441A463B68934201D2002350E072
:1053F000BB7E002B0DD0FB69012283F83D2078682D
:10540000FFF73AF803461A46FB699A617B68043352
:105410007B607B7E002B0DD0FB69012283F83E2050
:105420007868FEF7F9FF03461AB2FB699A867B6833
:1054300002337B603B7E002B0FD0FB69012283F897
:105440003F207868FEF7E8FF03465B009BB21AB284
:10545000FB69DA867B6802337B60FB7D002B17D00B
:10546000FB69012283F840207B7E002B06D07B68FD
:105470005A1C7A601A78FB6983F838203B7E002B2F
:1054800006D07B685A1C7A601A78FB6983F8392049
:10549000012318462037BD4680BD80B58AB000AFD5
:1054A000F860B9607A603B60002387F8273039687C
:1054B000786804F0B2F838624CE07B68DB69FB6125
:1054C0003B689B6819467868FAF71CFE3B685B6886
:1054D000022B3AD13B689B68022B36D9F869FEF75C
:1054E000B2FFB861FB690333FB61BB69234A934296
:1054F0002AD13B689B68042B01D800233AE0FB6962
:105500005A1CFA611B7803F00F037B617B69052B42
:1055100001D000232EE097F82730002B01D0002384
:1055200028E03B689B68FA69B968F868FFF712FFE2
:10553000034683F00103DBB2002B01D0002319E006
:10554000012387F8273000E000BF3968786804F04D
:1055500064F838623B6A002BAFD03B6A002B05DB56
:1055600097F82730002B01D0012300E0002303F03F
:105570000103DBB218462837BD4680BDFF185A002C
:1055800080B58CB000AFF860B9607A603B60BB68F2
:105590009A6813469B0013445B0103F5B453183318
:1055A000FA6813447B62FB6803F58E5308331B686B
:1055B0000C333B62002387F82F303968786804F099
:1055C0002CF8B86242E07B68DB69FB613B689B6852
:1055D00019467868FAF796FD3B685B68022B30D174
:1055E0003B689B68022B2CD9F869FEF72CFFB86149
:1055F000FB690333FB613B6AD3F8D435BA699A423D
:105600001CD13B689B68032B1AD997F82F30002BCD
:1056100001D0002321E03B689B68033B7B617B6AF0
:1056200041337A69F9691846EBF7F6FE7A697B6AC5
:10563000C3F89820012387F82F3002E000BF00E074
:1056400000BF3968786803F0E8FFB862BB6A002BD6
:10565000B9D0BB6ADB43DB0FDBB218463037BD463F
:1056600080BD80B58AB002AFF860B9607A60FB682F
:1056700003F58E5308331B68FB610021786803F043
:105680001CFEB861BB69DB0FDBB27B61BB69002B21
:1056900006DA134B134A40F202311348D9F78DFD55
:1056A0007B69002B14BF01230023DBB2002B01D048
:1056B000BB6910E0FB6903F5DE60BA69FB6803F5BE
:1056C000025320331988BB681B6800930B46796826
:1056D000FAF7CDFE034618462037BD4680BD00BF11
:1056E0009C2E0500F02E05006C2E050080B588B0BC
:1056F00002AFF860B9607A603B607B685B68B3F1C9
:10570000FF3F06D1FB6803F5025322331B88FB825F
:105710000AE07B685B68BA682C2101FB03F3134441
:1057200003F544731B88FB82BB6803F5DE607B686E
:105730001B681A46FB8A00923A6A3968FAF711FF29
:10574000034618461837BD4680BD80B58CB002AF01
:10575000F860B9607A603B60FB6803F58E530833EC
:105760001B687B627B68DB693B6207F1180207F10B
:105770001403009313463A687968F868FFF70CFA47
:10578000034683F00103DBB2002B02D06FF04C0321
:1057900055E07B6B002B25D07B6A1A687B699A42A7
:1057A00020D07B6907F113021946F86801F0DCFC90
:1057B00078627B6A002B0ED07B6A1B7B002B0AD1A0
:1057C000FB7C83F00103DBB2002B04D17B6A93F8EE
:1057D0000C37002B02D06FF04C0330E07B6B7A6A01
:1057E0001A6007E07B6A1A687B699A4202D06FF000
:1057F0004C0324E03B6B002B06D0BB69BA681268EF
:105800009A1A3B6B1A600CE0786AFEF790FD02462C
:10581000BB681B681A44BB699A4202D06FF04C0304
:105820000DE07B68DA693B6AD31AFB61FB69009380
:105830007B68BA68796AF868FFF758FF034618462C
:105840002837BD4680BD00BF80B582B000AF78600C
:1058500039607868E8F7BEFF034618460837BD464A
:1058600080BD80B582B000AF78607868E8F7B4FF9B
:1058700000BF0837BD4680BD80B584B000AFC7E922
:105880000201C7E90023D7E90023D7E90201EBF7BA
:105890005AFC02460B46104619461037BD4680BDDD
:1058A00080B582B000AF78607868FFF7DAFF00BF9C
:1058B0000837BD4680BD80B483B000AF78607B6898
:1058C0007A685A607B685A687B681A6000BF0C3738
:1058D000BD465DF8047B704780B584B000AFF860CA
:1058E000B9607A603B1D0422B968F868F9F74CFF8B
:1058F000034618461037BD4680BD80B584B000AF62
:10590000F860B9601346FB80BB1D0222B968F868D5
:10591000F9F73AFF034618461037BD4680BD80B5FB
:1059200084B000AFF860B9607A603B1D0422B968AA
:10593000F868F9F729FF034618461037BD4680BDC1
:1059400080B584B000AFF860B9601346FB80BB1D22
:105950000222B968F868F9F717FF034618461037AE
:10596000BD4680BD80B584B000AFF860B960134615
:10597000FB71FB1D0122B968F868F9F705FF0346C2
:1059800018461037BD4680BD80B483B000AF786044
:105990007B6818460C37BD465DF8047B704780B4C1
:1059A00000AF00231846BD465DF8047B704780B504
:1059B00084B000AF7860002142F2B800FFF744FFE6
:1059C000F860FB68002B01D1002314E0FB687A68C3
:1059D0005A60FB680A4A1A60FB6803F502532433D5
:1059E0001846FFF768FFFB6803F502532C3318468F
:1059F000FFF761FFFB6818461037BD4680BD00BF4A
:105A00005027002080B584B000AF78607868FFF739
:105A1000BBFFF86042F2B8020021F868EBF725FD01
:105A2000F868E8F7D9FE00BF1037BD4680BD80B5E5
:105A300086B000AF78607868FFF7A6FFF860FB6873
:105A400003F502532C331B68043B7B617B695B6865
:105A5000043B3B610DE07B69012283F86426796990
:105A6000F86801F05EFF3B697B617B695B68043B22
:105A70003B617B691A1DFB6803F502532C339A4284
:105A8000E9D100BF00BF1837BD4680BD80B586B0E4
:105A900000AFF860B9607A603B60F868FFF774FFA8
:105AA0007861BB68002B04D0BB68013B062B0ED885
:105AB00005E03968786901F0D1F9034609E03B68EF
:105AC0007A68B968786901F0D5F9034601E06FF0AA
:105AD000150318461837BD4680BD80B584B000AFA9
:105AE000F860B9607A607B685B791A460121B86812
:105AF000FFF738FF0346002B21D17B68B3F9023052
:105B00001A460221B868FFF7F8FE0346002B18D1A9
:105B10007B68B3F900301A460421B868FFF7EDFE40
:105B20000346002B0FD17B681B791A460321B86806
:105B3000FFF718FF0346002B07D1002308E000BF42
:105B400004E000BF02E000BF00E000BF6FF0790397
:105B500018461037BD4680BDF0B589B000AFF8607B
:105B6000B9607A60FB6803F58E5308331B68FB61EC
:105B70007B685B8F1A460121B868FFF7E1FE034698
:105B8000002B40F007817B6893F83C301A460321D4
:105B9000B868FFF7E7FE0346002B40F0FB807B6808
:105BA00093F83C30002B01D0002310E17B6893F880
:105BB0003D30002B36D07B689B6918464FEAE07178
:105BC000854BD3E9002302FB01F500FB03F42E19FA
:105BD000A0FB024573191D46FB685B681B681846ED
:105BE0004FEAE071FB685B681B691A464FEAE27393
:105BF00002FB01FC00FB03F66644A0FB0223F11844
:105C00000B4620462946FFF737FE02460B46134651
:105C1000BB61BA690721B868FFF75EFE0346002B37
:105C200040F0BA807B6893F82230002B17D008210F
:105C3000B868F9F77AFD78617B69002B00F0AE80D7
:105C40007B681C331A46B968F868FFF746FF0346BD
:105C5000002B40F0A5807969B868F9F781FD7B6871
:105C600093F82A30002B17D00921B868F9F75DFDA9
:105C700078617B69002B00F095807B6824331A469D
:105C8000B968F868FFF729FF0346002B40F08C80C5
:105C90007969B868F9F764FD7B6893F83230002BB6
:105CA00015D00A21B868F9F740FD78617B69002BAF
:105CB0007CD07B682C331A46B968F868FFF70DFF73
:105CC0000346002B74D17969B868F9F749FD7B6800
:105CD00093F83E30002B1AD07B68B3F934301A4663
:105CE0000B21B868FFF709FE0346002B62D17B68E1
:105CF00093F84030002B0AD07B6893F838301A466E
:105D00000D21B868FFF72EFE0346002B54D17B68A7
:105D100093F83F30002B1AD07B68B3F936301A461F
:105D20000C21B868FFF7E9FD0346002B46D17B68DC
:105D300093F84030002B0AD07B6893F839301A462C
:105D40000E21B868FFF70EFE0346002B38D17B68A2
:105D5000D3F89830002B0BDD7B68D3F898207B6854
:105D600041331021B868F9F70FFD0346002B29D104
:105D7000FB69D3F81837002B0AD0FB69D3F8183722
:105D80001A460F21B868FFF7CAFD0346002B1BD146
:105D900000231CE000BF18E000BF16E000BF14E0C5
:105DA00000BF12E000BF10E000BF0EE000BF0CE03B
:105DB00000BF0AE000BF08E000BF06E000BF04E04B
:105DC00000BF02E000BF00E000BF6FF0790318469B
:105DD0002437BD46F0BD00BF482F050080B58EB00A
:105DE00002AFF860B9601346FB71FB685868F96848
:105DF000BB68D3F80837002201924FF4806200920A
:105E00000822FAF7B3FDB862BB6A002B00F0948059
:105E1000BB681B681A460121B86AFFF780FD03467C
:105E2000002B7AD10421B86AF9F77FFC78627B6A8B
:105E3000002B74D0BB68DA69FB685B681B6840495B
:105E400081FB03018911DB17CB1A92FBF3F33B6251
:105E5000BB68D3F844361A460221B86AFFF75FFDE3
:105E60000346002B5DD13B6A1A460421B86AFFF74E
:105E700056FD0346002B54D1BB6893F86436002BC3
:105E800007D000220121B86AFFF76CFD0346002B02
:105E900049D1FB79002B34D00521B86AF9F745FCCC
:105EA000F861FB69002B40D00023FB621DE001215B
:105EB000B86AF9F73AFCB861FA6A13469B001344D2
:105EC0005B0103F5B4531833FA6813441A46B96AF0
:105ED000F868FFF741FE0346002B28D1B969B86A7C
:105EE000F9F73EFCFB6A0133FB62FB6803F50253E2
:105EF00018331B68FA6A9A42D9DBF969B86AF9F76C
:105F00002FFC796AB86AF9F72BFCFB685B68B96A01
:105F10001846FAF7A0FD78610FE000BF08E000BF67
:105F200006E000BF04E000BF02E000BF00E000BFE9
:105F3000B86AFFF7B5FC00E000BF3037BD4680BD52
:105F4000D34D621080B582B000AFFFF728FD7860B6
:105F50007B68002B14BF01230023DBB23B607B680E
:105F6000002B06D00C4B0D4A40F217110C48D9F704
:105F700024F93B68002B14BF01230023DBB2002B64
:105F800001D07B6803E0074806F0E0FA03461846B4
:105F90000837BD4680BD00BF102F0500502F0500FB
:105FA000182F05005027002080B500AF024806F0EA
:105FB0006DFB00BF80BD00BF5027002080B485B0BE
:105FC00000AF786039607B681B88033323F00303DC
:105FD000FB603B681B681A46FB68D31A1A463B688D
:105FE0001A607A68FB68134418461437BD465DF89A
:105FF000047B704780B483B000AF78607B68043363
:1060000018460C37BD465DF8047B704780B483B0FA
:1060100000AF78607B681B88043B18460C37BD4690
:106020005DF8047B704780B483B000AF786039605E
:106030003B68032B0BDD7B681B88032B07D97B6830
:106040001B881A463B68934201DB012300E00023D2
:1060500018460C37BD465DF8047B704780B582B0AA
:1060600000AF78607868FFF7C5FF03461B681846E5
:106070000837BD4680BD80B582B000AF78607868D3
:10608000FFF7B8FF03461B8818460837BD4680BD9A
:1060900080B582B000AF78607868FFF7ABFF034649
:1060A0001B8818460837BD4680BD80B582B000AF5A
:1060B00078607868FFF79EFF03461B78184608371C
:1060C000BD4680BD80B483B000AF7860396000BF4A
:1060D0000C37BD465DF8047B704780B586B000AFD5
:1060E000F860B9607A6007F113031A46B968F86876
:1060F00001F03AF878617B69002B02D06FF00F0352
:106100000BE0B968F86800F07BFF78617B69002BD1
:1061100002D16FF00B0300E0002318461837BD468C
:1061200080BD80B58AB000AFF860B9607A6007F1D1
:106130001B031A46B968F86801F016F878627B6AA2
:10614000002B02D16FF001039BE07B6A0C331946F0
:10615000786AFFF7B7FF796AF86801F035F9034606
:1061600083F00103DBB2002B02D06FF0150388E04F
:106170007B685A687B6AC3F80827FB7E83F00103BB
:10618000DBB2002B7CD0796AF868FDF7EBFE386251
:106190003B6A002B01D03B6A73E00022796AF86801
:1061A000FDF758FF38623B6A002B01D03B6A68E07C
:1061B000FB685B6807F114021146184603F064FEA1
:1061C00038623B6A002B01D03B6A5AE07B6A5A690D
:1061D000FB685B681B682D4981FB03018911DB1794
:1061E000CB1A03FB02F3FB617A69FB691A447B6AF1
:1061F000C3F840267B6A0022C3F844267B6AD3F8A2
:10620000E8267B6AC3F848267B6A93F824207B6AD9
:1062100083F84C267B6A0022C3F850267B6A002252
:10622000C3F854267B6A002283F80C277B6A4FF060
:10623000FF32C3F810277B6A0022C3F81427786A5C
:1062400001F013F97B6A4FF0FF32C3F858267B6ADE
:106250004FF0FF32C3F85C267B6A4FF0FF32C3F881
:1062600060267B6A1A1DFB6803F502532C3319461E
:106270001046F9F71CF9FB685B68184604F023FC2C
:10628000002318462837BD4680BD00BFD34D62109D
:1062900080B586B000AFF860B9607A6007F113038B
:1062A0001A46B968F86800F05FFF78617B69002BD7
:1062B00002D16FF0010319E0FB7C002B15D07B6944
:1062C000012283F86426FB6803F58E5308331B68AC
:1062D0007A699A4204D07969F86801F022FB04E0F7
:1062E000FB685B68184604F0EEFB0023184618377D
:1062F000BD4680BD80B586B000AFF860B9607A60F9
:1063000007F113031A46B968F86800F02DFF7861A9
:106310007B69002B02D16FF001030AE0FB7C002BAC
:1063200002D06FF00F0304E07969F86800F0FCFE1A
:10633000002318461837BD4680BD80B485B000AF35
:1063400078600023FB600BE00B4AFB6852F82330B7
:106350007A689A4201D1012308E0FB680133FB60AF
:10636000064B1B68FA689A42EEDB00231846143786
:10637000BD465DF8047B7047D4320500D832050075
:10638000B0B5DEB002AF07F10C04206007F10800E1
:106390000160391D0A603A46136007F1130207F1E4
:1063A000080107F10C030968186800F0DDFEC7F862
:1063B0006801D7F86831002B02D16FF0010399E32F
:1063C0003B1D1B68002B02D16FF0150392E33B4687
:1063D0001B681B683A1D07F114000093144B1268E8
:1063E0003121F9F734FDC7F86401D7F86431002B87
:1063F00002D0D7F864317DE307F113031B78002B3B
:1064000021D00123C7F86C3119E007F11403D7F844
:106410006C2153F82230002B0CD0D7F86C01FFF719
:106420008CFF0346002B05D16FF00F0362E300BF22
:10643000B42F0500D7F86C310133C7F86C31D7F8A9
:106440006C31312BE1DDD7F868310C33C7F860319E
:1064500007F114035B68002B0ED007F114035B688F
:106460001846FFF722FE0346C7F85C31D7F85C31C7
:10647000DAB2D7F860311A7007F11403DB68002B29
:106480000ED007F11403DB681846FFF70EFE034633
:10649000C7F85831D7F85831DAB2D7F860315A70A6
:1064A00007F114031B69002B0ED007F114031B69BD
:1064B0001846FFF7FAFD0346C7F85431D7F85431B0
:1064C000DAB2D7F860319A7007F114035B69002BD8
:1064D0000ED007F114035B691846FFF7CCFD0346A5
:1064E000C7F85031D7F850319AB2D7F860319A8056
:1064F00007F114039B69002B0ED007F114039B696D
:106500001846FFF7B8FD0346C7F84C31D7F84C31B1
:106510009AB2D7F86031DA8007F11403DB69002BF7
:106520000DD007F11403DB691846FFF797FD03460A
:10653000C7F84831D7F86031D7F848219A6007F199
:1065400014031B6A002B14D007F114031B6A1846AE
:10655000FFF784FD0346C7F8443107F10C031B68BD
:106560005B685B69D7F8442102FB03F2D7F860311E
:10657000DA6007F114035B6A002B1AD007F11403E9
:106580005B6A1846FFF76AFD0346C7F8403107F11A
:106590000C031B685B681B68CF4A82FB03129211D5
:1065A000DB17D31AD7F8402102FB03F2D7F860318A
:1065B0001A6107F114039B6A002B0DD007F1140335
:1065C0009B6A1846FFF74AFD0346C7F83C31D7F8E7
:1065D0006031D7F83C215A6107F114035B6B002B43
:1065E00012D007F114035B6B1846FFF75EFD0346FC
:1065F000C7F83831D7F83831002B14BF01230023F6
:10660000DAB2D7F860311A7607F11403DB6B002B8E
:106610000DD007F11403DB6B1846FFF746FD034668
:10662000C7F83431D7F86031D7F83421DA6107F18F
:1066300014031B6C002B13D007F114031B6C1846BA
:10664000FFF733FD0346C7F83031D7F83031002B60
:1066500014BF01230023DAB2D7F8603183F8202079
:1066600007F114031B6D002B0DD007F114031B6DF4
:106670001846FFF71AFD0346C7F82C31D7F86031EA
:10668000D7F82C215A6207F114035B6D002B0DD053
:1066900007F114035B6D1846FFF707FD0346C7F8C3
:1066A0002831D7F86031D7F828219A6207F114030E
:1066B0009B6D002B0FD007F114039B6D1846FFF75D
:1066C000F4FC0346C7F82431D7F82431DAB2D7F8FE
:1066D000603183F82C2007F114031B6E002B0FD0C0
:1066E00007F114031B6E1846FFF7DFFC0346C7F8DB
:1066F0002031D7F82031DAB2D7F8603183F82D2075
:1067000007F114035B6E002B0FD007F114035B6ECF
:106710001846FFF7CAFC0346C7F81C31D7F81C31EE
:10672000DAB2D7F8603183F82E2007F11403DB6E5C
:10673000002B0FD007F11403DB6E1846FFF7B5FCF2
:106740000346C7F81831D7F81831DAB2D7F86031F4
:1067500083F82F2007F114035B6F002B0FD007F194
:1067600014035B6F1846FFF7A0FC0346C7F814310B
:10677000D7F81431DAB2D7F8603183F8302007F156
:106780001403DB6F002B0FD007F11403DB6F1846E7
:10679000FFF78BFC0346C7F81031D7F81031DAB297
:1067A000D7F8603183F8CE2507F11403D3F8803091
:1067B000002B10D007F11403D3F880301846FFF7F0
:1067C00074FC0346C7F80C31D7F80C31DAB2D7F8AD
:1067D000603183F8CF2507F11403D3F88430002B00
:1067E00010D007F11403D3F884301846FFF75DFC8E
:1067F0000346C7F80831D7F80831DAB2D7F8603164
:1068000083F8D02507F11403D3F88830002B10D07B
:1068100007F11403D3F888301846FFF746FC034607
:10682000C7F80431D7F80431DAB2D7F8603183F809
:10683000D12507F11403D3F88C30002B10D007F1C9
:106840001403D3F88C301846FFF72FFC0346C7F823
:106850000031D7F80031DAB2D7F8603183F8D225A9
:1068600007F11403D3F89830002B18D007F1140364
:10687000D3F89830C7F8FC30D7F8603103F1320410
:10688000D7F8FC00FFF7B6FB0546D7F8FC00FFF78A
:10689000BDFB03461A4629462046EAF7BDFD07F12F
:1068A0001403D3F8AC30002B18D007F11403D3F83D
:1068B000AC301846FFF7F9FB0346C7F8F830D7F8B5
:1068C000F830002B14BF01230023DAB2D7F860316F
:1068D00083F8C92502E000BFD34D621007F114030D
:1068E000D3F8B030002B14D007F11403D3F8B03034
:1068F0001846FFF7DAFB0346C7F8F430D7F8F43050
:10690000002B14BF01230023DAB2D7F8603183F8DB
:10691000CA2507F11403D3F8B430002B14D007F1C3
:106920001403D3F8B4301846FFF7BFFB0346C7F88B
:10693000F030D7F8F030002B14BF01230023DAB277
:10694000D7F8603183F8CB2507F11403D3F8B830BA
:10695000002B14D007F11403D3F8B8301846FFF712
:10696000A4FB0346C7F8EC30D7F8EC30002B14BF7B
:1069700001230023DAB2D7F8603183F8CC2507F180
:106980001403D3F8BC30002B14D007F11403D3F850
:10699000BC301846FFF789FB0346C7F8E830D7F844
:1069A000E830002B14BF01230023DAB2D7F860319E
:1069B00083F8CD2507F11403D3F8C030002B0FD096
:1069C00007F11403D3F8C0301846FFF747FB03461E
:1069D000C7F8E430D7F8E420D7F86031C3F8D425FD
:1069E00007F11403D3F8C430002B20D007F11403AF
:1069F000D3F8C430C7F8E030D7F8E000FFF706FB63
:106A0000C7F8DC00D7F8603103F5BB64D7F8E000C5
:106A1000FFF7F0FA0146D7F8DC301A462046EAF7CD
:106A2000FBFCD7F86031D7F8DC20C3F8302607F13B
:106A30001403D3F8C430002B08D0D7F86031D3F852
:106A40002C365A1CD7F86031C3F82C26D7F86031A1
:106A500093F8D235002B05D0002B4ADB013B012BEC
:106A600047D834E0D7F8603193F8CF35FF2B13D0F7
:106A7000D7F8603193F8CE355AB2D7F8603193F831
:106A8000CF35194601238B405BB213435BB2DAB2B8
:106A9000D7F8603183F8CE25D7F8603193F8D03538
:106AA000FF2B23D0D7F8603193F8CE355AB2D7F800
:106AB000603193F8D035194601238B405BB2134304
:106AC0005BB2DAB2D7F8603183F8CE250EE0D7F8A2
:106AD000603193F8CF35FF2B05D0D7F8603193F8AC
:106AE000D035FF2B04D16FF0150303E000BF00E0A9
:106AF00000BF0023184607F5B877BD46B0BDB0B556
:106B0000ADF5427D02AF07F10C04206007F10800EB
:106B10000160391D0A603A4613600023C7F8F0325D
:106B20003B461B68002B02D16FF015038EE13B46FC
:106B30001868FFF75FFAC7F8FC023B461868FFF7D2
:106B400065FA024607F114031A60E3E0D7F8F03261
:106B50000F2B02DD6FF0150378E1D7F810331B68B7
:106B600007F118000093BC4BD7F8FC220321F9F77A
:106B70006EF9C7F8F802D7F8F832002B02D0D7F830
:106B8000F83263E107F118035B68002B13D007F1BB
:106B900018039B68002B0CBF01230023DAB207F116
:106BA0001803DB68002B0CBF01230023DBB253402A
:106BB000DBB2002B02D06FF0150347E107F1180399
:106BC0005B681846FFF764FA0346184607F1280287
:106BD000D7F8F0322C2101FB03F3134404330246AF
:106BE0001A8007F118039B68002B52D007F10803A5
:106BF0001B68072B02D16FF0150327E107F128026C
:106C0000D7F8F0322C2101FB03F31344283301227F
:106C10001A7007F118039B681846FFF71FFA014620
:106C200007F12802D7F8F0322C2000FB03F31344BD
:106C3000196007F12802D7F8F0322C2101FB03F389
:106C40000833D41807F11803DB681846FFF7D2F9A8
:106C5000054607F11803DB681846FFF7D7F9034626
:106C60001A4629462046EAF7D7FB07F11803DB68E6
:106C70001846FFF7CBF9034698B207F12802D7F878
:106C8000F0322C2101FB03F31344063302461A8031
:106C90000AE007F12802D7F8F0322C2101FB03F3B8
:106CA0001344283300221A700023C7F8F4321DE081
:106CB00007F12802D7F8F0322C2101FB03F313442B
:106CC00004331A8807F12801D7F8F4322C2000FB8E
:106CD00003F30B4404331B889A4202D16FF015036F
:106CE000B4E0D7F8F4320133C7F8F432D7F8F4221D
:106CF000D7F8F0329A42DBDBD7F8F0320133C7F82D
:106D0000F03207F114031946D7F8FC02FFF756F9E1
:106D1000C7F8FC0207F114031B681946D7F8FC02F8
:106D2000FFF781F90346002B7FF410AFD7F8F0325C
:106D3000002B02D16FF0150388E007F11302391D13
:106D400007F10C030968186800F00EFAC7F8E802AA
:106D5000D7F8E832002B02D16FF0010376E0D7F8C4
:106D6000E83293F8D435002B02D06FF00F036DE0BA
:106D700007F113031B78002B28D007F108031B68C9
:106D8000062B11D1D7F8E8329B7B002B0CD1D7F81A
:106D9000E832D3F8CC35002B03D1D7F8F032012BF1
:106DA00002DD6FF0150351E0D7F8E83203F1480235
:106DB000D7F8E83203F543731946104600F01DFA80
:106DC000D7F8E8324833C7F8EC3205E0D7F8E832B4
:106DD00003F54373C7F8EC3207F108031B68072B70
:106DE00011D1D7F8F03207F1280207F10C00009317
:106DF0001346D7F8EC22D7F8E812006800F081FAC1
:106E0000C7F8F80210E0D7F8F03207F1280207F1CE
:106E10000C0000931346D7F8EC22D7F8E81200686C
:106E200000F005FAC7F8F802D7F8F832002B02D0C4
:106E3000D7F8F8320AE007F113031B78002B04D0CF
:106E4000D7F8E832012283F8D4250023184607F545
:106E50004077BD46B0BD00BFDC32050080B483B0D2
:106E600000AF78603960002318460C37BD465DF8E6
:106E7000047B704780B58EB002AFF860B9607A606D
:106E80003B607B68002B02D16FF015035AE03B6832
:106E90001B6807F1140000932C4B7A680421F8F763
:106EA000D6FFF862FB6A002B01D0FB6A4AE0BB699F
:106EB000002B02D16FF0150344E0BB691846FFF7C1
:106EC000CDF8B862BB68013B042B31D801A252F85F
:106ED00023F000BFE96E0400F76E0400056F0400A4
:106EE000136F0400216F04003A68B96AF868FFF76D
:106EF000F4F8034626E03A68B96AF868FFF711F932
:106F000003461FE03A68B96AF868FFF7C1F903461B
:106F100018E03A68B96AF868FFF7ECF9034611E03F
:106F2000FA693B68B96AF868FFF72AFA034609E08C
:106F30003A6A3B6800931346BA6AB968F868FFF783
:106F4000DEFD034618463037BD4680BD642F050080
:106F500080B483B000AF78607B681B687A689A421F
:106F60000CBF01230023DBB218460C37BD465DF889
:106F7000047B704780B582B000AF78603960796873
:106F80000120E7F715FC034618460837BD4680BDCB
:106F900080B582B000AF78607868E7F71DFC00BF6D
:106FA0000837BD4680BD80B483B000AF78607B6891
:106FB000D3F850367A68126A02FB03F318460C378E
:106FC000BD465DF8047B704780B487B000AF786041
:106FD000094B1B687B61094B1B683B613A697B6904
:106FE000934228BF1346FB60FB6818461C37BD461A
:106FF0005DF8047B704700BF1C330500203305009B
:1070000080B584B000AF78603960002140F21C7018
:10701000FFF7B0FFF860FB68002B01D100237DE093
:10702000FB683A681A60FB6802225A73FB684FF6E5
:10703000FF721A82FB684FF6FF725A827B685B68A8
:107040009A697B685B681B68364981FB030189117B
:10705000DB17CB1A92FBF3F2FB685A617B685B6823
:107060005B694FF4166202FB03F2FB689A617B686E
:107070005B681B682B4A82FB03129211DB17D31A41
:10708000C82202FB03F2FB68DA61FB681E221A6267
:10709000FB68002283F82420FB6832229A62FB6896
:1070A000012283F82C20FB68032283F83820FB6838
:1070B000012283F83920FB68022283F83A20FB681A
:1070C000FF2283F8DB25FB68FF2283F8DC25FB68C1
:1070D000012283F8DD25FB68012283F8D525FB68B2
:1070E000012283F8D625FB681022C3F8D025F86862
:1070F000FDF796F80346002B0BD1FB681A1D7B6841
:1071000003F50253243319461046F8F7A3F9FB6838
:1071100004E000BFF868FFF73BFF00231846103774
:10712000BD4680BDD34D621080B582B000AF78609F
:1071300039603868FDF792F83B6804331846F8F771
:10714000A2F93B6803F5DE631846F9F746FA40F208
:107150001C7200213868EAF788F93868E7F73CFBC9
:1071600000BF0837BD4680BD80B487B000AFF8606F
:10717000B9607A60FB6803F5025324331B68043B53
:107180007B610DE07B691B68BA689A4204D17B6819
:1071900000221A707B692AE07B695B68043B7B6193
:1071A0007B691A1DFB6803F5025324339A42E9D127
:1071B000FB6803F502532C331B68043B7B610DE035
:1071C0007B691B68BA689A4204D17B6801221A70F5
:1071D0007B690CE07B695B68043B7B617B691A1D02
:1071E000FB6803F502532C339A42E9D10023184679
:1071F0001C37BD465DF8047B704780B582B000AF98
:1072000078603960786839683B68D3F8C0322C22DE
:1072100002FB03F31A46EAF7FFF83B68D3F8C022F3
:107220007B68C3F8C02200BF0837BD4680BDB0B43C
:1072300087B000AFF860B9607A603B607B68D3F8D4
:10724000C022BB6A1A44BB68D3F8D0359A4202D92F
:107250006FF0150350E000237B6122E000233B61C7
:1072600016E07B692C2202FB03F33A6813449A88E8
:1072700079683B692C2000FB03F30B4404331B8823
:107280009A4202D16FF0150336E03B6901333B614E
:107290007B68D3F8C0223B699A42E2D87B6901330C
:1072A0007B617B69BA6A9A42D8D800237B611EE071
:1072B0007B692C2202FB03F33A68D0187B68D3F871
:1072C000C032591C7A68C2F8C0127A682C2101FBBE
:1072D00003F313441C4605460FCD0FC40FCD0FC456
:1072E00095E8070084E807007B6901337B617B69CF
:1072F000BA6A9A42DCD8002318461C37BD46B0BC97
:107300007047B0B48BB000AFF860B9607A603B6092
:1073100000237B6200233B6246E00023FB767B6A0E
:107320002C2202FB03F37A6813447B610023FB6188
:107330000FE07B699A88FB692C2101FB03F3396814
:107340000B449B889A4201D10123FB76FB690133F0
:10735000FB61FA69BB6B9A4205D2FB7E83F00103A5
:10736000DBB2002BE5D1FB7E83F00103DBB2002B07
:1073700017D03A6A7B6A9A4210D07A683B6A2C210D
:1073800001FB03F31A447B6914461D460FCD0FC45D
:107390000FCD0FC495E8070084E807003B6A01336E
:1073A0003B627B6A01337B627B68D3F8C0327A6AC6
:1073B0009A42B2D37B683A6AC3F8C02200231846C7
:1073C0002C37BD46B0BC704780B584B000AF786044
:1073D00039603B680C33FB60FB689B78002B06D15F
:1073E000FB68D3F8C035012B12D9002339E0F868C7
:1073F000FFF7EAFD0246FB68C3F8C425FB68D3F833
:10740000C025FB68D3F8C4359A4201D9002328E08F
:10741000FB6893F8D235012B05D1FB681B78012B53
:1074200001D100231DE0FB68DB68FA68526902FBAA
:1074300003F3BB60FB68DB68002B0ED0FB681B69A5
:10744000002B0AD0FB685B69002B06D0FB681B6928
:10745000BA689A4201DA012300E0002303F0010335
:10746000DBB218461037BD4680BD80B582B000AF94
:1074700078607B6893F84C36002B17D07B68D3F884
:10748000443619467868FCF7F8FE02467B68C3F874
:1074900050267B68D3F84436013319467868FCF7E8
:1074A000ECFE02467B68C3F854260BE07B68D3F8F9
:1074B00054267B68C3F850267B6893F824207B68A9
:1074C00083F84C2600BF0837BD4680BD90B589B013
:1074D00000AFF860B9607A60BB68D3F84046B8681E
:1074E000FFF761FD0246BB689B6903FB02F3E218EC
:1074F0007B68D31AFB61FB69002B39DABB68DB6957
:10750000BB61BB689B69BA6992FBF3F37B61BA69A3
:10751000FB69D21ABB6992FBF3F33B61BB68D3F8FA
:1075200040363A69B96901FB02F21A44BB68C3F8F4
:107530004026BB68D3F844263B691A44BB68C3F8AD
:107540004426BB68D3F848363A69796901FB02F2F0
:107550001A44BB68C3F848263B69012B05D0BB68B9
:1075600093F82420BB6883F84C26B868FFF77DFFAA
:1075700000BF2437BD4690BD80B58CB000AFF86029
:10758000B9607A603B600023FB6200237B620023CA
:107590003B62BB6B00221A70FB6803F502532C336D
:1075A0001B68043BBB6258E0BB6A1B7B002B07D106
:1075B000BB6A93F80C3783F00103DBB2002B47D191
:1075C000BB6B01221A70BA68B96AF868FFF77EFFD0
:1075D00007F110031A46B96AF868FCF798FB3B6993
:1075E000FB617B69BB61FB6A002B2AD0FA69BB692E
:1075F0001344FA68526892691A447B6AD31A002BC2
:107600001FDDFA697B6AD21A3B6AD31AFA6852689C
:1076100092699B1A002B1CDABB6A9A6AFB6A9B6A06
:107620009A420EDCBB6A9A6AFB6A9B6A9A4210D144
:10763000BB6AD3F81027FB6AD3F81037D31A002B94
:1076400007DABB6AFB62FB697B62BB693B6200E0F5
:1076500000BFBB6A5B68043BBB62BB6A1A1DFB6868
:1076600003F502532C339A429ED1FB6803F5025373
:107670002C331B68043BBB623FE0BB6A1B7B002BC7
:1076800036D1BB6A93F80C37002B31D1BA68B96A8E
:10769000F868FFF71BFF07F110031A46B96AF8688C
:1076A000FCF735FB3B69FB617B69BB61FB6A002B27
:1076B00006D1BB6AFB62BB687B62BB693B6224E0AC
:1076C0007A6ABB68D21ABB69D31AFA68526892699F
:1076D0009B1A002B0DDBBB6AFB627A6ABB68D31A6C
:1076E000FA68526892699B1A3B62BB687B620CE045
:1076F00000BFBB6A5B68043BBB62BB6A1A1DFB68C8
:1077000003F502532C339A42B7D17B687A6A1A6028
:107710003B683A6A1A60FB6A18463037BD4680BD3E
:1077200080B588B000AFF860B9607A60FB6803F597
:1077300002532C331B68043BFB6143E0FA69BB68CE
:107740009A423AD0FB691B7B002B07D1FB6993F867
:107750000C3783F00103DBB2002B2ED107F11003AD
:107760001A46F969F868FCF7D2FA3B697A689A42D6
:1077700024D9F969F868FCF7B2FA0023BB610EE07E
:10778000F968BA6913469B0013445B010B4403F587
:10779000B653143301221A70BB690133BB61FB6815
:1077A00003F5025318331B68BA699A42E8DB0122D9
:1077B000F969F868FEF712FB00E000BFFB695B683F
:1077C000043BFB61FB691A1DFB6803F502532C3374
:1077D0009A42B3D100BF00BF2037BD4680BD80B5FF
:1077E0008AB002AF7860396000237B6100233B617F
:1077F0000023FB737B6803F502532C331846FFF715
:10780000A7FB0346002B01D000233BE007F110014A
:1078100007F1140207F10F0300930B4639687868EB
:10782000FFF7AAFEF8617A693B6913447A685268E7
:1078300092691344BB61BA69F9697868FFF770FF10
:107840007A69FB69C3F81027FB691B7B002B14D1F5
:107850007B6803F502532C331846F7F738FE0346CE
:10786000002B05D1FB7B83F00103DBB2002B04D09E
:10787000FB690022C3F8142703E03A69FB69C3F8E7
:107880001427FB6918462037BD4680BD80B489B0F7
:1078900000AFF860B9607A603B60BB68DA69BB68CA
:1078A0009B6992FBF3F3FB61BB68D3F8E8367A6817
:1078B000D31ABB61BA69FB6992FBF3F37B617B6905
:1078C000FA6902FB03F3BA69D31A3B617A69BB68B0
:1078D000C3F84426BB689B693A6902FB03F31A4666
:1078E0003B689A1ABB68C3F840263B697A68D21A8B
:1078F000BB68C3F84826BB681B6A3A6992FBF3F27F
:10790000BB68C3F85026BB68012283F80C27BB680C
:107910003A68C3F8102700BF2437BD465DF8047BE2
:10792000704780B582B000AF786039607B6803F53E
:107930008E5308331B683A689A420CBF0123002318
:10794000DBB21A4639687868FEF748FA3B6893F864
:10795000D435002B0CD03B6803F543723B684833A9
:1079600019461046FFF749FC3B68002283F8D425EE
:107970003B6893F86436002B19D03B681A1D7B686E
:1079800003F50253243319461046F7F790FD3B6880
:10799000002283F864263B681022C3F8D0253B6898
:1079A0000022C3F838263B680022C3F83C2600BFFB
:1079B0000837BD4680BD00BF80B582B000AF78609B
:1079C0007B68002B05D10D4B0D4A22210D48D7F7BE
:1079D000F4FB7B681B68002B05D10020E6F710FE46
:1079E00002467B681A607B681B684FF0FF311846BF
:1079F000E6F70AFE00BF0837BD4680BD2C33050000
:107A0000A83405003433050080B582B000AF78603B
:107A10007B68002B03D07B681B68002B05D1074BCC
:107A2000074A2A210748D7F7C8FB7B681B68184616
:107A3000E6F716FE00BF0837BD4680BD7833050067
:107A4000B43405003433050080B483B000AF7860EF
:107A50007B6818460C37BD465DF8047B704780B4E0
:107A600085B000AFF860B9607A6000BF1437BD46DA
:107A70005DF8047B704780B483B000AF786000BFCE
:107A80000C37BD465DF8047B704780B483B000AF0F
:107A9000786000BF0C37BD465DF8047B704780B44A
:107AA00083B000AF786000BF0C37BD465DF8047B43
:107AB000704780B483B000AF78600B46FB7000BFA6
:107AC0000C37BD465DF8047B704780B483B000AFCF
:107AD000786000BF0C37BD465DF8047B704780B40A
:107AE00083B000AF786000BF0C37BD465DF8047B03
:107AF000704780B483B000AF786000BF0C37BD46DC
:107B00005DF8047B704780B584B000AF7860396061
:107B10007868FFF7B0FF7B681B6B5B6A7A6839682F
:107B200010469847F8603B681B681A46F968786801
:107B3000FFF795FFFB6818461037BD4680BD80B53E
:107B400084B000AF78607B68104A9A677B689B6F4F
:107B50005B68002B0CBF01230023DBB2FB607B685A
:107B60009B6F5B68002B05D1094B0A4A1F210A480D
:107B7000D7F723FBFB68002B7B689B6F5B687868FB
:107B8000984700BF1037BD4680BD00BFC83605000E
:107B90009433050058340500B433050080B586B031
:107BA00000AF78607B68DB6F002B14BF01230023DC
:107BB000DBB27B617B68DB6F002B05D01A4B1B4A65
:107BC00025211B48D7F7F9FA7B69002B7B68D3F88E
:107BD0008030002B14BF01230023DBB23B617B68A4
:107BE000D3F88030002B05D0124B104A26211048C4
:107BF000D7F7E3FA3B69002B7B6893F89130FB6081
:107C00007B6893F8913083F00103DBB2002B05D140
:107C1000094B064A27210648D7F7CFFAFB68002B05
:107C200000BF1837BD4680BDDC3305007034050049
:107C3000B4330500F43305000C34050080B582B080
:107C400000AF786039607B689B6F9B68002B04D025
:107C50007B689B6F9B68786898477B683A689A67EF
:107C60007B689B6F5B68002B04D07B689B6F5B68B5
:107C70007868984700BF0837BD4680BD80B584B09E
:107C800000AF786039607B6893F8903083F001032F
:107C9000DBB2002B03D0786801F0D2F852E03968EB
:107CA0007868FAF775FBB860BB68002B0CBF01233E
:107CB0000023DBB2002B03D0786800F0EEF941E03E
:107CC0007B68BA68DA677B680022C3F88420BB68E7
:107CD0001B78042B2AD801A252F823F0F17C04006F
:107CE000FD7C0400097D0400157D0400217D040055
:107CF000786800F041FE0023FB601AE0B9687868FC
:107D000000F05EFFF86014E0B968786801F0FFF9F0
:107D1000F8600EE0B968786800F0DCFCF86008E014
:107D2000B968786800F0FEFDF86002E04FF0FF33BC
:107D3000FB60FB68002B05D0786800F02EF87868AF
:107D400000F0ABF91037BD4680BD80B584B000AF00
:107D500078600023FB600023BB607B6893F8903061
:107D6000002B06D007F1080319467868FFF7CBFE11
:107D7000F860FB68002B03D0786800F08EF908E00B
:107D80007B689B691A46BB68134419467868FFF7FD
:107D900075FF00BF1037BD4680BD80B584B000AF11
:107DA00078607B68DB6FFB60FB685B681B68F8686A
:107DB00098477B680022DA6700BF1037BD4680BD58
:107DC00090B585B000AF78607B68DB6FFB60FB68C7
:107DD000002B2FD07B68D3F88030002B24D0FB6899
:107DE0001B78042B0CBF01230023DBB2BB60FB68B4
:107DF0001B78042B05D1114B114A83211148D7F769
:107E0000DCF9BB68002BFB685B68DC687B68D3F837
:107E1000843019467B68D3F880200223F868A04795
:107E20007B680022C3F880207868FFF7B6FF7B6884
:107E30000022DA6700BF1437BD4690BD203405002C
:107E400088340500B433050080B582B000AF786097
:107E50007B689B6FDB69002B05D07B689B6FDB69C0
:107E60007868984702E0786800F017F900BF083793
:107E7000BD4680BD80B584B000AF78607868FFF7FC
:107E8000E3FDF860FB6888331846FFF795FDF86856
:107E9000FFF7FBFDFB689B6FDB68002B05D0FB68E1
:107EA0009B6FDB68F868984702E0F868FFF7CCFF43
:107EB000F868FFF71EFEFB6888331846FFF7A4FD3D
:107EC00000BF1037BD4680BD80B584B000AF78607C
:107ED0007868FFF7B9FDF860FB6888331846FFF74C
:107EE0006BFDF868FFF7DBFDFB689B6F1B69002BE0
:107EF00005D0FB689B6F1B69F868984702E0F8683B
:107F0000FFF7A2FFF868FFF7F4FDFB688833184617
:107F1000FFF77AFD00BF1037BD4680BD80B584B045
:107F200000AF78600B46FB707868FFF78DFDF86056
:107F3000FB6888331846FFF73FFDFB781946F86861
:107F4000FFF7B7FDFB689B6F5B69002B07D0FB68F1
:107F50009B6F5B69FA781146F868984702E0F86809
:107F6000FFF772FFF868FFF7C4FDFB688833184617
:107F7000FFF74AFD00BF1037BD4680BD80B584B015
:107F800000AF78607868FFF75FFDF860FB688833C2
:107F90001846FFF711FDF868FFF797FDFB689B6F28
:107FA0009B69002B05D0FB689B6F9B69F86898471D
:107FB00002E0F868FFF748FFF868FFF79AFDFB68F2
:107FC00088331846FFF720FD00BF1037BD4680BD3F
:107FD00080B584B000AF78607868FFF735FDF86051
:107FE000FB6888331846FFF7E7FCF868FFF777FD72
:107FF000F868FFF729FFF868FFF77BFDFB68883317
:108000001846FFF701FD00BF1037BD4680BD00BF19
:1080100080B483B000AF78607B68012283F892203F
:1080200000BF0C37BD465DF8047B704780B483B059
:1080300000AF78607B68002283F8922000BF0C3785
:10804000BD465DF8047B704780B483B000AF7860B4
:1080500000BF0C37BD465DF8047B704780B483B029
:1080600000AF78600B46FB7000BF0C37BD465DF873
:10807000047B704780B582B000AF78607B6893F86E
:10808000903083F00103DBB2002B02D0786800F05F
:10809000D7FE00BF0837BD4680BD80B582B000AFB7
:1080A00078607B6893F8903083F00103DBB2002B9B
:1080B00003D0786800F0C4FE03E004497868FFF755
:1080C000BDFD00BF0837BD4680BD00BFCC340500F4
:1080D00080B483B000AF7860396000BF0C37BD4614
:1080E0005DF8047B704780B485B000AFF860B9607C
:1080F0007A6000BF1437BD465DF8047B704780B4DA
:1081000085B000AFF860B9607A6000BF1437BD4633
:108110005DF8047B704780B485B000AFF860B9604B
:108120007A6000BF1437BD465DF8047B704780B4A9
:1081300083B000AF786000BF0C37BD465DF8047BAC
:10814000704780B483B000AF7860396000BF0C37EF
:10815000BD465DF8047B704780B483B000AF7860A3
:10816000396000BF0C37BD465DF8047B704780B4B2
:1081700085B000AFF860B9607A6000BF1437BD46C3
:108180005DF8047B704790B587B000AFF860B960C8
:108190007A603B603A687968F868FFF7B0FFFB687F
:1081A0001B6B9C68F8683B687A68B968A04778617F
:1081B0007969F868FFF78CFF7B6918461C37BD4664
:1081C00090BD80B586B000AFF860B9607A607A681B
:1081D000B968F868FFF79FFFFB681B6BDB68F868FE
:1081E0007A68B968984778617969F868FFF770FF2D
:1081F0007B6918461837BD4680BD80B584B000AF96
:1082000078607868FFF793FF7B681B6B1B697A685F
:1082100010469847F860F9687868FFF759FFFB68DF
:1082200018461037BD4680BD80B586B000AFF860F7
:10823000B9607A607968F868FFF783FFFB681B6BA9
:108240005B69F8687A68B968984778617A6879698B
:10825000F868FFF748FF7B6918461837BD4680BDB0
:1082600080B584B000AF7860396039687868FFF70E
:1082700073FF7B681B6B5B6C002B08D07B681B6BF0
:108280005B6C7A68396810469847F86002E06FF0D6
:108290005E03FB60F9687868FFF71AFFFB68184611
:1082A0001037BD4680BD80B586B000AFF860B960BC
:1082B0007A607A68B968F868FFF759FFFB681B6B4A
:1082C0009B6CF8687A68B968984778617969F8684A
:1082D000FFF7FEFE7B6918461837BD4680BD80B5A6
:1082E00088B000AF786039607B68B3F8A0303B811C
:1082F0007B68B3F8A2307B817B68D3E92623C7E98A
:1083000004233B681A6B07F1080319467868FFF7E6
:10831000CAFF034618462037BD4680BD80B586B0EB
:1083200000AFF860B9607A607B6801337B60BB683E
:108330001B697A689A4217D27A68B968F86800F0BF
:1083400033F978617B69002B39D0F868FFF725FD98
:108350007B6913F13E0F03D1F868FFF7F6FC2EE0BE
:10836000F868FFF79AFE2AE0BB681B6B002B0ED063
:10837000B968F868FFF7B3FF78617B69002B06D016
:10838000F868FFF70AFDF868FFF787FE17E0BB689B
:10839000DB68002B0DD0BB689B68BA68D2681344B9
:1083A0003B61F868FFF7F9FC3969F868FFF766FC8C
:1083B00005E0F868FFF7F1FCF868FFF7C6FC18372E
:1083C000BD4680BD90B599B000AF78607B68DB6F2B
:1083D000FB657B68D3F88430BB65FB6D5969BA6D6A
:1083E0001346DB009B1A9B000B447B650023FB6458
:1083F00007F10803402200211846E9F736F87B6DA3
:108400001B8AA7F8423007F1080207F14C0319460E
:108410007868FFF709FF38653B6D002B08D1FB6DCD
:108420005B685C68B96DFA6C07F10803F86DA047EA
:108430003B6D002B0AD03B6D13F1100F06D078680E
:10844000FFF7ABFC7868FFF728FE05E0BA6DF96D21
:108450007868FFF763FF00BF00BF6437BD4690BD7B
:1084600090B585B000AF78607B68DB6FFB607B68A0
:10847000D3F88430BB60FB685B685C68B968002334
:108480000022F868A047BA68F9687868FFF746FFE5
:1084900000BF1437BD4690BD90B585B000AF786081
:1084A0000B46FB707B68DB6FFB607B68D3F8843026
:1084B000BB60FB685B685C68B96800230022F868F1
:1084C000A047BA68F9687868FFF728FF00BF14373B
:1084D000BD4690BD90B587B000AF78607B68DB6F1C
:1084E0007B617B68D3F884303B617B6959693A6969
:1084F0001346DB009B1A9B000B44FB60FB689B68E8
:10850000B3F1FF3F21D17868FFF777FEB860BB6811
:1085100013F1100F18D07B695B685C6800230022A0
:1085200039697869A047BB68002B06D07868FFF7E7
:1085300034FC7868FFF7B1FD07E03B691A467969BA
:108540007868FFF7EBFE00E000BF1C37BD4690BD2A
:1085500090B585B000AF78607B68DB6FFB607B68AF
:10856000D3F88430BB60FB685B68DC68B9687B6803
:10857000D3F880200023F868A0477B680022C3F866
:108580008020BA68F9687868FFF7C8FE00BF143722
:10859000BD4690BD80B483B000AF786000BF0C379B
:1085A000BD465DF8047B704790B589B000AFF860B8
:1085B000B9607A60FB687A68C3F88420BB6859693F
:1085C0007A681346DB009B1A9B000B44FB61FB6936
:1085D0001B7883F00103DBB2002B2AD0FB691B7BE5
:1085E00003F00203002B02D06FF0150369E0FB6972
:1085F0009B69002B0BD0FB699B691946F868FFF754
:108600002FFE78617B69002B01D07B6959E0FB6903
:10861000043300221946F868FFF7D3FD78617B69BF
:10862000002B01D07B694CE02849F868FFF706FB76
:1086300046E0FB699B68002B02D06FF0150340E019
:10864000BB685B689B687A681146B8689847B861F0
:10865000FB699B69002B13D0FB699B691946F8687D
:10866000FFF7FEFD78617B69002B09D0BB685B6872
:10867000DC6879680223BA69B868A0477B6920E0A2
:10868000FB691A1D0023B969F868FFF77CFD786162
:108690007B69002B09D0BB685B68DC6879680223C2
:1086A000BA69B868A0477B690BE0FB68BA69C3F890
:1086B0008020F868F9F70FFF0549F868FFF7BEFA60
:1086C000002318462437BD4690BD00BF0035050085
:1086D0003435050080B586B000AF7860396001237D
:1086E0007B613B681B69002B03D03B685B69002BF7
:1086F0001DD16FF0150338E03B6859697A6913465C
:10870000DB009B1A9B000B44FB60FB681B7883F02B
:108710000103DBB2002B07D0FB689B68B3F1FF3F7E
:1087200002D16FF0150320E07B6901337B613B6868
:108730001A697B699A42DFD83B681B6B002B0ED00D
:108740003B6803F118013B681B6B1A467868FFF71A
:10875000AAFD38613B69002B01D03B6905E000228E
:1087600039687868FFF720FF034618461837BD467A
:1087700080BD00BF80B586B000AF786039607B688F
:10878000DB6F7B617B69DB683B617B699A683B6976
:108790001344FB603B68002B15D07868FFF7FDFAA7
:1087A0003B68012B03D07868FFF777FC0CE03B694E
:1087B000002B04D0F9687868FFF760FA04E0786865
:1087C000FFF7C3FA00E000BF1837BD4680BD80B593
:1087D00084B000AF78607B68DB6FBB60BB685B68B0
:1087E0009B68002B06D0BB685B689B68B86898479D
:1087F000F86002E06FF05E03FB60F9687868FFF7ED
:10880000B9FF00BF1037BD4680BD80B584B000AF52
:1088100078607B68DB6FBB60BB685B68DB68002BE4
:1088200006D0BB685B68DB68B8689847F86002E010
:108830006FF05E03FB60F9687868FFF79BFF00BF8D
:108840001037BD4680BD80B584B000AF78600B4660
:10885000FB707B68DB6FBB60BB685B681B69002BD0
:1088600008D0BB685B681B69FA781146B8689847FE
:10887000F86002E06FF05E03FB60F9687868FFF76C
:1088800079FF00BF1037BD4680BD80B584B000AF12
:1088900078607B68DB6FFB60FB685B685B69F8682E
:1088A0009847B860B9687868FFF764FF00BF103771
:1088B000BD4680BD80B584B000AF78607B68DB6F5B
:1088C000BB60BB685B689B69002B06D0BB685B68BC
:1088D0009B69B8689847F86002E06FF05E03FB6040
:1088E000F9687868FFF746FF00BF1037BD4680BDC6
:1088F00080B584B000AF78607B68DB6FFB60FB689D
:108900005B68DB69002B09D0FB685B68DB69F86892
:108910009847B860B9687868FFF72CFF00BF103738
:10892000BD4680BD80B582B000AF786039600A492D
:108930007868FFF783F93B685B685B68002B06D0BB
:108940003B685B685B6838689847034600E0002333
:1089500018460837BD4680BD6435050080B582B035
:1089600000AF78607868FFF718FA7868FFF7EDF9DC
:1089700000BF0837BD4680BD80B582B000AF7860CB
:1089800003497868FFF75AF900BF0837BD4680BD34
:108990009435050080B483B000AF7860396000BFC3
:1089A0000C37BD465DF8047B704780B485B000AFDE
:1089B000F860B9607A6000BF1437BD465DF8047B8B
:1089C000704780B485B000AFF860B9607A6000BFCE
:1089D0001437BD465DF8047B704780B483B000AFA8
:1089E000786000BF0C37BD465DF8047B704780B4EB
:1089F00083B000AF7860396000BF0C37BD465DF8CA
:108A0000047B704780B586B000AFF860B9607A60CB
:108A10007A68B968F868FFF7D4FFFB681B6BDB68FE
:108A2000F8687A68B968984778617969F868FFF7F3
:108A3000B1FF7B6918461837BD4680BD80B584B04C
:108A400000AF78607868FFF7C8FF7B681B6B1B6915
:108A50007A6810469847F860F9687868FFF79AFFD7
:108A6000FB6818461037BD4680BD80B586B000AFA4
:108A7000F860B9607A607968F868FFF7B8FFFB685A
:108A80001B6B5B69F8687A68B968984778617A689F
:108A90007969F868FFF789FF7B6918461837BD4682
:108AA00080BD80B582B000AF78607868FFF775F957
:108AB0007868FFF74AF900BF0837BD4680BD80B42B
:108AC00083B000AF786000BF0C37BD465DF8047B13
:108AD000704790B597B000AF78607B68DB6F7B65BF
:108AE0000023FB6407F10803402200211846E8F741
:108AF000BCFC0423A7F8423007F1080207F14C033D
:108B000019467868FFF7B1FF38653B6D002B13D12C
:108B10007B6D5B685C68FA6C07F108030021786D77
:108B2000A047B7F8423003F48063002B04D00C490F
:108B30007868FFF783F810E07868FFF72EF93B6D4F
:108B4000002B07D03B6D13F1100F03D07868FFF7AF
:108B5000A4FA02E07868FFF7F8F85C37BD4690BDEC
:108B6000CC35050080B582B000AF78600B46FB7055
:108B70007868FFF712F97868FFF7E7F800BF083761
:108B8000BD4680BD80B584B000AF78607868FFF7DF
:108B900055FFF860FB6813F1100F0DD07868FFF7F0
:108BA000FCF8FB68002B03D07868FFF776FA04E046
:108BB0007868FFF7CAF800E000BF1037BD4680BDF7
:108BC00080B586B000AF7860396007F108030022F5
:108BD0001A605A609A604FF0FF33FB6002233B74C7
:108BE00007F10803002219467868FFF70BFF786148
:108BF0007B69002B01D07B6904E004497868FFF7AA
:108C00001DF8002318461837BD4680BDF83505000D
:108C100080B582B000AF78607B685B68002B05D1BF
:108C2000074B084A40210848D6F7C7FA7B685B68BB
:108C30001846E5F789FD00BF0837BD4680BD00BF77
:108C400020360500F03605003036050080B485B0CA
:108C500000AF786039607B68FB603B68BB60BB68D5
:108C60001A46FB68BFF35B8F1A60BFF35B8F00BFD0
:108C70001437BD465DF8047B704780B483B000AF05
:108C80007860396000BF0C37BD465DF8047B7047E3
:108C900080B483B000AF786000BF0C37BD465DF88C
:108CA000047B704780B483B000AF786000BF0C379E
:108CB000BD465DF8047B704780B483B000AF786038
:108CC00000BF0C37BD465DF8047B704780B584B0AB
:108CD00000AF78607868FFF7E5FF7B681B6B1B6867
:108CE0007A6810469847F860F9687868FFF7C5FF1A
:108CF000FB6818461037BD4680BD80B582B000AF16
:108D000078607868FFF7D8FF7B681B6B5B687A68D0
:108D1000104698477868FFF7BBFF00BF0837BD468D
:108D200080BD80B582B000AF78607868F9F7E5F96A
:108D30007B68002283F891207B6868331846F7F738
:108D400069FA7B68703300211846FFF77FFF7B6864
:108D500044331846FFF75CFF00BF0837BD4680BDAF
:108D600080B483B000AF78607B68012283F89120E3
:108D700000BF0C37BD465DF8047B704780B584B0FA
:108D800000AF78600123FB60024B034A2B210348AC
:108D9000D6F713FA74360500F83605007C36050060
:108DA00080B582B000AF78600B46FB707868FFF743
:108DB000E5FF00BF0837BD4680BD80B584B000AF79
:108DC00078607B6893F89030002B2FD07868FFF79D
:108DD0007DFFF860FB68002B12D17868FEF7B5FFC5
:108DE0007B6893F89230002B20D000BF7B68002274
:108DF00083F890207B689B6F5B6A7868984700E0F7
:108E000000BF7B6893F89130BB607B6893F891302A
:108E100083F00103DBB2002B05D1064B064A4B2140
:108E20000648D6F7CAF9BB68002B00E000BF103730
:108E3000BD4680BDAC360500183705007C36050000
:108E400080B582B000AF78607868FFF756FF786829
:108E5000FEF7B6FF786801F095FC04497868FEF7E4
:108E6000EDFE00BF0837BD4680BD00BFC836050017
:108E700080B582B000AF78607868E5F7ADFC00BFE0
:108E80000837BD4680BD80B582B000AF7860786895
:108E9000FFF7EEFF00BF0837BD4680BD80B582B04A
:108EA00000AF78607868FFF7EEFF00BF0837BD4677
:108EB00080BD80B483B000AF7860396000BF0C37EC
:108EC000BD465DF8047B704780B485B000AFF860A4
:108ED000B9607A6000BF1437BD465DF8047B704707
:108EE00080B485B000AFF860B9607A6000BF143715
:108EF000BD465DF8047B704780B483B000AF7860F6
:108F0000396000BF0C37BD465DF8047B704790B5F3
:108F100087B000AFF860B9607A603B603A68796802
:108F2000F868FFF7DDFFFB681B6B9C68F8683B681F
:108F30007A68B968A04778617969F868FFF7B9FF7E
:108F40007B6918461C37BD4690BD80B586B000AF22
:108F5000F860B9607A607968F868FFF7CDFFFB6860
:108F60001B6B5B69F8687A68B968984778617A68BA
:108F70007969F868FFF7A8FF7B6918461837BD467E
:108F800080BD90B585B000AF78607B68DB6FFB601B
:108F9000FB685B68DC687B68D3F8802000230021D5
:108FA000F868A0477B680022C3F880207868FEF745
:108FB000F4FE7868FEF7C9FE00BF1437BD4690BDC9
:108FC00080B483B000AF786000BF0C37BD465DF859
:108FD000047B704790B597B000AF78607B68DB6F1B
:108FE0007B650023FB6407F108034022002118463B
:108FF000E8F73BFA0423A7F8423007F1080207F12B
:109000004C0319467868FFF7A0FF38653B6D002BCD
:1090100036D1FB6CDB691B7803F00703022B16D1FA
:10902000FB6CDB6902331A787B68D3F88030DB692C
:1090300002331B789A420AD17B6D5B68DC687B68DF
:10904000D3F8802000230021786DA04709E07B6DD4
:109050005B68DC687B68D3F8802001230021786D91
:10906000A047FB6C1846FFF719FF7B680022C3F886
:1090700080207868FEF791FE7868FEF766FE02E0D1
:109080007868FFF70AF800BF5C37BD4690BD90B521
:1090900085B000AF78607B68DB6FFB60FB685B6866
:1090A000DC687B68D3F8802001230021F868A047A2
:1090B0007B680022C3F880207868FEF76EFE78682F
:1090C000FEF743FE00BF1437BD4690BD80B582B0A9
:1090D00000AF78600B46FB707868FFF7D8FF00BFE1
:1090E0000837BD4680BD80B483B000AF786000BF54
:1090F0000C37BD465DF8047B704780B483B000AF89
:10910000786000BF0C37BD465DF8047B704790B5B2
:109110008BB000AF786039603B685B689B6800216A
:109120003868984778627B6ADB691B7803F0200314
:1091300087F8233007F1080300221A605A609A600A
:10914000DA601A6197F82330002B06D07B685A68E2
:1091500013465B0013449B0000E00023FB6007F113
:1091600008020023796A7868FFF7D1FEF861FB698D
:10917000002B09D03B685B68DC6802237A6A002117
:109180003868A047FB6914E07B687A6AC3F88020DE
:109190007868F9F7A0F997F82330002B04D0074935
:1091A0007868FEF74BFD03E005497868FEF746FD59
:1091B000002318462C37BD4690BD00BF7837050008
:1091C0004837050080B588B000AFF860B9607A60B4
:1091D000FB685B6A1B68FB610223BB61FA69BB68C1
:1091E0001A44BB69134479681846F6F789FE78611A
:1091F0007B69002B01D1002304E0F9697869F6F757
:10920000BDFE7B6918462037BD4680BD80B485B061
:1092100000AF03463960FB803B68FB60FB685A1C6B
:10922000FA60FA88D2B21A70FB881B0A99B2FB68FE
:109230005A1CFA60CAB21A7000BF1437BD465DF8F6
:10924000047B704780B485B000AF78607B68FB60BA
:10925000FB681B789AB2FB6801331B789BB21B0238
:109260009BB213439BB218461437BD465DF8047B8E
:10927000704780B483B000AF78607B685A6A7B68BF
:109280001B6AD31A18460C37BD465DF8047B70473D
:1092900080B485B000AF78607B680833FB60FB6802
:1092A00000221A707B685B699AB2FB689A8000BFE3
:1092B0001437BD465DF8047B704780B584B000AFBD
:1092C00078600B46FB707B680833BB60FB78002B33
:1092D00026D00023FB73BB681B78012B0BD1002227
:1092E0007F21786800F022F80346002B0CBF012391
:1092F0000023FB730EE0BB681B78012B0AD9002208
:109300000F21786800F06CF80346002B0CBF012396
:109310000023FB73FB7B002B02D06FF0680301E09E
:10932000BB689B8818461037BD4680BD80B588B0A5
:1093300000AFF860B9607A60FB680833FB617B6856
:109340007F2B8CBF01230023DBB2002B01D0002335
:1093500042E0F868FFF78DFF03461A467B68023348
:109360009A4234BF01230023DBB2002B01D000233B
:1093700032E0FB691B78002B0AD1FB68DB69013303
:109380001A78FB68DB69013342F00202D2B21A702C
:10939000FB6901221A707B681BB203F07F031AB2CB
:1093A000BB68DB011BB203F4FF431BB213431BB2C8
:1093B0007B837B6802331946F868F6F719FE7861FB
:1093C0007B8B79691846FFF721FFFB685B699AB2CE
:1093D000FB699A807B69023318462037BD4680BD01
:1093E00080B588B000AFF860B9607A60FB68083378
:1093F000BB610023FB77BB691B78012B01D80123DC
:10940000FB777B6840F2FF7293428CBF01230023FD
:10941000DBB2002B01D0002350E0F868FFF729FFF2
:1094200003461946FB7F002B01D0042200E00222F4
:109430007B681344994234BF01230023DBB2002B25
:1094400001D000233AE0BB691B78002B0AD1FB68EE
:10945000DB6901331A78FB68DB69013342F00202F1
:10946000D2B21A70FB7F002B04D000227E21F86854
:10947000FFF75CFFBB6902221A707B681BB2C3F363
:109480000A031AB2BB68DB021BB203F4F0431BB23F
:1094900013431BB26FEA43436FEA53431BB2FB8291
:1094A0007B6802331946F868F6F7A2FD3861FB8A3B
:1094B00039691846FFF7AAFE3B6902331846203780
:1094C000BD4680BD80B58AB000AFF860B9607A60F3
:1094D000FB680833FB61BB680F2B1FDC7B6840F225
:1094E000FF7293428CBF01230023DBB2002B01D01B
:1094F00000238EE07B681BB2C3F30A031AB2BB6879
:10950000DB021BB203F4F0431BB213431BB26FEA3E
:1095100043436FEA53431BB2FB8416E07B68FF2B87
:109520008CBF01230023DBB2002B01D0002370E0AD
:109530007B681BB2DBB21AB2BB681B021BB203F41E
:10954000FE431BB213431BB2FB84FB691B78032B46
:109550001DD07B6802331A460121F868FFF740FFEF
:1095600038623B6A002B0CBF01230023DBB2002BC7
:1095700001D000234DE0FB6903221A703B6A9A1E5A
:10958000FB68DB69D31A9AB2FB695A803AE0FB6840
:10959000DB69FA6952881344BB61B869FFF752FE70
:1095A0000346FB82FB8AC3F30A033B613A697B688B
:1095B000134402333B613B6940F2FF729342CCBFDC
:1095C00001230023DBB2002B01D0002321E0B7F9F7
:1095D000163023F4FF6323F007031AB23B691BB272
:1095E000C3F30A031BB213431BB2FB82FB8AB969A4
:1095F0001846FFF70BFE7B6802331946F868F6F74A
:10960000F7FC3862FB8C396A1846FFF7FFFD3B6AAE
:10961000023318462837BD4680BD80B584B000AF00
:10962000786039600023FB737B685B69012B1BD872
:109630003B68DB68002B02D06FF01503ACE07B6861
:109640005B69002B02D06FF04C03A5E03B68012260
:109650001A703B6800225A703B6800225A603B68CF
:1096600000229A60012397E07B68DB691846FFF7C8
:10967000E9FD0346BB8102217868F6F743FD3B68AC
:10968000DB68002B2FD03B6803225A70B7F90C30EF
:10969000002B0BDABB89DB1203F00F023B685A6028
:1096A000BB89C3F30A023B689A6009E0BB891B12BD
:1096B00003F07F023B685A60BB89DAB23B689A606C
:1096C0003B68DA683B689B6802339A4202D26FF0CB
:1096D0004C0361E03B68DA683B689B68D31A9A1ECA
:1096E0003B68DA6057E0B7F90C30DB439BB2DB0B29
:1096F000FB723B681B7883F00103DBB2FA7A9A4273
:1097000002D06FF04C0347E0FB7A002B1DD03B6882
:1097100001225A70BB89DB11DAB23B685A60BB89FF
:1097200003F07F023B689A603B685B687E2B02D146
:109730003B6801221A703B685B687F2B22D13B6833
:1097400001221A700123FB731CE03B6802225A704D
:10975000BB89DB1203F00F023B685A60BB89C3F37D
:109760000A023B689A603B685B680F2B02D10123B9
:10977000FB7307E03B685B68012B03D13B689A6889
:109780003B68DA607B685A693B689B689A4202D200
:109790006FF04C0300E0FB7B18461037BD4680BDE0
:1097A00080B485B000AF78607B68BFF35B8F53E80F
:1097B000002F02F1010143E800100028F7D1BFF3A8
:1097C0005B8FFA60FB680133FB60FB681846143757
:1097D000BD465DF8047B704780B483B000AF78600D
:1097E0007B68BFF35B8F53E8002F02F1FF3243E841
:1097F00000210029F7D1BFF35B8F00BF0C37BD46B6
:109800005DF8047B704780B582B000AF78600020BF
:10981000E4F7F6FE02467B681A6000BF0837BD46D3
:1098200080BD80B582B000AF78607B68002B05D129
:109830000D4B0E4A22210E48D5F7BFFC7B681B68F2
:10984000002B05D10020E4F7DBFE02467B681A609E
:109850007B681B684FF0FF311846E4F7D5FE00BF68
:109860000837BD4680BD00BFA03705009C39050004
:10987000A837050080B582B000AF78607B68002B08
:1098800003D07B681B68002B05D1074B074A2A21B0
:109890000748D5F792FC7B681B681846E4F7E0FEA2
:1098A00000BF0837BD4680BDEC370500A83905006C
:1098B000A837050080B582B000AF78607B68002BC8
:1098C00003D07B681B68002B05D1074B074A30216A
:1098D0000748D5F772FC7B681B681846E4F7E8FE7A
:1098E00000BF0837BD4680BDEC370500083A0500CB
:1098F000A837050080B483B000AF78607B681B7820
:1099000018460C37BD465DF8047B704780B582B0C1
:1099100000AF78607B685B68002B05D00C4B0D4A6C
:1099200031210D48D5F749FC01210020E4F7CCFE98
:1099300002467B685A607B685B6800211846E4F742
:10994000D7FE7B6800221A7000BF0837BD4680BD75
:1099500008380500D03905001838050080B582B0F8
:1099600000AF78607B685B68002B05D1074B084A25
:109970003A210848D5F721FC7B685B681846E4F774
:109980000BFF00BF0837BD4680BD00BF5C38050037
:10999000183A05001838050080B582B000AF78602D
:1099A00039607B68002B05D1064B074A1F21074809
:1099B000D5F703FC7B683A681A6000BF0837BD46DC
:1099C00080BD00BF6C380500E43905007038050023
:1099D00080B483B000AF78607B6818460C37BD4612
:1099E0005DF8047B704780B483B000AF78607B681B
:1099F0008C3B18460C37BD465DF8047B704780B43D
:109A000085B000AFF860B9607A6000BF1437BD461A
:109A10005DF8047B704780B483B000AF786000BF0E
:109A20000C37BD465DF8047B704780B584B000AF4D
:109A3000786039607868FFF7EEFF7B681B6B5B6AC4
:109A40007A68396810469847F8603B681B681A4680
:109A5000F9687868FFF7D3FFFB6818461037BD46F2
:109A600080BD80B582B000AF786039607B681B6BC9
:109A70009B6A7A6839681046984702460B4610463A
:109A800019460837BD4680BD80B584B000AFF86088
:109A9000C7E90023FB681B6BD96AF868D7E9002384
:109AA0008847034618461037BD4680BD80B584B050
:109AB00000AFF860B9607A60FB681B6B1B6BF868DD
:109AC0007A68B968984702460B461046194610371F
:109AD000BD4680BD80B586B002AFF860C7E90023FF
:109AE000FB681B6B596BF868D7E90623CDE90023A7
:109AF000D7E90023884702460B461046194610371F
:109B0000BD4680BD80B584B000AF78607868FFF74F
:109B10006AFFF860FB6888331846FFF782FEFB682F
:109B200093F89130002B02D0F868F8F7BFFCFB687F
:109B300088331846FFF79EFE00BF1037BD4680BD34
:109B400080B588B000AF786039603B68002B1BD0CF
:109B50003B681B68002B17D03B685B68002B13D059
:109B60003B689B68002B0FD03B68DB68002B0BD059
:109B70003B681B69002B07D03B685B69002B03D057
:109B80003B689B69002B01D1012300E00023FB61AE
:109B90003B68002B1BD03B681B68002B17D03B6831
:109BA0005B68002B13D03B689B68002B0FD03B6891
:109BB000DB68002B0BD03B681B69002B07D03B6890
:109BC0005B69002B03D03B689B69002B05D1334BAD
:109BD000334A41213348D5F7F0FAFB69002B14BF13
:109BE00001230023DBB2002B01D0002351E07B686E
:109BF000C033BB612C49B869F7F77AFE78617B699D
:109C0000002B01D1002344E02848FFF7C9FD38614B
:109C10003B69002B07DA2548FFF7DEFD7869F7F787
:109C20008BFE002335E07B69DB68FB60FB687A69AB
:109C3000DA62FB687A695A62FB6803F1C002FB686A
:109C40009A62FB683A681A633B695A1EFB685A635A
:109C5000FB6844331846FFF759FEFB688833184603
:109C6000FFF7D1FDFB688C3311491846FFF794FECE
:109C7000FB6888331846FFF7D4FDF868F8F7CFF98A
:109C8000F868FDF75CFFFB6888331846FFF7F2FDC4
:109C9000FB6818462037BD4680BD00BFB8380500B8
:109CA000B839050048390500703B050090E30020F5
:109CB000059B040080B584B000AF78607868FFF73A
:109CC00087FEF860FB6888331846FFF7AAFDF8683E
:109CD000FDF764FFF868F8F7C0F9FB6888331846A9
:109CE000FFF7C8FDFB6888331846FFF7E3FDFB6804
:109CF00044331846FFF7FEFD0346002B14BF012333
:109D00000023DBB2BB60FB6844331846FFF7F2FD6B
:109D10000346002B05D00B4B0B4A6F210B48D5F7A0
:109D20004CFABB68002BFB6844331846FFF716FE5D
:109D3000FB68DB6A1846F7F7FFFD00BF1037BD462A
:109D400080BD00BF74390500F039050048390500B1
:109D500080B584B000AF78607868FFF739FEF860AE
:109D60007B685B6A5A687B685B6A42F008025A60EB
:109D7000FB68DB6A1846F7F7ECFDB860BB68002BA0
:109D800001D0BB681EE0FB68DB6A1B69D3E90023D6
:109D9000F968C1E92623FB684FF6FF72A3F8A020FB
:109DA000FB684FF6FF72A3F8A2200848FFF739FDC1
:109DB000FB683C3306491846F5F74CFB0348FFF7B0
:109DC00059FD002318461037BD4680BD8CE30020A6
:109DD0007827002080B584B000AF78607868FFF7FE
:109DE000F7FDF8601048FFF71CFDFB683C33184690
:109DF000F5F749FB0C48FFF73DFDFB68DB6A1846A9
:109E0000F7F7BAFDFB6888331846FFF70AFDF868D4
:109E1000F8F780F9FB6888331846FFF72BFD00BF81
:109E20001037BD4680BD00BF8CE3002080B584B0F4
:109E300000AF78607868FFF7CBFDF860FB68D3E986
:109E40002623104619461037BD4680BD80B584B024
:109E500000AF78607868FFF7BBFDF860FB68B3F887
:109E6000A03018461037BD4680BD80B584B000AF25
:109E700078607868FFF7ACFDF860FB68B3F8A23053
:109E800018461037BD4680BD80B584B000AF7860FD
:109E900039607868FFF79CFDF860FB6893F89130B3
:109EA00083F00103DBB2002B02D06FF0720304E0F9
:109EB0003968F868FFF7B9FD034618461037BD4604
:109EC00080BD80B584B000AF786039607868FFF7F6
:109ED0007FFDF8603968F868FFF7C3FD02460B465E
:109EE000104619461037BD4680BD80B586B000AF1C
:109EF000F860C7E90023F868FFF76AFD7861D7E9E1
:109F000000237869FFF7C0FD034618461837BD46A1
:109F100080BD80B586B000AFF860B9607A60F8683F
:109F2000FFF756FD78617A68B9687869FFF7BEFD7A
:109F300002460B46104619461837BD4680BD80B50F
:109F400088B002AFF860C7E90023F868FFF740FD6A
:109F50007861D7E90823CDE90023D7E900237869A0
:109F6000FFF7B8FD02460B46104619461837BD46A6
:109F700080BD80B584B000AF78600023FB601048DE
:109F8000FFF74FFC0F4B1B683C3BBB600BE0BB6813
:109F90005B6B7A689A4202DCBB68FB6008E0BB68D6
:109FA000DB6B3C3BBB60BB683C33064A9342EED163
:109FB0000348FFF75FFCFB6818461037BD4680BDBD
:109FC0008CE300207827002080B584B000AFF6F73E
:109FD00083FDF860FB68002B01D0FB684AE0F8F7CE
:109FE00069FCF860FB68002B14BF01230023DBB27F
:109FF000BB60FB68002B06D0204B214A40F20311C6
:10A000002048D5F7DAF8BB68002B14BF01230023E2
:10A01000DBB2002B01D0FB682CE002F021FAF860E3
:10A02000FB68002B14BF01230023DBB27B60FB68BD
:10A03000002B06D0114B124A40F205111148D5F7FA
:10A04000BCF87B68002BF8F783FDF860FB68002BF9
:10A0500014BF01230023DBB23B60FB68002B06D05A
:10A06000064B074A40F207110648D5F7A6F83B68A9
:10A07000002BFB6818461037BD4680BD943905009B
:10A08000303A05004839050080B500AFF8F76AFDA1
:10A0900002F0F4F9F8F718FCF6F726FD00BF80BDD2
:10A0A00080B582B000AF78607B68002B05D10D4B86
:10A0B0000D4A22210D48D5F780F87B681B68002BDC
:10A0C00005D10020E4F79CFA02467B681A607B68A1
:10A0D0001B684FF0FF311846E4F796FA00BF0837C7
:10A0E000BD4680BD403A0500C83B0500483A050022
:10A0F00080B582B000AF78607B68002B03D07B68AE
:10A100001B68002B05D1074B074A2A210748D5F7C2
:10A1100054F87B681B681846E4F7A2FA00BF0837BA
:10A12000BD4680BD8C3A0500D43B0500483A050089
:10A1300080B582B000AF78607B68002B03D07B686D
:10A140001B68002B05D1074B074A25210748D5F787
:10A1500034F87B681B687868984700BF0837BD46AD
:10A1600080BD00BFA83A0500F43B0500C03A0500D9
:10A1700080B485B000AF78607B68BFF35B8F53E835
:10A18000002F02F1010143E800100028F7D1BFF3CE
:10A190005B8FFA60FB680133FB60FB68184614377D
:10A1A000BD465DF8047B704780B483B000AF786033
:10A1B000396000BF0C37BD465DF8047B704780B442
:10A1C00083B000AF7860084611461A460346FB701C
:10A1D0000B46BB7013467B7000BF0C37BD465DF865
:10A1E000047B704780B485B000AFF860B9607A60D6
:10A1F00000BF1437BD465DF8047B704780B483B060
:10A2000000AF78600B46FB7000BF0C37BD465DF8B1
:10A21000047B704780B483B000AF78600B46FB705E
:10A2200000BF0C37BD465DF8047B704790B585B024
:10A2300000AF7860084611461A460346FB700B468D
:10A24000BB7013467B707B78BA78F9787868FFF733
:10A25000B6FF7B681B6BDC6B78687B78BA78F97823
:10A26000A047F860F9687868FFF79EFFFB6818461A
:10A270001437BD4690BD80B586B000AFF860B960B8
:10A280007A607A68B968F868FFF7ACFFFB681B6B07
:10A290009B6CF8687A68B968984778617969F8685A
:10A2A000FFF782FF7B6918461837BD4680BD80B531
:10A2B00084B000AF78600B46FB70FB781946786875
:10A2C000FFF79CFF7B681B6B9B6D7A68F9781046E3
:10A2D0009847F860F9687868FFF766FFFB681846EA
:10A2E0001037BD4680BD80B584B000AF78600B46A6
:10A2F000FB70FB7819467868FFF78CFF7B681B6B57
:10A30000DB6D7A68F97810469847F860F9687868E4
:10A31000FFF74AFFFB6818461037BD4680BD80B581
:10A3200086B000AF78607B68DB687B617B6993F8FF
:10A3300091303B617B6993F8913083F00103DBB28C
:10A34000002B05D10D4B0E4A25210E48D4F735FFC1
:10A350003B69002B7B6988331846FFF7A1FE7869BB
:10A36000F7F78EFEF8607B6988331846FFF7C0FE6A
:10A37000FB6818461837BD4680BD00BF083B050086
:10A38000B43B05001C3B050080B584B000AF78608D
:10A390007B68DB68FB60FB6893F8913083F0010316
:10A3A000DBB2BB60FB6893F89130002B05D1234BE7
:10A3B000234A33212348D4F700FFBB68002BFB68F6
:10A3C00088331846FFF76CFEF868F7F785FEFB68E0
:10A3D00088331846FFF78CFEFB6893F8913083F0C2
:10A3E0000103DBB2002B23D1FB68012283F8442058
:10A3F000FB689B6C002B05D1134B114A3921114886
:10A40000D4F7DBFEFB689B6C4FF0FF311846E4F796
:10A410006FF9FB6893F8913083F00103DBB2002BF6
:10A4200000D1EFE700BFFB68002283F8442000E082
:10A4300000BF00BF1037BD4680BD00BF443B0500D4
:10A44000E43B05001C3B0500583B050080B586B089
:10A4500000AF786039607B68DB68FB600023FB74C9
:10A46000FB6893F8913083F00103DBB2002B03D03B
:10A470006FF01F037B6113E0FB686833396818468F
:10A48000F5F78BFEFB6870331846FFF771FEB86076
:10A49000BB68012BD4BF01230023FB7400237B6125
:10A4A000FB7C002B02D07868F7F79EFAFB688C33B0
:10A4B0001846FFF73DFE7B6918461837BD4680BD3C
:10A4C00080B483B000AF786039606FF05E031846E7
:10A4D0000C37BD465DF8047B704780B584B000AF93
:10A4E00078600B46FB701346BB707B68DB68FB60D3
:10A4F000FB681B6BDB6B002B02D16FF05E0311E07E
:10A50000FB6888331846FFF7CBFDBA78F97800234B
:10A51000F868FFF78BFEB860FB6888331846FFF7D2
:10A52000E7FDBB6818461037BD4680BD80B586B0D4
:10A5300000AFF860B9607A60FB68DB683B613B693B
:10A540001B6B9B6C002B02D16FF05E033BE03B6901
:10A5500088331846FFF7A4FD3B6993F89130002B30
:10A5600003D06FF00F037B6127E07A68B968386920
:10A57000FFF781FE78617B69002B1ED17B6803F0B9
:10A580000403002B04D0BB681A883B69A3F8A02001
:10A590007B6803F00103002B04D0BB685A883B6939
:10A5A000A3F8A2207B6803F00203002B05D0BB6850
:10A5B000D3E902233969C1E926233B698833184668
:10A5C000FFF796FD7B6918461837BD4680BD80B4FD
:10A5D00085B000AF78600B46FB707B68DB68FB6082
:10A5E00097F90330002B03DB97F90330072B02DDCB
:10A5F0006FF0150304E0FB68FA7883F8A4200023C9
:10A6000018461437BD465DF8047B704780B584B0AA
:10A6100000AF78600B46FB707B68DB68FB60FB6813
:10A620001B6B9B6D002B02D16FF05E0310E0FB688B
:10A6300088331846FFF734FDFB781946F868FFF7B2
:10A6400036FEB860FB6888331846FFF751FDBB68DB
:10A6500018461037BD4680BD80B586B000AFF860A3
:10A66000C7E90023FB68DB687B617B691B6BDB6DE3
:10A67000002B0ED07B6988331846FFF711FD0121AE
:10A680007869FFF730FE7B6988331846FFF730FDA5
:10A6900000E000BF1837BD4680BD80B584B000AF74
:10A6A00078607B68DB68FB60FB681B6BDB6D002BF5
:10A6B0000ED0FB6888331846FFF7F2FC0021F868DB
:10A6C000FFF711FEFB6888331846FFF711FD00E025
:10A6D00000BF1037BD4680BD80B582B000AF786046
:10A6E0007868E4F779F800BF0837BD4680BD80B5CB
:10A6F00084B000AFF860B9607A60B968F868E6F7CE
:10A70000E6FD034618461037BD4680BD80B483B0D1
:10A7100000AF78607B6818460C37BD465DF8047B57
:10A72000704780B483B000AF78607B6818460C3700
:10A73000BD465DF8047B704780B483B000AF78609D
:10A7400039607A683B68D31ADB0FDBB218460C37E6
:10A75000BD465DF8047B704780B483B000AF78607D
:10A76000396000BF0C37BD465DF8047B704780B48C
:10A7700083B000AF7860396000BF0C37BD465DF82C
:10A78000047B704780B582B000AF78607B685B6DFA
:10A79000002B0AD07B6800229A657B685B6D1846A7
:10A7A000FFF79AFF7B6800225A6500BF0837BD4655
:10A7B00080BD80B58CB000AF7860396007F10803C8
:10A7C000BB627B684C337B6239687868FFF7C4FFF3
:10A7D0007B6ADB68002B08D17B6A3A681A607B6A67
:10A7E00000225A603B68FB6205E07B6A1B687A6A5C
:10A7F00052681344FB627B6A00221A61BB6AFA6AE0
:10A800001A607B6A1A68BB6A5A607B6A5A68BB6ABC
:10A810009A607B6ADA68BB6ADA607B68BB617B68D6
:10A820001B6E3B623B6A1B68DB6A3A68B96A386A2E
:10A830009847F861FB69002B04D07868FFF7A2FF06
:10A84000FB6917E07B6ADB68002B08D07B6A1B681A
:10A85000F96A1846FFF770FF0346002B05D07868A9
:10A86000FFF790FF6FF05E0304E0796A7868FFF706
:10A870007EFF002318463037BD4680BD80B586B0C8
:10A8800000AF786039607868FFF740FF78617B69D6
:10A890003B617B691B694C33FB607B681B68194615
:10A8A0003868FFF749FF0346002B02D06FF015030D
:10A8B00007E0FB683A681A60FB681A683B695A60EF
:10A8C000002318461837BD4680BD80B588B000AF5C
:10A8D000F860B9607A60F868FFF718FFF861FB6903
:10A8E000BB61FB691B694C337B617B69DB68BA68C0
:10A8F0009A4202D96FF0150343E0BB68002B06D1E2
:10A900007B68B3F1FF3F02D06FF0150339E07B693C
:10A91000BA68DA607B69DA68BB69DA607B69DB6830
:10A92000002B0AD07B6999687B69DA6813465B0063
:10A9300013449B000C3B0B4400E000233B617B680D
:10A94000B3F1FF3F02D03B697A689A603B69002B04
:10A9500003D03B699B68002B07D17B6900225A60BA
:10A960007B695A68BB699A600AE03B695A683B692F
:10A970009B681A447B695A607B695A68BB699A6014
:10A98000002318462037BD4680BD80B58AB000AF91
:10A99000F860B9607A603B60F868FFF7B7FE7862EC
:10A9A0007B6A3B627B6A1B694C33FB61FB69DB683A
:10A9B000002B0AD0FB699968FB69DA6813465B00D3
:10A9C00013449B000C3B0B4400E00023BB617B68FD
:10A9D000002B02DB3B68002B02DA6FF015036EE000
:10A9E000BB69002B06D0BB699B68002B02D16FF0BE
:10A9F000150364E0BB69002B0AD0BB695A68BB69C8
:10AA00009B6813447A689A4202DA6FF0150356E0A5
:10AA1000BB68002B08D0BB681B68002B04D0BB6848
:10AA20001B685B6A002B02D16FF0150347E0FB69DE
:10AA30009868FB69DB685A1C13465B0013449B0053
:10AA400000221946FFF753FE78617B69002B02D183
:10AA50006FF00B0333E0FB69DA6813465B001344C5
:10AA60009B001A467B6913443B613B697A685A60D4
:10AA70003B693A689A603B69BA681A60FB697A690F
:10AA80009A60FB69DB685A1CFB69DA60FB69DA686B
:10AA90003B6ADA603B68002B07D1FB6900225A60F1
:10AAA000FB695A683B6A9A6008E07A683B681A4416
:10AAB000FB695A60FB695A683B6A9A600023184632
:10AAC0002837BD4680BD80B584B000AF7860786817
:10AAD000FFF727FEF860F868F7F7E8FC00BF1037CB
:10AAE000BD4680BD80B584B000AF78607868FFF760
:10AAF00018FEF860FB6893F89130002B02D0F868DC
:10AB0000F7F7F7FC00BF1037BD4680BD80B483B0B7
:10AB100000AF7860012318460C37BD465DF8047B12
:10AB2000704780B483B000AF786000BF0C37BD467B
:10AB30005DF8047B704780B582B000AF78607B68B9
:10AB4000002B05D10D4B0E4A22210E48D4F735FBC0
:10AB50007B681B68002B05D10020E3F751FD0246FE
:10AB60007B681A607B681B684FF0FF311846E3F77B
:10AB70004BFD00BF0837BD4680BD00BF043C05004B
:10AB8000843D05000C3C050080B582B000AF7860C4
:10AB90007B68002B03D07B681B68002B05D1074B1B
:10ABA000074A2A210748D4F708FB7B681B68184628
:10ABB000E3F756FD00BF0837BD4680BD503C050099
:10ABC000903D05000C3C050080B586B000AF786074
:10ABD00000233B617B68002B13D07B681B68002B34
:10ABE0000FD07B685B68002B0BD07B681B69002B48
:10ABF00007D07B685B69002B03D07B68DB6A002B86
:10AC000001D1012300E00023FB607B68002B13D0FF
:10AC10007B681B68002B0FD07B685B68002B0BD018
:10AC20007B681B69002B07D07B685B69002B03D016
:10AC30007B68DB6A002B05D12D4B2E4A29212E483B
:10AC4000D4F7BBFAFB68002B14BF01230023DBB24F
:10AC5000002B02D06FF0150346E02848FFF76BFF8A
:10AC6000274B1B68083B7B612FE07B695A687B6838
:10AC70005B6819461046E6F74DFC0346002B0CBFF7
:10AC800001230023DBB2BB607B695A687B685B6889
:10AC900019461046E6F73EFC0346002B05D1194B3A
:10ACA000144A31211448D4F788FABB68002B14BF2A
:10ACB00001230023DBB2002B03D06FF00F033B61B5
:10ACC0000EE07B699B68083B7B617B6908330C4A1B
:10ACD0009342CAD17B68083309491846F4F7BAFB96
:10ACE0000648FFF751FF3B6918461837BD4680BD3F
:10ACF0006C3C0500643D0500043D050094E3002024
:10AD000080270020343D050080B582B000AF786018
:10AD10000748FFF710FF7B6808331846F4F7B3FBCA
:10AD20000348FFF731FF00BF0837BD4680BD00BFB5
:10AD300094E3002080B588B000AFF860B9607A6015
:10AD40003B600023FB762C48FFF7F5FE2B4B1B687E
:10AD5000083BFB6117E0FB695B68B9681846E6F7DA
:10AD6000D9FB0346002B0AD1FB691B681846FFF785
:10AD7000CDFE0346002B0CD00123FB7609E0FB69D6
:10AD80009B68083BFB61FB6908331C4A9342E2D194
:10AD900000E000BF1848FFF7F7FEFB7E83F00103D9
:10ADA000DBB2002B01D0002321E0FB691B69FA68AC
:10ADB0001046984778617B69002B06D1FB691B68B8
:10ADC0001846FFF7AEFE002311E07B69FA691A60AE
:10ADD0003A687968786900F03EF80346002B05D0A0
:10ADE000FB695B6978699847002300E07B69184636
:10ADF0002037BD4680BD00BF94E30020802700209F
:10AE000080B584B000AF78607B681B68FB60FB682E
:10AE10005B6978689847FB681B681846FFF781FEF6
:10AE200000BF1037BD4680BD80B584B000AF7860EC
:10AE30007B68002B0BD07B681B68FB60FB689B6901
:10AE4000002B05D0FB689B697868984700E000BF3D
:10AE50001037BD4680BD80B584B000AFF860B960E2
:10AE60007A60BB68002B01D100230FE0FB681B68F0
:10AE7000DB69002B02D16FF05E0307E0FB681B6803
:10AE8000DB697A68B968F86898470346184610374E
:10AE9000BD4680BD90B587B002AFF860B9607A60FA
:10AEA0003B60FB681B681B6A002B02D16FF05E03DE
:10AEB0000AE0FB681B681C6A3B6A00933B687A687F
:10AEC000B968F868A047034618461437BD4690BDD8
:10AED00090B585B000AFF860B9607A603B60FB6800
:10AEE0001B685B6A002B02D16FF05E0308E0FB6811
:10AEF0001B685C6A3B687A68B968F868A0470346D3
:10AF000018461437BD4690BD90B587B002AFF860C3
:10AF1000B9607A603B60FB681B689B6A002B02D1BA
:10AF20006FF05E030CE0FB681B689C6A7B6A019310
:10AF30003B6A00933B687A68B968F868A0470346A3
:10AF400018461437BD4690BD80B485B000AF0346A7
:10AF50003960FB803B68FB60FB685A1CFA60FA882A
:10AF6000D2B21A70FB881B0A99B2FB685A1CFA60AD
:10AF7000CAB21A7000BF1437BD465DF8047B704733
:10AF800080B485B000AF786039603B68FB60FB68D7
:10AF90005A1CFA607A68D2B21A707B68190AFB6888
:10AFA0005A1CFA60CAB21A707B68190CFB685A1CEA
:10AFB000FA60CAB21A707B68190EFB685A1CFA60F4
:10AFC000CAB21A7000BF1437BD465DF8047B7047E3
:10AFD00080B485B000AF78607B68FB60FB681B784D
:10AFE0009AB2FB6801331B789BB21B029BB21343DE
:10AFF0009BB218461437BD465DF8047B704780B499
:10B0000085B000AF78607B68FB60FB681B781A46F0
:10B01000FB6801331B781B021A43FB6802331B7861
:10B020001B041A43FB6803331B781B0613431846A3
:10B030001437BD465DF8047B70472DE9B04384B0FA
:10B0400000AF78607B68FB60FB6804331846FFF74D
:10B05000D6FF03461A464FF000034FF000044FF0AE
:10B06000000515000024F868FFF7C9FF03461A46DB
:10B070004FF0000344EA020845EA030942464B4602
:10B08000104619461037BD46BDE8B08380B582B082
:10B0900000AF7860396079680120E3F789FB0346E7
:10B0A00018460837BD4680BD80B582B000AF7860D5
:10B0B0007868E3F791FB00BF0837BD4680BD80B5D7
:10B0C00082B000AF78607868FFF7EEFF00BF083706
:10B0D000BD4680BD80B584B000AF78600B46FB7084
:10B0E00001217868F4F784FFF860FB68FA781A7039
:10B0F00000BF1037BD4680BD80B483B000AF78601C
:10B1000039607B685B693A689A4294BF01230023E7
:10B11000DBB218460C37BD465DF8047B704780B43F
:10B1200083B000AF78607B68043318460C37BD46A7
:10B130005DF8047B704780B582B000AF78607868B6
:10B14000FFF7EDFF03461B6818460837BD4680BD74
:10B1500080B582B000AF78607868FFF7E0FF034603
:10B160001B7818460837BD4680BD80B483B000AF59
:10B1700078607B6818460C37BD465DF8047B7047E5
:10B1800080B483B000AF78607B68103B18460C3702
:10B19000BD465DF8047B704780B483B000AF786033
:10B1A0007B68043B18460C37BD465DF8047B70474E
:10B1B00080B483B000AF78607B68083B18460C37DA
:10B1C000BD465DF8047B704780B483B000AF786003
:10B1D0007B680022C3F878227B680022C3F87C22B7
:10B1E0007B680122C3F8802200BF0C37BD465DF8A2
:10B1F000047B7047B0B483B000AF78607B68D3F84D
:10B200007C227B68D3F878329A4203D37B68002291
:10B21000C3F87C227B68D3F87C227968786813466F
:10B220005B001344DB000344F83301F522741D4630
:10B230000FCD0FC495E8030084E8030000BF0C376E
:10B24000BD46B0BC704780B58AB000AF7860396049
:10B250007B6803F522737B624FF00043BB604FF0C5
:10B260000043FB604FF000433B614FF000437B61C4
:10B270004FF00043BB617B6893F8B4323B773B6887
:10B28000002B02D107F108033B607B68D8687B6A1A
:10B290001B683A681946F5F75CFB38623B6A13F1A4
:10B2A0006F0F03D17868FFF78FFF06E07B68D3F854
:10B2B0007C325A1C7B68C3F87C2200BF2837BD460D
:10B2C00080BD80B586B000AFF860C7E900230B46AB
:10B2D0007B814DF64143FB8200237B7500233B615C
:10B2E000FA683B691A44FB8A11461846FFF72CFEA0
:10B2F0003B6902333B61FA683B6913447A7D1A70FB
:10B300003B6901333B61FA683B6913447A891A80CF
:10B310003B6902333B61FA683B69134439460822B2
:10B320001846E6F779F83B6908333B61FA683B69F0
:10B330001344082207F120011846E6F76DF800BF14
:10B340001837BD4680BD80B586B002AFF860C7E94A
:10B3500000230B467B811521F868F4F749FE7989B3
:10B36000D7E90623CDE90023D7E90023FFF7A9FF9A
:10B3700000BF1037BD4680BD80B58CB002AFF8600D
:10B38000C7E900230B467B811521F868FFF7B4FE5F
:10B39000034683F00103DBB2002B01D0002318E049
:10B3A000798907F11000D7E90C23CDE90023D7E90B
:10B3B0000023FFF786FFFB68DB6907F11001152208
:10B3C0001846E5F79AFF0346002B01D0002300E062
:10B3D000012318462837BD4680BD80B58EB002AF28
:10B3E000F860C7E900230B467B810D23FB62152122
:10B3F000F868FFF781FE034683F00103DBB2002B00
:10B4000001D000231AE0798907F114004FF00002FF
:10B410004FF00003CDE90023D7E90023FFF751FFE8
:10B42000FB68DB69FA6A07F114011846E5F765FF66
:10B430000346002B01D0002300E0012318463037DB
:10B44000BD4680BD80B584B000AF78604023FB73FB
:10B45000FB7B19467868FFF73DFE00BF1037BD46FD
:10B4600080BD80B584B000AF786001217868FFF7B7
:10B4700043FE034683F00103DBB2002B01D000231F
:10B4800009E07B68DB691B78FB73FB7B402B01D0F9
:10B49000002300E0012318461037BD4680BD90B55B
:10B4A00085B000AF78600B467B804123FB73FB7B4C
:10B4B00019467868FFF70EFE7C8802217868F4F759
:10B4C00097FD034619462046FFF73EFD00BF14379F
:10B4D000BD4690BD80B584B000AF7860396003216F
:10B4E0007868FFF709FE034683F00103DBB2002B07
:10B4F00001D0002313E07B68DB691B78FB73FB7BC7
:10B50000412B01D000230AE07B68DB690133184638
:10B51000FFF75EFD03461AB23B681A800123184606
:10B520001037BD4680BD90B585B000AF78603960FA
:10B530004223FB73FB7B19467868FFF7CBFD3C6821
:10B5400004217868F4F754FD034619462046FFF7B6
:10B5500017FD00BF1437BD4690BD80B584B000AF65
:10B560007860396005217868FFF7C6FD034683F0EF
:10B570000103DBB2002B01D0002313E07B68DB6901
:10B580001B78FB73FB7B422B01D000230AE07B6816
:10B59000DB6901331846FFF732FD03461A463B6864
:10B5A0001A60012318461037BD4680BD90B587B09C
:10B5B00000AFF860B9601346FB804323FB75FB7D49
:10B5C0001946F868FFF786FDBC680421F868F4F7AF
:10B5D0000FFD034619462046FFF7D2FCFC880221E6
:10B5E000F868F4F705FD034619462046FFF7ACFC62
:10B5F00000BF1C37BD4690BD80B586B000AFF86077
:10B60000B9607A600721F868FFF776FD034683F09A
:10B610000103DBB2002B01D000231DE0FB68DB69D6
:10B620001B78FB75FB7D432B01D0002314E0FB68E6
:10B63000DB6901331846FFF7E2FC03461A46BB6894
:10B640001A60FB68DB6905331846FFF7C1FC034647
:10B650001AB27B681A80012318461837BD4680BD90
:10B66000B0B58EB002AFF860B9607A603B60F86840
:10B67000FFF786FDF862FB6A03F52273BB627B6805
:10B68000002B00F02781BB68002B40F08880FB6A0C
:10B69000DB681846FEF7DAFB03461C46FB6ADB68EC
:10B6A0001846FEF7C3FB02460B4621467868FFF7B3
:10B6B00094FE034683F00103DBB2002B40F0F980D7
:10B6C0007B68DB690D331846FFF7B7FC02460B4673
:10B6D000B96AC1E9022315217868F4F713FD786887
:10B6E000FFF7BFFE034683F00103DBB2002B40F0FF
:10B6F000E2803B685B8F03F00103002B00F0DD80EC
:10B700003B685B8F03F00203002B00F0D8803B689E
:10B710005B8F03F04003002B05D1FB6A4FF400421E
:10B72000A3F8C82205E03B681B6A1AB2FB6AA3F8BB
:10B73000C8223B68D3E90223F96AC1E9AE233B681A
:10B740001B68FA6AD2F8A02213447B61FB6AD868AE
:10B75000FB6AD3F8A8321A467969FEF7DAFB02468B
:10B760000B46F96AC1E9B023FB685B691C337A694F
:10B770005A60FB6AD3F8A0321946FB685B6938331C
:10B780007A690A445A60FB6AD3F8A0325B00194612
:10B79000FB685B6954337A690A445A6085E0BB6888
:10B7A000022B14BF01230023DBB27B62BB68022B98
:10B7B00006D04D4B4D4A40F273114D48D3F7FDFC76
:10B7C0007B6A002BFB6ADB681846FEF73FFB0346EB
:10B7D0001C46FB6ADB681846FEF728FBBB6AD3E908
:10B7E0000223CDE9002302460B4621467868FFF785
:10B7F000C3FD034683F00103DBB2002B61D11521A9
:10B800007868F4F77FFC07F1100319467868FFF7B2
:10B81000A4FE034683F00103DBB2002B53D13B6847
:10B820005B8F03F00203002B4FD03B685B8F03F06C
:10B830004003002B05D1FB6A4FF40042A3F8CA2253
:10B8400005E03B681B6A1AB2FB6AA3F8CA223B6890
:10B85000D3E90223C7E906233B691D46FB6ADC687E
:10B86000FB6AD3E9B001FB6AD3E9AE23CDE900233B
:10B8700002460B462046FEF762FB02460B46134685
:10B88000EC1AFB6AD968FB6AD3E9B023CDE900233F
:10B89000D7E906230846FEF752FB02460B4613463D
:10B8A00023441A46FB6AC3F8CC227868FFF707FCEA
:10B8B00016E000BF0AE000BF08E000BF06E000BFDE
:10B8C00004E000BF02E000BF00E000BF7868FFF7BF
:10B8D000F6FB00E000BFBB6801331A46FB681A6143
:10B8E0003037BD46B0BD00BFA03D0500BC3E0500E1
:10B8F000C03D0500F0B589B002AF78603960786866
:10B90000FFF73EFC78617B6903F522733B617B693D
:10B91000DB6800221C211846FDF754FCF8607B69A7
:10B92000DB681846FEF792FA03461E463B69D3E9E8
:10B9300002457B69DB681846FEF778FA02460B463B
:10B94000CDE9002322462B463146F868FFF7FBFC81
:10B950003B68012B07D17B69B3F9C8321946F868F7
:10B96000FFF79DFD1CE03B68032B14BF0123002360
:10B97000DBB2BB603B68032B06D00C4B0C4A40F299
:10B98000A5110C48D3F719FCBB68002B7B69D3F8D1
:10B99000CC127B69B3F9CA321A46F868FFF706FE83
:10B9A000FB6818461C37BD46F0BD00BFF83D0500DA
:10B9B000D43E0500C03D050080B584B000AFF860FE
:10B9C000B9607A60FB707868FFF779FB00BF1037C9
:10B9D000BD4680BD80B483B000AF786000BF0C3737
:10B9E000BD465DF8047B7047B0B594B002AFF86017
:10B9F000B9607A603B60F868FFF7C2FB78647B6CE3
:10BA000003F522733B647B68002B00F0D9807B6CCC
:10BA1000DB681846FEF71AFA03461C467B6CDB68A7
:10BA20001846FEF703FA3B6CD3E90223CDE9002365
:10BA300002460B4621467868FFF79EFC034683F0DA
:10BA40000103DBB2002B40F0B08015217868F4F7D9
:10BA500059FBBB68012B50D17B6C03F5347319463D
:10BA60007868FFF737FD034683F00103DBB2002B54
:10BA700040F09D803B685B8F03F00203002B00F0D9
:10BA800098803B685B8F03F04003002B05D17B6CF3
:10BA90004FF00042C3F8CC2204E03B681A6A7B6C8A
:10BAA000C3F8CC223B68D3E90223C7E90C237B6CA3
:10BAB000D9687B6CD3E9AE23CDE90023D7E90C2309
:10BAC0000846FEF73CFA02460B4615467B6CDC68DE
:10BAD0007B6CD3E9B001D7E90C23CDE90023024602
:10BAE0000B462046FEF72BFA02460B461346EB1A8E
:10BAF0001A467B6CC3F8C82253E0BB68032B14BF03
:10BB000001230023DBB2FB63BB68032B06D0334B5E
:10BB1000334A4FF4F7713348D3F74FFBFB6B002BDD
:10BB20007B6C03F5367207F1140319467868FFF74A
:10BB300063FD034683F00103DBB2002B3BD13B687E
:10BB40005B8F03F04003002B05D17B6C4FF000426C
:10BB5000C3F8D42204E03B681A6A7B6CC3F8D42291
:10BB60007B69002B00DA03339B10BB617B6CD3F83D
:10BB7000CC32FB617B6CB3F9D0323B627B6CD3F887
:10BB8000D4327B627B6CB3F9D832BB627B6C93F8A6
:10BB9000B43287F82C3007F118031946786CFFF798
:10BBA00052FB7868FFF78BFA14E000BF04E000BF97
:10BBB00002E000BF00E000BF7868FFF780FA00E015
:10BBC00000BF0021786CFFF73EFBBB6801331A46CB
:10BBD000FB681A614837BD46B0BD00BFF83D05009F
:10BBE000F03E0500C03D0500F0B589B002AF7860B9
:10BBF00039607868FFF7C4FA78617B6903F52273CE
:10BC00003B617B69DB6800221C211846FDF7DAFAEC
:10BC1000F8607B69DB681846FEF718F903461E4694
:10BC20003B69D3E902457B69DB681846FEF7FEF8FD
:10BC300002460B46CDE9002322462B463146F868E2
:10BC4000FFF781FB3B68002B03D1F868FFF7FAFB95
:10BC500019E03B68022B14BF01230023DBB2BB6059
:10BC60003B68022B06D00A4B0A4A40F21E210A48C2
:10BC7000D3F7A3FABB68002B7B69D3F8C832194607
:10BC8000F868FFF750FCFB6818461C37BD46F0BD4E
:10BC9000A03D0500003F0500C03D050080B584B013
:10BCA00000AFF860B9607A60FB707868FFF707FA58
:10BCB00000BF1037BD4680BD80B483B000AF786050
:10BCC00000BF0C37BD465DF8047B704790B5A5B04A
:10BCD00000AFF860B9607A603B60F868FFF768FA17
:10BCE000C7F88C00D7F88C301033C7F88830BB68A1
:10BCF000C7F88430D7F8883003221A70D7F8883014
:10BD00003E4A5A60D7F8883004221A61D7F88C303E
:10BD100003F14802D7F888305A61D7F888305A6959
:10BD2000D7F88C30D3F8AC32DCB2D7F88C3003F1D2
:10BD3000B800114600230B604B608B60CB600B6139
:10BD40004B618B61D7F8843053604FF0FF339360C1
:10BD50001523137323465373432313829061D7F83B
:10BD600088305B6903F11C01D7F88C30D3F8A83216
:10BD700018460A460023136053609360D360136132
:10BD80005361936101230B7015230B744861D7F83D
:10BD900088305B6903F13801D7F88C30D3F8B032C2
:10BDA000D8B20A460023136053609360D3601361D6
:10BDB0005361936115230B7303464B7342230B822C
:10BDC000D7F888305B6903F15401D7F88C30D3F889
:10BDD000A83218460A460023136053609360D3606C
:10BDE00013615361936101230B7015230B74486138
:10BDF000D7F8883018469437BD4690BD8827002074
:10BE000090B5A5B000AFF860B9607A603B60F868A3
:10BE1000FFF7C2F9C7F88C00D7F88C301033C7F899
:10BE20008830D7F88C30D3F8A0329B00C7F8843024
:10BE3000D7F88C30D3F87832002B0AD1D7F8883075
:10BE400000221A70D7F888306B4A5A60D7F88830C9
:10BE5000CDE07A68D7F8843013443A689A4201DA20
:10BE60000023C4E0D7F88C00FFF7C4F9D7F8883076
:10BE700003221A70D7F888305F4A5A60D7F88830A2
:10BE800004221A61D7F88C3003F14802D7F88830C1
:10BE90005A61D7F888305969D7F88C30D3F8A8326E
:10BEA0001C46D7F88C3003F1B8000A460023136013
:10BEB00053609360D36013615361936101230B70EE
:10BEC000BB684B6015230B744C618861D7F88C30CC
:10BED000D868D7F88C30D3F8A8321A46B968FEF77C
:10BEE00018F802460B46D7F88C10C1E9AE23D7F8F4
:10BEF00088305B6903F11C01D7F88C30D3F8A0328D
:10BF00001A46BB68D018D7F88C30D3F8AC32DCB204
:10BF10000A460023136053609360D360136153613A
:10BF20009361486015230B7323464B7342230B82A6
:10BF3000D7F888305B6903F13801D7F88C30D3F833
:10BF4000A0325B001A46BB68D018D7F88C30D3F803
:10BF5000A8321C460A460023136053609360D360E6
:10BF600013615361936101230B70486015230B74B7
:10BF70004C61D7F88C30D868D7F88C30D3F8A03221
:10BF80005B001A46BB68D118D7F88C30D3F8A832BA
:10BF90001A46FDF7BEFF02460B46D7F88C10C1E9E2
:10BFA000B023D7F888305B6903F15401D7F88C309F
:10BFB000D3F8A02213465B0013441A46BB68D0187E
:10BFC000D7F88C30D3F8B032DCB20A4600231360C5
:10BFD00053609360D360136153619361486015238C
:10BFE0000B7323464B7340230B82D7F888301846D7
:10BFF0009437BD4690BD00BF9827002080B584B01F
:10C0000000AF786000214FF43870FFF73FF8F86018
:10C01000FB68002B01D1002339E0FB681E4A9A60BF
:10C02000FB681E4A5A60FB687A68DA60FB68012286
:10C03000C3F8D820FB684FF48072C3F8DC207B681B
:10C040001B691A464FEAE2734FF080404FF000013F
:10C05000E5F712F802460B46FB68C3F8A022FB681E
:10C06000002283F8A422FB680022C3F8A822FB6800
:10C070000022C3F8AC22FB680022C3F8B022FB68A0
:10C08000012283F8B422F868FFF79EF8FB6818468F
:10C090001037BD4680BD00BF2C3E0500643E050044
:10C0A00080B584B000AF78607868FFF75EF8F8601C
:10C0B000F868FEF7F9FF00BF1037BD4680BD80B5B8
:10C0C0008CB000AFF860B9607A60F868FFF74DF89F
:10C0D00078627B6AD3F8A0323B627B6AD3F878320D
:10C0E0009B00FB61BB68DB68002B4FD07B6ADB6881
:10C0F0001A683B6A92FBF3F27B6AD3F8803292FBB8
:10C10000F3F3BB627B6A93F8A432BB617B6A93F85A
:10C11000A43283F00103DBB2002B06D13C4B3D4A35
:10C120004FF447713C48D3F748F8BB69002BBA6A13
:10C13000FB699A4201DAFB69BB62BB681B68B96A9A
:10C14000FA698A1A396A01FB02F213441946B8687F
:10C15000FEF794FBF862FB6A002B14BF0123002357
:10C16000DBB27B61FB6A002B06D02C4B294A40F2E4
:10C1700025312948D3F721F87B69002B14BF01230F
:10C180000023DBB2002B01D0FB6A3CE04FF0FF3212
:10C190000021B868FEF799FBF862FB6A002B14BF18
:10C1A00001230023DBB23B61FB6A002B06D01B4B53
:10C1B000184A40F22A311848D2F7FFFF3B69002B9A
:10C1C00014BF01230023DBB2002B01D0FB6A1AE06D
:10C1D0007B6A93F8A432002B09D07B6A03F1080133
:10C1E00000230022B868FEF7D0FBF8620AE07B6A01
:10C1F000191DFB693A6A02FB03F30022B868FEF7D7
:10C20000C4FBF862FB6A18463037BD4680BD00BFEC
:10C210008C3E0500143F0500C03D0500A43E05000E
:10C22000B0B588B000AFF860B9607A60F868FEF722
:10C230009CFF78617B69D3F87832002B0CBF012317
:10C240000023FB740123FB617B6993F8A432002B6C
:10C2500002D06FF05E035DE07B68102B02D96FF0B7
:10C26000150357E00023BB613FE0BA6913465B004A
:10C270001344DB001A46BB681344D3E90423134379
:10C2800002D06FF05E0345E0BA6913465B001344C9
:10C29000DB001A46BB6898187969BA6913465B00D7
:10C2A0001344DB000B44F8331C4605460FCD0FC486
:10C2B00095E8030084E80300BA6913465B00134461
:10C2C000DB001A46BB6813445B68FA699A4209DAD4
:10C2D000BA6913465B001344DB001A46BB6813447B
:10C2E0005B68FB61BB690133BB61BB697A689A42D9
:10C2F000BBD87B697A68C3F878227B69FA69C3F88E
:10C300008022FB7C002B04D07B69DB681846FEF79B
:10C31000E9FB002318462037BD46B0BD80B592B07A
:10C3200002AFF860B9607A60F868FEF71EFFF86344
:10C3300007F114007B680093484BBA680521F3F7B6
:10C3400086FDB863BB6B002B01D0BB6B82E0BB6981
:10C35000002B2DD0BB691846FEF7EDFE03467B632C
:10C360007B6B002B08D07B6B5A1E7B6B1340002B22
:10C3700002D17B6B402B02DD6FF015036AE07B6B13
:10C380001A464FEAE2734FF000004FF000019906A1
:10C3900041EA92119006FB6BDB681B691A464FEA73
:10C3A000E273E4F769FE02460B46FB6BC3F8A0227A
:10C3B000FB69002B12D0FB691846FEF7BCFE386300
:10C3C0003B6B012B0CBF01230023DAB2FB6B83F81C
:10C3D000A422FB6BDB681846FEF784FB3B6A002B4C
:10C3E0000BD03B6A1846FEF7B3FE034687F82F30A2
:10C3F00097F82F20FB6BC3F8A8227B6A002B0BD089
:10C400007B6A1846FEF7A4FE034687F82E3097F89D
:10C410002E20FB6BC3F8AC22BB6A002B0BD0BB6A8F
:10C420001846FEF795FE034687F82D3097F82D2025
:10C43000FB6BC3F8B022FB6BD3F8AC22FB6BD3F8D9
:10C44000B0329A420CBF01230023DAB2FB6B83F8AF
:10C45000B422002318464037BD4680BD403F05004A
:10C4600080B582B000AF0448FEF7AEFB78607B6811
:10C4700018460837BD4680BDA827002080B500AF0C
:10C480000248FEF741FC00BF80BD00BFA827002086
:10C4900080B483B000AF7860012318460C37BD46E6
:10C4A0005DF8047B704780B483B000AF786000BF54
:10C4B0000C37BD465DF8047B704780B582B000AF95
:10C4C00078607B68002B05D10D4B0E4A22210E4867
:10C4D000D2F773FE7B681B68002B05D10020E2F7C2
:10C4E0008FF802467B681A607B681B684FF0FF314B
:10C4F0001846E2F789F800BF0837BD4680BD00BF87
:10C50000A03F0500FC400500A83F050080B582B0B3
:10C5100000AF78607B68002B03D07B681B68002B22
:10C5200005D1074B074A2A210748D2F746FE7B6808
:10C530001B681846E2F794F800BF0837BD4680BD77
:10C54000EC3F050008410500A83F050080B586B016
:10C5500000AF786000233B617B68002B13D07B68C1
:10C560001B68002B0FD07B685B68002B0BD07B68AF
:10C570001B69002B07D07B685B69002B03D07B68AD
:10C580005B6A002B01D1012300E00023FB607B6884
:10C59000002B13D07B681B68002B0FD07B685B6877
:10C5A000002B0BD07B681B69002B07D07B685B6975
:10C5B000002B03D07B685B6A002B05D12D4B2E4AE4
:10C5C00029212E48D2F7F9FDFB68002B14BF012367
:10C5D0000023DBB2002B02D06FF0150346E02848A1
:10C5E000FFF76BFF274B1B68083B7B612FE07B69E4
:10C5F0005A687B685B6819461046E4F78BFF034670
:10C60000002B0CBF01230023DBB2BB607B695A689F
:10C610007B685B6819461046E4F77CFF0346002BF5
:10C6200005D1194B144A31211448D2F7C6FDBB6815
:10C63000002B14BF01230023DBB2002B03D06FF0CB
:10C640000F033B610EE07B699B68083B7B617B6964
:10C6500008330C4A9342CAD17B680833094918460B
:10C66000F2F7F8FE0648FFF751FF3B691846183706
:10C67000BD4680BD08400500E0400500884005003B
:10C6800098E30020DC270020B440050080B582B08C
:10C6900000AF78600748FFF710FF7B680833184643
:10C6A000F2F7F1FE0348FFF731FF00BF0837BD4640
:10C6B00080BD00BF98E3002080B588B000AFF8606F
:10C6C000B9607A603B600023FB762C48FFF7F5FEEB
:10C6D0002B4B1B68083BFB6117E0FB695B68B96883
:10C6E0001846E4F717FF0346002B0AD1FB691B68C5
:10C6F0001846FFF7CDFE0346002B0CD00123FB7636
:10C7000009E0FB699B68083BFB61FB6908331C4A35
:10C710009342E2D100E000BF1848FFF7F7FEFB7E2E
:10C7200083F00103DBB2002B01D0002321E0FB6981
:10C730001B69F868984778617B69002B06D1FB6913
:10C740001B681846FFF7AFFE002312E07B69FA6909
:10C750001A603B687A687969F86800F03CF803462B
:10C76000002B05D0FB695B6978699847002300E0DE
:10C770007B6918462037BD4680BD00BF98E3002086
:10C78000DC27002080B584B000AF786039603B685A
:10C790001B68FB60FB685B6938689847FB681B682F
:10C7A0001846FFF780FE00BF1037BD4680BD80B53C
:10C7B00084B000AF786039603B681B68FB60FB6841
:10C7C0009B69002B03D0FB689B693868984700BFC2
:10C7D0001037BD4680BD80B584B000AFF860B96049
:10C7E0007A603B607B68002B01D100230FE0BB68BF
:10C7F0001B68DB69002B02D16FF05E0307E0BB68AA
:10C800001B68DB693A687968B86898470346184638
:10C810001037BD4680BD90B585B000AFF860B960F7
:10C820007A603B60BB681B681B6A002B02D16FF00B
:10C830005E0308E0BB681B681C6A3B6A3A6879685B
:10C84000B868A047034618461437BD4690BD00BFE0
:10C8500080B483B000AF78607B68B3F5004F02DB33
:10C8600047F6FF7307E07B6813F5004F01DA054BCD
:10C8700001E07B681BB218460C37BD465DF8047BAF
:10C88000704700BF0080FFFF80B485B000AF034653
:10C890000A46FB801346BB80B7F90630DB02FB601B
:10C8A000FB68002B03DBB7F90430002B06DAFB68CA
:10C8B000002B08DAB7F90430002B04DAFB6803F523
:10C8C0008063FB6003E0FB68A3F58063FB60B7F95E
:10C8D0000430FA6892FBF3F31BB218461437BD46D6
:10C8E0005DF8047B704780B584B000AF03460A460C
:10C8F000FB801346BB80B7F90630B7F9042002FB72
:10C9000003F3FB60FB68002B04DBFB6803F580632B
:10C91000FB6003E0FB68A3F58063FB60FB68002B12
:10C9200001DA03F2FF73DB121846FFF791FF0346AB
:10C9300018461037BD4680BD80B584B000AF0346B1
:10C940003960FB804FF400637B810123FB600CE0C6
:10C95000B7F90620B7F90A3011461846FFF7C3FFAA
:10C9600003467B81FB680133FB60FA683B689A42AF
:10C97000EEDDB7F90A3018461037BD4680BD80B4E9
:10C9800087B000AF0346FB80B7F90630FB604FF479
:10C9900000533B6100237B6115E07A693B691344D6
:10C9A000BB60FA68BB689A4207D3FA68BB68D31ABF
:10C9B000FB60BA683B6913447B61FB685B00FB600A
:10C9C0003B695B083B613B69002BE6D17B699B08B7
:10C9D0007B617B691BB218461C37BD465DF8047B42
:10C9E00070472DE9F04184B000AF0346FB80B7F9F2
:10C9F0000630002BB8BF5B429BB2FB8140F69143EF
:10CA00009CB2FB89C3F500639BB21BB21846FFF7CB
:10CA1000B6FF03469846274BB3F90030B7F90E200E
:10CA200011461846FFF75FFF03469AB2224BB3F94F
:10CA300000309BB213449DB2204BB3F90060B7F9AC
:10CA40000E3002211846FFF777FF0346194630469D
:10CA5000FFF749FF03469BB22B449DB2184BB3F935
:10CA60000060B7F90E3003211846FFF765FF034653
:10CA700019463046FFF737FF03469BB22B449BB263
:10CA80001BB219464046FFF72EFF03469BB2E31A3E
:10CA90009BB2BB81B7F90630002B04DABB895B423D
:10CAA0009BB21BB201E0B7F90C3018461037BD46F7
:10CAB000BDE8F0811A4105001C4105001E4105003A
:10CAC0002041050080B584B000AF0346FB80B7F974
:10CAD00006201346DB039B1AFB6041F622131A461D
:10CAE000FB6893FBF2F3FB60F868FFF7B1FE0346C7
:10CAF00018461037BD4680BDD91D02000000000059
:10CB00006D90020000000000B5D50200000000009A
:10CB1000F9C602000000000005D402000000000079
:10CB20005DD20200F4E100204DDA0200ECE20020C8
:10CB300069DC020004E30020C1DD02006826002059
:10CB4000F107030000000000E51D020000000000E6
:10CB50003992020000000000F9C20200000000004B
:10CB6000ADE2020000000000B9E402000000000095
:10CB7000751C020000000000C8D6002084D60020EA
:10CB800040000000010000000000000028280020F4
:10CB9000102A0020242A002030280020180000003D
:10CBA000BD610200B9610200B00D05000000000087
:10CBB0000C0E0500000000005011050000000000F0
:10CBC0000412050000000000240E05000000000013
:10CBD000AC0E050000000000180F0500000000006A
:10CBE000740F050000000000140E05000000000096
:10CBF0001C0E05000000000064100500000000008D
:10CC0000CC0F05000000000010CE0400000003035C
:10CC1000F8CE04000000000028E00400000000003E
:10CC200034E00400000000002C15050000000000A6
:10CC3000341505000000000044E00400000000007E
:10CC4000540D050000000000E0D6040000000303BE
:10CC5000F81305000000030300DA040000000303DA
:10CC6000A0150500000003032816050000000000C1
:10CC7000C41605000000030330170500000003037D
:10CC80001415050000000303A811050000000000B2
:10CC900018CD0400000000008CCD040020260020E8
:10CCA0000000000000000000610F02000000000012
:10CCB000000000001203CADE0FFFFFFF94230500EF
:10CCC0009C230500D02205009422050000000600E8
:10CCD0001303CADE0FFFFFFF942305009C2305000A
:10CCE00010240500D4230500000006001403CADE4A
:10CCF0000FFFFFFF942305009C230500202505005E
:10CD0000E424050000000600000000000000000010
:10CD10000338FDD870470000C1F1010035F2010071
:10CD2000BDF101002F6275696C64732F716F7276AB
:10CD30006F2F7577622D696F742F70726F6A2F6114
:10CD40007070732D70726F6A656374732F53444BE8
:10CD50002F636F6D706F6E656E74732F6C69627286
:10CD600061726965732F6C6F672F7372632F6E72B8
:10CD7000665F6C6F675F64656661756C745F626146
:10CD8000636B656E64732E63000000007274745FE1
:10CD90006C6F675F6261636B656E64002F627569BB
:10CDA0006C64732F716F72766F2F7577622D696F58
:10CDB000742F70726F6A2F617070732D70726F6A4A
:10CDC000656374732F53444B2F636F6D706F6E6583
:10CDD0006E74732F6C69627261726965732F6C6F08
:10CDE000672F7372632F6E72665F6C6F675F667218
:10CDF0006F6E74656E642E63000000004261636BA9
:10CE0000656E647320666C7573686564000000006D
:10CE100061707000482E00207F000000C82E0020A6
:10CE20001B5B313B33316D0025734C6F677320649E
:10CE3000726F70706564202825642925730D0A00BF
:10CE40001B5B306D00000000257300003C25733E25
:10CE50002025733A200000000D0A00002025303202
:10CE600078000000202020007C00000025630000E6
:10CE70001B5B313B33306D001B5B313B33326D004C
:10CE80001B5B313B33336D001B5B313B33346D0037
:10CE90001B5B313B33356D001B5B313B33366D0023
:10CEA0001B5B313B33376D007761726E696E6700D3
:10CEB000696E666F000000006465627567000000BF
:10CEC00040CE040070CE040020CE040078CE0400D2
:10CED00080CE040088CE040090CE040098CE0400DA
:10CEE000A0CE0400000000009CD30400A8CE0400E3
:10CEF000B0CE0400B8CE04006170705F62757474C7
:10CF00006F6E0000534F46544445564943453A20FE
:10CF1000415353455254494F4E204641494C454494
:10CF200000000000534F46544445564943453A20BB
:10CF3000494E56414C4944204D454D4F5259204190
:10CF40004343455353000000415353455254494F06
:10CF50004E204641494C45442061742025733A25B2
:10CF6000750000004552524F52202575205B2573F5
:10CF70005D2061742025733A25750D0A50432061A8
:10CF8000743A20307825303878000000456E6420EF
:10CF90006F66206572726F72207265706F727400B6
:10CFA000554E4B4E4F574E204641554C54206174C0
:10CFB00020307825303858002F6275696C64732FE3
:10CFC000716F72766F2F7577622D696F742F707223
:10CFD0006F6A2F617070732D70726F6A65637473FE
:10CFE0002F53444B2F636F6D706F6E656E74732F8C
:10CFF0006C69627261726965732F74696D65722FF5
:10D000006170705F74696D65725F66726565727478
:10D010006F732E63000000002F6275696C64732FBC
:10D02000716F72766F2F7577622D696F742F7072C2
:10D030006F6A2F617070732D70726F6A656374739D
:10D040002F53444B2F636F6D706F6E656E74732F2B
:10D050006C69627261726965732F7574696C2F6196
:10D0600070705F7574696C5F706C6174666F726DFF
:10D070002E6300002F6275696C64732F716F727676
:10D080006F2F7577622D696F742F70726F6A2F61C1
:10D090007070732D70726F6A656374732F53444B95
:10D0A0002F636F6D706F6E656E74732F6C69627233
:10D0B00061726965732F6664732F6664732E6300F3
:10D0C0000000FFFFDEC0ADDEFE011EF1DEC0ADDE02
:10D0D000FF011EF148415244204641554C54206105
:10D0E000742030782530385800000000202052305D
:10D0F0003A2020307825303858202052313A2020EC
:10D10000307825303858202052323A202030782587
:10D11000303858202052333A202030782530385883
:10D120000000000020205231323A2030782530387B
:10D130005820204C523A2020307825303858202072
:10D140005053523A20307825303858005374616378
:10D150006B2076696F6C6174696F6E3A20737461CD
:10D16000636B20706F696E746572206F757473697C
:10D17000646520737461636B20617265612E0000C9
:10D1800043617573653A204275734661756C74200E
:10D190006F6E206120766563746F72207461626CBB
:10D1A00065207265616420647572696E67206578B8
:10D1B00063657074696F6E2070726F6365737369F5
:10D1C0006E672E0043617573653A2025732E00004B
:10D1D0004D656D4D616E616765204661756C7420AB
:10D1E000416464726573733A203078253038580092
:10D1F000427573204661756C742041646472657376
:10D20000733A203078253038580000005468652083
:10D2100070726F636573736F7220686173206174DD
:10D2200074656D7074656420746F206578656375CE
:10D23000746520616E20756E646566696E65642034
:10D24000696E737472756374696F6E0054686520DB
:10D2500070726F636573736F7220617474656D7043
:10D260007465642061206C6F6164206F7220737438
:10D270006F72652061742061206C6F636174696FE7
:10D280006E207468617420646F6573206E6F742003
:10D290007065726D697420746865206F7065726165
:10D2A00074696F6E00000000556E737461636B20CB
:10D2B000666F7220616E20657863657074696F6E49
:10D2C0002072657475726E20686173206361757376
:10D2D0006564206F6E65206F72206D6F72652061CE
:10D2E00063636573732076696F6C6174696F6E73C5
:10D2F00000000000537461636B696E6720666F7293
:10D3000020616E20657863657074696F6E20656E4C
:10D310007472792068617320636175736564206F2E
:10D320006E65206F72206D6F726520616363657337
:10D33000732076696F6C6174696F6E730000000012
:10D3400041204D656D4D616E616765206661756C4C
:10D3500074206F6363757272656420647572696EA0
:10D360006720666C6F6174696E672D706F696E748B
:10D37000206C617A792073746174652070726573B2
:10D380006572766174696F6E00000000496E737497
:10D3900072756374696F6E20627573206572726F47
:10D3A00072000000446174612062757320657272BE
:10D3B0006F72202850432076616C7565207374610C
:10D3C000636B656420666F7220746865206578639E
:10D3D000657074696F6E2072657475726E20706FFF
:10D3E000696E747320746F2074686520696E73743D
:10D3F00072756374696F6E207468617420636175FF
:10D4000073656420746865206661756C742900001A
:10D410004461746120627573206572726F72202896
:10D4200072657475726E20616464726573732069CD
:10D430006E2074686520737461636B206672616D21
:10D4400065206973206E6F742072656C6174656409
:10D4500020746F2074686520696E737472756374CC
:10D46000696F6E20746861742063617573656420F0
:10D47000746865206572726F72290000556E73744E
:10D4800061636B20666F7220616E206578636570E2
:10D4900074696F6E2072657475726E206861732096
:10D4A000636175736564206F6E65206F72206D6FA8
:10D4B0007265204275734661756C747300000000DC
:10D4C000537461636B696E6720666F7220616E20B2
:10D4D000657863657074696F6E20656E747279200B
:10D4E00068617320636175736564206F6E65206F7A
:10D4F00072206D6F7265204275734661756C74732E
:10D50000000000004120627573206661756C742014
:10D510006F6363757272656420647572696E6720EB
:10D52000666C6F6174696E672D706F696E74206CC4
:10D53000617A7920737461746520707265736572A5
:10D54000766174696F6E00005468652070726F6355
:10D550006573736F722068617320617474656D7098
:10D5600074656420746F20657865637574652061E7
:10D570006E20696E737472756374696F6E2074685F
:10D580006174206D616B657320696C6C6567616C9B
:10D5900020757365206F662074686520455053526E
:10D5A000000000005468652070726F636573736FCC
:10D5B000722068617320617474656D707465642095
:10D5C000616E20696C6C6567616C206C6F616420B2
:10D5D0006F66204558435F52455455524E20746F34
:10D5E000207468652050432C20617320612072658F
:10D5F00073756C74206F6620616E20696E76616C45
:10D60000696420636F6E746578742C206F7220617A
:10D610006E20696E76616C6964204558435F52459F
:10D620005455524E2076616C756500005468652033
:10D6300070726F636573736F7220686173206174B9
:10D6400074656D7074656420746F206163636573C5
:10D6500073206120636F70726F636573736F720004
:10D660005468652070726F636573736F72206861B0
:10D6700073206D61646520616E20756E616C6967F1
:10D680006E6564206D656D6F72792061636365738B
:10D69000730000005468652070726F636573736F68
:10D6A00072206861732065786563757465642061B4
:10D6B0006E2053444956206F7220554449562069C4
:10D6C0006E737472756374696F6E20776974682005
:10D6D000612064697669736F72206F662030000084
:10D6E000686172646661756C740000000CD204009D
:10D6F0004CD2040000000000A8D20400F4D20400C0
:10D7000040D3040000000000000000008CD304009F
:10D71000A4D3040010D404007CD40400C0D40400BA
:10D7200004D5040000000000000000000CD204003A
:10D7300048D50400A4D504002CD604000000000045
:10D7400000000000000000000000000060D604009F
:10D7500094D604002F6275696C64732F716F7276B2
:10D760006F2F7577622D696F742F70726F6A2F61DA
:10D770007070732D70726F6A656374732F53444BAE
:10D780002F636F6D706F6E656E74732F6C6962724C
:10D7900061726965732F62616C6C6F632F6E726664
:10D7A0005F62616C6C6F632E630000002F627569AD
:10D7B0006C64732F716F72766F2F7577622D696F3E
:10D7C000742F70726F6A2F617070732D70726F6A30
:10D7D000656374732F53444B2F65787465726E6163
:10D7E0006C2F667072696E74662F6E72665F6670FB
:10D7F00072696E74662E63002F6275696C64732F94
:10D80000716F72766F2F7577622D696F742F7072DA
:10D810006F6A2F617070732D70726F6A65637473B5
:10D820002F53444B2F65787465726E616C2F667050
:10D8300072696E74662F6E72665F667072696E745E
:10D84000665F666F726D61742E6300003031323333
:10D85000343536373839414243444546705F667344
:10D8600000000000257320636865636B20666169B2
:10D870006C656420696E2025732829207769746897
:10D880002076616C756520307825782E00000000C8
:10D89000705F617069000000705F66732D3E705F9D
:10D8A00061706900705F6465737400006C656E0080
:10D8B000616464725F69735F616C69676E6564332C
:10D8C0003228737263290000616464725F69735F58
:10D8D00077697468696E5F626F756E647328705FD4
:10D8E00066732C207372632C206C656E2900000017
:10D8F000705F73726300000021286C656E20252024
:10D90000705F66732D3E705F666C6173685F696EF1
:10D91000666F2D3E70726F6772616D5F756E6974B0
:10D9200029000000616464725F69735F616C6967FC
:10D930006E656433322864657374290061646472AF
:10D940005F69735F616C69676E656433322828753F
:10D95000696E7433325F7429705F737263290000DB
:10D96000616464725F69735F77697468696E5F622E
:10D970006F756E647328705F66732C2064657374B2
:10D980002C206C656E290000616464725F69735FAE
:10D99000706167655F616C69676E656428705F665A
:10D9A000732C20706167655F6164647229000000F8
:10D9B000616464725F69735F77697468696E5F62DE
:10D9C0006F756E647328705F66732C207061676575
:10D9D0005F616464722C20286C656E202A20705F61
:10D9E00066732D3E705F666C6173685F696E666F0B
:10D9F0002D3E65726173655F756E6974292900003B
:10DA00006E72665F6673746F726167650000000016
:10DA10006E72665F6673746F726167655F6572616F
:10DA2000736500006E72665F6673746F726167651E
:10DA30005F777269746500002F6275696C64732F7B
:10DA4000716F72766F2F7577622D696F742F707298
:10DA50006F6A2F617070732D70726F6A6563747373
:10DA60002F53444B2F636F6D706F6E656E74732F01
:10DA70006C69627261726965732F6D656D6F626A40
:10DA80002F6E72665F6D656D6F626A2E63000000B7
:10DA90002F6275696C64732F716F72766F2F757753
:10DAA000622D696F742F70726F6A2F617070732DA1
:10DAB00070726F6A656374732F53444B2F636F6D7D
:10DAC000706F6E656E74732F6C69627261726965D6
:10DAD000732F6578706572696D656E74616C5F73C4
:10DAE000656374696F6E5F766172732F6E72665FC5
:10DAF00073656374696F6E5F697465722E6300008D
:10DB00004E52465F53554343455353004E52465F72
:10DB10004552524F525F5356435F48414E444C4525
:10DB2000525F4D495353494E470000004E52465FE5
:10DB30004552524F525F534F465444455649434510
:10DB40005F4E4F545F454E41424C4544000000003B
:10DB50004E52465F4552524F525F494E5445524EC7
:10DB6000414C00004E52465F4552524F525F4E4F5D
:10DB70005F4D454D000000004E52465F4552524FEA
:10DB8000525F4E4F545F464F554E44004E52465FD3
:10DB90004552524F525F4E4F545F535550504F5263
:10DBA000544544004E52465F4552524F525F494ED3
:10DBB00056414C49445F504152414D004E52465FE0
:10DBC0004552524F525F494E56414C49445F53545F
:10DBD000415445004E52465F4552524F525F494EA6
:10DBE00056414C49445F4C454E47544800000000A4
:10DBF0004E52465F4552524F525F494E56414C4934
:10DC0000445F464C414753004E52465F4552524F87
:10DC1000525F494E56414C49445F444154410000D3
:10DC20004E52465F4552524F525F444154415F53FA
:10DC3000495A45004E52465F4552524F525F544931
:10DC40004D454F55540000004E52465F4552524FCD
:10DC5000525F4E554C4C00004E52465F4552524F5B
:10DC6000525F464F5242494444454E004E52465F31
:10DC70004552524F525F494E56414C49445F4144D0
:10DC8000445200004E52465F4552524F525F425539
:10DC9000535900004E52465F4552524F525F434F18
:10DCA0004E4E5F434F554E54000000004E52465FAB
:10DCB0004552524F525F5245534F555243455300C0
:10DCC0004E52465F4552524F525F4D4F44554C4560
:10DCD0005F4E4F545F494E495449414C495A45445F
:10DCE000000000004E52465F4552524F525F4D5564
:10DCF0005445585F494E49545F4641494C4544009C
:10DD00004E52465F4552524F525F4D555445585FF3
:10DD10004C4F434B5F4641494C4544004E52465F91
:10DD20004552524F525F4D555445585F554E4C4FDA
:10DD3000434B5F4641494C45440000004E52465F0C
:10DD40004552524F525F4D555445585F434F4E44D4
:10DD50005F494E49545F4641494C4544000000002C
:10DD60004E52465F4552524F525F4D4F44554C45BF
:10DD70005F414C52454144595F494E495449414CD9
:10DD8000495A4544000000004E52465F4552524FEA
:10DD9000525F53544F524147455F46554C4C00002B
:10DDA0004E52465F4552524F525F4150495F4E4F6F
:10DDB000545F494D504C454D454E5445440000007C
:10DDC0004E52465F4552524F525F4645415455525E
:10DDD000455F4E4F545F454E41424C454400000064
:10DDE0004E52465F4552524F525F494F5F50454E2B
:10DDF00044494E47000000004E52465F4552524F84
:10DE0000525F4452565F5457495F4552525F4F56D6
:10DE1000455252554E0000004E52465F4552524FF9
:10DE2000525F4452565F5457495F4552525F414ECC
:10DE300041434B004E52465F4552524F525F44524F
:10DE4000565F5457495F4552525F444E41434B0021
:10DE50004E52465F4552524F525F424C455F4950C9
:10DE600053505F52585F504B545F5452554E43418C
:10DE7000544544004E52465F4552524F525F424C09
:10DE8000455F495053505F4348414E4E454C5F41BA
:10DE90004C52454144595F45584953545300000082
:10DEA0004E52465F4552524F525F424C455F495079
:10DEB00053505F4C494E4B5F444953434F4E4E4580
:10DEC00043544544000000004E52465F4552524FB5
:10DED000525F424C455F495053505F504545525F39
:10DEE00052454A454354454400000000556E6B6E50
:10DEF0006F776E206572726F7220636F64650000C9
:10DF00000000000000DB0400010000000CDB040046
:10DF1000020000002CDB04000300000050DB0400C2
:10DF20000400000064DB04000500000078DB04004E
:10DF3000060000008CDB040007000000A4DB0400E6
:10DF400008000000BCDB040009000000D4DB040072
:10DF50000A000000F0DB04000B00000008DC0400F5
:10DF60000C00000020DC04000D00000034DC040084
:10DF70000E00000048DC04000F00000058DC040024
:10DF8000100000006CDC04001100000084DC0400C0
:10DF90001200000094DC040013000000ACDC04005C
:10DFA00080000000C0DC040081000000E4DC04000C
:10DFB0008200000000DD0400830000001CDD04007E
:10DFC000840000003CDD04008500000060DD0400EA
:10DFD0008600000088DD040090000000A0DD040041
:10DFE00091000000C0DD040092000000E0DD0400AC
:10DFF00000820000F8DD04000182000018DE040049
:10E000000282000034DE04000084000050DE0400C0
:10E010000184000074DE040002840000A0DE04001D
:10E0200003840000C8DE04006170705F7573626471
:10E03000000000006170705F757362645F636F72EF
:10E04000650000006364635F61636D00886A3F245C
:10E05000D308A3852E8A191344737003223809A4A8
:10E06000D0319F2998FA2E08896C4EECE62128457C
:10E070007713D038CF6654BE6C0CE934B729ACC0E6
:10E08000DD507CC9B5D5843F170947B5D9D516925F
:10E090001BFB7989A60B31D1ACB5DF98DB72FD2F64
:10E0A000B7DF1AD0EDAFE1B8967E266A45907CBA0C
:10E0B000997F2CF14799A124F76C91B3E2F2010802
:10E0C00016FC8E85D8206963694E5771A3FE58A44B
:10E0D0007E3D93F48F74950D58B68E7258CD8B712A
:10E0E000EE4A15821DA4547BB5595AC239D5309CCD
:10E0F0001360F22A23B0D1C5F0856028187941CA8F
:10E10000EF38DBB8B0DC798E0E183A608B0E9E6C5F
:10E110003E8A1EB0C17715D7274B31BDDA2FAF78B5
:10E12000605C6055F32555E694AB55AA6298485754
:10E130004014E8636A39CA55B610AB2A345CCCB4D3
:10E14000CEE84111AF8654A193E9727C1114EEB36D
:10E150002ABC6F635DC5A92BF6311874163E5CCEE0
:10E160001E93879B33BAD6AF5CCF246C8153327A2F
:10E170007786952898488F3BAFB94B6B1BE8BFC497
:10E1800093212866CC09D86191A921FB60AC7C4819
:10E190003280EC5D5D5D84EFB17585E9022326DC9C
:10E1A000881B65EB813E8923C5AC96D3F36F6D0F59
:10E1B0003942F48382440B2E042084A44AF0C869B7
:10E1C0005E9B1F9E4268C6219A6CE9F6619C0C67B3
:10E1D000F088D3ABD2A0516A682F54D828A70F96E5
:10E1E000A33351AB6C0BEF6EE43B7A1350F03BBAA8
:10E1F000982AFB7E1D65F1A17601AF393E59CA66AA
:10E20000880E43821986EE8CB49F6F45C3A5847D2A
:10E21000BE5E8B3BD8756FE07320C1859F441A406A
:10E22000A66AC15662AAD34E06773F3672DFFE1B3E
:10E230003D029B4224D7D03748120AD0D3EA0FDBE5
:10E240009BC0F149C97253077B1B9980D879D425AB
:10E25000F7DEE8F61A50FEE33B4C79B6BDE06C976A
:10E26000BA06C004B64FA9C1C4609F40C29E5C5E9E
:10E2700063246A19AF6FFB68B5536C3EEBB2391378
:10E280006FEC523B1F51FC6D2C95309B444581CC6B
:10E2900009BD5EAF04D0E3BEFD4A33DE07280F663A
:10E2A000B34B2E1957A8CBC00F74C845395F0BD29A
:10E2B000DBFBD3B9BDC079550A32601AC600A1D6BE
:10E2C00079722C40FE259F67CCA31FFBF8E9A58E31
:10E2D000F82232DBDF16753C156B61FDC81E502F2E
:10E2E000AB5205ADFAB53D32608723FD487B315313
:10E2F00082DF003EBB575C9EA08C6FCA2E56871AE9
:10E30000DB6917DFF6A842D5C3FF7E28C63267ACAB
:10E3100073554F8CB0275B69C858CABB5DA3FFE13A
:10E32000A011F0B8983DFA10B88321FD6CB5FC4AF5
:10E330005BD3D12D79E4539A6545F8B6BC498ED2AA
:10E340009097FB4BDAF2DDE1337ECBA44113FB6205
:10E35000E8C6E4CEDACA20EF014C7736FE9E7ED0C6
:10E36000B41FF12B4DDADB95989190AE718EADEA2A
:10E37000A0D5936BD0D18ED0E025C7AF2F5B3C8E5C
:10E38000B794758EFBE2F68F642B12F212B8888870
:10E390001CF00D90A05EAD4F1CC38F6891F1CFD1E2
:10E3A000ADC1A8B318222F2F77170EBEFE2D75EA28
:10E3B000A11F028B0FCCA0E5E8746FB5D6F3AC18A3
:10E3C00099E289CEE04FA8B4B7E013FD813BC47C4D
:10E3D000D9A8ADD266A25F16057795801473CC9349
:10E3E00077141A216520ADE686FAB577F54254C751
:10E3F000CF359DFB0CAFCDEBA0893E7BD31B41D627
:10E40000497E1EAE2D0E25005EB37120BB00682232
:10E41000AFE0B8579B3664241EB909F01D916355CF
:10E42000AAA6DF598943C1787F535AD9A25B7D20C0
:10E43000C5B9E50276032683A9CF95626819C8118C
:10E44000414A734ECA2D47B34AA9147B5200511B4F
:10E450001529539A3F570FD6E4C69BBC76A4602B70
:10E460000074E681B56FBA081FE91B576BEC96F292
:10E4700015D90D2A216563B6B6F9B9E72E0534FF23
:10E48000645685C55D2DB053A18F9FA99947BA08E1
:10E490006A07856EE9707A4B4429B3B52E0975DB9E
:10E4A000232619C4B0A66EAD7DDFA749B860EE9CE7
:10E4B00066B2ED8F718CAAECFF179A696C526456A4
:10E4C000E19EB1C2A5023619294C0975401359A025
:10E4D0003E3A18E49A98543F659D425BD6E48F6BB0
:10E4E000D63FF799079CD2A1F530E8EFE6382D4DDD
:10E4F000C15D25F08620DD4C26EB7084C6E9826381
:10E500005ECC1E023F6B6809C9EFBA3E1418973CF7
:10E51000A1706A6B84357F6886E2A05205539CB770
:10E52000370750AA1C84073E5CAEDE7FEC447D8E2C
:10E53000B8F2165737DA3AB00D0C50F0041F1CF041
:10E54000FFB300021AF50CAEB274B53C587A8325BD
:10E55000BD2109DCF91391D1F62FA97C73473294C0
:10E560000147F52281E5E53ADCDAC2373476B5C8F1
:10E57000A7DDF39A466144A90E03D00F3EC7C8EC4D
:10E58000411E75A499CD38E22F0EEA3BA1BB803223
:10E5900031B33E18388B544E08B96D4F030D426F9E
:10E5A000BF040AF69012B82C797C972472B0795681
:10E5B000AF89AFBC1F779ADE100893D912AE8BB328
:10E5C0002E3FCFDC1F72125524716B2EE6DD1A50E0
:10E5D00087CD849F1847587A17DA0874BC9A9FBC75
:10E5E0008C7D4BE93AEC7AECFA1D85DB66430963D6
:10E5F000D2C364C447181CEF08D91532373B43DD3A
:10E6000016BAC224434DA11251C4652A0200945087
:10E61000DDE43A139EF8DF71554E3110D677AC81A8
:10E620009B19115FF15635046BC7A3D73B18113CFA
:10E6300009A52459EDE68FF2FAFBF1972CBFBA9E9B
:10E640006E3C151E7045E386B16FE9EA0A5E0E86E0
:10E65000B32A3E5A1CE71F77FA063D4EB9DC6529FE
:10E660000F1DE799D6893E8025C8665278C94C2E81
:10E670006AB3109CBA0E15C678EAE294533CFCA526
:10E68000F42D0A1EA74EF7F23D2B1D360F26391921
:10E690006079C21908A72352B61213F76EFEADEBCC
:10E6A000661FC3EA9545BCE383C87BA6D1377FB11B
:10E6B00028FF8C01EFDD32C3A55A6CBE8521586559
:10E6C0000298AB680FA5CEEE3B952FDBAD7DEF2A10
:10E6D000842F6E5B28B62115706107297547DDEC24
:10E6E00010159F6130A8CC1396BD61EB1EFE34035C
:10E6F000CF6303AA905C73B539A2704C0B9E9ED574
:10E7000014DEAACBBC86CCEEA72C6260AB5CAB9CC3
:10E710006E84F3B2AF1E8B64CAF0BD19B96923A031
:10E7200050BB5A65325A6840B3B42A3CD5E99E3191
:10E73000F7B821C0190B549B99A05F877E99F79574
:10E74000A87D3D629A8837F8772DE3975F93ED11A6
:10E75000811268162988350ED61FE6C7A1DFDE961E
:10E7600099BA5878A584F5576372221BFFC3839B1F
:10E770009646C21AEB0AB3CD54302E53E448D98FD3
:10E780002831BC6DEFF2EB58EAFFC63461ED28FE8C
:10E79000733C7CEED9144A5DE3B764E8145D104223
:10E7A000E0133E20B6E2EE45EAABAAA3154F6CDBC0
:10E7B000D04FCBFA42F442C7B5BB6AEF1D3B4F6561
:10E7C0000521CD419E791ED8C74D85866A474BE409
:10E7D0005062813DF2A162CF46268D5BA08388FC0A
:10E7E000A3B6C7C1C324157F9274CB690B8A844733
:10E7F00085B2925600BF5B099D4819AD74B1621491
:10E80000000E82232A8D4258EAF5550C3EF4AD1DC8
:10E8100061703F2392F07233417E938DF1EC5FD6AD
:10E82000DB3B226C5937DE7C6074EECBA7F285406F
:10E830006E3277CE848007A69E50F81955D8EFE83F
:10E840003597D961AAA769A9C2060CC5FCAB045AC1
:10E85000DCCA0B802E7A449E843445C30567D5FDFF
:10E86000C99E1E0ED3DB73DBCD88551079DA5F6746
:10E87000404367E36534C4C5D8383E719EF8283DEF
:10E8800020FF6DF1E7213E154A3DB08F2B9FE3E657
:10E89000F7AD83DB685A3DE9F74081941C264CF6BE
:10E8A00034296994F7201541F7D402762E6BF4BC15
:10E8B0006800A2D4712408D46AF42033B7D4B743D3
:10E8C000AF6100502EF6391E46452497744F21142F
:10E8D00040888BBF1DFC954DAF91B596D3DDF4708C
:10E8E000452FA066EC09BCBF8597BD03D06DAC7FFA
:10E8F0000485CB31B327EB964139FD55E64725DA40
:10E900009A0ACAAB25785028F4290453DA862C0ACF
:10E91000FB6DB6E96214DC68006948D7A4C00E68D4
:10E92000EE8DA127A2FE3F4F8CAD87E806E08CB5A7
:10E93000B6D6F47A7C1ECEAAEC5F37D399A378CEF4
:10E94000422A6B40359EFE20B985F3D9ABD739EE0C
:10E950008B4E123BF7FAC91D56186D4B3166A32634
:10E96000B297E3EA74FA6E3A32435BDDF7E7416847
:10E97000FB2078CA4EF50AFB97B3FED8AC5640454B
:10E98000279548BA3A3A5355878D8320B7A96BFE2D
:10E990004B9596D0BC67A855589A15A16329A9CC68
:10E9A00033DBE199564A2AA6F925313F1C7EF45EF5
:10E9B0007C31299002E8F8FD702F27045C15BB809C
:10E9C000E32C28054815C195226DC6E43F13C148C4
:10E9D000DC860FC7EEC9F9070F1F0441A479474031
:10E9E000176E885DEB515F32D1C09BD58FC1BCF2F1
:10E9F0006435114134787B25609C2A60A3E8F8DFF8
:10EA00001B6C631FC2B4120E9E32E102D14F66AF7F
:10EA10001581D1CAE095236BE1923E33620B243B12
:10EA200022B9BEEE0EA2B285990DBAE68C0C72DE4A
:10EA300028F7A22D457812D0FD94B79562087D6421
:10EA4000F0F5CCE76FA34954FA487D8727FD9DC3B5
:10EA50001E8D3EF34163470A74FF2E99AB6E6F3AE9
:10EA600037FDF8F460DC12A8F8DDEBA14CE11B994E
:10EA70000D6B6EDB10557BC6372C676D3BD465275D
:10EA800004E8D0DCC70D29F1A3FF00CC920F39B503
:10EA90000BED0F69FB9F7B669C7DDBCE0BCF91A0BE
:10EAA000A35E15D9882F13BB24AD5B51BF79947B2E
:10EAB000EBD63B76B32E3937795911CC97E22680C5
:10EAC0002D312EF4A7AD42683B2B6AC6CC4C751293
:10EAD0001CF12E783742126AE75192B7E6BBA106C5
:10EAE0005063FB4B18106B1AFAEDCA11D8BD253DC7
:10EAF000C9C3E1E2591642448613120A6EEC0CD9DE
:10EB00002AEAABD54E67AF645FA886DA88E9BFBE54
:10EB1000FEC3E4645780BC9D86C0F7F0F87B786044
:10EB20004D6003604683FDD1B01F38F604AE4577D3
:10EB3000CCFC36D7336B428371AB1EF0874180B07B
:10EB40005F5E003CBE57A07724AEE8BD99424655B3
:10EB5000612E58BF8FF4584EA2FDDDF238EF74F4E9
:10EB6000C2BD8987C3F96653748EB3C855F275B4B4
:10EB7000B9D9FC466126EB7A84DF1D8B790E6A8455
:10EB8000E2955F918E596E467057B4209155D58CA1
:10EB90004CDE02C9E1AC0BB9D00582BB4862A811BA
:10EBA0009EA97475B6197FB709DCA9E0A1092D6685
:10EBB000334632C4021F5AE88CBEF00925A0994A98
:10EBC00010FE6E1D1D3DB91ADFA4A50B0FF286A124
:10EBD00069F1682883DAB7DCFE0639579BCEE2A1DB
:10EBE000527FCD4F015E1150FA8306A7C4B502A033
:10EBF00027D0E60D278CF89A41863F77064C60C3F4
:10EC0000B506A861287A17F0E086F5C0AA5860001A
:10EC1000627DDC30D79EE61163EA382394DDC2536F
:10EC20003416C2C256EECBBBDEB6BC90A17DFCEB67
:10EC3000761D59CE09E4056F88017C4B3D0A723977
:10EC4000247C927C5F72E386B99D4D72B45BC11ADD
:10EC5000FCB89ED3785554EDB5A5FC08D37C3DD8BF
:10EC6000C40FAD4D5EEF501EF8E661B1D91485A218
:10EC70003C13516CE7C7D56FC44EE156CEBF2A3660
:10EC800037C8C6DD34329AD7128263928EFA0E6785
:10EC9000E000604037CE393ACFF5FAD33777C2ABD0
:10ECA0001B2DC55A9E67B05C4237A34F402782D3C5
:10ECB000BE9BBC999D8E11D515730FBF7E1C2DD6A2
:10ECC0007BC400C76B1B8CB74590A121BEB16EB24F
:10ECD000B46E366A2FAB4857796E94BCD276A3C611
:10ECE000C8C24965EEF80F537DDE8D461D0A73D507
:10ECF000C64DD04CDBBB39295046BAA9E82695ACA5
:10ED000004E35EBEF0D5FAA19A512D6AE28CEF635E
:10ED100022EE869AB8C289C0F62E2443AA031EA505
:10ED2000A4D0F29CBA61C0834D6AE99B5015E58F6F
:10ED3000D65B64BAF9A22628E13A3AA78695A94B90
:10ED4000E96255EFD3EF2FC7DAF752F7696F043F47
:10ED5000590AFA7715A9E4800186B087ADE6099BC8
:10ED600093E53E3B5AFD90E997D7349ED9B7F02CF6
:10ED7000518B2B023AACD5967DA67D01D63ECFD1E4
:10ED8000282D7D7CCF259F1F9BB8F2AD72B4D65A3B
:10ED90004CF5885A71AC29E0E6A519E0FDACB04706
:10EDA0009BFA93ED8DC4D3E8CC573B282966D5F860
:10EDB000282E137991015F78556075ED440E96F712
:10EDC0008C5ED3E3D46D0515BA6DF4882561A1037B
:10EDD000BDF06405159EEBC3A257903CEC1A279733
:10EDE0002A073AA99B6D3F1BF521631EFB669CF524
:10EDF00019F3DC2628D93375F5FD55B18234560355
:10EE0000BB3CBA8A11775128F8D90AC26751CCABFA
:10EE10005F92ADCC5117E84D8EDC303862589D378B
:10EE200091F92093C2907AEACE7B3EFB64CE2151C9
:10EE300032BE4F777EE3B6A8463D29C36953DE480C
:10EE400080E613641008AEA224B26DDDFD2D856945
:10EE5000662107090A469AB3DDC04564CFDE6C58C7
:10EE6000AEC8201CDDF7BE5B408D581B7F01D2CCA5
:10EE7000BBE3B46B7E6AA2DD45FF593A440A353ED6
:10EE8000D5CDB4BCA8CEEA72BB8464FAAE12668D4E
:10EE9000476F3CBF63E49BD29E5D2F541B77C2AE8D
:10EEA00070634EF68D0D0E7457135BE7711672F892
:10EEB0005D7D53AF08CB4040CCE2B44E6A46D234BD
:10EEC00084AF15012804B0E11D3A9895B49FB806A7
:10EED00048A06ECE823B3F6F82AB20354B1D1A019E
:10EEE000F8277227B1601561DC3F93E72B793ABBB5
:10EEF000BD254534E13988A04B79CE51B7C9322FB1
:10EF0000C9BA1FA07EC81CE0F6D1C7BCC31101CF8F
:10EF1000C7AAE8A14987901A9ABD4FD4CBDEDAD0B0
:10EF200038DA0AD52AC33903673691C67C31F98DA0
:10EF30004F2BB1E0B7599EF73ABBF543FF19D5F215
:10EF40009C45D9272C2297BF2AFCE61571FC910F0E
:10EF50002515949B6193E5FAEB9CB6CE5964A8C243
:10EF6000D1A8BA125E07C1B60C6A05E36550D2108B
:10EF700042A403CB0E6EECE03BDB9816BEA0984C8F
:10EF800064E9783232951F9FDF92D3E02B34A0D30F
:10EF90001EF2718941740A1B8C34A34B2071BEC5CB
:10EFA000D83276C38D9F35DF2E2F999B476F0BE6A6
:10EFB0001DF1E30F54DA4CE591D8DA1ECF7962CE19
:10EFC0006F7E3ECD66B11816051D2CFDC5D28F840F
:10EFD0009922FBF657F323F5237632A63135A89311
:10EFE00002CDCC566281F0ACB5EB755A9736166EF1
:10EFF000CC73D288926296DED049B9811B90504C76
:10F000001456C671BDC7C6E60A147A3206D0E14569
:10F010009A7BF2C3FD53AAC9000FA862E2BF25BBC9
:10F02000F6D2BD3505691271220204B27CCFCBB68F
:10F030002B9C76CDC03E1153D3E3401660BDAB3858
:10F04000F0AD47259C2038BA76CE46F7C5A1AF77FC
:10F05000606075204EFECB85D88DE88AB0F9AA7A1B
:10F060007EAAF94C5CC248198C8AFB02E46AC3018F
:10F07000F9E1EBD669F8D490A0DE5CA62D25093F16
:10F080009FE608C232614EB75BE277CEE3DF8F576F
:10F09000E672C33A70822CECB327C0E5E48557359D
:10F0A000EA0CAE4123EF6B934519A521ED0E4F4EAF
:10F0B0001D6592BD86B8AF8F7CEB1FCE3E30DC5F06
:10F0C0005EC50B1AA6E139CAD5475D3DD9015AD6AE
:10F0D00051566C4D8B0D9A66FBCCB02D74122B20C3
:10F0E000F0B18499DF4CCBC2347E76056DB7A9317F
:10F0F000D11704D714583A61DE1B111C320F9C162D
:10F100005318F222FE44CFB2C3B57A912408E8A87E
:10F1100060FC6950AAD0A07DA1896297545B1E95BE
:10F12000E0FF64D210C40048A3F775DB8A03E6DA77
:10F13000093FDD94875C8302CD4A90337367F6F311
:10F140009D7FBFE2529BD826C837C63B81966F4B46
:10F1500013BE632EE979A78C9F6EBC8E29F5F9B694
:10F160002FFDB4597898066AE74671BAD425AB42A8
:10F1700088A28DFA7207B955F8EEAC0A36492A68AA
:10F180003C38F1A44028D37BBBC943C115E3ADF49F
:10F1900077C7809EE00558D9674E81CBC90BAE6A10
:10F1A000D5185D8246DFD6278A324B42DB1C9E9CF7
:10F1B0003ACA257B0D715F1FF8D73E9D7C60B9BEB2
:10F1C000BC8B16344DC37295AB8EBA7AB302B4AD14
:10F1D000A2ACD89A171A35CCF799615AE824564050
:10F1E000E1630933BF98978568FCEC0ADA6F5362D4
:10F1F000A32E08AF28B074C2BD362238641E392C45
:10F20000A630E544FD889F65876BF4234810D151F3
:10F21000C0F9D2A055A141FA4313C42FA8B63C2B84
:10F22000C1FFC8A52089009047EFEAB71506CDB504
:10F23000127EBB290FB807049B942166E6CEEDE74A
:10F240003BFE7FC5A437B14C916E8D76032DDE96C3
:10F25000267DC65CD3F24F193FDC791D52EBF36D6E
:10F260005EFB69B2F0310CD4CF8CE275A94A5784A9
:10F2700011451BF5E40E73AAF1DD59146C9254D0BC
:10F280007870E3498050A7F6779386832AC75BE9B5
:10F29000EE8F013D38411676D99360F272C2AB9A77
:10F2A000750657A091F7B5C9A28CD290F607A7278B
:10F2B0008EB249DE435CD7C73EF58F671F186EAF2D
:10F2C0002FE2850D53F09C65EAA3AE9EEC802D6B7A
:10F2D000A82B36A6C5864D33FD6658963A0995107B
:10F2E00078D842CCEF26E5611A3F3B82B6DBD49852
:10F2F000E88B02EB0A2C1DB06F8D880E19874E0B20
:10F30000A90C79117F22E759E1DA3DC8120474543F
:10F31000307EB428556850BED0C431CB2AAD0FCA58
:10F3200070FF326908620024D1FBBAED4581736D2C
:10F33000849FEE4AC32EC101E6254899B9B37BF9F3
:10F34000CEBFDF7129CD6C13649B639DC04BB7A505
:10F35000895FB117F4BCD346CF375E4794FAFC5BA4
:10F3600097FE5AAC3C4C0335F323B85D6A92D52125
:10F370004451C67D3983DCAA7C7756051BA415341D
:10F380001E1CF8522014E9BDDDE4A1E08AF1D67A12
:10F39000BBE3404F702CB3C0E457EAAE236B45A5E6
:10F3A000ED4F1D9286AF7C1F3EDC5E0BA639D55D0E
:10F3B000D95A516C8B9AFBB0742BF084DFCB347626
:10F3C0006DA9D104143ADE11329C53F2FECFC37AF8
:10F3D00024E86069AAA0A162541EE0641000A3752D
:10F3E0008AE609DD8783CD9073F69DBF52D8C8C6E3
:10F3F000816F1363E9A79FBC29F92FB47806E771E1
:10F40000D4AB888D72B9F8AC362A3CF140D3BB43FB
:10F4100015AD778082EC27E585350C41EF931921F6
:10F420000E4E65BDB88FEBCE305FC51AE1CA473DC1
:10F4300001D6564D0D66CC2D1220B1994CC27E05D9
:10F44000B73117D758611B1C0F16182244B2B5915B
:10F4500008A8FC50D07D89975B95FFD2C448F7DBA4
:10F4600003DA3F945C024A3367F37FE29B26373B23
:10F47000964BBE2E798C6E8EF5B6FD59986A46BABB
:10F480002542A2FA0755EE0A496838A4287BC9C16B
:10F49000E3F4C79EA09E667F3BCC908BB67AE8587B
:10F4A0004CAA73B2C6EF372FE94F82BE54FF53A563
:10F4B000F1D36F1C10E527FADE682D1DB05688C207
:10F4C000B3E6C1FD0001020308090A0B2627242523
:10F4D000171415161BFFFF1AFFFFFFFFFFFFFFFFAB
:10F4E000FFFFFFFFFFFFFFFFFFFFFFFF0405060712
:10F4F0000C0D0E0F10111213FF1819FF1F1C1D1EEB
:10F50000FFFFFFFFFFFFFFFFFFFFFFFFFFFFFFFF0B
:10F51000FFFFFFFF000102033D3E3F3CFFFFFFFFF7
:10F520001B18191A23202122FFFFFFFF08090A0BCD
:10F5300010111213FFFFFFFF27242526FFFFFFFFF7
:10F540000C0D0E0F3A3B38391F1C1D1EFFFFFFFF2D
:10F55000040506074142434014151617FFFFFFFF3D
:10F560002B28292A010101010000000001010101ED
:10F570000000000001000101010100010101010082
:10F580000101000115161714FFFFFFFF12131011E0
:10F590000B08090A0F0C0D0E191A1B181D1E1F1C33
:10F5A00012131011FFFFFFFFFFFFFFFF4152433413
:10F5B0002D31323800000000424C4F574649534825
:10F5C0002D43545200000000424C4F5746495348C7
:10F5D0002D43464236340000424C4F57464953486B
:10F5E0002D43424300000000424C4F5746495348C8
:10F5F0002D454342000000004445532D454445330A
:10F600002D434243000000004445532D45444533FB
:10F610002D454342000000004445532D4544452DEF
:10F62000434243004445532D4544452D4543420044
:10F630004445532D434243004445532D4543420026
:10F6400043414D454C4C49412D3235362D43434DB8
:10F650000000000043414D454C4C49412D313932A9
:10F660002D43434D0000000043414D454C4C494162
:10F670002D3132382D43434D0000000043414D45AC
:10F680004C4C49412D3235362D47434D000000008A
:10F6900043414D454C4C49412D3139322D47434D65
:10F6A0000000000043414D454C4C49412D3132385A
:10F6B0002D47434D0000000043414D454C4C49410E
:10F6C0002D3235362D4354520000000043414D4544
:10F6D0004C4C49412D3139322D4354520000000029
:10F6E00043414D454C4C49412D3132382D43545204
:10F6F0000000000043414D454C4C49412D32353608
:10F700002D4346423132380043414D454C4C49412E
:10F710002D3139322D4346423132380043414D4577
:10F720004C4C49412D3132382D434642313238005C
:10F7300043414D454C4C49412D3235362D434243D2
:10F740000000000043414D454C4C49412D313932B8
:10F750002D4342430000000043414D454C4C49417C
:10F760002D3132382D4342430000000043414D45C6
:10F770004C4C49412D3235362D45434200000000A6
:10F7800043414D454C4C49412D3139322D45434281
:10F790000000000043414D454C4C49412D31323869
:10F7A0002D454342000000004145532D3235362D92
:10F7B00043434D004145532D3139322D43434D00D4
:10F7C0004145532D3132382D43434D004145532D92
:10F7D0003235362D47434D004145532D3139322DB9
:10F7E00047434D004145532D3132382D47434D009D
:10F7F0004145532D3235362D435452004145532D4A
:10F800003139322D435452004145532D3132382D78
:10F81000435452004145532D3235362D4346423133
:10F82000323800004145532D3139322D43464231A3
:10F83000323800004145532D3132382D4346423194
:10F84000323800004145532D3235362D43424300B6
:10F850004145532D3139322D434243004145532D0B
:10F860003132382D434243004145532D3235362D38
:10F87000454342004145532D3139322D4543420025
:10F880004145532D3132382D4543420005020000D9
:10F89000800000005CF80400100000000000000080
:10F8A0001000000084FA04002B0800008000000013
:10F8B000C0F704000C000000010000001000000070
:10F8C000A8FD0400080300008000000034F80400D4
:10F8D00010000000000000001000000084FA040086
:10F8E0000B0500008000000008F804001000000074
:10F8F000000000001000000084FA04000201000073
:10F900008000000080F804001000000000000000EB
:10F910001000000084FA04000E06000080000000C1
:10F92000E4F704000C0000000100000010000000DB
:10F9300018FF040006020000C000000050F8040098
:10F9400010000000000000001000000084FA040015
:10F950002C080000C0000000B4F704000C000000F8
:10F960000100000010000000A8FD040009030000D1
:10F97000C000000024F80400100000000000000097
:10F980001000000084FA04000C050000C000000014
:10F99000FCF7040010000000000000001000000050
:10F9A00084FA040003010000C000000074F80400A1
:10F9B00010000000000000001000000084FA0400A5
:10F9C0000F060000C0000000D8F704000C00000083
:10F9D000010000001000000018FF040007020000F2
:10F9E0000001000044F804001000000000000000C6
:10F9F0001000000084FA04002D080000000100003F
:10FA0000A8F704000C000000010000001000000036
:10FA1000A8FD04000A0300000001000014F804001F
:10FA200010000000000000001000000084FA040034
:10FA30000D05000000010000F0F7040010000000B8
:10FA4000000000001000000084FA0400040100001F
:10FA50000001000068F80400100000000000000031
:10FA60001000000084FA04001006000000010000ED
:10FA7000CCF704000C0000000100000010000000A2
:10FA800018FF04000200000035480200314802005F
:10FA90002D4802002948020000000000254802000D
:10FAA0002148020009480200F54702002A07000029
:10FAB00080000000ACF50400000000000000000021
:10FAC00001000000C8FA0400070000000000000068
:10FAD000000000000000000000000000F1470200EC
:10FAE000D5470200D5470200BD470200A9470200E2
:10FAF0002702000080000000D8F504000800000084
:10FB0000020000000800000060FB04002803000061
:10FB100080000000C8F5040008000000020000009A
:10FB20000800000060FB04002905000080000000C0
:10FB3000B8F5040008000000020000000800000002
:10FB400060FB04002601000080000000E8F50400CE
:10FB500008000000020000000800000060FB040034
:10FB600006000000A5470200A14702009D470200D1
:10FB700099470200000000009547020095470200E7
:10FB80007D47020069470200140200008000000067
:10FB900058F70400100000000000000010000000F2
:10FBA00080FD04002E0800008000000068F60400BC
:10FBB0000C0000000100000010000000D0FD040057
:10FBC00017030000800000001CF704001000000074
:10FBD000000000001000000080FD04001A05000075
:10FBE00080000000E0F604001000000000000000AB
:10FBF0001000000080FD04001101000080000000E2
:10FC000094F7040010000000000000001000000045
:10FC100080FD04001D06000080000000A4F6040022
:10FC20000C000000010000001000000040FF040074
:10FC300015020000C000000044F70400100000009E
:10FC4000000000001000000080FD04002F080000EC
:10FC5000C000000054F604000C0000000100000089
:10FC600010000000D0FD040018030000C0000000D8
:10FC700008F7040010000000000000001000000061
:10FC800080FD04001B050000C0000000CCF604004D
:10FC900010000000000000001000000080FD0400C3
:10FCA00012010000C000000080F7040010000000F6
:10FCB000000000001000000080FD04001E0600008F
:10FCC000C000000090F604000C00000001000000DD
:10FCD0001000000040FF04001602000000010000B8
:10FCE00030F70400100000000000000010000000C9
:10FCF00080FD0400300800000001000040F6040010
:10FD00000C0000000100000010000000D0FD040005
:10FD10001903000000010000F4F6040010000000C8
:10FD2000000000001000000080FD04001C05000021
:10FD300000010000B8F60400100000000000000000
:10FD40001000000080FD040013010000000100000D
:10FD50006CF704001000000000000000100000001C
:10FD600080FD04001F060000000100007CF6040076
:10FD70000C000000010000001000000040FF040023
:10FD80000500000065470200614702005D47020070
:10FD90005947020000000000554702005147020089
:10FDA0003947020025470200020000000000000061
:10FDB0000000000000000000000000000000000043
:10FDC000D5460200D5460200B14602009D4602001B
:10FDD000050000000000000000000000000000001E
:10FDE0000000000000000000C9460200C9460200F1
:10FDF000B14602009D4602002102000040000000C2
:10FE000030F60400080000000000000008000000B8
:10FE1000F0FE0400200100004000000038F604005D
:10FE2000080000000000000008000000F0FE0400D0
:10FE300025020000C0000000F8F5040008000000E2
:10FE4000000000000800000068FE0400240100001B
:10FE5000C000000008F604000800000000000000D8
:10FE60000800000068FE0400040000004D46020087
:10FE700049460200000000000000000000000000F1
:10FE8000454602004146020029460200154602008E
:10FE9000230200008000000018F6040008000000A3
:10FEA0000000000008000000C8FE0400220100005D
:10FEB0008000000024F6040008000000000000009C
:10FEC00008000000C8FE0400030000004D460200C8
:10FED0004946020000000000000000000000000091
:10FEE0005946020055460200294602001546020006
:10FEF0000300000095460200914602000000000049
:10FF000000000000000000008D460200894602004B
:10FF1000714602005D460200020000000000000081
:10FF200000000000000000000000000000000000D1
:10FF30001947020019470200F5460200E146020097
:10FF400005000000000000000000000000000000AC
:10FF500000000000000000000D4702000D470200F5
:10FF6000F5460200E146020002000000FCF8040031
:10FF700003000000A4F90400040000004CFA04008F
:10FF8000050000008CF804000600000034F90400AD
:10FF900007000000DCF9040008000000C4F80400B9
:10FFA000090000006CF904000A00000014FA0400C3
:10FFB0000B000000E0F804000C00000088F90400C9
:10FFC0000D00000030FA04000E00000018F90400D3
:10FFD0000F000000C0F904001000000068FA0400DF
:10FFE0002B000000A8F804002C00000050F90400C9
:10FFF0002D000000F8F904002A000000ACFA04000B
:020000040005F5
:100000002600000044FB040027000000F0FA040072
:10001000280000000CFB04002900000028FB04005D
:1000200011000000F8FB040012000000A0FC040016
:100030001300000048FD04001400000088FB0400C9
:100040001500000030FC040016000000D8FC04007D
:1000500017000000C0FB04001800000068FC04004A
:100060001900000010FD04001A000000DCFB040071
:100070001B00000084FC04001C0000002CFD040098
:100080001D00000014FC04001E000000BCFC040065
:100090001F00000064FD04002E000000A4FB04000B
:1000A0002F0000004CFC040030000000F4FC0400B1
:1000B0002000000014FE040022000000ACFE04003A
:1000C000240000004CFE040021000000F8FD0400A4
:1000D0002300000090FE04002500000030FE040014
:1000E000000000000000000000000000010000000F
:1000F00000010000010100000000010001000100FA
:1001000000010100010101000000000101000001E7
:1001100000010001010100010000010101000101D5
:1001200000010101010101010000000000000001C7
:1001300000000100000001010001000000010001B9
:1001400000010100000101010100000001000001A7
:100150000100010001000101010100000101000195
:100160000101010001010101000401010000000082
:100170000000010004040101040001010404010065
:100180000400000000000100000400000004010160
:100190000404010100040000040400010400010142
:1001A000000000010400000004040000000400013D
:1001B000000400010004010000040100000001012E
:1001C000000001010404000104000100040000011A
:1001D000040000010400010000000000040400000D
:1001E00004040100000000010000010004040101FA
:1001F00004000000000001010004010100000001F2
:1002000000000001000400000400010100000100E2
:1002100000040100040000010004000004000000CC
:1002200004040001040401000404010104000100AD
:1002300000000101040400010400000104040000A6
:100240000404010000040101040400000004000192
:10025000000400010000000004000100000401008F
:100260000000000004000101208010800080008058
:10027000008000002080100000001000200000001E
:1002800020001080208000802000008020801080CE
:1002900000801080000000800080008000001000BE
:1002A00020000000200010800080100020001000BE
:1002B000208000800000000000000080008000001E
:1002C000208010000000108020001000200000801E
:1002D00000000000008010002080000000801080DE
:1002E000000010802080000000000000208010002E
:1002F000200010800000100020800080000010808E
:1003000000801080008000000000108000800080CD
:1003100020000000208010802080100020000000BD
:10032000008000000000008020800000008010801D
:1003300000001000200000802000100020800080BD
:10034000200000802000100000801000000000004D
:1003500000800080208000000000008020001080CD
:1003600020801080008010000802000000020208B7
:100370000000000008000208000200080000000061
:10038000080202000002000808000200080000083D
:10039000080000080000020008020208080002002D
:1003A0000000020808020000000000080800000029
:1003B0000002020800020000000202000000020821
:1003C00008000208080202000802000800020200F9
:1003D00000000200080200080800000008020208ED
:1003E00000020000000000080002020800000008EF
:1003F00008000200080200000000020000020208DB
:1004000000020008000000000002000008000200D6
:1004100008020208000200080800000800020000AC
:1004200000000000080002080802000800000200A6
:10043000000000080802020808000000080202008C
:10044000000202000800000800000208080200087C
:100450000802000000000208080202000800000074
:100460000800020800020200012080008120000034
:10047000812000008000000080208000810080003A
:10048000010080000120000000000000002080002A
:10049000002080008120800081000000000000001A
:1004A00080008000010080000100000000200000AA
:1004B000000080000120800080000000000080001B
:1004C0000120000080200000810080000100000069
:1004D000802000008000800000200000802080003C
:1004E00081208000810000008000800001008000E9
:1004F00000208000812080008100000000000000BA
:1005000000000000002080008020000080008000AB
:100510008100800001000000012080008120000097
:100520008120000080000000812080008100000008
:1005300001000000002000000100800001200000F8
:1005400080208000810080000120000080200000C9
:10055000000080000120800080000000000080007A
:10056000002000008020800000010000000108023F
:100570000000080200010042000008000001000025
:1005800000000040000008020001084000000800D0
:100590000001000200010840000100420000084282
:1005A00000010800000000400000000200000840B8
:1005B0000000084000000000000100400001084267
:1005C0000001084200010002000008420001004052
:1005D00000000000000000420001080200000002CC
:1005E0000000004200010800000008000001004275
:1005F00000010000000000020000004000000802AE
:10060000000100420001084000010002000000401B
:10061000000008420001080200010840000100003B
:10062000000000020000084200010842000108002A
:100630000000004200010842000008020000000023
:100640000000084000000042000108000001000214
:100650000001004000000800000000000000084009
:1006600000010802000100401000002000004020AE
:10067000004000001040402000004020100000001A
:10068000104040200000400000400020104040008A
:10069000000040001000002010004000004000203A
:1006A000000000201040000000000000100040008A
:1006B000104000200040000000404000104000209A
:1006C000100000001000402010004020000000003A
:1006D000104040000040402010400000004040001A
:1006E00000404020000000200040002010000000DA
:1006F000100040200040400010404020000040001A
:1007000010400000100000200000400000400020C9
:100710000000002010400000100000201040402089
:1007200000404000000040201040400000404020B9
:1007300000000000100040201000000000400000F9
:100740000000402010404000004000001000400029
:100750001040002000000000004040200000002069
:100760001000400010400020000020000200200483
:100770000208000400000000000800000208000455
:1007800002082000000820040208200400002000C5
:10079000000000000200000402000000000000044D
:1007A00002002004020800000008000402082000E3
:1007B00002002000000800040200000400002004E1
:1007C00000082004020020000000200400080000AF
:1007D00002080000020820040008200002000000B7
:1007E00000000004000820000000000400082000B1
:1007F0000000200002080004020800040200200497
:10080000020020040200000002002000000000049A
:100810000008000400002000000820040208000076
:100820000208200000082004020800000200000462
:10083000020820040000200400082000000000003E
:10084000020000000208200400000000020820004E
:10085000000020040008000002000004000800045A
:1008600000080000020020004010001000100000EE
:1008700000000400401004100000001040100010A0
:1008800040000000000000104000040000000410C0
:100890004010041000100400001004104010040068
:1008A0000010000040000000000004104000001094
:1008B0000010001040100000001004004000040070
:1008C0004000041000100410401000000000000060
:1008D0000000000040000410400000100010001054
:1008E0004010040000000400401004000000040058
:1008F0000010041000100000400000004000041030
:100900000010000040100400001000104000000023
:10091000400000100000041040000410000000100F
:1009200000000400401000100000000040100410FF
:1009300040000400400000100000041000100010EF
:1009400040100010000000004010041000100400CF
:10095000001004004010000040100000400004009F
:100960000000001000100410000000000000000053
:10097000201C0000000000004038000000000000C3
:1009800060240000000000008070000000000000F3
:10099000A06C000000000000C04800000000000043
:1009A000E05400000000000000E100000000000032
:1009B00020FD00000000000040D900000000000001
:1009C00060C50000000000008091000000000000F1
:1009D000A08D000000000000C0A900000000000081
:1009E000E0B500000000000008008000500000009A
:1009F000A95C02007D5C02009D5D02000000000019
:100A0000000000001D5E0200095F0200040080007B
:100A100024010000A95C02007D5C02009D5D0200D3
:100A200000000000000000001D5E0200D55E020014
:100A3000537461636B206F766572666C6F772064A8
:100A4000657465637465642E00000000000080001A
:100A50009D62020085620200316302002F627569A7
:100A60006C64732F716F72766F2F7577622D696F5B
:100A7000742F70726F6A2F617070732D70726F6A4D
:100A8000656374732F53444B2F636F6D706F6E6586
:100A90006E74732F6C69627261726965732F717500
:100AA0006575652F6E72665F71756575652E63007D
:100AB0002F6275696C64732F716F72766F2F757703
:100AC000622D696F742F70726F6A2F617070732D51
:100AD00070726F6A656374732F53444B2F6578741B
:100AE00065726E616C2F6672656572746F732F73B9
:100AF0006F757263652F706F727461626C652F4DD4
:100B0000656D4D616E672F686561705F342E63009F
:100B10002F6275696C64732F716F72766F2F7577A2
:100B2000622D696F742F70726F6A2F617070732DF0
:100B300070726F6A656374732F53444B2F657874BA
:100B400065726E616C2F6672656572746F732F705B
:100B50006F727461626C652F434D5349532F6E72EF
:100B60006635322F706F72745F636D7369732E63B5
:100B7000000000002F6275696C64732F716F7276CC
:100B80006F2F7577622D696F742F70726F6A2F6186
:100B90007070732D70726F6A656374732F53444B5A
:100BA0002F65787465726E616C2F667265657274FC
:100BB0006F732F736F757263652F71756575652E11
:100BC000630000002F6275696C64732F716F727619
:100BD0006F2F7577622D696F742F70726F6A2F6136
:100BE0007070732D70726F6A656374732F53444B0A
:100BF0002F65787465726E616C2F667265657274AC
:100C00006F732F736F757263652F7461736B732EBF
:100C10006300000049444C4500000000546D7251CF
:100C2000000000002F6275696C64732F716F72761B
:100C30006F2F7577622D696F742F70726F6A2F61D5
:100C40007070732D70726F6A656374732F53444BA9
:100C50002F65787465726E616C2F6672656572744B
:100C60006F732F736F757263652F74696D6572731F
:100C70002E630000546D7220537663002F627569F5
:100C80006C64732F716F72766F2F7577622D696F39
:100C9000742F70726F6A2F617070732D70726F6A2B
:100CA000656374732F53444B2F636F6D706F6E6564
:100CB0006E74732F626F617264732F626F617264FE
:100CC000732E63002E2E2F2E2E2F2E2E2F2E2E2FF4
:100CD0002E2E2F53444B2F6D6F64756C65732F6EE2
:100CE0007266782F68616C2F6E72665F6770696FCD
:100CF0002E6800000B0C18190D0E0F102F6275696D
:100D00006C64732F716F72766F2F7577622D696FB8
:100D1000742F70726F6A2F617070732D70726F6AAA
:100D2000656374732F53444B2F696E7465677261EA
:100D300074696F6E2F6E7266782F6C656761637968
:100D40002F6E72665F6472765F636C6F636B2E6387
:100D500000000000636C6F636B0000002F62756918
:100D60006C64732F716F72766F2F7577622D696F58
:100D7000742F70726F6A2F617070732D70726F6A4A
:100D8000656374732F53444B2F6D6F64756C65737B
:100D90002F6E7266782F647269766572732F737224
:100DA000632F6E7266785F636C6F636B2E630000F7
:100DB000434C4F434B0000002F6275696C64732FE6
:100DC000716F72766F2F7577622D696F742F7072E5
:100DD0006F6A2F617070732D70726F6A65637473C0
:100DE0002F53444B2F6D6F64756C65732F6E726655
:100DF000782F647269766572732F7372632F6E72C7
:100E000066785F6770696F74652E63004750494F5D
:100E100054450000554152540000000055415254C1
:100E200045000000525443002F6275696C64732FB3
:100E3000716F72766F2F7577622D696F742F707274
:100E40006F6A2F617070732D70726F6A656374734F
:100E50002F53444B2F6D6F64756C65732F6E7266E4
:100E6000782F647269766572732F7372632F6E7256
:100E700066785F7370696D2E630000002E2E2F2E32
:100E80002E2F2E2E2F2E2E2F2E2E2F53444B2F69EA
:100E90006E746567726174696F6E2F6E7266782FFB
:100EA0006E7266785F676C75652E68005350494DA9
:100EB00000000000399D0200519D0200699D020062
:100EC0002F6275696C64732F716F72766F2F7577EF
:100ED000622D696F742F70726F6A2F617070732D3D
:100EE00070726F6A656374732F53444B2F6D6F6418
:100EF000756C65732F6E7266782F64726976657291
:100F0000732F7372632F6E7266785F73797374696F
:100F1000636B2E630000000054494D4552000000F1
:100F20002F6275696C64732F716F72766F2F75778E
:100F3000622D696F742F70726F6A2F617070732DDC
:100F400070726F6A656374732F53444B2F6D6F64B7
:100F5000756C65732F6E7266782F64726976657230
:100F6000732F7372632F6E7266785F7477692E6366
:100F700000000000545749002F6275696C64732F9C
:100F8000716F72766F2F7577622D696F742F707223
:100F90006F6A2F617070732D70726F6A65637473FE
:100FA0002F53444B2F6D6F64756C65732F6E726693
:100FB000782F647269766572732F7372632F6E7205
:100FC00066785F7764742E63000000005744540015
:100FD000FFFFFFFF0007FF000000004000000000CF
:100FE0002F6275696C64732F716F72766F2F7577CE
:100FF000622D696F742F70726F6A2F617070732D1C
:1010000070726F6A656374732F53444B2F6D6F64F6
:10101000756C65732F6E7266782F6472697665726F
:10102000732F7372632F6E7266785F757362642EAE
:10103000630000002E2E2F2E2E2F2E2E2F2E2E2F21
:101040002E2E2F53444B2F6D6F64756C65732F6E6E
:101050007266782F68616C2F6E72665F757362645A
:101060002E680000555342440000000008010C01A6
:101070001001140118011C01200124012C010000A1
:101080003001340138013C014001440148014C0168
:101090005001000051AD020089AD020071AF0200A5
:1010A000D9B0020069B1020021B1020091B0020082
:1010B000B9AF020049B0020001B0020039B302002A
:1010C000FDAE020095BB02004DBA0200C9BA020093
:1010D000CDB90200D1B702004DB90200D1B802006B
:1010E00051B8020095AE02004DAE02008DAD020077
:1010F00031BF02004DB702002F6275696C64732F17
:10110000716F72766F2F7577622D696F742F7072A1
:101110006F6A2F617070732D70726F6A656374737C
:101120002F53444B2F6D6F64756C65732F6E726611
:10113000782F647269766572732F7372632F707281
:10114000732F6E7266785F7072732E6300000000FA
:10115000505253002F6275696C64732F716F7276F1
:101160006F2F7577622D696F742F70726F6A2F61A0
:101170007070732D70726F6A656374732F53444B74
:101180002F696E746567726174696F6E2F6E726617
:10119000782F6C65676163792F6E72665F64727613
:1011A0005F726E672E630000726E670001060000BA
:1011B0002F6275696C64732F716F72766F2F7577FC
:1011C000622D696F742F70726F6A2F617070732D4A
:1011D00070726F6A656374732F53444B2F6D6F6425
:1011E000756C65732F6E7266782F6472697665729E
:1011F000732F7372632F6E7266785F726E672E63E1
:1012000000000000524E47004E656172627920492D
:101210006E746572616374696F6E204265746100FB
:1012200044574D33303030455642202B206E5246C5
:101230003532383430444B004672656552544F5352
:10124000000000005465726D696E616C0000000062
:101250005254540053454747455200002F62756968
:101260006C64732F716F72766F2F7577622D696F53
:10127000742F70726F6A2F617070732D70726F6A45
:10128000656374732F53444B2F636F6D706F6E657E
:101290006E74732F626C652F636F6D6D6F6E2F624E
:1012A0006C655F636F6E6E5F73746174652E63004F
:1012B00073645F626C655F6761705F646174615FD6
:1012C0006C656E6774685F75706461746528292049
:1012D000287265717565737429206F6E20636F6E57
:1012E0006E656374696F6E2030782578207265743E
:1012F00075726E65642025732E00000054686520A9
:101300007265717565737465642054582F52582046
:101310007061636B6574206C656E677468206973B7
:1013200020746F6F206C6F6E672062792025752F97
:101330002575206F63746574732E000054686520F2
:1013400072657175657374656420636F6D62696E33
:101350006174696F6E206F6620545820616E64203E
:101360005258207061636B6574206C656E67746899
:101370007320697320746F6F206C6F6E67206279C1
:10138000202575206D6963726F7365636F6E64737A
:101390002E00000073645F626C655F676174746344
:1013A0005F65786368616E67655F6D74755F7265B0
:1013B000717565737428292072657475726E656421
:1013C0002025732E0000000073645F626C655F6708
:1013D000617474735F65786368616E67655F6D746F
:1013E000755F7265706C7928292072657475726EEC
:1013F00065642025732E00006E72665F626C655F07
:1014000067617474000000005570646174650000C9
:1014100044656C65746500004F757464617465643F
:10142000202830290000000053657276696365202A
:101430006368616E6765642070656E64696E6720BD
:10144000666C6167000000004F75746461746564C8
:1014500020283229000000004F75746461746564AF
:1014600020283329000000004170706C69636174AA
:10147000696F6E20646174610000000052656D6FD9
:1014800074652064617461626173650050656572A2
:101490002072616E6B000000426F6E64696E67209F
:1014A00064617461000000004C6F63616C206461D2
:1014B000746162617365000043656E7472616C20D3
:1014C00061646472657373207265736F6C7574699F
:1014D0006F6E0000456E6372797074696F6E000004
:1014E000426F6E64696E670050616972696E670071
:1014F000496E76616C696420526F6C650000000073
:101500005065726970686572616C000043656E7445
:1015100072616C00706565725F6D616E61676572A6
:101520005F68616E646C657200000000626C655FEC
:1015300062617300626C655F6E7573009ECADC2425
:101540000EE5A9E093F3A3B50000406E2F62756924
:101550006C64732F716F72766F2F7577622D696F60
:10156000742F70726F6A2F617070732D70726F6A52
:10157000656374732F53444B2F636F6D706F6E658B
:101580006E74732F736F66746465766963652F6319
:101590006F6D6D6F6E2F6E72665F7364682E630081
:1015A0006E72665F736468000100000770CB040010
:1015B00078CB04000800000060CB040070CB04006E
:1015C0000800000048CB040060CB040008000000C5
:1015D0002F6275696C64732F716F72766F2F7577D8
:1015E000622D696F742F70726F6A2F617070732D26
:1015F00070726F6A656374732F53444B2F636F6D02
:10160000706F6E656E74732F736F66746465766940
:1016100063652F636F6D6D6F6E2F6E72665F73649F
:10162000685F626C652E63006E72665F7364685FEC
:10163000626C650008CB040048CB04000800000081
:10164000424C4500536F6674446576696365207447
:1016500061736B206E6F7420637265617465642EB4
:10166000000000002F6275696C64732F716F7276D1
:101670006F2F7577622D696F742F70726F6A2F618B
:101680007070732D70726F6A656374732F53444B5F
:101690002F636F6D706F6E656E74732F736F6674EA
:1016A0006465766963652F636F6D6D6F6E2F6E7203
:1016B000665F7364685F6672656572746F732E63CC
:1016C000000000006E72665F7364685F6672656535
:1016D00072746F73000000002F6275696C64732F61
:1016E000716F72766F2F7577622D696F742F7072BC
:1016F0006F6A2F617070732D70726F6A6563747397
:101700002F53444B2F636F6D706F6E656E74732F24
:10171000736F66746465766963652F636F6D6D6F53
:101720006E2F6E72665F7364685F736F632E630003
:101730006E72665F7364685F736F6300F8CA04005B
:1017400008CB0400080000007265705461736B00E0
:101750004F4B0000455252007B22545752223A20F0
:101760007B2252223A25642C22613136223A2230E1
:101770007825303478222C2253223A222573222CC9
:10178000224420636D223A25647D7D0D0A0000000D
:101790002F6275696C64732F716F72766F2F757716
:1017A000622D696F742F70726F6A2F617070732D64
:1017B00070726F6A656374732F6E6577746F6E2FC6
:1017C000716F72766F5F6170706C655F6E6561726C
:1017D00062795F696E746572616374696F6E5F626E
:1017E0006574612F5372632F417070732F66697235
:1017F000612F666972615F6170702E630000000086
:101800002172000048170500E5E702000200000011
:1018100000000000000100006D6370735461736B81
:101820000000000054616720696E69742066616978
:101830006C65642E2053746F702E0D0A000000003A
:1018400054782064656C617965643A2073746172C0
:10185000742025782063757272656E742025780077
:1018600052782064656C617965643A2073746172A2
:10187000742025782063757272656E742025780057
:10188000010000011818050085EF020003000000A8
:10189000000000000004000079EF0200C9F202001D
:1018A000F1F2020075F40200FDEB0200ADF102005E
:1018B00015EC02000000000005F002002DEC020013
:1018C00061EC020069EC020071EC02008DEC020098
:1018D000A5EC020015ED020075ED020029F50200ED
:1018E00079ED02000DEE020011EE020031F402006B
:1018F00015EE02000000000045EE020059EE020065
:1019000065EE020069EE02004465665461736B0087
:101910002F6275696C64732F716F72766F2F757794
:10192000622D696F742F70726F6A2F617070732DE2
:1019300070726F6A656374732F6E6577746F6E2F44
:10194000716F72766F5F6170706C655F6E656172EA
:1019500062795F696E746572616374696F6E5F62EC
:101960006574612F5372632F5557422F6D61696EF5
:101970005F7577622E6300000819050069F902009F
:10198000FEFF000000000000000400002F627569E7
:101990006C64732F716F72766F2F7577622D696F1C
:1019A000742F70726F6A2F617070732D70726F6A0E
:1019B000656374732F6E6577746F6E2F716F7276B7
:1019C0006F5F6170706C655F6E65617262795F698F
:1019D0006E746572616374696F6E5F626574612FA6
:1019E0005372632F426F617264732F5372632F6E51
:1019F00052463532383430444B2F6E5246353238E9
:101A00003430444B2E630000000000000000000052
:101A10000338FDD8704700004000000000040000BB
:101A2000FFFFFFFFFFFFFFFF800000000006000038
:101A3000FFFFFFFFFFFFFFFF0001000000080000A5
:101A4000FFFFFFFFFFFFFFFF000200002F6275692D
:101A50006C64732F716F72766F2F7577622D696F5B
:101A6000742F70726F6A2F617070732D70726F6A4D
:101A7000656374732F6E6577746F6E2F716F7276F6
:101A80006F5F6170706C655F6E65617262795F69CE
:101A90006E746572616374696F6E5F626574612FE5
:101AA0005372632F48414C2F5372632F6E52463549
:101AB000323878782F48414C5F7761746368646F7F
:101AC000672E630001000000D0070000070000003F
:101AD0002F6275696C64732F716F72766F2F7577D3
:101AE000622D696F742F70726F6A2F617070732D21
:101AF00070726F6A656374732F6E6577746F6E2F83
:101B0000716F72766F5F6170706C655F6E65617228
:101B100062795F696E746572616374696F6E5F622A
:101B20006574612F5372632F48414C2F5372632F9A
:101B30006E524635323878782F48414C5F535049C1
:101B40002E63000000000000000000000000000004
:101B50000338FDD87047000091FC0200D9FC020058
:101B600029FC020021FD02006DFF0200310003008C
:101B700025FC020091FC0200D9FC020029FC0200B5
:101B800021FD02006DFF02003100030025FC020070
:101B90002F6275696C64732F716F72766F2F757712
:101BA000622D696F742F70726F6A2F617070732D60
:101BB00070726F6A656374732F6E6577746F6E2FC2
:101BC000716F72766F5F6170706C655F6E65617268
:101BD00062795F696E746572616374696F6E5F626A
:101BE0006574612F5372632F48414C2F5372632FDA
:101BF0006E524635323878782F48414C5F4457331F
:101C00003030302E630000000100020000000000B0
:101C10000338FDD87047000000000000241C0500B8
:101C2000DD0003006DFF02003100030025FC02000F
:101C300000000000450003002A00060028002B00D9
:101C4000060000000000000000000000000000008E
:101C50000338FDD8704700000000000000000000BD
:101C60000338FDD8704700002F6275696C64732FCC
:101C7000716F72766F2F7577622D696F742F707226
:101C80006F6A2F617070732D70726F6A6563747301
:101C90002F6E6577746F6E2F716F72766F5F6170E4
:101CA000706C655F6E65617262795F696E74657292
:101CB000616374696F6E5F626574612F50726F6AE1
:101CC000656374732F6E52463532383430444B2F6F
:101CD000636F6E6669672F4672656552544F535F36
:101CE00069646C655F686F6F6B2E63002F62756946
:101CF0006C64732F716F72766F2F7577622D696FB9
:101D0000742F70726F6A2F617070732D70726F6AAA
:101D1000656374732F6E6577746F6E2F716F727653
:101D20006F5F6170706C655F6E65617262795F692B
:101D30006E746572616374696F6E5F626574612F42
:101D40005372632F436F6D6D2F626C652F626C65EC
:101D50002E630000436F6E6E65637465640000005F
:101D6000446973636F6E6E656374656400000000A0
:101D70004E6F74696669636174696F6E2069732060
:101D8000656E61626C6564004E6F7469666963615B
:101D900074696F6E2069732064697361626C656435
:101DA00000000000646174615F6C656E206D757386
:101DB00074206265206174206C6561737420312E1B
:101DC0002052657475726E2E000000004170702004
:101DD0007265717565737473206163636573736F86
:101DE000727920636F6E66696720646174610000B8
:101DF00044617461206C656E2077726F6E670000BD
:101E000050726F746F636F6C2076657273696F6E5A
:101E1000206E6F7420737570706F7274656400004B
:101E2000556E737570706F72746564206D65737331
:101E30006167652049442E004661737420616476B1
:101E40006572746973696E672E0000002F62756990
:101E50006C64732F716F72766F2F7577622D696F57
:101E6000742F70726F6A2F617070732D70726F6A49
:101E7000656374732F6E6577746F6E2F716F7276F2
:101E80006F5F6170706C655F6E65617262795F69CA
:101E90006E746572616374696F6E5F626574612FE1
:101EA0005372632F6D61696E2E6300004C4F47477C
:101EB000455200004170706C69636174696F6E3ADD
:101EC0002025730D0A0000005461726765743A2082
:101ED00025730D0A000000004F533A2025730D0AA8
:101EE0000000000056657273696F6E3A2025730D0D
:101EF0000A0000004D41433A2025730D0A000000FE
:101F0000526573706F6E6465720000004143434513
:101F100053534F52595F52414E47494E475F524FBC
:101F20004C453A2025730D0A0000000043000000D4
:101F3000504F53495800000020202020202020200E
:101F40002068282828282020202020202020202029
:101F500020202020202020204810101010101010C9
:101F600010101010101010108484848484848484D1
:101F700084841010101010101081818181818101E2
:101F80000101010101010101010101010101010141
:101F900001010110101010101082828282828202D0
:101FA0000202020202020202020202020202020211
:101FB0000202021010101020000703200417020173
:101FC00008571040800000002C1F0500302005003D
:101FD0004421050053756E004D6F6E005475650009
:101FE0005765640054687500467269005361740057
:101FF000000000004A616E00466562004D6172009B
:10200000417072004D6179004A756E004A756C002E
:1020100041756700536570004F6374004E6F760022
:102020004465630000000000414D00504D00000079
:102030006821050064210500642105006421050074
:102040006421050064210500642105006421050068
:102050006421050064210500FFFFFFFFFFFFFFFF74
:10206000FFFFFFFFFFFF0000A4200500D41F0500B5
:10207000E0200500F41F0500282005008820050049
:102080003821050094200500256D2F25642F257922
:1020900000000000256120256220256520255420B0
:1020A0002559000053756E646179004D6F6E64614F
:1020B000790054756573646179005765646E657362
:1020C000646179005468757273646179004672695D
:1020D0006461790053617475726461790000000075
:1020E0004A616E75617279004665627275617279D6
:1020F000004D6172636800417072696C004D6179D6
:10210000004A756E65004A756C7900417567757394
:10211000740053657074656D626572004F63746F0F
:10212000626572004E6F76656D626572004465632C
:10213000656D62657200000025483A254D3A2553C9
:1021400000000000A1110300BD110300C91103002C
:10215000D5110300F1110300FD1103000912030062
:1021600017120300000000002E000000303132334F
:1021700034353637383961626364656630313233FD
:10218000343536373839414243444546286E756CFC
:102190006C29000000070E091C1B1215383F363150
:1021A00024232A2D70777E796C6B6265484F4641F7
:1021B00054535A5DE0E7EEE9FCFBF2F5D8DFD6D1E7
:1021C000C4C3CACD90979E998C8B8285A8AFA6A1D7
:1021D000B4B3BABDC7C0C9CEDBDCD5D2FFF8F1F6C7
:1021E000E3E4EDEAB7B0B9BEABACA5A28F888186B7
:1021F00093949D9A2720292E3B3C35321F181116A7
:1022000003040D0A5750595E4B4C45426F68616696
:1022100073747D7A898E878095929B9CB1B6BFB886
:10222000ADAAA3A4F9FEF7F0E5E2EBECC1C6CFC876
:10223000DDDAD3D4696E676075727B7C51565F5866
:102240004D4A4344191E171005020B0C21262F2856
:102250003D3A33344E49404752555C5B7671787F46
:102260006A6D64633E39303722252C2B0601080F36
:102270001A1D1413AEA9A0A7B2B5BCBB9691989F26
:102280008A8D8483DED9D0D7C2C5CCCBE6E1E8EF16
:10229000FAFDF4F3E96203000D220300C91D0300F7
:1022A000911E03007D1E03005B1E030069200300D6
:1022B0000000000000000000000000008D38030056
:1022C000E93B03008D370300CD420300D92D030005
:1022D0007D3E03006D3403004138030039330300B1
:1022E000A13D0300AD2A0300BD3903008D37030073
:1022F000A5330300C56103000F220300CD42030094
:10230000D92D0300FD21030000201D1C14120C0D0B
:102310000A0A070806070506050504040404030362
:102320000303020302030203030202020102010289
:10233000010201010101010101010101010101018C
:102340000101010101010101000B0E120F0F0A0C26
:102350000909070806070506050504050404030422
:102360000303030303030203030202020202010246
:102370000202020201020102010101020101010146
:102380000101010100010101200D05000000000014
:102390000000000044573358585800004457335841
:1023A0005858204465766963652044726976657281
:1023B0002056657273696F6E2030362E30302E30A5
:1023C000300000000004A8050008500B0010A11602
:1023D0000020000061A80300A9640300C91D0300D8
:1023E000911E03007D1E03005B1E03006920030095
:1023F000000000000000000000000000157A03004B
:10240000457E03006D7D030075870300497403005A
:10241000A1800300BD730300C97903005571030057
:10242000C57F0300916D0300457B03006D7D0300B4
:10243000458603001D850300AB6403007587030018
:10244000497403009964030000201D1C14120C0D34
:102450000A0A070806070506050504040404030321
:102460000303020302030203030202020102010248
:10247000010201010101010101010101010101014B
:102480000101010101010101000B0E120F0F0A0CE5
:1024900009090708060705060505040504040304E1
:1024A0000303030303030203030202020202010205
:1024B0000202020201020102010101020101010105
:1024C0000101010100010101200D050000000000D3
:1024D000000000000004A8050008500B0010A11621
:1024E0000020000099F2030049AA0300C91D03005F
:1024F000911E03007D1E03005B1E03006920030084
:10250000000000000000000000000000EDC103001A
:1025100005C903002DC8030059D2030021BC0300E4
:1025200055CB030095BB0300C5C1030075B803007C
:10253000CDCA0300E9B3030001C603002DC80300A0
:1025400029D10300EDCF03004BAA030059D20300A9
:1025500021BC030039AA030000201D1C14120C0D1D
:102560000A0A070806070506050504040404030310
:102570000303020302030203030202020102010237
:10258000010201010101010101010101010101013A
:102590000101010101010101000B0E120F0F0A0CD4
:1025A00009090708060705060505040504040304D0
:1025B00003030303030302030302020202020102F4
:1025C00002020202010201020101010201010101F4
:1025D0000101010100010101200D050000000000C2
:1025E000000000000004A8050008500B0010A11610
:1025F00000200000212870742D3E74797065203E03
:1026000020285F5F4E4C415F545950455F4D415803
:10261000202D2031292900002F6275696C64732FE9
:102620007577622D737461636B2F7577622D737488
:1026300061636B2F656D6265646465642F636F6DA4
:102640007061742F636F6D7061745F6E65746C6917
:102650006E6B2E63000000005F5F76616C696461E1
:1026600074655F6E6C6100002128736B622D3E659E
:102670006E64202D20736B622D3E7461696C203C6A
:10268000206C656E290000002F6275696C64732FE1
:102690007577622D737461636B2F7577622D737418
:1026A00061636B2F656D6265646465642F636F6D34
:1026B0007061742F636F6D7061745F736B627566A8
:1026C000662E63002128736B622D3E646174612065
:1026D0003C20736B622D3E68656164290000000038
:1026E000736B625F7265736572766500736B625FB0
:1026F00070757400736B625F707573680000000022
:102700006B65795F6C656E203D3D204145535F4BA5
:10271000455953495A455F31323800002F62756977
:102720006C64732F7577622D737461636B2F75778B
:10273000622D737461636B2F656D6265646465649B
:102740002F6D6370732F666972615F636D61632EB5
:1027500063000000666972615F6469676573740095
:102760006C6F636B000000002E2E2F2E2E2F636FD8
:102770006D7061742F696E636C7564652F6C696E22
:1027800075782F6D757465782E6800006C6F636BBB
:10279000202626206C6F636B2D3E6D747820213DC2
:1027A000204E554C4C0000006D757465785F6C6F61
:1027B000636B00006D757465785F756E6C6F636B2D
:1027C0000000000073657373696F6E5F7061726102
:1027D0006D7300002F6275696C64732F7577622DBD
:1027E000737461636B2F7577622D737461636B2FE4
:1027F000656D6265646465642F68656C706572738D
:102800002F666972615F68656C7065722E63000087
:102810006669726100000000656E646C6573730028
:102820006164645F73657373696F6E5F7061726119
:102830006D65746572730000000000000000000008
:102840000000000000000000010000000000000087
:1028500000000000000000000B000000000000006D
:102860000000000000000000010000000000000067
:1028700000000000000000000B000000000000004D
:102880000000000000000000000000000000000048
:102890000000000000000000020000000000000036
:1028A0000000000000000000060000000000000022
:1028B0000000000000000000010000000000000017
:1028C0000000000000000000010000000000000007
:1028D00000000000000000000600000000000000F2
:1028E00000000000000000000600000000000000E2
:1028F00000000000000000000300000000000000D5
:1029000000000000000000000700000000000000C0
:1029100000000000000000000700000000000000B0
:1029200000000000000000000700000000000000A0
:1029300000000000000000000B000000000000008C
:1029400000000000000000000B000000000000007C
:102950000000000000000000010000000000000076
:102960000000000000000000010000000000000066
:102970000000000000000000030000000000000054
:1029800000000000000000000900540000000000EA
:102990000000000000000000000000000000000037
:1029A0000000000000000000010000000000000026
:1029B0000000000000000000030000000000000014
:1029C0000000000000000000040000000000000003
:1029D00000000000000000000300000000000000F4
:1029E00000000000000000000700000000000000E0
:1029F00000000000000000000000000000000000D7
:102A000000000000000000000300000000000000C3
:102A100000000000000000000000000000000000B6
:102A200000000000000000000000000000000000A6
:102A3000000000000000000007000000000000008F
:102A40000000000000000000000000000000000086
:102A50000000000000000000030000000000000073
:102A60000000000000000000000000000000000066
:102A70000000000000000000000000000000000056
:102A80000000000000000000000000000000000046
:102A90000000000000000000000000000000000036
:102AA0000000000000000000000000000000000026
:102AB0000000000000000000000000000000000016
:102AC00000000000000000000700000000000000FF
:102AD00000000000000000000000000000000000F6
:102AE00000000000000000000000000000000000E6
:102AF00000000000000000000000000000000000D6
:102B000000000000000000000000000000000000C5
:102B100000000000000000000000000000000000B5
:102B200000000000000000000000000000000000A5
:102B30000000000000000000000000000000000095
:102B40000000000000000000050000000000000080
:102B50000000000000000000000000000000000075
:102B60000000000000000000030000000000000062
:102B7000000000000000000007000000000000004E
:102B80000000000000000000696E7374616E6365F0
:102B9000000000002F6275696C64732F7577622DD9
:102BA000737461636B2F7577622D737461636B2F20
:102BB000656D6265646465642F7577626D61632F0E
:102BC0007577626D61632E630000000052382E320B
:102BD0002E335F45000000007577626D61635F739F
:102BE00074617274000000007577626D61635F73D9
:102BF000746F70007577626D61635F72656769738A
:102C00007465725F646174615F63616C6C6261635F
:102C10006B7300007577626D61635F7365745F66E7
:102C200072616D655F7265747269657300000000A2
:102C30007577626D61635F74785F6672616D650060
:102C40007577626D61635F7365745F70616E5F69F4
:102C5000640000007577626D61635F7365745F7314
:102C6000686F72745F616464720000007577626DF2
:102C700061635F7365745F657874656E6465645FD6
:102C800061646472000000007577626D61635F7358
:102C900065745F70726F6D697363756F75735F6D67
:102CA0006F64650064656661756C740073696D704E
:102CB0006C65000021287229000000002F627569F0
:102CC0006C64732F7577622D737461636B2F7577E6
:102CD000622D737461636B2F6D61632F6465666130
:102CE000756C745F726567696F6E2E63000000001B
:102CF00064656661756C74006D6370733830323171
:102D000035345F64656661756C745F7363686564B0
:102D1000756C65725F7570646174655F7363686517
:102D200064756C6500000000212872290000000015
:102D30002F6275696C64732F7577622D737461638C
:102D40006B2F7577622D737461636B2F6D61632FC9
:102D5000656E646C6573735F7363686564756C65D9
:102D6000722E6300656E646C657373006D637073BF
:102D70003830323135345F656E646C6573735F7300
:102D800063686564756C65725F7570646174655FB6
:102D90007363686564756C65000000002128312943
:102DA000000000002F6275696C64732F7577622DC7
:102DB000737461636B2F7577622D737461636B2F0E
:102DC0006D61632F666972615F6163636573732E02
:102DD00063000000212821736B622900BC2C0000D5
:102DE000666972615F72785F6672616D650000008E
:102DF000666972615F74785F6765745F6672616D42
:102E000065000000537461746963545353746174B2
:102E10006963545300000000446174615072744B44
:102E200000000000537473496E64496E0000000096
:102E30004465724175746849000000004465724140
:102E40007574684B000000004465725061796C4BEA
:102E50000000000000000000000000000000000072
:102E60000000000021282170290000002F627569F0
:102E70006C64732F7577622D737461636B2F757734
:102E8000622D737461636B2F6D61632F666972616C
:102E90005F6672616D652E63000000002128686521
:102EA000616465725F6C656E203C20302900000013
:102EB000666972615F6672616D655F636F6D6D6F8C
:102EC0006E5F7061796C6F61645F70757400000093
:102ED000666972615F6672616D655F726672616D6F
:102EE000655F7061796C6F61645F7075740000007C
:102EF000666972615F6672616D655F656E63727946
:102F0000707400000000000066697261000000003B
:102F100021287229000000002F6275696C64732FEC
:102F20007577622D737461636B2F7577622D73747F
:102F300061636B2F6D61632F666972615F72656794
:102F4000696F6E2E6300000038F2A9C745000000CB
:102F5000666972615F726567696F6E5F696E6974D9
:102F60000000000000000000000000000000000061
:102F7000000000000300000000000000000000004E
:102F8000000000000700000000000000000000003A
:102F90000000000008000000000000000000000029
:102FA0000000000000000000000000000000000021
:102FB0000000000000000000000000000000000011
:102FC00000000000010000000300000000000000FD
:102FD00000000100010000000300000000000000EC
:102FE00000000100010000000300000000000000DC
:102FF00000000200010000000300000000000000CB
:1030000000000200020000000000000000000000BC
:1030100000000000020000000000000000000000AE
:10302000000000000300000000000000000000009D
:10303000000000000300000000000000000000008D
:10304000000000000300000000000000000000007D
:10305000000000000300000000000000000000006D
:10306000000000000300000000000000000000005D
:10307000000000000300000000000000000000004D
:10308000000000000100000003000000000000003C
:10309000000001000100000003000000000000002B
:1030A000000001000100000003000000000000001B
:1030B00000006400010000000300000000000000A8
:1030C00000000100010000000300000000000000FB
:1030D00000000100010000000300000000000000EB
:1030E00000000100030000000100000000000000DB
:1030F00001000A00010000000000000000000000C4
:1031000000000000010000000000000000000000BE
:1031100000000000010000000300000000000000AB
:103120000000030001000000030000000000000098
:10313000000001000100000003000000000000008A
:10314000000001000100000003000000000000007A
:103150000000040001000000030000000000000067
:103160000000020001000000030000000000000059
:103170000000030001000000030000000000000048
:10318000000001000100000003000000000000003A
:10319000000001000100000003000000000000002A
:1031A000000001000100000000000000000000001D
:1031B000000000000100000000000000000000000E
:1031C00000000000010000000000000000000000FE
:1031D00000000000010000000200000000000000EC
:1031E00001000000010000000300000000000000DA
:1031F00000000200010000000300000000000000C9
:1032000000000200030000000000000000000000B9
:1032100000000000090000000100000000000000A4
:103220000800080009002000000000000000000065
:103230000000000009002000000000000000000065
:10324000000000000100000003000000000000007A
:10325000000001000100000000000000000000006C
:10326000000000000100000003000000000000005A
:103270000000010001000000030000000000000049
:103280000000010001000000030000000000000039
:103290000000010001000000030000000000000029
:1032A0000000010001000000030000000000000019
:1032B000000001000300000000000000000000000A
:1032C00000000000090054000000000000000000A1
:1032D00000000000310000000100000000000000BC
:1032E00000000000000000000000000002000000DC
:1032F00000000000000000000000000003000000CB
:103300000000000000000000000000000900200094
:103310000000000000000000000000000C000000A1
:10332000080000007D0204042D0631006C6F636B01
:10333000000000002F6275696C64732F7577622D31
:10334000737461636B2F7577622D737461636B2F78
:10335000656D6265646465642F636F6D7061742F61
:10336000696E636C7564652F6C696E75782F6D7509
:103370007465782E680000006C6F636B2026262031
:103380006C6F636B2D3E6D747820213D204E554C43
:103390004C0000002128216C6F63616C2D3E66702B
:1033A000726F632E73746174652D3E656E74657201
:1033B000290000002F6275696C64732F7577622D88
:1033C000737461636B2F7577622D737461636B2FF8
:1033D0006D61632F6670726F632E630021286C6FBE
:1033E00063616C2D3E6670726F632E6163636573FB
:1033F0007329000021286C6F63616C2D3E6670722A
:103400006F632E74785F736B6229000021286C6FE4
:1034100063616C2D3E7374617274656429000000F1
:1034200021286163636573732D3E6D6574686F64F5
:10343000203D3D204D4350533830323135345F41CB
:1034400043434553535F4D4554484F445F56454EA3
:10345000444F5229000000006D63707338303231E0
:1034600035345F6670726F635F696E697400000067
:103470006D6370733830323135345F6670726F63EC
:103480005F756E696E6974006D63707338303231C8
:1034900035345F6670726F635F6163636573735F1A
:1034A00072657365740000006D757465785F6C6F8C
:1034B000636B00006D757465785F756E6C6F636B20
:1034C0000000000062726F6B656E0000C43405007E
:1034D000118004002D80040049800400498004000C
:1034E0005D80040049800400498004004980040094
:1034F000758004006D756C74695F7278000000005F
:10350000F43405000000000000000000C583040042
:1035100061840400998404000000000000000000A1
:1035200000000000D58404006D756C74695F7478C8
:103530000000000028350500000000000000000029
:1035400000000000000000000000000051850400A1
:1035500000000000000000009585040076656E64A0
:103560006F7200005C3505000000000000000000E4
:10357000CF8704000B880400478804008B88040070
:10358000B588040000000000F18804006E6F7468C4
:10359000696E67008C350500000000000000000027
:1035A000000000000000000000000000000000001B
:1035B00000000000000000005D89040072785F7761
:1035C0006169745F74785F646F6E6500BC35050077
:1035D00000000000000000000000000000000000EB
:1035E00000000000A38A04000000000000000000AA
:1035F000BF8A040072780000F43505000000000066
:1036000000000000D38A040000000000658B040065
:10361000000000000000000000000000858B040096
:1036200077712D3E73656D20213D204E554C4C0029
:103630002F6275696C64732F7577622D7374616383
:103640006B2F7577622D737461636B2F656D626587
:10365000646465642F636F6D7061742F696E636C51
:103660007564652F6C696E75782F776169742E6843
:103670000000000021283129000000002F62756938
:103680006C64732F7577622D737461636B2F75771C
:10369000622D737461636B2F6D61632F6670726F3F
:1036A000635F73746F707065642E630021286C6FA4
:1036B00063616C2D3E73746172746564290000004F
:1036C00073746F7070656400C0360500238D04004C
:1036D000618D04007D8D04007D8D0400A18D0400AA
:1036E0007D8D04007D8D04007D8D0400BB8D040064
:1036F00077616B655F7570006D6370733830323160
:1037000035345F6670726F635F73746F7070656479
:103710005F69676E6F7265006D6370733830323148
:1037200035345F6670726F635F73746F7070656459
:103730005F7363686564756C655F6368616E676518
:10374000000000007478000044370500000000000D
:103750000000000000000000000000000000000069
:10376000838F04000000000000000000C18F0400EF
:1037700074785F7761636B007037050000000000AC
:1037800000000000D58F04008F900400CD9004004D
:10379000E79004000000000000000000FB9004001F
:1037A0006C6F636B000000002F6275696C64732F8F
:1037B0007577622D737461636B2F7577622D7374E7
:1037C00061636B2F656D6265646465642F636F6D03
:1037D0007061742F696E636C7564652F6C696E75AA
:1037E000782F6D757465782E680000006C6F636BC0
:1037F000202626206C6F636B2D3E6D747820213D52
:10380000204E554C4C00000077712D3E73656D20A5
:103810003D3D204E554C4C002F6275696C64732FF2
:103820007577622D737461636B2F7577622D737476
:1038300061636B2F656D6265646465642F636F6D92
:103840007061742F696E636C7564652F6C696E7539
:10385000782F776169742E680000000077712D3E23
:1038600073656D20213D204E554C4C007773000050
:103870002F6275696C64732F7577622D7374616341
:103880006B2F7577622D737461636B2F656D626545
:10389000646465642F636F6D7061742F696E636C0F
:1038A0007564652F6C696E75782F776F726B7175A3
:1038B0006575652E680000002128216F7073207CDB
:1038C0007C20216F70732D3E7374617274207C7C38
:1038D00020216F70732D3E73746F70207C7C2021CB
:1038E0006F70732D3E74785F6672616D65207C7CAD
:1038F00020216F70732D3E72785F656E61626C651A
:10390000207C7C20216F70732D3E72785F64697318
:1039100061626C65207C7C20216F70732D3E727813
:103920005F6765745F6672616D65207C7C20216FC6
:1039300070732D3E72785F6765745F6572726F7227
:103940005F6672616D6529002F6275696C64732F03
:103950007577622D737461636B2F7577622D737445
:1039600061636B2F6D61632F6D6370735F6D616950
:103970006E2E630021287761697471756575655FC6
:1039800061637469766528266C6F63616C2D3E7780
:103990007129290021287229000000006D757465C5
:1039A000785F6C6F636B00006D757465785F756E22
:1039B0006C6F636B000000006D63707338303231E0
:1039C00035345F616C6C6F635F6C6C68770000000E
:1039D000696E69745F7761697471756575655F6833
:1039E00065616400494E49545F574F524B000000D7
:1039F0006D6370733830323135345F667265655F80
:103A00006C6C6877000000006D757465785F6465A4
:103A10007374726F7900000064657374726F795FFC
:103A20007761697471756575655F686561640000CB
:103A30006D6370733830323135345F696E6974008C
:103A40006C6F636B000000002F6275696C64732FEC
:103A50007577622D737461636B2F7577622D737444
:103A600061636B2F656D6265646465642F636F6D60
:103A70007061742F696E636C7564652F6C696E7507
:103A8000782F6D757465782E680000006C6F636B1D
:103A9000202626206C6F636B2D3E6D747820213DAF
:103AA000204E554C4C00000077732026262077735B
:103AB0002D3E66756E6320213D204E554C4C000016
:103AC0002F6275696C64732F7577622D73746163EF
:103AD0006B2F7577622D737461636B2F656D6265F3
:103AE000646465642F636F6D7061742F696E636CBD
:103AF0007564652F6C696E75782F776F726B717551
:103B00006575652E6800000021286C6F63616C2D5F
:103B10003E73746172746564290000002F627569D8
:103B20006C64732F7577622D737461636B2F757777
:103B3000622D737461636B2F6D61632F6F70732ED1
:103B4000630000002128216C6F63616C2D3E73744B
:103B500061727465642900006C6F63616C2D3E773F
:103B6000712E73656D20213D204E554C4C00000098
:103B7000ADDE00001FA3040089A3040000000000C4
:103B80004DA40400C1A40400DBA404002DA504007E
:103B90000000000000000000000000000000000025
:103BA00000000000CFA504000DA6040059A60400E3
:103BB0009BA604006D6370733830323135345F7307
:103BC00074617274000000006D757465785F6C6FCD
:103BD000636B00006D757465785F756E6C6F636BF9
:103BE000000000006D6370733830323135345F731C
:103BF000746F70007363686564756C655F776F726E
:103C00006B0000006C6F636B000000002F62756931
:103C10006C64732F7577622D737461636B2F757786
:103C2000622D737461636B2F656D62656464656496
:103C30002F636F6D7061742F696E636C7564652F8F
:103C40006C696E75782F6D757465782E680000004C
:103C50006C6F636B202626206C6F636B2D3E6D743A
:103C60007820213D204E554C4C0000002128217326
:103C700063686564756C65725F6F7073207C7C200F
:103C8000217363686564756C65725F6F70732D3E38
:103C90006F776E6572207C7C202173636865647524
:103CA0006C65725F6F70732D3E6E616D65207C7CFC
:103CB00020217363686564756C65725F6F70732D26
:103CC0003E6F70656E207C7C20217363686564752F
:103CD0006C65725F6F70732D3E636C6F7365207CD3
:103CE0007C20217363686564756C65725F6F7073A7
:103CF0002D3E7570646174655F7363686564756C8F
:103D0000652900002F6275696C64732F7577622DC9
:103D1000737461636B2F7577622D737461636B2F9E
:103D20006D61632F7363686564756C6572732E6370
:103D3000000000002128737472636D70286F707327
:103D40002D3E6E616D652C207363686564756C65CE
:103D5000725F6F70732D3E6E616D6529203D3D2051
:103D6000302900006D6370733830323135345F7341
:103D700063686564756C65725F72656769737465A5
:103D8000720000006D757465785F6C6F636B000086
:103D90006D757465785F756E6C6F636B0000000005
:103DA00021286672616D655F69647820213D205429
:103DB00057525F4652414D455F46494E414C29009E
:103DC0002F6275696C64732F7577622D73746163EC
:103DD0006B2F7577622D737461636B2F6D61632F29
:103DE00073696D706C655F72616E67696E675F7233
:103DF0006567696F6E2E630021286672616D655F6D
:103E000069647820213D205457525F4652414D4508
:103E10005F5245504F525429000000007477725F82
:103E2000726573706F6E64657200000000000000C0
:103E30001C3E050000000000000000000000000023
:103E40000000000000000000000000000000000072
:103E5000CDBC04007477725F696E69746961746FB8
:103E60007200000000000000543E05000000000049
:103E70000000000000000000000000000000000042
:103E8000000000000000000001BE040021286C6F4B
:103E900063616C2D3E69735F726573706F6E6465EC
:103EA00072290000212872290000000073696D70DA
:103EB0006C652D72616E67696E6700007477725F62
:103EC000726573706F6E6465725F72785F6672613F
:103ED0006D6500007477725F726573706F6E6465F4
:103EE000725F74785F6765745F6672616D6500000C
:103EF0007477725F72785F6672616D6500000000B2
:103F00007477725F74785F6765745F6672616D6500
:103F10000000000073696D706C655F72616E6769A7
:103F20006E675F7363686564756C65725F757064F6
:103F30006174655F7363686564756C65000000009B
:103F40000000000000000000000000000000000071
:103F5000030000000000000000000000000000005E
:103F6000030000000300000000000000000001004A
:103F70000100000000000000000000000000000040
:103F80000100000000000000000000000000000030
:103F90000100000000000000000000000000000020
:103FA0006C6F636B000000002F6275696C64732F87
:103FB0007577622D737461636B2F7577622D7374DF
:103FC00061636B2F656D6265646465642F636F6DFB
:103FD0007061742F696E636C7564652F6C696E75A2
:103FE000782F6D757465782E680000006C6F636BB8
:103FF000202626206C6F636B2D3E6D747820213D4A
:10400000204E554C4C000000212821726567696FD5
:104010006E5F6F7073207C7C2021726567696F6EA4
:104020005F6F70732D3E6F776E6572207C7C2021F0
:10403000726567696F6E5F6F70732D3E6E616D653F
:10404000207C7C2021726567696F6E5F6F70732DB5
:104050003E6F70656E207C7C2021726567696F6E93
:104060005F6F70732D3E636C6F7365207C7C2021C5
:10407000726567696F6E5F6F70732D3E6765745F01
:1040800061636365737329002F6275696C64732FB4
:104090007577622D737461636B2F7577622D7374FE
:1040A00061636B2F6D61632F726567696F6E732E2D
:1040B000630000002128737472636D70286F707341
:1040C0002D3E6E616D652C20726567696F6E5F6F46
:1040D00070732D3E6E616D6529203D3D20302900B5
:1040E0006D6370733830323135345F726567696F74
:1040F0006E5F726567697374657200006D757465D3
:10410000785F6C6F636B00006D757465785F756EBA
:104110006C6F636B00002219910C4EFE910C98009D
:02412000DAFFC4
:1041240000000000FF0000000090D0030000000029
:10413400000000000000000000000000000000007B
:10414400000000002C00000000000000000000003F
:10415400000000000000000000000000381C050002
:1041640001000200FFFF000000000000000000004A
:104174000000000000000000000000008426002071
:104184000000000000E3002001000400C81F050037
:10419400C81F0500C81F0500C81F0500C81F05006B
:1041A400372704001F2604005B2604008D26040024
:1041B400ADDE0000AC2C0500000000000000000093
:1041C40000000000000000000000000000000000EB
:1041D400000000004B270400ADDE0000F02C0500B9
:1041E40000000000000000009D270400D527040003
:1041F40000000000000000000000000000000000BB
:1042040000000000F327040000000000ADDE000001
:10421400642D0500000000000000000023290400B4
:10422400552904008B29040000000000BB29040068
:1042340000000000212A0400852A04000000000078
:104244005B3604008B330400B9340400FD350400EC
:10425400ADDE0000082F0500000000000000000093
:10426400AF590400055A04002F5A0400000000004E
:104274008D5A0400853C040078270020782700200C
:104284008027002080270020D5B9040061B60400EF
:10429400F5B80400B9B90400B9BC0400E9B90400D4
:1042A400E9BB04009DBC0400ADDE0000AC3E05008B
:1042B4000000000000000000FDBF0400A1C00400D5
:1042C400000000001DC30400000000000000000006
:1042D40000000000BFC0040021C20400DC2700204D
:0442E400DC270020B3
:00000001FF
