:020000040000FA
:1000000000040020810A000015070000610A0000BA
:100010001F07000029070000330700000000000050
:10002000000000000000000000000000A50A000021
:100030003D070000000000004707000051070000D6
:100040005B070000650700006F07000079070000EC
:10005000830700008D07000097070000A10700003C
:10006000AB070000B5070000BF070000C90700008C
:10007000D3070000DD070000E7070000F1070000DC
:10008000FB070000050800000F0800001908000029
:10009000230800002D080000370800004108000078
:1000A0004B080000550800005F08000069080000C8
:1000B000730800007D080000870800009108000018
:1000C0009B080000A5080000AF080000B908000068
:1000D000C3080000CD080000D7080000E1080000B8
:1000E000EB080000F5080000FF0800000909000007
:1000F000130900001D090000270900003109000054
:100100003B0900001FB500F003F88DE80F001FBD8C
:1001100000F0ACBC40F6FC7108684FF01022401CA7
:1001200008D00868401C09D00868401C04D0086842
:1001300000F037BA9069F5E79069F9E7704770B554
:100140000B46010B184400F6FF70040B4FF0805073
:100150000022090303692403406943431D1B104621
:1001600000F048FA29462046BDE8704000F042BA47
:10017000F0B54FF6FF734FF4B4751A466E1E11E0DA
:10018000A94201D3344600E00C46091B30F8027B3B
:10019000641E3B441A44F9D19CB204EB134394B25D
:1001A00004EB12420029EBD198B200EB134002EBB2
:1001B000124140EA0140F0BDF34992B00446D1E952
:1001C0000001CDE91001FF224021684600F0F4FB58
:1001D00094E80F008DE80F00684610A902E004C8FB
:1001E00041F8042D8842FAD110216846FFF7C0FF7C
:1001F0001090AA208DF8440000F099F9FFF78AFFCB
:1002000040F6FC7420684FF01025401C0FD0206889
:1002100010226946803000F078F92068401C08D030
:100220002068082210A900F070F900F061F9A869AF
:10023000EEE7A869F5E74FF080500369406940F6A2
:10024000FC71434308684FF01022401C06D0086838
:1002500000F58050834203D2092070479069F7E788
:100260000868401C04D00868401C03D00020704778
:100270009069F9E70420704770B504460068C34DE3
:10028000072876D2DFE800F033041929631E250021
:10029000D4E9026564682946304600F062F92A46CE
:1002A0002146304600F031F9AA002146304600F0E0
:1002B00057FB002800D0032070BD00F009FC4FF46C
:1002C000805007E0201D00F040F90028F4D100F034
:1002D000FFFB60682860002070BD241D94E80700C3
:1002E000920000F03DFB0028F6D00E2070BDFFF715
:1002F000A2FF0028FAD1D4E901034FF0805100EBAE
:10030000830208694D69684382420ED840F6F8704E
:1003100005684FF010226D1C09D0056805EB8305B8
:100320000B6949694B439D4203D9092070BD55694A
:10033000F4E70168491C03D00068401C02D003E0C8
:100340005069FAE70F2070BD2046FFF735FFFFF731
:1003500072FF0028F7D1201D00F0F7F80028F2D135
:1003600060680028F0D100F0E2F8FFF7D3FE00F05B
:10037000BFF8072070BD10B50C46182802D0012028
:10038000086010BD2068FFF777FF206010BD41684E
:10039000054609B1012700E0002740F6F8742068FF
:1003A0004FF01026401C2BD02068AA68920000F065
:1003B000D7FA38B3A86881002068401C27D020688D
:1003C000FFF7BDFED7B12068401C22D026684FF051
:1003D0008050AC686D68016942695143A9420DD9EA
:1003E000016940694143A14208D92146304600F0E5
:1003F000B8F822462946304600F087F800F078F831
:100400007069D2E700F093F8FFF784FEF6E77069B1
:10041000D6E77669DBE740F6FC7420684FF01026DB
:10042000401C23D02068401C0CD02068401C1FD0EA
:100430002568206805F18005401C1BD027683879A5
:10044000AA2819D040F6F8700168491C42D001680A
:10045000491C45D00168491C3ED001680968491C07
:100460003ED00168491C39D000683EE0B069DAE747
:10047000B569DEE7B769E2E710212846FFF778FEA5
:100480003968814222D12068401C05D0D4F8001080
:1004900001F18002C03107E0B169F9E730B108CA63
:1004A00051F8040D984201D1012000E000208A4259
:1004B000F4D158B1286810B1042803D0FEE72846CB
:1004C000FFF765FF3149686808600EE0FFF722FE1C
:1004D00000F00EF87169BBE77169BFE7706904E06D
:1004E0004FF480500168491C01D000F0CBFAFEE7C0
:1004F000BFF34F8F26480168264A01F4E06111439B
:100500000160BFF34F8F00BFFDE72DE9F0411746B3
:100510000D460646002406E03046296800F054F8EF
:10052000641C2D1D361DBC42F6D3BDE8F08140F69B
:10053000FC700168491C04D0D0F800004FF48051D1
:10054000FDE54FF010208069F8E74FF080510A690F
:10055000496900684A43824201D810207047002050
:10056000704770B50C4605464FF4806608E0284693
:1005700000F017F8B44205D3A4F5806405F5805562
:10058000002CF4D170BD0000F40A0000000000202F
:100590000CED00E00400FA05144801680029FCD0C5
:1005A0007047134A0221116010490B68002BFCD0E0
:1005B0000F4B1B1D186008680028FCD0002010603D
:1005C00008680028FCD07047094B10B501221A605A
:1005D000064A1468002CFCD0016010680028FCD08A
:1005E0000020186010680028FCD010BD00E4014015
:1005F00004E5014070B50C46054600F073F810B9EB
:1006000000F07EF828B121462846BDE8704000F091
:1006100007B821462846BDE8704000F037B8000012
:100620007FB5002200920192029203920A0B000B06
:100630006946012302440AE0440900F01F0651F80C
:10064000245003FA06F6354341F82450401C8242F8
:10065000F2D80D490868009A10430860081D016827
:10066000019A1143016000F03DF800280AD00649C4
:1006700010310868029A10430860091D0868039A3F
:10068000104308607FBD00000006004030B50F4CED
:10069000002200BF04EB0213D3F800582DB9D3F8A1
:1006A000045815B9D3F808581DB1521C082AF1D3C3
:1006B00030BD082AFCD204EB0212C2F80008C3F8CD
:1006C00004180220C3F8080830BD000000E0014013
:1006D0004FF08050D0F83001082801D0002070473A
:1006E000012070474FF08050D0F83011062905D016
:1006F000D0F83001401C01D0002070470120704725
:100700004FF08050D0F830010A2801D00020704707
:100710000120704708208F490968095808471020B0
:100720008C4909680958084714208A4909680958FA
:100730000847182087490968095808473020854923
:100740000968095808473820824909680958084744
:100750003C20804909680958084740207D490968BC
:100760000958084744207B49096809580847482028
:1007700078490968095808474C207649096809589A
:10078000084750207349096809580847542071499F
:1007900009680958084758206E49096809580847E8
:1007A0005C206C4909680958084760206949096854
:1007B00009580847642067490968095808476820AC
:1007C00064490968095808476C2062490968095852
:1007D000084770205F4909680958084774205D4937
:1007E00009680958084778205A490968095808478C
:1007F0007C205849096809580847802055490968EC
:10080000095808478420534909680958084788202F
:1008100050490968095808478C204E490968095809
:10082000084790204B4909680958084794204949CE
:10083000096809580847982046490968095808472F
:100840009C204449096809580847A0204149096883
:1008500009580847A4203F49096809580847A820B3
:100860003C49096809580847AC203A4909680958C1
:100870000847B0203749096809580847B420354966
:10088000096809580847B8203249096809580847D3
:10089000BC203049096809580847C0202D4909681B
:1008A00009580847C4202B49096809580847C82037
:1008B0002849096809580847CC2026490968095879
:1008C0000847D0202349096809580847D4202149FE
:1008D000096809580847D8201E4909680958084777
:1008E000DC201C49096809580847E02019490968B3
:1008F00009580847E4201749096809580847E820BB
:100900001449096809580847EC2012490968095830
:100910000847F0200F49096809580847F4200D4995
:10092000096809580847F8200A490968095808471A
:10093000FC2008490968095808475FF48070054998
:10094000096809580847000003480449024A034B54
:100950007047000000000020000B0000000B0000AA
:1009600040EA010310B59B070FD1042A0DD310C82C
:1009700008C9121F9C42F8D020BA19BA884201D97E
:10098000012010BD4FF0FF3010BD1AB1D30703D0C6
:10099000521C07E0002010BD10F8013B11F8014B7C
:1009A0001B1B07D110F8013B11F8014B1B1B01D198
:1009B000921EF1D1184610BD02F0FF0343EA032254
:1009C00042EA024200F005B87047704770474FF0A6
:1009D00000020429C0F0128010F0030C00F01B800C
:1009E000CCF1040CBCF1020F18BF00F8012BA8BF1A
:1009F00020F8022BA1EB0C0100F00DB85FEAC17CDE
:100A000024BF00F8012B00F8012B48BF00F8012B90
:100A100070474FF0000200B51346944696462039C1
:100A200022BFA0E80C50A0E80C50B1F12001BFF4A7
:100A3000F7AF090728BFA0E80C5048BF0CC05DF80D
:100A400004EB890028BF40F8042B08BF704748BF5B
:100A500020F8022B11F0804F18BF00F8012B7047CF
:100A6000014B1B68DB6818470000002009480A4951
:100A70007047FFF7FBFFFFF745FB00BD20BFFDE719
:100A8000064B1847064A1060016881F308884068E1
:100A900000470000000B0000000B000017040000DE
:100AA000000000201EF0040F0CBFEFF30881EFF3ED
:100AB0000981886902380078182803D100E0000015
:100AC000074A1047074A12682C3212681047000084
:100AD00000B5054B1B68054A9B58984700BD0000B0
:100AE0007703000000000020F00A0000040000006E
:100AF000001000000000000000FFFFFF0090D00386
:10100000B00F002021AE010065B0000087AD0100E7
:1010100065B0000065B0000065B000000000000091
:10102000000000000000000000000000ADAE010064
:1010300065B000000000000065B0000065B0000071
:1010400015AF01001BAF010065B0000065B00000E6
:1010500065B0000065B0000065B0000065B000003C
:1010600021AF010065B0000065B0000027AF0100AE
:1010700065B000002DAF010033AF010039AF0100B2
:1010800065B0000065B0000065B0000065B000000C
:1010900065B0000065B0000065B0000065B00000FC
:1010A00065B000003FAF010065B0000065B0000012
:1010B00065B0000065B0000065B0000065B00000DC
:1010C00045AF010065B0000065B0000065B00000EC
:1010D00065B0000065B0000065B0000065B00000BC
:1010E00065B0000065B0000065B0000065B00000AC
:1010F00065B0000065B0000065B0000065B000009C
:1011000065B0000065B0000000F002F819F077FE4D
:101110000AA090E8000C82448344AAF10107DA4552
:1011200001D119F06CFEAFF2090EBAE80F0013F00E
:10113000010F18BFFB1A43F00103184770A201000A
:1011400090A201000A4410F8014B14F00F0508BFEB
:1011500010F8015B240908BF10F8014B6D1E05D083
:1011600010F8013B6D1E01F8013BF9D1641E03D05C
:10117000641E01F8015BFBD19142E4D3704700008B
:101180000023002400250026103A28BF78C1FBD890
:10119000520728BF30C148BF0B6070471FB500F031
:1011A00003F88DE80F001FBD19F026BE70B51B4C6B
:1011B00005460A202070A01C00F0D7F85920A08016
:1011C00029462046BDE8704006F0FEBE06F00CBF82
:1011D00070B50C461249097829B1A0F160015E2969
:1011E00008D3012013E0602804D0692802D043F21C
:1011F00001000CE020CC0B4E94E80E0006EB8000C2
:10120000A0F58050241FD0F8806E2846B04720609B
:1012100070BD0120704706207047000008000020C4
:101220001800002074AF01003249884201D2012029
:1012300070470020704770B50446A0F500002E4EA0
:10124000B0F1786F02D23444A4F5000429488442F6
:1012500001D2012500E0002500F043F848B125B98E
:10126000B44204D32548006808E0012070BD002086
:1012700070BD002DF9D1B442F9D321488442F6D291
:10128000F3E710B50446A0F50000B0F1786F03D283
:1012900019480444A4F5000400F023F84FF08041FD
:1012A00030B11648006804E08C4204D2012003E00B
:1012B00013488442F8D2002080F0010010BD10B520
:1012C00020B1FFF7DEFF08B1012010BD002010BDE6
:1012D00010B520B1FFF7AFFF08B1012010BD00200D
:1012E00010BD084808490068884201D101207047B4
:1012F0000020704700C00100000000201C000020FA
:101300000800002058000020BEBAFECA10B50446EE
:101310000021012000F041F800210B2000F03DF8F1
:101320000021082000F039F80421192000F035F8D8
:1013300004210D2000F031F804210E2000F02DF8DA
:1013400004210F2000F029F80421C84300F025F8FB
:101350000621162000F021F80621152000F01DF8C6
:101360002046FFF723FF002010BDCC2101807047ED
:10137000FFF72CBF1148704710487047104A10B54E
:1013800014680F4B0F4A08331A60FFF721FF0C480F
:10139000001D046010BD704770474907090E002802
:1013A00004DB00F1E02080F80014704700F00F002B
:1013B00000F1E02080F8141D7047000003F900429E
:1013C000100502400100000130B5FF4D0446062C17
:1013D000A9780ED2DFE804F0030E0E0E0509FFDF38
:1013E00008E0022906D0FFDF04E0032902D0FFDF76
:1013F00000E0FFDFAC7030BDF34810B5407E41081F
:10140000F14800F11A0005D00DF043FBBDE8104093
:1014100006F07ABC0DF024FBF8E730B50446A1F1E4
:1014200020000D460A2847D2DFE800F005070C1916
:10143000202532373C41FFDF3FE0207820283CD197
:10144000FFDF3AE0E0488078052836D0207824286D
:1014500033D0252831D023282FD0FFDF2DE020786E
:1014600022282AD0232828D8FFDF26E02078222827
:1014700023D0FFDF21E0207822281ED024281CD092
:1014800026281AD0272818D0292816D0FFDF14E0E4
:101490002078252811D0FFDF0FE0207825280CD0F8
:1014A000FFDF0AE02078252807D0FFDF05E020785D
:1014B000282802D0FFDF00E0FFDF257030BD1FB518
:1014C0000022ADF800200C88ADF802404B88ADF842
:1014D0000430CA88ADF808208988ADF806100021CC
:1014E000ADF80A10ADF80C1080B14FF6FF70062170
:1014F000844201D1ADF80210834201D1ADF804104D
:10150000824203D14FF44860ADF8080068460DF000
:10151000BEFB06F0F9FB04B010BD70B514460D46D5
:101520000646FFF788FE60B90DB1A54201D90C202F
:1015300070BD002409E000BF56F82400FFF77BFED1
:1015400008B1102070BD641CE4B2AC42F4D300209A
:1015500070BD2DE9F04105461F4690460E46002419
:101560000068FFF7B5FE30B9A98828680844401E16
:10157000FFF7AEFE10B11020BDE8F081286800280A
:10158000A88802D0B84202D850E00028F4D0092040
:10159000F2E72968085DB8B1671CCA5D152A2ED02C
:1015A0003CDC152A3AD2DFE802F039122222282840
:1015B0002A2A313139393939393939393939220019
:1015C000085D30BB641CA4B2A242F9D833E0022803
:1015D000DDD1A01C085C88F80000072801D2400774
:1015E00001D40A20C8E7307840F0010015E0C1437B
:1015F000C90707E0012807D010E00620BCE7010773
:10160000A1F180510029F5D01846B5E7307881075F
:1016100001D50B20B0E740F0020030702868005D73
:10162000384484B2A888A04202D2B0E74FF44853AD
:1016300082B2A242ADD800209EE710B502785408CD
:1016400009D0012243F20223012C07D0022C0DD035
:10165000032C13D10FE00020087005E080790324EB
:10166000B4EB901F0AD10A70002010BD8079B2EB54
:10167000901F03D1F7E780798009F4D0184610BD98
:1016800008B500208DF800004F4890F8221051B1A5
:1016900090F8230002280FD003280FD0FFDF00BFEF
:1016A0009DF8000008BD48486946193001F0C6F9A8
:1016B0000028F5D0FFDFF3E7032000E001208DF8DC
:1016C0000000EDE738B50C460546694601F0B6F96D
:1016D00000280DD19DF80010207861F3470020709C
:1016E00055F8010FC4F80100A888A4F805000020EF
:1016F00038BD38B51378C0B1022816D033A46D4672
:10170000246800944C7905EB9414247864F347031F
:10171000137003280ED003F0FE0010700868C2F8A2
:1017200001008888A2F8050038BD23F0FE0313707D
:101730000228EED1D8B240F00100EEE702210EF00F
:10174000BDBC38B50C460978222901D2082038BD25
:10175000ADF800008DF8022068460DF0D9F906F0CA
:10176000D3FA050003D121212046FFF756FE284673
:1017700038BD1CB500208DF80000CDF80100ADF893
:101780000500114890F82200022801D0012000E055
:1017900000208DF8070068460DF024FA002800D0DC
:1017A000FFDF1CBD2DE9FF478CB00025BDF834607C
:1017B00082461C4690468DF81C50700703D5606821
:1017C000FFF739FD90B903E0A00100200302FF01FB
:1017D000FE4F4FF0010997F8220058B197F8230007
:1017E000022807D16068FFF773FD18B1102010B010
:1017F000BDE8F087300702D5A089802815D870078A
:1018000004D4B8F1000F01D0387E70B1E07DC0F390
:1018100000108DF81B00617D072041B1012906D021
:101820000229E4D00429E2D117E00720DFE78DF890
:1018300017908DF819908DF81580606878B107A918
:10184000FFF7FBFE0028D2D1606850F8011FCDF8E9
:101850000F108088ADF8130005E00620C7E7CDF82B
:101860000F50ADF81350E07B0028F6D1207C002803
:10187000F3D1607C0028F0D1A07C0028EDD1E07C81
:10188000C006EAD18DF800A0BDF83400ADF8020022
:10189000A0680190A0680290CDA0D0E90010CDE929
:1018A0000A10E07C0AA901EB501000788DF80C00BA
:1018B000FFF7E6FE8DF80D009DF81C008DF80E0078
:1018C0008DF818508DF816508DF81A5009A96846F1
:1018D0000DF02CFA06F018FA89E7F0B58FB0002465
:1018E0008DF830408DF814408DF8344006468DF860
:1018F0002840019402940394049419B10FC901ADD6
:1019000085E80F00B14DA878052801D004280CD136
:1019100001986968884200D120B90398E968884233
:1019200003D110B108200FB0F0BD1F273B460DAA10
:1019300005A903A8FFF70DFE0028F4D13B460AAA2B
:101940000CA901A8FFF705FE0028ECD19DF81400B2
:10195000C00701D00A20E6E7A88A410708D4A97D7C
:1019600031B19DF82810890702D043F20120DAE74F
:101970009DF82810C90709D0400707D4288818B156
:1019800044F25061884201D90720CCE78DF8184015
:101990008DF81960BDF80800ADF81A00019807909D
:1019A00006A80DF0CEF906F0AFF90028BBD18DF8EE
:1019B00020408DF82160BDF81000ADF8220003989A
:1019C000099008A80DF0DFF906F09EF90028AAD1C9
:1019D00001AC2D1D94E80F0085E80F000020A2E760
:1019E00070B50646FFF7AAFE054606F06FFB040039
:1019F00000D1FFDF6680207820F00F00801C20F0EF
:101A0000F000203020700320207295F83E006072B4
:101A1000BDE8704006F05EBB2DE9F04385B00400E0
:101A200000D1FFDF2078694E20F00F00801C20F0ED
:101A3000F0007030207060680178C91F14292AD224
:101A4000DFE801F04DF3290AF3F33AF2292966F2AF
:101A5000F2F129F2F2F0EFF286883046FFF76EFEDF
:101A60000546304608F0BDF8C0B16068807985F859
:101A70003E0021212846FFF7D0FC304603F0FAF95A
:101A8000304604F0ADFB3146012012F047F9A87F43
:101A900020F01000A87705B0BDE8F083207820F092
:101AA000F00020302070032020726680606880790A
:101AB000607206F00FFBDCE785882846FFF73EFEE4
:101AC00000B9FFDF60688078012800D0FFDF606820
:101AD000817905B02846BDE8F04308F04ABA868807
:101AE0003046FFF72BFE050000D1FFDF06F0F2FACB
:101AF00060683146C08828816068008968816068B4
:101B00004089A881012012F009F90020A875C2E7D8
:101B1000807828B10228BED03C28BCD0FFDFBAE7CD
:101B200006F0D8FA6568A879AD1C00B9FFDFF77830
:101B3000B5F80290B046384606F05FF8060000D1CE
:101B4000FFDF0022022148460EF0AFFA040000D168
:101B5000FFDF22212046FFF760FCA17F012060F318
:101B60000101A177298B2181698B6181A98BA181D9
:101B700084F822708DF80800B0680090F068019039
:101B80006A46032148460EF090FA00B9FFDFB0889C
:101B9000ADF81000B0788DF8120004AA052148466F
:101BA0000EF083FA00B9FFDFB088ADF80C00F078D2
:101BB0008DF80E0003AA042148460EF076FA00B90B
:101BC000FFDF062105F1120006E00000A001002061
:101BD000070605040302010000F04DFF30B36879E9
:101BE000800700D5FFDF6979E07D61F34700E0758C
:101BF000D5F80600A0616889A083062105F10C00D4
:101C000000F039FFE0B198F819104A08617862F3E2
:101C100047016170D8F81A10C4F80210B8F81E0015
:101C200017E028E020E033E02DE017E0E07D20F031
:101C3000FE00801CE075D5F81200A061E88ADBE7A1
:101C4000607820F0FE00801C6070E868C4F8020034
:101C5000288AE0800320FFF7B7FB1CE705B0204689
:101C6000BDE8F04301F092BC06F034FA16F8240FF8
:101C700040F0020005E006F02DFA16F8240F40F0BF
:101C80000400307007E705B0BDE8F04306F022BA63
:101C9000B178052909D00429DFD106F01BFA02200A
:101CA00005B0BDE8F043FFF78FBB80780028D4D0A3
:101CB000F07800F0AAFE06F00DFA0320F0E72DE917
:101CC000F047054600780027000991460C463E463D
:101CD000012871D0022870D007280AD00A286DD0B8
:101CE000FFDF00BFA9F800600CB1278066800020EC
:101CF0007EE5D5F804C0DFF8448804F108009CF8BC
:101D000000204FF0010AD21F4FF6FF71142A76D23D
:101D1000DFE802F00AF9F9F9F9F9F91DF9F926C035
:101D2000889DF91061D476EE12271026BCF80400C5
:101D30002146F3E01C270A26ECB3BCF80200A08081
:101D4000686800792072686840796072CAE71B276A
:101D5000092684B30320207268684088A080C1E708
:101D60009CF802103C29BDD010272C260CF1020C47
:101D70000CB3BCF80210A180BCF818106182BCF84A
:101D800018102182BCF81A10A182BCF81C10E18244
:101D90009CF8053002460CF106011846FFF7A9FC35
:101DA0009CF8040001289DD184F80FA00020207623
:101DB00008F1040003E00BE0A8E0B2E0EAE090E8FC
:101DC0000E00D8F81000C4E90930C4E9071289E709
:101DD000A9F800608BE720271126002CF8D0A180FD
:101DE000686804F10A02807820726868807A6072FC
:101DF00069680B1DC8781946FFF77BFC72E782E023
:101E000021270A26002CE3D0BCF80200A0806868D5
:101E10000079207268684079607298F8241021F087
:101E2000040162E022270B26002CD1D0BCF804006C
:101E3000A0806868807820726868807900F02AFE47
:101E400060726868C07900F025FEA0724AE7262714
:101E50001C26002CBCD0A1806868C07860726868BD
:101E60008079A07208F1040090E80E00D8F8100004
:101E7000C4E90530C4E90312686880783C2803D0BF
:101E8000432804D0FFDF2DE784F808A02AE70220CA
:101E9000207227E724271026002C99D0BCF80200D6
:101EA000A0806868007920816868007A608168682D
:101EB000C088A08168684089E08113E72327102645
:101EC000002C85D0BCF80200A08068688088208142
:101ED0006868C088608168680089A08168684089F6
:101EE000E08198F8241021F0020188F82410F9E626
:101EF0002F272A26002C86D0A18069682222891CDF
:101F00000BF017FAEEE64A46214644E0287A02280A
:101F100001D0FFDFE6E612271026688800F098FD62
:101F2000E0E6287AB0B3012835D0022833D0032860
:101F300001D0FFDFD6E611270926002C8AD0B5F89C
:101F400002804046FFF7FAFB90F822A0A4F8048034
:101F5000687A2072042140460EF0C2F805214046FE
:101F60000EF0BEF8002140460EF0BAF801214046BE
:101F70000EF0B6F8032140460EF0B2F802214046BA
:101F80000EF0AEF8062140460EF0AAF8504600F0DA
:101F90003CFDA7E6FFE72846BDE8F04701F02CBC72
:101FA00070B5012801D0FFDF70BD8DB22846FFF764
:101FB000C5FB040000D1FFDF20782128F4D006F013
:101FC00085F880B1017821F00F01891C21F0F00122
:101FD000103101700221017245800020A075BDE81A
:101FE000704006F077B821462846BDE870401322BD
:101FF000FFF7A7BB2DE9F04116460C00804600D143
:10200000FFDF307820F00F00801C20F0F00010304F
:1020100030702078022802D0FFDFBDE8F081404612
:10202000FFF78CFB050000D1FFDFA1884FF6FF70A2
:102030000027814202D1E288824203D0814201D14D
:10204000E08840B106F046F894E80F00083686E8CC
:102050000F00AF75E1E7A87D0128DED178230022CB
:10206000414611F0B1FD0220A875D6E738B5054606
:102070000C460846FFF7DFF8A8B9242D31D006DC5E
:10208000202D0AD0212D0AD0222D04D124E0252D87
:102090001BD03F2D2DD0072038BD062038BD6068ED
:1020A000FFF70DF908B1102038BD618820886A4615
:1020B0000CF0E1FF05F028FE0028F5D16168002949
:1020C000F2D0BDF800200A8038BDA07800F00101F0
:1020D00020880DF001F808E02068BDE8384001F0E4
:1020E000C0BD618820880CF05FFFBDE8384005F076
:1020F0000BBE207800F001008DF8000068460CF05F
:10210000BDFD05F001FE38BD70B505460C4608461C
:10211000FFF7B7F808B1102070BD202D07D0212D92
:102120000DD0222D0BD0252D09D0072070BD208881
:10213000A11C0CF03CFDBDE8704005F0E5BD06209B
:1021400070BDFE481930704708B528220021FB48B1
:102150000BF019F90120FFF737F9F84968461A31F1
:1021600005F04AFFF5489DF80020417E62F34701E3
:1021700021F001014176002180F822104FF46171B5
:102180000184022180F82310FFF736F900B1FFDF48
:1021900000F0AEFC01F0CCF908BD10B50C464022B1
:1021A000002120460BF0EFF8A07F20F00300A0777D
:1021B000202020700020A07584F8230010BD7047F7
:1021C0002DE9FC410746FFF736F810B11020BDE8B5
:1021D000FC81DA4E06F11901D6F819000090B6F824
:1021E0001D50ADF80450F47F8DF806403846FFF7D7
:1021F00069FA0028EBD1FFF7FFF80028E7D0009933
:1022000046F8191FB580B471E1E710B50446FFF731
:1022100038F808B1102010BDC848C8492246407E91
:102220001A314008FFF765FA002010BD3EB504469C
:102230000D460846FFF725F808B110203EBD14B141
:1022400043F204003EBDBD488078052803D0042831
:1022500001D008203EBD694602A80BF01AFB2A46B1
:1022600069469DF80800FFF744FA00203EBDFEB520
:102270000D4604004FF0000711D00822FFF74DF97A
:10228000002811D1002608E054F826006946FFF71F
:10229000D4F9002808D1761CF6B2AE42F4D30CF083
:1022A00037FB10B143F20320FEBDA44E3776FCB1DC
:1022B00000271AE054F8270002A9FFF7BEF900B181
:1022C000FFDF9DF808008DF8000054F8270050F853
:1022D000011FCDF801108088ADF8050068460CF0AC
:1022E0003CFB00B1FFDF7F1CFFB2AF42E2D335768B
:1022F0000020FEBD2DE9F0478AB01546894604004E
:102300001DD00F4608222946FFF707F9002810D1F3
:10231000002612E054F826006946103000F08EFBCB
:10232000002806D13FB157F82600FEF784FF10B110
:1023300010200AB0DCE4761CF6B2AE42EAD30026E6
:10234000A5F101081CE000BF06F1010A0AF0FF0731
:1023500012E000BF54F82600017C4A0854F8271008
:102360000B7CB2EB530F05D10622113011310AF06C
:10237000B3FF58B17F1CFFB2AF42EBD30AF0FF06A8
:102380004645E1DB4E4624B1012003E043F205203F
:10239000CFE700200CF000FB10B90CF009FB10B1E6
:1023A00043F20420C5E75CB300270DF1170825E0D0
:1023B00054F827006946103000F040FB00B1FFDF01
:1023C00054F82700102250F8111FCDF80110808812
:1023D000ADF8050054F827100DF107000AF0A9FF29
:1023E00096B156F82710102240460AF0A2FF684620
:1023F0000CF098FA00B1FFDF7F1CFFB2AF42D7D3D9
:10240000FFF7B7F9002094E7404601F01EFCEEE725
:1024100030B585B00446FEF70EFF18B96068FEF7C8
:1024200057FF10B1102005B030BD60884AF2B811D6
:10243000884206D82078414D28B1012806D00228CC
:1024400004D00720EFE7FEF7D7FF18E060780228F6
:1024500004D0032802D043F20220E4E785F82300E9
:10246000C1B200200090ADF8040002292CD003294D
:1024700027D0FFDF68460CF00CFB05F045FC002878
:10248000D1D1606801F0D4FB207858B101208DF8DB
:1024900000000DF1010001F0D8FB68460CF075FE5C
:1024A00000B1FFDF207885F82200FFF762F960882D
:1024B00060B1288480B20CF067FA00B1FFDF002021
:1024C000B1E78DF80500D5E74020FAE74FF46170D9
:1024D000EFE710B50446FEF7D4FE20B9606838B1C6
:1024E000FEF7EDFE08B1102010BD606801F0ADFBF5
:1024F000124830F8201F6180C178617080782070A8
:10250000002010BD2DE9F843144689460646FEF723
:10251000B8FEB8B94846FEF7DBFE98B92046FEF78C
:10252000D7FE78B9054DA878012800D154B131788B
:10253000FF2909D061B143F2040001E0A0010020AD
:10254000BDE8F8831020F8E7012801D00420F4E763
:10255000CCB3052811D004280FD06946204600F0DE
:10256000A4FA0028E9D1217D49B1012909D0022925
:1025700009D0032909D00720DFE70820DDE702465C
:1025800004E0012202E0022200E00322804623460A
:10259000174600200099FFF705F90028CDD1A08942
:1025A0002880A07BE875BDF80000A882AF75BDF853
:1025B0000010090701D5A18931B1A1892980C0077F
:1025C00004D0032003E006E08021F7E70220FEF7B5
:1025D000FBFE86F800804946BDE8F8430020FFF77F
:1025E0007CB92DE9FC41FF4C06460D46A078022837
:1025F00003D0032801D00820E9E516B143F2040016
:10260000E5E506200DF00EFD10B9A078032849D0AD
:102610000FF07CFC074610F0DBFE381A00F0FF08D4
:1026200006200DF0F7FC074606200DF0FBFC391ADA
:10263000A078042809D000221144A8EB010111F070
:10264000FF0F04D0032804D00DE00122F4E713208B
:10265000BDE5284605F0D1FA10B3407810B32846FE
:1026600005F0D6FDE570FFF70BF80BF054F80120EC
:102670008DF800008DF801008DF802602088ADF81B
:102680000400E07D8DF8060068460CF050FC05F073
:102690003BFB0028B0D1A078032805D0042010E02F
:1026A000052094E5122092E5E07805F0A6FA0400F2
:1026B00000D1FFDF607800B9FFDF6078401E6070F6
:1026C0000520FEF781FE002081E51CB510B143F224
:1026D00004001CBDC34CA078042803D0052801D0F9
:1026E00008201CBD00208DF8000001218DF801108C
:1026F0008DF8020068460CF01AFC05F005FB002876
:10270000EFD1A078052805D05FF00200FEF75CFE4F
:1027100000201CBDE07800F078F90320F6E72DE9F1
:10272000FC4180460D4603260846FEF7D1FD08B160
:1027300010204CE54046FFF701F8040004D0207853
:10274000222804D2082042E543F202003FE5A07FA0
:1027500000F003073DB1012F0AD000202946FEF703
:10276000AEFE0600E5D1012F04D0FFDF30462EE596
:102770000120F3E7A07D2946022801D011B107E02E
:10278000112024E5684600F0E7FA0028D1D1694617
:10279000404607F0CEFB0600E8D10120A075E5E732
:1027A00070B50C460546FEF7C9FF010005D022466C
:1027B0002846BDE87040FEF7C4BF43F2020070BD7A
:1027C00010B5012807D1874B9B78012B00D011B1A0
:1027D00043F2040010BD0CF009F9BDE8104005F00B
:1027E00093BA012300F01BB900231A46194600F0E2
:1027F00016B970B5064615460C460846FEF741FD6B
:1028000018B92846FEF73DFD08B1102070BD2A46D4
:10281000214630460CF017FC05F076FA0028F5D179
:1028200021787F29F2D1052070BD7CB505460C4684
:102830000846FEF700FD08B110207CBD2846FEF7D3
:102840007DFF20B10078222804D208207CBD43F20D
:1028500002007CBD634890F82400400701D5112098
:102860007CBD2178C80802D16078C20801D0072059
:102870007CBD890801D1800801D006207CBDADF85F
:10288000005020788DF8020060788DF80300022057
:10289000ADF8040068460BF00FFF05F035FA7CBD7B
:1028A00070B586B014460D460646FEF747FF28B1C0
:1028B0000078222805D2082006B070BD43F202003D
:1028C000FAE72846FEF704FD20B944B12046FEF79A
:1028D000F6FC08B11020EFE700202060A0804148FE
:1028E00090F82400800701D51120E5E703A93046C0
:1028F0000BF01FFF18B100BF05F006FADCE7ADF8DA
:102900000060BDF81400ADF80200BDF81600ADF887
:102910000400BDF81000BDF81210ADF80600ADF8C7
:1029200008107DB1298809B1ADF80610698809B190
:10293000ADF80210A98809B1ADF80810E98809B10D
:10294000ADF80410DCB1BDF80610814201D9081AB7
:102950002080BDF80210BDF81400814201D9081A88
:102960006080BDF80800BDF80410BDF816200144D1
:10297000BDF812001044814201D9081AA0806846AF
:102980000BF074FFB8E770B505460C460846FEF735
:1029900078FC08B1102070BD214628460CF04AF999
:1029A000BDE8704005F0B0B93EB505460C46084696
:1029B000FEF767FC08B110203EBD0020009001909A
:1029C0000290ADF800502089ADF8080020788DF80D
:1029D0000200606801902089ADF808006089ADF8B8
:1029E0000A0001E0A001002068460CF031F905F072
:1029F0008BF93EBD0EB5ADF8000000200190684691
:102A00000CF026F905F080F90EBD10B505F0F5F8CB
:102A1000040000D1FFDF6078401C607010BD1CB561
:102A2000ADF800008DF802308DF803108DF8042009
:102A300068460CF0D7FA05F067F91CBD0278520819
:102A400004D0012A02D043F202207047FEF7F5BD00
:102A500070B50C0006460DD0FEF770FE050000D1E3
:102A6000FFDFA68028892081288960816889A0816C
:102A7000A889E08170BD10B500231A4603E0845C8C
:102A80002343521CD2B28A42F9D30BB1002010BDAD
:102A9000012010BD00B530B1012803D0022801D0BB
:102AA000FFDF002000BDFF2000BD00220A8092B29F
:102AB00022F060020A800078062817D2DFE800F0D2
:102AC000160306090C1142F0110007E042F01D0048
:102AD00009E042F0150006E042F0100040F002006C
:102AE00001E042F010000880002070470720704786
:102AF000FD48002101604160018170472DE9FF4FD1
:102B000093B09B46209F160004460DD01046FEF75A
:102B100092FB18B1102017B0BDE8F08F31460120AC
:102B2000FEF7CDFC0028F6D101258DF842504FF478
:102B3000C050ADF84000002210A9284603F016FE50
:102B40000028E8D18DF84250A8464FF428500025BF
:102B5000ADF840001C222946684607950AF013FC90
:102B60009DF81C000DF11C0A20F00F00401C20F005
:102B7000F00010308DF81C0020788DF81D00617871
:102B80009DF81E000DF1400961F3420040F0010084
:102B90008DF81E009DF8000008AA40F002008DF894
:102BA00000002089ADF83000ADF832506089ADF8F2
:102BB0003400CDF82CA060680E900AA9CDF82890BA
:102BC000684603F0C8FB0028A5D16068FEF777FBD4
:102BD00040B16068FEF77CFB20B9607800F003002C
:102BE000022801D0012000E00020BF4C08AA0AA959
:102BF0002072BDF8200020808DF8428042F601202E
:102C0000ADF840009DF81E0020F00600801C20F06A
:102C100001008DF81E000220ADF83000ADF8340040
:102C200014A80E90684603F096FB002889D1BDF8E1
:102C30002000608036B1211D304600F059F900288F
:102C4000C2D109E0BBF1000F05D00AF017F9E8BBCB
:102C50000AF014F9D0BBA58017B1012F43D04AE088
:102C60008DF8428042F6A620ADF8400046461C2270
:102C70000021684607950AF086FB9DF81C00ADF818
:102C8000346020F00F00401C20F0F00010308DF870
:102C90001C009DF81D0020F0FF008DF81D009DF820
:102CA0001E0020F0060040F00100801C8DF81E0080
:102CB0009DF800008DF8446040F002008DF800009F
:102CC000CDE90A9AADF8306011A800E011E00E904D
:102CD00008AA0AA9684603F03EFB0028A6D1BDF861
:102CE0002000E08008E00AF0C9F810B90AF0C6F840
:102CF00008B103200FE7E58000200CE73EB504464D
:102D0000794D0820ADF80000A88828B12046FEF7CC
:102D100092FA18B110203EBD06203EBD214601208A
:102D2000FEF7CDFB0028F8D12088ADF804006088BC
:102D3000ADF80600A088ADF80800E088ADF80A00FC
:102D4000A88801AB6A46002103F00CFFBDF8001013
:102D50000829E2D003203EBD7FB5634D0446A88814
:102D600068B1002002900820ADF80800CDF80CD022
:102D70002046FEF760FA20B1102004B070BD062096
:102D8000FBE7A98802AA4FF6FF7004F02DF900288E
:102D9000F3D1BDF80810082901D00320EDE7BDF8F4
:102DA00000102180BDF802106180BDF80410A180E0
:102DB000BDF80610E180E0E701B582B00220ADF871
:102DC0000000494802AB6A464088002103F0CAFE71
:102DD000BDF80010022900D003200EBD1CB5002153
:102DE00000910221ADF800100190FEF74AFA08B1F7
:102DF00010201CBD3C486A4641884FF6FF7004F025
:102E0000F3F8BDF800100229F3D003201CBDFEB575
:102E1000354C06461546207A0F46C00705D00846B1
:102E2000FEF709FA18B11020FEBD0F20FEBDF82DE7
:102E300001D90C20FEBD3046FEF7FDF918BB2088F5
:102E400001A902F08AFF0028F4D130788DF805003E
:102E5000208801A903F064FE0028EBD100909DF8C2
:102E600000009DF8051040F002008DF800000907F1
:102E700003D040F008008DF800002088694603F078
:102E8000ECFD0028D6D1ADF8085020883B4602AAB8
:102E9000002103F067FEBDF80810A942CAD0032044
:102EA000FEBD7CB505460020009001900888ADF875
:102EB00000000C4628460195FEF701FA18B9204695
:102EC000FEF7DFF908B110207CBD15B1BDF8000098
:102ED00060B105486A4601884FF6FF7004F084F837
:102EE000BDF8001021807CBDC80100200C20FAE74D
:102EF00030B5044693B000200D46014600901422E0
:102F000001A80AF040FA1C22002108A80AF03BFAA6
:102F10009DF80000CDF808D020F00F00401C20F0F4
:102F2000F00010308DF800009DF8010006AA20F096
:102F3000FF008DF801009DF8200001A940F002007B
:102F40008DF8200001208DF8460042F60420ADF8EF
:102F5000440011A801902088ADF83C006088ADF8CD
:102F60003E00A088ADF84000E088ADF842009DF832
:102F7000020020F00600801C20F001008DF8020005
:102F80000820ADF80C00ADF810000FA8059008A8B7
:102F900003F0E1F9002803D1BDF8180028800020D3
:102FA00013B030BD0A4810B5046809490948083112
:102FB00008600FF0BEFE0648001D046010BD064903
:102FC000002008604FF0E0210220C1F88002704725
:102FD0001005024001000001FC1F00400548064AA0
:102FE0000168914201D1002101600449012008607B
:102FF0007047000058000020BEBAFECA40E50140FC
:103000002CFFFFFFDBE5B15100C00100CC00FFFF4A
:1030100071000000C1CF6A00FEA0D9111C1006C3C8
:1030200089CCFC7A7B3B49141906A8C010B504462C
:10303000FEF701F908B1102010BD2078C0F302108E
:10304000042807D86078072804D3A178102901D86C
:10305000814201D2072010BDE078410706D42179D2
:103060004A0703D4000701D4080701D5062010BD84
:10307000002010BD70B514460D46064605F026F832
:1030800080B10178182221F00F01891C21F0F00194
:10309000A03100F8081B21460AF04BF9BDE870404A
:1030A00005F018B829463046BDE870401322FEF7F7
:1030B00048BB2DE9F047064608A8904690E8300442
:1030C00089461F461422002128460AF05CF9002197
:1030D000CAF80010B8F1000F03D0B9F1000F03D106
:1030E00014E03878C00711D02068FEF7CAF8C0BBDA
:1030F000B8F1000F07D12068123028602068143022
:1031000068602068A8602168CAF8001038788007D5
:1031100024D56068FEF7D3F818BBB9F1000F21D0B1
:10312000FFF70FF80168C6F868118188A6F86C11DE
:10313000807986F86E0101F034FAF84FEF6062682A
:1031400062B196F8680106F2691140081032FEF784
:10315000D0FA1022394660680AF0EBF80020BDE88A
:10316000F08706E0606820B1E8606068C6F8640136
:10317000F4E71020F3E730B5054608780C4620F058
:103180000F00401C20F0F001103121700020607011
:1031900095F8230030B104280FD0052811D0062857
:1031A00014D0FFDF20780121B1EB101F04D295F875
:1031B000200000F01F00607030BD21F0F0002030D2
:1031C00002E021F0F00030302070EBE721F0F00059
:1031D0004030F9E7F0B591B0022715460C46064697
:1031E0003A46ADF80870092103AB05F070FD049074
:1031F000002810D004208DF804008DF80170E03410
:10320000099605948DF818500AA968460EF051FCED
:1032100000B1FFDF012011B0F0BD2DE9F84F0646E7
:10322000808A0C4680B28246FEF788FA0546BB4F7C
:103230003078203F4FF002094FF000080F287CD271
:10324000DFE800F07BA39D082C5B6A7CBADAFD976F
:1032500048979700012150460CF030FF040000D140
:10326000FFDF97F85C00C00701D0386E0BE0032148
:1032700004F11D0010F06BFAD4F81D00A849B0FB52
:10328000F1F201FB1200C4F81D0070686067B068BD
:10329000A0672878252872D0FFDF70E00121504612
:1032A0000CF00CFF060000D1FFDF3078810702D55B
:1032B0002978252904D040F001003070BDE8F88F4E
:1032C00084F80090307F207106F11D002D36C4E98E
:1032D0000206F3E7012150460CF0F0FE050000D194
:1032E000FFDF2878C10604D5072020703D356560D2
:1032F000E4E740F008002870E0E7E87F000700D529
:10330000FFDF307CB28800F0010301B05046BDE819
:10331000F04F092106F06FBD05B9FFDF716821B1DB
:10332000102205F124000AF004F828212846FEF7AF
:1033300074F8307A85F82000C0E7F7E001215046A4
:103340000CF0BCFE050000D1FFDF022105F1850075
:1033500010F0FDF90420207005F5B4706060B5F838
:10336000850020826D4810387C356561C4E90270A3
:10337000A4E7012150460CF0A1FE00B9FFDF324660
:1033800029465046BDE8F84F74E605B9FFDF2878B6
:10339000212893D93079012803D1E87F40F0080033
:1033A000E877324629465046FFF764FE2846BDE8D6
:1033B000F84F2321FEF731B83279A28004F10803D7
:1033C0000921504605F083FCE06010B10520207013
:1033D00074E74546012150460CF070FE040000D110
:1033E000FFDF04F1620102231022081F0CF0FFFC32
:1033F00005703179417061E7012150460CF05EFEA5
:10340000040000D1FFDF94F8840000F003000128DD
:1034100059D1E87F10F0010003D194F8A010C9073A
:103420002AD0D4F8602132B394F88330117C63F34E
:1034300087011174AA7FD30963F3410100E071E0B1
:10344000D4F860211174D4F8602160F30001117484
:1034500090B1D4F86001102205F12401883409F0FC
:1034600068FF207E40F001002076207820F00100E7
:1034700004F8880919E0C0B994F88810C90714D075
:10348000D4F85C218AB194F88330117C63F387010E
:103490001174AA7FD309D4F85C2163F3410111743C
:1034A000D4F85C2160F30001117494F8880080075F
:1034B00009D594F87C00D4F86421400804F17D011A
:1034C0001032FEF716F98DF8009094F884006A46E1
:1034D00000F003008DF8010094F888108DF80210B8
:1034E00094F8A0008DF803002946504601F042F8F8
:1034F0002878252805D0212807D0FFDF2878222822
:1035000003D922212846FDF788FF012150460CF0FF
:10351000E7FD00283FF4DDAEFFDFCFE6F401002039
:1035200040420F00716881F80180C7E6FFDFC5E601
:1035300070B5FE4C002584F85C5025660EF085FAC7
:1035400004F11001204604F07DFD84F8305070BD78
:1035500070B50D46FEF7F2F8040000D1FFDF4FF41E
:10356000B8720021284609F00EFF2434012105F12C
:10357000E0002C610EF06AFA002800D0FFDF70BD79
:103580000A46014602F1E0000EF081BA70B5054628
:10359000406886B00178082906D00B2933D00C2961
:1035A0002FD0FFDF06B070BD46883046FEF7C6F864
:1035B000040000D1FFDF20782128F3D028281BD178
:1035C000686802210C3000F0A0FFA8B168680821EB
:1035D000001D00F09AFF78B104F1240130460BF091
:1035E000A8FC04F091FB00B1FFDF06B02046BDE867
:1035F00070402921FDF711BF06B0BDE8704004F00E
:1036000069BD01218171686886883046FEF796F8A9
:10361000040000D1FFDF20782128C3D068688179B9
:1036200009B1807808B1FFDFBCE704F053FDA07F4B
:10363000000622D5E07FC00705D094F8200000F0F6
:103640001F00102817D0052084F82300207829288F
:1036500015D02428A6D13146042010F05FFB22218A
:103660002046FDF7DAFE012130460CF039FD002836
:1036700098D0FFDF96E70620E6E70420E4E7012183
:1036800030460CF01BFD050000D1FFDF2521204650
:10369000FDF7C3FE03208DF80000694605F1E00048
:1036A0000EF0ECF90228BFD00028BDD0FFDF79E78B
:1036B0002DE9F04788B09A46164688468146FEF7BF
:1036C0003DF805003AD02878222837D3232835D072
:1036D000E87F000732D40027012148460CF0EEFCB9
:1036E000040005D10121002248460CF0DEFC04460E
:1036F000694600F066FF009800B9FFDF00983CB112
:10370000E03404612878222804D0242802D005E07F
:10371000076103E025212846FDF77FFE009801217F
:103720004170C0F824908680C0E9028A01A90EF099
:10373000C0F9022802D0002800D0FFDF08B00EE553
:1037400070B586B00546FDF7F9FF0078222814D938
:10375000012128460CF0B2FC04002CD1FFDF2AE046
:10376000B4F85E0004F1620630440178427829B171
:1037700021462846FFF72EFDB0B913E7ADF8042027
:103780000921284602AB05F0A2FA03900028F4D0E4
:1037900005208DF80000694604F1E0000EF06EF996
:1037A000022801D000B1FFDF02231022314604F1CC
:1037B0005E000CF052FBB4F860000028D0D1F1E6B6
:1037C00010B586B00446FDF7B9FF0078222811D95C
:1037D000012120460CF072FC040000D1FFDF06201E
:1037E0008DF80000694604F1E0000EF047F900286A
:1037F00000D0FFDF06B010BD2DE9F84F0546007878
:103800000C460027010904F1080090463E46BA46DE
:10381000009002297ED0072902D00A2909D142E06E
:1038200068680178082905D00B292CD00C292AD0EA
:10383000FFDF72E114271C26002C6CD04088A0808A
:10384000FDF77CFF5FEA000900D1FFDF99F8170060
:1038500009F118014008009AFDF74BFF686880895C
:10386000208268684168C4F812108068C4F81600A5
:10387000A07E20F0060040F00100A07699F81E001E
:1038800040F020014FE01A270A26002CD5D080886E
:10389000A080FDF753FF050000D1FFDF2846009907
:1038A000FFF769FC39E10CB1A88BA080287A4FF0B2
:1038B000010B0B287ED006DC01287CD0022808D022
:1038C000032804D137E00D2876D00E2875D0FFDF0D
:1038D00023E11E270926002CAFD0A088FDF72EFF7C
:1038E0005FEA000900D1FFDF287B00F00300012818
:1038F000207A1DD020F001002072297B890861F315
:1039000041002072297BC90861F382002072297B63
:10391000090901E0F7E0AEE061F3C300207299F815
:103920001E0040F0400189F81E10F6E0D40100208E
:1039300040F00100E0E713270D26002CA6D0A08858
:10394000FDF7FCFE81460121A0880CF0B7FB0500C5
:1039500000D1FFDF686F817801F003010129217A2E
:1039600050D021F00101217283789B0863F341015B
:1039700021728378DB0863F38201217283781B094B
:1039800063F3C3012172037863F306112172437854
:1039900063F3C711217284F809A0C178A17202797A
:1039A000E17A62F30001E1720279520862F34101A7
:1039B000E17203E029E067E04EE05FE002799208FF
:1039C00062F38201E1720279D20862F3C301E1720B
:1039D0004279217B62F3000121734279520862F33C
:1039E000410121734279920862F382012173407987
:1039F000C00860F3C301217399F8000023282AD975
:103A0000262139E041F00101ADE71827102694B3D3
:103A1000A088FDF793FE00900121A0880CF04EFBDA
:103A20005FEA000900D1FFDFE868A06099F80000B4
:103A300040F0040189F8001099F80100800708D5CA
:103A400084F80CB000980078232866D927210098C4
:103A500052E084F80CA060E015270F265CB1A08826
:103A6000FDF76CFE81460622E868009909F0E9FC42
:103A700084F80EB085E042E048463DE0162709266E
:103A8000ECB3287B207248E0287B19270E26B4B3BC
:103A9000C4F808A0A4F80CA0012807D0022808D078
:103AA00003280CD004280AD0FFDF15E084F808B002
:103AB00001E002202072607A20F003000BE0697BB5
:103AC000042801F00F0141F080012172F3D1607AE6
:103AD00020F00300401C6072A088FDF72FFE054611
:103AE0000078212819D0232800D0FFDF0121A088E9
:103AF0000CF0F6FA22212846FDF78FFC0DE0FFE7D7
:103B0000A8F800600EE00CB16888A080287A10B395
:103B1000012809D002283AD0FFDFA8F800600CB1D4
:103B200027806680002007E415270F26002CE7D0A9
:103B3000A088FDF703FE0121A0880CF0BFFA050064
:103B400000D1FFDFD5F81D000622009909F079FCAD
:103B500084F80EA0E1E717270926002CD0D0A08812
:103B6000FDF7ECFD81460121A0880CF0A7FA0500C5
:103B700000D1FFDF6878800701D5022000E0012036
:103B8000207299F800002328C7D9272174E7192744
:103B90000E26002CB4D0A088FDF7D0FD5FEA000906
:103BA00000D1FFDFC4F808A0A4F80CA084F808A096
:103BB000A07A40F00300A07299F81E10C90961F3C1
:103BC0008200A07299F81F2099F81E1012EAD11FE6
:103BD00005D099F8201001F01F01102925D020F000
:103BE0000800A07299F81F10607A61F3C300607238
:103BF000697A01F0030101298FD140F0040060725D
:103C0000E87A217B60F300012173AA7A607B62F37A
:103C100000006073EA7A520862F341012173A97AC5
:103C2000490861F34100607377E740F00800D8E786
:103C300010B5F84C30B10146102204F1200009F013
:103C400078FB012084F8300010BD10B5044600F068
:103C5000A8FCF04920461022BDE81040203109F0B0
:103C600068BB70B5EB4D06004FF0000412D0FDF7B5
:103C7000E2FA08B110240BE00621304609F0C8FB37
:103C8000411C04D02866012085F85C0000E0072470
:103C9000204670BD0020F7E7007810F00F0204D036
:103CA000012A05D0022A0CD110E0000909D10AE04E
:103CB0000009012807D0022805D0032803D00428D2
:103CC00001D0072070470870002070470620704719
:103CD00005282AD2DFE800F003070F171F00087835
:103CE00020F0FF001EE0087820F00F00401C20F0BC
:103CF000F000103016E0087820F00F00401C20F093
:103D0000F00020300EE0087820F00F00401C20F07A
:103D1000F000303006E0087820F00F00401C20F062
:103D2000F0004030087000207047072070472DE9F0
:103D3000F043804687B00D464FF000090846FDF776
:103D4000C7FAA8B94046FDF7F9FC060003D0307861
:103D500022280BD104E043F2020007B0BDE8F08353
:103D600035B1B07FC10601D4000703D50820F4E7C0
:103D70001020F2E7F07F000701D50D20EDE70027C6
:103D8000012140460CF09AF9040006D101210022DD
:103D900040460CF08AF9040005D0694600F011FC99
:103DA000009818B901E00420D7E7FFDF009802214E
:103DB000E0344170C0F82480446107810121017121
:103DC000297801F00102017E62F3010101762A786F
:103DD000520862F3820101762A78920862F3C301E5
:103DE00001762A78D20862F3041101762421304644
:103DF000FDF713FB01A900980DF05BFE022801D02E
:103E000000B1FFDF4846A8E72DE9FF4F0E46824983
:103E1000904697B09A4607C914AB4FF0000983E863
:103E200007001798FDF78AFC050006D02878262899
:103E300006D008201BB0BDE8F08F43F20200F9E77E
:103E400026B94046FFF7F2F80028F3D10121179870
:103E50000CF034F9040000D1FFDF852E27D007DCF9
:103E6000EEB1812E1DD0822E1DD0832E08D11CE0F4
:103E7000862E1ED0882E1ED0892E1ED08A2E1ED0B1
:103E80000F2020710F281CD004F020F9D8B1012098
:103E90008DF83400201D0E902079B0B126E100206D
:103EA000EFE70120EDE70220EBE70320E9E705203B
:103EB000E7E70620E5E70820E3E70920E1E70A2035
:103EC000DFE70720B6E71120B4E798F80000D4E94F
:103ED0001D764208A87F002162F3C710A87798F8E2
:103EE00000008208E87F62F30000E87798F800009D
:103EF000C209607862F34100607098F8000002091E
:103F0000207862F34710207098F80000C2086078AB
:103F100062F30000607098F80100607198F800008A
:103F200000F00102B07862F30100B070AA7FD209FC
:103F300062F38200B070EA7F62F3C300B07062780F
:103F400062F30410B0702278C0F3C00052093270DE
:103F50006278C2F34002727098F80220F2707171B8
:103F60003171B978C1F3C00108405FEA000B2ED06F
:103F70005046FDF760F978BBDAF80C00FDF75BF905
:103F800050BBDAF81C00FDF756F928BBDAF80C0034
:103F9000A060DAF81C00E06060787A7842EA5001AC
:103FA00061F341006070B978C0B200EA111161F3A9
:103FB000000060700020207705F117006061681C28
:103FC000A061B07800F00300012806D046E06078D8
:103FD0007A7802EA5001E3E719E0B87800F00300CC
:103FE00001283BD1321D711D404600F099FA31790C
:103FF000387901408DF8281070797A7910408DF861
:10400000300001432AD05046FDF715F930B1102099
:1040100010E70000D4010020E8B001000AF1100010
:1040200004F5AE7304F18C028DE80D0000210AAB9B
:104030005A462046FFF73DF80028E9D104F5B07252
:1040400004F1A403CDF800A0CDE9013201210CABAD
:104050005A462046FFF72DF80028D9D1607880070E
:1040600022D4B078B978C0F38000C1F3800108434E
:104070001AD0307814AA397832F810204B00DA4080
:1040800002F00309B9F1030F01D14FF00209BBF1AE
:10409000000F09D0012801D0042805D1012901D041
:1040A000042901D14FF00409A87F40F08000A877CF
:1040B000E97F6BF30001E9776078800706D503207C
:1040C000A071BBF1000F11D100202CE00220B9F14A
:1040D000020F1AD0B9F1010F19D0B9F1040F2AD08B
:1040E0000020A071A87F20F08000A8772521284615
:1040F000FDF793F90DA904F1E0000DF0BFFC10B13C
:10410000022800D0FFDF002094E6A071DCE7A07158
:104110000D22002104F1200009F035F9207840F04B
:104120000200207001208DF84C0013AA2946179830
:1041300000F020FADAE70120A071D7E72DE9F0437B
:1041400087B09046894604460025FDF7F7FA070038
:1041500004D03878272804D00820FEE543F2020076
:10416000FBE5012120460BF0A9FF040000D1FFDF91
:10417000A6795FEA090005D0012821D0B9F1020F24
:1041800026D110E0B8F1000F22D1012E05D0022E69
:1041900005D0032E05D0FFDF2EE00C252CE00125F5
:1041A0002AE0022528E04046FDF745F8B0B9032E85
:1041B0000ED11022414604F11D0009F0BAF81BE0AF
:1041C000012E02D0022E03D104E0B8F1000F13D06B
:1041D0000720C2E54046FDF72EF808B11020BCE5E7
:1041E0001022002104F11D0009F0CDF806214046FF
:1041F00009F00EF9C4F81D002078252140F00200D6
:1042000020703846FDF709F92078C10713D020F057
:104210000100207002208DF8000004F11D000290C2
:104220008DF804506946C3300DF028FC022803D0F5
:1042300010B1FFDF00E0257700208EE530B587B0B4
:104240000D460446FDF77AFA60B1012120460BF0D5
:1042500035FF04000CD02846FCF7EDFF28B11020F4
:1042600007B030BD43F20200FAE72078400701D4DE
:104270000820F5E7294604F13D002022054609F013
:1042800058F8207840F01000207001070FD520F07A
:104290000800207007208DF80000694604F1E00056
:1042A00001950DF0EBFB022801D000B1FFDF0020EB
:1042B000D6E770B50D460646FDF740FA18B100780E
:1042C000272817D102E043F2020070BD01213046D9
:1042D0000BF0F4FE040000D1FFDFA079022809D121
:1042E0006078C00706D02A4621463046FEF772FFA6
:1042F00010B10FE0082070BDB4F860000E280BD29A
:1043000004F1620102231022081F0BF070FD01214D
:1043100001704570002070BD112070BD70B506465B
:1043200014460D460846FCF786FF18B92046FCF7F0
:10433000A8FF08B1102070BDA6F57F40FF380ED051
:104340003046FDF7FBF938B1417822464B08811C15
:104350001846FDF7CEF907E043F2020070BD204693
:10436000FDF753FF0028F9D11021E01D0FF0EFF900
:10437000E21D294604F1170000F033F9002070BD5A
:104380002DE9F04104468AB015460E46002708463E
:10439000FCF79EFF18B92846FCF79AFF18B11020C9
:1043A0000AB0BDE8F0812046FDF7C8F95FEA0008D1
:1043B00004D098F80000272810D102E043F2020050
:1043C000EEE7012120460BF079FE040000D1FFDF6B
:1043D0002078400702D56078800701D40820DFE705
:1043E000D4E91D01497801B18DB1407800B176B1B1
:1043F000ADB1EA1D06A8E16800F0F3F8102206A9A5
:1044000005F1170008F068FF18B1042707E007203E
:10441000C6E71022E91D04F12D0008F08AFF2EB135
:104420001022F11D04F11D0008F083FF20782521E2
:1044300040F0020020704046FCF7EFFF2078C107F3
:1044400015D020F00100207002208DF8000004F14A
:104450001D000290103003908DF804706946B3304F
:104460000DF00CFB022803D010B1FFDF00E027772E
:10447000002095E770B50D4606460BB1072070BDCC
:10448000FDF75CF9040007D02078222802D3A07F32
:10449000800604D4082070BD43F2020070BDADB1A7
:1044A000294630460AF045FD03F02EFC297C4A08D7
:1044B000A17F62F3C711A177297CE27F61F300023B
:1044C000E277297C890884F8201004E030460AF05D
:1044D00053FD03F019FCA17F21F02001A17770BDED
:1044E00070B50D46FDF72AF9040005D02846FCF703
:1044F000C8FE20B1102070BD43F2020070BD2946F5
:104500002046FEF738FE002070BD04E010F8012BB5
:104510000AB100207047491E89B2F7D201207047C6
:1045200010B5C4780B7864F300030B70C47864088A
:1045300064F341030B70C478A40864F382030B7026
:10454000C478E40864F3C3030B700379117863F350
:104550000001117003795B0863F341011170037965
:104560009B0863F3820111700079C00860F3C301F6
:10457000117010BD70B51546064603F0A7FD040086
:1045800000D1FFDF207820F00F00801C20F0F00029
:104590002030207066802868A060BDE8704003F07D
:1045A00099BD10B5134C94F83000002808D104F1DF
:1045B0002001A1F110000DF0A3FA012084F83000D1
:1045C00010BD10B190F8B9202AB10A4890F8350012
:1045D00018B1002003E0B83001E00648343008602C
:1045E000704708B50023009313460A460BF065FF99
:1045F00008BD0000D4010020F0B5007B059F1E46D9
:1046000014460D46012800D0FFDF0C2030803A20F0
:104610003880002C08D0287A032806D0287B01286F
:1046200000D0FFDF17206081F0BDA889FBE72DE9EE
:10463000F04786B0144691F80C900E9A0D46B9F1E9
:10464000010F0BD01021007B2E8A8846052807D049
:10465000062833D0FFDF06B0BDE8F0870221F2E77D
:10466000E8890C2100EB400001EB4000188033206A
:104670001080002CEFD0E889608100271AE00096B6
:10468000688808F1020301AA696900F086FF06EB59
:104690000800801C07EB470186B204EB4102BDF81D
:1046A000040090810DF1060140460E320DF09EFA95
:1046B0007F1CBFB26089B842E1D8CCE734201080BB
:1046C000E889B9F1010F11D0122148430E3018804A
:1046D000002CC0D0E88960814846B9F1010F00D0B4
:1046E0000220207300270DF1040A1FE00621ECE7E9
:1046F0000096688808F1020301AA696900F04DFF7D
:1047000006EB0800801C86B2B9F1010F12D007EB4E
:10471000C70004EB4000BDF80410C18110220AF16B
:104720000201103008F005FE7F1CBFB26089B8425C
:10473000DED890E707EB470104EB4102BDF8040027
:10474000D0810AF10201404610320DF04FFAEBE73A
:104750002DE9F0470E4688B090F80CC096F80C8012
:10476000378AF5890C20109902F10C044FF0000AE9
:10477000BCF1030F08D0BCF1040F3FD0BCF1070F10
:104780007ED0FFDF08B067E705EB850C00EB4C003F
:10479000188031200880002AF4D0A8F1060000F02B
:1047A000FF09558126E01622002101A808F0EBFD43
:1047B00000977088434601AA716900F0EEFEBDF8CB
:1047C00004002080BDF80600E080BDF808002081CC
:1047D000A21C0DF10A0148460DF008FAB9F1000FCC
:1047E00000D018B184F804A0A4F802A007EB0800D8
:1047F00087B20A346D1EADB2D5D2C3E705EB850C86
:1048000000EB4C00188032200880002ABAD0A8F1B2
:10481000050000F0FF09558137E000977088434696
:1048200001AA716900F0B9FE9DF80600BDF80410F8
:10483000E1802179420860F3000162F341018208BE
:1048400062F38201C20862F3C301020962F3041138
:10485000420962F34511820962F386112171C00990
:104860006071BDF80700208122460DF1090148461C
:104870000DF0BCF918B184F802A0A4F800A000E083
:1048800007E007EB080087B20A346D1EADB2C4D250
:1048900078E7A8F1020084B205FB08F000F10E0CE5
:1048A000A3F800C035230B80002AA6D0558194813F
:1048B000009783B270880E32716900F06EFE61E776
:1048C0002DE9F84F1E460A9D0C4681462AB1607AB2
:1048D00000F58070D080E089108199F80C000C27D9
:1048E0004FF000084FF00E0A0D2872D2DFE800F0FA
:1048F0009D070E1B272F374554697272720021469F
:1049000048460095FFF778FEBDE8F88F207B91467A
:10491000082802D0032800D0FFDF3780302009E0CC
:10492000A9F80A80F0E7207B9146042800D0FFDF39
:10493000378031202880B9F1000FF1D1E4E7207BE6
:104940009146042800D0FFDF37803220F2E7207B39
:104950009146022800D0FFDF37803320EAE7207B32
:104960001746022800D0FFDF3420A6F800A02880D8
:10497000002FC9D0A7F80A80C6E7207B1746042875
:1049800000D0FFDF3520A6F800A02880002FBBD084
:104990004046A7F80A8012E0207B1746052802D07F
:1049A000062800D0FFDF1020308036202880002F1E
:1049B000AAD0E0897881A7F80E80B9F80E00B881F6
:1049C000A2E7207B9146072800D0FFDF3780372001
:1049D000B0E72AE04FF0120018804FF038001700BF
:1049E000288091D0E0897881A7F80E80A7F8108000
:1049F00099F80C000A2805D00B2809D00C280DD0F6
:104A0000FFDF81E7207B0A2800D0FFDF01200AE0DA
:104A1000207B0B2800D0FFDF042004E0207B0C2843
:104A200000D0FFDF052038736EE7FFDF6CE770B55D
:104A30000C460546FCF782FE20B10078222804D2FD
:104A4000082070BD43F2020070BD052128460BF01E
:104A500035FB206008B1002070BD032070BD30B46C
:104A60004880087820F00F00C01C20F0F000903043
:104A700001F8080B1DCA81E81D0030BC03F02ABBF9
:104A80002DE9FF4784B00027824602970798904699
:104A90008946123006F043FB401D20F003060798BC
:104AA00028B907A95046FFF7C2FF002854D1B9F131
:104AB000000F05D00798017B19BB052504681BE092
:104AC00098F80000092803D00D2812D0FFDF46E037
:104AD000079903254868B0B3497B428871439142E6
:104AE00039D98AB2B3B2011D0BF06DF904460780C3
:104AF00002E0079C042508340CB1208810B1032D76
:104B000029D02CE007980121123006F03AFBADF8CD
:104B10000C00024602AB2946504604F0D8F80700C4
:104B200001D1A01C029007983A461230C8F8040040
:104B3000A8F802A003A94046029B06F02FFBD8B1BB
:104B40000A2817D200E006E0DFE800F00709141495
:104B5000100B0D141412132014E6002012E611207D
:104B600010E608200EE643F203000BE6072009E6F4
:104B70000D2007E6032005E6BDF80C002346CDE92D
:104B800000702A465046079900F017FD57B9032DCB
:104B900008D10798B3B2417B406871438AB2011DC6
:104BA0000BF025F9B9F1000FD7D0079981F80C90D7
:104BB000D3E72DE9FE4F91461A881C468A46804667
:104BC000FAB102AB494604F082F8050019D040461C
:104BD000A61C27880BF0B7FB3246072629463B4622
:104BE00000960AF0D6FF20882346CDE900504A46B9
:104BF0005146404600F0E1FC002020800120BDE845
:104C0000FE8F0020FBE710B586B01C46AAB1042336
:104C10008DF800301388ADF808305288ADF80A20BE
:104C20008A788DF80E200988ADF80C1000236A46AA
:104C30002146FFF725FF06B010BD1020FBE770B539
:104C40000D4605210BF03AFA040000D1FFDF29469A
:104C500004F11200BDE8704006F07CBA2DE9F8437B
:104C60000D468046002603F031FA044628781028C5
:104C700078D2DFE800F0773B3453313112313131F3
:104C80000831313131312879001FC0B2022801D0FA
:104C9000102810D114BBFFDF35E004B9FFDF052178
:104CA00040460BF00BFA007B032806D004280BD0FB
:104CB000072828D0FFDF072655E02879801FC0B2DB
:104CC000022820D050B1F6E72879401FC0B2022850
:104CD00019D0102817D0EEE704B9FFDF13E004B9AC
:104CE000FFDF287901280ED1172137E00521404642
:104CF0000BF0E4F9070000D1FFDF07F11201404695
:104D000006F005FA2CB12A4621464046FFF7A7FED9
:104D100029E013214046FDF743FD24E004B9FFDFFD
:104D2000052140460BF0CAF9060000D1FFDF6946B5
:104D300006F1120006F0F5F9060000D0FFDFA988A1
:104D4000172901D2172200E00A46BDF8000082426E
:104D500002D9014602E005E01729C5D3404600F01C
:104D60003CFCD0E7FFDF3046BDE8F883401D20F073
:104D7000030219B102FB01F0001D00E00020104405
:104D8000704713B5009848B1002468460AF0C5FF83
:104D9000002C02D1F74A009911601CBD01240020AB
:104DA000F4E72DE9F0470C46154624220021204661
:104DB00008F0E9FA05B9FFDFA87860732888DFF802
:104DC000B4A3401D20F00301AF788946DAF8000053
:104DD0000AF0C1FF060000D1FFDF4FF00008266097
:104DE000A6F8008077B109FB07F1091D0AD0DAF8AF
:104DF00000000AF0B0FF060000D1FFDF6660C6F8D1
:104E0000008001E0C4F80480298804F11200BDE8A4
:104E1000F04706F06DB92DE9F047804601F1120028
:104E20000D46814606F07BF9401DD24F20F003026B
:104E30006E7B1446296838680AF0B8FF3EB104FB5F
:104E400006F2121D03D0696838680AF0AFFF05202A
:104E50000BF0E0F8044605200BF0E4F8201A0128D6
:104E600002D138680AF06CFF49464046BDE8F04779
:104E700006F054B970B5054605210BF01FF9040082
:104E800000D1FFDF04F112012846BDE8704006F0B2
:104E90003EB92DE9F04F91B04FF0000BADF834B0B2
:104EA000ADF804B047880C460546924605213846C1
:104EB0000BF004F9060000D1FFDF24B1A780A4F8AD
:104EC00006B0A4F808B0297809220B20B2EB111F14
:104ED0007ED12A7A04F1100138274FF00C084FF0E8
:104EE00001090391102A74D2DFE802F073F3F2F1A2
:104EF0008008D3898EA03DDCF4EFB7B7307B022861
:104F000000D0FFDFA88908EBC001ADF80410302104
:104F1000ADF83410002C25D06081B5F80E90002734
:104F20001DE004EBC708317C88F80E10F189A8F861
:104F30000C10CDF800906888042304AA296900F0B9
:104F40002CFBBDF81010A8F8101009F10400BDF8F2
:104F500012107F1C1FFA80F9A8F81210BFB26089E6
:104F6000B842DED80EE1307B022800D0FFDFE989AD
:104F700008EBC100ADF804003020ADF83400287B08
:104F80000A90001FC0B20F90002CEBD06181B5F8E1
:104F90001090002726E000BFCDF80090688869696E
:104FA00003AA0A9B00F0F9FA0A9804EBC7084844E0
:104FB0001FFA80F908F10C0204A90F980CF016FEF4
:104FC00018B188F80EB0A8F80CB0BDF80C1001E0CC
:104FD000D4E0D1E0A8F81010BDF80E107F1CA8F89E
:104FE0001210BFB26089B842D6D8CBE00DA80090AD
:104FF00001AB224629463046FFF719FBC2E0307B61
:10500000082805D0FFDF03E0307B082800D0FFDF51
:10501000E8891030ADF804003620ADF83400002CDB
:105020003FD0A9896181F189A18127E0307B0928DE
:1050300000D0FFDFA88900F10C01ADF80410372182
:10504000ADF83410002C2CD06081E8890090AB8939
:10505000688804F10C02296956E0E889392110308A
:1050600080B2ADF80400ADF83410002C74D0A989DA
:105070006181287A0E280AD002212173E989E18111
:10508000288A0090EB8968886969039A3CE00121CD
:10509000F3E70DA8009001AB224629463046FFF702
:1050A00057FB6FE0307B0A2800D0FFDF1220ADF8FD
:1050B0000400ADF834704CB3A9896181A4F810B034
:1050C000A4F80EB084F80C905CE020E002E031E03F
:1050D00039E042E0307B0B2800D0FFDF288AADF8B2
:1050E00034701230ADF8040084B104212173A98911
:1050F0006181E989E181298A2182688A00902B8A6D
:10510000688804F11202696900F047FA3AE0307BDE
:105110000C2800D0FFDF1220ADF80400ADF8347089
:105120003CB305212173A4F80AB0A4F80EB0A4F88A
:1051300010B027E00DA8009001AB2246294630466A
:10514000FFF75AFA1EE00DA8009001AB224629464F
:105150003046FFF7B5FB15E034E03B21ADF8040025
:10516000ADF8341074B3A4F80690A4F808B084F82D
:105170000AB007E010000020FFDF03E0297A0129D0
:1051800017D0FFDFBDF80400AAF800006CB1BDF82D
:1051900034002080BDF804006080BDF83400392858
:1051A00003D03C2801D086F80CB011B00020BDE837
:1051B000F08F3C21ADF80400ADF8341014B1697AD9
:1051C000A172DFE7AAF80000EFE72DE9F84356885F
:1051D0000F4680461546052130460AF06FFF040051
:1051E00000D1FFDF123400943B46414630466A68E6
:1051F00006F008F9B8E570B50D4605210AF05EFF26
:10520000040000D1FFDF294604F11200BDE8704020
:1052100005F092BF70B50D4605210AF04FFF04005E
:1052200000D1FFDF294604F11200BDE8704005F00F
:10523000B0BF70B5054605210AF040FF040000D15B
:10524000FFDF04F1080321462846BDE87040042230
:10525000AFE470B5054605210AF030FF040000D127
:10526000FFDF214628462368BDE870400522A0E400
:1052700070B5064605210AF021FF040000D1FFDFCA
:1052800004F1120005F04BFF401D20F0030511E072
:10529000011D00880322431821463046FFF789FC90
:1052A00000280BD0607BABB2684382B26068011DFE
:1052B0000AF0D3FD606841880029E9D170BD70B55E
:1052C0000E46054602F002FF040000D1FFDF012078
:1052D000207266726580207820F00F00C01C20F0DC
:1052E000F00030302070BDE8704002F0F3BE2DE9D0
:1052F000F0438BB00D461446814606A9FFF797FB95
:10530000002814D14FF6FF7601274FF420588CB1B6
:1053100003208DF800001020ADF8100007A80590BC
:1053200007AA204604A90CF080FC78B107200BB036
:10533000BDE8F0830820ADF808508DF80E708DF8A8
:105340000000ADF80A60ADF80C800CE00698A1787A
:1053500001742188C1818DF80E70ADF80850ADF848
:105360000C80ADF80A606A4602214846069BFFF7AA
:1053700087FBDCE708B501228DF8022042F6020225
:10538000ADF800200A4603236946FFF73CFC08BD40
:1053900008B501228DF8022042F60302ADF8002084
:1053A0000A4604236946FFF72EFC08BD00B587B006
:1053B00079B102228DF800200A88ADF808204988CA
:1053C000ADF80A1000236A460521FFF759FB07B024
:1053D00000BD1020FBE709B1072314E40720704744
:1053E00070B588B00D461446064606A9FFF71FFBA8
:1053F00000280ED17CB10620ADF808508DF80000D1
:10540000ADF80A40069B6A460821DC813046FFF76A
:1054100037FB08B070BD05208DF80000ADF80850CE
:10542000F0E700B587B059B107238DF80030ADF82B
:105430000820039100236A460921FFF721FBC6E7F4
:105440001020C4E770B588B00C460646002506A9B2
:10545000FFF7EDFA0028DCD106980121123005F0A3
:1054600090FE9CB12178062921D2DFE801F02005C9
:1054700005160318801E80B2C01EE28880B20AB1F1
:10548000A3681BB1824203D90C20C2E71020C0E7F9
:10549000042904D0A08850B901E00620B9E7012909
:1054A00013D0022905D004291CD005292AD00720B1
:1054B000AFE709208DF800006088ADF80800E088AB
:1054C000ADF80A00A068039023E00A208DF80000E0
:1054D0006088ADF80800E088ADF80A00A0680A25E9
:1054E000039016E00B208DF800006088ADF80800EE
:1054F000A088ADF80A00E088ADF80C00A0680B2584
:10550000049006E00C208DF8000060788DF808000B
:105510000C256A4629463046069BFFF7B1FA78E724
:1055200000B587B00D228DF80020ADF808100023DB
:105530006A461946FFF7A4FA49E700B587B071B18A
:1055400002228DF800200A88ADF808204988ADF8BD
:105550000A1000236A460621FFF792FA37E7102067
:1055600035E770B586B0064601200D46ADF8081047
:105570008DF80000014600236A463046FFF780FAA6
:10558000040008D12946304601F006FB00213046D0
:1055900001F020FB204606B070BDF8B51C4615464C
:1055A0000E46069F0AF0BDFE2346FF1DBCB23146E3
:1055B0002A4600940AF0B9FAF8BD30B41146DDE984
:1055C00002423CB1032903D0002330BC04F013BCD9
:1055D0000123FAE71A8030BC704770B50C460546C7
:1055E000FFF72DFB2146284601F0E5FA2846BDE8E5
:1055F0007040012101F0EEBA18B18178012938D14B
:1056000001E010207047018842F60112881A914289
:1056100031D018DC42F60102A1EB020091422AD0FF
:105620000CDC41B3B1F5C05F25D06FF4C050081851
:1056300021D0A0F57060FF381BD11CE001281AD0E2
:1056400002280AD117E0B0F5807F14D008DC0128C9
:1056500011D002280FD003280DD0FF2809D10AE06D
:10566000B0F5817F07D0A0F58070033803D0012802
:1056700001D0002070470F2070470A281FD008DC97
:105680000A2818D2DFE800F0191B1F1F171F231D5F
:105690001F21102815D008DC0B2812D00C2810D0A0
:1056A0000D2816D00F2806D10DE011280BD0842824
:1056B0000BD087280FD003207047002070470520AB
:1056C0007047072070470F2070470420704706205E
:1056D00070470C20704743F20200704738B50C4603
:1056E000050041D06946FEF7D7FA002819D19DF888
:1056F0000010607861F3020060706946681CFEF774
:10570000CBFA00280DD19DF80010607861F3C50038
:105710006070A978C1F34101012903D0022905D0A5
:10572000072038BD217821F0200102E0217841F0E6
:1057300020012170410704D0A978C90861F38610BF
:105740006070607810F0380F07D0A978090961F30C
:10575000C710607010F0380F02D16078400603D592
:10576000207840F040002070002038BD70B504461D
:105770000020088015466068FFF7B0FF002816D1AA
:105780002089A189884211D860688078C0070AD032
:10579000B1F5007F0AD840F20120B1FBF0F200FB26
:1057A0001210288007E0B1F5FF7F01D90C2070BDF1
:1057B00001F201212980002070BD10B50478137812
:1057C00064F3000313700478640864F341031370F6
:1057D0000478A40864F3820313700478E40864F383
:1057E000C30313700478240964F30413137004785A
:1057F000640964F3451313700078800960F386131D
:10580000137031B10878C10701D1800701D501209B
:1058100000E0002060F3C713137010BD42785307F7
:1058200002D002F0070306E012F0380F02D0C2F3F4
:10583000C20300E001234A7863F302024A70407811
:1058400010F0380F02D0C0F3C20005E0430702D0C9
:1058500000F0070000E0012060F3C5024A707047C5
:105860002DE9F04F95B00D00824613D01222002191
:10587000284607F088FD4FF6FF7B05AA0121584610
:1058800007F049FB0024264637464FF420586FF4B2
:10589000205972E0102015B0BDE8F08F9DF81E0071
:1058A00001280AD1BDF81C1041450BD011EB0900AD
:1058B0000AD001280CD002280CD0042C0ED0052CC4
:1058C0000FD10DE0012400E00224BDF81A6008E0C9
:1058D000032406E00424BDF81A7002E0052400E069
:1058E0000624BDF81A10514547D12C74BEB34FF0B1
:1058F000000810AA4FF0070ACDE90282CDE900A8FE
:105900000DF13C091023CDF810904246314658461F
:1059100007F0D1FB08BBBDF83C002A46C0B210A975
:105920000CF064F9C8B9AE81CFB1CDE900A80DF192
:10593000080C0AAE40468CE8410213230022394687
:10594000584607F0B8FB40B9BDF83C00F11CC01E3A
:10595000C0B22A1D0CF04AF910B103209BE70AE0FF
:10596000BDF82900E881062C05D19DF81E00A8721B
:10597000BDF81C00288100208DE705A807F0D7FAA4
:1059800000288BD0FFF779FE85E72DE9F0471C460C
:10599000DDE90978DDF8209015460E00824600D139
:1059A000FFDF0CB1208818B1D5B11120BDE8F08718
:1059B000022D01D0012100E0002106F1140006F0C3
:1059C00073F9A8F8000002463B462946504603F00A
:1059D0007EF9C9F8000008B9A41C3C600020E5E786
:1059E0001320E3E7F0B41446DDE904528DB100233F
:1059F00014B1022C09D101E0012306E00D7CEE0771
:105A000003D025F0010501230D742146F0BC04F0FC
:105A1000F2B91A80F0BC70472DE9FE4F91461A8802
:105A20001C468A468046FAB102AB494603F04FF95C
:105A3000050019D04046A61C27880AF084FC32468F
:105A4000072629463B4600960AF0A3F820882346FD
:105A5000CDE900504A4651464046FFF7C3FF0020BB
:105A600020800120BDE8FE8F0020FBE72DE9F047F4
:105A700086B082460EA8904690E8B000894604AAF7
:105A800005A903A88DE807001E462A462146504670
:105A9000FFF77BFF039901B101213970002818D16C
:105AA000FA4904F1140204AB0860039805998DE8E3
:105AB000070042464946504606F0A9FCA8B109280D
:105AC00011D2DFE800F005080510100A0C0C0E00DA
:105AD000002006B06AE71120FBE70720F9E708205D
:105AE000F7E70D20F5E70320F3E7BDF81010039862
:105AF000CDE9000133462A4621465046FFF772FFA2
:105B0000E6E72DE9F04389B01646DDE910870D463A
:105B100081461C461422002103A807F034FC012012
:105B200002218DF810108DF80C008DF81170ADF871
:105B3000146064B1A278D20709D08DF81600E0880D
:105B4000ADF81A00A088ADF81800A068079008A862
:105B50000095CDE90110424603A948466B68FFF75E
:105B600085FF09B0BDE8F083F0B58BB00024064690
:105B7000069407940727089405A8099401940097B0
:105B80000294CDE903400D4610232246304607F02B
:105B900092FA78B90AA806A9019400970294CDE96F
:105BA0000310BDF8143000222946304607F021F8D2
:105BB000002801D0FFF761FD0BB0F0BD06F0B2BECA
:105BC0002DE9FC410C468046002602F07FFA05468E
:105BD00020780D287ED2DFE800F0BC0713B325BD86
:105BE00049496383AF959B00A848006820B141787C
:105BF00041F010014170ADE0404602F099FAA9E091
:105C0000042140460AF05AFA070000D1FFDF07F1ED
:105C10001401404605F0DDFFA5BB13214046FCF70B
:105C2000BFFD97E0042140460AF048FA070000D182
:105C3000FFDFE088ADF800000020B8819DF800008B
:105C4000010704D5C00602D5A088B88105E09DF8FB
:105C5000010040067ED5A088F88105B9FFDF224605
:105C60002946404601F0C0FC022673E0E188ADF809
:105C700000109DF8011009060FD5072803D006284B
:105C80000AD00AE024E0042140460AF017FA060090
:105C900000D1FFDFA088F0810226CDB9FFDF17E039
:105CA000042140460AF00AFA070000D1FFDF07F19D
:105CB000140006F06EFE90F0010F02D1E0790006AC
:105CC00048D5387C022640F00200387405B9FFDF61
:105CD000224600E03DE02946404601F085FC39E0DF
:105CE000042140460AF0EAF9017C002D01F0020689
:105CF000C1F340016171017C21F002010174E7D11F
:105D0000FFDFE5E702260121404602F043FA21E0E9
:105D1000042140460AF0D2F90546606800902089C7
:105D2000ADF8040001226946404602F054FA287C8E
:105D300020F0020028740DE0002DC9D1FFDFC7E775
:105D4000022600214046FFF765FA002DC0D1FFDF93
:105D5000BEE7FFDF3046BDE8FC813EB50C0009D050
:105D600001466B4601AA002007F02AFA20B1FFF78E
:105D700084FC3EBD10203EBD00202080A0709DF818
:105D8000050002A900F00700FDF7A2FF50B99DF839
:105D9000080020709DF8050002A9C0F3C200FDF7BD
:105DA00097FF08B103203EBD9DF8080060709DF884
:105DB0000500C109A07861F30410A0709DF80510DA
:105DC000890961F3C300A0709DF80410890601D50C
:105DD000022100E0012161F342009DF8001061F30F
:105DE0000000A07000203EBD70B5144606460D466A
:105DF00051EA040005D075B10846FBF760FA78B99E
:105E000001E0072070BD2946304607F040FA10B186
:105E1000BDE8704031E454B12046FBF750FA08B1B8
:105E2000102070BD21463046BDE8704095E7002047
:105E300070BD2DE9FC5F0C469046054600270178B1
:105E40000822007A3E46B2EB111F7DD104F10A010F
:105E500000910A31821E4FF0020A04F1080B0191F1
:105E6000092A72D2DFE802F0EDE005F528287BAAC6
:105E7000CE00688804210AF021F9060000D1FFDF76
:105E8000B08928B152270726C3E00000380200205D
:105E900051271026002C7DD06888A0800120A07199
:105EA000A88900220099FFF79FFF002873D1A889D5
:105EB0002081288AE081D1E0B5F81290072824D10A
:105EC000E87B000621D5512709F1140086B2002C89
:105ED000E1D0A88900220099FFF786FF00285AD157
:105EE0006888A08084F806A0A88920810120A0737A
:105EF000288A2082A4F81290A88A009068884B46CD
:105F0000A969019A01F04CFBA8E0502709F11200A1
:105F100086B2002C3ED0A88900225946FFF764FFC4
:105F2000002838D16888A080A889E080287A0728CE
:105F300013D002202073288AE081E87BC0096073B7
:105F4000A4F81090A88A01E085E082E000906888BB
:105F50004B4604F11202A969D4E70120EAE7B5F83B
:105F60001290512709F1140086B2002C66D068887F
:105F700004210AF0A3F883466888A080A88900223B
:105F80000099FFF731FF00286ED184F806A0A88998
:105F9000208101E052E067E00420A073288A20827B
:105FA000A4F81290A88A009068884B46A969019AC3
:105FB00001F0F6FAA989ABF80E104FE06888FBF7FC
:105FC000BDFB0746688804210AF078F8064607B941
:105FD000FFDF06B9FFDF687BC00702D05127142618
:105FE00001E0502712264CB36888A080502F06D0BD
:105FF00084F806A0287B594601F0E2FA2EE0287BBF
:10600000A11DF9E7FE49A8894989814205D1542794
:1060100006269CB16888A08020E053270BE06888A2
:10602000A080A889E08019E0688804210AF046F879
:1060300000B9FFDF55270826002CF0D1A8F8006032
:1060400011E056270726002CF8D06888A080002091
:1060500013E0FFDF02E0012808D0FFDFA8F80060AE
:106060000CB1278066800020BDE8FC9F57270726DB
:10607000002CE3D06888A080687AA071EEE7401D0C
:1060800020F0030009B14143091D01EB40007047B6
:1060900013B5DB4A00201071009848B1002468460F
:1060A00009F03BFE002C02D1D64A009911601CBDBC
:1060B00001240020F4E770B50D461446064686B06C
:1060C0005C220021284607F05EF904B9FFDFA078C2
:1060D0006874A2782188284601F09DFA0020A881E2
:1060E000E881228805F11401304605F056FD6A4624
:1060F0000121304606F00FFF1AE000BF9DF80300B3
:10610000000715D5BDF806103046FFF72DFD9DF8A8
:106110000300BDF8061040F010008DF80300BDF834
:106120000300ADF81400FF233046059A07F077F816
:10613000684606F0FCFE0028E0D006B070BD10B541
:106140000C4601F1140005F060FD0146627C20461A
:10615000BDE8104001F094BA30B50446A84891B0AB
:106160004FF6FF75C18905AA284606F0D4FE30E037
:106170009DF81E00A0422AD001282AD1BDF81C009B
:10618000B0F5205F03D042F60101884221D1002002
:1061900002AB0AAA0CA9019083E80700072000902F
:1061A000BDF81A1010230022284606F084FF38B9E3
:1061B000BDF828000BAAC0B20CA90BF017FD10B156
:1061C000032011B030BD9DF82E00A04201D1002067
:1061D000F7E705A806F0ABFE0028C9D00520F0E7D8
:1061E00070B50546042109F069FF040000D1FFDF06
:1061F00004F114010C46284605F0EBFC2146284624
:10620000BDE8704005F0ECBC70B58AB00C4606469F
:10621000FBF794FA050014D02878222827D30CB174
:10622000A08890B101208DF80C0003208DF810009B
:1062300000208DF8110054B1A088ADF81800206836
:1062400007E043F202000AB070BD0920FBE7ADF899
:10625000180005900421304609F030FF040000D1F9
:10626000FFDF04F1140005F0E6FC000701D408206C
:10627000E9E701F02BFF60B108A802210094CDE905
:10628000011095F8232003A930466368FFF7EEFB61
:10629000D9E71120D7E72DE9F04FB2F802A08346E5
:1062A00089B0154689465046FBF748FA074604214F
:1062B000504609F003FF0026044605964FF00208F9
:1062C0000696ADF81C6007B9FFDF04B9FFDF414651
:1062D000504603F0DAFE50B907AA06A905A88DE8D2
:1062E00007004246214650466368FFF74EFB44488C
:1062F00007AB0660DDE9051204F11400CDF800904B
:10630000CDE90320CDE9013197F8232059465046C5
:106310006B6805F0D9FC06000AD0022E04D0032ECB
:1063200014D0042E00D0FFDF09B03046BDE8F08F56
:10633000BDF81C000028F7D00599CDE900104246B1
:10634000214650466368FFF74DFBEDE7687840F063
:1063500008006870E8E72DE9F04F99B004464FF067
:1063600000082748ADF81C80ADF82080ADF82480E7
:10637000A0F80880ADF81480ADF81880ADF82C8036
:10638000ADF82880007916460D464746012808D00A
:10639000022806D0032804D0042802D0082019B00F
:1063A000C4E72046FAF747FF70BB2846FAF743FFD9
:1063B00050BB6068FAF78CFF30BB606848B16089F9
:1063C0002189884202D8B1F5007F01D90C20E6E787
:1063D00080460EAA06A92846FFF7C8F90028DED194
:1063E00068688078C0F34100022808D19DF8190040
:1063F00010F0380F03D02869FAF761FF20B904E0E4
:10640000380200201400002022E005A92069FFF7CF
:1064100065F90028C3D1206948B1607880079DF8EC
:10642000150000F0380001D5F0B300E0E0BB9DF8A6
:10643000140080060ED59DF8150010F0380F03D01B
:106440006068FAF73CFF18B96068FAF741FF08B1D5
:106450001020A4E70AA96069FFF740F900289ED13F
:10646000606940B19DF8290000F0070101293CD185
:1064700010F0380F39D00BA9A069FFF72FF90028C9
:106480008DD19DF8280080062FD49DF82C00800621
:106490002BD4A06950B19DF82D0000F0070101290F
:1064A00023D110F0380F00E01FE01ED0E06818B1D3
:1064B0000078D0B11C2818D20FAA611C2046FFF723
:1064C0007CF90121384661F30F2082468DF8521085
:1064D000B94642F603000F46ADF850000DF13F02F9
:1064E00018A928680BF0A1FB08B1072057E79DF811
:1064F000600015A9CDF80090C01CCDE9019100F015
:10650000FF0B00230BF20122514614A806F02EFCCB
:10651000F0BBBDF854000C90FE482A89296900920E
:10652000CDE901106B89BDF838202868069906F07E
:106530001DFC01007ED120784FF0020AC10601D473
:1065400080062BD5CDF80C90606950B90AA906A831
:10655000FFF764F99DF8290020F00700401C8DF832
:1065600029009DF8280008A940F0C8008DF82800EF
:106570008DF8527042F60210ADF8500003AACDF823
:1065800000A0CDE90121002340F2032214A800E07D
:106590001EE00A9906F0EAFB01004BD1DD484D46AA
:1065A00008385B460089ADF83D000FA8CDE90290A0
:1065B000CDF80490CDF810904FF007090022CDF8E7
:1065C0000090BDF854104FF6FF7006F012FB10B1AA
:1065D000FFF753F8E3E69DF83C00000624D5294672
:1065E000012060F30F218DF852704FF42450039571
:1065F000ADF8500062789DF80C00002362F30000B3
:106600008DF80C006278CDF800A0520862F34100CA
:106610008DF80C0003AACDE9012540F2032214A84D
:1066200006F0A4FB010005D1606888B32069A8B911
:1066300005A900E084E006A8FFF7F0F8607880077D
:1066400006D49DF8150020F038008DF8150005E0FF
:106650009DF8140040F040008DF814008DF8527041
:1066600042F60110ADF85000208940F20121B0FB44
:10667000F1F201FB1202606809ABCDF80080CDE9B0
:106680000103002314A8059906F070FB010057D1FF
:106690002078C00728D00395A06950B90BA906A897
:1066A000FFF7BCF89DF82D0020F00700401C8DF886
:1066B0002D009DF82C008DF8527040F040008DF8B0
:1066C0002C0042F60310ADF8500007A903AACDF83C
:1066D00000A0CDE90121002340F2032214A80B9968
:1066E00006F044FB01002BD1E06868B32946012085
:1066F00060F30F218DF8527042F60410ADF850008F
:10670000E068002302788DF8582040788DF8590011
:10671000E06816AA4088ADF85A00E06800798DF864
:106720005C00E068C088ADF85D00CDF80090CDE970
:1067300001254FF4027214A806F018FB010003D0E3
:106740000C9800F0C9FF2AE672480321083801714D
:1067500056B100893080BDF824007080BDF820005B
:10676000B080BDF81C00F080002018E670B501254F
:106770008AB016460B46012802D0022816D104E042
:106780008DF80E504FF4205003E08DF80E5042F675
:106790000100ADF80C005BB10024601C60F30F2415
:1067A00004AA08A918460BF040FA18B107204AE5D8
:1067B000102048E504A99DF820205648CDE9002185
:1067C000801E02900023214603A802F2012206F057
:1067D000CDFA10B1FEF751FF35E54E4808380EB13D
:1067E000C1883180057100202DE5F0B593B00746D2
:1067F00001268DF83E6041F60100ADF83C0012AA7A
:106800000FA93046FFF7B2FF002849D1414C0025BF
:10681000083CEFB31C22002102A806F0B4FD9DF84D
:1068200008008DF83E6040F020008DF8080042F628
:106830000520ADF83C000E959DF83A00119520F02A
:106840000600801C8DF83A009DF838006A4620F05A
:10685000FF008DF838009DF8390009A920F0FF00ED
:106860008DF839000420ADF82C00ADF830000EA8EA
:106870000A9011A80D900FA80990ADF82E5002A80B
:10688000FFF769FD00280BD1BDF80000608100E032
:1068900008E0BDF80400A081401CE08125710020C3
:1068A00013B0F0BD6581A581BDF84800F4E72DE97E
:1068B000F74F1849A0B00024083917940A79A14667
:1068C000012A04D0022A02D0082023B02EE5CA886B
:1068D000824201D00620F8E721988A46824201D1FF
:1068E0000720F2E70120214660F30F21ADF84800B0
:1068F0004FF6FF780691ADF84A808DF86E0042F6AB
:10690000020B8DF872401CA9ADF86CB0ADF8704068
:10691000139101E040020020ADF8508012A806F06B
:1069200035FB00252E462F460DAB072212A9404607
:1069300006F02FFB78B10A285DD195B38EB3ADF880
:106940006450ADF866609DF85E008DF8144019AC97
:10695000012864D06BE09DF83A001FB3012859D19B
:10696000BDF8381059451FD118A809A901940294FF
:10697000CDE9031007200090BDF836101023002247
:10698000404606F098FBB0BBBDF86000042801D07B
:1069900006284AD1BDF82410219881423AD10F200F
:1069A00093E73AE0012835D1BDF83800B0F5205F13
:1069B00003D042F6010188422CD1BAF80600BDF896
:1069C0003610884201D1012700E0002705B19EB1B1
:1069D000219881421ED118A809AA01940294CDE9F8
:1069E0000320072000900D4610230022404606F0A9
:1069F00062FB00B902E02DE04E460BE0BDF86000FE
:106A0000022801D0102810D1C0B217AA09A90BF092
:106A1000EDF850B9BDF8369086E7052055E705A991
:106A200017A8221D0BF001F908B103204DE79DF8CE
:106A300014000023001DC2B28DF814202298009289
:106A4000CDE901401BA8069906F090F910B9022281
:106A50008AF80420FEF711FE37E710B50B46401EFA
:106A600088B084B205AA00211846FEF7A6FE0020D1
:106A70000DF1080C06AA05A901908CE80700072073
:106A800000900123002221464FF6FF7006F0B1F876
:106A90000446BDF81800012800D0FFDF2046FEF7AD
:106AA000ECFD08B010BDF0B5F74F044687B038795B
:106AB0000E46032804D0042802D0082007B0F0BDF9
:106AC00004AA03A92046FEF751FE0500F6D160682E
:106AD0008078C0F3410002280AD19DF80D0010F023
:106AE000380F05D02069FAF7EAFB08B11020E5E776
:106AF000208905AA21698DE807006389BDF8102067
:106B00002068039906F032F910B1FEF7B6FDD5E71B
:106B100016B1BDF814003080042038712846CDE746
:106B2000F8B50C0006460CD001464FF6FF75002361
:106B30006A46284606F044FB28B100BFFEF79DFDDB
:106B4000F8BD1020F8BD69462046FEF7C7FD0028B5
:106B5000F8D1A078314600F001032846009A06F0EB
:106B60005EFBEBE730B587B0144600220DF1080C50
:106B700005AD01928CE82C00072200920A460146DE
:106B800023884FF6FF7006F034F8BDF8141021800A
:106B9000FEF773FD07B030BD70B50D46042109F056
:106BA0008DFA040000D1FFDF294604F11400BDE88E
:106BB000704005F039B870B50D46042109F07EFA31
:106BC000040000D1FFDF294604F11400BDE8704045
:106BD00005F04DB870B50D46042109F06FFA0400B8
:106BE00000D1FFDF294604F11400BDE8704005F034
:106BF00065B870B50546042109F060FA040000D1BB
:106C0000FFDF214628462368BDE870400122FEF7D9
:106C100003BF70B50646042109F050FA040000D104
:106C2000FFDF04F1140004F0F0FF401D20F0030525
:106C300011E0011D00880022431821463046FEF76E
:106C4000EBFE00280BD0607CABB2684382B2A06838
:106C5000011D09F002F9A06841880029E9D170BD41
:106C600070B50546042109F029FA040000D1FFDFC0
:106C7000214628466368BDE870400222FEF7CCBE7C
:106C800070B50E46054601F021FA040000D1FFDF81
:106C90000120207266726580207820F00F00001DB0
:106CA00020F0F00040302070BDE8704001F012BAD2
:106CB00010B50446012900D0FFDF2046BDE8104092
:106CC0000121FEF7A7BA2DE9F04F97B04FF0000A67
:106CD0000C008346ADF814A0D04619D0E06830B15E
:106CE000A068A8B10188ADF81410A0F800A058461B
:106CF000FAF724FD070043F2020961D03878222810
:106D00005CD30421584609F0D9F9050005D103E008
:106D1000102017B0BDE8F08FFFDF05F1140004F07C
:106D200074FF401D20F00306A078012803D002283C
:106D300001D00720EDE7218807AA584606F0EBF8B6
:106D400030BB07A806F0F3F810BB07A806F0EFF871
:106D500048B99DF82600012805D1BDF82400A0F50A
:106D60002451023902D04FF45050D2E7E068B0B15C
:106D7000CDE902A00720009005AACDF804A0049256
:106D8000A2882188BDF81430584605F032FF10B1B2
:106D9000FEF773FCBDE7A168BDF8140008809DF8FC
:106DA0001F00C00602D543F20140B2E70B9838B18C
:106DB000A1780078012905D080071AD40820A8E717
:106DC0004846A6E7C007F9D002208DF83C00A86825
:106DD0004FF00009A0B1697C4288714391420FD9FC
:106DE0008AB2B3B2011D08F0EEFF8046A0F800A001
:106DF00006E003208DF83C00D5F800804FF0010933
:106E00009DF8200010F0380F00D1FFDF9DF8200022
:106E10001E49C0F3C200084497F8231010F8010C73
:106E2000884201D90F2074E72088ADF8400014A9EA
:106E30000095CDE90191434607220FA95846FEF778
:106E400015FE002891D19DF8500050B9A078012876
:106E500007D1687CB3B2704382B2A868011D08F004
:106E6000C6FF002055E770B5064615460C46084695
:106E7000FEF7C2FB002805D12A4621463046BDE870
:106E8000704073E470BD12E538020020F2B00100DA
:106E900070B51E4614460D0009D044B1616831B189
:106EA00038B1FC49C988814203D0072070BD102049
:106EB00070BD2068FEF7A0FB0028F9D132462146BC
:106EC0002846BDE87040FFF746BA70B515460C007D
:106ED00006D038B1EF490989814203D0072070BD3F
:106EE000102070BD2068FEF787FB0028F9D12946E5
:106EF0002046BDE87040D6E570B5064686B00D4622
:106F000014461046FAF7BDF9D0BB6068FAF7E0F90D
:106F1000B0BBA6F57F40FF3803D03046FAF70EFC31
:106F200080B128466946FEF79BFC00280CD19DF8ED
:106F300010100F2008293DD2DFE801F008060606F0
:106F4000060A0A0843F2020006B070BD0320FBE700
:106F50009DF80210012908D1BDF80010B1F5C05FFD
:106F6000F2D06FF4C052D142EED09DF80610012944
:106F70000DD1BDF80410A1F52851062907D200E073
:106F800029E0DFE801F0030304030303DCE79DF8D5
:106F90000A1001290FD1BDF80810B1F5245FD3D034
:106FA000A1F60211B1F50051CED00129CCD00229B1
:106FB00001D1C9E7FFDF606878B9002305AA294637
:106FC000304606F0FDF810B1FEF757FBBCE79DF820
:106FD0001400800601D41020B6E7618822462846B6
:106FE0006368FFF7BFFDAFE72DE9F043814687B047
:106FF000884614461046FAF744F918B1102007B035
:10700000BDE8F083002306AA4146484606F0D8F8BA
:1070100018B100BFFEF731FBF1E79DF81800C0067C
:1070200002D543F20140EAE70025072705A80195AC
:1070300000970295CDE9035062884FF6FF734146F1
:10704000484606F038F8060013D16068FAF719F9D7
:1070500060B960680195CDE90250009704952388D6
:1070600062884146484606F026F80646BDF81400F8
:1070700020803046CEE739B1864B0A889B899A42F8
:1070800002D843F2030070471DE610B586B0814C6C
:107090000423ADF81430638943B1A4898C4201D232
:1070A000914205D943F2030006B010BD0620FBE76C
:1070B000ADF81010002100910191ADF800300221CF
:1070C0008DF8021005A9029104A90391ADF81220D0
:1070D0006946FFF7F8FDE7E72DE9FC4781460D46D5
:1070E0000846FAF7A8F888BB4846FAF727FB5FEA94
:1070F00000080AD098F80000222829D30421484625
:1071000008F0DCFF070005D103E043F20200BDE810
:10711000FC87FFDF07F1140004F08DFD0646287898
:10712000012803D0022804D00720F0E7B0070FD5CC
:1071300002E016F01C0F0BD0A8792C1DC00709D057
:10714000E08838B1A068FAF776F818B11020DEE7C9
:107150000820DCE721882A780720B1F5847F35D024
:107160001EDC40F20315A1F20313A94226D00EDC67
:10717000B1F5807FCBD003DCF9B1012926D1C6E778
:10718000A1F58073013BC2D0012B1FD113E0012B6D
:10719000BDD0022B1AD0032BB9D0042B16D112E08C
:1071A000A1F20912082A11D2DFE802F00B04041040
:1071B00010101004ABE7022AA9D007E0012AA6D0DC
:1071C00004E0320700E0F206002AA0DACDB200F0B7
:1071D0007DFF50B198F82300CDE90005FA892346D8
:1071E00039464846FEF78DFC91E711208FE72DE9DF
:1071F000F04F8BB01F4615460C4683460026FAF723
:107200009DFA28B10078222805D208200BB081E52C
:1072100043F20200FAE7B80801D00720F6E7032F8F
:1072200000D100274FF6FF79CCB1022D73D3204651
:10723000FAF74EF830B904EB0508A8F10100FAF7A7
:1072400047F808B11020E1E7AD1E38F8028CAAB269
:107250002146484606F007F940455CD1ADB20D49DC
:10726000B80702D58889401C00E001201FFA80F889
:10727000F80701D08F8900E04F4605AA41465846DD
:1072800005F049FE4FF0070A4FF00009DCB3204635
:107290000BE0000038020020408810283BD8361D43
:1072A000304486B2AE4236D2A01902884245F3D3AA
:1072B00051E000BF9DF8170002074CD594B304EBD2
:1072C0000608361DB8F80230B6B2102B23D89A192A
:1072D000AA4220D8B8F8002091421CD1C0061CD583
:1072E000CDE900A90DF1080C0AAAA11948468CE8BD
:1072F0000700B8F800100022584605F07AFC20B1CB
:10730000FEF7BBF982E726E005E0B8F80200BDF819
:107310002810884201D00B2078E7B8F802003044EA
:1073200086B207E0FFE7C00604D55846FEF71CFC0E
:10733000002888D19DF81700BDF81A1020F0100021
:107340008DF81700BDF81700ADF80000FF23584670
:10735000009A05F064FF05A805F0E9FD18B9BDF82D
:107360001A10B942A6D90421584608F0A7FE040015
:1073700000D1FFDFA2895AB1CDE900A94D46002313
:1073800021465846FEF7BDFB0028BBD1A5813DE74D
:1073900000203BE72DE9FF4F8BB01E4617000D463E
:1073A0004FF0000412D0B00802D007200FB0B1E4B3
:1073B000032E00D100265DB10846F9F780FF28B9F9
:1073C0003888691E0844F9F77AFF08B11020EDE704
:1073D000C74AB00701D5D18900E00121F0074FF677
:1073E000FF7802D0D089401E00E0404686B206AA4F
:1073F0000B9805F090FD4FF000094FF0070B0DF1D1
:10740000140A38E09DF81B00000734D5CDF804902D
:10741000CDF800B0CDF80890CDE9039A434600229C
:107420000B9805F048FE60BB05B3BDF814103A8810
:1074300021442819091D8A4230D3BDF81E2020F8A6
:10744000022BBDF8142020F8022BCDE900B9CDE9BC
:107450000290CDF810A0BDF81E10BDF81430002227
:107460000B9805F028FE08B103209FE7BDF8140033
:107470002044001D84B206A805F059FD20B10A2859
:1074800006D0FEF7FAF891E7BDF81E10B142B9D95F
:1074900034B17DB13888A11C884203D20C2085E725
:1074A000052083E722462946404605F0DCFF0146D9
:1074B00028190180A41C3C80002077E710B5044601
:1074C000F9F7DFFE08B1102010BD8948C08920807F
:1074D000002010BDF0B58BB00D46064614220021E9
:1074E00003A805F050FF01208DF80C008DF8100066
:1074F00000208DF81100ADF814503046FAF71EF94F
:1075000048B10078222812D30421304608F0D6FD75
:10751000040005D103E043F202000BB0F0BDFFDF31
:1075200004F11400074604F086FB800601D408200D
:10753000F3E7207C022140F00100207409A80094A8
:10754000CDE90110072203A930466368FEF78EFAE1
:1075500020B1217C21F001012174DEE7294630466B
:10756000FDF749FE08A9384604F054FB00B1FFDFDF
:10757000BDF82040172C01D2172000E02046A84279
:1075800001D92C4602E0172C00D2172421463046A0
:10759000FFF711FB21463046FDF751FB0020BCE709
:1075A000F8B51C4615460E46069F08F0BAFE23465F
:1075B000FF1DBCB231462A46009408F0B6FAF8BD69
:1075C00070B50C4605460E220021204605F0DBFE74
:1075D000002020802DB1012D01D0FFDF70BD0620DD
:1075E00000E00520A07170BD10B5488008781346F2
:1075F00020F00F00001D20F0F00080300C460870D5
:107600001422194604F1080005F093FE00F062FD13
:107610003748046010BD2DE9F047DFF8D890491DC8
:10762000064621F0030117460C46D9F8000008F081
:1076300092FB050000D1FFDF4FF000083560A5F890
:1076400000802146D9F8000008F085FB050000D134
:10765000FFDF7560A5F800807FB104FB07F1091D0D
:107660000BD0D9F8000008F076FB040000D1FFDF52
:10767000B460C4F80080BDE8F087C6F80880FAE777
:107680002DE9F0411746491D21F00302194D064628
:1076900001681446286808F089FB2246716828684A
:1076A00008F084FB3FB104FB07F2121D03D0B16860
:1076B000286808F07BFB042008F0ACFC044604209A
:1076C00008F0B0FC201A012804D12868BDE8F04178
:1076D00008F036BBBDE8F08110B50C4605F0EAFBBA
:1076E00000B1FFDF2046BDE81040FDF7C6BF000037
:1076F00038020020140000204FF0E0214FF4004039
:10770000C1F88001BFF34F8FBFF36F8F00F021B836
:1077100010B5044600F01DF8002C09D0124A12489A
:1077200012491432124B012C03D0022C07D0FFDF78
:1077300010BD0224046011604FF0407004E0032487
:10774000046011604FF40000186010BD00B5FFDF49
:1077500000BD054800210160016005494FF06070DF
:10776000091D08607047000000F500404802002035
:1077700004F501402DE9F05FDFF850A44FF0000858
:107780008B4606469AF80940474645469AF80190C6
:1077900008E0284601F00EF8817B407811FB007765
:1077A0006D1CEDB24D45F4D19AF8090020442044F7
:1077B00020440744FF2F01D94FF013083068C01C44
:1077C00020F0030232605BEA080021D1FF48FBB2DF
:1077D000062120300CF0C8F9002408E0062C0FD256
:1077E000DFE804F005030A0A0C05F94800E0F9484F
:1077F0000CF0DAF9054604E0F748F9E7F748F7E74F
:10780000FFDFA54200D0FFDF641CE4B2062CE5D305
:10781000306800EB071030604046BDE8F09F38B597
:107820000C468288817B19B14189914200D90A4670
:107830002280C188121D90B26A4607F081FCBDF813
:107840000000032800D30320C1B2208800F0D1FF3C
:1078500038BD38B50C468288817B19B101899142C7
:1078600000D90A462280C188121D90B26A4607F0EC
:1078700067FCBDF80000022800D30220C1B22088B6
:1078800000F0B7FF401CC0B238BD2DE9FF5F824653
:107890008B46D34814460BF10302D0E90110CDE921
:1078A000021022F0030201A84421019208F035FAE7
:1078B000C64E002C02D1CB49019A8A60019901443D
:1078C0000191B57E05F1010504D1E8B20AF026F96F
:1078D00000B1FFDF019800EB0510C01C20F0030190
:1078E000019144B9727A00200870B08B80B205F023
:1078F00040F900B1FFDF0198F16908440190214689
:1079000001A8FFF737FF80460198C01C20F0030054
:107910000190717A04B1002008F0F5FA0199084449
:107920000190214601A800F06FFFA84800273D46BE
:1079300090F801900CE0284600F03CFF0646817864
:107940008088FDF713FA71786D1C00FB0177EDB2AA
:107950004D45F0D10198C01C20F00300019004B106
:1079600000203946FDF70DFA0199002708440190DF
:1079700096483D4690F801900CE0284600F01AFF2A
:107980000646C1788088FEF77AFB71786D1C00FB93
:107990000177EDB24D45F0D10198C01C20F00300F5
:1079A000019004B100203946FEF772FB01994FF0B7
:1079B00000090844019085484D4647780EE0284666
:1079C00000F0F8FE0646807B30B106F1080002F0B8
:1079D0009DF8727800FB02996D1CEDB2BD42EED1AC
:1079E0000198C01C20F00300019004B100207D49E3
:1079F0004A78494602F08EF80199084401902146E0
:107A000001A800F0B3FE0198C01D20F0070001900E
:107A1000DAF80010814204D3A0EB0B01B1F5803FEE
:107A200004DB4FF00408CAF8000004E0CAF80000C4
:107A3000B8F1000F02D0404604B0EEE674BB6A49CC
:107A40000020019A0CF0FEF9FAF77EFB5F4C207ED5
:107A50000090607E012823D0002318B300225B48E9
:107A600000210C30FBF74AF800B1FFDFE07EFEF7A3
:107A7000BCFE00B1FFDF55484FF4F67200213830EC
:107A800005F081FC51480421383080F8E91180F874
:107A9000EA11062180F8EB11032101710020CBE7E8
:107AA0000123DAE702AADAE770B5484C0646383413
:107AB000207804EB4015E078083598B9A01990F8C3
:107AC000E80100280FD0A0780F2800D3FFDF202284
:107AD0000021284605F057FC687866F302006870BC
:107AE0000120E070284670BD2DE9F04105460C46A6
:107AF00000270078052190463E46B1EB101F00D0CC
:107B0000FFDF287A50B101280ED0FFDFA8F800600F
:107B10000CB1278066800020BDE8F081012709268E
:107B200074B16888A08008E00227142644B16888F0
:107B3000A0802869E060A88A2082287B2072E5E77F
:107B4000A8F80060E7E730B5204C01200021207044
:107B50006170207260726176217621730521A182A5
:107B60001F21E182607321A121610A21A176E076C3
:107B70001C4D4FF4B060E0616868C11C21F0030146
:107B8000814200D0FFDF6868606030BD30B5154CC1
:107B90001568636810339D4202D20420136030BD23
:107BA0000A4B5D785A6802EB051210705170032081
:107BB000D080172090800120D070907000209073AA
:107BC0005878401C58706068103013E0540300204F
:107BD000A11F0000359C0000A9B000000F19010092
:107BE000F8B0010018000020000000206E52463559
:107BF000780000006060002030BD70B50646F8488F
:107C00000024457807E0204600F0D4FD0178B14219
:107C100004D0641CE4B2AC42F5D1002070BDF7B5CD
:107C2000074608780C4610B3FFF7E7FF0546A7F1B3
:107C30002006202F06D0052E19D2DFE806F00F2BE4
:107C40002B151A0000F0C2FD0DB1697800E000218B
:107C5000401AA17880B20844FF2808D8A07830B133
:107C6000A088022824D202E06088172820D20720AA
:107C7000FEBD207AE0B161881729F8D3A1881729C1
:107C8000F5D3A1790029F2D0E1790029EFD040287D
:107C900004D9ECE7242F0BD1207A48B161884FF644
:107CA000FB70814202D8A188814201D90420FEBD27
:107CB00065B9207802AA0121FFF768FF0028F6D1F4
:107CC0002078FFF79AFF050000D1FFDF052E18D2BC
:107CD000DFE806F0030B0E081100A0786870A0889A
:107CE000E8800FE06088A8800CE0A078A87009E028
:107CF000A078E87006E054F8020FA8606068E860B9
:107D000000E0FFDF0020FEBD1A2835D00DDC13286F
:107D100032D2DFE800F01B31203131272723252D17
:107D2000313129313131312F0F00302802D003DCBD
:107D30001E2821D1072070473A3809281CD2DFE8D5
:107D400000F0151B0F1B1B1B1B1B0700002070479F
:107D500043F20400704743F202007047042070476A
:107D60000D2070470F207047082070471120704782
:107D700013207047062070470320704710B5007825
:107D800000F0010007F0D2F9BDE81040BCE710B5E3
:107D9000007800F0010007F0CEF9BDE81040B3E72D
:107DA0000EB5017801F001018DF80010417801F065
:107DB00001018DF801100178C1F340018DF8021026
:107DC0004178C1F340018DF80310017889088DF8DE
:107DD0000410417889088DF8051081788DF8061017
:107DE000C1788DF8071000798DF80800684606F014
:107DF0005DFEFFF789FF0EBD2DE9F84F784CDFF8E7
:107E0000E481383400261FE0012000F048FD012005
:107E1000FFF74AFE054644214746D8F8080007F018
:107E20009AFF686000B9FFDF686806F03BFDA8B103
:107E30002846F9F7F1FD284600F036FD20B9442226
:107E40006968B86807F0B2FF94F9E9010428DBDA41
:107E5000022008F0DFF807460025A6E04422696802
:107E6000D8F8080007F0A2FFF2E7B8F80210404681
:107E7000491C89B2A8F80210B94201D300214180FF
:107E80000221B8F8020008F019F9002865D0B8F806
:107E90000200694607F0C8F8FFF736FF00B1FFDFC0
:107EA0009DF8000078B1B8F8020008F04CFA5FEADB
:107EB000000900D1FFDF484607F0CBFC18B1B8F845
:107EC000020002F0D0F8B8F8020008F02AFA5FEADF
:107ED000000900D1FFDF484607F0B3FCE8BB0321EF
:107EE000B8F8020008F0EAF85FEA000B48D1FFDFBB
:107EF00046E000BFDBF8100010B10078FF2849D041
:107F0000022000F0CCFC0220FFF7CEFD824648465E
:107F100007F0A3FDCAF8040000B9FFDFDAF8040097
:107F200007F06BFE002100900170B8F80210504677
:107F3000AAF8021001F0BAFF484607F060FE00B947
:107F4000FFDF504600F0B0FC18B99AF801000007B6
:107F500004D50099CBF8101012E024E0DBF81000F3
:107F600038B10178491C11F0FF01017008D1FFDF21
:107F700006E000221146484600F0F6FB00B9FFDF9C
:107F800094F9EA01022805DBB8F8020001F055FF78
:107F90000028AFD194F9E901042804DB484607F032
:107FA00092FE00B101266D1CEDB2BD4204D294F9DF
:107FB000EA010228BFF659AF002E7FF423AFBDE8D7
:107FC000F84F032000F06BBC10B5064CE060086869
:107FD0002061AFF2DB1002F0C8FF607010BD00003E
:107FE0005403002018000020F74800210170F748D2
:107FF0000170F7494160704770B505464FF08050F9
:108000000C46D0F8A410491C05D1D0F8A810C943DB
:108010000904090C0BD050F8A01F01F001012970D0
:10802000416821608068A080287830B970BD062141
:1080300020460BF08CFB01202870607940F0C000D6
:10804000607170BD70B54FF080540D46D4F880104B
:10805000491C0BD1D4F88410491C07D1D4F88810DE
:10806000491C03D1D4F88C10491C0CD0D4F88010D2
:108070000160D4F884104160D4F888108160D4F88D
:108080008C10C16002E010210BF061FBD4F890006D
:10809000401C0BD1D4F89400401C07D1D4F89800B0
:1080A000401C03D1D4F89C00401C09D054F8900F18
:1080B000286060686860A068A860E068E86070BDDB
:1080C0002846BDE8704010210BF041BBBE48383057
:1080D0000079E9E470B5BC4C3834E07830B32078EE
:1080E00004EB4010407A00F00700204490F9E801CA
:1080F000002800DCFFDF2078002504EB4010407AE8
:1081000000F00700011991F8E801401E81F8E8012C
:108110002078401CC0B220700F2800D12570A078B4
:10812000401CA0700BF09CF9E57070BDFFDF70BDC6
:108130003EB50546032107F0C1FF0446284608F076
:10814000F0F8054604B9FFDF206918B10078FF2870
:1081500000D1FFDF01AA6946284600F005FB60B99F
:10816000FFDF0AE0002202A9284600F0FDFA00B96C
:10817000FFDF9DF8080000B1FFDF9DF80000411E01
:108180008DF80010EED220690199884201D10020BB
:1081900020613EBD70B50546A0F57F400C46FF3816
:1081A00000D1FFDF012C01D0FFDF70BDFFF78EFF94
:1081B000040000D1FFDF207820F00F00401D20F0E8
:1081C000F000503020706580002020720120207364
:1081D000BDE870407EE72DE9F04116460D460746A2
:1081E000FFF774FF040000D1FFDF207820F00F00BC
:1081F000401D20F0F0005030207067800120207278
:1082000028682061A888A0822673BDE8F04161E754
:108210007FB5FFF7F2FC040000D1FFDF02A9204682
:10822000FFF7FDFA054603A92046FFF712FB8DF87C
:1082300000508DF80100BDF80800001DADF80200E7
:10824000BDF80C00001DADF80400E088ADF8060094
:10825000684606F053FF002800D0FFDF7FBD2DE900
:10826000F05F5A4E8146307810B10820BDE8F09F8B
:108270004846F9F706F808B11020F7E7524C207885
:1082800008B9FFF760FC647A4D4600F09FFAA042FF
:1082900007D2201AC1B22A460020FFF777FC002837
:1082A000E4D171684848C91C002721F003017160BE
:1082B000B3463E463D46BA463C4690F801800AE049
:1082C000204600F077FA4178807B0E4410FB015580
:1082D000641CE4B27F1C4445F2D10AEB870000EB3A
:1082E000C600DBF8041000EB850045185C4601224F
:1082F00029464846FFF7C9FA060013D00020FFF7C9
:108300007CFC05000CD005F11300616820F003002F
:10831000884200D0FFDF2C484178491E41706560DB
:108320003046A3E7002229464846FFF7AEFA00B1DF
:10833000FFDFD9F8000060604FF6FF706080012019
:108340002070002092E72DE9F04104461F481746AF
:108350000E46007810B10820BDE8F0810846F8F715
:108360006AFF08B11020F7E7174D287808B9FFF722
:10837000EAFB601E1E2807D8012C22D13078FE2887
:108380001FD8A8760020E7E7A4F120001F2805D811
:10839000E0B23A463146BDE8F04140E4A4F1400085
:1083A0001F2805D831462046BDE8F04100F0A2BAAA
:1083B000A4F1A0001F2804D80020A02C0AD0A12CD2
:1083C0000DD00720C8E7000054030020180000204B
:1083D00048100020317801F00101E976BCE73168EE
:1083E0000922F82901D38B0701D01046B4E76B7B33
:1083F00003F00303012B04D1EB8AD7339CB28C42E8
:10840000F3D8E961A8E72DE9F04781460E46084612
:10841000F8F737FF48B94846F8F751FF28B909F18E
:10842000030020F00301494502D01020BDE8F08789
:10843000FC484FF0000A817869B14178804600EB32
:1084400041140834378832460021204600F039FABA
:10845000050004D027E0A6F800A00520E6E7B9F162
:10846000000F24D03088B84201D90C251FE0607875
:1084700000F00705284600F012FA08EB050732461F
:1084800097F8E8014946401C87F8E801204607F5BF
:10849000F47700F016FA05463878401E387003204D
:1084A00000F0FDF92DB10C2D01D0A6F800A0284652
:1084B000BCE76078DC4E00F00701012923D00229D7
:1084C0000CD0032933D0FFDF98F801104046491C37
:1084D000C9B288F801100F2934D035E0616821B1A4
:1084E000000702D46088FFF723FE98F8EA014746A8
:1084F000012802D1707802F057FD97F9EA010428AB
:10850000E2DBFFDFE0E7616819B14422B06807F001
:108510004DFC98F8E9014746032802D1707802F033
:1085200043FD97F9E9010428CEDBFFDFCCE7C00665
:1085300002D56088FFF7FCFD98F9EB010628C3DB44
:10854000FFDFC1E780F801A08178491E8170617862
:1085500001F0070101EB080090F8E811491C80F8D0
:10856000E811A4E770B50D460446F8F764FE18B9A3
:108570002846F8F786FE08B1102070BD294620462F
:10858000BDE8704009F002BB70B5054609F021FB5B
:10859000C4B22846F8F793FE08B1102070BD35B17B
:1085A00028782C7018B1A04201D0072070BD204659
:1085B000FDF7D2FD052805D109F00FFB012801D0F8
:1085C000002070BD0F2070BD70B5044615460E46E4
:1085D0000846F8F730FE18B92846F8F752FE08B1F9
:1085E000102070BD022C03D0102C01D0092070BDCA
:1085F0002A463146204609F0F9FA0028F7D005202E
:1086000070BD70B514460D460646F8F714FE38B92D
:108610002846F8F736FE18B92046F8F750FE08B19C
:10862000102070BD22462946304609F0FEFA002887
:10863000F7D0072070BD3EB50446F8F722FE08B11A
:1086400010203EBD684606F0C0F9FFF75DFB00282C
:10865000F7D19DF806002070BDF808006080BDF8D5
:108660000A00A08000203EBD70B505460C460846B5
:10867000F8F725FE20B93CB12068F8F702FE08B1F2
:10868000102070BDA08828B121462846BDE8704062
:10869000FDF7BABD092070BD70B505460C46084609
:1086A000F8F7C9FD30B9681E1E2814D82046F8F71F
:1086B000C2FD08B1102070BD032D01D9072070BD87
:1086C00005B9FFDF594800EB850050F8041C20462F
:1086D000BDE870400847A5F120001F2805D82146B5
:1086E0002846BDE87040F9F7C1BCF02D0AD0BF2D77
:1086F000E4D1A078218800F0010001F08DFA68B182
:10870000002070BDA068F8F796FD0028D2D1204661
:1087100006F04CFDBDE87040FFF7F6BA082070BDCA
:1087200070B504460D460846F8F7ABFD30B9601E3B
:108730001E280FD82846F8F77EFD08B1102070BD1E
:10874000012C03D0022C01D0032C01D1062070BDD6
:10875000072070BDA4F120001F28F9D82946204623
:10876000BDE87040F9F7D0BC07F03AB81CB5002955
:108770001FD104F02AFE2C4800224178C06805F081
:108780001DFF29481030C0788DF8000010B1012875
:1087900002D004E0012000E000208DF800006846CF
:1087A00006F06BF9214824380068019001A806F012
:1087B000BFFA1CBD30B51B4D0446383D6878A04259
:1087C00000D8FFDF686800EB041030BD70B51548B5
:1087D000002538382C46467807E02046FFF7EAFFA8
:1087E0004078641C2844C5B2E4B2B442F5D12846AE
:1087F00070BD021D5143452900D245210844C01CCB
:10880000B0FBF2F0C0B270472DE9FC5F06460548A8
:108810004FF0000838388B464746444690F80190A0
:1088200029E000008C030020180000201CB101008A
:108830002046FFF7BFFF050000D1FFDF68786946DB
:108840003844C7B22846FEF7EAFF824601A9284607
:10885000FEF7FFFF0346BDF804005246001D81B23B
:10886000BDF80000001D80B207F0A6FC6A78641C09
:1088700000FB0288E4B24C45DAD13068C01C20F01D
:1088800003003060BBF1000F00D0002042463946A3
:1088900007F0A0FC316808443060BDE8FC9F5649F1
:1088A00008710020C87070475349CA782AB10A7805
:1088B00001EB42110831814201D0012070470020B4
:1088C00070472DE9F04106460078154600F00F0488
:1088D00000201080601E0F46052800D3FFDF4748A8
:1088E0002A4600EB8400394650F8043C3046BDE887
:1088F000F04118472DE9F0413F4E0C46383E4028E4
:1089000006D041281AD0422822D0432826D11AE086
:1089100020786578012801D913201DE5FF2D08D89E
:1089200009F0F4FA07460AF053FD381A401EA8422F
:1089300001DA122010E5208830810DE0BDE8F04119
:10894000084600F00DB80878022807D8307603E012
:108950000878022802D870760020FDE40720FBE4A6
:1089600038B50446407800F00300012803D00228FF
:108970000BD0072038BD606858B1F8F7A9FCD0B912
:108980006068F8F79CFC20B915E06068F8F753FCC4
:1089900088B969462046FBF77FF90028EAD160785C
:1089A00000F00300022808D19DF8000028B160689B
:1089B000F8F785FC08B1102038BD6189F8290ED878
:1089C000208988420BD8607800F003020A483838C2
:1089D000012A06D1D731C26989B28A4201D209205F
:1089E00038BD94E80E0000F10C0585E80E000AB9C8
:1089F00000218182002038BD8C03002004B10100D9
:108A00002DE9F041074614468846084601F024FD4A
:108A1000064608EB88001C22796802EBC0000D189E
:108A2000688C58B14146384601F025FD014678680A
:108A30000078C200082305F120000CE0E88CA8B102
:108A40004146384601F01EFD01467868082340780B
:108A5000C20005F1240007F000FA38B106212172A6
:108A60006681D0E90010C4E9031009E028780928DC
:108A70000BD00520207266816868E06000202870B5
:108A80002046BDE8F04101F0C8BC07202072668195
:108A9000F4E72DE9F04116460D460746406801EB24
:108AA00085011C2202EBC1014418204601F00CFD97
:108AB00040B10021708865F30F2160F31F4105204C
:108AC0000BF02CF909202070324629463846BDE8C3
:108AD000F04195E72DE9F0410E46074600241C21A0
:108AE000F07816E004EB8403726801EBC303D25CF8
:108AF0006AB1FFF7EBFA050000D1FFDF6F802A466D
:108B000021463046FFF7C5FF0120BDE8F081641C17
:108B1000E4B2A042E6D80020F7E770B5064600248C
:108B20001C21C0780AE000BF04EB8403726801EBEB
:108B3000C303D5182A782AB1641CE4B2A042F3D842
:108B4000402070BD28220021284604F01CFC7068DB
:108B500080892881204670BD70B5034600201C2501
:108B6000DC780CE000EB80065A6805EBC606324460
:108B7000167816B1128A8A4204D0401CC0B28442D0
:108B8000F0D8402070BDF0B5044600201C26E578E2
:108B90000EE000BF00EB8007636806EBC7073B44AD
:108BA0001F788F4202D15B78934204D0401CC0B240
:108BB0008542EFD84020F0BD0078032801D0002086
:108BC0007047012070470078022801D000207047CC
:108BD000012070470078072801D00020704701204D
:108BE00070472DE9F041064688461078F178154621
:108BF000884200D3FFDF2C781C27641CF078E4B295
:108C0000A04201D8201AC4B204EB8401706807EBBB
:108C1000C1010844017821B14146884708B12C7050
:108C200073E72878A042E8D1402028706DE770B53E
:108C300014460B880122A240134207D113430B8034
:108C400001230A22011D07F0D2F8047070BD2DE93E
:108C5000FF4F81B00878DDE90E7B9A4691460E46BB
:108C600040072CD4019807F06EFB040000D1FFDF11
:108C700007F1040820461FFA88F106F0BDFC050044
:108C800000D1FFDF204629466A4606F008FF00981B
:108C9000A0F80370A0F805A0284606F0AEFF017802
:108CA00069F306016BF3C711017020461FFA88F1C2
:108CB00006F0E5FC00B9FFDF019805F027FC06EBA4
:108CC0000900017F491C017705B0BDE8F08F2DE94F
:108CD000F84F0E469A4691460746032107F0EEF9F3
:108CE0000446008DDFF87C85002518B198F8000057
:108CF000B0421ED1384607F026FB070000D1FFDF47
:108D000009F10401384689B206F076FC050010D05E
:108D1000384629466A4606F0C2FE009800210A46F7
:108D20000180817005F067FC0098C01DCAF8000042
:108D300021E098F80000B04216D104F1260734F87B
:108D4000341F012000FA06F911EA090F00D0FFDFF5
:108D50002088012340EA090020800A22391D384674
:108D600007F060F8067006E0324604F1340104F1C1
:108D70002600FFF75CFF0A2188F800102846BDE8AE
:108D8000F88FFEB515460C46064602AB0C220621AE
:108D9000FFF79DFF002827D00299607812220A7001
:108DA000801C487008224A80A070029829880523F8
:108DB00081806988C180A9880181E9884181002575
:108DC0000C20CDE90005062221463046FFF73FFF83
:108DD0002946002266F31F41F02310460AF0F4FEF4
:108DE0006078801C60700120FEBD2DE9FE430C46BA
:108DF000804644E002AB0E2207214046FFF767FFA2
:108E0000002841D060681C2267788678BF1C06EB7A
:108E1000860102EBC10145180298142101704770C8
:108E20000A214180698A0181E98A4181A98881807A
:108E3000A9898181304601F00FFB029905230722A1
:108E4000C8806F700420287000250E20CDE9000531
:108E500021464046FFF7FBFE294666F30F2168F3E3
:108E60001F41F023002205200AF0AEFE6078FE4983
:108E7000801C607062682046921CFFF7B2FE60683A
:108E800080784028B6D10120BDE8FE83FEB50D46AE
:108E9000064638E002AB0E2207213046FFF717FFE7
:108EA000002835D068681C23C17801EB810203EBF0
:108EB000C2028418029815220270627842700A2257
:108EC0004280A2894281A2888281084601F0C4FAC8
:108ED000014602988180618AC180E18A0181A0886F
:108EE000B8B10020207000210E20CDE9000105233B
:108EF000072229463046FFF7AAFE6A68DB49284662
:108F0000D21CFFF76EFE6868C0784028C2D10120ED
:108F1000FEBD0620E6E72DE9FE430C46814644E00F
:108F2000204601F0BBFAD0B302AB08220721484625
:108F3000FFF7CDFE0028A7D060681C22657806796F
:108F4000AD1C06EB860102EBC10147180298B7F889
:108F5000108006210170457004214180304601F0E7
:108F60007BFA0146029805230722C180A0F80480FD
:108F70007D70082038700025CDE90005214648465F
:108F8000FFF765FE294666F30F2169F31F41F023C1
:108F9000002205200AF018FE6078801C607062686C
:108FA000B3492046121DFFF71CFE60680179402975
:108FB000B6D1012068E72DE9F34F83B00D4691E06B
:108FC000284601F06BFA00287ED068681C2290F8D1
:108FD00006A00AEB8A0102EBC1014418514628465B
:108FE00001F050FAA178CB0069684978CA000146BF
:108FF00004F1240006F04DFF07468188E08B4FF016
:109000000009091A8EB208B1C84607E04FF00108FE
:10901000504601F00CFA08B9B61CB6B2208BB0422B
:1090200000D80646B34602AB324607210398FFF745
:109030004EFE060007D0B8F1000F0BD0504601F0ED
:10904000F6F910B106E000203EE60299B8884FF02C
:10905000020908800196E28B3968ABEB09001FFA20
:1090600080F80A4403984E46009207F06CF9DDE957
:109070000021F61D4346009606F08BFDE08B404430
:1090800080B2E083B988884201D1012600E0002641
:10909000CDE900B6238A072229460398FFF7D7FDBA
:1090A000504601F0C4F910B9E089401EE0815EB17C
:1090B000A078401CA0706868E978427811FB02F142
:1090C000CAB20123816900E006E00E3006F08FFE8F
:1090D00080F800A00020E0836A6866492846921D57
:1090E000FFF77FFD6868817940297FF469AF01202F
:1090F000EAE570B5064648680D4614468179402970
:1091000010D104EB84011C2202EBC101084401F0E0
:10911000FCF9002806D06868294684713046BDE80D
:10912000704048E770BDFEB50C460746002645E096
:10913000204601F0B3F9D8B360681C22417901EBF5
:10914000810102EBC1014518688900B9FFDF02AB5C
:10915000082207213846FFF7BAFD002833D00299CC
:10916000607816220A70801C48700420488060686D
:10917000407901F071F901460298052307228180A8
:109180006989C1800820CDE9000621463846FFF7ED
:109190005EFD6078801C6070A88969890844B0F51C
:1091A000803F00D3FFDFA88969890844A8816E81C8
:1091B000626831492046521DFFF713FD606841790E
:1091C0004029B5D10120FEBD30B5438C458BC3F39A
:1091D000C704002345B1838B641EED1AC38A6D1E3C
:1091E0001D4495FBF3F3E4B22CB1008918B1A04201
:1091F00000D8204603444FF6FF70834200D3034655
:1092000013800C7030BD2DE9FC41074616460D4613
:10921000486802EB86011C2202EBC10144186A4631
:1092200001A92046FFF7D0FFA089618901448AB2D5
:10923000BDF80010914212D0081A00D500206081BC
:109240006868407940280AD1204601F054F9002886
:1092500005D06868294646713846FFF764FFBDE8C7
:10926000FC8100002C000020B98B0000C78B00009F
:10927000D58B00000BA50000F7A400002DE9FE4FE0
:109280000F46814615465088032106F017FF0190CE
:10929000B9F8020001F0D3F882460146019801F0C6
:1092A000FDF8002824D001981C2241680AEB8A00AE
:1092B00002EBC0000C18204601F006F9002817D177
:1092C000B9F80000E18A88420ED8A18961B1B8429C
:1092D0000ED100265146019801F0CDF8218C01EB0A
:1092E0000008608B30B114E0504601F0A0F8A0B344
:1092F000BDE8FE8F504601F09AF808B1678308E098
:10930000022FF5D3B9F804006083618A884224D81B
:109310000226B81B87B2B8F80400A28B801A002876
:1093200014DD874200DA38461FFA80FB68886968D6
:109330000291D8F800100A44009206F0F2FFF61DE0
:10934000009A5B460299009606F0EFFBA08B38442A
:1093500080B2A083618B884207D96888019903B0E5
:109360005246BDE8F04F01F0EDB81FD14FF00900B3
:109370002872B9F802006881D8E90010C5E9041024
:10938000608BA881284601F048F85146019801F009
:1093900072F801460198082340680078C20004F181
:1093A000200006F05AFD0020A0836083504601F0A3
:1093B0003EF810B9A089401EA0816888019903B0C9
:1093C0000AF0FF02BDE8F04F1DE72DE9F041064627
:1093D00015460F461C461846F7F72DFF18B92068AA
:1093E000F7F74FFF08B110201AE47168688C09780C
:1093F000B0EBC10F01D3132012E43946304601F01F
:109400003AF80146706808230078C20005F1200090
:1094100006F0EDFCD4E90012C0E90012002005E4DA
:1094200010B50446032106F049FE014600F114027E
:109430002046BDE81040A4E470B50446032106F0C0
:109440003DFE054601462046FFF765FD002816D083
:1094500029462046FFF767FE002810D029462046FF
:10946000FFF714FD00280AD029462046FFF7BDFC6F
:10947000002804D029462046BDE870409BE570BD19
:109480002DE9F0410C4680461EE0E178427811FB60
:1094900002F1CAB2816901230E3006F0DEFC0778C2
:1094A00060681C22C179491EC17107EB87016068A1
:1094B00002EBC10146183946204600F0EFFF18B113
:1094C000304600F0FAFF20B16068C1790029DCD194
:1094D0008AE7FEF7FBFD050000D1FFDF0A202872B6
:1094E000384600F0B9FF68813946204600F0CAFFCF
:1094F0000146606808234078C20006F1240006F0A7
:10950000ACFCD0E90010C5E90310A5F8028028469C
:1095100000F083FFB07800B9FFDFB078401EB07074
:1095200062E770B50C460546032106F0C7FD01460B
:109530004068C2792244C2712846BDE870409FE766
:109540002DE9FE4F8246507814460F464FF0000832
:10955000002850D0012807D0022822D0FFDF206841
:10956000B8606068F860C3E602AB0E22082150467E
:10957000FFF7ADFB0028F2D00298152105230170FA
:10958000217841700A214180C0F80480C0F8088029
:10959000A0F80C80628882810E20CDE900080822A4
:1095A00021E0A678304600F057FF054606EB86011D
:1095B0002C22786802EBC1010822465A02AB114600
:1095C0005046FFF784FB0028C9D00298072101709C
:1095D000217841700421418008218580C680CDE931
:1095E000001805230A4639464FEA0A00FFF72FFB09
:1095F00087F808807CE6A678022516B1022E13D0E3
:10960000FFDF2A1D914602AB08215046FFF75FFBA2
:109610000028A4D002980121022E01702178417007
:109620004580868002D005E00625EAE7A188C18052
:10963000E1880181CDE9009805230822394650468A
:10964000D4E710B50446032106F038FD014600F1C9
:1096500008022046BDE8104072E72DE9F04F0F46A2
:10966000054687B014465088032106F027FD4FF0C9
:1096700000088DF808800646ADF80A80042F5CD3F8
:109680006A78002A59D028784FF6FF794FF01C0AE3
:10969000132815D006DC01286FD006282BD0072808
:1096A00006D16EE0142869D0152868D0162867D036
:1096B000CDF80080CDF8048068788DF8000037E0A0
:1096C000B078904239D13078010736D5062F34D1A1
:1096D00020F0080030706088414660F31F41002090
:1096E0000AF01CFB02208DF80800ADF80C90A88849
:1096F000ADF80E00F4E0082F1FD1A888EF8881464E
:1097000000F09DFE80460146304600F0C7FE18B1CD
:10971000404600F08CFE98B1FA48D0E90010CDE93F
:1097200000106878ADF804908DF80000ADF8067070
:1097300060886A463146FFF703FF07B0BDE8F08F47
:10974000716808EB88002C2202EBC000085AB8426E
:10975000F3D1EC486A46D0E90210CDE900106878F0
:109760008DF8000008F0FF058DF802506088314642
:10977000FFF7E6FE2246294623E097E025E0CEE00B
:1097800023E1082FD9D1B5F80480E88800F057FE0E
:1097900007460146304600F081FE0028CDD007EB99
:1097A000870271680AEBC2000844028A4245C4D1AC
:1097B00001780829C1D1407869788842BDD1F9B2D1
:1097C00022463046FFF765F9B7E70E2F7FF470AFFA
:1097D000E9886F898B46B5F808903046FFF7BCF9E9
:1097E000ABF14001402901D3092048E0B9F1170F3E
:1097F00001D3172F01D20B2041E040280ED000EBFF
:10980000800271680AEBC20008440178012903D183
:1098100040786978884290D00A2030E03046FFF7DF
:109820007CF940282AD000EB800372680AEBC30160
:1098300002EB0108012288F800206A7888F80120EC
:109840007168AA884989B94200D93946AD8903238C
:109850002372A282E7812182A4F80C90658200F035
:10986000FBFD6081A8F81490A8F81870A8F80E50B5
:10987000A8F810B0204600F0D0FD5EE704200521D6
:109880002172A4F80A80E081012121739D49D1E968
:109890000421CDE9002169788DF80010ADF80200AF
:1098A00060886A463146FFF74BFEE3E7062F8BD30D
:1098B000B07890421AD13078010717D520F008000F
:1098C00030706088414660F31F4100200AF026FA9C
:1098D00002208DF80800A888ADF80C00ADF80E90B5
:1098E0006088224602A9F8F785FB26E70421304666
:1098F000FFF749F905464028BFD0022083030090B6
:1099000022462946304600F0E6FD4146608865F370
:109910000F2160F31F4105200AF000FA0DE70E2F1A
:10992000ABD104213046FFF72EF981464028A4D060
:109930004146608869F30F2160F31F4105200AF05A
:10994000EDF9A88906906889009070682F89408990
:10995000B84200D938468346B5F80680A8880190F9
:10996000484600F079FD6081069818B10220009009
:10997000069B24E0B8F1170F1ED3172F1CD3042029
:10998000207200986082E781A4F810B0A4F80C80DF
:1099900009EB890271680AEBC2000D18DDE90002CB
:1099A000A5F81480A5F818B0E8812A82204600F0B6
:1099B00034FD06202870C0E601200B2300902246CB
:1099C0004946304600F087FDB7E6082F8DD1A988BB
:1099D0003046FFF7C1F80746402886D000F027FD43
:1099E00000289BD107EB870271680AEBC20008448C
:1099F000804600F069FD002890D1ED88B8F80E008F
:109A00002844B0F5803F05D360883A46314600F0DF
:109A100099FD92E6002DCED0A8F80E0060883A4657
:109A20003146FFF766FB08202072384600F014FD2F
:109A30006081A5811EE72DE9F05F0C4601281ED04C
:109A4000957992F80480567905EB85011F2202EB87
:109A5000C10121F0030B08EB060111FB05F14FF6E4
:109A6000FF7202EAC10909F1030115FB0611264F35
:109A700021F0031ABB6840B101283ED125E061689E
:109A8000E57891F800804E78DEE75946184606F0F2
:109A900062F9606000B9FFDF5A460021606803F098
:109AA00072FCE5705146B86806F055F96168486186
:109AB00000B9FFDF6068426902EB090181616068FB
:109AC00080F800806068467017E06068524641691F
:109AD000184606F06BF95A466168B86806F066F9F0
:109AE000032006F097FA0446032006F09BFA201A9A
:109AF000012802D1B86806F023F90BEB0A00BDE893
:109B0000F09F000028B101002C0000200246002137
:109B1000022090E7F7B5FF4C0A2016462070009807
:109B200060B100254FEA0D0006F0F7F80021A170A2
:109B30006670002D01D10099A160FEBD01250020B5
:109B4000F2E770B50C46154638220021204603F096
:109B50001AFC012666700A22002104F11C0003F0A1
:109B600012FC05B9FFDF297A207861F3010020702B
:109B7000A87900282DD02A4621460020FFF75BFF58
:109B800061684020E34A88706168C8706168087144
:109B900061684871616888716168288808816168B6
:109BA00068884881606886819078002811D0616853
:109BB0000620087761682888C885616828884886F3
:109BC0006068068560686988928801868186468516
:109BD000828570BDC878002802D0002201202AE7C3
:109BE000704770B50546002165F31F4100200AF05B
:109BF00095F80321284606F061FA040000D1FFDF42
:109C000021462846FEF766FF002804D0207840F061
:109C100010002070012070BD70B505460C46032071
:109C200006F0EAF908B1002070BDBA48857084805A
:109C3000012070BD2DE9FF4180460E460F0CFEF756
:109C400045FA050007D06F800321384606F036FA42
:109C5000040008D106E004B03846BDE8F041132105
:109C6000F8F79EBDFFDF5FEA080005D0B8F1050FE9
:109C700018D0FFDFBDE8FF8120782A4620F00800D9
:109C800020700020ADF8020002208DF800004FF691
:109C9000FF70ADF80400ADF8060069463846F8F7E5
:109CA000A9F9E7E7C6F3072101EB81021C236068ED
:109CB00003EBC202805C042803D008280AD0FFDF2F
:109CC000D8E7012000904FF440432A46204600F098
:109CD00002FCCFE704B02A462046BDE8F041FEF77B
:109CE000D8BE2DE9F05F05464089002790460C4616
:109CF0003E46824600F0A3FB8146287AC01E082813
:109D00006BD2DFE800F00D04192058363C4772276B
:109D10001026002C6CD0D5E90301C4E902015CE0F7
:109D200070271226002C63D00A2205F10C0104F1E1
:109D3000080003F0FEFA50E071270C26002C57D0E3
:109D4000E868A06049E0742710269CB3D5E90301B8
:109D5000C4E902016888032106F0B0F98346FEF7E2
:109D6000B5F902466888508049465846FEF748FED5
:109D700033E075270A26ECB1A88920812DE07627EB
:109D80001426BCB105F10C0004F1080307C883E8F0
:109D9000070022E07727102664B1D5E90301C4E962
:109DA00002016888032106F089F901466888FFF7F7
:109DB00067FB12E01CE073270826CCB168880321FA
:109DC00006F07CF901460078C00606D56888FEF7E3
:109DD00081FE10B96888F7F703FEA8F800602CB17F
:109DE0002780A4F806A066806888A080002086E608
:109DF000A8F80060FAE72DE9FC410C461E4617461C
:109E00008046032106F05AF905460A2C0AD2DFE8FB
:109E100004F005050505050509090907042303E004
:109E2000062301E0FFDF0023CDE900762246294624
:109E30004046FEF70CFFBDE8FC81F8B50546A0F5ED
:109E40007F40FF382BD0284606F06BFA040000D183
:109E5000FFDF204605F001FE002821D001466A46BA
:109E6000204605F01CFE00980321B0F80560284646
:109E700006F024F90446052E13D0304600F0DFFA30
:109E800005460146204600F009FB40B1606805EB3D
:109E900085013E2202EBC101405A002800D001207A
:109EA000F8BD007A0028FAD00020F8BDF8B50446C5
:109EB000408806F036FA050000D1FFDF6A462846E2
:109EC000616800F0A8FA01460098091F8BB230F8CB
:109ED000032F0280428842800188994205D1042ADA
:109EE00008D0052A20D0062A16D022461946FFF7A8
:109EF000C5F9F8BD001D0E4605460146224630460E
:109F0000FBF763F90828F4D1224629463046FCF7CE
:109F1000C2F9F8BD2C000020636864880A46011D60
:109F20002046F9F7C5FBF4E72246001DFFF795FB35
:109F3000EFE770B50D460646032106F0BFF80400B2
:109F400004D02078000704D5112070BD43F2020030
:109F500070BD2A4621463046FEF713FF18B928681F
:109F600060616868A061207840F0080020700020DF
:109F700070BD2DE9F04F0E4691B08046032106F0EA
:109F80009DF80446404606F0DEF90746002007909B
:109F900008900990ADF830000A9002900390049068
:109FA00004B9FFDF0DF10809FFB9FFDF1DE03846F6
:109FB0000BA9002205F014FC9DF82C0000F07F0591
:109FC0000A2D00D3FFDF6019017F491E01779DF83C
:109FD0002C00000609D52A460CA907A8FEF727FE83
:109FE00019F80510491C09F80510761EF6B2DED2E4
:109FF00004F13400F84D04F1260BDFF8E0A304F17E
:10A000002A07069010E05846069900F08DFA064699
:10A0100028700A2800D3FFDF5AF8261040468847E8
:10A02000E08CC05DB04202D0208D0028EBD10A2028
:10A030002870EA4D4E4628350EE00CA907A800F01E
:10A0400073FA0446375D55F8240000B9FFDF55F870
:10A050002420394640469047BDF81E000028ECD128
:10A0600011B0BDE8F08F10B5032106F027F8040009
:10A0700000D1FFDF0A22002104F11C0003F083F964
:10A08000207840F00400207010BD10B50C4603216C
:10A0900006F014F82044007F002800D0012010BDF5
:10A0A0002DE9F84F894615468246032106F006F849
:10A0B000070004D02846F7F7BEF840B903E043F2A2
:10A0C0000200BDE8F88F4846F7F7DBF808B110202A
:10A0D000F7E7786828B169880089814201D90920A9
:10A0E000EFE7B9F800001C2488B100F0A8F9804619
:10A0F0000146384600F0D2F988B108EB880079684B
:10A1000004EBC000085C01280BD00820D9E73846D2
:10A11000FEF703FD8046402807D11320D1E7052034
:10A12000CFE7FDF7D3FF06000BD008EB8800796876
:10A1300004EBC0000C18B9F8000020B1E88910B198
:10A1400013E01120BDE72888172802D36888172854
:10A1500001D20720B5E7686838B12B1D2246414679
:10A160003846FFF732F90028ABD104F10C026946FA
:10A170002046FFF729F8288860826888E082B9F8CD
:10A18000000030B102202070E889A080E889A0B1E9
:10A190002BE003202070A889A0807868817840296E
:10A1A00005D180F8028039465046FEF71EFE404633
:10A1B00000F052F9A9F8000021E07868218B40896D
:10A1C000884200D908462083A6F802A004203072F5
:10A1D000B9F800007081E0897082F181208B3082B3
:10A1E000A08AB081304600F018F97868C17840291B
:10A1F00005D180F8038039465046FEF747FE00201F
:10A200005FE770B50D460646032105F057FF0400D1
:10A210000ED0284600F013F905460146204600F00E
:10A220003DF918B1284600F002F920B1052070BDB3
:10A2300043F2020070BD05EB85011C22606802EB51
:10A24000C101084400F040F908B1082070BD2A4659
:10A250002146304600F076F9002070BD2DE9F0412E
:10A260000C4617468046032105F028FF0546204688
:10A2700000F0E5F8044695B10146284600F00EF9D5
:10A2800080B104EB84011C22686802EBC10146180E
:10A29000304600F019F938B10820BDE8F08143F2EA
:10A2A0000200FAE70520F8E73B46324621462846F9
:10A2B000FFF78BF80028F0D1E2B229464046FEF7BE
:10A2C000A2FF708C0838082803D24348407800F079
:10A2D0006BFE0020E1E72DE9F0410D461746804670
:10A2E000032105F0EBFE0446284600F0A8F80646D8
:10A2F00024B13846F6F79FFF38B902E043F2020076
:10A30000CBE73868F6F797FF08B11020C5E731466C
:10A31000204600F0C3F860B106EB86011C2260689D
:10A3200002EBC1014518284600F0CEF818B108200C
:10A33000B3E70520B1E7B888A98A884201D90C2083
:10A34000ABE76168E88C4978B0EBC10F01D313200B
:10A35000A3E73146204600F095F8014660680823DF
:10A360004078C20005F1240005F041FDD7E9001254
:10A37000C0E90012F2B221464046FEF7BAFE0020C4
:10A380008BE72DE9F0470D461F4690468146032195
:10A3900005F094FE0446284600F051F806463CB10C
:10A3A0004DB13846F6F78BFF50B11020BDE8F0876D
:10A3B00043F20200FAE7606858B1A0F80C8028E088
:10A3C0003146204600F06AF818B1304600F02FF808
:10A3D00030B10520EAE700002C00002040B1010068
:10A3E00006EB86011C22606802EBC1014518284675
:10A3F00000F06AF808B10820D8E7A5F80880F2B2A2
:10A4000021464846FEF7FFFE1FB1A8896989084426
:10A4100038800020CAE705F042BB017821F00F0127
:10A42000491C21F0F00110310170FDF753BE20B935
:10A430004E48807808B101207047002070474B4992
:10A440008988884201D100207047402801D24020ED
:10A4500000E0403880B2704710B50446402800D96B
:10A46000FFDF2046FFF7E3FF10B14048808810BDB2
:10A470004034A0B210BD406842690078484302EB06
:10A48000C0007047C2784068037812FB03F243783B
:10A49000406901FB032100EBC1007047C2788A428A
:10A4A00009D9406801EB81011C2202EBC101405C2B
:10A4B00008B101207047002070470078062801D9B4
:10A4C00001207047002070470078062801D0012045
:10A4D000704700207047F0B401EB81061C274468E8
:10A4E00007EBC6063444049D05262670E3802571DB
:10A4F000F0BCFEF785BA10B5418911B1FFF7DDFF59
:10A5000008B1002010BD012010BD10B5C18C8278AB
:10A51000B1EBC20F04D9C18911B1FFF7CEFF08B169
:10A52000002010BD012010BD10B50C4601230A22E9
:10A53000011D05F092FC00782188012282409143A0
:10A54000218010BDF0B402EB82051C264C6806EB9E
:10A55000C505072363554B681C79402C03D11A713C
:10A56000F0BCFEF7D8BCF0BC704700002C00002007
:10A5700070B50B2000F0BDF9082000F0BAF90021F9
:10A580000B2000F0D4F90021082000F0D0F9F44CA1
:10A5900001256560A5600020C4F84001C4F84401AD
:10A5A000C4F848010B2000F0B5F9082000F0B2F91A
:10A5B0000B2000F091F9256070BD10B50B2000F064
:10A5C00098F9082000F095F9E54801214160816083
:10A5D000E4490A68002AFCD10021C0F84011C0F803
:10A5E0004411C0F848110B2000F094F9BDE8104068
:10A5F000082000F08FB910B50B2000F08BF9BDE8F2
:10A600001040082000F086B900B530B1012806D00E
:10A61000022806D0FFDF002000BDD34800BDD3488C
:10A6200000BDD248001D00BD70B5D1494FF00040BB
:10A630000860D04DC00BC5F80803CF480024046063
:10A64000C5F840410820C43500F053F9C5F83C4135
:10A65000CA48047070BD08B5C14A002128B101285C
:10A6600011D002281CD0FFDF08BD4FF48030C2F8A3
:10A670000803C2F84803BB483C300160C2F84011EF
:10A68000BDE80840D0E74FF40030C2F80803C2F834
:10A690004803B44840300160C2F84411B3480CE0AC
:10A6A0004FF48020C2F80803C2F84803AD48443094
:10A6B0000160C2F84811AD48001D0068009008BD57
:10A6C00070B516460D460446022800D9FFDF002269
:10A6D000A348012304F110018B4000EB8401C1F871
:10A6E000405526B1C1F84021C0F8043303E0C0F85A
:10A6F0000833C1F84021C0F8443370BD2DE9F04162
:10A700001D46144630B1012833D0022838D0FFDF6F
:10A71000BDE8F081891E002221F07F411046FFF73D
:10A72000CFFF012D23D00020944D924F0126687059
:10A730003E61914900203C3908600220091D0860F3
:10A740008D490420303908608B483D34046008206E
:10A750006C6000F0DFF83004C7F80403082000F054
:10A76000BBF88349F007091F08602E70D0E701206D
:10A77000DAE7012B02D00022012005E00122FBE7ED
:10A78000012B04D000220220BDE8F04198E701220D
:10A79000F9E774480068704770B500F0D8F8704C5D
:10A7A0000546D4F840010026012809D1D4F8080351
:10A7B000C00305D54FF48030C4F80803C4F84061E5
:10A7C000D4F8440101280CD1D4F80803800308D53B
:10A7D0004FF40030C4F80803C4F84461012008F0C5
:10A7E00014FAD4F8480101280CD1D4F80803400326
:10A7F00008D54FF48020C4F80803C4F8486102204B
:10A8000008F003FA5E48056070BD70B500F09FF86F
:10A810005A4D0446287850B1FFF706FF687818B102
:10A820000020687008F0F1F95548046070BD0320FD
:10A83000F8E74FF0E0214FF40010C1F80002704734
:10A84000152000F067B84B4901200861082000F08E
:10A8500061B848494FF47C10C1F808030020024653
:10A8600001EB8003C3F84025C3F84021401CC0B26F
:10A870000628F5D37047410A43F609525143C0F305
:10A88000080010FB02F000F5807001EB50207047CB
:10A8900010B5430B48F2376463431B0C5C020C6039
:10A8A000384C03FB0400384B4CF2F72443435B0D58
:10A8B00013FB04F404EB402000F58070401210708C
:10A8C00008681844086010BD2C4840687047294942
:10A8D0000120C1F800027047002809DB00F01F02C8
:10A8E000012191404009800000F1E020C0F80011F2
:10A8F000704700280DDB00F01F0201219140400944
:10A90000800000F1E020C0F88011BFF34F8FBFF34B
:10A910006F8F7047002809DB00F01F020121914072
:10A920004009800000F1E020C0F88012704749071C
:10A93000090E002804DB00F1E02080F800147047C5
:10A9400000F00F0000F1E02080F8141D70470C4863
:10A95000001F00680A4A0D49121D1160704700006F
:10A9600000B0004004B500404081004044B10040C8
:10A9700008F501400080004040850040380000207C
:10A9800014050240F7C2FFFF6F0C01000100000137
:10A9900010B5EFF3108000F0010472B6FC48417866
:10A9A000491C41704078012801D108F081FD002C3C
:10A9B00000D162B610BD70B5F54CA07848B901253C
:10A9C000A570FFF7E5FF08F084FD20B1002008F036
:10A9D0004EFD002070BD4FF08040E570C0F804537C
:10A9E000F7E770B5EFF3108000F0010572B6E84CA0
:10A9F000607800B9FFDF6078401E6070607808B949
:10AA000008F05AFD002D00D162B670BDE04810B5C7
:10AA1000817821B10021C1708170FFF7E2FF002031
:10AA200010BD10B5044608F054FDD9498978084096
:10AA300000D001202060002010BD10B5FFF7A8FF56
:10AA400008F047FD02220123D149540728B1D1481B
:10AA5000026023610320087202E00A72C4F8043322
:10AA60000020887110BD2DE9F84FDFF8249342785B
:10AA7000817889F80420002689F80510074689F8AE
:10AA800006600078DFF810B3354620B1012811D0F8
:10AA9000022811D0FFDF08F02EFD4FF0804498B15E
:10AAA00008F030FDB0420FD1304608F02FFD0028ED
:10AAB000FAD042E00126EEE7FFF76AFF5846016848
:10AAC000C907FCD00226E6E70120E060C4F8045183
:10AAD000B2490E600107D1F84412B04AC1F34231C5
:10AAE00024321160AD49343108604FF0020AC4F8D5
:10AAF00004A3A060AA480168C94341F3001101F111
:10AB00000108016841F01001016001E010F030F926
:10AB1000D4F804010028F9D0304608F0F7FC0028EA
:10AB2000FAD0B8F1000F04D19D48016821F010015E
:10AB30000160C4F808A3C4F8045199F805004E4612
:10AB400080B1387870B908F0C4FC804608F0CAFEBD
:10AB50006FF00042B8F1000F02D0C6E9032001E017
:10AB6000C6E90302DBF80000C00701D008F0ADFC25
:10AB7000387810B13572BDE8F88F4FF01808C4F876
:10AB800008830127A7614FF42070ADF8000000BFD3
:10AB9000BDF80000411EADF80010F9D2C4F80C5108
:10ABA000C4F810517A48C01D08F030FD3570FFF729
:10ABB00044FF67617949307920310860C4F8048323
:10ABC000D9E770B5050000D1FFDF4FF080424FF0AC
:10ABD000FF30C2F808030021C2F80011C2F80411C6
:10ABE000C2F80C11C2F81011694C617008F07DFCBC
:10ABF00010B10120A070607067480068C00701D0E4
:10AC000008F063FC2846BDE870402CE76048007AF5
:10AC1000002800D0012070472DE9F04F61484FF027
:10AC2000000A85B0D0F800B0D14657465D4A5E496B
:10AC3000083211608406D4F8080110B14FF0010801
:10AC400001E04FF0000808F0B4FC78B1D4F824011A
:10AC500000B101208246D4F81C0100B101208146D8
:10AC6000D4F8200108B1012700E00027D4F8000142
:10AC700000B101200490D4F8040100B10120039038
:10AC8000D4F80C0100B101200290D4F8100100B1F9
:10AC900001203F4D0190287800260090B8F1000F68
:10ACA00004D0C4F80861012008F0E1FBBAF1000FFC
:10ACB00004D0C4F82461092008F0D9FBB9F1000FD1
:10ACC00004D0C4F81C610A2008F0D1FB27B1C4F8F5
:10ACD00020610B2008F0CBFB2D48C01D08F09EFC26
:10ACE00000B1FFDFDFF8AC800498012780B1C4F821
:10ACF0000873E87818B1EE70002008F0B8FB287AE5
:10AD0000022805D1032028720221C8F8001027610B
:10AD1000039808B1C4F80461029850B1C4F80C61FA
:10AD2000287A032800D0FFDFC8F800602F72FFF7F1
:10AD300058FE019838B1C4F81061287A012801D171
:10AD400000F05CF86761009838B12E70287A01280D
:10AD500001D1FFF772FEFFF744FE0D48C01D08F059
:10AD600073FC1049091DC1F800B005B0BDE8F08FB3
:10AD7000074810B5C01D08F051FC0549B0B10120CD
:10AD800008704FF0E021C1F80002BDE81040FFE577
:10AD900040000020340C00400C0400401805004026
:10ADA00010ED00E01005024001000001087A0128C2
:10ADB00001D1FFF742FEBDE81040244808F044BC32
:10ADC00070B5224CE41FA07808B908F075FB01208B
:10ADD0008507A861207A0026032809D1D5F80C013F
:10ADE00020B9002008F092FB0028F7D1C5F80C61CB
:10ADF00026724FF0FF30C5F8080370BD70B5134CD4
:10AE0000E41F6079F0B1012803D0A179401E81428E
:10AE100018DA08F05EFB054608F064FD6179012947
:10AE200002D9A179491CA1710DB1216900E0E16845
:10AE3000411A022902DA11F1020F06DC0DB120617C
:10AE400000E0E060BDE87040F7E570BD470000201D
:10AE5000374901200860704770B50D2000F049F8AF
:10AE6000344C0020C4F800010125C4F804530D201F
:10AE700000F050F825604FF0E0216014C1F80001A7
:10AE800070BD10B50D2000F034F82A480121416052
:10AE90000021C0F80011BDE810400D2000F03AB8C4
:10AEA000254810B504682449244808310860214920
:10AEB000D1F80001012804D0FFDF1F48001D046005
:10AEC00010BD1B48001D00680022C0B2C1F800215F
:10AED00008F05FFCF1E710B5164800BFD0F800118C
:10AEE0000029FBD0FFF7DCFFBDE810400D2000F08B
:10AEF00011B800280DDB00F01F020121914040092C
:10AF0000800000F1E020C0F88011BFF34F8FBFF345
:10AF10006F8F7047002809DB00F01F02012191406C
:10AF20004009800000F1E020C0F880127047000066
:10AF300004D5004000D0004010050240010000018F
:10AF40004FF0E0214FF00070C1F8800101F5C071B1
:10AF5000BFF34F8FBFF36F8FC1F80001394B8022D1
:10AF600083F8002441F8800C704700B502460420A5
:10AF7000354903E001EBC0031B792BB1401EC0B281
:10AF8000F8D2FFDFFF2000BD41F8302001EBC00107
:10AF900000224A718A7101220A7100BD2A4A0021E9
:10AFA00002EBC0000171704710B50446042800D3BD
:10AFB000FFDF254800EBC4042079012800D0FFDF23
:10AFC0006079A179401CC0B2814200D060714FF01D
:10AFD000E0214FF00070C1F8000210BD70B50425EB
:10AFE000194E1A4C16E0217806EBC1000279012AAD
:10AFF00008D1427983799A4204D04279827156F815
:10B00000310080472078401CC0B22070042801D352
:10B01000002020706D1EEDB2E5D270BD0C4810B559
:10B0200004680B490B4808310860064890F8000492
:10B030004009042800D0FFDFFFF7D0FF0448001DBF
:10B04000046010BD19E000E07805002054000020E5
:10B0500010050240010000010F4A12680D498A42A2
:10B060000CD118470C4A12680A4B9A4206D101B516
:10B0700008F00AFC08F0DDFEBDE801400749096858
:10B080000958084706480749054A064B704700001B
:10B0900000000000BEBAFECA5800002004000020D4
:10B0A000B00F0020B00F002070B50C46054600F030
:10B0B00045FB21462846BDE8704001F026BC000053
:10B0C000F8B51D46DDE906470E000AD005F03BF94C
:10B0D0002346FF1DBCB231462A46009404F059FDB8
:10B0E000F8BDD0192246194602F023F92046F8BDD2
:10B0F00070B50D4604461022002102F044F9258166
:10B1000017206081A07B40F00A00A07370BD4FF64D
:10B11000FF720A800146022008F000BE70470089D5
:10B120007047827BD30701D1920703D480890880BE
:10B130000020704705207047827B920700D58181EF
:10B14000704701460020098841F6FE52114200D0A6
:10B150000120704700B50346807BC00701D0052061
:10B1600000BD59811846FFF7ECFFC00703D0987B5C
:10B1700040F004009873987B40F001009873002021
:10B1800000BD827B520700D509B140897047172066
:10B190007047827B61F3C302827370472DE9FC5FC5
:10B1A0000E46044601789646012000FA01F14DF65C
:10B1B000FF5201EA020962684FF6FF7B1188594588
:10B1C00002D10920BDE8FC9FB9F1000F05D041F67E
:10B1D000FE55294201D00120F4E741EA090111801E
:10B1E0001D0014D000232B7094F800C00521032209
:10B1F0001F464FF0020ABCF10E0F76D2DFE80CF0CA
:10B20000F909252F47646B77479193B4D1D804206F
:10B21000D8E7616820898B7B9B0767D517284AD3BD
:10B220000B89834247D38989172901D3814242D1AF
:10B2300085F800A0A5F80100328061688881606807
:10B24000817B21F002018173C6E0042028702089EF
:10B25000A5F801006089A5F803003180BCE0208AD0
:10B260003188C01D1FFA80F8414524D3062028707C
:10B270002089A5F801006089A5F80300A089A5F838
:10B2800005000721208ACDE90001636941E00CF047
:10B29000FF00082810D0082028702089A5F8010098
:10B2A0006089A5F8030031806A1D694604F10C002D
:10B2B00006F0BBFC10B15EE01020EDE730889DF891
:10B2C00000100844308087E00A2028702089A5F803
:10B2D0000100328044E00C2028702089A5F801008C
:10B2E0006089A5F8030031803AE082E064E02189BA
:10B2F000338800EB41021FFA82F843453BD3B8F193
:10B30000050F38D30E222A700BEA4101CDE9001057
:10B31000E36860882A467146FFF7D2FEA6F80080EF
:10B320005AE04020287060893188C01C1FFA80F8DC
:10B33000414520D32878714620F03F001230287014
:10B340002089A5F801006089CDE9000260882A46BD
:10B35000E368FFF7B5FEA6F80080287840063BD4E6
:10B3600061682089888037E0A0893288401D1FFAF3
:10B3700080F8424501D204273DE01620287020893C
:10B38000A5F801006089A5F80300A089CDE90001B6
:10B3900060882A4671462369FFF792FEA6F800806E
:10B3A000DEE718202870207A6870A6F800A013E065
:10B3B00061680A88920401D405271CE0C9882289A3
:10B3C000914201D0062716E01E2129703080606866
:10B3D000018821F400510180B9F1000F0BD0618880
:10B3E00078230022022008F0EFFB61682078887043
:10B3F00006E0338003276068018821EA09010180A3
:10B400003846DFE62DE9FF4F85B01746129C0D0048
:10B410001E461CD03078C10703D000F03F00192829
:10B4200001D9012100E000212046FFF7AAFEA84231
:10B430000DD32088A0F57F41FF3908D03078410630
:10B4400001D4000605D5082009B0BDE8F08F07201B
:10B45000FAE700208DF800008DF8010030786B1EAF
:10B4600000F03F0C0121A81E4FF0050A4FF0020921
:10B470004FF0030B9AB2BCF1200F75D2DFE80CF04D
:10B480008B10745E7468748C749C74B574BA74C8D0
:10B4900074D474E1747474F174EF74EE74ED748B9D
:10B4A000052D78D18DF80090A0788DF80400708873
:10B4B000ADF8060030798DF80100707800F03F009B
:10B4C0000C2829D00ADCA0F10200092863D2DFE8A9
:10B4D00000F0126215621A621D622000122824D048
:10B4E00004DC0E281BD01028DBD11BE016281FD04F
:10B4F0001828D6D11FE02078800701E02078400787
:10B50000002848DAEEE020780007F9E72078C00646
:10B51000F6E720788006F3E720784006F0E7207809
:10B520000006EDE72088C005EAE720884005E7E748
:10B5300020880005E4E72088C004E1E72078800740
:10B5400029D5032D27D18DF800B0B6F8010081E090
:10B55000217849071FD5062D1DD381B270780128A7
:10B5600003D0022817D102E0C9E0022000E0102039
:10B5700004228DF8002072788DF80420801CB1FB25
:10B58000F0F2ADF8062092B242438A4203D103970B
:10B59000ADF80890A6E079E02078000776D598B25B
:10B5A00082088DF800A0ADF80420B0EB820F6DD1B9
:10B5B0000297ADF8061095E02178C90666D5022DF0
:10B5C00064D381B206208DF80000707802285DD324
:10B5D000B1FBF0F28DF80400ADF8062092B24243C0
:10B5E0008A4253D1ADF808907BE0207880064DD593
:10B5F000072003E0207840067FD508208DF8000062
:10B60000A088ADF80400ADF80620ADF8081068E099
:10B610002078000671D50920ADF804208DF80000CF
:10B62000ADF8061002975DE02188C90565D5022DA9
:10B6300063D381B20A208DF80000707804285CD3AF
:10B64000C6E72088400558D5012D56D10B208DF82E
:10B650000000A088ADF8040044E021E026E016E0F8
:10B66000FFE72088000548D5052D46D30C208DF82E
:10B670000000A088ADF80400B6F803006D1FADF817
:10B680000850ADF80600ADF80AA02AE035E02088A1
:10B69000C00432D5012D30D10D208DF8000021E0FD
:10B6A0002088800429D4B6F80100E080A07B000740
:10B6B00023D5032D21D3307800F03F001B2818D06C
:10B6C0000F208DF80000208840F40050A4F80000FE
:10B6D000B6F80100ADF80400ED1EADF80650ADF867
:10B6E00008B0039769460598F9F7B8FA050008D03D
:10B6F00016E00E208DF80000EAE7072510E0082587
:10B700000EE0307800F03F001B2809D01D2807D03C
:10B710000220059908F002FB208800F400502080E8
:10B72000A07B400708D52046FFF70BFDC00703D1DB
:10B73000A07B20F00400A073284685E61FB50228F0
:10B7400006D101208DF8000088B26946F9F786FA23
:10B750001FBD0000F8B51D46DDE906470E000AD002
:10B7600004F0F1FD2346FF1DBCB231462A46009489
:10B7700004F00FFAF8BDD0192246194601F0D9FDA0
:10B780002046F8BD2DE9FF4F8DB09B46DDE91B57E4
:10B79000DDF87CA00C46082B05D0E06901F0FEF82E
:10B7A00050B11020D2E02888092140F010002880F4
:10B7B0008AF80010022617E0E16901208871E26929
:10B7C0004FF420519180E1698872E06942F60101ED
:10B7D0000181E069002181732888112140F0200057
:10B7E00028808AF80010042638780A900A203870D9
:10B7F0004FF0020904F118004D460C9001F0C6FB11
:10B80000B04681E0BBF1100F0ED1022D0CD0A9EB98
:10B810000800801C80B20221CDE9001005AB524621
:10B820001E990D98FFF796FFBDF816101A988142E1
:10B8300003D9F74800790F9004E003D10A9808B1C2
:10B8400038702FE04FF00201CDE900190DF1160319
:10B8500052461E990D98FFF77DFF1D980088401BEA
:10B86000801B83B2C6F1FF00984200D203461E99A6
:10B870000BA8D9B15FF00002DDF878C0CDE9032054
:10B8800009EB060189B2CDE901C10F980090BDF81E
:10B89000161000220D9801F00EFC387070B1C0B285
:10B8A000832807D0BDF8160020833AE00AEB09018F
:10B8B0008A19E1E7022011B0BDE8F08FBDF82C0035
:10B8C000811901F0FF08022D0DD09AF801204245A0
:10B8D00006D1BDF82010814207D0B8F1FF0F04D087
:10B8E0009AF801801FE08AF80180C9480068017851
:10B8F000052902D1BDF81610818009EB08001FFA56
:10B9000080F905EB080085B2DDE90C1005AB0F9A54
:10B9100001F03FFB28B91D980088411B4145BFF647
:10B9200071AF022D13D0BBF1100F0CD1A9EB0800A1
:10B93000801C81B20220CDE9000105AB52461E9960
:10B940000D98FFF707FF1D98058000203870002034
:10B95000B1E72DE9F8439C46089E13460027B26BD9
:10B960009AB3491F8CB2F18FA1F57F45FF3D05D0F9
:10B970005518AD882944891D8DB200E0002529198C
:10B98000B6F83C800831414520D82A44BCF8011063
:10B9900022F8021BBCF8031022F8021B984622F87A
:10B9A000024B914604F0BDFC4FF00C0C41464A4658
:10B9B0002346CDF800C004F0B8F8F587B16B00203D
:10B9C0002944A41D2144088003E001E0092700E088
:10B9D00083273846BDE8F88310B50B88848F9C42D6
:10B9E0000CD9846BE018048844B1848824F40044A2
:10B9F000A41D23440B801060002010BD0A2010BD40
:10BA00002DE9F0478AB00025904689468246ADF878
:10BA1000185007274BE0059806888088000446D414
:10BA2000A8F8006007A8019500970295CDE903509A
:10BA30004FF4007300223146504601F03CFB0400F5
:10BA40003CD1BDF81800ADF8200005980488818825
:10BA5000B44216D10A0414D401950295039521F439
:10BA600000410097049541F48043428821465046A6
:10BA700001F0BFF804000BD10598818841F4004122
:10BA8000818005AA08A94846FFF7A6FF0400DCD07C
:10BA90000097059802950195039504950188BDF8D6
:10BAA0001C300022504601F0A4F80A2C06D105AA49
:10BAB00006A94846FFF790FF0400ACD0ADF8185037
:10BAC00004E00598818821F40041818005AA06A937
:10BAD0004846FFF781FF0028F3D00A2C03D0204608
:10BAE0000AB0BDE8F0870020FAE710B50C46896B74
:10BAF00086B051B10C218DF80010A18FADF808105F
:10BB0000A16B01916946FAF75BF800204FF6FF71CF
:10BB1000A063E187A08706B010BD2DE9F0410D4676
:10BB20000746896B0020069E1446002911D0012B80
:10BB30000FD1324629463846FFF762FF002808D168
:10BB4000002C06D0324629463846BDE8F04100F0C8
:10BB500034BFBDE8F0812DE9FC411446DDE9087CE5
:10BB60000E46DDE90A15521DBCF800E092B296457A
:10BB700002D20720BDE8FC81ACF8002017222A7011
:10BB8000A5F80160A5F803300522CDE900423B4647
:10BB90002A46FFF7DFFD0020ECE770B50C4615469E
:10BBA00048220021204601F0EEFB04F1080044F891
:10BBB0001C0F00204FF6FF71E06161842084A58492
:10BBC0001720E08494F82A0040F00A0084F82A0044
:10BBD00070BD4FF6FF720A800146032008F09EB840
:10BBE00030B585B00C460546FFF77FFFA18E28468D
:10BBF00029B101218DF800106946F9F7E1FF002015
:10BC0000E0622063606305B030BDB0F8400070476B
:10BC10005C00002090F84620920703D440880880FA
:10BC20000020F4E70620F2E790F846209207EED5D0
:10BC3000A0F84410EBE70146002009880A0700D568
:10BC4000012011F0F00F01D040F00200CA0501D52B
:10BC500040F004008A0501D540F008004A0501D5EE
:10BC600040F010000905D2D540F02000CFE700B524
:10BC7000034690F84600C00701D0062000BDA3F897
:10BC800042101846FFF7D7FF10F03E0F05D093F88B
:10BC9000460040F0040083F8460013F8460F40F0D9
:10BCA00001001870002000BD90F84620520700D512
:10BCB00011B1B0F84200AAE71720A8E710F8462F04
:10BCC00061F3C3020270A2E72DE9FF4F9BB00E00A3
:10BCD000DDE92B34DDE92978289D24D02878C107B7
:10BCE00003D000F03F00192801D9012100E0002114
:10BCF0002046FFF7D9FFB04215D32878410600F05F
:10BD00003F010CD41E290CD0218811F47F6F0AD179
:10BD10003A8842B1A1F57F42FF3A04D001E01229EE
:10BD200001D1000602D504201FB0C5E5FA491D98CF
:10BD30004FF0000A08718DF818A08DF83CA00FAAEA
:10BD40000A60ADF81CA0ADF850A02978994601F022
:10BD50003F02701F5B1C04F1180C4FF0060E4FF0F1
:10BD6000040BCDF858C01F2A7ED2DFE802F07D7D9B
:10BD7000107D267DAC7DF47DF37DF27DF17DF47D3B
:10BD8000F07D7D7DEF7DEE7D7D7D7D7DED0094F808
:10BD90004610B5F80100890701D5032E02D08DF8B1
:10BDA00018B01EE34FF40061ADF85010608003211D
:10BDB0008DF83C10ADF84000D4E2052EEFD1B5F877
:10BDC00001002083ADF81C00B5F80310618308B1B1
:10BDD000884201D9012079E10020A07220814FF62C
:10BDE000FF702084169801F0D1F8052089F8000032
:10BDF0000220029083460AAB1D9A16991B9801F007
:10BE0000C8F890BB9DF82E00012804D0022089F8C4
:10BE10000100102003E0012089F8010002200590B4
:10BE2000002203A90BA805F000FFE8BB9DF80C0059
:10BE3000059981423DD13988801CA1EB0B018142DB
:10BE400037DB02990220CDE900010DF12A034A46B1
:10BE500041461B98FFF77EFC02980BF1020B801CF9
:10BE600081B217AA029101E09CE228E003A90BA885
:10BE700005F0DBFE02999DF80C00CDE9000117AB3F
:10BE80004A4641461B98FFF765FC9DF80C000AAB3B
:10BE90000BEB00011FFA81FB02991D9A084480B246
:10BEA000029016991B9800E003E001F072F8002858
:10BEB000B6D0BBF1020F02D0A7F800B04FE20A20C3
:10BEC0008DF818004BE200210391072EFFF467AFB5
:10BED000B5F801002083ADF81C00B5F8032062839B
:10BEE00000283FF477AF90423FF674AF0120A07274
:10BEF000B5F8050020810020A073E06900F04EFD38
:10BF000078B9E16901208871E2694FF4205191808C
:10BF1000E1698872E16942F601000881E069002167
:10BF20008173F01F20841E98606207206084169839
:10BF300001F02CF8072089F80000012004900290FD
:10BF40000020ADF82A0028E019E29FE135E1E5E0A4
:10BF500012E2A8E080E043E00298012814D0E069F2
:10BF60008079012803D1BDF82800ADF80E000498AF
:10BF700003ABCDE900B04A4641461B98FFF7EAFB08
:10BF80000498001D80B20490BDF82A00ADF80C00A2
:10BF9000ADF80E00059880B202900AAB1D9A169972
:10BFA0001B9800F0F6FF28B902983988001D05900B
:10BFB0008142D1D20298012881D0E069807901289C
:10BFC00003D1BDF82800ADF80E00049803ABCDE90D
:10BFD00000B04A4641461B98FFF7BCFB0298BDE102
:10BFE000072E02D0152E7FF4DAAEB5F801102183AA
:10BFF000ADF81C10B5F80320628300293FF4EAAEC7
:10C0000091423FF6E7AE0121A1724FF0000BA4F878
:10C0100008B084F80EB0052E07D0C0B2691DE269E1
:10C0200005F0E4FD00287FF44AAF4FF6FF7020844E
:10C0300001A906AA14A8CDF800B081E885032878E4
:10C04000214600F03F031D9A1B98FFF79BFB824699
:10C05000208BADF81C0082E10120032EC3D14021CA
:10C06000ADF85010B5F801102183ADF81C100AAAE4
:10C07000B8F1000F00D00023CDE9020304921D980F
:10C08000CDF80480009038880022401E83B21B98AF
:10C0900001F011F88DF8180090BB0B2089F8000012
:10C0A000BDF8280035E04FF0010C052E9BD1802013
:10C0B000ADF85000B5F801102183B5F803002084D5
:10C0C000ADF81C10B0F5007F03D907208DF81800DB
:10C0D00087E140F47C4222840CA8B8F1000F00D024
:10C0E0000023CDE90330CDE9018C1D9800903888FC
:10C0F000401E83B21B9800F0DEFF8DF8180018B1C7
:10C100008328A8D10220BFE00D2189F80010BDF8D6
:10C110003000401C22E100005C000020032E04D20D
:10C1200048067FF53CAE002018E1B5F80110ADF8E7
:10C130001C102878400602D58DF83CE002E007206C
:10C140008DF83C004FF000080320CDE902081E9B4B
:10C15000CDF810801D980193A6F1030B00901FFAF3
:10C160008BF342461B9800F044FD8DF818008DF8C3
:10C170003C80297849060DD52088C00506D5208B3E
:10C18000BDF81C10884201D1C4F8248040468DF8C7
:10C190001880E3E0832801D14FF0020A4FF4807049
:10C1A000ADF85000BDF81C002083A4F820B01E9804
:10C1B0006062032060841321CDE0052EFFF4EFAD13
:10C1C000B5F80110ADF81C10A28F6AB3A2F57F4339
:10C1D000FE3B29D008228DF83C2000BF4FF0000B19
:10C1E0000523CDE9023BDDF878C0CDF810B01D9AEB
:10C1F00080B2CDF804C040F400430092B5F80320AB
:10C200001B9800F0F6FC8DF83CB04FF400718DF8EF
:10C210001800ADF85010832810D0F8B1A18FA1F507
:10C220007F40FE3807D0DCE00B228DF83C204FF633
:10C23000FE72A287D2E7A4F83CB0D2E000942B466D
:10C2400031461E9A1B98FFF784FB8DF8180008B141
:10C2500083284BD1BDF81C00208353E700942B4664
:10C2600031461E9A1B98FFF774FB8DF81800E8BB47
:10C27000E18FA06B0844831D8DE888034388828882
:10C2800001881B98FFF767FC824668E095F80180FB
:10C29000022E70D15FEA080002D0B8F1010F6AD116
:10C2A00009208DF83C0007A800908DF84080434697
:10C2B000002221461B98FFF730FC8DF842004FF01A
:10C2C000000B8DF843B050B9B8F1010F12D0B8F19E
:10C2D000000F04D1A18FA1F57F40FF380AD0A08FB5
:10C2E00040B18DF83CB04FF4806000E037E0ADF82D
:10C2F00050000DE00FA91B98F9F762FC82468DF8FB
:10C300003CB04FF48060ADF85000BAF1020F06D097
:10C31000FC480068C07928B18DF8180027E0A4F81F
:10C32000188044E0BAF1000F03D081208DF8180086
:10C330003DE007A800904346012221461B98FFF7E5
:10C34000ECFB8DF8180021461B98FFF7CEFB9DF8FB
:10C35000180020B9192189F80010012038809DF8B3
:10C360003C0020B10FA91B98F9F72AFC8246BAF1CC
:10C37000000F33D01BE018E08DF818E031E0207892
:10C38000000712D5012E10D10A208DF83C00E0885C
:10C39000ADF8400003201B9907F0C0FC0820ADF861
:10C3A0005000C0E648067FF5FAAC4FF0040A20883A
:10C3B000BDF8501008432080BDF8500080050BD513
:10C3C000A18FA1F57F40FE3806D11E98E062289823
:10C3D0002063A6864FF0030A5046A5E49DF8180096
:10C3E00078B1012089F80000297889F80110BDF89A
:10C3F0001C10A9F802109DF8181089F804100520E7
:10C4000038802088BDF8501088432080E4E72DE96B
:10C41000FF4F8846087895B0012181404FF209000E
:10C42000249C0140ADF820102088DDF88890A0F50C
:10C430007F424FF0000AFF3A06D039B1000705D518
:10C44000012019B0BDE8F08F0820FAE7239E4FF0D5
:10C45000000B0EA886F800B018995D460988ADF863
:10C460003410A8498DF81CB0179A0A718DF838B0AD
:10C47000086098F8000001283BD0022809D0032862
:10C480006FD1307820F03F001D303070B8F80400D4
:10C49000E08098F800100320022904D1317821F0BF
:10C4A0003F011B31317094F84610090759D505AB8F
:10C4B000B9F1000F13D0002102AA82E80B00072077
:10C4C000CDE90009BDF83400B8F80410C01E83B2ED
:10C4D0000022159800F0EFFD0028D1D101E0F11CF9
:10C4E000EAE7B8F80400A6F80100BDF81400C01C83
:10C4F00004E198F805108DF81C1098F80400012844
:10C5000006D04FF4007A02282CD00328B8D16CE171
:10C510002188B8F8080011F40061ADF8201020D08F
:10C5200017281CD3B4F84010814218D3B4F8441033
:10C53000172901D3814212D1317821F03F01C91C62
:10C540003170A6F801000321ADF83410A4F84400BE
:10C5500094F8460020F0020084F8460065E10525C5
:10C560007EE177E1208808F1080700F4FE60ADF86D
:10C57000200010F0F00F1BD010F0C00F03D038884F
:10C58000228B9042EBD199B9B878C00710D0B96826
:10C590000720CDE902B1CDF804B00090CDF810B07D
:10C5A000FB88BA883988159800F023FB0028D6D17B
:10C5B0002398BDF82010401C80294ED006DC10299D
:10C5C0000DD020290BD0402987D124E0B1F5807F00
:10C5D0006ED051457ED0B1F5806F97D1DEE0C806B0
:10C5E00001D5082000E0102082460DA907AA0520E9
:10C5F000CDE902218DF83800ADF83CB0CDE90496C4
:10C6000008A93888CDE9000153460722214615982C
:10C61000FFF7B8F8A8E09DF81C2001214FF00A0AA6
:10C62000002A9BD105ABB9F1000F00D00020CDE965
:10C6300002100720CDE90009BDF834000493401E24
:10C6400083B2218B0022159800F035FD8DF81C0077
:10C650000B203070BDF8140020E09DF81C20012153
:10C660004FF00C0A002A22D113ABB9F1000F00D011
:10C670000020CDE902100720CDE900090493BDF8A0
:10C680003400228C401E83B2218B159800F013FDDC
:10C690008DF81C000D203070BDF84C00401CADF82A
:10C6A000340005208DF83800208BADF83C00BCE04C
:10C6B0003888218B88427FF452AF9DF81C004FF0E0
:10C6C000120A00281CD1606AA8B1B878C0073FF4EC
:10C6D00046AF00E018E0BA680720CDE902B2CDF815
:10C6E00004B00090CDF810B0FB88BA88159800F01F
:10C6F00080FA8DF81C00132030700120ADF8340052
:10C7000093E000005C0000203988208B8142D2D168
:10C710009DF81C004FF0160A0028A06B08D0E0B36B
:10C720004FF6FF7000215F46ADF808B0019027E09A
:10C7300068B1B978C907BED1E18F0DAB0844821D3D
:10C7400003968DE80C0243888288018809E0B87856
:10C75000C007BCD0BA680DAB03968DE80C02BB884D
:10C76000FA881598FFF7F7F905005ED0072D72D00B
:10C7700076E0019005AA02A92046FFF72DF90146AF
:10C78000E28FBDF80800824201D00029F1D0E08F8D
:10C79000A16B084407800198E08746E09DF81C00E3
:10C7A0004FF0180A40B1208BC8B138882083214649
:10C7B0001598FFF79AF938E004F118000090237EED
:10C7C000012221461598FFF7A8F98DF81C000028D2
:10C7D000EDD1192030700120ADF83400E7E70525D0
:10C7E00021461598FFF781F93AE0208800F400709F
:10C7F000ADF8200050452DD1A08FA0F57F41FE3926
:10C8000001D006252CE0D8F808004FF0160A48B1F0
:10C81000A063B8F80C10A1874FF6FF71E187A0F86C
:10C8200000B002E04FF6FF70A087BDF8200030F4A2
:10C830007F611AD0782300220320159907F0C4F9EC
:10C8400098F8000020712088BDF82010084320804F
:10C850000EE000E007252088BDF8201088432080E6
:10C86000208810F47F6F1CD03AE02188814321801A
:10C870009DF8380020B10EA91598F9F7A1F90546E1
:10C880009DF81C000028EBD086F801A00120307034
:10C89000208B70809DF81C0030710520ADF83400AD
:10C8A000DEE7A18EE1B118980DAB0088ADF8340039
:10C8B0002398CDE90304CDE90139206B0090E36AA8
:10C8C000179A1598FFF700FA054601208DF83800F1
:10C8D0000EA91598F9F774F900B10546A4F834B01B
:10C8E00094F8460040070AD52046FFF7A4F910F057
:10C8F0003E0F04D114F8460F20F004002070189861
:10C90000BDF83410018028469BE500B585B00328AA
:10C9100006D102208DF8000088B26946F9F750F977
:10C9200005B000BD10B5384C0B782268012B02D041
:10C93000022B2AD111E013780BB1052B01D104236E
:10C94000137023688A889A802268CB88D3802268F3
:10C950000B891381498951810DE08B88938022686E
:10C96000CB88D38022680B8913814B8953818B89B3
:10C970009381096911612168F9F722F92268002180
:10C980000228117003D0002800D0812010BD832020
:10C9900010BD806B002800D00120704781780129EC
:10C9A00009D10088B0F5205F03D042F6010188422A
:10C9B00001D10020704707207047F0B587B00024F0
:10C9C00015460E460746ADF8184011E00598008858
:10C9D000288005980194811DCDE902410721049426
:10C9E0000091838842880188384600F002F930B906
:10C9F00005AA06A93046FEF7EFFF0028E6D00A2870
:10CA000000D1002007B0F0BD5C00002010B58B788D
:10CA100083B102789A4205D10B885BB102E08B7931
:10CA2000091D4BB18B789A42F9D1B0F801300C88CE
:10CA3000A342F4D1002010BD812010BD072826D0CC
:10CA400012B1012A27D103E0497801F0070102E081
:10CA50004978C1F3C20105291DD2DFE801F00318AE
:10CA6000080C12000AB10320704702207047042806
:10CA70000DD250B10DE0052809D2801E022808D33E
:10CA800003E0062803D0032803D0052070470020C8
:10CA900070470F20704781207047C0B282060BD4C8
:10CAA000000607D5FA48807A4143C01D01EBD0004B
:10CAB00080B27047084670470020704770B51388F1
:10CAC0000B800B781C0625D5F14CA47A844204D83F
:10CAD00043F010000870002070BD956800F0070654
:10CAE00005EBD0052D78F54065F304130B70137832
:10CAF000D17803F0030341EA032140F20123B1FBA3
:10CB0000F3F503FB15119268E41D00FB012000EB17
:10CB1000D40070BD906870BD37B51446BDF80410E0
:10CB20001180117841F0040111709DF804100A067B
:10CB30001ED5D74AA368C1F30011927A824208D861
:10CB4000FE2811D1D21DD2084942184600F01BFC24
:10CB50000AE003EBD00200F00703012510789D40A6
:10CB6000A843994008431070207820F010002070EE
:10CB70003EBD2DE9F0410746C81C0E4620F00300DB
:10CB8000B04202D08620BDE8F081C14D002034467D
:10CB90002E60AF802881AA72E8801AE0E988491CDB
:10CBA000E980810614D4E17800F0030041EA002016
:10CBB00040F20121B0FBF1F201FB12012068FFF706
:10CBC0006CFF2989084480B22881381A3044A0605B
:10CBD0000C3420784107E1D40020D4E7AC4801228E
:10CBE0000189C08800EB400002EB8000084480B25D
:10CBF00070472DE9FF4F89B01646DDE9168A0F46CA
:10CC0000994623F44045084600F054FB040002D046
:10CC10002078400703D401200DB0BDE8F08F0998BB
:10CC200003F016FA02902078000606D59848817A1B
:10CC30000298814201D88720EEE7224601A9029896
:10CC4000FFF73CFF834600208DF80C004046B8F10A
:10CC5000070F1AD001222146FFF7F0FE0028DBD192
:10CC60002078400611D502208DF80C00ADF8107028
:10CC7000BDF80400ADF81200ADF814601898ADF8D6
:10CC80001650CDF81CA0ADF818005FEA094004D595
:10CC900000252E46A84601270CE02178E07801F017
:10CCA000030140EA012040F20121B0FBF1F280468D
:10CCB00001FB12875FEA494009D5B84507D1A17841
:10CCC000207901F0030140EA0120B04201D3BE42C5
:10CCD00001D90720A0E7A8191FFA80F9B94501D9A1
:10CCE0000D2099E79DF80C0028B103A90998F8F7E1
:10CCF00065FF002890D1B84507D1A0784FEA1921E7
:10CD000061F30100A07084F804901A9800B10580C6
:10CD1000199850EA0A0027D0199830B10BEB060099
:10CD20002A46199900F005FB0EE00BEB0608574662
:10CD3000189E099803F0F5FA2B46F61DB5B2394650
:10CD40004246009502F0F1FE224601A90298FFF743
:10CD5000B5FE9DF80400224620F010008DF8040076
:10CD6000DDE90110FFF7D8FE002055E72DE9FF4F60
:10CD7000DFF81C91824685B0B9F80610D9F800009A
:10CD800001EB410100EB810440F20120B2FBF0F124
:10CD9000174600FB1175DDE9138B4E4629460698B0
:10CDA000FFF77BFE0346FFF719FF1844B1880C30EC
:10CDB000884202D9842009B02FE70698C6B230060F
:10CDC00003D5B00601D50620F5E7B9F80620521CB8
:10CDD00092B2A9F80620BBF1000F01D0ABF80020F9
:10CDE000B00602D5C4F808800AE0B9F808201A4451
:10CDF00092B2A9F80820D9F80000891A0844A06066
:10CE00002246FE200699FFF787FEE77025712078FD
:10CE1000390A61F301002A0AA17840F0040062F3A4
:10CE20000101A17020709AF802006071BAF8000048
:10CE3000E08000252573300602D599F80A7000E0DD
:10CE40000127B00601D54FF000084E4600244FF0F0
:10CE500007090FE0CDE902580195CDF8009004953F
:10CE6000F1882046129B089AFFF7C3FE0028A2D142
:10CE7000641CE4B2BC42EDD300209CE700B5FFF790
:10CE8000ADFE03490C308A88904203D9842000BD4E
:10CE900098050020CA88086802EB420300EB830073
:10CEA000521C037823F004030370CA80002101732D
:10CEB0000846ECE72DE9F047804600F0FBF9070053
:10CEC00005D000264446F74D40F2012916E0012026
:10CED000BDE8F087204600F0EDF90278C17802F055
:10CEE000030241EA0222B2FBF9F309FB13210068B5
:10CEF000FFF7D3FD3044641C86B2A4B2E988601EFB
:10CF00008142E7DCA8F10100E8802889801B2881A4
:10CF100000203870DCE710B5144631B1491E21807D
:10CF200003F096F8A070002010BD012010BD70B570
:10CF30000446DC48C188036801E0401C208020884A
:10CF4000884207D200EB400213EB820202D0157830
:10CF50006D07F2D580B2884216D2AAB15079A0727C
:10CF6000D08820819178107901F0030140EA0120F6
:10CF7000A081A078E11CFFF7A1FD20612088401C62
:10CF80002080E080002070BD0A2070BD0121018258
:10CF900070472DE9FF4F85B04FF6FF798246A3F821
:10CFA000009048681E460D4680788DF80600486857
:10CFB0000088ADF8040000208DF80A00088A0C886B
:10CFC000A04200D304462C8251E03878400708D4B0
:10CFD000641C288AA4B2401C288208F10100C0B257
:10CFE00046E0288A401C2882781D6968FFF70EFDFC
:10CFF000D8BB3188494501D1601E30803188A1EB12
:10D00000080030806888A04238D3B878397900F0B9
:10D01000030041EA002801A9781DFFF7F7FC20BBB7
:10D02000298949452ED0002239460798FFF706FD89
:10D03000D8B92989414518D1E9680391B5F80AC0E2
:10D04000D7F808B05046CDF800C003F06AF9DDF813
:10D0500000C05A460CF1070C1FFA8CFC434603999A
:10D06000CDF800C002F02BFD60B1641CA4B200201A
:10D070008046204600F01EF90700A6D1641E2C82CF
:10D080000A2098E674807879B071F888B080397891
:10D09000F87801F0030140EA01207081A6F80C80C5
:10D0A000504602F0D5FF3A4606F10801FFF706FDAB
:10D0B000306100207FE62DE9FF4F87B081461C4696
:10D0C0009246DDF860B0DDF85480089800F0F2F880
:10D0D000050002D02878400702D401200BB09CE55F
:10D0E000484602F0B5FF2978090605D56D49897AC9
:10D0F000814201D88720F1E7CAF309062A4601A92F
:10D10000FFF7DCFC0746149807281CD000222946AC
:10D11000FFF794FC0028E1D12878400613D50120C0
:10D120008DF808000898ADF80C00BDF80400ADF8C3
:10D130000E00ADF81060ADF8124002A94846F8F7AD
:10D140003DFD0028CAD12978E87801F0030140EAC2
:10D150000121AA78287902F0030240EA022056450C
:10D1600007D0B1F5007F04D9611E814201DD0B209B
:10D17000B4E7864201D90720B0E7801B85B2A542FB
:10D1800000D92546BBF1000F01D0ABF8005017982D
:10D1900018B1B9192A4600F0CCF8B8F1000F0DD03B
:10D1A0003E4448464446169F03F0CDF82146FF1DF5
:10D1B000BCB232462B46009402F0EBFC00208DE717
:10D1C0002DE9F04107461D461646084600F072F864
:10D1D000040002D02078400701D40120D3E438466F
:10D1E00002F036FF2178090605D52E49897A814259
:10D1F00001D88720C7E422463146FFF75FFC65B1BE
:10D200002178E07801F0030140EA0120B0F5007FC9
:10D2100001D8012000E0002028700020B3E42DE9AF
:10D22000F04107461D461646084600F043F8040044
:10D2300002D02078400701D40120A4E4384602F04F
:10D2400007FF2178090605D51649897A814201D858
:10D25000872098E422463146FFF75EFCFF2D14D06C
:10D260002178E07801F0030240EA022040F2012236
:10D27000B0FBF2F302FB130015B900F2012080B2FB
:10D28000E070000A60F30101217000207BE410B51A
:10D290000C4600F00FF810B10178490704D40120C2
:10D2A00010BD000098050020C18821804079A07041
:10D2B0000020F5E70749CA88824209D340B10968CE
:10D2C00000EB40006FF00B0202EB80000844704757
:10D2D000002070479805002070B504460D46214691
:10D2E0002B460AB9002070BD01E0491C5B1C501E92
:10D2F000021E03D008781E78B042F6D008781E7857
:10D30000801BF0E730B50C4601462346051B9542CD
:10D3100006D202E0521E9D5C8D54002AFAD107E02D
:10D3200004E01D780D70491C5B1C521E002AF8D1C8
:10D3300030BDF0B50E460146334680EA030404F0E2
:10D340000304B4B906E002B9F0BD13F8017B01F89B
:10D35000017B521E01F00307002FF4D10C461D463D
:10D3600002E080CD80C4121F042AFAD221462B4647
:10D3700000BF04E013F8014B01F8014B521E002AD4
:10D38000F8D100BFE0E7F0B50C460146E6B204E094
:10D3900002B9F0BD01F8016B521E01F00307002F26
:10D3A000F6D10B46E5B245EA052545EA054501E01B
:10D3B00020C3121F042AFBD2194602E001F8016BB8
:10D3C000521E002AFAD100BFE3E710B506F0F7FEBF
:10D3D000FAF792F906F09CFDBDE8104006F02EBE6B
:10D3E000202801D2012070470020704701224FF011
:10D3F000A043824011B1C3F80C257047C3F808253B
:10D4000070474FF0A04101228240C1F818257047B3
:10D4100070B50346002002466FF02F050EE09C5CBD
:10D42000A4F130060A2E02D34FF0FF3070BD00EB9E
:10D43000800005EB4000521C2044D2B28A42EED359
:10D4400070BD30B50A230BE0B0FBF3F403FB14040A
:10D45000B0FBF3F08D183034521E05F8014CD2B2F7
:10D46000002AF1D130BD30B500234FF6FF7510E032
:10D47000040A44EA002084B2C85C6040C0F303148C
:10D48000604005EA00344440E0B25B1C84EA40108E
:10D490009BB29342ECD330BDF94A137882F88B30BB
:10D4A000A2F88C0082F88A10012082F8880092F895
:10D4B000640008B192F8600082F88E00704710B5E1
:10D4C0000B46114658B11846FFF7E6FFED48806855
:10D4D000008802F026FFBDE8104002F0CDBBBDE899
:10D4E00010404FF6FF70D7E770B50026044646702F
:10D4F000E44D1120207029682022A01C6831FFF71C
:10D5000018FF0121A171286800F8666F8078002853
:10D5100011D1DB48B0F86A20A0F89220AA68537BAA
:10D5200080F8943080F89010108802F0FAFEBDE880
:10D53000704002F0B0BB70BD70B5D24D296891F853
:10D5400096200024012A11D091F89020012A1CD0A5
:10D5500091F86620012A22D091F88820012A21D052
:10D5600091F8A020012A2ED0002070BD447017220F
:10D57000027051F8972FC0F802204A68C0F80620C0
:10D580000A7A827201F8014C1BE044700522027095
:10D59000D1F89220C0F8022081F8904011E0FFF706
:10D5A000A3FF0EE091F86620012AF8D044701422FF
:10D5B000027051F88A2FC0F802208A88C28001F8D0
:10D5C000024C012070BD44701A2200F8022B222266
:10D5D000A131FFF7AEFE286880F8A040F1E7A94826
:10D5E000006890F8661011B1B0F86A0070474FF605
:10D5F000FF70704770B5A34C206800B9FFDF20684A
:10D60000417811B10C25284670BD0025C422294659
:10D61000FFF7B9FE2168FF2008707F2081F83700EE
:10D6200013204884282081F86500012081F85C00DF
:10D63000002081F85F0007F0AFF906F091FCE2E707
:10D6400070B5904C0546206800B9FFDF21680020C6
:10D6500048706560FFF7CEFF002800D0FFDF70BD87
:10D66000884909680978814201D10120704700206A
:10D670007047844800B5016891F82400498CC0F3D4
:10D680008002C0F340031A4400F001001044132943
:10D6900015D004DC102909D0122904D10FE0152976
:10D6A00008D01D2904D0FFDF002000BD764903E02B
:10D6B000764800BD7449083131F8100000BD724948
:10D6C0000839F9E76F4840F271210068806A4843E1
:10D6D00070476C48006890F83600002800D00120A0
:10D6E000704710B5664C207B00F074FD40B1207D82
:10D6F00004F115010BF034FB082801D0012010BD06
:10D70000207B30B1022804D00120BDE8104007F092
:10D71000A6BC0020F9E75A490873704759490968BF
:10D7200081F83000704770B50646554890F82D00D6
:10D730000BF0A4FA050018D010210BF076FD00289C
:10D7400013D1504C012032462168C87628461C313E
:10D7500007F092FCD4E900101C310BF0BFFF6068A9
:10D76000BDE8704001210BF0C8BF70BD2DE9F0414C
:10D77000434C074694F82D000BF0FDFA064694F84A
:10D780002F0004F10E0528B126B194F82D000BF0FE
:10D7900018FAA0B194F83000002824D094F82E0094
:10D7A000002820D0607B294600F025FDA8B10BF0B1
:10D7B0008AFB3A462946BDE8F04107F05DBC0120EE
:10D7C00060733A462946304607F056FC94F82D100F
:10D7D0002846BDE8F0410BF065BB39462846BDE858
:10D7E000F04107F07EBCBDE8F08170B5254C2168A2
:10D7F000087BB0B1022814D0012048730E3107F025
:10D8000018FC2068007B00F0E5FC216881F82F00FF
:10D81000082081F82D00487B0E3100F0E3FC40B970
:10D8200001E00020E9E72168487B0E3100F0E3FCCD
:10D8300000B10120216881F82E0091F82F0018B95D
:10D8400091F82200400706D5087D15310BF088FAC3
:10D85000216881F82D0020680025456004F0ADFDA9
:10D86000216888600020FFF781FF2068C57690F866
:10D87000220040070CD5BDE87040002053E70000AF
:10D88000A405002064000020A0B101008F891300CE
:10D8900070BDFB4A1268137B0370D2F80E0008605B
:10D8A000508A8880704778B5F6490446F44D407B2D
:10D8B00008732A68207810706088ADF8000080B284
:10D8C00000F00101C0F3400341EA4301C0F38003CB
:10D8D00041EA8301C0F3C00341EAC301C0F300136E
:10D8E00041EA0311C0F3401341EA4311C0F3801031
:10D8F00041EA80105084E07D012825D0022825D0FF
:10D90000FFDF286880F85E60217B80F82410418C5E
:10D910001D291DD061688162617D80F83610A17B70
:10D92000C1B1022916D00121017554F80F1FC0F8AA
:10D930001510A188A0F81910217B012900D0002121
:10D9400080F83410002078BD0126DAE70226D8E7F7
:10D950000021E0E70021E7E7C948006890F82200CD
:10D96000C0F38000704700B5FFF7F6FF08B1002054
:10D9700000BD1F2000BD00B5FFF7F5FF002800D057
:10D98000012000BDBE49002209680A664B8C1D2B90
:10D9900002D081F86400704781F864207047B84A6B
:10D9A0000023126882F85D3042F84C1F90800120FD
:10D9B00050747047B24A0023126882F85C30A2F8B3
:10D9C000580042F8541F012010727047AC49096892
:10D9D00081F835007047AA49096881F85F007047EF
:10D9E000A748006890F95F007047A548006890F864
:10D9F000220000F001007047A148006890F8220062
:10DA0000C0F340007047002070479D48006890F8C0
:10DA10002200C0F3C000704701207047012070470A
:10DA20000120704770B500F0FAFB954C2068016E3C
:10DA3000491C016690F83300002530B106F0ACFFB8
:10DA400006F08EFA206880F833502068457090F810
:10DA5000381009B102201AE090F86410B1B1006EDC
:10DA6000814213D8022007F095FF206890F8220029
:10DA7000C00704D0A06843220188012003E04322AC
:10DA80004FF6FF710020BDE8704018E50020BDE8AA
:10DA9000704007F07FBF10B501280DD002280DD0CF
:10DAA00004280FD0FFDF7648006890F85E10BDE8CC
:10DAB0001040252006F0FEBB252000E0262006F0C1
:10DAC000D3FCF0E72720FAE702460020D30701D075
:10DAD000CB0705D0930705D58B0703D402207047E9
:10DAE000012070475207FCD54907FAD4042070473B
:10DAF0002DE9F041624C86B0206800B9FFDF206854
:10DB00004178E9BB0178FF2942D0002580F83150E7
:10DB1000A0F85A50857080F83850284606F09EFECE
:10DB2000182259496846FFF704FC684606F08AFE49
:10DB300006F0CCFB206890F95F0006F085FC5248A7
:10DB40001D3806F087FC5048203806F06CFE6068EF
:10DB500006F087FE2068002190F82400FFF7B4FF4C
:10DB6000FFF799FF206880F82C5006F071FE2068BE
:10DB700090F85E10002006F030FD0F21052000E037
:10DB800006E006F038FC206890F82E1051B902E04B
:10DB90000C2006B027E690F82F1019B990F8220053
:10DBA00040072BD504F009FC804620684146806878
:10DBB00005F004F9354F064690FBF7F007FB1060BF
:10DBC0004142404604F0CDF82168886096FBF7F0AA
:10DBD0004A68104448600BF0BFF821684A689042D8
:10DBE0000CD8C1E901580120FFF7C0FD206890F86A
:10DBF0002200400702D50120FFF795FD2068417BF8
:10DC00000E3006F0EAFB206890F85C1039B1B0F8ED
:10DC10005810A0F84810416D416480F85C5090F8AD
:10DC20005D1041B1B0F85010A0F84010C16C40F840
:10DC30003C1F80F821500BF0FCF8032160680BF0CA
:10DC40002FF9216881F833000020A2E70C49886091
:10DC500070472DE9F0410A4C0746002620683146FE
:10DC6000C57E6068068000F0D1FA2068408C1328D9
:10DC700040D00DDC102861D012280DD15CE00000EE
:10DC800064000020A4050020B0B1010040420F0054
:10DC9000152838D01D2836D0FFDF00BF00F0CAFAA3
:10DCA0002068418C1D2907D0152905D0B0F84820DF
:10DCB000416C60680BF028FD206890F82C1090F8FB
:10DCC0002400FFF701FF05463FB1FFF7E4FE012204
:10DCD0004FF49671002006F01EFD206890F82C107D
:10DCE000294380F82C1090F824208A434FF001013A
:10DCF00029D02DE0002160680BF0C4FC0121606890
:10DD000000F084FACAE7012160680BF0BBFC012136
:10DD1000606800F07BFAD4E9001025B11C310BF0EB
:10DD2000DDFC012104E015310BF0D8FC2068017DF9
:10DD300060680BF0E2FCB1E7062100E002216068B8
:10DD40000BF0A0FCAAE7428C1D2A0BD080F8311002
:10DD50004170418C13290ED007DC10290AD01229FA
:10DD600007D108E080F82C60F2E7152903D01D29BF
:10DD700001D0FFDF37E590F85E20BDE8F0410121DA
:10DD8000084606F05ABEF84810B50068417841B917
:10DD90000078FF2805D00021084600F059FA00203D
:10DDA00010BD00F03CFA0C2010BD2DE9F041EE4D05
:10DDB0000446174628680E4690F8660000B1FFDF5B
:10DDC0002968002F81F868704ED12088A1F86A0078
:10DDD0006088A1F88000A088A1F88200E088A1F8FE
:10DDE000840094F88C0181F8860091F82F0020B10E
:10DDF000487B0E3100F0FFF940B9296891F83000F6
:10DE000060B1487B0E3100F0EDF938B12868D0F8E8
:10DE10000E104167418AA0F8781003E02868476730
:10DE2000A0F878706968FF2E0878C0F380106076DB
:10DE3000D1F80300C4F81A00B1F80710E18314D038
:10DE4000296801F16E02C1F87A00E08BA1F87E002A
:10DE500030466D310AF099FF00B9FFDF286810F8ED
:10DE60006D1F41F002010170BDE42868C0F87A70AE
:10DE7000A0F87E70617E80F86D10D4F81A1040F81A
:10DE80006E1FE18B8180AEE470B5FFF7BEFDB64C2E
:10DE9000012538B13C22FF21A068FFF786FF2068EA
:10DEA00080F86650206890F82200C00704D0A0686F
:10DEB0003C220188012003E03C224FF6FF71002044
:10DEC000FFF7FDFA206880F8385070BDA649096850
:10DED00081F83200704770B5002507F0BAFC50B1E8
:10DEE000A14C20684178012908D0022901D00329DA
:10DEF00036D0FFDF70BDBDE8704093E58178002922
:10DF0000F8D1418C102913D090F8330020B106F0DD
:10DF100019F8402006F02DFD206890F822104907DE
:10DF200010D490F83610012904D0032902D002E061
:10DF3000002119E0102590F85E2045F00E01002028
:10DF400006F07BFD206890F8340008B106F054FD1F
:10DF50000021962006F0B1FC21680220487070BDB7
:10DF600081780029FBD18178BDE87040012000F064
:10DF70006FB957E510B57C4C206890F8340008B1B3
:10DF800000F07AF9206890F8330018B106F004FD2B
:10DF900005F0E6FF07F05DFC88B1206840780228B4
:10DFA00000D0FFDF0021012000F052F92068417805
:10DFB000002903D04078012800D0FFDF10BDBDE864
:10DFC00010402FE510B50AF0CBFE04460AF07DFFA5
:10DFD00038B120460AF052FE18B110210BF025F995
:10DFE00008B1002010BD012010BD2DE9F047DFF879
:10DFF00078910E460746032809D0FFF7F6FC044641
:10E00000D9F8000090F8320020B1012003E0FFF7BA
:10E01000F3FC04460020804606F018FA0546032F5C
:10E020002BD0012734EA080453D0D9F800004C461D
:10E0300090F8330068B10AF0E2FE30700146FF2824
:10E0400007D06068C01C0AF0B7FE30780AF0E1FE25
:10E05000054360680178C1F3801221680B7D9A4204
:10E0600005D10622C01C1531FFF736F938B1002062
:10E070003178FF290BD0D8B903E00227D2E701207D
:10E08000F6E7206890F82D00884211D008E038B1FA
:10E09000616811F8030BC0F38010FFF793FF38B1EC
:10E0A0000020216891F82210490703D5A0B910E09B
:10E0B0000120F6E785B92D4890F8360008B1B8423E
:10E0C00007D1616811F8030BC0F38010FFF77AFFE6
:10E0D00010B10020BDE8F0870120FBE7F8B5224C25
:10E0E0000746002520684078022800D0FFDF20681E
:10E0F00090F8340008B100F0BFF860680BF0E4FA63
:10E1000006460FB306F073F9F0B1052E1DD1606815
:10E1100090F8240000F01F00102816D9206890F80D
:10E12000350090B1FF208DF80000012569460520DB
:10E13000FFF75BFF40B1206880F8A05061682222A1
:10E14000A130C91CFFF7F5F815E060680BF0FCFA88
:10E1500088B1062E0FD2DFE806F00E0E0E030E0B6E
:10E1600000F0CDF806E0000064000020A4050020C7
:10E1700000F091F800B90125206890F8330018B13B
:10E1800006F00AFC05F0ECFE1DB10021012000F0B4
:10E190005FF820684178002906D04178012903D032
:10E1A0004078032800D0FFDFF8BD70B59F4E0546CC
:10E1B0000C463068807800280BD106F02FF8034613
:10E1C0003068214690F85E202846BDE8704007F090
:10E1D000C1BD70BD022803D0032801D000207047C4
:10E1E00001207047012802D14879800901D0002020
:10E1F000704701207047012806D148790121B1EB11
:10E20000901F01D101207047002070470278202321
:10E2100022F0200203EA41110A430270704710B550
:10E2200006F09AFB06F079FB06F0C8FABDE810404C
:10E2300006F0FFBA10B57D4C7D4960680BF048FAD6
:10E240007B480E38417B6068BDE810400BF04CBA4B
:10E25000764A10B5126892F831303BB1508C1D28C7
:10E2600000D1FFDFBDE81040FFF7DCBB002902D181
:10E27000BDE81040EDE410BD10B56C4C206837309F
:10E2800006F0C5FB18B921687F2081F83700BDE88A
:10E29000104006F0A7BB38B5FF208DF8000001251F
:10E2A00069460520FFF7A1FE30B3604C20688078F6
:10E2B00008BB6268A0681278417BC2F3401211402B
:10E2C0004173012100F04AF800229DF80010A06877
:10E2D000FFF76BFD2068012100F8661F82788188B6
:10E2E0000120FFF7ECF8216800204870FFF797FF46
:10E2F000012007F04FFB00E00025284638BD38B567
:10E30000FF208DF80000012569460320FFF76DFE10
:10E31000464C002820681CD090F8341031B190F899
:10E32000960018B99DF8000000F04CF860680021D4
:10E33000018004210BF0A6F9FFF77CFF2068B0F8FC
:10E340004020C16B60680BF0EFF921680320487032
:10E3500002E0807800B90025284638BD70B5334DFD
:10E360000446686850F80F2FC4F80E208288628235
:10E3700082792275C27962750289E282428962805D
:10E380008289A280C289E2800269A260027D227332
:10E39000427D02F01F022276407D400984F88C0104
:10E3A00084F8641084F86510002104F130000BF04B
:10E3B0002AFB286890F8651004F8661F90F85F0043
:10E3C000607070BD70B5194C0122216881F89620EB
:10E3D0000A7881F89720FF280DD001F19902983131
:10E3E0000AF0D3FC00B9FFDF206810F8981F41F055
:10E3F000020101700CE060680278C2F3801281F8BB
:10E400009820D0F8032041F8992FB0F807008880B1
:10E41000256895F837009F357F2800D1FFDF2068F9
:10E4200010F8371F29707F21017070BD6400002033
:10E43000B20500202DE9FC470C460646694600F06F
:10E4400010FF002860D1FFF7CAF8B0425CD0214627
:10E45000304608F0DEFF28BB019D95F82C01703591
:10E4600018B9287F08B1012000E00020814695F806
:10E4700039004FF000084FF0010AA0B195F83A00BA
:10E48000800710D584F8018084F800A084F8028009
:10E49000A68095F83B10A171A98F2181E98F618138
:10E4A00085F839802DE0304601F04DFF070000D19E
:10E4B000FFDF384601F06DF940B184F801800D218D
:10E4C0002170A680E08084F802A01AE0304601F0B6
:10E4D00028FF070000D1FFDFB9F1000F14D0384644
:10E4E00001F0AFF980B1304606F01EFD84F80180DE
:10E4F0000A21217084F80280A680697FA17185F8C5
:10E500001C800120BDE8FC870020FBE71CB56946A4
:10E5100000F0A7FE00B1FFDF684600F0AFFEF9494A
:10E5200000208968A1F8F2001CBD2DE9FC410446D9
:10E530000E46062001F06EFD00250746A84606445B
:10E5400017E02088401C80B22080B04202D34046B1
:10E55000A4F8008080B2B84204D3B04202D20020B6
:10E56000BDE8FC81694600F07CFE0028F8D06D1CF7
:10E57000EDB2AE42E5D84FF6FF7020801220EFE7F3
:10E5800010B506F043FD0AF026FBDF484FF6FF7199
:10E5900000234182818203701B2141804FF4A472C9
:10E5A0008280C180028103228275C2758272042436
:10E5B000C4728181C1810282837610BD70B5D14C55
:10E5C0000D466060217006F0ADFC00F063FEFFF7C1
:10E5D000D7FF207809F09EFD284607F04DFACA487B
:10E5E0002838FFF72DF82178606808F0F6FFBDE8BD
:10E5F00070400AF0F0BA10B501240AB1002010BD35
:10E6000021B1012903D00024204610BD02210BF0C6
:10E61000CBF8F9E7887800B90320C97801B903215C
:10E62000107019700020704730B587B0044600881C
:10E63000694600F016FE002806D1A08830B10128F6
:10E6400004D0022802D0122007B030BD05AB04AAC6
:10E6500021466846FFF7DEFF0400F5D1019901204D
:10E6600081F8C501019991F81012002539B9019975
:10E6700091F8C41119B9019991F8971009B13A2488
:10E6800015E00199039581F8C40101989DF81020C7
:10E6900080F8C621019B9DF8140083F8C7018DF80E
:10E6A0000C208DF80D0003AA01200AF0F4FE019859
:10E6B00080F8C5512046C7E710B504460020A17870
:10E6C00001B90120E2780AB940F0020000F0F6FD3D
:10E6D000002803D12046BDE81040A5E710BD70B565
:10E6E0000D4604460189002380880AF0C9FE696A44
:10E6F00081421DD2401A401CA1884008091A8AB2E2
:10E70000A2802189081A2081668895F86410104635
:10E710000AF08DFE864200D230466080E68895F889
:10E72000651020890AF083FE864200D23046E080E0
:10E7300070BDF0B585B00D46064603A900F091FD09
:10E7400000282AD104990022FB20B1F84E30FB2B7F
:10E7500000D30346B1F85040FB20FB2C00D3044605
:10E76000DFF8A8C19CE8811000900197CDF808C09F
:10E77000ADF80230ADF806406846FFF7B0FF6E8096
:10E78000BDF80400E880BDF808006881BDF802000B
:10E79000A880BDF806002881002005B0F0BD2DE955
:10E7A000F04186B004460088694600F05AFD002812
:10E7B00059D12189E08800F09BFD002853D1A18820
:10E7C000608800F095FD00284DD12189E08800F097
:10E7D00085FD002847D1A188608800F07FFD0600F4
:10E7E00041D1208802A9FFF7A4FF00B1FFDFBDF8E7
:10E7F000101062880920914235D3BDF80C10E288D0
:10E80000914230D3BDF81210BDF80E202389114477
:10E81000A2881A44914226D3019D01274FF0000897
:10E8200085F8BB71019890F8FC0105F5DD7508B11C
:10E830003A2615E0E08868806088E880218940F603
:10E840004800814200D30146A980A188814200D2BC
:10E8500008462881002228460199FFF740FF2F70C3
:10E8600085F80180304606B0BDE8F08197E710B525
:10E870000446FEF761FE002813D0207814280FD13B
:10E88000A07868B1A088062101F018FC40B100888A
:10E8900006F04AFBA088062101F022FC00B1FFDF50
:10E8A000012010BD2DE9F041060000D1FFDF164820
:10E8B000022114308046FFF738FE00B1FFDF124C12
:10E8C0000620A78A01F0A6FB0546A08AA84203D12C
:10E8D0003046FFF7CCFF20B9A08A3146FFF7AAFDEA
:10E8E00030B1304600F012FD0028EED10120BBE728
:10E8F00002214046FFF719FE10B9A08AB842E4D1C0
:10E900000020B1E77000002090060020C8B101008F
:10E9100010B500F083FC08B10C2010BD0AF096F988
:10E92000002010BD10B50446007818B1012801D0B0
:10E93000122010BD00F07DFC20B10AF0FDF908B1F5
:10E940000C2010BD207800F053FCE21D04F11703E9
:10E95000611CBDE810400AF09BB910B5044600F0F8
:10E960005DFC08B10C2010BD207818B1012801D041
:10E97000122010BD00F03CFC611C0AF041F908B106
:10E98000002010BD072010BD10B50AF0D9F908B15C
:10E99000002010BD302010BD10B5044600F049FC29
:10E9A00008B10C2010BD20460AF0C2F9002010BDAD
:10E9B00010B500F03EFC20B10AF0BEF908B10C2001
:10E9C00010BD0AF0A7F9002010BDFF2181704FF69D
:10E9D000FF718180F84949680A7882718A880281CA
:10E9E0004988418101214170002070471CB50024F5
:10E9F00012F1080F15D00CDC12F1280F11D012F112
:10EA0000140F0ED012F1100F0BD012F10C0F0CD10D
:10EA100007E012F1040F04D01AB1032A01D0042A2E
:10EA200003D1012804D0032806D0122420461CBD9F
:10EA30001046FEF7D0FFF9E708461446694600F095
:10EA400010FC08B10224F1E7019880F86740002427
:10EA5000ECE710B5134601220AF003FC002010BDBC
:10EA600010B5044600F0E5FB08B10C2010BD2146AE
:10EA7000002006F0CCFA002010BD10B5044607F0C7
:10EA800095F920B1207807F003F8002010BD0C2084
:10EA900010BD10B5044600F0CCFB08B10C2010BD31
:10EAA0002146012006F0B3FA002010BD38B5044617
:10EAB0004FF6FF70ADF80000A079E179884216D0DA
:10EAC0002079FEF78DFC90B16079FEF789FC70B17A
:10EAD0000022A07911460BF0DBFB40B90022E0795F
:10EAE00011460BF0D5FB10B9207A072801D9122066
:10EAF00038BD07F067F948B900216846FFF715FDF2
:10EB000020B1204605F0ADFB002038BD0C2038BDFB
:10EB10002DE9FC41817804461A2925D00EDC1629FE
:10EB20002DD2DFE801F02C2C2C2C2C212C2C2C2C81
:10EB30002C2C2C2C2C2C2C2C2C2121212A291ED0A5
:10EB40000BDCA1F11E010C2919D2DFE801F0181825
:10EB50001818181818181818180D3A3904290ED250
:10EB6000DFE801F00D020D022088B0F5706F06D2CB
:10EB70000127694600F075FB18B10220F0E412206D
:10EB8000EEE4019D68462E4605F5C87506F291161D
:10EB900000F05AFB08B1287808B10C20E0E42F708F
:10EBA000A0783070684600F069FB0020D8E41CB5FE
:10EBB0000C46694600F055FB002118B12160217117
:10EBC00002201CBD0198024610F1700080F842102E
:10EBD00093682360137B237190F84230002BF5D1AA
:10EBE00000201CBD10B5044600F023FB20B10AF044
:10EBF000A3F808B10C2010BD207800F0F9FAE279F2
:10EC0000611C0AF06EF908B1002010BD022010BD91
:10EC100010B5886E60B1002241F8682F0120CA71DA
:10EC2000897988400BF028FB002800D01F2010BDF8
:10EC30000C2010BD1CB50C46694600F012FB0028E4
:10EC400005D10198B0F87000401C208000201CBD48
:10EC50001CB504460088694600F003FB08B1022099
:10EC60001CBD606828B1DDE90001224600F09CFB74
:10EC70001CBDDDE90001FFF7CBFF1CBD10B500781E
:10EC8000012800D00020FEF7A1FE002010BDF0B545
:10EC900044888188C288038945898089A71F40F6F6
:10ECA0007B46B74215D28F1FB74212D28C4210D882
:10ECB000B2F5FA7F0DD2A3F10A04361FB44208D28E
:10ECC000521C4A43B2EB830F03DA854201D800207D
:10ECD000F0BD3020F0BDF8B515460E46044607F0ED
:10ECE00071F808B10C20F8BD204600F09CFB00280C
:10ECF000F9D1A078C1064FF01100F4D5E17D0329C8
:10ED0000F1D0FEF76DFE3070A07555B9FF208DF87B
:10ED1000000069460020FEF74DFE69460020FEF720
:10ED20003EFE2046BDE8F840FEF7BDBD0022D2E71A
:10ED30000078C10801D01220704720498876002051
:10ED4000704710B504460078C00704D1608810B140
:10ED5000FEF711FE80B12078618800F00102607832
:10ED600000F0ACFB002806D1FEF7FDFD01466088EF
:10ED7000884203D9072010BD122010BD6168FEF73C
:10ED800019FE002010BD10B504460078C00704D15C
:10ED9000608810B1FEF730FE90B12078618800F0F5
:10EDA0000102607800F08AFB002804D16088616865
:10EDB000FEF7F5FD002010BD700000209006002039
:10EDC0001220F8E77CB5044640784225012808D88F
:10EDD000A078FEF745FC20B120781225012802D04A
:10EDE00090B128467CBDFEF710FE20B1A088002817
:10EDF000F7D08028F5D8FEF70FFE60B160780028C4
:10EE0000EFD02078012808D006F07EF9044606F0FD
:10EE100009FE00287FD00C207CBDFEF762FC10B9F3
:10EE2000FEF7F1FD90B306F0CDFF0028F3D1FEF719
:10EE3000D6FBA0F57F41FF39EDD1FEF7D6FCA688C1
:10EE400042F210704643A079FEF79CFDFEF7CDFD1F
:10EE5000F8B10022062101A801F002F9040058D0FF
:10EE6000F7480021846020460AF01EF92046FEF78C
:10EE7000EDFEF44D04F13000AA89E989C2830184D2
:10EE8000FEF7CCFD60B1288A01210DE0FFE71220DA
:10EE90007CBD3146002006F0FEFD88B3FFDF44E074
:10EEA000FEF7BEFD0146288A06F090FE0146A062EC
:10EEB0000022204606F02BF9FEF7B0FD38B9FEF728
:10EEC000AFFD0246214601200AF0E3FAD0B1DD4A47
:10EED0002146163201200AF0DEFAE87A0090AB7A79
:10EEE000EA89A989208801F0A5F900B1FFDF20880F
:10EEF00006F019F83146204606F0CDFD00B1FFDFDF
:10EF000013E008E00621BDF8040001F0E9F800B1C3
:10EF1000FFDF09207CBD44B1208806F005F8208879
:10EF2000062101F0DDF800B1FFDF00207CBD0021EB
:10EF300048E770B50D46062101F0C0F8040003D083
:10EF400094F8930110B10AE0022070BD94F87D009E
:10EF5000142801D0152802D194F8E00108B10C2042
:10EF600070BD1022294604F5CA70FEF7E2F90120AF
:10EF700084F89301002070BD10B5062101F09EF8C1
:10EF800018B190F8931111B107E0022013E790F83F
:10EF90007D10142903D0152901D00C200BE7022184
:10EFA00080F89311002006E72DE9FC410D464BF651
:10EFB00080321221954213D895B1694600F051F97B
:10EFC00000280CD1019EB41C703627882A46394689
:10EFD00030460AF02AF82088B842F6D10020CDE564
:10EFE0000846CBE51CB504460088694600F039F9AF
:10EFF000002808D10199A378084691F82C20703197
:10F000009A4201D10C201CBD7F220A728A72002212
:10F01000CA72E17880F82D10217980F82E10A1783D
:10F0200080F82C1010461CBD1CB50C46694600F03B
:10F0300018F9002806D1019890F88C0000B1012041
:10F04000207000201CBD7CB50D461446694600F0BA
:10F0500008F9002805D1019890F82C00012801D06A
:10F060000C207CBD019890F87810297090F87900F8
:10F07000207000207CBD70B50D461646062101F0BB
:10F080001DF818B381880124C388428804EB410429
:10F09000AC4217D842F210746343A4106243B3FB2E
:10F0A000F2F2521E94B24FF4FA72944200D914460E
:10F0B000A54200D22C46491C641CB4FBF1F24A4321
:10F0C000521E91B290F8CC211AB901E0022070BD15
:10F0D00001843180002070BD10B50C46062100F07F
:10F0E000EDFF48B180F8FF4024B190F8FD1009B160
:10F0F00006F083FD00205EE602205CE6017899B10F
:10F10000417889B141881B290ED381881B290BD3F3
:10F11000C188022908D34B490268283941F8322FA7
:10F1200040684860002070471220704710B506F014
:10F130001EFD00203FE610B506F01CFD00203AE65B
:10F1400070B514460A46064600250121104606F011
:10F150003DFD002800D8284605460121304600F034
:10F160004EF806460121002000F049F8311801222E
:10F1700096318D4206D901F19600691AB1FBF0F083
:10F18000401C82B22280002070BD10B5044600F001
:10F1900050F808B10C200EE6601C09F08FFE2078B4
:10F1A00000F00100FEF7BAFA002004E610B50446AC
:10F1B000062000F021FF08B10C20FCE52078C007F4
:10F1C00010D00022607811460BF062F808B11220CE
:10F1D000F1E5A06808F073FD6078616808F078FDDB
:10F1E0000020E8E5002008F06AFD00210846F5E768
:10F1F00018B1022801D0012070470020704710B5D7
:10F20000012904D0022905D0FFDF2046D3E5C00044
:10F21000503001E080002C3084B2F6E710B506F0E3
:10F22000D1FD20B1FEF755FA08B10120C3E5002059
:10F23000C1E510B506F0C6FD002800D00120BAE5F2
:10F240007000002090060020416891F82C0191F890
:10F250008C1021B918B1042801D00120704700207A
:10F26000704710B50C46062100F028FF606018B109
:10F270000120207000209EE502209CE5416891F865
:10F28000FD20002A05D0002281F8FD20406806F00C
:10F29000B4BC704708B54FF6FF70ADF8000006E04B
:10F2A0000621BDF8000000F01BFF00B1FFDF0021C8
:10F2B0006846FFF73AF90028F2D008BD70B5144649
:10F2C0000546012200F00EF9002806D12146284605
:10F2D000BDE87040002200F005B970BDFB2803D8DE
:10F2E00040F64800814201D9112070470020704744
:10F2F0001B38E12806D2B1F5A47F03D344F2902055
:10F30000814201D912207047002070471FB58E49F5
:10F31000897ECA0702D10278192A0AD08A0702D444
:10F320000278182A24D0490739D40178122933D019
:10F3300035E04088ADF8000002A9FFF792FF00B168
:10F34000FFDF039810F8601F8DF8021040788DF8E9
:10F3500003000020ADF8040001B9FFDF9DF80300B1
:10F3600000B9FFDF6846FFF7A7F9D8B1FFDF19E062
:10F370004088ADF8000040F64800FB21ADF80400DD
:10F38000ADF80800ADF80210ADF806106846FFF7BA
:10F390006DFA38B1FFDF05E0007BC00702D0002026
:10F3A00004B008E50120FBE7F8B50646508914468D
:10F3B0000F4640B1B0F5004F05D20022A0781146AB
:10F3C0000AF066FF08B11220F8BDB86E394607F1A1
:10F3D000700530B1A07891F86E20904201D00C20D9
:10F3E000F8BD012081F86F00A07881F86E00606898
:10F3F00041F8680F608988802089A884002087F8F8
:10F400006F0020886946FFF715FCA88CBDF8001036
:10F41000081A00B2002804DD39463046FFF7F8FB31
:10F42000DDE70020F8BD38B504460078EF2841D864
:10F430006088ADF80000009800F061F888B361883A
:10F44000080708D4D4E90120824233D8202A31D3D6
:10F45000B0F5804F2ED8207B18B307282AD8607BC0
:10F4600028B1012803D0022801D0032822D14A075D
:10F4700003D4022801D0032805D1A07B08B10128BC
:10F4800018D1480707D4607D28B1012803D002288D
:10F4900001D003280ED1C806E07D03D5012809D18B
:10F4A00004E007E0012801D0032803D1E07E18B171
:10F4B000012801D0122038BD002038BD70B50C469F
:10F4C0000546FF2904D8FEF7A9FA18B11F2C01D967
:10F4D000122070BD2846FEF7C3F808B1002070BDA9
:10F4E000422070BD0AB1012200E00222024202D194
:10F4F000880802D109B1002070471120704780B2FE
:10F50000C1060BD401071CD481064FEAC07101D596
:10F51000B9B900E099B1800713D410E0410610D4C6
:10F5200081060ED4C1074FEA807104D0002902DBA6
:10F53000400704D405E0010703D4400701D40120AB
:10F5400070470020704700009006002030B5058805
:10F5500025F4004421448CB24FF4004194420AD275
:10F56000121B92B21B339A4201D2A94307E005F461
:10F570000041214303E0A21A92B2A9431143018042
:10F5800030BD0844083050434A31084480B27047C7
:10F5900070B51D4616460B46044629463046049A69
:10F5A000FFF7EFFF0646B34200D2FFDF282200211B
:10F5B0002046FDF7E8FE4FF6FF70A082283EB0B26D
:10F5C00065776080B0F5004F00D9FFDF618805F1F5
:10F5D0003C00814200D2FFDF60880835401B343890
:10F5E00080B220801B2800D21B2020800020A07722
:10F5F00070BD8161886170472DE9F05F0D46C1885B
:10F60000044600F12809008921F4004620F400484E
:10F6100000F063FB10B10020BDE8F09F4FF0000A3E
:10F620004FF0010BB0450CD9617FA8EB0600401AE2
:10F630000838854219DC09EB06000021058041806D
:10F640001AE06088617F801B471A083F0DD41B2F8A
:10F6500000DAFFDFBD4201DC294600E0B9B2681ADA
:10F660000204120C04D0424502DD84F817A0D2E750
:10F6700009EB06000180428084F817B0CCE770B532
:10F68000044600F12802C088E37D20F400402BB13D
:10F6900010440288438813448B4201D2002070BD7D
:10F6A00000258A4202D30180458008E0891A0904B6
:10F6B000090C418003D0A01D00F01FFB08E0637F10
:10F6C00000880833184481B26288A01DFFF73EFF0E
:10F6D000E575012070BD70B5034600F12804C588AA
:10F6E000808820F400462644A84202D100201882D7
:10F6F00070BD98893588A84206D3401B75882D1A9D
:10F700002044ADB2C01E05E02C1AA5B25C7F204497
:10F710003044401D0C88AC4200D90D809C8924B136
:10F72000002414700988198270BD0124F9E770B5AE
:10F73000044600F12801808820F400404518208A02
:10F74000002825D0A189084480B2A08129886A8830
:10F750001144814200D2FFDF2888698800260844CE
:10F76000A189884212D1A069807F2871698819B166
:10F77000201D00F0C2FA08E0637F2888083318448F
:10F7800081B26288201DFFF7E1FEA681268201205A
:10F7900070BD2DE9F041418987880026044600F1BB
:10F7A0002805B94219D004F10A0800BF21F400402D
:10F7B0002844418819B1404600F09FFA08E0637F71
:10F7C00000880833184481B262884046FFF7BEFEC5
:10F7D000761C6189B6B2B942E8D13046BDE8F08105
:10F7E0002DE9F04104460B4627892830A68827F4E6
:10F7F0000041B4F80A8001440D46B74201D100200F
:10F80000ECE70AB1481D106023B1627F691D1846FC
:10F81000FDF78FFD2E88698804F1080021B18A194F
:10F8200096B200F06AFA06E0637F6288083399199D
:10F8300089B2FFF78BFE474501D1208960813046B0
:10F84000CCE78188C088814201D101207047002027
:10F85000704701898088814201D1012070470020D2
:10F86000704770B58588C38800F1280425F40042EC
:10F8700023F4004114449D421AD08389058A5E19FD
:10F8800025886388EC18A64214D313B18B4211D398
:10F890000EE0437F08325C192244408892B2801AFD
:10F8A00080B22333984201D211B103E08A4201D1E0
:10F8B000002070BD012070BD2DE9F0478846C18849
:10F8C0000446008921F4004604F1280720F400458D
:10F8D00007EB060900F001FA002178BBB54204D914
:10F8E000627FA81B801A002503E06088627F801B6E
:10F8F000801A083823D4E28962B1B9F80020B9F837
:10F9000002303BB1E81A2177404518DBE0893844E2
:10F91000801A09E0801A217740450ADB607FE1897F
:10F920000830304439440844C01EA4F81280BDE8B1
:10F93000F087454503DB01202077E7E7FFE7618299
:10F940000020F4E72DE9F74F044600F12805C088B0
:10F95000884620F4004A608A05EB0A0608B1404553
:10F9600002D20020BDE8FE8FE08978B13788B6F872
:10F97000029007EB0901884200D0FFDF207F4FF0A3
:10F98000000B50EA090106D088B33BE00027A07FB6
:10F99000B9463071F2E7E18959B1607F29440830F6
:10F9A00050440844B4F81F1020F8031D94F82110A7
:10F9B0008170E28907EB080002EB0801E1813080E9
:10F9C000A6F802B002985F4650B1637F30880833D2
:10F9D000184481B26288A01DFFF7B8FDE78121E0DD
:10F9E000607FE18908305044294408442DE0FFE756
:10F9F000E089B4F81F102844C01B20F8031D94F8B8
:10FA00002110817009EB0800E28981B202EB080045
:10FA1000E081378071800298A0B1A01D00F06DF9DF
:10FA2000A4F80EB0A07F401CA077A07D08B1E088AC
:10FA3000A08284F816B000BFA4F812B084F817B002
:10FA400001208FE7E0892844C01B30F8031DA4F88B
:10FA50001F10807884F82100EEE710B5818800F14E
:10FA6000280321F400442344848AC288A14212D08E
:10FA7000914210D0818971B9826972B11046FFF745
:10FA8000E8FE50B91089283220F40040104419795A
:10FA90000079884201D1002010BD184610BD00F148
:10FAA0002803407F08300844C01E1060088808B949
:10FAB000DB1E136008884988084480B270472DE92E
:10FAC000F04100F12806407F1C460830904643185C
:10FAD00008884D88069ADB1EA0B1C01C80B29042F7
:10FAE00014D9801AA04200DB204687B298183A4603
:10FAF0004146FDF7F1FB002816D1E01B84B2B84463
:10FB0000002005E0ED1CADB2F61EE8E7101A80B249
:10FB10000119A94206D8304422464146BDE8F041C9
:10FB2000FDF7DABB4FF0FF3058E62DE9F04100F168
:10FB30002804407F1E460830904643180025088858
:10FB40004F88069ADB1E90B1C01C80B2904212D939
:10FB5000801AB04200DB304685B299182A464046EA
:10FB6000FDF7E7FB701B86B2A844002005E0FF1CF0
:10FB7000BFB2E41EEAE7101A80B28119B94206D872
:10FB8000211832464046FDF7D4FBA81985B2284615
:10FB900024E62DE9F04100F12804407F1E4608309C
:10FBA00090464318002508884F88069ADB1E90B1BE
:10FBB000C01C80B2904212D9801AB04200DB30469D
:10FBC00085B298182A464146FDF7B3FB701B86B2F2
:10FBD000A844002005E0FF1CBFB2E41EEAE7101AAB
:10FBE00080B28119B94206D8204432464146FDF719
:10FBF000A0FBA81985B22846F0E5401D704710B556
:10FC0000044600F12801C288808820F4004319448A
:10FC1000904206D0A28922B9228A12B9A28A9042C1
:10FC200001D1002010BD0888498831B1201D00F0A5
:10FC300064F800202082012010BD637F62880833B1
:10FC4000184481B2201DFFF781FCF2E70021C18139
:10FC500001774182C1758175704703881380C2891D
:10FC600042B1C28822F4004300F128021A440A601B
:10FC7000C08970470020704710B50446808AA0F5FF
:10FC80007F41FF3900D0FFDFE088A082E08900B12A
:10FC90000120A07510BD4FF6FF7181820021817592
:10FCA000704710B50446808AA0F57F41FF3900D126
:10FCB000FFDFA07D28B9A088A18A884201D1002059
:10FCC00010BD012010BD8188828A914201D1807DC2
:10FCD00008B1002070470120704720F4004221F451
:10FCE00000439A4207D100F4004001F400418842E9
:10FCF00001D0012070470020704730B504460088CD
:10FD00000D4620F40040A84200D2FFDF21884FF4C6
:10FD1000004088432843208030BD70B50C00054664
:10FD200009D0082C00D2FFDF1DB1A1B2286800F075
:10FD300044F8201D70BD0DB100202860002070BD6A
:10FD40000021026803E093881268194489B2002AEE
:10FD5000F9D100F032B870B500260D4604460829E6
:10FD600000D2FFDF206808B91EE0044620688188C1
:10FD7000A94202D001680029F7D181880646A9422C
:10FD800001D100680DE005F1080293B2002299420A
:10FD900009D32844491B02608180216809682160D9
:10FDA0000160206000E00026304670BD00230B603B
:10FDB0008A8002680A600160704700234360021D68
:10FDC000018102607047F0B50F46018840881546F2
:10FDD0000C181E46AC4200D3641B3044A84200D924
:10FDE000FFDFA019A84200D9FFDF3819F0BD2DE9C7
:10FDF000F041884606460188408815460C181F4683
:10FE0000AC4200D3641B3844A84200D9FFDFE0199C
:10FE1000A84200D9FFDF70883844708008EB0400E6
:10FE2000BDE8F0812DE9F041054600881E461746E1
:10FE3000841B8846BC4200D33C442C8068883044F4
:10FE4000B84200D9FFDFA019B84200D9FFDF6888A7
:10FE50003044688008EB0400E2E72DE9F0410688B1
:10FE60001D460446701980B2174688462080B84265
:10FE700001D3C01B20806088A84200D2FFDF701928
:10FE8000B84200D9FFDF6088401B608008EB0600A5
:10FE9000C6E730B50D460188CC18944200D3A41AA9
:10FEA0004088984200D8FFDF281930BD2DE9F04185
:10FEB000BF4D04469046A8780E46A04200D8FFDF0A
:10FEC00005EB8607786A50F8240000B1FFDFB868B8
:10FED000002816D0304600F032F90146B868FFF726
:10FEE0003AFF05000CD0786A072E40F8245000D362
:10FEF000FFDFB0484246294650F826302046984752
:10FF00002846BDE8F0812DE9F84305000C46009530
:10FF100024D00026E81C20F00300A84200D0FFDF18
:10FF2000DFF88C820027314688F8007088F801409D
:10FF300088F8024088F8034088F8044088F80540B3
:10FF400088F80640684600F003F900204246009910
:10FF5000C91C21F00301009116B10FE00126D9E779
:10FF600002EB80035962002106E000BFD3F824C0F1
:10FF70004CF82170491CC9B2A142F7D30099401C2A
:10FF800001EB8401C0B200910728E0D3481BBDE813
:10FF9000F88310B50446F1F774F908B1102010BDCC
:10FFA0002078834A618802EB800092780EE0436AF1
:10FFB00053F8213043B14A1C6280A180406A50F856
:10FFC0002100A060002010BD491C89B28A42EED8F1
:10FFD0006180052010BD70B505460C460846F1F756
:10FFE00050F908B1102070BD072D01D3072070BD56
:10FFF00025700020608070BD0EB56946FFF7EBFFED
:020000040001F9
:1000000000B1FFDF6846FFF7C4FF08B100200EBD56
:1000100001200EBD10B50446072800D3FFDF644859
:10002000005D10BD3EB5054600246946FFF7D3FFCD
:1000300018B1FFDF01E0641CE4B26846FFF7A9FFD6
:100040000028F8D02846FFF7E5FF001BC0B23EBDF0
:1000500057498978814201D9C0B27047FF20704763
:100060002DE9F04106291BD1514C00273B464FF6A4
:10007000FF7604EB810514F801C00AE0DC19D5F81D
:1000800024E0A4B25EF824E0BEF1000F04D05B1CB3
:100090009BB29C45F2D8344604802046B44201D13C
:1000A00000202EE7BDE8F04100E7A0F57F43FF3BCD
:1000B00001D0072901D300207047F7E6A0F57F4261
:1000C000FF3A0BD0072909D2394A9378834205D9E0
:1000D00002EB8101496A51F8200070470020704707
:1000E0002DE9F04104460D46A4F57F4143F202009C
:1000F000FF3902D0072D01D3072002E72C494FF02A
:1001000000088A78A242F8D901EB8506726A52F893
:100110002470002FF1D0274839461C3050F8252094
:1001200020469047716A284641F8248000F007F87D
:1001300002463946B068FFF739FE0020E1E61D4966
:10014000383131F810004FF6FC71C01C0840704780
:100150002DE9F843164E8846054600242868C01C41
:1001600020F0030028602046FFF7E9FF315D484397
:10017000B8F1000F01D0002200E02A680146009289
:1001800032B100274FEA0D00FFF7C7FD1FB106E0AF
:1001900001270020F8E706EB8401009A8A602968AD
:1001A000641C0844E4B22860072CD7D3EFE60000B3
:1001B000AC060020D4B1010070B50E461D461146B4
:1001C00000F0D5F804462946304600F0D9F820441E
:1001D000001D70BD2DE9F04190460D4604004FF022
:1001E000000610D00027E01C20F00300A04200D041
:1001F000FFDFE5B141460020FFF78FFD0C3000EB3B
:10020000850617B113E00127EDE7624F04F10C00FA
:10021000AA003C602572606000EB85002060002130
:100220006068FDF7B0F841463868FFF776FD304664
:10023000BDE8F0812DE9FF4F564C804681B0206823
:100240009A46934600B9FFDF2068027A424503D9F7
:10025000416851F8280020B143F2020005B0BDE822
:10026000F08F5146029800F082F886B258460E99F7
:1002700000F086F885B27019001D87B22068A1468B
:1002800039460068FFF767FD04001FD067802580AE
:100290002946201D0E9D07465A4601230095FFF76B
:1002A00077F92088314638440123029ACDF800A01E
:1002B000FFF76EF92088C1193846FFF79AF9D9F887
:1002C00000004168002041F82840C7E70420C5E746
:1002D00070B5304C0546206800B9FFDF2068017A10
:1002E000A9420ED9426852F8251051B1002342F8B4
:1002F00025304A880068FFF759FD216800200A7AF6
:1003000008E043F2020070BD4B6853F8203033B967
:10031000401CC0B28242F7D80868FFF711FD0020E8
:1003200070BD70B51B4E05460024306800B9FFDF74
:100330003068017AA94204D9406850F8250000B11C
:10034000041D204670BD70B5124E0546002430686D
:1003500000B9FFDF3068017AA94206D9406850F839
:10036000251011B131F8040B4418204670BD10B5AA
:100370000A460121FFF705F9C01C20F0030010BD5B
:1003800010B50A460121FFF7FCF8C01C20F003005D
:1003900010BD00007C00002070B50446C2F11005BD
:1003A0002819FCF7C6FF15F0FF0109D0491ECAB293
:1003B0008020A0542046BDE870400021FCF7E3BF38
:1003C00070BD30B505E05B1EDBB2CC5CD55C6C402B
:1003D000C454002BF7D130BD10B5002409E00B78D0
:1003E000521E44EA430300F8013B11F8013BD2B22C
:1003F000DC09002AF3D110BD2DE9F04389B01E4677
:10040000DDE9107990460D00044622D002460846E8
:10041000F949FEF71EFB102221463846FFF7DCFFA4
:10042000E07B000606D5F44A394610231032084610
:10043000FFF7C7FF102239464846FFF7CDFFF87B8C
:10044000000606D5EC4A4946102310320846FFF74D
:10045000B8FF102200212046FCF795FF0DE0103E6A
:10046000B6B208EB0601102322466846FFF7A9FF43
:10047000224628466946FEF7ECFA102EEFD818D02F
:10048000F2B241466846FFF787FF10234A466946A5
:1004900004A8FFF796FF1023224604A96846FFF739
:1004A00090FF224628466946FEF7D3FA09B0BDE818
:1004B000F08310233A464146EAE770B59CB01E46E9
:1004C0000546134620980C468DF808002022194650
:1004D0000DF10900FCF72DFF202221460DF1290026
:1004E000FCF727FF17A913A8CDE90001412302AAB1
:1004F00031462846FFF780FF1CB070BD2DE9FF4F45
:100500009FB014AEDDE92D5410AFBB49CDE90076A4
:10051000202320311AA8FFF76FFF4FF000088DF855
:1005200008804FF001098DF8099054F8010FCDF8BB
:100530000A00A088ADF80E0014F8010C1022C0F3D8
:1005400040008DF8100055F8010FCDF81100A88873
:10055000ADF8150015F8010C2C99C0F340008DF88A
:10056000170006A88246FCF7E4FE0AA8834610227C
:100570002299FCF7DEFEA0483523083802AA40681D
:100580008DF83C80CDE900760E901AA91F98FFF7F0
:1005900033FF8DF808808DF809902068CDF80A00A7
:1005A000A088ADF80E0014F8010C1022C0F3400032
:1005B0008DF810002868CDF81100A888ADF8150056
:1005C00015F8010C2C99C0F340008DF81700504627
:1005D000FCF7AFFE584610222299FCF7AAFE864887
:1005E0003523083802AA40688DF83C90CDE90076A2
:1005F0000E901AA92098FFF7FFFE23B0BDE8F08FF8
:10060000F0B59BB00C460546DDE922101E461746A4
:10061000DDE92032D0F801C0CDF808C0B0F805C03F
:10062000ADF80CC00078C0F340008DF80E00D1F892
:100630000100CDF80F00B1F80500ADF813000878FF
:100640001946C0F340008DF815001088ADF816006B
:1006500090788DF818000DF119001022FCF769FE52
:100660000DF1290010223146FCF763FE0DF139002F
:1006700010223946FCF75DFE17A913A8CDE9000149
:10068000412302AA21462846FFF7B6FE1BB0F0BD63
:10069000F0B5A3B017460D4604461E46102202A828
:1006A0002899FCF746FE06A820223946FCF741FEB1
:1006B0000EA820222946FCF73CFE1EA91AA8CDE967
:1006C0000001502302AA314616A8FFF795FE16989E
:1006D000206023B0F0BDF0B589B00446DDE90E0717
:1006E0000D463978109EC1F340018DF80010317825
:1006F0009446C1F340018DF801101968CDF802103D
:100700009988ADF8061099798DF808100168CDF830
:1007100009108188ADF80D1080798DF80F00102335
:100720006A46614604A8FFF74CFE2246284604A903
:10073000FEF78FF9D6F801000090B6F80500ADF885
:100740000400D7F80100CDF80600B7F80500ADF8B1
:100750000A000020039010236A46214604A8FFF7F0
:1007600030FE2246284604A9FEF773F909B0F0BD11
:100770001FB51C6800945B6801931368029352686C
:100780000392024608466946FEF763F91FBD10B59D
:1007900088B00446106804905068059000200690C8
:1007A000079008466A4604A9FEF753F9BDF8000011
:1007B000208008B010BD1FB51288ADF800201A883F
:1007C000ADF80220002201920292039202460846EE
:1007D0006946FEF73EF91FBD7FB5074B1446054637
:1007E000083B9A1C6846FFF7E6FF22466946284602
:1007F000FFF7CDFF7FBD000022B2010070B50446B7
:1008000000780E46012813D0052802D0092813D1FC
:100810000EE0A06861690578042003F07FFA052DD9
:100820000AD0782300220420616903F0CDF903E0A7
:100830000420616903F072FA31462046BDE8704039
:1008400001F08AB810B500F12D03C2799C78411DE2
:10085000144064F30102C271D2070DD04A795C7969
:1008600022404A710A791B791A400A718278C97844
:100870008A4200D9817010BD00224A71F5E74178A3
:10088000012900D00C21017070472DE9F04F93B081
:100890004FF0000B0C690D468DF820B00978012649
:1008A0000C2017464FF00D084FF0110A4FF00809C1
:1008B0001B2975D2DFE811F01B00C40207031F03D8
:1008C0005E037103A303B803F9031A0462049504D9
:1008D000A204EF042D05370555056005F30536061E
:1008E000390668068406FE062207EB06F00614B1F8
:1008F00020781D282AD0D5F808805FEA08004FD05C
:1009000001208DF82000686A02220D908DF82420C5
:100910000A208DF82500A8690A90A8880028EED042
:1009200098F8001091B10F2910D27DD2DFE801F0C4
:100930007C1349DEFCFBFAF9F8F738089CF6F50061
:1009400002282DD124B120780C2801D00026F0E314
:100950008DF82020CBE10420696A03F0DFF9A88834
:100960000728EED1204600F0F2FF022809D02046E9
:1009700000F0EDFF032807D9204600F0E8FF072824
:1009800002D20120207004E0002CB8D02078012889
:10099000D7D198F80400C11F0A2902D30A2061E0C8
:1009A000C4E1A070D8F80010E162B8F80410218604
:1009B00098F8060084F83200012028700320207087
:1009C00044E00728BDD1002C99D020780D28B8D15B
:1009D00098F8031094F82F20C1F3C000C2F3C002AE
:1009E000104201D0062000E00720890707D198F8BF
:1009F00005100142D2D198F806100142CED194F8E8
:100A0000312098F8051020EA02021142C6D194F86C
:100A1000322098F8061090430142BFD198F80400A4
:100A2000C11F0A29BAD200E008E2617D81427CD868
:100A3000D8F800106160B8F80410218198F8060019
:100A4000A072012028700E20207003208DF8200055
:100A5000686A0D9004F12D000990601D0A900F3016
:100A60000B9022E12875FCE3412891D1204600F04B
:100A70006EFF042802D1E078C00704D1204600F0C0
:100A800066FF0F2884D1A88CD5F80C8080B24FF077
:100A9000400BE669FFF745FC324641465B464E4651
:100AA000CDF80090FFF741F80B208DF82000686A20
:100AB0000D90E0690990002108A8FFF79FFE2078BB
:100AC000042806D0A07D58B1012809D003280AD0F7
:100AD0004AE305202070032028708DF82060CEE1C5
:100AE00084F800A032E712202070EAE11128BCD17E
:100AF000204600F02CFF042802D1E078C00719D06E
:100B0000204600F024FF062805D1E078C00711D167
:100B1000A07D02280ED0204608E0CCE084E072E1FF
:100B200051E124E103E1E9E019E0B0E100F00FFF59
:100B300011289AD1102208F1010104F13C00FCF7C0
:100B4000F8FB607801286ED012202070E078C00792
:100B500060D0A07D0028C8D00128C6D05AE0112856
:100B600090D1204600F0F3FE082804D0204600F083
:100B7000EEFE132886D104F16C00102208F1010169
:100B80000646FCF7D6FB207808280DD014202070EC
:100B9000E178C8070DD0A07D02280AD06278022A29
:100BA00004D00328A1D035E00920F0E708B10128DE
:100BB00037D1C80713D0A07D02281DD00020009097
:100BC000D4E9062133460EA8FFF777FC10220EA9C0
:100BD00004F13C00FCF780FBC8B1042042E7D4E9F3
:100BE0000912201D8DE8070004F12C0332460EA8DF
:100BF000616BFFF770FDE9E7606BC1F34401491ECB
:100C00000068C84000F0010040F08000D7E720787D
:100C1000092806D185F800908DF8209036E32870D9
:100C2000EFE30920FBE79EE1112899D1204600F06F
:100C30008EFE0A2802D1E078C00704D1204600F0D9
:100C400086FE15288CD104F13C00102208F1010128
:100C50000646FCF76EFB20780A2816D01620207076
:100C6000D4E90932606B611D8DE80F0004F15C036B
:100C700004F16C0247310EA8FFF7C2FC10220EA946
:100C80003046FCF729FB18B1F9E20B20207073E223
:100C90002046FFF7D7FDA078216AC0F110020B189B
:100CA00000211846FCF76FFB26E3394608A8FFF73A
:100CB000A5FD06463CE20228B7D1204600F047FEDB
:100CC000042804D3204600F042FE082809D3204619
:100CD00000F03DFE0E2829D3204600F038FE1228F1
:100CE00024D2A07D0228A0D10E208DF82000686AB1
:100CF0000D9098F801008DF82400F5E3022894D1B6
:100D0000204600F024FE002810D0204600F01FFEF0
:100D10000128F9D0204600F01AFE0C28F4D0042057
:100D20008DF8240098F801008DF8250060E2112864
:100D3000FCD1002CFAD020781728F7D16178606AAE
:100D4000022912D05FF0000101EB4101182606EBE9
:100D5000C1011022405808F10101FCF7EAFA042011
:100D6000696A00F0E7FD2670F0E50121ECE70B2849
:100D7000DCD1002CDAD020781828D7D16078616ACD
:100D800002281CD05FF0000000EB4002102000EBB6
:100D9000C2000958B8F8010008806078616A02282A
:100DA0000FD0002000EB4002142000EBC2000958D5
:100DB000404650F8032F0A604068486039E001203F
:100DC000E2E70120EEE71128B0D1002CAED0207868
:100DD0001928ABD16178606A022912D05FF0000156
:100DE00001EB41011C2202EBC1011022405808F125
:100DF0000101FCF79EFA0420696A00F09BFD1A20AD
:100E0000B6E00121ECE7082890D1002C8ED02078A4
:100E10001A288BD1606A98F80120017862F34701A3
:100E20000170616AD8F8022041F8012FB8F8060075
:100E300088800420696A00F07DFD90E2072011E6B9
:100E40003878012894D1182204F114007968FCF74D
:100E500070FAE079C10894F82F0001EAD001E07837
:100E600061F30000E070217D002974D1217803290D
:100E700009D0C00725D0032028708DF82090686A1B
:100E80000D90412008E3607DA178884201D90620B9
:100E9000E8E502262671E179204621F0E001E171C2
:100EA000617A21F0F0016172A17A21F0F001A17262
:100EB000FFF7C8FC2E708DF82090686A0D9007200F
:100EC000EAE20420ABE6387805289DD18DF82000B1
:100ED000686A0D90B8680A900720ADF824000A9857
:100EE0008DF830B06168016021898180A17A8171BB
:100EF00004202070F8E23978052985D18DF820107A
:100F0000696A0D91391D09AE0EC986E80E004121AE
:100F1000ADF824108DF830B01070A88CD7F80C8084
:100F200080B24026A769FFF70EFA41463A4633469B
:100F3000C846CDF80090FEF72CFE002108A8FFF768
:100F40005DFCE07820F03E00801CE07020780528F1
:100F500002D00F200CE04AE1A07D20B1012802D090
:100F6000032802D002E10720BEE584F80080EDE40A
:100F70002070EBE4102104F15C0002F0E8FB606BF0
:100F8000B0BBA07D18B1012801D00520FDE00620EE
:100F90002870F8486063A063C2E23878022894D1D0
:100FA000387908B12875B7E3A07D022802D003285C
:100FB00005D022E0B8680028F5D060631CE06078B6
:100FC000012806D0A07994F82E10012805D0E94810
:100FD00006E0A17994F82E00F7E7B8680028E2D07F
:100FE0006063E078C00701D0012902D0E14803E046
:100FF00003E0F8680028D6D0A06306200FE68DF83D
:101000002090696A0D91E1784846C90709D0617856
:10101000022903D1A17D29B1012903D0A17D032992
:1010200000D00720287033E138780528BBD120781C
:1010300007281ED084F800A005208DF82000686ADB
:101040000D90B8680A90ADF824A08DF830B0032157
:101050000170E178CA070FD0A27D022A1AD00021C0
:101060000091D4E9061204F15C03401CFFF725FA55
:101070006BE384F80090DFE7D4E90923211D8DE8B4
:101080000E0004F12C0304F15C02401C616BFFF7BD
:1010900022FB5AE3626BC1F34401491E1268CA4045
:1010A00002F0010141F08001DAE738780528BDD16E
:1010B0008DF82000686A0D90B8680A90ADF824A0F9
:1010C0008DF830B0042100F8011B102204F15C01FE
:1010D000FCF72FF9002108A8FFF790FB20780928DA
:1010E00001D0132044E70A2020709AE5E078C10778
:1010F00042D0A17D012902D0022927D038E06178B1
:1011000008A8012916D004F16C010091D4E9061257
:1011100004F15C03001DFFF7BBFA0A2028700326C8
:101120008DF82080686A0D90002108A8FFF766FB03
:10113000E1E2C7E204F15C010091D4E9062104F187
:101140006C03001DFFF7A4FA0026E9E7C0F3440191
:1011500014290DD24FF0006101EBB0104FEAB060DE
:10116000E0706078012801D01020BDE40620FFE681
:10117000607801283FF4B6AC0A2050E5E178C90751
:1011800008D0A17D012903D10B202870042030E074
:1011900028702EE00E2028706078616B012818D02E
:1011A00004F15C0304F16C020EA8FFF7E1FA20469B
:1011B000FFF748FBA0780EAEC0F1100230440021CA
:1011C000FCF7E1F806208DF82000686A09960D907A
:1011D0009BE004F16C0304F15C020EA8FFF7C8FA6F
:1011E000E8E73978022903D139790029D0D0297567
:1011F00092E28DF82000686A0D9056E5387807284D
:10120000F6D1D4E909216078012808D004F16C00F6
:10121000CDE90002029105D104F16C0304E004F170
:101220005C00F5E704F15C0304F14C007A680646C3
:10123000216AFFF763F96078012822D1A078216A3A
:10124000C0F110020B1800211846FCF79CF8D4E9F5
:101250000923606B04F12D018DE80F0004F15C039C
:1012600000E05BE204F16C0231460EA8FFF7C8F91A
:1012700010220EA904F13C00FCF72EF808B10B2057
:10128000ACE485F8008000BF8DF82090686A0D906E
:101290008DF824A009E538780528A9D18DF820001B
:1012A000686A0D90B8680A90ADF824A08DF830B047
:1012B00080F80080617801291AD0D4E9092104F16D
:1012C0002D03A66B03910096CDE9013204F16C0366
:1012D00004F15C0204F14C01401CFFF791F900217C
:1012E00008A8FFF78BFA6078012805D015203FE6A3
:1012F000D4E90912631DE4E70E20287006208DF85A
:101300002000686ACDF824B00D90A0788DF82800F0
:10131000CBE438780328C0D1E079C00770D00F2023
:101320002870072065E7387804286BD11422391D0E
:1013300004F11400FBF7FDFF616A208CA1F809009D
:10134000616AA078C871E179626A01F003011172E3
:10135000616A627A0A73616AA07A81F824001620B1
:101360005DE485F800A08DF82090696A50460D91E3
:1013700092E0000022B201003878052842D1B86816
:10138000A8616178606A022901D0012100E0002192
:1013900001EB4101142606EBC1014058082102F07F
:1013A000D6F96178606A022901D0012100E00021AC
:1013B00001EB410106EBC101425802A8E169FFF7C8
:1013C0000BFA6078626A022801D0012000E0002058
:1013D00000EB4001102000EBC1000223105802A9CD
:1013E0000932FEF7EEFF626AFD4B0EA80932A169D1
:1013F000FFF7E1F96178606A022904D0012103E076
:1014000044E18DE0BFE0002101EB4101182606EB2D
:10141000C101A27840580EA9FBF78BFF6178606A82
:10142000022901D0012100E0002101EB410106EB7E
:10143000C1014158A0780B18C0F1100200211846D4
:10144000FBF7A1FF05208DF82000686A0D90A869C0
:101450000A90ADF824A08DF830B0062101706278B2
:10146000616A022A01D0012200E0002202EB42025E
:1014700006EBC202401C89581022FBF75AFF0021DC
:1014800008A8FFF7BBF91220C5F818B028708DF82E
:101490002090686A0D900B208DF8240005E43878C0
:1014A000052870D18DF82000686A0D90B8680A9000
:1014B0000B20ADF824000A98072101706178626A58
:1014C000022901D0012100E0002101EB410310219C
:1014D00001EBC30151580988A0F801106178626AD4
:1014E000022902D0012101E02FE1002101EB41039B
:1014F000142101EBC30151580A6840F8032F4968D1
:10150000416059E01920287001208DF8300074E600
:10151000162028708DF830B0002108A8FFF76EF96A
:10152000032617E114202870AEE6387805282AD162
:101530008DF82000686A0D90B8680A90ADF824A074
:101540008DF830B080F800906278616A4E46022AC9
:1015500001D0012200E0002202EB42021C2303EB37
:10156000C202401C89581022FBF7E3FE002108A8A4
:10157000FFF744F9152028708DF82060686A0D90F7
:101580008DF8246039E680E0387805287DD18DF823
:101590002000686A0D90B8680A90ADF8249009217F
:1015A00001706169097849084170616951F8012F3A
:1015B000C0F802208988C18020781C28A8D1A1E722
:1015C000E078C00702D04FF0060C01E04FF0070CA6
:1015D000607802280AD000BF4FF0000000EB040141
:1015E00001F1090105D04FF0010004E04FF00100C6
:1015F000F4E74FF000000B78204413EA0C030B7063
:1016000010F8092F02EA0C02027004D14FF01B0CF3
:1016100084F800C0D2B394F801C0BCF1010F00D02F
:101620009BB990F800C0E0465FEACC7C04D028F07B
:1016300001060670102606E05FEA887C05D528F0D2
:101640000206067013262E70032694F801C0BCF122
:10165000020F00D092B991F800C05FEACC7804D0B4
:101660002CF001060E70172106E05FEA8C7805D594
:101670002CF002060E701921217000260078D0BBD4
:10168000CAB3C3BB1C20207035E012E002E03878FA
:10169000062841D11A2015E4207801283CD00C28D6
:1016A0003AD02046FFF7EBF809208DF82000686A51
:1016B0000D9031E03878052805D0062038700326D3
:1016C0001820287046E005208DF82000696A0D91E9
:1016D000B9680A910221ADF8241001218DF830106B
:1016E0000A990870287D4870394608A8FFF786F8DF
:1016F000064618202870012E0ED02BE001208DF810
:101700002000686A0D9003208DF82400287D8DF854
:10171000250085F814B012E0287D80B11D202070CE
:10172000172028708DF82090686A0D9002208DF89F
:101730002400394608A8FFF761F806460AE00CB114
:10174000FE2020709DF8200020B1002108A8FFF79E
:1017500055F80CE413B03046BDE8F08F2DE9F043A6
:1017600087B00C464E6900218DF8041001202578C1
:10177000034602274FF007094FF0050C85B1012DF4
:1017800053D0022D39D1FE2030708DF80030606AC0
:10179000059003208DF80400207E8DF8050063E09D
:1017A0002179012925D002292DD0032928D0042907
:1017B00023D1B17D022920D131780D1F042D04D30E
:1017C0000A3D032D01D31D2917D12189022914D3E4
:1017D0008DF80470237020899DF80410884201E080
:1017E0001AB2010018D208208DF80000606A059036
:1017F00057E070780128EBD0052007B0BDE8F083F2
:101800001D203070E4E771780229F5D131780C2978
:10181000F3D18DF80490DDE7083402F804CB94E8A6
:101820000B0082E80B000320E7E71578052DE4D1D3
:101830008DF800C0656A0595956802958DF81010C1
:1018400094F80480B8F1010F13D0B8F1020F2DD035
:10185000B8F1030F1CD0B8F1040FCED1ADF804706D
:101860000E202870207E687000216846FEF7C6FFB3
:101870000CE0ADF804700B202870207E002100F0F1
:101880001F0068706846FEF7B9FF37700020B4E7A4
:10189000ADF804708DF8103085F800C0207E6870B7
:1018A000277011466846FEF7A9FFA6E7ADF8049039
:1018B0002B70207F6870607F00F00100A870A07F0F
:1018C00000F01F00E870E27F2A71C0071CD094F876
:1018D000200000F00700687194F8210000F0070074
:1018E000A87100216846FEF789FF2868F062A88881
:1018F0003086A87986F83200A0694078707528791A
:10190000B0700D203070C1E7A9716971E9E700B5C9
:1019100087B004280CD101208DF800008DF8040058
:10192000002005918DF8050001466846FEF766FF28
:1019300007B000BD70B50C46054602F0EFF9214630
:101940002846BDE870407823002202F03DB908B176
:10195000007870470C20704770B50C0005784FF088
:1019600000010CD021702146F1F757FC694821781D
:10197000405D884201D1032070BD022070BDF1F7A7
:101980004CFC002070BD0279012A05D000220A70AB
:101990004B78012B02D003E0042070470A758A615E
:1019A00002799300521C0271C15003207047F0B5B8
:1019B00087B00F4605460124287905EB800050F8D2
:1019C000046C7078411E02290AD252493A460839FD
:1019D00001EB8000314650F8043C28469847044605
:1019E0000CB1012C11D12879401E10F0FF00287194
:1019F00001D00324E0E70A208DF80000706A05900A
:101A0000002101966846FFF7A7FF032CD4D007B04A
:101A10002046F0BD70B515460A46044629461046D4
:101A2000FFF7C5FF064674B12078FE280BD1207C55
:101A300030B100202870294604F10C00FFF7B7FFF1
:101A40002046FEF71CFF304670BD704770B50E464D
:101A500004467C220021FBF796FC0225012E03D0D0
:101A6000022E04D0052070BD0120607000E065707A
:101A70002046FEF704FFA575002070BD28B1027C4A
:101A80001AB10A4600F10C01C4E70120704710B5F5
:101A9000044686B0042002F041F92078FE2806D0E2
:101AA00000208DF8000069462046FFF7E7FF06B0EA
:101AB00010BD7CB50E4600218DF804104178012937
:101AC00003D0022903D0002405E0046900E0446942
:101AD0000CB1217C89B16D4601462846FFF753FFC2
:101AE000032809D1324629462046FFF793FF9DF887
:101AF0000410002900D004207CBD04F10C05EBE7A4
:101B000030B40C460146034A204630BC024B0C3A26
:101B1000FEF751BE60B201001AB2010070B50D4669
:101B2000040012D08DB1220100212846FBF72BFCC6
:101B3000102255492846FBF7FCFB53480121083881
:101B4000018044804560002070BD012070BD70B5EB
:101B50004D4E00240546083E10E07068AA7B00EB5D
:101B60000410817B914208D1C17BEA7B914204D170
:101B70000C222946FBF7B0FB30B1641C308884424C
:101B8000EBDB4FF0FF3070BD204670BD70B50D46E9
:101B9000060006D02DB1FFF7DAFF002803DB401C5A
:101BA00014E0102070BD384C083C20886288411C2D
:101BB000914201D9042070BD6168102201EB001030
:101BC0003146FBF7B6FB2088401C2080287000209F
:101BD00070BD2D480838008870472B49083908889F
:101BE000012802D0401E08800020704770B51446BE
:101BF0000D0018D0BCB10021A170022802D010281D
:101C000011D105E0288870B10121A170108008E091
:101C10002846FFF79CFF002805DB401CA070A88920
:101C20002080002070BD012070BD70B505461446AF
:101C30000E000BD000203070A878012808D005D9FC
:101C40001149A1F108010A8890420AD9012070BD0A
:101C500024B1287820702888000A5070022008706B
:101C60000FE064B14968102201EB001120461039E1
:101C7000FBF75FFB287820732888000A6073102028
:101C80003070002070BD0000880000202DE9F04178
:101C900090460C4607460025C2EB4811FE48072F28
:101CA00000EB410607D2DFE807F007070707040447
:101CB0000400012500E0FFDF06F81470002D13D0AA
:101CC000F5487C3000EB880191F827001F2803D0ED
:101CD00006EB4000447001E081F8264006EB440228
:101CE0001F20507081F82740BDE8F081F0B51F46F5
:101CF00014460E4605461F2A00D1FFDFE648C7EB13
:101D0000471100EB410CE4490CEB44007C3101EB42
:101D100087021F2E07D00CEB460140784B784870A5
:101D200018461F210AE092F82530407882F82500F5
:101D3000F6E701460CEB410005704078A142F8D16E
:101D400092F827401F2C03D00CEB4404637001E091
:101D500082F826300CEB41041F23637082F82710B1
:101D6000F0BD30B50D46CD4B44190022181A72EB68
:101D7000020100D2FFDFCA48854200DDFFDFC8480C
:101D80004042854200DAFFDFC448401C844207DA43
:101D9000002C01DB204630BDC048401C201830BD5F
:101DA000BE48C043FAE710B504460168407ABD4A10
:101DB00052F82020114450B10220084420F07F4006
:101DC000F8F759FD94F90810BDE81040C9E7042060
:101DD000F3E72DE9F047B04E7C3696F82D50DFF84A
:101DE000B89206EB850090F8264036E0C5EB451129
:101DF00009EB41074FF0070817F81400012806D037
:101E000004282ED005282ED0062800D0FFDF01F0B0
:101E100045F9014607EB4400427806EB850080F85F
:101E2000262090F82720A24202D11F2280F82720E6
:101E3000084601F03EF92A4621460120FFF726FF19
:101E40009948414600EB041002682046904796F8F6
:101E50002D5006EB850090F826401F2CC6D1BDE81A
:101E6000F087022000E003208046D0E710B58A4CBE
:101E70001F217C3484F8251084F8261084F827105C
:101E8000002084F8280084F82D0084F82E10411ECC
:101E9000A16044F8100B2074607420736073A07309
:101EA0008249E07720750870487000217A4A103C1A
:101EB00002F81100491CC9B21F29F9D30120F8F713
:101EC000CAFB0020F8F7C7FB012084F82200F9F7CD
:101ED00037F87748F9F749F8744CA41E2070754814
:101EE000F9F743F86070BDE81040F8F741BB10B552
:101EF000F8F763FB6D4CA41E2078F9F74FF8607873
:101F0000F9F74CF8BDE8104001F000B91F20704708
:101F10000020F8F779BB70B5054601240E46AC40A9
:101F20005AB1FFF7F5FF0146634800EBC500C0F862
:101F30001015C0F81465614801E06048001D046098
:101F400070BD2DE9F34F544D00247C3505EB810A1B
:101F500089B09AF825001F2823D0611E02915249AA
:101F6000009401EB0017391D03AB07C983E8070094
:101F700005F11400A0460189ADF81C10807A8DF897
:101F80001E009DF81500C8B10226464951F82040B0
:101F90000399A219114421F07F41019184B10221DA
:101FA0000FE00120F8F757FB0020F8F754FBF8F793
:101FB00022FB01F0ABF885F82F40A9E00426E4E706
:101FC00000218DF81810022801D0012820D1039893
:101FD00001190998081A801C9DF81C1020F07F40F8
:101FE00001B10221353181420BD203208DF8150059
:101FF0000398C4F13201401A20F07F40322403904C
:102000000CE095F8240018B901F063FA002863D0B9
:10201000322C03D214B101F06DF801E001F076F832
:10202000224A107818B393465278039B121B002162
:102030009DF81840994601281AD0032818D000208E
:102040008DF81E00002A04DD981A039001208DF8F7
:1020500018009DF81C0000B102210398184A20F0D6
:102060007F40039003AB099801F05CF810B110E0D9
:102070000120E5E79DF81D0018B99BF80000032832
:1020800029D08DF81C80CDF80C908DF818408DF873
:102090001E809DF8180015E0DC080020FF7F841EDC
:1020A0000020A10770B20100EC0600209A00002079
:1020B000773A0100D31D010000F0014004F5014012
:1020C000FFFF3F0058B103980123811900221846F1
:1020D000F8F714FB06E000200BB0BDE8F08F0120FC
:1020E000F8F7B9FA97F90C20012300200199F8F7C5
:1020F00005FBF87BC00701D0F8F7E9FB012085F864
:102100002F008AF8288020226946FE48FBF711F943
:102110000120E1E72DE9F05FDFF8E883064608EBF0
:10212000860090F825501F2D21D0A8F17C01C6EB28
:1021300046102C4601EB4007A1F5F879DFF8C8B34B
:1021400005E0A24607EB4A0044781F2C0AD0F8F7B6
:1021500020FB09EB04135A4601211B1D00F0E2FF8E
:102160000028EED0AC4202D0334652461EE0E7488B
:1021700008B1AFF30080F8F70CFB98F82F206AB194
:10218000D8F80C20411C891A0902CA1701EB126108
:102190000912002902DD0020BDE8F09F3146FFF75B
:1021A000D0FE08B10120F7E733462A461F2104205C
:1021B000FFF79CFDEFE72DE9F041D24C2569F8F7D8
:1021C000E8FA401B0002C11700EB1160001200D4B6
:1021D000FFDF94F8220000B1FFDF012784F82270AE
:1021E00094F82E001F2800D1FFDF94F82E601F20E6
:1021F00084F82E00002584F82F5084F8205084F8AD
:102200002150C34825600078022835D0032833D0F8
:1022100000202077A068401C05D04FF0FF30A06060
:102220000120F8F718FA0020F8F715FAF8F711FB73
:10223000F8F709FBF8F7DFF908F0C6F8B5480560CC
:1022400005604FF0E0214FF40040B846C1F880022D
:10225000F0F7B5FE94F82D703846FFF75BFF0028C5
:10226000FAD0A849C7EB47107C3901EB400010F8C1
:102270001600022802D006E00120CAE73A4631469D
:102280000620FFF703FD84F8238004EB870090F815
:1022900026001F2804D09E48801E4078F8F784FE50
:1022A000207F002803D0F8F7C4FA257765771BE56F
:1022B000944910B591F82D20924B0024C2EB4211A5
:1022C0007C3B03EB410100BF11F814302BB1641CBF
:1022D000E4B21F2CF8D31F2010BD8F4901EB04116D
:1022E00008600020C87321460120FFF7CFFC20467C
:1022F00010BD10B5012801D0032800D181B3814A57
:1023000092F82D307F4C0022C3EB43137C3C04EB4E
:10231000430300BF13F812400CB1082010BD521C3B
:10232000D2B21F2AF6D37A4A48B1022807D0072929
:1023300017D2DFE801F01606080A0C0E1000002183
:102340000AE01B2108E03A2106E0582104E0772149
:1023500002E0962100E0B52151701070002010BD00
:10236000FFE70720FBE76A4810B54078F8F783FAE3
:1023700080B2F4E710B51F2815D2624991F82D20DC
:10238000C2EB4213A1F17C0202EB430414F81030BB
:102390004BB191F82D30C3EB431302EB430212F81B
:1023A0001020012A01D00020D9E791F82D20014604
:1023B0000020FFF76BFC0120D1E710B5F8F7E9F931
:1023C000BDE81040F8F757BA2DE9F0410E464D4FE1
:1023D00001781F257C3FC3EB43130C4607EB4303F7
:1023E00003E0254603EB45046478944202D01F2C99
:1023F000F7D108E01F2C06D0A14206D103EB410122
:102400004978017007E000206EE403EB440003EB21
:10241000450140784870414F7EB127B1002140F21C
:102420002D40AFF300803078A04206D127B10021C3
:102430004FF48660AFF30080357027B1002140F281
:102440003540AFF3008001204EE410B542680B68C0
:102450009A1A1202D41702EB1462121216D4497A95
:1024600091B1427A82B92E4A006852F8211012685E
:1024700019441044001D891C081A0002C11700EB02
:1024800011600012322801DB012068E7002066E7B6
:102490002DE9F0478146204EC1EB411006F5F87159
:1024A0009846144601EB400713E000BF06EB041505
:1024B000291D4846FFF7C9FF68B988F80040A97B85
:1024C00099F80A00814201D80020C8E407EB4400D3
:1024D00044781F2CEAD10120C1E42DE9F04782465F
:1024E00008480E4600EB8600DFF82C8090F8254067
:1024F0001F201070C1EB46109946154608F5F8717B
:1025000010E0000058090020FFFF3F00000000001D
:102510009A00002000F50040EC06002000000000BA
:1025200070B2010001EB40070BE000BF08EB0410A4
:102530005146001DFFF789FF28B107EB44002C70BE
:1025400044781F2CF2D1297889F800104B46224696
:1025500031465046BDE8F0479AE72DE9FC410E466A
:1025600007460024FE4D08E09DF8000005EB001032
:102570008168384600F0EAFD01246B4601AA314625
:102580003846FFF7AAFF0028EED02046BDE8FC81C0
:1025900070B50446C0EB44110125F248A54300EB99
:1025A0004101C5EB451200EB42003E22FAF7C1FEA5
:1025B000ED4E26B100214FF49360AFF30080E9485F
:1025C0007C3000EB850100EB8400D0F82500C1F8D9
:1025D000250026B1002140F29C40AFF30080284640
:1025E00070BD8A4203D003460520FFF77FBB1F2939
:1025F00008D0DC4AC0EB401002EB400000EB410089
:1026000040787047D7497C3101EB800090F8250075
:102610007047D34901EB0010001DFFF7C4BB7CB528
:102620001D46134604460E4600F108022146184690
:10263000F8F72EF994F908000F2804DD1F382072EE
:102640002068401C206096B10220C84951F826102D
:10265000461820686946801B20F07F40206094F96E
:1026600008002844C01C1F2803DA012009E00420C8
:10267000EBE701AAF8F70CF99DF8040010B10098F7
:10268000401C00900099206831440844C01C20F090
:102690007F4060607CBDFEB50C46064609786079D7
:1026A000907220791F461546507279B12179002227
:1026B0002846A368FFF7B3FFAA4928467C3191F862
:1026C0002E201F2A0AD00969491D0DE0D4E90223F2
:1026D000217903B02846BDE8F040A0E7A449497835
:1026E000052900D20521314421F07F4100F02EFD63
:1026F00039462846FFF731FFD4E90232217968468E
:10270000FFF78DFF2B4600213046019A00F00AFDAD
:10271000002806D103B031462846BDE8F04000F05D
:1027200015BDFEBD2DE9FE4F814600F0CBFC38B152
:102730005FF0000799F8000020B10020BDE8FE8F8F
:102740000127F7E7874D884C4FF0000A7C3524B10C
:10275000002140F2FF40AFF3008095F82D8085F80E
:1027600023A0002624B1002140F20450AFF30080E2
:102770001FB94046FFF70CFF804624B1002140F20C
:102780000C50AFF30080F8F704F843466A46494618
:10279000FFF781FF24B1002140F21250AFF3008017
:1027A00095F82E001F280CD029690098401A0002C5
:1027B000C21700EB1260001203D5684600F0C6FC99
:1027C000012624B1002140F21C50AFF3008095F89F
:1027D00023000028BBD124B1002140F22250AFF3E6
:1027E0000080F7F7D6FF6B46624A002100F09AFCA2
:1027F0000028A3D027B941466846FFF7AEFE06433E
:1028000026B16846FFF7CFFAC9F8080024B10021C5
:1028100040F23550AFF3008001208FE72DE9F04FF3
:1028200089B08B46824600F04DFC4E4C7C3428B378
:102830009BF80000002710B1012800D0FFDF4A4DAF
:1028400025B1002140F2F750AFF300804449012048
:1028500001EB0A18A94607905FEA090604D0002197
:1028600040F2FF50AFF30080079800F022FC94F88C
:102870002D50002084F8230067B119E094F82E0051
:1028800001271F2800D1FFDF9BF800000028D6D0C9
:10289000FFDFD4E72846FFF77BFE054626B100217F
:1028A00040F20960AFF3008094F823000028D3D1F0
:1028B00026B1002140F21360AFF30080F7F769FF03
:1028C0002B4602AA59460790FFF7E5FE98F80F003D
:1028D0005FEA060900F001008DF8130004D0002122
:1028E00040F21D60AFF300803B462A4602A9CDF8B6
:1028F00000A0079800F035FC064604EB850090F830
:1029000028000090B9F1000F04D0002140F22460AB
:10291000AFF3008000F0C2FB0790B9F1000F04D0C4
:10292000002140F22A60AFF3008094F823000028D1
:1029300092D1B9F1000F04D0002140F23260AFF320
:1029400000800DF1080C9CE80E00C8E90112C8F8DF
:102950000C30BEB35FEA090612D000210CE0000083
:10296000EC060020DC0800200000000070B201002E
:102970009A000020FFFF3F0040F23F60AFF300806D
:102980000098B84312D094F82E001F280ED126B11B
:10299000002140F24460AFF300802846FFF7BAFB05
:1029A00020B99BF80000D8B3012849D0B9F1000F35
:1029B00004D0002140F26160AFF30080284600F0AF
:1029C00066FB01265FEA090504D0002140F26A6037
:1029D000AFF30080079800F06CFB25B1002140F2B6
:1029E0006E60AFF300808EB194F82D0004EB800090
:1029F00090F826001F2809D025B1002140F275600B
:102A0000AFF30080F9484078F8F7CEFA25B10021FD
:102A100040F27A60AFF3008009B03046BDE8F08F35
:102A2000FFE7B9F1000F04D0002140F24C60AFF392
:102A3000008094F82D2051460420FFF727F9C0E7C5
:102A4000002E3FF409AF002140F25760AFF3008041
:102A500002E72DE9F84FE64D814695F82D004FF03D
:102A60000008E44C4FF0010B474624B100214FF41D
:102A7000D160AFF30080584600F01BFB85F823704F
:102A800024B1002140F28D60AFF3008095F82D0055
:102A9000FFF77EFD064695F8230028B1002CE4D010
:102AA000002140F293604DE024B1002140F2976094
:102AB000AFF30080CE49C6EB46107C3901EB4001F4
:102AC00011F81900032856D1334605EB830A4A460C
:102AD0009AF82500904201D1012000E000200090EA
:102AE0000AF125000021FFF76FFC01460098014222
:102AF00003D001228AF82820AF77E1B324B1002166
:102B000040F29C60AFF30080324649460120FFF757
:102B1000BDF89AF828A024B1002140F2A760AFF3D5
:102B2000008000F0BBFA834624B1002140F2AC6083
:102B3000AFF3008095F8230038B1002C95D0002128
:102B40004FF4D660AFF300808FE7BAF1000F07D0E3
:102B500095F82E001F2803D13046FFF7DBFAE0B1CD
:102B600024B1002140F2C460AFF30080304600F091
:102B70008EFA4FF0010824B1002140F2CD60AFF38E
:102B80000080584600F095FA24B1002140F2D1604F
:102B9000AFF300804046BDE8F88F002CF1D0002153
:102BA00040F2BF60AFF30080E6E70120F7F72CBDED
:102BB0008E48007870472DE9F0418D4C94F82E0036
:102BC0001F2821D194F82D6004EB860797F8255033
:102BD0001F2D00D1FFDF8649C6EB46107C3901EB83
:102BE000400000EB4500407807F8250F0120F87001
:102BF00084F82300294684F82E50324602202234DD
:102C0000FFF744F8002020701EE42DE9F0417A4ED1
:102C1000774C012538B1012821D0022879D003282A
:102C20007DD0FFDF10E400F065FAFFF7C4FF207EDF
:102C300000B1FFDF84F821500020F7F70CFDA168F8
:102C4000481C04D0012300221846F7F757FD14F85A
:102C50002E0F217806EB01110A68012154E0FFF7DD
:102C6000AAFF0120F7F7F7FC94F8210050B1A06803
:102C7000401C07D014F82E0F217806EB01110A68CA
:102C8000062141E0207EDFF86481002708F1020878
:102C9000012803D002281ED0FFDFB5E7A777F7F79A
:102CA000C8FD98F80000032801D165772577607D7D
:102CB000524951F8200094F8201051B948B1616888
:102CC0000123091A00221846F7F718FD0220207682
:102CD0009AE7277698E784F8205000F00BFAA07F57
:102CE00050B198F8010061680123091A00221846C2
:102CF000F7F704FD257600E0277614F82E0F2178EB
:102D000006EB01110A680021BDE8F041104700E020
:102D100005E036480078BDE8F041F8F745B9FFF71F
:102D20004AFF14F82E0F217806EB01110A680521DD
:102D3000EAE710B52E4C94F82E001F2800D1FFDFD3
:102D400014F82E0F21782C4A02EB01110A68BDE815
:102D50001040042110477CB5254C054694F82E0000
:102D60001F2800D1FFDFA068401C00D0FFDF94F8CF
:102D70002E00214901AA01EB0010694690F90C00D0
:102D80002844F7F785FD9DF904000F2801DD012097
:102D900000E00020009908446168084420F07F4169
:102DA000A16094F82100002807D002B00123BDE8FB
:102DB000704000221846F7F7A1BC7CBD30B5104A20
:102DC0000B1A541CB3EB940F1ED3451AB5EB940F9A
:102DD0001AD3934203D9101A43185B1C14E095428E
:102DE00010D9511A0844401C43420DE098000020BD
:102DF0005809002000000000EC06002070B201001D
:102E0000FF7F841EFFDF0023184630BD0123002210
:102E100001460220F7F772BC0220F7F71CBCF7F757
:102E2000B8BC2DE9FE4FF24C05468A4694F82E00B8
:102E30001F2800D1FFDFEE4E94F82E10A04620464A
:102E4000A6F51B7202EB01141F218DF8001090F8FB
:102E50002D10376900EB8101D8F8000091F825901A
:102E6000284402AA01A90C36F7F712FD9DF90800C3
:102E7000002802DD0198401C0190A0680199642D92
:102E8000084453D3DB4B00225B1B72EB02014DD392
:102E90006168411A21F07F41B1F5800F46D220F0E0
:102EA0007F40706086F80AA098F82D1044466B4663
:102EB0004A463046FFF7ECFAB8B3A068401C10D081
:102EC000F7F767FCA168081A0002C11700EB116050
:102ED000001202282CDD0120F7F7BDFB4FF0FF3078
:102EE000A06094F82D009DF800201F210F34FFF7FB
:102EF00078FBA17FBE4AC1EB41117C3A02EB410154
:102F0000E27F01EB4201487054F80F0C284444F86A
:102F10000F0C012020759DF800001F2803D0B64833
:102F20004078F8F741F8012008E401E0002005E4CA
:102F30007760FBE72DE9F047AD4C074694F82D008C
:102F4000A4F17C06C0EB401006EB400010F817001F
:102F500000B9FFDF94F82D50A046A84C24B1002101
:102F600040F6E800AFF30080C5EB451040F6F409E9
:102F700040F6FD0A06EB400616F81700012819D0A6
:102F8000042811D005280FD006280DD01CB100212F
:102F90004846AFF3008007F0EBFE002CECD0002198
:102FA0005046AFF30080E7E72A4639460120FEF796
:102FB0006DFEF2E74FF0010A4FF00009454624B1DB
:102FC000002140F60410AFF30080504600F071F885
:102FD00085F8239024B1002140F60910AFF300805A
:102FE00095F82D00FFF7D4FA064695F8230028B18E
:102FF000002CE4D0002140F60F101FE024B1002186
:1030000040F61310AFF3008005EB860000F12701B6
:1030100033463A462630FFF7D7F924B1002140F66F
:103020001710AFF3008000F039F8824695F82300BE
:1030300038B1002CC3D0002140F61D10AFF3008042
:10304000BDE785F82D60012085F82300504600F08B
:1030500030F8002C04D0002140F62A10AFF3008095
:10306000BDE8F08730B5044661480D4690F82D0064
:103070005F49C0EB40107C3901EB400010F81400B0
:1030800000B9FFDF5E4800EB0410C57330BD58493E
:1030900081F82D00012081F82300704710B55948B0
:1030A00008B1AFF30080EFF3108000F0010072B6BA
:1030B00010BD10B5002804D1534808B1AFF300800B
:1030C00062B610BD51480068C005C00D10D0103860
:1030D00040B2002804DB00F1E02090F8000405E095
:1030E00000F00F0000F1E02090F8140D4009704747
:1030F0000820704710B53E4C94F82400002804D1F5
:10310000F7F746FC012084F8240010BD10B5384CB8
:1031100094F82400002804D0F7F763FC002084F81A
:10312000240010BD10B51C685B68241A181A24F01E
:103130007F4420F07F40A14206D8B4F5800F03D22F
:10314000904201D8012010BD002010BDD0E900320E
:10315000D21A21F07F43114421F07F41C0E90031B0
:1031600070472DE9FC418446214815460F46C2EBC5
:1031700045117C38089C00EB410616F81400012824
:1031800004D0022802D00020BDE8FC813B46204A42
:1031900001216046FFF7C6FFF0B101AB6A46294640
:1031A0003846FFF79AF9B8B19DF804209DF8001051
:1031B0002846FFF716FA06EB440148709DF8000018
:1031C0001F280DD006EB400044702A4621460320FC
:1031D000FEF75CFD0120D7E72A4621460420F7E7E9
:1031E0000348012100EB850000F8254FC170ECE792
:1031F00058090020FF1FA1079800002000000000D0
:10320000EC060020000000000000000004ED00E0DB
:10321000FFFF3F002DE9F041044680074FF0000515
:103220004FF001060CD56B480560066000F0DEF932
:1032300020B16948016841F48061016024F0020412
:10324000E0044FF0FF3705D564484660C0F80873C6
:1032500024F48054600003D56148056024F0804464
:10326000E0050FD55F48C0F80052C0F808735E490A
:103270000D60091D0D605C4A04210C32116006616D
:1032800024F48074A00409D558484660C0F8005260
:10329000C0F808735648056024F40054C4F3803025
:1032A000C4F3C031884200D0FFDF14F4404F14D083
:1032B00050484660C0F808734F488660C0F8005216
:1032C000C0F808734D490D600A1D16608660C0F88D
:1032D00008730D60166024F4404420050AD5484860
:1032E00046608660C0F80873C0F8487345480560BA
:1032F00024F4006407F042F84348044200D0FFDFA2
:10330000BDE8F081F0B50022202501234FEA020438
:1033100020FA02F1C9072DD051B2002910DB00BFFD
:103320004FEA51174FEA870701F01F0607F1E02720
:1033300003FA06F6C7F88061BFF34F8FBFF36F8FB4
:103340000CDB00BF4FEA51174FEA870701F01F0659
:1033500007F1E02703FA06F6C7F8806204DB01F103
:10336000E02181F8004405E001F00F0101F1E021C6
:1033700081F8144D02F10102AA42C9D3F0BD10B583
:10338000224C20600846F7F71CFC2068FFF742FF3C
:103390002068FFF7B7FF06F031FC00F088F906F06F
:1033A000EDFF06F02CFFF7F7CBFDBDE8104006F06F
:1033B000D9BC10B5154C2068FFF72CFF2068FFF72B
:1033C000A1FF06F0DBFFF7F7FBFC0020206010BD3B
:1033D0000A207047FC1F00403C17004000C000401E
:1033E00004E50140008000400485004000D000401A
:1033F00004D5004000E0004000F0004000F500402F
:1034000000B0004008B50040FEFF0FFD9C0000200A
:1034100070B526490A680AB30022154601244B6894
:103420005B1C4B600C2B00D34D600E7904FA06F345
:103430000E681E420FD0EFF3108212F0010272B636
:1034400000D001220C689C430C6002B962B6496846
:103450000160002070BD521C0C2AE0D3052070BD15
:103460004FF0E0214FF48000C1F800027047EFF305
:10347000108111F0010F72B64FF0010202FA00F252
:103480000A48036842EA0302026000D162B6E7E735
:1034900006480021016041607047012181400348D6
:1034A0000068084000D0012070470000A000002004
:1034B00001208107086070470121880741600021D1
:1034C000C0F80011184801707047174901200870B2
:1034D00070474FF08040D0F80001012803D0124817
:1034E0000078002800D00120704710480068C0070D
:1034F00000D0012070470D480C300068C00700D094
:10350000012070470948143000687047074910319E
:103510000A68D20306D5096801F00301814201D18E
:103520000120704700207047A800002008040040D8
:103530004FF08050D0F830010A2801D000207047A9
:103540000120704700B5FFF7F3FF20B14FF0805026
:10355000D0F8340108B1002000BD012000BD4FF0BB
:103560008050D0F83001062803D0401C01D0002044
:103570007047012070474FF08050D0F830010D287F
:1035800001D000207047012070474FF08050D0F8E4
:103590003001082801D000207047012070474FF00B
:1035A0008050D0F83001102801D000207047012051
:1035B000704700B5FFF7F3FF30B9FFF7DCFF18B92C
:1035C000FFF7E3FF002800D0012000BD00B5FFF7A2
:1035D000C6FF38B14FF08050D0F83401062803D32D
:1035E000401C01D0002000BD012000BD00B5FFF748
:1035F000B6FF48B14FF08050D0F83401062803D30D
:10360000401C01D0012000BD002000BD0021017040
:10361000084670470146002008707047EFF310819C
:1036200001F0010172B60278012A01D0012200E006
:1036300000220123037001B962B60AB1002070476D
:103640004FF400507047E9E7EFF3108111F0010FDC
:1036500072B64FF00002027000D162B600207047CF
:10366000F2E700002DE9F04115460E46044600271A
:1036700000F0EBF8A84215D3002341200FE000BF73
:1036800094F84220A25CF25494F84210491CB1FB19
:10369000F0F200FB12115B1C84F84210DBB2AB426B
:1036A000EED3012700F0DDF83846BDE8F08172491D
:1036B00010B5802081F800047049002081F8420094
:1036C00081F84100433181F8420081F841004331E3
:1036D00081F8420081F841006948FFF797FF684888
:1036E000401CFFF793FFF7F7B3FBBDE8104000F075
:1036F000B8B840207047614800F0A7B80A460146B4
:103700005E48AFE7402070475C48433000F09DB80A
:103710000A46014659484330A4E740210170002081
:10372000704710B504465548863000F08EF820707A
:10373000002010BD0A460146504810B58630FFF7FC
:1037400091FF08B1002010BD42F2070010BD70B516
:103750000C460646412900D9FFDF4A480068103868
:1037600040B200F054F8C5B20D2000F050F8C0B2DD
:10377000854201D3012504E0002502E00DB1F7F7F1
:10378000AAFB224631463D48FFF76CFF0028F5D0E2
:1037900070BD2DE9F0413A4F0025064617F10407A8
:1037A00057F82540204600F041F810B36D1CEDB2EB
:1037B000032DF5D33148433000F038F8002825D0E8
:1037C0002E4800F033F8002820D02C48863000F036
:1037D0002DF800281AD0F7F754FB2948FFF71EFFF1
:1037E000B0F5005F00D0FFDFBDE8F0412448FFF7EF
:1037F0002BBF94F841004121265414F8410F401C7E
:10380000B0FBF1F201FB12002070D3E74DE7002876
:1038100004DB00F1E02090F8000405E000F00F0068
:1038200000F1E02090F8140D4009704710F8411F96
:103830004122491CB1FBF2F302FB13114078814293
:1038400001D1012070470020704710F8411F4078D7
:10385000814201D3081A02E0C0F141000844C0B21D
:10386000704710B50648FFF7D9FE002803D1BDE820
:103870001040F7F7F1BA10BD0DE000E08809002014
:10388000AC00002004ED00E070B5154D2878401C18
:10389000C4B26878844202D000F0DBFA2C7070BDAC
:1038A0002DE9F0410E4C4FF0E02600BF00F0C6FAC3
:1038B00007F05EFA40BF20BF677820786070D6F8C6
:1038C0000052EDF759FD854305D1D6F8040210B931
:1038D0002078B842EAD000F0ACFA0020BDE8F081D0
:1038E000BC0000202DE9F04101264FF0E022310319
:1038F0004FF000084046C2F88011BFF34F8FBFF36E
:103900006F8F204CC4F800010C2000F02EF81E4DE3
:103910002868C04340F30017286840F01000286072
:10392000C4F8046326607F1C02E000BF07F020FAA1
:10393000D4F800010028F9D01FB9286820F0100041
:103940002860124805686660C4F80863C4F80081FE
:103950000C2000F00AF82846BDE8F08110B50446B6
:10396000FFF7C0FF2060002010BD002809DB00F039
:103970001F02012191404009800000F1E020C0F8C1
:103980008012704700C0004010ED00E008C5004004
:103990002DE9F047FF4C0646FF21A06800EB061218
:1039A00011702178FF2910D04FF0080909EB01119F
:1039B00009EB06174158C05900F0F4F9002807DD5B
:1039C000A168207801EB061108702670BDE8F08729
:1039D00094F8008045460DE0A06809EB05114158B8
:1039E000C05900F0DFF9002806DCA068A84600EB0B
:1039F00008100578FF2DEFD1A06800EB061100EB51
:103A000008100D700670E1E7F0B5E24B04460020A7
:103A100001259A680C269B780CE000BF05EB001787
:103A2000D75DA74204D106EB0017D7598F4204D0C7
:103A3000401CC0B28342F1D8FF20F0BD70B5FFF743
:103A4000EEF9D44C08252278A16805EB02128958BA
:103A500000F0A8F9012808DD2178A06805EB011124
:103A60004058BDE87040FFF7D1B9FFF7A1F8BDE8B5
:103A70007040F7F799BA2DE9F041C64C2578FFF769
:103A8000CEF9FF2D6ED04FF00808A26808EB05169E
:103A9000915900F087F90228A06801DD80595DE0A6
:103AA00000EB051109782170022101EB0511425C40
:103AB0005AB1521E4254815901F5800121F07F41D3
:103AC00081512846FFF764FF34E00423012203EB11
:103AD000051302EB051250F803C0875CBCF1000F20
:103AE00010D0BCF5007F10D9CCF3080250F806C006
:103AF0000CEB423C2CF07F4C40F806C0C3589A1A9D
:103B0000520A09E0FF2181540AE0825902EB4C324B
:103B100022F07F428251002242542846FFF738FFAC
:103B20000C21A06801EB05114158E06850F82720EE
:103B3000384690472078FF2814D0FFF770F9227894
:103B4000A16808EB02124546895800F02BF90128BC
:103B500093DD2178A06805EB01114058BDE8F041E4
:103B6000FFF754B9BDE8F081F0B51D4614460E4686
:103B70000746FF2B00D3FFDFA00700D0FFDF8548FB
:103B8000FF210022C0E90247C57006710170427032
:103B900082701046012204E002EB0013401CE15445
:103BA000C0B2A842F8D3F0BD70B57A4C064665782D
:103BB0002079854200D3FFDFE06840F82560607817
:103BC000401C6070284670BD2DE9FF5F1D468B4686
:103BD0000746FF24FFF723F9DFF8B891064699F866
:103BE0000100B84200D8FFDF00214FF001084FF07C
:103BF0000C0A99F80220D9F808000EE008EB01132E
:103C0000C35CFF2B0ED0BB4205D10AEB011350F869
:103C100003C0DC450CD0491CC9B28A42EED8FF2C47
:103C200002D00DE00C46F6E799F803108A4203D162
:103C3000FF2004B0BDE8F09F1446521C89F8022012
:103C400008EB04110AEB0412475440F802B00421B7
:103C5000029B0022012B01EB04110CD040F8012043
:103C60004FF4007808234FF0020C454513D9E905BD
:103C7000C90D02D002E04550F2E7414606EB413261
:103C800003EB041322F07F42C250691A0CEB0412BA
:103C9000490A81540BE005B9012506EB453103EBD8
:103CA000041321F07F41C1500CEB0411425499F8E8
:103CB00000502046FFF76CFE99F80000A84201D0A2
:103CC000FFF7BCFE3846B4E770B50C460546FFF773
:103CD000A6F8064621462846FFF796FE0446FF282A
:103CE0001AD02C4D082101EB0411A8684158304628
:103CF00000F058F800F58050C11700EBD140401398
:103D00000221AA6801EB0411515C09B100EB4120CA
:103D1000002800DC012070BD002070BD2DE9F047B7
:103D200088468146FFF770FE0746FF281BD0194DD5
:103D30002E78A8683146344605E0BC4206D02646B7
:103D400000EB06121478FF2CF7D10CE0FF2C0AD000
:103D5000A6420CD100EB011000782870FF2804D097
:103D6000FFF76CFE03E0002030E6FFF755F8414610
:103D70004846FFF7A9FF0123A968024603EB041395
:103D8000FF20C854A878401EB84200D1A87001EBAB
:103D9000041001E0540A002001EB061100780870BD
:103DA000104613E6081A0002C11700EB116000125A
:103DB0007047000010B5202000F07FF8202000F0B0
:103DC0008DF84D49202081F80004EDF7D3FA4B49D6
:103DD00008604B48D0F8041341F00101C0F8041307
:103DE000D0F8041341F08071C0F804134249012057
:103DF0001C39C1F8000110BD10B5202000F05DF89D
:103E00003E480021C8380160001D01603D4A481E3F
:103E100010603B4AC2F80803384B1960C2F8000131
:103E2000C2F8600138490860BDE81040202000F069
:103E300055B834493548091F08607047314933483F
:103E4000086070472D48C8380160001D521E02608E
:103E500070472C4901200860BFF34F8F70472DE950
:103E6000F0412849D0F8188028480860244CD4F83C
:103E700000010025244E6F1E28B14046EDF7D4F90D
:103E800040B9002111E0D4F8600198B14046EDF747
:103E9000CBF948B1C4F80051C4F860513760BDE8AF
:103EA000F041202000F01AB831684046BDE8F041EA
:103EB00006F068BFFFDFBDE8F08100280DDB00F0F1
:103EC0001F02012191404009800000F1E020C0F86C
:103ED0008011BFF34F8FBFF36F8F7047002809DB4E
:103EE00000F01F02012191404009800000F1E02014
:103EF000C0F880127047000020E000E0C8060240D1
:103F000000000240180502400004024001000001C8
:103F1000454800210170417010218170704770B5D3
:103F2000054616460C460220F3F7F2FB3E490120F7
:103F3000F61E08703D4806603C4808380560001FC2
:103F4000046070BD10B50220F3F7E2FB3649012092
:103F5000087000F051F836494FF40000086010BDB9
:103F600010B5314C207888B131494FF40000091D5B
:103F7000086000F04AF8002120B1012060702D484F
:103F8000006801E061701020A0702170BDE8104051
:103F90000020F3F7BDBB244810B5017859B126487D
:103FA000D0F8000128B100F030F8002800D001203E
:103FB00010BD022010BD407810BD10B5C824641E8D
:103FC000E4B2FFF7E8FF022803D0012800D0002068
:103FD00010BD002CF3D1FFDFF9E7134810B50178CD
:103FE00041B100F012F818B112480068C0B210BD1B
:103FF000102010BD807810BD0F480021C0F80011BE
:10400000C0F80411C0F8081170470B48D0F800112F
:1040100029B1D0F8041111B1D0F8080108B100207D
:104020007047012070470000BE00002010F50040DE
:1040300004F5014000F4004000F000404748002132
:1040400001704170704770B5064614460D46012058
:10405000F3F75EFB42480660001D0460001D05602A
:1040600070BD70B53D4901250D7040EA02413C4AE2
:1040700041F08071121F11603A4C0026C4F80461AF
:10408000394A4FF04071116058B1012800D0FFDF6C
:10409000C4F80062256034494FF00070091F0860C1
:1040A00070BDC4F80052256070BD2C48017871B114
:1040B0002D4A4FF0407111602A49D1F804210021A6
:1040C0001AB12A4A1268427000E041700170002063
:1040D000F3F71EBB2148017841B12248D0F8040112
:1040E000002802D021480068C0B27047407870476D
:1040F0002DE9F04700282AD01848007800B9FFDFE2
:10410000184DD5F80401002821D10227C5F8047301
:10411000174C2068C04340F30016206840F01000A0
:1041200020604FF400484FF0E029761C04E000BF07
:10413000C9F8808206F01CFED5F804010028F7D0EB
:104140001EB9206820F010002060C5F80873BDE893
:10415000F08704490120886070470000C1000020FA
:1041600008F5004000F0004008F5014000F4004070
:1041700010ED00E010B541F6A474012802D0022829
:1041800002D0FFDF204610BD41F2883010BD38B5A7
:10419000FE4D0024C5F80041C5F80C41C5F810419A
:1041A000C5F80441C5F81441C5F81841FFF70EFAE7
:1041B00008B1C5F82841F6480068009038BD70B5D0
:1041C000F44D00246C702C7000F0D2FD85F8254071
:1041D000EC620922002105F11800AC63F9F7D3F86D
:1041E000ED49601E0860091D0860091D0C60091D6D
:1041F0000860091D0C60091D0860091D0860091D83
:104200000860091D0860091D0860091D0860091D76
:104210000860091D0860091D086070BDDF4800B511
:10422000016801F00F01032905D0006800F00F00BC
:10423000042802D0FFDF012000BD022000BD00B530
:10424000012802D0022800D0FFDF002000BD00B509
:10425000012802D0022802D0FFDF282000BD18204C
:1042600000BD10B5CB4902681839CA4C0A634268D0
:104270004A63007A81F83800207E50B1207FF9F738
:10428000C0F8A07E08B1012100E00021207FF9F7ED
:10429000ADF8607E00280CD0607FF9F7B2F8E07EC0
:1042A00008B1012100E00021607FBDE81040F9F76E
:1042B0009DB810BD00F063BD10B500F060FDB348BF
:1042C000D0F80001002800D0FFDF10BD70B501203C
:1042D00000F030FDB2480025056001260660FFF7BA
:1042E00085F9B04C18B1206840F480602060FFF779
:1042F00036F928B12068AC4920F0770008432060E7
:10430000FFF764F938B1A748001D016821F47F4127
:1043100041F4B0510160A349A4483C310860FFF763
:1043200055F99C4C60B19D490220503184F8210020
:104330000860A0499E48086095481030091F086031
:104340004FF01020806C411C05D094497C310A68E4
:1043500060F317420A60914940F25B6028310860BF
:10436000091F40F203100860081F06608B490320F4
:1043700008608C48EC38066094F8211011B14FF4B5
:10438000C02100E08C498B4A41F46021943A1160CD
:104390008749884A091F083211607D490839121F70
:1043A0001160016821F440710160016841F480717D
:1043B0000160012000F0CFFC74491020C1F8040313
:1043C00084F83150E56270BD76483830016821F0DC
:1043D000010141F08071016070476E4A0368183A2C
:1043E000C2F81A308088D0836A48017270476948E1
:1043F00090F825007047674A517010707047F0B50B
:104400000546840061488B882044C0F820360B782C
:10441000D1F8011043EA0121C0F8001605F10800A7
:104420000127604C07FA00F6FC3C52B1012A00D08B
:10443000FFDF2068304320602068AF4038432060B1
:10444000F0BD2068B043F6E706F0E8B8514890F8B0
:1044500032007047514AC1781432116000684F49E8
:1044600000020C3108607047252807D0262807D0A5
:10447000272807D00A2807D8042206E0022107E0EF
:104480001A2105E0502103E0062202EB4001C9B2E7
:10449000424A083A116041494431086070473D483A
:1044A000817A012917D0022914D1417E002911D027
:1044B000827F0121C37F01FA02F299400A433D49FC
:1044C00094390A6090F820003C4A002102EB8000F9
:1044D000C0F810157047017EE8E72DE9F0472D4C34
:1044E000A17A01290BD0022975D1627E002A72D0EF
:1044F000012906D0677FE17E59B101260AE0227EBC
:10450000F4E7277FA17E09B1012600E000261121F2
:1045100001E000262421DFF898804FF0010AA8F17D
:104520004408C8F84CA0DFF898904518D9F8000066
:10453000A84200D3FFDF0021C8F84C11C9F8005091
:10454000380286F0010140EA015040F0031294F86D
:1045500020101A4800EB8103C3F8102500EB8101FD
:10456000A27F184800EBC203C3F81415164DC3F818
:104570001055E37F00EBC300C0F814150449083957
:10458000C0F810150AFA02F120E024E00010004003
:10459000181100407C0A0020000E00401015004059
:1045A000FC1F00403C170040880000802C00008960
:1045B000448000409CF5014000000404006000407D
:1045C0004C85004000F001404C8100400AFA03F0A5
:1045D0000143F9480160BDE8F0872DE9F0410E463E
:1045E000F64907460320C1F80002F54C94F8210073
:1045F00010B14FF4C02000E0F248EF4D2860304683
:1046000006F036F817B1012F0FD017E0FEF7DEFFE6
:1046100010B1304600F0C9FB0120A072A06B40F43D
:104620008010A0634FF4801007E00220A072A06BFE
:1046300040F40010A0634FF400102860F6F744F92E
:104640003146BDE8F04148E72DE9F05FDB4C074615
:1046500003200E469346C4F80002D94D95F8210078
:1046600010B14FF4C02100E0D649DFF84C93C9F8EF
:104670000010104605F0FCFFDFF83C834FF0010A04
:1046800008F1A808A7B3012F3ED0FFDFCE4806608F
:10469000C949CE48A4310860A86B40F40020A86343
:1046A000D4F800721025C4F808530020C4F80002A2
:1046B000C1494FF48028091DC1F8008004F5007439
:1046C000FFF765FD2760C9F80080C4F80451E903CD
:1046D000C9F80010BE49C1F84CA0BB48001D0068D5
:1046E000B04200D3FFDF59463046BDE8F05FF4E644
:1046F000FFE7FEF76BFF10B1584600F056FBC8F815
:10470000004085F80AA0C1E7AC49091DC8F80010AF
:104710000220A872BAE72DE9F041A94C064690465E
:1047200094F831000F46002500B9FFDF16B1012EC5
:1047300012D01DE094F83100012806D094F8302002
:104740004146384605F0A2FF10E094F8301042468A
:10475000384605F0DCFF09E094F8310094F8301099
:1047600001284246384609D005F0F8FFE16A4518AD
:10477000424629463046BDE8F04165E705F0A8FF0E
:10478000F4E708B5FF208DF800008C480021C0F840
:1047900010110121016104E09DF80010491E8DF8FF
:1047A00000109DF8001019B1D0F810110029F3D0B5
:1047B0009DF80000002800D1FFDF08BD2DE9F04181
:1047C0007E4CD4F8000220F00307D4F804034FF025
:1047D0001008C0F30016C4F808830025C4F800527E
:1047E000774890F8210010B14FF4C02000E07548E0
:1047F000714940F46020091D0860FFF750FEFFF783
:10480000C0FFC4F81051FEF7E1FE08B1C4F828510A
:1048100000F0AEFAC4F80072002E01D0C4F8048390
:10482000BDE8F081ADE700686A4920F07F4008608C
:10483000704710B5012000F07DFABDE8104001205E
:1048400000F089BA01465E4818221838F8F771BDA1
:104850004FF0E0210220C1F8000170475E49087066
:1048600070475C4938390860704770B50546F6F7FF
:104870002BF8534C2844E16A884200D8FFDF01201E
:104880002074F6F721F82844606194F8211041B1B2
:10489000084460614948D0F8001241F04001C0F876
:1048A00000124B490020C1F8440147496069091FC3
:1048B0000860BDE8704000F0A2BA70B5404C0646F2
:1048C00002200D462074FFF7A9FC024694F831003F
:1048D00094F8301001281BD0304605F081FF60614C
:1048E00094F8210048B16169084460613348D0F808
:1048F000001241F04001C0F8001235490020C1F813
:1049000044016169E06A08442F49091F086070BDCD
:104910002B46304605F037FFE1E727494FF480008A
:10492000091D08602648816B21F480018163002104
:10493000017470472A4A10B502EBC002274BC2F837
:104940001035C2F81415012181401B4801601C4834
:10495000826B0A43826310BD1D4801214160C16022
:104960000021C0F844111848001F01601448C162BA
:10497000704710B50446FEF729FE10B1104880F8C4
:1049800021401448243004600C48D0F8001241F053
:104990004001C0F8001210BD084810B5D0F8001250
:1049A00021F04001C0F80012FEF710FE0949243141
:1049B00000B10220086010BD04F501400010004065
:1049C0007C0A002000000404488500404881004023
:1049D000008000403C150040C3000020041100404E
:1049E00000F00140F948D0F8001221F01001C0F8A1
:1049F0000012012181617047F4480021C0F81C11A8
:104A0000D0F8001241F01001C0F800127047EF49D1
:104A100008B5D1F81C21012A01D0002008BDEC4ABC
:104A2000126802F07F02524202700020C1F81C019D
:104A3000E84800680090012008BDF0B517460C005A
:104A4000064600D1FFDFE44DE0072F7302D0012CB2
:104A500000D0FFDF46B102206872EC72012802D05C
:104A6000022800D0FFDFF0BD0120F5E770B5DA4C79
:104A70000021E27A930703D5830701D5430713D4B6
:104A8000D30605D594F8333013B194F835305BB1C3
:104A9000130702D594F8243033B9520702D594F89D
:104AA00025200AB1C00700D00121607A012518B184
:104AB000A1B1BDE8704081E694F8210010B14FF437
:104AC000C02000E0C548C6490860C048D0F80012C0
:104AD00021F00301C0F80012E57270BD012803D077
:104AE000022808D0FFDF70BD00F042F9A5729621C0
:104AF000227B002006E000F03BF90220A072227B1E
:104B000096210120BDE8704005E62DE9F05FDFF851
:104B1000D4B29BF80000042800D3FFDFB248D0F8DD
:104B20004C0108B1FFF7BBFCAB4CAD49A06B086072
:104B30004FF00008C4F8388000F06BF9DFF8AC9251
:104B40000546D9F80010A16294F8210008B1081AAE
:104B5000A062A648001F0068E062FFF75FFB84F8D0
:104B60003000A07ADFF868A2012184F83100AAF1B0
:104B7000440A022808D1607830B1DAF800201278AF
:104B800002402078904310D084F82480924EA807E9
:104B9000A6F1180605D5F5F797FEA16A081A31693E
:104BA0008847E80704D0002709E084F82410EDE7DF
:104BB000A80701D5012702E0280707D50227F5F746
:104BC00083FEE16A7269081A394690479BF8000033
:104BD000C0071CD1DAF800005746007800F00F003B
:104BE000072812D239680622A01C0931F8F774FB95
:104BF00038B9207A39680978B0EBD11F01D101208A
:104C000000E0002084F8250001E084F82580284693
:104C1000FFF72CFFE80701D030682FE0A80726D562
:104C200068071ED4FEF7D2FCD8B9FEF7DFFCC0B986
:104C30006748F4380168001F0068C0F3425CC0F3A5
:104C4000006700F00F03C0F30312C0F3032047B165
:104C50000BB102B128B921B1BCF1030F01D245F06B
:104C6000040545F380007168401C884709E0280767
:104C700001D5B06802E0E80602D5F068804700E0A0
:104C8000FFDFA07A02281BD1207C002818D0564ACA
:104C9000C2F8448102280FD0012800D0FFDFE16A6A
:104CA0006069884200D8FFDFD4F81410C9F80010FA
:104CB000BDE8F05F00F0A3B86169E06A0144F5E780
:104CC000BDE8F09F70B5054641F2643441F66A06CE
:104CD000022806D0012D12D0022D0CD0FFDF304665
:104CE00070BDFEF72FFC0028F6D1FEF738FC002837
:104CF000F2D141F6583441F29A00204470BD42F698
:104D0000CE3070BD324808300168032904D00068F5
:104D1000022801D000207047012070472C4808303D
:104D200001680B2904D000680A2801D000207047D0
:104D30000120704700280DDB00F01F020121914087
:104D40004009800000F1E020C0F88011BFF34F8FD0
:104D5000BFF36F8F7047002809DB00F01F020121AD
:104D600091404009800000F1E020C0F880127047B7
:104D700019480021417281720121C172704730B51A
:104D800000240546012902D002290BD0FFDF184874
:104D900004430F4834380460164805430C48303843
:104DA000056030BD4FF08074F1E7094A4032116868
:104DB00053060228D3F820031ED0C0F3062000BFFC
:104DC00021F4FE4141EA00201060704700100040CD
:104DD000481500401C1100407C0A0020000004041B
:104DE00008F50140C30000200080004044850040D9
:104DF0000801100000000302C0F30660E0E7354838
:104E0000816B41F48001816333494FF48000086075
:104E1000DBE7F8B52F4C314E0020217C19B1D6F8D4
:104E20004411012907D00023A27A2D49012A04D078
:104E3000022A0AD019E00123F6E7D1F80C01012873
:104E400001D0002011E008200FE0D1F80C0101286A
:104E500006D0002223480068012803D0042002E085
:104E60000222F7E7002010431843D1F81021012A4D
:104E70002ED0002505431C48026812F0FF0F03D016
:104E8000D1F81421012A00D0002284F832200068D1
:104E900010F0FF0F03D0D1F81801012800D0002036
:104EA00084F833000F481030006884F83400FFF7AE
:104EB00072F8012800D0002084F83500FFF767F968
:104EC0000020C6F844010948006800902846F8BD53
:104ED0001025CFE77C0A002004F501400080004047
:104EE0000010004000140040401600404481004083
:104EF00010B5444822220021F8F745FA4148002421
:104F0000017821F010010170012104F04DFC3D49B0
:104F10004FF6FF70263981F8224088843A4908808C
:104F2000488010BDE4E7704700F05FB83549016084
:104F30007047354908807047324926398A8CA2F576
:104F40007F43FF3B02D00021016008E091F822205E
:104F50002C492639012A02D0016001207047002027
:104F600070472848263810F8221F012908D001214F
:104F7000017025482349263900888884012070471C
:104F8000002070472049488070471E491E4B263933
:104F90008A8C5B889A4205D191F8222012B1016077
:104FA00001207047002070471648174A2638818C28
:104FB0005288914209D14FF6FF71818410F8221F67
:104FC00019B10021017001207047002070470D4881
:104FD0000D4A2638818C5288914204D190F82200E3
:104FE00008B10020704701207047064926398A8C95
:104FF000824205D1002081F822004FF6FF7088849C
:1050000070470000DE0A0020C400002070473D4ABF
:10501000012338B1012804D1137008689060888892
:105020009081704753700868C2F802008888D08069
:105030007047344A10B1012807D00EE0507860B1B3
:10504000D2F802000860D08804E0107828B1906897
:1050500008609089888001207047002070472949A6
:1050600010B1012802D005E0487800E0087808B1C6
:10507000012070470020704730B50C4605468DB0C2
:105080004FF0030104F1030012B1FEF741FB01E010
:10509000FEF75DFB60790D2220F0C00040F040007B
:1050A0006071002104A8F8F76EF9E0788DF81F0010
:1050B00020798DF81E0060798DF81D001022294698
:1050C0006846F8F736F9684604F036FE9DF82F007A
:1050D00020709DF82E0060709DF82D00A0700DB01E
:1050E00030BD10B5002904464FF0060102D0FEF78E
:1050F0000FFB01E0FEF72BFB607920F0C000607130
:1051000010BD0000C8000020FE48406870472DE92F
:10511000F0410E46074601461446012004F011FDF9
:10512000054697F86500FFF725F84AF2B1210844D3
:105130004FF47A71B0FBF1F1788840F2712250435C
:10514000C1EB4000041BA4F2663402F0BBFD00B1C9
:105150001E3CAE4201D2284600E03046A04204D2B6
:10516000AE4201D22C4600E034467C62BDE8F081BC
:1051700030B502460020002914D0A2FB01104C0AD1
:1051800044EAC054400A641C40F100000021D4F1FC
:10519000FF3240F2A175814100D2FFDF04F5F464D3
:1051A000B4FBF5F030BD2DE9FF4F8BB0044690F80D
:1051B00065008A460990DDE90D1008430890D24841
:1051C0000026007800F004FE054694F88C0100F0FB
:1051D000FFFD284480B2009094F87D000D2804D093
:1051E000002007900D9810B131E00120F9E794F804
:1051F0002C0103282BD1079848B3B4F8AE115145C0
:1052000025D1D4F83401C4F82001608840F2E2418D
:105210004843C4F82401B4F87A01B4F806110844EC
:10522000C4F82801204602F057FDB4F8B201E0822C
:1052300094F8B0016075B4F8B4016080B4F8B601B8
:10524000A080B4F8B801E080022084F82C01D4F8E2
:1052500084010590D4F880010390B4F80681B4F875
:105260007811D4F8740106900D9820B194F840019B
:1052700000287DD108E004F580700290743004901D
:1052800004F5B075001D07E004F5AA700290001D3A
:10529000049004F5A275001D0A90B4F87020AAEBE2
:1052A00002000FFA80F9AAEB010007B2002F05DA1D
:1052B000D4F87001069001204F46089092484FF0B4
:1052C000000B007970B3F5F7A1FC58B3B4F81801DE
:1052D000022827D394F82C01022823D094F8430104
:1052E00000BB94F88C0100F073FD00F5C86080B23B
:1052F000009094F82C01012845D0608840F2E241EA
:1053000048430099FFF734FF08EB0901CA1BD4F8A2
:10531000341180B2431A02FB03BBC4F834010120EC
:1053200084F8430194F82C0100286DD001287DD029
:1053300002287CD003287BD0FFDF00BFA6EB0B0147
:105340000698FCF70EFD0499012640F271220860D0
:105350000A990020A1F800A028702E710498006816
:10536000A8606088D4F834115043C1EB400000E0DD
:10537000BFE16549A0F23630C861896981427DD9B3
:10538000029908607BE194F88000032833D0012162
:10539000002004F0CDF8E18A40F27122514300EB85
:1053A00041000190D4F82401B8340099FFF7E0FEE1
:1053B000A16E226F431AA066DDE9001002FB03BB59
:1053C000FFF7D6FEA16FA067421A34F8B60C40F280
:1053D000E241484393440099FFF7CAFE08EB0901F4
:1053E000226FC91B8A1AE16F521E431A02FB03BBCC
:1053F000E067B83C93E7E08A40F27122D4F82411C8
:10540000504301EB4000CCE7039800B9FFDF0121D6
:10541000002004F08DF80646E08A40F271214843EE
:1054200006EB40000099FFF7A3FE02E0C0E058E061
:10543000DDE0C4F83001608840F2E2414843009961
:10544000FFF796FEC4F8340182B22046A16AFFF746
:105450005EFE14F8650FFEF7F2FE4FF47A7800F264
:10546000E140B0FBF8F1039801EB00092078FEF76A
:10547000E6FE07462078FEF77DFE00E0FDE03844BA
:105480004AF2AB310144B1FBF8F134F84F0C40F271
:105490007122504306EB4000411AD4F8CB0040F291
:1054A000E2430A1A02EB0906227814F8501C11FB99
:1054B00003F1203E00F0B9FC1349801C886114F808
:1054C0006509FEF7BCFE00F2E140B0FBF8F103987D
:1054D0000844301A40F2F6218842BFF42FAFFFDFB4
:1054E0002CE7E08A40F27122D4F82411504301EBFA
:1054F00040000099FFF73CFEC4F83001608840F29C
:10550000E24103E0000B0020D8000020484300994E
:10551000FFF72EFEC4F8340182B22046A16AFFF7DD
:10552000F6FDB8F1000F21D10E98F8B194F865603E
:105530003046FEF71FFE4AF2B12101444FF47A7063
:10554000B1FBF0F0D4F8301140F271230144E08A4D
:10555000D4F82421584302EB4000471A3046FEF7A6
:1055600076FE0599081A3E18203E0AE0E08A40F2CD
:105570007122D4F82411504301EB4000D4F83011CB
:10558000461AD4F82821D4F82011D4F8300140F27A
:10559000E24301FB020094F86520617D11FB03F1F9
:1055A00000F043FCF9498861012084F82C01C5E62C
:1055B000608840F271225043D4F83411D4F8282185
:1055C000C1EB40067E4308EB0900801AD4F8207135
:1055D000D4F83031401E07FB023200FB012094F862
:1055E0006520617D40F2E24311FB03F140E06088F9
:1055F00040F27122D4F834115043C1EB400694F8C4
:105600007C007E43242803D094F87D0024280AD10E
:10561000B4F8AE11AAEB010000B2002803DB94F845
:10562000B10100B109900898D8B1B8F1000F18D1B4
:10563000059808B1039800B9FFDF94F86500FEF7FC
:1056400099FD4AF2B12101444FF47A70B1FBF0F0B8
:10565000361A94F86500FEF7FAFD0599081A064413
:10566000203ED4F8341108EB090048430021099A80
:1056700000F0DBFBC549886160E602980160029892
:10568000616A0068084400F5D370E86002F01AFB14
:1056900010B1E8681E30E8606E71B4F8F010A1EB4C
:1056A0000A0000B2002801DD032068710798002875
:1056B0000E9822D0C0B100BFB4F81811B1B3B4F83D
:1056C0001A0100BFA4F81A0194F81C21401C42439F
:1056D0008A4209D26879401E002805DD6E71B4F84F
:1056E0001A01401CA4F81A010D9830B394F8400137
:1056F000F8B102200FB0BDE8F08F0028DCD194F89B
:105700002C010028F0D0608840F27122D4F83411C6
:105710005043C1EB4001284603F04EFE0004000C4C
:10572000E2D0189901B108800120E3E7FFE70020EB
:10573000C8E794F87C01FDF78CF994F87C012946C0
:1057400000F059FB20B10D9880F0010084F8410170
:105750000020CFE77CB50446FCF72FFE0146D4F8C5
:105760007001FDF72BFB214600F076FB94F87D10CD
:105770000D290AD0B4F87020B4F83E1113189942DC
:1057800006DB491CA4F83E1106E0B4F83E010CE02B
:10579000401C1044A4F83E0194F8420140B9B4F80A
:1057A0003E01B4F8F410884202D1401CA4F83E0136
:1057B000B4F87A0101AE401CA4F87A01B4F89A005A
:1057C000B4F89810401AB4F87010401E084485B21E
:1057D00009E000231A4620460096FFF7E4FCD0B10A
:1057E00001282ED0FFDFB4F83E11681A00B200285D
:1057F000EFDA082084F88D00012084F88C00204620
:1058000001F0F5FE204600F0F8FA60484079BDE866
:105810007C40F5F7C9BBA06E002811D0B4F83E015A
:10582000B4F89420801A01B2002909DD34F86C0F15
:105830000144491E91FBF0F189B201FB0020208553
:105840007CBDB4F83E01BDF804100844A4F83E0144
:10585000C9E770B54E4C607A08B1002070BD94F86D
:10586000300030B1616B606A884202D9F8F70CFBF6
:10587000F3E7A06AC8B1F7F725FF0546F7F7F9FE89
:10588000284442F210714618FCF797FD0546294658
:10589000E06AFDF793FAE562A16A8219914202D2A9
:1058A0000120A062E2E7081AA062012070BD70B575
:1058B000374C012500202575207494F8300004F140
:1058C000100650B14FF47A71A069FCF74AFAA06152
:1058D0000021304603F070FD10E0002000F00DFBC9
:1058E0000546F7F7EFFE05442946A069FCF739FAAB
:1058F000A0612946304603F05FFD451C208C411C09
:105900000A2901D228442084606828B1208C401CD8
:105910000A2801D3022000E003206075FFF799FFF9
:1059200038B1207B314600F066FA002800D1FFDF55
:1059300070BD00F0DAFA15484079BDE87040F5F71F
:1059400033BB38B50025044680F82C51A0F87851B7
:105950002B462A4629460095FFF725FC00B1FFDFBC
:10596000C4F828510120C4F8205184F82C01A4F86F
:105970003E51A4F83C5184F8425134F8700F401E57
:1059800024F8B80B0020A4F8525038BDD8000020ED
:10599000000B002010B530B1F749012807D00228CC
:1059A0000BD0FFDF10BDBDE8104000F0EABA486A36
:1059B000BDE81040002100F0B5BA002081F83000A9
:1059C000FCF7F9FBED484079BDE81040F5F7ECBA7B
:1059D0002DE9F0410646E8480F460178E74D0329D6
:1059E00009D1017BB14206D1406868613846BDE803
:1059F000F04100F0EEBA304600F0F3F90621FAF774
:105A00005DFB040000D1FFDF304600F0EAF9218899
:105A1000884200D0FFDF214638466C61BDE8F04186
:105A200000F027BA10B5D44C207848B1012060723C
:105A3000F8F74CFA2078032804D0207A002800D008
:105A40000C2010BD207BFDF704F8207BFDF772FAD7
:105A5000207BFCF78FFC00B9FFDF0020207010BD19
:105A600010B5FFF7DFFF00F0F1FAC348002180F81E
:105A70003010C172084610BDC049487100208870BE
:105A800001220A7048700A71C870BB490870E7E7C4
:105A9000BA49087070472DE9F047B74C07460E46E3
:105AA000207800284BD1B648FCF702FC20731F2851
:105AB00045D04FF00309676084F8009000256572B7
:105AC000257287B1012107F58E70FDF740FE062093
:105AD000FAF7A0FA97F81C11B1FBF0F200FB1210D4
:105AE000401C87F81C01FCF73EFC40F2F65188424E
:105AF00000D2084600F23F101FFA80F8F7F7B9FD10
:105B0000E061F7F7DFFD0127E0B1A772FCF755FC74
:105B10008246002000F0F1F900EB08015046FCF746
:105B200020F9A061C4E90A6A277584F815909249A2
:105B30002574207B103100F05EF990B910E00C2044
:105B4000BDE8F087FCF739FC4146FCF70AF9A06193
:105B5000A57284F83070A6F28B566663A562E3E7FF
:105B6000FFDF25840020F8F7B1F90020E8E783493A
:105B7000487070478149087170472DE9F0417F4CAA
:105B80000746E088401CE080D4E902516078D7F8ED
:105B9000806120B13246284603F036FC0546A068F5
:105BA000854205D02169281A08442061FDF7D3F801
:105BB000A560AE4205D897F82C01012801D0E07805
:105BC00010B10020BDE8F0810120FBE710B50446CC
:105BD0000846FEF7CFFA4AF2B12108444FF47A7131
:105BE000B0FBF1F040F2E2414C4300F23630844227
:105BF00001D9201A10BD002010BD7CB5044600203C
:105C000084F8400194F8FE0000283FD194F82C015C
:105C100003283BD1FCF7D1FB0146D4F87001FDF716
:105C2000CDF8002832DD214600F016F9411CB4F809
:105C300070000144A4F83C11B4F83C11B4F8F4200D
:105C4000511A09B2002921DD012184F84211B4F86A
:105C50009A10B4F8982001AE891A491E084485B2FA
:105C60000EE00096B4F83C11002301222046FFF715
:105C70009AFA00280AD0012809D0022806D0FFDFAE
:105C8000B4F83C01281A00B20028EADA7CBDB4F866
:105C90003C01BDF804100844A4F83C01F0E738B515
:105CA00000250446012902D13448C07868B1042097
:105CB00084F82C01FCF77FFAA4F87A51B4F870004C
:105CC000A4F83E0184F842515FE60095B4F8F41060
:105CD000012300222046FFF766FA0028EAD0FFDF02
:105CE000E8E710B5062916D2DFE801F00509030C34
:105CF0000C0D002100E00121BDE81040CFE7032199
:105D000080F82C1110BDB0F834118AB2816ABDE858
:105D10001040FFF7FCB9FFDF10BD70B5174CA1783C
:105D2000022916D1E188002913D16569C5F88401DB
:105D300095F86500FEF78BFAD5F88411081AA1686A
:105D40000144A160E1680844E060BDE8704000F0F3
:105D5000A9B970BD70B5054608488478022C11D0E9
:105D6000054C243401B34FF47A7601290ED0022970
:105D700010D0FFDF70BD0000000B0020D800002015
:105D8000D1590100446904F5C074EBE71846FEF7E9
:105D900056FA02E01046FEF795FF00F2E140B0FB34
:105DA000F6F0281A2060E5E72560E3E7FE4810B525
:105DB000007808B1002010BD0620FAF71DF980F028
:105DC000010010BDF8480078002800D0012070477D
:105DD00010B504460C2800D3FFDFF44830F8140057
:105DE00010BD10B504461F2800D3FFDFEE48383041
:105DF00030F8140010BDFCF711BD70B5044600204A
:105E000084F82C0194F87C514FF6FF761F2D00D3B7
:105E1000FFDFE548383020F8156094F87C01FCF786
:105E2000A9FA1F2084F87C01A4E770B505460C464A
:105E300016461046FEF79EF94AF2B12108444FF487
:105E40007A71B0FBF1F000EB450004443046FEF7F8
:105E5000FEF9204460308DE7002809D0D1F83421C4
:105E6000498840F271235943C2EB4101B0FBF1F084
:105E700070472DE9F04101250226CD4F0C46082838
:105E800031D2DFE800F0040E161611301A23204636
:105E900000F0ADF9204600F064F984F84051BE707E
:105EA00090E601F00AFF01E0FEF72FFE84F8405172
:105EB00088E62046BDE8F0414CE4FEF7B3FCFEF76F
:105EC00024FE4FF0E020C0F880627BE694F82C01BD
:105ED000042800D0FFDF2046FFF78FFF7879BDE868
:105EE000F041F5F761B8FFDF6CE610B5AE4C207BF2
:105EF000FCF740FA0020207010BD08B500284FF0D4
:105F00000101684602D0FDF703FC01E0FDF7F6FB56
:105F10009DF8000042F210710002B0FBF1F201FBAB
:105F2000120008BD2DE9F0419F4C0746002084F87F
:105F30003000A669E07220700120207201216068A3
:105F400003F0B2F86068C0F87061257B80F87C517E
:105F5000C0F88071C0F8746106881F2D00D3FFDF80
:105F60009148383020F815606068FFF7EAFC00B10E
:105F7000FFDFFCF720F98E484079BDE8F041F5F7E6
:105F800013B870B5884C0025A07A18B10120FFF72E
:105F9000B4FF0546F7F796FB4119A069FBF7E1FE50
:105FA000A061002525740320607501202075607AAA
:105FB00030B97D49207B1031FFF71DFF00B9FFDFAD
:105FC0002584FCF7F8F87A484079BDE87040F4F78A
:105FD000EBBF70B5744D04462878032800D0FFDF6E
:105FE000082C31D2DFE804F0040E2A2A2630302DA6
:105FF00000206862F7F77CFD00B1FFDF6C490320E9
:106000008870B7E6F7F735FBE9690446A14206D286
:10601000601A0421FCF705FFEC6108B906E0E861AD
:10602000F7F7B1FE0028ECD0FFDFA3E6BDE8704033
:106030000020AFE4BDE87040FEF767BDBDE87040EA
:1060400035E4BDE8704050E7FFDF93E6FEB5584CFD
:106050000120E0704FF6FF750CE00621FAF72EF8EC
:10606000060000D1FFDF96F87C01FCF763FF3046A5
:10607000FFF7C3FE69460620F9F7ADFF50B1FFDF19
:1060800008E0029830B190F82C1119B10088A842AC
:10609000E3D104E06846F9F77CFF0028F1D0002046
:1060A000E070FEBD2DE9F0474148446994F8431182
:1060B000002955D094F82C11032951D194F86590FA
:1060C0000078FFF785FE054694F88C01FFF780FE07
:1060D000284486B294F88C01FFF77AFE00F5C86078
:1060E0001FFA80F84846FEF7B2F8D4F884110D1A6A
:1060F0004846FEF73FF84FF47A7A00F2E730B0FBFB
:10610000FAF02D1A4846FEF7A2F8D4F800110F1A3B
:106110004846FEF72FF84AF2B1210144B1FBFAF0EC
:106120003A1AA2F160007043B0FBF8F1292000EBAD
:1061300052006031A0EB510200EB5100AA4201D89D
:10614000854201D3F4F714FE608840F2E2414843EF
:106150003146FFF70DF8C4F83401002084F84301FC
:10616000EEE470B50446FCF7FEF8054694F86500C9
:10617000FEF700F84AF2B12108444FF47A71B0FBFF
:10618000F1F0D4F8341140F2712201446088504398
:10619000C1EB4006303EB72D00D8B725214601207F
:1061A00003F0CFFC284405E0000B002088B201007A
:1061B000D8000020351A21460120A5F21B3503F036
:1061C000C0FC616A9C30814201D9081A00E00020BD
:1061D0002C49A842CD6000D328468860D4F86C01D1
:1061E000A0F5D3700861BDE87040FCF7B4BD10B5F0
:1061F000044624490020C4F88001C880C4F8840102
:1062000094F8410138B9FCF7D8F8D4F84C11FCF7F0
:10621000D5FD002813DCB4F83E11B4F870008142BB
:1062200001D1B4F8F410081AA4F8F600A4F870101C
:10623000D4F86801C4F84C01C4F870011CE0B4F84B
:106240003C01B4F87010401AA4F8F600B4F83C0110
:10625000A4F87000D4F84C01C4F86801C4F87001C7
:10626000D4F85401C4F80001D4F85801C4F87401FA
:10627000B4F85C01A4F878012046BDE8104001F0B4
:1062800006BC0000D80000202DE9F0410E4604466F
:1062900003F06FFB0546204603F06DFB044603F058
:1062A000FDF8FB4F010015D0386990F864208A4250
:1062B00010D090F8C4311BB190F8C63123421FD0E2
:1062C0002EB990F85D30234201D18A4218D890F857
:1062D000C401A8B1284603F0E1F870B1396991F81A
:1062E0006520824209D091F8C40118B191F8C70124
:1062F000284205D091F8C40110B10120BDE8F08119
:106300000020FBE730B5E24C85B0E06900285ED0A4
:10631000142200216846F7F736F8206990F86500E6
:10632000FDF728FF4FF47A7100F5FA70B0FBF1F534
:10633000206990F86500FDF78AFF2844ADF8060053
:1063400020690188ADF80010B0F87010ADF80410A5
:106350004188ADF8021090F8A60130B1A069C11CC7
:10636000039103F01FFA8DF81000206990F8A50141
:106370008DF80800E169684688472069002180F8A7
:10638000A61180F8A5110399002920D090F8A41136
:1063900000291CD190F87C10272918D09DF81010E6
:1063A000039A002913D013780124FF2B11D0072B57
:1063B0000DD102290BD15178FF2908D180F8A441D1
:1063C0000399C0F8A8119DF8101080F8A71105B026
:1063D00030BD1B29F2D9FAE770B5AD4C206990F8B1
:1063E0007D001B2800D0FFDF2069002580F8A75022
:1063F00090F8D80100B1FFDF206990F8A81041B1F2
:1064000080F8A8500188A0F8DC1180F8DA510C213E
:1064100008E00188A0F8DC1180F8DA51012180F849
:10642000DE110B2180F8D8110088F9F77AFFF9F70F
:1064300023FC2079F4F7B8FD206980F87D5070BD09
:1064400070B5934CA07980072CD5A078002829D16D
:1064500062692046D37801690D2B01F170005FD08D
:106460000DDCA3F102034FF001050B2B19D2DFE87D
:1064700003F01A1844506127182C183A6400152BA1
:106480006FD008DC112B4BD0122B5AD0132B62D0BB
:10649000142B06D166E0162B71D0172B70D0FF2B72
:1064A0006FD0FFDF70BD91F87F200123194602F005
:1064B00038FF0028F6D12169082081F87F0070BDDF
:1064C0001079BDE8704001F0A2BC91F87E00C007D1
:1064D00000D1FFDF01F05AFC206910F87E1F21F087
:1064E0000101017070BD91F87D00102800D0FFDF20
:1064F0002069112180F8A75008E091F87D00142848
:1065000000D0FFDF2069152180F8A75080F87D10AA
:1065100070BD91F87D00152800D0FFDF172005E041
:1065200091F87D00152800D0FFDF1920216981F83E
:106530007D0070BDBDE870404EE7BDE8704001F0E1
:106540003ABC91F87C200123002102F0EAFE00B958
:10655000FFDF0E200FE011F87E0F20F0040008701E
:106560001DE00FE091F87C200123002102F0D9FE0C
:1065700000B9FFDF1C20216981F87C0070BD12E0AA
:106580001BE022E091F87E00C0F30110012800D04A
:10659000FFDF206910F87E1F21F010010170BDE8B7
:1065A000704001F0F3BB91F87C200123002102F040
:1065B000B8FE00B9FFDF1F20DDE791F87D0021283C
:1065C00001D000B1FFDF2220B0E7BDE8704001F04C
:1065D000E9BB2F48016991F87E20130702D50121FC
:1065E0008170704742F0080281F87E208069C0788F
:1065F00081F8E10001F0C1BB10B5254C21690A8882
:10660000A1F81A2281F8180291F8640001F0A9FBA0
:10661000216981F81C0291F8650001F0A2FB216953
:1066200081F81D02012081F81602002081F8C401C2
:106630002079BDE81040F4F7B7BC10B5144C052123
:106640002069FFF74EFB206990F85A10012908D005
:1066500000F5F77103F048FA2079BDE81040F4F72F
:10666000A3BC022180F85A1010BD10B5084C0123BC
:106670000921206990F87C20703002F052FE48B168
:106680002169002001F8960F087301F81A0C10BD5B
:10669000F80000200120A070F9E770B5FE4D01233D
:1066A00029462869896990F87C2009790E2A01D148
:1066B000122903D000241C2A03D004E0BDE8704056
:1066C000D3E7142902D0202A07D008E080F87C40C4
:1066D00080F8A240BDE87040AFE7162906D0262A10
:1066E00001D1162902D0172909D00CE000F87C4FFF
:1066F00080F82640407821280CD01A2017E090F826
:106700007D20222A07D0EA69002A03D0FF2901D17F
:1067100080F8A63132E780F87D4001F037FB286928
:1067200080F8974090F8C4010028F3D00020BDE81D
:10673000704061E72DE9F843D74C206990F87C1050
:10674000202909D05FF0000790F87D10222905D09C
:106750007FB300F17C0503E00127F5E700F17D053B
:1067600010F8B01F41F004010170A06903F007F9AF
:106770004FF00108002608B33946A069FFF784FDF1
:10678000E0B16A46A169206902F096FE90B3A06963
:1067900003F0F3F82169A1F8AE01B1F8701001F02F
:1067A000C6FA40B32069282180F88D1080F88C80CB
:1067B00048E0FFE70220A070BDE8F883206990F868
:1067C000C40110B11E20FFF717FFAFB1A069216906
:1067D000C07881F8E20008FA00F1C1F3006000B966
:1067E000FFDF20690A2180F87C1090F8A20040B9F0
:1067F000FFDF06E009E01AE02E7001F0C7FAFFF7AC
:10680000E8FE206980F89760D6E7206990F8C40117
:1068100018B10020FFF7F0FE2E70206900F17D0115
:1068200080F897608D420DD180F87D600AE0206984
:106830009DF8001080F8B0119DF8011080F8B1119A
:1068400024202870206900F17D018D4203D1BDE82C
:10685000F84301F09BBA80F8A260ADE770B58E4CAA
:1068600001230B21206990F87D20703002F059FD42
:10687000202650BB20690123002190F87D20703034
:1068800002F04FFD0125F0B1206990F87C0024282A
:106890001BD0A06903F063F8C8B1206990F8B0106C
:1068A00041F0040180F8B010A1694A7902F00702B2
:1068B00080F85D20097901F0070180F85C1090F8FC
:1068C000C5311BBB06E0A57058E6A67056E6BDE8CC
:1068D00070407EE690F8C431C3B900F164035E787D
:1068E0008E4205D11978914202D180F897500DE07F
:1068F00000F504710D7002884A8090F85C200A71DE
:1069000090F85D0048712079F4F74EFB2169212051
:1069100081F87D00BDE8704001F02FBAF8B55E4CFB
:10692000206990F87E0010F0300F04D0A07840F07D
:106930000100A070F8BDA06902F0FAFF50B3A06991
:1069400002F0F0FF0746A06902F0F0FF0646A069DA
:1069500002F0E6FF0546A06902F0E6FF0146009757
:10696000206933462A46303003F046F8A079800784
:1069700003D56069C07814280FD0216991F87C0094
:106980001C280AD091F85A0001280ED091F8BB01BA
:1069900058B907E0BDE8F8401BE62169012081F8FD
:1069A0005A0002E091F8BA0130B1206910F87E1F58
:1069B00041F0100101700EE091F87E0001F5FE72C9
:1069C00040F0200081F87E0031F8300B03F080F8B1
:1069D0002079F4F7E9FABDE8F84001F0CEB970B5D6
:1069E0002D4C206990F87E10890707D590F87C20FF
:1069F00001230821703002F094FCE8B1206990F87E
:106A0000AA00800712D4A06902F073FF216981F8FF
:106A1000AB00A06930F8052FA1F8AC204088A1F8A0
:106A2000AE0011F8AA0F40F002000870206990F83B
:106A3000AA10C90703D00FE00120A0709EE590F8CE
:106A40007E00800700D5FFDF206910F87E1F41F02F
:106A50000201017001F091F92069002590F87C1085
:106A6000062906D180F87C5080F8A2502079F4F7EE
:106A70009BFA206990F8AC110429DFD180F8AC5161
:106A80002079F4F791FA206990F87C100029D5D18B
:106A900080F8A25072E50000F800002070B5FE4CAE
:106AA00001230021206990F87D20703002F039FC2C
:106AB000012578B9206990F87D20122A0AD0012397
:106AC0000521703002F02DFC10B10820A07055E5B2
:106AD000A57053E5206990F8A80008B901F04DF9B8
:106AE0002169A06901F5847102F0F1FE2169A069B4
:106AF000D83102F0F2FE206990F8E00100B1FFDF2A
:106B000021690888A1F8E20101F5F271A06902F09B
:106B1000D6FE2169A06901F5F67102F0D5FE206963
:106B200080F8E051142180F87D102079BDE8704094
:106B3000F4F73ABA70B5D84C01230021206990F8D7
:106B40007D20703002F0EDFB0125A8B1A06902F0B4
:106B50008CFE98B1A0692169B0F80D00A1F8AE01D2
:106B6000B1F8701001F0E3F858B12069282180F8DD
:106B70008D1080F88C5001E5A570FFE4BDE87040F1
:106B800027E5A0692169027981F8B021B0F80520D4
:106B9000A1F8B22102F060FE2169A1F8B401A06958
:106BA00002F05DFE2169A1F8B601A06902F05AFE6B
:106BB0002169A1F8B8010D2081F87D00DEE47CB5E3
:106BC000B54CA079C00738D0A06901230521C5784C
:106BD000206990F87D20703002F0A3FB68B1AD1EF3
:106BE0000A2D06D2DFE805F00909050509090505A2
:106BF0000909A07840F00800A070A07800281CD1F6
:106C0000A06902F0FFFD00287AD0A0690226C578AD
:106C10001DB1012D01D0162D18D1206990F87C00EE
:106C200002F067FB90B1206990F87C101F290DD00D
:106C3000202903D0162D16D0A6707CBD262180F801
:106C40007C10162D02D02A20FFF7D6FC0C2D58D030
:106C50000CDC0C2D54D2DFE805F033301D44A7A71F
:106C6000479E57A736392020A0707CBD0120152DE6
:106C700075D008DC112D73D0122D69D0132D64D07E
:106C8000142D3DD178E0162D7CD0182D7DD0FF2D10
:106C900036D183E020690123194690F87F207030B7
:106CA00002F03FFBF8B9A06902F007FE216981F804
:106CB0009201072081F87F0078E001F044F975E047
:106CC000FFF738FF72E001F01EF96FE0206990F8DD
:106CD0007D10112901D0A67068E0122180F87D1086
:106CE00064E0FFF7DBFE61E0206990F87D00172883
:106CF000F1D101F04BF821691B2081F87D0055E0AE
:106D000052E0FFF76CFE51E0206990F87E00C0076A
:106D100003D0A07840F001001FE06946A06902F0AE
:106D2000EAFD9DF8000000F02501206900F8B01F81
:106D30009DF8011001F04101417001F01EF8206939
:106D400010F87E1F41F0010114E0FFF78EFC2DE0EA
:106D5000216991F87E10490705D5A07026E00EE064
:106D600016E00FE011E001F008F8206910F87E1F2E
:106D700041F00401017019E0FFF7D0FD16E001F0C9
:106D80008AF813E0FFF76AFD10E0FFF7D3FC0DE08F
:106D900001F060F80AE0FFF780FC07E0E16919B153
:106DA000216981F8A60101E0FFF713FC2069F0E9F1
:106DB0003012491C42F10002C0E900127CBD70B5DE
:106DC000354CA07900074AD5A078002847D1206922
:106DD00090F8E400FE2800D1FFDF2069FE210025A5
:106DE00080F8E41090F87D10192906D180F8A7509A
:106DF00000F0CCFF206980F87D50206990F87C106D
:106E00001F2902D0272921D119E090F87D0002F036
:106E100070FA78B120692621012380F87C1090F85F
:106E20007D200B21703002F07CFA78B92A20FFF720
:106E3000E3FB0BE02169202081F87C0006E00121C2
:106E400080F8A51180F87C5080F8A250206990F855
:106E50007F10082903D10221217080F8E41059E441
:106E600010B50D4C216991F8B0210AB991F8642050
:106E700081F8642091F8B1210AB991F8652081F870
:106E8000652010B10020FFF7B7FB206902F0D4FDA8
:106E9000002809D0206901E0F8000020BDE810407A
:106EA00000F5F77102F020BE10BD70B5FC4C06462F
:106EB0000D46206990F8E400FE2800D0FFDF22692B
:106EC000002082F8E46015B1A2F8A40022E422F8C0
:106ED0009E0F012010711DE470B5F14C01230021BB
:106EE000206990F87C20703002F01BFA002869D0ED
:106EF000206990F8BA1111B190F8BB1139B190F82E
:106F0000C41100295DD090F8C51111B359E090F873
:106F10007D1024291BD090F87C10242917D0002341
:106F200000F5D87200F5DD7102F058FD21690020EE
:106F300081F8BA0101461420FFF7B7FF216901F17A
:106F40003000C28A21F8E62F408B48803FE00123C1
:106F5000E6E790F87D2001230B21703002F0E1F983
:106F600078BB206990F8640000F0FBFE05462069BC
:106F700090F8650000F0F5FE0646206990F8C6110D
:106F8000284600F0E0FE50B1206990F8C711304665
:106F900000F0D9FE18B10020FFF72EFB11E02069A8
:106FA0000123032190F87D20703002F0BAF940B936
:106FB00020690123022190F87D20703002F0B1F9A0
:106FC00008B1002080E400211620FFF76EFF0120A9
:106FD0007AE410B5F0BBB24C206990F87E10CA0775
:106FE00002D00121092051E08A070AD501210C2095
:106FF000FFF75BFF206910F8AA1F41F00101017043
:1070000046E04A0702D5012113203FE00A0705D5D3
:1070100010F8E11F41710121072037E011F0300F16
:107020003AD090F8BB11A9B990F8BA11D9B190F83B
:107030007D1024292ED090F87C1024292AD00023FA
:1070400000F5D87200F5DD7102F0C8FC216911F875
:107050007E0F00E020E020F0200040F010000870DB
:10706000002081F83C01206990F87E10C90613D5F4
:1070700002F0E2FCFFF7E1FA216901F13000C28A77
:1070800021F8E62F408B488001211520FFF70DFFE6
:10709000012010BD0123D3E7002010BD70B5804C46
:1070A000206990F8E410FE2978D1A178002975D1E3
:1070B00090F87F2001231946703002F032F9002841
:1070C0006CD1206990F8901149B10021A0F89C1072
:1070D00090F8911180F8E610002102205BE090F812
:1070E0007D2001230421703002F01BF90546FFF7D3
:1070F00070FF002852D1284600F089FF00284DD1AA
:1071000020690123002190F87C20703002F009F9F9
:1071100078B120690123042190F87D20703002F0BD
:1071200000F930B9206990F8960010B100211220C2
:1071300031E0206990F87C200A2A0DD0002D2DD155
:1071400001230021703002F0ECF878B1206990F84A
:10715000AC1104290AD105E010F8E21F01710021E9
:10716000072018E090F8AA00800718D0FFF7B4FEB7
:10717000002813D120690123002190F87C20703071
:1071800002F0CFF8002809D0206990F8A401002867
:1071900004D00021FF20BDE8704086E609E0002110
:1071A0000C20FFF782FE206910F8AA1F41F00101B0
:1071B000017043E43EB505466846FDF7BDFE00B9E3
:1071C000FFDF222200210098F6F7DDF80321009866
:1071D00002F0FFFA0098017821F0100101702946B1
:1071E00002F01DFB2E4C0D2D40D00BDCA5F102054D
:1071F0000B2D19D2DFE805F01F184719191F185673
:1072000018192400152D5ED008DC112D25D0122D63
:107210000BD0132D09D0142D06D154E0162D29D0F2
:10722000172D69D0FF2D73D0FFDFFDF79AFE0028E0
:1072300000D1FFDF3EBD2169009891F8E61017E00C
:10724000E26800981178017191884171090A817191
:107250005188C171090A0172E7E70321009802F021
:10726000A6FB0621009802F0A6FBDEE700980621A7
:107270000171DAE70098216991F8C621027191F84D
:10728000C7114171D1E72169009801F5887102F0B9
:1072900028FB21690098DC3102F028FBC5E70000DB
:1072A000F8000020F849D1E90001CDE90101206989
:1072B00001A990F8B00000F025008DF804000098B6
:1072C00002F048FBB1E72069B0F84810009802F0DE
:1072D00017FB2069B0F8E810009802F015FB206950
:1072E000B0F84410009802F013FB2069B0F8E610E3
:1072F000009802F011FB98E7216991F8C401002879
:107300000098B9D111F8642F02714978B9E7FFE705
:10731000206990F8A721D0F8A811009802F08DFA02
:1073200083E7DA4810B5006990F8821041B990F807
:107330007D2001230621703001F0F3FF002800D0EA
:10734000012010BD70B5D14D286990F8801039B179
:10735000012905D0022906D0032904D0FFDF0AE461
:10736000B0F8F41037E090F87F10082936D0B0F864
:107370009810B0F89A2000248B1C9A4206D3511A18
:10738000891E0C04240C01D0641EA4B290F896103F
:1073900039B190F87C2001230921703001F0C1FF40
:1073A00040B3FFF7BEFF78B129690020B1F8902003
:1073B000B1F88E108B1C9A4203D3501A801E00D055
:1073C000401EA04200D284B20CB1641EA4B228694F
:1073D000B0F8F4102144A0F8F01040E5B0F898108F
:1073E0000329BDD330F8701F428D1144491CA0F809
:1073F000801034E50024EAE770B50C4605464FF4EA
:10740000087200212046F5F7BEFF258027E5F8F732
:107410005FBF2DE9F0410D4607460621F8F74EFE05
:10742000041E3ED094F8CC010026B8B16E7007203F
:1074300028700DE0268484F8CC61D4F8CE01C5F81C
:107440000200D4F8D201C5F80600B4F8D60168816C
:1074500094F8CC010028EDD1AE70B6E094F8D801D4
:1074600090B394F8D8010B2813D00C2801D0FFDF7B
:10747000ABE02088F8F755FF0746F8F712FC78B91B
:107480006E700C20287094F8DA01A8702088A8800B
:1074900014E02088F8F745FF0746F8F702FC10B122
:1074A0000020BDE8F0816E700B20287094F8DA019E
:1074B000A8702088A88094F8DE01A87184F8D861AB
:1074C0003846F8F7E8FB80E0FFE794F80E0230B1A9
:1074D0006E700E20287084F80E626F8075E094F84C
:1074E000E00180B16E700820287020886880D4F890
:1074F000E4116960D4F8E811A960B4F8EC01A8813E
:1075000084F8E06161E094F8080270B16E701620B2
:10751000287005E084F80862D4F80A02C5F8020071
:1075200094F808020028F5D14FE094F8EE01B0B1CC
:107530006E70122028700DE084F8EE61D4F8F0012E
:10754000C5F80200D4F8F401C5F80600D4F8F80133
:10755000C5F80A0094F8EE010028EDD135E094F862
:10756000FC0180B16E701820287084F8FC61D4F89A
:10757000FE01C5F80200D4F80202C5F80600B4F80E
:107580000602688121E094F8100240B119202870A9
:1075900084F81062D4F81202C5F8020015E094F8DD
:1075A000160200283FF47DAF6E701320287008E0AB
:1075B00084F81662D4F81802C5F80200B4F81C0268
:1075C000E88094F816020028F2D1012069E72F48DC
:1075D0000021C16101620846704730B52B4D0C4651
:1075E000E860FFF7F4FF00B1FFDF2C7130BD002130
:1075F00080F87C1080F87D1080F8801090F8FE10E4
:1076000009B1022100E00321FEF76BBB2DE9F04137
:107610001E4C0546206909B1002104E0B0F80611AE
:10762000B0F8F6201144A0F8061190F8901139B97D
:1076300090F87F2001231946703001F072FE30B1BE
:10764000206930F89C1FB0F85A201144018020694D
:1076500090F8A23033B1B0F89E10B0F8F620114483
:10766000A0F89E1090F9A670002F06DDB0F8A410C7
:10767000B0F8F6201144A0F8A41001213D263DB138
:1076800080F88D6018E00000A0B20100F800002032
:107690002278022A0AD0012A11D0A2782AB380F8CF
:1076A0008C1012F0140F0DD01E2113E090F8E6207C
:1076B000062A3CD016223AE080F88C1044E090F87C
:1076C000922134E0110702D580F88D603CE09106EC
:1076D00003D5232180F88D1036E0900700D1FFDF1D
:1076E00021692A2081F88D002AE02BB1B0F89E2074
:1076F000B0F8A0309A4210D2002F05DDB0F8A420D7
:10770000B0F8A0309A4208D2B0F89C30B0F89A2075
:10771000934204D390F890310BB1222207E090F805
:1077200080303BB1B0F89830934209D3082280F8FA
:107730008D20C1E7B0F89820062A01D33E22F6E753
:10774000206990F88C1019B12069BDE8F0414EE72E
:10775000BDE8F0410021FEF7C4BA2DE9F047FF4C27
:1077600081460D4620690088F8F7EDFD060000D13E
:10777000FFDFA0782843A070A0794FF000058006B5
:10778000206904D5A0F8985080F8045103E030F83F
:10779000981F491C0180FFF7C4FD012740B3E08812
:1077A000000506D5206990F8821011B1A0F88E501E
:1077B0001EE02069B0F88E10491C89B2A0F88E1026
:1077C000B0F890208A4201D3531A00E00023B4F8A5
:1077D00008C00CF1050C634501D880F89670914201
:1077E00006D3A0F88E5080F80E722079F3F7DCFBF8
:1077F000A0794FF0020810F0600F0ED0206990F8C9
:10780000801011B1032908D102E080F8807001E0F6
:1078100080F880800121FEF764FA206990F88010DA
:10782000012904D1E188C90501D580F88080B9F12A
:10783000000F71D1E188890502D5A0F8185104E044
:10784000B0F81811491CA0F8181100F0A7FBFEF7BA
:1078500059FDFFF723FC00F0B2FD0028206902D09B
:10786000A0F8F85003E030F8F81F491C018000F040
:10787000A9FD38B1206990F80411022907D8491CE4
:1078800080F80411206990F80401022804D92069C5
:1078900020F8F85F4580057320690123002190F8E6
:1078A0007D20703001F03DFD20B9206990F87D0009
:1078B0000C286AD120690123002190F87C207030C7
:1078C00001F02FFD48B320690123002190F87F20AB
:1078D000703001F026FD00B3206990F88010022975
:1078E00053D190F80401C0B93046F7F7AAFFA0B110
:1078F000216991F8E400FE2847D1B1F8F20001288F
:1079000043D981F8FD70B1F89A20B1F89800931E20
:10791000984203DB012004E043E036E0101A401EE9
:1079200080B2B1F8F82023899A4201D3012202E003
:107930009A1A521C92B2904200D91046012801D1E5
:1079400081F8FD5091F86F206AB98A6E5AB1B1F88A
:107950009420B1F87030D21A12B2002A03DD90429E
:1079600000DB104680B291F8892192B1B1F8FA207B
:10797000B1F88A118A4201D3012102E0891A491C17
:1079800089B2884205D9084603E02169012081F8BF
:10799000FD502169B1F870201044A1F8F400FFF700
:1079A000D1FCE088C0F340214846FFF72FFE206954
:1079B00080F8FE50BDE8F047FDF7F6BA6749024689
:1079C0008878CB78184312D10846006942B189798A
:1079D000090703D590F87F00082808D001207047D8
:1079E000B0F84C10028E914201D8FEF7C6B80020C4
:1079F000704770B5594C05460E46E0882843E08034
:107A0000A80703D5E80700D0FFDF6661EA074FF05B
:107A100000014FF001001AD0A661F278062A02D0C8
:107A20000B2A14D10AE0226992F87D30172B0ED16F
:107A30000023E2E92E3302F8370C08E0226992F8BD
:107A40007D30112B03D182F8811082F8A800AA079B
:107A500018D56269D278052A02D00B2A12D10AE021
:107A6000216991F87D20152A0CD10022E1E930220C
:107A700001F83E0C06E0206990F87D20102A01D123
:107A800080F88210280601D50820E07067E42DE90F
:107A9000F84F324C00254FF00108E580A570E570E5
:107AA0004146257061F3070220619246814680F8C5
:107AB000FE800088F8F747FC070000D1FFDF20694F
:107AC0000088FDF736FA20690088FDF75BFA206927
:107AD000B0F8F21071B190F8E410FE290FD190F8CF
:107AE000901189B190F87F2001231946703001F080
:107AF00018FC78B1206990F8E400FE2804D02069D1
:107B000090F8E400FFF756FB206990F8FF1089B168
:107B1000258118E02069A0F89C5090F8911180F818
:107B2000E61000210220FFF7C0F9206980F8FD501F
:107B30000220E7E790F8CC1119B9018C82889142B4
:107B400000D881882181B0F8F610491E8EB2B0F8B5
:107B5000F8103144A0F8F81002E00000F80000200E
:107B600090F8FC1021B1A0F8FA5080F8FC5004E025
:107B7000B0F8FA103144A0F8FA1030F8981F3144E8
:107B80000180FFF7CEFB20B1206930F88E1F314411
:107B900001802069B0F8F210012902D8491CA0F830
:107BA000F2100EB180F8045190F8FD10A1B1B0F8B8
:107BB000F800218988420FD23846F7F742FE58B1C3
:107BC000206990F8891139B1B0F8FA10B0F88A013B
:107BD000814201D300F0F9FB206980F8FD5090F854
:107BE0007D100B2901D00C2916D1B0F87020B0F807
:107BF000AE31D21A12B2002A0EDBD0F8B011816079
:107C000090F8B4110173032101F04EFA206980F855
:107C10007D5080F8B28026E0242910D1B0F8701091
:107C2000B0F8AE21891A09B2002908DB90F8C40126
:107C3000FFF716F9206900F87D5F857613E090F86C
:107C40007C10242901D025290DD1B0F87010B0F88E
:107C5000AE01081A00B2002805DB0120FFF700F989
:107C6000206980F87C5020690146B0F8F620703019
:107C700001F0C8FA206990F8891109B1A0F8FA500A
:107C8000F6480090F64BF74A4946504600F0DEFAB7
:107C9000216A11B16078FCF74DFE206901230521AE
:107CA00090F87D20703001F03CFB002803D0BDE847
:107CB000F84F00F038BABDE8F88F00F045BBEA494C
:107CC000C8617047E848C069002800D001207047AB
:107CD000E54A50701162704710B50446B0F8B421FF
:107CE0004388B0F8B611B0F8B8019A4205D1A3881C
:107CF000994202D1E38898420FD02388A4F8D0316A
:107D0000A4F8D221A4F8D411A4F8D601012084F853
:107D1000CC01D5480079F3F747F90221204601F05C
:107D2000C3F9002004F87D0F0320E07010BD401A55
:107D300000B247F6FE71884201DC002801DC012018
:107D4000704700207047012802D0022805D102E0C8
:107D5000012904D001E0022901D000207047012050
:107D6000704710B5012804D0022804D0FFDF204658
:107D700010BD0124FBE70224F9E7BB48002100699C
:107D800020F8A41F8178491C81707047B64800B55F
:107D9000016911F8A60F401E40B20870002800DAF1
:107DA000FFDF00BDB0482721006980F87C1000216A
:107DB00080F8A411704710B5AB4C206990F8AC1155
:107DC000042916D190F87C2001230021703001F0A5
:107DD000A8FA00B9FFDF206990F8AA10890703D438
:107DE000062180F87C1004E0002180F8A21080F8C1
:107DF000AC11206990F87E00800707D5FFF7C6FF19
:107E0000206910F87E1F21F00201017010BD964913
:107E100010B5096991F87C200A2A09D191F8E2206D
:107E2000824205D1002081F87C0081F8A20010BDBB
:107E300091F87E20130706D522F0080081F87E0015
:107E4000BDE81040A2E7FF2801D0FFDF10BDBDE86C
:107E50001040A7E710B5844C206910F8B01F41F01E
:107E600004010170A06901F0A4FD162806D1206963
:107E700090F87C00202802D0262805D010BDA069EB
:107E800001F09BFDFEF7B8FB2169002081F87C0022
:107E900081F8A20010BDF8B5734C01230A212069B6
:107EA00090F87C20703001F03CFA38B3A06901F002
:107EB0003FFDC8B1A06901F035FD0746A06901F09A
:107EC00035FD0646A06901F02BFD0546A06901F0CD
:107ED0002BFD01460097206933462A46303001F0D9
:107EE0008BFD206901F0A8FD2169002081F8A20026
:107EF00081F87C00BDE8F840FEF79FBBA07840F019
:107F00000100A070F8BD10B5574C01230021206975
:107F100090F87D20703001F004FA30B1FFF72DFFAA
:107F20002169102081F87D0010BD20690123052101
:107F300090F87D20703001F0F4F908B1082000E0DD
:107F40000120A07010BD70B5474C012300212069AD
:107F500090F87D20703001F0E4F9012588B1A06926
:107F600001F0A8FC2169A1F8AE01B1F87010FFF78B
:107F7000DEFE40B12069282180F88D1080F88C50F9
:107F800084E5A57082E52169A06901F5D87101F049
:107F90008CFC21690B2081F87D0077E510B5FEF798
:107FA0000EFFFEF70CFE304CA079400708D5A078F4
:107FB00030B9206990F87F00072801D10120207096
:107FC000FEF73EFAA079C00609D5A07838B9206935
:107FD00090F87D100B2902D10C2180F87D10E078FB
:107FE00000070ED520690123052190F87D2070300F
:107FF00001F097F930B10820A0702169002081F8C4
:10800000D80110BDBDE81040002000F016BB10B52F
:10801000154C216991F87D2040B3102A06D0142A0E
:1080200007D0152A23D01B2A35D123E001210B20AC
:1080300022E0FBF769FB0C2820D32069082100F51A
:108040008870FBF765FB28B120690421DC30FBF761
:108050005FFB00B9FFDF012104200DE05B77010029
:10806000BD790100F3790100F800002008E000F07C
:1080700017F803E001210620FEF717FF012010BDCD
:10808000212A08D191F8970038B991F8C40110B1AC
:1080900091F8C50108B1002010BD01211720EBE7C0
:1080A00070B5184C0025206990F8931101290AD069
:1080B000022925D190F8A810A9B1062180F8E61070
:1080C0000121022017E090F8D811002918D100F101
:1080D000C80300F58471002200F5CA7001F0C1F8F0
:1080E0000121052007E090F8B000400701D51120DC
:1080F00000E00D200121FEF7D8FE206980F89351A1
:10810000C4E40000F8000020F9480078002800D0FE
:108110000C20704710B50446FFF7F6FF00B1FFDFF3
:10812000F348047210BDF2490120C871704770B560
:108130000C460546082B01D0194600E004211046E4
:1081400001F075F9844200D220460DB1001D80B2C5
:10815000C0B270BD70B5E64934314C6804F17005A9
:1081600060B1628F218F94F86530A87CFFF7DFFF44
:1081700094F86510BDE87040FCF79EB8FF2094F8B5
:108180006410F7E72DE9F0478146D9483430446858
:10819000002004F17005628F218F94F86530FFF79D
:1081A000C6FFD34F0646D34878620120FFF7D2FFBF
:1081B000A87C4FF0000840B305F15801CE4891E883
:1081C0000E1000F1080A8AE80E10A96EC0F82110FE
:1081D000E96EC0F82510FE38FCF743FBC6480121C4
:1081E00008300176D5E91412C0E90412A0F58372B3
:1081F000796AFBF728FF94F8650000F0A7FB0246B8
:1082000031460120FBF72DFF04E0786AFCF729FBDB
:10821000FBF74BFFB9F1000F03D141469620FCF765
:108220004CFB94F8642001210020FCF706FC94F834
:108230002C00012801D1FCF7DFFB02203870FCF78D
:1082400061FD002800D0FFDFBDE8F0872DE9F04395
:10825000A74D87B0804628780E9F1C461646894653
:1082600010B90EB104B107B9FFDFEF61C5E90564CC
:108270000020C5E90D89E871A871E870A87028711F
:108280009B4F6871A8813437E8817E68344636F8A0
:10829000700BF8F758F8E8622088F8F742F828637E
:1082A000FCF714F894F96700FCF7CEF804F112001B
:1082B000FCF7B9FA04F10E00FCF7CCF80120FCF74A
:1082C000CDFA18228D496846F5F733F88C480490AA
:1082D0006846FCF7B7FAF07EFCF7C6F8FCF7B8FA88
:1082E00094F86F0078B9A06E68B1B08C318888427C
:1082F00009D1B4F86C1001220844B08494F86E00DF
:10830000A16EF9F708FE628F218F94F86530B07C7A
:10831000FFF70DFF94F865402146FBF7CDFF786825
:1083200090F8880108B1FCF74FF821460120FCF7CE
:1083300054F97868D0F80001FCF797FA0120FFF7AC
:1083400021FF07B0BDE8F083694800B50078022836
:1083500000D0FFDF00BD664810B534304468FCF73C
:10836000FBFAFCF7DAFAFCF729FAFCF762FAFBF7FA
:108370009CFE94F82C00012801D1FCF733FB94F803
:108380006F0038B9A06E28B1002294F86E00114633
:10839000F9F7C1FD564CE08900F0E2FAE269A179F3
:1083A000A07890470020207010BD514810B500788B
:1083B000022800D0FFDFBDE81040CCE7CBE74C48F7
:1083C000007970474A48C078704749490120487190
:1083D00070472DE9FC474648454E3430A0F114075C
:1083E00044684FF0000A254694F875004FF00108E4
:1083F000703458B3012868D002286AD0032876D098
:10840000FFDF316AB1460826087820F008000870BE
:10841000A37906EAC303184320F004000870E37947
:10842000042606EA8303184320F0100008706779D9
:10843000D9F82C00F7F715FA0646FCF7C8FD022F0D
:1084400067D0012F65D0032F66D068E000F094FA62
:10845000AA8E0146104600F0EAFF298E814200D222
:1084600008464C21ADF8040048533846FCF78DFD12
:1084700048B14FF48060316A00F077FA03206071F0
:1084800084F80380BDE76A4601A9F06A00F05CFA4F
:10849000306210B194F8371029B13846FCF746FD28
:1084A00084F80580ADE79DF8001031B9A0F800A070
:1084B00080F802A0012101F08CF9BDF80410306AA7
:1084C00001F07DFA022060719BE73846FCF72EFD33
:1084D00097E7B5F84C00ADF804006A4601A9F06AC8
:1084E00000F032FA306200288BD1FFDF89E709E023
:1084F0001C010020780B0020780D0020A8B201009C
:108500001B5D01003846FCF740FD0028BAD1FFDFB3
:1085100077E7B04301D002E00EB1012100E0002175
:10852000D9F820004E46027842EA01110170617CC0
:1085300051B36179012927D004F15801F7488EC958
:1085400000F1080989E88E00A16EC0F82110E16EE3
:10855000C0F82510FE38FCF784F9F048083080F8A0
:1085600018A0D4E91212C0E90412A0F58371326A8E
:10857000FBF769FD95F8640000F0E8F90246FB217D
:108580000020FBF76EFD03E0FCF76BF9FBF78DFDB8
:10859000012195F865200846FCF74FFA86F804801B
:1085A000316A0A8832828978B17486F80080FCF7D3
:1085B000B5FB002800D0FFDFBDE8FC8770B5D84CC4
:1085C000054639B9012D05D1E078401CC0B2E070F4
:1085D000012820D8A16928468847E0B16179D148AF
:1085E00031B1012D04D1417811B90178C90612D5F4
:1085F000A17981B98DB9CA4910310978CA0602D466
:108600000078C00607D5A08928B9A06A28B9608972
:1086100018B1C80601D4012070BD002070BD10B58E
:10862000BF4CA06A00B9FFDF6289D4E90910D21CEF
:10863000F4F77FFEA06A606210BD2DE9F0470600E6
:10864000B748B74D00F134004468686A04F170041B
:10865000477801D0012E03D1296B02F0EDF8687044
:1086600068784FF000084FF0010938B1012816D0A2
:1086700002282FD0032844D0FFDFE5E5012E30D0BB
:10868000FFF7CDFF39460122286BF7F75BF926E0AB
:1086900084F8078030E000BF84F807902CE0012EBA
:1086A00008D0FFF7BCFF39460022286BF7F74AF9DC
:1086B000022EE2D0D4E91401401C41F10001C4E9CA
:1086C0001401E079012802D084F80790BCE584F811
:1086D0000780B9E5012E04D0286BF7F7B7FA022E10
:1086E000CBD0D4E91401401C41F10001C4E91401CC
:1086F000E0790128D0D1CBE7287ABDE8F047F2F73E
:1087000053BC012EB9D0286BF7F7A0FAF4E770B587
:108710008349834A343100264C68516A01257034FC
:108720000B7803F00303012B14D0022B12D0032B80
:1087300003D0907940F0040023E0A570D08940F484
:108740000060D081012000F010F91CE0E67170BDDE
:10875000E57170BD4978B1B1D38943F40063D38129
:10876000936A002BF5D0FB2908D8D17921B1BDE857
:108770007040802000F0F4B8057070BD907940F032
:108780001000907170BDE0790128E1D1DEE770B58D
:108790006348634D3430446828787034012800D031
:1087A000FFDFA07838B10020A0700146042000F05F
:1087B000DCF801202071296A0878C043800705D1C0
:1087C000A889400502D5022000F0CFF80121002041
:1087D000FFF7F4FE10B1BDE87040BCE5BDE87040A5
:1087E0000020CFE42DE9F84F4D4F4D4C3437002693
:1087F0007D6882468DF8006020787035022800D0B0
:10880000FFDFE08940F40070E0810020FFF7A2FC68
:10881000A87CBAF1000F5BD0FBF76AFCFBF75AFCAF
:108820004FF0010968B9A87C58B1606A417841B13C
:108830000078E979C0F3C000884202D184F8029040
:1088400059E0606A4178618121B1206BF7F734F813
:10885000A06200E0A662E089B84640F02000E08116
:10886000E670786800F17007064690F82C00012841
:1088700016D1FCF7B7F83946304600F010FD78B154
:10888000D8F804003188A0F80A12397A80F80C125E
:10889000797A80F80D1280F80892207AF2F784FB3A
:1088A000606AA9790078C0F38000884205D000F0A2
:1088B00094F8E08940F48070E081606AE97900789A
:1088C000C0F3C00088420AD16846FFF720FF06E0E7
:1088D00008B1FBF73EFCE08940F04000E0815146E2
:1088E0000120FFF76BFE00289DF8000007D010B1B3
:1088F0000020FFF7A2FEFFF72EFDBDE8F88F10B1B4
:108900000120FFF79AFEFFF764FD9DF800000028A4
:10891000F3D00220FFF791FEEFE70000780D002072
:108920001C010020780B002070B5064654480D4607
:108930004468FBF773FC034694F8642029463046EC
:10894000BDE87040FDF706BAF6F7C5BE00B50128D0
:1089500002D0022802D0FFDF002000BD012000BDB0
:10896000474A0021343A52691047454A343A9389BC
:108970000343938152691047414810B5446804F19C
:108980007001087B24280ED0497B24290BD01F2896
:108990000CD020280AD0222912D094F86400042890
:1089A00000D1082010BD94F8B01106E0222907D0AC
:1089B00094F8C60100F04FF8014694F8640008E00E
:1089C00094F8C60114F85D1F084000F044F8014611
:1089D000E079BDE8104000F048B870B52848446818
:1089E00094F875007034002832D0022810D1244D3C
:1089F000343DE86AF6F79BFE00B9FFDFD4E91201C7
:108A0000401C41F10001C4E91201287AF2F7CCFAC6
:108A100000256571207920B1257100211020FFF714
:108A2000A4FFE07878B1E570FCF7BEFA00B9FFDF8B
:108A300000210820FFF799FFD4E91201401C41F101
:108A40000001C4E91201A079012802D00120A0711F
:108A500070BDA57170BDC10701D0012070478007AE
:108A600001D50220704700207047002904D001285A
:108A700003D0012901D00220704701207047000077
:108A8000500100202DE9F0410F4606460024FE4D1E
:108A90000FE000BF05EBC40090F85311B14206D1BE
:108AA0000622394600F5AA70F4F716FC38B1641CAA
:108AB000E4B22878A042EDD81020BDE8F08120462D
:108AC000FBE7F0B50746F04816460478621C0270D2
:108AD00000EBC4050868C5F854018888A5F858015A
:108AE000102C00D3FFDF85F8537185F85A612046BA
:108AF000F0BD70B5054600F017FA10281CD1E24C05
:108B00002078401EC0B22070A84215D004EBC002ED
:108B100004EBC50102F58070D2F85321C1F853214E
:108B2000D0F85700C1F85701207800F0FDF910285F
:108B300002D0204480F8035170BD2DE9F047D24C9B
:108B40000646A719A078401EC5B2A57097F8038104
:108B5000AE422AD004EB051A04EB06190AF1030110
:108B600009F103001022F4F7E4FB0AF1830109F193
:108B700083001022F4F7DDFB601905EB450290F845
:108B8000031187F8031106EB460104EB420204EBE4
:108B90004101D2F80B31C1F80B31B2F80F21A1F825
:108BA0000F2190F83B0187F83B0104EBC80090F8D7
:108BB0005A01C00703D14046BDE8F04799E7BDE838
:108BC000F087B1498A78824203D9084490F843017A
:108BD00070470020704710B540F2D3120021AA4818
:108BE000F4F7D1FB0822FF21A848F4F7CCFBA748F3
:108BF00000210C38417081704FF46171818010BD8B
:108C000070B50D460646FFF73DFF9F4C102807D074
:108C100004EBC00191F85A11C90701D0012070BDC1
:108C20006178082910D2102808D004EBC000012177
:108C300080F85A116078401C6070EFE701222946E5
:108C40003046FFF73EFFF5E7002070BD70B58E4D52
:108C50002878401E44B20AE005EBC40090F85A019F
:108C6000C00702D0E0B200F070F9641E64B2002CBC
:108C7000F2DA864900200C39887070BD82498A7802
:108C8000824203D901EB0010C01C704700207047DE
:108C90002DE9F047984691460C460546FFF7F2FE4F
:108CA0000646102805D000F03FF9102801D0122008
:108CB00085E7754FB87808282AD2102E05D10022F2
:108CC00021462846FFF7FDFE0646BC781022601CB0
:108CD000B87007EB0415E81C494600F0B5FA05F139
:108CE00083001022414600F0AFFA1021404600F008
:108CF0009CFA3C44102184F84301484604F59674DC
:108D000000F093FAE07704F8296C0020E07356E74E
:108D1000072054E75C4810B58078401E44B204E058
:108D2000E0B2FFF70AFF641E64B2002CF8DA10BD4F
:108D300056490C394870704754480C384078704791
:108D400040B14AF2B811884204D850490C398880A1
:108D500001207047002070474C480C3880887047CD
:108D600010B5FFF78FFE102803D000F0DDF81028B3
:108D700000D1082010BD44498A78824203D901EB12
:108D8000001083307047002070473F4B10B59C782F
:108D900084420FD9184490F8030103EBC00090F807
:108DA00053310B70D0F854111160B0F85801908015
:108DB000012010BD002010BD334A114491F8032159
:108DC00032490C390A700268C1F80620808848814F
:108DD000704770B52D4B0C3B5B7873B12A4B9C7878
:108DE0005CB1451821460AB1D81C01E02648833001
:108DF0002A46FBF794F8012070BD002070BD10B525
:108E0000FBF7DBF818B1BDE81040FBF7E6B8FF2030
:108E100010BD1D498A78824209D9084490F803019F
:108E200001EBC00090F85A0100F0010070470020EB
:108E300070472DE9F04100242546134E2CE02846CA
:108E400000F072F88046FFF719FF06EBC50797F8A8
:108E50005A11C9071ED060B1B8F1100F05D006EB4A
:108E6000080191F83B11012903D0102100F0DDF930
:108E700080B10649204601F80480641C97F853210C
:108E800007F5AA71E4B203E0A80D002064010020F8
:108E9000FBF7B5FA6D1CEDB23078A842CFD80CE6DE
:108EA000012296E72E4A01EB410102EB41010268E3
:108EB000C1F80B218088A1F80F01704701461022EC
:108EC000284800F0C1B92748704725498A7882426E
:108ED00003D9084490F83B0108B1002070470120F5
:108EE00070472DE9F0410E460746154606213046EB
:108EF00000F09BF91A4C58B1002004E02118401CE6
:108F000081F83B51C0B2A1788142F7D80120D4E565
:108F100031463846FFF724FF082803D0204480F864
:108F20003B51F3E70020C8E50D4910B5034600208A
:108F30008A7806E00C1894F803419C4204D0401C47
:108F4000C0B28242F6D8102010BD05494A78521EA0
:108F50004A7001EBC001002281F85A21C9E50000E6
:108F6000A80D00207B0F002000F00101400800F058
:108F700001021144400800F001021144400800F0D1
:108F800001021144400800F001021144400800F0C1
:108F900001021144400800F00102114401EB5000AD
:108FA000704710B500240485848DDB004C43B3FB6F
:108FB000F2F394FBF2F45B1C84859BB203FB02F496
:108FC0004385B4F5C84F01DD5B1E43854FF4FA437A
:108FD000B3FBF2F35B1C0386438C02EBC3035B1E03
:108FE000B3FBF2F30384C38B4B43B3FBF2F1C183B6
:108FF00010BD70B50546087B0E4600F01F000873D3
:109000000020687604463019007AFFF7ADFF291971
:10901000641C0875697EE4B208446876052CF2D3B6
:10902000C0B2252800D9FFDF70BD0023C38342846E
:1090300001EBC202521EB2FBF1F101847047F0B5A0
:109040006FF01F02010C02EA90261F25A1F5AA402D
:1090500054380DD0A1F5AA40553809D0A1F52850B3
:10906000AA3805D0A1F52A40AA3801D0012000E095
:10907000002000221346144682EA0107FF431F43E3
:109080007F1C0FD006F00107520842EAC73205F0F4
:1090900001075B0876086D08641C43EAC733162C89
:1090A000EAD3F0BD0020F0BD2DE9F04101260446D1
:1090B000002500F1700751B1012974D0022971D047
:1090C00003296CD101463846BDE8F04191E7802282
:1090D00000213846F4F757F9BD71FD713D737D737A
:1090E000FD733D747D71BD76FD76212087F84000CB
:1090F000412087F84100FE2087F8740027887022FD
:1091000000212046F4F73FF9278084F8646084F852
:109110006560282084F8660004F1300000210746CD
:1091200000F071FC1B21F9833984A4F85210A4F8D3
:1091300054104FF4A470A4F85600A4F858006673B5
:109140004FF448606080A4F8F050A4F8F250A4F8FE
:10915000F450A4F8F650A4F8F850A4F8FA5084F8A3
:10916000FD5084F8FF50A4F8065184F80451A4F887
:109170001851A4F81A5184F8BA5184F8BB5184F8F4
:10918000C45184F8C55184F8895184F8905184F809
:10919000935184F8AC51C4F8A451C4F8A851BDE867
:1091A000F08100E025E0A4F8065184F8FE506188C3
:1091B000FE480A460844B0FBF1F0A4F890004BF6D4
:1091C0008030A4F89200E3883846FFF7EAFE214693
:1091D0003846FFF70EFFFAF7F9F920B1D4F80E0080
:1091E000FFF72DFF10B184F88851D8E784F8886123
:1091F000D5E74188B4F8B831B4F8B4213846BDE8B1
:10920000F041CEE6437E0BB1252B01D912207047E9
:109210002AB14B7B2BB1012B05D01F2070470020BA
:10922000704700F0EEB900F092B910B500231A466D
:1092300003E0845C2343521CD2B28A42F9D30BB1BF
:10924000002010BD012010BD30B5134606E0CC183B
:10925000D51A14F8014C5B1E4455DBB2002BF6D135
:1092600030BD70B50E468CB0144601461D46102226
:109270006846FFF7E9FF1022314604A8FFF7E4FF34
:10928000684600F059FD08A94FF0100228461CB1AD
:10929000FFF7DAFF0CB070BDF4F74BF8FAE738B51A
:1092A00005460C466846FBF7B2FB002820D09DF926
:1092B00000002072E17E617294F90A100022411AC6
:1092C00000D5494295F82D308B4210DCFF2B0ED093
:1092D000E17A491CC9B2E17295F82E30994202D860
:1092E000A17A7F2903D1A0720020E07201221046EA
:1092F00038BD0C2813D00B2811D00D280FD01F28F3
:109300000DD020280BD0212809D0222807D02328CF
:1093100005D0242803D0262801D000207047012042
:10932000704710B5A2F10F030C2941D2DFE801F01C
:1093300006080D1215181C40243E272EAAB337E04C
:10934000072A37D0082A35D032E00C2A32D00B2A2F
:1093500030D02DE00D2A2DD02AE00C2B2AD927E081
:10936000103A0B2A26D923E0032B23D990F8380092
:10937000F0B11B2A1ED91BE0062A1BD018E01C2ABC
:1093800018D01D2A16D01E2A14D011E01F2A11D081
:10939000202A0FD0212A0DD0222A0BD0232A09D02F
:1093A000242A07D0262A05D002E003E00E2A01D0A5
:1093B000002010BD012010BD2DE9F0410C460546EE
:1093C00040F23577866805E0F8F7F7FF3946F8F799
:1093D000C8FCA8602846F9F7A5F90028F4D08CB19C
:1093E0003046A968F9F7EAFC00280BDD2044401E4E
:1093F000B0FBF4F707FB04F13046F8F7B2FCA860C5
:109400003846CCE60020CAE670B5044690420BD23E
:10941000101B642800D2642025188D4205D8042131
:10942000F9F7FFFC08B1284670BD204670BD11F069
:109430000C0F19D04A074FF41671002A03DA00BF47
:109440004FF0100201E04FF0400201DA4FF09601B8
:1094500001F5BC71A0EB0103884202D993FBF2F045
:1094600000E0002080B27047022904D06FF00D01A7
:1094700001EBD000F6E76FF00E0101EB9000F1E791
:109480000844184498300AB1042100E0002108443F
:10949000704701207047106808667047C10701D007
:1094A00001207047810701D502207047400701D590
:1094B00008207047002070472DE9F0410546164608
:1094C00088460124084600F054FA0746404600F05A
:1094D00052FA0346FFF7E2FF02463846FFF7DEFF87
:1094E00052EA000100D10024990700D10022B907F7
:1094F00000D1002095F86410914200D10022327012
:1095000095F86510814200D10020707072B968B979
:10951000404600F032FAB5F87010401A00B247F633
:10952000FE71884201DC002800DC0024204636E67B
:1095300010B540F6C4125410012903D0022902D0FC
:10954000FFDF02E008B1104610BD204610BDF0B5A7
:109550000C7C8B7BCD7B5C404B7C02886B4044EA6F
:109560000324467E62400023D5B2120A95FAA5F57F
:1095700092FAA2F22D0E120E45EA022202EB02121C
:109580005B1C2244DBB292B2032BEDD36240252355
:10959000B2FBF3F403FB142301EBD304837603F053
:1095A00007070125247A05FA07F701E0FFDB05002C
:1095B0003C4201D0C3761AE05643320C521CD2B260
:1095C000002403191B7D934213D300230E19367A0E
:1095D00005FA03F73E4201D0521ED2B222B15B1C03
:1095E000DBB2082BF4D306E003EBC401C176002004
:1095F000F0BDD21AD2B2641CE4B2052CE1D31F2014
:10960000F0BDF0B5837E0C7E012504FB02322523DC
:10961000B2FBF3F403FB142201EBD204827602F0D6
:109620000703247A05FA03F31C4201D0C2761EE038
:10963000437EB2FBF3F403FB1422521CD2B200238C
:10964000C418247D944214D30024CE1896F80860E0
:1096500005FA04F73E4201D0521ED2B222B1641C78
:10966000E4B2082CF4D306E004EBC301C176002079
:10967000F0BD121BD2B25B1CDBB2052BE0D31F2066
:10968000F0BD000030B50546007801F00F0220F073
:109690000F0010432870092912D2DFE801F00507F6
:1096A00005070509050B0F0006240BE00C2409E053
:1096B000222407E001240020E87003E00E2401E0EA
:1096C0000024FFDF6C7030BD007800F00F007047A1
:1096D0000A6840F8032F8988818070470A6840F83B
:1096E000092F8988818070470278402322F0400248
:1096F00003EA81110A4302707047027822F0800267
:1097000042EAC1120270704770B514460E46054613
:109710001F2A00D9FFDF2246314605F10900F3F781
:1097200008FEA41D6C7070BD70B514460E4605464B
:109730001F2A00D9FFDF2246314605F10900F3F761
:10974000F8FDA41D6C7070BD30B5017801F00F01FB
:10975000032920D0052921D14578B0F81910B0F897
:109760001B40B0F81730827D222D17D1062915D362
:109770004FF44865A94211D8B4F5FA7F0ED26AB108
:10978000082A0BD88A4209D28B4207D8B0F81D00AC
:10979000A84205D902E040780C2801D0002030BD55
:1097A000012030BD4078704700B5027801F0030316
:1097B00022F003021A430270012905D0022903D0C6
:1097C000032903D0FFDF00BD002100E0012141702B
:1097D00000BD00B5027801F0030322F003021A4332
:1097E0000270012905D0022903D0032903D0FFDF2D
:1097F00000BD002100E00121417000BD007800F0B3
:1098000003007047417841B1C078192803D2704AEB
:10981000105C884201D1012070470020704730B5AC
:1098200001240546C170192902D26948445C02E04E
:10983000FF2900D0FFDF6C7030BD70B514460E46B6
:1098400005461B2A00D9FFDF6C7022463146E81C12
:10985000BDE87040F3F76DBDB0F807007047B0F891
:1098600009007047B0F80B00704770B5B0F80720DA
:10987000B0F80940B0F805300179951F40F67A46F6
:10988000B54210D8B4F5FA7F0DD261B108290AD8D3
:10989000914208D2934206D8B0F80B00B0F5486F59
:1098A00001D8012070BD002070BD42680A60007AB6
:1098B00008717047B0F80900704700797047426836
:1098C0000A6080684860704780890880704750F857
:1098D0000E2F0A60406848607047D0F81600086094
:1098E00070470A6842604968816070470968C160D2
:1098F00070470079704742680A6080684860704726
:109900000171090A417170478171090AC17170477B
:109910000172090A417270478172090AC172704767
:1099200080887047C08870470089704740897047B9
:1099300001891B290CD341894FF4A472914207D3AA
:1099400081881B2904D3C088904201D3012070472D
:10995000002070470A684260496881607047017959
:10996000490704D04079400701D00120704700200A
:1099700070470079704740797047C08870470CB5D0
:1099800014A2D2E90012CDE900120179407901F068
:10999000070269461DF80220012A04D800F00700DA
:1099A000085C012801D900200CBD01200CBD01710B
:1099B000704700797047417170474079704730B502
:1099C0000C460546FB2900D9FFDF6C7030BD000056
:1099D000C0B20100000101020102020310B58C882F
:1099E0000A894B88C988A0F84430A0F84810A0F82C
:1099F0004640A0F84A2010BD10B5029C8181C2816A
:109A00000382448210BD1B2202838282C281828132
:109A100042800281028042848284828300290AD1AA
:109A20004FF4A4714183C18241820182C18041818E
:109A30008180C18401857047F0B5B0F84830818FCE
:109A4000458EC48E8B4200D30B46B0F84A10B0F856
:109A50004020914200D20A464386C286068F478F35
:109A600000F130019E4200D21E46974200D21746B6
:109A70000E814F81AB4201D1A24201D0012400E00E
:109A80000024B0F84420C38F068E858E9A4200D3FE
:109A90001A46B0F84670B0F842309F4200D23B46BA
:109AA00090F85A70022F08D1964200D232469D4259
:109AB00000D22B46002780F85A700A808B80B24271
:109AC00001D1AB4201D0012000E000202043F0BDD5
:109AD000508088899080C889D080088A1081488AFF
:109AE000508101201070704770B502884A80048E42
:109AF0008C80838ECB80428E0A81C58E4D81B0F8DA
:109B00005660AE420BD1B0F85250954207D1B0F832
:109B100058509D4203D1B0F85430A34201D00123E4
:109B200000E000230B73A0F852204A89A0F85620C9
:109B30008A88A0F85420CA88A0F85820012008700C
:109B400070BD70B50C46088E91F8641000F016F8E0
:109B5000A18E0546A94200D20D46208F94F86510CB
:109B600000F00CF8618F814200D208460146284679
:109B7000BDE8704000221346FFF782BC11F00C0FC5
:109B800004D04FF4747101EB801006E0022902D07A
:109B9000C000703001E080003C3080B270470000AF
:109BA0002DE9F0410C4612490D68114A114908325D
:109BB0001160A0F12001312901D301200CE04128DE
:109BC00010D040CC0C4F94E80E0007EB8000241F0F
:109BD00050F8807C3046B84720600548001D05607D
:109BE000BDE8F081204601F0B9F8F5E7062070479E
:109BF0001005024001000001DCB2010010B555481B
:109C0000F9F704FD00B1FFDF5248401CF9F7FEFCF4
:109C1000002800D0FFDF10BD2DE9F14F4E4E82B07D
:109C2000D6F800B001274B48F9F7F8FCDFF824819B
:109C300020B9002708F10100F9F706FD474C00257F
:109C40004FF0030901206060C4F80051C4F80451CA
:109C5000029931602060DFF808A11BE0DAF800000B
:109C6000C00617D50E2000F068F8EFF3108010F052
:109C7000010072B600D001200090C4F80493D4F81B
:109C8000000120B9D4F8040108B901F071F8009876
:109C900000B962B6D4F8000118B9D4F8040100285C
:109CA000DCD0D4F804010028CCD137B1C6F800B01C
:109CB00008F10100F9F7B2FC11E008F10100F9F731
:109CC000ADFC0028B6D1C4F80893C4F80451C4F818
:109CD00000510E2000F031F81E48F9F7B5FC0020C5
:109CE000BDE8FE8F2DE9F0438DB00D4606460024F9
:109CF0000DF110090DF1200818E000BF04EB440736
:109D0000102255F827106846F3F713FB05EB870779
:109D1000102248467968F3F70CFB6846FFF77CFF92
:109D200010224146B868F3F704FB641CB442E5DB3B
:109D30000DB00020BDE8F0836EE7002809DB00F0DD
:109D40001F02012191404009800000F1E020C0F88D
:109D5000801270476C01002004E5004000E00040E4
:109D600010ED00E0B64900200870704770B5B54DA1
:109D700001232B60B44B1C68002CFCD0002407E0AE
:109D80000E6806601E68002EFCD0001D091D641CB4
:109D90009442F5D30020286018680028FCD070BDDC
:109DA00070B5A74E0446A94D3078022800D0FFDFD9
:109DB000AC4200D3FFDF7169A548012903D847F2FF
:109DC0003052944201DD03224271491C7161291B0A
:109DD000C1609F49707800F030F9002800D1FFDFA2
:109DE00070BD70B5964C0D466178884200D0FFDF9B
:109DF000964E082D4BD2DFE805F04A041E2D4A4A44
:109E00004A382078022800D0FFDF03202070A07895
:109E1000012801D020B108E0A06800F041FD04E075
:109E200004F1080007C8FFF7A1FF05202070BDE876
:109E30007040F8F7C0B9F8F7C0FA01466068F8F763
:109E4000BDFFB04202D2616902290BD30320F9F7AA
:109E50000EFB12E0F8F7B1FA01466068F8F7AEFFC2
:109E6000B042F3D2BDE870409AE7207802280AD0C9
:109E7000052806D0FFDF04202070BDE8704000F008
:109E8000D2B8022000E00320F9F7F1FAF3E7FFDF90
:109E900070BD70B50546F8F790FA694C606020789F
:109EA000012800D0FFDF6A490120087000200871F6
:109EB00004208D6048716548C86002202070607879
:109EC00000F0BBF8002800D1FFDF70BD10B55C4C7E
:109ED000207838B90220F9F7E0FA18B90320F9F729
:109EE000DCFA08B1112010BD5A48F8F7E1F96070AA
:109EF0001F2804D0012020700020606110BD0320C5
:109F000010BD2DE9F0471446054600EB84000E46CF
:109F1000A0F1040800F0D7FC07464FF0805001691B
:109F20004F4306EB8401091FB14201D2012100E039
:109F3000002189461CB10069B4EB900F02D90920B9
:109F4000BDE8F0872846E7F76FF990B9A84510D328
:109F5000BD4205D2B84503D245EA0600800701D0CC
:109F60001020EDE73046E7F75FF910B9B9F1000FBF
:109F700001D00F20E4E7384838490068884205D00E
:109F8000224631462846FFF7F1FE1AE0FFF79EFF12
:109F90000028D5D12A4800218560C0E9036481707A
:109FA000F9F7DDFA08B12E4801E04AF2F870604393
:109FB0004FF47A7100F2E730B0FBF1F01830FFF7A0
:109FC00068FF0020BCE770B505464FF0805004697B
:109FD0006C432046E7F728F908B10F2070BD00F068
:109FE00072FCA84201D8102070BD1B481B490068B4
:109FF000884203D0204600F053FC10E0FFF766FFD4
:10A000000028F1D10E48012184608170F9F7A7FA88
:10A0100008B1144800E014481830FFF73AFF002058
:10A0200070BD00F053BE10B5054C6078F8F7A2F98A
:10A0300000B9FFDF0020207010BDF8F7EFBB000073
:10A040007001002004E5014000E40140105C0C00B8
:10A050008C0F0020E39D010058000020BEBAFECA0C
:10A0600050280500645E0100A85B01007149096881
:10A070000160002070476F4908600020704701218F
:10A080008A0720B1012804D042F20400704791678A
:10A0900000E0D1670020704767490120086042F264
:10A0A0000600704708B50423634A1907103230B11F
:10A0B000C1F80433106840F0010010600BE0106834
:10A0C00020F001001060C1F808330020C1F8080139
:10A0D0005A4800680090002008BD011F0B2909D8CC
:10A0E000554910310A6822F01E0242EA4000086019
:10A0F0000020704742F205007047000100F18040E7
:10A10000C0F8041900207047000100F18040C0F839
:10A11000081900207047000100F18040D0F80009C4
:10A12000086000207047012801D907207047444A81
:10A1300052F8200002680A4302600020704701289C
:10A1400001D9072070473E4A52F8200002688A432E
:10A15000026000207047012801D907207047384A63
:10A1600052F820000068086000207047020035495E
:10A170004FF0000003D0012A01D0072070470A6089
:10A18000704708B54FF40072510510B1C1F80423AF
:10A1900008E0C1F808230020C1F8240127481C303A
:10A1A00000680090002008BD08B58022D10510B1DC
:10A1B000C1F8042308E0C1F808230020C1F81C01FD
:10A1C0001E48143000680090002008BD08B54FF408
:10A1D0008072910510B1C1F8042308E0C1F808238A
:10A1E0000020C1F8200115481830006800900020B8
:10A1F00008BD10493831096801600020704770B50A
:10A200004FF080450024C5F80841F9F7B4F910B9BA
:10A21000F9F7BBF928B1C5F82441C5F81C41C5F8C8
:10A2200020414FF0E020802180F800140121C0F887
:10A23000001170BD0004004000050040080100400E
:10A24000A0B30100780500406249634B0A68634986
:10A250009A42096801D1C1F31001016000207047E2
:10A260005C495D4B0A685D49091D9A4201D1C0F302
:10A2700010000860002070475649574B0A6857493C
:10A2800008319A4201D1C0F31000086000207047E5
:10A2900030B5504B504D1C6842F20803AC4202D01E
:10A2A000142802D203E0112801D3184630BDC300A0
:10A2B0004B481844C0F81015C0F81425002030BDD4
:10A2C0004449454B0A6842F209019A4202D00628E5
:10A2D00002D203E0042801D308467047404A012116
:10A2E00042F83010002070473A493B4B0A6842F26E
:10A2F00009019A4202D0062802D203E0042801D3C1
:10A3000008467047364A012102EBC0004160002038
:10A31000704770B52F4A304E314C156842F2090330
:10A3200004EB8002B54204D0062804D2C2F800181B
:10A3300007E0042801D3184670BDC1F31000C2F82D
:10A340000008002070BD70B5224A234E244C1568C9
:10A3500042F2090304EB8002B54204D0062804D27D
:10A36000D2F8000807E0042801D3184670BDD2F8DF
:10A370000008C0F310000860002070BD174910B538
:10A380000831184808601120154A002102EBC0036B
:10A39000C3F81015C3F81415401C1428F6D3002078
:10A3A00006E0042804D302EB8003C3F8001807E09A
:10A3B00002EB8003D3F80048C4F31004C3F800484C
:10A3C000401C0628EDD310BD04490648083108603A
:10A3D0007047000058000020BEBAFECA00F50140D8
:10A3E00000F001400000FEFF814B1B6803B198475D
:10A3F000BFF34F8F7F4801687F4A01F4E06111434A
:10A400000160BFF34F8F00BFFDE710B5EFF3108081
:10A4100010F0010F72B601D0012400E0002400F01A
:10A42000DDF850B1E6F7A4FFF7F761FDF8F7C1FFDB
:10A43000F9F7E2FC71490020086004B962B6002017
:10A4400010BD2DE9F0410C460546EFF3108010F0E9
:10A45000010F72B601D0012600E0002600F0BEF820
:10A4600020B106B962B60820BDE8F08100F006FD13
:10A47000E6F782FF0246002001234709BF0007F1EB
:10A48000E02700F01F01D7F80071CF40F9071BD07B
:10A49000202803D222FA00F1C90727D141B20029AE
:10A4A00004DB01F1E02191F8001405E001F00F0157
:10A4B00001F1E02191F8141D4909082916D203FA87
:10A4C00001F717F0EC0F11D0401C6428D5D3F9F731
:10A4D00071FC4B4A4B490020F9F7B4FC47494A4804
:10A4E00008602046E6F7A7FE60B904E006B962B648
:10A4F00041F20100B8E73E4804602DB12846E6F776
:10A50000E7FE18B1102428E0404D19E02878022811
:10A5100002D94FF4805420E007240028687801D045
:10A52000D8B908E0C8B1202817D8A878212814D8AD
:10A53000012812D001E0A87878B9E8780B280CD867
:10A54000E6F71AFF2946F8F71AFFF7F78FFC00F035
:10A55000EDF92846E6F7DAFE044606B962B61CB104
:10A56000FFF753FF20467FE700207DE710B5044644
:10A5700000F034F800B101202070002010BD244903
:10A5800008600020704770B50C4622490D682149CB
:10A59000214E08310E60102807D011280CD0122847
:10A5A0000FD0132811D0012013E0D4E90001FFF7E8
:10A5B00048FF354620600DE0FFF727FF00252060AB
:10A5C00008E02068FFF7D2FF03E011492068086027
:10A5D000002020600F48001D056070BD07480A4933
:10A5E0000068884201D101207047002070470000B8
:10A5F000880100200CED00E00400FA05580000205E
:10A600004810002000000020BEBAFECAA8B3010016
:10A6100004000020100502400100000100B585493A
:10A6200010F1080F19D00CDC10F1280F1DD010F11B
:10A63000140F18D010F1100F13D010F10C0F08D117
:10A640000DE010F1040F06D080B103280ED00428CD
:10A650000CD0FFDF00BDFC2008E0F82006E0F4206D
:10A6600004E0F02002E0EC2000E0D820086000BD0B
:10A67000704900B5091D012803D0022803D0FFDF6F
:10A6800000BD032000E00420086000BD2DE9F0417A
:10A6900005460C4617461046F9F76CFD4FF47A76DE
:10A6A000022C10D0012C10D040F63401441838464A
:10A6B000F9F7C5FD204449F679710844B0FBF6F07E
:10A6C000281ABDE8F0813146F0E74FF4C861EDE7A4
:10A6D00070B505460C460846FAF7F4FA022C10D07D
:10A6E000012C11D04FF4AF5149F6CA62511A0844F7
:10A6F0004FF47A7100F2E140B0FBF1F0281A801EAD
:10A7000070BD40F24C41EFE740F63401ECE770B524
:10A71000064615460C460846FAF7D4FA4FF47A7105
:10A7200040F63402022D11D0012D11D01346022C17
:10A7300011D0012C01D04FF4AF529A1A104449F6AF
:10A74000FC621044B0FBF1F0301A70BD0B46EEE72E
:10A750004FF4C863EBE740F24C42EEE770B50446B5
:10A760000E460846F9F706FD05463046F9F767FD3F
:10A7700028444AF2AB3108444FF47A71B0FBF1F04F
:10A78000201A801E70BD2DE9F04106461D460C467C
:10A790001746104600F045F806EB4601C1EBC6111E
:10A7A00000EBC100022C15D0012C16D04FF4AF5194
:10A7B00046182046FAF786FA301A4FF47A7100F6F6
:10A7C000B730B0FBF1F43846F9F741FD2044284496
:10A7D000401D76E740F24C41EAE740F63401E7E7F6
:10A7E00070B5044615460E460846F9F7C3FC04EB5F
:10A7F0004401C1EBC411C0EBC1043046F9F71FFDA1
:10A80000241A284600F00DF820444FF47A7100F61F
:10A81000B730B0FBF1F42846F9F719FD2044401D8C
:10A8200070BD082803D0042801D0F9F7A3BC4EF668
:10A83000283070470C150040F0B585B00C46054631
:10A84000FEF7DCFF07466E78204603A96A46F5F757
:10A8500004FA81198EB258B1012F02D0032005B03D
:10A86000F0BD204604AA0399F5F719F9049D01E00B
:10A87000022F0FD1ED1C042E0FD32888BDF8001035
:10A88000001D80B2884201D8864202D14FF00000FC
:10A89000E5E702D34FF00200E1E74FF00100DEE709
:10A8A0000B4A022111600B490B68002BFCD0084BAE
:10A8B0001B1D186008680028FCD000201060086884
:10A8C0000028FCD070474FF080504069704700006E
:10A8D00004E5014000E4014002000B464FF0000097
:10A8E000014620D0012A04D0022A04D0032A0DD127
:10A8F00003E0012002E0022015E00320072B05D22F
:10A90000DFE803F00406080A0C0E10000720704769
:10A91000012108E0022106E0032104E0042102E015
:10A92000052100E00621F7F7E4BC0000E24805211C
:10A9300081700021017041707047E0490A78012A56
:10A9400005D0CA681044C8604038F8F704BA8A686D
:10A9500010448860F8E7002819D00378D849D94A0C
:10A9600013B1012B0ED011E00379012B00D06BB98C
:10A9700043790BB1012B09D18368643B8B4205D22B
:10A98000C0680EE00379012B02D00BB100207047A4
:10A9900043790BB1012BF9D1C368643B8B42F5D2EB
:10A9A00080689042F2D801207047C44901220A70A1
:10A9B000027972B100220A71427962B104224A71AD
:10A9C000826852328A60C068C860BB4902208870C1
:10A9D00070470322EFE70322F1E770B5B74D044655
:10A9E00000202870207988B100202871607978B122
:10A9F0000420B14E6871A168F068F7F7B2F9A86059
:10AA0000E0685230E8600320B07070BD0120ECE7D0
:10AA10000320EEE72DE9F04105460226F8F7C5F8D8
:10AA2000006800B1FFDFA44C01273DB12878B8B120
:10AA3000012805D0022811D0032814D027710DE079
:10AA40006868C82808D30421F8F7EBF920B16868D2
:10AA5000FFF773FF012603E0002601E000F014F980
:10AA60003046BDE8F08120780028F7D16868FFF70C
:10AA700072FF0028E2D06868017879B1A0780428D4
:10AA800000D0FFDF01216868FFF7A7FF8B49E0785E
:10AA900000F003F90028E1D1FFDFDFE7FFF785FFD2
:10AAA0006770DBE72DE9F041834C0F46E17888427F
:10AAB00000D0FFDF00250126082F7DD2DFE807F058
:10AAC000040B28283D434F57A0780328C9D00228FB
:10AAD000C7D0FFDFC5E7A078032802D0022800D046
:10AAE000FFDF0420A07025712078B8BB0020FFF79D
:10AAF00024FF72480178012906D08068E06000F0E8
:10AB0000F9F82061002023E0E078F7F782FDF5E70F
:10AB1000A078032802D0022800D0FFDF207880BB75
:10AB2000022F08D05FF00500F8F7A1FCA0780328F9
:10AB300040D0A57095E70420F6E7A078042800D05F
:10AB4000FFDF022004E0A078042800D0FFDF01200E
:10AB5000A1688847FFF75EFF054633E003E0A07871
:10AB6000042800D0FFDFBDE8F04100F08DB8A078E8
:10AB7000042804D0617809B1022800D0FFDF2078D2
:10AB800018B1BDE8F04100F08AB8207920B1062064
:10AB9000F8F76DFC25710DE0607840B14749E07829
:10ABA00000F07BF800B9FFDF65705AE704E007208A
:10ABB000F8F75DFCA67054E7FFDF52E73DB1012DC9
:10ABC00003D0FFDF022DF9D14BE70420C0E70320BB
:10ABD000BEE770B5050004D0374CA078052806D133
:10ABE00001E0102070BD0820F8F757FC08B11120D3
:10ABF00070BD3548F7F75CFBE0701F2806D00121D7
:10AC0000F8F730FA0020A560A07070BD032070BD79
:10AC1000294810B5017809B1112010BD81780529A6
:10AC200006D0012906D029B101210170002010BDF4
:10AC30000F2010BD00F033F8F8E770B51E4C054644
:10AC4000A07808B1012809D155B12846FFF783FE45
:10AC500040B1287840B1A078012809D00F2070BDFC
:10AC6000102070BD072070BD2846FFF79EFE03E050
:10AC700000212846FFF7B1FE1049E07800F00DF8FA
:10AC800000B9FFDF002070BD0B4810B5006900F06F
:10AC900029F8BDE81040F7F78EBAF7F7BFBD0648B0
:10ACA00010B5C078F7F766FB00B9FFDF0820F8F7AA
:10ACB000DEFBBDE8104039E68C0100209C0F00202F
:10ACC0003D860100FF1FA107A5AA010010B5134C86
:10ACD0002060201D0160114810300260001D0360DB
:10ACE000002010BD0E490A6848F202139A4302433D
:10ACF0000A6070470A4A116848F2021301EA030029
:10AD0000994311607047054B02465B421020134483
:10AD1000FC2B01D8116000207047000000060040A5
:10AD2000C806024070477047704700001EF0040FCD
:10AD30000CBFEFF30880EFF30980014A10470000D1
:10AD40005F3E010001B41EB400B5F8F7A9FD01B4DF
:10AD50000198864601BC01B01EBD0000826903490E
:10AD600081614FF0010010447047000045AD0100C3
:10AD70000FF20C0000F10000694641F8080C20BFFA
:10AD800070470000FEDF18490978F9B904207146C0
:10AD900008421BD10699154A914217DC06990229EF
:10ADA00014DB02394878DF2810D10878FE2807D054
:10ADB000FF280BD14FF001004FF000020C4B184759
:10ADC00041F201000099019A094B1847094B002BE9
:10ADD00002D01B68DB6818474FF0FF3071464FF018
:10ADE0000002034B1847000028ED00E000C00100FE
:10ADF000E9A3010004000020174818497047FFF735
:10AE0000FBFFE6F7CBF900BD1548164909688842F3
:10AE100003D1154A13605B68184700BD20BFFDE7EA
:10AE20000F4810490968884210D1104B18684FF03C
:10AE3000FF318842F2D080F308884FF02021884209
:10AE400004DD0B48026803210A4302600948804779
:10AE500009488047FFDF0000B00F0020B00F00203E
:10AE600000100000000000200400002000C00100CD
:10AE700014090040DD2F000009AE0100F0B4404687
:10AE8000494652465B460FB402A0013001B5064860
:10AE9000004700BF01BC86460FBC804689469246EB
:10AEA0009B46F0BC70470000091100000420714669
:10AEB000084202D0EFF3098101E0EFF308818869CD
:10AEC00002380078102813DB20280FDB2C280BDB3E
:10AED0000A4A12680A4B9A4203D1602804DB094AE5
:10AEE0001047022008607047074A1047074A10477A
:10AEF000074A12682C3212681047000058000020E0
:10AF0000BEBAFECA7D130000A19B010087A5010007
:10AF1000040000200D4B0E4908470E4B0C49084712
:10AF20000D4B0B4908470D4B094908470C4B084985
:10AF300008470C4B064908470B4B054908470B4B84
:10AF4000034908470A4B02490847000019AC0000B2
:10AF500059B00000A52F00000BA8000099A7000021
:10AF6000A1AE0000991300004D7700001DB0000055
:10AF70002DAD01005F8200000784000065850000A0
:10AF8000C98500000386000037860000698600003E
:10AF90009986000021870000478300008985000012
:10AFA00013120000C12100000B2200006F220000DC
:10AFB000F522000011240000D32400000525000024
:10AFC000E3250000CB2600001F270000A12700007A
:10AFD000C1270000B92D0000DD2D0000FD2C000070
:10AFE000592D00000F2E0000A32E00002F3D000061
:10AFF000093E00003D4100003D420000B342000018
:10B000001D4300008143000017120000754400003A
:10B01000E1440000E3270000E927000017120000C8
:10B02000171200001712000017120000F32700008B
:10B030002B280000A12800001712000017120000A2
:10B040002D22000087290000A9290000F529000011
:10B05000131200001312000013120000131200005C
:10B06000EF5200007553000091530000AD530000F3
:10B070003B550000D7530000E1530000235400006B
:10B0800045540000215500006355000013120000D4
:10B0900013120000676E0000876E0000916E0000C2
:10B0A000CB6E0000F96E0000E96F000077700000C1
:10B0B0008B700000D9700000EF71000095730000E4
:10B0C000BD740000E95D0000D5740000131200009B
:10B0D00013120000A1A0000003A200005DA2000066
:10B0E000D7A2000083A30000100110013A02000063
:10B0F0001A0200040506000007000000FFFFFFFF22
:10B100000000FFFFE39C0000BF1C0000934E000006
:10B11000335E0000E97A000000000000A17D00001D
:10B120007D7D00008F7D0000000002000000000017
:10B13000000200000000000000010000000000000C
:10B14000136C0000F36B0000616C00007152000092
:10B150003352000053520000219400003994000043
:10B160004396000041370000816C000000000000A1
:10B17000B16C0000BF5200000000000000000000A1
:10B18000000000002395000000000000C13700000F
:10B19000555555D6BE898E0000006406640C6412B5
:10B1A00000000803AC055008000054044408340CA7
:10B1B00075DF0000DDE00000D7DE000073DF000077
:10B1C0001B5D0100ABE1000000000000480800002A
:10B1D0004808000051350000513500009B21000057
:10B1E000439B0000B7600000A34D0000F97301000D
:10B1F0008135000081350000BF210000D59B000093
:10B200003F610000174E00000F74010070017001D3
:10B21000400038005C002400200200000300656C40
:10B220007462000000000000000000000000000048
:10B230000000870000000000000000000000000087
:10B240000000BE83605ADB0B376038A5F5AA9183F6
:10B25000886C0000010000008B0801005D170100F0
:10B2600000000001020603040500000007000000C2
:10B2700000000000060000000A000000320000008C
:10B2800073000000B4000000F401FA0096006400AE
:10B290004B0032001E0014000A00050002000100ED
:10B2A0000041000000000000AB830100E5870100C1
:10B2B0008F870100BD830100000000002989010083
:10B2C0000C0802170D010102090901010602091803
:10B2D00018030101090903030500000049A2010048
:10B2E00061A2010079A2010091A20100C1A20100A6
:10B2F000E9A2010013A3010047A30100C79F0100B9
:10B30000039F010023A0010007AD01000D360100DD
:10B310001D360100493601001B37010023370100AB
:10B32000353701007FA0010099A001006DA0010048
:10B3300077A00100A5A00100DBA00100ED9B0100AA
:10B34000FBA0010009A1010017A1010027A1010034
:10B350003FA1010057A101006DA10100ED9B01007B
:10B3600000000000B7A900000DAA000023AA0000F9
:10B37000D9A80100199C0100E59C0100D3AB010094
:10B3800011AC01003BAC0100113401005D3901003A
:10B3900083A10100A9A10100CDA10100F3A1010039
:10B3A0001C0500402005004000100200CCB3010045
:10B3B00008000020980100004411000000B40100C2
:10B3C000A0010020100E00008011000001150545AD
:10B3D000481000200519A40500203601000100884E
:10B3E0003720FB349B5F80041F8000100D9DCB092C
:10B3F0000020880900200E0A0020024810000000EA
:10C000000000042045F10100A1F10100690F0200C8
:10C01000A5F10100A7F10100A9F101000000000055
:10C02000000000000000000000000000296C020079
:10C03000ADF1010000000000496C0200B1F1010007
:10C040000D940200B3F1010001C10200519C0200F5
:10C05000B5A80200B3F10100BD980200B3F10100E0
:10C06000B3F1010091A40200B3F101008D9B020025
:10C07000B3F1010059C50200B3F10100B3F10100B1
:10C08000A5A90200796E0200B3F10100B3F101002D
:10C09000B3F10100B3F1010011E30200B3F10100BB
:10C0A000B3F10100B3F10100B3F10100E9A4020012
:10C0B000B3F10100B3F10100000000000000000036
:10C0C000B3F10100B3F10100B3F10100699C02007A
:10C0D0009D9B0200B3F10100B3F10100F1BE02002B
:10C0E000B3F10100B3F10100B3F101000000000061
:10C0F00000000000B3F1010000000000819C02007C
:10C10000000000000000000000000000000000002F
:10C11000000000000000000000000000000000001F
:10C12000000000000000000000000000000000000F
:10C1300000000000000000000000000000000000FF
:10C1400000000000000000000000000000000000EF
:10C1500000000000000000000000000000000000DF
:10C1600000000000000000000000000000000000CF
:10C1700000000000000000000000000000000000BF
:10C1800000000000000000000000000000000000AF
:10C19000000000000000000000000000000000009F
:10C1A000000000000000000000000000000000008F
:10C1B000000000000000000000000000000000007F
:10C1C000000000000000000000000000000000006F
:10C1D000000000000000000000000000000000005F
:10C1E000000000000000000000000000000000004F
:10C1F000000000000000000000000000000000003F
:10E000000901000B0B030100004100000100FFFFAC
:10E01000FFFFFFFFFFFFFFFFFFFFFFFFFFFF00000E
:10E02000000000000000000034FEFEFEFE000000C4
:10E0300000000100154015402E0000000001000006
:10E04000570400000200030100000000000000006F
:10E0500064000000E047000060090000090B0002B6
:10E0600003040000010000000000000005000000A3
:10E07000000000000000000101000000000000009E
:10E080000000000000000000000000000000000090
:10E090000000000000000000000000000000000080
:10E0A0000000000000000000000000000000000070
:10E0B0000000000000000000000000000000000060
:10E0C0000000000000000000000000000000000050
:10E0D0000000000000000000000000000000000040
:10E0E0000000000000000000000000000000000030
:10E0F0000000000000000000000000000000000020
:10E10000000000000000000000000000000000000F
:10E1100000000000000000000000000000000000FF
:10E1200000000000000000000000000000000000EF
:10E1300000000000000000000000000000000000DF
:10E1400000000000000000000000000000000000CF
:10E1500000000000000000000000000000000000BF
:10E1600000000000000000000000000000000000AF
:10E17000000000000000000000000000000000009F
:10E18000000000000000000000000000000000008F
:10E19000000000000000000000000000000000007F
:10E1A000000000000000000000000000000000006F
:10E1B000000000000000000000000000000000005F
:10E1C000000000000000000000000000000000004F
:10E1D000000000000000000000000000000000003F
:10E1E000000000000000000000000000000000002F
:10E1F000000000000000000000000000000000001F
:10E20000000000000000000000000000000000000E
:10E2100000000000000000000000000000000000FE
:10E2200000000000000000000000000000000000EE
:10E2300000000000000000000000000000000000DE
:10E2400000000000000000000000000000000000CE
:10E2500000000000000000000000000000000000BE
:10E2600000000000000000000000000000000000AE
:10E27000000000000000000000000000000000009E
:10E28000000000000000000000000000000000008E
:10E29000000000000000000000000000000000007E
:10E2A000000000000000000000000000000000006E
:10E2B000000000000000000000000000000000005E
:10E2C000000000000000000000000000000000004E
:10E2D000000000000000000000000000000000003E
:10E2E000000000000000000000000000000000002E
:10E2F000000000000000000000000000000000001E
:10E30000000000000000000000000000000000000D
:10E3100000000000000000000000000000000000FD
:10E3200000000000000000000000000000000000ED
:10E3300000000000000000000000000000000000DD
:10E3400000000000000000000000000000000000CD
:10E3500000000000000000000000000000000000BD
:10E3600000000000000000000000000000000000AD
:10E37000000000000000000000000000000000009D
:10E38000000000000000000000000000000000008D
:10E39000000000000000000000000000000000007D
:10E3A000000000000000000000000000000000006D
:10E3B000000000000000000000000000000000005D
:10E3C000000000000000000000000000000000004D
:10E3D000000000000000000000000000000000003D
:10E3E000000000000000000000000000000000002D
:10E3F000000000000000000000000000000000001D
:10E40000000000000000000000000000000000000C
:10E4100000000000000000000000000000000000FC
:10E4200000000000000000000000000000000000EC
:10E4300000000000000000000000000000000000DC
:10E4400000000000000000000000000000000000CC
:10E4500000000000000000000000000000000000BC
:10E4600000000000000000000000000000000000AC
:10E47000000000000000000000000000000000009C
:10E48000000000000000000000000000000000008C
:10E49000000000000000000000000000000000007C
:10E4A000000000000000000000000000000000006C
:10E4B000000000000000000000000000000000005C
:10E4C000000000000000000000000000000000004C
:10E4D000000000000000000000000000000000003C
:10E4E000000000000000000000000000000000002C
:10E4F000000000000000000000000000000000001C
:10E50000000000000000000000000000000000000B
:10E5100000000000000000000000000000000000FB
:10E5200000000000000000000000000000000000EB
:10E5300000000000000000000000000000000000DB
:10E5400000000000000000000000000000000000CB
:10E5500000000000000000000000000000000000BB
:10E5600000000000000000000000000000000000AB
:10E57000000000000000000000000000000000009B
:10E58000000000000000000000000000000000008B
:10E59000000000000000000000000000000000007B
:10E5A000000000000000000000000000000000006B
:10E5B000000000000000000000000000000000005B
:10E5C000000000000000000000000000000000004B
:10E5D000000000000000000000000000000000003B
:10E5E000000000000000000000000000000000002B
:10E5F000000000000000000000000000000000001B
:10E60000000000000000000000000000000000000A
:10E6100000000000000000000000000000000000FA
:10E6200000000000000000000000000000000000EA
:10E6300000000000000000000000000000000000DA
:10E6400000000000000000000000000000000000CA
:10E6500000000000000000000000000000000000BA
:10E6600000000000000000000000000000000000AA
:10E67000000000000000000000000000000000009A
:10E68000000000000000000000000000000000008A
:10E69000000000000000000000000000000000007A
:10E6A000000000000000000000000000000000006A
:10E6B000000000000000000000000000000000005A
:10E6C000000000000000000000000000000000004A
:10E6D000000000000000000000000000000000003A
:10E6E000000000000000000000000000000000002A
:10E6F000000000000000000000000000000000001A
:10E700000000000000000000000000000000000009
:10E7100000000000000000000000000000000000F9
:10E7200000000000000000000000000000000000E9
:10E7300000000000000000000000000000000000D9
:10E7400000000000000000000000000000000000C9
:10E7500000000000000000000000000000000000B9
:10E7600000000000000000000000000000000000A9
:10E770000000000000000000000000000000000099
:10E780000000000000000000000000000000000089
:10E790000000000000000000000000000000000079
:10E7A0000000000000000000000000000000000069
:10E7B0000000000000000000000000000000000059
:10E7C0000000000000000000000000000000000049
:10E7D0000000000000000000000000000000000039
:10E7E0000000000000000000000000000000000029
:10E7F0000000000000000000000000000000000019
:10E800000000000000000000000000000000000008
:10E8100000000000000000000000000000000000F8
:10E8200000000000000000000000000000000000E8
:10E8300000000000000000000000000000000000D8
:10E8400000000000000000000000000000000000C8
:10E8500000000000000000000000000000000000B8
:10E8600000000000000000000000000000000000A8
:10E870000000000000000000000000000000000098
:10E880000000000000000000000000000000000088
:10E890000000000000000000000000000000000078
:10E8A0000000000000000000000000000000000068
:10E8B0000000000000000000000000000000000058
:10E8C0000000000000000000000000000000000048
:10E8D0000000000000000000000000000000000038
:10E8E0000000000000000000000000000000000028
:10E8F0000000000000000000000000000000000018
:10E900000000000000000000000000000000000007
:10E9100000000000000000000000000000000000F7
:10E9200000000000000000000000000000000000E7
:10E9300000000000000000000000000000000000D7
:10E9400000000000000000000000000000000000C7
:10E9500000000000000000000000000000000000B7
:10E9600000000000000000000000000000000000A7
:10E970000000000000000000000000000000000097
:10E980000000000000000000000000000000000087
:10E990000000000000000000000000000000000077
:10E9A0000000000000000000000000000000000067
:10E9B0000000000000000000000000000000000057
:10E9C0000000000000000000000000000000000047
:10E9D0000000000000000000000000000000000037
:10E9E0000000000000000000000000000000000027
:10E9F0000000000000000000000000000000000017
:10EA00000000000000000000000000000000000006
:10EA100000000000000000000000000000000000F6
:10EA200000000000000000000000000000000000E6
:10EA300000000000000000000000000000000000D6
:10EA400000000000000000000000000000000000C6
:10EA500000000000000000000000000000000000B6
:10EA600000000000000000000000000000000000A6
:10EA70000000000000000000000000000000000096
:10EA80000000000000000000000000000000000086
:10EA90000000000000000000000000000000000076
:10EAA0000000000000000000000000000000000066
:10EAB0000000000000000000000000000000000056
:10EAC0000000000000000000000000000000000046
:10EAD0000000000000000000000000000000000036
:10EAE0000000000000000000000000000000000026
:10EAF0000000000000000000000000000000000016
:10EB00000000000000000000000000000000000005
:10EB100000000000000000000000000000000000F5
:10EB200000000000000000000000000000000000E5
:10EB300000000000000000000000000000000000D5
:10EB400000000000000000000000000000000000C5
:10EB500000000000000000000000000000000000B5
:10EB600000000000000000000000000000000000A5
:10EB70000000000000000000000000000000000095
:10EB80000000000000000000000000000000000085
:10EB90000000000000000000000000000000000075
:10EBA0000000000000000000000000000000000065
:10EBB0000000000000000000000000000000000055
:10EBC0000000000000000000000000000000000045
:10EBD0000000000000000000000000000000000035
:10EBE0000000000000000000000000000000000025
:10EBF0000000000000000000000000000000000015
:10EC00000000000000000000000000000000000004
:10EC100000000000000000000000000000000000F4
:10EC200000000000000000000000000000000000E4
:10EC300000000000000000000000000000000000D4
:10EC400000000000000000000000000000000000C4
:10EC500000000000000000000000000000000000B4
:10EC600000000000000000000000000000000000A4
:10EC70000000000000000000000000000000000094
:10EC80000000000000000000000000000000000084
:10EC90000000000000000000000000000000000074
:10ECA0000000000000000000000000000000000064
:10ECB0000000000000000000000000000000000054
:10ECC0000000000000000000000000000000000044
:10ECD0000000000000000000000000000000000034
:10ECE0000000000000000000000000000000000024
:10ECF0000000000000000000000000000000000014
:10ED00000000000000000000000000000000000003
:10ED100000000000000000000000000000000000F3
:10ED200000000000000000000000000000000000E3
:10ED300000000000000000000000000000000000D3
:10ED400000000000000000000000000000000000C3
:10ED500000000000000000000000000000000000B3
:10ED600000000000000000000000000000000000A3
:10ED70000000000000000000000000000000000093
:10ED80000000000000000000000000000000000083
:10ED90000000000000000000000000000000000073
:10EDA0000000000000000000000000000000000063
:10EDB0000000000000000000000000000000000053
:10EDC0000000000000000000000000000000000043
:10EDD0000000000000000000000000000000000033
:10EDE0000000000000000000000000000000000023
:10EDF0000000000000000000000000000000000013
:10EE00000000000000000000000000000000000002
:10EE100000000000000000000000000000000000F2
:10EE200000000000000000000000000000000000E2
:10EE300000000000000000000000000000000000D2
:10EE400000000000000000000000000000000000C2
:10EE500000000000000000000000000000000000B2
:10EE600000000000000000000000000000000000A2
:10EE70000000000000000000000000000000000092
:10EE80000000000000000000000000000000000082
:10EE90000000000000000000000000000000000072
:10EEA0000000000000000000000000000000000062
:10EEB0000000000000000000000000000000000052
:10EEC0000000000000000000000000000000000042
:10EED0000000000000000000000000000000000032
:10EEE0000000000000000000000000000000000022
:10EEF0000000000000000000000000000000000012
:10EF00000000000000000000000000000000000001
:10EF100000000000000000000000000000000000F1
:10EF200000000000000000000000000000000000E1
:10EF300000000000000000000000000000000000D1
:10EF400000000000000000000000000000000000C1
:10EF500000000000000000000000000000000000B1
:10EF600000000000000000000000000000000000A1
:10EF70000000000000000000000000000000000091
:10EF80000000000000000000000000000000000081
:10EF90000000000000000000000000000000000071
:10EFA0000000000000000000000000000000000061
:10EFB0000000000000000000000000000000000051
:10EFC0000000000000000000000000000000000041
:10EFD0000000000000000000000000000000000031
:10EFE0000000000000000000000000000000000021
:10EFF0000000000000000000000000000000000011
:10F00000314932480A1A02D0072291438D463049CD
:10F0100030480A1A06D00722914381F30988022258
:10F0200082F314882C482D492D4A00F03CF82D48D5
:10F030002D492E4A00F037F82D482E492E4A00F06F
:10F0400032F82E482E492F4A00F02DF82E482F492D
:10F050002F4A00F028F82F482F49304A00F023F8B3
:10F060002F483049304A00F01EF83048304900221D
:10F0700000F024F82F483049002200F01FF82F4AF2
:10F0800090471F481F49884205D00268043003B4E6
:10F09000904703BCF7E700208646EC46002000219D
:10F0A000274A9047FEE7884207D0521A05D00378D6
:10F0B00001300B700131013AF9D17047884202D01A
:10F0C00002700130FAE770470000042000F80320C6
:10F0D0000000042000000420144005002026002029
:10F0E000E4270020B8F10100B8F10100E8C90400EC
:10F0F000144005002026002020260020F8CB040024
:10F10000F8CB0400F8CB0400F8CB0400F8CB0400E3
:10F11000F8CB0400F8CB0400F8CB04001240050043
:10F12000D8410500E4270020E4270020E427002040
:10F130009CE300209CE300209CE300206DF1010093
:10F14000110C030000F036B80F484FF00701884358
:10F1500085460E4880470E48016841F47001016001
:10F16000BFF34F8FBFF36F8FFFF74ABF09480A49BC
:10F170000A4A884207D0521A05D0037801300B7032
:10F180000131013AF9D1704700000420956702006F
:10F1900088ED00E090CB04000C2600202026002003
:10F1A000FEE7FEE7FEE7FEE7FEE7FEE7FEE7FEE737
:10F1B000FEE7FEE7FFF7C8BFFEE7FEE7704700BFC8
:10F1C00000B583B0044B0093044A402300F036F8A6
:10F1D00003B05DF804FB00BFE1F10100E827002067
:10F1E00002B32DE9F843114B114E8846144603270C
:10F1F00043F001090025224608EB050100200DF02F
:10F20000CDFA0346E41A4FF47A401D4423B933780B
:10F2100033B1C847013F06D001233370002CEAD137
:10F22000BDE8F88370473770BDE8F88300CC040070
:10F23000E4270020704700BF0DF0F4BAF0B595B098
:10F24000084600240E4617461D4602F083FE1A9A11
:10F250000D922346082205A93046CDE909540897A6
:10F260008DF82C400C9402F0B9FEDDE906219DF8E2
:10F2700014308DF81140CDE9021203F00302012A87
:10F2800028D0022A04D0304602F068FE15B0F0BD46
:10F29000BDF81650C3F3C203C5F389158DF81030BD
:10F2A0000827082D2C4628BF08243B4622460EA9D5
:10F2B000304602F093FE2D1B08AB02AA21460EA891
:10F2C000274400F0EDFE002DEBD1304602F046FE63
:10F2D00015B0F0BDBDF814100598C1F38312C3F347
:10F2E000C203C0F39525C1F383148DF810300EA925
:10F2F00030469200082302F071FE08AB00932246CC
:10F3000002AB0EA9284600F055FE304602F026FE5C
:10F3100015B0F0BD08B5FFF78FFF0948042100F0D4
:10F32000C9FD002803DB074B01225A7108BD0649BD
:10F33000412011F05FFC034B01225A7108BD00BF50
:10F3400080CB04002026002014CC040070B5314C82
:10F3500084B004F5836001F05FFF04F2144001F013
:10F360005BFFD4E9013503EA0501CA1C04EB820CFA
:10F3700014F8222050072ED404EB81015A1CC868CF
:10F3800001902A4004EB820200F003010129D568B4
:10F3900003F102062ED0022933D01F494FF4BF706B
:10F3A00011F028FC00251D4801F042FF00B1666005
:10F3B000284604B070BD022806D1BCF802200233F2
:10F3C00003EB921303EA0501C81C04EB800C14F84C
:10F3D00020004207D0D59CF8000000F0030001286F
:10F3E000E9D1BCF800200233C2F38312134403EACC
:10F3F0000501E9E7BDF80430C3F383132D0C1E4467
:10F40000D1E7BDF80630C3F3891303332D0C06EBA7
:10F410009306C8E7242A00208CCC0400382E002054
:10F420000B4B0C4810B50022FF21C3F81824C3E988
:10F4300000229960C3F8142483F8202402F03EFDD2
:10F44000044610B9044802F0DFFD204610BD00BF9D
:10F45000242A00207CCA040004CD040030B499B1F1
:10F460000D490E4D491BC90813D00D4C002302E075
:10F47000013399420AD034F823208242F8D1184649
:10F4800055F8300030BC7047044DF9E7002030BC1F
:10F4900070470846F6E700BF80CB040098CA040016
:10F4A00020260020094B013903EBC00003290BD8AB
:10F4B000DFE801F0040208060420704702207047CC
:10F4C00040797047007970470020704798CA04005F
:10F4D0002DE9F047C64CD4E900239A4284B000F0ED
:10F4E000C0800023C4F81834BFF34F8FD4E901352E
:10F4F00003EA0501CA1C04EB820614F82220500717
:10F500001BD52768327802F00302012A00F09F80A1
:10F51000022A03D17288023303EB921305EA030136
:10F52000D4F81804CA1C04EB820630B99F4240F29A
:10F53000948014F822205207E4D404EB81019E1C2D
:10F540000133CA6801922B4004EB830302F00302EB
:10F55000DB680293022A00F08880012A00F0F48020
:10F56000D4F810543DB12B6828469B689847EB6847
:10F570001D68002DF7D100230DF103008DF8033035
:10F58000D4F80880DFF888929A4E00F0A9FFD4E9F9
:10F59000013127680B440133DB1BA6EB0906012B65
:10F5A0004FEAD60600F22181934D0121284601F051
:10F5B0001BFEFFF7CBFE0146284601F015FED4E9FD
:10F5C000013122680B4401339B1A012BEDD902EA69
:10F5D00001030333023205219DF8030044F8231090
:10F5E000226000F0B3FF8448002101F0DBFD80F3CE
:10F5F0001005824BB6B2A3EB0909B6EBD90F80F028
:10F60000DF8008EA07027E4B94F82014013707EAEE
:10F61000080804EB880803329B0246EA054643F0DB
:10F620001103C8F80C6044F8223039B9D4E900302D
:10F63000C01A18BF012004B0BDE8F087FFF748FFEB
:10F640000028F3D0FFF744FF0028F7D1EEE7328817
:10F650000233C2F38312134460E7676004B0BDE86D
:10F66000F087002004B0BDE8F087BDF8063065489B
:10F67000C3F38919B9F1C80FC84628BF4FF0C808AD
:10F6800008F1080168F38F13C1F30901ADF80630E2
:10F6900002F016FC074600283FF462AF02F05AFC65
:10F6A0000023082201A9384602F084FC25EA06035B
:10F6B0000133B8EB830F4FEA830A40F28780BAF137
:10F6C000000F00F0A78005EA0601033104EB810179
:10F6D000524638460823A8EB0A0802F06BFC5FFA92
:10F6E00088F80AF10803484903F0FC03424638460B
:10F6F00002F060FC09F1030906EB9906D4F818340E
:10F70000002B6ED1D4F810545DB1EB685A792846BD
:10F7100039461AB12B681B689847EB681D68002DA5
:10F72000F3D1384602F01AFC00230DF103008DF8E6
:10F73000033000F0D5FED4F8183403B966609DF8A4
:10F74000030000F003FF71E7BDF804202D48C2F369
:10F750008313062B28BF062363F38912023303F0B9
:10F760000F018900ADF8042002F0AAFB074600282B
:10F770003FF4F6AE02F0EEFB0023082201A9384662
:10F7800002F018FCBDF8043013F4707FB6D04FF0CF
:10F790000008314629404FEA88030331083304EB5F
:10F7A00081010422384602F005FCBDF8043008F15E
:10F7B0000108C3F38313434506F10106E9D89DE729
:10F7C000124940F2A31011F015FA1AE705EA0601F2
:10F7D0000331424604EB81010823384602F0EAFB7C
:10F7E00088E7384602F0BAFB20E73A46EFE600BF6A
:10F7F000242A0020F8CA0400402E002080CB0400F8
:10F80000ECCC04007CCA0400302A00208CCC04001C
:10F8100098CA0400034942460823384602F0CAFB4E
:10F8200068E700BF302A00202DE9F047DFF8F8A094
:10F8300082B0002305460DF1070091468DF8073090
:10F84000DAF80860884600F04BFEDAE90132DAF8AF
:10F85000007013440133DB1B022B5AD80AF21C44FC
:10F860000121204601F0C0FCFFF770FD0146204653
:10F8700001F0BAFCDAE90132DAF80010134401337E
:10F880005B1A022BECD90A400332033145239DF861
:10F8900007004AF82230CAF8001000F057FEBB1CDF
:10F8A00033400AEB83031C48C3F80C90002101F09D
:10F8B00079FC80F31009194B194A2C0C9B1AB4EBF4
:10F8C000D30F20D27B1C33400AEB8303E90044EAC8
:10F8D000094401F038013E40DC6041F041019AF8F2
:10F8E0002034033641EA88214AF8261013B902B0C1
:10F8F000BDE8F087FFF7ECFD0028F8D0FFF7E8FD42
:10F900000028F7D1F3E7074940F2A31011F072F98C
:10F91000D8E73946B7E700BF402E002080CB04006F
:10F9200098CA04008CCC0400242A00202DE9F04F52
:10F930003E4C83B006469A460DF1070000239346DD
:10F940008DF80730A768894600F0CAFDD4E9013276
:10F95000D4F8008013440133A3EB0803032B62D8CF
:10F9600004F21C450121284601F03EFCFFF7EEFCA5
:10F970000146284601F038FCD4E9013221681344DD
:10F9800001335B1A032BEDD90A400332043185237E
:10F990009DF8070044F82230216000F0D7FD08F1FF
:10F9A00002033B4004EB83032148C3F80CB008F189
:10F9B00003033B4004EB83030021C3F80CA001F0D8
:10F9C000F1FB80F3100A1B4B1B4A350C9B1AB5EB5D
:10F9D000D30F22D208F101033B4004EB8303F10073
:10F9E00045EA0A4501F0380107EA0807DD6041F001
:10F9F000810194F82034033741EA892144F8271023
:10FA000013B903B0BDE8F08FFFF762FD0028F8D00E
:10FA1000FFF75EFD0028F7D1F3E7084940F2A31095
:10FA200011F0E8F8D6E74146AEE700BF242A0020EF
:10FA3000402E002080CB040098CA04008CCC040027
:10FA40002DE9F04FDFF810B183B0054699460DF16E
:10FA50000700002392468DF80730DBF808608846DF
:10FA600000F03EFDDBE90132DBF8007013440133A6
:10FA7000DB1B042B66D80BF21C440121204601F04D
:10FA8000B3FBFFF763FC0146204601F0ADFBDBE969
:10FA90000132DBF80010134401335B1A042BECD95C
:10FAA0000A4003320531C5239DF807004BF8223088
:10FAB000CBF8001000F04AFDBB1C33400BEB830376
:10FAC0000C9AC3F80CA0FB1C33400BEB83031E48BD
:10FAD000C3F80C903B1D33400BEB83030021DA602D
:10FAE00001F060FB80F31009184B194A2C0C9B1A8B
:10FAF000B4EBD30F20D27B1C33400BEB8303E90024
:10FB000044EA094401F038013E40DC6041F0C101A3
:10FB10009BF82034033641EA88214BF8261013B9AC
:10FB200003B0BDE8F08FFFF7D3FC0028F8D0FFF753
:10FB3000CFFC0028F7D1F3E7064940F2A31011F0FB
:10FB400059F8D8E73946ABE7402E002080CB0400B7
:10FB500098CA04008CCC0400242A00202DE9F04728
:10FB600086B0DFF824A103930F9B0E9C05930546F6
:10FB700000230DF10700164602928DF80730DAF8DF
:10FB800008700494894600F0ABFCDAE90132DAF837
:10FB9000008013440133A3EB0803052B69D80AF254
:10FBA0001C440121204601F01FFBFFF7CFFB01465B
:10FBB000204601F019FBDAE90132DAF800101344AB
:10FBC00001335B1A052BECD90A400332063140F2AF
:10FBD00005139DF807004AF82230CAF8001000F01B
:10FBE000B5FC08F1020303A908F1060001E051F891
:10FBF000046B07EA03020AEB820201338342D660F8
:10FC0000F5D11D48002101F0CDFA80F310061B4B01
:10FC10001B4A2C0C9B1AB4EBD30F24D208F101031E
:10FC20003B40ED000AEB830305F0380544EA064447
:10FC300045F4807507EA0807DC6045F001059AF88D
:10FC40002034033745EA89254AF8275013B906B00E
:10FC5000BDE8F087FFF73CFC0028F8D0FFF738FC40
:10FC60000028F7D1F3E7074940F2A31010F0C2FFD4
:10FC7000D4E74146A8E700BF402E002080CB040017
:10FC800098CA04008CCC0400242A00202DE9F047F7
:10FC900086B0DFF828A102930F9B0493109B0E9C63
:10FCA0000593054600230DF10300164601928DF8D9
:10FCB0000330DAF808700394894600F011FCDAE9A1
:10FCC0000132DAF8008013440133A3EB0803062B5A
:10FCD00069D80AF21C440121204601F085FAFFF799
:10FCE00035FB0146204601F07FFADAE90132DAF805
:10FCF0000010134401335B1A062BECD90A4003327F
:10FD0000073140F245139DF803004AF82230CAF843
:10FD1000001000F01BFC08F1020302A908F1070023
:10FD200001E051F8046B07EA03020AEB8202013397
:10FD30008342D660F5D11D48002101F033FA80F3EB
:10FD400010061B4B1B4A2C0C9B1AB4EBD30F24D26E
:10FD500008F101033B40ED000AEB830305F0380591
:10FD600044EA064445F4A07507EA0807DC6045F05C
:10FD700001059AF82034033745EA89254AF82750C7
:10FD800013B906B0BDE8F087FFF7A2FB0028F8D052
:10FD9000FFF79EFB0028F7D1F3E7074940F2A310D5
:10FDA00010F028FFD4E74146A8E700BF402E00200E
:10FDB00080CB040098CA04008CCC0400242A0020C4
:10FDC0002DE9F047DFF8E89082B0002305460DF1F9
:10FDD00007008DF80730D9F80860884600F080FBEE
:10FDE000D9E90132D9F8007013440133DB1B012B30
:10FDF00054D809F21C440121204601F0F5F9FFF71F
:10FE0000A5FA0146204601F0EFF9D9E90132D9F807
:10FE10000010134401335B1A012BECD90A40033262
:10FE2000052302319DF8070049F82230C9F8001077
:10FE300000F08CFB1A48002101F0B4F980F3100A9D
:10FE4000184B194A2C0C9B1AB4EBD30F20D27B1CF5
:10FE5000334009EB8303E90044EA0A4401F0380126
:10FE60003E40DC6041F0010199F82034033641EA5C
:10FE7000882149F8261013B902B0BDE8F087FFF7D2
:10FE800027FB0028F8D0FFF723FB0028F7D1F3E782
:10FE9000064940F2A31010F0ADFED8E73946BDE7A1
:10FEA000402E002080CB040098CA04008CCC0400B3
:10FEB000242A002030B4124DD5F810140446002036
:10FEC000B1B10B4601E01B6853B1DB681A7982427D
:10FED000F9D101300A28F3D14FF0FF3030BC704720
:10FEE000E2681071CB68196811601C6030BC704703
:10FEF000E3681871C5F8104430BC1960704700BF42
:10FF0000242A002038B5094BD3F81044012583F882
:10FF100020544CB12368E2685B68557120469847CD
:10FF2000E3681C68002CF5D138BD00BF242A0020EE
:10FF300030B5C38885B004460D4623BB237A052B14
:10FF40001FD0627A82B9144AA08852F82320039203
:10FF50000021FFF783FA039A10490346284605B0AB
:10FF6000BDE8304001F032BA1946A088FFF79AFA8E
:10FF70000B4B0C4953F82020284601F027FA237A2E
:10FF8000E1E705B030BD08490091084A0849284614
:10FF900001F01CFAD2E700BFD4CD04003CCD040030
:10FFA000B0CD040038CD040030CD040010CD0400E5
:10FFB00018CD04002DE9F04385B01D460C9C0023AC
:10FFC00094F80C90237380460E4617462146284627
:10FFD000FFF7AEFF062F09D8DFE807F0042E343B09
:10FFE000444F1F004146204601F0F0F92B7A052BC3
:10FFF00005D06B7A5BB92749204601F0E7F9204626
:020000040002F8
:1000000001F0D0F984F80C9005B0BDE8F083224AE5
:100010002249204601F0DAF9EDE773690393336969
:100020000293F3680193B3680093D6E90023414635
:10003000204601F0CBF9D9E732684146204601F06D
:10004000C5F9D3E7D6E900234146204601F0BEF9C1
:10005000CCE7B3680093D6E900234146204601F07F
:10006000B5F9C3E7F3680193B3680093D6E90023B9
:100070004146204601F0AAF9B8E733690293F368D4
:100080000193B3680093D6E900234146204601F06E
:100090009DF9ABE748CD040030CD040038CD040015
:1000A000082900D970472DE9F04F002493F80C90EF
:1000B0001C7383B00E4607461946104690461D46EF
:1000C000DFF8B8B0DFF8B8A0FFF732FF05E03A5D1F
:1000D000013401F07BF9082C09D0A642514628468C
:1000E000F5D85946013401F071F9082CF5D11F49B2
:1000F000DFF890B0DFF890A0284601F067F90024FF
:100100000AE03A5D7E2A23D92E2251462846013440
:1001100001F05CF9082C08D0A642F2D859462846CE
:10012000013401F053F9082CF6D198F80830052B6A
:1001300002D098F809309BB90D49284601F046F9DC
:10014000284601F02FF985F80C9003B0BDE8F08F38
:100150001046019211F02EF8019A0028D5D1D3E76C
:10016000044A0549284601F031F9E5E758CD040075
:1001700048CD040030CD040038CD040054CD040037
:100180004CCD040044CD04005CCD040000B583B028
:100190004FF0010C8DF807C0144B9DF807E0186074
:1001A00044F2010C604559609A6013D044F2020198
:1001B000884206D1DA60DA6812889A61DA68526891
:1001C000DA6172B69DF80730002BFBD162B603B03E
:1001D0005DF804FB1A611A6992685A611A6912681B
:1001E0009A611A695268DA61EBE700BFE02E0020DD
:1001F00000B583B002900091019244F20100714673
:100200006A4600F003F803B000BD00BFF0B5044635
:1002100087B00E46154672B6FFF774FEFFF758F921
:100220000028FBD144F201039C422FD01DD8012CA1
:1002300054D041F201039C4244D12E482E4B2F4909
:10024000C01AC008000440F00100FFF7B9FD2C4BB4
:10025000D3F8F030DB0700D500BE2A4631462046F1
:1002600007B0BDE8F040FFF791BF44F202039C42A3
:1002700028D1214B1F486A682249C01AC0080004CF
:100280002B8840F00100FFF751FBE0E7AA681A4B0A
:10029000184F05921046FF1A01F0FCFE02962968DD
:1002A0000191FF083F046968009147F00107034688
:1002B000059A15493846FFF7E9FC14493846FFF717
:1002C0007FFDC4E70C4B0B481149C01AC00800045D
:1002D000324640F00100FFF7A7FAB8E7064B0548A1
:1002E0000C49C01AC008000440F00100FFF768FD87
:1002F000ADE700BFF8CA040098CA040014CE040099
:1003000000ED00E038CE040054CE04007CCE0400A2
:1003100090CE0400F4CD040070B5054608F0C8FD89
:100320004368AB42044603D00B496A2010F062FCDC
:10033000A3685BB1237B43B1637BA268206883F031
:1003400001032373BDE87040104770BD02496B2064
:1003500010F050FCEEE700BFA8CE040070B50568B1
:1003600082B022B32B7B13B90E46696811B1082005
:1003700002B070BD14462846102210F0EEFF002E89
:100380000CBF012200220B4B6A73AC6014BF012228
:10039000002200934FF47A712B46074808F0B0FB17
:1003A0000028686014BF00200E2002B070BD072036
:1003B00002B070BD1903020044CD04002DE9F041E4
:1003C000476884B0002F52D0067B0446BEB90D4664
:1003D0000260EFF305836BB10A46009603AB092177
:1003E0003846039608F0AEFB012828D0042004B05C
:1003F000BDE8F081384608F043FD064618B10020FC
:1004000004B0BDE8F0814FF002082A460346CDF85B
:1004100000800421384608F095FB01280546E5D107
:1004200007F092FCCDF80080024633462946384654
:1004300008F088FB0128D9D101232373DFE707F0F7
:1004400089FC0096024603AB0621384608F07AFB89
:100450000128CBD1039B002BEED0074B4FF08052ED
:100460005A6040BFBFF34F8FBFF36F8FE4E70820A0
:1004700004B0BDE8F08100BF00ED00E010B5044617
:10048000406884B038B3EFF305835BB90222009271
:1004900003211A4608F056FB012819D100202073C9
:1004A00004B010BD0022009203AB0821039208F0B3
:1004B00049FB01280CD1039B002BEFD0074B4FF0D9
:1004C00080525A6040BFBFF34F8FBFF36F8FE5E795
:1004D000042004B010BD082004B010BD00ED00E001
:1004E00070B50446EFF30583C3F308033BB9EFF39C
:1004F0001483DB0703D51149432010F07BFBEFF396
:10050000108072B60E4B9A68A2B9012199600D490C
:100510000D4ED1F8805035401D60C1F88060D1F893
:1005200084505D604FF0FF33C1F88430227000B911
:1005300062B670BD01232370F9E700BF08CF040045
:10054000002F002000E100E0FC06FFBD10B50446CE
:10055000EFF30583C3F308033BB9EFF31483DB0721
:1005600003D50A49512010F045FB094B9A685AB14E
:1005700054B9EFF3108172B6064A186810605868D3
:1005800050609C6001B962B610BD00BF08CF040086
:10059000002F002000E100E0194B00EB800003EB8E
:1005A00080000B68426802F580502BB35A880332F2
:1005B00003EB8203834217D210B54FF6FF7E1A6811
:1005C000013213D05A88033203EB820290420DD3DA
:1005D000B3F804C0F4450BD01C884CB19C680134BE
:1005E00006D00B60012010BD00207047002010BD18
:1005F0009042FBD91346E2E702F10803DAE700BFB5
:10060000482F002070B5436882B006460C461BB1E7
:10061000234AD1688B421FD20022134622801546FE
:10062000019505E0019B3268996891420ED02388BC
:10063000184601A9FFF7B0FF0028F3D12388013342
:100640009BB2012B2380EBD902B070BD154A7360B9
:100650001389338102B070BD12699342DCD813F064
:100660000300D9D10F4A318912899142D4D131681E
:100670009A689142D0D10C494A68934203D902F555
:100680008052934209D38A69934203D902F580527A
:10069000934201D30020D7E7012020800120D3E737
:1006A0000C260020302F0020482F002010B4104CC2
:1006B000104A638803EB830302EB8302D36853B9C8
:1006C0004FF0040C516884F800C00B485DF8044BEF
:1006D000012201F037BA094A0520022120709180D9
:1006E000054811685DF8044B0023012201F02ABA85
:1006F000302F0020482F00200C260020842F0020BF
:10070000B3F804C0BCF1010F39D82DE9F0411D4FF9
:100710001C4680460D4616460CEB8C0317F823301A
:100720006BB10CF1010C1FFA8CFCBCF1010FA4F8A9
:1007300004C0F1D948F209601BE0B4F804C0604677
:100740002146FFF729FFB0B12368B8F1000F04D0AC
:100750009988B8F800209142EFD11DB119882A88F4
:100760009142EAD19968084A12893281C6E9001398
:100770000020BDE8F081B4F804C02060D1E748F261
:1007800009607047482F0020302F002030B5104CF2
:1007900083B06088211DFFF7FFFE20B903B0BDE8DC
:1007A0003040FFF783BF0B4B626899881B680A488B
:1007B00003EB81015388033300259BB24FF0030CF8
:1007C0009B00009584F800C001F022F903B030BD11
:1007D000302F0020842F00200C2600202DE9F04F20
:1007E0009D4DDFF894922C68DFF89082DFF890B28C
:1007F0008BB00746002C00F090802278531E052B0A
:1008000000F29783DFE803F041242403034E002F16
:1008100040F0F28094F804A0BAF1010F00F0768263
:10082000BAF1020F00F06C82BAF1000F00F05582AD
:10083000CDE907770597099705AE48F20E67023AAA
:100840000697042A4AD8DFE802F098847843AD007E
:10085000B4F814A0002F40F0B780804EA17D0AEBC1
:100860008A0306EB83034FEA8A0718895B6803EB68
:100870008003062900F25883DFE811F09501BE01DC
:10088000AB01D001820169014401002F40F00F82C9
:100890002379032B00F2C780DFE813F0280113014E
:1008A000B700F400002F40F00F826D4C237B002B2B
:1008B00000F0C48023782773013B062B69D8DFE85A
:1008C00013F06B02F201D601D20168005902BE0199
:1008D00004238DF81430E388ADF82030614C04F126
:1008E000100754F8043B304603B19847A742F8D1AB
:1008F0000023494640462B6000F022FC5A4B1B68FF
:10090000002B53D05848012100F07AFC002858D021
:100910002C680027002C7FF470AF4946404600F059
:10092000DDFB0446286000287FF467AF594640F29B
:100930009B5010F05FF92C685FE703238DF81430AB
:10094000E1882289E3680793ADF82010ADF82220F2
:10095000C4E702238DF81430A37D2289A188ADF865
:100960002020A3F10603B3FA83F3E26807925B0940
:10097000ADF822108DF82430B0E701238DF8143043
:100980002189A288E3680793ADF82010ADF82220F2
:10099000A4E7002305AE0593C6E90233336148F2AC
:1009A0000E67069705238DF8143097E759464FF4E4
:1009B000247010F01FF92C48012100F021FC0028C0
:1009C000A6D10BB0BDE8F08FA17DE388234E0229AC
:1009D00007D90AEB8A0006EB8000D91C0789394445
:1009E00001814FEA8A07574406EB8706C3F57F4328
:1009F0007189FD330B44738105AE002305934FF4D9
:100A00000647C6E90233336119E7184A18481168E6
:100A10000023237102249480012201F093F800281E
:100A2000CFD02C682278134905AE002305934B6084
:100A3000C6E90233336148F20D6700E72378072BDC
:100A400000F2E781DFE813F0FA01E501E501260194
:100A5000CF01FB00FB00E101442F0020482F0020C4
:100A6000302F0020182F0020802F0020842F0020FE
:100A70000C260020282F0020402F0020702F00205F
:100A800064CF0400B04FB14AB1484FF0000A84F877
:100A900004A0CDF800A00823396800F0B9FFAD4BE1
:100AA0005E8806EB8603AC4E06F823A006EB8306B1
:100AB0003B6872687360BB88338102233A60BB80F5
:100AC000ADE7A54E3378022B00F01C82337D022B5C
:100AD00000F02882A14A002305AE01210593117080
:100AE000C6E90133C6E903335360F7E6964B9C4AE7
:100AF000196897480123237100230093082300F00D
:100B000087FF8CE7E188204641F61D5307EB0A0C6E
:100B100006EB8C0CCC1CBCF808E07444ACF8084024
:100B2000574406EB8706C1F57F4104467089FD31C5
:100B30000144718105AE41F61D5100278B42C6E983
:100B40000077C6E9027737613FF479AEC7E1854B9C
:100B5000854A5968854B7E481B8803930623A375F5
:100B600000230093042300F053FF48BB039B03EBD7
:100B7000830306EB8306012333740BB0BDE8F08FCB
:100B80007848A26902607949039300224260FFF726
:100B900039FD039B0022002800F0AA811946022398
:100BA000A375009204E019460223A3750023009365
:100BB00004236748E21800F02BFF00283FF401AF40
:100BC000A37D2868E1880278022B48F20D63A7D93B
:100BD0009CE703F1080123695D48002B14BF032340
:100BE0000123A3750023009304F10C02042300F0F9
:100BF0000FFF0028E4D1E4E6032A03F104010CBF4F
:100C000005230623A375002300935148042304F110
:100C1000080200F0FDFE0028D2D1D2E6012003F147
:100C20000C01E388A0750020226900909B004848D1
:100C300000F0EEFE0028C3D10BB0BDE8F08F424BB0
:100C4000474A1968424800230093636007232370D2
:100C5000082300F0DDFE0346002B3FF4B2AE2C6803
:100C600005AE227867E7FFF721FD0346F4E76268E7
:100C70003548538886880168033301EB86010020DC
:100C80009BB2032600909B003148267000F0C0FE06
:100C90000346E1E72C4A63685988938803330B4481
:100CA000938002232370FFF771FD0346D4E72B4B9B
:100CB000002159604FF4064705AE0023C6E9003312
:100CC000C6E902333361BAE505AE002305934FF45C
:100CD0000647C6E90233336163E6022305AE23719A
:100CE0000DF11201E36805933046CDE90677FFF771
:100CF00089FC002840F0B680227848F20967DCE7DA
:100D0000CDE907770597099705AE98E5134B1B7852
:100D1000A01D002B00F0D680154C05AE23463246B0
:100D20003946FFF7EDFC002800F0BB800390082255
:100D30002046394610F011FB039B48F209629342AA
:100D400049D02C682278F6E6842F0020B4CF040026
:100D50000C260020302F0020482F0020282F0020B4
:100D6000BCCF04000C2F0020B0CF04008C2F00203B
:100D7000902F00206288744E9300134406EB830684
:100D800000237168009306232370704A704808237B
:100D900000F03EFE03465FE7A37A3BB16A4E0023B4
:100DA000A372F36813B9327C002A75D1E37A43B198
:100DB000654E0023E372336A1BB996F82430002B8A
:100DC00069D105AE002305932370C6E90233638021
:100DD00063603361E5E5C6E90077C6E902772C6810
:100DE000376122782BE56288574E5A4902EB82031D
:100DF00006EB83030F685868086088885F60188175
:100E000002238B8002FA03F3B7E701232370A37A4E
:100E1000C3E7013B062B3FF6BCAD01A252F823F01D
:100E2000990D0200A70C02006F0C0200670C020073
:100E300093090200750D02003F0C0200424E238907
:100E4000327D01332381B2FA82F233785209B3FA48
:100E500083F3E27200225B09628022730122A37293
:100E600022709AE706993C4A8B88E3800B8823819D
:100E7000374800970423BDF8124000F0C9FD002850
:100E800031D1314B04EB840403EB8404012323743C
:100E90000BB0BDE8F08F01236380FFF777FC0346BA
:100EA000DAE600972C4A06992948A488042300F022
:100EB000AFFDC0B9244B04EB840403EB840484F835
:100EC00010A07EE505AE25480822394610F045FA07
:100ED0000597C6E90177C6E9037748F201632C68F4
:100EE0001F462278ABE42C6848F20D672278E4E6CE
:100EF000CDE90500CDE907000990227805AE48F25A
:100F000009679CE4002303EB830306EB830210488C
:100F10005168002206F82320009208230B4A00F0B3
:100F200077FD7CE50123EEE7E188204648F20E6379
:100F3000ECE505AE00230593C6E90233336148F2C0
:100F40000E630693CAE400BF482F0020B4CF04000C
:100F50000C260020842F0020B0CF0400902F00200A
:100F60004068FFF73BBC00BF1EF0040F1CBFEFF34F
:100F700009800AE0EFF308800549064A884201D853
:100F8000904202D88D464FF00000034B18470000F6
:100F90000000042000F80320C10F0200BFF34F8FB0
:100FA0000549064BCA6802F4E0621343CB60BFF305
:100FB0004F8F00BFFDE700BF00ED00E00400FA0521
:100FC0002DE9F04782B08046FEF79CFFFEF780FADD
:100FD0000028FBD1354B364F9D6A364BB8F1000FD8
:100FE0005AD0FF1AFF083F0447F00107D8F818202D
:100FF00031493846FEF718FCD8E90232CDE9003213
:101000002E49D8E900233846FEF7A8FDD8F81C2061
:10101000D8F814300092D8F8102029493846FEF745
:101020000FFD224BDB6A980723D4DFF8A8A0DFF876
:10103000A8900024012606FA04F32B4206D05AF8A1
:101040002420494638460AB1FEF7EEFB01341A2C3B
:10105000F1D1290619D42A0410D4144BD3F8F03056
:10106000DB0700D500BE4046FFF798FF02B0BDE8A1
:10107000F08714493846FEF7A3FED6E70B4B12491A
:101080009A6B3846FEF7D0FBE7E7084B0F495A6BDF
:101090003846FEF7C9FBDEE7FF1AFF083F0447F0BA
:1010A00001070B493846FEF78BFEBAE700ED00E07A
:1010B00038CB040098CA0400C4CF0400DCCF04007D
:1010C00014D0040070D00400E0D00400C0D00400AC
:1010D0003CD00400DCD50400B4D0040010B483B0CC
:1010E00050E8023F1FFAA3FCC488A44502BFBFF327
:1010F0002F8F00220EE0C489A4448489A44528BF10
:10110000ACEB040CC3EA0C4C40E802C4002CE7D161
:101110004FF001028DF803200193019C9DF80320FC
:101120000C6032B1006800EB144003B05DF8044B72
:10113000704702F0FF03184603B05DF8044B704798
:101140000A884B889A4201D00020704750E8022F4D
:10115000C2EA224240E80223002BF7D10120704767
:101160004B0901F01F024FF0010C0CFA02F100EBE9
:10117000830000F021B800BF01F01F02012303FA31
:1011800002F24B0900EB8300D14300F021B800BF0D
:101190004B0901F01F0150F82300C84000F0010086
:1011A000704700BF034653E8000F0A4643E8002C8F
:1011B0009CF0000FF7D17047034653E8002F42EA36
:1011C000010043E8000C9CF0000FF6D1704700BF0F
:1011D000034653E8002F02EA010043E8000C9CF0AC
:1011E000000FF6D1704700BF034653E8002F02EB13
:1011F000010043E8000C9CF0000FF6D1704700BFDF
:10120000034653E8002FA2EB010043E8000C9CF0DA
:10121000000FF6D1704700BF0346012253E8001FBC
:1012200041EA020043E8000C9CF0000FF6D1704741
:101230000346002253E8000F00EA020143E8001CC5
:101240009CF0000FF6D17047002844D038B50368F1
:1012500004465BB36368002B2FD0A368002B34D007
:10126000E368EBB1238AABB1D4E90120801A21688D
:10127000C0B2431E0A60DBB208B908E00A68551C18
:10128000581E0D601370C3B2FF2B2168F6D10020E9
:10129000087138BD114940F203100FF0ABFCE3E7D1
:1012A0000E494FF481700FF0A5FCDBE70B49FF20DE
:1012B0000FF0A0FC6368002BCFD108494FF4807079
:1012C0000FF098FCA368002BCAD1044940F201102A
:1012D0000FF090FCC4E70E20704700BF44D6040016
:1012E00030B5044683B040B300250DF107008DF8FA
:1012F0000750FFF7F5F8D4E900231168994206D8A2
:101300009DF80700FFF722F9284603B030BD481EBC
:10131000A368106011F801CC1179E5681B1ADBB2E3
:10132000208A994200FB0C55EAD29DF80700137100
:10133000FFF70CF9284603B030BD03494FF4927013
:101340000FF058FCD0E700BF44D6040030B50C467F
:1013500083B00546B8B1ECB10DF1070000238DF85C
:101360000730FFF7BDF82A681368591C1160E96857
:101370002A8A641AB4FBF2F41C709DF80700FFF788
:10138000E5F803B030BD064940F247100FF032FCDB
:10139000002CE1D102494FF4A4700FF02BFCDBE7E5
:1013A00044D6040010B5044640B1A2682AB163696E
:1013B0002168206998470023A36010BD02493120AD
:1013C0000FF018FCF1E700BF9CD604000EB430B556
:1013D00082B00446059DE0B163690BB323689BB1FD
:1013E000636863B135B106AB01AA29462046019373
:1013F00000F0AAF802B0BDE8304003B070470B49D6
:1014000045200FF0F7FBEDE7084944200FF0F2FB11
:10141000E6E7064942200FF0EDFB6369002BDDD1C2
:10142000024943200FF0E6FBD8E700BF9CD604003A
:101430002DE9F84F1646B142DDF828B00B9A8846E0
:1014400005461F467BD30B464FF00109B3FBF6F36D
:101450009E4209F10109F9D9B94538BFB94612F0E0
:10146000010A02D1BBF1000F47D1A968012402E0B3
:10147000013F06FB04F4012FFAD8B8FBF4F29642C0
:10148000F7D9304F07E0B442B4FBF6F315D3B8FBFD
:10149000F3F2A9681C464B1CAB602B68B85C58542F
:1014A00004FB1288D5E901329A42ECD32846FFF7B3
:1014B00079FFB4FBF6F3B442E9D2BAF1000F13D0CE
:1014C000BBF1000F10D02024D9450BF1FF3B0BD20C
:1014D000AB682A68591CA960D454D5E901329A42F4
:1014E00004D2BBF1000FEFD1BDE8F88F2846FFF71B
:1014F00059FFBBF1000FE7D1F6E793071AD4202478
:10150000A968D94501F10102B0D22B68AA605C54E8
:10151000D5E9013199420BF1FF3B03D2BBF1000F3A
:10152000EFD1A3E72846FFF73DFFA968BBF1000F05
:10153000E7D19BE7002F0CBF30242024E0E74FF0D9
:10154000010989E73CD704002DE9F04F0C4685B02E
:1015500090460646002800F0FD817369002B00F0DC
:1015600002823368002B00F007827368002B00F0C2
:10157000B580002C7DD02378DFF80C944FF0300B31
:101580000BE0B2683168501CB0608B54D6E9013270
:101590009A427FD22378002B67D00134002B64D08D
:1015A000252BEED1214600270A782D2A0C4601F181
:1015B000010169D0302A6AD02B2A5DD02A2A18BFAF
:1015C000002504D16AE014F8012FA3F13005A2F13F
:1015D000300105EB8503092902EB4303F3D92E2AD9
:1015E00066D0002301E014F8012F02F0FB01682906
:1015F000F9D0252A00F03B81583AD1B2202930D8C1
:10160000202A2ED8DFE812F021002D002D002D0019
:101610002D002D002D002D002D002D002D00180176
:1016200070002D002D002D002D0070002D002D00CC
:101630002D002D002D002D00F5002D002D00B600F1
:101640002D00B2002D002D002100D8F8000010223E
:1016500001680430CDE90057C8F800003046FFF7B4
:10166000E7FE01342378002B97D1337B002B40F029
:10167000F88005B0BDE8F08F0A782D2A0C4647F0B7
:10168000040701F1010195D147F001078CE747F00C
:10169000020789E73046FFF785FE7BE7D8F8003080
:1016A0001A1DC8F8002062781D682E2A0C4698D1B1
:1016B0006278A2F13003092B04F101044FF000031A
:1016C00093D803EB830302EB430314F8012FA2F139
:1016D00030010929A3F13003F3D986E7A94940F283
:1016E00056200FF087FA44E7D8F80020D2F800A07F
:1016F0000432C8F800208AEAEA72A2EBEA72092AE8
:101700004FF0010008DD11466329A9FB02C200F178
:1017100001004FEAD202F6DC9842024638BF1A4670
:101720000292002D00F0E580BAF1000FC0F2F880BF
:101730007A0700F1F580B80740F1F480002B40F003
:10174000F180BAF1000FC0F23C817A0700F14C81C0
:1017500007F00302022A00F01981CDE90057514633
:101760000A223046FFF764FE01347BE7D8F8000018
:101770000A226DE7D8F800301A1DC8F8002017F0CB
:101780000107D3F800A07DD1BAF1000F03D0504675
:101790000FF05FFE0746BD4215D9202101E0BD4292
:1017A00011D0B2683368501CB0609954D6E9013248
:1017B0009A4205F1FF35F2D33046FFF7F3FDBD4203
:1017C0004FF02001EDD19AF800302BB949E71AF813
:1017D000013F002B3FF445AFB2683168501CB06048
:1017E0008B54D6E901329A42F1D33046FFF7DAFD45
:1017F000EDE7D8F80020B3683068111DC8F8001074
:1018000011685A1CB26000F803B0D6E90123934274
:101810007FD2581C3268B0607820D054D6E90132AB
:101820009A4270D208230022CDE9003230461022BD
:10183000FFF7FEFD013415E7D8F80030B2681878DC
:1018400031680433C8F80030531CB3608854D6E9BB
:1018500001329A42FFF405AF3046FFF7A3FD013491
:1018600000E7304605B0BDE8F04FFFF79BBDB36819
:101870003168581CB060CA54D6E901329A42EBD2A2
:101880000134EFE69AF80020002A00F0BE805746A7
:10189000CAF1010102E017F8012F9AB1B068431CA8
:1018A000B36033681A54D6E901329A4201EB070A51
:1018B000F1D330460291FFF775FD17F8012F029919
:1018C000002AEBD155457FF6CCAE202702E05545E6
:1018D0003FF4C7AEB2683368511CB1609F54D6E97B
:1018E00001329A4205F1FF35F1D33046FFF75AFD38
:1018F000EDE7B80705D5002B3FF423AFF9073FF517
:1019000020AF00251DE730460291FFF74BFD0299FD
:1019100088E730460291FFF745FDB368029978E702
:10192000013D08E7F9073FF50CAF002DE9D0202273
:101930000299A942BFF405AFB168481CB060306895
:101940004254D6E90101814205F1FF3552D2002D02
:10195000EED1D6E70B4940F252200FF04BF97369F4
:10196000002B7FF4FEAD07494FF415700FF042F9DC
:101970003368002B7FF4F9AD024940F255200FF097
:1019800039F9F2E5E8D60400CDCCCCCC002B7FF4BD
:10199000E4AE002D37D0029AAA42BFF4DEAEB168A1
:1019A0003268481CB06002F801B0D6E901219142CA
:1019B00005F1FF35EDD330460393FFF7F3FC039BAE
:1019C000E7E7B1683268481CB060CAF1000A2D2010
:1019D0005054D6E901219142FFF4BAAE3046039348
:1019E000FFF7E0FC039BB3E6B1683268481CB060C7
:1019F0002B20EDE730460393FFF7D4FC039B202216
:101A0000002D95D17DE70025A7E692465AE700BF55
:101A10002DE9F04782B0DDF828A000285ED01546F9
:101A2000002A64D00668002E6AD01C46002B31D0F4
:101A30004768D7F80490B3FBF9F809FB1838B8F1F8
:101A4000000F30D111F0030F36D1AD073DD1C5687D
:101A5000A94211D22F4B3048304AC01A1024C00876
:101A60002F4BA0402F49009440F00100FDF7E8FF04
:101A7000204602B0BDE8F087056901F1FF3E7444DD
:101A8000AC42E7D8CDF828A0F468A44602B0BDE87F
:101A9000F04760471F4B2048234AC01AC008204B1C
:101AA00009240004DEE71B4B1B48204AC01AC0086B
:101AB0001B4B09240004D5E7164B17481C4AC01AD3
:101AC0001024C008164BA040CCE7124B1248194A0C
:101AD000C01A1024C008124BA040C3E70D4B0E489B
:101AE000154AC01AC0080E4B0E240004BAE7094B71
:101AF0000948124AC01AC008094B0E240004B1E775
:101B0000044B05480E4AC01AC008054B08240004BF
:101B1000A8E700BF98CA040048CB040050D80400CE
:101B200014D9040054D704009CD70400E8D704005B
:101B300014D804002CD804004CD70400E0D70400CB
:101B400088D70400F0B583B000283AD00668002E8C
:101B500040D022B3446827687C1E0C4228D1C46858
:101B6000A14210D2204B2148214AC01A1024C0089B
:101B7000204BA0402049009440F00100FDF760FF99
:101B8000204603B0F0BD4C1E07FB024E0469A6457B
:101B9000E8D83469A44603B0BDE8F0406047124B72
:101BA0001248164AC01AC008124B09240004E1E783
:101BB0000D4B0E48124AC01A1024C0080D4BA0400D
:101BC000D8E7094B09480F4AC01AC008094B0E2430
:101BD0000004CFE7044B05480B4AC01AC008054B68
:101BE00008240004C6E700BF98CA040048CB0400DC
:101BF000A0D8040000D9040054D704009CD70400E6
:101C000078D804004CD7040088D7040029DF704737
:101C100028DF704703689A6852B310B586B0002376
:101C2000CDE902330093049303798468059401910C
:101C30008BB1012B03D06846904706B010BDC36836
:101C4000416904911B0302208DF80000029368464D
:101C5000904706B010BDD0E90314436904930120F6
:101C60008DF80000CDE902416846904706B010BDEE
:101C7000704700BF034B187A0122B0FA80F05A7403
:101C800040097047A82F002038B5254D2B7AFBB1AD
:101C9000244B1C6802232B72237923B3012B0CD015
:101CA00020460321FFF7B6FF00232B726B601E490D
:101CB0001E48BDE83840FFF743BAD4E9030318448F
:101CC000FFF7A6FF18B31128EAD101232B7238BD04
:101CD00015491648FFF702FA124B0446186000280F
:101CE000D8D1686038BDD4E90523D21AB2F5805F37
:101CF00028BF4FF480529208E1682069012A38BF5A
:101D0000012219441844FFF781FF0028DBD12B7C06
:101D1000002BDCD1BDE83840022000F009B800BF3C
:101D2000A82F0020C02F0020BC2F0020982F0020BB
:101D300010B5254C237A93B1022B06D103280FD17D
:101D4000E3680133082B2AD8E360637C1BB9BDE844
:101D50001040FFF799BFBDE810400CF0F5B910BD79
:101D60001A4B00221B68E2601A79FAB1012AECD101
:101D7000D3E9042101328A421A61E6D10022022805
:101D800022720CBF11460D211846FFF743FF104980
:101D90001048FFF7D5F9637C002BDCD1D7E70B4B5C
:101DA00000221B68E26022720D21EDE7D3E90512E3
:101DB000A1EB020CBCF5805F94BF624402F5805237
:101DC00091429A61C1D1D9E7A82F0020C02F0020ED
:101DD000BC2F0020982F0020831E012B01D8FFF775
:101DE000A7BF704700F0FD03012B00D07047A0F1A2
:101DF0000100044BB0FA80F0002240095A741874B4
:101E0000FFF742BFA82F00202DE9F84F88469DF824
:101E1000289093469A460446002847D0E78865797B
:101E200007FB05F5043D55453AD9DBF8006006EBA4
:101E30000A020AF10403AA4288BFA5EB0A06BB42C4
:101E4000B3FBF7F1CBF8006007FB113C02D301397B
:101E50002468FCD1A7EB0C05B54228BF3546EEB18E
:101E60004FF0000A0CE018460FF04EFA761BB7420E
:101E7000AA4424683D464FF0000C28BF35466EB199
:101E80000CF1040020442A46014608EB0A03B9F18C
:101E9000000FE8D119460FF037FAE7E7BDE8F88FF1
:101EA0000549C4200EF0A6FEE788BEE70249B62029
:101EB0000EF0A0FEB2E700BF28D90400FFF7C4B9B6
:101EC0002DE9F041058A0331043D4E198046B6FBE9
:101ED000F5F6FFF705FAA0B3F6B24FF48073013EB2
:101EE00004468380C580C0F800802BD003460025BF
:101EF00008E06279AE4202F1010262713860C0F816
:101F000000801FD040461F46FFF7EAF9013503461F
:101F10000028EED16779791E17D022460133994205
:101F20001268FBD1D2F800805FB12668002501E07D
:101F300034463668214640460135FFF707FAAF427E
:101F4000F6D800242046BDE8F08120682146FFF73E
:101F5000FDF9F6E701210430FFF746B92DE9F0411C
:101F6000012104460430FFF74BF910F0FF0301D0C4
:101F7000BDE8F0816779791E16D022460133994277
:101F80001268FBD1D2F80080002FF1D0266800251E
:101F900001E034463668214640460135FFF7D6F960
:101FA000AF42F6D8BDE8F08120682146BDE8F04197
:101FB000FFF7CCB930B585B000251446009503AACB
:101FC0000394FFF721FF039BA34203D00249F620AD
:101FD0000EF010FE05B030BD28D9040030B585B034
:101FE00001251446009503AA0394FFF70DFF039BF8
:101FF000A34204D003494FF480700EF0FBFD05B0FE
:1020000030BD00BF28D90400836800225A60C3E9AC
:1020100004229A60DA601A60704700BF38B50C4637
:10202000054648B174B1D4E900329342C5E9004392
:1020300004BF00236B6038BD054950200EF0DAFD67
:10204000002CF0D1024951200EF0D4FDEBE700BF87
:1020500080D9040010B5044668B1236893B1636861
:1020600043B12268D2E901210B449342636004BF6B
:102070000023636010BD064963200EF0BBFD23689A
:10208000002BECD1024964200EF0B4FDE7E700BF5D
:1020900080D904001049A1F5947205E052F833305C
:1020A000984238BF61460CD2A1EB020C4FEADC73B8
:1020B00003EBEC035B10914202EBC30CEED8074834
:1020C000704702D90CF10802EEE7DCF80400034B7C
:1020D000002808BF1846704718DF0400DCDD040044
:1020E0002DE9F04FADF62C0D002002220121134600
:1020F0000A91CDF82C040AAC02460AE013F08002E3
:102100000DF5856344F8041F43F8210018BF1B2216
:102110004B00534001304B40B0F5807FD9B2EDD138
:102120007D4A012302F1280042F8043B59001B06B6
:1021300048BF81F01B019042CBB2F5D1774B784D6F
:10214000059363221A70002285F863200DF58564DB
:102150001846012154F8043F0AAAC3F1FF0352F8BC
:1021600023E04FEAEE1242EA4E025FFA82FCC2F32B
:10217000C01242EA4C02D7B2C2F3C01242EA47028E
:10218000D6B2C2F3C01242EA4602D3B283EA0E03C9
:1021900083EA0C037B40734083F0630300F8013F44
:1021A000E9540131B1F5807FD4D1DDF86034069374
:1021B000DDF84C340793DDF85C340893DDF85434D3
:1021C0000993584B03930022574B584E02936321B7
:1021D000574B0193C6209246564CDFF86891DFF8C2
:1021E0006881DFF868E1544F544D049602468C46EE
:1021F0000846534666E00DF58563089A53F821308A
:10220000099E9818079A991885FB002B83444FEA7A
:10221000E07CCCEBEB1CCCEB0C2CA0EB0C0C0AA860
:10222000069A50F82C001A44334485FB016A8A440C
:102230004FEA004CC817C0EBEA10C0EB0020081AA8
:102240000AA951F820108CEA012C85FB02101044D9
:10225000D117C1EBE011C1EB0121511A0AAA52F8C2
:1022600021208CEA020C85FB03211944DA17C2EB0A
:10227000E112C2EB02229A1A0AAB53F822308CEA1E
:1022800003634FEA33604FEA33414FEA3322019E42
:102290004EF8040F46F8043F049B47F8041F43F828
:1022A000042F0493264B0196A34230D0059B13F8CC
:1022B000010F059310F0800F84464FEA400214BFCF
:1022C0001B2300235A400104D2B241EA00215140AD
:1022D00082EA0C0C41EA0C63029A039E12F8011F79
:1022E00044F8043F4FEA336046F8040F4FEA3340A6
:1022F0004FEA3323029249F8040F48F8043F0A4694
:10230000039600297FF477AF08460B46BFE70DF62A
:102310002C0DBDE8F08F00BFC4400020C42F00206A
:10232000EC400020C0340020EB400020E84D0020AD
:10233000E8410020C0300020E849002081808080F2
:10234000C0340020C0380020C03C0020E8450020F8
:102350004FF48C7200210FF000B800BF38B100F5C7
:102360008C7100220346013081421A70FAD1704705
:102370002DE9F041784D2B6880460F46144653B145
:10238000C02C0ED0B4F5807F3AD0802C0DD06FF0E9
:102390001F00BDE8F081FFF7A3FE0123C02C2B60D6
:1023A000F0D10C23C8F8003002E00A23C8F800304E
:1023B000464608F1080346F8043F640939460022FE
:1023C0008B784D7891F800E091F803C01B0443EA44
:1023D000052343EA0E03013243EA0C63A24246F8A6
:1023E000043F01F10401EBD3D8F800300C2B0BD0E3
:1023F0000E2B38D00A2B00F084800020BDE8F0813D
:102400000E23C8F80030D3E7544D554A404605F135
:102410002006C16955F8047F8468C1F307237C4016
:10242000D35C0F0E6340D45DCFB283EA0443C1F3A3
:102430000744D75D145D83EA076383EA0423D0E988
:1024400003475C406740C0E90834D0E905437C405D
:1024500063405940AE42C0E90A74C0E90C3100F152
:102460001800D6D1C9E73D4C3D4A404604F11C0C4A
:10247000416A54F8046F8568C1F307237540D35C43
:102480006B400D0EA445555D83EA0543CDB2555D05
:1024900083EA0563C1F30745555D83EA0523C568F3
:1024A000836283EA05030569C36283EA050345691C
:1024B000036383EA0503DDB2436312F805E04FEAE4
:1024C0001365565D85698EEA050EC3F30725C3F3D0
:1024D0000743555DD35C8EEA066E8EEA052EC5690C
:1024E0008EEA0343836383EA0503056AC36383EAD1
:1024F000050381EA0301C0E9103100F12000B7D1E2
:102500007BE7184E164A404606F1280C416956F8FA
:10251000044B8568C1F307230F0ED35C12F807E064
:102520006C406340CCB2C1F30745145D575D83EA4C
:102530000E4383EA0463D0E9035483EA07235D4032
:102540006C406140B445C0E90635C0E9084100F17E
:102550001000DBD151E700BFEC510020C04000204B
:10256000C42F0020C44000202DE9F04FCBB004461A
:1025700016460D464FF48C72002104A80EF0EDFEB5
:1025800004F1080363603246294604A8FFF7F0FE11
:102590000190002865D10499059B21600A0103EB95
:1025A000011B9A58A260DBF80430E360DBF80830C6
:1025B0002361DBF80C3063614A1E04F11803002A22
:1025C00002910392ABF1100B009391463CDDDFF8D2
:1025D000BC802A4A2A4F2B4E2B4D2834DA46A4F1D0
:1025E0001000AAF1040C5CF8043FD9B2515C58F811
:1025F00021E0190E515C57F821108EEA0101C3F356
:10260000072EC3F3074312F80EE0D35C56F82EE012
:1026100055F8233081EA0E014B4040F8043BA042BC
:10262000E1D1B9F10109AAF1100A00F11004D6D1E3
:10263000009B039A03EB02130093029BC3EB03730B
:102640000BEB031B0BF1100B009ADBF8003013604F
:10265000DBF804305360DBF808309360DBF80C30B3
:10266000D36004AB00211A46013311704AAA934289
:10267000F9D101984BB0BDE8F08F00BFC42F002006
:10268000EC4D0020EC450020EC490020EC410020FE
:102690002DE9F04FD0E90003D1F800A01C684F6885
:1026A0008D68CE68401089B00138CDE906208AEAED
:1026B000040201925A68039057409A685540DA68BC
:1026C000002886EA020603F11002059240F3BF815A
:1026D000DFF89083DFF89093DFF890B3DFF890A3F2
:1026E000CDF8088003F1300ECDF80090019AD3B2F6
:1026F000310E5BF823C05AF82180FBB2110E5EF850
:10270000202C5BF823005AF82140EBB28CEA020C33
:102710005EF81C2C5BF823300493390E5040604067
:10272000049A5EF8184C5AF82190F3B26240290ED0
:102730005BF823305AF8211082EA09095EF8142C5C
:1027400053408CEA080C029A83EA0108C7F3072376
:10275000C7F3074752F82310009B53F82770C5F3BF
:102760000723C5F3074552F8234044400098C6F3B9
:1027700007238CEA010C50F825108CEA010C114655
:1027800052F82320019B89EA0209C3F30722054678
:1027900051F82220C3F3074388EA020855F82320A2
:1027A0005FFA8CF388EA0708C6F3074689EA02094C
:1027B0005BF8232050F826004FEA186344405AF88B
:1027C00023305A40C4F307230EF1200E51F8233072
:1027D0000193C9F3074355F82300E3B25BF8236084
:1027E000009D4FEA1C635AF823305E40C9F307236B
:1027F00051F82370C8F3074355F823105FFA89F3A3
:102800004FEA19695BF82350230EC4F307445AF8C2
:1028100023305D405FFA88F304935EF8303C534008
:10282000019A534083EA00025EF82C3C0192734007
:102830005F405EF8283C5AF829605D40C8F30728DD
:10284000049B4F4002995BF8232051F828307240D6
:102850005D40009ECCF30723CCF3074C56F82400D0
:1028600051F8234056F82C305D405EF8243C82EA53
:102870000306039B6640013B86EA000603937FF450
:1028800035AF059B079ADDF8009003EB42138846AD
:102890000593019CE3B25BF82320330E5AF82330F2
:1028A0005A40FBB25BF82310230E5AF823305940EC
:1028B000EBB25BF823003B0E5AF8233080EA030C9E
:1028C000F3B25BF823002B0E5AF823305840C7F3BD
:1028D0000723C7F3074758F823E059F827B0C5F393
:1028E0000723C5F3074558F8237059F825A0C6F308
:1028F0000723C6F3074658F8235059F82660C4F357
:102900000723C4F3074458F823300093059B59F874
:1029100024401B685A4082EA0E0E059A53685940BB
:1029200093688CEA030C8CEA050585EA04091446D1
:10293000D268009B42408EEA0A08534083EA0B0BA0
:10294000474A5FFA88F34F4012F803E04FEA1B63EF
:102950007E40D05CC6F3072312F803A0C9F30743F7
:10296000D75CF3B2D15C00914FEA186312F803C050
:10297000C9F30723D55C0195CBF30743350ED15C32
:1029800002915FFA89F35FFA8BF1D35C03932369B9
:102990008EEA030383EA006383EA0A2383EA074794
:1029A00020466369009C634083EA0C6C019B545D84
:1029B0008CEA032C029B8CEA034C83690398434006
:1029C000505C05994FEA1969C969CBF3072B484058
:1029D00012F8091083EA0463C8F30724C8F3074810
:1029E00080EA0160C6F3074612F80B10155D12F875
:1029F000084083EA0121935D81EA044180EA0522CF
:102A0000069C82EA03423B0A63703B0CA3704FEAC8
:102A10001C2363714FEA1C43277084F804C0A37120
:102A20003F0E0B0A4FEA1C6C21722273E77084F888
:102A300007C063720B0C100A090EA372130C120E5E
:102A4000E1726073A373E27309B0BDE8F08FDFF841
:102A50001CB0DFF81CA0DFF80C80DFF80C9018E742
:102A6000C42F0020C4340020C4380020C43000200B
:102A7000C43C00202DE9F04FD0E900345B105F1E0C
:102A800008682368CD688E688BB0CDE90827584068
:102A90004A686368E16805975A40A3686940002F57
:102AA00004F1100583EA0603079540F3D481DFF8AB
:102AB00094A3DFF89483DFF894B3CDF810B0CDE998
:102AC000022A04F1300EDD4C0194C346019FC4B2CA
:102AD000DDB257F824C09DF8084057F8255057F844
:102AE0002420029CCEB20EF1200E57F82660270E4D
:102AF0005EF8404C5BF827808CEA040C1F0E5EF8F1
:102B00003C4C5BF827A062400F0E5EF8384C5BF837
:102B100027906540070E5EF8344C5BF827706640DE
:102B200085EA0909C1F30724039D8CEA080C86EAAB
:102B3000070855F82470C0F307248CEA070CC1F38A
:102B40000741049F55F8244057F8211082EA0A0AE9
:102B5000C0F30740029A8AEA040A8AEA010A57F88F
:102B60002010C2F307202C462E4655F8205089EA43
:102B7000050989EA0109C2F30742C3F30721C3F338
:102B8000074357F8222056F821603D4657F8237036
:102B900088EA06088CEA070C88EA02085FFA8CF3D8
:102BA000019A52F823704FEA1A635BF82300C8F3C6
:102BB0000723474054F823300293C9F307431046D4
:102BC00055F823105FFA8AF352F823204FEA19636D
:102BD0005BF823305A40CCF30723069254F82320A5
:102BE000C8F3074355F823605FFA89F34FEA1C6581
:102BF00050F823405EF8300C5BF825504FEA18631C
:102C000078405BF82330039F5C40029B584048406B
:102C1000069B5EF82C1C59404A4082EA0603029348
:102C20005EF8283C049A63405FFA88F8019C54F8E7
:102C30002810CAF30724CCF3074C57F824404D4022
:102C4000634052F82C105EF8244CC9F30729CAF3EC
:102C5000074A57F8296052F82A704B4085EA040168
:102C6000059C7140013C81EA070105947FF42EAF79
:102C7000079C099D029AD846DDE903AB04EB451495
:102C80000794019FC4B257F82450140E58F82440FA
:102C90006540D4B257F824601C0E58F824407440A4
:102CA000DEB201943C4657F826700E0E58F82660A6
:102CB0007E40CFB254F82790079C070E58F8277033
:102CC00089EA0709C1F30727C1F307415AF827C06A
:102CD0005BF82170C0F30721C0F307405AF821E0E8
:102CE0005BF82010C3F30728C2F30720C3F30743A0
:102CF0005AF820005AF828805BF823A023686B401C
:102D000083EA0C0C019D2346646865409C68DB687F
:102D100066408CEA0A0C704089EA0303C2F307425A
:102D2000414085EA0E0E83EA08085FFA8CF0444BB6
:102D30005BF8222013F800A08EEA0707380E88EA15
:102D400002021E5CC2F30720C1F307291C5C019438
:102D5000C1F3074013F800E0F8B213F800B0080E12
:102D600013F80080CCF307201D5C0295C2F30740E6
:102D7000150E1C5C0394C8B2D2B2195C07980069A6
:102D80008AEA000080EA0660019E80EA0620079E2B
:102D900080EA0E4E70698BEA000080EA08680298AB
:102DA00088EA0028039888EA0048B0694FEA1C6462
:102DB0004140585D9D5CF26955401A5D089C81EA6E
:102DC0000061C7F30720CCF3074C85EA026513F8CE
:102DD0000920185C85EA022513F80C2081EA0021FD
:102DE000C7F3074781EA02424FEA1E21DB5D6170AB
:102DF0004FEA1E41A1704FEA182161714FEA184154
:102E000085EA034384F800E084F804802272A1710B
:102E1000100C110A4FEA1E6E4FEA1868120E237347
:102E2000617284F803E0190A84F80780A072E272E4
:102E30001A0C1B0E6173A273E37309E0EC410020CE
:102E4000EC400020EC450020EC4D0020EC49002037
:102E50000BB0BDE8F08F044CDFF81080DFF810A055
:102E6000DFF810B001940CE7EC410020EC4D00209D
:102E7000EC450020EC4900208C46BCF1010F1146C6
:102E800008B51A4603D0FFF7F5FD002008BDFFF78F
:102E9000FFFB002008BD00BF2DE9F04784B01407F8
:102EA000DDF834A05DD1054688461C4661BB3AB3C7
:102EB000DDF830800AF10F0A08EB02075E1E1022CF
:102EC000414668460EF020FAAAF10F024146284614
:102ED000FFF7D0FDAAF11002334612F8011F13F8D4
:102EE000010F924581EA00011170F6D11022904441
:102EF000694620460EF008FAB8450AF1100ADED1FC
:102F0000002004B0BDE8F087002AF9D00C9B03F143
:102F10000F0902EB0907661EA9F1100330460AF1FA
:102F2000FF3113F8012F10F801CF4B4582EA0C0254
:102F300001F8012FF5D1B8F1010F5246514628464C
:102F40000CD0FFF797FD10225146914420460EF019
:102F5000DBF94F450AF1100ADED1D1E7FFF798FB04
:102F6000F1E76FF02100CCE72DE9F047089E1C68DF
:102F7000DDE9095798468146D1B105EB020A62B1F5
:102F800084B1325D15F8011B631C4A40554507F8B2
:102F9000012B325503F00F04F2D1C8F80040002095
:102FA000BDE8F087324631464846FFF771FBE8E757
:102FB000002AF2D005EB020A6CB1325D15F8013B34
:102FC000611C5A40554507F8012B335501F00F0499
:102FD000E3D0002CF1D1324631464846FFF758FB8A
:102FE000EBE700BF2DE9F04F83B0DDE90CB60E9F93
:102FF0001568924679B1984606EB01098DB11BF828
:10300000053016F8012B013553404E4507F8013BBA
:1030100005F00F05F2D10020CAF8005003B0BDE85A
:10302000F08F5A4641460190FFF732FB019808F1B4
:10303000100313F8014D0134E4B21C70002CDED1F2
:103040009845F6D1DBE700BF4FF4847200210EF003
:1030500084B900BF38B100F5847100220346013005
:1030600081421A70FAD17047002370B5C0E900336D
:1030700000F1070C00F10804E6460EF8013F0133A9
:10308000B3F5807FF9D100F2071600200346824293
:103090008CBF0D180D461CF801EF2D7873442B449E
:1030A000DBB288BF0130E55C8CF8005098BF01208E
:1030B000664504F803E0EAD170BD00BF70B5D0E901
:1030C0000054F1B1561800F1080C511E03F1FF3EF7
:1030D000013E0135EDB21CF805201444E4B21CF8A1
:1030E00004300CF8053013440CF80420DBB211F85E
:1030F000012F1CF803308E4283EA02030EF8013FD1
:10310000E7D1C0E90054002070BD00BF2DE9F047B1
:103110000B6814688A469146A0F1040E00F13C0643
:103120005EF8047F254683EA0704C4F307434FEAA9
:10313000146803F5897308F11208C4F3072707F22E
:1031400012275FFA84FC50F8233050F8281050F80A
:1031500027200CF2123C0B4450F82C7053403B4497
:10316000764583EA0503DBD1056C406C6B40444037
:10317000CAF80040C9F80030BDE8F08741F24802C3
:1031800000210EF0EAB800BF40B100F582520832CB
:1031900000210346013082421970FAD1704700BF06
:1031A000A2F12003B3F5D07F67D8530765D12DE98D
:1031B000F0410546D60805F5A25C314F314A82B090
:1031C00000F244400CF1040CA0F580633C4601E0A1
:1031D00054F8042F43F8042F8342F9D103F580609B
:1031E000604504D0D7F8002407F58067ECE7DFF8E6
:1031F0009CC0254FA5F1040E0CF1440800230022C9
:103200000424C85C01339E4298BF0023013C40EA7D
:103210000222F6D17A40C4454EF8042F02D05CF861
:10322000047FECE7CDE900442E1D01AA694628463B
:10323000FFF76CFFDDE9002345F8242046F8243031
:103240000234122CF1D105F5806605F5A057A6F5DC
:10325000806401AA69462846FFF758FFDDE900238C
:10326000C4E912230834A642F3D106F58066B742BA
:10327000EDD1002002B0BDE8F0816FF0150070477D
:1032800084DF0400A60B31D1886A3F243CDF0400B0
:10329000F0B55468D2F800C083B09CFA8CF224BA1E
:1032A000CDE900241D46C9BB86460EF1080648300C
:1032B00050F8043DA44682EA0304C4F30742270EF3
:1032C00002F589721237C4F3072101F21221E3B229
:1032D0005EF822205EF827705EF8211003F21233A8
:1032E0003A445EF823304A401A44B04282EA0C0263
:1032F000DED1DEE900314A405C40230C210E100E85
:103300006B70230A2970AB70110C130A287100200E
:10331000EC706971AB71EA7103B0F0BD01AA694646
:10332000FFF7F4FEDDE90042E7E700BF2DE9F047D3
:1033300082B05407DDF82CA058D1064689461D46B8
:1033400069BB42B3DDF828900AF1070A09EB0208CD
:103350005F1E0822494668460DF0D6FFAAF1070312
:103360004A4600213046FFF793FFAAF108023B4688
:1033700012F8011F13F8010F924581EA0001117044
:10338000F6D108229144694628460DF0BDFFC1459B
:103390000AF1080ADDD1002002B0BDE8F087002A5A
:1033A000F9D00A9BDC1D02EB04086F1EA4F1080390
:1033B00038460AF1FF3113F8012F10F801CFA3426C
:1033C00082EA0C0201F8012FF5D1534652464946D4
:1033D0003046FFF75DFF08345146082228460DF0BD
:1033E00093FFA0450AF1080AE0D1D4E76FF0170077
:1033F000D2E700BF2DE9F047089E1C68DDE90957B8
:103400009A468146D9B105EB020862B184B1325DBA
:1034100015F8011B631C4A40454507F8012B32553E
:1034200003F00704F2D1CAF800400020BDE8F0879D
:103430003346324601214846FFF72AFFE7E7002AD4
:10344000F1D005EB02086CB1335D15F8012B611C5E
:103450005340454507F8013B325501F00704E2D0DF
:10346000002CF1D13346324601214846FFF710FFC8
:10347000EAE700BF2DE9F84F0C9E1468DDE90AB5B4
:10348000914679B1824698466F1884B11BF8043092
:1034900015F8012B01345340BD4206F8013B04F0FE
:1034A0000704F2D1C9F800400020BDE8F88F5B4660
:1034B000424601215046FFF7EBFE08F1080313F8DE
:1034C000011D0131C9B219700029DFD19845F6D12B
:1034D000DCE700BF70B50B680468496840681D4DA3
:1034E0001D4E84EA030C48401C4C4FEA1C635FFAF3
:1034F0008CF1EB5C615C41EA0361030E16F803E0BA
:10350000C3B2EB5C164D43EA0E63CCF3074ECCF32B
:10351000072C16F80E6041EA064115F80C6041EAE6
:103520000621C0F30746C0F30720AD5D205C43EAE7
:10353000054343EA0023D2E9004081EA336183EA8C
:10354000314381EA3321634083EA31234140C2E9B8
:10355000003170BD84EF040084F0040084F20400A4
:1035600084F104004FF48A7200210DF0F6BE00BF12
:1035700038B100F58A7100220346013081421A7089
:10358000FAD170472DE9F04FC7B01346039040229F
:10359000041D05460F4612A800211E4600930DF09B
:1035A000DCFE4FF48872002120460DF0D6FEC02EBE
:1035B00000F03682B6F5807F00F03282802E04D093
:1035C0006FF0230047B0BDE8F08F03232B6020236A
:1035D0000593002304261525102001937A1E12A9B5
:1035E00013460233DB1B12F801CF01F801CB9842DE
:1035F000F6D8009BC02B00F020827A4906A801F182
:10360000280B4FF08B0A4FF090094FF0CC083B226B
:103610004FF07F0E4FF0660C9E23A0270DE00F7A2F
:103620004B7A91F80AC091F80BE00A7B91F80D8073
:1036300091F80E9091F80FA008311B044FEA08484A
:1036400043EA076348EA026243EA0E0342EA0A02D7
:1036500043EA0C2342EA09225945C0E9003200F14D
:103660000800DCD14022002122A80DF076FE12AA2B
:1036700021A91AA8537817781B0443EA0763D7785F
:103680003B439778043243EA0723824241F8043FE0
:10369000F0D1269A229B53402A93239A279B53408A
:1036A0002B93249A289B53402C93299A259B06A957
:1036B00053402AA82CAA2D93FFF70CFF2AAA08A989
:1036C0002CA8FFF707FF17462EA957F8042B57F829
:1036D000243C8F4283EA020347F8043CF5D10AA94F
:1036E0002AA82CAAFFF7F6FE2AAA2CA80CA9FFF7F5
:1036F000F1FE009B802B19D92A9A269B53402E93CA
:103700002B9A279B53402F932C9A289B53403093FE
:103710002D9A299B0EA95340384630AA3193FFF7C2
:10372000D9FE3A4630A810A9FFF7D4FE019BDFF876
:10373000BCB04FEA031A229B3293239B3393249B02
:103740003493259B35930F2303F01F010AF10107E2
:103750000DF1C80E0120A046B4465F4472462E46C5
:10376000C1F120040F33C8B1DDE93205E5408840DE
:1037700068401061DDE93305E540884068405061EC
:10378000DDE93405E5408840684090613598329D18
:1037900000FA01F125FA04F46140D1614B2B02F1EA
:1037A00010020CD017F8010B03F01F01C1F1200427
:1037B0000F330028D8D14B2B02F11002F2D1019B1C
:1037C00003EB83009B00049303010293064B3546F1
:1037D00003EB0010444666460EF15003724600218A
:1037E00008E000BF84F30400B4F3040054F40400C0
:1037F00010F9011F4F1C1CBF176844F821700432D8
:103800009A42F5D1009A802A4BD9269A3292279A69
:103810003392289A34920AF10409299A3592D944AC
:10382000F0464FF00F0C274619F8010B0CF01F0261
:10383000C2F120010CF10F0CE8B13298339C90409A
:10384000CC406040C8F810003398349C9040CC4085
:103850006040C8F814003498359C9040CC406040DB
:10386000C8F818003598329C00FA02F224FA01F1E7
:103870004A40C8F81C20BCF14B0F08F11008D3D106
:10388000029A02F11300714A3C461044724610F944
:10389000011F4F1C1CBF176844F8217004329A4264
:1038A000F5D12A9A32922B9A33922C9A34922D9AED
:1038B00035924FF001080F220AF109074046B14640
:1038C0001E4602F01F03A0465F447146AC46C3F19A
:1038D00020040F32C8B1DDE93205E5409840684068
:1038E0000861DDE93305E540984068404861DDE95D
:1038F0003405E5409840684088613598329D00FA6B
:1039000003F325FA04F46340CB614B2A01F1100163
:103910000CD017F8010B02F01F03C3F120040F3283
:103920000028D8D14B2A01F11001F2D1029A02F1FC
:103930002801464A33461144444665464E4672467F
:1039400001E011F9016F701C1CBF106844F82600DB
:1039500004329A42F5D1009A802A44D92E9A3292A2
:103960002F9A3392309A34920AF10C0C319A359294
:10397000DC4471460F22A0461CF8016B02F01F00C8
:10398000C0F120040F32CEB1329E339F8640E74013
:103990007E400E61339E349F8640E7407E404E61FC
:1039A000349E359F8640E7407E408E61359E329F33
:1039B00006FA00F027FA04F46040C8614B2A01F1CE
:1039C0001001D9D10298214A3B304446104410F9E5
:1039D000012F571C1CBFDEF8001044F822100EF116
:1039E000040E9E45F3D10199049B05980B441A4699
:1039F000174B03EB8203039A013002EB8001084668
:103A0000503101E013F9015F6E1C1CBF54F82520F2
:103A1000026004308142F5D1002047B0BDE8F08F4C
:103A2000039A04231360009BD8082C2305930123D9
:103A30004FF0FF3619250193D0E516AB18A913F8FE
:103A4000012BD2438B42DA71F9D1D6E5B4F30400ED
:103A500074F4040070B5C6B00D46164600214FF44C
:103A60008A72044601A80DF078FC3246294601A866
:103A7000FFF788FD002841D1019B2360A3F1040CCE
:103A8000BCFA8CFC4FEA5C1C4FEACC0C0CF1180120
:103A900002AB03EBC10253F8313063605368A3609B
:103AA0009368E360D3682361A2F1080E04F1140562
:103AB00004F11C030CF11601103AD2E90264013939
:103AC00043E90264A2F1080203F10803F5D1CCF145
:103AD00000030EEBC3030CF1150C05EBCC0C53F8F3
:103AE000B82CCCF8082053F8B42CCCF80C20A83B08
:103AF00053F8082C53F8043CCCE9042301AB002113
:103B00001A460133117046AA9342F9D146B070BDEE
:103B10002DE9F043146845685168D0F8008024BA54
:103B20006C40856809BA1E469368D2686940C568CA
:103B30001BBA6B40056985B012BA6A4000940191C6
:103B4000029300F114070392B8F1000F4BD03C46EA
:103B500045462146684602AAFFF7BCFC6A4604F1C6
:103B6000080102A8FFF7B6FC02AA04F1100168469A
:103B7000FFF7B0FC6A4604F1180102A8FFF7AAFC9F
:103B800002AA04F120016846FFF7A4FC013D6A4641
:103B900004F1280102A8FFF79DFCEDB1DDF800C09B
:103BA000216B019BDDF80C90E26B606B0CEA01016C
:103BB00083EAF171029B42EA09025A40A36B08436F
:103BC00002EA030E80EA0C0089EAFE73CDE90001E7
:103BD000CDE902234034BCE7DDE90232DDE90041F2
:103BE00007EB8817103F3868434078684240B86850
:103BF0004440F868F3704140180E3070180C1B0AEE
:103C0000B370130E3371130CF2717371120A230E19
:103C10007070B271080E220A3372230C7372B27282
:103C20000B0A0A0C30730020F472F1737273B373D1
:103C300005B0BDE8F08300BF2DE9F04784B014075C
:103C4000DDF834A059D1064689461D4669BB42B30A
:103C5000DDF830900AF10F0A09EB02085F1E10220E
:103C6000494668460DF050FBAAF10F034A46002171
:103C70003046FFF74DFFAAF110023B4612F8011F34
:103C800013F8010F924581EA00011170F6D110225C
:103C90009144694628460DF037FBC1450AF1100AE8
:103CA000DDD1002004B0BDE8F087002AF9D00C9BDC
:103CB00003F10F0402EB04086F1EA4F11003384651
:103CC0000AF1FF3113F8012F10F801CFA34282EA65
:103CD0000C0201F8012FF5D15346524649463046B1
:103CE000FFF716FF10345146102228460DF00CFB4A
:103CF000A0450AF1100AE0D1D3E76FF02500D1E723
:103D00002DE9F047089E1C68DDE909579A4681466F
:103D1000D9B105EB020862B184B1325D15F8011B1F
:103D2000631C4A40454507F8012B325503F00F0448
:103D3000F2D1CAF800400020BDE8F0873346324691
:103D400001214846FFF7E4FEE7E7002AF1D005EB42
:103D500002086CB1335D15F8012B611C53404545D9
:103D600007F8013B325501F00F04E2D0002CF1D1ED
:103D70003346324601214846FFF7CAFEEAE700BF54
:103D80002DE9F84F0C9E1468DDE90AB5914681B122
:103D900082461F4605EB010884B11BF8043015F874
:103DA000012B01345340454506F8013B04F00F0454
:103DB000F2D1C9F800400020BDE8F88F5B463A46D2
:103DC00001215046FFF7A4FE07F1100313F8011D6F
:103DD0000131C9B219700029DFD19F42F6D1DCE769
:103DE0002DE9F04F2DED028B97B008EE103A289B8D
:103DF000DDF890A0043B0C2BDDE9255600F28F8105
:103E0000289BDB0700F18B81229B073B062B00F2EE
:103E10008681BAF57F4F00F28281229B1746DAB283
:103E2000289BBAF1000FA3F102038B464FEA53011E
:103E300014BF4023002343EAC103C2F10E01C9B2FB
:103E4000C2F10F020B43D4B20491229A8DF82830AC
:103E500018EE101A81460DF1290002940DF054FA63
:103E60000DF137031A1B394603F8011993424FEA43
:103E70001121F9D1002940F0528110220EA80DF035
:103E80006CFA0DF127010DF13703039105930DF144
:103E9000470413F8012F11F8010FA34282EA000230
:103EA0001A70F6D109AB00930EAB194610224846A2
:103EB00000F0A0FA0346002877D1BAF1000F7AD1BA
:103EC0000DF12808049B229A8DF8483018EE101A3C
:103ED0000DF149000DF018FA229B029A581C12AB02
:103EE000184400210DF039FA01238DF857300DF1F7
:103EF0005700002F36D0102FBA4628BF4FF0100AB7
:103F0000BBF1000F00F0C08009AB009310224346C4
:103F100012A9484600F06EFA0346002845D116AAB9
:103F20001A44013312F8301C2A5CDBB24A40534574
:103F300032541846F3D3BBF1010F00F0CD80029B41
:103F40000DF1570056445544A7EB0A070246C11A23
:103F500013780133DBB202F801390BB99142F7D182
:103F6000002FC8D1029BC21A002300F801398242F7
:103F7000FBD109AB009312A943464846102200F03A
:103F800039FA034688B90398059A12F8011F10F808
:103F9000015FA24281EA05011170F6D1289A2798A3
:103FA00002930EA90DF0B0F9029B184617B0BDECB4
:103FB000028BBDE8F08F0DF1280801461022404623
:103FC0000DF0CBF953460E2B28BF0E2323990693F1
:103FD0001A460DF12A004FEA1A238DF828308DF881
:103FE00029A00DF091F903990DF1370313F8012F72
:103FF00011F8010FA34282EA00021A70F6D109AB50
:1040000000930EAB19461022484600F0F3F9034620
:104010000028CAD1069BBAEB03023FF453AF2399A1
:10402000CDF818B00B44DDF80CB007979A46174648
:104030002595102F3D464FF0100228BF1025002176
:1040400040460DF08AF951462A4640460DF05CF98B
:1040500059460DF1370313F8012F11F8010FA34250
:1040600082EA00021A70F6D109AB00930EAB10225F
:104070001946484600F0BEF938BB7F1BAA44D8D188
:10408000DDE906B7259D1DE71022594640460DF093
:1040900064F92946524640460DF036F903990DF170
:1040A000370313F8012F11F8010FA34282EA00022F
:1040B0001A70F6D109AB00930EAB10221946484690
:1040C00000F098F900283FF41FAF0346184617B0D8
:1040D000BDEC028BBDE8F08F1022002140460DF0B0
:1040E0003CF93146524640460DF00EF903990DF168
:1040F000370313F8012F11F8010FA34282EA0002DF
:104100001A70F6D109AB00930EAB1022194648463F
:1041100000F070F900283FF412AF0346D6E76FF0C5
:104120000C0342E7442200210DF017B92DE9F041BC
:10413000054617460846012219461E4600F0CAF8F1
:10414000A8B14369102B044611D1284600F0E2F8CB
:104150002146284600F0FEF808B1BDE8F08132465D
:10416000394628460123BDE8F04100F01BB96FF045
:104170000C00F2E710B5044600F0CCF804F144015D
:10418000002223460134A1421A70FAD110BD00BFAB
:1041900010B588B000930A9B01930B9B02930C9B74
:1041A00003930D9B0493DDE90E34CDE905341346EA
:1041B0000A460021FFF714FE08B010BDF0B58DB01F
:1041C00008AE129C0194139C0294149C179D0394B6
:1041D000159C00930F46134605960A460494012148
:1041E0000695169EFFF7FCFD90B98DB10346024679
:1041F0000CA9194416F802C011F8102C0133DBB2D7
:104200008CEA020CAB4240EA0C001A46F0D308B923
:104210000DB0F0BD37B12744002223460134BC4223
:104220001A70FAD16FF00E00F2E700BF891A0ED0B3
:10423000002300B59C465FFA81FE01338444DBB263
:104240008B420CF802E09C46F7D35DF804FB704704
:1042500040B33AB330B5451815F801ECBEFA8EF309
:104260005B09A1EB0E048E4594BF9C4643F0010C04
:10427000146089B1C14310F8012B0B189C428CBF0C
:104280000023012382EA0E0213FB02F343EA0C032C
:1042900085425FFA83FCEED1BCF1000F024808BFF3
:1042A000002030BD01487047009EFFFF009FFFFFC8
:1042B000074B5A6852B1083302E053F8042C2AB174
:1042C00013F8081C814203F10803F6D11046704729
:1042D00058FE040010B50C4C636893B1A44602E08C
:1042E000DCF804306BB19C6994F800E086450CF171
:1042F000080CF5D15C688C42F2D193F801E0964548
:10430000EED1184610BD00BF58FE04004422002123
:104310000DF023B8E8B1036C10B5044653B103F1B6
:10432000240000211A46013383421170FAD1206C17
:104330000AF0D2F9E06B18B123689B695B6A984771
:1043400004F144010022234601348C421A70FAD150
:1043500010BD7047D1B138B50446A8B10D4644220E
:1043600000210CF0FAFFAB691B6A9847E06378B153
:1043700025606B78022B05D1064A074B0020C4E963
:10438000032338BD002038BD044838BD03487047BA
:10439000034838BD2D42020051420200009FFFFF3A
:1043A000809EFFFF10B330B40468BCB12569AD072F
:1043B00011D5012B4260037213D094F801C0BCF1F7
:1043C000030F0ED0BCF1050F0BD03BB9A369C06B36
:1043D000DB6930BC184765689542EAD0044830BCB8
:1043E0007047A369C06B9B6930BC18470048704791
:1043F000009FFFFF2DE9F04F87B0DDF84080059367
:10440000002857D0154602680446002A52D0B8F159
:10441000000F4FD00E460021C8F800105178D2F896
:10442000149001291ED006297CD0B9F1000F00F0AC
:10443000E780059B9E4235D0022923D003295FD017
:10444000052939D0072940F0D9809369E06B5C6970
:10445000059B32462946A04708B9C8F8005007B066
:10446000BDE8F08F4D4540F0C7809269C8F8005014
:10447000556890F90810C06B3246AC4607B0BDE8ED
:10448000F04F604794F90830D4F824A033BBA9EB6F
:104490000A03AB4228D2BAF1000F7CD1002D4BD1D8
:1044A0000020DCE7436A2BB9B5FBF9F309FB135392
:1044B000002BC1D05348D2E79369059ACDE9016238
:1044C00004F1140200921E69E06B04F1280304F168
:1044D00024022946B0470028C1D1BEE7012BDAD11A
:1044E000A9EB0A03AB42D6D90AF114002A46314699
:1044F00020440CF009FF636A2B4400206362AEE79E
:104500009369059ACDE9016204F128020092DE6800
:1045100094F90810E06B04F124032A46B047002800
:104520009DD19AE7C06BC8F800503246294607B0C3
:10453000BDE8F04F01F096BAB5FBF9FA09FB1A5A3B
:10454000BAF1000F04D194F90830002B4DD1CA46BE
:10455000A5EB0A055246711904F114000CF0D4FEC3
:10456000636A53446362002D9AD02368059A9B695D
:10457000CDE900622A469E6894F90810E06B04F1C8
:104580002803B04700287FF46AAFD8F800302B44E6
:10459000C8F8003063E7A9EB0A0B0AF114005A4689
:1045A000314620440CF0B0FE234694F9081053F82D
:1045B000142B92690093059B01939368E06B1F464F
:1045C0004A4604F12803B84700287FF448AF059B0A
:1045D0004B440593D8F80030A5EB09054B44C8F8C7
:1045E00000305E445544606258E75246711904F148
:1045F00014000CF089FEB8E7034830E703482EE7C3
:1046000003482CE7009FFFFF809DFFFF809FFFFF77
:10461000809CFFFF10B5044600F0ECFA2046BDE890
:1046200010400AF059B800BF10B54FF4C071012016
:104630000AF03EF8044608B100F0D6FA204610BD54
:1046400000F026BD00F012BD01F066B811461A4612
:1046500000F088BE00F0F6BC00F0E2BC10B50446E5
:1046600000F0B8FA2046BDE810400AF035B800BFA7
:1046700010B5802101200AF01BF8044608B100F0B3
:10468000A5FA204610BD00BF00F0B0BC00F0A8BCE9
:1046900000F004BE11461A4600F00EBD10B50446E7
:1046A000FFF768FD2046BDE810400AF015B800BFCE
:1046B00010B54421012009F0FBFF044608B1FFF7C3
:1046C00031FD204610BD00BF13460A460521FFF705
:1046D0002DBD00BF13460A460221FFF727BD00BFCC
:1046E00010B5044601F03CFA2046BDE8104009F040
:1046F000F3BF00BF10B54FF4C871012009F0D8FF17
:10470000044608B101F0FAF8204610BD13460A46E7
:10471000052101F0F9B800BF13460A46022101F055
:10472000F3B800BF10B50446FEF722FF2046BDE8EF
:10473000104009F0D1BF00BF10B54FF48A710120BD
:1047400009F0B6FF044608B1FEF70CFF204610BD85
:10475000FFF780B9FEF716BFFFF712BBFFF7D0BA1D
:10476000FFF76ABAFFF7D4B910B50446FEF70CFD9F
:104770002046BDE8104009F0AFBF00BF10B541F2C0
:104780004801012009F094FF044608B1FEF7F6FC49
:10479000204610BDFEF704BDFEF76CBEFEF72ABE34
:1047A000FEF7C4BDFEF774BD10B50446FEF752FC1B
:1047B0002046BDE8104009F08FBF00BF10B54FF490
:1047C0008471012009F074FF044608B1FEF73CFC37
:1047D000204610BD10B512F0070404D1D208FEF730
:1047E00043FC204610BD014810BD00BF009FFFFFE5
:1047F000FEF764BC10B50446FDF7B0FD2046BDE8E9
:10480000104009F069BF00BF10B54FF48C71012052
:1048100009F04EFF044608B1FDF79AFD204610BD91
:10482000FDF7A2BEFDF7A4BDFEF7DCBBFEF79CBB07
:10483000FEF732BBFEF720BB102A70B521D0082A44
:1048400008BF1B261FD101EB020C84180023E6468B
:104850001CF8015D43EA450304F8013DAEEB010E8F
:104860009CF80030BEF1020F4FEAD313EFD5013AA6
:1048700091F90030815C06EAE3734B4083540020D9
:1048800070BD8726DFE7014870BD00BF009FFFFFB6
:1048900070B588B00C46154604AB4FF0000E9C4630
:1048A00008AA013393428CF800E0F8D103685E69EE
:1048B00003AB009304AB32461946FFF79BFD48B1AA
:1048C00004AB00211A460133117008AA9342F9D1B2
:1048D00008B070BD324604A92046FFF7ADFF00289E
:1048E000EED1324621462846FFF7A6FFE8E700BF93
:1048F00038B528B30568044615B309B30123FFF79B
:1049000051FD0546A0B923681B78042B12D9242B2E
:1049100016D12421012009F0CBFE98B12064034672
:1049200000F1100400211A460133A3421170FAD19C
:10493000284638BD012BECD8A0F5C245284638BD25
:10494000014DF5E7014DF3E7009FFFFF809EFFFF5C
:10495000002800F081802DE9F04F9046026887B072
:104960008146002A76D00E46002973D0036C002BB6
:1049700070D0186A556998BB6C1E08EB040ABAFB24
:10498000F5FABAF1010F24D90DF1140B5A4634444B
:10499000AB4601271546BBF1000F0AD0711E5A1E07
:1049A00011F8010F12F801CFA14280EA0C0010703B
:1049B000F6D100955A46194648460393FFF71AFD6B
:1049C00058B90137BA45039BA8EB0B085E445C4419
:1049D000E1D1B8F1000F2CD1404607B0BDE8F08F0F
:1049E0002A1A4245C8D21030184403930CF08CFCAC
:1049F000039B4DB15C19013C5A1E517C12F8010F0A
:104A00004140A2421170F8D10DF1140BCDF800B065
:104A10002A46194648460393FFF7ECFC0028DCD1F0
:104A2000039B196A18628844691A0E44A8EB0508AA
:104A3000A2E7196A039301F1100042463146184477
:104A40000CF062FC039B1A6A002042441A6207B011
:104A5000BDE8F08F0148C0E700487047009FFFFFA6
:104A60002DE9F04F93B0CDE90201002800F0A980B4
:104A70000368002B00F0A580066C002E00F0A180DA
:104A8000002900F09E80D3F814A0344606AB0AAF8C
:104A900000211A460133BB421170FAD1BB460DF119
:104AA000380800225B460BF1010BC3451A70F9D19F
:104AB00002983A4606A9FFF7EBFE306A06F11009A4
:104AC00050454D464FD3BAF1000F1ED006EB0A0CED
:104AD00006F10F0206A841460CF10F0B12F801EF88
:104AE00010F8013B5A4583EA0E0301F8013BF5D16A
:104AF0000CF1FF3C4146731E13F8010F11F8012B16
:104B0000634582EA00021A70F6D105AB0093029861
:104B1000334652463146FFF76DFC834620B9039871
:104B2000524631460CF0F0FB06AB00211A46013329
:104B3000BB421170FAD100211A460133434511706E
:104B4000FAD146F8201F00222B460135B5421A70D3
:104B5000FAD10022234601344C451A70FAD1584646
:104B600013B0BDE8F08FBAF1000FCED000235A4643
:104B700059469E4608E019F803C081F800C0013389
:104B80009A4501F101010FD09842F4D808BF6FF0A7
:104B90007F0C03F101030CBF81F800C081F800E035
:104BA0009A4501F10101EFD1D3443946137811F848
:104BB000010B434002F8013B9345F7D106EB0A0C89
:104BC00096E7DFF804B0CAE7009FFFFF80220021CC
:104BD0000CF0C3BB38B100F1800100220346013064
:104BE00081421A70FAD170474FF4C07200210CF064
:104BF000B4BB00BF38B100F5C071002203460130DC
:104C000081421A70FAD170472DE9F04F0A684B685B
:104C1000BC4FBD4D12BA1BBA82EA131101F00F311D
:104C20004A4083EA011382EA030101F010314A404D
:104C30004B40C2F343514FEA137C57F8216055F8BB
:104C40002CC002F00F014FF0000E57F82140C2F3C4
:104C5000036100F1040B57F8211041EAC401C3F3CA
:104C6000436455F8244044EA0C144FEA527C57F848
:104C70002CC041EA0C11C3F3430C55F82CC044EA94
:104C8000CC04C2F3032C57F82CC041EA8C01C3F3C7
:104C9000432C55F82CC044EA8C04C2F3034C57F85B
:104CA0002CC041EA4C01C3F3434C55F82CC044EAF4
:104CB0004C04C2F3431CC2F3433257F82CC057F8DC
:104CC000222041EACC1141EA8211C3F3031241EAE6
:104CD000461155F8222044EAC212C3F30334C3F349
:104CE000035355F8244055F8233042EA841242EA2F
:104CF000431221F0704122F07042EEE0BEF10F0F3E
:104D000000F0F2808C0E930E44EA810143EA8202A5
:104D100021F0704122F070424FEAC1394FEA414818
:104D200009F000540D010B0708F0805848EA040808
:104D300005F010558F0203F0805302F4007407F061
:104D400000662B4302F4807C48EA04044FEA813A6F
:104D50004FEA8158344343EA0C030AF0006A8D0499
:104D600008F0806843EA0A0344EA080805F002757F
:104D70008E018C081D4306F0807604F000744FEA23
:104D8000410A4FEA412C354348EA04080AF080738F
:104D90000CF4001C0C044E0848EA030A45EA0C0C0B
:104DA00006F4801604F400144AEA04084CEA060CDF
:104DB00007F480278E00CC024CEA070C04F4801420
:104DC0004FEAC10A06F4003748EA04084CEA07072C
:104DD0000AF400248E0A4FEA911C48EA04040CF4F9
:104DE000802C06F48036550B3E43130944EA0C042C
:104DF00009F400390F0905F40055354303F48058D0
:104E000007F4803644EA0904970845EA0803344366
:104E100007F400554FEA923925434FEA821C09F402
:104E2000007429F4FE690CF4006817024FEA520C72
:104E300029F0070943EA080307F480570CF4806C53
:104E40004FEA095943EA0C0C4FEA195945EA07039E
:104E5000570A43EA090307F48067D6013B43D509A3
:104E600006F480761E4305F0200346EA03054FEA68
:104E7000521893004CEA040C03F0040708F02008D1
:104E8000530D940A4CEA080803F0020604F01004DB
:104E9000D30848EA040403F0080A4FEA924909F0EB
:104EA00004094FEA926844EA0A0403F0110308F087
:104EB000020844EA09042B43C2F3006C44EA0804E4
:104EC0003B4344EA0C04334340F83E404BF83E3049
:104ED0000EF1010EBEF1100F11D0BEF1010F03DD76
:104EE000BEF1080F7FF40AAFCC0ED30E44EA4101A5
:104EF00043EA420221F0704122F070420CE7BDE823
:104F0000F08F00BFD8FF04001800050070B51646EA
:104F10000C461146FFF778FE054606F1080104F13C
:104F20008000FFF771FE28462146A5F1800C2B4634
:104F30002246846F0C60C46F4C60D2F8F840C3F80E
:104F40008040D3E90054D2F8FC60C3F88460C3E920
:104F50004054D1E9005408386045C1E94054A2F1F9
:104F6000080201F1080103F10803E2D170BD00BF9E
:104F700070B516460D461146FFF746FE044606F18B
:104F8000080105F18000FFF73FFE06F1100104F56E
:104F90008070FFF739FE29462046A4F1800522469D
:104FA0000B46D0F878410C60D0F87C414C60D3F8C7
:104FB000F840C2F88040D3F8FC40C2F88440846FC7
:104FC000C1F80041C46FC1F8044108388542A3F11B
:104FD000080301F1080102F10802E2D170BD00BF2F
:104FE00008B5FFF711FE002008BD00BF38B5FFF778
:104FF0000BFE044602460023011D956F54F8230062
:1050000044F823509067D56F51F8230041F823509E
:105010000233102BD067A2F10802EED1002038BD78
:1050200000B5E1B00A466946FFF770FF6B46002104
:105030001A460133117060AA9342F9D1002061B081
:105040005DF804FB00B5E1B00A4601466846FFF78B
:105050005DFF6B4600211A460133117060AA93422E
:10506000F9D1002061B05DF804FB00BF00B5E1B0EC
:105070000A466946FFF77CFF6B4600211A4601335A
:10508000117060AA9342F9D1002061B05DF804FB71
:1050900000B5E1B00A4601466846FFF769FF6B4676
:1050A00000211A460133117060AA9342F9D1002001
:1050B00061B05DF804FB00BF2DE9F04F0B68496853
:1050C000DFF8D081DFF8D0E16C4F6D4E6D4D6E4C46
:1050D00083B01BBA09BA019281EA131202F00F32AF
:1050E000514083EA021281EA12439BB2594082EA9C
:1050F000034282EA910303F033335A4081EA830387
:1051000082EA132101F0FF114A4083EA012182EA79
:10511000F17303F0AA335A4000F1100C83EAF173E3
:1051200000F19001594800914FEAF2725CF8101CAE
:1051300083EA01095CF80C1C09F03F0A81EA33118B
:1051400058F82AB001F03F0A0CF1100C5EF82AA0C2
:105150008BEA0A0AC9F3052B57F82BB08AEA0B0A27
:10516000C9F3054BC9F3056956F82BB08AEA0B0A57
:1051700055F829B0C1F305298AEA0B0A54F829B079
:10518000C1F305498AEA0B0AC1F3056B50F82910EF
:105190008AEA010A3E4951F82B108AEA01014A4085
:1051A0005CF8181C5140C1F3052901F03F0A57F87B
:1051B000299058F82AA089EA0A09C1F3054AC1F3DF
:1051C000056189EA030356F82AA05CF8149C55F897
:1051D000211089EA321983EA0A034B4009F03F01A2
:1051E0005EF821104B40C9F3052154F821104B40C3
:1051F000C9F30541C9F3056950F821104B40244912
:1052000051F829104B4000998C458FD182EA7301E7
:1052100001F0AA314A4081EA73014FEA720381EA40
:10522000132000F0FF1081EA000283EA002382EAE3
:10523000930101F033314A4083EA810383EA12414A
:1052400089B24B4082EA014283EA121101F00F3128
:10525000019C82EA01124B40100E110C207061700B
:10526000180E110AA170E270190C1A0A20710020A0
:105270006171A271E37103B0BDE8F08F58050500BC
:1052800058030500580105005804050058020500A0
:1052900058000500580705005806050012F0070FD2
:1052A0005DD12DE9F043012983B007461E462BD07E
:1052B00032B3DDE90A9306F1FF38DC1D09EB020584
:1052C0000822494668460CF01FF8E21F4946384656
:1052D000FFF7F2FEA4F10802434612F8011F13F88B
:1052E000010FA24281EA00011170F6D10822914417
:1052F000694630460CF008F8A94504F10804DFD1EE
:10530000002003B0BDE8F083002AF9D0DDE90A39B6
:1053100006F1FF38DC1D09EB0205A4F10802404646
:1053200009F1FF3112F8013F10F801CFA24283EAE0
:105330000C0301F8013FF5D14A4649463846FFF7CC
:10534000BBFE08224946304691440BF0DDFFA945DB
:1053500004F10804E1D1002003B0BDE8F0836FF050
:10536000310070472DE9F04F0B684968DFF89CE386
:10537000E14EE24FDFF898C3DFF898831BBA85B09F
:1053800009BACDE9020281EA131202F00F3251404C
:1053900083EA021281EA12439BB2594082EA034235
:1053A00082EA910303F033335A4081EA830382EAAD
:1053B000132101F0FF114A4083EA012182EAF173CF
:1053C00003F0AA335A4083EAF173014690314FEA61
:1053D000F2721030019150F8101C50F80C4CC84D6E
:1053E000594001F03F0A84EA33195EF82AB0C54CEF
:1053F00009F03F0A103055F82AA08BEA0A0AC1F3D7
:10540000052B54F82BB0C04C8AEA0B0AC1F3054BAC
:10541000C1F3056156F82BB057F821108AEA0B0A40
:105420008AEA0101C9F3052A5CF82AA081EA0A0187
:10543000C9F3054AC9F3056954F82AA058F8299018
:10544000B04C81EA0A0181EA09014A4050F8181C6F
:105450005140C1F3052901F03F0A54F829905EF844
:105460002AA0A94C89EA0A09C1F3054AC1F30561DA
:1054700089EA030356F82AA050F8149C57F8211023
:1054800089EA321983EA0A034B4009F03F014FEAE7
:10549000321B55F821104B40C9F305215CF821104F
:1054A0004B40C9F30541C9F3056954F821104B403D
:1054B00058F829104B40019981428CD189460299B4
:1054C00001F58871019159E9041051408BEA000BF4
:1054D00001F03F008A4D5EF820A08A4C0BF03F009F
:1054E00009F1100955F820008AEA0000C1F3052AE5
:1054F00054F82AA0844C80EA0A00C1F3054AC1F39B
:10550000056156F82AA057F8211080EA0A004840A1
:10551000CBF305215CF821104840CBF30541CBF3D8
:10552000056B54F82110774C484058F82B10484030
:1055300059F8181C43405940C1F3052001F03F0AB7
:1055400054F820005EF82AA06F4C80EA0A0042401E
:10555000C1F30540C1F3056156F8200057F821104A
:1055600042404A4059F8141C81EA331101F03F0AC5
:10557000C1F3052055F82AA05CF8200082EA0A024F
:105580004240C1F30540C1F3056154F8200058F8CA
:10559000211042404A40019989454FEA321B4FEAA7
:1055A000331A90D1029901F5C871019101E04FEAD7
:1055B000331A59E9041059408AEA000A01F03F0001
:1055C0004F4D5EF820B04F4C0AF03F0009F1100932
:1055D00055F820008BEA0000C1F3052B54F82BB0DE
:1055E000494C80EA0B00C1F3054BC1F3056156F845
:1055F0002BB057F8211080EA0B004840CAF3052170
:105600005CF821104840CAF30541CAF3056A54F812
:1056100021103C4C484058F82A10484059F8181CB2
:1056200042405140C1F3052001F03F0A54F82000E8
:105630005EF82AA0344C80EA0A004340C1F30540DA
:10564000C1F3056156F8200057F8211043404B4044
:1056500059F8141C81EA321101F03F0AC1F3052008
:1056600055F82AA05CF8200083EA0A034340C1F3FE
:105670000540C1F3056154F8200058F8211043405B
:105680004B400199894592D182EA730101F0AA3118
:105690004A4081EA73014FEA720381EA132000F065
:1056A000FF1081EA000283EA002382EA930101F0FD
:1056B00033314A4083EA810383EA124189B24B4085
:1056C00082EA014283EA121101F00F31039C82EA5F
:1056D00001124B40100E110C20706170180E110A4F
:1056E000A170E270190C1A0A207100206171A27178
:1056F000E37105B0BDE8F08F5803050058010500BF
:105700005806050058050500580205005807050011
:10571000580405005800050012F0070F5DD12DE96F
:10572000F043012983B007461E462BD032B3DDE992
:105730000A9306F1FF38DC1D09EB020508224946F1
:1057400068460BF0E1FDE21F49463846FFF70AFEC6
:10575000A4F10802434612F8011F13F8010FA242F8
:1057600081EA00011170F6D1082291446946304661
:105770000BF0CAFDA94504F10804DFD1002003B0F5
:10578000BDE8F083002AF9D0DDE90A3906F1FF38D7
:10579000DC1D09EB0205A4F10802404609F1FF31C6
:1057A00012F8013F10F801CFA24283EA0C0301F87E
:1057B000013FF5D14A4649463846FFF7D3FD082256
:1057C0004946304691440BF09FFDA94504F1080479
:1057D000E1D1002003B0BDE8F0836FF031007047E5
:1057E0002DE9F04F11F80F5FDFF80CA105F00F0362
:1057F00000EBC303D3E932CED3E9126383B02D09A2
:1058000001924FF00F08324625E011F8015D05F0D6
:105810000F0700EBC7074FEA121902F00F02D7E992
:1058200032B45AF832200092D7E912264FEA0C77A8
:105830004FEA1C1C4CEA0E7C84EA1E1E009C49EABE
:10584000037947EA131389EA02022D098CEA0B0C4B
:105850008EEA044E734000EBC5054FEA0C7602F069
:105860000F04120942EA037246EA1313D5F8CC601A
:105870005AF834404FEA1C1C4CEA0E7C86EA1E1E85
:105880008EEA044ED5E9126408F1FF38D5F8C85005
:10589000B8F1FF3F8CEA050C82EA060283EA0403B2
:1058A000B3D101981646C2734FEA1E6202704FEAE6
:1058B0001E4242704FEA1C6202714FEA1C42190CF0
:1058C000C37242711A0E1B0A80F803E080F807C009
:1058D0004FEA1E2E4FEA1C2C02728372320E330CDA
:1058E000360A80F802E080F806C041720273437302
:1058F000867303B0BDE8F08F580805004FF4C872F6
:1059000000210BF02ABD00BF2DE9F04F04468BB0FB
:1059100017460846012219461E46FEF7DBFC002802
:1059200000F09D80D0F81480B8F1100F054640F0CB
:1059300096802046FEF7EEFC29462046FEF70AFD3B
:1059400010B10BB0BDE8F08F012332463946204636
:10595000FEF728FD0028F4D101464246059006A82E
:105960000BF0FBFC05AB009306AB42461946204604
:10597000FEF740FD0028E4D1DDE906254FF00008E0
:105980004FF00009089E099B2DBA12BAC4E9425291
:10599000C4E93289C4E9128936BA1BBAC4F88C60EA
:1059A000C4F888304FF0030E4FF0040C03F00101EF
:1059B0004FEAC5786D08A1EB411745EAC27504EBC3
:1059C000CC015B08520843EAC67382EA076248EAE0
:1059D0005606BEF1010EC1E932528B644FEA6C0CDF
:1059E000CE64E3D1032304F1500204F1480A04F128
:1059F000C80902924FF002089E4603900AEBC800C5
:105A000009EBC80459F838C05AF838604568029A5A
:105A1000676804F1080304EBC804D2F8801081EA37
:105A20000C0BD2F88410C3F800B079405960D2F85A
:105A300000B011468BEA060B496840F808BF0833EE
:105A40006940A34202F108024160E6D1BEF1010EB5
:105A50004FEA4808D2D103980BB0BDE8F08F6FF041
:105A600013006EE72DE9F04F2DED028B8BB0002473
:105A7000934205940292984604460E4602D99B1A18
:105A80008B426AD3D4E952329B1952F100024FF093
:105A9000000128BF012100295FD16FF01F000F21F5
:105AA0009842914159D3C4E95232002E4FD004F5A7
:105AB000B47308EE103A04F27713039304F27319E7
:105AC00004F5BC77102E039A354628BF10251378AD
:105AD0000133DBB202F801390BB94A45F7D105AB06
:105AE000009318EE101A06AB10222046FEF782FC37
:105AF00070BBD4F8880102993A460DF1180E08F1EE
:105B0000FF3C07EB050A18B9137808784340137077
:105B100008781EF8013B43400CF8013FD4F8880197
:105B2000012801F1010104D192F800B083EA0B03CE
:105B3000137001325245E6D1029B3A462B44394656
:105B400020460293FFF74CFE761BA844BAD10020F2
:105B50000BB0BDEC028BBDE8F08F6FF01300F7E7E0
:105B600010B50446FEF7D6FB04F5C87100222346A3
:105B70000134A1421A70FAD110BD00BF50B161B119
:105B800010B58B68416011460446984708B9044B2C
:105B9000236010BD48F20150704748F21050704722
:105BA00063414553B8B103680C4A934210B50446AB
:105BB00006D163682046DB6898470023236010BD48
:105BC00002F17F6202F5402202F57C729342F0D02E
:105BD00048F2025010BD48F20150704763414553EE
:105BE00068B130B4094C0568A54204D151B143688D
:105BF00030BC1B69184748F2025030BC704748F26D
:105C00000150704748F21050F7E700BF6341455319
:105C100038B3F0B5DFF860C00768674583B0044665
:105C200017D109B3CBB1089DBDB1009545682D6A68
:105C3000A84748B92368BB4208D163682046DB689F
:105C40009847A0B90B4B236003B0F0BD094A9342BB
:105C5000F3D048F2025003B0F0BD48F2135003B045
:105C6000F0BD48F20150704748F21050ECE70023B5
:105C70002360E9E7534541636341455308B54368F1
:105C80001B78052B06D9082B06D10C30FEF742FBFA
:105C9000002008BD032B02D848F2035008BD0C3089
:105CA000FCF75CFB002008BD42685388B3F5807F99
:105CB00070B504460D4606D023F04003802B02D079
:105CC00048F2185070BD1378052B06D9082B06D161
:105CD000022D17D048F2175070BD032B03D848F29D
:105CE0000350257270BD012DF4D80122002104F16A
:105CF00008000BF032FB04F10C00FCF729FB00203C
:105D00002572EFE704F10C063046FEF7FFFA6368F0
:105D10005B88C02B26D0B3F5807F05D0802B1FD0A9
:105D200048F202502572DDE70420FEF7C1FA014671
:105D300038B33046FEF70EFB02460028DFD010F5E0
:105D4000C14FCCD010DC10F5C34F1ED048F2165313
:105D500012F5C24F48F21150257218BF1846C1E71C
:105D60002846E2E70320E0E710F5A24F11D048F201
:105D7000165348F2115012F1220F18BF184625721F
:105D8000B0E748F216502572ACE748F2155025727C
:105D9000A8E748F217502572A4E700BF08B542688B
:105DA0001378052B23D9082B23D152880C30FEF70A
:105DB0009FFD10F5A24F2ED00FDC10F5C24F1BD067
:105DC00010F5C14F15D010F5C34F48F2165348F2E5
:105DD000155214BF1846104608BD10F1220F0BD003
:105DE000002848F2165314BF1846002008BD032BA4
:105DF00005D848F2035008BD48F2115008BD037A97
:105E00005288012B00F10C0002D0FCF7ADFBD0E76B
:105E1000FCF7AEFACDE748F2175008BD2DE9F8437C
:105E2000984643681B78052B054609D9082B09D1EC
:105E30000C30FEF78DFD00BB00231846BDE8F8834B
:105E4000032B04D848F202531846BDE8F88312F039
:105E50000F0416463AD1002AEED00F4600F10C0985
:105E600001E0A642E8D908EB04033A19297A48462A
:105E70001034FDF701F80028F3D010F5C14F22D0FF
:105E80000DDD10F5A24F1BD048F2115248F2165307
:105E900010F1220F08BF13461846BDE8F88310F52D
:105EA000C34F0AD010F5C24F48F2115248F21653B0
:105EB00008BF13461846BDE8F88348F21553C3E7F8
:105EC00048F21753C0E748F20353BDE748F21153B5
:105ED000BAE700BF38B5049D14462A68A2420CD325
:105EE000220704D042681278023A012A08D82246D2
:105EF000FFF794FF00B92C6038BD48F2145038BD4C
:105F000048F2115038BD00BF70B5049D1E462B6885
:105F10000F2B23D900F10C042046FEF719FD60B1C8
:105F200010F5C14F1DD011DC10F5C34F1FD010F577
:105F3000C24F10D148F2115070BD31462046FEF7D5
:105F40008FFD0028ECD110232B6070BD10F5A24FFF
:105F50000AD02230EED048F2165070BD48F21450EC
:105F600070BD48F2035070BD48F2175070BD48F242
:105F7000155070BD70B52E4B6A469A421ED304462A
:105F80000D4600F06FF948B32A4E336823B12A4A10
:105F90002A4B12689A421FD0002C39D034600DB3BE
:105FA0003068294600F00EF9044628B922493368C2
:105FB0002248234A08601A60204670BD214B2248BF
:105FC0002249C01AC008000440F0010048F21954E8
:105FD000F9F7F6FE204670BD0024EDE74FF40544C6
:105FE000204670BD042008F075FB0546C0B130683E
:105FF000294600F0E7F8044628B90F4A33680F49EC
:1060000011600F4A1A60284608F066FB204670BDF2
:10601000042008F05FFB0E4B186030B13060BEE723
:106020000B4B186808B108F057FB48F21554C3E74A
:1060300000F80320F8510020F05100206572E54B74
:106040006169614D98CA0400F8CA0400200905007E
:10605000F45100200E4B0F4A1968914210B505D13A
:106060000D490E4A08680168914203D048F2025473
:10607000204610BD002202601A6000F0A7F8084B0D
:10608000044618680028F3D008F026FB204610BD0F
:10609000F05100206572E54BF85100206169614DB7
:1060A000F45100202DE9F041224B17466A469A42EE
:1060B00018D304460D460FB1002938D01E491F4B96
:1060C0000968994209D1E4B11D493B4608682A464E
:1060D0002146BDE8F04100F087B848F2025420465E
:1060E000BDE8F081174B18481849C01AC0080004D1
:1060F00040F0010048F21954F9F762FE2046BDE86D
:10610000F081042008F0E6FA48F21554064600280B
:10611000E5D00B493B462A460868314600F064F852
:106120000446304608F0D8FA2046BDE8F08148F22F
:106130001054D4E700F80320F05100206572E54BBD
:10614000F851002098CA0400F8CA0400200905008C
:1061500040B370B50D4611B3144A154B12689A42FC
:1061600002D048F2025070BD124E044601230A4686
:106170003068214600F030F848F271539842F2D16D
:10618000002211461046FFF78DFF0028EBD1306842
:106190002A4621460123BDE8704000F01DB848F2B0
:1061A000145070BD48F21350704700BFF0510020EA
:1061B0006572E54BF8510020FFF74CBF00210846FF
:1061C000FFF7D8BE002006F059B800BF08B506F0AA
:1061D00087F8002008BD00BF08B50846114606F044
:1061E000FBF8002008BD00BF48F20350704700BF15
:1061F000F8B50B4D0B4E0C4FAD1B0123ED083B705A
:106200000AD0002401E0A54206D056F8343001340B
:1062100098470028F7D0F8BD02233B700020F8BD56
:1062200098CA040090CA0400FC51002038B50A4CFA
:106230000A4D2D1BED080AD004EBC50501E0AC4268
:1062400005D06368083498470028F8D038BD044B5F
:106250000020187038BD00BF90CA040098CA04001E
:10626000FC510020064B1A78022A06D01878A0F1BB
:106270000100B0FA80F0400970470120704700BF6C
:10628000FC51002008B543681B780BB1002008BD05
:106290000830FDF76FFF002008BD00BF436830B530
:1062A0005A880D4622F04001802983B0044602D06E
:1062B000B2F5807F25D11B781BB148F2035003B0A3
:1062C00030BD04F108000190FDF72CFF63680198D0
:1062D0005B882A460221FDF729FF02460028EED0FE
:1062E00010F5C14FE9D010DC10F5C34F1AD048F2B9
:1062F000165312F5C24F48F2115018BF184603B09A
:1063000030BD48F2185003B030BD10F10F0F0CD063
:1063100048F2165348F2175012F10D0F18BF1846E5
:1063200003B030BD48F21550C9E748F26050C6E7E7
:1063300010B586B09DF83840A4F1040EBEF10C0FE4
:1063400035D814F0010F32D1A3F1070CBCF1060FC0
:106350003FD8012943D0002938D10D9904910C99D7
:1063600003910A9902910999019108990091059464
:106370000B990830FDF722FF10F10F0F3FD010F1FD
:106380000E0F09DA10F5C24F26D010F5C14F12D109
:1063900048F2035006B010BD10F10D0F16D00028C2
:1063A00048F2165314BF1846002006B010BD48F23C
:1063B000625006B010BD10F5C34F48F2165348F2B4
:1063C000155214BF1846104606B010BD48F21750BB
:1063D000E0E748F26150DDE748F21150DAE70D9945
:1063E00004910C9903910A990291099901910899D4
:1063F000009105940B990830FDF7CAFEBCE748F2FE
:106400006050C7E769B162B110B5044660B1084B8E
:1064100003604B6841601146984708B10023236030
:1064200010BD48F21050704748F2015010BD00BF37
:106430004145414470B1094B02689A4210B5044687
:1064400005D143689B6898470023236010BD48F23C
:10645000025010BD48F20150704700BF4145414411
:106460002DE9F047DDE90859DDE90A6EDDE90CC4E4
:106470009DF8388080B3DFF874A00768574513D1C2
:10648000B2B1DCB1FDB11EB3BCF1000F28D0CDE933
:106490000BECCDE90D48CDE9099608954468E46810
:1064A000A446BDE8F047604748F20250BDE8F087D7
:1064B000002BE6D048F21050BDE8F087B8F1000F8D
:1064C000F8D1002DDFD1B9F1000FF3D1002EDBD1CF
:1064D000BEF1000FDBD0EDE748F20150BDE8F087D8
:1064E000BEF1000FD3D048F21350DFE741454144DD
:1064F000F8B504460068154606680368426893428A
:1065000084BFA2680132D31A0F46E26861689D42D7
:1065100006FB02110CD805FB02F238460AF0F4FE25
:10652000A26823683544954288BF00251D60F8BDE8
:1065300003FB02F632463846ED1A0AF0E5FEE26841
:106540006168B81905FB02F20AF0DEFE23681D60DF
:10655000F8BD00BF10B5044688B12268A068116874
:106560005368984205D80020401AB0FA80F04009DC
:1065700010BD581C401AB0FA80F0400910BD024905
:1065800098200AF037FBE8E74C09050070B50D4686
:1065900082B00446002877D0002900F085800023CF
:1065A0000DF107008DF80730F9F79AFF2368A1680D
:1065B00018685A68914218D80022824218D1227C69
:1065C0005AB958685E688E4222D201365E601A68F7
:1065D000914257D800221A6010E09DF80700F9F7A1
:1065E000B5FF0424204602B070BD01328242E6D0DD
:1065F00058685A6891422BD800225A60E268511EAE
:1066000007290AD8DFE801F03934092F09090927D9
:106610005A601A68914235D8DCE76368294600FB66
:1066200002300AF071FE23681A6859688A4282BFF4
:10663000A068013009188A1A99689DF807009142EC
:1066400038BF9A60F9F782FF0024204602B070BD7F
:1066500001325A60D2E7626895ED007B02EBC00020
:1066600080ED007BE0E76268296842F82010DBE7F4
:106670006268298822F81010D6E763682A781A54CD
:106680002368D1E70132A6E71249A3200AF0B2FA43
:10669000ADB10DF107008DF80740F9F721FF0D4965
:1066A00098200AF0A7FA81E70A49A4200AF0A2FA82
:1066B0000DF107008DF80750F9F712FF76E705494D
:1066C000A4200AF097FA0DF107008DF80750F9F7AA
:1066D00007FFE4E74C09050070B50E4682B014468A
:1066E000054670B33EB314B9204602B070BD002316
:1066F0000DF107008DF80730F9F7F2FE2A681368EC
:1067000051688B420AD8CB1A9C420DD905249DF8BA
:106710000700F9F71BFF204602B070BDAA680132DE
:106720000A44D31A9C42F1D8224631462846FFF744
:10673000DFFE0024EBE7074940F2D9100AF05AFACD
:10674000D1E704494FF4EC700AF054FA002ECAD194
:10675000F1E700BF4C09050030B5044683B088B1AD
:1067600000250DF107008DF80750F9F7B9FE0C224E
:10677000294620680AF0F1FD9DF80700F9F7E6FECA
:1067800003B030BD02494FF404700AF033FAE7E772
:106790004C0905004FF080414FF08053002010B4A9
:1067A000604AC1F80C01C1F81001C1F83805D3F8EE
:1067B0000404C2F82005D3F80804C2F82405D3F86D
:1067C0000C04C2F82805D3F81004C2F82C05D3F83D
:1067D0001404C2F83005D3F81804C2F83405D3F80D
:1067E0001C04C2F84005D3F82004C2F84405D3F8CD
:1067F0002404C2F84805D3F82804C2F84C05D3F89D
:106800002C04C2F85005D3F83004C2F85405D3F86C
:106810003404C2F86005D3F83804C2F86405D3F82C
:106820003C04C2F86805D3F84004C2F86C05D3F8FC
:106830003001D3F84444C2F87045082824D04FF002
:106840008043D3F80024D20744BF6FF00102C3F89D
:106850000024354AD2F8883043F47003C2F88830F7
:10686000BFF34F8FBFF36F8F4FF01023D3F8002289
:10687000002A26DBD3F80432002B22DB2B4B2C4AD8
:106880005DF8044B1A607047D3F83421002AD6D142
:106890002848294A294CC0F88C46FB20C2F8180524
:1068A000D1F8E42ED3F85832254822F00F0203F035
:1068B0000F0313434FF40072C1F8E43EC0F84026C2
:1068C000BDE7204A0123C2F80435D2F80034002B7A
:1068D000FBD04FF0102312211A4AC3F80012D2F84D
:1068E0000034002BFBD04FF010231221154AC3F8BF
:1068F0000412D2F80034002BFBD000231149C2F857
:106900000435D1F80034002BFBD0BFF34F8F06497C
:106910000D4BCA6802F4E0621343CB60BFF34F8FA4
:1069200000BFFDE700C0004000ED00E02826002089
:106930000090D0030050004000F000404881030068
:106940000090024000E001400400FA0510B4164B2C
:106950001A461B688342FBD3516802EB010C604569
:106960000BD0416800EB010C63450ED090420360F0
:106970005DF8044B18BF106070474468104621440E
:1069800000EB010C63455160F0D1084C2468A34230
:10699000ECD0D3E9003490422144C0E900315DF8E5
:1069A000044B18BF1060704710D200200052002026
:1069B0002DE9F84F044601F0BFF943480368002B66
:1069C00056D0424F3E6834424BD1002C49D004F19E
:1069D000080563071CBF25F007050835002D40D0CA
:1069E000DFF8FC80D8F80090A9453AD338490C6804
:1069F00003E0236823B121461C466268AA42F8D30B
:106A00000368A3422DD0236808680B60531B102B2A
:106A100000F1080A0BD904EB050B1BF0070F49D155
:106A2000CBF8043058466560FFF790FF626829494B
:106A30000868A9EB0203834238BF0B60C8F8003036
:106A400032430023C4E9003201F04CFA1AF0070F78
:106A50000BD0214940F203100AF0CCF85046BDE8B3
:106A6000F88F01F03FFA4FF0000A5046BDE8F88F6A
:106A70001A4B184D164E154F5A0714BFDA1D1A46F9
:106A800003F50043A3F1080323F0070318BF22F026
:106A9000070211469A1A2A60114D31602A600025BA
:106AA00075604FF00046C3E900550360C1E900324C
:106AB0003E6088E70849C3200AF09CF863683E6896
:106AC000D8F800905B1BABE70052002004D20020F6
:106AD00010D200200CD20020A00905000452002092
:106AE00008D2002000283AD038B51D4D50F8043C9B
:106AF0002A681342044610D050F8081CD9B119492D
:106B00004FF48C700AF076F854F8043C2A6813426B
:106B100002D054F8081C71B138BD124940F2171068
:106B20000AF068F854F8083C002BE8D154F8043C0B
:106B30002A681342F0D023EA020344F8043C01F02F
:106B4000FBF8094A54F8043C1168A4F108000B440E
:106B50001360FFF7FBFEBDE8384001F0C3B9704792
:106B600004D20020A009050008D2002000F108038B
:106B70004FF0FF310022C0E90131C0E90333026068
:106B8000704700BF00230361704700BF43689A68E5
:106B90008A60026810B49C684B6001326160996041
:106BA0005DF8044B08610260704700BF30B40D68A7
:106BB0006B1C10D000F108031C465B681A68AA42DF
:106BC000FAD902684B60013299608C60616008619B
:106BD00030BC0260704704696368F2E7036910B46F
:106BE000D0E901125C688A608442516008BF5A6033
:106BF0001A685DF8044B0021013A01611A601868B7
:106C0000704700BF0748006880F3088862B661B625
:106C1000BFF34F8FBFF36F8F4FF4F07080F3118885
:106C200000DF00BF00C00100064B19680868B0E82B
:106C3000F04F80F30988BFF36F8F4FF0000080F3AF
:106C40001188704764D20020EFF30980BFF36F8F83
:106C5000144B1A681EF0100F08BF20ED108A20E9AF
:106C6000F04F10604DF8043D4FF0A00080F3118804
:106C7000BFF34F8FBFF36F8F01F058FA4FF0000052
:106C800080F3118808BC19680868B0E8F04F1EF05E
:106C9000100F08BFB0EC108A80F30988BFF36F8F24
:106CA000704700BF64D2002008B5064B1B68013353
:106CB00003D005499E2009F09DFFA02383F311888E
:106CC000FEE700BF20D20020000A050010B44FF0FC
:106CD0008073064C40F8043C6FF0020340E9034126
:106CE00040E909325DF8044B44387047A96C020052
:106CF00030B5294A294B12689A4283B003D02849FB
:106D0000B02009F077FF274B274C1A782748FF213E
:106D1000D2B2019219701B78DBB28DF803309DF866
:106D200003309DF8032003F00503072112062370AA
:106D300001600DD506229DF803305B00DBB28DF8B3
:106D400003309DF803301B06114602F1FF32F2D4E6
:106D5000019B114C134D01F00701DBB2E0220160F1
:106D60002B7084F8222000F0C3F8114B00221A6027
:106D7000D4F888300F4A43F47003C4F88830536B5A
:106D800043F040435363236943F010032361FFF74B
:106D900039FFFFF789FF00BF00ED00E041C20F415E
:106DA000000A050000E400E018D200201CD20020F8
:106DB00020D2002000EF00E0A02383F31188094ACD
:106DC00013680133012B136000D07047064B5B68DA
:106DD000C3F30803002BF8D0044940F2111009F066
:106DE00009BF00BF20D2002000ED00E0000A05002E
:106DF00010B5084C23682BB1013B23600BB983F31A
:106E0000118810BD04494FF48C7009F0F3FE23681B
:106E1000F2E700BF20D20020000A050008B5EFF31A
:106E20000583C3F308030F2B07D90F4903F1E023B0
:106E3000097893F8F02391420FD80C4B0C4ADB6889
:106E40001268C3F302239A4200D308BDBDE808408C
:106E500008494FF4B17009F0CDBE06494FF4A9704E
:106E600009F0C8FEE9E700BF18D2002000ED00E0FD
:106E70001CD20020000A050070B582B0EFF3118625
:106E8000A02383F31188184B0022D3F80445C3F8DC
:106E90000021D3F800310193019B00F055FF201A27
:106EA00020F07F4323F0010320F07F459BB96C1E47
:106EB0006DB1002500F072FF23460543013C002B15
:106EC000F8D125B1094B4FF080525A6040BF86F38C
:106ED000118802B070BD01F0DFFA0228E7D000F09F
:106EE0005DFF0546EDE700BF0010014000ED00E04A
:106EF00010B5002002F0A2F8094B0A492020C3F87F
:106F0000080501220224E020C3F804239A601A60D5
:106F1000C3F844434FF4003281F811030A6010BDF6
:106F20000010014000E100E070B50446006CA66B63
:106F300020B925684DB30136A66370BD15460246DB
:106F40007DB9A0680AF0E0F9A368226C1344626876
:106F5000A360934224BF2368A36001362846A6633A
:106F600070BDE0680AF0D0F9226CE36851429B1AC8
:106F70002268E360934202D263680B44E360022D0F
:106F800008D001360020A66370BD606801F0DAFA0F
:106F90006560D0E7012E38BF01260020CCE700BF96
:106FA00070B50546FFF708FF95F845305CB2002C38
:106FB00014DD05F1240603E0631EDAB25CB26AB1A7
:106FC0006B6A304653B101F099F90028F4D001F012
:106FD00041FA631EDAB25CB2002AF1D1FF2385F8D0
:106FE0004530FFF705FFFFF7E7FE95F844305CB248
:106FF000002C14DD05F1100603E0631EDAB25CB26A
:107000006AB12B69304653B101F078F90028F4D009
:1070100001F020FA631EDAB25CB2002AF1D1FF233C
:1070200085F84430BDE87040FFF7E2BE38B50D4644
:107030000446002839D0FFF7BFFED4E90F232168AA
:1070400003FB02F2D31A0A4462600022A2630B44DB
:10705000FF2284F84420C4E9021384F84520C5B90E
:1070600023691BB9FFF7C4FE012038BD04F11000ED
:1070700001F044F90028F5D00E4B4FF080525A60D1
:1070800040BFBFF34F8FBFF36F8FFFF7B1FE0120FB
:1070900038BD04F11000FFF769FD04F12400FFF78B
:1070A00065FDFFF7A5FE012038BD0349FC2009F06E
:1070B000A1FDC0E700ED00E0640A050070B50E46D2
:1070C000054690B1C6B106FB05F04830FFF770FCED
:1070D0000446C0B100F148030360C4E90F56012122
:1070E0002046FFF7A3FF204670BD084940F26D100F
:1070F00009F080FD002EE6D14820FFF759FC044638
:1071000008B12460E9E70024204670BD640A050048
:1071100070B50E460546B0B188420ED34820FFF741
:1071200047FC044638B10023C0E90F530060012139
:10713000FFF77CFFA663204670BD0C4940F2C120DA
:1071400009F058FDEAE709494FF4307009F052FDA3
:107150002EB9064940F26D1009F04CFDDEE70349F7
:1071600040F2C12009F046FDF3E700BF640A0500C4
:107170002DE9F04784B0894601921F460446002855
:1071800000F0A380B9F1000F00F08680022F7AD0C2
:1071900001F082F918B9019B002B40F09C80002679
:1071A000DFF840A1B04607E0FFF722FE2046FFF7D8
:1071B000F7FE00F097FE0126FFF7FEFDA36BE06BE4
:1071C000834242D3022F40D0019D002D6ED0002E6D
:1071D00037D0FFF70DFE00F0AFFDFFF7EDFD94F89F
:1071E0004430FF2B08BF84F8448094F84530FF2BCF
:1071F00008BF84F84580FFF7FBFD01A902A801F054
:10720000E5F8002858D1FFF7D7FDA26BE36B9A424F
:10721000CAD1FFF7EDFD019904F1100001F034F837
:107220002046FFF7BDFE00F05DFE0028C3D14FF001
:107230008053CAF8043040BFBFF34F8FBFF36F8F46
:10724000B9E702A801F0B6F8C3E73A464946204636
:10725000FFF76AFE636A33B958B9FFF7C9FD012029
:1072600004B0BDE8F08704F1240001F047F80028DD
:10727000F3D01C4B4FF080525A6040BFBFF34F8F8A
:10728000BFF36F8FE9E7E36B012B81D0164940F222
:10729000DE2009F0AFFC7BE7236C002B3FF476AFD8
:1072A000114940F2DD2009F0A5FC6FE7FFF7A0FDD2
:1072B000284604B0BDE8F0872046FFF771FE00F0D5
:1072C00011FE002004B0BDE8F08707494FF4377085
:1072D00009F090FC56E7044940F2E12009F08AFCED
:1072E0005DE700BF00ED00E0640A050038B5482006
:1072F000FFF75EFB044678B1002501212060C0E95C
:107300000F15FFF793FEC4E90055E5602B462A46AA
:1073100029462046FFF72CFF204638BD2DE9F041D5
:107320000E4617461D460446002847D07EB3022D60
:1073300024D0FFF773FDEFF31188A02383F31188A6
:10734000A26BE36B9A4206D3022D04D0002088F38F
:107350001188BDE8F0812A4694F8455031466DB257
:107360002046FFF7E1FD6B1C1AD001356DB284F8A1
:107370004550012088F31188BDE8F081E36B012BB3
:10738000D7D011494FF4697009F034FCD1E7236C70
:10739000002BCCD00C4940F2A33009F02BFCC6E7FF
:1073A000636A002BE5D004F1240000F0A7FF002859
:1073B000DFD0002FDDD001203860C8E7024940F25D
:1073C000A23009F017FCB1E7640A050070B50D465C
:1073D0000446002840D0236CFBB923682BB3FFF789
:1073E0001DFDEFF31186A02383F31188A36BE26BDD
:1073F0009A420ED994F845200133FF2AA36353B271
:107400001CD001335BB284F84530012086F311882B
:1074100070BD002086F3118870BD124940F24340D0
:1074200009F0E8FB2368002BD9D16368002BD6D084
:107430000C494FF4896009F0DDFBD0E7636A002B4B
:10744000E3D004F1240000F059FF0028DDD0002D26
:10745000DBD001202860DDE7024940F23F4009F01F
:10746000C9FBB8E7640A05002DE9F04385B00E4674
:1074700001920446002876D0002E6BD001F00CF863
:1074800010B9019B002B74D1FFF796FCA56B002D62
:1074900075D1019B002B38D002A800F08BFFDFF8DC
:1074A00030912F4604F12408FFF7A2FC00F044FCC1
:1074B000FFF782FC94F84430FF2B08BF84F8447037
:1074C00094F84530FF2B08BF84F84570FFF790FC17
:1074D00001A902A800F07AFFE8B9FFF76DFCA36BE1
:1074E00033BBFFF785FC0199404600F0CDFE2046F6
:1074F000FFF756FD00F0F6FC10B3FFF75DFCA56B3F
:10750000002D3CD1019B002BCED1FFF771FC002058
:1075100005B0BDE8F0832046FFF742FD00F0E2FC35
:10752000FFF74AFCA36B002BEFD0FFF761FCE4E709
:10753000FFF75EFC2046FFF733FD00F0D3FCDCE7ED
:107540004FF08053C9F8043040BFBFF34F8FBFF3F3
:107550006F8FD2E7236C002B90D01C4940F2E340A0
:1075600009F048FB8AE7194940F2DF4009F042FB85
:1075700082E716494FF49D6009F03CFB84E7226CDA
:1075800052B1E168636811449942E16024BF216807
:10759000E160304609F0B8FE013DA56323692BB9CF
:1075A000FFF726FC012005B0BDE8F08304F11000D0
:1075B00000F0A4FE0028F3D0054B4FF080525A6033
:1075C00040BFBFF34F8FBFF36F8FE9E7640A050039
:1075D00000ED00E02DE9F04184B00446019100285F
:1075E00000F0A880236C002B40F0858000F054FF51
:1075F00018B9019B002B40F09280FFF7DDFBA36BD5
:10760000DFF88C81002635463746002B43D1019B9D
:10761000002B00F09E80002D59D0FFF7E9FB00F011
:107620008BFBFFF7C9FB94F84430FF2B08BF84F8AD
:10763000447094F84530FF2B08BF84F84570FFF77D
:10764000D7FB01A902A800F0C1FE002832D1FFF744
:10765000B3FBA36B002B3ED1FFF7CAFB2368002BC3
:107660006ED0019904F1240000F00EFE2046FFF7D1
:1076700097FC00F037FC40B94FF08053C8F8043055
:1076800040BFBFF34F8FBFF36F8F0125FFF794FB10
:10769000A36B002BBBD02268013BA363002A70D0F0
:1076A0002369002B5DD1FFF7A3FB0126304604B010
:1076B000BDE8F0812046FFF773FC00F013FCFFF7F4
:1076C0007BFBA36B83B1FFF793FB0125DEE702A8E9
:1076D00000F070FEA1E7FFF78BFB2046FFF760FC90
:1076E000012500F0FFFBD1E7FFF782FB4EB93046E2
:1076F00004B0BDE8F081254940F2755009F07AFAEE
:1077000074E7FFF759FB616A79B9606800F05EFFC2
:10771000FFF76EFB0026304604B0BDE8F0811B4940
:1077200040F27A5009F066FA67E7236B1968C1F1F5
:107730000701EAE7154940F2715009F05BFA51E799
:10774000FFF73AFB606800F0B7FE0646FFF750FB14
:1077500087E7002EDCD00D4940F2C25009F04AFA0A
:10776000D6E704F1100000F0C9FD00289BD0084BBB
:107770004FF080525A6040BFBFF34F8FBFF36F8FFF
:1077800091E700F075FF60608AE700BF640A0500BA
:1077900000ED00E02DE9F8430F469046044648B35B
:1077A000FFB1FFF73BFBEFF31189A02383F31188AF
:1077B000A56B25B9284689F31188BDE8F88394F8AC
:1077C0004460226C76B2DAB9013D731CA56326D001
:1077D000013676B284F84460012089F31188BDE84F
:1077E000F883236C002BDCD0154940F2DE6009F0F1
:1077F00001FAD6E7124940F2DD6009F0FBF9CFE764
:10780000E168636811449942E16024BF2168E16046
:10781000384609F079FD013D731CA563D8D1236971
:10782000002BD9D004F1100000F068FD0028D3D05F
:10783000B8F1000FD0D00120C8F80000BBE700BFAE
:10784000640A050010B50446B8B10F48002300EBE8
:10785000C30251688C4207D00133082BF7D1204670
:10786000BDE81040FFF73EB9002140F833105160E9
:107870002046BDE81040FFF735B9044940F29A7040
:1078800009F0B8F9E1E700BF24D20020640A05003E
:1078900010B4094C002354F833202AB10133082BCB
:1078A000F9D15DF8044B704704EBC30244F8331080
:1078B00050605DF8044B704724D2002070B5044638
:1078C0000E461546FFF778FA94F84430FF2B04BFB4
:1078D000002384F8443094F84530FF2B04BF002384
:1078E00084F84530FFF784FAA36B23B12046BDE846
:1078F0007040FFF755BB04F124002A46314600F0E2
:10790000DDFC2046BDE87040FFF74ABBF8B5164BDA
:10791000164E1C6833680546181D0F46FFF75EF9C2
:107920006B1C17D0336864195C6007D3104B186860
:107930003168BDE8F8400431FFF738B90D4B1868DD
:1079400031680431FFF732F90B4B1A68A24288BF45
:107950001C60F8BD002FE5D031680848BDE8F8404C
:107960000431FFF713B900BF88D3002064D2002090
:107970006CD2002068D2002040D3002060D30020C9
:107980002DE9F84F96000746304689469846FFF79E
:107990000FF8002878D005465020FFF709F8044674
:1079A00000287DD00563A5212846324609F0D5FC84
:1079B000D4F830A009F1FF3C09F10B0104F13303C5
:1079C0001CF8015F03F8015F0DB18C45F8D10A9DE9
:1079D000062D28BF06254FF0000B04F10409E562CF
:1079E0002564484684F83FB0C4F844B0043EFFF72D
:1079F000C9F8564404F11800C5F10705FFF7C2F8AD
:107A0000C4F848B0A56184F84CB024616462424671
:107A1000394626F00700FFF759F90B9B206003B1A8
:107A20001C60FFF7C9F9394A394D136801331360F7
:107A30002B68002B3DD0374E33684BB3E06A364F8E
:107A4000364A37491368013313600B68834238BFE5
:107A5000086000EB800007EB80004946FFF796F8CE
:107A6000FFF7C6F933680BB32A68E36AD26A9A4211
:107A70001CD22C4B4FF080525A6040BFBFF34F8F47
:107A8000BFF36F8F012001E04FF0FF30BDE8F88FAA
:107A90002B68E06ADB6A204F834298BF2C60CFE7F7
:107AA0002846FFF71FF84FF0FF30EFE70120BDE851
:107AB000F88F2C601368012B03D0E06A164F154E27
:107AC000BEE7154F3E4607F18C0830461436FFF7E7
:107AD0004DF84645F9D1DFF86880134E4046FFF770
:107AE00045F83046FFF742F81048FFF73FF81048D6
:107AF000FFF73CF80F48FFF739F80F4BE06AC3F87F
:107B000000800E4B1E60034E9AE700BFFCD200209F
:107B100064D200205CD3002070D200200CD300205F
:107B200010D3002000ED00E028D3002048D300202F
:107B300074D3002060D3002068D200206CD20020D3
:107B400014D3002070B504462A4DFFF735F9002CF8
:107B50003BD0261D3046FFF741F8A36A1BB104F164
:107B60001800FFF73BF8244A1368013313602B68B1
:107B7000A34221D0214A206B1368013B1360FEF71A
:107B8000B1FF2046FEF7AEFF1D4B1A68126872B1B6
:107B90001A681C4BD268D26852681A60FFF728F93D
:107BA000194B1B6813B12B68A34210D070BD154B45
:107BB0004FF0FF321A60F1E714483146FEF7E6FF56
:107BC000134A136801331360E8E72C68C1E7114BCF
:107BD0001B684BB9104B4FF080525A6040BFBFF347
:107BE0004F8FBFF36F8F70BD0C4940F2A54009F075
:107BF00001F8EFE764D200200CD30020FCD2002073
:107C000068D2002040D300205CD3002074D3002031
:107C100000D3002008D3002000ED00E0B40A0500E6
:107C200098B130B51F4D2B68834283B004460AD00B
:107C3000FFF7C2F81C4B62699A420BD003B0BDE853
:107C40003040FFF7D5B803B030BD184940F2F660B8
:107C500008F0D0BFA36A164A9342EFD0002BEDD1B3
:107C6000211D08460191FEF7B9FF124AE36A106828
:107C700001998342104888BF136003EB830300EB34
:107C80008300FEF783FF2B68E26ADB6A9A42D5D352
:107C90000A4B4FF080525A6040BFBFF34F8FBFF383
:107CA0006F8FCBE764D2002060D30020B40A0500B8
:107CB00048D3002010D3002070D2002000ED00E057
:107CC00030B5164B1649174883B00024CDE9004360
:107CD00080222346FFF754FE012803D0013015D03F
:107CE00003B030BD00F0E4FE0128F7D1A02383F3F8
:107CF00011880D490D4A0E4B4FF0FF350D60106095
:107D00001C6003B0BDE83040FEF7F2BF094940F205
:107D1000DC7003B0BDE8304008F06CBF3CD30020FD
:107D2000040B05000980020040D300205CD3002032
:107D300088D30020B40A0500024A13680133136097
:107D4000704700BF08D30020014B1868704700BF80
:107D500088D3002008B5FFF761F8014B186808BD0B
:107D600088D3002038B50A4D0A4A2B6812680344AC
:107D70009342044603D8286804442C6038BD40F67A
:107D8000C910054908F036FF286804442C6038BD46
:107D900088D3002040D30020B40A05002DE9F04F1D
:107DA000444B1B6883B0002B46D1434B1F680137FF
:107DB0001F60002F4ED0DFF81CB1DBF80030BB4253
:107DC00062D83E4E33681D68002D6ED0DFF8088102
:107DD000DFF808A1DFF80891002522E00191FEF705
:107DE000FDFEA36A019904F1180013B1FEF7F6FE37
:107DF0000199E36AD8F8002003EB830093420AEB71
:107E0000800088BFC8F80030FEF7C0FED9F8002017
:107E10003368E16AD26A1B68914228BF0125002BB2
:107E200043D03368DB68DC686368211D9F420846E5
:107E3000D4D2CBF8003004E0214A13680133002586
:107E40001360204B1B68002B0CBF2846012003B099
:107E5000BDE8F08F194E33681B6803BB1A4B3168BD
:107E60001A683260194A1960136801331360336865
:107E70001B685BB9DFF85CB04FF0FF33CBF8003024
:107E8000DBF80030BB429CD90025DAE73368DFF825
:107E900044B0DB68DB685B68CBF800308DE70C49E9
:107EA00040F6332008F0A6FED8E74FF0FF33CBF8BA
:107EB0000030C6E708D3002088D3002068D2002015
:107EC00004D300208CD300206CD2002044D30020A7
:107ED000B40A050040D3002010D3002070D2002047
:107EE00064D200202DE9F04F3B4C236883B0002B77
:107EF00064D0FEF761FF2368013B23602368002BF9
:107F000054D1364B1B68002B50D0354D2B68002BBD
:107F10005FD0344EDFF8E880334FDFF8E8904FF061
:107F2000010AEB68DC6804F1040B04F11800FEF7A9
:107F300055FE5846FEF752FEE36A326803EB8300B3
:107F40009342594608EB800088BF3360FEF71EFE5F
:107F50003B68E26ADB6A9A4228BFC9F800A02B6836
:107F6000002BDED1214B1A6812686AB31A68204BC5
:107F7000D268D26852681A601E4E346844B1012536
:107F8000FFF70CFF08B1C9F80050013CF8D134608C
:107F9000D9F8003053B1184B4FF080525A6040BFAF
:107FA000BFF34F8FBFF36F8F012000E000200190DF
:107FB000FEF71EFF019803B0BDE8F08F0F494FF4A4
:107FC000046008F017FE94E7094B4FF0FF321A6087
:107FD000D2E7DFF83090CFE708D30020FCD20020B2
:107FE00048D3002010D3002064D2002068D20020A3
:107FF00040D3002004D3002000ED00E0B40A0500C7
:1080000070D200208CD300202DE9F84F3C4C3D4E1F
:108010003D4DDFF80C91DFF80C81DFF80CB14FF02B
:10802000805A14E0FEF7C8FEF368DF68381DFEF7DB
:10803000D5FD2B68013B2B602368013B2360FEF7D5
:10804000D7FE386BFEF74EFD3846FEF74BFD236832
:10805000002BE7D12D4B1B68012B06D9CBF804A0D0
:1080600040BFBFF34F8FBFF36F8F08F0CBFDD9F840
:1080700000301BBBD8F80030DB6A002BE7D1234B64
:108080001B68012BE3D8224922480B6802689B1A1F
:10809000012BDCD9204A1368013313600A68036896
:1080A0009A4226D3D9F8003083B1D8F80030DB6A81
:1080B0000BB9164B1B68FFF715FFB0E7D8F8003077
:1080C000DB6A002BC3D1114B1B68C0E7D8F8003026
:1080D000DB6A002BEFD10D4B1B68012BEBD80C4B4F
:1080E00018680C4B1B68C01A0128E4D908F0FCF989
:1080F000E1E70A4940F6EE4008F07CFDD2E700BF18
:1081000000D3002074D30020FCD2002070D20020C5
:1081100040D3002088D3002008D30020B40A0500F3
:1081200010D3002064D2002000ED00E0F8B5194B18
:108130001B681BB1184B01221A60F8BD164A174E76
:1081400013603468164D04EB84039B00A200EB58C7
:108150004BB9144FC4B1013C04EB8403A20055F8A1
:108160002330002BF6D0224405EB82010D464B68EC
:108170000D4A5B684B600835AB4204BF5B684B60DF
:10818000DB6813603460F8BD39464FF4356008F0A1
:1081900031FDE0E708D300208CD3002010D300206D
:1081A00070D20020B40A050064D2002070B50446E5
:1081B0002C4EFEF701FE002C3BD0251D2846FEF775
:1081C0000DFDA36A1BB104F11800FEF707FD294657
:1081D0002548264DFEF7DAFC94F84C30012B04BFFD
:1081E000002384F84C30FEF703FE2B6893B9336804
:1081F000A34200D070BD2B6813B31D4B1B685BBB43
:108200001C4B4FF080525A6040BFBFF34F8FBFF3FB
:108210006F8F70BDFEF7D0FD174B1A68126852B110
:108220001A68164BD268D26852681A60FEF7E0FDF1
:10823000DDE73468C1E7114B4FF0FF321A60F5E714
:1082400009490F4A09681268914201D1336070BD33
:10825000BDE87040FFF76ABF0A4940F2A26008F02B
:10826000C9FCCDE764D2002060D300205CD300209D
:1082700008D3002000ED00E068D2002040D30020A9
:10828000FCD20020B40A050038B50D46044658B1AA
:10829000084B196820461831FEF788FC2846012152
:1082A000BDE83840FFF732BB03494FF4366008F0B1
:1082B000A1FCEDE764D20020B40A050070B50E46BB
:1082C0001446054678B10B4B196828461831FEF75D
:1082D0005DFC002C21460CBF30464FF0FF30BDE85E
:1082E0007040FFF713BB044940F68B3008F082FC66
:1082F000E9E700BF64D20020B40A050030B5C368C6
:10830000DC6883B0002C3CD004F118052846FEF749
:1083100065FC1F4B1B683BBB211D08460191FEF706
:108320005DFC1C4AE36A1068019983421A4888BFC1
:10833000136003EB830300EB8300FEF727FC174B6E
:10834000E26A1B68DB6A9A4282BF154B0120186003
:10835000144B1A68126898BF002052B9124B4FF0A4
:10836000FF321A6003B030BD10482946FEF70EFCFC
:10837000E5E71A680C4BD268D26852681A6003B0FD
:1083800030BD0B4940F6BB3008F034FCBCE700BF01
:1083900008D3002010D3002070D2002064D2002027
:1083A0008CD3002068D2002040D3002048D3002086
:1083B000B40A0500034A044B12681B68C0E9002395
:1083C000704700BF44D3002088D30020F0B50D468D
:1083D00083B0044658B38DB3FEF7EEFC2B681A4AFF
:1083E000581C11681DD0DFF868C0D4E90060DCF8C3
:1083F0000070BE4208D0884206D801200190FEF7E6
:10840000F7FC019803B0F0BD0F1ABB420BD95B1A01
:10841000DCF80010126803442B600020C4E900124D
:10842000ECE70020EAE700232B600120E6E707499C
:1084300040F6264008F0DEFB002DCDD1034940F682
:10844000274008F0D7FBC7E788D30020B40A05000F
:1084500044D30020014B01221A6070478CD30020C6
:10846000094B186818B9094B1B6813B170470020F5
:108470007047074A074B10681B68013B984214BFBE
:1084800001200220704700BF48D300208CD3002079
:1084900060D30020FCD20020054B1B6833B1054B94
:1084A0001B68002B0CBF0220002070470120704782
:1084B0005CD3002008D3002070B5044682B0C8B158
:1084C0001D4DC36A2A68D26A934215D28269002A76
:1084D00004DB2A68D26AC2F107028261174E626920
:1084E00003EB830306EB83039A420ED02B68DB6A0F
:1084F000E362012002B070BD2B68006CDB6A984219
:108500002CBF0020012002B070BD211D0846019142
:10851000FEF764FB2A680A4BD06A1A680199E06288
:10852000904200D9186000EB800006EB8000FEF757
:108530002DFB0120DEE700BF64D2002070D20020B6
:1085400010D30020F0B110B51C4B1B68834282B0E1
:10855000044604D01A4940F63B7008F04BFB636CAC
:108560004BB1E16A226C013B9142636400D05BB184
:10857000002002B010BD124940F63C7008F03AFBF2
:10858000636CEEE700207047211D08460191FEF75D
:1085900025FB236C0B4AE362C3F10700A06110685E
:1085A00001998342084888BF136003EB830300EB03
:1085B0008300FEF7EBFA012002B010BD64D2002068
:1085C000B40A050010D3002070D20020B8B130B535
:1085D000436C83B00D4604465BB1216CE36A8D4267
:1085E00038BF0D46AB4202D0626C012A08D003B0FE
:1085F00030BD1B4940F68A7008F0FCFAEDE7704781
:10860000184A1268A24223D0A269E562002AA4BFD8
:10861000C5F10705A561144D626903EB830305EB02
:1086200083039A42E3D1211D08460191FEF7D6FA51
:108630000E4BE06A1A680199904288BF186000EBFF
:10864000800005EB800003B0BDE83040FEF79EBA25
:10865000034940F6A57008F0CDFAE36AD4E700BFFD
:10866000B40A050064D2002070D2002010D300208C
:10867000044B1A681AB119684A6C01324A641868C6
:10868000704700BF64D2002070B5184C06460D46F6
:10869000FEF792FB23689B6C23B92368012183F8C2
:1086A0004C10ADB9FEF7A4FBFEF786FB23689D6C6A
:1086B0001DB123684EB100229A642368002283F81A
:1086C0004C20FEF795FB284670BD6A1E9A64F4E7BD
:1086D0002846FFF71BF9064B4FF080525A6040BF07
:1086E000BFF34F8FBFF36F8FDCE700BF64D2002072
:1086F00000ED00E02DE9F043224C83B00E468046A9
:1087000015469946FEF758FB216891F84C1002294E
:108710000BD023689F6C27EA08079F642368012118
:1087200083F84C10B9F1000F18D1FEF761FBFEF78A
:1087300043FB15B123689B6C2B60236893F84C3086
:10874000022B18D0002023680190002283F84C20CF
:10875000FEF74EFB019803B0BDE8F0834846FFF7F3
:10876000D5F8094B4FF080525A6040BFBFF34F8F8E
:10877000BFF36F8FD9E72368996C21EA06060120C1
:108780009E64E0E764D2002000ED00E0F0B50E4604
:1087900083B017461D460446002862D0FEF70CFB46
:1087A0000DB1A36C2B6094F84C3002217A1EDBB221
:1087B00084F84C10032A06D8DFE802F0480E0402C1
:1087C000022B4CD0A664012B0CD001200190FEF7A7
:1087D0000FFB019803B0F0BDA26C012B02F1010266
:1087E000A264F2D1211D08460191FEF7F7F9204A53
:1087F000E36A1068019983421E4888BF136003EB47
:10880000830300EB8300FEF7C1F9A36A23B11A4981
:1088100041F20E2008F0EEF9184B1A681268CAB13E
:108820001A68174BD268D26852681A60154BE26A10
:108830001B68DB6A9A42C8D9134B4FF080525A60CA
:1088400040BFBFF34F8FBFF36F8FBEE7A16C0E43E6
:10885000A664B8E70A4B4FF0FF321A60E6E7002043
:10886000B4E7054941F2D61008F0C4F996E700BF15
:1088700010D3002070D20020B40A050068D2002076
:1088800040D3002064D2002000ED00E02DE9F0414B
:108890000F4682B015461E46044600285FD0FEF7FC
:1088A000BDFAEFF31188A02383F311880EB1A36CF6
:1088B000336094F84C3002216A1EDBB284F84C100D
:1088C000032A06D8DFE802F0310D0402022B44D05F
:1088D000A764012B0BD0012088F3118802B0BDE8FA
:1088E000F081A26C012B02F10102A264F3D1A36A10
:1088F00023B11F4941F2882008F07CF91D4B1B6809
:10890000BBB11D4804F11801FEF740F91B4BE26AA8
:108910001B68DB6A9A42DED9089B33B301201860DA
:1089200088F3118802B0BDE8F081A16C0F43A76401
:10893000CFE7211D08460191FEF750F9104AE36A7E
:108940001068019983420F4888BF136003EB8303CB
:1089500000EB8300FEF71AF9D8E70020BCE70449D2
:1089600041F2412008F046F999E7074BD6E700BFEE
:10897000B40A050008D3002048D3002064D20020A8
:1089800010D3002070D200208CD3002070B50D468B
:1089900082B00446002845D0FEF740FAEFF3118676
:1089A000A02383F31188022394F84C2084F84C30E0
:1089B000A36C012A03F10103A36403D086F3118899
:1089C00002B070BDA36A23B11B4941F2E22008F056
:1089D00011F91A4B1B688BB1194804F11801FEF705
:1089E000D5F8184BE26A1B68DB6A9A42E6D9FDB1FA
:1089F00001232B6086F3118802B070BD211D08464B
:108A00000191FEF7EBF8104BE06A1A680199904269
:108A100088BF18600D4B00EB800003EB8000FEF771
:108A2000B5F8DEE7044941F2BC2008F0E3F8B3E70B
:108A3000074B01221A60C1E7B40A050008D30020E1
:108A400048D3002064D2002010D3002070D2002030
:108A50008CD30020F8B5104CFEF7AEF925681DB197
:108A6000BDE8F840FEF7C4B90C4F0D4E3846FEF78E
:108A70007DF83046FEF77AF80A4B1F600A4B2A460B
:108A8000102104201E60FEF719FB20600028E7D0AB
:108A90000649FEF7FDFEE3E7C4D3002098D300208B
:108AA000ACD3002090D3002094D300200C0B050001
:108AB00000B583B0FFF7CEFF0C4B1B686BB10C4ABF
:108AC0000C490D480223CDE9003200235022FEF765
:108AD00057FF10B103B05DF804FB08494FF48870EC
:108AE00008F088F8002003B05DF804FBC4D3002030
:108AF000C8D30020640B0500418C0200140B050054
:108B00002DE9F041074628200D4690461E46FDF708
:108B10004FFF044658B16DB1FFF79CFF069B2760DD
:108B2000C4E9065826626362201DFEF72BF8204632
:108B3000BDE8F081024940F2691008F05BF8EBE70C
:108B4000140B05002DE9F0410E4684B017469846F7
:108B50000546E0B1154C206870B1052ECDE90067DF
:108B600002950CDCFFF798FC022816D00023206841
:108B70001A466946FEF7FCFA04B0BDE8F08100230E
:108B800042466946FEF7CAFB04B0BDE8F0810849D9
:108B900040F2831008F02EF8DCE720680A9A0023E0
:108BA0006946FEF7E5FA04B0BDE8F081C4D30020C1
:108BB000140B05002DE9F0431E4EDFF8808083B0D2
:108BC0004FF000090CE0DB68DC681F68251D2846B3
:108BD000FEF704F8636A20469847E369012B0AD040
:108BE00033681A68002AEED1134A116831601360A5
:108BF00003B0BDE8F083A26907EB020C67454FF0B4
:108C0000000320463A46294606D23068C4F804C01C
:108C10002461FDF7CBFFE3E7CDF800901946FFF79D
:108C200091FF0028DCD1414640F26F3007F0E2FFAF
:108C3000D6E700BF90D3002094D30020140B05008A
:108C40002DE9F04F884E894D894CDFF8308289B08C
:108C50003368D3F80090B9F1000F00F09480DB681E
:108C6000D3F80090FFF768F8FFF76EF82A688242A1
:108C7000824600F299808145286040F2A48000225B
:108C80002068A9EB0A01FEF719FEFFF72BF940B99E
:108C90004FF08053C8F8043040BFBFF34F8FBFF38D
:108CA0006F8F2068002204A9FEF7DEFB0028CFD0DA
:108CB000049B002B5FDB069F7B6913B1381DFDF71A
:108CC0008DFFFFF741F82A689042814673D3049ADA
:108CD000C5F80090092AE4D801A353F822F000BF98
:108CE000098D0200098D0200098D0200A38C02008B
:108CF000538D02006F8D0200098D0200098D020064
:108D0000A38C0200538D0200059AB9693F61501887
:108D10002CBF01230023484578604FD8A9EB0203FC
:108D2000994275D87B6A38469847FB69012BB8D1C0
:108D3000BB69059A1A440023009338461946FFF789
:108D400001FF0028ADD14B4940F2FE2007F052FF51
:108D5000A7E7059ABA61002A4BD04A444A457A608F
:108D60003F6155D93068391DFDF720FF99E7384636
:108D7000FDF7B8FE95E7059BDDE906019847049BE2
:108D8000002B8EDB97E7FEF7D7FFFEF7DDFF2A68A3
:108D90009042824608D3384BC5F800A01A68126882
:108DA000B2FA82F252096BE7FFF704FFC5F800A0A0
:108DB000FFF798F875E7FFF7FDFE88E74A45D1D938
:108DC000002BAFD0CEE7FFF78DF83268D268D2F82B
:108DD0000CB00BF1040108460391FDF7FFFEDBF830
:108DE0001C000399012819D0DBF824305846984715
:108DF00057E7204940F2153007F0FCFEBA693F61A1
:108E000002EB090149457960ACD8002A3FF449AF2B
:108E1000194B391D1868FDF7C9FE42E7DBF8180049
:108E2000CBF810B009EB00035345CBF8043003D95D
:108E30003068FDF7BBFED7E7AAEB090398420ED8CE
:108E4000002300934A4619465846FFF77BFE002848
:108E5000CAD1084940F2E51007F0CCFEC4E7064B42
:108E60001868FDF7A3FEBFE790D30020C0D3002011
:108E7000C4D30020140B050094D3002000ED00E0C3
:108E800010B5044682B058B1FDF796FF606900380E
:108E900018BF01200190FDF7ABFF019802B010BD93
:108EA000024940F2B73007F0A5FEEDE7140B0500CC
:108EB00010B5044682B040B1FDF77EFF206A0190F4
:108EC000FDF796FF019802B010BD03494FF473708F
:108ED00007F090FEF0E700BF140B05004FF0A04331
:108EE0004FF400114FF08052C3F80815C3F808255D
:108EF000704700BF012810B5044603D910495F2010
:108F000007F078FE0F4B1C5D2F2C204604D81F2C39
:108F100007D84FF0A04107E00B4940F2CD1007F011
:108F200069FE0A4904F01F00D1F80435012282408D
:108F300022EA03001340C1F80805C1F80C3510BD42
:108F40006C0B0500E40B0500B40B0500000300509A
:108F5000C20708B508D4830700D408BD4FF0A0436A
:108F60000C22C3F8782708BD4FF0A0430322C3F8B2
:108F70005427C3F87027FFF7B1FFECE742DF7047D3
:108F800044DF704700B1704710B5074CA368012259
:108F900062703BB1D3E900230020A2609847A36828
:108FA000002BF7D110BD00BFCCD3002010B580B18D
:108FB000012800D010BD0E4C2369A070002BF9D001
:108FC000D3E900230120226198472369002BF7D1C0
:108FD000F0E7074CA36801226270002BEAD0D3E9C6
:108FE00000230020A2609847A368002BF7D110BD92
:108FF000CCD30020014B1878704700BFCCD30020A1
:1090000038B50C4C237813B18525284638BD0A485D
:109010006360A3602361E36000F066F9054605F034
:10902000A3F818B101232370284638BD00F072F967
:10903000F8E700BFCCD30020AD8F020030B5234D40
:109040002B7883B00446002B33D0AB7803F0FF02BB
:10905000ABB114B163680120984700230DF10700FC
:109060008DF80730F7F73CFAEB689DF807000133FD
:10907000EB60F7F76BFAEB6803B303B030BD0DF1AB
:1090800007008DF80720F7F72BFA64B12A6942B17F
:10909000944208D0134601E09C4204D01B68002B88
:1090A000FAD122602C61EB68002BDDD100F05AF977
:1090B000DAE70749E92007F09DFDC6E7044940F2D9
:1090C000051003B0BDE8304007F094BDCCD30020BC
:1090D000E80B050010B51C4C237882B09BB1E36807
:1090E000CBB100230DF107008DF80730F7F7F8F941
:1090F000E368013BE360E3689BB19DF80700F7F785
:1091000025FA02B010BD11494FF4857007F072FDC9
:10911000E368002BE5D10D4940F20B1007F06AFD22
:10912000DFE705F021F848B900F03CF900239DF88D
:109130000700A370F7F70AFA02B010BD03497920BF
:1091400007F058FDF0E700BFCCD30020E80B050086
:1091500010B5012882B004D003281DD0B0B102B0F0
:1091600010BD174C00230DF107008DF80730F7F7FD
:10917000B7F9237803B3E3689DF80700012213448D
:10918000E360A270F7F7E2F902B010BD0D4B0122C7
:10919000C3F8802002B010BD094B1B7833B100F03A
:1091A000B9F802B0BDE81040FFF794BF064940F29D
:1091B000452007F01FFDF2E7FFF722FFDBE700BFC6
:1091C000CCD3002000E100E0E80B050030B5274DCE
:1091D0002B7883B00446002B36D06B7803F0FF0267
:1091E000ABB114B163680020984700230DF107006C
:1091F0008DF80730F7F774F96B689DF807000133B5
:109200006B60F7F7A3F96B6823B303B030BD0DF1C2
:1092100007008DF80720F7F763F964B1AA6842B137
:10922000944208D0134601E09C4204D01B68002BF6
:10923000FAD12260AC606B68002BDDD104F094FFA2
:1092400080B900F0C5F8D7E709494FF4937007F0EB
:10925000D1FCC2E706494FF4A17003B0BDE830402D
:1092600007F0C8BCFFF78AFEC6E700BFCCD30020DA
:10927000E80B050000B5144B1B7883B083B104F0F4
:1092800073FFB0B94FF08043D3F80C0400F0011025
:10929000A0F10110B0FA80F0400903B05DF804FBC2
:1092A0000A4940F2551007F0A5FC04F05DFF0028C4
:1092B000E8D001A8FFF764FE0198003818BF01202C
:1092C00003B05DF804FB00BFCCD30020E80B050021
:1092D000034653E8000F00EA010243E8002C9CF02B
:1092E000000FF6D1704700BF10B5044640B1074AE1
:1092F000107918B901211460918010BD852010BD2E
:109300000349A42007F076FCF1E700BFE0D300207A
:10931000480C050008B5104B1B794BB10F4B1A6870
:10932000D2070DD54FF080430122C3F8182508BDA0
:109330000B49BD2007F05EFC084B1A68D207F1D438
:109340000122C02183F800131A604FF080430122EC
:10935000C3F8182508BD00BFE0D3002000E100E0FD
:10936000480C050000B50D4B1B7983B083B14FF05D
:1093700080430022C3F80421D3F80421019201980C
:1093800002210122C3F804139A6003B05DF804FBC4
:109390000349EA2007F02EFCE9E700BFE0D30020F4
:1093A000480C050008B5084B1B7943B14FF08042CB
:1093B0000123D360D2F81834DB03FBD408BD034982
:1093C000F72007F017FCF1E7E0D30020480C050078
:1093D00000B50C4B1B7983B07BB14FF0804300226A
:1093E000C3F80021D3F80021019201990122C3F8AA
:1093F00004231A6003B05DF804FB0349FF2007F063
:10940000F9FBEAE7E0D30020480C050010B54FF067
:10941000804382B0D3F8002162B10021164AC3F81C
:109420000011D3F80011507900910121009CC3F87C
:109430000813A8B14FF08043D3F80421CAB1002229
:10944000C3F80421D3F8042101920B4A01980221A8
:10945000C3F808131368012002B0BDE81040184794
:109460001368517198474FF08043D3F80421002AC4
:10947000E5D102B010BD00BFE0D3002030B51F4CD5
:1094800094F86A3083B0ABBB04F12F03204604F19B
:109490005F01FF2203F8012F8B42FBD14FF0FF3217
:1094A00022600123072B88BFE11803F1010340F874
:1094B000042F88BF81F858200C2BF3D106220021FD
:1094C0000F4807F04AFF0F4A0F4BC02182F80613DE
:1094D000002040211160C3F87C01D3F87C21019267
:1094E000019D4FF00042012184F86A10C3F8042363
:1094F00003B030BD082003B030BD00BFE8D300206A
:109500004CD4002000E100E000600040034B93F8E1
:109510006A00003818BF0120704700BFE8D3002060
:109520002F282DE9F84306460F46914641D8DFF82B
:10953000548108EB060393F93030002B02DB08203E
:10954000BDE8F883BA78C2F34002002A0CBF0824B1
:10955000002408EB8403A3F104030CBF0C210821B1
:1095600002E00134A14253D953F8045F0135F8D128
:1095700008EB060365B248F8249083F830501AB916
:1095800008EB040383F85860B878430731D4C20766
:1095900015D52F2E5CD81F2E5FD832464FF0A04332
:1095A00003EB8203D3F8002722F00202C3F800275E
:1095B00014E0304940F2072007F01CFBB7E72F2EDC
:1095C00097F801904DD81F2E50D833464FF0A04148
:1095D00003F5E0734FEA890241F823202649F20897
:1095E00006F0070C885C012303FA0CF303438B5449
:1095F000B87810F002000ED1083D48FA85F83A78A4
:1096000098F8603043EA821388F86030BDE8F88348
:109610000420BDE8F883A40004F1804404F5C044AC
:109620003A78D4F8101521F44F3121F44071C4F880
:10963000101533021204D4F8101502F4403203F46A
:109640007C5313430B43C4F810350020BDE8F88366
:109650000A4940F2CD1007F0CDFA094B06F01F027F
:109660009EE7064940F2CD1007F0C4FA044906F01F
:109670001F03ADE7A40C05004CD40020B40B05007B
:1096800000030050E8D30020F0B52F2883B0044633
:109690000F4653D8434E351995F93030002B58DB1F
:1096A000072B22DD083B46FA83F393F860309B09D1
:1096B000032B5FD0012B0CBF4FF400354FF4403526
:1096C0002F2C4ED81F2C51D84FF0A04000EB840413
:1096D000D4F8003723F44033C4F80037D4F8003707
:1096E0002B43C4F8003703B0F0BDDAB2072AFAD82A
:1096F0009A0002F1804202F5C042D2F8101541F002
:109700000101C2F8101503F1400252B2920092B268
:1097100002F1804202F5C0420021116012680192FC
:10972000019A002FDFD056F82320002ADBD01E49F3
:10973000012202FA03F3C1F80433D4E7194E1B499E
:10974000351940F2372007F055FA95F93030002BE3
:10975000A6DA16494FF40E7007F04CFA95F930303E
:109760009EE7134940F2CD1007F044FA114804F087
:109770001F04ABE72F2C0CD81F2C0FD825464FF019
:10978000A043D3F81035EB4003F0010302331D046E
:1097900096E7074940F2CD1007F02CFA054B04F08C
:1097A0001F05EEE7E8D3002000600040A40C050090
:1097B000B40B0500000300502F2838B504462FD8FD
:1097C000254D254495F93030002B34DB072B14DC74
:1097D000DAB2072A10D89A0002F1804202F5C0429C
:1097E0001E4CD2F81005012120F0010001FA03F30C
:1097F000C2F81005C4F8083338BD2F2C23D81F2C0D
:1098000026D84FF0A04000EB8404D4F8003723F4AE
:109810004033C4F80037D4F80037C4F8003738BDF7
:109820000D4D0F4925444FF4197007F0E3F995F9F0
:109830003030002BCADA0A4940F2652007F0DAF925
:1098400095F93030C2E7074940F2CD1007F0D2F960
:10985000054804F01F04D6E7E8D30020006000406C
:10986000A40C0500B40B0500000300502F2810B510
:10987000044609D81F2811D84FF0A043D3F810058B
:10988000E04000F0010010BD09494FF4227007F0DC
:10989000B1F9084940F2CD1007F0ACF9064BD3F806
:1098A000100504F01F04E04000F0010010BD00BFEF
:1098B000A40C0500B40B0500000300502DE9F04F87
:1098C000002216468BB0CDE904227C4B7C4C7D48AF
:1098D0000122354604E0043383424FEA420211D0AC
:1098E00019680129F7D1D4F804131142F3D01D608F
:1098F000196802910433834246EA020602994FEA4C
:109900004202EDD16E4BD3F87C21012A21D0F3B273
:10991000D3B16D4F00240125A30003F180432E42F3
:1099200003F5C0434FEA45050BD0D3F8100557F8AF
:109930002420D3F81015C0F30520C1F3014102B172
:1099400090470134082CE7D1002E16DB0BB0BDE8A0
:10995000F08F0022C3F87C21D3F87C3103934FF0C1
:10996000A042039BD2F81025584B0492D3F810253F
:109970000592F3B2002B40F09E804FF0FF33DFF8EA
:109980005891CDE908330022CDE90622A9F16402FD
:1099900000234F4D9B4615F9010B431C2DD00AABFC
:1099A000C0F3C20103EB010800F0070418F8083CFB
:1099B0000126A6403342C7B200F03F041DD0101963
:1099C000BB0990F9300052F820A0BAF1000F59D02D
:1099D000032B59D02F2C49D81F2C4FD827464FF096
:1099E000A04101EB870718F8180CD7F80017304290
:1099F000C1F301411AD103294ED0A945CBD15B4611
:109A0000002BA3D04FF0A0430498D3F810352F4972
:109A10009842D1F8101502D10598884296D0CDE928
:109A20000431079B0993069B0893B1E70229E4D10F
:109A3000032B07D0BAF1000FDFD019462046D047DC
:109A4000214ADAE72F2C4FF440362BD8D7F80017ED
:109A500021F44031C7F80017D7F800170BF1010BBC
:109A60000E435FFA8BFBC7F80067E3E719490193E0
:109A700040F2CD1007F0BEF8019B134A134907F0DE
:109A80001F07AEE7032BB8D106A80DF1180C405CF8
:109A900030430CF801009DE7032BCBD12F2C4FF462
:109AA0000036D3D90B49019340F2CD1007F0A2F84C
:109AB000054A019BCAE746F000462AE700610040DC
:109AC0000060004020610040E8D300200003005007
:109AD00048D40020B40B05004CD400202DE9F04FF1
:109AE0000024DFF8A4B085B007468A46904600F50A
:109AF000A0764FF48035A146D7F804332B420ED020
:109B00003368E0B25BB1C7F84853C7F80853C6F8EA
:109B10000090336801935BF82A30019A984701342A
:109B2000A0454FEA450506F10406E5D1D7F8043310
:109B3000DA0702D5D7F80031C3B9D7F804339B0749
:109B400011D5D7F8043173B10023C7F80431D7F821
:109B500004210D4B0392039A53F82A30052005B0D7
:109B6000BDE8F04F184705B0BDE8F08F0023C7F8F7
:109B70000031054BD7F80021029253F82A30029A9F
:109B800004209847D9E700BF54D40020024803229C
:109B90000021FFF7A3BF00BF00B00040024804222D
:109BA0000121FFF79BBF00BF0040024030B50023FA
:109BB000C0F8183183B0D0F818210B680192019ACF
:109BC0000C46002B38D0E57FFF2D0CD0A37FABB126
:109BD0002F2D28D81F2D2BD84FF0A042012303FA98
:109BE00005F5C2F80C5500232046237250F8082BC7
:109BF0006168637703B0BDE8304010472F2D09D866
:109C00001F2D0CD84FF0A042012303FA05F5C2F82E
:109C10000855E8E70B4940F2CD1006F0EBFF0A4A81
:109C200005F01F05F0E7074940F2CD1006F0E2FF0E
:109C3000054A05F01F05D1E704494FF4277006F0E7
:109C4000D9FFC0E7B40B050000030050140D050058
:109C50000348D0F8183113B10249FFF7A7BF704786
:109C6000003000405CD400200348D0F8183113B114
:109C70000249FFF79BBF70470030024080D40020AC
:109C80000348D0F8183113B10249FFF78FBF70476E
:109C900000F00240A4D400202DE9F04F83B08046AC
:109CA000934600930C46002900F04B8198F804502D
:109CB000DFF848A305EBC5090AEB89020192137F7F
:109CC0004FEA8909EE00002B40F01281C54BD8F80D
:109CD000007053F82510384602F026FA0346002893
:109CE00040F05981DDE900124AF809B05160227B49
:109CF00094F80090012A484640F2DE80B9F12F0F17
:109D000000F2FB80B9F11F0F4A4600F2BC814FF010
:109D1000A04C012181402F2ACCF8081500F2DD80EB
:109D20001F2A00F2E1804FF0A04102F5E0724FF0EF
:109D3000010B41F822B094F80190B9F1FF0F00F047
:109D4000FD80B9F12F0F00F25B81B9F11F0F00F216
:109D50009C814FF0A0410BFA09F2C1F80C254A464C
:109D600002F5E072032041F8220094F802B0BBF142
:109D7000FF0F00F0E080BBF12F0F5A4600F2578131
:109D8000BBF11F0F00F28A8159464FF0A04001F548
:109D9000E0714FF0040C40F821C071190AEB810109
:109DA00081F820B094F803B081F81FB0BBF1FF0F29
:109DB00027D02179002900F0C980BBF12F0F00F2D4
:109DC0000081BBF11F0F00F20581DE4659464FF0BE
:109DD000A04C012000FA0EF02F29CCF80C0500F25F
:109DE000C8801F2900F2CE804FF0A04C01F5E07131
:109DF00070190AEB80004FF0030E4CF821E0217936
:109E000081772178C7F80815C7F80C95C7F8102591
:109E1000A268C7F82425627B217B003A18BF012283
:109E2000022900F0C380032900F0BD80012900F061
:109E3000B780C7F854257219A1795AF82220C7F8BB
:109E4000C015002A00F0A3804022C7F8042307228F
:109E5000C7F800256779D8F80010BA1E012A4FEA22
:109E6000113941F3073B03D97A1F022A00F2FF8020
:109E700058464C46BBF1000FC0F29B800BF160418D
:109E80007A0101F56141D2B281F8002356494009B7
:109E900004F01F04012202FA04F441F82040354482
:109EA0000AEB850A0021012218468AF81D108AF85B
:109EB0001C2003B0BDE8F08FB9F12F0F2CD8B9F1F9
:109EC0001F0F4A4600F2EC804FF0A04C0121814068
:109ED0002F2ACCF80C157FF623AF4449009340F2AB
:109EE000CD1006F087FE009B414909F01F021CE7D8
:109EF0000823184603B0BDE8F08F3C49009340F2B8
:109F0000CD1006F077FE2178009B0A4609F01F006D
:109F1000DFF8DCC08946FCE63449009340F2CD10FE
:109F200006F068FE2178009B0A4609F01F00DFF862
:109F3000C0C08946CAE74FF0FF322EE74FF0FF3925
:109F400013E72C49AD2006F055FEAFE6BBF12F0F0D
:109F50007CD8BBF11F0FDE46594600F2A3804FF0BC
:109F6000A04C012000FA0EF02F29CCF808057FF64E
:109F700038AF1E4940F2CD10CDE9002306F03AFE7D
:109F8000DDE90023DFF868C00BF01F012EE7072290
:109F9000C7F8002583E71123184603B0BDE8F08F0A
:109FA00042F0020245E742F0060242E742F00402B4
:109FB0003FE7114909F00F097A01D2B201F80920EF
:109FC00064E70A4940F2CD10CDE9002306F012FE05
:109FD000DDE900230BF01F0E94F803B0DFF810C08A
:109FE0005946F6E6A00D050000E100E0B40B0500BF
:109FF00000030050140D050014ED00E05CD40020B7
:10A000002949019340F2CD1006F0F4FD09F01F023A
:10A01000264B00920BFA02F1C3F80C1540F2CD105A
:10A02000214906F0E7FDDDE90023204998E640F2EA
:10A03000CD101D49CDE900B306F0DCFDDDE90023BC
:10A04000A0780BF01F0183461848A0E6164940F29D
:10A05000CD10CDE9002306F0CDFDE078DDE9002349
:10A0600001460BF01F0EDFF844C0834679E76B20F2
:10A070000F49009306F0BEFDD8F80000009B040BCA
:10A0800040F30730F6E6494640E7084809F01F026A
:10A090000BFA02F1C0F80C15014661E65846D0E70C
:10A0A000494642E75846DCE7B40B05000003005080
:10A0B000680D05002DE9F8430479394E04EBC4031B
:10A0C00006EB830380461B7F4FEAC409002B55D063
:10A0D00009EB040306EB830056F82330D8F8005050
:10A0E00083B145F307335B0920332E4FC5F30432A8
:10A0F000012101FA02F247F823202B4BC5F808335F
:10A10000437FDBB909EB040306EB830393F820706C
:10A11000FF2F26D12846254B9D4208BF01234FF033
:10A1200000024C44C5F8002506EB840608BF6B60AE
:10A1300002F02CF800233377BDE8F8836961D5F885
:10A140000431002BFBD009EB040306EB8303002250
:10A150005A7709EB040306EB830393F82070FF2F73
:10A16000D8D02F2F10D81F2F284614D84FF0A04238
:10A1700007F5E077022342F82730CCE70C4940F29C
:10A18000611006F037FDA3E740F2CD10094906F053
:10A1900031FDD8F80000084A07F01F07E8E700BFC4
:10A1A0005CD4002000E100E05201080000F0024011
:10A1B000140D0500B40B0500000300502DE9F04715
:10A1C0000579944F05EBC50307EB830382B01B7F32
:10A1D00080460C4616464FEAC509002B00F0CA809F
:10A1E0002368002B00F0CF80A368002B00F0AB8029
:10A1F00098F80430022B04D8E368B3F5803FC0F030
:10A20000AA80854940F2352006F0F4FC09EB0503ED
:10A2100007EB83029B00517F002940F0BE80FB5872
:10A2200023B116F0140F04BF0123537709EB050C7B
:10A2300007EB8C0C94E80F009CF81FA00CF10C0E9F
:10A24000BAF1FF0F8EE80F0012D09CF81E30002BE1
:10A250006BD0BAF12F0F00F2AD80BAF11F0F00F2F0
:10A26000AE804FF0A042012303FA0AF3C2F808358A
:10A27000226822B102F06043B3F1005F71D1A1689E
:10A2800021B101F06043B3F1005F6AD1D8F800302A
:10A290006068C3F84425E268C3F84805C3F834157C
:10A2A000C3F838250022C3F81821D3F818210192E9
:10A2B000019A16F0010218BF0122C3F8502516F0CA
:10A2C000020218BF0122C3F8402532075CBF0122F9
:10A2D0001A6109EB050257F8222062B116F004005A
:10A2E0004FF040021ABFC3F808230020C3F804232C
:10A2F00002B0BDE8F087D3F81821002AFBD04D4406
:10A3000007EB8507FC7FFF2C70D0BB7F002B60D054
:10A310002F2C6DD81F2C70D84FF0A042012303FAC8
:10A3200004F4C2F80C450020E2E7BAF12F0F38D848
:10A33000BAF11F0F3AD84FF0A042012303FA0AF3F3
:10A34000C2F80C3594E7E368002B3CD198F8043050
:10A35000022B3FF656AF6368B3F5803FBFF451AFB1
:10A3600054E74D4407EB8507002310207B7702B0AC
:10A37000BDE8F087284940F2322006F03BFC236814
:10A38000002B7FF431AF6368002B3FF42DAF2249DF
:10A3900040F2332006F02EFC26E7112002B0BDE883
:10A3A000F0871E4940F2CD1006F024FC1C4A0AF04A
:10A3B0001F0AC2E7194940F2CD1006F01BFC184AEB
:10A3C0000AF01F0A4FE714494FF40D7006F012FC13
:10A3D0000EE72F2C15D81F2C18D84FF0A0420123C0
:10A3E00003FA04F4C2F80845002081E700207FE763
:10A3F0000A4940F2CD1006F0FDFB094A04F01F04A3
:10A400008CE7064940F2CD1006F0F4FB044A04F054
:10A410001F04E4E75CD40020140D0500B40B050014
:10A420000003005070B5164E164D3468A5FB04238A
:10A430000446154A980CB2FBF0F3A3420ED300FB7E
:10A4400004F4B4F5000F16D24FF0E022916993693D
:10A45000CB1A23F07F439C42F9D870BD9B200B4957
:10A4600006F0C8FB3068A5FB0030800C00FB04F44C
:10A47000B4F5000FE8D30549902006F0BBFBE3E7F5
:10A480002826002083DE1B43FFFF7F00AC0D050064
:10A490002DE9F041114D124FDFF8488082B00024C1
:10A4A0004FF480362B6806FA04F201347BB1D7F8FA
:10A4B000043305F5E0401A424FF0000180B206D0A7
:10A4C00029602B680193D8E90031019A9847042C40
:10A4D00005F10405E6D102B0BDE8F08140910040ED
:10A4E00000900040C8D400202DE9F041114D124FDA
:10A4F000DFF8488082B000244FF480362B6806FADB
:10A5000004F201347BB1D7F8043305F5A0401A42B8
:10A510004FF0000180B206D029602B680193D8E982
:10A520000331019A9847062C05F10405E6D102B0E3
:10A53000BDE8F08140B1014000B00140C8D4002026
:10A54000F0B491F82F308AB0B3B9D0F824214C6B15
:10A550008D6A002A34D0C0F82431D0F82431049315
:10A560000123049A436181F82F30AC4217D00123B4
:10A5700018460AB0F0BC70470023C0F82431D0F868
:10A5800024210392039AC0F81C31D0F81C210292B6
:10A59000029AC0F80831D0F808310193019BD0F835
:10A5A0000431002BE3D00023C0F80431D0F804219B
:10A5B0000992099A81F82D3018460AB0F0BC70470C
:10A5C000D0F81C61A6B1C0F81C21D0F81C6105961A
:10A5D000059ED0F82461002E37D0C0F82421D0F891
:10A5E000243106930123069A436181F82F30BCE79A
:10A5F000D0F80821002AB8D0C0F80861D0F80821A6
:10A600000792079AD0F8242152B1C0F82461D0F8FB
:10A61000243108930123089A436181F82F30A4E77D
:10A620004A6B8E6AB242A0D24E6AD0F81875B754FF
:10A630004A6B8E6A013206F1FF3C62454A6320D0C4
:10A64000B24225D0012303628FE74A6B8E6AB24281
:10A6500006D24B6A9B5CC0F81C3501324A6384E722
:10A6600091F82C202AB90A6A520605D401234361C5
:10A670007BE70122C2617BE70122C26181F82D20C4
:10A6800076E70F6A7F060BD40223C0F80032D9E7C1
:10A690000A6A52067FF569AF022281F82D2067E72A
:10A6A000B242CFD1F8E700BF10B586B000233A4AD6
:10A6B0000192C0F80431D0F804210592059AC0F83F
:10A6C0002431D0F824210492049AC0F81C31D0F827
:10A6D0001C210392039AC0F808318A6A0446D0F814
:10A6E00008010290012A02984B6381F82F3014D0A0
:10A6F0000123C4F800320123236291F82D20022A9D
:10A7000018BF23600B687BB140F286238B608B6897
:10A71000C4F80433002006B010BD0B6A5B06E7D412
:10A720000223C4F80032E6E7019B002B06DC26E09A
:10A73000019B013B0193019B002B04DD2046FFF7A9
:10A74000FFFE0028F4D191F82F30C3B1D4F8C434FF
:10A75000C4F8C4349BB113F0010F18BF4FF402408A
:10A7600048F2012208BF032013F0020F18BF104661
:10A7700048F2022213F0040F18BF104600E0002038
:10A78000019B002BC7DC00220523C4F80025032011
:10A79000C4F80035BFE700BFA086010010B586B041
:10A7A0000023434A0192C0F80431D0F804210592F5
:10A7B000059AC0F82431D0F824210492049AC0F8F4
:10A7C0001C31D0F81C210392039AC0F80831D0F84C
:10A7D00008210292044601220298C4F800324B6319
:10A7E00081F82F30226291F82D30934218BFA26079
:10A7F0004B6B8A6A934210D2486A5A1CC35CC4F8F5
:10A800001C354A630B68CBB140F286238B608B68A2
:10A81000C4F80433002006B010BD91F82C30002B92
:10A8200043D10B6A13F0400F4FF0010316BFE361F1
:10A83000636181F82D300B68002BE5D1019B002B63
:10A8400006DC26E0019B013B0193019B002B04DD0C
:10A850002046FFF775FE0028F4D191F82F30C3B1E0
:10A86000D4F8C434C4F8C4349BB113F0010F18BF3A
:10A870004FF4024048F2012208BF032013F0020FF8
:10A8800018BF104648F2022213F0040F18BF1046FA
:10A8900000E00020019B002BBDDC00220523C4F852
:10A8A00000250320C4F80035B5E70123E361A9E7DB
:10A8B000A086010030B5384C236887B0002B5AD0F1
:10A8C00035494FF04020FFF73BFEE0B994F82F30B8
:10A8D000DBB9227B901E012835D9304D00238DF83D
:10A8E00000300FCD0DF1040CACE80F002B68CCF854
:10A8F0000030236A0022590784F8302003D4D4E9B9
:10A9000000316846984707B030BD01F10C0EBEE833
:10A910000F000DF1040CACE80F004FF04025DEF8FD
:10A920000030CCF80030D5F8C434C5F8C4349A07E8
:10A9300005D45D0725D502238DF80030D9E7012322
:10A940008DF80030D5E7656AA0698542C5D1E06918
:10A9500060626069A062206A84F82D30C0F3401004
:10A96000032A84F82C004FF0402010D007B0BDE837
:10A970003040FFF799BE0A4940F2912006F03AF9BB
:10A980009EE7D80744BF03238DF80030B1E707B036
:10A99000BDE83040FFF702BFE0D40020ECD4002037
:10A9A0000C0E050010B5084CD4F8003182B04BB144
:10A9B000064B1B6898470023C4F80031D4F80031D7
:10A9C0000193019B02B010BD0000014020D5002082
:10A9D00070B50D460446002834D0002D38D0214BE8
:10A9E00021491A780D605ABB204A2178012018703D
:10A9F000C2F80C156068460C4FF47A72C00300234D
:10AA0000314606F0B1FAB6F57A7F054613D2174BF8
:10AA1000C3F80455247AA31E012B02D9631F022B0D
:10AA20001BD8134B6401E4B24FF4803283F8104317
:10AA300000201A6070BD0F49642006F0DBF8E6E7DD
:10AA4000082070BD0B494A2006F0D4F8002DC6D16D
:10AA500008494E2006F0CEF8C1E707496B2006F002
:10AA6000C9F8DEE71DD5002020D5002000000140F8
:10AA700000E100E0640E0500680D050010B50C4B08
:10AA80001B787BB10B4C2378012B03D00A4976202D
:10AA900006F0B0F8094B01220221C3F804231A6022
:10AAA000217010BD0449752006F0A4F8EAE700BF44
:10AAB0001CD500201DD50020640E050000000140BB
:10AAC00038B50B4B1B78022B03D00A49822006F0C5
:10AAD00091F8094B187850B1084D094C002303F543
:10AAE000C0710133DAB2824245F82140F7D338BD54
:10AAF0001DD50020640E05001CD50020000001407B
:10AB00003546526E30B5054683B068B3194B1B7895
:10AB1000012B03D018498D2006F06CF800240DF1AC
:10AB200007008DF80740F5F7DBFC144A1378072B74
:10AB300012D813492B70581C1070D1F80805012247
:10AB400002FA03F30343C1F808359DF80700F5F74F
:10AB5000FDFC204603B030BD9DF80700F5F7F6FC7C
:10AB60000424204603B030BD03498C2006F042F88F
:10AB7000CCE700BF1DD50020640E05001CD50020C9
:10AB80000000014010B5084B1B78022B044603D08F
:10AB90000649A22006F02EF8054B064A04F5C074BB
:10ABA00043F8242010BD00BF1DD50020640E050011
:10ABB000000001403546526E10B50C4B0C4C02782B
:10ABC00053F8213054F8211086B08DF80420D0E9D4
:10ABD000014202948DF80C20D0E9034201A80494AC
:10ABE0008DF81420984706B010BD00BF34D5002062
:10ABF00024D500202DE9F04F844617481CF8045B4B
:10AC0000D1F8009091F804804F798E68B1F80CB0BB
:10AC1000DFF850A01446002A40F825400F4A10489B
:10AC200040F825300FCA85B0EE468EE80F000CBF05
:10AC3000224652462B4671466046CDF800908DF86C
:10AC400005808DF806700296ADF80CB0FFF724F879
:10AC500005B0BDE8F08F00BF34D50020BC0E050064
:10AC600024D50020B9AB020000B50A480A4A0B49B6
:10AC7000126883B000234FF0010C0370ADF805306B
:10AC80008DF807308DF804C001A80B70904703B011
:10AC90005DF804FB44D5002070D6002074D6002057
:10ACA000704700BF10B52B4BD3F80044C3F80044E5
:10ACB00082B0BFF36F8FBFF34F8FBFF36F8FBFF3C0
:10ACC0004F8FE1050ED52448244A002302218DF838
:10ACD0000730ADF805308DF804100368012101A894
:10ACE00011709847A2050DD51B4A1C491268002314
:10ACF00003208DF80400ADF805308DF8073001A869
:10AD00000B70904763051DD5144C2378D3B1114BBC
:10AD1000D3F82C35C3B90F4A012100232370C2F8A0
:10AD200008159165BFF36F8FBFF34F8F0A4AADF8D7
:10AD30000530042112688DF804100DEB01008DF828
:10AD40000730904702B010BD054940F2FE4005F0C3
:10AD500051FFE0E70070024070D6002044D500208B
:10AD6000CC0E050010B582B00D4B0E4900228DF8B7
:10AD70000420D3F820050C4AD3F8C0441368ADF87A
:10AD80000600002C0CBF4FF4807C4FF0012C43EAEE
:10AD90000C030968136001A8884702B010BD00BF0A
:10ADA0000070024070D600204CD500204FF0805338
:10ADB000D3F83031082B03D1114B0022C3F81C2CDF
:10ADC000104B114993F88E200020032A087002D0FE
:10ADD000D3F8803003B1704700B56FF0807183B055
:10ADE0000A48FEF775FA0A4B062108221B688DF8FF
:10ADF0000410ADF8062001A8984703B05DF804FBE5
:10AE00000070024050D5002045D5002048D50020D4
:10AE100070D600204FF08053D3F83031082B03D187
:10AE2000144B0022C3F81C2C134B144993F81E2119
:10AE30000020032A087003D0D3F810312BB17047DB
:10AE40000F486FF48071FEF743BA00B56FF480715C
:10AE500083B00B48FEF73CFA0A4B062188221B6898
:10AE60008DF80410ADF8062001A8984703B05DF8EE
:10AE700004FB00BF0070024050D5002045D50020E3
:10AE800048D5002070D600204FF08053D3F83031E1
:10AE9000082B03D10A4B0022C3F81C2C094B0A498A
:10AEA00093F89E200020032A087003D0D3F8903036
:10AEB00003B1704705486FF00101FEF709BA00BF02
:10AEC0000070024050D5002045D5002048D5002014
:10AED0004FF08053D3F83031082B03D10A4B0022B6
:10AEE000C3F81C2C094B0A4993F8EE200020032AD2
:10AEF000087003D0D3F8E03003B1704705486FF015
:10AF00002001FEF7E5B900BF0070024050D50020D7
:10AF100045D5002048D500204FF08053D3F830317C
:10AF2000082B03D10A4B0022C3F81C2C094B0A49F9
:10AF300093F80E210020032A087003D0D3F80031C3
:10AF400003B1704705486FF08001FEF7C1B900BF3B
:10AF50000070024050D5002045D5002048D5002083
:10AF60004FF08053D3F83031082B03D10A4B002225
:10AF7000C3F81C2C094B0A4993F8FE200020032A31
:10AF8000087003D0D3F8F03003B1704705486FF074
:10AF90004001FEF79DB900BF0070024050D500206F
:10AFA00045D5002048D500204FF08053D3F83031EC
:10AFB000082B03D10A4B0022C3F81C2C094B0A4969
:10AFC00093F8DE200020032A087003D0D3F8D03095
:10AFD00003B1704705486FF01001FEF779B900BF63
:10AFE0000070024050D5002045D5002048D50020F3
:10AFF0004FF08053D3F83031082B03D10A4B002295
:10B00000C3F81C2C094B0A4993F8AE200020032AF0
:10B01000087003D0D3F8A03003B1704705486FF033
:10B020000201FEF755B900BF0070024050D5002064
:10B0300045D5002048D500204FF08053D3F830315B
:10B04000082B03D10A4B0022C3F81C2C094B0A49D8
:10B0500093F8CE200020032A087003D0D3F8C03024
:10B0600003B1704705486FF00801FEF731B900BF22
:10B070000070024050D5002045D5002048D5002062
:10B080004FF08053D3F83031082B03D10A4B002204
:10B09000C3F81C2C094B0A4993F8BE200020032A50
:10B0A000087003D0D3F8B03003B1704705486FF093
:10B0B0000401FEF70DB900BF0070024050D500201A
:10B0C00045D5002048D50020584A70B513684FF088
:10B0D000010C0CFA01F423431360020682B005460A
:10B0E00010D4534B1B681C420AD1524B8DF80600FA
:10B0F00006221B688DF804208DF807C001A8984728
:10B1000002B070BD00F00F06082E3FD84A4B33F84E
:10B11000163003F1804303F51C331A682AB300226A
:10B120001A60BFF36F8FBFF34F8F802D54D02B0762
:10B1300047D4002E6BD04FF08053D3F83031082B1A
:10B1400045D03E4B0022082E1A7025D83C4B03EB0D
:10B1500006123101927B032A01D05B582BB90121E1
:10B16000B1403348C943FEF7B3F8314B1B68234065
:10B17000C6D1304A8DF80650062112688DF80410A9
:10B180008DF8073001A8904702B070BD2D4940F2FC
:10B190007B1005F02FFDB9E72A4940F2AB2005F0FE
:10B1A00029FD274B03EB06123101927B032A02D0C3
:10B1B0005B58002BD9D1234940F2BE2005F01AFD7F
:10B1C000CDE720494FF4707005F014FDB1E71E4B38
:10B1D0000022C3F81C2CB4E74FF080530021D3F8B1
:10B1E0003031082B04BF184BC3F81C2C134A174BE3
:10B1F000117093F89E20032A03D0D3F89030002BCF
:10B20000B3D16FF001010A48FEF762F8ADE70D49CE
:10B2100040F2C13005F0EEFC4FF08053D3F83031EE
:10B22000082BD4D0054B1E7090E700BF4CD50020F2
:10B2300048D5002070D60020580F050045D50020C5
:10B24000E0D50020CC0E05000070024050D5002053
:10B2500038B50B4B1D7805F00F04082C09D82B06C8
:10B260005CBF1034E4B221462846BDE83840FFF701
:10B270002BBF044940F2BE2005F0BCFCEFE700BF45
:10B2800074D60020CC0E050038B500F00F05082D4F
:10B29000044610D821061AD42207104B04D405F511
:10B2A000947553F8250038BDD3F8C00410F4803FDE
:10B2B00018BF002038BD0A4940F28E2005F09AFCE4
:10B2C000084940F25F4005F095FC2106E4D50549A8
:10B2D0004FF48C6005F08EFCDEE700BF007002408A
:10B2E000CC0E0500200F05002DE9F04FDFF81CA360
:10B2F000BF4FDAF800303A68134087B000F0BE80E4
:10B30000DFF80C8313F0012400F0DC8094FAA4F43D
:10B31000B4FA84F300931C460F2C40F2B280A4F1DF
:10B32000100505F00F04082CEDB200F254814FEA2D
:10B33000041B6BB2019358F80B3008EB0416002B7A
:10B3400000F087812846FFF79FFFB28958F80BB0BD
:10B3500071680346814604A8D847049A002A00F081
:10B360006781059A914500F20E81DDF804908346CD
:10B3700040F0B280BBF1000F00F0AB804FF0805383
:10B38000D3F83031082B03D19A4B8222C3F81C2CFE
:10B3900000983A68B368012101FA00F022EA00023D
:10B3A0003A60059A1344B360934BB9F1000F1970DA
:10B3B0000499C0F2DF80280700F1988004EB840331
:10B3C0009B0003F1804303F51C33A500C3F800176D
:10B3D000C3F804274FF08053D3F83021082A00F037
:10B3E0009280082C00F21E81B9F1000FB4BF042333
:10B3F00028232B44DBB203F1804303F51C334FF0C9
:10B4000001021A60BFF36F8FBFF34F8F7B4B7C4DF0
:10B410007C4F784EA8BF1D4605EB440509E02B88FC
:10B4200003F1804303F51C331B683BBBD6F80031A6
:10B4300023BB082CF3D9394640F27B1005F0DAFB28
:10B44000EDE71E20FEF7EEFFD5F874349A0606D419
:10B450000220FEF7E7FFD5F874349B06F8D50120EB
:10B46000FEF7E0FF082C00F2D780B8F8003003F1B7
:10B47000804303F51C331B68002B5CD007B0BDE88C
:10B48000F08F082C44F0800500F2AB80DFF8848157
:10B490004FEA041A4FFA85F958F80A3008EB0416F7
:10B4A00033B9584940F2715005F0A4FB58F80A30FE
:10B4B000B289716804A8984700287FF45FAF48F804
:10B4C0000A005BE793FAA3F3B3FA83F200921446FF
:10B4D00022E7C6F800B051E74A4940F29C5005F017
:10B4E00089FBBBF1000F7FF449AFF2E7414BC3F892
:10B4F000A017C3F8A4274FF08053A500D3F830213C
:10B50000082A7FF46EAFD3F83471002F7FF469AF4F
:10B51000B9F1000FB4BF042628262E44384B374A11
:10B52000344DF6B206F18046B4BF9846904606F513
:10B530001C3608EB4408DFF8CC900DE001233360A3
:10B54000BFF36F8FBFF34F8F0220FEF76BFFD5F86D
:10B550000431002B7FF475AFC5F80471BFF36F8F12
:10B56000BFF34F8F082CE9D9494640F29B2005F0E4
:10B5700041FBE3E72D0721D51E4BA500C3F8A0161C
:10B58000C3F8A42626E7009B012199400224C94361
:10B59000B4735046FDF79CFE1B4B8DF80E500622EF
:10B5A0001B688DF80C208DF80F4003A89847DAF837
:10B5B00000303A6813407FF4A5AE5FE704EB8403E4
:10B5C0009B0003F1804303F51C33A500C3F800166C
:10B5D000C3F80426FEE60B4940F2AB2005F00AFB57
:10B5E000A5E6084940F2AB2005F004FB4EE700BF9A
:10B5F0004CD500200070024045D500206C0F05009E
:10B60000580F0500CC0E050070D6002048D500204C
:10B6100050D50020E0D50020114940F27B1005F004
:10B62000E9FA22E70E4940F29B2005F0E3FADBE657
:10B63000059BDDF804908346002B3FF49BAE084940
:10B6400040F28D5005F0D6FABBF1000F7FF496AEB4
:10B650003FE7034940F2715005F0CCFA72E600BFB3
:10B66000CC0E050038B51D4BD3F86C44C3F86C44C0
:10B67000BFF36F8FBFF34F8F4FF08053D3F830215C
:10B68000082A1ED0ACB1012594FAA4F1B1FA81F3D5
:10B690000F2BA3F110001946D8BF43F0800005FA24
:10B6A00003F3C8BFC0B224EA0304FFF70DFD002C6A
:10B6B000EAD10B4B1B781BB9BDE83840FFF714BE2D
:10B6C00038BDD3F83431002BDCD1064A136823F09F
:10B6D000011103F001130C431360D3E70070024023
:10B6E00045D5002078D6002010B54FF0805382B0A9
:10B6F000D3F83031082B03D1164B0022C3F81C2C91
:10B70000154B164C93F84E200021032A217006D0C9
:10B710001B6C73B102B0BDE81040FFF7E5BD1048E7
:10B720006FF48011FDF7D4FD2378002BF2D002B026
:10B7300010BD6FF480110A48FDF7CAFD094B0422C1
:10B7400006211B688DF80410ADF806200DEB0200F1
:10B750009847E9E70070024050D5002045D5002009
:10B7600048D5002070D6002010B54FF0805382B02D
:10B77000D3F83031082B03D1164B0022C3F81C2C10
:10B78000154B164C93F87E200021032A217006D019
:10B790001B6F73B102B0BDE81040FFF7A5BD1048A4
:10B7A0006FF40001FDF794FD2378002BF2D002B076
:10B7B00010BD6FF400010A48FDF78AFD094B062110
:10B7C00007221B688DF80410ADF8062001A89847E1
:10B7D000EAE700BF0070024050D5002045D50020A8
:10B7E00048D5002070D6002010B54FF0805382B0AD
:10B7F000D3F83031082B03D1154B0022C3F81C2C91
:10B80000144B154C93F86E200021032A217006D0AA
:10B810001B6E73B102B0BDE81040FFF765BD0F4865
:10B820006FF48001FDF754FD2378002BF2D002B0B5
:10B8300010BD6FF480010948FDF74AFD084A062350
:10B8400012688DF80430ADF8063001A89047EBE798
:10B850000070024050D5002045D5002048D500207A
:10B8600070D6002010B54FF0805382B0D3F830313D
:10B87000082B03D1164B0022C3F81C2C154B164C79
:10B8800093F85E200021032A217006D01B6D73B14E
:10B8900002B0BDE81040FFF727BD10486FF400115B
:10B8A000FDF716FD2378002BF2D002B010BD6FF427
:10B8B00000110A48FDF70CFD094B062105221B6803
:10B8C0008DF80410ADF8062001A89847EAE700BFFC
:10B8D0000070024050D5002045D5002048D50020FA
:10B8E00070D6002010B54FF0805382B0D3F83031BD
:10B8F000082B03D1164B0022C3F81C2C154B164CF9
:10B9000093F83E200021032A217006D01B6B73B1EF
:10B9100002B0BDE81040FFF7E7BC10486FF400210B
:10B92000FDF7D6FC2378002BF2D002B010BD6FF4E7
:10B9300000210A48FDF7CCFC094B062103221B68B5
:10B940008DF80410ADF8062001A89847EAE700BF7B
:10B950000070024050D5002045D5002048D5002079
:10B9600070D6002010B54FF0805382B0D3F830313C
:10B97000082B03D1154B0022C3F81C2C144B154C7B
:10B980009A7F0021032A217006D01B6973B102B08F
:10B99000BDE81040FFF7A8BC0F486FF40031FDF779
:10B9A00097FC2378002BF2D002B010BD6FF4003169
:10B9B0000948FDF78DFC094B062101221B688DF813
:10B9C0000410ADF8062001A89847EAE7007002408D
:10B9D00050D5002045D5002048D5002070D6002045
:10B9E00010B54FF0805382B0D3F83031082B03D11B
:10B9F000164B0022C3F81C2C154B164C93F82E2026
:10BA00000021032A217006D01B6A73B102B0BDE881
:10BA10001040FFF769BC10486FF48021FDF758FC17
:10BA20002378002BF2D002B010BD6FF480210A48B9
:10BA3000FDF74EFC094B062102221B688DF804100D
:10BA4000ADF8062001A89847EAE700BF0070024061
:10BA500050D5002045D5002048D5002070D60020C4
:10BA60004FF08053D3F83021082A07D00E4B012223
:10BA7000DA64BFF36F8FBFF34F8F7047D3F8343161
:10BA8000002BF3D1EFF3108172B6074B0122DA6479
:10BA9000BFF36F8FBFF34F8FDA64BFF36F8FBFF3C6
:10BAA0004F8F81F310887047007002404FF0805331
:10BAB000D3F83031082B03D1144B0022C3F81C2CCF
:10BAC000134B14499A7B0020032A087018D010B534
:10BAD0001C6882B024B102B0BDE81040FFF7C0BFBF
:10BAE0006FF480310C48FDF7F3FB0C4BADF80640CA
:10BAF00006221B688DF8042001A8984702B010BDEB
:10BB000005486FF48031FDF7E3BB00BF00700240D1
:10BB100050D5002045D5002048D5002070D6002003
:10BB200070B545B2002D82B0044668DB4FF08053FB
:10BB3000D3F83021082A37D000230DF1070004F094
:10BB40000F068DF80730F4F7CBFC082E5DD8002DDA
:10BB500011DB3549012306F1100203FA02F20B68EA
:10BB600023EA02030B60230713D59DF80700F4F7BF
:10BB7000EDFC02B070BD2C4901220B68B24023EAF3
:10BB8000020322070B60F0D4284940F2834005F0FD
:10BB900031F8274B06F59476002243F82620BFF3B0
:10BBA0006F8FBFF34F8FE0E7D3F83431002BC3D151
:10BBB0000DF1070004F00F048DF80730F4F790FC46
:10BBC000082C2AD81849002D0B68ACBF04F11000CE
:10BBD00020460122824023EA02026400144B0A60DC
:10BBE00004F2C5740020C3F80048C3F804089DF8A7
:10BBF0000700D3F80438F4F7A9FC02B070BD0D4972
:10BC000040F6291004F0F6FF90E70A4940F2BE2002
:10BC100004F0F0FF002D9CDAADE7064940F2BE20AB
:10BC200004F0E8FFCEE700BF4CD50020200F050050
:10BC300000700240CC0E05002DE9F047044682B0AA
:10BC400000230DF1030004F00F058DF80330F4F725
:10BC500047FC082D6ED8210632D5230749D5DFF8D9
:10BC6000D891DFF8E081D9F80030D8F8007063EAA5
:10BC700007070126AE40374234D023EA0603C9F84D
:10BC80000030D8F80030694A8DF806402901334366
:10BC900002EB05156648C8F8003000245450032311
:10BCA00006210268AB738DF804108DF8073001A8E7
:10BCB00090479DF80300F4F749FC02B0BDE8F08717
:10BCC0005C4A5D490123280102EB0516103503FA91
:10BCD00005F50B6835EA030759D02046FFF720FF2A
:10BCE0000323B3739DF80300F4F730FC02B0BDE802
:10BCF000F087802C514A7ED005F2DA335B00C2F81F
:10BD00000038D2F80438D2F80418DFF82C91DFF8A4
:10BD10003481DBB243F002030B43C2F80438D2F89B
:10BD20000438D8F80070D9F80030082D63EA070706
:10BD300013D89EE740F2AB20414904F05BFF200698
:10BD40002FD52207D5D5DFF8FC80DFF8EC90D8F8A6
:10BD50000030D9F8007067EA03070126384940F23D
:10BD6000BE20AE4004F046FF3742BBD0344940F21B
:10BD7000BE2004F03FFFD9F80030314923EA060322
:10BD800040F2BE20C9F8003004F034FF79E723EA1E
:10BD900005031750ED430B602A4A13681D401560D8
:10BDA0009EE7DFF89490DFF88CA0D9F80070244962
:10BDB00040F2BE2004F01EFF4FEA051805F1100303
:10BDC0000AEB05160125FF439D402F4085D11C49F4
:10BDD0004AF8087040F2BE2004F00CFFD9F8003099
:10BDE000174923EA050340F2BE20ED43C9F80030AD
:10BDF00004F000FFD0E740F2B473C2F80038D2F884
:10BE00000438D2F80418DFF83090DFF83880DBB25D
:10BE100043F004030B43C2F80438D2F80438D8F8CE
:10BE20000070D9F8003063EA070722E7E0D5002068
:10BE300070D6002050D5002048D500200070024068
:10BE4000CC0E05004CD500202DE9F043224EDFF842
:10BE50009C803368214998F80090214A0968D2F8FB
:10BE60008074DC4309F00F05A4B2082D83B044EAC6
:10BE7000010425D819F0800F04BF1035EDB201235D
:10BE800003FA05F5254221D107F080076FF0011173
:10BE9000124888F80070FDF71BFA33681149002238
:10BEA000ADF805208DF80720052243F0010309684D
:10BEB0008DF8042001A83360884703B0BDE8F08303
:10BEC000094940F2BE2004F095FED3E798F800003F
:10BED000FFF7B2FED8E700BF4CD5002048D50020C0
:10BEE0000070024070D60020CC0E050074D60020F1
:10BEF0002DE9F8437D4BD3F80463002E4DD0002587
:10BF000031462F464FF0010C91FAA1F3784AB3FA6B
:10BF100083F3980002440CFA03F014682CB1176004
:10BF2000BFF36F8FBFF34F8F05438143ECD14FF0C9
:10BF30008053D3F83021082A19D005F4000635F4CF
:10BF400000056C4F0ED0DFF8B0914FF0010895FA64
:10BF5000A5F4B4FA84F459F8243008FA04F49847A4
:10BF6000A543F4D13B7883B19EB9BDE8F883D3F8FB
:10BF70003431002BE1D15F4F3B78F3B9A80222D4D2
:10BF800005F4000635F40005DDD1FFF7ADF9002E0C
:10BF9000EBD0BDE8F843FFF757BF4FF08053D3F81D
:10BFA0003021082A40F09380D3F83451002D40F01E
:10BFB0009780504F3B78002BE2D005F4000635F413
:10BFC0000005C0D1D0E7494B4848DFF830C140F206
:10BFD000A972C3F80028D3F8041811F0FF011CBFA0
:10BFE000D3F804381940414B40F2AA72C3F8002834
:10BFF000D3F8042812F0FF021CBFD3F804381A400B
:10C0000040F2AB73C0F80038D0F8043813F0FF03E7
:10C010001CBFD0F804080340344840F2AC74C0F8A8
:10C020000048D0F8044821400CD0DCF8004040F231
:10C03000A97E0C43CCF80040C0F800E8C0F8041812
:10C04000D0F80418294940F2AD70C1F80008D1F8C1
:10C05000040802400DD0DCF8000040EA0240CCF8B1
:10C06000000040F2AA70C1F80008C1F80428D1F815
:10C0700004281E4A40F2AE71C2F80018D2F8042813
:10C08000134010D0D90748BF45F40005DA06174A17
:10C0900040F2AB71C2F80018C2F80438D2F8043884
:10C0A00048BF45F00105DCF8003033F001121CBF39
:10C0B00006F080710D4313F0011F3FF461AF73056B
:10C0C0007FF55EAFCCF8002045F4806558E7094B5A
:10C0D0001B78002B7FF449AFBDE8F843FFF704B9A4
:10C0E000044B1B78002B7FF440AF4EE700700240FA
:10C0F0000071024045D50020800F050078D6002051
:10C1000010B5074C236813B1BDE810401847054926
:10C11000512004F06FFD2368BDE81040184700BFB0
:10C120007CD60020E40F050030B5044683B0F8B19A
:10C13000134B984219D100230DF107008DF80730F9
:10C140000D46F4F7CDF90F4B9DF807001C793CB96B
:10C1500001221D601A71F4F7F9F9204603B030BDD1
:10C16000F4F7F4F9112003B030BD002003B030BD66
:10C170000549772004F03EFD204603B030BD00BFE6
:10C18000002000407CD60020E40F050038B1064BAB
:10C19000984203D1054B00221A601A717047044976
:10C1A0009B2004F027BD00BF002000407CD600206B
:10C1B000E40F050031DF704700B585B0024600236B
:10C1C0000DF10F008DF807208DF80F30F4F788F986
:10C1D00001F0CAFF30B19DF80F00F4F7B7F905B0D0
:10C1E0005DF804FB09480DF10701FAF7CFF907489C
:10C1F000FAF7B0F90028EED000F07AF99DF80F00B8
:10C20000F4F7A4F905B05DF804FB00BF68CA0400A8
:10C2100000B583B098B103280ED100230DF10700BB
:10C220008DF80730F4F75CF911480378012B11D031
:10C230009DF80700F4F78AF903B05DF804FB0C4B96
:10C240001B78012BF8D100F053F903B05DF804EB33
:10C2500000F064B90749013000F0DEF810B900F0D1
:10C2600027F9E5E7044940F2071004F0C3FCF6E7BC
:10C27000D4D60020B9C102004010050010B5154CFD
:10C28000227882B012BB14498DF807200346002B98
:10C2900008BF0B460DF107001B88A4F80130F4F726
:10C2A0001FF901F061FF40B19DF8070001232370E1
:10C2B000F4F74CF9002002B010BD0849601C00F0F2
:10C2C000ABF80028F7D100F0F3F8EDE7852002B0D5
:10C2D00010BD00BFD4D6002098100500B9C10200DF
:10C2E00010B5114C2378012B82B003D00F49902058
:10C2F00004F080FC00230DF107008DF80730F4F7FF
:10C30000EFF801F031FF50B19DF80700F4F71EF986
:10C310000748FAF721FA0023237002B010BD00F09D
:10C32000E7F800F0FBF8EFE7D4D600204010050056
:10C3300068CA04002DE9F043244B1B78012B83B01D
:10C3400006460F4603D02249B72004F053FCDFF81D
:10C350008480002542F207090CE09DF80700F4F7FD
:10C36000F5F839463046FFF725FF484504461ED00C
:10C37000022C17D10DF107008DF80750F4F7B0F833
:10C3800001F0F2FE0028E8D13A4631464046FAF77D
:10C39000A3F9044600F08CF89DF80700F4F7D6F8EE
:10C3A000022CE7D044B9204603B0BDE8F083052451
:10C3B000204603B0BDE8F083052CF4D00449D12019
:10C3C00004F018FC204603B0BDE8F083D4D600206A
:10C3D0004010050068CA0400F8B50D4B1B78012B0E
:10C3E00004460F460FD16FB1402F3E4628BF40266E
:10C3F000F5B229462046FFF79DFF0028F9D1BF1B63
:10C400003444F1D1F8BD0349E02004F0F3FBEAE73E
:10C41000D4D600204010050070B50D46044658B330
:10C4200085B31D4E33782BBB23781C4ADB07156080
:10C4300006D51B4AD2F8043543F00103C2F804358F
:10C44000174AD2F8003223F00103C2F800326478B0
:10C45000A31E012B02D9631F022B18D8114B6401B4
:10C46000E4B283F80D434FF400510122196000201B
:10C47000327070BD852070BD0B493E2004F0BAFBC0
:10C48000002DCED108493F2004F0B4FBC9E707498D
:10C490006B2004F0AFFBE1E7DCD60020D8D600200B
:10C4A00000D0004000E100E09C100500680D050090
:10C4B00000B50C4B1B78012B83B003D00A495620E2
:10C4C00004F098FB094B0022C3F80021D3F80021A7
:10C4D000019201990122C3F804231A6003B05DF8A8
:10C4E00004FB00BFDCD600209C10050000D00040FB
:10C4F00008B5074B1B78012B03D006495E2004F0DA
:10C5000079FB054B0122C3F808235A6008BD00BF20
:10C51000DCD600209C10050000D0004010B50A4C6D
:10C520002378012B03D00949652004F063FB084BF5
:10C5300008490122C3F808234FF400505A60002331
:10C54000C1F88000237010BDDCD600209C100500CF
:10C5500000D0004000E100E0074B0022C3F80021BA
:10C5600082B0D3F800210192019A044AD3F8080559
:10C570001368C0B202B0184700D00040D8D60020DF
:10C5800030B9012A06D0012912D0022907D051B1B1
:10C590000720704701290AD002290246F7D1064B2D
:10C5A00000205A707047044B08469A7070470E225C
:10C5B000014B00201A707047E0D6002008B5012218
:10C5C00002210020FFF7DCFF10B1072800D008BDD2
:10C5D000072202210120FFF7D3FF08B10728F6D177
:10C5E00000210A220846FFF7CBFF0028EFD00728DA
:10C5F00008BF002008BD00BF0388102B10B507D06E
:10C60000112B04D11A4A1368013B136033B110BDDA
:10C61000174C216869B10131216010BDFFF7CEFFD1
:10C620000028F4D0134B1B68002BF0D0BDE810405D
:10C63000184701220846FFF7A3FF38B1072805D0A5
:10C640000C4B1B6803B198472168E4E707220221DD
:10C650000120FFF795FF08B10728F1D1042202213C
:10C660000020FFF78DFF0028EED00728E8D1EBE788
:10C67000E8D60020E4D600200048704700D800200B
:10C6800002490348842204F03FBE00BF00E00100DD
:10C6900000D800202DE9F843C568D0F80890A9EB30
:10C6A000050890450446164607D940682844354495
:10C6B00004F02AFEE560BDE8F8834068284435446C
:10C6C0000F464246A5EB090504F01EFE60682A46A7
:10C6D00007EB080104F018FEE560BDE8F88300BF31
:10C6E0002DE9F8430646D0E90205894617464FF082
:10C6F000000833699D42A0EB050403F1FF3224BF1B
:10C7000003F1FF321218BC4228BF3C46521B944230
:10C71000706828BF144649462844224604F0F4FDB8
:10C72000B0682544A84208BF00253F1BF560A0441F
:10C73000A144DED14046BDE8F88300BF10B5114CDE
:10C74000114A12490220C4E904001148C4E9062034
:10C750004FF4007020620F480023C4E91220102219
:10C76000E01DA3626362E362A3656365E36522651E
:10C7700004F026FE0849204604F022FE2023A3717F
:10C7800010BD00BF84D800202C1105003811050011
:10C790000CD90020FCD800203C11050038B5204BF6
:10C7A00000EB400403EBC40E0130DEF82C4000EB3C
:10C7B0004000012C8C46154603EBC00005D0022C2E
:10C7C00029D0ACB10024204638BDDEF82830DEF890
:10C7D000242093429CBFDEF820401B19013B9C1A89
:10C7E000AC4228BF2C462246FFF754FF204638BDF6
:10C7F000DEF82830DEF8242093429CBFDEF82010BB
:10C800005B18013B9B1A9D42DDD82A466146FFF723
:10C8100041FF2C46D7E7BDE83840FFF761BF00BFB6
:10C8200084D80020FFF78ABF6DDF704779DF70473B
:10C830007DDF704764DF70472DE9F04F85B0994682
:10C840000E9E0388BDF83CA00091174632880192E5
:10C85000002B53D04FF00008C3464546804605E004
:10C86000B8F800200BF1010B5A4529DDD8F8041067
:10C8700051F82B00039000220DF10B0103A8FFF7E4
:10C88000D9FF044630BB9DF80B20BA42E8D12DB346
:10C890003288D119514536DC4A440DF10B0103A809
:10C8A0000125FFF7C7FF002832D131889DF80B2002
:10C8B0000A443280B8F800200BF1010B5A45D5DC50
:10C8C000E5B13388019A013B9B1A9BB2FF2B1AD822
:10C8D00009F80230204605B0BDE8F08F3288511CBF
:10C8E0003A440232524589B20DDC009B318009F88E
:10C8F00001303288013292B23280CDE700242046E6
:10C9000005B0BDE8F08F0C24204605B0BDE8F08FDF
:10C910000446204605B0BDE8F08F00BF10B54FF0CB
:10C92000000C148806E010F80CE00EF1010EF4443F
:10C930001FFA8CFCA44500EB0C0E03D39EF801E01B
:10C940009E4503D08C45EED3002010BD8C45FBD214
:10C9500010F80C000CF1020C01381FFA8CFC80B2AC
:10C960000CEB00038B42EFDCA2F800C010BD00BF4F
:10C970002DE9F04790F82D301446002227882280B8
:10C9800086B006460D46002B40F0F080B378002BB1
:10C9900040F0E480F178002940F011817368B3B170
:10C9A0002288D11CB94200F2DD8093F900100223E5
:10C9B000AB54238801339BB20A222380EA54238894
:10C9C00001339BB22380E9542388013323803389C8
:10C9D000002B40F00981338A002B40F03C81338BDF
:10C9E000002B40F05481336A002B45D0B4F800E0AE
:10C9F0000EF10602BA4200F2B5801A88052A40F20A
:10CA0000A1816FF4486802EB080189B24FF27D30D2
:10CA1000814240F297815988052940F293816FF451
:10CA2000486C8C441FFA8CFC844540F28B814FF695
:10CA3000FF70824202D08A4200F28481052205F80A
:10CA40000E202288013292B212212280A95422881B
:10CA5000013292B222801988A9542A44090A5170DD
:10CA60002288023292B222805B88AB542A441B0A8D
:10CA70005370238802332380736A002B2FD0998848
:10CA8000B4F800C0881C0CF102020244BA4269D812
:10CA9000FE2867D8033105F80C102288013292B2C3
:10CAA000FF212280A9542288013292B22280198863
:10CAB000A9542A44090A51702088023080B220808B
:10CAC0009A8862B199680393002900F03B81284459
:10CAD00004F01AFC039B9A8823881344238096F859
:10CAE0002C30002B40F0EC80307800283BD033888D
:10CAF000012B00F0278123889A1CBA4232D80128E2
:10CB000004D17178023119448F422BD3023FFF1AAE
:10CB1000BFB2A81804A9ADF81070FFF789FE10BBCA
:10CB20003378022B00F016817178BDF81020914205
:10CB3000C0F00C819742C0F0098117460922FE2FF0
:10CB400010D82388791CE954238801339BB22380B1
:10CB5000EA54238801331F44278004E023880433E8
:10CB6000BB425CD90C2006B0BDE8F087082FF9D98C
:10CB700004A8FFF759FE0028F5D123880822EA54BB
:10CB8000238801339BB21B222380EA542088013082
:10CB900080B22080062228440DF1110104F0B4FB7C
:10CBA00023889DF8102006339BB212F0FE0218BFB6
:10CBB00001222380EA54238801332380E6E6238878
:10CBC000DA1CBA42CED80222EA5423880122134446
:10CBD0009BB22380EA54238813449BB22380E954F8
:10CBE000238813442380D9E606F108080222CDE900
:10CBF00000472B4611464046FFF71EFE0028B2D1E3
:10CC0000CDE9004740462B4610220621FFF714FECF
:10CC10000028A8D1338A002B3FF4E1AE1BE004A822
:10CC2000FFF704FE00289ED123880322EA542388BC
:10CC300001339BB219222380EA542388BDF81020C7
:10CC400001339BB22380EA542B44120A5A70238882
:10CC5000023323809EE606F11008CDE900472B46FB
:10CC6000022203214046FFF7E7FD00287FF47BAF57
:10CC7000CDE9004740462B4610220721FFF7DCFD97
:10CC800000287FF470AF338B002B3FF4ACAE06F17D
:10CC90001808CDE900472B46022214214046FFF731
:10CCA000CBFD00287FF45FAFCDE9004740462B461F
:10CCB00010221521FFF7C0FD00283FF494AE52E783
:10CCC000B16A00293ED04FF000094B464FF0160ADA
:10CCD0002BE02388E854238801339BB2238005F896
:10CCE00003A0238801339BB2238031F82220EA5429
:10CCF0002B44120A5A702088023080B22080B8F883
:10CD0000042028444AB1D8F80810D9B104F0FCFA3C
:10CD1000B8F8042023881344238096F82C205FFA67
:10CD200089F39A427FF6E0AEB16A03EB430201EB6E
:10CD3000820809F10109B8F80430D81C0233FE2B2F
:10CD4000C7D90FE7072006B0BDE8F087012B08D050
:10CD50000822F4E6BDF810309F42F9D31F4609229D
:10CD6000EDE68F42F4D30F460822E8E610B582B014
:10CD70000024ADF8064058B113460DF106020446F2
:10CD8000FFF7CCFD20B1BDF80600204402B010BD75
:10CD9000002002B010BD00BF72DF704773DF704724
:10CDA000F8B5044600F1EA0681700D46072200211D
:10CDB000304604F0D2FAE38813B1A378012B52D0A5
:10CDC000E379002B4CD104F1EB0304F1F10113F8EA
:10CDD000012B002A51D19942F9D16B1E032B00F28D
:10CDE0003281DFE803F002060A0EA379002B40F03F
:10CDF0000381E379002B40F0E180237A002B40F09F
:10CE0000F980657A002D40F0DE80A570002384F85B
:10CE1000F33004F13C0518220021284604F09DFA65
:10CE2000E36A591E0122022928BF134684F85130B3
:10CE300094F8243084F83C2033B1A36A591E0229A7
:10CE400028BF134684F85230A378002284F850207B
:10CE5000042B00F2ED80DFE803F046A250711200CF
:10CE6000A378022BAFD1636B002B00F0E48001228A
:10CE700084F8F12008209847A5E70122ADE7D4E91E
:10CE8000071263796164A4F84820002B00F0BD808C
:10CE900094F8F230002B40F0B88094F8F430002B76
:10CEA00000F0B3800223B4F8D810D4F8D40084F88A
:10CEB00050300122FFF75AFF08B10423037004F138
:10CEC000D40704F154062A4639463046FFF764FF7A
:10CED000002840F0B380062384F83130A378C4F8EA
:10CEE000E4701BB19AE0002384F83130636B13B116
:10CEF00094F8310098470020F8BDD4E903320221AC
:10CF0000C4E91063A4F848200323002284F83110F8
:10CF1000C4F8E42084F83C30002104F154062A4689
:10CF20003046FFF739FF0028E6D194F8301094F826
:10CF30005400FFF733FF0028D8D0F8BDD4E905121C
:10CF400063796164A4F84820002B6AD094F8F23029
:10CF5000002B66D194F8F430002B62D00223B4F891
:10CF6000D810D4F8D40084F850300122FFF7FEFE28
:10CF700008B10423037004F1D40704F154062A46CF
:10CF800039463046FFF708FF002857D1052384F8BB
:10CF90003130A378C4F8E470002BA7D03EE0002322
:10CFA0000122C4E9106384F83120C4F8E43002227D
:10CFB000802384F83C20A4F84830ADE7002A3FF4F1
:10CFC0001CAF022521E70422636BA270002B3FF403
:10CFD0001DAF6279002A3FF419AF94F8F220002ABD
:10CFE0007FF414AF012184F8F42084F8F3100720B3
:10CFF00098470EE70322E7E794F82430002B7FF4EC
:10D00000F8AE002A3FF4F9AEFFE6042204F1D4039F
:10D0100084F83120C4F8E43004F15406D4F8E41064
:10D020007DE7032204F1D40384F83120C4F8E4300E
:10D0300004F15406F2E784F8F130C4E6A378002B3B
:10D040003FF454AFEAE70023A370DFE680F8301026
:10D05000704700BF002977D02DE9F0410446002831
:10D0600074D091F87A300D46002B41D1D5F8A0301C
:10D07000042B41D0D5F89C30042B3DD00027A7705D
:10D0800005F1780EBEE80F0004F1040CACE80F00C7
:10D09000BEE80F00ACE80F009EE807008CE8070030
:10D0A00084F83070D5F8A43063634FF6FF78D5F874
:10D0B000A830A36304F1D4063946A4F8E880C4F884
:10D0C000E460072204F1EA0004F047F923780BB981
:10D0D00084F85480224604F155011F26C4F8D41068
:10D0E000284622F8D86FFFF743FC40B1BDE8F08135
:10D0F00091F89830002BB9D00720BDE8F081224686
:10D1000004F19301C4F8DC1005F13C0022F8E06F53
:10D11000FFF72EFC0028E9D1D4E905230125A4F866
:10D1200048304FF48073C4E91002014684F83C5043
:10D1300004F13C0204F15400A4F85030FFF72CFE37
:10D140000028D3D12570D1E70E2070470E20CDE7FF
:10D1500003780BB1FFF724BE082070470388112B1A
:10D1600010B50C460BD0262B22D0102B00D010BDB2
:10D17000C37B012BFBD18388A1F8E83010BDB1F847
:10D18000E820838800219A4284F8F210EFD12379B5
:10D19000002BECD1237813B301212046FFF700FECA
:10D1A0000028E4D0A36B002BE1D0BDE81040184765
:10D1B000037A013B012BDAD80B7883B18978094BCC
:10D1C0000131A3FB012303F4FE7202EB9303C91A9E
:10D1D000C9B22046FFF7E4FD0028E3D110BD0820C6
:10D1E000E0E700BFCDCCCCCC75DF704776DF704771
:10D1F0007ADF70477BDF704770B51D4D2B8884B296
:10D20000A34282B011D11B4E297A327B91420ED3B8
:10D21000337C00222A72F3B9736933B100228DF88E
:10D220000420ADF8064001A8984702B070BD05F192
:10D230000A011846FFF7D8FF40B11128F5D0B369AD
:10D24000002BF2D002B0BDE8704018472B7A0133B2
:10D250002B7202B070BD3B212046FFF7C7FF30F0B4
:10D260000803D9D0B369002BD6D09847D4E700BFC4
:10D2700028DB00200CDB002010B4019C6388834273
:10D2800012D38B4210D840F2F3118A42A08894BF87
:10D29000931A531A834207D80A44824234BF0020AB
:10D2A00001205DF8044B704700205DF8044B704787
:10D2B00010B50B46497A82B0024691B9104C93F8EA
:10D2C00008C0D4E90110BCF1000F18BF014658682E
:10D2D000F3F774F888B1A3697BB102B0BDE81040E0
:10D2E0001847074949690020187231B101238DF8A8
:10D2F0000430ADF8062001A8884702B010BD00BF79
:10D300000CDB002070B50388122B82B050D015D8EA
:10D31000102B2AD0112B0FD1394C828823889A42A6
:10D320000AD16068F3F7AAF818B1364B9B6903B1CC
:10D3300098474FF6FF73238002B070BD502BFBD18E
:10D34000304CC288E3899A42F6D1038A022BF3D18A
:10D350002B4D83882E889E42EED1123000F050F97A
:10D36000002844D02946304633E0C37B012BE3D16B
:10D37000234C22884FF6FF739A422FD18588224B87
:10D380001030009003CB0022C4F80E10C4F80A003D
:10D39000238A2272A189E28960892580FFF76CFFC8
:10D3A000184B6072DB89002BC6D12146284610E05D
:10D3B000134C838825889D42BED10830A189238AD9
:10D3C0000090E2896089FFF757FF0346214628460F
:10D3D000637202B0BDE87040FFF76ABF094B9B69FA
:10D3E000002BA9D0042002B0BDE87040184768683F
:10D3F000F3F744F800289FD0A369002BF3D19BE7F3
:10D4000028DB00200CDB00203CDB002070B3F8B5EB
:10D4100086460768164E174D0446BEE80F00B44610
:10D42000ACE80F009EE8070035608CE80700BFB14C
:10D430003846FFF7DDFE90B923681868596803C5C0
:10D440000D4B0E490E4A18464FF6FF7440F8041F64
:10D450001C800021F2F782FF002818BF0320F8BDCE
:10D460002846FFF7C7FE0028EAD0F8BD0E20704717
:10D470000CDB00203CDB002028DB002044DB00200C
:10D48000F9D1020070B582B006460191019D6DB1DF
:10D4900000242546214601A8F3F77AFE18B106EBD1
:10D4A000450301359C800134142CF3D1304635609E
:10D4B00002B070BD2DE9F04F0388B0F80480103B36
:10D4C0008DB007460A2B33D8DFE803F00649323225
:10D4D0003232323232503500374EB368DB4300937C
:10D4E00071686846F3F774FE009901A8FFF7CAFF58
:10D4F000DDF804A0BAF1000F12D00DF106097C3658
:10D500004FF0000B39F8025F2C4C204629460434BA
:10D51000F3F732FEA642F8D10BF1010BD345F1D15E
:10D52000B8F1130F2BD9264AF0210420F2F760FE40
:10D530000DB0BDE8F08F037A22483F2B4FEA131459
:10D5400041462CD9F3F70CFE1F484146F3F708FE7D
:10D550001E4841460DB0BDE8F04FF3F701BE1C4830
:10D5600041460DB0BDE8F04FF3F706BE037A002B3D
:10D57000DED1437A13481B074146F2D5EAE7144847
:10D580004146F3F7EDFD0D484146F3F7E9FDFB7B1E
:10D59000012BCDD00F484146F3F7E2FDC8E7F3F782
:10D5A000EBFD032CD0D008484146F3F7E5FD022CF3
:10D5B000CED006484146D4E764DB002068DB00207B
:10D5C000441105007CDB002078DB002074DB0020A8
:10D5D0006CDB002070DB0020132801D91420704779
:10D5E00010B5044621460448F3F7D2FD08B12046A1
:10D5F00010BD142010BD00BF68DB0020AADF7047FB
:10D60000008800F001007047F0B58B7891B0012BD5
:10D6100038BF01230C468DF80E3005460B88ADF857
:10D620000C30164600210322684603F096FE637C08
:10D630000022013B8DF80020042B09D8DFE813F00D
:10D64000CF00D300D700DB00050022238DF8003087
:10D65000A37C0022013B8DF80120042B09D8DFE8D0
:10D6600013F0CE00D200D600DA00050022238DF898
:10D670000130E37B217B41EAC301237C41EA0311B2
:10D680009DF8023001F0190123F019031943237D9D
:10D69000002B14BF0223012363F342018DF8021013
:10D6A0001C22002109A803F058FE637B13F0300F01
:10D6B00074D1637B8DF824301422A37B8DF8253040
:10D6C000002104A803F049FEA288A368ADF81C203D
:10D6D00003AACDF814D004921BB10893E388ADF8E7
:10D6E0001830A369002B36D001AF03220021384641
:10D6F00003F033FEA269002311888DF804305388AB
:10D70000ADF82E3053680D970A93137BADF82C10AB
:10D71000013B042B2DD8DFE803F0969A9E8A29005E
:10D7200022238DF80530917A137A43EAC103D17A26
:10D73000927B002A9DF8062043EA011322F0190289
:10D7400003F0190343EA020314BF0222012262F329
:10D7500042038DF80630E36903B10C93334604AA03
:10D7600009A92846FFF74AFF11B0F0BD22238DF822
:10D770000430537B0021013B8DF80510042BD2D8D7
:10D7800001A151F823F000BF37D802003FD80200B2
:10D790001FD8020027D8020021D7020002AF0322BF
:10D7A0000021384603F0D9FDE37C0022013B8DF8CF
:10D7B0000920042B07D8DFE803F0525E5A56030015
:10D7C00022238DF809309DF80A300E97012262F36A
:10D7D00042038DF80A3011238DF8083069E71123D0
:10D7E0008DF8003034E721238DF8003030E7312305
:10D7F0008DF800302CE712238DF8003028E7112334
:10D800008DF8013035E721238DF8013031E73123E0
:10D810008DF801302DE712238DF8013029E73123EF
:10D820008DF805307FE712238DF805307BE7122352
:10D830008DF804309DE711238DF8053073E721231F
:10D840008DF805306FE711238DF8043091E721231F
:10D850008DF804308DE731238DF8043089E71123EA
:10D860008DF80930AFE712238DF80930ABE731238B
:10D870008DF80930A7E721238DF80930A3E700BF11
:10D8800090DF7047A5DF7047B5DF704770B584B093
:10D890000023ADF80810ADF80A106A4602A9064642
:10D8A000ADF80C30ADF80E300093ADF80430FFF752
:10D8B000E7FF044610B9204604B070BD124B134D6B
:10D8C000ED1AED08F4F7E6FB2D0445F001050346DB
:10D8D0000F4932462846F2F729F8BDF80020BDF876
:10D8E000023052EA030103D00A492846F2F71EF833
:10D8F000BDF80420002ADED028460749F1F794FF3E
:10D90000204604B070BD00BF98CA040040CB04009C
:10D9100098110500E41105002412050008B90E2035
:10D92000704700B54FF064134FF01B0E03604FF0CB
:10D93000640C172241F61B3380F804E00161A0F863
:10D9400006C08260838100205DF804FB8288002A83
:10D950003FD130B50388242B83B00C4611D80F2B50
:10D9600033D9103B142B30D8DFE803F0749C2F2FF1
:10D970002F2F2F2F2F2F2F2F2F2F2F2F2F2F2FA442
:10D9800088003A2B46D0552B1FD1C388C988A27274
:10D99000172B38BF17238B4228BF0B462381104615
:10D9A000FFF772FF002840F08E80E37A6BB922699E
:10D9B0005AB12189ADF8041040F67720ADF8000087
:10D9C000ADF80230694620469047A37A5BB903B0B0
:10D9D00030BD7047112840F08E80237B627B01218F
:10D9E0009A42A17245D3E1880020FFF74BFF60B354
:10D9F0001128ECD0F4F74EFB464B47490246474806
:10DA00001B1ADB081B0443F0010003B0BDE83040E3
:10DA1000F1F70ABF4389C98825698B4228BF0B46A5
:10DA2000172B38BF1723238165B1E17A51B140F636
:10DA30007721ADF80010ADF80220ADF8043069464A
:10DA40002046A84700236381C1E74FF480736381B8
:10DA500003B030BDC27B0B790B73012A0CBF218848
:10DA6000C988228908BFE1808A423AD3627B9A4200
:10DA7000ABD219460020FFF709FFA6E70B69027A2F
:10DA80004A73002BA1D000214DF67A208DF80510A5
:10DA9000ADF80000ADF802108DF80420694620466C
:10DAA000984792E76421172241F61B33E180A26078
:10DAB000A3818CE7017A237B994228BF1946002075
:10DAC000FFF7E4FE81E7F4F7E5FA124B144902464A
:10DAD00012481B1ADB081B0443F00100F1F7A4FEF7
:10DAE00063E70020FFF7CEFE00287FF473AF01222A
:10DAF000237BE272BAE7F4F7CDFA064B06490246F9
:10DB000006481B1ADB081B0443F00100F1F78CFEEA
:10DB1000237BABE740CB04007C12050098CA0400CD
:10DB2000B0120500B0DF704766DF704760B159B1D1
:10DB30000378DE2B0AD009684160DE224FF6FF73BE
:10DB400002704380002070470E2070470820704705
:10DB500038B10378DE2B02D14180002070470820C5
:10DB600070470E20704700BF11B330B5054685B031
:10DB700018B10B78DE2B0C4601D005B030BD808883
:10DB80004B889842F9D10B7A83BB2B88112B49D053
:10DB9000512B12D0012BF0D12B7A012BEDD1012585
:10DBA00025720021FFF7C0FF00284FD12072E4E763
:10DBB0007047A88863888342DFD1AB79022BDCD120
:10DBC000AA7B02F0FD01042933D0052AD5D1002219
:10DBD0006946C1E901220092CA608DF80030FFF762
:10DBE000A1FF0028C9D063689847C6E70021FFF766
:10DBF0009BFF0346D8B1112818D0636898472B883B
:10DC0000112B0BD0512BD4D0012BB6D12B7AAA8853
:10DC1000012BB2D160889042AFD1C0E7AA88638857
:10DC20009A42AAD14FF6FF736380A6E701232372BD
:10DC3000E5E769460022C1E901220092CA604FF47B
:10DC4000C0728DF80030ADF80420C8E7112804D068
:10DC5000636805B0BDE83040184725728DE700BF06
:10DC60001AB3002370B5044615461360B8B10368B3
:10DC7000ABB1C38813F003060FD10846FFF7ACFC25
:10DC8000C0B214280FD0237983420AD9E2882368CE
:10DC900000FB02302860304670BD072070BD0E20AA
:10DCA00070BD042070BD052070BD0E20704700BF00
:10DCB000A8DF7047ADDF7047AEDF704762DF7047A7
:10DCC000002957D070B504468AB038B10388502B6C
:10DCD0000D4650D0572B39D0102B01D00AB070BD53
:10DCE00081886869002601AA0196FFF7B9FF08221A
:10DCF00031460DEB020003F030FB02232989A08896
:10DD0000CDF80CD002AA0293FFF7D4FF0028E5D18A
:10DD1000AB69002BE2D00398FFF772FC0028DDD03E
:10DD2000019B0BB101221A701822002104A803F0F4
:10DD300014FBA188019A02238DF81030AB69059578
:10DD4000ADF81810079204A89847C7E7818868695A
:10DD500002AAFFF785FF0028C0D1029B1B78002B89
:10DD6000BCD00146182204A803F0F7FAA188029A51
:10DD70000123E1E770478188686902AAFFF770FF15
:10DD80001822002104A803F0E8FAE3882989A28870
:10DD9000ADF818209942029A0595079210D0AA89E9
:10DDA0009A429BD1AB69002B98D0228AADF82420EF
:10DDB000002112348DF81010089404A898478DE7BC
:10DDC000268A022EEBD1002A88D004F11200FFF738
:10DDD00017FC40B1029B01221A708DF81060AB69EC
:10DDE000002BB0D17AE7029A032310708DF810301F
:10DDF000F5E700BF70B5374B0D4604460FCB8EB02C
:10DE00000DF1080C8CE80F00002C60D0002D5ED0C6
:10DE10002B68A36121466046FFF750FF08B10EB0A2
:10DE200070BD2246012512F8023B8DF8063001A98B
:10DE30002846ADF80450FFF73BFF0028EFD101461C
:10DE4000202206A803F089FA22460223ADF81830F2
:10DE500012F80C3B8DF81A30BDF824301E4E608845
:10DE6000079623F44F6323F00F0343F440632B43DF
:10DE700006A98DF829508DF82A50ADF82430FFF707
:10DE8000C3FB0028CBD10146202206A803F065FA87
:10DE9000BDF824306088079623F4875323F01F03CE
:10DEA0002246032143F480532B43ADF8181040F26F
:10DEB0000111ADF82A10ADF8243006A912F8043B80
:10DEC0008DF829508DF81A30FFF79EFBA7E70E203A
:10DED0000EB070BD241405006100010060B3F0B500
:10DEE00087B00E461746044601AA406919461D46EA
:10DEF000FFF7B6FED8B94FF6FF739D4219D0019BCC
:10DF0000BBB11B78EBB13B88612B17D801461022BF
:10DF100002A803F022FAA388ADF8083002A9012371
:10DF20002846CDE904768DF80A30FFF7C5FE07B024
:10DF3000F0BD052007B0F0BD0E207047072007B0E8
:10DF4000F0BD0820F3E700BF10DF704711DF704716
:10DF500010B582B00C4904466846F4F75FF8019B9F
:10DF600023B90EE0F4F776F8019B53B1D3E9003101
:10DF70002046984703466846002BF3D1112002B093
:10DF800010BD002002B010BD941405000C4991F89A
:10DF90001623EC2352091341DB0707D5094B9A6876
:10DFA00052B11A6842F480021A607047064AA121F1
:10DFB00042F20200F2F71CB94FF480030B60704785
:10DFC00000E100E0002F00203414050070B5284D5A
:10DFD0002C7884B0002C46D1264E01232046337085
:10DFE000FFF7B6FF11283BD0234902A8F4F716F833
:10DFF000039B4BB1D3E900310020984702A8F4F706
:10E0000029F8039B002BF5D11C4B00221B680193C0
:10E0100002A88DF80820F2F763FA194901A8FFF762
:10E0200093FFB0FA80F304465B099DF808002B705B
:10E03000F2F78CFAA4B9134B34701C70FFF7A6FFEB
:10E040000D4902A8F3F7EAFF039B4BB1D3E9003176
:10E050000120984702A8F3F7FDFF039B002BF5D1A1
:10E06000204604B070BD0824204604B070BD00BF37
:10E07000E1DB0020E0DB0020AC140500901405007B
:10E080000D020200E2DB0020F0B52A4D2B7883B0B0
:10E09000002B45D0284E01203070FFF759FF112882
:10E0A0003AD026496846F3F7B9FF019B4BB1D3E953
:10E0B0000031022098476846F3F7CCFF019B002B04
:10E0C000F5D1002768468DF80070F2F709FAFFF7DE
:10E0D0003DFF04469DF800002F70F2F737FAE4B9CF
:10E0E000174B34709A68FAB9164B4FF48002C3F894
:10E0F000802012496846F3F791FF019B6BB1D3E989
:10E100000031032098476846F3F7A4FF019B002BDA
:10E11000F5D1204603B0F0BD0024204603B0F0BD89
:10E120000824204603B0F0BD1A6822F480021A6069
:10E13000DFE700BFE1DB0020E0DB0020AC140500DE
:10E14000002F002000E100E0054B1B7833B1054BA8
:10E150001B780BB1FFF798BFFFF738BF0820704757
:10E16000E0DB0020E1DB0020014B1878704700BFA6
:10E17000E1DB002000B583B008496846F3F74EFFA5
:10E18000019B43B1D3E9002090476846F3F762FF53
:10E19000019B002BF6D103B05DF804FBA014050031
:10E1A00060DF704769DF704761DF7047164B1B788F
:10E1B0004BB330B5154DB7B0CC240DF1020103A817
:10E1C000ADF80240FFF7F0FF88B9294601A8F3F740
:10E1D00025FF029B002BF0D0D3E9003103A898471C
:10E1E00001A8F3F737FF029B002BF5D1E5E70528DF
:10E1F00001D137B030BD064A40F2391137B0BDE821
:10E200003040F1F7F5BF7047E3DB00201C15050037
:10E21000B814050000295DD070B52F4B0B6084B099
:10E220000C4605460C22002101A803F096F80126B1
:10E2300006232268ADF8083001A920208DF804508B
:10E240008DF80660FFF7AEFF0C22002101A803F055
:10E2500084F822688DF8056001A94020FFF7A2FF2D
:10E260000C22002101A803F078F864232268ADF89D
:10E27000063001A923208DF80450FFF793FF0C22EC
:10E28000002101A803F069F822688DF8046001A953
:10E290003046FFF787FF0C22002101A803F05DF84C
:10E2A0004FF4B0632268019301A9A120FFF77AFF20
:10E2B0000C22002101A803F050F89DF804302268D8
:10E2C000334301A9A0208DF80430FFF76BFF002035
:10E2D00004B070BD0E2070470C26002008B5FFF773
:10E2E0005FFF10B9014B01221A7008BDE3DB00206B
:10E2F00008B5064B1B6803B19847FFF73BFF4FF08B
:10E30000FF310120FAF7C0F9F7E700BFE8DB002092
:10E3100000B50B4A83B000231068019301A9FAF7F6
:10E3200035FB019B43B1074B4FF080525A6040BF11
:10E33000BFF34F8FBFF36F8F03B05DF804FB00BFD7
:10E34000E4DB002000ED00E030B50B461149124C33
:10E3500083B00222CDE9002105461049104825600E
:10E360004FF48072F9F70CFB012801D103B030BDE6
:10E370000C4B0D480D49C01AC008000440F00100C4
:10E38000F1F71EFD0A4A6B21042003B0BDE83040BE
:10E39000F1F72EBFE4DB0020E8DB002028150500A4
:10E3A000F1E2020098CA040060CB04002C150500BD
:10E3B0004C1505004BDF704710B5134C84B001A815
:10E3C000FFF7F8FFA8B9214602A8F3F727FE039B41
:10E3D000002BF4D0D3E900310198984702A8F3F755
:10E3E00039FE039B002BF5D101A8FFF7E3FF0028BE
:10E3F000E9D0052801D104B010BD044A6B2104B056
:10E40000BDE81040F1F7F4BE24160500C015050064
:10E4100008B5F9F755FC002008BD00BF10B58446CB
:10E420000B46BCF81020DCF80010BCF908C04068AE
:10E4300084B0BCF1840F14BF0CF1030400240094D9
:10E4400003AC0194F9F79CFA01280CBF0398002053
:10E4500004B010BD08B5F9F775FB002008BD00BF7A
:10E4600000B5002385B0CDE90233EFF30583B3B1E6
:10E4700002AB0093012203ABFAF708FA012814D18A
:10E48000029B43B10A4B4FF080525A6040BFBFF32A
:10E490004F8FBFF36F8F039805B05DF804FB03AB9C
:10E4A0000122FAF773F90128F5D04FF00040F3E7A5
:10E4B00000ED00E030B585B0002304460293EFF391
:10E4C000058048B18223019304AB13E9070084E877
:10E4D0000700204605B030BD1346154602AAFAF7DC
:10E4E00009F9012805D00DB90195EDE74023019305
:10E4F000EAE7029B002BB4BF862308230193E3E7DE
:10E500000120F8F7F3BE00BF10B582B000240194DB
:10E5100008B3EFF3058333B9F9F75CF8012817D195
:10E52000002002B010BD01AA2146F9F733F90128F5
:10E530000ED1019B002BF3D0084B4FF080525A6054
:10E5400040BFBFF34F8FBFF36F8F204602B010BDA7
:10E55000FF2002B010BD802002B010BD00ED00E031
:10E5600010B582B000240194EFF3058393B101A9A3
:10E57000F8F72CFF012813D1019BA3B10B4B4FF0EF
:10E5800080525A6040BFBFF34F8FBFF36F8F20465A
:10E5900002B010BD1A461946F8F7EAFD012802D06C
:10E5A000FF2002B010BD002002B010BD00ED00E061
:10E5B00010B5EFF305841CB9F9F744F9204610BDF6
:10E5C0008224204610BD00BF0129084601D0F8F77B
:10E5D0009FBD10B503220021F8F770FD044620B15D
:10E5E00000231A461946F8F7C3FD204610BD00BFA8
:10E5F00010B582B00024019408B3EFF3058333B95A
:10E60000F8F7E8FF012817D1002002B010BD01AAD9
:10E610002146F9F7BFF801280ED1019B002BF3D05A
:10E62000084B4FF080525A6040BFBFF34F8FBFF38B
:10E630006F8F204602B010BDFF2002B010BD8020B9
:10E6400002B010BD00ED00E010B582B000240194CE
:10E65000EFF3058393B101A9F8F7B8FE012813D1B0
:10E66000019BA3B10B4B4FF080525A6040BFBFF3E8
:10E670004F8FBFF36F8F204602B010BD1A46194668
:10E68000F8F776FD012802D0FF2002B010BD00206F
:10E6900002B010BD00ED00E010B5EFF305841CB929
:10E6A000F9F7D0F8204610BD8224204610BD00BFE7
:10E6B00010B501FB00F282B010460192F8F778F92C
:10E6C000044618B1019A002102F047FE204602B02C
:10E6D00010BD00BFF8F76CB9F8F704BA00487047EE
:10E6E000ECDB00202DE9F043DFF89890214DDFF8B6
:10E6F0009880214FC9B0D9F80400FFF731FF4FF0DF
:10E70000FF32012104A8FFF7D5FED9F8040000214B
:10E71000FFF7FAFE2B689A69002A21DD002474268F
:10E7200006FB04301549426A90F81EC0808B9B6836
:10E73000009081FB02E1D217C2EBA101BCF1000FF6
:10E740000CBFC646BE46CDE901E10D4A4FF48071CB
:10E7500008A802F081FD2B689A690134A242DFDC2F
:10E7600008A802F076FE08A902460020FEF716F877
:10E77000C1E700BFC4DC00203C1605006766666682
:10E7800040160500B4DC0020381605002DE9F041E4
:10E79000734C744D86B00646F8F70EFB23681B6970
:10E7A0002B6013F0E9F8002840F0D48000F0D0FE90
:10E7B000DFF8E4810746C8F8000000F087F9024658
:10E7C0006949B2F836C0A1F80CC0B2F834C0674B42
:10E7D0000A60A1F80EC0283292F810C04A600022E8
:10E7E0001A605A6101225A6083F82D2002F1837267
:10E7F00002F101128A605E4A1A615E4A1A625E4A3A
:10E8000099625A6203210422C3E9021202229A6128
:10E8100040F601029A8329229A774FF48072D8F841
:10E8200000007B63DA8583F82CC000F009FF002824
:10E8300040F08A80002013F023FA2368988A13F0AE
:10E84000C9F94E4A0321002013F018F912F05AFCBE
:10E85000002873D1286812F075FC002868D121685F
:10E860002868183112F0CFFC002834D1002E39D19D
:10E87000434C444E0FCC0DF1040CACE80F000027C4
:10E880002368CCF8003068460097FFF739FE394618
:10E89000034601A87360FFF7C1FD012302464FF450
:10E8A000EC603260B360FFF715FF374A33681060E1
:10E8B0002BB320B313F07AF848BB2868032112F079
:10E8C00059FC00282ED1314B01221A7006B0BDE848
:10E8D000F041F8F78DBA2E492E488222F0F76CFCF1
:10E8E000002EC5D0216828684C3112F0A5FC002804
:10E8F000BED0274927488822F0F75EFCB8E73921C7
:10E90000012001F045FC13F051F80028D5D0204932
:10E9100020489022F0F750FC2868032112F02AFCCE
:10E920000028D0D01A491B489322F0F745FCCAE7CB
:10E93000174918487E22F0F73FFC90E71449154824
:10E940007B22F0F739FC85E7114912487222F0F773
:10E9500033FC6FE70E490F486922F0F72DFC25E7DD
:10E96000B0DC0020DCDC0020C8DC002080DC0020E3
:10E9700080F0A3246CDC00205CDC00209DE9020018
:10E98000EC160500B4DC0020C4DC0020E0DC002034
:10E9900078160500E81605007CDC00200B4B10B54E
:10E9A0000C462046196812F0AFFE2046FFF794FE91
:10E9B000074B01211868FFF753FD00B910BDBDE8F2
:10E9C00010403C21012001F0E3BB00BFC4DC00206B
:10E9D000B4DC002038B5294C23783BBB284C236895
:10E9E000A3B14FF0FF316068FFF78EFDF8F7E4F94F
:10E9F0006068FFF7B5FD2068FFF72CFD054678B18C
:10EA00003E21012001F0C4FBF8F7F2F91D4C20680B
:10EA1000FFF762FE00232360BDE8384012F0BEBF5E
:10EA20006068FFF7C5FDC4E90055EDE7164D28689D
:10EA300012F0B9FB78B912F0D9FF286812F0CBFBBD
:10EA4000A8B9124D286800F02BFE286800F06EFD72
:10EA500000232370C2E70E480E499D22F0F7ACFB5D
:10EA600012F0C4FF286812F0B6FB0028E9D009496B
:10EA70000748A222F0F7A0FBE3E700BFE0DC00209C
:10EA8000B4DC0020C4DC0020DCDC00207CDC0020C6
:10EA9000E816050078160500024B024601201A60B0
:10EAA000FFF774BEB0DC0020024B024600201A6063
:10EAB000FFF76CBEB0DC002008B5FDF7E1FDFDF707
:10EAC000DBFD014B186008BDE4DC0020014B186839
:10EAD000704700BFE4DC0020024B1B6893F83C0049
:10EAE000704700BFE4DC0020034B00381B6818BFF0
:10EAF000012083F83C007047E4DC0020806A10B4F9
:10EB000084686469646B0023A4461A465DF8044B6C
:10EB10000321604739B1488F10F0020001D0002076
:10EB20007047488770474FF0FF307047F0B5856AEF
:10EB3000AB68D3E9042683B0D76A084A0C461F2382
:10EB400001212846B84701AB766B002228465721A1
:10EB5000B047019B2360002003B0F0BD20000100FE
:10EB60000802090E704700BF120A42EA03607047AC
:10EB7000826AC368526B926A1944908921F001033A
:10EB80004FF480720021E3FB02017047DDE90001D0
:10EB9000101A63EB010303F0FF011B0648BF61F08D
:10EBA000FF017047826A536B10B59B6A1A68D3786D
:10EBB00092F806E0082BD37A8CBF4FF4FE744FF422
:10EBC000F874BEF1000F0CBF4FF4007E4FF0400E02
:10EBD000DBB1137B4FF0200C0CFA03FC04FB0CFCA4
:10EBE0000CF5285CC9000A4BC06801F2491283FB8E
:10EBF0000243D217C2EBE31303EB430301EB03130E
:10EC00000EFB03C300EB630010BD4FF4285CE9E783
:10EC100035064C63042910B4806A09D0846864699D
:10EC2000246A4FF0FF3CDCB1A4465DF8044B60471A
:10EC3000052A01D0092AF1D1042B15D8022B02D8BC
:10EC4000002BEBD10923446BA46A24682270E37083
:10EC5000237184686469246A4FF0000C002CE3D1AE
:10EC600060465DF8044B7047A3F10904032CD5D826
:10EC7000E9E700BF002070472DE9F041866AB368DC
:10EC80008846D1075F6982B0144607D57D6B08F1CD
:10EC9000020300225E213046A84748B9A2070AD5E0
:10ECA0007D6B08F1080300225B213046A84710B1B4
:10ECB00002B0BDE8F081630707D57D6B43460022B3
:10ECC0005D213046A8470028F2D114F00800EFD0AB
:10ECD00098F810205AB10C4B7C6B1B6801930022F2
:10ECE00001AB5A213046A04702B0BDE8F0817C6BF1
:10ECF000ADF80420ADF8062001AB30465A21A047FC
:10ED000002B0BDE8F08100BF681705000020704721
:10ED10000020704710B5806A8368426B5C69926A14
:10ED2000646B118182B040F207135381ADF8041077
:10ED3000ADF80630002201AB5A21A047002002B0F6
:10ED400010BD00BF29B122B1B3FA83F0400940429F
:10ED500070474FF0FF307047B1FA81F149094842DE
:10ED6000704700BF0020704700207047000000007F
:10ED70002DE9F0433C4EC46833683C4D05EB431825
:10ED8000A3685B694FF000095B69C8F80890074603
:10ED900085B0204698473368C8E9000105EB431267
:10EDA000F988C2F80C9000294AD0802928BF802118
:10EDB0005161ADF80C10A168ADF80E9049694F6B28
:10EDC0002B4901EBC313136102934A4602AB212185
:10EDD0002046B847A3685B694A465F6B2C210DF15A
:10EDE00006032046B847BDF90600336807EE900ACF
:10EDF00005EB4313F8EEE77A188317EE900A02F05A
:10EE000099F817A3D3E9002301F0D2FF02F06CF8C0
:10EE1000616B02462C31204600F070FC33685801CB
:10EE2000144A012B054414BF013300231068A56464
:10EE300008213360FFF714FB40B905B0BDE8F0834B
:10EE4000C2E9041102215801D160E9E73C21012007
:10EE500005B0BDE8F04301F09BB900BFAFF30080FF
:10EE60000000000084D7F73FE8DC0020F8DD002038
:10EE7000F4DC0020ECDC002008B501F06BF8002089
:10EE800008BD00BF70B5164E84B005467068FFF728
:10EE900067FB4FF0FF3201A80F21FFF70BFB029C2D
:10EEA00070680021FFF730FBE1070AD4A2070DD4F8
:10EEB000630710D414F0080F2846E7D018F052FF6B
:10EEC000E4E7284618F0D2FFA207F1D5284618F04B
:10EED00073FF6307EED50421284618F097FFE9E792
:10EEE000ECDC002008B5064B02211868FFF7B8FAE1
:10EEF00000B908BDBDE808403C21012001F048B937
:10EF0000ECDC00202DE9F041846A626BA368506854
:10EF10005D6982B001F0D0F8F7F74EFF23681B69F6
:10EF2000984701F00FF8636B434A996A434B0E68A8
:10EF30002261A361424A434B6361E2617078A76B2F
:10EF400000F0A0FDB379002B6FD17379012B14BFB2
:10EF500008231023F278D4F84480082A8CBF4FF499
:10EF6000FE724FF4F872034402FB03F3626B926A81
:10EF70005B101668FB60F378082B8CBF4FF4FE63C0
:10EF80004FF4F863BB608CBFFE23F8237B6070787E
:10EF900000F078FDF278666CB0F5806FD4BF202366
:10EFA0004023082A8CBF4FF4FE724FF4F87202FB24
:10EFB00003F3626BC8F80030936A1B68587800F05E
:10EFC00061FD636C1A68B0F5806FD4BF20234023C5
:10EFD00090FBF3F002F5FF531F3393FBF2F303446E
:10EFE0000233736003F050F80028FBD02B682046F2
:10EFF00098470546D8B9A3681B690022DE6AADF8B8
:10F0000006200DF106031D212046B047A1680969BD
:10F010000DF10603CE6A00221B212046B047F7F708
:10F02000E7FE284602B0BDE8F081082392E70648D3
:10F0300000F0FEFC0725DEE755F30200E5EE0200D6
:10F0400035F3020071ED02000C17050070B5446B3A
:10F050008268A36A52691B68566B1D7B82B02023AD
:10F0600003FA05F50C460DF1060300224B21B047CB
:10F07000BDF90630C3EBC3135B0093FBF5F3FE2B26
:10F0800008DC002B0CDB0133DBB2002084F83530C8
:10F0900002B070BDFF23002084F8353002B070BD8F
:10F0A0000123002084F8353002B070BD2DE9F04115
:10F0B000876A82B0054628200E461446D7F8488055
:10F0C000FFF708FBBA6C3060D2E90423C26103B1D8
:10F0D000023B4361638F9A0712D07A6B926AD1899F
:10F0E000D8F80020501AD8F80410A0604FEA122275
:10F0F00042EA016261F10001E160E968521A2260AE
:10F10000D8F80C20D00744BF43F4806363875906C6
:10F1100017D4DA0544BF0022A26200229F0584F8BA
:10F1200035201FD41A0643D4306823F47843456948
:10F1300023F03C036387002D33D0002002B0BDE8EC
:10F14000F081BB685B69384600225F6B33210DF1AB
:10F150000603B847BDF906204AF26663C4E90823EE
:10F16000638FD6E7A86A2146FFF770FF0028E5D134
:10F17000638F18061A46D7D5990519D594F83530F6
:10F180005BB1982B1CD9C3EB831103EB81030D49B1
:10F19000A1FB03139B09793BDBB284F8343013469F
:10F1A000C2E7FFF799FA2846356002B0BDE8F08162
:10F1B000A86A2146FFF74AFF0028BFD1628FDDE72A
:10F1C0000123EAE7A1A0A0A070B5846AA3685D69E5
:10F1D0004FF0FF322E6B114620460023B0476D6B77
:10F1E00000232046AC461A46BDE870400321604724
:10F1F0002DE9F04F866AB3685F69137B14468B462E
:10F20000B1FA81F203F03001A1F13001B1FA81F1DC
:10F2100052094909914285B077D1C3F301138DF8A2
:10F2200000307D6B6B46814600221A213046A8478C
:10F23000237B13F0010A38D16368002BD0463EDDF2
:10F24000B3685B693046DB6A002198476268002A30
:10F250001346B8BF02F1FF031812A368103820EA62
:10F26000E070002B40D1736C5B68CDF80080B2F584
:10F27000885FCDE90103A4BF4AF002030393B3689A
:10F28000B8BFCDF80CA05B699C68BBF1000F25D01E
:10F29000DBF81420DBF81C1002326B463046A04726
:10F2A000002835D105B0BDE8F08FD9F80C302268C0
:10F2B00002EB03086368002B4FF0010AC0DC002357
:10F2C0004FF0FF30CDE90103B368CDF80CA05B69C6
:10F2D000CDF800809C68BBF1000FD9D16B465A462F
:10F2E00059463046A047DBE7591C0CD0D9F8281006
:10F2F000496C096801EB4303013B93FBF1F3716C2B
:10F3000049680B44B1E70023AFE76FF01500C9E788
:10F310006B46002257217C6B3046A0470348009A79
:10F32000414600F085FB6FF03D00BBE72817050064
:10F330000020704708B5064B04211868FFF790F8C5
:10F3400000B908BDBDE808403C21012000F020BF05
:10F35000ECDC002008B5064B01211868FFF780F8A7
:10F3600000B908BDBDE808403C21012000F010BFF5
:10F37000ECDC00202DE9F043846A0B7AA26885B0AA
:10F380005669C3F301130F468DF80430756B01AB5A
:10F3900000221A2181462046A847397AA36811F035
:10F3A000010818BF3D685B691ABFA5F580554FF08D
:10F3B0000108454611F00201DB6A18BF0121204611
:10F3C00098477B687BB9636C5B68CDF80C80CDE9AE
:10F3D0000153A3685B6901A9DB682046984798B987
:10F3E00005B0BDE8F0835A1C0CD0D9F82820526C27
:10F3F000126802EB4303013B93FBF2F3626C526829
:10F400001344E2E70023E0E701AB00225721766BCB
:10F410002046B0470348019A294600F009FB6FF0E7
:10F420003D00DDE7481705002DE9F043856A4B6A8A
:10F43000AA68202B566985B00C466AD0402B0FD0A5
:10F44000802B6AD0B3F5807F65D0B3F5007F66D09E
:10F45000B3F5806F65D0B3F5006F64D1062300E08B
:10F460000123226A012A5EDC8DF800306A6B926A01
:10F47000D2F8008098F80C209A42E94618D0776BB1
:10F480004B46002296212846B8470028B8BF6FF0A7
:10F4900001000ADB9DF8003088F80C30776B43469A
:10F4A000002297212846B84710B105B0BDE8F08387
:10F4B0002369776B1BBA039363691BBA0293A36931
:10F4C0001BBA0193E3691BBA009300224B46152136
:10F4D0002846B8470028E8D1216809BA0391616835
:10F4E00009BA02460291A068E168746B00BA09BAD1
:10F4F000019000914B4616212846A0470028D4D100
:10F5000003460246746B28461721A04705B0BDE8A4
:10F51000F0830023A5E70323A3E70223A1E7042345
:10F520009FE705239DE76FF01500BEE778B110B5A2
:10F530000446006DFFF7D0F8606CFFF7CDF8206C43
:10F54000FFF7CAF8A06BBDE810401AF02BBB70475C
:10F55000F0B5354E83B0542031461AF069FA0446AE
:10F56000002859D0856A4FF41670C5E90E46FFF79A
:10F57000B1F82864002843D00820FFF7ABF868648E
:10F5800000283AD0294B00265B682B60FF2285F8C3
:10F590004C208DF803601F682E6501AB04220DF12D
:10F5A00003010120B847224B2248AE608342019EEE
:10F5B00020D2D3E9002172400A4208BFAB601C335D
:10F5C0008342F6D3AB68ABB1626A1B4971235360C7
:10F5D0004FF4807012692160D021C4E9040110A1A8
:10F5E000D1E900012362154BA361C2E9000128465D
:10F5F00003B0F0BD686CFFF76FF8286CFFF76CF88C
:10F60000286DFFF769F8686CFFF766F8286CFFF75C
:10F6100063F8A86B1AF0C6FA0025284603B0F0BDBF
:10F6200057EB1CE4D62C55D680170500081B0500A7
:10F63000A4CB0400F8CB04000098E00E00F03C00DE
:10F64000F0B5054687B0806B124F134C1AF0F8FAEC
:10F650000023064668460093FEF752FF78600FCC01
:10F660000DF1040CACE80F002368A96BCCF8003056
:10F6700001A8FEF7D3FE0346A86B3B60FFF742FCF0
:10F68000284602F0C5FC054B024630461A6007B01A
:10F69000F0BD00BFECDC00206C170500F4DD00209D
:10F6A00070B5144C23680546A3B14FF0FF31606874
:10F6B000FEF72AFFF7F780FB6068FEF751FF20682E
:10F6C000FEF7C8FE064670B13E21012000F060FD45
:10F6D000F7F78EFBA86B1AF0F5FA074BBDE8704000
:10F6E000186802F095BC6068FEF762FFC4E9006626
:10F6F000EEE700BFECDC0020F4DD002070B506462C
:10F70000104614460D4601F046FD64281ED904F14A
:10F71000320307EE903A9FED0E7A2A78F8EEE77AF8
:10F720002B4667EE877AFDEEE77A17EE901A521AAB
:10F7300052B282F306022A70B1680869C46A0022D4
:10F740003046A4463F21BDE87040604770BD00BF11
:10F750000E745A3C70B5012304464370C380838104
:10F7600000264FF482438670A36091F82330022B69
:10F770000CBF03233346637191F82030237091F856
:10F780002130E3702371B1F83930A3824B682361D3
:10F790000B6B236210460D46FFF7A6F9FFF79CF9A5
:10F7A000012806BF40F20113238326832B7AA37618
:10F7B000AB7A84F8333095F82330022B18BF00233E
:10F7C00084F83430D5E90513EA696262E162B3FB7B
:10F7D000F2F3A3626B7AE3766A7C0023D21A18BF35
:10F7E000012284F83020EA7A84F84320AA8FA28389
:10F7F00095F83B10E166A4F84C2095F83E2084F87B
:10F800003C2095F83F2084F83B2095F8402084F870
:10F810003A2095F8412084F8392095F8422084F860
:10F82000382095F8432084F8372095F8442084F850
:10F83000362095F8452084F8352095F8202084F866
:10F84000312095F8210084F832004FF6FF71012233
:10F8500084F83D30E187A4F8402084F8423084F8F1
:10F86000443084F8463070BD30B585B0FEF736FFC1
:10F870000546FFF72BF91B4C6068FEF771FE42F25C
:10F88000107201A80721FEF715FE00216068FEF73F
:10F890003BFEFBF715F9019B402BEDD0FFF79AF8E3
:10F8A00000F050FB029B022B04D0042B0ED002F080
:10F8B00047F9E1E7FFF70AF9012200F13C01284688
:10F8C000FFF748FF2846FFF7E7F8D5E7FFF7FEF810
:10F8D000002200F13C012846FFF73CFF2846FFF7D5
:10F8E000E3F8C9E738DE002070B586B0FFF7E4F82A
:10F8F00000F070F800F08AF8B8B900266846009663
:10F90000FEF7FEFD0F4D104C68600FCC0DF1040C9E
:10F91000ACE80F002368CCF80030314601A8FEF7B0
:10F920007DFD286038B106B070BD084AB1211320B2
:10F93000F0F75EFCE1E70420044ABC21F0F758FC34
:10F9400006B070BD38DE002060180500F81705000D
:10F95000074B10B51C68FFF7BFF810F0010F18BF78
:10F960000221204608BF0421BDE81040FEF778BD03
:10F9700038DE0020024B01211868FEF771BD00BF80
:10F9800038DE0020704700BF08B54FF0A0430C22BE
:10F99000C3F82027F9F72EFB88B10020F9F716FCF1
:10F9A000F9F768FC0028FBD00020F9F747FBFFF7C8
:10F9B000E9FFBDE808404EF6602000F077B8F9F79F
:10F9C0001FFB0028E9D0024A2B21F0F711FCE4E7E5
:10F9D0007418050070B50320F9F7BAFA0A4DFFF75D
:10F9E000D3FF062645F001050020F9F783FA012030
:10F9F000F9F780FAFA244FF47A40A847013CFAD18B
:10FA0000013EF1D170BD00BF0019050008B503200B
:10FA100000F0DEFA00F06CFB00F094FA00F0A2FABD
:10FA2000BDE80840014802F0A7BA00BF081B050066
:10FA30000FB410B5124C84B006ABD4F8000253F8E2
:10FA4000042B039304EB8010402101F005FCD4F853
:10FA5000001204EB81110846019101F0FAFC0199B2
:10FA600002460020FCF79AFED4F80032013303F07E
:10FA70000703C4F8003204B0BDE8104004B070477A
:10FA800048DE002001380C289ABF034B53F82000B1
:10FA90004FF0FF30704700BF08190500024A136895
:10FAA00001331360704700BF50E0002010B5134BC6
:10FAB000044693E8070084B001AB83E807001049CF
:10FAC00002941846FAF784FF38B90E48FBF71AF883
:10FAD00060B9FAF7D3FF04B010BD0B4A2821F0F744
:10FAE00087FB0848FBF70EF80028F2D0064A2A21C7
:10FAF000F0F77EFBFAF7C2FF04B010BDB4190500A1
:10FB00009DFA02004CE000203C190500014B012247
:10FB10001A707047E5E100200120704770B5134D61
:10FB20002B78012B1DD0022B1CD01148114A0169E2
:10FB30004162002300F11C01FBF75CF860B90E4C38
:10FB400001232B701C434FF47A40A04723464FF407
:10FB50007A40BDE870401847084A7B21F0F748FB1F
:10FB6000EDE770BD0648FAF7A5FADEE7E4E100200C
:10FB70002C2600200DFB0200401A0500C0190500CC
:10FB8000302600200E4B10B59C692F2C09D81F2C55
:10FB90000CD84FF0A042012303FA04F4C2F80C453C
:10FBA00010BD084940F2CD1001F024F8064A04F0D7
:10FBB0001F04012303FA04F4C2F80C4510BD00BF72
:10FBC0002C260020B40B0500000300500E4B10B58E
:10FBD0009C692F2C09D81F2C0CD84FF0A042012370
:10FBE00003FA04F4C2F8084510BD084940F2CD10EC
:10FBF00001F000F8064A04F01F04012303FA04F49C
:10FC0000C2F8084510BD00BF2C260020B40B05002B
:10FC10000003005070B52C4D2B78022B4ED0012BD9
:10FC20004DD02A4C2A4A61696162002304F11C010B
:10FC30002046FAF7DFFF00283BD1267F2F2E3346E0
:10FC400025D81F2E28D84FF0A042647F03F5E0731B
:10FC500040F201312F2C42F82310234620D81F2CCC
:10FC600023D84FF0A04203F5E07340F20331194C62
:10FC700042F8231002232B7044F001044FF47A4021
:10FC8000A04723464FF47A40BDE870401847124918
:10FC900040F2CD1000F0AEFF104A06F01F03D4E78B
:10FCA0000D4940F2CD1000F0A5FF0C4A04F01F03EF
:10FCB000D9E70B4A9821F0F79BFABEE770BD0948D7
:10FCC000FAF7F8F9ADE700BFE4E100202C260020A8
:10FCD0000DFB0200401A0500B40B050000030050A4
:10FCE000C01905003026002038B5254B98BB0121EE
:10FCF0004FF08042197019734FF0A051C3E90421ED
:10FD0000204C214D5C6018729C692048D86100210C
:10FD10004FF602702F2C83F82C1018845A62198524
:10FD20000AD81F2C0DD84FF0A04304F5E07403222D
:10FD300043F82420284638BD154940F2CD1000F084
:10FD400059FF04F01F04134B04F5E074032243F839
:10FD50002420284638BD03280ED10F4918704FF0D3
:10FD600080420124022059604FF0A051C3E90421D0
:10FD70000A4D1C731872C7E71A690025C4E700BF53
:10FD80002C26002000300040481A050010111714DE
:10FD9000B40B05000003005000F00240641A050097
:10FDA0002DE9F04F00EB020BBBF1C80F85B045DC2D
:10FDB000DFF8A4A09AF82C40064617469846002C77
:10FDC000FDD10E9B93F82C30012B3BD00E9BDFF81E
:10FDD0008C90DAF804201D4D012083F82C000720B8
:10FDE000C2F800053246484601F08EFA21463A46EE
:10FDF00009EB060001F0B1FA2C7022461448154CAC
:10FE0000CDF800906946CDF804B0CDF80CB002945E
:10FE1000FAF7D4F929780029FCD03A46A1194046CE
:10FE200001F072FADAF804200023C2F800350E9AC5
:10FE3000184682F82C3005B0BDE8F08F042005B0DC
:10FE4000BDE8F08F4FF0FF30F5E700BFE5E100209F
:10FE5000302600201CE100202C26002054E0002049
:10FE600010B582B0024C0094FFF79AFF02B010BDAB
:10FE70002C2600202DE9F04F00EB020885B0B8F1E8
:10FE8000C80F0E9F3CD8DFF8949099F82C40054697
:10FE900016469B46002CFDD197F82C30012B33D011
:10FEA000D9F80430DFF878A0012287F82C20072247
:10FEB000C3F8002550462A4601F026FA3246594634
:10FEC0000AEB050001F020FA114D124B1248CDF853
:10FED00000A022466946CDE90183CDF80C802C7044
:10FEE000FAF76CF92B78002BFCD0D9F8042000230A
:10FEF000C2F80035184687F82C3005B0BDE8F08F01
:10FF0000042005B0BDE8F08F4FF0FF30F5E700BFEB
:10FF1000E5E100201CE10020302600202C260020F6
:10FF200054E0002010B582B0024C0094FFF7A2FF0D
:10FF300002B010BD2C260020014B1B68DB6818475F
:10FF4000ECE10020024B1B681888F9F735BC00BFB4
:10FF50005C260020024B1B6801211888F9F794BB2E
:10FF60005C26002070B54FF0A0450A4C4FF40043CA
:10FF70000322C5F83C2744F00104C5F80C354FF4C2
:10FF8000FA40A0470023C5F83C3703482346BDE8A4
:10FF900070401847001B05000077010038B5084D78
:10FFA000084C2B681B68984744F001044FF4FA4052
:10FFB000A0472B685B6898470348A047002038BDDE
:10FFC000ECE10020001B050000770100FFF7E6BF11
:10FFD00010B50446002002F02BF82046FFF784FEFF
:10FFE000074C206018B1BDE8104083681847012015
:10FFF000142100F0CDF82068BDE810408368184750
:020000040003F7
:10000000ECE1002010B5074C23681888F9F72EFCA6
:1000100008B9002010BD23681888F9F7CDFB00202F
:1000200010BD00BF5C26002000B97047024B1B6862
:1000300001211888F9F728BB5C260020F8B5174D78
:10004000174E184F08E01F2C12D8D3F81035D340A4
:10005000DB0715D502F02CF82A6814882F2C4FF0F6
:10006000A0432246EFD9394640F2CD1000F0C2FD40
:10007000334604F01F02D3F81035D340DB07E9D430
:10008000094B1C78012C00D0F8BD084B02201870D9
:1000900001F0ECFF064B1C70F8BD00BF5C26002091
:1000A00000030050B40B0500E6E10020E7E100206A
:1000B000E8E10020FFF7C2BF10B50446F6F77CFE6A
:1000C000084B1B681888F9F777FB44B9064A074BB9
:1000D000002414701C70F6F78BFE204610BDFFF74D
:1000E00041FFF3E75C260020E6E10020E7E1002085
:1000F00000B583B0F9F70AFA10B103B05DF804FB5C
:10010000F9F7BCF9B8B9124B124A1B68ADF80430C4
:10011000180C4FF0010C8DF8060001A919208DF87C
:1001200005C0F9F7FDF960B900211920F9F7ACFA1B
:1001300003B05DF804FB084A40F22B11F0F758F8C1
:10014000E1E7054A40F23111F0F752F8ECE700BF61
:10015000F81A0500B5000300801A050050B138B543
:10016000054D044645F001054FF47A40A847013C8F
:10017000FAD138BD704700BF401B050020B1034BCA
:10018000800143F001031847704700BF401B050082
:100190002DE9F84F1B4B196090B31B4DDFF86CA095
:1001A0008B4645F001054FF0A048BBF1000F26D06B
:1001B000D9464FF4001703269AF80000FAF7E2FC3C
:1001C0006424C8F80C754FF47A40A847013CFAD172
:1001D000C8F8087564244FF47A40A847013CFAD166
:1001E000013EE9D14FF47A744FF47A40A847013CBC
:1001F000FAD1B9F10109DED1BBF1000FD8D1FEE788
:10020000BDE8F88FF0E10020501B05004CE0002015
:10021000F0B5CDB004460D4616461F46284980234A
:10022000022203A80293F5F7A9FC10B348F2195370
:10023000984216D848F20253984230D9A0F50540AA
:10024000033816282BD8DFE800F036322A2A2A2A6B
:100250002A2A2A2A2A2A2A2A2A2A2A2A2E2A2A2AFA
:100260002E0048F26053984219D16FF049004DB00A
:10027000F0BD214603A8F5F7B3FC0028D6D102ABA8
:10028000009332463B46294603A8F5F7C1FC0028F7
:10029000CCD103A8F5F786FC0028E8D0C6E76FF0BC
:1002A00015004DB0F0BD6FF00B004DB0F0BD6FF01C
:1002B0000F004DB0F0BD6FF05E004DB0F0BD00BF5F
:1002C000D808050010B582B001904C20FEF702FA64
:1002D0000549019A0446F6F795F800280CBF204618
:1002E000002002B010BD00BF3C09050010B5044657
:1002F000F6F7A0F800B110BD2046BDE81040FEF7AB
:10030000EBB900BF10B588B0CDE900230A9C049476
:1003100002940B9C03940C9C05949DF83440069425
:100320000A460D230121F6F79BF808B908B010BD65
:1003300048F2195398421AD848F20253984212D9F7
:10034000A0F50540033816280DD8DFE800F01A2084
:100350000C0C0C0C0C0C0C0C0C0C0C0C0C0C0C0CDD
:100360001D0C0C0C1D006FF0150008B010BD48F2FC
:100370006053984214BF6FF015006FF0490008B049
:1003800010BD6FF05E00D1E76FF00B00CEE76FF0AD
:100390000F00CBE710B588B0CDE900230A9C049488
:1003A00002940B9C03940C9C05949DF83440069495
:1003B0000A460D230021F6F753F808B908B010BD1E
:1003C00048F2195398421AD848F20253984212D967
:1003D000A0F50540033816280DD8DFE800F01A20F4
:1003E0000C0C0C0C0C0C0C0C0C0C0C0C0C0C0C0C4D
:1003F0001D0C0C0C1D006FF0150008B010BD48F26C
:100400006053984214BF6FF015006FF0490008B0B8
:1004100010BD6FF05E00D1E76FF00B00CEE76FF01C
:100420000F00CBE738B505464FF49270FEF752F94E
:10043000074901220446F5F7A1FB30B929462046B9
:10044000F5F7CEFB08B9204638BD0024204638BD5C
:10045000FC08050010B50446F5F7A4FB00B110BD7B
:100460002046BDE81040FEF737B900BF10B584B094
:1004700003AC00940392F5F7CBFB08B904B010BDB0
:1004800048F2195398421AD848F20253984212D9A6
:10049000A0F50540033816280DD8DFE800F01A2033
:1004A0000C0C0C0C0C0C0C0C0C0C0C0C0C0C0C0C8C
:1004B0001D0C0C0C1D006FF0150004B010BD48F2AF
:1004C0006053984214BF6FF015006FF0490004B0FC
:1004D00010BD6FF05E00D1E76FF00B00CEE76FF05C
:1004E0000F00CBE741DF7047F0B585B00546FDF75B
:1004F0003BFE00283ED172B65E4CD4F80475F7F787
:10050000AFFF88B35C4EAE4228BF2E46F31923F0EE
:100510007F430122C4F80823C4F840350023C4F8FF
:100520004031D4F840310193019B4FF48033C4F83B
:100530000433BFF34F8F002D48D1C4F80833C4F8FB
:100540004051D4F840310393039BC4F80051D4F8D0
:1005500000310293494B0299C4F804234FF400314F
:10056000D4F80425C3F88011FDF7FEFDE8B962B6A2
:1005700005B0F0BDEFF3108172B6414B9A6882B9B5
:100580003E4A404C01209860D2F88000204018601C
:10059000C2F88040D2F8840058604FF0FF33C2F8B0
:1005A00084300029A8D162B6A6E7354B9A68002AA4
:1005B000DED0EFF3108172B6304A186810605C68C4
:1005C0005460002098600029D2D1D0E7FDF7CCFD1F
:1005D000002845D1F1EE103A23F09F03E1EE103AE6
:1005E000F1EE103A254C4023C4F88431FDF7BCFDF0
:1005F00068BB30BFD4F80021D4F804311343F8D0DD
:100600001C4B00224FF48031C3F80813C3F840217B
:10061000D3F8401103910399C3F80021D3F80021C6
:10062000029201220299C3F80423D3F80405134B64
:10063000C01B20F07F40B0424FF4003228BF30464C
:10064000C3F8802100288FD0F7F78CFB8CE7FFF7E9
:1006500049FF0028D4D00C4A6A21EFF7C9FDCFE743
:10066000FFF740FF0028BBD0074A5A21EFF7C0FD33
:10067000B6E700BF00100140FDFFFF0000E100E011
:10068000002F0020FC06FFBD581B050076DF7047D9
:1006900078DF70477ADF70477CDF70478FDF704705
:1006A00008B506480321FCF753FD00B908BDBDE8B5
:1006B0000840034A4FF4EC71EFF79ABDF4E10020D3
:1006C000E01B0500014ADD21EFF792BDE01B0500AC
:1006D000024A4FF48C71EFF78BBD00BFE01B0500A1
:1006E00010B50388262B82B0044612D80F2B1AD9D6
:1006F000103B162B17D8DFE803F029431616161601
:100700001616161616161616161616181616161687
:1007100064003B2B4BD0562B05D180881321FFF76B
:10072000B5FF00283FD102B010BD002380888DF8AE
:10073000043001A98DF80530FFF7B0FF0028F2D092
:10074000264A40F27D11EFF753FDECE7244B254894
:100750002549C01AC008000440F00300EFF730FB41
:10076000224BA18822481980FDF7F2F90028DAD03F
:100770001A4A40F26B1102B0BDE81040EFF738BDE5
:10078000174B18481B49C01AC008000440F003006A
:10079000EFF716FB154B4FF6FF721A8002B0BDE85B
:1007A000104001F053BA0D4A40F28D11E3E7808802
:1007B0001321FFF76BFF0028B5D0084A40F28511DE
:1007C000D9E7BFF34F8F0C490C4BCA6802F4E062C3
:1007D0001343CB60BFF34F8F00BFFDE7E01B050065
:1007E00098CA0400F8CA0400481C050064260020CA
:1007F00004E30020541C050000ED00E00400FA05AD
:1008000070B582B00D4E0E4DADF80610044633881B
:100810000DF1060221462846FDF760FB082804D0AA
:100820001328F4D0052800D008B902B070BD054ADD
:1008300040F24321EFF7DCFC02B070BD64260020DB
:1008400068260020E01B050070B50578022D96B0E3
:10085000044629D0032D02D075B116B070BD464BA9
:1008600046484749C01AC008000440F00300EFF7AB
:10087000A7FA2578002DF0D1A68A2469002E77D01A
:1008800023780B2B4DD00C2B1AD00A2B3B483A4B1C
:1008900020D03C49C01AC008000440F0030016B044
:1008A000BDE87040EFF78CBA334B34483649C01A74
:1008B000C008000440F00300EFF782FA2578C9E78A
:1008C00001F0C4F90323012101A88DF80430FFF7DA
:1008D00097FFC2E7C01AC00800042C4940F003008B
:1008E000EFF76EFA2946512201A800F036FD0123E8
:1008F00005A90DF1150014228DF809208DF804309A
:100900008DF805308DF806508DF807508DF8085099
:1009100001F0A8F99DF8141001A81131FFF770FF3C
:100920009BE7FEF7D3F8711E00F13C02C9B2601CD0
:1009300001F020F9831C12D0013007D002230121DD
:1009400001A88DF80430FFF75BFF86E70B480A4BE0
:100950000F49C01AC008000440F001009FE7074893
:10096000054B0C49C01AC008000440F0010096E78E
:100970000248014B08498DE798CA0400F8CA0400F0
:100980007C1C0500141D0500641C0500C01C05002E
:10099000E41C0500F41C0500981C050008B503784C
:1009A00003B108BD064B3B211888FFF76FFE0028F6
:1009B000F7D0BDE80840034A40F20D11EFF718BC2C
:1009C00064260020E01B0500032800D0704705487E
:1009D000054B0649C01AC008000440F00300EFF7B9
:1009E000EFB900BFF8CA040098CA04002C1D050026
:1009F00010B5ACB00446FDF7E9FA002840F09E803F
:100A0000002301A901200193FDF704FC002840F018
:100A1000CB8001A8FDF762FC002840F0BF801123C5
:100A200020468DF8003000F014FD214682B2684661
:100A3000FFF732FE002840F0AC8040F24130FFF773
:100A400027FE002840F0A0800822002101A800F025
:100A500084FC0623C8245022ADF8083001A84FF4C6
:100A6000C863ADF80420ADF80640ADF80A30FFF7D2
:100A700011FE002840F083804E480021FCF74EFF15
:100A8000002877D14C4B4D48019301A9FDF74EF852
:100A900000286AD100210422684600F05EFC484B21
:100AA000484800936946FDF7A5F9002858D1AC22C3
:100AB000002101A800F051FC012343491591ADF834
:100AC00050304FF496718DF8803044F250633F4AB5
:100AD0002391022424933E488DF804404FF4C063D0
:100AE00001A92A92ADF80630FCF7B4FA90BB384859
:100AF0000121FCF7ABFA1C22002101A800F02DFC1B
:100B000041F288340023CDE901343249324AADF84C
:100B1000123047F23054039401A80324CDE90612A1
:100B20008DF810408DF81430FCF770FC60B92B483C
:100B300000212CB0BDE81040FDF706BC284A4FF458
:100B4000D371EFF755FB5BE7254A4FF49771EFF749
:100B50004FFBECE7224A4FF4E771EFF749FBC6E79A
:100B60001F4AF921EFF744FBA1E71D4AF121EFF7F6
:100B70003FFB8FE71A4AD021EFF73AFB82E7184A8A
:100B80002146EFF735FB77E7154ABE21EFF730FB3B
:100B90005AE7134ABB21EFF72BFB4EE7104A4FF4FD
:100BA000D871EFF725FB3AE70D4A4FF4D671EFF70E
:100BB0001FFB2EE7ECE20020C506030004E3002043
:100BC000490803006826002060260020C9090300A8
:100BD000F4E100209D090300D1060300A1060300F3
:100BE000E01B050008B5EEF773FC0028FBD1F7F712
:100BF000DDFAF8E703460A4601481946EFF7F8BA66
:100C0000EFBEADDE014B1868F7F70AB810E300201D
:100C1000F0B54FF48041C7B00020EEF701FC00288A
:100C200040F09780EEF776FBF8F7EAF9002840F0FD
:100C30008B804A4A4A48136943F004031361FFF763
:100C4000D7FE484A484949480123CDE900320023EC
:100C50004FF48072F6F794FE012804D0444A8F21A5
:100C60000420EFF7C5FA434C434B444A44490094EF
:100C7000444800F03BFF002000F076FFFEF734FE12
:100C800031202E21322330228DF808008DF80F00FC
:100C90008DF8091037208DF80B1000262D218DF8C6
:100CA0000E308DF812308DF813308DF80A208DF843
:100CB0000C208DF80D108DF810208DF811008DF896
:100CC000146001F0ADF9074611F074F82E4A2F496F
:100CD000054606A800F0D4FA06AB214A2C49044682
:100CE000181800F0CDFA06AB04441819294A2A490D
:100CF00000F0C6FA06AB04441819284902AA00F00D
:100D0000BFFA06AB0444181925493A4600F0B8FA70
:100D100006AB0444181923492A4600F0B1FA06AB81
:100D200004441819204A214900F0AAFA06A92218F9
:100D30003046FBF733FDFDF76BFB0D4C2246B4212B
:100D40000F20EFF755FAF9E7094A7A21EFF750FA41
:100D50006FE7074A4E21EFF74BFA63E700ED00E03B
:100D60000C11050010E30020A01D0500E50B030099
:100D7000401D0500516102002D620200F161020078
:100D800075F9020051F90200F4100500A81D0500D4
:100D9000BC1D050020110500CC1D0500D81D050057
:100DA000181E0500E81D0500F41D0500001E0500C5
:100DB000F0B540F2FF7681EA030C16EA115E1EBF21
:100DC000B64516EA1355B5425AD021EA465141F4C8
:100DD0008011A1FB024723EA465343F48013AE443B
:100DE000A0FB03650CF0004C36197D41A1FB0347C5
:100DF00047F10003A0FB0217F619654153F1000308
:100E0000094218BF46F0010640F2FE74B3F5007FB8
:100E100013D2AEF5806EA6452BD24CEA03312803DF
:100E200041EA155140EA16503203450872F100427A
:100E300050F1000051EB0E51F0BDAEF2FF3EA64561
:100E400017D24CEAC321E80241EA555140EA565014
:100E5000F202450872F1004250F1000051EB0E51D0
:100E6000F0BD0CF0004141F0FE4141F47001002062
:100E7000F0BD1EEA0E0FF4D50CF000410020F0BDCD
:100E800016EA115F04BF01F000410020004218BFC4
:100E900041F0010116EA135F04BF03F00043002292
:100EA000124218BF43F0010306EA1354B44218BFBC
:100EB0009EEA060F03D00CF000410020F0BD21F0A7
:100EC000004123F00043B1EB065F06D8B3EB065FA9
:100ED00003D8002918BF002BC3D140F20001C7F688
:100EE000F8710020F0BD00BFC1F30A5340F21E426A
:100EF000D21A0EDD202A0AD8CB0243EA505040F025
:100F00000040D04090EAE170B0EBE1707047002003
:100F100070474B00004218BF43F0010313F5001F58
:100F200088BF21F0004111F0004058BF6FF0004031
:100F3000704700BFC0F3C75191B142004FEA407003
:100F40004FEAD2014FEA310101F16051B2F17F4F16
:100F500038BF704701F1605118BF41F4002170475C
:100F600010F000410020704753EA020C61D02DE9D7
:100F7000F04BB3FA83F51E0007BFB2FA82F502FA0E
:100F800005F403FA05F41646C5F120051EBF22FA42
:100F900005F73C43203556EA044C4FEA144418BF89
:100FA0000134A3464FF00009C846904271EB030C90
:100FB00039D3094207BFB0FA80F700FA07F6B1FA51
:100FC00081F701FA07F6C7F120071EBF20FA07FCD8
:100FD00046EA0C062037B6FBFBFC7F1B103F07F0F0
:100FE0001F04C4F120060CFA04F42CFA06F644BFE0
:100FF00034460026202FA4BF2646002454EA060CBF
:1010000008BF012418EB040849EB0609A4FB027C85
:10101000C01B06FB02CC04FB03CC71EB0C0190421D
:1010200071EB030CC5D20B46024649464046BDE86B
:10103000F08BB2FBF3F22DE9304081EA03040D4658
:10104000002906DA6FEA00006FEA0101013041F180
:101050000001002B06DA6FEA02026FEA0303013295
:1010600043F10003FFF780FF002C06DA6FEA00006F
:101070006FEA0101013041F10001002D06DA6FEA4B
:1010800002026FEA0303013243F1000330BD0000A6
:101090007F2805D8034B185C034B5B5C18407047F6
:1010A000002070472C1E0500AC1E0500A0F1610356
:1010B000192B98BF20387047A0F14103192B98BF16
:1010C000203070477F2805D8034B185C034B5B5CCE
:1010D00018407047002070472C1E0500AC1E05000C
:1010E000A0F16103192B98BF20387047A0F141038C
:1010F000192B98BF203070477F299ABF01700120BB
:101100006FF02E0070475AB10A787F2A0AD800B1D2
:101110000260002119605960501A18BF0120704701
:10112000002070476FF02E00704710B50446084647
:10113000A2684AB12368616803F1010C8C4508BFBD
:1011400000208B4208D2D054E3682BB1216862683A
:10115000914201D22146984723680133236010BD94
:1011600070B54C1E09D41646C5B229463046FFF765
:10117000DCFF013CB4F1FF3FF7D170BD10F0100F60
:1011800008D108B510F4007F14BF30202020FFF7ED
:10119000E7FF08BD70470028B8BF40427047000015
:1011A00008B5034B5B689B681B68984708BD00BF88
:1011B0008C26002008B50921FFF7F2FF08BD70B5A5
:1011C00004460D460846FDF785FA064658B154B167
:1011D00054F8042CAA4228BF2A46214600F094F86D
:1011E0002046FDF779FA304670BD9AB330B5944683
:1011F0000F2A18D902460B4640EA010414F0030FE7
:1012000002D00CF1FF3C11E01946104604320433C1
:101210000C680568A54206D110461946ACF1040CCD
:10122000BCF1040FF0D8BCF1010C0FD00A46034604
:1012300084441146184601330132047891F800E0E5
:10124000744503D1184611466345F2D100780B78F6
:10125000C01A30BD002070470CB400B587B008AA92
:1012600052F8043B05920390002004900291194625
:1012700001A800F01FF907B05DF804EB02B0704759
:101280000EB400B586B007AA52F8041B059203906D
:10129000002304936FF00043029301A800F00AF9C1
:1012A00006B05DF804EB03B07047D2B110B5144638
:1012B000012A12D00A460346204400F1FF3E11469F
:1012C000184613F8014B44B1013291F800C0A4450F
:1012D00003D1184611469E45F1D100780B78C01A0B
:1012E00010BD00207047037853B159B10144034643
:1012F00013F8012F12B18B42FAD10B46181A70471E
:101300000346FBE70346F9E7844640EA010313F08E
:10131000030F18D18446202A0BD32DE9F007B1E83A
:10132000F807A0E8F807A2F12002202AF7D2BDE8CA
:10133000F007042A07D351F8043B40F8043BA2F11C
:101340000402042AF7D2002A05D011F8013B00F864
:10135000013B013AF9D1604670478446002A2DD0FE
:1013600010F0030F04D000F8011B013A26D0F7E774
:10137000C9B241EA012141EA0141202A12D3A2F176
:1013800020022DE9F0030B460C460D460E460F4693
:1013900088468946A0E8FA03203AFBD2BDE8F0036C
:1013A00020320BD0042A05D340F8041B043A05D0A0
:1013B000042AF9D200F8011B013AFBD160467047BC
:1013C000024610F0030F16D111F0030F13D12DE9CF
:1013D000F0004FF001374FF0803351F8044BA4EB8D
:1013E000070525EA04051D4002D142F8044BF4E745
:1013F000A1F10401F0BC11F8013B02F8013B002B04
:10140000F9D1704710F0030F19D111F0030F16D165
:101410002DE970004FF001364FF0803350F8044B47
:1014200051F8045BAC4205D1A4EB060525EA04059E
:101430001D40F3D0A0F10400A1F1040170BC10F82C
:10144000012B11F8013BD21A01D1002BF7D1104624
:10145000704700F1010110F0030F11D010F8012BBB
:10146000002A23D010F0030F0AD010F8012B002A15
:101470001CD010F0030F03D010F8012B002A15D058
:101480002DE970004FF001324FF0803350F8044BDB
:10149000A4EB020525EA04051D4000D1F6E7A0F102
:1014A000040070BC10F8012B002AFBD1A0EB010056
:1014B000704700002DE9F04F89B0074603920023E2
:1014C00003600C4614F8011B002900F0FC82DFF8D1
:1014D00018B5EBE2002507E05E2868D145F4805599
:1014E00001E045F040051C46234613F8010B302867
:1014F000F2D81F2837D9A0F12002102A33D801A131
:1015000051F822F0E3140300671503006715030088
:1015100049150300671503006715030067150300ED
:101520004F150300671503006715030067150300D7
:1015300055150300671503005B15030067150300CD
:10154000671503006115030045F08005CBE745F4FE
:101550000045C8E745F02005C5E745F01005C2E79E
:1015600045F40075BFE72A2821D1039A111D039184
:10157000D2F800A0BAF1000FBCBFCAF1000A45F0D2
:1015800010051878A31C2AEAEA7A2E2826D0002112
:10159000742847D07A2845D06C2800F0A8804C28C1
:1015A00000F0AB80682800F0B8801C463DE0A0F158
:1015B0003002D2B2092A88BF4FF0000AE3D84FF0B8
:1015C000000A0AEB8A0A303800EB4A0A13F8010BCA
:1015D000A0F13002D2B2092AF3D9D4E718782A2828
:1015E0000AD1039A111D039111685878023300291A
:1015F000CEDB45F48075CBE70133A0F13002D2B2E7
:10160000092A88BF0021F4D8002101EB810130387C
:1016100000EB410113F8010BA0F13002D2B2092A0C
:10162000F3D9E4E71C4614F8010B002800F05782B8
:10163000A0F12503DBB2532B62D8A0F12503532B75
:101640005ED8DFE813F076005D005D005D005D00B0
:101650005D005D005D005D005D005D005D005D00A2
:101660005D005D005D005D005D005D005D005D0092
:101670005D005D005D005D005D005D005D005D0082
:101680005D005D005D005D005D005D005D005D0072
:101690005D005D005D005D005D005D005D005D0062
:1016A0005D005D005D005D005D005D00EC005D00C3
:1016B0005D005D005D005D005D005D005D005D0042
:1016C0005D007B0021015D005D005D005D0021018A
:1016D0005D005D005D005D0095000F01D2005D00C2
:1016E0005D00A6005D001A015D005D00EE001C4675
:1016F00014F8010B45F0010597E745F001051C467C
:10170000B54B1E68002E00F0CE8103AB0193009113
:1017100053462A463946B047C5E11878682803D0B1
:101720005C1C45F0040580E745F008059C1C5878D2
:101730007BE725213846FFF7F8FCB4E1039B1A1D2F
:1017400003921E780AF1FF3A3A4651462846FFF7BF
:1017500015FD31463846FFF7E8FCA94619F0100F91
:1017600000F0A1813A4651462020FFF7F9FC9AE1AA
:1017700015F0080F06D03A68039B191D03911B68EA
:101780001A7090E1039B1A1D03921B683A681A6055
:1017900089E1039B1A1D0392D3F800808F4BB8F1A7
:1017A000000F08BF9846464625F4007915F4807F5F
:1017B00016D04046FFF797FD0546AAEB050A3A46C4
:1017C00051464846FFF7DAFC002DC7D016F8011B3A
:1017D0003846FFF7AAFCA8EB0603EB42F6D1BDE7BB
:1017E0004046FFF736FE0546E7E7039B1A1D0392C6
:1017F0001B6815F0800F0CBF0026232645F480756A
:1018000008211A46002B00F02A8105AB4FF0000892
:1018100005F4005CA64660468C460146D2E045F4DD
:10182000005515F0800F1BD043F2780643F25803A1
:10183000782818BF1E4615F4807F01D025F4007566
:1018400015F4804F32D0039B1A1D03921B6815F0CC
:10185000040F1FD01BB2002B20DA5B422D262DE097
:101860000026E8E715F0800F0CBF0026302615F49F
:10187000807FE5D025F40075E2E715F4807F07D07E
:1018800025F400750026DBE745F480450026D7E700
:101890000026D5E715F0080FDDD0DBB215F0200FDC
:1018A00061D115F0400F18BF202607E0039B1A1DD9
:1018B00003921B6815F0040F50D09BB215F4807F83
:1018C00014BF25F4007501215838202800F2AF809C
:1018D00001A252F820F000BF031803002F1A0300E2
:1018E0002F1A03002F1A03002F1A03002F1A0300C8
:1018F0002F1A03002F1A03002F1A03002F1A0300B8
:101900002F1A03002F1A0300931903002F1A030044
:101910002F1A03002F1A03002F1A03009319030034
:101920002F1A03002F1A03002F1A03002F1A030087
:101930002F1A03006B190300031803002F1A03006A
:101940002F1A03002F1A03002F1A03009319030004
:101950002F1A03002F1A03000318030015F0080FB5
:10196000ACD0DBB2AAE72B26A8E71A464FF0000856
:10197000002B5ED005A84FF0000803F007033033BA
:1019800000F8013B08F10108D2081346002AF4D1FF
:101990004FE018464FF00008002B4AD04FF00008E7
:1019A00005F4004E4FF02C0973468E4619462FE081
:1019B00002F00F000A4C205C03F8010B08F101084B
:1019C000120906D00029F3D002F00F00054C205C6C
:1019D000F2E7744661462CE014E300208020050005
:1019E0006020050070200500CDCCCCCC08AB03EB0B
:1019F000080CABFB0032D20802EB8203A0EB4303DE
:101A000030330CF80C3C08F1010809280DD91046B8
:101A10000029EBD008F00303032BE7D108AB4344C4
:101A200003F80C9C08F10108E0E7714601E04FF073
:101A30000008A1EB080121EAE179AAEB090AAAEB67
:101A4000080AFF2E0ED9AAF1020AC6F3072138466A
:101A5000FFF76BFBF1B23846FFF767FB04E04FF08E
:101A60000008E6E7002E3DD13A4651462846FFF7EA
:101A700085FB3A4649463020FFF772FBB8F1000F6C
:101A80000EDD0DF1140908F1FF38C84498F8001074
:101A900046463846FFF749FBC14508F1FF38F5D106
:101AA00015F0100F09D114F8011B61B125293FF47D
:101AB00011AD3846FFF739FBF5E73A46514620208D
:101AC000FFF74EFBEFE7BB682BB13A6879688A42B3
:101AD0003CBF00219954386809B0BDE8F08F4FF041
:101AE000FF30F9E70AF1FF3AB4E700BF70B582B002
:101AF000069CC0B1B9B1B2B1ABB1A4B10B4D0C4EA3
:101B000028600C480C4D036031602C6090472B68B6
:101B10000DF1060002219847084BBDF806201A80F7
:101B2000002002B070BD4FF0FF30FAE720E3002044
:101B300024E3002018E300201CE300202AE3002017
:101B400000B5074B83B002211B680DF106009847D2
:101B5000044BBDF806201A8003B05DF804FB00BFFB
:101B60001CE300202AE30020014B1870704700BFDF
:101B700028E300201C295FD170B50588012D55D1BF
:101B80004488002C52D1C37A82F82130037B82F83A
:101B90002030B0F80F30D361B0F80D10284E03FBA1
:101BA00001F39361B0F811305361D0F807305360FE
:101BB000C17C338882F83930A1F10301B1FA81F197
:101BC00049091B0AD17282F83A30438B82F83C30C3
:101BD0004C211B0AD18782F83D30437E82F8403089
:101BE000037E82F84130C37D82F84230837D82F8E3
:101BF0004330437D82F844301249134B007D82F814
:101C000045001878096855700223032604251070D2
:101C1000052014749462138182F82330967282F83E
:101C20002550106329B18847204670BD6FF0010030
:101C300070BD4FF0FF3070BD4FF0FF30704700BFF8
:101C40002AE3002020E3002028E30020034B044A7D
:101C50001B680021118003B11847704724E300205E
:101C60002AE3002018B311B370B4114A114B158840
:101C70001B780374012200233F24026002730322B5
:101C8000A0F811506FF00A06C3718372C372C37358
:101C90006FF04705047109230B24827113224671EA
:101CA000057244724373837370BC0A707047704747
:101CB0002AE3002028E300202DE9F04385B0054603
:101CC0001C4683685E69E2B102911FFA82F8ADF8A2
:101CD0000C804FF00009ADF80E90776B02AB4A46CE
:101CE0002021B847ADF80080ADF80290E368C3F357
:101CF00080138DF80430776B6B464A4637212846AF
:101D0000B847E36813F01D0F05D0776B2346002218
:101D100005212846B8476368002B0CDB776B231D31
:101D2000002210212846B847776B04F108030022EF
:101D300051212846B847766B04F10C030022042198
:101D40002846B04705B0BDE8F08330B583B002AB9C
:101D50000024002563E9024582685269546B002221
:101D60005F21A047DDE9000103B030BD10B58368F5
:101D70005B695C6B00231A460321A04710BD00007D
:101D80002DE9F04784B0044683685D69D1F808A066
:101D90000B6803934A6804AB43F8082D6F6B00226D
:101DA0004F21B847074618B1384604B0BDE8F08760
:101DB000A3685A6994F94C30002B3CDB576B01AB9C
:101DC000002257212046B847A8BB9DF807209DF860
:101DD00006301B0443EA02639DF8042013439DF878
:101DE000052043EA0223BAF1000F31D103F578331D
:101DF00003F5207303934FF0010AA3685F690DF1A7
:101E0000020300227B2120467E6BB04794F94D30BF
:101E1000012B4ED094F94C30012202FA03F3BDF8A5
:101E2000022022EA030204AB23F80E2D7F6B00226E
:101E30006B212046B847BAF1000F4AD16D6B0023E1
:101E40001A461F212046A8470746002850D1ABE775
:101E5000039AD31A98464FEAE3794FEA4912580198
:101E600042EAD361C01A61EB09014B0243EAD05345
:101E7000420212EB080043EB09018B0143EA906335
:101E80008201121A63EB010316461F46314A0023F2
:101E900016EB080047EB0901FFF766F8B0F57F7F06
:101EA000ABDDA3685F69B0F57F70A8D0FEF766F977
:101EB000A5E794F94C3001229A40BDF802301A434C
:101EC00004AB23F80E2D7F6B00226B212046B84710
:101ED000B1E76E6B03AB002205212046B0470746F1
:101EE00030B96D6B002301221F212046A847074609
:101EF00094F94C30002BFFF657AFA3685D696E6B09
:101F000001AB00227B212046B04794F94D308BB1C4
:101F100094F94C30012202FA03F3BDF8042022EABE
:101F2000030204AB23F80C2D6D6B00226B212046BD
:101F3000A84739E794F94C3001229A40BDF80430A3
:101F40001A4304AB23F80C2D6D6B00226B21204645
:101F5000A84729E70098E00E10B582B00091ADF8CF
:101F600004200022ADF8062083685B695C6B6B4639
:101F70002121A04702B010BDF0B583B00368002B4B
:101F800037D01F4A13601E4B1B6842681A60826874
:101F90005A6000228DF803201B681C6801AB0422E4
:101FA0000DF103010120A0479DF807309DF80610B0
:101FB000090441EA03619DF8043019439DF8053096
:101FC00041EA03210F4A104B9A4216D20C4B1F686C
:101FD00013464FF0FF3000260B4D1A684A405C68EC
:101FE000224204BFBB6030461C33AB42F5D303B082
:101FF000F0BD034B054A1A60C5E74FF0FF30F6E726
:102000002CE30020A4CB0400F8CB040030E3002034
:10201000024B1A6818601046704700BF2CE300207E
:10202000024B1B689B68D868704700BF2CE30020F8
:102030004FF0FF307047000010B5054B18688368FB
:102040001B69DC6A00231A460321A04710BD00BFAC
:102050002CE3002008B5044B1B689A681269126AC9
:1020600001461846904708BD2CE3002038B5054BC3
:102070001C68A3681B69DD6A002302463A212046DA
:10208000A84738BD2CE3002010B582B0002202AB77
:1020900003F8012D0549086881680969CC6A58214F
:1020A000A0479DF8070002B010BD00BF2CE3002040
:1020B00008B5034B186883681B691B6B984708BDFC
:1020C0002CE3002000290DDD10B4431E19441046F6
:1020D000054C13F8012F5040205C8B42F9D15DF87C
:1020E000044B704710467047882005009829024825
:1020F00018BF0020704700BF8022050070472DE9FF
:10210000F04184B005460E46BDF82C10901900F041
:102110007F003244C2F30442840044EA422441EA8C
:102120000402120A8DF80C2001F003073C438DF8DD
:102130000D401F4673B900295CD0730063F07E0325
:102140008DF80C30012400292FD0A1F5004103297E
:102150000AD9FEE700284FD1B1F5004F03D000297E
:102160004AD1012421E001242B6D9B7D4BB92B68C2
:102170005D680A9B3A4603A92046A84704B0BDE81B
:10218000F0810022214603A8FFF79CFF0246394652
:102190000A98FFF797FF2B6800909D680A9B3A46C4
:1021A00003A92046A847E9E701242B68D3F800805B
:1021B0000A9B3A4603A92046C0472B6D9B7D022B04
:1021C000DCD1182EDAD00022214603A8FFF77AFFCF
:1021D000024639460A98FFF775FF04460022182187
:1021E000284600F041F88442C8D0EB68002BC5D0E7
:1021F0009847C3E70028D7D042F040028DF80C2062
:102200000224A0E710B582B000240194049C00943D
:10221000FFF775FF02B010BD00B585B003AB0093AA
:10222000042392B2FFF7EEFF0DF10F030DF10B0146
:10223000002013F8012902EB00208B42F9D105B0F0
:102240005DF804FB00B585B003AB0093022392B2A6
:10225000FFF7D8FF9DF80D309DF80C0000EB032030
:1022600080B205B05DF804FB00B585B00DF10F0339
:102270000093012392B2FFF7C5FF9DF80F0005B050
:102280005DF804FB30B5BDB005460C46036DDA7B46
:10229000012A1CD0032A40F0D4811B7E13F0080FC2
:1022A0000CD113F0040F02AB009314BF382320238A
:1022B00000224FF4F011FFF7A5FF19E002AB0093E5
:1022C000E82300224FF4F011FFF79CFF10E01B7E83
:1022D00013F0080F40F0AC8113F0040F02AB009331
:1022E00014BF3823202300224FF4C011FFF78AFFC8
:1022F0000DF1170204F11A0304F1200012F8011F76
:1023000003F8011B8342F9D19DF815209DF8143084
:1023100043EA0223C3F30C0363849DF81F209DF856
:102320001E3043EA0223C3F30D0313F4005F1CBF06
:102330006FEA83436FEA934323849DF825209DF839
:10234000243043EA0223C3F30B03E3872B6D1B7E88
:1023500013F0020F40F06A810AAA631E201D12F8D2
:10236000011B03F8011FD1791972D17B5974834283
:10237000F5D19DF82F3063719DF82E209DF82D30FA
:1023800043EA0223E3809DF837209DF8363003EBC3
:102390000223C3F3CF13A4F80D309DF832209DF82B
:1023A000313043EA0223A4F80F309DF83F209DF816
:1023B0003E3003EB0223C3F3CF13E3829DF83A20B0
:1023C0009DF8393043EA022323832B6D1B7E13F0E3
:1023D000040F40F02B819DF843209DF842301B04F0
:1023E00043EA02639DF8402013439DF8412043EAED
:1023F000022323F0604363629DF847209DF8463036
:102400001B0443EA02639DF8442013439DF84520D2
:1024100043EA022323F00043A3629DF84B209DF87A
:102420004A301B0443EA02639DF8482013439DF899
:10243000492043EA0223C3F31003E3629DF84F20CF
:102440009DF84E301B0443EA02639DF84C20134371
:102450009DF84D2043EA0223C3F3150323639DF83F
:1024600053209DF852301B0443EA02639DF850202C
:1024700013439DF8512043EA0223C3F3150363631A
:102480009DF857209DF856301B0443EA02639DF8DF
:10249000542013439DF8552043EA0223C3F3150348
:1024A000A3639DF865209DF8643043EA0223A38767
:1024B0009DF877209DF876301B0443EA02639DF86F
:1024C000742013439DF8752043EA022323F0404310
:1024D00023649DF879209DF8783043EA02236364F1
:1024E0009DF87F209DF87E301B0443EA02639DF82F
:1024F0007C2013439DF87D2043EA0223C3F3150398
:10250000A3649DF883209DF882301B0443EA026394
:102510009DF8802013439DF8812043EA0223C3F3F2
:102520001503E3649DF887209DF886301B0443EA79
:1025300002639DF8842013439DF8852043EA02231B
:10254000C3F3150323659DF895209DF8943043EA65
:102550000223C3F30E03A4F854309DF8A5209DF880
:10256000A43043EA0223C3F30B03A4F856309DF8CA
:10257000BF209DF8BE301B0443EA02639DF8BC20D7
:1025800013439DF8BD2043EA022323F04043A36593
:102590009DF8C1209DF8C03043EA0223E3659DF811
:1025A000C7209DF8C6301B0443EA02639DF8C4208F
:1025B00013439DF8C52043EA0223C3F315032366A2
:1025C0009DF8CB209DF8CA301B0443EA02639DF8B6
:1025D000C82013439DF8C92043EA0223C3F315031F
:1025E00063669DF8CF209DF8CE301B0443EA02635A
:1025F0009DF8CC2013439DF8CD2043EA0223C3F37A
:102600001503A3669DF8DD209DF8DC3043EA022324
:10261000C3F30E03A4F86C309DF8ED209DF8EC3068
:1026200043EA0223C3F30B03A4F86E303DB030BD80
:1026300002AB0093E82300224FF4C011FFF7E2FD44
:1026400056E61B7E13F0010F00F09F8102AB009352
:102650006C2300224FF44021FFF7D4FD1DAB009303
:102660006C2300224FF450212846FFF7CBFD02AA2D
:10267000631E201D12F8011B03F8011FD179197286
:10268000D17B5974D17D99768342F3D19DF8253061
:10269000E3779DF80F3063719DF80E209DF80D30A3
:1026A00043EA0223E3809DF816309DF8172043EAA1
:1026B0000222C2F3CF12A4F80D209DF8152042EAA1
:1026C0000322A4F80F209DF81F2043EA0223C3F33E
:1026D000CF13E3829DF81E209DF81D3043EA0223AC
:1026E00023839DF827209DF8263043EA0223C3F375
:1026F0000D0313F4005F1CBF6FEA83436FEA93433B
:1027000023849DF829209DF8283043EA0223C3F34F
:102710000C0363849DF82F209DF82E301B0443EAA0
:1027200002639DF82C2013439DF82D2043EA0223D9
:1027300023F0604363622B6D1B7E13F0010F3FF4A7
:1027400075AF9DF833209DF832301B0443EA0263D5
:102750009DF8302013439DF8312043EA022323F0F3
:102760000043A3629DF837209DF836301B0443EAEE
:1027700002639DF8342013439DF8352043EA022379
:10278000C3F31003E3629DF83B209DF83A301B042D
:1027900043EA02639DF8382013439DF8392043EA49
:1027A0000223C3F3150323639DF83F209DF83E30B9
:1027B0001B0443EA02639DF83C2013439DF83D202F
:1027C00043EA0223C3F3150363639DF843209DF896
:1027D00042301B0443EA02639DF8402013439DF8F6
:1027E000412043EA0223C3F31503A3639DF851205C
:1027F0009DF8503043EA0223A3879DF861209DF89D
:10280000603043EA0223C3F30B03E3879DF867209C
:102810009DF866301B0443EA02639DF8642013436D
:102820009DF8652043EA022323F0404323649DF88A
:1028300069209DF8683043EA022363649DF86F20A5
:102840009DF86E301B0443EA02639DF86C2013432D
:102850009DF86D2043EA0223C3F31503A3649DF89A
:1028600073209DF872301B0443EA02639DF87020C8
:1028700013439DF8712043EA0223C3F31503E36475
:102880009DF877209DF876301B0443EA02639DF89B
:10289000742013439DF8752043EA0223C3F3150304
:1028A00023659DF885209DF8843043EA0223C3F315
:1028B0000E03A4F854309DF895209DF8943043EA17
:1028C0000223C3F30B03A4F856309DF8AF209DF804
:1028D000AE301B0443EA02639DF8AC2013439DF81D
:1028E000AD2043EA022323F04043A3659DF8B120C5
:1028F0009DF8B03043EA0223E3659DF8B7209DF8C8
:10290000B6301B0443EA02639DF8B42013439DF8DC
:10291000B52043EA0223C3F3150323669DF8BB20C9
:102920009DF8BA301B0443EA02639DF8B8201343B4
:102930009DF8B92043EA0223C3F3150363669DF8AB
:10294000BF209DF8BE301B0443EA02639DF8BC2003
:1029500013439DF8BD2043EA0223C3F31503A36686
:102960009DF8CD209DF8CC3043EA0223C3F30E033B
:10297000A4F86C309DF8DD209DF8DC3043EA02239A
:10298000C3F30B03A4F86E3050E602AB0093282388
:1029900000224FF44021FFF735FC68E600B583B014
:1029A000036DDB7B012B0BD0032B10D10091052392
:1029B00004224FF4F011FFF725FC03B05DF804FB8F
:1029C0000091052300220549FFF71CFCF5E7009163
:1029D000052300226421FFF715FCEEE70400180030
:1029E00010B582B04FF400440194049C0094FFF7AA
:1029F00086FB02B010BD10B584B004AC04F8013DF4
:102A00000094012392B2FFF7EBFF04B010BD000069
:102A100010B50446036DDB7B012B13D0032B1DD1B6
:102A2000F02300221249FFF7E6FF00224FF4F011D5
:102A30002046FFF707FC236D1A7BA2B1C0F3090003
:102A4000588410BD0F2300220949FFF7D4FF00224C
:102A50004FF4C0112046FFF7F5FBECE700224C21B4
:102A6000FFF7F0FBE7E700F07F005884E9E700BFDD
:102A70002400010038B505460C46022300224FF41D
:102A80007021FFF7B8FF04B938BD012300224FF4CD
:102A900070212846FFF7AFFFF6E700B585B08DF847
:102AA0000C301B0A8DF80D3003AB0093022392B259
:102AB000FFF796FF05B05DF804FB000038B504464B
:102AC00000231A464FF42021FFF7E7FF00231A46A0
:102AD00008492046FFF78FFF074D00231A46294675
:102AE0002046FFF788FF0223002229462046FFF7F1
:102AF00082FF38BD14000A0004000A0008B501294D
:102B000002D0052907D008BD41F62203002205495D
:102B1000FFF7C3FFF7E74FF4007300220149FFF707
:102B2000BCFFF0E70400110038B505460C4641F43F
:102B300000739BB200224FF43021FFF7AEFFA3B227
:102B400000224FF430212846FFF7A7FF38BD0000D0
:102B500070B504460E460C4D012300222946FFF7AE
:102B60009CFF3346002209492046FFF796FF0223C7
:102B7000002229462046FFF790FF00220449204604
:102B8000FFF74AFB70BD00BF08000B0004000B00FC
:102B900010000B0038B504460B4600220A49FFF727
:102BA0007CFF0A4D8823002229462046FFF723FF99
:102BB00000231A4629462046FFF71DFF002204493C
:102BC0002046FFF751FB38BD0C000A0004000A0044
:102BD00008000A0070B504460B461546B1F5807F23
:102BE00034BF0026202600220B49FFF756FF2B4654
:102BF00000220A492046FFF7FEFE094D46F09003E9
:102C0000002229462046FFF7F6FE00231A462946F1
:102C10002046FFF7F0FE70BD0C000A0010000A000D
:102C200004000A0070B504460D461646002240F224
:102C30000B11FFF7CFFF4FF482712046FFF7AAFF79
:102C400000F01F024FF482712046FFF7C3FF236D8F
:102C50005A8A15435D82236D5B8A00224FF420213E
:102C60002046FFF71AFF3346002202492046FFF7AD
:102C7000C2FE70BD14000A0010B582B004460022E6
:102C8000009213461321FFF7ABFE236DDA7B032A74
:102C90000CBF01220322DA7302B010BD10B584B05C
:102CA0008DF80C301C0A8DF80D401C0C8DF80E4070
:102CB0001B0E8DF80F3003AB0093042392B2FFF785
:102CC0008FFE04B010BD0000F8B5044600224FF49A
:102CD000F811FFF7C9FA0546002244212046FFF704
:102CE0009BFA0646236D00225A8483F82420DA6179
:102CF0001A849A62236D9C62236DD861226DD37D04
:102D000003F00303032B79D016F4806F05D092F8FB
:102D1000243043F0040382F8243015F0800F74D17E
:102D200015F0010F40F0A38015F0400F0BD0636A3F
:102D300013B1206D1C3098474FF4C0730222442118
:102D40002046FFF7AAFE15F0080F00F0EA80236D79
:102D5000002283F82420236DDB7B002B40F095803C
:102D6000236DDE6116F4802F00F0A980226D92F8A9
:102D7000243043F0080382F824304FF4802716F003
:102D8000805F08D0226D92F8243043F0100382F85F
:102D9000243047F0805716F4005F06D0226DD37DB3
:102DA00003F00303032B00F0968016F4804F40F0ED
:102DB0009E8047F4DE43002244212046FFF76EFF49
:102DC000206D438C002B40F0A180C37D03F00303F2
:102DD000032B00F09B80C36923F49043C361226DF1
:102DE000D36943F48053D361E36913B1206D1C3080
:102DF0009847236D002283F824208BE010F4005FB5
:102E00001CBF45F00805EDB27EE7276D0022482182
:102E10002046FFF717FA3884236D9A7D1AB1DA69D4
:102E200012F0040F03D11B8C03F460638BB10423F5
:102E3000002244212046FFF7DEFD4FF460630022AC
:102E400048212046FFF729FE236A13B1206D1C306C
:102E50009847236D1B8C13F4807F3FF461AF4FF4D0
:102E60008073002248212046FFF717FE58E7F82319
:102E7000002244212046FFF7BEFD2369002B3FF4CA
:102E800053AF206D1C3098474EE73B492046FFF773
:102E9000EBF9236DDB7B032B08BFC0F3071010F0A9
:102EA000010F18BF46F4804610F0020F18BF46F419
:102EB000005610F0040F18BF46F4806650E716F471
:102EC000806F1FBF226D92F8243043F0040382F814
:102ED0002430002753E792F8243043F0020382F8AD
:102EE0002430236D00225A8447F4004761E72046CE
:102EF000FFF78EFD10F4004F3FF45BAF226D92F8A8
:102F0000243043F0010382F8243052E763690BB1A7
:102F10001C309847236DDB7B53B9236D002283F867
:102F2000242015F0100F07D115F0200F14D1F8BD93
:102F30002046FFF7A1FEF0E7104B00224421204677
:102F4000FFF7ACFEE36913B1206D1C309847236D89
:102F5000002283F82420E7E7094B00224421204681
:102F6000FFF79CFEA36913B1206D1C309847236DB9
:102F7000002283F82420DAE72400010000940534BD
:102F80000004221038B5044689B900222C21FFF72D
:102F900043F9054601224FF460212046FFF764F90A
:102FA0002B1A00222C212046FFF778FE38BD002284
:102FB0002C21FFF731F90546012205492046FFF78C
:102FC00053F92B1A00222C212046FFF767FEEDE76C
:102FD0000400010070B506460C46084D0022294643
:102FE000FFF71AF9000D0005C4F313030343002291
:102FF00029463046FFF752FE70BD00BF08000100B1
:1030000038B505460C4600224FF4A021FFF704F91D
:103010000B4B034014F0010F18BF43F4802314F04E
:10302000020F18BF43F4104314F0040F18BF43F00D
:10303000120300224FF4A0212846FFF72FFE38BDCF
:10304000C00FE0FF38B505460C460B6800220B495F
:10305000FFF724FE6368002209492846FFF71EFE99
:10306000A368002207492846FFF718FEE3680022FC
:1030700005492846FFF712FE38BD00BF0C000200CC
:1030800010000200140002001800020038B50546C6
:103090000C460B6800220B49FFF700FE6368002214
:1030A00009492846FFF7FAFDA36800220749284688
:1030B000FFF7F4FDE368002205492846FFF7EEFD1F
:1030C00038BD00BF1C0002002000020024000200E6
:1030D000280002002DE9F0470446052940D0264D7E
:1030E0002E46264FDFF8D880DFF8D890DFF8D8A03A
:1030F000234B002223492046FFF7D0FD53460022F0
:1031000021492046FFF7CAFD4B4600221F492046B1
:10311000FFF7C4FD434600221D492046FFF7BEFDD0
:103120003B4600221B492046FFF7B8FD33460022EC
:1031300019492046FFF7B2FD2B46002217492046C9
:10314000FFF7ACFD164B002216492046FFF7A6FDFF
:10315000154B002215492046FFF7A0FDBDE8F0877A
:10316000134D144E144FDFF86480DFF86490DFF8DD
:1031700064A0124BBDE700BFB5AF02007DAF0200F7
:10318000FEA80200380003003C00030040000300DA
:1031900044000300480003004C00030050000300FB
:1031A000400200101C00030089A46D1B20000300D6
:1031B000F5CF0100B5CF010036CF0100FDC0010001
:1031C0003EAF0200FEA5020036AC02007EC7010041
:1031D000BEC601003EC4010008B500231A460249DC
:1031E000FFF75CFD08BD00BF0400070038B50446CA
:1031F0000D4600231A460A49FFF750FD00231A46E0
:103200004FF4E0212046FFF749FD05B938BD4FF0E6
:10321000E053002203492046FFF740FDF6E700BFD8
:103220004800070014000700F0B583B0046DE47B8C
:10323000032C0CBF4FF4981C4FF4901C9C18B4F551
:10324000806F19DA1D4616460F4604467F2B15D9A6
:103250004FEA1C4300220D49FFF720FD2B460022B8
:103260000B492046FFF71AFD0097334600224FF422
:10327000E8112046FEF7C6FF03B0F0BD00911346EB
:103280002A466146FEF7BEFFF6E700BF04001F00B6
:1032900008001F0030B583B005460C4671B121F01F
:1032A0000203013B0F2B56D8DFE803F010555521E0
:1032B00055555528555555555555553300220092AD
:1032C00013460221FFF78CFB20460EE000220092FD
:1032D00013460421FFF784FB032244212846FEF70E
:1032E000C3FF10F0080F1FD1002003B030BD002233
:1032F000009213460A21FFF773FBEDE70021FFF769
:1033000041FE00220092134608212846FFF768FB81
:10331000E2E70121FFF736FE002200921346062164
:103320002846FFF75DFBD7E7002100910B460A46D0
:103330002846FFF755FB14F0020F02D04FF0FF3084
:10334000D3E700220092134602212846FFF748FBEC
:103350004FF0FF30C9E74FF0FF30C6E7F0B583B05C
:103360005C18B4F5806F24DA1C4617460E460546F5
:103370007F2B15D9142300220F49FFF78FFC23461A
:1033800000220E492846FFF789FC009733460022A9
:103390004FF4E8112846FFF723FB002003B0F0BDEF
:1033A00000920B4622464FF4A011FFF719FB0020B4
:1033B000F4E74FF0FF30F1E704001F0008001F00A2
:1033C00030B585B0089C8DF808301D0A8DF809507D
:1033D0001D0C8DF80A501B0E8DF80B308DF80C402B
:1033E000230A8DF80D30230C8DF80E30240E8DF845
:1033F0000F4048F20303019302AB0093082392B2FB
:10340000FEF77DFE05B030BD00B583B0052904D0C0
:1034100009290BD003B05DF804FB402300936FF43F
:10342000005300220649FFF7CBFFF3E74FF40153A7
:1034300000936FF4005300220149FFF7C1FFE9E751
:1034400008000B0070B582B004460E46134D4FF0D5
:10345000082300934FF0FF3300222946FFF7B0FF07
:103460004FF0601300934FF0FF33002229462046AF
:10347000FFF7A6FF0A4B00934FF0FF3300224FF4F3
:10348000E0212046FFF79CFF0EB902B070BD054B4E
:10349000002205492046FFF701FCF6E74800070037
:1034A000003C0002001101011400070000B583B0C8
:1034B000054B00934FF0FF3300220449FFF780FFD4
:1034C00003B05DF804FB00BF003C000204000700ED
:1034D0002DE9F04383B004460D461746564E0022B0
:1034E0003146FEF799FE81464FF4704300934FF04A
:1034F000FF33002231462046FFF762FFDFF83C81B0
:103500001823002241462046FFF7C7FA252120460E
:10351000FFF70AFB02212046FFF706FB4FF4FE717E
:103520002046FFF701FBF9B241F480712046FFF716
:10353000FBFA4FF480712046FFF7F6FA002120468F
:10354000FFF7F2FA02212046FFF7EEFA4FF4E0719E
:103550002046FFF7E9FAE9B241F480712046FFF70F
:10356000E3FAC5F3072141F480712046FFF7DCFA46
:10357000C5F3074141F480712046FFF7D5FA290EC3
:1035800041F480712046FFF7CFFA00212046FFF773
:10359000CBFA3A212046FFF7C7FA40F2FF11204646
:1035A000FFF7C2FA4FF485712046FFF7BDFA0021FC
:1035B0002046FFF7B9FA3A212046FFF7B5FA40F264
:1035C00001112046FFF7B0FA022300224FF4302108
:1035D0002046FFF762FA00231A464FF430212046B6
:1035E000FFF75BFA0220FCF7B9FD3A212046FFF70E
:1035F0009BFA4FF481712046FFF796FA02230022CE
:103600004FF430212046FFF748FA00231A464FF4C2
:1036100030212046FFF741FA00231A464146204652
:10362000FFF73BFA4B46002231462046FFF736FBB8
:1036300003B0BDE8F08300BF4400070008000B00A2
:10364000F0B583B0002423460126072702E00134A9
:10365000092C09D006FA04F50D42F8D004EB440514
:1036600007FA05F52B43F2E71A400092DB430022EC
:103670004FF4A021FFF7A4FE03B0F0BD2DE9F04107
:1036800082B00446884617461D46FCF7BBFC06463A
:10369000022D2DD0012D38D0002500956FEA0803AA
:1036A0002A463C212046FFF78BFE0095FB432A4625
:1036B00040212046FFF784FE00223C212046FEF7F1
:1036C000ABFD0346002244212046FFF7E7FA002223
:1036D00040212046FEF7A0FD034600224821204657
:1036E000FFF7DCFA3046FCF79FFC02B0BDE8F08142
:1036F000434600223C212046FFF7D0FA3B460022F9
:1037000040212046FFF7CAFAD6E7CDF800804FF0F7
:10371000FF3300223C212046FFF752FE00974FF076
:10372000FF33002240212046FFF74AFEC4E7000095
:1037300010B582B004467F2A12D9803241EAC321F3
:1037400041EA024100910C4B00222421FFF738FE90
:1037500000224FF400212046FEF786FD02B010BD86
:1037600041EAC32141EA02410091034B0022242196
:10377000FFF726FEF2E700BF00F400FC00B583B0BF
:1037800000920B4600224421FFF71AFE002003B0EE
:103790005DF804FB00B585B08DF80C309DF818304D
:1037A0008DF80D3048F20103019303AB009302231F
:1037B00092B2FEF7A4FC05B05DF804FB30B583B00F
:1037C00004460D4611F0010F15D000230093EF239E
:1037D00002224FF46021FFF7DDFF236D1D76236D7C
:1037E0001B7E5B0810D06B0800220E492046FFF7B5
:1037F00002F903B030BD10230093FF2302224FF4DF
:103800006021FFF7C7FFE8E701230093FF230022B1
:1038100004492046FFF7BEFF226D137E43F00203EA
:103820001376E6E72800010070B582B004460D4625
:103830000121FFF763F900212046FFF703FE204630
:10384000FFF734FEC5F30B03002215492046FFF7AE
:1038500024F903230093FF23002212492046FFF797
:1038600099FF104E00252A4631462046FEF7FCFC03
:1038700010F0010FF7D12046FFF7AEFC00212046E3
:10388000FFF7B4FC05212046FFF738F9002206496E
:103890002046FEF7E9FC00F03F0002B070BD00BF1B
:1038A0001C000800100008001C00070038B5054681
:1038B0000C46B1F8051049B1FFF7B6FFD4F8013056
:1038C000002205492846FFF7E9F938BD2378002290
:1038D0000249FFF790F8F1E70C0001001C00070017
:1038E00030B583B004460D4610230093FF23002219
:1038F0000649FFF74FFF2B46022D38BF0223002257
:103900002C212046FFF7CAF903B030BD24000F0078
:1039100030B583B0044601291DD0022930D00123DF
:103920000093FF2300222649FFF734FF254D4FF473
:10393000000300936FF48073002229462046FFF7AE
:103940003FFD002300937F23022229462046FFF7F4
:1039500021FF03B030BD0521FFF7D0F84FF481738C
:1039600000934FF0FF33002217492046FFF728FD50
:1039700001220092FF2313492046FFF70BFFE8E7DF
:1039800003230093FF2300220D49FFF703FF0D4D92
:103990004FF4000300936FF4807300222946204601
:1039A000FFF70EFD002300937F23022229462046C5
:1039B000FFF7F0FE05212046FFF7A0F8C9E700BF9A
:1039C00004001100080011000800090030B583B0A0
:1039D000054602290ED000240094FE232246102121
:1039E000FFF7D8FE2346224614212846FFF755F854
:1039F00003B030BD144601230093FF2300221021A1
:103A0000FFF7C8FE2346002214212846FFF745F899
:103A1000EEE700002DE9F04182B00546294C2A4B23
:103A200000222146FFF73AF910230093FF230022DA
:103A300021462846FFF7AEFE03244FF01408234F1B
:103A400000264046FCF79AFB324639462846FEF7E8
:103A50000BFC012834D0631E13F0FF04F1D16FF08A
:103A60000204184E00231A4631462846FEF7C3FFCB
:103A70000123002215492846FEF7BDFF01230093CC
:103A8000FF23022231462846FFF784FE0022104918
:103A90002846FEF7C1FB6FF06043984208BF6FF005
:103AA000030400220B492846FEF7B6FB6FF0604383
:103AB000984214BF20466FF0040002B0BDE8F081C8
:103AC0000024CEE70C0004000100020020000400E6
:103AD000140004001C00040000B583B000290BBFD3
:103AE000FF23F72300220822009201221021FFF772
:103AF00051FE03B05DF804FB10B584B0BDF818406A
:103B00008DF80C301B0A8DF80D308DF80E40240A0C
:103B10008DF80F4048F20203019303AB0093042396
:103B200092B2FEF7ECFA04B010BD000010B582B0FE
:103B300004464FF4C07300934FF6FF730022074909
:103B4000FFF7DAFF236D1B7A00934FF6E073002234
:103B500003492046FFF7D0FF02B010BD08000B005C
:103B60001F00110030B583B0044611F0010F1FD0C3
:103B70000D464FF4107300936FF47C6300224FF4F2
:103B8000A021FFF71DFC4FF4040300934FF0FF3317
:103B9000002218492046FFF713FC15F0020F1AD136
:103BA0004FF48873002214492046FFF777F810E09D
:103BB000002500956FF47C632A464FF4A021FFF79F
:103BC000FFFB00954FF6FF632A460B492046FFF79F
:103BD00093FF03B030BD084D084B00222946204614
:103BE000FFF75CF84FF48873002229462046FFF760
:103BF00055F8EEE7040011001600110010010F0047
:103C0000F0B583B00446012909D01420FCF7B6FAB8
:103C10002046FFF7FFFE0546284603B0F0BD0F4ED5
:103C200000223146FEF70EFB074640F205130093D3
:103C30004FF6FF73002231462046FFF75DFF142048
:103C4000FCF79CFA2046FFF7E5FE054600220092AD
:103C50003B4631462046FFF74FFFDDE748000700AF
:103C600000B583B0012A09D0CB43002200929BB259
:103C70000649FFF741FF03B05DF804FB00914FF6E2
:103C8000FF7300220149FFF737FFF4E70C0005003E
:103C9000F0B583B004460F4616461D4648F2400371
:103CA00000934FF6FF7300221849FFF725FFAA196A
:103CB00043F201039A4215DC7F2D1DD91523002202
:103CC00013492046FEF7EAFF2B4600221149204601
:103CD000FEF7E4FF0097334600224FF4E811204638
:103CE000FEF790FA0022009247F6BF73074920467C
:103CF000FFF702FF03B0F0BD009733462A464FF4AA
:103D0000A8112046FEF77EFAECE700BF0400110080
:103D100004001F0008001F0070B506460C4615463B
:103D20000E4B02220E49FEF7B9FF0F2DA8BF0F253B
:103D3000631E032B28BF04241023234100220949BA
:103D40003046FEF7ABFF631E9B0005FA03F300222B
:103D500005493046FEF7A2FF70BD00BF7408D200CF
:103D60001000110028000700180008002DE9F04F8E
:103D700083B004460D4691F800900B79182B14D8A7
:103D8000CF78182F94BF00270127FFB2EB79012BC2
:103D90000CBF102100216B78013B062B10D8DFE807
:103DA00003F0060F0F120C0F09000127EDE74FF08B
:103DB000400A0AE04FF0480A07E04FF0800A04E0AA
:103DC0004FF4807A01E04FF0200A226D538A23F0ED
:103DD000E0035382236DEA791A732E7BB31C01260C
:103DE0009E401FFA86F8226DCC4B03FB08F3DB0BD9
:103DF0009382236DEA7ADA752B7A5B0103F0200354
:103E00006A7B43EA0243EA7A120302F43042134324
:103E10000B430093C24B002210212046FFF7D0FA3B
:103E2000002F40F0F580EB7AF3B16B7B012B40F271
:103E30001B812A7BBB4B33F812201201D30AC2F339
:103E40000A0202F58062B2F5006F28BF01339BB20F
:103E50000AEBC80A03F07F0300934FF68073022237
:103E6000B1492046FFF748FE94230093AF4B002250
:103E7000AF492046FFF7A4FABAF1FF0F40F30781DC
:103E8000226D538A43F0200353824FF480630093E2
:103E90004EF2FF730022A7492046FFF72DFE6B7BF1
:103EA000012B00F0FF80AB7843F010030093FC235C
:103EB00000224FF4C0212046FFF76CFC731EDBB2DA
:103EC00000224FF400312046FEF795FD6B78072B5A
:103ED0000CBF08230023012228212046FEF78BFD7A
:103EE000954B002295492046FEF7D8FE00229449C2
:103EF0002046FEF791F920F4FF5020F01F00B9F1A1
:103F0000090F08BF40F001002A79120202F4F852AA
:103F1000EB78DB00DBB21A436B795B0003F006033E
:103F200013430343002286492046FEF7B7FEAA79D1
:103F30006B781B0343EA822300936FF474430022DF
:103F400024212046FFF73CFAB5F8093023B96FF079
:103F50007E036B720023AB72B5F8093002224FF476
:103F6000C0212046FEF799FD022276492046FEF741
:103F70007BF9236D1B7C4B4500F09E80032800F0ED
:103F80009F80B9F1090F00F0A0806F4B00226F49AC
:103F90002046FEF783FE41F63C7300224FF41021C9
:103FA0002046FEF77AFD1423012269492046FEF7D8
:103FB00022FD0E23022267492046FEF71CFD8123C5
:103FC000002265492046FEF716FD02230022442107
:103FD0002046FEF710FD01212046FFF799FC4FF027
:103FE000140BD846002744264046FCF7C7F83A464B
:103FF00031462046FEF738F910F0020F40F0B88045
:104000000BF1FF3313F0FF0BEED16FF00100D0E0A6
:10401000226D538A43F0600353824FF44063009350
:104020006FF4C053002243492046FFF7C9F940F21C
:104030000633002249492046FEF730FE00231A4687
:104040004FF00E112046FEF729FE454B002236495F
:104050002046FEF723FE9D230093344B0022344973
:104060002046FFF7ADF91AE72A7B2E4B33F81230C2
:104070004FF4356202FB03F2930CC2F3CA1202F54D
:104080008062B2F5006F28BF01339BB2E0E64FF4C7
:10409000A05300934EF2FF73002226492046FFF7FB
:1040A0002BFDFCE6AB780093EC2300224FF4C021FB
:1040B0002046FFF76FFB01E703287FF462AF5AE069
:1040C00002212046FFF724FC5BE7264B00221F4914
:1040D0002046FEF7E3FD40F63C7300224FF410212A
:1040E0002046FEF7DAFC5EE74FFA89F12046FFF73B
:1040F0008BF94DE000220092FE231B492046FFF77A
:1041000049FB4FE04FF0005300936FF07F430022D4
:1041100016492046FFF754F947E000BF68660200E1
:10412000CF4FFCFFB822050012000E0000FFFFBFBA
:1041300016000E0008000B00CC355FAF0C00060027
:104140001400010030000F003411071C1C00070090
:104150005000070018000700080009000C000E00BE
:104160000A5A0C003400011C18000300100006005D
:10417000236D83F810902B79093BDBB20F2BB9D854
:10418000236D5B7A012BAFD049462046FEF7A2FF94
:104190004FF4C843009348F2FF130022064920461B
:1041A000FFF7AAFCBAF13F0FACDC01212046FFF774
:1041B00027FD03B0BDE8F08F180003002DE9F04F94
:1041C00091B0064615461C469C2900F29F80DFE808
:1041D00011F06C0A770AA300A700BE0048018E0107
:1041E0006B0152019E01A901B101B901C101C901CF
:1041F000D101D501DD016E027C0281028B029002A9
:1042000095029E02A30209031B03260331033B030D
:10421000730369035F0345035203C103F8012B02D3
:1042200039024102550296099B098203DF03E30329
:10423000EC03F103FB0305040D04370443044E04AF
:1042400078035904620474048D049E04E004EA04B3
:104250000B051A053505230551059705AF05CF0553
:10426000E405F80501061D060A0673079F07ED071A
:10427000F307FE071708370841084B08790882083A
:10428000880891089E08AB08B508BE08C708D20880
:10429000DD08E308060911091C09450967097209C7
:1042A0008B09A109150A1F0A2A0A7F0A340A610A22
:1042B0009107DF09FF09ED0AE20A8C0A970AA20AB0
:1042C000AD0AB80AC30ACE0AD70AD70B110C4C0C98
:1042D0006F0C270D3C0D170B9D009D009D009D0050
:1042E0009D009D009D009D009D009D009D009D00E6
:1042F0009D009D009D009D009D009D009D00860CE1
:10430000A30CCC0DED0CE20C010DF80C4FF0FF35B9
:10431000284611B0BDE8F08F436898470025F7E7BD
:104320000222B749FDF7A0FF032801D80025EFE7D7
:10433000FBF768FE0446002500952B462A462946D1
:104340003046FEF74DFB2046FBF76EFEE0E7002C03
:1043500001F00E85247814F01D0F65D014F0010FC4
:1043600026D014F0020F4FF000020092134614BF43
:104370000D210321FEF734FB032244213046FDF7D3
:1043800073FF10F0080F45D100229D493046FDF71C
:1043900043FFB0F5502F18BF0025B9D1002100917F
:1043A0000B460A463046FEF71BFB4FF0FF35AFE7E2
:1043B00014F0080F0ED114F0100F1BD114F0020FDF
:1043C0004FF000020092134614BF10210921FEF79E
:1043D00007FBD1E70021FEF7D5FD14F0020F4FF0E7
:1043E00000020092134614BF0F2107213046FEF74A
:1043F000F7FAC1E70121FEF7C5FD14F0020F4FF0F7
:1044000000020092134614BF0E2105213046FEF72C
:10441000E7FAB1E7002100910B460A463046FEF765
:10442000DFFA4FF0FF3573E714F0200F0CD014F0D3
:10443000020F4FF0000500952B462A4614BF1121AC
:104440000B21FEF7CDFA63E714F0020F4FF00005E1
:1044500000952B462A4614BF0C210121FEF7C0FA15
:1044600056E7002C01F08784236800222C21FEF7F8
:1044700015FC00254CE7236800226249FEF70EFC7C
:104480006368002260493046FEF708FCA3680022FA
:104490005E493046FEF702FCE36800225C49304684
:1044A000FEF7FCFB002533E7002C01F0678423882E
:1044B0006568032D01F26584DFE805F002070D133E
:1044C00000225449FEF7E9FA22E702225149FEF799
:1044D000E4FA00251CE700224F49FEF7DEFA00252A
:1044E00016E702224C49FEF7D8FA002510E7002C07
:1044F00001F04A8423785B0003F0060300936FF019
:10450000060300224549FEF75BFF002500E74FF454
:10451000803300934FF0FF3300224149FEF750FFF4
:104520000025F5E6002C01F03284036D5B7B2370DF
:104530000025EDE6002C01F02D84036D9B7A23709D
:104540000025E5E6002C01F02884036DDB7A23705A
:104550000025DDE6002C01F02384036D1B68236039
:104560000025D5E6002C01F01E84036D5B682360F6
:104570000025CDE6FEF780FB0025C9E6002C01F002
:1045800015842168FEF726FD0025C1E6002C01F008
:10459000108425785DB1646840230093FF230022D6
:1045A0001021FFF7F7F8022D07D1F46005E0002293
:1045B0000092BF231021FFF7EDF8336D9D750025A4
:1045C000A6E6002C01F0F8836568237803221549DC
:1045D000FEF711FA45B9002200924FF2FF73102145
:1045E0003046FFF789FA93E64FF4812300934FF0AA
:1045F000FF33002210213046FEF7E2FE002587E659
:1046000030000F0054000100580001005C00010060
:1046100060000100180001001C00010014000100EE
:10462000040011000800010000221146FDF7F4FD0E
:10463000B268136843405268134214BF4FF0FF350D
:10464000002565E6002C01F0BA832178FFF7B6F863
:1046500000255DE63AB9002200924FF2FF73AE49A1
:10466000FFF74AFA54E64FF4006300934FF6FF73E6
:104670000022A949FFF740FA002549E602F00102AD
:104680004FF6FF734FF2FF71002A08BF0B46D202AC
:1046900015F0020F12BF42F4805223F480539BB2F4
:1046A000009200229C49FFF727FA002530E62AB93C
:1046B0009A4B02229A49FEF7F1FA29E6994B022217
:1046C0009749FEF7EBFA002522E61146FEF798FC23
:1046D00000251DE6002C01F0758300229249FDF7AC
:1046E000C3FD2070002513E62146FEF7ABFC002534
:1046F0000EE62146FEF7CAFC002509E601230093D9
:10470000FF2300228949FFF745F8002500E61146FE
:10471000FEF7E0FC0025FBE5036D1B7A002B37D18B
:104720001423012282493046FEF765F9182300223E
:1047300080493046FEF7B2FAE82300227E4930462F
:10474000FEF7ACFA336D5B8A03F0E003202B22D036
:10475000602B2BD0336D1B7E5B0832D00022774953
:104760003046FDF76FFDC0F3C403093B0F2B01F288
:104770002C8300F0010000280CBF05210921336DB6
:104780005B7A012B29D03046FEF7A4FC0025BFE55B
:10479000FFF7CCF9C4E74FF4806300936FF4C05384
:1047A000002267493046FEF70BFED3E74FF4406323
:1047B00000936FF4C053002261493046FEF700FEBB
:1047C000C8E7012300225F493046FEF714F9326D35
:1047D000137E43F002031376C0E73046FEF714FE63
:1047E000002595E5002C01F0F3822378026DD37546
:1047F0001B0303F43043009344F6FF73002210219F
:10480000FFF77AF9002583E5002C01F0E482238884
:1048100000224FF46021FEF740F9002578E5002CD6
:1048200001F0DC8200224FF46021FDF70BFD2080B7
:1048300000256DE5002C01F0D48223880022424936
:10484000FEF72BF9002563E5002C01F0CD82002254
:104850003D49FDF7F7FC2080002559E5002C01F0CB
:10486000C682A388E288216800914FF4B011FEF758
:10487000B7F800254CE5002C01F0BC82A388E28843
:10488000216800914FF4B011FDF7BCFC00253FE515
:10489000002C01F0B282E388A2882168FEF7C4FCF4
:1048A000002535E5002C01F0AB82E3882268A18861
:1048B000FEF754FD00252BE51146FEF7EBFC002525
:1048C00026E5002C01F09F82237962882188FEF77B
:1048D0002FFF00251CE5002C01F09882036DDB7B87
:1048E000012B0CD0032B10D10C224FF4F011FDF74B
:1048F000A9FC00B240F30C032380002508E5002248
:104900001249FDF79FFC00B2F4E700221049FDF7C1
:1049100099FC00B2EEE700BF080011007408D20055
:10492000100011007488D2041C000700040002006B
:10493000500007000C001F0010001F0014000100B1
:1049400008000B0028000100040001000C00180002
:1049500020000C00002C01F05C820CAB00930323C0
:104960000022BB49FDF74EFC9DF832209DF8313006
:1049700003EB02229DF8303003EB022313F4801F77
:104980001CBF6FEA03336FEA133323600025BFE4D3
:10499000FEF794F80025BBE4002C01F03D8261880D
:1049A000FEF742FF20700025B2E42146FDF76AFCC5
:1049B0000025ADE4002C01F0328201227421FDF7C4
:1049C0002BFC20600025A3E4002C01F02B820022A8
:1049D0007421FDF721FC2060002599E40094052353
:1049E00000227421FDF70EFC002591E4002C01F05B
:1049F0001C82036DDB7B012B14D0032B19D11622F3
:104A00004FF4F011FDF71EFCC0F30D0083B213F458
:104A1000005F04D06FEA83436FEA934318B22080AB
:104A2000002575E402228B49FDF70CFCC0F30D0054
:104A3000ECE702228849FDF705FCC0F30D00E5E72D
:104A40000094062300228549FDF7DCFB637903F01F
:104A50000103637100255BE4002C01F0E981012270
:104A60004FF00811FDF700FC2070002550E4002CE9
:104A700001F0E18100224FF00811FDF7F5FB2070F5
:104A8000002545E4002C01F0D981A2882168FEF7B9
:104A90001FFD00253CE4002C01F0D3812568A4888B
:104AA00022462946FEF714FD21463046FEF750F80F
:104AB0002D1A18BF4FF0FF352AE4022A0ED0684C99
:104AC00000231A4621463046FDF795FF02230022B7
:104AD00021463046FDF78FFF002519E4002300939F
:104AE000FE2301225F49FEF755FEE8E7002C01F0A6
:104AF000AB812488E2B24FF48171FEF76BF8220A91
:104B000040F203113046FEF765F8002500E4002C62
:104B100001F09D81DFF8588110230093FF230022CC
:104B20004146FEF737FE4FF482713046FEF732F809
:104B300000F0E0052A464FF482713046FEF74AF84D
:104B400045F004024FF482713046FEF743F802202C
:104B5000FBF704FB4FF487713046FEF71BF807465E
:104B600040F20F113046FEF715F881462A464FF401
:104B700082713046FEF72EF800250095EF232A4675
:104B800041463046FEF706FE47EA09272780FFF731
:104B9000BFBB002C01F05E81A2782188FEF742F8AD
:104BA0000025FFF7B5BBFDF789FF0120FBF7D6FA1B
:104BB00003230093FF2300222B493046FEF7EAFD32
:104BC00000231A464FF488113046FDF714FF0120E8
:104BD000FBF7C4FA336D0025DD7302225A829D75FE
:104BE000DD751D74FFF794BB002C01F0368123782E
:104BF00003F03F03026D937300221C49FDF7FBFE97
:104C00000025FFF785BB002C01F02A81036D9B7BFB
:104C100023700025FFF77CBB0121FEF713FC304613
:104C2000FEF744FC01213046FDF768FF0F22012109
:104C30003046FFF771F80025FFF76ABB002C01F042
:104C4000128162682168FFF767F80025FFF760BBF3
:104C500029000600140018001C000C0018000C00AD
:104C600004000A00080011000400110014000900EB
:104C700048000700002C01F0F980D64D002229469B
:104C8000FDF7F2FA804602230093FF230022294613
:104C90003046FEF77FFD04230022CF493046FDF762
:104CA000AAFE012300224FF400213046FDF7A3FEA7
:104CB000CA4F00252A4639463046FDF7D5FA10F08E
:104CC000010FF7D000224FF008113046FDF7BAFA75
:104CD000054600231A464FF400213046FDF78BFEAF
:104CE00000231A46BC493046FDF785FE43460022A4
:104CF000B8493046FDF77FFE25800025FFF708BB49
:104D0000002C01F0B6802379026DD27A9B1A07EE4F
:104D1000903AF8EEE77A9FEDB27A67EE877AB3EED3
:104D2000067A77EE877AC4ED007A0025FFF7F0BAAD
:104D3000002C01F0A1802379026D927A9B1A07EE74
:104D4000903AF8EEE77A9FEDA77A67EE877AB3EEAE
:104D5000007A67EE877ADFEDA46A87EEA67AF0EE36
:104D6000087A77EE277AC4ED007A0025FFF7D0BAEB
:104D7000002C01F0848024680121FEF763FB30469B
:104D8000FEF794FB01213046FDF7B8FE2146304680
:104D9000FEF7A6FD0025FFF7BBBA00250095EF231F
:104DA0002A469249FEF7F6FC05213046FDF7A6FE9D
:104DB00001213046FEF71AFA3046FEF70DFAFFF7EA
:104DC000A7BA00250095EF232A468849FEF7E2FCA2
:104DD000FFF79EBA002C01F083802168FEF780FD6A
:104DE0000025FFF795BA00228149FDF72BFAC0F3A1
:104DF0000B0510F4006F18BF45F470452DB22580E7
:104E0000336DB3F91430ED1AFFF782BA002C01F0BC
:104E10006A80D4F80490237A99F81320FF2A00F0CE
:104E20003F81002B36D1D9F8003000930C230022AB
:104E30007049FDF7D5FD99F80C30B9F80E20D1185E
:104E400099F81220002A5FD199F8100000280BBFB2
:104E50007F224FF480624FF4B0154FF4A01599F8FB
:104E60001300121A023A914200F22081D9F804206C
:104E70000092002229463046FDF7B2FDB9F80E3007
:104E800099F80C20D9F80810009129463046FDF712
:104E9000A7FD4AE0D9F80030B9F80E109A7A8DF8DB
:104EA00030205A7A8DF831201A7A8DF83220DA794A
:104EB0008DF833209A798DF834205A798DF8352081
:104EC0001A798DF83620DA788DF837209A788DF8AF
:104ED00038205A788DF839201A788DF83A20002237
:104EE0008DF83B208DF83C10090A8DF83D10197B98
:104EF0008DF83E10DB7A8DF83F300CAB0093102319
:104F00003C49FDF76DFD96E7012A40F0CC8099F809
:104F10001130002B40F2FF3308BF7F2399F8132094
:104F20009B1A023B994200F2C48099F81020531E4C
:104F3000DBB2012B40D999F81130591EC9B20129B1
:104F400064D9042B69D042EA433300222A4930460F
:104F5000FDF7A4FEB9F80E30284A02EAC31299F808
:104F60000C3003F07F031343002225493046FDF740
:104F700095FE0123002223493046FDF73CFDDFF872
:104F8000888000273A4641463046FDF76DF910F01B
:104F9000050FF7D00546034600221B493046FDF7B2
:104FA0002AFD05F03F0525F03003012B42D06BB2FE
:104FB00023700025FFF7ACB9336DDB7B032B01F0C9
:104FC0002B8099F811305A1ED2B2012A2CD9012215
:104FD000B7E700BF480007003400070004000800DE
:104FE0006666863FCDCCCC3E00007F4324000F0098
:104FF00008000200340001004400010080FF0100AD
:10500000480001004C00010050000100336DDB7BC3
:10501000032B0CBF0223012395E7B9F80E101029CA
:1050200091D96FF00303C3E7012213468BE70222F5
:10503000134688E799F81230012BB8D199F811205E
:10504000531EDBB2012B1BD9032A0CBF4FF4A01750
:105050004FF4B017D9F8042012B199F80C30C3B945
:10506000D9F808100029A2D0B9F80E30002B9ED034
:1050700099F80C20009139463046FDF7C3F896E7C1
:10508000336DDB7B032B0CBF4FF498174FF4901755
:10509000E0E70092002239463046FDF7B3F8DFE73B
:1050A0006FF0020384E76FF0010381E74FF0FF33F5
:1050B0007EE74FF0FF337BE7237AE179A279D200D4
:1050C00042EA41021343627943EA8213227943EAB6
:1050D000C213E27843EA0223A27843EAC223627849
:1050E00043EA02339BB20022CD49FDF7D6FC0025EE
:1050F000FFF70EB9002C00F0F986637833B15B0836
:10510000013BDBB223700025FFF702B90023F9E76A
:105110000022C449FDF780F8C0F30B032380C0F3DD
:105120000B4060800022C0493046FDF775F8C0F39F
:105130000B03A380C0F30B40E0800022BB49304644
:10514000FDF76AF82072000C60720022B849304600
:10515000FDF762F8C0F30B43A381C0F30B0060813D
:105160000022B4493046FDF757F8C0F30B43A4F8CA
:105170000F30A0730022B0493046FDF74DF860743F
:10518000000CA0740022AD493046FDF745F8C0F38D
:105190000B00A4F8130000256575A5752A46A849DB
:1051A0003046FDF761F8E075FFF7B2B81146FDF73C
:1051B00061FC0025FFF7ACB8002C00F09A8623882C
:1051C0000022A049FDF769FC0025FFF7A1B8002CDB
:1051D00000F09286256835B900231A469A49FDF7F2
:1051E0005CFCFFF795B86279237943EA022323F048
:1051F000F00300229449FDF750FC0025FFF788B822
:10520000002C00F07C8623684BB9002500954FF6F2
:10521000FF532A461021FEF76FFCFFF779B80022F2
:105220003421FDF73BFD4FF4007300934FF6FF73FD
:10523000002210213046FEF75FFC0025FFF768B81A
:10524000002C00F05F866188FDF7A4FC207000252B
:10525000FFF75EB8002C00F05886A2782188FDF791
:10526000B9FC0025FFF754B8784B794A012D18BFD7
:105270001346012D774918BF4FF00C11026DD27BF8
:10528000012A12D0032A17D1A2F5C012013A1A44FA
:105290004FF4F011FCF7D6FFC009208025880035B7
:1052A00018BF01256D42FFF733B802221946FCF7FB
:1052B000C9FFC0092080F1E70222FCF7C3FFC00943
:1052C0002080EBE7002C00F023862178FEF74AFCD3
:1052D0000025FFF71DB81146FEF71AFB0025FFF762
:1052E00017B80094042300221C21FCF78BFF002533
:1052F000FFF70EB8002C00F00E8602224421FCF7C6
:10530000A1FFC0F3002020700025FFF701B8002C9A
:1053100000F0048600224421FCF7A6FF00F0010003
:1053200020700025FEF7F4BF002C00F0FA8562889B
:105330002188FEF74BFB0025FEF7EABF0094082307
:1053400000220421FDF74CFB0025FEF7E1BF00948D
:10535000082300220421FCF755FF0025FEF7D8BFE3
:10536000002C00F0E185238802220C21FDF795FB3B
:105370000025FEF7CDBF002C00F0D9852388002240
:105380000C21FDF78AFB0025FEF7C2BF2146FDF781
:1053900005FB0025FEF7BCBF036DDB7B012B0BD0AB
:1053A000032B12D10094052320224FF4F011FCF7B7
:1053B00029FF0025FEF7ACBF0094052300222649F3
:1053C000FCF720FF0025FEF7A3BF00940523002271
:1053D0004FF44021FCF716FF0025FEF799BF00258A
:1053E00004F8015B009404232A467021FCF70AFFAD
:1053F000FEF78EBF002C00F09D8501226421FCF792
:105400000BFF20600025FEF783BF002C00F0958580
:1054100000226421FCF700FF20600025FEF778BF22
:105420003000010004000F0008000F000C000F0006
:1054300010000F0014000F0018000F001C000F00D8
:1054400028000F00040006001A00110034001800A4
:105450002C00180014000C0020001800036DDB7BEA
:10546000012B0BD0032B12D10094052328224FF4DB
:10547000F011FCF7C7FE0025FEF74ABF0094052394
:105480000022D249FCF7BEFE0025FEF741BF009482
:1054900005230022CE49FCF7B5FE0025FEF738BFF4
:1054A000002C00F04D8500221C21FCF7B5FE206089
:1054B0000025FEF72DBF002C00F045852588676884
:1054C000237A002B00F042853C4607EB83072946F0
:1054D0003046FDF73DFB44F8040B0135ADB2BC424C
:1054E000F5D10025FEF714BF002C00F0328523789B
:1054F00001222821FDF77FFA0025FEF709BFFEF7FC
:1055000089FA0546FEF704BF1146FEF779FB05460A
:10551000FEF7FEBE002C00F01F85A5780121FDF7E7
:10552000EDFA00213046FDF78DFF3046FDF7BEFF56
:1055300005F03F030022A7493046FDF75CFA01233E
:105540000093FF230022A4493046FEF723F9A24F1F
:1055500000252A4639463046FCF786FE10F0010F3A
:10556000F7D100229D493046FCF76CFE05463046D7
:10557000FDF732FE00213046FDF738FE05213046AA
:10558000FDF7BCFAC5F30B0525800025FEF7C0BE6C
:105590000221FEF7BDF901213046FEF7B9F91424C6
:1055A000A046002744254046FAF7E8FD3A4629463A
:1055B0003046FCF759FE10F0020F05D1631E13F0C0
:1055C000FF04F0D1012500E000256D42FEF7A0BEEA
:1055D000002C00F0C48423781B0303F4E0436278BA
:1055E000012A08BF43F4807300936FF4E243002262
:1055F0007B49FDF7E5FE0025FEF78ABE002C00F092
:10560000B18462682168FEF71BF80025FEF780BEB2
:10561000002C00F0AA84238800227249FDF73DFA8D
:105620000025FEF775BE002C00F0A2846268218878
:10563000FEF716FB0025FEF76BBE002C00F09B84E6
:10564000657823788BB1036D0022DA734FF0FF3356
:105650000822E5B123F48063009200221021304635
:10566000FDF7AEFE0025FEF753BE036D0122DA738F
:10567000182300225C49FDF711FBE82300225B4957
:105680003046FDF70BFB6FF008030022E1E742F420
:105690008062E1E7002C00F0718423680022302151
:1056A000FDF7FCFA0025FEF733BE002C00F06984FC
:1056B00000222946FCF7B0FD20600025FEF728BE39
:1056C000234600222946FDF7E9FA0025FEF720BE11
:1056D000002C00F0598403224549FCF7C5FDC0F3B6
:1056E000021020700025FEF713BE002C00F04F843E
:1056F000236800224421FDF7D1FA0025FEF708BEF9
:10570000002C00F04784238800224821FDF7C5F9CA
:105710000025FEF7FDBD002C00F03F84002244214F
:10572000FCF77AFD20600025FEF7F2BD002C00F0AA
:10573000378400224821FCF785FD20600025FEF714
:10574000E7BD002C00F02F84237800222949FDF7C3
:1057500052F90025FEF7DCBD002C00F02784002262
:105760004421FCF781FD20700025FEF7D1BD002CFF
:1057700000F01F84FDF74CF920600025FEF7C8BD3E
:10578000002C00F0198400221B49FCF75BFD2080EF
:105790000025FEF7BDBD002C00F011840022174942
:1057A000FCF73AFD20600025FEF7B2BD002C00F0AA
:1057B00009842388C3F30D0300934FF44043002270
:1057C0000E49FEF799F90025FEF7A2BD2800180042
:1057D00008000C001C00070010000800140008005E
:1057E00014000700080005000C001F0010001F0037
:1057F00060000300240001002C0005001A000E00C8
:10580000002C00F0E283A788A3680893217B06910F
:105810002269049262690592D8B200F0030200F096
:10582000FC00052942D1B7F5B17F28BF4FF4B1770D
:10583000DFF8DC92042F05D809EB00035B78053B09
:105840009F423BDB012A77D8AD4B995C3E46B9427B
:1058500074DA551C53FA85F500230B449BB20132D0
:10586000D2B2022A05D015F8011BA6EB030C614544
:10587000F3DB9F4208BF039064D007F105081FFACD
:1058800088F8802500210991039107910E464FF079
:10589000050BBE465F4538BFDE46AEF1050E1FFA6A
:1058A0008EFEDFF85CA2BC460F46DBE340F231130C
:1058B0009F4228BF1F46DFF85C92BBE70023059A92
:1058C0001380049A1146089A0A604AE00023059A58
:1058D0001380049B1A46089B13604FF0FF3340E08F
:1058E0001FFA81FB0992039007930127CBE3002F56
:1058F00040F09F83984500F2A183002E38D03F28C6
:1059000000F0C683002719F800105B1A9BB2461EF0
:1059100006F03F0016F03F0618BF01269AE30699ED
:10592000092940F0BB833F2103910BE0B3B2013260
:10593000D2B23F21039105E000239AE7002398E7C4
:105940000390634605990B80039B42EA8302D2B21F
:10595000130443EA0263134343EA0223049A1360E5
:10596000002323600025FEF7D3BC099A079BE9E7D3
:105970000390E7E7099A079BE4E73F210391E1E7FA
:10598000002C00F0258325786268012A15BF6FF48A
:1059900060336FF4E043DF27EF2714BF4FF0200898
:1059A0004FF010080024009422464FF4A021FDF788
:1059B00007FD00943B46224652493046FDF7EAFE79
:1059C000012D03D065B10025FEF7A2BC2546009449
:1059D0003B4622464C493046FDF7DCFEFEF798BCBC
:1059E000CDF80080FF23002247493046FDF7D2FE64
:1059F000FEF78EBC002C00F0EE82227812F0010F30
:105A00002DD0570107F0400740244FF4E01312F067
:105A1000040F28D043F4600344F08004120102F024
:105A2000800217434FF400120092DB4300224FF430
:105A3000A0213046FDF7C4FCE443A4B20025009544
:105A400023462A462F493046FEF756F8009723464C
:105A50002A462D493046FEF74FF8FEF759BC00277D
:105A60003C463B46D3E70022DEE708230093FF23B2
:105A700001224FF48021FDF78DFE244C0223009378
:105A8000FF23032221463046FDF784FE00250095C2
:105A9000F72301224FF480213046FDF77BFE00956D
:105AA000FD23032221463046FDF774FEFEF730BC8D
:105AB000002C00F093826388DB0003F4FF632278FC
:105AC0000AB143F4006300934FF2070300224FF43E
:105AD00080213046FEF710F80025FEF719BC002C97
:105AE00000F07F82E3B29A1C01239340013BDBB2BA
:105AF00000224FF40031FCF77EFF0025FEF708BCC2
:105B00007C220500080005000C00050008001100BB
:105B1000FC2105003C220500002C00F06582E37AA0
:105B2000002B00F06482637B012B21D9227BD54BB3
:105B300033F812201201D30AC2F30A0202F580627E
:105B4000B2F5006F28BF01339BB203F07F030093CF
:105B50004FF680730222CC493046FDF7CDFF9423E7
:105B60000022CA493046FCF746FF0025FEF7D0BBAD
:105B7000227BC44B33F812304FF4356202FB03F240
:105B8000930CC2F3CA1202F58062B2F5006F28BF0F
:105B900001339BB2D9E7002C00F02C820022BC49D3
:105BA000FCF73AFB20600025FEF7B2BB002C00F0AA
:105BB00024820022B749FCF72FFB20600025FEF766
:105BC000A7BB002C00F01C824FF4A8132360002513
:105BD000FEF79EBB002C00F0168200250B9510AF3F
:105BE000192347F8103D009704232A46AA49FCF7D9
:105BF000F7FE41F648730C93009704232A46A74901
:105C00003046FCF7EDFE0BAB009304232A464FF41D
:105C1000E8113046FCF7F6FA0B9B2360FEF778BBE1
:105C2000002C00F0F38100229D49FCF7F5FA80B2C8
:105C3000206000229B493046FCF7EEFA430D9B01A1
:105C40009BB263600025FEF763BB002C00F0E1818E
:105C5000237E2BB1012B37D0022B5ED0FF232FE008
:105C600000229149FCF7D8FAC0F30B002060002213
:105C70008E493046FCF7D0FAC0F315006060002270
:105C80008B493046FCF7C8FAC0F31500A06000222B
:105C900088493046FCF7C0FAC0F31500E0600022E6
:105CA00085493046FCF7B8FAC0F3100020610022A5
:105CB00077493046FCF7B0FA00F0E040606100231D
:105CC00063760025FEF724BB00227C49FCF7A4FA8A
:105CD000C0F30B002060002279493046FCF79CFAA3
:105CE000C0F315006060002276493046FCF794FA54
:105CF000C0F31500A06000224FF450213046FCF79D
:105D00008BFAC0F31500E06000226F493046FCF7C3
:105D100083FAC0F313002061C9E700226B49FCF746
:105D20007BFAC0F30B002060002269493046FCF783
:105D300073FAC0F315006060002266493046FCF734
:105D40006BFAC0F31500A060002263493046FCF7EF
:105D500063FAC0F31500E060002260493046FCF7AA
:105D60005BFAC0F313002061A1E70025FEF7D0BA6B
:105D70000025FEF7CDBA0025FEF7CABA0025FEF7CA
:105D8000C7BA0025FEF7C4BA0025FEF7C1BA002540
:105D9000FEF7BEBA0025FEF7BBBA0025FEF7B8BA7B
:105DA0000025FEF7B5BA0025FEF7B2BA0025FEF7CA
:105DB000AFBA0025FEF7ACBA0025FEF7A9BA002558
:105DC000FEF7A6BA0025FEF7A3BA0025FEF7A0BA93
:105DD0000025FEF79DBA0025FEF79ABA0025FEF7CA
:105DE00097BA0025FEF794BA0025FEF791BA002570
:105DF000FEF78EBA0025FEF78BBA0025FEF788BAAB
:105E00000025FEF785BA0025FEF782BA0025FEF7C9
:105E10007FBA0025FEF77CBA0025FEF779BA002587
:105E2000FEF776BA0025FEF773BA0025FEF770BAC2
:105E30000025FEF76DBA0025FEF76ABA0025FEF7C9
:105E400067BA0025FEF764BA0025FEF761BA00259F
:105E5000FEF75EBA0025FEF75BBA0025FEF758BADA
:105E60000025FEF755BA0025FEF752BA0025FEF7C9
:105E70004FBA0025FEF74CBA0025FEF749BA0025B7
:105E8000FEF746BAB822050012000E0016000E00FA
:105E90006000030048000F0004001F0008001F00FE
:105EA00048000C0028000C0058000C0030000C00CA
:105EB00034000C0038000C002C000C0020000D00F9
:105EC00064000C0068000C0060000C0068000D000D
:105ED00040000D0044000D0048000D003C000D0086
:105EE0000025FEF715BA0025FEF712BA0025FEF7C9
:105EF0000FBA0025FEF70CBA0025FEF709BA0025F7
:105F0000FEF706BA0025FEF703BA0025FEF700BA31
:105F10000025FEF7FDB90025FEF7FAB90025FEF7CA
:105F2000F7B90025FEF7F4B90025FEF7F1B9002511
:105F3000FEF7EEB90025FEF7EBB90025FEF7E8B94C
:105F40000025FEF7E5B90025FEF7E2B90025FEF7CA
:105F5000DFB90025FEF7DCB90025FEF7D9B9002529
:105F6000FEF7D6B90025FEF7D3B90025FEF7D0B964
:105F70000025FEF7CDB90025FEF7CAB90025FEF7CA
:105F8000C7B90025FEF7C4B90025FEF7C1B9002541
:105F9000FEF7BEB90025FEF7BBB90025FEF7B8B97C
:105FA0000025FEF7B5B90025FEF7B2B90025FEF7CA
:105FB000AFB90025FEF7ACB90025FEF7A9B9002559
:105FC000FEF7A6B90025FEF7A3B90025FEF7A0B994
:105FD0000025FEF79DB90025FEF79AB90025FEF7CA
:105FE00097B90025FEF794B90025FEF791B9002571
:105FF000FEF78EB90025FEF78BB90025FEF788B9AC
:106000000025FEF785B90025FEF782B90025FEF7C9
:106010007FB90025FEF77CB999F811305A1ED2B22B
:10602000012A7FF604A80222FEF78BBF002F3FF45F
:1060300064AC19F800105B1A9BB283E43F2827D0A8
:10604000002E7FF460AC013000F03F0019F8001022
:106050000B449BB29C453FF473AC013D15F0FF052A
:106060003FF434AC9E45BFF442AC9845DED9ACEB6E
:10607000030109B20029B8BF494259457FF730AC46
:10608000002F7FF472AC3F28DAD1002F7FF472AC7E
:10609000032A3FF472AC022A3FF441AC1AF8021012
:1060A0005E1866457FF742AC0B449BB20132D2B218
:1060B000002728E42DE9F04105460E46036D002B2C
:1060C0005CD02C6D0023E37302226282A375E3751A
:1060D0002374A372E37204212846FCF739FD0746B6
:1060E00005212846FCF734FD80460A212846FCF7A6
:1060F0002FFDC0F30440207227B1B8F1000F01D08A
:10610000002840D120212846FCF722FD2F4B984241
:106110000CBF01230023637216F0100F37D116F065
:10612000200F3AD116F0400F3DD116F0800F41D12B
:10613000E37A0BB98523E372A37A0BB97423A372B4
:106140001F212846FCF704FD60731E212846FCF73A
:10615000FFFC10F03F0012BFA0732E23A373A37B9C
:1061600000221B492846FCF746FC35212846FCF74F
:10617000EFFC034620BB0020BDE8F0812C20F8F79F
:10618000A9FA28659DE72846FDF7D0FCBAE7062165
:106190002846FCF7DDFC2060C1E707212846FCF714
:1061A000D7FC6060BEE708212846FCF7D1FC000C54
:1061B000A072BAE709212846FCF7CAFCE072B7E7EB
:1061C000002204492846FCF769FDD4E7400200108C
:1061D0001400090004000900F0B585B00446436BC3
:1061E0001968FFF767FF064623681B69984703ABEA
:1061F000002211462046FDF7E1FF636B9B6A196898
:106200002046FDF7B3FD636B9B6A59682046FDF796
:106210004DFB636B9B6ADB8900224FF460212046B3
:10622000FCF73BFC636B9B6A9B890022524920462A
:10623000FCF733FC00212046FCF7CCFE002500953E
:106240004FF6FF532A4610212046FDF755FC636B9D
:106250009B6A5A8919892046FDF7B8FB636B9B6AD4
:106260001B8A02220C212046FCF717FC636B9B6AF9
:106270005B8A2A460C212046FCF70FFC636B197AD7
:106280002046FDF76FFC636BD9682046FCF7B8FE2B
:10629000616B0B7E4A6909692046FDF7EFF9636B74
:1062A0009A7F998B2046FCF7BDFC226D937B2E2BA9
:1062B00005D0636B93F82C3033F03F030AD0636B47
:1062C00093F82C3003F03F03937300222B492046B0
:1062D000FCF791FB636B93F82D102046FDF76EFAE7
:1062E000636B196A2046FCF7ADFE636B596A204662
:1062F000FCF7CCFE636B93F82E30A3BB636B93F873
:106300002F102046FCF7B6FB94F94C50002D27DBEC
:10631000012303FA05F5AFB24FF0907239462046DB
:10632000FDF78EF90DF10A030093022300224FF4CA
:10633000A0212046FBF766FFBDF80A3023EA0503DB
:10634000ADF80A3000220E492046FCF7A6FB94F96E
:106350004D20B2FA82F2520939462046FDF780FC00
:10636000304605B0F0BD01230093FF23002205490C
:106370002046FDF70FFAC1E70400010014000900F0
:1063800008000500040002009829024818BF0020F8
:10639000704700BFC023050070472DE9F04184B06D
:1063A00005460F461E46BDF82C30591E89B20129FC
:1063B0001CD9D01900F07F003A44C2F30441820096
:1063C00042EA412243EA0201090A8DF80C1020B981
:1063D000B3F5004F18D0002B37D041F040018DF8B5
:1063E0000C101A438DF80D20022405E07A0062F0AB
:1063F0007E028DF80C200124022B06D026D3A3F5B3
:106400000043032B01D9FEE701242B6D1B7D4BB903
:106410002B685D680A9B324603A92046A84704B052
:10642000BDE8F0810022214603A8FBF74BFE02469F
:1064300031460A98FBF746FE2B6800909D680A9B40
:10644000324603A92046A847E9E701242B68D3F880
:1064500000800A9B324603A92046C0472B6D1B7D56
:10646000022BDCD1182FDAD00022214603A8FBF73B
:1064700029FE024631460A98FBF724FE0446002214
:106480001821284600F039F88442C8D0EB68002B68
:10649000C5D09847C3E710B582B000240194049C8E
:1064A0000094FFF77AFF02B010BD00B585B003ABD2
:1064B0000093042392B2FFF7EEFF0DF10F030DF1ED
:1064C0000B01002013F8012902EB00208B42F9D1C7
:1064D00005B05DF804FB00B585B003AB0093022363
:1064E00092B2FFF7D8FF9DF80D309DF80C0000EB3D
:1064F000032080B205B05DF804FB00B585B00DF156
:106500000F030093012392B2FFF7C5FF9DF80F0020
:1065100005B05DF804FB30B5BDB005460C46036D13
:106520009A7B012A1CD0032A40F0E8819B7D13F05E
:10653000080F0CD113F0040F02AB009314BF3823E3
:10654000202300224FF4F011FFF7A5FF19E002AB62
:106550000093E82300224FF4F011FFF79CFF10E0B6
:106560009B7D13F0080F40F0C08113F0040F02ABC5
:10657000009314BF3823202300224FF4C011FFF7EB
:106580008AFF0DF1170204F11A0304F1200012F83A
:10659000011F03F8011B8342F9D19DF815209DF8D6
:1065A000143043EA0223C3F30C0363849DF81F20D5
:1065B0009DF81E3043EA0223C3F30D0313F4005F7A
:1065C0001CBF6FEA83436FEA934323849DF8252021
:1065D0009DF8243043EA0223C3F30B03E3872B6DBA
:1065E0009B7D13F0020F40F07E810AAA631E201DDE
:1065F00012F8011B03F8011FD1791972D17B59746C
:106600008342F5D19DF82F3063719DF82E209DF8BF
:106610002D3043EA0223E3809DF837209DF8363081
:1066200003EB0223C3F3CF13A4F80D309DF83220FF
:106630009DF8313043EA0223A4F80F309DF83F2043
:106640009DF83E3003EB0223C3F3CF13E3829DF8A2
:106650003A209DF8393043EA022323832B6D9B7D3A
:1066600013F0040F40F03F819DF843209DF8423025
:106670001B0443EA02639DF8402013439DF8412028
:1066800043EA022323F0604363629DF847209DF8AC
:1066900046301B0443EA02639DF8442013439DF8EF
:1066A000452043EA022323F00043A3629DF84B20D8
:1066B0009DF84A301B0443EA02639DF848201343C7
:1066C0009DF8492043EA0223C3F31303E3629DF8D4
:1066D0004F209DF84E301B0443EA02639DF84C2086
:1066E00013439DF84D2043EA0223C3F315032363AC
:1066F0009DF853209DF852301B0443EA02639DF835
:10670000502013439DF8512043EA0223C3F315039D
:1067100063639DF857209DF856301B0443EA0263DB
:106720009DF8542013439DF8552043EA0223C3F3F8
:106730001503A3639DF865209DF8643043EA0223A6
:10674000A3879DF877209DF876301B0443EA026307
:106750009DF8742013439DF8752043EA022323F02B
:10676000404323649DF87B209DF87A301B0443EA64
:1067700002639DF8782013439DF8792043EA0223B1
:10678000C3F3130363649DF87F209DF87E301B04E0
:1067900043EA02639DF87C2013439DF87D2043EA81
:1067A0000223C3F31503A3649DF883209DF8823070
:1067B0001B0443EA02639DF8802013439DF8812067
:1067C00043EA0223C3F31503E3649DF887209DF891
:1067D00086301B0443EA02639DF8842013439DF82E
:1067E000852043EA0223C3F3150323659DF8952012
:1067F0009DF8943043EA0223C3F30E03A4F8543007
:106800009DF8A5209DF8A43043EA0223C3F30B03AF
:10681000A4F856309DF8BF209DF8BE301B0443EA13
:1068200002639DF8BC2013439DF8BD2043EA022378
:1068300023F04043A3659DF8C3209DF8C2301B049C
:1068400043EA02639DF8C02013439DF8C12043EA48
:106850000223C3F31303E3659DF8C7209DF8C630F8
:106860001B0443EA02639DF8C42013439DF8C5202E
:1068700043EA0223C3F3150323669DF8CB209DF85A
:10688000CA301B0443EA02639DF8C82013439DF8F5
:10689000C92043EA0223C3F3150363669DF8CF20A2
:1068A0009DF8CE301B0443EA02639DF8CC201343CD
:1068B0009DF8CD2043EA0223C3F31503A3669DF898
:1068C000DD209DF8DC3043EA0223C3F30E03A4F875
:1068D0006C309DF8ED209DF8EC3043EA0223C3F3C1
:1068E0000B03A4F86E303DB030BD02AB0093E8233B
:1068F00000224FF4C011FFF7CEFD42E69B7D13F05E
:10690000010F00F0B38102AB00936C2300224FF41F
:106910004021FFF7C0FD1DAB00936C2300224FF414
:1069200050212846FFF7B7FD02AA631E201D12F86A
:10693000011B03F8011FD1791972D17B5974D17DE4
:1069400099768342F3D19DF82530E3779DF80F3097
:1069500063719DF80E209DF80D3043EA0223E38019
:106960009DF816309DF8172043EA0222C2F3CF1299
:10697000A4F80D209DF8152042EA0322A4F80F2068
:106980009DF81F2043EA0223C3F3CF13E3829DF84F
:106990001E209DF81D3043EA022323839DF8272003
:1069A0009DF8263043EA0223C3F30D0313F4005F7E
:1069B0001CBF6FEA83436FEA934323849DF8292029
:1069C0009DF8283043EA0223C3F30C0363849DF847
:1069D0002F209DF82E301B0443EA02639DF82C20E3
:1069E00013439DF82D2043EA022323F060436362A2
:1069F0002B6D9B7D13F0010F3FF475AF9DF8332095
:106A00009DF832301B0443EA02639DF830201343A3
:106A10009DF8312043EA022323F00043A3629DF84E
:106A200037209DF836301B0443EA02639DF834207A
:106A300013439DF8352043EA0223C3F31303E362B3
:106A40009DF83B209DF83A301B0443EA02639DF811
:106A5000382013439DF8392043EA0223C3F315037A
:106A600023639DF83F209DF83E301B0443EA0263F8
:106A70009DF83C2013439DF83D2043EA0223C3F3D5
:106A8000150363639DF843209DF842301B0443EADD
:106A900002639DF8402013439DF8412043EA0223FE
:106AA000C3F31503A3639DF851209DF8503043EACA
:106AB0000223A3879DF861209DF8603043EA0223FA
:106AC000C3F30B03E3879DF867209DF866301B0432
:106AD00043EA02639DF8642013439DF8652043EA6E
:106AE000022323F0404323649DF86B209DF86A3015
:106AF0001B0443EA02639DF8682013439DF8692054
:106B000043EA0223C3F3130363649DF86F209DF8E7
:106B10006E301B0443EA02639DF86C2013439DF81A
:106B20006D2043EA0223C3F31503A3649DF8732089
:106B30009DF872301B0443EA02639DF870201343F2
:106B40009DF8712043EA0223C3F31503E3649DF823
:106B500077209DF876301B0443EA02639DF8742089
:106B600013439DF8752043EA0223C3F315032365FD
:106B70009DF885209DF8843043EA0223C3F30E0379
:106B8000A4F854309DF895209DF8943043EA0223F0
:106B9000C3F30B03A4F856309DF8AF209DF8AE3038
:106BA0001B0443EA02639DF8AC2013439DF8AD201B
:106BB00043EA022323F04043A3659DF8B3209DF8E8
:106BC000B2301B0443EA02639DF8B02013439DF8E2
:106BD000B12043EA0223C3F31303E3659DF8B72012
:106BE0009DF8B6301B0443EA02639DF8B4201343BA
:106BF0009DF8B52043EA0223C3F3150323669DF8ED
:106C0000BB209DF8BA301B0443EA02639DF8B8200C
:106C100013439DF8B92043EA0223C3F315036366C7
:106C20009DF8BF209DF8BE301B0443EA02639DF827
:106C3000BC2013439DF8BD2043EA0223C3F3150390
:106C4000A3669DF8CD209DF8CC3043EA0223C3F320
:106C50000E03A4F86C309DF8DD209DF8DC3043EA8B
:106C60000223C3F30B03A4F86E303CE602AB00939F
:106C7000282300224FF44021FFF70DFC54E60000CA
:106C800000B583B0036D9B7B012B0BD0032B10D180
:106C90000091052304224FF4F011FFF7FCFB03B031
:106CA0005DF804FB0091052300220549FFF7F3FB83
:106CB000F5E70091052300226021FFF7ECFBEEE7EA
:106CC0000400180010B582B04FF400440194049CF5
:106CD0000094FFF762FB02B010BD00B585B08DF8DF
:106CE0000C301B0A8DF80D3003AB0093022392B2D7
:106CF000FFF7E8FF05B05DF804FB000008B50129C7
:106D000002D0052907D008BD41F62203002205491B
:106D1000FFF7E3FFF7E74FF4007300220149FFF7A5
:106D2000DCFFF0E70400110038B505460C4641F4DD
:106D300000739BB200224FF43021FFF7CEFFA3B2C5
:106D400000224FF430212846FFF7C7FF38BD00006E
:106D500070B504460E460C4D012300222946FFF76C
:106D6000BCFF3346002209492046FFF7B6FF022345
:106D7000002229462046FFF7B0FF002204492046A2
:106D8000FFF793FB70BD00BF08000B0004000B0071
:106D900010000B0010B584B08DF80C301C0A8DF873
:106DA0000D401C0C8DF80E401B0E8DF80F3003AB00
:106DB0000093042392B2FFF785FF04B010BD38B5ED
:106DC000044689B900222821FFF76FFB05460122FE
:106DD0004FF460212046FFF790FB2B1A0022282158
:106DE0002046FFF7D7FF38BD00222821FFF75DFBC3
:106DF000054601227C212046FFF77FFB2B1A00224B
:106E000028212046FFF7C6FFEDE738B505460C46BA
:106E100000224FF48031FFF748FB000D0005C4F35A
:106E20001303034300224FF480312846FFF7B2FFDB
:106E300038BD38B505460C4600224FF4A021FFF7B7
:106E400034FB20F47C3314F0010F18BF43F480337B
:106E500014F0020F18BF43F4005314F0040F18BFCE
:106E600043F4903300224FF4A0212846FFF792FF0D
:106E700038BD000038B505460C460B6800220B49AA
:106E8000FFF788FF6368002209492846FFF782FF61
:106E9000A368002207492846FFF77CFFE368002229
:106EA00005492846FFF776FF38BD00BF0C000200F9
:106EB00010000200140002001800020038B5054658
:106EC0000C460B6800220B49FFF764FF6368002241
:106ED00009492846FFF75EFFA368002207492846B4
:106EE000FFF758FFE368002205492846FFF752FFE5
:106EF00038BD00BF1C000200200002002400020078
:106F0000280002002DE9F047044605293AD0234D18
:106F10002E46234FDFF8C480DFF8C490DFF8C4A00A
:106F2000204B002220492046FFF734FF5346002221
:106F30001E492046FFF72EFF4B4600221C492046E3
:106F4000FFF728FF434600221A492046FFF722FF99
:106F50003B46002218492046FFF71CFF334600221B
:106F600016492046FFF716FF2B46002214492046FB
:106F7000FFF710FF134B002213492046FFF70AFFCB
:106F8000BDE8F087114D124E124FDFF85C80DFF83C
:106F90005C90DFF85CA0104BC3E700BFB5AF020008
:106FA0007DAF0200FEA80200380003003C00030091
:106FB0004000030044000300480003004C000300AD
:106FC00050000300400200101C000300F5CF010038
:106FD000B5CF010036CF0100FDC001003EAF020079
:106FE000FEA5020036AC02007EC70100BEC601004D
:106FF0003EC4010008B500231A460249FFF7CAFE45
:1070000008BD00BF0400070038B504460D46002344
:107010001A460A49FFF7BEFE00231A464FF4E02144
:107020002046FFF7B7FE05B938BD4FF0E053002208
:1070300003492046FFF7AEFEF6E700BF4800070011
:1070400014000700F0B583B0046DA47B032C0CBFC3
:107050004FF4981C4FF4901C9C18B4F5806F19DA0B
:107060001D4616460F4604467F2B15D94FEA1C4392
:1070700000220D49FFF78EFE2B4600220B492046C9
:10708000FFF788FE0097334600224FF4E8112046B0
:10709000FFF701FA03B0F0BD009113462A4661469E
:1070A000FFF7F9F9F6E700BF04001F0008001F0012
:1070B00010B584B004AC04F8013D0094012392B2F1
:1070C000FFF700FE04B010BD10B50446036D9B7BB6
:1070D000012B13D0032B1DD1F02300221249FFF7FF
:1070E000E7FF00224FF4F0112046FFF7F4F9236D7B
:1070F000DA7AA2B1C0F30900D88310BD0F230022B1
:107100000949FFF7D5FF00224FF4C0112046FFF7D1
:10711000E2F9ECE700224C21FFF7DDF9E7E700F0A8
:107120007F00D883E9E700BF1800010010B50446CE
:10713000036D9B7B012B04D0236D9B7B032B06D01F
:1071400010BD0F2300220549FFF7B2FFF4E7F0233B
:10715000002202492046FFF7ABFFF1E718000100CB
:1071600038B5044600231A464FF42021FFF7B5FD39
:1071700000231A4608492046FFF79AFF074D0023CF
:107180001A4629462046FFF793FF0223002229468C
:107190002046FFF78DFF38BD14000A0004000A00E6
:1071A00038B505460C46022300224FF47021FFF744
:1071B0007FFF04B938BD012300224FF47021284617
:1071C000FFF776FFF6E7000038B504460B460022CD
:1071D0000A49FFF782FD0A4D8823002229462046EE
:1071E000FFF766FF00231A4629462046FFF760FF97
:1071F000002204492046FFF780F938BD0C000A0040
:1072000004000A0008000A0070B504460B46154643
:10721000B1F5807F34BF0026202600220B49FFF7FE
:107220005CFD2B4600220A492046FFF741FF094D2D
:1072300046F09003002229462046FFF739FF00233D
:107240001A4629462046FFF733FF70BD0C000A009E
:1072500010000A0004000A0070B504460D461646E8
:10726000002240F20B11FFF7CFFF4FF4827120464E
:10727000FFF7AAFF00F01F024FF482712046FFF7CC
:10728000C3FF236D1A8A15431D82236D1B8A0022BA
:107290004FF420212046FFF720FD3346002202490B
:1072A0002046FFF705FF70BD14000A00F0B583B05B
:1072B0005C18B4F5806F24DA1C4617460E46054666
:1072C0007F2B15D9142300220F49FFF763FD2346B6
:1072D00000220E492846FFF75DFD00973346002245
:1072E0004FF4E8112846FFF7EDFC002003B0F0BD95
:1072F00000920B4622464FF4A011FFF7E3FC00205A
:10730000F4E74FF0FF30F1E704001F0008001F0012
:1073100010B582B004460223019300220092134666
:107320001321FFF73AF8236D9A7B032A0CBF012241
:1073300003229A7302B010BD2DE9F04104460022E9
:107340004FF4F811FFF7D9F80546002244212046F2
:10735000FFF7ABF80646236D0022DA8383F820207E
:107360009A619A835A62236D5C62236D9F7B002F22
:107370007FD1236D9E61D4F8508098F8153003F0CA
:107380000303032B00F0908015F0800F40F09380F2
:1073900015F0010F40F0C18015F0400F0BD0636A6B
:1073A00013B1206D183098474FF4C0730222442166
:1073B0002046FFF792FC15F0080F07D1236D9B7B49
:1073C000002B00F0EA80002F00F0E780236D002200
:1073D00083F8202016F4802F00F0AD80226D92F803
:1073E000203043F0080382F820304FF4802716F055
:1073F000805F08D0226D92F8203043F0100382F8AD
:10740000203047F0805716F4005F06D0226D537D80
:1074100003F00303032B00F09A8016F4804F40F032
:10742000A28047F4DE43002244212046FFF7B2FC4D
:107430002046FFF77BFE206DC38B002B40F0A2801F
:10744000437D03F00303032B00F09C80836923F446
:1074500090438361226D936943F480539361E369A0
:1074600013B1206D18309847236D002283F8202037
:107470008CE06D492046FFF740F80746236D9B7B63
:10748000032B08BFC0F3071717F0010F18BF46F40E
:10749000804617F0020F18BF46F4005617F0040F8D
:1074A00018BF46F4806664E716F4005F1CBF45F021
:1074B0000805EDB268E7002248212046FFF70BF8E7
:1074C000A8F81C00236D1A7D1AB19A6912F0040FF6
:1074D00003D19B8B03F460638BB10423002244210E
:1074E0002046FFF7E5FD4FF4606300224821204667
:1074F000FFF7F3FB236A13B1206D18309847236D13
:107500009B8B13F4807F3FF443AF4FF480730022D2
:1075100048212046FFF7E1FB3AE7F8230022442107
:107520002046FFF7C5FD2369002B3FF435AF206DE2
:107530001830984730E716F4806F1FBF226D92F81D
:10754000203043F0040382F8203000274FE792F800
:10755000203043F0020382F82030236D0022DA83CA
:1075600047F400475DE72046FFF7AEFD10F4004FFB
:107570003FF457AF226D92F8203043F0010382F8B8
:1075800020304EE763690BB118309847236D9B7B21
:1075900003BB236D002283F8202015F0100F1DD1AE
:1075A00015F0200F2DD1002220492046FEF7A5FF1F
:1075B000236D83F8210010F0030309D000221B493A
:1075C0002046FFF775FDA36A13B1206D1830984768
:1075D000BDE8F0812046FFF79BFEDAE7144B00225E
:1075E00044212046FFF7D6FB2046FFF79FFDE369C5
:1075F00013B1206D18309847236D002283F82020A6
:10760000CEE70C4B002244212046FFF7C3FB204667
:10761000FFF78CFDA36913B1206D18309847236DD7
:10762000002283F82020BEE7180001003800110076
:10763000009405340004221030B585B0089C8DF804
:1076400008301D0A8DF809501D0C8DF80A501B0ECC
:107650008DF80B308DF80C40230A8DF80D30230C7B
:107660008DF80E30240E8DF80F4048F2030301937D
:1076700002AB0093082392B2FEF78FFE05B030BD37
:1076800070B582B004460E46134D4FF008230093A8
:107690004FF0FF3300222946FFF7CEFF4FF0601373
:1076A00000934FF0FF33002229462046FFF7C4FF26
:1076B0000A4B00934FF0FF3300224FF4E0212046A5
:1076C000FFF7BAFF0EB902B070BD054B00220549A5
:1076D0002046FFF75FFBF6E748000700003C00028A
:1076E000001101011400070000B583B0054B0093A1
:1076F0004FF0FF3300220449FFF79EFF03B05DF80F
:1077000004FB00BF003C0002040007002DE9F04329
:1077100083B004460D461746564E00223146FEF70A
:10772000C4FE81464FF4704300934FF0FF330022B4
:1077300031462046FFF780FFDFF83C811823002206
:1077400041462046FFF7C9FA25212046FFF7ECFA0B
:1077500002212046FFF7E8FA4FF4FE712046FFF7BA
:10776000E3FAF9B241F480712046FFF7DDFA4FF4F5
:1077700080712046FFF7D8FA00212046FFF7D4FA9F
:1077800002212046FFF7D0FA4FF4E0712046FFF7C0
:10779000CBFAE9B241F480712046FFF7C5FAC5F390
:1077A000072141F480712046FFF7BEFAC5F3074177
:1077B00041F480712046FFF7B7FA290E41F4807139
:1077C0002046FFF7B1FA00212046FFF7ADFA3A2133
:1077D0002046FFF7A9FA40F2FF112046FFF7A4FA6E
:1077E0004FF485712046FFF79FFA00212046FFF7EE
:1077F0009BFA3A212046FFF797FA40F20111204602
:10780000FFF792FA022300224FF430212046FFF7BF
:1078100064FA00231A464FF430212046FFF75DFA40
:107820000220F8F79BFC3A212046FFF77DFA4FF43F
:1078300081712046FFF778FA022300224FF43021AD
:107840002046FFF74AFA00231A464FF4302120461B
:10785000FFF743FA00231A4641462046FFF73DFA58
:107860004B46002231462046FFF794FA03B0BDE8AC
:10787000F08300BF4400070008000B00F0B583B0A0
:10788000002423460126072702E00134092C09D0F1
:1078900006FA04F50D42F8D004EB440507FA05F5A5
:1078A0002B43F2E71A400092DB4300224FF4A02161
:1078B000FFF7C2FE03B0F0BD10B582B004467F2AC8
:1078C00012D9803241EAC32141EA024100910C4BB6
:1078D00000222021FFF7B0FE00224FF400212046B5
:1078E000FEF70BFE02B010BD41EAC32141EA02419E
:1078F0000091034B00222021FFF79EFEF2E700BF1C
:1079000000F400FC00B583B000920B460022442135
:10791000FFF792FE002003B05DF804FB00B585B0D0
:107920008DF80C309DF818308DF80D3048F20103B9
:10793000019303AB0093022392B2FEF72EFD05B034
:107940005DF804FB30B583B004460D4611F0010F1D
:1079500015D000230093EF2302224FF46021FFF79C
:10796000DDFF236D9D75236D9B7D5B0810D06B083B
:1079700000220E492046FFF79BFB03B030BD1023C9
:107980000093FF2302224FF46021FFF7C7FFE8E7CF
:1079900001230093FF23002204492046FFF7BEFF86
:1079A000226D937D43F002039375E6E7200001000A
:1079B00070B582B004460D460121FFF79FF9002102
:1079C0002046FFF75DFE2046FFF78EFEC5F30B0352
:1079D000002215492046FFF780F903230093FF2377
:1079E000002212492046FFF799FF104E00252A4633
:1079F00031462046FEF781FD10F0010FF7D12046F9
:107A0000FFF7F8FA00212046FFF7FEFA052120468D
:107A1000FFF774F9002206492046FEF76EFD00F0DC
:107A20003F0002B070BD00BF1C000800100008003D
:107A30001C00070038B505460C46B1F8051049B1E1
:107A4000FFF7B6FFD4F80130002205492846FFF7BA
:107A5000A1F938BD237800220249FFF729FBF1E79D
:107A6000040001001C00070030B583B004460D4639
:107A700010230093FF2300220649FFF74FFF2B46F8
:107A8000022D38BF0223002228212046FFF782F969
:107A900003B030BD28000F0030B583B00446012983
:107AA0001DD002292FD001230093FF230022254956
:107AB000FFF734FF244D4FF4000300936FF48073FD
:107AC000002229462046FFF7B7FD002300937F23BD
:107AD000022229462046FFF721FF03B030BD0521D1
:107AE000FFF70CF9022300934FF0FF3300221749F0
:107AF0002046FFF7A1FD01220092FF2312492046F4
:107B0000FFF70CFFE9E703230093FF2300220D4951
:107B1000FFF704FF0C4D4FF4000300936FF48073E4
:107B2000002229462046FFF787FD002300937F238C
:107B3000022229462046FFF7F1FE05212046FFF7E5
:107B4000DDF8CAE704001100080011000800090070
:107B500030B583B0054602290ED000240094FE23E0
:107B600022461021FFF7DAFE23462246142128463A
:107B7000FFF7B3F803B030BD144601230093FF2391
:107B800000221021FFF7CAFE2346002214212846B6
:107B9000FFF7A3F8EEE700002DE9F04182B00546BB
:107BA000294C2A4B00222146FFF7F4F810230093BA
:107BB000FF23002221462846FFF7B0FE03244FF0A2
:107BC0001408234F00264046F8F7D8FA32463946C3
:107BD0002846FEF792FC012834D0631E13F0FF0400
:107BE000F1D16FF00204184E00231A4631462846A0
:107BF000FFF75EFA0123002215492846FFF758FADD
:107C000001230093FF23022231462846FFF786FE18
:107C1000002210492846FEF748FC6FF06043984266
:107C200008BF6FF0030400220B492846FEF73DFC15
:107C30006FF06043984214BF20466FF0040002B01A
:107C4000BDE8F0810024CEE70C0004000100020032
:107C500020000400140004001C0004002DE9F0437F
:107C600083B00546884617461C46F8F7CBF906460A
:107C7000022C19D0042C17D004F0FD03012B3FD0A7
:107C80004FF00009CDF800906FEA08034A463C2106
:107C90002846FFF7D1FCCDF80090FB434A4640212F
:107CA0002846FFF7C9FC0BE0434600223C2128464A
:107CB000FFF770F83B46002240212846FFF76AF89C
:107CC000033CE4B2012C2DD900223C212846FEF7CA
:107CD000ECFB0346002244212846FFF75BF8002214
:107CE00040212846FEF7E1FB0346002248212846B2
:107CF000FFF750F83046F8F797F903B0BDE8F08386
:107D0000CDF800804FF0FF3300223C212846FFF7DA
:107D100093FC00974FF0FF33002240212846FFF7E5
:107D20008BFCCDE710210091FF2302222846FFF7AC
:107D3000F5FDC9E700B583B000290BBFFF23F7238A
:107D400000220822009201221021FFF7E7FD03B074
:107D50005DF804FB10B584B0BDF818408DF80C3008
:107D60001B0A8DF80D308DF80E40240A8DF80F4057
:107D700048F20203019303AB0093042392B2FEF78F
:107D80000CFB04B010BD000030B583B0044611F008
:107D9000010F1FD00D464FF4107300936FF47C63F6
:107DA00000224FF4A021FFF747FC4FF40403009397
:107DB0004FF0FF33002218492046FFF73DFC15F035
:107DC000020F1AD14FF48873002214492046FEF79F
:107DD000E1FF10E0002500956FF47C632A464FF424
:107DE000A021FFF729FC00954FF6FF632A460B49B7
:107DF0002046FFF7AFFF03B030BD084D084B00220F
:107E000029462046FEF7C6FF4FF488730022294614
:107E10002046FEF7BFFFEEE7040011001800110036
:107E200010010F00F0B583B00446012909D01420D9
:107E3000F8F7A4F92046FFF7AFFE0546284603B041
:107E4000F0BD0F4E00223146FEF745FB074640F2DB
:107E5000071300934FF6FF73002231462046FFF7C9
:107E600079FF1420F8F78AF92046FFF795FE0546BA
:107E7000002200923B4631462046FFF76BFFDDE7CC
:107E80004800070000B583B0012A09D0CB43002287
:107E900000929BB20649FFF75DFF03B05DF804FB5B
:107EA00000914FF6FF7300220149FFF753FFF4E7FB
:107EB0000C000500F0B583B004460F4616461D467B
:107EC00048F2400300934FF6FF7300221849FFF772
:107ED00041FFAA1943F201039A4215DC7F2D1DD9F7
:107EE0001523002213492046FEF754FF2B4600229B
:107EF00011492046FEF74EFF0097334600224FF40B
:107F0000E8112046FEF7C7FA0022009247F6BF7339
:107F100007492046FFF71EFF03B0F0BD0097334628
:107F20002A464FF4A8112046FEF7B5FAECE700BF49
:107F30000400110004001F0008001F0070B5064671
:107F40000C4615460E4B02220E49FEF723FF0F2D5D
:107F5000A8BF0F25631E032B28BF04241023234131
:107F6000002209493046FEF715FF631E9B0005FA03
:107F700003F3002205493046FEF70CFF70BD00BF39
:107F80007408D20010001100280007001800080033
:107F90002DE9F04F83B004460D4691F800900B791F
:107FA000182B14D8CF78182F94BF00270127FFB2C1
:107FB000EB79012B0CBF102100216B78013B062BC4
:107FC00010D8DFE803F0060F0F120C0F090001278D
:107FD000EDE74FF0400A0AE04FF0480A07E04FF0A3
:107FE000800A04E04FF4807A01E04FF0200A226D0D
:107FF000138A23F0E0031382236DEA79DA722E7B71
:10800000B31C01269E401FFA86F8226DCA4B03FB63
:1080100008F3DB0B5382236DEA7A5A752B7A5B01E6
:1080200003F020036A7B43EA0243EA7A120302F474
:10803000304213430B430093C04B002210212046D3
:10804000FFF7FAFA002F40F0FB80EB7AF3B16B7B7D
:10805000012B40F220812A7BB94B33F81220120108
:10806000D30AC2F30A0202F58062B2F5006F28BF9C
:1080700001339BB20AEBC80A03F07F0300934FF66B
:1080800080730222AF492046FFF764FE94230093D9
:10809000AD4B0022AD492046FFF7CEFABAF1FF0FF3
:1080A00040F30C81226D138A43F0200313824FF4B6
:1080B000006300934CF6FF730022A5492046FFF7AA
:1080C00049FE6B7B012B00F00481AB7843F0100379
:1080D0000093FC2300224FF4C0212046FFF71EFC32
:1080E000731EDBB200224FF400312046FEF7E0FFA2
:1080F0006B78072B0CBF0823002301222421204684
:10810000FEF7D6FFEB7A03F00303032B0CBF914B72
:10811000914B002291492046FEF73CFE00229049F7
:108120002046FEF7C2F920F4FF5020F01F00B9F1FD
:10813000090F08BF40F001002A79120202F4F85238
:10814000EB78DB00DBB21A436B795B0003F00603CC
:1081500013430343002282492046FEF71BFEAA79FF
:108160006B781B0343EA822300936FF4744300226D
:1081700020212046FFF760FAB5F8093023B96FF0E7
:108180007E036B720023AB72B5F8093002224FF404
:10819000C0212046FEF7A1FD022272492046FEF7CB
:1081A000ACF9236DDB7B4B4500F09D80032800F08C
:1081B0009E80B9F1090F00F09F806B4B00226B4944
:1081C0002046FEF7E7FD41F63C7300224FF41021F4
:1081D0002046FEF782FD1423012265492046FEF762
:1081E00067FF0E23022263492046FEF761FF8123C9
:1081F000002261492046FEF75BFF02230022442152
:108200002046FEF755FF01212046FFF745FC4FF0C1
:10821000140BD846002744264046F7F7AFFF3A46EE
:1082200031462046FEF769F910F0020F40F0C18098
:108230000BF1FF3313F0FF0BEED16FF00100DEE026
:10824000226D138A43F0600313824FF4C0530093EE
:108250006FF4405300223E492046FFF7EDF940F20B
:108260000633002245492046FEF794FD00231A46B6
:1082700043492046FEF78EFD424B002231492046FD
:10828000FEF788FD9D2300932F4B00222F492046A7
:10829000FFF7D2F915E72A7B294B33F812304FF458
:1082A000356202FB03F2930CC2F3CA1202F580623C
:1082B000B2F5006F28BF01339BB2DBE64FF42053C9
:1082C00000934CF6FF73002221492046FFF742FD40
:1082D000F7E6AB780093EC2300224FF4C021204650
:1082E000FFF71CFBFCE603287FF463AF64E0022188
:1082F0002046FFF7D1FB5CE7234B00221B492046B9
:10830000FEF748FD40F63C7300224FF41021204652
:10831000FEF7E3FC5FE74FF4807300934FF6FF73C3
:1083200000220B492046FFF715FD226D138A43F00A
:108330000803138252E000BF68660200CF4FFCFFC3
:10834000C823050014000E0000FFFFBF18000E0038
:1083500008000B00CC355FAF4C585FAF0C00060037
:108360000800010030000F003411071C1C0007003A
:108370005000070018000700080009000C000E005C
:1083800010000E000A5A0C003400011C002200925A
:10839000FE231C492046FFF7C1FA29E04FF00053A5
:1083A00000936FF07F43002217492046FFF744F9FE
:1083B00021E0236D83F80F902B79093BDBB20F2B63
:1083C000E4D8236D1B7A012BA5D049462046FEF741
:1083D00099FD226D138A23F0080313824FF4C843DA
:1083E000009348F2FF13002206492046FFF7B2FC33
:1083F000BAF13F0FD2DC01212046FFF713FD03B095
:10840000BDE8F08F1800030010000600F0B583B03F
:1084100005460E46036D002B51D02C6D0023A3732F
:108420000222228223756375E3736372A3720421AF
:108430002846FEF78DFC074605212846FEF788FCF6
:108440000FB1002840D120212846FEF781FC354B92
:1084500098420CBF01230023237216F0100F42D163
:1084600016F0200F45D116F0400F48D116F0800FBE
:108470004CD1A37A0BB98523A372637A0BB9742309
:1084800063721F212846FEF763FC20731E212846D5
:10849000FEF75EFC10F03F0012BF60732E23637383
:1084A000637B002220492846FEF702FE352128463C
:1084B000FEF74EFC034678BB002003B0F0BD282039
:1084C000F6F708F92865A8E74FF4007300934FF614
:1084D000FF73002215492846FFF73CFC238A43F02E
:1084E00010032382AFE706212846FEF731FC206007
:1084F000B6E707212846FEF72BFC6060B3E70821AA
:108500002846FEF725FC000C6072AFE709212846DB
:10851000FEF71EFCA072ACE7002205492846FEF7D4
:1085200039FCC9E7400200101400090008000B00E4
:108530000400090030B583B005460C4671B121F046
:108540000203013B0F2B62D8DFE803F011616124C5
:108550006161612D616161616161613A0221019135
:10856000002200921346FDF718FF204610E0022378
:1085700001930022009213460421FDF70EFF03220F
:1085800044212846FDF7B9FF10F0080F25D100203F
:1085900003B030BD022301930022009213460A214A
:1085A000FDF7FBFEEBE70021FEF709FC0223019338
:1085B00000220092134608212846FDF7EEFEDEE772
:1085C0000121FEF7FCFB02230193002200921346D7
:1085D00006212846FDF7E1FED1E7022301930021A1
:1085E00000910B460A462846FDF7D7FE14F0020F0D
:1085F00002D04FF0FF30CBE7022101910022009220
:1086000013462846FDF7C9FE4FF0FF30C0E74FF094
:10861000FF30BDE770B582B0064602250195002403
:108620000094234622461921FDF7B7FE336D9C7353
:108630001D821C755C75DC7302B070BD70B582B0B4
:10864000064602250195002400942346224618215F
:10865000FDF7A3FE336D9C731D821C755C75DC7386
:1086600002B070BD2DE9F04F91B0064615461C468C
:108670009C2900F29F80DFE811F0530A5E0AA300F4
:10868000A700C0004C0192016F015601A201AD018B
:10869000B501BD01C501CD01D501D901E1017202CC
:1086A000800285028F0294029902A202A702DD02D3
:1086B000FA02050310031A03520348033E0324037E
:1086C00031038103FC012F023D02450259027D095D
:1086D000820961039F03A303AC03B103DB03E5033A
:1086E000ED03170423042E045703390442045404F1
:1086F0006D047E04C004CA04F004FF041A050805D2
:1087000024056A058205A205D105E505EE050A06E0
:10871000F70543078507D307D907E407FD071D08B9
:10872000270831085F0868086E08770884089108F0
:108730009B08A408AD08B808C308C908EC08F708E6
:1087400002090D094E09590972098809FC09060A2E
:10875000110A660A1B0A480A7707C609E609D40AFD
:10876000C90A730A7E0A890A940A9F0AAA0AB50AE4
:10877000BE0AB50CEF0C2A0D4D0DF90D0E0EFD0ABB
:10878000C00BF30BFE0B030C080C130C260C310C66
:10879000460C5B0C970C9D009D009D009D009D006C
:1087A0009D009D009D00640D750DC20EBF0DB40DA2
:1087B000D30DCA0D4FF0FF35284611B0BDE8F08F3C
:1087C000436898470025F7E70222B449FDF795FE74
:1087D000032801D80025EFE7F7F714FC044602232D
:1087E0000193002500952B462A4629463046FDF781
:1087F000D4FD2046F7F718FCDEE7002C01F00286D6
:10880000247814F01D0F61D014F0010F23D014F060
:10881000020F4FF0020301934FF000020092134643
:1088200014BF0D210321FDF7B8FD0322442130467A
:10883000FDF763FE10F0080F08BF0025BCD002232F
:108840000193002100910B460A463046FDF7A5FD35
:108850004FF0FF35B0E714F0080F11D114F0100FEE
:1088600021D114F0020F4FF0020301934FF00002E8
:108870000092134614BF10210921FDF78EFDD4E7A5
:108880000021FEF79CFA14F0020F4FF0020301934F
:108890004FF000020092134614BF0F21072130460B
:1088A000FDF77BFDC1E70121FEF789FA14F0020F05
:1088B0004FF0020301934FF000020092134614BFE1
:1088C0000E2105213046FDF768FDAEE714F0200FBC
:1088D0000FD014F0020F4FF0020301934FF0000588
:1088E00000952B462A4614BF11210B21FDF755FD9B
:1088F00062E714F0020F4FF0020301934FF00005FE
:1089000000952B462A4614BF0C210121FDF745FD99
:1089100052E7002C01F07985236800222821FEF718
:1089200039FA002548E7236800225D49FEF732FA4C
:10893000636800225B493046FEF72CFAA3680022E8
:1089400059493046FEF726FAE36800225749304677
:10895000FEF720FA00252FE7002C01F05985238827
:108960006568032D01F25785DFE805F002070D1356
:1089700000224F49FEF7B1F91EE702224C49FEF7EB
:10898000ACF9002518E700224A49FEF7A6F90025B0
:1089900012E702224749FEF7A0F900250CE7002C58
:1089A00001F03C8523785B0003F0060300936FF031
:1089B000060300224049FEF73FFE0025FCE64FF487
:1089C000803300934FF0FF3300223C49FEF734FE22
:1089D0000025F1E6002C01F02485036D1B7B23703C
:1089E0000025E9E6002C01F01F85036D5B7A2370FA
:1089F0000025E1E6002C01F01A85036D9B7A2370B7
:108A00000025D9E6002C01F01585036D1B68236055
:108A10000025D1E6002C01F01085036D5B68236012
:108A20000025C9E6FEF774FC0025C5E6002C01F020
:108A300007852168FEF7E9F90025BDE6002C01F065
:108A4000028525785DB1646840230093FF230022EE
:108A50001021FEF763FF022D07D1F46005E000222C
:108A60000092BF231021FEF759FF336D1D750025BD
:108A7000A2E6002C01F0EA846568237803224FF413
:108A80008031FEF715FBDDB9002200924FF2FF7333
:108A900010213046FFF75EF98EE600BF30000F0070
:108AA00054000100580001005C000100600001005A
:108AB0000C0001001000010008000100040011007A
:108AC0004FF4812300934FF0FF33002210213046F2
:108AD000FEF7B2FD00256FE600221146FDF7E5FC2A
:108AE000B268136843405268134214BF4FF0FF3519
:108AF000002561E6002C01F0AC842178FEF722FF0E
:108B0000002559E63AB9002200924FF2FF73B849A6
:108B1000FFF720F950E64FF4006300934FF6FF7320
:108B20000022B349FFF716F9002545E602F00102DD
:108B30004FF6FF734FF2FF71002A08BF0B46D202B7
:108B400015F0020F12BF42F4805223F480539BB2FF
:108B500000920022A649FFF7FDF800252CE62AB96D
:108B6000A44B0222A449FEF715F925E6A34B0222E5
:108B7000A149FEF70FF900251EE61146FEF759F947
:108B8000002519E6002C01F0678400229C49FDF7BE
:108B9000B4FC207000250FE62146FEF76BF9002596
:108BA0000AE62146FEF78AF9002505E6012300932F
:108BB000FF2300229349FEF7B1FE0025FCE5114694
:108BC000FEF7A0F90025F7E5182300228E49FEF7ED
:108BD000E1F8E82300228D493046FEF7DBF8336DDB
:108BE0009B7D5B081AD0002289493046FDF773FC53
:108BF000C0F3C403093B0F2B01F2318400F00100E4
:108C000000280CBF05210921336D1B7A012B01F0CF
:108C100029843046FEF776F90025CDE501230022B0
:108C20007C493046FEF744FA326D937D43F00203EF
:108C30009375D8E7002C01F018842478036D5C75D7
:108C4000230303F43043009344F6FF730022102102
:108C5000FFF780F804F00304032C0CBF6E4B6F4B3E
:108C600000226F493046FEF795F80025A4E5002C58
:108C700001F0FE83238800224FF46021FEF72DF8D7
:108C8000002599E5002C01F0F68300224FF46021C5
:108C9000FDF721FC208000258EE5002C01F0EE83FD
:108CA000238800227C21FEF718F8002584E5002C9B
:108CB00001F0E78300227C21FDF70DFC20800025D8
:108CC0007AE5002C01F0E083A388E2882168009116
:108CD0004FF4B011FDF7F6FF00256DE5002C01F013
:108CE000D683A388E288216800914FF4B011FDF784
:108CF000D2FB002560E5002C01F0CC83E388A2883C
:108D00002168FEF79FF9002556E5002C01F0C58388
:108D1000E3882268A188FEF7C9FA00254CE51146D0
:108D2000FFF708FC002547E5002C01F0B983237903
:108D300062882188FEF7C0FD00253DE5002C01F08A
:108D4000B283036D9B7B012B0CD0032B10D10C2223
:108D50004FF4F011FDF7BFFB00B240F30C0323808A
:108D6000002529E500222F49FDF7B5FB00B2F4E705
:108D700000222D49FDF7AFFB00B2EEE7002C01F019
:108D800095830CAB0093032300222849FDF783FB56
:108D90009DF832209DF8313003EB02229DF83030EF
:108DA00003EB022313F4801F1CBF6FEA03336FEA47
:108DB000133323600025FFE4FEF7D2F90025FBE41E
:108DC000002C01F076836188FEF7F2FD207000250B
:108DD000F2E42146FDF79FFB0025EDE4002C01F0B5
:108DE0006B8301227021FDF760FB20600025E3E426
:108DF000080011007408D200100011007488D20419
:108E00001C000700040002000C001F0010001F00DF
:108E10000800010020000100CC355FAF4C585FAF67
:108E20000C0006000C00180020000C0029000600B1
:108E3000002C01F0448300227021FDF736FB2060F6
:108E40000025B9E40094052300227021FDF723FBDF
:108E50000025B1E4002C01F03583036D9B7B012BD1
:108E600014D0032B19D116224FF4F011FDF733FB68
:108E7000C0F30D0083B213F4005F04D06FEA8343A4
:108E80006FEA934318B22080002595E40222D64968
:108E9000FDF721FBC0F30D00ECE70222D349FDF7FB
:108EA0001AFBC0F30D00E5E7009406230022D04929
:108EB000FDF7F1FA637903F00103637100257BE4A8
:108EC000002C01F0028301224FF00811FDF715FB81
:108ED0002070002570E4002C01F0FA8200224FF08F
:108EE0000811FDF70AFB2070002565E4002C01F055
:108EF000F282A2882168FEF709FC00255CE4002CC0
:108F000001F0EC822568A48822462946FEF7FEFB84
:108F100021463046FDF71CFF2D1A18BF4FF0FF35D4
:108F20004AE4022A0ED0B34C00231A4621463046AA
:108F3000FEF7BEF80223002221463046FEF7B8F8BD
:108F4000002539E400230093FE230122AA49FEF7FD
:108F5000E5FCE8E7002C01F0C4822488E2B24FF47B
:108F60008171FEF751F9220A40F203113046FEF7F3
:108F70004BF9002520E4002C01F0B682DFF8848252
:108F800010230093FF2300224146FEF7C7FC4FF455
:108F900082713046FEF718F900F0E0052A464FF4DA
:108FA00082713046FEF730F945F004024FF48271C9
:108FB0003046FEF729F90220F7F7D0F84FF4877111
:108FC0003046FEF701F9074640F20F113046FEF732
:108FD000FBF881462A464FF482713046FEF714F9B9
:108FE00000250095EF232A4641463046FEF796FCC1
:108FF00047EA09272780FFF7DFBB002C01F07782C3
:10900000A2782188FEF728F90025FFF7D5BB002CB0
:1090100001F070822468FEF7A3F80120F7F79EF8AC
:1090200003230093FF23002274493046FEF776FCA9
:109030007CB93046FFF7EEFA0120F7F78FF8336D71
:1090400000259D7302221A821D755D75DD73FFF781
:10905000B3BB3046FFF7F2FAEEE7002C01F04D8289
:10906000237803F03F03026D537300226449FEF737
:109070001FF80025FFF7A0BB002C01F04182036D13
:109080005B7B23700025FFF797BB0121FEF7F8FA01
:109090003046FEF729FB01213046FDF72FFE0F2257
:1090A00001213046FEF74AFF0025FFF785BB002C63
:1090B00001F0298262682168FEF740FF0025FFF772
:1090C0007BBB002C01F022824E4D00222946FDF789
:1090D00014FA804602230093FF23002229463046DB
:1090E000FEF71CFC0423002247493046FDF7E0FF51
:1090F000012300224FF400213046FDF7D9FF434FF2
:1091000000252A4639463046FDF7F7F910F0010FE1
:10911000F7D000224FF008113046FDF7DCF9054684
:1091200000231A464FF400213046FDF7C1FF00230B
:109130001A4635493046FDF7BBFF43460022314908
:109140003046FDF7B5FF25800025FFF735BB002C25
:1091500001F0DF812379026D927A9B1A07EE903A33
:10916000F8EEE77A9FED2A7A67EE877AB3EE067A11
:1091700077EE877AC4ED007A0025FFF71DBB002C3F
:1091800001F0CA812379026D527A9B1A07EE903A58
:10919000F8EEE77A9FED1F7A67EE877AB3EE007AF2
:1091A00067EE877ADFED1C6A87EEA67AF0EE087A22
:1091B00077EE277AC4ED007A0025FFF7FDBA002C80
:1091C00001F0AD8124680121FEF75AFA3046FEF71E
:1091D0008BFA01213046FDF791FD21463046FEF71E
:1091E00043FC0025FFF7E8BA140018001C000C002F
:1091F00018000C0004000A0008001100040011000F
:1092000014000900480007003400070004000800AB
:109210006666863FCDCCCC3E00007F43002500959E
:10922000EF232A46C749FEF779FB05213046FDF7B3
:1092300065FD01213046FDF7E7FE3046FDF7DAFE19
:10924000FFF7BABA00250095EF232A46BD49FEF77D
:1092500065FBFFF7B1BA002C01F064812168FEF7CD
:1092600003FC0025FFF7A8BA0022B749FDF733F940
:10927000C0F30B0510F4006F18BF45F470452DB214
:109280002580336DB3F91230ED1AFFF795BA002C33
:1092900001F04B81D4F80490237A99F81320FF2A27
:1092A00000F02281002B36D1D9F8003000930C2336
:1092B0000022A649FDF706FD99F80C30B9F80E20FA
:1092C000D11899F81220002A5FD199F810000028CF
:1092D0000BBF7F224FF480624FF4B0154FF4A015FE
:1092E00099F81300121A023A914200F20381D9F858
:1092F00004200092002229463046FDF7E3FCB9F82D
:109300000E3099F80C20D9F8081000912946304603
:10931000FDF7D8FC4AE0D9F80030B9F80E109A7A77
:109320008DF830205A7A8DF831201A7A8DF8322053
:10933000DA798DF833209A798DF834205A798DF8BE
:1093400035201A798DF83620DA788DF837209A781A
:109350008DF838205A788DF839201A788DF83A200F
:1093600000228DF83B208DF83C10090A8DF83D1045
:10937000197B8DF83E10DB7A8DF83F300CAB0093F3
:1093800010237249FDF79EFC96E7012A40F0AF805A
:1093900099F81130002B40F2FF3308BF7F2399F872
:1093A00013209B1A023B994200F2A78099F81020E3
:1093B000531EDBB2012B40D999F81130591EC9B2A6
:1093C000012947D9042B4CD042EA4333002260499B
:1093D0003046FDF7DFFCB9F80E305E4A02EAC312F0
:1093E00099F80C3003F07F03134300225A493046AA
:1093F000FDF7D0FC0123002258493046FDF758FE06
:10940000DFF85C8100273A4641463046FDF775F8A3
:1094100010F0050FF7D005460346002250493046AC
:10942000FDF746FE05F03F0525F03003012B25D062
:109430006BB223700025FFF7BFB9336D9B7B032B05
:1094400001F0238199F811305A1ED2B2012A12D9A3
:109450000122B7E7336D9B7B032B0CBF0223012353
:10946000B2E7B9F80E101029AED96FF00303E0E7A8
:1094700002221346A8E701221346A5E799F8123005
:10948000012BD5D199F81120531EDBB2012B1BD92A
:10949000032A0CBF4FF4A0174FF4B017D9F80420DB
:1094A00012B199F80C30C3B9D9F808100029BFD00F
:1094B000B9F80E30002BBBD099F80C20009139463A
:1094C0003046FCF7E8FFB3E7336D9B7B032B0CBF03
:1094D0004FF498174FF49017E0E7009200223946B6
:1094E0003046FCF7D8FFDFE76FF00203A1E76FF02B
:1094F00001039EE74FF0FF339BE74FF0FF3398E700
:10950000237AE179A279D20042EA410213436279D7
:1095100043EA8213227943EAC213E27843EA022340
:10952000A27843EAC223627843EA0233227843EA0C
:1095300042339BB200220B49FDF7CFFB0025FFF71A
:109540003BB900BF28000F000800020034000100F2
:109550004400010080FF0100480001004C000100B0
:109560005000010030000100002C00F0E18763781A
:1095700033B15B08013BDBB223700025FFF71CB958
:109580000023F9E70022D049FCF78FFFC0F30B035B
:109590002380C0F30B4060800022CC493046FCF7AA
:1095A00084FFC0F30B03A380C0F30B40E0800022D4
:1095B000C7493046FCF779FF2072000C6072002228
:1095C000C4493046FCF771FFC0F30B43A381C0F3DD
:1095D0000B0060810022C0493046FCF766FFC0F3F3
:1095E0000B43A4F80F30A0730022BC493046FCF7AF
:1095F0005CFF6074000CA0740022B9493046FCF78F
:1096000054FFC0F30B00A4F8130000256575A57581
:109610002A46B4493046FCF770FFE075FFF7CCB836
:109620001146FDF7BDFD0025FFF7C6B8002C00F080
:10963000828723880022AC49FDF74FFB0025FFF706
:10964000BBB8002C00F07A87256835B900231A468C
:10965000A649FDF742FBFFF7AFB86279237943EAE9
:10966000022323F0F0030022A049FDF736FB00257A
:10967000FFF7A2B8002C00F0648723684BB90025DF
:1096800000954FF6FF532A461021FEF763FBFFF7C4
:1096900093B800223421FDF77DFB4FF40073009353
:1096A0004FF6FF73002210213046FEF753FB0025D2
:1096B000FFF782B8002C00F047876188FDF784FD32
:1096C00020700025FFF778B8002C00F04087A278C2
:1096D0002188FDF799FD0025FFF76EB8844B854A78
:1096E000012D18BF1346012D834918BF4FF00C11EF
:1096F000026D927B012A12D0032A17D1A2F5C01263
:10970000013A1A444FF4F011FCF7E5FEC00920803D
:109710002588003518BF01256D42FFF74DB802229C
:109720001946FCF7D8FEC0092080F1E70222FCF7B9
:10973000D2FEC0092080EBE7002C00F00B872178D7
:10974000FEF722FB0025FFF737B81146FEF7A4F914
:109750000025FFF731B80094042300221C21FCF7F8
:109760009AFE0025FFF728B8002C00F0F6860222AA
:109770004421FCF7B0FEC0F3002020700025FFF765
:109780001BB8002C00F0EC8600224421FCF7B5FE4B
:1097900000F0010020700025FFF70EB8002C00F04B
:1097A000E28662882188FEF7D3F90025FFF704B826
:1097B0000094082300220421FDF784FA0025FEF717
:1097C000FBBF0094082300220421FCF764FE00255F
:1097D000FEF7F2BF002C00F0C986238802220C217C
:1097E000FDF77BFA0025FEF7E7BF002C00F0C186ED
:1097F000238800220C21FDF770FA0025FEF7DCBF5C
:109800002146FDF73DFA0025FEF7D6BF036D9B7B91
:10981000012B0BD0032B12D10094052320224FF4EF
:10982000F011FCF738FE0025FEF7C6BF00940523B3
:1098300000223249FCF72FFE0025FEF7BDBF009441
:10984000052300224FF44021FCF725FE0025FEF7FA
:10985000B3BF002504F8015B009404232A466C2161
:10986000FCF719FEFEF7A8BF002C00F08586012248
:109870006021FCF71AFE20600025FEF79DBF002C3A
:1098800000F07D8600226021FCF70FFE206000259D
:10989000FEF792BF036D9B7B012B0BD0032B31D1C5
:1098A0000094052328224FF4F011FCF7F4FD002565
:1098B000FEF782BF0094052300221149FCF7EBFD5F
:1098C0000025FEF779BF00BF04000F0008000F005D
:1098D0000C000F0010000F0014000F0018000F0004
:1098E0001C000F0020000F00040006001C001100E7
:1098F000340018002C00180014000C002000180080
:1099000028001800009405230022CE49FCF7C3FD6F
:109910000025FEF751BF002C00F0348600221C21E8
:10992000FCF7C3FD20600025FEF746BF002C00F0C9
:109930002C8625886768237A002B00F029863C4610
:1099400007EB830729463046FDF702FA44F8040B7B
:109950000135ADB2BC42F5D10025FEF72DBF002C7C
:1099600000F01986237801222421FDF7A1FB0025B0
:10997000FEF722BFFEF710F90546FEF71DBF1146A0
:10998000FEF750FA0546FEF717BF002C00F00686DA
:10999000A5780121FDF7B2F900213046FDF770FEF0
:1099A0003046FDF7A1FE05F03F030022A6493046F0
:1099B000FDF77EFB01230093FF230022A3493046DD
:1099C000FDF7ACFFA14F00252A4639463046FCF78B
:1099D00094FD10F0010FF7D100229D493046FCF7AD
:1099E0007AFD05463046FDF705FB00213046FDF7C0
:1099F0000BFB05213046FDF781F9C5F30B052580EA
:109A00000025FEF7D9BE0221FEF746F801213046B7
:109A1000FEF742F81424A046002744254046F6F7F6
:109A2000ADFB3A4629463046FCF767FD10F0020FC1
:109A300005D1631E13F0FF04F0D1012500E00025DD
:109A40006D42FEF7B9BE002C00F0AB8523781B03F6
:109A500003F4E0436278012A08BF43F48073009363
:109A60006FF4E24300227B49FDF7E6FD0025FEF797
:109A7000A3BE002C00F0988562682168FDF7FEFE09
:109A80000025FEF799BE002C00F091852388002266
:109A90007149FDF722F90025FEF78EBE002C00F07B
:109AA000898562682188FEF7EDF90025FEF784BEFE
:109AB000002C00F08285657823788BB1036D00223D
:109AC0009A734FF0FF330822E5B123F480630092CC
:109AD000002210213046FDF7AFFD0025FEF76CBED9
:109AE000036D01229A73182300225C49FDF752F995
:109AF000E82300225A493046FDF74CF96FF008037D
:109B00000022E1E742F48062E1E7002C00F0588592
:109B1000236800223021FDF73DF90025FEF74CBEF9
:109B2000002C00F0508500222946FCF7BEFC206086
:109B30000025FEF741BE234600222946FDF72AF9FB
:109B40000025FEF739BE002C00F040850322454970
:109B5000FCF7D3FCC0F3021020700025FEF72CBEEA
:109B6000002C00F03685236800224421FDF712F90D
:109B70000025FEF721BE002C00F02E852388002250
:109B80004821FDF7AAF80025FEF716BE002C00F0CC
:109B9000268500224421FCF788FC20600025FEF782
:109BA0000BBE002C00F01E8500224821FCF793FC20
:109BB00020600025FEF700BE002C00F016852378FB
:109BC00000222949FDF774FA0025FEF7F5BD002CA7
:109BD00000F00E8500224421FCF78FFC2070002548
:109BE000FEF7EABD002C00F00685FDF76DFA206057
:109BF0000025FEF7E1BD002C00F0008500221B4986
:109C0000FCF769FC20800025FEF7D6BD002C00F093
:109C1000F88400221649FCF748FC20600025FEF776
:109C2000CBBD002C00F0F0842388C3F30D03009318
:109C30004FF4404300220E49FEF78CF80025FEF752
:109C4000BBBD00BF08000C001C000700100008008E
:109C50001400080014000700080005000C001F0095
:109C600010001F0060000300180001002C00050018
:109C70001C000E00002C00F0CA84A788A36808937B
:109C8000217B06912269049262690592D8B200F0A4
:109C9000030200F0FC00052943D1B7F5B17F28BFCE
:109CA0004FF4B177DFF83493042F05D809EB0003A4
:109CB0005B78053B9F423CDB012A7AD8C34B995C19
:109CC0003E46B94277DA551C53FA85F500230B441A
:109CD0009BB20132D2B2022A05D015F8011BA6EBC5
:109CE000030C6145F3DB9F4208BF039067D007F187
:109CF00005081FFA88F88025002107910391099132
:109D00000E464FF0050BBE465F4538BFDE46AEF14E
:109D1000050E1FFA8EFEDFF8B4A2BC460F4600F017
:109D2000EDBC40F231139F4228BF1F46DFF8B092CE
:109D3000BAE70023059A1380049A1146089A0A602C
:109D40004CE00023059A1380049B1A46089B13607D
:109D50004FF0FF3342E01FFA81FB07920390099313
:109D6000012700F0DCBC002F40F09C84984500F2F5
:109D7000B184002E39D03F2800F0D684002719F88E
:109D800000105B1A9BB2461E06F03F0016F03F061D
:109D900018BF012600F0AABC0699092940F0CA8420
:109DA0003F2103910BE0B3B20132D2B23F210391C4
:109DB00005E0002397E7002395E7039063460599A4
:109DC0000B80039B42EA8302D2B2130443EA02638C
:109DD000134343EA0223049A1360002323600025FF
:109DE000FEF7EABC079A099BE9E70390E7E7079AC1
:109DF000099BE4E73F210391E1E7002C00F00A848E
:109E000027786478F6F7FEF80546022C0ED0042C6D
:109E10000CD004F0FD04012C1AD0FB430022009268
:109E2000DBB26B493046FDF779FD05E03B46002289
:109E300067493046FDF73CF93B460022654930460C
:109E4000FCF7A8FF2846F6F7EFF80025FEF7B4BCAC
:109E50000097FF2300225E493046FDF75FFDEBE7E8
:109E600002230193002500952B462A461A21FCF770
:109E700094FAFEF7A1BCFEF7E1FB0025FEF79CBCBF
:109E8000FEF7C8FB0025FEF797BC022301930025CF
:109E900000952B462A461421FCF77FFAFEF78CBC6E
:109EA00002240194002500952B462A461521FCF733
:109EB00074FA019400952B462A4615213046FCF78A
:109EC0006CFAFEF779BC02230193002500952B461E
:109ED0002A461621FCF761FAFEF76EBC002C00F052
:109EE0009C833AB900224FF4D011FCF706FB207096
:109EF000FEF762BC01224FF4D011FCF7FEFA20708D
:109F00000025FEF759BC002C00F08A83247800223B
:109F10004FF4D011FCF7F1FA00F09F032343002225
:109F20004FF4D0113046FDF7C3F80025FEF744BCCE
:109F3000002C00F07883247812F0FF051ED0012D4C
:109F400040F07483022501224FF4D0113046FCF713
:109F5000D4FAACB920EA0503DBB201224FF4D011E8
:109F60003046FDF7A5F8002210213046FCF79DFA97
:109F700010F4801F0BD00025FEF71EBC0425E2E77D
:109F8000012C40F0578340EA0503DBB2E5E74FF4CC
:109F9000801300934FF0FF33002210213046FDF76D
:109FA0004BFB0025FEF708BC002C00F0478323780C
:109FB0005B0303F4005300934DF6FF730022064940
:109FC000FDF7C8FE0025FEF7F7BB00BFBC23050068
:109FD0001C000100180001000C000E003C230500CD
:109FE0007C230500002C00F02C8325786268012A70
:109FF00015BF6FF460336FF4E043DF27EF2714BF22
:10A000004FF020084FF010080024009422464FF42F
:10A01000A021FDF711FB00943B462246BE49304685
:10A02000FDF77CFC012D03D065B10025FEF7C4BB14
:10A03000254600943B462246B8493046FDF76EFC63
:10A04000FEF7BABBCDF80080FF230022B3493046AB
:10A05000FDF764FCFEF7B0BB002C00F0F58222781F
:10A0600012F0010F2DD0570107F0400740244FF4A4
:10A07000E01312F0040F28D043F4600344F080048E
:10A08000120102F0800217434FF400120092DB43EA
:10A0900000224FF4A0213046FDF7CEFAE443A4B2EB
:10A0A0000025009523462A469B493046FDF752FE7F
:10A0B000009723462A4699493046FDF74BFEFEF7A6
:10A0C0007BBB00273C463B46D3E70022DEE7082364
:10A0D0000093FF2301224FF48021FDF71FFC904CD9
:10A0E00002230093FF23032221463046FDF716FC8E
:10A0F00000250095F72301224FF480213046FDF71B
:10A100000DFC0095FD23032221463046FDF706FC99
:10A11000FEF752BB002C00F09A826388DB0003F448
:10A12000FF6322780AB143F4006300934FF2070300
:10A1300000224FF480213046FDF70CFE0025FEF78B
:10A140003BBB002C00F08682E3B29A1C01239340B3
:10A15000013BDBB200224FF40031FCF7A9FF0025E0
:10A16000FEF72ABB002C00F07882E37A002B00F087
:10A170007782637B012B21D9227B6A4B33F8122033
:10A180001201D30AC2F30A0202F58062B2F5006F2F
:10A1900028BF01339BB203F07F0300934FF6807317
:10A1A000022261493046FDF7D5FD942300225F4924
:10A1B0003046FCF77DFF0025FEF7FEBA227B594BA7
:10A1C00033F812304FF4356202FB03F2930CC2F302
:10A1D000CA1202F58062B2F5006F28BF01339BB24C
:10A1E000D9E7002C00F03F8200225149FCF75DF9CD
:10A1F00020600025FEF7E0BA002C00F03782002234
:10A200004C49FCF752F920600025FEF7D5BA002C26
:10A2100000F02F824FF4A81323600025FEF7CCBA7C
:10A22000002C00F0298200250B9510AF192347F868
:10A23000103D009704232A463F49FCF743FD41F6B1
:10A2400048730C93009704232A463C493046FCF798
:10A2500039FD0BAB009304232A464FF4E811304636
:10A26000FCF719F90B9B2360FEF7A6BA002C00F04F
:10A27000068200223249FCF718F980B220600022E1
:10A2800030493046FCF711F9430D9B019BB26360E6
:10A290000025FEF791BA002C00F0F481237E33B143
:10A2A000012B5BD0022B00F08280FF232FE00022E5
:10A2B0002549FCF7FAF8C0F30B002060002223497F
:10A2C0003046FCF7F2F8C0F3150060600022204928
:10A2D0003046FCF7EAF8C0F31500A06000221D49E3
:10A2E0003046FCF7E2F8C0F31500E06000221A499E
:10A2F0003046FCF7DAF8C0F31300206100220C4965
:10A300003046FCF7D2F800F0E0406061002363764D
:10A310000025FEF751BA00BF080005000C0005003B
:10A3200008001100C823050014000E0018000E00DC
:10A33000600003004C000F0004001F0008001F0015
:10A3400048000C0028000C0058000C0030000C00E5
:10A3500034000C0038000C002C000C000022D44902
:10A36000FCF7A3F8C0F30B0020600022D14930466F
:10A37000FCF79BF8C0F3150060600022CE49304620
:10A38000FCF793F8C0F31500A06000224FF45021B1
:10A390003046FCF78AF8C0F31500E0600022C74998
:10A3A0003046FCF782F8C0F313002061A6E70022D4
:10A3B000C349FCF77AF8C0F30B0020600022C149C2
:10A3C0003046FCF772F8C0F3150060600022BE4909
:10A3D0003046FCF76AF8C0F31500A0600022BB49C4
:10A3E0003046FCF762F8C0F31500E0600022B8497F
:10A3F0003046FCF75AF8C0F3130020617EE70025D1
:10A40000FEF7DAB90025FEF7D7B90025FEF7D4B973
:10A410000025FEF7D1B90025FEF7CEB90025FEF7DD
:10A42000CBB90025FEF7C8B90025FEF7C5B9002550
:10A43000FEF7C2B90025FEF7BFB90025FEF7BCB98B
:10A440000025FEF7B9B90025FEF7B6B90025FEF7DD
:10A45000B3B90025FEF7B0B90025FEF7ADB9002568
:10A46000FEF7AAB90025FEF7A7B90025FEF7A4B9A3
:10A470000025FEF7A1B90025FEF79EB90025FEF7DD
:10A480009BB90025FEF798B90025FEF795B9002580
:10A49000FEF792B90025FEF78FB90025FEF78CB9BB
:10A4A0000025FEF789B90025FEF786B90025FEF7DD
:10A4B00083B90025FEF780B90025FEF77DB9002598
:10A4C000FEF77AB90025FEF777B90025FEF774B9D3
:10A4D0000025FEF771B90025FEF76EB90025FEF7DD
:10A4E0006BB90025FEF768B90025FEF765B90025B0
:10A4F000FEF762B90025FEF75FB90025FEF75CB9EB
:10A500000025FEF759B90025FEF756B90025FEF7DC
:10A5100053B90025FEF750B90025FEF74DB90025C7
:10A52000FEF74AB90025FEF747B90025FEF744B902
:10A530000025FEF741B90025FEF73EB90025FEF7DC
:10A540003BB90025FEF738B90025FEF735B90025DF
:10A55000FEF732B90025FEF72FB90025FEF72CB91A
:10A560000025FEF729B90025FEF726B90025FEF7DC
:10A5700023B90025FEF720B90025FEF71DB90025F7
:10A58000FEF71AB90025FEF717B90025FEF714B932
:10A590000025FEF711B90025FEF70EB90025FEF7DC
:10A5A0000BB90025FEF708B90025FEF705B900250F
:10A5B000FEF702B90025FEF7FFB80025FEF7FCB84C
:10A5C0000025FEF7F9B80025FEF7F6B80025FEF7DE
:10A5D000F3B80025FEF7F0B80025FEF7EDB800252A
:10A5E000FEF7EAB80025FEF7E7B80025FEF7E4B865
:10A5F0000025FEF7E1B80025FEF7DEB80025FEF7DE
:10A60000DBB80025FEF7D8B80025FEF7D5B8002541
:10A61000FEF7D2B80025FEF7CFB80025FEF7CCB87C
:10A620000025FEF7C9B80025FEF7C6B84FF0FF3584
:10A63000FEF7C2B84FF0FF35FEF7BEB80025FEF7B3
:10A64000BBB80025FEF7B8B80025FEF7B5B8002561
:10A65000FEF7B2B80025FEF7AFB80025FEF7ACB89C
:10A660000025FEF7A9B80025FEF7A6B80025FEF7DD
:10A67000A3B80025FEF7A0B80025FEF79DB8002579
:10A68000FEF79AB80025FEF797B899F811305A1ED0
:10A69000D2B2012A7EF6ECAE0222FEF793BE002F64
:10A6A0003FF467AB19F800105B1A9BB2FFF787BB4A
:10A6B00020000D0064000C0068000C0060000C001D
:10A6C00068000D0040000D0044000D0048000D0022
:10A6D0003C000D003F2827D0002E7FF450AB013006
:10A6E00000F03F0019F800100B449BB29C453FF46A
:10A6F00064AB013D15F0FF053FF423AB9E45BFF46D
:10A7000032AB9845CBD9ACEB030109B20029B8BFF5
:10A71000494259457FF71FAB002F7FF463AB3F28B9
:10A72000DAD1002F7FF463AB032A3FF463AB022A34
:10A730003FF432AB1AF802105E1866457FF733AB70
:10A740000B449BB20132D2B20027FFF718BB00BF07
:10A75000F0B585B00446436B1968FDF757FE064611
:10A7600023681B69984703AB002211462046FDF77A
:10A7700079FF636B9B6A19682046FDF709FC636BE0
:10A780009B6A59682046FDF755F9636B9B6ADB8924
:10A7900000224FF460212046FCF79FFA636B9B6A0E
:10A7A0009B8900227C212046FCF797FA0021204655
:10A7B000FCF72BFB002500954FF6FF532A4610218E
:10A7C0002046FDF7C7FA636B9B6A5A8919892046B0
:10A7D000FDF7BEF9636B9B6A1B8A02220C2120469F
:10A7E000FCF77BFA636B9B6A5B8A2A460C21204646
:10A7F000FCF773FA636B197A2046FDF7C5FA636BB1
:10A80000D9682046FCF715FB616B0B7E4A69096924
:10A810002046FDF723FA636B9A7F998B2046FCF75D
:10A820001BFD226D537B2E2B05D0636B93F82C30D0
:10A8300033F03F030AD0636B93F82C3003F03F03EF
:10A84000537300222A492046FCF732FC636B93F8CD
:10A850002D102046FDF776F8636B196A2046FCF749
:10A8600009FB636B596A2046FCF728FB636B93F87E
:10A870002E309BBB636B93F82F102046FCF790FCA7
:10A8800094F94C50002D26DB012303FA05F5AFB2F5
:10A89000184A39462046FCF7F1FF0DF10A030093F0
:10A8A000022300224FF4A0212046FBF7F4FDBDF85F
:10A8B0000A3023EA0503ADF80A3000220E4920468B
:10A8C000FCF70BFA94F94D20B2FA82F2520939469C
:10A8D0002046FDF7D7FA304605B0F0BD01230093BE
:10A8E000FF23002205492046FDF718F8C2E700BF04
:10A8F0001400090092042001080005000400020071
:10A9000001FB00F1032A0AD0C80AC1F30A0101F5CC
:10A910008061B1F5006F28BF013080B27047B5206B
:10A9200000FB01F1C909EFE79829024818BF002090
:10A93000704700BFD024050070472DE9F04184B076
:10A9400005460F461E46BDF82C30591E89B2012916
:10A950001CD9D01900F07F003A44C2F304418200B0
:10A9600042EA412243EA0201090A8DF80C1020B99B
:10A97000B3F5004F18D0002B37D041F040018DF8CF
:10A980000C101A438DF80D20022405E07A0062F0C5
:10A990007E028DF80C200124022B06D026D3A3F5CD
:10A9A0000043032B01D9FEE701242B6D1B7D4BB91E
:10A9B0002B685D680A9B324603A92046A84704B06D
:10A9C000BDE8F0810022214603A8F7F77BFB024691
:10A9D00031460A98F7F776FB2B6800909D680A9B32
:10A9E000324603A92046A847E9E701242B68D3F89B
:10A9F00000800A9B324603A92046C0472B6D1B7D71
:10AA0000022BDCD1182FDAD00022214603A8F7F759
:10AA100059FB024631460A98F7F754FB04460022D8
:10AA20001821284600F066F88442C8D0EB68002B55
:10AA3000C5D09847C3E710B582B000240194049CA8
:10AA40000094FFF77AFF02B010BD00B585B003ABEC
:10AA50000093042392B2FFF7EEFF0DF10F030DF107
:10AA60000B01002013F8012902EB00208B42F9D1E1
:10AA700005B05DF804FB00B585B003AB009302237D
:10AA800092B2FFF7D8FF9DF80D309DF80C0000EB57
:10AA9000032080B205B05DF804FB08B500224FF436
:10AAA0006021FFF7E8FF08BD08B500227C21FFF711
:10AAB000E2FF08BD08B5036D9B7B012B0AD0032B79
:10AAC0000ED10C224FF4F011FFF7D5FF00B240F386
:10AAD0000C0008BD00220549FFF7CDFF00B2F6E7E4
:10AAE00000220349FFF7C7FF00B2F0E70C0018008F
:10AAF00020000C0000B585B00DF10F030093012379
:10AB000092B2FFF798FF9DF80F0005B05DF804FBC7
:10AB100000B585B003AB0093032300220B49FFF778
:10AB20008AFF9DF80E309DF80D0000EB03239DF881
:10AB30000C0000EB032010F4801F1CBF6FEA0030F4
:10AB40006FEA103005B05DF804FB00BF2900060075
:10AB500030B5BDB005460C46036D9A7B012A1CD06A
:10AB6000032A40F0F1819B7D13F0080F0CD113F004
:10AB7000040F02AB009314BF3823202300224FF4AC
:10AB8000F011FFF758FF19E002AB0093E823002211
:10AB90004FF4F011FFF74FFF10E09B7D13F0080F0B
:10ABA00040F0C98113F0040F02AB009314BF3823A7
:10ABB000202300224FF4C011FFF73DFF0DF11702D3
:10ABC00004F11A0304F1200012F8011F03F8011B1D
:10ABD0008342F9D19DF815209DF8143043EA0223F1
:10ABE000C3F30C0363849DF81F209DF81E3043EAD5
:10ABF0000223C3F30D0313F4005F1CBF6FEA83430A
:10AC00006FEA934323849DF825209DF8243043EA7E
:10AC10000223C3F30B03E3872B6D9B7D13F0020F1D
:10AC200040F07E810AAA631E201D12F8011B03F862
:10AC3000011FD1791972D17B59748342F5D19DF8E6
:10AC40002F3063719DF82E209DF82D3043EA0223AA
:10AC5000E3809DF837209DF8363003EB0223C3F3E1
:10AC6000CF13A4F80D309DF832209DF8313043EA1F
:10AC70000223A4F80F309DF83F209DF83E3003EBEF
:10AC80000223C3F3CF13E3829DF83A209DF83930B5
:10AC900043EA022323832B6D9B7D13F0040F40F0C6
:10ACA0003F819DF843209DF842301B0443EA026334
:10ACB0009DF8402013439DF8412043EA022323F0EE
:10ACC000604363629DF847209DF846301B0443EAC9
:10ACD00002639DF8442013439DF8452043EA022374
:10ACE00023F00043A3629DF84B209DF84A301B04DB
:10ACF00043EA02639DF8482013439DF8492043EA44
:10AD00000223C3F31303E3629DF84F209DF84E30F6
:10AD10001B0443EA02639DF84C2013439DF84D2029
:10AD200043EA0223C3F3150323639DF853209DF8E0
:10AD300052301B0443EA02639DF8502013439DF8F0
:10AD4000512043EA0223C3F3150363639DF85720A0
:10AD50009DF856301B0443EA02639DF854201343C8
:10AD60009DF8552043EA0223C3F31503A3639DF81E
:10AD700065209DF8643043EA0223A3879DF877207D
:10AD80009DF876301B0443EA02639DF87420134358
:10AD90009DF8752043EA022323F0404323649DF885
:10ADA0007B209DF87A301B0443EA02639DF87820EB
:10ADB00013439DF8792043EA0223C3F3130363642A
:10ADC0009DF87F209DF87E301B0443EA02639DF8C6
:10ADD0007C2013439DF87D2043EA0223C3F315032F
:10ADE000A3649DF883209DF882301B0443EA02632C
:10ADF0009DF8802013439DF8812043EA0223C3F38A
:10AE00001503E3649DF887209DF886301B0443EA10
:10AE100002639DF8842013439DF8852043EA0223B2
:10AE2000C3F3150323659DF895209DF8943043EAFC
:10AE30000223C3F30E03A4F854309DF8A5209DF817
:10AE4000A43043EA0223C3F30B03A4F856309DF861
:10AE5000BF209DF8BE301B0443EA02639DF8BC206E
:10AE600013439DF8BD2043EA022323F04043A3652A
:10AE70009DF8C3209DF8C2301B0443EA02639DF88D
:10AE8000C02013439DF8C12043EA0223C3F31303F8
:10AE9000E3659DF8C7209DF8C6301B0443EA0263B2
:10AEA0009DF8C42013439DF8C52043EA0223C3F351
:10AEB000150323669DF8CB209DF8CA301B0443EA96
:10AEC00002639DF8C82013439DF8C92043EA02237A
:10AED000C3F3150363669DF8CF209DF8CE301B04A5
:10AEE00043EA02639DF8CC2013439DF8CD2043EA4A
:10AEF0000223C3F31503A3669DF8DD209DF8DC3023
:10AF000043EA0223C3F30E03A4F86C309DF8ED204E
:10AF10009DF8EC3043EA0223C3F30B03A4F86E3030
:10AF200094F91B30002BC0F2D081E37F03F00103C2
:10AF3000E3773DB030BD02AB0093E82300224FF42D
:10AF4000C011FFF778FD39E69B7D13F0010F00F08B
:10AF5000B38102AB00936C2300224FF44021FFF732
:10AF60006AFD1DAB00936C2300224FF4502128464C
:10AF7000FFF761FD02AA631E201D12F8011B03F8F2
:10AF8000011FD1791972D17B5974D17D9976834291
:10AF9000F3D19DF82530E3779DF80F3063719DF86C
:10AFA0000E209DF80D3043EA0223E3809DF8163011
:10AFB0009DF8172043EA0222C2F3CF12A4F80D2015
:10AFC0009DF8152042EA0322A4F80F209DF81F20C7
:10AFD00043EA0223C3F3CF13E3829DF81E209DF8BA
:10AFE0001D3043EA022323839DF827209DF8263055
:10AFF00043EA0223C3F30D0313F4005F1CBF6FEA9F
:10B0000083436FEA934323849DF829209DF82830D9
:10B0100043EA0223C3F30C0363849DF82F209DF8B9
:10B020002E301B0443EA02639DF82C2013439DF845
:10B030002D2043EA022323F0604363622B6D9B7D46
:10B0400013F0010F3FF46CAF9DF833209DF83230C0
:10B050001B0443EA02639DF8302013439DF831201E
:10B0600043EA022323F00043A3629DF837209DF8B2
:10B0700036301B0443EA02639DF8342013439DF8E5
:10B08000352043EA0223C3F31303E3629DF83B2018
:10B090009DF83A301B0443EA02639DF838201343BD
:10B0A0009DF8392043EA0223C3F3150323639DF877
:10B0B0003F209DF83E301B0443EA02639DF83C208C
:10B0C00013439DF83D2043EA0223C3F31503636352
:10B0D0009DF843209DF842301B0443EA02639DF82B
:10B0E000402013439DF8412043EA0223C3F3150394
:10B0F000A3639DF851209DF8503043EA0223A387B3
:10B100009DF861209DF8603043EA0223C3F30B03EE
:10B11000E3879DF867209DF866301B0443EA0263CD
:10B120009DF8642013439DF8652043EA022323F031
:10B13000404323649DF86B209DF86A301B0443EA6A
:10B1400002639DF8682013439DF8692043EA0223B7
:10B15000C3F3130363649DF86F209DF86E301B04E6
:10B1600043EA02639DF86C2013439DF86D2043EA87
:10B170000223C3F31503A3649DF873209DF8723076
:10B180001B0443EA02639DF8702013439DF871206D
:10B1900043EA0223C3F31503E3649DF877209DF887
:10B1A00076301B0443EA02639DF8742013439DF834
:10B1B000752043EA0223C3F3150323659DF8852018
:10B1C0009DF8843043EA0223C3F30E03A4F85430FD
:10B1D0009DF895209DF8943043EA0223C3F30B03B6
:10B1E000A4F856309DF8AF209DF8AE301B0443EA1A
:10B1F00002639DF8AC2013439DF8AD2043EA02237F
:10B2000023F04043A3659DF8B3209DF8B2301B04A2
:10B2100043EA02639DF8B02013439DF8B12043EA4E
:10B220000223C3F31303E3659DF8B7209DF8B630FE
:10B230001B0443EA02639DF8B42013439DF8B52034
:10B2400043EA0223C3F3150323669DF8BB209DF850
:10B25000BA301B0443EA02639DF8B82013439DF8FB
:10B26000B92043EA0223C3F3150363669DF8BF20A8
:10B270009DF8BE301B0443EA02639DF8BC201343D3
:10B280009DF8BD2043EA0223C3F31503A3669DF88E
:10B29000CD209DF8CC3043EA0223C3F30E03A4F87B
:10B2A0006C309DF8DD209DF8DC3043EA0223C3F3C7
:10B2B0000B03A4F86E3033E602AB00932823002280
:10B2C0004FF44021FFF7B7FB54E6FF232377637762
:10B2D000A377E37729E6000000B583B0036D9B7B7D
:10B2E000012B0BD0032B10D10091052304224FF426
:10B2F000F011FFF7A0FB03B05DF804FB00910523FC
:10B3000000220549FFF797FBF5E70091052300228E
:10B310006021FFF790FBEEE70400180010B582B043
:10B320004FF400440194049C0094FFF706FB02B024
:10B3300010BD00B585B08DF80C301B0A8DF80D30AE
:10B3400003AB0093022392B2FFF7E8FF05B05DF86C
:10B3500004FB08B50B4600224FF46021FFF7E9FF1C
:10B3600008BD08B50B4600227C21FFF7E2FF08BDAF
:10B3700008B5012902D0052907D008BD41F62203EE
:10B3800000220549FFF7D5FFF7E74FF400730022CD
:10B390000149FFF7CEFFF0E70400110038B505467C
:10B3A0000C4641F400739BB200224FF43021FFF7AA
:10B3B000C0FFA3B200224FF430212846FFF7B9FFA7
:10B3C00038BD000070B504460E460C4D0123002226
:10B3D0002946FFF7AEFF3346002209492046FFF712
:10B3E000A8FF0223002229462046FFF7A2FF0022E1
:10B3F00004492046FFF729FB70BD00BF08000B0081
:10B4000004000B0010000B0010B584B08DF80C3058
:10B410001C0A8DF80D401C0C8DF80E401B0E8DF88B
:10B420000F3003AB0093042392B2FFF777FF04B011
:10B4300010BD38B5044689B900222821FFF705FB65
:10B44000054601224FF460212046FFF753FB2B1ADB
:10B45000002228212046FFF7D7FF38BD00222821EF
:10B46000FFF7F3FA054601227C212046FFF742FB55
:10B470002B1A002228212046FFF7C6FFEDE738B53A
:10B4800005460C4600224FF48031FFF7DEFA000D2E
:10B490000005C4F31303034300224FF48031284610
:10B4A000FFF7B2FF38BD000008B529B9054B0222ED
:10B4B0000549FFF7A9FF08BD044B02220249FFF727
:10B4C000A3FFF8E77408D200100011007488D204BA
:10B4D00038B505460C4600224FF4A021FFF7B5FA17
:10B4E00020F47C3314F0010F18BF43F4803314F0C0
:10B4F000020F18BF43F4005314F0040F18BF43F4B5
:10B50000903300224FF4A0212846FFF77DFF38BD7D
:10B5100038B505460C460B6800220B49FFF774FF4F
:10B520006368002209492846FFF76EFFA3680022DE
:10B5300007492846FFF768FFE368002205492846C7
:10B54000FFF762FF38BD00BF0C00020010000200D0
:10B55000140002001800020038B505460C460B68BE
:10B5600000220B49FFF750FF636800220949284673
:10B57000FFF74AFFA368002207492846FFF744FF68
:10B58000E368002205492846FFF73EFF38BD00BFAB
:10B590001C0002002000020024000200280002001B
:10B5A0002DE9F84F0446354D354B052918BF1D468A
:10B5B000344EA3F50273052918BF1E46324F03F51A
:10B5C000A073052918BF1F46304AA3F580730529CB
:10B5D0000CBF9046984602F51062A3F588530529E2
:10B5E0000CBF914699462A4AA3F5AF6305290CBFC3
:10B5F00092469A46274B284A05290CBF9B469346FC
:10B600004FF4107300222549FFF7FEFE244B002261
:10B6100024492046FFF7F8FE234B00222349204609
:10B62000FFF7F2FE5B46002221492046FFF7ECFEC1
:10B63000534600221F492046FFF7E6FE4B460022F4
:10B640001D492046FFF7E0FE434600221B492046E5
:10B65000FFF7DAFE3B46002219492046FFF7D4FEE9
:10B660003346002217492046FFF7CEFE2B46002224
:10B6700015492046FFF7C8FEBDE8F88FF69F030086
:10B68000FE5F0500FE9D03007E9C0300FE8E03000E
:10B690006E8703003E8003007E4005001C0003000F
:10B6A0004812491A20000300DB48B22D2400030091
:10B6B0002C000300300003003400030038000300B6
:10B6C0003C000300400003004400030008B50023D1
:10B6D0001A460249FFF798FE08BD00BF04000700A4
:10B6E00038B504460D4600231A460A49FFF78CFE7A
:10B6F00000231A464FF4E0212046FFF785FE05B9E6
:10B7000038BD4FF0E053002203492046FFF77CFE8E
:10B71000F6E700BF480007001400070070B50646B2
:10B720000C4615460021FFF7BFFE0F2DA8BF0F25C1
:10B73000631E032B28BF0424102323410022074942
:10B740003046FFF761FE631E9B0005FA03F30022FB
:10B7500003493046FFF758FE70BD00BF28000700C0
:10B7600018000800F0B583B0046DA47B032C0CBF57
:10B770004FF4981C4FF4901C9C18B4F5806F19DAA4
:10B780001D4616460F4604467F2B15D94FEA1C432B
:10B7900000220D49FFF738FE2B4600220B492046B8
:10B7A000FFF732FE0097334600224FF4E81120469F
:10B7B000FFF741F903B0F0BD009113462A466146F8
:10B7C000FFF739F9F6E700BF04001F0008001F006B
:10B7D00010B584B004AC04F8013D0094012392B28A
:10B7E000FFF79CFD04B010BD10B50446036D9B7BB4
:10B7F000012B13D0032B1DD1F02300221249FFF798
:10B80000E7FF00224FF4F0112046FFF734F9236DD3
:10B81000DA7AA2B1C0F30900D88310BD0F23002249
:10B820000949FFF7D5FF00224FF4C0112046FFF76A
:10B8300022F9ECE700224C21FFF71DF9E7E700F0C1
:10B840007F00D883E9E700BF1800010010B5044667
:10B85000036D9B7B012B04D0236D9B7B032B06D0B8
:10B8600010BD0F2300220549FFF7B2FFF4E7F023D4
:10B87000002202492046FFF7ABFFF1E71800010064
:10B8800038B5044600231A464FF42021FFF751FD36
:10B8900000231A4608492046FFF79AFF074D002368
:10B8A0001A4629462046FFF793FF02230022294625
:10B8B0002046FFF78DFF38BD14000A0004000A007F
:10B8C00038B505460C46022300224FF47021FFF7DD
:10B8D0007FFF04B938BD012300224FF470212846B0
:10B8E000FFF776FFF6E7000038B504460B46002266
:10B8F0000A49FFF71EFD0A4D8823002229462046EB
:10B90000FFF766FF00231A4629462046FFF760FF2F
:10B91000002204492046FFF7EDF838BD0C000A006C
:10B9200004000A0008000A0070B504460B461546DC
:10B93000B1F5807F34BF0026202600220B49FFF797
:10B94000F8FC2B4600220A492046FFF741FF094D2B
:10B9500046F09003002229462046FFF739FF0023D6
:10B960001A4629462046FFF733FF70BD0C000A0037
:10B9700010000A0004000A0070B504460D46164681
:10B98000002240F20B11FFF7CFFF4FF482712046E7
:10B99000FFF7AAFF00F01F024FF482712046FFF765
:10B9A000C3FF236D1A8A15431D82226D138A13F477
:10B9B000006F1CBF23F400631382236D1B8A0022D7
:10B9C0004FF420212046FFF7B4FC33460022024901
:10B9D0002046FFF7FDFE70BD14000A0008B50B46B7
:10B9E00001222421FFF7F4FE08BD000000B583B05A
:10B9F00000910C2300220349FFF790FC03B05DF88F
:10BA000004FB00BF3400010000B587B013468A7AFA
:10BA10008DF808204A7A8DF809200A7A8DF80A20D4
:10BA2000CA798DF80B208A798DF80C204A798DF827
:10BA30000D200A798DF80E20CA788DF80F208A78AB
:10BA40008DF810204A788DF811200A788DF8122090
:10BA500000228DF813208DF814301B0A8DF8153054
:10BA60000B7B8DF81630CB7A8DF8173002AB009334
:10BA700010230349FFF752FC07B05DF804FB00BF39
:10BA800034000100F0B583B05C18B4F5806F24DA9F
:10BA90001C4617460E4605467F2B15D91423002257
:10BAA0000F49FFF7B1FC234600220E492846FFF755
:10BAB000ABFC0097334600224FF4E8112846FFF70D
:10BAC0002DFC002003B0F0BD00920B4622464FF43F
:10BAD000A011FFF723FC0020F4E74FF0FF30F1E75F
:10BAE00004001F0008001F0010B582B004460223A6
:10BAF00001930022009213461321FEF71EFF236DCF
:10BB00009A7B032A0CBF012203229A7302B010BD54
:10BB10002DE9F041044600224FF4F811FEF7EAFF48
:10BB20000546002244212046FEF78FFF0646236D7E
:10BB30000022DA8383F820209A619A8383F82120F7
:10BB40005A62236D5C62236D9F7B002F7FD1236D32
:10BB50009E61D4F8508098F8153003F00303032B4E
:10BB600000F0908015F0800F40F0938015F0010FE9
:10BB700040F0C18015F0400F0BD0636A13B1206D07
:10BB8000183098474FF4C073022244212046FFF733
:10BB9000D0FB15F0080F07D1236D9B7B002B00F025
:10BBA000EA80002F00F0E780236D002283F8202038
:10BBB00016F4802F00F0AD80226D92F8203043F013
:10BBC000080382F820304FF4802716F0805F08D0F9
:10BBD000226D92F8203043F0100382F8203047F0B5
:10BBE000805716F4005F06D0226D537D03F00303E7
:10BBF000032B00F09A8016F4804F40F0A28047F4A7
:10BC0000DE43002244212046FFF7FEFB2046FFF7DB
:10BC10001DFE206DC38B002B40F0A280437D03F0FE
:10BC20000303032B00F09C80836923F4904383611A
:10BC3000226D936943F480539361E36913B1206DDE
:10BC400018309847236D002283F820208CE06D493E
:10BC50002046FEF74FFF0746236D9B7B032B08BF53
:10BC6000C0F3071717F0010F18BF46F4804617F00E
:10BC7000020F18BF46F4005617F0040F18BF46F421
:10BC8000806664E716F4005F1CBF45F00805EDB25E
:10BC900068E7002248212046FEF7EDFEA8F81C00C8
:10BCA000236D1A7D1AB19A6912F0040F03D19B8B90
:10BCB00003F460638BB10423002244212046FFF784
:10BCC00087FD4FF46063002248212046FFF731FBD7
:10BCD000236A13B1206D18309847236D9B8B13F4A2
:10BCE000807F3FF443AF4FF4807300224821204609
:10BCF000FFF71FFB3AE7F823002244212046FFF715
:10BD000067FD2369002B3FF435AF206D183098474D
:10BD100030E716F4806F1FBF226D92F8203043F099
:10BD2000040382F8203000274FE792F8203043F0D8
:10BD3000020382F82030236D0022DA8347F40047A3
:10BD40005DE72046FFF750FD10F4004F3FF457AF7A
:10BD5000226D92F8203043F0010382F820304EE744
:10BD600063690BB118309847236D9B7B03BB236D30
:10BD7000002283F8202015F0100F1DD115F0200FA0
:10BD80002DD1002220492046FEF7B4FE236D83F812
:10BD9000210010F0030309D000221B492046FFF7C1
:10BDA00017FDA36A13B1206D18309847BDE8F081E4
:10BDB0002046FFF799FEDAE7144B00224421204683
:10BDC000FFF722FB2046FFF741FDE36913B1206D29
:10BDD00018309847236D002283F82020CEE70C4BC3
:10BDE000002244212046FFF70FFB2046FFF72EFDDF
:10BDF000A36913B1206D18309847236D002283F892
:10BE00002020BEE71800010038001100009405341E
:10BE10000004221030B585B0089C8DF808301D0A4A
:10BE20008DF809501D0C8DF80A501B0E8DF80B3043
:10BE30008DF80C40230A8DF80D30230C8DF80E3050
:10BE4000240E8DF80F4048F20303019302AB0093D8
:10BE5000082392B2FEF771FD05B030BD00B583B086
:10BE60004FF4803300934FF0FF3300220249FFF775
:10BE7000D1FF03B05DF804FB0400110070B582B07F
:10BE800004460E46134D4FF0082300934FF0FF3346
:10BE900000222946FFF7BEFF4FF0601300934FF0DA
:10BEA000FF33002229462046FFF7B4FF0A4B0093D8
:10BEB0004FF0FF3300224FF4E0212046FFF7AAFFA6
:10BEC0000EB902B070BD054B002205492046FFF7B0
:10BED0009BFAF6E748000700003C00020011010150
:10BEE0001400070000B583B0054B00934FF0FF33FB
:10BEF00000220449FFF78EFF03B05DF804FB00BF8A
:10BF0000003C0002040007002DE9F04383B0044622
:10BF10000D461746564E00223146FEF796FD8146E5
:10BF20004FF4704300934FF0FF3300223146204618
:10BF3000FFF770FFDFF83C811823002241462046BE
:10BF4000FFF7F7F925212046FFF728FA02212046BE
:10BF5000FFF724FA4FF4FE712046FFF71FFAF9B2FB
:10BF600041F480712046FFF719FA4FF480712046A2
:10BF7000FFF714FA00212046FFF710FA02212046AD
:10BF8000FFF70CFA4FF4E0712046FFF707FAE9B229
:10BF900041F480712046FFF701FAC5F3072141F40F
:10BFA00080712046FFF7FAF9C5F3074141F480712B
:10BFB0002046FFF7F3F9290E41F480712046FFF780
:10BFC000EDF900212046FFF7E9F93A212046FFF775
:10BFD000E5F940F2FF112046FFF7E0F94FF48571D3
:10BFE0002046FFF7DBF900212046FFF7D7F93A2179
:10BFF0002046FFF7D3F940F201112046FFF7CEF9B2
:10C00000022300224FF430212046FFF792F900234B
:10C010001A464FF430212046FFF78BF90220F4F73F
:10C020009DF83A212046FFF7B9F94FF48171204677
:10C03000FFF7B4F9022300224FF430212046FFF726
:10C0400078F900231A464FF430212046FFF771F9A2
:10C0500000231A4641462046FFF76BF94B46002263
:10C0600031462046FFF7D0F903B0BDE8F08300BFAA
:10C070004400070008000B00F0B583B000242346FD
:10C080000126072702E00134092C09D006FA04F53D
:10C090000D42F8D004EB440507FA05F52B43F2E70F
:10C0A0001A400092DB4300224FF4A021FFF7B2FEBA
:10C0B00003B0F0BD00B583B07F2A88BF803241EA6B
:10C0C000C32141EA02410091034B00222021FFF7E6
:10C0D000A1FE03B05DF804FB00F400FC00B583B0E2
:10C0E00000920B4600224421FFF794FE002003B08B
:10C0F0005DF804FB00B585B08DF80C309DF8183064
:10C100008DF80D3048F20103019303AB0093022335
:10C1100092B2FEF712FC05B05DF804FB70B582B078
:10C1200004460D4659B1164640230093FF230022D2
:10C130001021FFF7DFFF022D07D1E66005E00022A6
:10C140000092BF231021FFF7D5FF236D1D7502B0AC
:10C1500070BD000030B583B004460D4611F0010FEC
:10C1600015D000230093EF2302224FF46021FFF744
:10C17000C1FF236D9D75236D9B7D5B0810D06B08FF
:10C1800000220E492046FFF723FB03B030BD1023E9
:10C190000093FF2302224FF46021FFF7ABFFE8E793
:10C1A00001230093FF23002204492046FFF7A2FF4A
:10C1B000226D937D43F002039375E6E720000100B2
:10C1C00000B583B001230093FF2300220249FFF74B
:10C1D00091FF03B05DF804FB040002002DE9F04F6D
:10C1E0008BB00746DFF8208200224146FEF72DFC87
:10C1F00004907D4C002221463846FEF726FC05902F
:10C200007A4D002229463846FEF774FC0690784E97
:10C21000002231463846FEF718FC8246079000227D
:10C2200074493846FEF711FC8146734B00936FF05A
:10C230007C53002241463846FFF7ECFD4B46002276
:10C2400031463846FFF7E0F85346DB0003F0380389
:10C2500043F0400300938623002221463846FFF72F
:10C2600049FF0023032221463846FFF7B1FA4FF079
:10C270000009CDF80090FE234A4629463846FFF7CC
:10C2800039FF4A463C213846FEF7DFFB08904A4614
:10C2900040213846FEF7D9FB09904B464A463C21DF
:10C2A0003846FFF7B1F84B464A4640213846FFF77B
:10C2B000ABF8F5F7C1FE4FF0020B4C464D464E462B
:10C2C000C846CDF80C90CA460EE0F5F7B5FE039BC4
:10C2D000002B00F08280BBF1010F00F08180012370
:10C2E0000393BBF1010B43D05046F5F7B3FE142086
:10C2F000F3F744FF4FF00409CDF800A0FE235246A7
:10C300004FF440313846FFF7F5FE01230093FE233A
:10C3100052464FF440313846FFF7ECFE524637495B
:10C320003846FEF792FB58FA80F81FFA88F8C0F3F7
:10C3300007231E44B6B2C0F307431D44ADB204EB5D
:10C340001064A4B2B9F10109D6D1C8F38708C6F3C5
:10C350008706C5F38705C4F387045246442138464F
:10C36000FEF773FB264B1842AFD0F5F765FEB2E738
:10C370004FF00009089B00223C213846FFF744F8A3
:10C38000099B002240213846FFF73EF82B0403EBBF
:10C39000046303EB0623434400221A493846FFF79F
:10C3A00033F8049B002218493846FFF72DF8059B07
:10C3B00000220D493846FFF727F8069B00220B495B
:10C3C0003846FFF705FA079B002209493846FFF770
:10C3D0001BF848460BB0BDE8F08F4FF00009C9E7E5
:10C3E0006FF00509C6E700BF140003001800030042
:10C3F0002C00030044000300000001384C0003003F
:10C4000000FF2734100003001400070010B5044695
:10C41000036D9B7D5B081AD0002212492046FEF76F
:10C420002AFBC0F3C403093B0F2B0CD800F001001A
:10C4300000280CBF05210921236D1B7A012B02D096
:10C440002046FFF7ADF82046FFF7C8FE10BD0123D8
:10C4500000220549FFF7BCF9226D937D43F00203EA
:10C460009375D9E7080001002000010070B582B083
:10C4700004460D460121FEF77BFF00212046FFF711
:10C48000FDFC2046FFF72EFDC5F30B0300221549E6
:10C490002046FEF74EFF03230093FF23002212499C
:10C4A0002046FFF727FE104E00252A46314620463B
:10C4B000FEF720FB10F0010FF7D12046FFF706F939
:10C4C00000212046FFF70CF905212046FEF750FF1A
:10C4D000002206492046FEF70DFB00F03F0002B0A7
:10C4E00070BD00BF1C000800100008001C00070001
:10C4F00038B505460C46B1F8051049B1FFF7B6FF4F
:10C50000D4F80130002205492846FEF77DFF38BDEA
:10C51000237800220249FFF75BF9F1E704000100EC
:10C520001C00070030B583B004460D46102300936D
:10C53000FF2300220649FFF7DDFD2B46022D38BF01
:10C540000223002228212046FEF75EFF03B030BD03
:10C5500028000F0030B583B0044601291DD0022900
:10C5600030D001230093FF2300222649FFF7C2FDAC
:10C57000254D4FF4000300936FF480730022294689
:10C580002046FFF747FC002300937F230222294621
:10C590002046FFF7AFFD03B030BD0521FEF7E8FEF2
:10C5A0004FF4817300934FF0FF3300221749204668
:10C5B000FFF730FC01220092FF2313492046FFF7CA
:10C5C00099FDE8E703230093FF2300220D49FFF7BD
:10C5D00091FD0D4D4FF4000300936FF48073002222
:10C5E00029462046FFF716FC002300937F230222F2
:10C5F00029462046FFF77EFD05212046FEF7B8FEBE
:10C60000C9E700BF0400110008001100080009007C
:10C6100030B583B0054602290ED000240094FE23D5
:10C6200022461021FFF766FD2346224614212846A4
:10C63000FEF77FFE03B030BD144601230093FF23B5
:10C6400000221021FFF756FD234600221421284620
:10C65000FEF76FFEEEE700002DE9F04182B00546DF
:10C660002A4C01230093FF2300222146FFF742FDBD
:10C6700010230093FF23002221462846FFF73AFDAE
:10C6800003244FF01408224F00264046F3F776FDAE
:10C69000324639462846FEF72DFA012834D0631E6B
:10C6A00013F0FF04F1D16FF00204184E00231A4674
:10C6B00031462846FFF78CF801230022144928460A
:10C6C000FFF786F801230093FF2302223146284614
:10C6D000FFF710FD00220F492846FEF7B6F96FF06C
:10C6E0006043984208BF6FF0030400220A492846BD
:10C6F000FEF7ABF96FF06043984214BF20466FF02D
:10C70000040002B0BDE8F0810024CEE70C00040074
:10C7100020000400140004001C0004002DE9F04374
:10C7200083B00546884617461C46F3F76BFC064661
:10C73000022C19D0042C17D004F0FD03012B3FD09C
:10C740004FF00009CDF800906FEA08034A463C21FB
:10C750002846FFF75FFBCDF80090FB434A46402197
:10C760002846FFF757FB0BE0434600223C212846B2
:10C77000FEF74AFE3B46002240212846FEF744FED3
:10C78000033CE4B2012C2DD900223C212846FEF7BF
:10C790005CF90346002244212846FEF735FE0022BC
:10C7A00040212846FEF751F9034600224821284639
:10C7B000FEF72AFE3046F3F737FC03B0BDE8F083FE
:10C7C000CDF800804FF0FF3300223C212846FFF7D0
:10C7D00021FB00974FF0FF33002240212846FFF74E
:10C7E00019FBCDE710210091FF2302222846FFF715
:10C7F00081FCC9E700B583B000290BBFFF23F723F5
:10C8000000220822009201221021FFF773FC03B0DE
:10C810005DF804FB10B584B0BDF818408DF80C30FD
:10C820001B0A8DF80D308DF80E40240A8DF80F404C
:10C8300048F20203019303AB0093042392B2FEF784
:10C840007CF804B010BD000030B583B005460C463E
:10C85000036D59750B0303F43043009344F6FF73E3
:10C8600000221021FFF7D6FF04F00304032C0CBFB5
:10C87000044B054B002205492846FEF7C5FD03B0D1
:10C8800030BD00BFCC355FAF4C585FAF0C00060029
:10C8900030B583B0044611F0010F1FD00D464FF4A0
:10C8A000107300936FF47C6300224FF4A021FFF714
:10C8B000B1FA4FF4040300934FF0FF3300221849FC
:10C8C0002046FFF7A7FA15F0020F1AD14FF488732C
:10C8D000002214492046FEF797FD10E00025009540
:10C8E0006FF47C632A464FF4A021FFF793FA00957A
:10C8F0004FF6FF632A460B492046FFF78BFF03B034
:10C9000030BD084D084B002229462046FEF77CFD2D
:10C910004FF48873002229462046FEF775FDEEE7A6
:10C92000040011001800110010010F00F0B583B0D1
:10C930000446012909D01420F3F720FC2046FFF714
:10C940008BFE0546284603B0F0BD0F4E002231464F
:10C95000FEF791F8074640F2071300934FF6FF7376
:10C96000002231462046FFF755FF1420F3F706FC5E
:10C970002046FFF771FE0546002200923B463146F5
:10C980002046FFF747FFDDE74800070000B583B00A
:10C99000012A09D0CB43002200929BB20649FFF73F
:10C9A00039FF03B05DF804FB00914FF6FF730022DE
:10C9B0000149FFF72FFFF4E70C000500F0B583B045
:10C9C00004460F4616461D4648F2400300934FF6B4
:10C9D000FF7300221849FFF71DFFAA1943F2010354
:10C9E0009A4215DC7F2D1DD91523002213492046BC
:10C9F000FEF70AFD2B46002211492046FEF704FDF2
:10CA00000097334600224FF4E8112046FEF713F852
:10CA10000022009247F6BF7307492046FFF7FAFE4F
:10CA200003B0F0BD009733462A464FF4A8112046C4
:10CA3000FEF701F8ECE700BF0400110004001F003E
:10CA400008001F002DE9F04F83B004460D4691F811
:10CA500000900B79182B14D8CF78182F94BF00278B
:10CA60000127FFB2EB79012B0CBF102100216B785D
:10CA7000013B062B10D8DFE803F0060F0F120C0F56
:10CA800009000127EDE74FF0400A0AE04FF0480A9D
:10CA900007E04FF0800A04E04FF4807A01E04FF0A5
:10CAA000200A226D138A23F0E0031382236DEA79B2
:10CAB000DA722E7BB31C01269E401FFA86F8226D87
:10CAC000C74B03FB08F3DB0B5382236DEA7A5A75DD
:10CAD0002B7A5B0103F020036A7B43EA0243EA7A84
:10CAE000120302F4304213430B430093BD4B002268
:10CAF00010212046FFF78EF9002F40F0FD80EB7AE1
:10CB0000BBB16B7B012B287B94BF03220422102135
:10CB1000B54B33F81000FDF7F3FE0AEBC80A00F03E
:10CB20007F0000904FF680730222B0492046FFF745
:10CB300071FE94230093AE4B0022AE492046FFF7CE
:10CB400069F9BAF1FF0F40F30281226D138A43F0B5
:10CB5000200313824FF4006300934CF6FF7300220E
:10CB6000A5492046FFF756FE6B7B012B00F0FA80AB
:10CB7000AB7843F010030093FC2300224FF4C02154
:10CB80002046FFF7B7FA731EDBB200224FF40031E4
:10CB90002046FEF71DFE6B78072B0CBF08210021F5
:10CBA0002046FEF71BFFEB7A03F00303032B0CBFB9
:10CBB000924B934B002293492046FEF725FC00221E
:10CBC00091492046FDF741FF20F4FF5020F01F005F
:10CBD000B9F1090F08BF40F001002A79120202F4EE
:10CBE000F852EB78DB00DBB21A436B795B0003F0A1
:10CBF000060313430343002283492046FEF704FC47
:10CC0000AA796B781B0343EA822300936FF4744381
:10CC1000002220212046FFF7FDF8B5F8093023B99E
:10CC20006FF07E036B720023AB72B5F809300222FD
:10CC30004FF4C0212046FEF77CFB022273492046B8
:10CC4000FDF758FF236DDB7B4B4500F095800328F3
:10CC500000F09680B9F1090F00F097806C4B0093BB
:10CC60004FF0004300226B492046FFF7D3F841F60E
:10CC70003C7300224FF410212046FEF75AFB142388
:10CC8000012265492046FEF7A3FD0E2302226349D7
:10CC90002046FEF79DFD8123002261492046FEF7D4
:10CCA00097FD00260096F32303225E492046FFF7F6
:10CCB00021FA0223324644212046FEF789FD012154
:10CCC0002046FFF747FC4FF0140BD8463746442662
:10CCD0004046F3F753FA3A4631462046FDF70AFF3D
:10CCE00010F0020F40F0BA800BF1FF3313F0FF0B8E
:10CCF000EED16FF00100E5E0226D138A43F060038E
:10CD000013824FF4C05300936FF4405300223A490A
:10CD10002046FFF77FF840F20633002242492046C2
:10CD2000FEF772FB00231A4640492046FEF76CFBD3
:10CD30003F4B00222D492046FEF766FB9D230093C2
:10CD40002B4B00222B492046FFF764F80CE74FF4E9
:10CD5000205300934CF6FF73002227492046FFF72B
:10CD600059FD01E7AB780093EC2300224FF4C0217A
:10CD70002046FFF7BFF906E703287FF46BAF70E0AA
:10CD800002212046FFF7E6FB64E72A4B00934FF0B1
:10CD9000004300221F492046FFF73CF840F63C7351
:10CDA00000224FF410212046FEF7C3FA67E74FF444
:10CDB000807300934FF6FF7300220F492046FFF760
:10CDC00029FD226D138A43F0080313825BE00022E1
:10CDD0000092FE2318492046FFF78CF95DE000BF62
:10CDE00068660200CF4FFCFFD824050014000E0037
:10CDF00000FFFFBF18000E0008000B00CC355FAF2E
:10CE00004C585FAF0C0006000800010030000F0016
:10CE10003411071C1C000700500007001800070011
:10CE200008000900040009000C000E0010000E00AC
:10CE30000A5A0C003400011C180003004FF0005384
:10CE400000936FF07F43002220492046FEF7E2FF67
:10CE500026E001212046FFF769FD30E0236D83F8CD
:10CE60000F902B79093BDBB20F2BB0D8236D1B7AC7
:10CE7000012B9CD049462046FEF792FB226D138A77
:10CE800023F0080313824FF4C843009348F2FF13C2
:10CE900000220F492046FFF7BDFCBAF13F0FCDDC61
:10CEA00001230093FF2302220A492046FFF722F9BB
:10CEB000002209492046FDF7C8FD0028C9D02046B8
:10CEC000FFF78CF903B0BDE8F08F00BF100006003B
:10CED000180003000C000400140004002DE9F041C8
:10CEE00082B005460E46036D002B5BD02C6D0023EF
:10CEF000A3730222228223756375E3736372A372A4
:10CF000004212846FEF75EFA074605212846FEF76B
:10CF100059FA80460A212846FEF754FA2FB1B8F193
:10CF2000000F02D080B2002841D120212846FEF710
:10CF300049FAB0F5107F0CBF01230023237216F0CD
:10CF4000100F43D116F0200F46D116F0400F49D1F3
:10CF500016F0800F4DD1A37A0BB98523A372637AA3
:10CF60000BB9742363721F212846FEF72BFA207336
:10CF70001E212846FEF726FA10F03F0012BF60730C
:10CF80002E236373637B002220492846FEF720FC92
:10CF900035212846FEF716FA034680BB002002B072
:10CFA000BDE8F0812820F1F795FB28659EE74FF456
:10CFB000C06300934FF6FF73002215492846FFF720
:10CFC00029FC238A43F014032382AEE70621284676
:10CFD000FEF7F8F92060B5E707212846FEF7F2F9D9
:10CFE0006060B2E708212846FEF7ECF9000C607299
:10CFF000AEE709212846FEF7E5F9A072ABE700226B
:10D0000004492846FEF700FAC8E700BF14000900EB
:10D0100008000B000400090030B583B005460C463B
:10D0200071B121F00203013B0F2B62D8DFE803F05E
:10D03000116161246161612D616161616161613AC8
:10D0400002210191002200921346FDF776FC204652
:10D0500010E0022301930022009213460421FDF701
:10D060006CFC032244212846FDF744FD10F0080F14
:10D0700025D1002003B030BD02230193002200928D
:10D0800013460A21FDF759FCEBE70021FEF7D1F921
:10D090000223019300220092134608212846FDF73F
:10D0A0004CFCDEE70121FEF7C4F9022301930022C4
:10D0B0000092134606212846FDF73FFCD1E70223E4
:10D0C0000193002100910B460A462846FDF735FCE6
:10D0D00014F0020F02D04FF0FF30CBE70221019194
:10D0E0000022009213462846FDF727FC4FF0FF3040
:10D0F000C0E74FF0FF30BDE770B582B006460225AD
:10D10000019500240094234622461921FDF715FCC1
:10D11000336D9C731D821C755C75DC7302B070BD31
:10D1200070B582B00646022501950024009423467E
:10D1300022461821FDF701FC336D9C731D821C757E
:10D140005C75DC7302B070BD2DE9F04F8DB0064602
:10D1500015461C469C2900F29F80DFE811F0B709B4
:10D16000C209A100A600C10051019D0176015C0128
:10D17000AE01B301BC01C501CE01D701E001E5015B
:10D18000EE01720278027E0289028F0295029A02F3
:10D19000A002A502AE02B702C002C9020403F9024E
:10D1A000EE02D202E0021E03F8011A023902420224
:10D1B0005802BA08BF08150327032C0336033C03A3
:10D1C000470352035B0386039D03A9030A03B503C8
:10D1D000BF03D203F9030B044D0457047D048C04F0
:10D1E000A7049504B104F7040F052F05440558055D
:10D1F00061057D056A059206C1061107170722071A
:10D200003B075B0765078F07BD07C607CC07D50738
:10D21000E207EF07F90702080B081608210827089C
:10D220004A08550860086B088D089808B108C508B9
:10D230004D0957096209CA096C09AC09B30603090B
:10D240002309380A2D0AD709E209ED09F809030A6A
:10D250000E0A190A220A300C670CA10CC30C2B0E03
:10D260003F0E480A550B870B910B950B990BA30B9F
:10D27000B50BBF0BD20BE60B200CD90CE30CFB0C4F
:10D28000160D2B0D4B0D870D9F0DB50DC50DFA0E0F
:10D29000F40DEA0D060EFE0D4FF0FF3501F05ABEFB
:10D2A00043689847002501F055BE0222C049FDF7AA
:10D2B00021FC032802D8002501F04CBEF2F7A2FEA3
:10D2C000044602230193002500952B462A46294651
:10D2D0003046FDF732FB2046F2F7A6FE01F03ABEDB
:10D2E000002C01F03B86247814F01D0F63D014F05D
:10D2F000010F25D014F0020F4FF0020301934FF0FD
:10D3000000020092134614BF0D210321FDF715FB07
:10D31000032244213046FDF7EDFB10F0080F08BF53
:10D32000002501F0178602230193002100910B468E
:10D330000A463046FDF701FB4FF0FF3501F00ABE0B
:10D3400014F0080F11D114F0100F21D114F0020FB6
:10D350004FF0020301934FF000020092134614BFF6
:10D3600010210921FDF7E9FAD2E70021FEF761F863
:10D3700014F0020F4FF0020301934FF000020092ED
:10D38000134614BF0F2107213046FDF7D6FABFE739
:10D390000121FEF74EF814F0020F4FF00203019343
:10D3A0004FF000020092134614BF0E2105213046B3
:10D3B000FDF7C3FAACE714F0200F10D014F0020F01
:10D3C0004FF0020301934FF0000500952B462A46CB
:10D3D00014BF11210B21FDF7B0FA01F0BBBD14F011
:10D3E000020F4FF0020301934FF0000500952B460A
:10D3F0002A4614BF0C210121FDF79FFA01F0AABDB6
:10D40000002C01F0AD85236800222821FDF7FCFFE8
:10D41000002501F09FBD236800226649FDF7F4FF57
:10D420006368002264493046FDF7EEFFA3680022DE
:10D4300062493046FDF7E8FFE36800226049304664
:10D44000FDF7E2FF002501F085BD002C01F08A8583
:10D4500023886568032D01F28785DFE805F002085F
:10D460000F1600225749FDF764FF01F073BD022239
:10D470005449FDF75EFF002501F06CBD00225249C2
:10D48000FDF757FF002501F065BD02224E49FDF76B
:10D4900050FF002501F05EBD002C01F06785237868
:10D4A0005B0003F0060300936FF006030022474978
:10D4B000FEF7B0FC002501F04DBDFEF7CFFC0025C6
:10D4C00001F048BD002C01F05385036D1B7B2370D8
:10D4D000002501F03FBD002C01F04C85036D5B7A07
:10D4E0002370002501F036BD002C01F04585036D49
:10D4F0009B7A2370002501F02DBD002C01F03E85A4
:10D50000036D1B682360002501F024BD002C01F091
:10D510003785036D5B682360002501F01BBDFEF7B6
:10D52000E3FA002501F016BD002C01F02B852168DF
:10D53000FDF7A5FF002501F00DBD002C01F02485AD
:10D5400062682178FEF7EAFD002501F003BD002C9A
:10D5500001F01C856568237803224FF48031FEF7C3
:10D5600037F94DB9002200924FF2FF731021304677
:10D57000FFF750F901F0EEBC4FF4812300934FF018
:10D58000FF33002210213046FEF744FC002501F055
:10D59000E1BC00221146FDF758FAB2681368434017
:10D5A0005268134214BF4FF0FF35002501F0D2BC82
:10D5B00030000F0054000100580001005C00010021
:10D5C000600001000C0001001000010008000100D3
:10D5D000002C01F0DD842178FEF7BCFD002501F070
:10D5E000B9BC42B9002200924FF2FF73D249FFF753
:10D5F00011F901F0AFBC4FF4006300934FF6FF73D5
:10D600000022CD49FFF706F9002501F0A3BC02F086
:10D6100001024FF6FF734FF2FF71002A08BF0B465D
:10D62000D20215F0020F12BF42F4805223F480534D
:10D630009BB200920022C049FFF7ECF8002501F0F0
:10D6400089BC1146FDF730FF002501F083BC11466F
:10D65000FDF73EFF002501F07DBC002C01F09A840F
:10D660000022B649FDF746FA2070002501F072BC91
:10D670002146FDF74DFF002501F06CBC2146FDF76A
:10D680006BFF002501F066BCFEF79AFD002501F056
:10D6900061BC1146FDF784FF002501F05BBCFEF77D
:10D6A000B5FE002501F056BC002C01F075842178F0
:10D6B000FFF7CAF8002501F04DBC002C01F06E8484
:10D6C0002188FDF746FE002501F044BC002C01F046
:10D6D0006784FDF7E2F92080002501F03BBC002CB7
:10D6E00001F060842188FDF73CFE002501F032BC8A
:10D6F000002C01F05984FDF7D7F92080002501F0B6
:10D7000029BC002C01F05284A388E2882168009192
:10D710004FF4B011FDF702FE002501F01BBC002CF8
:10D7200001F04684A388E288216800914FF4B0118B
:10D73000FDF781F9002501F00DBC002C01F03A84C1
:10D74000E388A2882168FEF70DF8002501F002BCED
:10D75000002C01F03184E3882268A188FEF792F959
:10D76000002501F0F7BB1146FFF756FC002501F03C
:10D77000F1BB002C01F02284237962882188FEF716
:10D7800099FC002501F0E6BB002C01F01984FDF79F
:10D7900091F92080002501F0DDBB002C01F01284FE
:10D7A000FDF7B6F92060002501F0D4BBFEF768F85C
:10D7B000002501F0CFBB002C01F006846188FEF744
:10D7C00055FE2070002501F0C5BB2146FDF7C0F9CC
:10D7D000002501F0BFBB002C01F0F883012270216D
:10D7E000FDF733F92060002501F0B4BB002C01F0F7
:10D7F000EF8300227021FDF728F92060002501F059
:10D80000A9BB0094052300227021FDF714F900251F
:10D8100001F0A0BB002C01F0DD83036D9B7B012B8D
:10D8200015D0032B1AD116224FF4F011FDF723F96E
:10D83000C0F30D0083B213F4005F04D06FEA83439A
:10D840006FEA934318B22080002501F083BB0222C7
:10D850003B49FDF710F9C0F30D00EBE7022239490F
:10D86000FDF709F9C0F30D00E4E700940623002258
:10D870003549FDF7E0F894F90130002B06DB6379B8
:10D8800003F001036371002501F064BBFF23A37063
:10D89000E37023716371F2E7002C01F09D83012294
:10D8A0004FF00811FDF726F92070002501F052BB5A
:10D8B000002C01F0938300224FF00811FDF71AF9B4
:10D8C0002070002501F046BB002C01F08983A2885E
:10D8D0002168FEF719FB002501F03CBB002C01F08C
:10D8E00081832568A48822462946FEF70DFB214640
:10D8F0003046FDF767FD2D1A18BF4FF0FF3501F0D8
:10D9000029BB022A0FD0114C00231A46214630466B
:10D91000FDF75EFF0223002221463046FDF758FF47
:10D92000002501F017BB00230093FE2301220249CA
:10D93000FEF7E0FBE7E700BF080011001C0007004E
:10D94000140018001C000C0018000C0004000A0051
:10D95000002C01F049832488E2B24FF48171FDF775
:10D96000E3FF220A40F203113046FDF7DDFF0025F8
:10D9700001F0F0BA002C01F03983DFF87083102336
:10D980000093FF2300224146FEF7B4FB4FF482715F
:10D990003046FDF7A9FF00F0E0052A464FF48271FA
:10D9A0003046FDF7C1FF45F004024FF48271304666
:10D9B000FDF7BAFF0220F2F7D1FB4FF48771304632
:10D9C000FDF792FF074640F20F113046FDF78CFF3E
:10D9D00081462A464FF482713046FDF7A5FF0025A7
:10D9E0000095EF232A4641463046FEF783FB47EA7F
:10D9F0000927278001F0AEBA002C01F0F982A27845
:10DA00002188FDF7B9FF002501F0A4BA002C01F030
:10DA1000F1822468FDF734FF0120F2F79FFB032316
:10DA20000093FF230022AF493046FEF763FB7CB929
:10DA30003046FFF761FB0120F2F790FB336D0025C4
:10DA40009D7302221A821D755D75DD7301F082BA25
:10DA50003046FFF765FBEEE7002C01F0CD8223781E
:10DA600003F03F03026D537300229F49FDF7B0FEA0
:10DA7000002501F06FBA002C01F0C082036D5B7BC2
:10DA80002370002501F066BA0121FEF7F7F9304650
:10DA9000FEF728FA01213046FDF76AFC0F2201212A
:10DAA0003046FDF73BFE002501F054BA002C01F092
:10DAB000A78262682168FDF731FE002501F04ABAAD
:10DAC000002C01F09F82894D00222946FDF712F8B3
:10DAD000804602230093FF23002229463046FEF7AA
:10DAE00009FB0423002282493046FDF771FE012321
:10DAF00000224FF400213046FDF76AFE7D4F0025DD
:10DB00002A4639463046FCF7F5FF10F0010FF7D0F2
:10DB100000224FF008113046FCF7ADFF0546002308
:10DB20001A464FF400213046FDF752FE00231A46F4
:10DB30006F493046FDF74CFE434600226B493046A4
:10DB4000FDF746FE2580002501F004BA002C01F007
:10DB50005B822379026D927A9B1A07EE903AF8EE77
:10DB6000E77A9FED657A67EE877AB3EE067A77EE0D
:10DB7000877AC4ED007A002501F0ECB9002C01F0A1
:10DB800045822379026D527A9B1A07EE903AF8EE9D
:10DB9000E77A9FED5A7A67EE877AB3EE007A67EEFE
:10DBA000877ADFED576A87EEA67AF0EE087A77EE8D
:10DBB000277AC4ED007A002501F0CCB9002C01F0E1
:10DBC000278224680121FEF759F93046FEF78AF9C9
:10DBD00001213046FDF7CCFB21463046FEF7A2FC82
:10DBE000002501F0B7B900250095EF232A464549E5
:10DBF000FEF780FA05213046FDF7BAFB01213046D9
:10DC0000FDF76EFD3046FDF761FD01F0A3B900257B
:10DC10000095EF232A463B49FEF76CFA01F09AB9CA
:10DC2000002C01F0F7812168FEF77CFC002501F053
:10DC300091B900223449FCF71EFFC0F30B0510F424
:10DC4000006F18BF45F470452DB22580336DB3F9D0
:10DC50001230ED1A01F07EB9002C01F0DD81D4F80C
:10DC60000490237A99F81320FF2A00F0FE8093BBDA
:10DC7000D9F80010FDF7BAFE99F80C30B9F80E206B
:10DC8000D11899F81220002A40D199F810000028E4
:10DC90000BBF7F224FF480624FF4B0154FF4A015F4
:10DCA00099F81300121A023A914200F2E780D9F86B
:10DCB00004200092002229463046FDF72FFBB9F8D8
:10DCC0000E3099F80C20D9F80810009129463046FA
:10DCD000FDF724FB2BE0B9F80E20D9F80010FDF772
:10DCE00093FEC9E704001100140009004800070072
:10DCF00034000700040008006666863FCDCCCC3EA9
:10DD000000007F4328000F0008000200012A40F0B5
:10DD1000AF8099F81130002B40F2FF3308BF7F230A
:10DD200099F813209B1A023B994200F2A48099F8BB
:10DD30001020531EDBB2012B40D999F81130591E27
:10DD4000C9B2012947D9042B4CD042EA43330022FF
:10DD5000BA493046FDF758FBB9F80E30B84A02EA26
:10DD6000C31299F80C3003F07F0313430022B54926
:10DD70003046FDF749FB01230022B3493046FDF749
:10DD800027FDDFF8C88200273A4641463046FCF7B7
:10DD9000B1FE10F0050FF7D0054603460022AB494F
:10DDA0003046FDF715FD05F03F0525F03003012B4A
:10DDB00025D06BB22370002501F0CCB8336D9B7B6E
:10DDC000032B01F0AD8199F811305A1ED2B2012A0D
:10DDD00012D90122B7E7336D9B7B032B0CBF0223C3
:10DDE0000123B2E7B9F80E101029AED96FF0030382
:10DDF000E0E702221346A8E701221346A5E799F8B7
:10DE00001230012BD5D199F81120531EDBB2012B12
:10DE10001BD9032A0CBF4FF4A0174FF4B017D9F841
:10DE2000042012B199F80C30C3B9D9F808100029B0
:10DE3000BFD0B9F80E30002BBBD099F80C20009160
:10DE400039463046FCF7F7FDB3E7336D9B7B032B78
:10DE50000CBF4FF498174FF49017E0E700920022A0
:10DE600039463046FCF7E7FDDFE76FF00203A1E734
:10DE70006FF001039EE74FF0FF339BE74FF0FF3356
:10DE800098E7237AE179A279D20042EA410213436A
:10DE9000627943EA8213227943EAC213E27843EAC1
:10DEA0000223A27843EAC223627843EA023322784B
:10DEB00043EA42339BB200226549FDF73AFA002556
:10DEC00001F048B8002C01F0A980637833B15B08F9
:10DED000013BDBB22370002501F03CB80023F9E7D9
:10DEE00000225C49FCF7B1FDC0F30B032380C0F3B3
:10DEF0000B406080002258493046FCF7A6FDC0F375
:10DF00000B03A380C0F30B40E0800022534930464E
:10DF1000FCF79BFD2072000C6072002250493046D5
:10DF2000FCF793FDC0F30B43A381C0F30B006081AA
:10DF300000224C493046FCF788FDC0F30B43A4F89F
:10DF40000F30A073002248493046FCF77EFD607414
:10DF5000000CA074002245493046FCF776FDC0F362
:10DF60000B03A4F81330C0F30B40A4F815000022F3
:10DF70003F493046FCF7BEFDE075002500F0EABFE2
:10DF80001146FDF79DFC002500F0E4BF002C01F0D8
:10DF90004780238800223749FDF7CBF9002500F0A0
:10DFA000D9BF002C01F03E80256835B900231A4600
:10DFB0003149FDF7BEF900F0CDBF6279237943EA1C
:10DFC000022323F0F00300222B49FDF7B2F90025CC
:10DFD00000F0C0BF002C01F0278023684BB900255A
:10DFE00000954FF6FF532A461021FEF713FC00F070
:10DFF000B1BF00223421FDF707FA4FF400730093FC
:10E000004FF6FF73002210213046FEF703FC002577
:10E0100000F0A0BF002C01F009806188FDF764FCCE
:10E020002070002500F096BF002C01F00180A2783E
:10E030002188FDF779FC002500F08CBF4400010029
:10E0400080FF0100480001004C0001005000010069
:10E050003000010004000F0008000F000C000F004A
:10E0600010000F0014000F0018000F001C000F001C
:10E0700020000F00040006001C001100D44BD54AFC
:10E08000012D18BF1346012DD34918BF4FF00C11B5
:10E09000026D927B012A12D0032A17D1A2F5C01279
:10E0A000013A1A444FF4F011FCF7E5FCC009208056
:10E0B0002588003518BF01256D4200F04BBF0222B4
:10E0C0001946FCF7D8FCC0092080F1E70222FCF7D2
:10E0D000D2FCC0092080EBE7002C00F0AB87217850
:10E0E000FEF7D6FB002500F035BF1146FEF732FAE9
:10E0F000002500F02FBF0094042300221C21FCF710
:10E100009AFC002500F026BF002C00F09587022223
:10E110004421FCF7B0FCC0F300202070002500F083
:10E1200019BF002C00F08A8700224421FCF7E2FC92
:10E1300000F001002070002500F00CBF002C00F062
:10E140007F8762882188FEF763FA002500F002BF0E
:10E150000094082300220421FDF7E0F8002500F0D8
:10E16000F9BE0094082300220421FCF764FC00257A
:10E1700000F0F0BE002C00F06587238802220C21FD
:10E18000FDF7D7F8002500F0E5BE002C00F05C8715
:10E19000238800220C21FDF7CCF8002500F0DABE20
:10E1A0002146FDF799F8002500F0D4BE036D9B7B56
:10E1B000012B0BD0032B12D10094052320224FF406
:10E1C000F011FCF738FC002500F0C4BE00940523D4
:10E1D00000228249FCF72FFC002500F0BBBE009412
:10E1E000052300224FF44021FCF725FC002500F018
:10E1F000B1BE002504F8015B009404232A466C217B
:10E20000FCF719FC00F0A6BE002C00F01F870122CD
:10E210006021FCF71AFC2060002500F09BBE002C5A
:10E2200000F0168700226021FCF70FFC206000251B
:10E2300000F090BE036D9B7B012B0BD0032B12D102
:10E240000094052328224FF4F011FCF7F4FB00257D
:10E2500000F080BE0094052300226149FCF7EBFB2F
:10E26000002500F077BE0094052300225D49FCF7ED
:10E27000E2FB002500F06EBE002C00F0EB860022D1
:10E280001C21FCF7E2FB2060002500F063BE002C9F
:10E2900000F0E28625886768237A002B00F0DE868E
:10E2A0003C4607EB830729463046FDF78BF844F8D8
:10E2B000040B0135ADB2BC42F5D1002500F04ABED9
:10E2C000002C00F0CD862178FDF788FB002500F0BA
:10E2D00041BEFEF7C1F9054600F03CBE1146FEF70F
:10E2E00025FB054600F036BE002C00F0BB86A57865
:10E2F0000121FDF73DF800213046FDF7BFFD304616
:10E30000FDF7F0FD05F03F03002237493046FDF7E9
:10E310005FFA01230093FF23002234493046FDF7C2
:10E32000E9FE324F00252A4639463046FCF7E2FB2B
:10E3300010F0010FF7D100222D493046FCF79BFB6E
:10E3400005463046FDF7C2F900213046FDF7C8F911
:10E3500005213046FDF70CF8C5F30B052580002597
:10E3600000F0F8BD0221FEF7F5F801213046FEF776
:10E37000F1F81424A046002744254046F1F7FEFE9C
:10E380003A4629463046FCF7B5FB10F0020F05D19E
:10E39000631E13F0FF04F0D1012500E000256D425B
:10E3A00000F0D8BD002C00F05F8623781B0303F437
:10E3B000E0436278012A08BF43F4807300936FF44E
:10E3C000E24300220B49FDF725FD002500F0C2BD08
:10E3D000340018002C00180014000C002000180055
:10E3E0002800180008000C001C000700100008009E
:10E3F0001400080014000700002C00F03786626843
:10E400002168FDF739FE002500F0A4BD002C00F0C6
:10E410002F8623880022C449FCF78BFF002500F0DB
:10E4200099BD002C00F0268662682188FEF7AEFABE
:10E43000002500F08FBD002C00F01E866578237843
:10E440008BB1036D00229A734FF0FF3308227DB326
:10E4500023F480630092002210213046FDF7DAFC9D
:10E46000002500F077BD036D01229A731823002266
:10E47000AE49FCF7C9FFE8230022AD493046FCF75E
:10E48000C3FF336D9B7D5B0803D06FF00803002250
:10E49000DDE701230022A7493046FDF799F9326DE7
:10E4A000937D43F0020393756FF008030022CEE7DB
:10E4B00042F48062CEE7002C00F0E0852368002261
:10E4C0003021FCF7A1FF002500F044BD002C00F036
:10E4D000D78500222946FCF7B8FA2060002500F015
:10E4E00039BD234600222946FCF78EFF002500F0A7
:10E4F00031BD002C00F0C68503228F49FCF7FAFAE3
:10E50000C0F302102070002500F024BD002C00F0A4
:10E51000BB85236800224421FCF776FF002500F02C
:10E5200019BD002C00F0B285238800224821FCF799
:10E5300000FF002500F00EBD002C00F0A985002290
:10E540004421FCF782FA2060002500F003BD002C76
:10E5500000F0A08500224821FCF78DFA20600025FC
:10E5600000F0F8BC002C00F0978523780022734956
:10E57000FDF72EF9002500F0EDBC002C00F08E8593
:10E5800000224421FCF7B6FA2070002500F0E2BC1E
:10E59000002C00F08585FDF727F92060002500F0AC
:10E5A000D9BC002C00F07E8500226549FCF763FA97
:10E5B0002080002500F0CEBC002C00F075850022E4
:10E5C0006049FCF742FA2060002500F0C3BC002C33
:10E5D00000F06C852388C3F30D0300934FF4404390
:10E5E00000225849FEF716F9002500F0B3BC002CB4
:10E5F00000F05E85A788A3680993217B06912269B4
:10E60000049262690592DDB205F0030205F0FC0593
:10E61000052945D1B7F5B17F28BF4FF4B177DFF8B1
:10E620002C91042F05D809EB05035B78053B9F422D
:10E630003EDB012A00F2C780434B995C3E46B9425B
:10E6400080F2C380501C53FA80F000230B449BB22D
:10E650000132D2B2022A05D010F8011BA6EB030C3E
:10E660006145F3DB9F4208BF039500F0B38007F1DB
:10E67000050C1FFA8CFC802600210891039107915C
:10E680004FF0050BB8465F4538BFD846A8F10508DE
:10E690001FFA88F8DFF8B0A020460C46864631E025
:10E6A00040F231139F4228BF1F46DFF8A490B8E71D
:10E6B0000023059A1380049A1146099A0A6098E08B
:10E6C00074460023059A1380049B1A46099B136025
:10E6D0004FF0FF338DE01FFA80FB089203950793FC
:10E6E00001243F2D51D000293AD1013505F03F05D5
:10E6F00019F8050003449BB29F4268D0013E16F012
:10E70000FF06DDD0434525D9634523D2F81A00B270
:10E710000028B8BF40425845DDDD002CE1D07446EA
:10E72000089A079B56E000BF080005000C001F0078
:10E7300010001F0020000100540003001800010019
:10E740002C0005001C000E00CC2405004C24050004
:10E750008C24050084B96345C3D399B13F2D14D0EF
:10E7600019F805105B1A9BB2691E01F03F0511F004
:10E770003F0118BF0121BFE7744619F805105B1A65
:10E780009BB227E07446039524E0002C34D1032A81
:10E7900036D0022A09D01AF802105818B8420BDDF8
:10E7A0000B449BB20132D2B2DAE706990929F2D1C1
:10E7B00074463F2103910DE0744683B20132D2B218
:10E7C0003F21039106E000234CE700234AE774460B
:10E7D00003953B4605990B80039B42EA8303DBB21A
:10E7E0001A0442EA03621A4342EA0323049A1360BA
:10E7F000002323600025ADE37446089A079BE9E7F0
:10E8000074463F210391E5E7002C00F053842778FC
:10E810006478F1F7F7FB0546022C0ED0042C0CD0DF
:10E8200004F0FD04012C19D0FB4300220092DBB25E
:10E83000C1493046FDF75EFC05E03B460022BE497B
:10E840003046FCF7C5FF3B460022BC493046FCF78A
:10E85000DBFD2846F1F7E8FB00257BE30097FF236B
:10E860000022B5493046FDF745FCECE70223019351
:10E87000002500952B462A461A21FCF75EF869E32D
:10E88000FEF74EFC002565E3FEF736FC002561E34C
:10E8900002230193002500952B462A461421FCF7FC
:10E8A0004CF857E302240194002500952B462A4694
:10E8B0001521FCF742F8019400952B462A461521B4
:10E8C0003046FCF73AF845E3022301930025009512
:10E8D0002B462A461621FCF730F83BE3002C00F0CB
:10E8E000EB8332B900224FF4D011FCF703F920700A
:10E8F00030E301224FF4D011FCF7FCF82070002522
:10E9000028E3002C00F0DA83247800224FF4D011A1
:10E91000FCF7F0F800F09F03234300224FF4D011DE
:10E920003046FCF755FF002514E3002C00F0C883A7
:10E93000247812F0FF051DD0012D40F0C38302257D
:10E9400001224FF4D0113046FCF7D4F8A4B920EAE4
:10E950000503DBB201224FF4D0113046FCF738FF3B
:10E96000002210213046FCF770F810F4801F0AD006
:10E970000025EFE20425E3E7012C40F0A68340EAFE
:10E980000503DBB2E6E74FF4801300934FF0FF334B
:10E99000002210213046FDF73DFA0025DAE2002C76
:10E9A00000F0968323785B0303F4005300934DF645
:10E9B000FF7300226249FDF72DFF0025CAE2002CFB
:10E9C00000F0888325786268012A15BF6FF46033F0
:10E9D0006FF4E043DF27EF2714BF4FF020084FF01C
:10E9E00010080024009422464FF4A021FDF712FAEB
:10E9F00000943B46224653493046FDF77BFB012DF0
:10EA000002D055B10025A5E2254600943B4622469A
:10EA10004D493046FDF76EFB9CE2CDF80080FF23A8
:10EA2000002249493046FDF765FB93E2002C00F0D7
:10EA30005383227812F0010F2CD0570107F04007C2
:10EA400040244FF4E01312F0040F27D043F4600386
:10EA500044F08004120102F0800217434FF40012C8
:10EA60000092DB4300224FF4A0213046FDF7D2F99B
:10EA7000E443A4B20025009523462A463149304696
:10EA8000FDF7C8FE009723462A462F493046FDF77A
:10EA9000C1FE5FE200273C463B46D4E70022DFE7A9
:10EAA00008230093FF2301224FF48021FDF722FB6E
:10EAB000264C02230093FF23032221463046FDF714
:10EAC00019FB00250095F72301224FF480213046E1
:10EAD000FDF710FB0095FD23032221463046FDF78C
:10EAE00009FB37E2002C00F0F9826388DB0003F4B5
:10EAF000FF6322780AB143F4006300934FF20703E7
:10EB000000224FF480213046FDF784FE002521E2EB
:10EB1000002500954FF6FF332A464FF48811FDF784
:10EB200079FE17E2002C00F0DB8200220849FBF797
:10EB3000A2FF208000250DE21C000100180001004A
:10EB40000C000E00080005000C0005000800110074
:10EB500048001100002C00F0C5822378012B627858
:10EB6000A3784FEAC32343EA0223E27843EA42331D
:10EB7000227943EA823303F47F430CBF022200224E
:10EB8000B649FCF7D6FB0025E4E1002C00F0AC828E
:10EB9000636822783AB1C3F315030022B049FCF749
:10EBA00033FC0025D6E1C3F31503AE49FCF72CFC7A
:10EBB0000025CFE1002C00F09982237801249C40AD
:10EBC000E4B210230093FF230022A749FDF792FA35
:10EBD000E343A24F00250095DBB22A463946304672
:10EBE000FDF788FA0094FF232A4639463046FDF7A0
:10EBF00081FAAFE1002C00F07B82227863789BB130
:10EC0000002A40F09782002400946FF0C0732246DF
:10EC10001021FDF7FFF80094944B22464FF4A021F9
:10EC20003046FDF7F7F817E0002A00F085824FF430
:10EC30000045002400946FF0C07322461021304636
:10EC4000FDF7E8F80095894B22464FF4A0213046A5
:10EC5000FDF7E0F84FF0C07400944FF0FF3300224E
:10EC600010213046FDF7D6F8002573E1002C00F0A6
:10EC7000418223783BB900250095DF2303227C499C
:10EC8000FDF738FA66E14FF0005300934FF0FF3381
:10EC900000227749FDF7BEF800255BE1002C00F06B
:10ECA0002B8223783BB9002500957F2303227149ED
:10ECB000FDF720FA4EE180230093FF2303226D49E4
:10ECC000FDF718FA002545E1002C00F01782E3B2A9
:10ECD0009A1C01239340013BDBB200224FF4003128
:10ECE000FCF776FD002535E1002C00F00982E37A7F
:10ECF000002B00F00782637B012B207B94BF032253
:10ED0000042210215C4B33F81000FBF7F9FD00F0F2
:10ED10007F0000904FF68073022258493046FDF77D
:10ED200079FD9423002256493046FCF751FD002519
:10ED300010E1002C00F0E88100225249FBF785FE2B
:10ED40002060002506E1002C00F0E08100224E4901
:10ED5000FBF77BFE20600025FCE0002C00F0D88152
:10ED60004FF4A81323600025F4E0002C00F0D281BA
:10ED700000250A950CAF192347F8043D009704239A
:10ED80002A464249FCF7CAFA41F648730B930097AA
:10ED900004232A463E493046FCF7C0FA0AAB0093EA
:10EDA00004232A464FF4E8113046FBF744FE0A9B41
:10EDB0002360CFE0002C00F0AF8100223549FBF743
:10EDC00044FE80B22060002233493046FBF73DFE0E
:10EDD000430D9B019BB263600025BBE0002C00F05B
:10EDE0009D81237E33B1012B62D0022B00F08980FC
:10EDF000FF232FE000222949FBF727FEC0F30B0079
:10EE00002060002226493046FBF71FFEC0F31500A4
:10EE10006060002223493046FBF717FEC0F315005F
:10EE2000A060002220493046FBF70FFEC0F315001A
:10EE3000E06000221D493046FBF707FEC0F31300D7
:10EE4000206100220F493046FBF7FFFD00F0E04053
:10EE500060610023637600257CE000BF3C00110068
:10EE6000440011004000110048000700FF0FFCF7AC
:10EE700028000F001C000700D824050014000E0015
:10EE800018000E00540003004C000F0004001F0087
:10EE900008001F0048000C0028000C0058000C005F
:10EEA00030000C0034000C0038000C002C000C006A
:10EEB0000022AA49FBF7C9FDC0F30B002060002225
:10EEC000A7493046FBF7C1FDC0F315006060002282
:10EED000A4493046FBF7B9FDC0F31500A06000223D
:10EEE0004FF450213046FBF7B0FDC0F31500E06051
:10EEF00000229D493046FBF7A8FDC0F313002061B6
:10EF00009FE700229949FBF7A0FDC0F30B002060AA
:10EF1000002297493046FBF798FDC0F3150060606A
:10EF2000002294493046FBF790FDC0F31500A06025
:10EF3000002291493046FBF788FDC0F31500E060E0
:10EF400000228E493046FBF780FDC0F3130020619C
:10EF500077E7002528460DB0BDE8F08F0025F9E7DA
:10EF60000025F7E70025F5E70025F3E70025F1E7A1
:10EF70000025EFE70025EDE70025EBE70025E9E7B1
:10EF80000025E7E70025E5E70025E3E70025E1E7C1
:10EF90000025DFE70025DDE70025DBE70025D9E7D1
:10EFA0000025D7E70025D5E70025D3E70025D1E7E1
:10EFB0000025CFE70025CDE70025CBE70025C9E7F1
:10EFC0000025C7E70025C5E70025C3E70025C1E701
:10EFD0000025BFE70025BDE70025BBE70025B9E711
:10EFE0000025B7E70025B5E70025B3E70025B1E721
:10EFF0000025AFE70025ADE70025ABE70025A9E731
:10F000000025A7E70025A5E70025A3E70025A1E740
:10F0100000259FE700259DE700259BE7002599E750
:10F02000002597E7002595E7002593E7002591E760
:10F0300000258FE700258DE700258BE7002589E770
:10F04000002587E7002585E7002583E7002581E780
:10F0500000257FE700257DE700257BE7002579E790
:10F06000002577E7002575E7002573E7002571E7A0
:10F0700000256FE700256DE700256BE7002569E7B0
:10F08000002567E7002565E7002563E7002561E7C0
:10F0900000255FE700255DE700255BE7002559E7D0
:10F0A000002557E7002555E7002553E7002551E7E0
:10F0B00000254FE700254DE700254BE7002549E7F0
:10F0C000002547E74FF0FF3544E74FF0FF3541E7B4
:10F0D00000253FE700253DE700253BE7002539E710
:10F0E000002537E7002535E7002533E7002531E720
:10F0F00000252FE700252DE700252BE7002529E730
:10F10000002527E7002525E7002523E7002521E73F
:10F1100000251FE700251DE700251BE7002519E74F
:10F1200099F811305A1ED2B2012A7EF662AE02223E
:10F13000FEF709BE124D7CE5002400946FF0C07309
:10F1400022461021FCF766FE00940E4B22464FF437
:10F15000A0213046FCF75EFE7EE500BF20000D00DA
:10F1600064000C0068000C0060000C0068000D00DA
:10F1700040000D0044000D0048000D003C000D0053
:10F1800000100008FF0FFCF7F0B585B00446436B94
:10F190001968FDF7A3FE064623681B69984703AB71
:10F1A000002211462046FDF7CFFF636B9B6A19686A
:10F1B0002046FDF747FC636B9B6A59682046FDF7C4
:10F1C00097F9636B9B6AD9892046FCF7C2F8636B99
:10F1D0009B6A99892046FCF7C4F800212046FCF779
:10F1E0004EF9002500954FF6FF532A461021204680
:10F1F000FDF710FB636B9B6A5A8919892046FDF75E
:10F2000007FA636B9B6A1B8A02220C212046FCF7DB
:10F2100090F8636B9B6A5B8A2A460C212046FCF7B8
:10F2200088F8636B197A2046FDF732FB636BD96867
:10F230002046FCF74DF9616B0B7E4A69096920464F
:10F24000FDF76CFA636B9A7F998B2046FCF794FB71
:10F25000226D537B2E2B05D0636B93F82C3033F04B
:10F260003F030AD0636B93F82C3003F03F035373D2
:10F27000002228492046FCF7ABFA636B93F82D1067
:10F280002046FCF767FF636B196A2046FCF740F9DC
:10F29000636B596A2046FCF75FF9636B93F82E3075
:10F2A0009BBB636B93F82F102046FCF709FB94F986
:10F2B0004C50002D26DB012303FA05F5AFB2164AA8
:10F2C00039462046FCF7D8FE0DF10A0300930223CD
:10F2D00000224FF4A0212046FBF7ADFBBDF80A3019
:10F2E00023EA0503ADF80A3000220C492046FCF75A
:10F2F00020F894F94D20B2FA82F25209394620469C
:10F30000FDF744FB304605B0F0BD2046FCF758FF42
:10F31000C7E700BF1400090092042001080005009F
:10F3200080B483B000AF78607B681B687A689A42CB
:10F330000CBF01230023DBB218460C37BD465DF835
:10F34000047B704780B483B000AF786039603B685D
:10F350001A687B681A607B683A685A603B681B6869
:10F360007A685A603B687A681A6000BF0C37BD46FD
:10F370005DF8047B704780B483B000AF78607B6831
:10F380005B687A6812681A607B681B687A685268E2
:10F390005A6000BF0C37BD465DF8047B704780B5EE
:10F3A00082B000AF786039607868FFF7E4FF3968B1
:10F3B0007868FFF7C7FF00BF0837BD4680BD80B53E
:10F3C00082B000AF78607868FFF7AAFF034683F049
:10F3D0000103DBB2002B07D07B685A687B681B688F
:10F3E0009A4201D1012300E0002318460837BD46A8
:10F3F00080BD000080B483B000AF78607B685A6A3B
:10F400007B681B6AD31A18460C37BD465DF8047B2F
:10F41000704780B483B000AF78607B681B6A184681
:10F420000C37BD465DF8047B704780B483B000AFF5
:10F4300078607B68043318460C37BD465DF8047B62
:10F44000704780B582B000AF78607868FFF7EDFF55
:10F450000346033323F0030318460837BD4680BD37
:10F4600090B583B000AF78607868FFF7EAFF044694
:10F470007868FFF7DAFF0346E31A18460C37BD46F3
:10F4800090BD80B485B000AF786039607B681B8820
:10F49000033323F00303FB603B681B681A46FB68D9
:10F4A000D31A1A463B681A607A68FB6813441846F8
:10F4B0001437BD465DF8047B704780B483B000AF5D
:10F4C00078607B68043318460C37BD465DF8047BD2
:10F4D000704780B483B000AF78607B681B88043BC2
:10F4E00018460C37BD465DF8047B704780B483B086
:10F4F00000AF786039603B68032B0BDD7B681B88AD
:10F50000032B07D97B681B881A463B68934201DBB3
:10F51000012300E0002318460C37BD465DF8047B4C
:10F52000704780B483B000AF78607B685B8823F459
:10F53000404318460C37BD465DF8047B704780B5E4
:10F5400082B000AF78607868FFF7B7FF0346D3E971
:10F550000023104619460837BD4680BD80B582B0ED
:10F5600000AF78607868FFF7A8FF03461B6818466D
:10F570000837BD4680BD80B582B000AF786078683E
:10F58000FFF79BFF0346B3F9003018460837BD4626
:10F5900080BD80B582B000AF78607868FFF78DFFDE
:10F5A000034693F9003018460837BD4680BD80B544
:10F5B00082B000AF78607868FFF77FFF0346D3E939
:10F5C0000023104619460837BD4680BD80B582B07D
:10F5D00000AF78607868FFF770FF03461B68184635
:10F5E0000837BD4680BD80B582B000AF78607868CE
:10F5F000FFF763FF03461B8818460837BD4680BDEA
:10F6000080B582B000AF78607868FFF756FF034698
:10F610001B7818460837BD4680BD80B584B000AF62
:10F62000786039607868FFF7F4FEF8603B6843F46F
:10F63000004100230022786800F01EF80346002BEA
:10F6400001DA002300E0FB6818461037BD4680BD94
:10F6500080B582B000AF786039607868FFF7D9FE76
:10F6600002463B68D31A9AB23B681A807B685B6992
:10F6700018460837BD4680BD90B587B000AFF8602A
:10F68000B9607A603B60F868FFF7B4FE04467868BA
:10F69000FFF7D7FE03469C4202DA6FF079032AE0B7
:10F6A0007868FFF7CEFE03461946F86800F018FCAC
:10F6B0007861BB689AB27B695A807868FFF7B5FEBB
:10F6C00003469AB27B691A807B691B881A467B695C
:10F6D0009C187868FFF7C4FE03461A4600212046AE
:10F6E000F1F73BFE7869FFF7E8FE7B681A46396858
:10F6F000F1F70AFE002318461C37BD4690BD80B4C2
:10F7000083B000AF0346FB71FB79013B0C2B2DD876
:10F7100001A252F823F000BF4DF7030051F7030098
:10F7200055F7030059F703006DF703006DF7030069
:10F730006DF703006DF703006DF703005DF703003D
:10F7400061F7030065F7030069F7030001230EE08A
:10F7500002230CE004230AE0082308E0012306E06A
:10F76000022304E0042302E0082300E000231846FB
:10F770000C37BD465DF8047B704780B588B000AF9C
:10F78000786039604FF000024FF00003C7E90623AC
:10F790007B681B78013B032B46D801A252F823F06B
:10F7A000B1F70300D1F70300F1F7030011F80300EC
:10F7B0003868FFF725FF0346DAB24FF00003C7E9C8
:10F7C00002234FF0FF024FF00003C7E904232EE0AD
:10F7D0003868FFF708FF03469AB24FF00003C7E905
:10F7E00002234FF6FF724FF00003C7E904231EE027
:10F7F0003868FFF7EBFE03461A464FF00003C7E9EF
:10F8000002234FF0FF324FF00003C7E904230EE05C
:10F810003868FFF7CCFEC7E902014FF0FF324FF026
:10F82000FF33C7E9042302E06FF0150344E07B686F
:10F830001B79032B20D0032B27DC012B02D0022BBA
:10F8400011D022E07B68B3F90C301AB24FEAE273B0
:10F85000C7E906237B68B3F90E301AB24FEAE273A8
:10F86000C7E9042314E07B68B3F90C301AB24FEAFD
:10F87000E273C7E906230BE07B68B3F90E301AB2D6
:10F880004FEAE273C7E9042302E06FF0150313E0C7
:10F89000D7E90201D7E90623994208BF904207D36E
:10F8A000D7E90223D7E90401994208BF904202D266
:10F8B0006FF0210300E0002318462037BD4680BDCD
:10F8C00080B588B000AF786039607B681B780A3BF0
:10F8D000032B5ED801A252F823F000BFEDF803001D
:10F8E00019F9030043F903006FF903003868FFF7C3
:10F8F00050FE03465AB24FEAE273C7E902236FF0A3
:10F900007F024FF0FF33C7E906234FF07F024FF02D
:10F910000003C7E904233FE03868FFF72CFE0346E5
:10F920001AB24FEAE273C7E90223404A4FF0FF33AD
:10F93000C7E9062347F6FF724FF00003C7E9042327
:10F940002AE03868FFF70AFE03461A464FEAE273D8
:10F95000C7E902234FF000424FF0FF33C7E9062307
:10F960006FF000424FF00003C7E9042314E0386849
:10F97000FFF7E5FDC7E902014FF000024FF0004339
:10F98000C7E906234FF0FF326FF00043C7E90423B5
:10F9900002E06FF0150344E07B681B79032B20D055
:10F9A000032B27DC012B02D0022B11D022E07B6835
:10F9B000B3F90C301AB24FEAE273C7E906237B6849
:10F9C000B3F90E301AB24FEAE273C7E9042314E028
:10F9D0007B68B3F90C301AB24FEAE273C7E9062329
:10F9E0000BE07B68B3F90E301AB24FEAE273C7E955
:10F9F000042302E06FF0150313E0D7E90201D7E911
:10FA00000623904271EB030307DBD7E90223D7E912
:10FA10000401904271EB030302DA6FF0210300E06E
:10FA2000002318462037BD4680BD00BF0080FFFF81
:10FA300080B584B000AF786039600023FB814FF659
:10FA4000FF73BB813868FFF744FDB8607B681B79A2
:10FA5000032B14D0032B17DC012B02D0022B09D06F
:10FA600012E07B68B3F90C30FB817B68B3F90E3090
:10FA7000BB810CE07B68B3F90C30FB8107E07B684D
:10FA8000B3F90E30BB8102E06FF015030BE0FB8988
:10FA9000BA689A4203DBBB89BA689A4202DD6FF00A
:10FAA000210300E0002318461037BD4680BD80B515
:10FAB00082B000AF786039607B681B780D2B1BDC4F
:10FAC0000A2B13DA042B02DC002B03DC14E0092BD5
:10FAD00006D011E039687868FFF74FFE03460DE065
:10FAE00039687868FFF7A4FF034607E0396878684B
:10FAF000FFF7E6FE034601E06FF0150318460837EE
:10FB0000BD4680BD80B58CB000AFF860B9607A604A
:10FB10000023FB62F868FFF7DCFCB862F868FFF7C7
:10FB200000FD78626FF021033B627B6A002B03DDEE
:10FB30007A6ABB689A4201DD0023A5E07B6A1B015B
:10FB40007A681344FB61FB691B780D2B8CBF012382
:10FB50000023DBB2BB61FB691B780D2B06D94C4B34
:10FB60004C4A4FF482714C48DFF727FBBB69002BEE
:10FB7000FB691B781846FFF7C2FD78617B69002B93
:10FB80000CDDBA6A7B699A4208D0FB695B881A4629
:10FB9000BB6A934202D06FF0150375E0FB691B78D6
:10FBA000072B07D1FB685B881BB2002B02DB6FF0D1
:10FBB000150369E0FB691B78072B0BD0FB691B78E9
:10FBC000082B07D0FB685B881BB2002B02DA6FF0B2
:10FBD000150359E0FB691B78092B09D0092B1FDCA1
:10FBE000052B05D0052B1BDB073B012B18D80AE0A2
:10FBF000FB695B88002B26D0FB695B881A46BB6AD1
:10FC0000934220DD3FE0BB6A002B1ED0BB6A032B72
:10FC100036DDFB699B68002B19D06FF0150333E0CC
:10FC2000FB695B88002B03D0FB695B88FB6205E006
:10FC3000FB691B781846FFF762FDF862BA6AFB6A37
:10FC40009A421FDB04E000BF02E000BF00E000BFFB
:10FC5000FB691B79002B0ED0002B0FDB013B022B25
:10FC60000CD8F968F869FFF722FF38623B6A002B6D
:10FC700003D03B6A08E000BF00E000BF002303E0C0
:10FC800000BF00E000BF3B6A18463037BD4680BD6C
:10FC9000E82405004C2505000C25050080B588B03A
:10FCA00000AFF860B9607A603B60BB6A002B07D098
:10FCB0007B6801339B001A460021B86AF1F74DFBBF
:10FCC000FB68FB61BB683B612CE0F869FFF729FC2E
:10FCD00003467B837B8B002B03D07B8B7A689A4215
:10FCE00002DA6FF0150326E03B68002B0AD03A6871
:10FCF0007968F869FFF706FF78617B69002B01DA04
:10FD00007B6918E0BB6A002B05D07B8B9B00BA6A2D
:10FD10001344FA691A6007F110031946F869FFF7EE
:10FD2000B0FBF8613B691946F869FFF7DFFB034652
:10FD3000002BCAD1002318462037BD4680BD90B5A0
:10FD400087B002AFF860B9607A603B607B685B881F
:10FD50001BB2002B02DB6FF015030FE07868FFF792
:10FD6000ACFB04467868FFF7B4FB0146FB680093E0
:10FD70003B68BA682046FFF791FF034618461437E0
:10FD8000BD4690BD80B582B000AF786039607968BB
:10FD90000120EEF78DFC034618460837BD4680BDAE
:10FDA00080B582B000AF78607868EEF795FC00BF50
:10FDB0000837BD4680BD80B582B000AF78607868F6
:10FDC000FFF7EEFF00BF0837BD4680BD80B483B0AB
:10FDD00000AF78607B681B687A689A420CBF012389
:10FDE0000023DBB218460C37BD465DF8047B704734
:10FDF00080B584B000AF786039607B68283339689B
:10FE00001846FFF7BFFFF860FB68002B01D1002305
:10FE100015E0FB68BB60FB6803F12802BB68DA6190
:10FE2000BB68DA69BB689A61BB68DA69BB681A6249
:10FE3000BB68DA697B681A44BB685A62BB681846BB
:10FE40001037BD4680BD80B483B000AF78603960A4
:10FE50007B685B693A689A4202D27B683A685A6169
:10FE600000BF0C37BD465DF8047B704780B584B099
:10FE700000AF786039607B685A6A7B681B6AD31A66
:10FE80001A463B6893428CBF01230023DBB2FB6020
:10FE90007B685A6A7B681B6AD31A1A463B6893428E
:10FEA00005D90C4B0C4A29210C48DFF786F9FB6871
:10FEB000002B7B68DA693B681A447B68DA617B68EF
:10FEC0001A6A3B681A447B681A6200BF1037BD4645
:10FED00080BD00BF5C250500D42505007C250500FC
:10FEE00080B584B000AF786039607B685A6A7B68FF
:10FEF0001B6AD31A1A463B6893428CBF0123002326
:10FF0000DBB2FB607B685A6A7B681B6AD31A1A46AD
:10FF10003B68934205D90E4B0E4A31210E48DFF75C
:10FF20004CF9FB68002B7B681B6ABB607B685A69D5
:10FF30003B681A447B685A617B681A6A3B681A44BA
:10FF40007B681A62BB6818461037BD4680BD00BF8B
:10FF50005C250500E02505007C25050080B586B000
:10FF600000AFF860B9607A607968F868FFF7B8FFA9
:10FF700078617A68B9687869F1F7C6F97B691846DB
:10FF80001837BD4680BD80B584B000AF7860396059
:10FF90007B68DA693B685B421A447B68DA617B689C
:10FFA0005A693B681A447B685A617B68DA697B68E6
:10FFB0009B699A4234BF01230023DBB2FB607B685C
:10FFC000DA697B689B699A4205D2074B074A43214D
:10FFD0000748DFF7F2F8FB68002B7B68DB691846FF
:10FFE0001037BD4680BD00BFB8250500E8250500D7
:10FFF0007C25050080B483B000AF786039607B68F1
:020000040004F6
:100000005B693A689A4201D900230DE07B68DA699E
:100010003B681A447B68DA617B685A693B68D21A8C
:100020007B685A617B68DB6918460C37BD465DF812
:10003000047B704780B582B000AF78607868FFF7C6
:10004000C5FE0346002B01D0002301E07B681B683E
:1000500018460837BD4680BD80B483B000AF7860D5
:1000600039607B681A683B681A603B687A685A6036
:100070007B681B683A685A607B683A681A6000BF00
:100080000C37BD465DF8047B704780B483B000AF89
:10009000786039603B687A681A607B685A683B68A8
:1000A0005A607B685B683A681A607B683A685A6095
:1000B00000BF0C37BD465DF8047B704780B584B047
:1000C00000AF78607868FFF781FE0346002B01D00F
:1000D000002313E07B681B68FB60FB681B68FA6801
:1000E00052685A60FB685B68FA6812681A60FB68BD
:1000F00000221A60FB6800225A60FB68184610371D
:10010000BD4680BD80B584B000AF786002E0F8687D
:10011000FFF751FE7868FFF7D1FFF860FB68002B0E
:10012000F5D100BF00BF1037BD4680BD80B485B09B
:1001300000AF786039603B68FB607B68190EFB6834
:100140005A1CFA60CAB21A707B68190CFB685A1CF8
:10015000FA60CAB21A707B68190AFB685A1CFA6006
:10016000CAB21A70FB685A1CFA607A68D2B21A7066
:1001700000BF1437BD465DF8047B704780B584B07E
:1001800000AFF860B9607A603B60BB68102B05D0A7
:10019000084B094A1A210948DFF70FF8BB693A688A
:1001A0007968F868F0F734F8034618461037BD460A
:1001B00080BD00BFF4250500482605001026050077
:1001C00080B590B002AFF860B9607A603B607B6C3C
:1001D000102B02D04FF0FF3329E007F114037B63AB
:1001E000796B0120FFF7A2FF7B6B04337B6308224E
:1001F0007968786BF1F788F87B6B08337B631022A2
:100200003968786BF1F780F87B6B10337B637B6C1C
:10021000DB00796B1846FFF789FF07F114023B6C8E
:1002200000932023B968F868FFF7A8FF0346184633
:100230003837BD4680BD00BF80B483B000AF786062
:100240007B685A6A7B681B6AD31A18460C37BD460E
:100250005DF8047B704780B485B000AF0346396019
:10026000FB803B68FB60FB881B0A99B2FB685A1C49
:10027000FA60CAB21A70FB685A1CFA60FA88D2B2E5
:100280001A7000BF1437BD465DF8047B704780B418
:1002900085B000AF786039603B68FB607B68190E01
:1002A000FB685A1CFA60CAB21A707B68190CFB68AA
:1002B0005A1CFA60CAB21A707B68190AFB685A1C89
:1002C000FA60CAB21A70FB685A1CFA607A68D2B235
:1002D0001A7000BF1437BD465DF8047B704780B5C7
:1002E00082B000AF786039603868EFF7EBFF024604
:1002F0007B681A607B681B68002B01D0002301E03B
:100300006FF00B0318460837BD4680BD80B586B038
:1003100000AFF8600B467A607B81FB687B61062248
:1003200000217869F1F719F87B6906337B617B89D5
:1003300079691846FFF78FFF7B6902337B61796922
:100340007868FFF7A4FF7B6904337B617B695A1CE3
:100350007A6106221A7000BF1837BD4680BD80B58D
:1003600092B004AFF860B9607A607B80BB68DB69EB
:100370007B63BB68DA697B6813443B63BB685A697B
:100380007B68D31AFB62BB68DA69BB685B6913449C
:10039000BB62B868FFF750FF0346072B02DC6FF023
:1003A00068032AE0798807F114033A6C1846FFF7CE
:1003B000ADFFBB68DB69043326221A70FB6818683E
:1003C000FB6A07F1140108220392BA6A02920193B0
:1003D0003B6B00937B687A6BEFF794FF78627B6AE4
:1003E000002B04D10821B868FFF77AFD04E0BB6850
:1003F000DB69043320221A707B6A18463837BD4601
:1004000080BD80B483B000AF0346FB71FB79262B1F
:100410000CBF01230023DBB218460C37BD465DF844
:10042000047B704780B582B000AF78607B685B6901
:10043000072B02D86FF04C0307E07B685B69083B31
:1004400019467868FFF7FFFC002318460837BD46B9
:1004500080BD80B592B004AFF860B9607A607B80EF
:10046000BB68DA697B685B4213447B63BB68DB690A
:100470003B63BB685B69FB62BB68DA69FB6A134478
:10048000BB62798807F114033A6C1846FFF73EFF08
:10049000FB68186807F1140108230393BB6A0293F1
:1004A000FB6A01933B6B00937B687A6BEFF772FFFB
:1004B00078627B6A002B03D17B6B043320221A7095
:1004C0007B6A18463837BD4680BD80B582B000AF24
:1004D00078607B681B681846EFF708FF00BF083795
:1004E000BD4680BD80B584B000AFF860B9607A6069
:1004F000FB6818697B681022B968EFF7B7FF002323
:1005000018461037BD4680BD80B582B000AF786018
:100510007B681846EFF786FF02467B681A61002366
:1005200018460837BD4680BD80B582B000AF786000
:100530007B681B691846EFF78DFF00BF0837BD4683
:1005400080BD000080B582B000AF78607B68002B72
:1005500005D10D4B0D4A22210D48DEF72EFE7B689A
:100560001B68002B05D10020EDF7CAFF02467B680F
:100570001A607B681B684FF0FF311846EDF7C4FF27
:1005800000BF0837BD4680BD542605009C260500E7
:100590005C26050080B582B000AF78607B68002BD8
:1005A00003D07B681B68002B05D1074B074A2A2123
:1005B0000748DEF702FE7B681B681846EDF7D0FFA0
:1005C00000BF0837BD4680BD80260500A82605006F
:1005D0005C26050080B588B000AFF860B9607A602D
:1005E0000023FB61FB68DB68BB61BB69883318468D
:1005F000FFF7A8FFFB697A68B968B86901F00DFDDB
:100600007861BB6988331846FFF7C4FF7B691846D9
:100610002037BD4680BD80B588B000AFF860B960B6
:100620007A600023FB61FB68DB68BB61BB698833D0
:100630001846FFF787FFFB697A68B968B86901F067
:1006400017FD7861BB6988331846FFF7A3FF7B6904
:1006500018462037BD4680BD80B58AB002AFF8602D
:10066000B9607A603B600023FB61FB68DB68BB61BB
:10067000BB6988331846FFF765FFFB690193BB6AC6
:1006800000933B687A68B968B86901F019FD786130
:10069000BB6988331846FFF77DFF7B691846203712
:1006A000BD4680BD80B588B002AFF860B9607A60A1
:1006B0003B60FB68DB687B617B6988331846FFF72A
:1006C00041FF3B6A00933B687A68B968786901F03A
:1006D00027FD38617B6988331846FFF75BFF3B696C
:1006E00018461837BD4680BD80B58AB004AFF860A3
:1006F000B9607A603B60FB68DB687B617B6988334B
:100700001846FFF71FFFBB6A02937B6A01933B6A9F
:1007100000933B687A68B968786901F02BFD38610D
:100720007B6988331846FFF735FF3B691846183751
:10073000BD4680BD80B582B000AF78607868EDF7C7
:10074000CBFF00BF0837BD4680BD80B582B000AF8B
:1007500078607868FFF7EEFF00BF0837BD4680BDC0
:1007600080B584B000AFF860B9607A607868F0F75F
:1007700070FE034601331A467B68B968F868FEF7D5
:100780007BFF034618461037BD4680BD80B584B058
:1007900000AFF860B9607A603B1D0422B968F86860
:1007A000FEF76AFF034618461037BD4680BD80B489
:1007B00085B000AF786039603B68FB60FB685A1C0D
:1007C000FA607A68D2B21A707B68190AFB685A1C00
:1007D000FA60CAB21A707B68190CFB685A1CFA607E
:1007E000CAB21A707B68190EFB685A1CFA60CAB24A
:1007F0001A7000BF1437BD465DF8047B704780B4A3
:1008000085B000AF78607B68FB60FB681B789AB2AC
:10081000FB6801331B789BB21B029BB213439BB254
:1008200018461437BD465DF8047B704780B483B02A
:1008300000AF78607B6818460C37BD465DF8047BD6
:10084000704780B485B000AFF860B9607A6000236B
:1008500018461437BD465DF8047B704780B58AB0F2
:1008600000AFF860B9607A603B60F868FFF7DEFFC0
:1008700078623B6B796B1846FFF7BAFA38623B6ACD
:10088000002B01D100235AE00421386AFFF728FB2E
:10089000F861F9693868FFF78AFF0021386AFEF7C6
:1008A000BCFEB861BB69002B3CD07B6A5B6B1A460F
:1008B0000121386AFFF76AFF0346002B34D1082173
:1008C000386AFEF7AAFE78617B69002B2ED0BB68E0
:1008D0001B685B681A460221386AFFF741FF03462E
:1008E000002B25D17A680421386AFFF74FFF0346B1
:1008F000002B1DD10521386AFEF78FFE38613B6958
:10090000002B17D03B6A0833BA691A603B6A083378
:1009100004337A691A603B6A083308333A691A600B
:100920003B6A0CE000BF06E000BF04E000BF02E04D
:1009300000BF00E000BF386AFFF707FF002318463A
:100940002837BD4680BD80B588B000AF786039607B
:100950007868FFF76BFFF8613B6808331B68BB6181
:100960003B68083304331B687B613B6808330833FA
:100970001B683B6139693868FEF76AFE7969386837
:10098000FEF766FEB9693868FEF762FE3B68DB6910
:10099000FB6004213868FFF72DFB0346002B02D1D2
:1009A0006FF015030CE0F868FFF729FF0346BB6002
:1009B000FB69DB6A3A68B968184600F0B7FF03467E
:1009C00018462037BD4680BD80B400AF00231846CE
:1009D000BD465DF8047B704780B400AF00BFBD46E4
:1009E0005DF8047B7047000080B485B000AF78608C
:1009F00039607B681B88033323F00303FB603B688B
:100A00001B681A46FB68D31A1A463B681A607A6854
:100A1000FB68134418461437BD465DF8047B7047E5
:100A200080B483B000AF78607B68043318460C371D
:100A3000BD465DF8047B704780B483B000AF78603A
:100A40007B681B88043B18460C37BD465DF8047B69
:100A5000704780B483B000AF786039603B68032B87
:100A60000BDD7B681B88032B07D97B681B881A4624
:100A70003B68934201DB012300E0002318460C375A
:100A8000BD465DF8047B704780B584B000AF7860E8
:100A900039607868FFF7C4FFF8603868F0F7D9FC70
:100AA00003461A46F9683868F0F7FFFB0346184614
:100AB0001037BD4680BD80B582B000AF78607868E1
:100AC000FFF7AEFF03461B6818460837BD4680BDDA
:100AD00080B582B000AF78607868FFF7A1FF034669
:100AE000B3F9003018460837BD4680BD80B582B0E6
:100AF00000AF78607868FFF793FF0346D3E90023DF
:100B0000104619460837BD4680BD80B582B000AF9B
:100B100078607868FFF784FF03461B68184608373B
:100B2000BD4680BD80B584B000AFF860B9607A6022
:100B30003B1D0422B968F868FEF79EFD034618467F
:100B40001037BD4680BD80B582B000AF7860786850
:100B5000FFF766FF03461B8818460837BD4680BD71
:100B600080B584B000AFF860B9601346FB80BB1D50
:100B70000222B968F868FEF77FFD03461846103771
:100B8000BD4680BD80B584B000AFF860B960134643
:100B9000FB80BB1D0222B968F868FEF76DFD0346B5
:100BA00018461037BD4680BD80B582B000AF786072
:100BB0007868FFF735FF03461B7818460837BD46AF
:100BC00080BD80B584B000AFF860B9601346FB719A
:100BD000FB1D0122B968F868FEF74EFD0346184672
:100BE0001037BD4680BD80B586B000AFF860B960F3
:100BF0007A600221F868FEF710FD78617B69002BAE
:100C000005D1AB4BAB4A2A21AB48DEF7D6FA7B685D
:100C1000002B09D07B68B3F854301A467B68312129
:100C2000F868FEF729FD3861BB68002B00F085816C
:100C3000BB681B781A460121F868FFF7C2FF3861CC
:100C40003B69002B02D06FF0150382E1BB685B7833
:100C50001A460221F868FFF7B4FF38613B69002BA0
:100C600002D06FF0150374E1BB689B781A4603212C
:100C7000F868FFF7A6FF38613B69002B02D06FF0E0
:100C8000150366E1BB68DB781A460421F868FFF7B4
:100C900098FF38613B69002B02D06FF0150358E1D3
:100CA000BB681B78002B0DD1BB689B881A460621B8
:100CB000F868FFF755FF38613B69002B02D06FF0F1
:100CC000150346E1BB689B681A460721F868FFF7E1
:100CD00029FF38613B69002B02D06FF0150338E122
:100CE000BB68DB681A460821F868FFF71BFF38610C
:100CF0003B69002B02D06FF015032AE1BB685B69EA
:100D00001A460921F868FFF70DFF38613B69002B8F
:100D100002D06FF015031CE1BB681B691A460A215B
:100D2000F868FFF7FFFE38613B69002B02D06FF0D7
:100D300015030EE1BB681B7E1A460D21F868FFF70C
:100D400040FF38613B69002B02D06FF0150300E1D2
:100D5000BB685B7E1A461421F868FFF732FF3861E2
:100D60003B69002B02D06FF01503F2E0BB689B7E5D
:100D70001A461521F868FFF724FF38613B69002BFC
:100D800002D06FF01503E4E0BB68DB7E1A46162143
:100D9000F868FFF716FF38613B69002B02D06FF04F
:100DA0001503D6E0BB681B7F1A461921F868FFF7C8
:100DB00008FF38613B69002B02D06FF01503C8E0D3
:100DC000BB681D3308222621F868FEF755FC386100
:100DD0003B69002B02D06FF01503BAE0BB6893F8B3
:100DE00025301A461F21F868FFF7EBFE38613B6992
:100DF000002B02D06FF01503ABE0BB6893F82630F0
:100E00001A462021F868FFF7DCFE38613B69002BA9
:100E100002D06FF015039CE0BB6893F827301A46A8
:100E20002121F868FFF7CDFE38613B69002B02D025
:100E30006FF015038DE0BB6893F828301A46222125
:100E4000F868FFF7BEFE38613B69002B02D06FF0F7
:100E500015037EE0BB6893F829301A462321F86811
:100E6000FFF7AFFE38613B69002B02D06FF015032E
:100E70006FE0BB6893F82A301A462B21F868FFF719
:100E8000A0FE38613B69002B02D06FF0150360E0D3
:100E9000BB6893F82B301A462C21F868FFF791FEB7
:100EA00038613B69002B09D06FF0150351E000BF9A
:100EB000B826050014270500C8260500BB6893F86E
:100EC0002C301A462D21F868FFF77BFE38613B690C
:100ED000002B02D06FF015033BE0BB6893F82D3078
:100EE0001A462E21F868FFF76CFE38613B69002B2B
:100EF00002D06FF015032CE0BB6893F82E301A4631
:100F00002F21F868FFF75DFE38613B69002B02D0A6
:100F10006FF015031DE0BB68DB7E012B0DD1BB68B4
:100F20001B6B1A463021F868FFF7FCFD38613B69FE
:100F3000002B02D06FF015030BE07969F868FEF71B
:100F400087FB38613B69002B02D16FF0150300E08D
:100F5000002318461837BD4680BD80B586B000AF67
:100F60007860396003217868FEF757FB38613B6988
:100F7000002B02D16FF015033BE000237B6127E0DB
:100F800001217868FEF749FBB860BB68002B02D1ED
:100F90006FF015032DE03B687A6933F812301A467A
:100FA00001217868FFF7EEFDF860FB68002B01D0A7
:100FB000FB681EE0B9687868FEF74AFBF860FB68DA
:100FC000002B02D16FF0150313E07B6901337B61C5
:100FD0003B681B6A7A699A42D2DB39697868FEF706
:100FE00037FBF860FB68002B02D16FF0150300E0BF
:100FF000002318461837BD4680BD80B588B002AFC3
:10100000F860B9607A603B603B4B1B68002B10D0E6
:10101000394B1A68384B1B689269DA61364B1A688B
:10102000354B1B6892691A62334B1B6800225A6168
:1010300007E000214FF48060FEF7DAFE03462E4AF7
:1010400013602D4B1B6800211846FEF7E6FA786105
:101050007B69002B02D16FF0150348E0264B1B681B
:10106000BA6801211846FFF75DFD38613B69002B26
:1010700001D03B693BE07B68002B02D13B68002B31
:101080000CD01D4B1B683A6879681846FFF7ABFD1A
:1010900038613B69002B10D03B6928E03B6A002B8C
:1010A0000BD0154B1B68396A1846FFF756FF38619D
:1010B0003B69002B01D03B6919E00F4B1B68796934
:1010C0001846FEF7C5FA38613B69002B02D16FF074
:1010D00015030CE0084B1B689B697A6A0192009328
:1010E000FB68064A0021064800F048FE0346184601
:1010F0001837BD4680BD00BF84E3002004270500EB
:101100000C27050080B582B000AF00237B60002172
:101110000A4800F0DBFD78607B68002B01D07B681B
:1011200007E00023064A0021044800F0F7FD78603C
:101130007B6818460837BD4680BD00BF0C270500F8
:101140000427050080B586B002AF78600023BB603D
:101150000023FB6007F108030193002300930023A1
:10116000002279680120FFF748FF03461846103730
:10117000BD4680BD80B586B002AF7860396000237F
:10118000BB603B68FB6007F10803019300230093F9
:101190000023002279680220FFF72FFF034618463C
:1011A0001037BD4680BD80B586B002AF78600023A1
:1011B000BB600023FB6007F1080301930023009349
:1011C0000023002279680320FFF717FF0346184623
:1011D0001037BD4680BD80B586B002AF7860002371
:1011E000BB600023FB6007F1080301930023009319
:1011F0000023002279680420FFF7FFFE034618460B
:101200001037BD4680BD80B586B002AF78603960CA
:101210000023BB600023FB6007F108030193002358
:10122000009300233A6879680520FFF7E6FE03463D
:1012300018461037BD4680BD80B586B002AF7860D5
:1012400039600023BB600023FB6007F108030193B2
:101250003B6800930023002279680620FFF7CDFE4B
:10126000034618461037BD4680BD80B586B002AF34
:10127000786039600023BB600023FB6007F108033E
:1012800001933B6800930023002279680720FFF751
:10129000B4FE034618461037BD4680BD80B586B003
:1012A00002AF786039600023BB600023FB6007F168
:1012B00008030193002300933B680022796805200E
:1012C000FFF79BFE034618461037BD4680BD80B52C
:1012D0008CB002AF786039607B68002B01D10023AD
:1012E0003FE007F10C0000230093204B7A680421B3
:1012F000FEF725FD38623B6A002B01D03B6A30E0E7
:10130000002387F827303B69002B06D03B6918463D
:10131000FFF74AFC034687F827303B6897F82720F9
:101320001A70002387F82630BB69002B06D0BB69F2
:101330001846FFF739FC034687F826303B6897F8D4
:1013400026205A700023BB847B69002B05D07B6963
:101350001846FFF7BDFB0346BB843B68BA8C5A8036
:10136000002318462837BD4680BD00BF2C27050046
:1013700090B5A3B002AFF860B9607A600023BB6794
:101380007B6800221A60FB68002B02D16FF07303A8
:1013900021E1F868FFF744FBF867F868FFF74CFBBA
:1013A00003467B650AE1BB6F5A1CBA671A46742371
:1013B00003FB02F3BA6813443B6607F110000023F5
:1013C0000093874BFA6F1021FEF7B9FCF865FB6DAF
:1013D000002B01D0FB6DFEE0BB69002B14BF012385
:1013E0000023DAB23B6E1A717B6A002B14BF012313
:1013F0000023DAB23B6E5A71BB6A002B14BF012383
:101400000023DAB23B6E9A710023A7F876307B692D
:10141000002B06D07B691846FFF795FB0346A7F81B
:1014200076303B6EB7F876201A80002387F8753047
:10143000FB69002B06D0FB691846FFF7B5FB034696
:1014400087F875303B6E97F875209A70002387F8FF
:1014500074303B6A002B06D03B6A1846FFF7A4FBAA
:10146000034687F874303B6E97F87420DA700023D7
:101470003B67FB6A002B04D0FB6A1846FFF71BFB97
:1014800038673B6E3A6F9A600023A7F86E30FB6BAB
:10149000002B06D0FB6B1846FFF755FB0346A7F859
:1014A0006E303B6EB7F86E209A810023A7F86C303F
:1014B0003B6C002B06D03B6C1846FFF744FB034601
:1014C000A7F86C303B6EB7F86C20DA81002387F800
:1014D0006B30BB6C002B06D0BB6C1846FFF764FB6F
:1014E000034687F86B303B6E97F86B205A740023E5
:1014F00087F86A307B6C002B06D07B6C1846FFF7B0
:1015000053FB034687F86A303B6E97F86A201A74DB
:1015100000237B66FB6C002B04D0FB6C1846FFF7A6
:10152000F4FA78663B6E7A6E1A673B6D002B17D023
:101530003B6DBB65B86DFFF77FFA03469AB23B6E11
:10154000A3F86E203B6E03F11A04B86DFFF768FA3A
:1015500001463B6EB3F86E301A462046EFF7D4FED4
:101560003A6B3B6E123319461046FFF7B0FEF86532
:10157000FB6D002B01D0FB6D2DE07A6B3B6E1233BF
:1015800019461046FFF7A3FEF865FB6D002B01D04E
:10159000FB6D20E0BA6B3B6E163319461046FFF721
:1015A00096FEF865FB6D002B01D0FB6D13E007F193
:1015B00054031946F86FFFF717FAF8677B6D194661
:1015C000F86FFFF746FA0346002B7FF4ECAE7B681A
:1015D000BA6F1A60002318468437BD4690BD00BF1D
:1015E0007C27050080B590B002AF786039607B68D9
:1015F000002B02D16FF015034FE007F10800002324
:101600000093284B7A680521FEF799FB38623B6A04
:10161000002B01D03B6A40E0FB68002B14BF012384
:101620000023DBB21A463B681A7000237B633B69D8
:10163000002B04D03B691846FFF767FA78633B68D4
:101640007A6B9A604FF000024FF00003C7E90A235B
:101650007B69002B05D07B691846FFF747FAC7E97D
:101660000A013968D7E90A23C1E9042300237B6210
:10167000BB69002B04D0BB691846FFF746FA7862B5
:101680003B687A6ADA60F8693B6803F11C013B68E1
:1016900018331A46FFF76CFE034618463837BD4626
:1016A00080BD00BF8C28050080B58AB002AF78608D
:1016B000396007F1080000230093124B7A68042177
:1016C000FEF73DFBF861FB69002B01D0FB6915E0DB
:1016D000BB69002B02D0FB68002B02D16FF0150311
:1016E0000CE0FB681846FFF710FA02463B685A60A8
:1016F000BB6939681846FFF775FF0346184620375F
:10170000BD4680BDEC28050080B59AB002AF786078
:1017100039607B68DA6907F1240000230093224BCB
:101720000D21FEF70CFBF865FB6D002B01D0FB6D66
:1017300035E07B6C002B02D16FF015032FE07A6C43
:1017400007F10C0000230093184B0521FEF7F7FA70
:10175000F865FB6D002B01D0FB6D20E07B69002B51
:1017600007D07B6912491846FFF78EF90346002B14
:1017700002D06FF0150312E0FB69002B06D0FB6965
:101780001846FFF7C2F90346082B02D06FF0150385
:1017900005E03B6A39681846FFF786FF034618469E
:1017A0006037BD4680BD00BF3C2905001C2A0500EE
:1017B0000427050080B582B000AF78607868ECF748
:1017C0008BFF00BF0837BD4680BD80B582B000AF3B
:1017D00078607868FFF7EEFF00BF0837BD4680BD30
:1017E00080B584B000AF786039607B68803319467B
:1017F0000120ECF75DFF0346FB60FB68002B01D185
:1018000000230DE0FB6803F18002FB68DA60FB68EF
:1018100003F11802FB681A61FB683A681A62FB68F8
:1018200018461037BD4680BD80B584B000AF7860E3
:101830007B68FB60F868FFF7BDFF00BF1037BD464F
:1018400080BD80B485B000AF78607B68FB60054ADE
:10185000FB681360002318461437BD465DF8047B0F
:10186000704700BF88E3002080B483B000AF786089
:10187000084B1B6800229A62064B1B680022DA6242
:10188000044B00221A6000BF0C37BD465DF8047B94
:10189000704700BF88E3002080B586B000AFF860D5
:1018A000B9601346FB710B4B1B6824337B617B696A
:1018B0009B68002B03D1B868FFF787FF06E07B69C0
:1018C0009B687A691268B968104698471837BD4610
:1018D00080BD00BF88E3002080B483B000AF786093
:1018E00000BF0C37BD465DF8047B704780B586B0FD
:1018F00000AFF860B9601346FB710B4B1B682433D3
:101900007B617B695B68002B07D07B695B687A69C8
:101910001268B9681046984702E0B868FFF755FFAB
:1019200000BF1837BD4680BD88E3002080B586B073
:1019300000AFF860B9607A6000237B610D4B1A68D4
:10194000BB680633DB0013443B613B695B68002BDB
:1019500003D16FF06E037B6106E03B695B683A6917
:1019600012687968104698477B6918461837BD4653
:1019700080BD00BF88E3002080B582B000AF08F0D2
:101980009BFA78607B68002B01D07B6802E004F052
:1019900051FA034618460837BD4680BD80B500AFF2
:1019A00004F07AFA08F0E8FA00BF80BD80B500AF15
:1019B0000A4B1B68002B05D1094B0A4A9D210A4896
:1019C000DDF7FBFB054B1B681B6A5B68034A12686B
:1019D000104698470346184680BD00BF88E30020A4
:1019E0007C2A0500CC2A0500882A050080B500AFB6
:1019F000094B1B68002B05D1084B094AA321094854
:101A0000DDF7DBFB044B1B681B6A9B68024A12680C
:101A10001046984700BF80BD88E300207C2A05005F
:101A2000DC2A0500882A050080B586B000AFF86082
:101A3000B9607A600D4B1B68002B05D10C4B0D4A29
:101A4000AA210D48DDF7B9FB084B1B6824337B61E5
:101A50007B69FA681A607B69BA685A607B697A6840
:101A60009A6000BF1837BD4680BD00BF88E30020E4
:101A70007C2A0500E82A0500882A050080B487B082
:101A800000AFF860B9607A60BB680A2B02D96FF0CA
:101A900021030DE0094B1A68BB680633DB001344D1
:101AA0007B617B697A685A607B69FA681A600023F7
:101AB00018461C37BD465DF8047B704788E300205C
:101AC00080B582B000AF78600C4B1B68002B05D14D
:101AD0000B4B0C4ABD210C48DDF76FFB074B1B6815
:101AE0001B6A5B6B054A126810467A6852B211464F
:101AF0009847034618460837BD4680BD88E3002056
:101B00007C2A0500082B0500882A050080B582B0D4
:101B100000AF78600B4B1B68002B05D10A4B0B4ABA
:101B2000C3210B48DDF749FB064B1B681B6A1B6989
:101B3000044A1268796810469847034618460837E1
:101B4000BD4680BD88E300207C2A0500242B0500CB
:101B5000882A050080B582B000AF7860074B1B680B
:101B60001B6A9B69054A126810467A68D2B2042142
:101B70009847034618460837BD4680BD88E30020D5
:101B800080B588B000AF0346FB800E4B1B68002B6E
:101B900005D10D4B0D4ACF210D48DDF70EFBFB881B
:101BA0003B81084B1B681B6ADB69064A12681046BA
:101BB00007F1080104229847034618462037BD461E
:101BC00080BD00BF88E300207C2A0500342B05007F
:101BD000882A050080B588B000AF0346FB800E4B15
:101BE0001B68002B05D10D4B0D4AD8210D48DDF7A0
:101BF000E4FAFB887B81084B1B681B6ADB69064A99
:101C00001268104607F1080101229847034618465A
:101C10002037BD4680BD00BF88E300207C2A050038
:101C2000482B0500882A050080B588B000AFC7E9B9
:101C300000010F4B1B68002B05D10E4B0E4AE12112
:101C40000E48DDF7BAFAD7E90023C7E90423084BA9
:101C50001B681B6ADB69064A1268104607F1080117
:101C600002229847034618462037BD4680BD00BF74
:101C700088E300207C2A0500602B0500882A0500E7
:101C800080B582B000AF0346FB710C4B1B68002B84
:101C900005D10B4B0B4AE9210B48DDF78EFA074BB8
:101CA0001B681B6A9B6B054A12681046FA7911463D
:101CB0009847034618460837BD4680BD88E3002094
:101CC0007C2A05007C2B0500882A050080B582B09F
:101CD00000AF78603960064B1B683A68796818462F
:101CE000FEF778FC034618460837BD4680BD00BFA6
:101CF00088E3002080B582B000AF78603960064B81
:101D00001B683A6879681846FEF785FC0346184652
:101D10000837BD4680BD00BF88E3002080B586B08F
:101D200002AFF860B9607A603B60074B1B681846E9
:101D30003B6800937B68BA68F968FEF78DFC034640
:101D400018461037BD4680BD88E3002080B586B0B8
:101D500002AFF860B9607A603B60074B1B681846B9
:101D60003B6800937B68BA68F968FEF79BFC034602
:101D700018461037BD4680BD88E3002080B588B086
:101D800004AFF860B9607A603B60094B1B68184685
:101D9000FB690293BB6901933B6800937B68BA6857
:101DA000F968FEF7A1FC034618461037BD4680BD12
:101DB00088E3002080B400AF024B1846BD465DF8B2
:101DC000047B7047C02A050080B483B000AF786000
:101DD0007B687A681A607B681A687B685A6000BF03
:101DE0000C37BD465DF8047B704780B485B000AF0A
:101DF000786039607B68FB603B68BB60BB681A46F3
:101E0000FB68BFF35B8F1A60BFF35B8F00BF1437B3
:101E1000BD465DF8047B704780B483B000AF786046
:101E200039607A683B68D31ADB0FDBB218460C378F
:101E3000BD465DF8047B704780B483B000AF786026
:101E4000396000BF0C37BD465DF8047B704780B435
:101E500083B000AF7860396000BF0C37BD465DF8D5
:101E6000047B704780B485B000AFF860B9607A60D9
:101E70003B6000BF1437BD465DF8047B704780B4FB
:101E800085B000AFF860B9607A6000BF1437BD4616
:101E90005DF8047B704780B485B000AFF860B9602E
:101EA0007A603B6000BF1437BD465DF8047B704725
:101EB00080B483B000AF7860396000BF0C37BD4696
:101EC0005DF8047B704780B485B000AFF860B960FE
:101ED0007A603B6000BF1437BD465DF8047B7047F5
:101EE00080B582B000AF7860786808F0C3FB7B688B
:101EF0001B6E002B07D07B681B6E184608F0F8FE9F
:101F00007B6800221A6600BF0837BD4680BD80B5D9
:101F100082B000AF78607B68002283F864207B6821
:101F2000002283F865207B6868331846FFF74CFF72
:101F30007B68703300211846FFF757FF7B6800224B
:101F40005A6700BF0837BD4680BD80B582B000AF7C
:101F500078607B6868331846FEF7D4F87B68703386
:101F600000211846FFF741FF00BF0837BD4680BD7E
:101F700080B584B000AF78607B681B6E002B0BD1FE
:101F8000002300220F49786800F047F8F860FB68EA
:101F9000002B01D0FB6811E07B68012283F89020C0
:101FA0007B689B6F5B6A786898477B6893F8913091
:101FB000002B01D0002301E06FF004031846103716
:101FC000BD4680BD982B050080B582B000AF78601B
:101FD0007B68002283F890207B689B6F5B6A78683F
:101FE000984700BF0837BD4680BD80B582B000AFBE
:101FF00078607B681B6E184608F08EFE00BF0837BD
:10200000BD4680BD80B582B000AF78607868FFF7CC
:1020100067FF00BF0837BD4680BD80B586B000AF02
:10202000F860B9607A603B60B968F868FFF704FF50
:10203000FB6893F89130002B02D06FF00F0313E090
:102040003B687A68B968F86808F0ECFD78617B69EC
:10205000002B02D16FF0150306E0F868FFF740FF90
:10206000FB687A691A66002318461837BD4680BD9A
:1020700080B586B000AFF860B9607A603B60B9683F
:10208000F868FFF7E4FEFB681B6E7B617B69002B41
:1020900009D07B691B685B68B9681846EFF7B2F92D
:1020A0000346002B02D06FF0150305E03A6879680B
:1020B000786908F048FE034618461837BD4680BDCB
:1020C00080B588B002AFF860B9607A603B603B6869
:1020D0007A68B968F868FFF7C5FEFB681B6E7B611C
:1020E0007B69002B0CD07B691B685B68B96818465C
:1020F000EFF788F90346002B02D13B68002B02D191
:102100006FF0150308E07B6A00933B6A3A687968D0
:10211000786908F037FE034618461837BD4680BD7B
:1021200080B586B000AFF860B9607A603B607A68CD
:10213000B968F868FFF7A3FEFB681B6E7B617B69DB
:10214000002B09D07B691B685B68B9681846EFF7FC
:1021500059F90346002B02D06FF0150306E03B6AE5
:102160003A687968786908F02BFE034618461837F4
:10217000BD4680BD80B588B002AFF860B9607A60B6
:102180003B603B6A00933B687A68B968F868FFF780
:1021900082FEFB681B6E7B617B69002B0CD07B6928
:1021A0001B685B68B9681846EFF72CF90346002BEB
:1021B00002D13B68002B02D16FF015030AE0BB6A25
:1021C00001937B6A00933B6A3A687968786908F002
:1021D00013FE034618461837BD4680BD80B588B04B
:1021E00000AF786039607B684C337B617B691B682A
:1021F0003A68D31A3B610023FB767B699A687B6956
:102200001B6919460B465B000B449B001344FB61A2
:1022100025E07B691B695A1C7B691A610123FB76E7
:102220007B691B691A467B69DB689A420CD3396863
:10223000786808F036FAF860FB68002B02D06FF07F
:102240005E0319E0012317E07B699A687B691B69CB
:1022500019460B465B000B449B001344FB61FB6972
:102260009B68002B07D0FB695B683A69D21AFB694F
:102270009B689A42CDDAFB7E18462037BD4680BD6A
:1022800090B58FB002AF786039607B684C337B6269
:102290007B68002283F8642039687868FFF708FEBD
:1022A0007B6893F86530002B06D0786808F0E2F977
:1022B0007B68002283F865207B6ADB68002B0CD1E9
:1022C0003968786808F0EDF938623B6A002B01D074
:1022D00000235FE00123BB620AE000BF3968786831
:1022E000FFF77CFFB862BB6A002B01DA002351E0E4
:1022F0007B6A9A687B6A1B6919460B465B000B4434
:102300009B001344FB61FB691B68BB61BB6A002B2C
:102310000ED07B6A1B68FA69526813447B61796945
:102320003868FFF779FD0346002B01D07B693B60DD
:10233000FB699B683B613B69002B08D07B6A1B688B
:102340003A68D31AFA6952689B1AFB6201E00023CB
:10235000FB623B690093FB6A3A68B9697868FFF7EA
:10236000B2FDBB691B685C6A3B69FA6A3968B86987
:10237000A047F860FB68002B0BD1FB6A002B08D04C
:10238000FB699B681A463B681A44FB6AD31A3B6098
:10239000A4E7FB6818463437BD4690BD80B582B0CF
:1023A00000AF78607B6893F8643083F00103DBB2A0
:1023B000002B04D07B689B6F5B6A7868984700BFEE
:1023C0000837BD4680BD80B483B000AF78607B68BD
:1023D000012283F8642000BF0C37BD465DF8047B02
:1023E000704780B582B000AF78607B68012283F8C7
:1023F00065207B689B6F5B6A7868984700BF0837E9
:10240000BD4680BD80B582B000AF78603960786825
:10241000ECF760F9034618460837BD4680BD80B525
:1024200082B000AF78607868ECF756F900BF0837E3
:10243000BD4680BD80B582B000AF78607868FFF798
:10244000EEFF00BF0837BD4680BD80B483B000AF4B
:1024500078607B681B687A689A420CBF012300236E
:10246000DBB218460C37BD465DF8047B704780B57B
:1024700082B000AF78607868FFF7DCFF00BF0837F4
:10248000BD4680BD80B483B000AF78607B68BFF389
:102490005B8F53E8002F02F1FF3243E8002100294F
:1024A000F7D1BFF35B8F00BF0C37BD465DF8047BEF
:1024B000704780B483B000AF78607B6818460C37F3
:1024C000BD465DF8047B704780B483B000AF786090
:1024D0007B6818460C37BD465DF8047B704780B4B6
:1024E00083B000AF78607B68083B18460C37BD4668
:1024F0005DF8047B704780B483B000AF78607B6880
:10250000103B18460C37BD465DF8047B704780B51C
:1025100086B000AFF860B9607A603B60F868FFF79A
:10252000EAFF78617B695B681846FFF7C2FF386194
:102530003B69D86A3B6893F832301A467968FFF7EE
:10254000ABF900BF1837BD4680BD80B584B000AF81
:10255000786039607868FFF7CEFFF860FB685B68E9
:102560001846FFF7A6FFB860BB6868331846FDF74A
:10257000A5FD034618461037BD4680BD80B586B020
:1025800000AFF860B9607A60FB70F868FFF7B3FFDE
:1025900078617B695B681846FFF78BFF3861FB78D1
:1025A000012B23D13B695B6F5A1C3B695A673B691E
:1025B0005B6F3A6992F9A420934206DC3B69683369
:1025C00079681846FDF748FD29E03B6900225A6703
:1025D0003B69DB6A1846FFF77FF97868FFF747FF2A
:1025E0003B6970331846FFF74DFF18E0FB78022B6C
:1025F00006D13B69683379681846FDF72DFD0EE07A
:102600003B6900225A673B69DB6A002279681846F9
:10261000FFF76CF93B6970331846FFF733FF00BFD3
:102620001837BD4680BD80B483B000AF786000BF6E
:102630000C37BD465DF8047B704780B586B000AFAF
:10264000F860B9607A603B60F868FFF748FF78612E
:102650007B695B681846FFF72CFF38613B6968337C
:102660001846FFF7F2FE0346002B01D0012200E0DE
:1026700002227B691A747B69034A5A617B691033B1
:1026800018461837BD4680BDA026002080B584B00E
:1026900000AF786000214820FFF7B4FEF860FB68C7
:1026A000002B01D1002306E0FB687A685A60FB68C2
:1026B000034A9A60FB6818461037BD4680BD00BFCC
:1026C000B026002080B584B000AF78607868FFF74E
:1026D000FBFEF860F868FFF7A2FE00BF1037BD46AA
:1026E00080BD80B588B000AFF860B9607A60F868E6
:1026F000FFF7EAFEF861BB681B681946B86808F086
:1027000035F8B861BB69002B14BF01230023DBB28D
:102710007B61BB69002B05D01F4B204AAD212048AF
:10272000DCF74BFD7B69002B14BF01230023DBB2D8
:10273000002B01D0BB692AE04FF0FF320021B868BE
:1027400008F03BF8B861BB69002B14BF01230023DC
:10275000DBB23B61BB69002B05D00F4B0F4AB221A6
:102760000F48DCF72AFD3B69002B14BF012300232F
:10277000DBB2002B01D0BB6909E0FB6903F1080162
:1027800000230022B86808F078F8B861BB691846E1
:102790002037BD4680BD00BFA82B0500EC2B0500EF
:1027A000B02B050080B500AF024808F085F903465C
:1027B000184680BDD826002080B500AF024808F03A
:1027C0001BFA00BF80BD00BFD826002080B582B0B4
:1027D00000AF786039607868EBF77CFF03461846F5
:1027E0000837BD4680BD80B582B000AF786078689C
:1027F000EBF772FF00BF0837BD4680BD80B483B0E1
:1028000000AF78607B6818460C37BD465DF8047BE6
:10281000704780B584B000AF786000210C20FFF7CE
:10282000D5FFF860FB68002B01D1002306E0FB68B0
:102830007A685A60FB6800229A60FB681846103775
:10284000BD4680BD80B584B000AF78607868FFF782
:10285000D5FFF860FB689B68002B07D0FB685A68BF
:10286000FB689B681946104609F004FFF868FFF7FB
:10287000BAFF00BF1037BD4680BD80B584B000AF41
:1028800078607868FFF7BAFFF860FB689B68002BF8
:1028900007D0FB685A68FB689B681946104609F028
:1028A000FEFE00BF1037BD4680BD80B586B000AFCC
:1028B000F860B9607A603B60F868FFF79FFF786165
:1028C000BB68002B02D06FF001031DE07B699B68A1
:1028D000002B07D07B695A687B699B6819461046B4
:1028E00009F0C8FE7B6958683B6A3A68796809F064
:1028F0005BFE02467B699A607B699B68002B02D174
:102900006FF0150300E0002318461837BD4680BD60
:1029100080B588B002AFF860B9607A603B60F86853
:10292000FFF76CFF78617B699B68002B02D16FF029
:1029300001031BE0BB68002B0AD17B699B681B6805
:102940005B6819467868EEF75DFD0346002B02D000
:102950006FF015030AE07B6958687B6999687B6AA8
:1029600000933B6A3A6809F0CEFE034618461837D2
:10297000BD4680BD80B588B000AFF860B9607A60B0
:10298000F868FFF73BFFF861FB699B68002B02D1F9
:102990006FF001034AE0BB681B681946B86807F08E
:1029A000E5FEB861BB69002B14BF01230023DBB235
:1029B0007B61BB69002B05D01E4B1F4A8C211F4831
:1029C000DCF7FBFB7B69002B14BF01230023DBB288
:1029D000002B01D0BB6929E04FF0FF320021B8681D
:1029E00007F0EBFEB861BB69002B14BF0123002385
:1029F000DBB23B61BB69002B05D00E4B0E4A912127
:102A00000E48DCF7DAFB3B69002B14BF01230023DF
:102A1000DBB2002B01D0BB6908E0FB699968002399
:102A20000022B86807F029FFB861BB691846203753
:102A3000BD4680BD1C2C0500602C0500242C050023
:102A400080B500AF024808F037F80346184680BD4D
:102A50000C27002080B500AF024808F0CDF800BF79
:102A600080BD00BF0C27002080B582B000AF786029
:102A70007868EBF731FE00BF0837BD4680BD80B5F2
:102A800082B000AF78607868FFF7EEFF00BF0837CC
:102A9000BD4680BD80B483B000AF78607B681846C7
:102AA0000C37BD465DF8047B704780B483B000AF3F
:102AB00078607B68083B18460C37BD465DF8047BA0
:102AC000704780B483B000AF78607B68D3F850362D
:102AD0007A68126A02FB03F318460C37BD465DF8AC
:102AE000047B704780B485B000AF786039603B6884
:102AF000FB607B68190EFB685A1CFA60CAB21A7038
:102B00007B68190CFB685A1CFA60CAB21A707B68A1
:102B1000190AFB685A1CFA60CAB21A70FB685A1C80
:102B2000FA607A68D2B21A7000BF1437BD465DF8F9
:102B3000047B704780B584B000AF03463960FB80EA
:102B40003B6840F2FA2202FB03F31A4A82FB0312AB
:102B50009211DB17D31AFB81174BB3F90020B7F999
:102B600006301146184609F036FE03461A46B7F9F4
:102B70000E301946104609F0FFFD0346BB81B7F938
:102B80000C30B3F5006F07DCB7F90C300B4A9342F9
:102B9000B8BF13461BB201E04FF40063BB81B7F925
:102BA0000C30184609F095FE034618461037BD460E
:102BB00080BD00BFD34D6210D02C050000F8FFFF90
:102BC00090B599B000AFF860B9607A603B60BB68BF
:102BD0000C337B650023FB65BB6893F838303B659D
:102BE00097F87C30002B31D03868BB6803F5D5638B
:102BF00010221946EEF788FB3B6F1B681A463B68AC
:102C0000083319461046FFF76DFF3B6803F11000CB
:102C1000BB6803F5D76310221946EEF775FB3B68D6
:102C200001221A623B6840225A623B6800229A6283
:102C30003B680022DA623B6800221A633B6800228C
:102C40005A633B6800229A633B68FB6597F87830CB
:102C5000002B55D0012387F85B3097F87C30002B90
:102C600032D03B6F9A6813469B0013445B0103F517
:102C7000B4531833FA681344FB64FB6858683B6F1D
:102C80001A693B6F1B7B1C46796F07F0BAF8024646
:102C90000B46F86CE1000144C1E9002397F85B3072
:102CA00043F0040387F85B303B6D032B06D197F8A4
:102CB0005B3043F0300387F85B3005E097F85B301A
:102CC00043F0100387F85B303B6F19697B681A4645
:102CD0000023136053609360D36013615361936169
:102CE0007B6801221A707B687A6F5A607B6897F85C
:102CF0005B201A747B6859617B68FA6D9A6149E0C0
:102D0000012387F85A300023A7F8583097F87C3011
:102D1000002B21D097F85A3043F0040387F85A303B
:102D20003B6D032B06D197F85A3043F0300387F8F8
:102D30005A3005E097F85A3043F0100387F85A30BC
:102D40007B6D93F8C935002B02D040F2C22301E01D
:102D500040F20223A7F858303B6F5B69D9B27B6819
:102D60001A460023136053609360D360136153616C
:102D700093617B687A6F5A607B6897F85A201A7360
:102D80007B680A465A737B68B7F858201A827B68BA
:102D9000FA6D9A6100BF6437BD4690BD80B483B0C0
:102DA00000AF786039603B685B8F03F40073002BE1
:102DB00001D1002307E03B6893F83530982B01D808
:102DC000002300E0012318460C37BD465DF8047B64
:102DD000704780B590B002AFF860B9607A603B6030
:102DE000FB6803F58E5308331B683B633B6B0C3366
:102DF000FB62BB689A6813469B0013445B0103F5B2
:102E0000B4531833FA681344BB6207F1100300226D
:102E10001A605A609A60DA603B68002B00F0AB8061
:102E20003968F868FFF7BAFF034683F00103DBB2A5
:102E3000002B40F0A0803B685B8F03F04003002B29
:102E400014BF0123002387F827303B685B8F03F012
:102E50000203002B14BF0123002387F8263097F8C4
:102E60002730002B54D03B685B8F03F08003002B8E
:102E700014BF0123002387F825303B681B6A7B843D
:102E80003B685A6AB7F9223011461846FFF752FEDE
:102E900003463B84FB6A93F8CF351A46BB685B69EF
:102EA0009A4203D1BB6A24337B630EE0FB6A93F83A
:102EB000D0351A46BB685B699A4203D1BB6A2C3392
:102EC0007B6302E0BB6A1C337B637B6B01229A71DC
:102ED000BB685B69DAB27B6B5A71B7F9223018466E
:102EE00009F068FD03461A467B6B1A80B7F920305B
:102EF000184609F05FFD03461A467B6B5A8097F827
:102F00002530002B04D03B6893F834207B6B1A717A
:102F100097F82630002B0BD0BB681B7B19463B680B
:102F2000D3E90223B86AC9000144C1E9002303E0E0
:102F3000BB6A012283F83C207B68002B23D007F179
:102F4000100300220192002200927A68B968F868A2
:102F500002F073FB0346002B0FD107F110037A68D0
:102F6000B968F86802F084FA034683F00103DBB223
:102F7000002B08D002E000BF00E000BFBB6A0122C6
:102F800083F83C2000E000BF3837BD4680BD80B5E7
:102F900098B004AFF860B9607A603B60BB689A682B
:102FA00013469B0013445B0103F5B4531833FA68CE
:102FB00013443B64FB6803F58E5308331B68FB64C2
:102FC0000023BB6207F1180300221A605A609A605E
:102FD000DA603B68002B00F0BE803B685B8F03F03B
:102FE0000103002B00F0B780FB6C93F80C37002B2B
:102FF00001D0002301E007F1280307F11802019333
:1030000007F11403009313467A68B968F86802F070
:1030100014FB0346002B40F09280BB6A002B0FD0BC
:10302000BA6AFB6803F58E5308331A60FB6803F530
:103030008E5308331B68FB64F96CF86800F009FDD7
:1030400007F1100307F118027968F86801F0DCFE57
:10305000034683F00103DBB2002B72D17A693B682F
:103060001B68F96CF86804F089FB0023BB6401233A
:103070007B6450E07A6C13465B001344DB0003F57D
:103080008E530833FA6813440433FB637A6C134697
:10309000DB009B1A9B004033FA681344BB637A6CD5
:1030A00013461B019B1A9B0003F5BA63FA6813448D
:1030B00004337B63FB6B5B68B3F1FF3F14BF0123F9
:1030C000002387F83330FB6B1B7B022B94BF01235B
:1030D000002387F832303B681B68FA6C9269F96B01
:1030E000096801FB02F21344FB62FB6B1B68BB64C3
:1030F00097F83230039397F833300293FB6A0193C9
:10310000FB6B00937B6BBA6BF96CF868FFF758FDAB
:103110007B6C01337B647A6C3B699A42AAD33B682F
:103120001A68FB681A61FB6C9B69BA6C013202FB7E
:1031300003F2FB685A613A69FB689A6110E000BFCC
:1031400000E000BF3B681A68FB681A61FB6C9A6973
:10315000FB685A6100E000BF3B6C012283F83C2011
:103160005037BD4680BD80B58CB002AFF860B96005
:103170007A603B60BB689A6813469B0013445B010E
:1031800003F5B4531833FA6813447B6207F1140350
:1031900000221A605A609A60DA603B68002B1BD0EC
:1031A00007F1140300220192002200927A68B968A4
:1031B000F86802F042FA0346002B0FD107F114031E
:1031C0007A68B968F86801F0C9FF034683F0010323
:1031D000DBB2002B08D002E000BF00E000BF7B6A3A
:1031E000012283F83C2000E000BF2837BD4680BDA7
:1031F00080B58CB002AFF860B9607A603B60BB68A4
:103200009A6813469B0013445B0103F5B4531833CB
:10321000FA6813447B6207F1140300221A605A60B3
:103220009A60DA603B68002B1BD007F11403002280
:103230000192002200927A68B968F86802F0FDF9FC
:103240000346002B0FD107F114037A68B968F868B8
:1032500002F09BF8034683F00103DBB2002B08D099
:1032600002E000BF00E000BF7B6A012283F83C203F
:1032700000E000BF2837BD4680BD80B588B000AFF4
:10328000F860B9607A603B60F868FFF70EFCF8619F
:10329000BA6813465B001344DB0003F58E53083312
:1032A000FA6913440433BB61FB6903F58E53083399
:1032B0001B687B61BB691B7B062B2DD801A252F8D2
:1032C00023F000BFE1320400E1320400E1320400E7
:1032D000EF320400FD3204000B3304002B330400F2
:1032E0003B687A68B969F869FFF773FD1EE03B68CF
:1032F0007A68B969F869FFF74AFE17E03B687A68AF
:10330000B969F869FFF72FFF10E03B687A68B9697F
:10331000F869FFF76DFF09E001233B611F4B204A6D
:1033200040F289111F48DBF748FF00BF7B68002B84
:1033300002D07868FFF7A3FBBB699A68F969134666
:103340009B0013445B010B4403F5B65314331B7805
:10335000002B1ED07B691B7B002B15D0BB691B7B10
:10336000022B16D8FB6903F502531C331B685A1E47
:10337000FB6903F502531C331A60FB6903F5025322
:103380001C331B68002B04D1BB6801331A46FB6851
:103390001A6100BF2037BD4680BD00BF902C0500DC
:1033A000D42C0500982C050080B588B000AF78605B
:1033B00039607868FFF779FBF8613A6813465B007B
:1033C0001344DB0003F58E530833FA6913440433C6
:1033D000BB61FB6903F58E5308331B6893F83830E3
:1033E0007B617B69032B05D1BB691B7B022B01D859
:1033F00000236FE0FB695B6800227F21184605F01F
:1034000059FE38613B69002B0CBF01230023DBB25E
:10341000FB603B69002B06D1304B314A4FF4D3712E
:103420003048DBF7CAFEFB68002B14BF01230023E2
:10343000DBB2002B01D000234CE03A69B969F8698E
:1034400000F0C4FFBB691B7B062B28D801A252F8F1
:1034500023F000BF7134040071340400B734040059
:103460007B3404008734040093340400B734040030
:103470003969F86901F0A2FA1EE03A69B969F86998
:1034800001F048F818E03A69B969F86901F0C8F83C
:1034900012E03A69B969F86901F0AEF90CE03869EF
:1034A000FFF7EDFA0123BB600F4B0D4A4FF4DF71BC
:1034B0000C48DBF782FE00BF3A69B969F86902F08F
:1034C00048F80346002B04D03869FFF7D8FA0023E8
:1034D00000E03B6918462037BD4680BDC82C05007A
:1034E000E42C0500982C0500902C050080B586B0D2
:1034F00000AFF860B9607A60FB70F868FFF7D5FA42
:1035000038617868FFF7BBFAFB78022B19D10023EA
:103510007B610EE039697A6913469B0013445B01B5
:103520000B4403F5B653143301221A707B6901333F
:103530007B613B6903F5025318331B687A699A4231
:10354000E8DB00BF1837BD4680BD80B584B000AF52
:1035500078607868FFF7A9FAF860FB6803F58E5386
:1035600008331B68BB60BB68002B0AD0B968F868D9
:1035700004F04FF9FB6803F58E53083300221A60FC
:1035800000E000BF1037BD4680BD80B485B000AFFD
:1035900078607B680833FB60FB6800221A70FB6868
:1035A000054A5A60FB680022DA60FB681846143747
:1035B000BD465DF8047B70474027002080B485B08D
:1035C00000AF03463960FB71FB791B0243F4803284
:1035D000FB791343FB603B680133FA6822FA03F37B
:1035E000BB60BB6893FAA3F2B2FA82F2002B01D15E
:1035F0004FF0FF3201323B6813445A4203F0070395
:1036000002F0070258BF534218461437BD465DF812
:10361000047B704780B584B000AF78607B680C3362
:10362000FB60FB6893F8D1257B68D3F858361946C0
:103630001046FFF7C3FF02467B68C3F85826FB68B5
:1036400093F8D235012B16D0022B23D0FB6893F8C8
:10365000CE257B68D3F85C3619461046FFF7AEFFDF
:1036600002467B68C3F860267B68D3F860267B68D7
:10367000C3F85C262CE0FB6893F8CF351A467B68CC
:10368000C3F85C26FB6893F8D0351A467B68C3F80C
:1036900060261DE07B68D3F85C36FA6892F8CF2587
:1036A000934207D1FB6893F8D0351A467B68C3F87C
:1036B0005C2606E0FB6893F8CF351A467B68C3F8B2
:1036C0005C267B68D3F85C267B68C3F8602600BF65
:1036D00000BF1037BD4680BD80B58CB000AFF8602C
:1036E000B9607A60FB685B68184606F036FB0346F3
:1036F000FB85BB681B8A4FF6FF72934218D0BB68EC
:103700001B8AFA8D9A4213D0BB68198A7B681833DA
:1037100000221A605A609A60DA601A615A617B6806
:103720000A465A837B6801221A63BB681B8A03E03E
:103730007B6800221A63FB8D18463037BD4680BD7A
:1037400090B591B004AF786039603B6803F543737E
:10375000BB610023FB617B6808337B617A69396850
:103760007868FFF7B9FF03461A467B6803F50253F2
:1037700020331A80BB69D3F8C032012B02D1BB6958
:103780009A8801E04FF6FF727B6803F502532233FB
:103790001A807B6903221A707B69814A5A603B68F0
:1037A000D3F840463868FFF78CF902463B689B69BE
:1037B00003FB02F3E2187B699A607B6803F1400225
:1037C0007B695A613868FFF725FFBB69D3F8C032BF
:1037D0001A467B6803F5025318331A60BB69D3F8A5
:1037E000C0321A467B6803F502531C331A607B68AB
:1037F00003F5B4531833BB627B6803F502531833E7
:103800001B681A4613469B0013445B011A460021AD
:10381000B86AEDF7A2FD7B6803F58E530C33FB62AB
:10382000FB695A1CFA61FA6A1360FB6A4FF0FF32B7
:103830005A60FB6A00229A603B68D3F85826FB6AFC
:103840001A61FB6A03221A73FB6A1833FB62FB6975
:103850005A1CFA61FA6A1360FB6A4FF0FF325A6031
:10386000FB6A00229A603B68D3F85826FB6A1A610B
:10387000FB6A00221A73FB6A1833FB6200237B6227
:1038800025E0BA697B6A2C2101FB03F3134404335E
:103890001A88BB6A5A87BB6AA033BB62FB695A1C91
:1038A000FA61FA6A1360FB6A7A6A5A60FB6A7A6A9A
:1038B0009A603B68D3F85C26FB6A5A61FB6A012276
:1038C0001A73FB6A1833FB627B6A01337B627B6885
:1038D00003F5025318331B687A6A9A42D1DBFB69FD
:1038E0005A1CFA61FA6A1360FB6A4FF0FF325A60A1
:1038F000FB6A00229A603B68D3F85826FB6A1A617B
:10390000FB6A02221A73FB6A1833FB62FB695A1CBA
:10391000FA61FA6A1360FB6A4FF0FF325A60FB6A81
:1039200000229A603B68D3F85826FB6A1A61FB6A4A
:1039300004221A73FB6A1833FB623B6893F82C303D
:10394000002B23D000237B6218E0FB695A1CFA612C
:10395000FA6A1360FB6A7A6A5A60FB6A7A6A9A604A
:103960003B68D3F85C26FB6A5A61FB6A05221A732E
:10397000FB6A1833FB627B6A01337B627B6803F569
:10398000025318331B687A6A9A42DEDBFA697B6954
:103990001A617B699B683B6200237B6248E000BF41
:1039A000402700207A6A13465B001344DB0003F5CE
:1039B0008E5308337A6813440433FB627A6A1346E1
:1039C000DB009B1A9B0040337A6813443B617A6AA0
:1039D00013461B019B1A9B0003F5BA637A681344D4
:1039E0000433FB60FB6A5B68B3F1FF3F0CBF01234C
:1039F0000023FB72FB6A1B7B022B94BF0123002375
:103A0000BB72BB7A0393FB7A02933B6A0193FB6A16
:103A10000093FB683A6939687868FFF7D1F83B682A
:103A20009B691A463B6A13443B627B6A01337B62A3
:103A30007B691A697B6A9A42B4D87B699B683A6A47
:103A4000D31A1A467B69DA607B6918463437BD465B
:103A500090BD90B58FB000AF786039607B68083357
:103A60007B637A6B39687868FFF736FE03461A463F
:103A70007B6803F5025320331A803B685A8A7B68BF
:103A800003F5025322331A807B6B03221A707B6B7F
:103A9000374A5A603B68D3F810277B6B9A603B68C3
:103AA000D3F814371A467B6BDA607B6803F1400267
:103AB0007B6B5A617B6B01221A613868FFF7AAFDA4
:103AC0007B6803F5B45318333B63A0220021386BA5
:103AD000EDF743FC3B685A8A3B6B5A877B6803F5DA
:103AE0000253183301221A607B6803F58E530C339E
:103AF000FB62FB6A00221A60FB6A4FF0FF325A60D9
:103B0000FB6A00229A603B68D3F85C26FB6A5A6124
:103B1000FB6A03221A737B684033BB627B6B986835
:103B20007B6BDB68002B02D07B6BD96801E04FF028
:103B3000FF31FB6A5B69DCB2BB6A1A460023136083
:103B400053609360D360136153619361BB6A5860A3
:103B5000BB6A9960BB6A01221A73BB6A22465A7318
:103B6000BB6A01221A827B6B18463C37BD4690BD6A
:103B70004027002080B586B000AFF860B9607A6059
:103B80003B60F868FEF786FF78617B695B689B693C
:103B90001A46BB6813441946786903F098FD3861EA
:103BA0007B6903F58E5308333A691A603B69002B31
:103BB00004D17869FFF7E9FC034604E039697869C4
:103BC00000F005F8034618461837BD4680BD80B59D
:103BD00082B000AF786039603B681B7B012B05D158
:103BE00039687868FFF7ACFD034604E03968786807
:103BF000FFF72FFF034618460837BD4680BD90B536
:103C000085B000AFF860B9607A60BB68D3F8404611
:103C1000B868FEF756FF0246BB689B6903FB02F3D8
:103C2000E2187B681A60BB681B7B012B0CD1BB6858
:103C3000D3F8CC350233BA68926902FB03F35B0018
:103C40001A467B685A6008E0BB689A6913465B00B5
:103C500013445B001A467B685A6000BF1437BD46A8
:103C600090BD00BF80B485B000AF03463960FB80D3
:103C70003B68FB60FB881B0A99B2FB685A1CFA6020
:103C8000CAB21A70FB685A1CFA60FA88D2B21A706B
:103C900000BF1437BD465DF8047B704780B485B023
:103CA00000AF786039603B68FB607B68190EFB6889
:103CB0005A1CFA60CAB21A707B68190CFB685A1C4D
:103CC000FA60CAB21A707B68190AFB685A1CFA605B
:103CD000CAB21A70FB685A1CFA607A68D2B21A70BB
:103CE00000BF1437BD465DF8047B704780B485B0D3
:103CF00000AF78607B68FB60FB6803331B781A4673
:103D0000FB6802331B781B021A43FB6801331B78E4
:103D10001B041A43FB681B781B0613431846143711
:103D2000BD465DF8047B704780B582B000AF786017
:103D300039603A6800217868EDF70FFB7B6800BFB7
:103D40000837BD4680BD80B58CB002AF7860396061
:103D500007F10C037B623B689B694FF47A7202FBAC
:103D600003F27B685B681B68384981FB030189119A
:103D7000DB17CB1A92FBF3F33B627B6A5A1C7A6225
:103D80003A68527B1A707B6A5A1C7A623A6892F8D7
:103D90003D201A707B6A5A1C7A623A68927B1A70CC
:103DA0003B68196B7B6A5A1C7A62CAB21A703B6A0A
:103DB0009BB2796A1846FFF755FF7B6A02337B6234
:103DC0007B6A5A1C7A623A6892F83C201A707B6AC5
:103DD0005A1C7A623A6892F838201A703B68596B1C
:103DE0007B6A5A1C7A62CAB21A707B6A5A1C7A625F
:103DF0003A6892F83A201A707B6A5A1C7A623A68DA
:103E000092F83B201A707B6A5A1C7A623A6892F8E0
:103E100039201A707B6A5A1C7A6203221A703B6836
:103E20001B68796A1846FFF739FF3B6803F5DB63C7
:103E300007F10C020093112310210548FCF79EF9AD
:103E4000034618462837BD4680BD00BFD34D6210DB
:103E5000482D050090B58BB002AF786039603B68A3
:103E600003F5CD63BB613B6893F83D30002B02D076
:103E70006FF05E035BE039687868FFF764FFF86114
:103E8000FB69002B47D13B6803F5CD6310222A491B
:103E90001846EDF739FA3B681022C3F8EC26B869EA
:103EA000BB69D3F884301C46BB6903F17001BB6960
:103EB0002033BA69D2F88420019200930B461F4A3E
:103EC0002146FCF77DF9F861FB69002B25D1BB6920
:103ED00003F12000BB69D3F884301946BB6903F1B4
:103EE00070021023019307F1080300931346144A4C
:103EF000FCF766F9F861FB69002B10D107F10803A4
:103F00000C331846FFF7F2FE034623F00042BB696C
:103F1000C3F8802004E000BF02E000BF00E000BF63
:103F200007F1080310211846FFF7FEFEFB6918464B
:103F30002437BD4690BD00BFF82C05000C2D0500B0
:103F4000182D050090B595B002AFF860B9607A60A1
:103F5000BB6803F5CD633B640023FB633B6C7033AC
:103F6000191D07F124030C221846EDF7CDF907F1CE
:103F700024030C331946F86BFFF790FE3B6C03F1FA
:103F800020003B6CD3F88430194607F1240210233B
:103F9000019307F11403009313463C4AFCF710F910
:103FA00078647B6C002B5BD13B6C4033BB63BB689C
:103FB0003E3308221946B86BEDF7A6F9BB6B083300
:103FC000BB6304220021B86BEDF7C7F9BB6B043368
:103FD000BB6307F114030C331846FFF787FE034653
:103FE00023F000437B63B96B786BFFF757FE3B6CA4
:103FF00003F120003B6CD3F884301C463B6C5033FB
:1040000007F124021021019100931346204A214612
:10401000FCF7D6F878647B6C002B23D13B6C03F162
:1040200020003B6CD3F884301C463B6C603307F1B6
:1040300024021021019100931346164A2146FCF7F1
:10404000BFF878647B6C002B0ED13B6C03F18802C7
:104050003B6C603319461046FCF741F9786404E084
:1040600000BF02E000BF00E000BF07F12403102101
:104070001846FFF759FE07F1140310211846FFF701
:1040800053FE7B6C18464C37BD4690BD242D050071
:10409000302D05003C2D050080B485B000AF786060
:1040A00039603B68FB607B68190EFB685A1CFA603C
:1040B000CAB21A707B68190CFB685A1CFA60CAB243
:1040C0001A707B68190AFB685A1CFA60CAB21A7027
:1040D000FB685A1CFA607A68D2B21A7000BF1437B3
:1040E000BD465DF8047B704780B485B000AF786052
:1040F0007B68FB60FB6801331B781A46FB681B7802
:104100001B02134318461437BD465DF8047B704705
:1041100080B584B000AF78607B6803F2F463FB6025
:10412000FB680C2200211846EDF717F97B681A6826
:10413000FB680C3319461046FFF7AEFFF868FCF732
:10414000E3F9034618461037BD4680BD80B584B0FC
:1041500000AF78607B6803F2F463FB60F868FCF7FB
:10416000E3F900BF1037BD4680BD80B590B000AF09
:10417000786039607B6803F2F463FB637B68DA691B
:104180007B689B6992FBF3F3BB637B681B6ABA6B2A
:1041900092FBF3F37B633B68002B01D1002329E002
:1041A00007F11C030C2200211846EDF7D6F83A68F7
:1041B00007F11C030C3319461046FFF76DFF07F19A
:1041C0000C0207F11C031946F86BFCF78BF93863F6
:1041D0003B6B002B0DD107F10C030E331846FFF794
:1041E00083FF0346FB85FB8D7A6B02FB03F31B14F5
:1041F00000E0002318464037BD4680BD80B483B040
:1042000000AF78607B68D3F850367A68126A02FB98
:1042100003F318460C37BD465DF8047B704790B534
:1042200083B000AF78607B68D3F848467868FFF7C2
:10423000E5FF0346234418460C37BD4690BD80B4C5
:1042400085B000AF03463960FB803B68FB60FB68CC
:104250005A1CFA60FA88D2B21A70FB881B0A99B20B
:10426000FB685A1CFA60CAB21A7000BF1437BD4608
:104270005DF8047B704780B485B000AF786039602A
:104280003B68FB60FB685A1CFA607A68D2B21A700D
:104290007B68190AFB685A1CFA60CAB21A707B68FC
:1042A000190CFB685A1CFA60CAB21A7000BF1437A6
:1042B000BD465DF8047B704780B485B000AF786080
:1042C00039603B68FB60FB685A1CFA607A68D2B2BE
:1042D0001A707B68190AFB685A1CFA60CAB21A7015
:1042E0007B68190CFB685A1CFA60CAB21A707B68AA
:1042F000190EFB685A1CFA60CAB21A7000BF143754
:10430000BD465DF8047B704780B485B000AF78602F
:104310007B68FB60FB681B789AB2FB6801331B78F3
:104320009BB21B029BB213439BB218461437BD4687
:104330005DF8047B704780B485B000AF78607B681F
:10434000FB60FB681B781A46FB6801331B781B0275
:104350001A43FB6802331B781B04134318461437B7
:10436000BD465DF8047B704780B485B000AF7860CF
:104370007B68FB60FB681B781A46FB6801331B787F
:104380001B021A43FB6802331B781B041A43FB68A9
:1043900003331B781B06134318461437BD465DF8DC
:1043A000047B704780B584B000AFC7E90201C7E95C
:1043B0000023D7E90023D7E90201ECF73CFE0246CF
:1043C0000B46104619461037BD4680BD80B588B0F3
:1043D00000AFF860B9607A60FB6803F58E5308336C
:1043E0001B687B6142F649137B8205217868FBF7E5
:1043F00077FDF8617B8AF9691846FFF720FFFB69B2
:104400000233FB61FB6803F5025322331B88F96911
:104410001846FFF714FFFB690233FB61FB6920229A
:104420001A70786804F0ACFE13220021786804F05A
:10443000F5FEF861F9691648FFF71DFFFB690333C4
:10444000FB610023BB6107E0FB695A1CFA6108228B
:104450001A70BB690133BB61BB69072BF4DD7B6953
:104460001B68F9691846FFF727FFFB690433FB61F6
:104470007869FFF7D4FE0246BB681B681344F969EC
:104480001846FFF719FF00BF2037BD4680BD00BFAB
:10449000FF185A0080B586B000AFF860B9601346C7
:1044A000FB71BA680221F86804F012FF78617B6939
:1044B000002B0CBF01230023DBB23B617B69002B87
:1044C00005D1104B104A76211048DAF776FE3B6989
:1044D000002B14BF01230023DBB2002B01D00023EB
:1044E0000CE079690A48FFF7C6FE7B6903337B61FC
:1044F0007B695A1C7A61FA791A707B6918461837F9
:10450000BD4680BD582D0500A42D0500602D050079
:10451000FF185A0080B58EB000AFF860B9607A60BD
:10452000FB6803F58E5308331B68FB62FB689B69CD
:10453000013BBB62BB6A9B000733032219467868C4
:10454000FFF7A8FF78637B6B5A1C7A63BA6AD2B212
:104550001A707B6B5A1C7A6300221A707B6B5A1C90
:104560007A6300221A7000233B634EE03B6B5A1CB7
:1045700013465B001344DB0003F58E530833FA68DF
:10458000134404337B627B6A5B68B3F1FF3F0CBF6B
:1045900001230023DBB23B627B6A1B68FB617B6A01
:1045A0005B68B3F1FF3F05D1FB6803F5025320338D
:1045B0001B8809E07B6A5B68FA6A2C2101FB03F324
:1045C000134403F544731B887B837B6A1B7B7B61ED
:1045D0003B6A03F00102FB695B0003F4FF731A43BB
:1045E0007B8B59020D4B0B401A437B695B0603F032
:1045F000F05313433B61796B3869FFF75DFE7B6BCA
:1046000004337B633B6B01333B633A6BBB6A9A4277
:10461000ACDB00BF00BF3837BD4680BD00FEFF01E8
:1046200080B596B002AFF860B9607A60FB6803F5B8
:104630008E5308331B683B64BB689A6813469B0023
:1046400013445B0103F5B4531833FA681344FB6455
:104650003B6C93F82430FB630123BB63FB6803F5D9
:1046600002531C331B687B63BB6B5B0003F10901C6
:104670007A6B13465B0013445B000B44042219461B
:104680007868FFF707FFB864FB6B5BB203F00103C8
:104690005AB2BB6B5B005BB203F002035BB2134325
:1046A0005AB27B6B9B005BB2134359B2BB6C5A1C72
:1046B000BA64CAB21A703B6CD3F854369BB2B96C68
:1046C0001846FFF7BCFDBB6C0233BB64FB6CD3E93F
:1046D0000023C7E90A23FB6CD3E90423C7E90823B5
:1046E00000237B6415E07A6C13469B0013445B0146
:1046F00003F5B4531833FA681344FB64FB6C93F866
:104700003C3083F00103DBB2002B0BD17B6C013317
:104710007B64FB6803F5025318331B687A6C9A427A
:10472000E1DB00E000BFFB6CD3E90223C7E906230D
:10473000FB685968D7E90A23CDE90023D7E90623A6
:10474000084605F074FB02460B4613467B61B96CC4
:104750007869FFF7B1FDBB6C0433BB643FE07A6C52
:1047600013469B0013445B0103F5B4531833FA68F6
:104770001344FB64FB6C93F83C30002B2BD13A6C58
:104780007B6C2C2101FB03F3134403F544731B885A
:10479000B96C1846FFF753FDBB6C0233BB64FB6C6E
:1047A000D3E90223C7E90623FB685968D7E9062342
:1047B000CDE90023D7E90823084605F038FB024677
:1047C0000B4613463B61B96C3869FFF775FDBB6C4E
:1047D0000433BB6400E000BF7B6C01337B64FB6887
:1047E00003F5025318331B687A6C9A42B7DB00BF9B
:1047F00000BF5037BD4680BD80B58AB000AFF860BD
:10480000B9607A60FB6803F58E5308331B683B621E
:104810003B6A0C33FB61BB689A6813469B001344E8
:104820005B0103F5B4531833FA681344BB61BB69E9
:1048300093F83D30002B06D0FB6993F8CA35002B66
:1048400001D0012300E00023FB75FB7D03F0010391
:10485000FB75BB6993F82A30002B06D0FB6993F8EF
:10486000CB35002B01D0012300E00023BB75BB7DBD
:1048700003F00103BB75BB6993F83230002B06D0FF
:10488000FB6993F8CC35002B01D0012300E0002315
:104890007B757B7D03F001037B75BB6993F8283042
:1048A000002B04D1BB6993F83030002B06D0FB6994
:1048B00093F8CD35002B01D0012300E000233B7598
:1048C0003B7D03F001033B75FB7D9B005A1DBB7DC7
:1048D0005B001A447B7D5B001A443B7DB87D797D8B
:1048E000014401FB03F31344052219467868FFF7DE
:1048F000D1FD786297F9173003F001035AB2BB7DFE
:104900005B005BB203F002035BB213435AB27B7DE0
:104910009B005BB203F004035BB213435AB23B7DCE
:10492000DB005BB203F008035BB2134359B27B6A4E
:104930005A1C7A62CAB21A70FB7D002B08D0BB6980
:104940009B69796A1846FFF7B7FC7B6A04337B6280
:10495000BB7D002B15D0BB69B3F926309BB2796AB9
:104960001846FFF76CFC7B6A02337B623B7D002BB1
:1049700007D0BB6993F828207B6A1A707B6A0133E1
:104980007B627B7D002B15D0BB69B3F92E309BB2C7
:10499000796A1846FFF753FC7B6A02337B623B7DE2
:1049A000002B07D0BB6993F830207B6A1A707B6AB2
:1049B00001337B6200BF2837BD4680BD80B586B01D
:1049C00000AF786039607B6803F58E5308331B684D
:1049D0007B617B6803F58E5308331B680C333B61A6
:1049E0003B69D3F83036002B41D03B69D3F83036E1
:1049F00003331A460221386804F06AFCF860FB6849
:104A0000002B0CBF01230023DBB2BB60FB68002B33
:104A100006D11A4B1A4A40F237111A48DAF7CDFB81
:104A2000BB68002B14BF01230023DBB2002B20D175
:104A30003B69D3F8D435F9681846FFF71CFCFB68CE
:104A40000333FB603B6903F5BB613B69D3F8303648
:104A50001A46F868ECF758FC3B690022C3F8302688
:104A60003B69D3F82C267B69C3F8182702E000BF06
:104A700000E000BF1837BD4680BD00BF582D0500BF
:104A8000C42D0500602D050080B58AB000AFF86028
:104A9000B9607A603B6042F64933FB83002387F8B4
:104AA0002730BB68DB69BB610521B868FBF7A2FA58
:104AB0000346002B13D0B869FFF726FC03461A46BD
:104AC000FB8B93420BD1BB6904331B781846FBF771
:104AD00098FC034683F00103DBB2002B01D00023D6
:104AE0006EE0B868FBF79EFC0346002B01D0002364
:104AF00066E07968B86804F008FD386249E0BB6890
:104B0000DB69BB617B689B681946B868FBF772FA82
:104B10007B680022DA607B685B68002B34D17B689D
:104B20009B68022B30D9B869FFF705FC7861BB6937
:104B30000333BB617B69244A934224D197F8273021
:104B4000002B01D000233BE07B689B68132B01D036
:104B5000002335E0BB690833BB61B869FFF704FC8B
:104B600002463B6B1A60BB690433BB61B869FFF74F
:104B7000FBFB02463B681A60BB690433BB6101233F
:104B800087F8273000E000BF7968B86804F0BDFC02
:104B900038623B6A002B06D17B681B7883F00103E7
:104BA000DBB2002BABD13B6A002B05DB97F827303B
:104BB000002B01D0012300E0002303F00103DBB24E
:104BC00018462837BD4680BDFF185A00B0B594B0CE
:104BD00000AFF860B9607A603B60FB6803F58E5304
:104BE00008331B683B640023A7F84630BB685A1C97
:104BF000BA601B78FB63FB6B9B0007331A467B682C
:104C0000934201D20023F9E0BB680133BB60BB686B
:104C10005A1CBA601B78BB63BB6B002B01D000230E
:104C2000ECE0FB6803F58E530C33FB64FB6C03F183
:104C30001802FA6407F110041D460FCD0FC495E861
:104C4000030084E803000023BB64C4E0B868FFF7F6
:104C50008BFB7863BB680433BB607B6B03F00103A1
:104C6000002B14BF0123002387F833307B6B5B08D4
:104C7000DBB2FB627B6B5B0A7B857B6B5B0EDBB223
:104C800003F00F0387F829307B6B03F00053002BF0
:104C900014BF0123002387F828303B69FA6A9A423F
:104CA00004DD3B6C1B6AFA6A9A4201DB0023A5E033
:104CB00097F83330002B09D0FB6803F502532033FB
:104CC0001B887A8D9A4201D1002397E0FB6A3B61F1
:104CD00097F82930062B7BD897F83330002B07D173
:104CE000FB6803F5025320331B887A8D9A426FD1FB
:104CF00097F82930012202FA03F3A7F8443097F815
:104D00002930062B0BD197F8333083F00103DBB247
:104D1000002B04D0B7F844305B00A7F84430B7F854
:104D20004420B7F846309A4207D3B7F84420B7F882
:104D3000463013409BB2002B01D000235EE0B7F851
:104D40004620B7F844301343A7F84630FB6803F514
:104D50008E530C33A833FA6C9A4201D100234DE0F4
:104D600097F8333083F00103DBB2002B02D000232D
:104D70007B6102E04FF0FF337B610023BB6197F85A
:104D800029303B7797F8333083F00103DBB2002BF7
:104D900004D03B6CD3F858363B620CE097F82930CE
:104DA000012B04D93B6CD3F860367B6203E03B6C8B
:104DB000D3F85C367B62FB6C03F11802FA641D4683
:104DC00007F110040FCC0FC594E8030085E8030039
:104DD000BB6C0133BB64BA6CFB6B9A42FFF636AF17
:104DE000FB6803F58E530C33FA6CD31ADB10054ABB
:104DF00002FB03F31A463B681A600123184650373A
:104E0000BD46B0BDABAAAAAA80B58AB000AFF86013
:104E1000B9607A603B60002387F827307968B8680A
:104E200004F073FB38624CE0BB68DB69FB617B68B4
:104E30009B681946B868FBF7DDF87B685B68022B56
:104E40003AD17B689B68022B36D9F869FFF773FA71
:104E5000B861FB690333FB61BB69244A93422AD1E1
:104E60007B689B68062B01D800233AE0FB695A1C3B
:104E7000FA611B7803F00F037B617B69032B01D080
:104E800000232EE097F82730002B01D0002328E0E4
:104E90007B689A683B68F969F868FFF797FE0346F4
:104EA00083F00103DBB2002B01D0002319E00123C2
:104EB00087F8273000E000BF7968B86804F025FB68
:104EC00038623B6A002BAFD03B6A002B05DB97F8BA
:104ED0002730002B01D0012300E0002303F0010361
:104EE000DBB218462837BD4680BD00BFFF185A0008
:104EF0002DE9F04F9FB002AFF861B9617A613B6173
:104F0000FB6903F58E5308331B687B66BB699A689F
:104F100013469B0013445B0103F5B4531833FA693D
:104F200013443B667B695A1C7A611B7887F85F30B3
:104F300097F85F3003F00103002B14BF0123002317
:104F400087F85E3097F85F3003F00203002B14BF40
:104F50000123002387F85D3097F85F309B08DBB2B0
:104F6000BB6597F85D305B001946BA6D13465B0070
:104F700013445B000B4409333A699A4201D200237F
:104F8000E7E097F85E30002B08D097F85D3083F0AB
:104F90000103DBB2002B01D0012300E0002303F06A
:104FA0000103DAB27B6E83F84C2697F85D30002B54
:104FB0000BD07869FFF7A8F903467B657B6902335C
:104FC0007B617B6E7A6DC3F854267869FFF7CCF964
:104FD00038657B6904337B617B6902331846FFF7D0
:104FE000C3F902463B6D13443B650023BB661CE0DE
:104FF0007869FFF789F90346A7F84E307B690233D9
:105000007B61FB6903F5025320331B88B7F84E2000
:105010009A4204D17869FFF7A7F9F86609E07B693D
:1050200004337B61BB6E0133BB66BB6EBA6D9A42C3
:10503000DED8BB6EBA6D9A4201D1002389E03A6D89
:10504000FB6ED31A3B653B6ED3E90023C7E91023FF
:105050003B6ED3E90223C7E90E233B6ED3E9042359
:10506000C7E90C23FB695968D7E91023CDE9002370
:10507000D7E90E23084604F0DAFE02460B46134633
:10508000FB62FB695968D7E90E23CDE90023D7E914
:105090000C23084604F0CBFE02460B461346BB62C7
:1050A0003B6D18464FF00001BB6A1A464FF00003F3
:1050B00002FB01F500FB03F42E19A0FB0245731956
:1050C0001D46FB6E1A464FF00003F96A08464FF082
:1050D000000100FB03FC02FB01F66644A2FB002377
:1050E000F1180B46A11AB96065EB0303FB603B6D39
:1050F00018464FF00001BB6A1A464FF0000310EB50
:10510000020A41EB030BFB6E1A464FF000031AEB49
:1051100002084BEB0309FB6A1A464FF0000318EB39
:105120000201396049EB03037B60D7E90023D7E92B
:105130000201FFF737F902460B4613467B627B6A92
:1051400023EAE3723B6E9A613B6E012283F83D20B5
:10515000012318467437BD46BDE8F08F80B58AB08C
:1051600000AFF860B9607A603B60002387F82730B1
:105170003968786804F0C9F938624CE07B68DB690B
:10518000FB613B689B6819467868FAF733FF3B6818
:105190005B68022B3AD13B689B68022B36D9F869D1
:1051A000FFF7C9F8B861FB690333FB61BB69244AA7
:1051B00093422AD13B689B68082B01D800233AE030
:1051C000FB695A1CFA611B7803F00F037B617B6952
:1051D000042B01D000232EE097F82730002B01D0BC
:1051E000002328E03B689B68FA69B968F868FFF714
:1051F0007FFE034683F00103DBB2002B01D00023C6
:1052000019E0012387F8273000E000BF396878688B
:1052100004F07BF938623B6A002BAFD03B6A002B6D
:1052200005DB97F82730002B01D0012300E0002395
:1052300003F00103DBB218462837BD4680BD00BF2E
:10524000FF185A0080B588B000AFF860B9607A6086
:105250003B60BB689A6813469B0013445B0103F5EF
:10526000B4531833FA681344FB617B685A1C7A60A4
:105270001B78FB76FB7E03F00103002B14BF012398
:105280000023BB76FB7E03F00203002B14BF012337
:1052900000237B76FB7E03F00403002B14BF012365
:1052A00000233B76FB7E03F00803002B14BF012391
:1052B0000023FB75BB7E9B005A1D7B7E5B001A445E
:1052C0003B7E5B001A44FB7D787E397E014401FB06
:1052D00003F313441A463B68934201D2002350E083
:1052E000BB7E002B0DD0FB69012283F83D2078683E
:1052F000FFF73AF803461A46FB699A617B68043364
:105300007B607B7E002B0DD0FB69012283F83E2061
:105310007868FEF7F9FF03461AB2FB699A867B6844
:1053200002337B603B7E002B0FD0FB69012283F8A8
:105330003F207868FEF7E8FF03465B009BB21AB295
:10534000FB69DA867B6802337B60FB7D002B17D01C
:10535000FB69012283F840207B7E002B06D07B680E
:105360005A1C7A601A78FB6983F838203B7E002B40
:1053700006D07B685A1C7A601A78FB6983F839205A
:10538000012318462037BD4680BD80B58AB000AFE6
:10539000F860B9607A603B60002387F8273039688D
:1053A000786804F0B2F838624CE07B68DB69FB6136
:1053B0003B689B6819467868FAF71CFE3B685B6897
:1053C000022B3AD13B689B68022B36D9F869FEF76D
:1053D000B2FFB861FB690333FB61BB69234A9342A7
:1053E0002AD13B689B68042B01D800233AE0FB6973
:1053F0005A1CFA611B7803F00F037B617B69052B54
:1054000001D000232EE097F82730002B01D0002395
:1054100028E03B689B68FA69B968F868FFF712FFF3
:10542000034683F00103DBB2002B01D0002319E017
:10543000012387F8273000E000BF3968786804F05E
:1054400064F838623B6A002BAFD03B6A002B05DB67
:1054500097F82730002B01D0012300E0002303F050
:105460000103DBB218462837BD4680BDFF185A003D
:1054700080B58CB000AFF860B9607A603B60BB6803
:105480009A6813469B0013445B0103F5B453183329
:10549000FA6813447B62FB6803F58E5308331B687C
:1054A0000C333B62002387F82F303968786804F0AA
:1054B0002CF8B86242E07B68DB69FB613B689B6863
:1054C00019467868FAF796FD3B685B68022B30D185
:1054D0003B689B68022B2CD9F869FEF72CFFB8615A
:1054E000FB690333FB613B6AD3F8D435BA699A424E
:1054F0001CD13B689B68032B1AD997F82F30002BDF
:1055000001D0002321E03B689B68033B7B617B6A01
:1055100041337A69F9691846EBF7F6FE7A697B6AD6
:10552000C3F89820012387F82F3002E000BF00E085
:1055300000BF3968786803F0E8FFB862BB6A002BE7
:10554000B9D0BB6ADB43DB0FDBB218463037BD4650
:1055500080BD80B58AB002AFF860B9607A60FB6840
:1055600003F58E5308331B68FB610021786803F054
:105570001CFEB861BB69DB0FDBB27B61BB69002B32
:1055800006DA134B134A40F202311348D9F715FEDD
:105590007B69002B14BF01230023DBB2002B01D059
:1055A000BB6910E0FB6903F5DE60BA69FB6803F5CF
:1055B000025320331988BB681B6800930B46796837
:1055C000FAF7CDFE034618462037BD4680BD00BF22
:1055D000902D0500E42D0500602D050080B588B0F4
:1055E00002AFF860B9607A603B607B685B68B3F1DA
:1055F000FF3F06D1FB6803F5025322331B88FB8271
:105600000AE07B685B68BA682C2101FB03F3134452
:1056100003F544731B88FB82BB6803F5DE607B687F
:105620001B681A46FB8A00923A6A3968FAF711FF3A
:10563000034618461837BD4680BD80B58CB002AF12
:10564000F860B9607A603B60FB6803F58E530833FD
:105650001B687B627B68DB693B6207F1180207F11C
:105660001403009313463A687968F868FFF70CFA58
:10567000034683F00103DBB2002B02D06FF04C0332
:1056800055E07B6B002B25D07B6A1A687B699A42B8
:1056900020D07B6907F113021946F86801F0DCFCA1
:1056A00078627B6A002B0ED07B6A1B7B002B0AD1B1
:1056B000FB7C83F00103DBB2002B04D17B6A93F8FF
:1056C0000C37002B02D06FF04C0330E07B6B7A6A12
:1056D0001A6007E07B6A1A687B699A4202D06FF011
:1056E0004C0324E03B6B002B06D0BB69BA68126800
:1056F0009A1A3B6B1A600CE0786AFEF790FD02463E
:10570000BB681B681A44BB699A4202D06FF04C0315
:105710000DE07B68DA693B6AD31AFB61FB69009391
:105720007B68BA68796AF868FFF758FF034618463D
:105730002837BD4680BD00BF80B582B000AF78601D
:1057400039607868E8F7C6FF034618460837BD4653
:1057500080BD80B582B000AF78607868E8F7BCFFA4
:1057600000BF0837BD4680BD80B584B000AFC7E933
:105770000201C7E90023D7E90023D7E90201EBF7CB
:105780005AFC02460B46104619461037BD4680BDEE
:1057900080B582B000AF78607868FFF7DAFF00BFAD
:1057A0000837BD4680BD80B483B000AF78607B68A9
:1057B0007A685A607B685A687B681A6000BF0C3749
:1057C000BD465DF8047B704780B584B000AFF860DB
:1057D000B9607A603B1D0422B968F868F9F74CFF9C
:1057E000034618461037BD4680BD80B584B000AF73
:1057F000F860B9601346FB80BB1D0222B968F868E7
:10580000F9F73AFF034618461037BD4680BD80B50C
:1058100084B000AFF860B9607A603B1D0422B968BB
:10582000F868F9F729FF034618461037BD4680BDD2
:1058300080B584B000AFF860B9601346FB80BB1D33
:105840000222B968F868F9F717FF034618461037BF
:10585000BD4680BD80B584B000AFF860B960134626
:10586000FB71FB1D0122B968F868F9F705FF0346D3
:1058700018461037BD4680BD80B483B000AF786055
:105880007B6818460C37BD465DF8047B704780B4D2
:1058900000AF00231846BD465DF8047B704780B515
:1058A00084B000AF7860002142F2B800FFF744FFF7
:1058B000F860FB68002B01D1002314E0FB687A68D4
:1058C0005A60FB680A4A1A60FB6803F502532433E6
:1058D0001846FFF768FFFB6803F502532C331846A0
:1058E000FFF761FFFB6818461037BD4680BD00BF5B
:1058F0005027002080B584B000AF78607868FFF74B
:10590000BBFFF86042F2B8020021F868EBF725FD12
:10591000F868E8F7E1FE00BF1037BD4680BD80B5EE
:1059200086B000AF78607868FFF7A6FFF860FB6884
:1059300003F502532C331B68043B7B617B695B6876
:10594000043B3B610DE07B69012283F864267969A1
:10595000F86801F05EFF3B697B617B695B68043B33
:105960003B617B691A1DFB6803F502532C339A4295
:10597000E9D100BF00BF1837BD4680BD80B586B0F5
:1059800000AFF860B9607A603B60F868FFF774FFB9
:105990007861BB68002B04D0BB68013B062B0ED896
:1059A00005E03968786901F0D1F9034609E03B6800
:1059B0007A68B968786901F0D5F9034601E06FF0BB
:1059C000150318461837BD4680BD80B584B000AFBA
:1059D000F860B9607A607B685B791A460121B86823
:1059E000FFF738FF0346002B21D17B68B3F9023063
:1059F0001A460221B868FFF7F8FE0346002B18D1BB
:105A00007B68B3F900301A460421B868FFF7EDFE51
:105A10000346002B0FD17B681B791A460321B86817
:105A2000FFF718FF0346002B07D1002308E000BF53
:105A300004E000BF02E000BF00E000BF6FF07903A8
:105A400018461037BD4680BDF0B589B000AFF8608C
:105A5000B9607A60FB6803F58E5308331B68FB61FD
:105A60007B685B8F1A460121B868FFF7E1FE0346A9
:105A7000002B40F007817B6893F83C301A460321E5
:105A8000B868FFF7E7FE0346002B40F0FB807B6819
:105A900093F83C30002B01D0002310E17B6893F891
:105AA0003D30002B36D07B689B6918464FEAE07189
:105AB000854BD3E9002302FB01F500FB03F42E190B
:105AC000A0FB024573191D46FB685B681B681846FE
:105AD0004FEAE071FB685B681B691A464FEAE273A4
:105AE00002FB01FC00FB03F66644A0FB0223F11855
:105AF0000B4620462946FFF737FE02460B46134663
:105B0000BB61BA690721B868FFF75EFE0346002B48
:105B100040F0BA807B6893F82230002B17D0082120
:105B2000B868F9F77AFD78617B69002B00F0AE80E8
:105B30007B681C331A46B968F868FFF746FF0346CE
:105B4000002B40F0A5807969B868F9F781FD7B6882
:105B500093F82A30002B17D00921B868F9F75DFDBA
:105B600078617B69002B00F095807B6824331A46AE
:105B7000B968F868FFF729FF0346002B40F08C80D6
:105B80007969B868F9F764FD7B6893F83230002BC7
:105B900015D00A21B868F9F740FD78617B69002BC0
:105BA0007CD07B682C331A46B968F868FFF70DFF84
:105BB0000346002B74D17969B868F9F749FD7B6811
:105BC00093F83E30002B1AD07B68B3F934301A4674
:105BD0000B21B868FFF709FE0346002B62D17B68F2
:105BE00093F84030002B0AD07B6893F838301A467F
:105BF0000D21B868FFF72EFE0346002B54D17B68B9
:105C000093F83F30002B1AD07B68B3F936301A4630
:105C10000C21B868FFF7E9FD0346002B46D17B68ED
:105C200093F84030002B0AD07B6893F839301A463D
:105C30000E21B868FFF70EFE0346002B38D17B68B3
:105C4000D3F89830002B0BDD7B68D3F898207B6865
:105C500041331021B868F9F70FFD0346002B29D115
:105C6000FB69D3F81837002B0AD0FB69D3F8183733
:105C70001A460F21B868FFF7CAFD0346002B1BD157
:105C800000231CE000BF18E000BF16E000BF14E0D6
:105C900000BF12E000BF10E000BF0EE000BF0CE04C
:105CA00000BF0AE000BF08E000BF06E000BF04E05C
:105CB00000BF02E000BF00E000BF6FF079031846AC
:105CC0002437BD46F0BD00BF382E050080B58EB02C
:105CD00002AFF860B9601346FB71FB685868F96859
:105CE000BB68D3F80837002201924FF4806200921B
:105CF0000822FAF7B3FDB862BB6A002B00F094806B
:105D0000BB681B681A460121B86AFFF780FD03468D
:105D1000002B7AD10421B86AF9F77FFC78627B6A9C
:105D2000002B74D0BB68DA69FB685B681B6840496C
:105D300081FB03018911DB17CB1A92FBF3F33B6262
:105D4000BB68D3F844361A460221B86AFFF75FFDF4
:105D50000346002B5DD13B6A1A460421B86AFFF75F
:105D600056FD0346002B54D1BB6893F86436002BD4
:105D700007D000220121B86AFFF76CFD0346002B13
:105D800049D1FB79002B34D00521B86AF9F745FCDD
:105D9000F861FB69002B40D00023FB621DE001216C
:105DA000B86AF9F73AFCB861FA6A13469B001344E3
:105DB0005B0103F5B4531833FA6813441A46B96A01
:105DC000F868FFF741FE0346002B28D1B969B86A8D
:105DD000F9F73EFCFB6A0133FB62FB6803F50253F3
:105DE00018331B68FA6A9A42D9DBF969B86AF9F77D
:105DF0002FFC796AB86AF9F72BFCFB685B68B96A13
:105E00001846FAF7A0FD78610FE000BF08E000BF78
:105E100006E000BF04E000BF02E000BF00E000BFFA
:105E2000B86AFFF7B5FC00E000BF3037BD4680BD63
:105E3000D34D621080B582B000AFFFF728FD7860C7
:105E40007B68002B14BF01230023DBB23B607B681F
:105E5000002B06D00C4B0D4A40F217110C48D9F715
:105E6000ACF93B68002B14BF01230023DBB2002BED
:105E700001D07B6803E0074806F0E0FA03461846C5
:105E80000837BD4680BD00BF002E0500402E05002E
:105E9000082E05005027002080B500AF024806F00C
:105EA0006DFB00BF80BD00BF5027002080B485B0CF
:105EB00000AF786039607B681B88033323F00303ED
:105EC000FB603B681B681A46FB68D31A1A463B689E
:105ED0001A607A68FB68134418461437BD465DF8AB
:105EE000047B704780B483B000AF78607B68043374
:105EF00018460C37BD465DF8047B704780B483B00C
:105F000000AF78607B681B88043B18460C37BD46A1
:105F10005DF8047B704780B483B000AF786039606F
:105F20003B68032B0BDD7B681B88032B07D97B6841
:105F30001B881A463B68934201DB012300E00023E3
:105F400018460C37BD465DF8047B704780B582B0BB
:105F500000AF78607868FFF7C5FF03461B681846F6
:105F60000837BD4680BD80B582B000AF78607868E4
:105F7000FFF7B8FF03461B8818460837BD4680BDAB
:105F800080B582B000AF78607868FFF7ABFF03465A
:105F90001B8818460837BD4680BD80B582B000AF6B
:105FA00078607868FFF79EFF03461B78184608372D
:105FB000BD4680BD80B483B000AF7860396000BF5B
:105FC0000C37BD465DF8047B704780B586B000AFE6
:105FD000F860B9607A6007F113031A46B968F86887
:105FE00001F03AF878617B69002B02D06FF00F0363
:105FF0000BE0B968F86800F07BFF78617B69002BE3
:1060000002D16FF00B0300E0002318461837BD469D
:1060100080BD80B58AB000AFF860B9607A6007F1E2
:106020001B031A46B968F86801F016F878627B6AB3
:10603000002B02D16FF001039BE07B6A0C33194601
:10604000786AFFF7B7FF796AF86801F035F9034617
:1060500083F00103DBB2002B02D06FF0150388E060
:106060007B685A687B6AC3F80827FB7E83F00103CC
:10607000DBB2002B7CD0796AF868FDF7EBFE386262
:106080003B6A002B01D03B6A73E00022796AF86812
:10609000FDF758FF38623B6A002B01D03B6A68E08D
:1060A000FB685B6807F114021146184603F064FEB2
:1060B00038623B6A002B01D03B6A5AE07B6A5A691E
:1060C000FB685B681B682D4981FB03018911DB17A5
:1060D000CB1A03FB02F3FB617A69FB691A447B6A02
:1060E000C3F840267B6A0022C3F844267B6AD3F8B3
:1060F000E8267B6AC3F848267B6A93F824207B6AEB
:1061000083F84C267B6A0022C3F850267B6A002263
:10611000C3F854267B6A002283F80C277B6A4FF071
:10612000FF32C3F810277B6A0022C3F81427786A6D
:1061300001F013F97B6A4FF0FF32C3F858267B6AEF
:106140004FF0FF32C3F85C267B6A4FF0FF32C3F892
:1061500060267B6A1A1DFB6803F502532C3319462F
:106160001046F9F71CF9FB685B68184604F023FC3D
:10617000002318462837BD4680BD00BFD34D6210AE
:1061800080B586B000AFF860B9607A6007F113039C
:106190001A46B968F86800F05FFF78617B69002BE8
:1061A00002D16FF0010319E0FB7C002B15D07B6955
:1061B000012283F86426FB6803F58E5308331B68BD
:1061C0007A699A4204D07969F86801F022FB04E008
:1061D000FB685B68184604F0EEFB0023184618378E
:1061E000BD4680BD80B586B000AFF860B9607A600A
:1061F00007F113031A46B968F86800F02DFF7861BB
:106200007B69002B02D16FF001030AE0FB7C002BBD
:1062100002D06FF00F0304E07969F86800F0FCFE2B
:10622000002318461837BD4680BD80B485B000AF46
:1062300078600023FB600BE00B4AFB6852F82330C8
:106240007A689A4201D1012308E0FB680133FB60C0
:10625000064B1B68FA689A42EEDB00231846143797
:10626000BD465DF8047B7047C4310500C8310500A8
:10627000B0B5DEB002AF07F10C04206007F10800F2
:106280000160391D0A603A46136007F1130207F1F5
:10629000080107F10C030968186800F0DDFEC7F873
:1062A0006801D7F86831002B02D16FF0010399E340
:1062B0003B1D1B68002B02D16FF0150392E33B4698
:1062C0001B681B683A1D07F114000093144B1268F9
:1062D0003121F9F734FDC7F86401D7F86431002B98
:1062E00002D0D7F864317DE307F113031B78002B4C
:1062F00021D00123C7F86C3119E007F11403D7F856
:106300006C2153F82230002B0CD0D7F86C01FFF72A
:106310008CFF0346002B05D16FF00F0362E300BF33
:10632000A42E0500D7F86C310133C7F86C31D7F8CB
:106330006C31312BE1DDD7F868310C33C7F86031AF
:1063400007F114035B68002B0ED007F114035B68A0
:106350001846FFF722FE0346C7F85C31D7F85C31D8
:10636000DAB2D7F860311A7007F11403DB68002B3A
:106370000ED007F11403DB681846FFF70EFE034644
:10638000C7F85831D7F85831DAB2D7F860315A70B7
:1063900007F114031B69002B0ED007F114031B69CE
:1063A0001846FFF7FAFD0346C7F85431D7F85431C1
:1063B000DAB2D7F860319A7007F114035B69002BE9
:1063C0000ED007F114035B691846FFF7CCFD0346B6
:1063D000C7F85031D7F850319AB2D7F860319A8067
:1063E00007F114039B69002B0ED007F114039B697E
:1063F0001846FFF7B8FD0346C7F84C31D7F84C31C3
:106400009AB2D7F86031DA8007F11403DB69002B08
:106410000DD007F11403DB691846FFF797FD03461B
:10642000C7F84831D7F86031D7F848219A6007F1AA
:1064300014031B6A002B14D007F114031B6A1846BF
:10644000FFF784FD0346C7F8443107F10C031B68CE
:106450005B685B69D7F8442102FB03F2D7F860312F
:10646000DA6007F114035B6A002B1AD007F11403FA
:106470005B6A1846FFF76AFD0346C7F8403107F12B
:106480000C031B685B681B68CF4A82FB03129211E6
:10649000DB17D31AD7F8402102FB03F2D7F860319B
:1064A0001A6107F114039B6A002B0DD007F1140346
:1064B0009B6A1846FFF74AFD0346C7F83C31D7F8F8
:1064C0006031D7F83C215A6107F114035B6B002B54
:1064D00012D007F114035B6B1846FFF75EFD03460D
:1064E000C7F83831D7F83831002B14BF0123002307
:1064F000DAB2D7F860311A7607F11403DB6B002BA0
:106500000DD007F11403DB6B1846FFF746FD034679
:10651000C7F83431D7F86031D7F83421DA6107F1A0
:1065200014031B6C002B13D007F114031B6C1846CB
:10653000FFF733FD0346C7F83031D7F83031002B71
:1065400014BF01230023DAB2D7F8603183F820208A
:1065500007F114031B6D002B0DD007F114031B6D05
:106560001846FFF71AFD0346C7F82C31D7F86031FB
:10657000D7F82C215A6207F114035B6D002B0DD064
:1065800007F114035B6D1846FFF707FD0346C7F8D4
:106590002831D7F86031D7F828219A6207F114031F
:1065A0009B6D002B0FD007F114039B6D1846FFF76E
:1065B000F4FC0346C7F82431D7F82431DAB2D7F80F
:1065C000603183F82C2007F114031B6E002B0FD0D1
:1065D00007F114031B6E1846FFF7DFFC0346C7F8EC
:1065E0002031D7F82031DAB2D7F8603183F82D2086
:1065F00007F114035B6E002B0FD007F114035B6EE1
:106600001846FFF7CAFC0346C7F81C31D7F81C31FF
:10661000DAB2D7F8603183F82E2007F11403DB6E6D
:10662000002B0FD007F11403DB6E1846FFF7B5FC03
:106630000346C7F81831D7F81831DAB2D7F8603105
:1066400083F82F2007F114035B6F002B0FD007F1A5
:1066500014035B6F1846FFF7A0FC0346C7F814311C
:10666000D7F81431DAB2D7F8603183F8302007F167
:106670001403DB6F002B0FD007F11403DB6F1846F8
:10668000FFF78BFC0346C7F81031D7F81031DAB2A8
:10669000D7F8603183F8CE2507F11403D3F88030A2
:1066A000002B10D007F11403D3F880301846FFF701
:1066B00074FC0346C7F80C31D7F80C31DAB2D7F8BE
:1066C000603183F8CF2507F11403D3F88430002B11
:1066D00010D007F11403D3F884301846FFF75DFC9F
:1066E0000346C7F80831D7F80831DAB2D7F8603175
:1066F00083F8D02507F11403D3F88830002B10D08D
:1067000007F11403D3F888301846FFF746FC034618
:10671000C7F80431D7F80431DAB2D7F8603183F81A
:10672000D12507F11403D3F88C30002B10D007F1DA
:106730001403D3F88C301846FFF72FFC0346C7F834
:106740000031D7F80031DAB2D7F8603183F8D225BA
:1067500007F11403D3F89830002B18D007F1140375
:10676000D3F89830C7F8FC30D7F8603103F1320421
:10677000D7F8FC00FFF7B6FB0546D7F8FC00FFF79B
:10678000BDFB03461A4629462046EAF7BDFD07F140
:106790001403D3F8AC30002B18D007F11403D3F84E
:1067A000AC301846FFF7F9FB0346C7F8F830D7F8C6
:1067B000F830002B14BF01230023DAB2D7F8603180
:1067C00083F8C92502E000BFD34D621007F114031E
:1067D000D3F8B030002B14D007F11403D3F8B03045
:1067E0001846FFF7DAFB0346C7F8F430D7F8F43061
:1067F000002B14BF01230023DAB2D7F8603183F8ED
:10680000CA2507F11403D3F8B430002B14D007F1D4
:106810001403D3F8B4301846FFF7BFFB0346C7F89C
:10682000F030D7F8F030002B14BF01230023DAB288
:10683000D7F8603183F8CB2507F11403D3F8B830CB
:10684000002B14D007F11403D3F8B8301846FFF723
:10685000A4FB0346C7F8EC30D7F8EC30002B14BF8C
:1068600001230023DAB2D7F8603183F8CC2507F191
:106870001403D3F8BC30002B14D007F11403D3F861
:10688000BC301846FFF789FB0346C7F8E830D7F855
:10689000E830002B14BF01230023DAB2D7F86031AF
:1068A00083F8CD2507F11403D3F8C030002B0FD0A7
:1068B00007F11403D3F8C0301846FFF747FB03462F
:1068C000C7F8E430D7F8E420D7F86031C3F8D4250E
:1068D00007F11403D3F8C430002B20D007F11403C0
:1068E000D3F8C430C7F8E030D7F8E000FFF706FB74
:1068F000C7F8DC00D7F8603103F5BB64D7F8E000D7
:10690000FFF7F0FA0146D7F8DC301A462046EAF7DE
:10691000FBFCD7F86031D7F8DC20C3F8302607F14C
:106920001403D3F8C430002B08D0D7F86031D3F863
:106930002C365A1CD7F86031C3F82C26D7F86031B2
:1069400093F8D235002B05D0002B4ADB013B012BFD
:1069500047D834E0D7F8603193F8CF35FF2B13D008
:10696000D7F8603193F8CE355AB2D7F8603193F842
:10697000CF35194601238B405BB213435BB2DAB2C9
:10698000D7F8603183F8CE25D7F8603193F8D03549
:10699000FF2B23D0D7F8603193F8CE355AB2D7F811
:1069A000603193F8D035194601238B405BB2134315
:1069B0005BB2DAB2D7F8603183F8CE250EE0D7F8B3
:1069C000603193F8CF35FF2B05D0D7F8603193F8BD
:1069D000D035FF2B04D16FF0150303E000BF00E0BA
:1069E00000BF0023184607F5B877BD46B0BDB0B567
:1069F000ADF5427D02AF07F10C04206007F10800FD
:106A00000160391D0A603A4613600023C7F8F0326E
:106A10003B461B68002B02D16FF015038EE13B460D
:106A20001868FFF75FFAC7F8FC023B461868FFF7E3
:106A300065FA024607F114031A60E3E0D7F8F03272
:106A40000F2B02DD6FF0150378E1D7F810331B68C8
:106A500007F118000093BC4BD7F8FC220321F9F78B
:106A60006EF9C7F8F802D7F8F832002B02D0D7F841
:106A7000F83263E107F118035B68002B13D007F1CC
:106A800018039B68002B0CBF01230023DAB207F127
:106A90001803DB68002B0CBF01230023DBB253403B
:106AA000DBB2002B02D06FF0150347E107F11803AA
:106AB0005B681846FFF764FA0346184607F1280298
:106AC000D7F8F0322C2101FB03F3134404330246C0
:106AD0001A8007F118039B68002B52D007F10803B6
:106AE0001B68072B02D16FF0150327E107F128027D
:106AF000D7F8F0322C2101FB03F313442833012291
:106B00001A7007F118039B681846FFF71FFA014631
:106B100007F12802D7F8F0322C2000FB03F31344CE
:106B2000196007F12802D7F8F0322C2101FB03F39A
:106B30000833D41807F11803DB681846FFF7D2F9B9
:106B4000054607F11803DB681846FFF7D7F9034637
:106B50001A4629462046EAF7D7FB07F11803DB68F7
:106B60001846FFF7CBF9034698B207F12802D7F889
:106B7000F0322C2101FB03F31344063302461A8042
:106B80000AE007F12802D7F8F0322C2101FB03F3C9
:106B90001344283300221A700023C7F8F4321DE092
:106BA00007F12802D7F8F0322C2101FB03F313443C
:106BB00004331A8807F12801D7F8F4322C2000FB9F
:106BC00003F30B4404331B889A4202D16FF0150380
:106BD000B4E0D7F8F4320133C7F8F432D7F8F4222E
:106BE000D7F8F0329A42DBDBD7F8F0320133C7F83E
:106BF000F03207F114031946D7F8FC02FFF756F9F3
:106C0000C7F8FC0207F114031B681946D7F8FC0209
:106C1000FFF781F90346002B7FF410AFD7F8F0326D
:106C2000002B02D16FF0150388E007F11302391D24
:106C300007F10C030968186800F00EFAC7F8E802BB
:106C4000D7F8E832002B02D16FF0010376E0D7F8D5
:106C5000E83293F8D435002B02D06FF00F036DE0CB
:106C600007F113031B78002B28D007F108031B68DA
:106C7000062B11D1D7F8E8329B7B002B0CD1D7F82B
:106C8000E832D3F8CC35002B03D1D7F8F032012B02
:106C900002DD6FF0150351E0D7F8E83203F1480246
:106CA000D7F8E83203F543731946104600F01DFA91
:106CB000D7F8E8324833C7F8EC3205E0D7F8E832C5
:106CC00003F54373C7F8EC3207F108031B68072B81
:106CD00011D1D7F8F03207F1280207F10C00009328
:106CE0001346D7F8EC22D7F8E812006800F081FAD2
:106CF000C7F8F80210E0D7F8F03207F1280207F1E0
:106D00000C0000931346D7F8EC22D7F8E81200687D
:106D100000F005FAC7F8F802D7F8F832002B02D0D5
:106D2000D7F8F8320AE007F113031B78002B04D0E0
:106D3000D7F8E832012283F8D4250023184607F556
:106D40004077BD46B0BD00BFCC31050080B483B0F4
:106D500000AF78603960002318460C37BD465DF8F7
:106D6000047B704780B58EB002AFF860B9607A607E
:106D70003B607B68002B02D16FF015035AE03B6843
:106D80001B6807F1140000932C4B7A680421F8F774
:106D9000D6FFF862FB6A002B01D0FB6A4AE0BB69B0
:106DA000002B02D16FF0150344E0BB691846FFF7D2
:106DB000CDF8B862BB68013B042B31D801A252F870
:106DC00023F000BFD96D0400E76D0400F56D0400E9
:106DD000036E0400116E04003A68B96AF868FFF7A0
:106DE000F4F8034626E03A68B96AF868FFF711F943
:106DF00003461FE03A68B96AF868FFF7C1F903462D
:106E000018E03A68B96AF868FFF7ECF9034611E050
:106E1000FA693B68B96AF868FFF72AFA034609E09D
:106E20003A6A3B6800931346BA6AB968F868FFF794
:106E3000DEFD034618463037BD4680BD542E0500A2
:106E400080B483B000AF78607B681B687A689A4230
:106E50000CBF01230023DBB218460C37BD465DF89A
:106E6000047B704780B582B000AF78603960796884
:106E70000120E7F71DFC034618460837BD4680BDD4
:106E800080B582B000AF78607868E7F725FC00BF76
:106E90000837BD4680BD80B483B000AF78607B68A2
:106EA000D3F850367A68126A02FB03F318460C379F
:106EB000BD465DF8047B704780B487B000AF786052
:106EC000094B1B687B61094B1B683B613A697B6915
:106ED000934228BF1346FB60FB6818461C37BD462B
:106EE0005DF8047B704700BF0C32050010320500CE
:106EF00080B584B000AF78603960002140F21C702A
:106F0000FFF7B0FFF860FB68002B01D100237DE0A4
:106F1000FB683A681A60FB6802225A73FB684FF6F6
:106F2000FF721A82FB684FF6FF725A827B685B68B9
:106F30009A697B685B681B68364981FB030189118C
:106F4000DB17CB1A92FBF3F2FB685A617B685B6834
:106F50005B694FF4166202FB03F2FB689A617B687F
:106F60005B681B682B4A82FB03129211DB17D31A52
:106F7000C82202FB03F2FB68DA61FB681E221A6278
:106F8000FB68002283F82420FB6832229A62FB68A7
:106F9000012283F82C20FB68032283F83820FB6849
:106FA000012283F83920FB68022283F83A20FB682B
:106FB000FF2283F8DB25FB68FF2283F8DC25FB68D2
:106FC000012283F8DD25FB68012283F8D525FB68C3
:106FD000012283F8D625FB681022C3F8D025F86873
:106FE000FDF796F80346002B0BD1FB681A1D7B6852
:106FF00003F50253243319461046F8F7A3F9FB684A
:1070000004E000BFF868FFF73BFF00231846103785
:10701000BD4680BDD34D621080B582B000AF7860B0
:1070200039603868FDF792F83B6804331846F8F782
:10703000A2F93B6803F5DE631846F9F746FA40F219
:107040001C7200213868EAF788F93868E7F744FBD2
:1070500000BF0837BD4680BD80B487B000AFF86080
:10706000B9607A60FB6803F5025324331B68043B64
:107070007B610DE07B691B68BA689A4204D17B682A
:1070800000221A707B692AE07B695B68043B7B61A4
:107090007B691A1DFB6803F5025324339A42E9D138
:1070A000FB6803F502532C331B68043B7B610DE046
:1070B0007B691B68BA689A4204D17B6801221A7006
:1070C0007B690CE07B695B68043B7B617B691A1D13
:1070D000FB6803F502532C339A42E9D1002318468A
:1070E0001C37BD465DF8047B704780B582B000AFA9
:1070F00078603960786839683B68D3F8C0322C22F0
:1071000002FB03F31A46EAF7FFF83B68D3F8C02204
:107110007B68C3F8C02200BF0837BD4680BDB0B44D
:1071200087B000AFF860B9607A603B607B68D3F8E5
:10713000C022BB6A1A44BB68D3F8D0359A4202D940
:107140006FF0150350E000237B6122E000233B61D8
:1071500016E07B692C2202FB03F33A6813449A88F9
:1071600079683B692C2000FB03F30B4404331B8834
:107170009A4202D16FF0150336E03B6901333B615F
:107180007B68D3F8C0223B699A42E2D87B6901331D
:107190007B617B69BA6A9A42D8D800237B611EE082
:1071A0007B692C2202FB03F33A68D0187B68D3F882
:1071B000C032591C7A68C2F8C0127A682C2101FBCF
:1071C00003F313441C4605460FCD0FC40FCD0FC467
:1071D00095E8070084E807007B6901337B617B69E0
:1071E000BA6A9A42DCD8002318461C37BD46B0BCA8
:1071F0007047B0B48BB000AFF860B9607A603B60A4
:1072000000237B6200233B6246E00023FB767B6A1F
:107210002C2202FB03F37A6813447B610023FB6199
:107220000FE07B699A88FB692C2101FB03F3396825
:107230000B449B889A4201D10123FB76FB69013301
:10724000FB61FA69BB6B9A4205D2FB7E83F00103B6
:10725000DBB2002BE5D1FB7E83F00103DBB2002B18
:1072600017D03A6A7B6A9A4210D07A683B6A2C211E
:1072700001FB03F31A447B6914461D460FCD0FC46E
:107280000FCD0FC495E8070084E807003B6A01337F
:107290003B627B6A01337B627B68D3F8C0327A6AD7
:1072A0009A42B2D37B683A6AC3F8C02200231846D8
:1072B0002C37BD46B0BC704780B584B000AF786055
:1072C00039603B680C33FB60FB689B78002B06D170
:1072D000FB68D3F8C035012B12D9002339E0F868D8
:1072E000FFF7EAFD0246FB68C3F8C425FB68D3F844
:1072F000C025FB68D3F8C4359A4201D9002328E0A1
:10730000FB6893F8D235012B05D1FB681B78012B64
:1073100001D100231DE0FB68DB68FA68526902FBBB
:1073200003F3BB60FB68DB68002B0ED0FB681B69B6
:10733000002B0AD0FB685B69002B06D0FB681B6939
:10734000BA689A4201DA012300E0002303F0010346
:10735000DBB218461037BD4680BD80B582B000AFA5
:1073600078607B6893F84C36002B17D07B68D3F895
:10737000443619467868FCF7F8FE02467B68C3F885
:1073800050267B68D3F84436013319467868FCF7F9
:10739000ECFE02467B68C3F854260BE07B68D3F80A
:1073A00054267B68C3F850267B6893F824207B68BA
:1073B00083F84C2600BF0837BD4680BD90B589B024
:1073C00000AFF860B9607A60BB68D3F84046B8682F
:1073D000FFF761FD0246BB689B6903FB02F3E218FD
:1073E0007B68D31AFB61FB69002B39DABB68DB6968
:1073F000BB61BB689B69BA6992FBF3F37B61BA69B5
:10740000FB69D21ABB6992FBF3F33B61BB68D3F80B
:1074100040363A69B96901FB02F21A44BB68C3F805
:107420004026BB68D3F844263B691A44BB68C3F8BE
:107430004426BB68D3F848363A69796901FB02F201
:107440001A44BB68C3F848263B69012B05D0BB68CA
:1074500093F82420BB6883F84C26B868FFF77DFFBB
:1074600000BF2437BD4690BD80B58CB000AFF8603A
:10747000B9607A603B600023FB6200237B620023DB
:107480003B62BB6B00221A70FB6803F502532C337E
:107490001B68043BBB6258E0BB6A1B7B002B07D117
:1074A000BB6A93F80C3783F00103DBB2002B47D1A2
:1074B000BB6B01221A70BA68B96AF868FFF77EFFE1
:1074C00007F110031A46B96AF868FCF798FB3B69A4
:1074D000FB617B69BB61FB6A002B2AD0FA69BB693F
:1074E0001344FA68526892691A447B6AD31A002BD3
:1074F0001FDDFA697B6AD21A3B6AD31AFA685268AE
:1075000092699B1A002B1CDABB6A9A6AFB6A9B6A17
:107510009A420EDCBB6A9A6AFB6A9B6A9A4210D155
:10752000BB6AD3F81027FB6AD3F81037D31A002BA5
:1075300007DABB6AFB62FB697B62BB693B6200E006
:1075400000BFBB6A5B68043BBB62BB6A1A1DFB6879
:1075500003F502532C339A429ED1FB6803F5025384
:107560002C331B68043BBB623FE0BB6A1B7B002BD8
:1075700036D1BB6A93F80C37002B31D1BA68B96A9F
:10758000F868FFF71BFF07F110031A46B96AF8689D
:10759000FCF735FB3B69FB617B69BB61FB6A002B38
:1075A00006D1BB6AFB62BB687B62BB693B6224E0BD
:1075B0007A6ABB68D21ABB69D31AFA6852689269B0
:1075C0009B1A002B0DDBBB6AFB627A6ABB68D31A7D
:1075D000FA68526892699B1A3B62BB687B620CE056
:1075E00000BFBB6A5B68043BBB62BB6A1A1DFB68D9
:1075F00003F502532C339A42B7D17B687A6A1A603A
:107600003B683A6A1A60FB6A18463037BD4680BD4F
:1076100080B588B000AFF860B9607A60FB6803F5A8
:1076200002532C331B68043BFB6143E0FA69BB68DF
:107630009A423AD0FB691B7B002B07D1FB6993F878
:107640000C3783F00103DBB2002B2ED107F11003BE
:107650001A46F969F868FCF7D2FA3B697A689A42E7
:1076600024D9F969F868FCF7B2FA0023BB610EE08F
:10767000F968BA6913469B0013445B010B4403F598
:10768000B653143301221A70BB690133BB61FB6826
:1076900003F5025318331B68BA699A42E8DB0122EA
:1076A000F969F868FEF712FB00E000BFFB695B6850
:1076B000043BFB61FB691A1DFB6803F502532C3385
:1076C0009A42B3D100BF00BF2037BD4680BD80B510
:1076D0008AB002AF7860396000237B6100233B6190
:1076E0000023FB737B6803F502532C331846FFF726
:1076F000A7FB0346002B01D000233BE007F110015C
:1077000007F1140207F10F0300930B4639687868FC
:10771000FFF7AAFEF8617A693B6913447A685268F8
:1077200092691344BB61BA69F9697868FFF770FF21
:107730007A69FB69C3F81027FB691B7B002B14D106
:107740007B6803F502532C331846F7F738FE0346DF
:10775000002B05D1FB7B83F00103DBB2002B04D0AF
:10776000FB690022C3F8142703E03A69FB69C3F8F8
:107770001427FB6918462037BD4680BD80B489B008
:1077800000AFF860B9607A603B60BB68DA69BB68DB
:107790009B6992FBF3F3FB61BB68D3F8E8367A6828
:1077A000D31ABB61BA69FB6992FBF3F37B617B6916
:1077B000FA6902FB03F3BA69D31A3B617A69BB68C1
:1077C000C3F84426BB689B693A6902FB03F31A4677
:1077D0003B689A1ABB68C3F840263B697A68D21A9C
:1077E000BB68C3F84826BB681B6A3A6992FBF3F290
:1077F000BB68C3F85026BB68012283F80C27BB681E
:107800003A68C3F8102700BF2437BD465DF8047BF3
:10781000704780B582B000AF786039607B6803F54F
:107820008E5308331B683A689A420CBF0123002329
:10783000DBB21A4639687868FEF748FA3B6893F875
:10784000D435002B0CD03B6803F543723B684833BA
:1078500019461046FFF749FC3B68002283F8D425FF
:107860003B6893F86436002B19D03B681A1D7B687F
:1078700003F50253243319461046F7F790FD3B6891
:10788000002283F864263B681022C3F8D0253B68A9
:107890000022C3F838263B680022C3F83C2600BF0C
:1078A0000837BD4680BD00BF80B582B000AF7860AC
:1078B0007B68002B05D10D4B0D4A22210D48D7F7CF
:1078C0007CFC7B681B68002B05D10020E6F718FEC6
:1078D00002467B681A607B681B684FF0FF311846D0
:1078E000E6F712FE00BF0837BD4680BD1C3205001A
:1078F000983305002432050080B582B000AF78606F
:107900007B68002B03D07B681B68002B05D1074BDD
:10791000074A2A210748D7F750FC7B681B6818469E
:10792000E6F71EFE00BF0837BD4680BD6832050081
:10793000A43305002432050080B483B000AF786022
:107940007B6818460C37BD465DF8047B704780B4F1
:1079500085B000AFF860B9607A6000BF1437BD46EB
:107960005DF8047B704780B483B000AF786000BFDF
:107970000C37BD465DF8047B704780B483B000AF20
:10798000786000BF0C37BD465DF8047B704780B45B
:1079900083B000AF786000BF0C37BD465DF8047B54
:1079A000704780B483B000AF78600B46FB7000BFB7
:1079B0000C37BD465DF8047B704780B483B000AFE0
:1079C000786000BF0C37BD465DF8047B704780B41B
:1079D00083B000AF786000BF0C37BD465DF8047B14
:1079E000704780B483B000AF786000BF0C37BD46ED
:1079F0005DF8047B704780B584B000AF7860396073
:107A00007868FFF7B0FF7B681B6B5B6A7A68396840
:107A100010469847F8603B681B681A46F968786812
:107A2000FFF795FFFB6818461037BD4680BD80B54F
:107A300084B000AF78607B68104A9A677B689B6F60
:107A40005B68002B0CBF01230023DBB2FB607B686B
:107A50009B6F5B68002B05D1094B0A4A1F210A481E
:107A6000D7F7ABFBFB68002B7B689B6F5B68786884
:107A7000984700BF1037BD4680BD00BFB835050030
:107A80008432050048330500A432050080B586B075
:107A900000AF78607B68DB6F002B14BF01230023ED
:107AA000DBB27B617B68DB6F002B05D01A4B1B4A76
:107AB00025211B48D7F781FB7B69002B7B68D3F816
:107AC0008030002B14BF01230023DBB23B617B68B5
:107AD000D3F88030002B05D0124B104A26211048D5
:107AE000D7F76BFB3B69002B7B6893F89130FB6009
:107AF0007B6893F8913083F00103DBB2002B05D152
:107B0000094B064A27210648D7F757FBFB68002B8D
:107B100000BF1837BD4680BDCC320500603305007C
:107B2000A4320500E4320500FC32050080B582B0C5
:107B300000AF786039607B689B6F9B68002B04D036
:107B40007B689B6F9B68786898477B683A689A6700
:107B50007B689B6F5B68002B04D07B689B6F5B68C6
:107B60007868984700BF0837BD4680BD80B584B0AF
:107B700000AF786039607B6893F8903083F0010340
:107B8000DBB2002B03D0786801F0D2F852E03968FC
:107B90007868FAF775FBB860BB68002B0CBF01234F
:107BA0000023DBB2002B03D0786800F0EEF941E04F
:107BB0007B68BA68DA677B680022C3F88420BB68F8
:107BC0001B78042B2AD801A252F823F0E17B040091
:107BD000ED7B0400F97B0400057C0400117C0400AB
:107BE000786800F041FE0023FB601AE0B96878680D
:107BF00000F05EFFF86014E0B968786801F0FFF902
:107C0000F8600EE0B968786800F0DCFCF86008E025
:107C1000B968786800F0FEFDF86002E04FF0FF33CD
:107C2000FB60FB68002B05D0786800F02EF87868C0
:107C300000F0ABF91037BD4680BD80B584B000AF11
:107C400078600023FB600023BB607B6893F8903072
:107C5000002B06D007F1080319467868FFF7CBFE22
:107C6000F860FB68002B03D0786800F08EF908E01C
:107C70007B689B691A46BB68134419467868FFF70E
:107C800075FF00BF1037BD4680BD80B584B000AF22
:107C900078607B68DB6FFB60FB685B681B68F8687B
:107CA00098477B680022DA6700BF1037BD4680BD69
:107CB00090B585B000AF78607B68DB6FFB60FB68D8
:107CC000002B2FD07B68D3F88030002B24D0FB68AA
:107CD0001B78042B0CBF01230023DBB2BB60FB68C5
:107CE0001B78042B05D1114B114A83211148D7F77A
:107CF00064FABB68002BFB685B68DC687B68D3F8C0
:107D0000843019467B68D3F880200223F868A047A6
:107D10007B680022C3F880207868FFF7B6FF7B6895
:107D20000022DA6700BF1437BD4690BD103305004E
:107D300078330500A432050080B582B000AF7860CA
:107D40007B689B6FDB69002B05D07B689B6FDB69D1
:107D50007868984702E0786800F017F900BF0837A4
:107D6000BD4680BD80B584B000AF78607868FFF70D
:107D7000E3FDF860FB6888331846FFF795FDF86867
:107D8000FFF7FBFDFB689B6FDB68002B05D0FB68F2
:107D90009B6FDB68F868984702E0F868FFF7CCFF54
:107DA000F868FFF71EFEFB6888331846FFF7A4FD4E
:107DB00000BF1037BD4680BD80B584B000AF78608D
:107DC0007868FFF7B9FDF860FB6888331846FFF75D
:107DD0006BFDF868FFF7DBFDFB689B6F1B69002BF1
:107DE00005D0FB689B6F1B69F868984702E0F8684C
:107DF000FFF7A2FFF868FFF7F4FDFB688833184629
:107E0000FFF77AFD00BF1037BD4680BD80B584B056
:107E100000AF78600B46FB707868FFF78DFDF86067
:107E2000FB6888331846FFF73FFDFB781946F86872
:107E3000FFF7B7FDFB689B6F5B69002B07D0FB6802
:107E40009B6F5B69FA781146F868984702E0F8681A
:107E5000FFF772FFF868FFF7C4FDFB688833184628
:107E6000FFF74AFD00BF1037BD4680BD80B584B026
:107E700000AF78607868FFF75FFDF860FB688833D3
:107E80001846FFF711FDF868FFF797FDFB689B6F39
:107E90009B69002B05D0FB689B6F9B69F86898472E
:107EA00002E0F868FFF748FFF868FFF79AFDFB6803
:107EB00088331846FFF720FD00BF1037BD4680BD50
:107EC00080B584B000AF78607868FFF735FDF86062
:107ED000FB6888331846FFF7E7FCF868FFF777FD83
:107EE000F868FFF729FFF868FFF77BFDFB68883328
:107EF0001846FFF701FD00BF1037BD4680BD00BF2B
:107F000080B483B000AF78607B68012283F8922050
:107F100000BF0C37BD465DF8047B704780B483B06A
:107F200000AF78607B68002283F8922000BF0C3796
:107F3000BD465DF8047B704780B483B000AF7860C5
:107F400000BF0C37BD465DF8047B704780B483B03A
:107F500000AF78600B46FB7000BF0C37BD465DF884
:107F6000047B704780B582B000AF78607B6893F87F
:107F7000903083F00103DBB2002B02D0786800F070
:107F8000D7FE00BF0837BD4680BD80B582B000AFC8
:107F900078607B6893F8903083F00103DBB2002BAC
:107FA00003D0786800F0C4FE03E004497868FFF766
:107FB000BDFD00BF0837BD4680BD00BFBC33050016
:107FC00080B483B000AF7860396000BF0C37BD4625
:107FD0005DF8047B704780B485B000AFF860B9608D
:107FE0007A6000BF1437BD465DF8047B704780B4EB
:107FF00085B000AFF860B9607A6000BF1437BD4645
:108000005DF8047B704780B485B000AFF860B9605C
:108010007A6000BF1437BD465DF8047B704780B4BA
:1080200083B000AF786000BF0C37BD465DF8047BBD
:10803000704780B483B000AF7860396000BF0C3700
:10804000BD465DF8047B704780B483B000AF7860B4
:10805000396000BF0C37BD465DF8047B704780B4C3
:1080600085B000AFF860B9607A6000BF1437BD46D4
:108070005DF8047B704790B587B000AFF860B960D9
:108080007A603B603A687968F868FFF7B0FFFB6890
:108090001B6B9C68F8683B687A68B968A047786190
:1080A0007969F868FFF78CFF7B6918461C37BD4675
:1080B00090BD80B586B000AFF860B9607A607A682C
:1080C000B968F868FFF79FFFFB681B6BDB68F8680F
:1080D0007A68B968984778617969F868FFF770FF3E
:1080E0007B6918461837BD4680BD80B584B000AFA7
:1080F00078607868FFF793FF7B681B6B1B697A6871
:1081000010469847F860F9687868FFF759FFFB68F0
:1081100018461037BD4680BD80B586B000AFF86008
:10812000B9607A607968F868FFF783FFFB681B6BBA
:108130005B69F8687A68B968984778617A6879699C
:10814000F868FFF748FF7B6918461837BD4680BDC1
:1081500080B584B000AF7860396039687868FFF71F
:1081600073FF7B681B6B5B6C002B08D07B681B6B01
:108170005B6C7A68396810469847F86002E06FF0E7
:108180005E03FB60F9687868FFF71AFFFB68184622
:108190001037BD4680BD80B586B000AFF860B960CD
:1081A0007A607A68B968F868FFF759FFFB681B6B5B
:1081B0009B6CF8687A68B968984778617969F8685B
:1081C000FFF7FEFE7B6918461837BD4680BD80B5B7
:1081D00088B000AF786039607B68B3F8A0303B812D
:1081E0007B68B3F8A2307B817B68D3E92623C7E99B
:1081F00004233B681A6B07F1080319467868FFF7F8
:10820000CAFF034618462037BD4680BD80B586B0FC
:1082100000AFF860B9607A607B6801337B60BB684F
:108220001B697A689A4217D27A68B968F86800F0D0
:1082300033F978617B69002B39D0F868FFF725FDA9
:108240007B6913F13E0F03D1F868FFF7F6FC2EE0CF
:10825000F868FFF79AFE2AE0BB681B6B002B0ED074
:10826000B968F868FFF7B3FF78617B69002B06D027
:10827000F868FFF70AFDF868FFF787FE17E0BB68AC
:10828000DB68002B0DD0BB689B68BA68D2681344CA
:108290003B61F868FFF7F9FC3969F868FFF766FC9D
:1082A00005E0F868FFF7F1FCF868FFF7C6FC18373F
:1082B000BD4680BD90B599B000AF78607B68DB6F3C
:1082C000FB657B68D3F88430BB65FB6D5969BA6D7B
:1082D0001346DB009B1A9B000B447B650023FB6469
:1082E00007F10803402200211846E9F736F87B6DB4
:1082F0001B8AA7F8423007F1080207F14C03194620
:108300007868FFF709FF38653B6D002B08D1FB6DDE
:108310005B685C68B96DFA6C07F10803F86DA047FB
:108320003B6D002B0AD03B6D13F1100F06D078681F
:10833000FFF7ABFC7868FFF728FE05E0BA6DF96D32
:108340007868FFF763FF00BF00BF6437BD4690BD8C
:1083500090B585B000AF78607B68DB6FFB607B68B1
:10836000D3F88430BB60FB685B685C68B968002345
:108370000022F868A047BA68F9687868FFF746FFF6
:1083800000BF1437BD4690BD90B585B000AF786092
:108390000B46FB707B68DB6FFB607B68D3F8843037
:1083A000BB60FB685B685C68B96800230022F86802
:1083B000A047BA68F9687868FFF728FF00BF14374C
:1083C000BD4690BD90B587B000AF78607B68DB6F2D
:1083D0007B617B68D3F884303B617B6959693A697A
:1083E0001346DB009B1A9B000B44FB60FB689B68F9
:1083F000B3F1FF3F21D17868FFF777FEB860BB6823
:1084000013F1100F18D07B695B685C6800230022B1
:1084100039697869A047BB68002B06D07868FFF7F8
:1084200034FC7868FFF7B1FD07E03B691A467969CB
:108430007868FFF7EBFE00E000BF1C37BD4690BD3B
:1084400090B585B000AF78607B68DB6FFB607B68C0
:10845000D3F88430BB60FB685B68DC68B9687B6814
:10846000D3F880200023F868A0477B680022C3F877
:108470008020BA68F9687868FFF7C8FE00BF143733
:10848000BD4690BD80B483B000AF786000BF0C37AC
:10849000BD465DF8047B704790B589B000AFF860C9
:1084A000B9607A60FB687A68C3F88420BB68596950
:1084B0007A681346DB009B1A9B000B44FB61FB6947
:1084C0001B7883F00103DBB2002B2AD0FB691B7BF6
:1084D00003F00203002B02D06FF0150369E0FB6983
:1084E0009B69002B0BD0FB699B691946F868FFF765
:1084F0002FFE78617B69002B01D07B6959E0FB6915
:10850000043300221946F868FFF7D3FD78617B69D0
:10851000002B01D07B694CE02849F868FFF706FB87
:1085200046E0FB699B68002B02D06FF0150340E02A
:10853000BB685B689B687A681146B8689847B86101
:10854000FB699B69002B13D0FB699B691946F8688E
:10855000FFF7FEFD78617B69002B09D0BB685B6883
:10856000DC6879680223BA69B868A0477B6920E0B3
:10857000FB691A1D0023B969F868FFF77CFD786173
:108580007B69002B09D0BB685B68DC6879680223D3
:10859000BA69B868A0477B690BE0FB68BA69C3F8A1
:1085A0008020F868F9F70FFF0549F868FFF7BEFA71
:1085B000002318462437BD4690BD00BFF0330500A8
:1085C0002434050080B586B000AF7860396001239F
:1085D0007B613B681B69002B03D03B685B69002B08
:1085E0001DD16FF0150338E03B6859697A6913466D
:1085F000DB009B1A9B000B44FB60FB681B7883F03D
:108600000103DBB2002B07D0FB689B68B3F1FF3F8F
:1086100002D16FF0150320E07B6901337B613B6879
:108620001A697B699A42DFD83B681B6B002B0ED01E
:108630003B6803F118013B681B6B1A467868FFF72B
:10864000AAFD38613B69002B01D03B6905E000229F
:1086500039687868FFF720FF034618461837BD468B
:1086600080BD00BF80B586B000AF786039607B68A0
:10867000DB6F7B617B69DB683B617B699A683B6987
:108680001344FB603B68002B15D07868FFF7FDFAB8
:108690003B68012B03D07868FFF777FC0CE03B695F
:1086A000002B04D0F9687868FFF760FA04E0786876
:1086B000FFF7C3FA00E000BF1837BD4680BD80B5A4
:1086C00084B000AF78607B68DB6FBB60BB685B68C1
:1086D0009B68002B06D0BB685B689B68B8689847AE
:1086E000F86002E06FF05E03FB60F9687868FFF7FE
:1086F000B9FF00BF1037BD4680BD80B584B000AF64
:1087000078607B68DB6FBB60BB685B68DB68002BF5
:1087100006D0BB685B68DB68B8689847F86002E021
:108720006FF05E03FB60F9687868FFF79BFF00BF9E
:108730001037BD4680BD80B584B000AF78600B4671
:10874000FB707B68DB6FBB60BB685B681B69002BE1
:1087500008D0BB685B681B69FA781146B86898470F
:10876000F86002E06FF05E03FB60F9687868FFF77D
:1087700079FF00BF1037BD4680BD80B584B000AF23
:1087800078607B68DB6FFB60FB685B685B69F8683F
:108790009847B860B9687868FFF764FF00BF103782
:1087A000BD4680BD80B584B000AF78607B68DB6F6C
:1087B000BB60BB685B689B69002B06D0BB685B68CD
:1087C0009B69B8689847F86002E06FF05E03FB6051
:1087D000F9687868FFF746FF00BF1037BD4680BDD7
:1087E00080B584B000AF78607B68DB6FFB60FB68AE
:1087F0005B68DB69002B09D0FB685B68DB69F868A4
:108800009847B860B9687868FFF72CFF00BF103749
:10881000BD4680BD80B582B000AF786039600A493E
:108820007868FFF783F93B685B685B68002B06D0CC
:108830003B685B685B6838689847034600E0002344
:1088400018460837BD4680BD5434050080B582B057
:1088500000AF78607868FFF718FA7868FFF7EDF9ED
:1088600000BF0837BD4680BD80B582B000AF7860DC
:1088700003497868FFF75AF900BF0837BD4680BD45
:108880008434050080B483B000AF7860396000BFE5
:108890000C37BD465DF8047B704780B485B000AFEF
:1088A000F860B9607A6000BF1437BD465DF8047B9C
:1088B000704780B485B000AFF860B9607A6000BFDF
:1088C0001437BD465DF8047B704780B483B000AFB9
:1088D000786000BF0C37BD465DF8047B704780B4FC
:1088E00083B000AF7860396000BF0C37BD465DF8DB
:1088F000047B704780B586B000AFF860B9607A60DD
:108900007A68B968F868FFF7D4FFFB681B6BDB680F
:10891000F8687A68B968984778617969F868FFF704
:10892000B1FF7B6918461837BD4680BD80B584B05D
:1089300000AF78607868FFF7C8FF7B681B6B1B6926
:108940007A6810469847F860F9687868FFF79AFFE8
:10895000FB6818461037BD4680BD80B586B000AFB5
:10896000F860B9607A607968F868FFF7B8FFFB686B
:108970001B6B5B69F8687A68B968984778617A68B0
:108980007969F868FFF789FF7B6918461837BD4693
:1089900080BD80B582B000AF78607868FFF775F968
:1089A0007868FFF74AF900BF0837BD4680BD80B43C
:1089B00083B000AF786000BF0C37BD465DF8047B24
:1089C000704790B597B000AF78607B68DB6F7B65D0
:1089D0000023FB6407F10803402200211846E8F752
:1089E000BCFC0423A7F8423007F1080207F14C034E
:1089F00019467868FFF7B1FF38653B6D002B13D13E
:108A00007B6D5B685C68FA6C07F108030021786D88
:108A1000A047B7F8423003F48063002B04D00C4920
:108A20007868FFF783F810E07868FFF72EF93B6D60
:108A3000002B07D03B6D13F1100F03D07868FFF7C0
:108A4000A4FA02E07868FFF7F8F85C37BD4690BDFD
:108A5000BC34050080B582B000AF78600B46FB7077
:108A60007868FFF712F97868FFF7E7F800BF083772
:108A7000BD4680BD80B584B000AF78607868FFF7F0
:108A800055FFF860FB6813F1100F0DD07868FFF701
:108A9000FCF8FB68002B03D07868FFF776FA04E057
:108AA0007868FFF7CAF800E000BF1037BD4680BD08
:108AB00080B586B000AF7860396007F10803002206
:108AC0001A605A609A604FF0FF33FB6002233B74D8
:108AD00007F10803002219467868FFF70BFF786159
:108AE0007B69002B01D07B6904E004497868FFF7BB
:108AF0001DF8002318461837BD4680BDE834050030
:108B000080B582B000AF78607B685B68002B05D1D0
:108B1000074B084A40210848D6F74FFB7B685B6843
:108B20001846E5F791FD00BF0837BD4680BD00BF80
:108B300010350500E03505002035050080B485B00E
:108B400000AF786039607B68FB603B68BB60BB68E6
:108B50001A46FB68BFF35B8F1A60BFF35B8F00BFE1
:108B60001437BD465DF8047B704780B483B000AF16
:108B70007860396000BF0C37BD465DF8047B7047F4
:108B800080B483B000AF786000BF0C37BD465DF89D
:108B9000047B704780B483B000AF786000BF0C37AF
:108BA000BD465DF8047B704780B483B000AF786049
:108BB00000BF0C37BD465DF8047B704780B584B0BC
:108BC00000AF78607868FFF7E5FF7B681B6B1B6878
:108BD0007A6810469847F860F9687868FFF7C5FF2B
:108BE000FB6818461037BD4680BD80B582B000AF27
:108BF00078607868FFF7D8FF7B681B6B5B687A68E2
:108C0000104698477868FFF7BBFF00BF0837BD469E
:108C100080BD80B582B000AF78607868F9F7E5F97B
:108C20007B68002283F891207B6868331846F7F749
:108C300069FA7B68703300211846FFF77FFF7B6875
:108C400044331846FFF75CFF00BF0837BD4680BDC0
:108C500080B483B000AF78607B68012283F89120F4
:108C600000BF0C37BD465DF8047B704780B584B00B
:108C700000AF78600123FB60024B034A2B210348BD
:108C8000D6F79BFA64350500E83505006C3505001C
:108C900080B582B000AF78600B46FB707868FFF754
:108CA000E5FF00BF0837BD4680BD80B584B000AF8A
:108CB00078607B6893F89030002B2FD07868FFF7AE
:108CC0007DFFF860FB68002B12D17868FEF7B5FFD6
:108CD0007B6893F89230002B20D000BF7B68002285
:108CE00083F890207B689B6F5B6A7868984700E008
:108CF00000BF7B6893F89130BB607B6893F891303C
:108D000083F00103DBB2002B05D1064B064A4B2151
:108D10000648D6F752FABB68002B00E000BF1037B8
:108D2000BD4680BD9C350500083605006C35050044
:108D300080B582B000AF78607868FFF756FF78683A
:108D4000FEF7B6FF786801F095FC04497868FEF7F5
:108D5000EDFE00BF0837BD4680BD00BFB835050039
:108D600080B582B000AF78607868E5F7B5FC00BFE9
:108D70000837BD4680BD80B582B000AF78607868A6
:108D8000FFF7EEFF00BF0837BD4680BD80B582B05B
:108D900000AF78607868FFF7EEFF00BF0837BD4688
:108DA00080BD80B483B000AF7860396000BF0C37FD
:108DB000BD465DF8047B704780B485B000AFF860B5
:108DC000B9607A6000BF1437BD465DF8047B704718
:108DD00080B485B000AFF860B9607A6000BF143726
:108DE000BD465DF8047B704780B483B000AF786007
:108DF000396000BF0C37BD465DF8047B704790B505
:108E000087B000AFF860B9607A603B603A68796813
:108E1000F868FFF7DDFFFB681B6B9C68F8683B6830
:108E20007A68B968A04778617969F868FFF7B9FF8F
:108E30007B6918461C37BD4690BD80B586B000AF33
:108E4000F860B9607A607968F868FFF7CDFFFB6871
:108E50001B6B5B69F8687A68B968984778617A68CB
:108E60007969F868FFF7A8FF7B6918461837BD468F
:108E700080BD90B585B000AF78607B68DB6FFB602C
:108E8000FB685B68DC687B68D3F8802000230021E6
:108E9000F868A0477B680022C3F880207868FEF756
:108EA000F4FE7868FEF7C9FE00BF1437BD4690BDDA
:108EB00080B483B000AF786000BF0C37BD465DF86A
:108EC000047B704790B597B000AF78607B68DB6F2C
:108ED0007B650023FB6407F108034022002118464C
:108EE000E8F73BFA0423A7F8423007F1080207F13C
:108EF0004C0319467868FFF7A0FF38653B6D002BDF
:108F000036D1FB6CDB691B7803F00703022B16D10B
:108F1000FB6CDB6902331A787B68D3F88030DB693D
:108F200002331B789A420AD17B6D5B68DC687B68F0
:108F3000D3F8802000230021786DA04709E07B6DE5
:108F40005B68DC687B68D3F8802001230021786DA2
:108F5000A047FB6C1846FFF719FF7B680022C3F897
:108F600080207868FEF791FE7868FEF766FE02E0E2
:108F70007868FFF70AF800BF5C37BD4690BD90B532
:108F800085B000AF78607B68DB6FFB60FB685B6877
:108F9000DC687B68D3F8802001230021F868A047B3
:108FA0007B680022C3F880207868FEF76EFE786840
:108FB000FEF743FE00BF1437BD4690BD80B582B0BA
:108FC00000AF78600B46FB707868FFF7D8FF00BFF2
:108FD0000837BD4680BD80B483B000AF786000BF65
:108FE0000C37BD465DF8047B704780B483B000AF9A
:108FF000786000BF0C37BD465DF8047B704790B5C4
:109000008BB000AF786039603B685B689B6800217B
:109010003868984778627B6ADB691B7803F0200325
:1090200087F8233007F1080300221A605A609A601B
:10903000DA601A6197F82330002B06D07B685A68F3
:1090400013465B0013449B0000E00023FB6007F124
:1090500008020023796A7868FFF7D1FEF861FB699E
:10906000002B09D03B685B68DC6802237A6A002128
:109070003868A047FB6914E07B687A6AC3F88020EF
:109080007868F9F7A0F997F82330002B04D0074946
:109090007868FEF74BFD03E005497868FEF746FD6A
:1090A000002318462C37BD4690BD00BF683605002A
:1090B0003836050080B588B000AFF860B9607A60D6
:1090C000FB685B6A1B68FB610223BB61FA69BB68D2
:1090D0001A44BB69134479681846F6F789FE78612B
:1090E0007B69002B01D1002304E0F9697869F6F768
:1090F000BDFE7B6918462037BD4680BD80B485B073
:1091000000AF03463960FB803B68FB60FB685A1C7C
:10911000FA60FA88D2B21A70FB881B0A99B2FB680F
:109120005A1CFA60CAB21A7000BF1437BD465DF807
:10913000047B704780B485B000AF78607B68FB60CB
:10914000FB681B789AB2FB6801331B789BB21B0249
:109150009BB213439BB218461437BD465DF8047B9F
:10916000704780B483B000AF78607B685A6A7B68D0
:109170001B6AD31A18460C37BD465DF8047B70474E
:1091800080B485B000AF78607B680833FB60FB6813
:1091900000221A707B685B699AB2FB689A8000BFF4
:1091A0001437BD465DF8047B704780B584B000AFCE
:1091B00078600B46FB707B680833BB60FB78002B44
:1091C00026D00023FB73BB681B78012B0BD1002238
:1091D0007F21786800F022F80346002B0CBF0123A2
:1091E0000023FB730EE0BB681B78012B0AD9002219
:1091F0000F21786800F06CF80346002B0CBF0123A8
:109200000023FB73FB7B002B02D06FF0680301E0AF
:10921000BB689B8818461037BD4680BD80B588B0B6
:1092200000AFF860B9607A60FB680833FB617B6867
:109230007F2B8CBF01230023DBB2002B01D0002346
:1092400042E0F868FFF78DFF03461A467B68023359
:109250009A4234BF01230023DBB2002B01D000234C
:1092600032E0FB691B78002B0AD1FB68DB69013314
:109270001A78FB68DB69013342F00202D2B21A703D
:10928000FB6901221A707B681BB203F07F031AB2DC
:10929000BB68DB011BB203F4FF431BB213431BB2D9
:1092A0007B837B6802331946F868F6F719FE78610C
:1092B0007B8B79691846FFF721FFFB685B699AB2DF
:1092C000FB699A807B69023318462037BD4680BD12
:1092D00080B588B000AFF860B9607A60FB68083389
:1092E000BB610023FB77BB691B78012B01D80123ED
:1092F000FB777B6840F2FF7293428CBF012300230F
:10930000DBB2002B01D0002350E0F868FFF729FF03
:1093100003461946FB7F002B01D0042200E0022205
:109320007B681344994234BF01230023DBB2002B36
:1093300001D000233AE0BB691B78002B0AD1FB68FF
:10934000DB6901331A78FB68DB69013342F0020202
:10935000D2B21A70FB7F002B04D000227E21F86865
:10936000FFF75CFFBB6902221A707B681BB2C3F374
:109370000A031AB2BB68DB021BB203F4F0431BB250
:1093800013431BB26FEA43436FEA53431BB2FB82A2
:109390007B6802331946F868F6F7A2FD3861FB8A4C
:1093A00039691846FFF7AAFE3B6902331846203791
:1093B000BD4680BD80B58AB000AFF860B9607A6004
:1093C000FB680833FB61BB680F2B1FDC7B6840F236
:1093D000FF7293428CBF01230023DBB2002B01D02C
:1093E00000238EE07B681BB2C3F30A031AB2BB688A
:1093F000DB021BB203F4F0431BB213431BB26FEA50
:1094000043436FEA53431BB2FB8416E07B68FF2B98
:109410008CBF01230023DBB2002B01D0002370E0BE
:109420007B681BB2DBB21AB2BB681B021BB203F42F
:10943000FE431BB213431BB2FB84FB691B78032B57
:109440001DD07B6802331A460121F868FFF740FF00
:1094500038623B6A002B0CBF01230023DBB2002BD8
:1094600001D000234DE0FB6903221A703B6A9A1E6B
:10947000FB68DB69D31A9AB2FB695A803AE0FB6851
:10948000DB69FA6952881344BB61B869FFF752FE81
:109490000346FB82FB8AC3F30A033B613A697B689C
:1094A000134402333B613B6940F2FF729342CCBFED
:1094B00001230023DBB2002B01D0002321E0B7F908
:1094C000163023F4FF6323F007031AB23B691BB283
:1094D000C3F30A031BB213431BB2FB82FB8AB969B5
:1094E0001846FFF70BFE7B6802331946F868F6F75B
:1094F000F7FC3862FB8C396A1846FFF7FFFD3B6AC0
:10950000023318462837BD4680BD80B584B000AF11
:10951000786039600023FB737B685B69012B1BD883
:109520003B68DB68002B02D06FF01503ACE07B6872
:109530005B69002B02D06FF04C03A5E03B68012271
:109540001A703B6800225A703B6800225A603B68E0
:1095500000229A60012397E07B68DB691846FFF7D9
:10956000E9FD0346BB8102217868F6F743FD3B68BD
:10957000DB68002B2FD03B6803225A70B7F90C3000
:10958000002B0BDABB89DB1203F00F023B685A6039
:10959000BB89C3F30A023B689A6009E0BB891B12CE
:1095A00003F07F023B685A60BB89DAB23B689A607D
:1095B0003B68DA683B689B6802339A4202D26FF0DC
:1095C0004C0361E03B68DA683B689B68D31A9A1EDB
:1095D0003B68DA6057E0B7F90C30DB439BB2DB0B3A
:1095E000FB723B681B7883F00103DBB2FA7A9A4284
:1095F00002D06FF04C0347E0FB7A002B1DD03B6894
:1096000001225A70BB89DB11DAB23B685A60BB8910
:1096100003F07F023B689A603B685B687E2B02D157
:109620003B6801221A703B685B687F2B22D13B6844
:1096300001221A700123FB731CE03B6802225A705E
:10964000BB89DB1203F00F023B685A60BB89C3F38E
:109650000A023B689A603B685B680F2B02D10123CA
:10966000FB7307E03B685B68012B03D13B689A689A
:109670003B68DA607B685A693B689B689A4202D211
:109680006FF04C0300E0FB7B18461037BD4680BDF1
:1096900080B485B000AF78607B68BFF35B8F53E820
:1096A000002F02F1010143E800100028F7D1BFF3B9
:1096B0005B8FFA60FB680133FB60FB681846143768
:1096C000BD465DF8047B704780B483B000AF78601E
:1096D0007B68BFF35B8F53E8002F02F1FF3243E852
:1096E00000210029F7D1BFF35B8F00BF0C37BD46C7
:1096F0005DF8047B704780B582B000AF78600020D1
:10970000E4F7FEFE02467B681A6000BF0837BD46DC
:1097100080BD80B582B000AF78607B68002B05D13A
:109720000D4B0E4A22210E48D5F747FD7B681B687A
:10973000002B05D10020E4F7E3FE02467B681A60A7
:109740007B681B684FF0FF311846E4F7DDFE00BF71
:109750000837BD4680BD00BF903605008C38050037
:109760009836050080B582B000AF78607B68002B2A
:1097700003D07B681B68002B05D1074B074A2A21C1
:109780000748D5F71AFD7B681B681846E4F7E8FE22
:1097900000BF0837BD4680BDDC360500983805009F
:1097A0009836050080B582B000AF78607B68002BEA
:1097B00003D07B681B68002B05D1074B074A30217B
:1097C0000748D5F7FAFC7B681B681846E4F7F0FEFB
:1097D00000BF0837BD4680BDDC360500F8380500FF
:1097E0009836050080B483B000AF78607B681B7842
:1097F00018460C37BD465DF8047B704780B582B0D3
:1098000000AF78607B685B68002B05D00C4B0D4A7D
:1098100031210D48D5F7D1FC01210020E4F7D4FE19
:1098200002467B685A607B685B6800211846E4F753
:10983000DFFE7B6800221A7000BF0837BD4680BD7E
:10984000F8360500C03805000837050080B582B03D
:1098500000AF78607B685B68002B05D1074B084A36
:109860003A210848D5F7A9FC7B685B681846E4F7FD
:1098700013FF00BF0837BD4680BD00BF4C37050051
:10988000083905000837050080B582B000AF786060
:1098900039607B68002B05D1064B074A1F2107481A
:1098A000D5F78BFC7B683A681A6000BF0837BD4665
:1098B00080BD00BF5C370500D43805006037050067
:1098C00080B483B000AF78607B6818460C37BD4623
:1098D0005DF8047B704780B483B000AF78607B682C
:1098E0008C3B18460C37BD465DF8047B704780B44E
:1098F00085B000AFF860B9607A6000BF1437BD462C
:109900005DF8047B704780B483B000AF786000BF1F
:109910000C37BD465DF8047B704780B584B000AF5E
:10992000786039607868FFF7EEFF7B681B6B5B6AD5
:109930007A68396810469847F8603B681B681A4691
:10994000F9687868FFF7D3FFFB6818461037BD4603
:1099500080BD80B582B000AF786039607B681B6BDA
:109960009B6A7A6839681046984702460B4610464B
:1099700019460837BD4680BD80B584B000AFF86099
:10998000C7E90023FB681B6BD96AF868D7E9002395
:109990008847034618461037BD4680BD80B584B061
:1099A00000AFF860B9607A60FB681B6B1B6BF868EE
:1099B0007A68B968984702460B4610461946103730
:1099C000BD4680BD80B586B002AFF860C7E9002310
:1099D000FB681B6B596BF868D7E90623CDE90023B8
:1099E000D7E90023884702460B4610461946103730
:1099F000BD4680BD80B584B000AF78607868FFF761
:109A00006AFFF860FB6888331846FFF782FEFB6840
:109A100093F89130002B02D0F868F8F7BFFCFB6890
:109A200088331846FFF79EFE00BF1037BD4680BD45
:109A300080B588B000AF786039603B68002B1BD0E0
:109A40003B681B68002B17D03B685B68002B13D06A
:109A50003B689B68002B0FD03B68DB68002B0BD06A
:109A60003B681B69002B07D03B685B69002B03D068
:109A70003B689B69002B01D1012300E00023FB61BF
:109A80003B68002B1BD03B681B68002B17D03B6842
:109A90005B68002B13D03B689B68002B0FD03B68A2
:109AA000DB68002B0BD03B681B69002B07D03B68A1
:109AB0005B69002B03D03B689B69002B05D1334BBE
:109AC000334A41213348D5F778FBFB69002B14BF9B
:109AD00001230023DBB2002B01D0002351E07B687F
:109AE000C033BB612C49B869F7F77AFE78617B69AE
:109AF000002B01D1002344E02848FFF7C9FD38615D
:109B00003B69002B07DA2548FFF7DEFD7869F7F798
:109B10008BFE002335E07B69DB68FB60FB687A69BC
:109B2000DA62FB687A695A62FB6803F1C002FB687B
:109B30009A62FB683A681A633B695A1EFB685A636B
:109B4000FB6844331846FFF759FEFB688833184614
:109B5000FFF7D1FDFB688C3311491846FFF794FEDF
:109B6000FB6888331846FFF7D4FDF868F8F7CFF99B
:109B7000F868FDF75CFFFB6888331846FFF7F2FDD5
:109B8000FB6818462037BD4680BD00BFA8370500DA
:109B9000A838050038380500603A050090E3002039
:109BA000F599040080B584B000AF78607868FFF75D
:109BB00087FEF860FB6888331846FFF7AAFDF8684F
:109BC000FDF764FFF868F8F7C0F9FB6888331846BA
:109BD000FFF7C8FDFB6888331846FFF7E3FDFB6815
:109BE00044331846FFF7FEFD0346002B14BF012344
:109BF0000023DBB2BB60FB6844331846FFF7F2FD7D
:109C00000346002B05D00B4B0B4A6F210B48D5F7B1
:109C1000D4FABB68002BFB6844331846FFF716FEE6
:109C2000FB68DB6A1846F7F7FFFD00BF1037BD463B
:109C300080BD00BF64380500E038050038380500F5
:109C400080B584B000AF78607868FFF739FEF860BF
:109C50007B685B6A5A687B685B6A42F008025A60FC
:109C6000FB68DB6A1846F7F7ECFDB860BB68002BB1
:109C700001D0BB681EE0FB68DB6A1B69D3E90023E7
:109C8000F968C1E92623FB684FF6FF72A3F8A0200C
:109C9000FB684FF6FF72A3F8A2200848FFF739FDD2
:109CA000FB683C3306491846F5F74CFB0348FFF7C1
:109CB00059FD002318461037BD4680BD8CE30020B7
:109CC0007827002080B584B000AF78607868FFF70F
:109CD000F7FDF8601048FFF71CFDFB683C331846A1
:109CE000F5F749FB0C48FFF73DFDFB68DB6A1846BA
:109CF000F7F7BAFDFB6888331846FFF70AFDF868E6
:109D0000F8F780F9FB6888331846FFF72BFD00BF92
:109D10001037BD4680BD00BF8CE3002080B584B005
:109D200000AF78607868FFF7CBFDF860FB68D3E997
:109D30002623104619461037BD4680BD80B584B035
:109D400000AF78607868FFF7BBFDF860FB68B3F898
:109D5000A03018461037BD4680BD80B584B000AF36
:109D600078607868FFF7ACFDF860FB68B3F8A23064
:109D700018461037BD4680BD80B584B000AF78600E
:109D800039607868FFF79CFDF860FB6893F89130C4
:109D900083F00103DBB2002B02D06FF0720304E00A
:109DA0003968F868FFF7B9FD034618461037BD4615
:109DB00080BD80B584B000AF786039607868FFF707
:109DC0007FFDF8603968F868FFF7C3FD02460B466F
:109DD000104619461037BD4680BD80B586B000AF2D
:109DE000F860C7E90023F868FFF76AFD7861D7E9F2
:109DF00000237869FFF7C0FD034618461837BD46B3
:109E000080BD80B586B000AFF860B9607A60F86850
:109E1000FFF756FD78617A68B9687869FFF7BEFD8B
:109E200002460B46104619461837BD4680BD80B520
:109E300088B002AFF860C7E90023F868FFF740FD7B
:109E40007861D7E90823CDE90023D7E900237869B1
:109E5000FFF7B8FD02460B46104619461837BD46B7
:109E600080BD80B584B000AF78600023FB601048EF
:109E7000FFF74FFC0F4B1B683C3BBB600BE0BB6824
:109E80005B6B7A689A4202DCBB68FB6008E0BB68E7
:109E9000DB6B3C3BBB60BB683C33064A9342EED174
:109EA0000348FFF75FFCFB6818461037BD4680BDCE
:109EB0008CE300207827002080B584B000AFF6F74F
:109EC00083FDF860FB68002B01D0FB684AE0F8F7DF
:109ED00069FCF860FB68002B14BF01230023DBB290
:109EE000BB60FB68002B06D0204B214A40F20311D7
:109EF0002048D5F762F9BB68002B14BF012300236B
:109F0000DBB2002B01D0FB682CE002F021FAF860F4
:109F1000FB68002B14BF01230023DBB27B60FB68CE
:109F2000002B06D0114B124A40F205111148D5F70B
:109F300044F97B68002BF8F783FDF860FB68002B81
:109F400014BF01230023DBB23B60FB68002B06D06B
:109F5000064B074A40F207110648D5F72EF93B6831
:109F6000002BFB6818461037BD4680BD84380500BD
:109F7000203905003838050080B500AFF8F76AFDD4
:109F800002F0F4F9F8F718FCF6F726FD00BF80BDE3
:109F900080B582B000AF78607B68002B05D10D4B97
:109FA0000D4A22210D48D5F708F97B681B68002B64
:109FB00005D10020E4F7A4FA02467B681A607B68AA
:109FC0001B684FF0FF311846E4F79EFA00BF0837D0
:109FD000BD4680BD30390500B83A05003839050066
:109FE00080B582B000AF78607B68002B03D07B68BF
:109FF0001B68002B05D1074B074A2A210748D5F7D4
:10A00000DCF87B681B681846E4F7AAFA00BF08373B
:10A01000BD4680BD7C390500C43A050038390500CD
:10A0200080B582B000AF78607B68002B03D07B687E
:10A030001B68002B05D1074B074A25210748D5F798
:10A04000BCF87B681B687868984700BF0837BD4636
:10A0500080BD00BF98390500E43A0500B03905001D
:10A0600080B485B000AF78607B68BFF35B8F53E846
:10A07000002F02F1010143E800100028F7D1BFF3DF
:10A080005B8FFA60FB680133FB60FB68184614378E
:10A09000BD465DF8047B704780B483B000AF786044
:10A0A000396000BF0C37BD465DF8047B704780B453
:10A0B00083B000AF7860084611461A460346FB702D
:10A0C0000B46BB7013467B7000BF0C37BD465DF876
:10A0D000047B704780B485B000AFF860B9607A60E7
:10A0E00000BF1437BD465DF8047B704780B483B071
:10A0F00000AF78600B46FB7000BF0C37BD465DF8C3
:10A10000047B704780B483B000AF78600B46FB706F
:10A1100000BF0C37BD465DF8047B704790B585B035
:10A1200000AF7860084611461A460346FB700B469E
:10A13000BB7013467B707B78BA78F9787868FFF744
:10A14000B6FF7B681B6BDC6B78687B78BA78F97834
:10A15000A047F860F9687868FFF79EFFFB6818462B
:10A160001437BD4690BD80B586B000AFF860B960C9
:10A170007A607A68B968F868FFF7ACFFFB681B6B18
:10A180009B6CF8687A68B968984778617969F8686B
:10A19000FFF782FF7B6918461837BD4680BD80B542
:10A1A00084B000AF78600B46FB70FB781946786886
:10A1B000FFF79CFF7B681B6B9B6D7A68F9781046F4
:10A1C0009847F860F9687868FFF766FFFB681846FB
:10A1D0001037BD4680BD80B584B000AF78600B46B7
:10A1E000FB70FB7819467868FFF78CFF7B681B6B68
:10A1F000DB6D7A68F97810469847F860F9687868F6
:10A20000FFF74AFFFB6818461037BD4680BD80B592
:10A2100086B000AF78607B68DB687B617B6993F810
:10A2200091303B617B6993F8913083F00103DBB29D
:10A23000002B05D10D4B0E4A25210E48D4F7BDFF4A
:10A240003B69002B7B6988331846FFF7A1FE7869CC
:10A25000F7F78EFEF8607B6988331846FFF7C0FE7B
:10A26000FB6818461837BD4680BD00BFF8390500A9
:10A27000A43A05000C3A050080B584B000AF7860C0
:10A280007B68DB68FB60FB6893F8913083F0010327
:10A29000DBB2BB60FB6893F89130002B05D1234BF8
:10A2A000234A33212348D4F788FFBB68002BFB687F
:10A2B00088331846FFF76CFEF868F7F785FEFB68F1
:10A2C00088331846FFF78CFEFB6893F8913083F0D3
:10A2D0000103DBB2002B23D1FB68012283F8442069
:10A2E000FB689B6C002B05D1134B114A3921114897
:10A2F000D4F763FFFB689B6C4FF0FF311846E4F71F
:10A3000077F9FB6893F8913083F00103DBB2002BFF
:10A3100000D1EFE700BFFB68002283F8442000E093
:10A3200000BF00BF1037BD4680BD00BF343A0500F6
:10A33000D43A05000C3A0500483A050080B586B0CD
:10A3400000AF786039607B68DB68FB600023FB74DA
:10A35000FB6893F8913083F00103DBB2002B03D04C
:10A360006FF01F037B6113E0FB68683339681846A0
:10A37000F5F78BFEFB6870331846FFF771FEB86087
:10A38000BB68012BD4BF01230023FB7400237B6136
:10A39000FB7C002B02D07868F7F79EFAFB688C33C1
:10A3A0001846FFF73DFE7B6918461837BD4680BD4D
:10A3B00080B483B000AF786039606FF05E031846F8
:10A3C0000C37BD465DF8047B704780B584B000AFA4
:10A3D00078600B46FB701346BB707B68DB68FB60E4
:10A3E000FB681B6BDB6B002B02D16FF05E0311E08F
:10A3F000FB6888331846FFF7CBFDBA78F97800235D
:10A40000F868FFF78BFEB860FB6888331846FFF7E3
:10A41000E7FDBB6818461037BD4680BD80B586B0E5
:10A4200000AFF860B9607A60FB68DB683B613B694C
:10A430001B6B9B6C002B02D16FF05E033BE03B6912
:10A4400088331846FFF7A4FD3B6993F89130002B41
:10A4500003D06FF00F037B6127E07A68B968386931
:10A46000FFF781FE78617B69002B1ED17B6803F0CA
:10A470000403002B04D0BB681A883B69A3F8A02012
:10A480007B6803F00103002B04D0BB685A883B694A
:10A49000A3F8A2207B6803F00203002B05D0BB6861
:10A4A000D3E902233969C1E926233B698833184679
:10A4B000FFF796FD7B6918461837BD4680BD80B40E
:10A4C00085B000AF78600B46FB707B68DB68FB6093
:10A4D00097F90330002B03DB97F90330072B02DDDC
:10A4E0006FF0150304E0FB68FA7883F8A4200023DA
:10A4F00018461437BD465DF8047B704780B584B0BC
:10A5000000AF78600B46FB707B68DB68FB60FB6824
:10A510001B6B9B6D002B02D16FF05E0310E0FB689C
:10A5200088331846FFF734FDFB781946F868FFF7C3
:10A5300036FEB860FB6888331846FFF751FDBB68EC
:10A5400018461037BD4680BD80B586B000AFF860B4
:10A55000C7E90023FB68DB687B617B691B6BDB6DF4
:10A56000002B0ED07B6988331846FFF711FD0121BF
:10A570007869FFF730FE7B6988331846FFF730FDB6
:10A5800000E000BF1837BD4680BD80B584B000AF85
:10A5900078607B68DB68FB60FB681B6BDB6D002B06
:10A5A0000ED0FB6888331846FFF7F2FC0021F868EC
:10A5B000FFF711FEFB6888331846FFF711FD00E036
:10A5C00000BF1037BD4680BD80B582B000AF786057
:10A5D0007868E4F781F800BF0837BD4680BD80B5D4
:10A5E00084B000AFF860B9607A60B968F868E6F7DF
:10A5F000E6FD034618461037BD4680BD80B483B0E3
:10A6000000AF78607B6818460C37BD465DF8047B68
:10A61000704780B483B000AF78607B6818460C3711
:10A62000BD465DF8047B704780B483B000AF7860AE
:10A6300039607A683B68D31ADB0FDBB218460C37F7
:10A64000BD465DF8047B704780B483B000AF78608E
:10A65000396000BF0C37BD465DF8047B704780B49D
:10A6600083B000AF7860396000BF0C37BD465DF83D
:10A67000047B704780B582B000AF78607B685B6D0B
:10A68000002B0AD07B6800229A657B685B6D1846B8
:10A69000FFF79AFF7B6800225A6500BF0837BD4666
:10A6A00080BD80B58CB000AF7860396007F10803D9
:10A6B000BB627B684C337B6239687868FFF7C4FF04
:10A6C0007B6ADB68002B08D17B6A3A681A607B6A78
:10A6D00000225A603B68FB6205E07B6A1B687A6A6D
:10A6E00052681344FB627B6A00221A61BB6AFA6AF1
:10A6F0001A607B6A1A68BB6A5A607B6A5A68BB6ACE
:10A700009A607B6ADA68BB6ADA607B68BB617B68E7
:10A710001B6E3B623B6A1B68DB6A3A68B96A386A3F
:10A720009847F861FB69002B04D07868FFF7A2FF17
:10A73000FB6917E07B6ADB68002B08D07B6A1B682B
:10A74000F96A1846FFF770FF0346002B05D07868BA
:10A75000FFF790FF6FF05E0304E0796A7868FFF717
:10A760007EFF002318463037BD4680BD80B586B0D9
:10A7700000AF786039607868FFF740FF78617B69E7
:10A780003B617B691B694C33FB607B681B68194626
:10A790003868FFF749FF0346002B02D06FF015031E
:10A7A00007E0FB683A681A60FB681A683B695A6000
:10A7B000002318461837BD4680BD80B588B000AF6D
:10A7C000F860B9607A60F868FFF718FFF861FB6914
:10A7D000BB61FB691B694C337B617B69DB68BA68D1
:10A7E0009A4202D96FF0150343E0BB68002B06D1F3
:10A7F0007B68B3F1FF3F02D06FF0150339E07B694E
:10A80000BA68DA607B69DA68BB69DA607B69DB6841
:10A81000002B0AD07B6999687B69DA6813465B0074
:10A8200013449B000C3B0B4400E000233B617B681E
:10A83000B3F1FF3F02D03B697A689A603B69002B15
:10A8400003D03B699B68002B07D17B6900225A60CB
:10A850007B695A68BB699A600AE03B695A683B6940
:10A860009B681A447B695A607B695A68BB699A6025
:10A87000002318462037BD4680BD80B58AB000AFA2
:10A88000F860B9607A603B60F868FFF7B7FE7862FD
:10A890007B6A3B627B6A1B694C33FB61FB69DB684B
:10A8A000002B0AD0FB699968FB69DA6813465B00E4
:10A8B00013449B000C3B0B4400E00023BB617B680E
:10A8C000002B02DB3B68002B02DA6FF015036EE011
:10A8D000BB69002B06D0BB699B68002B02D16FF0CF
:10A8E000150364E0BB69002B0AD0BB695A68BB69D9
:10A8F0009B6813447A689A4202DA6FF0150356E0B7
:10A90000BB68002B08D0BB681B68002B04D0BB6859
:10A910001B685B6A002B02D16FF0150347E0FB69EF
:10A920009868FB69DB685A1C13465B0013449B0064
:10A9300000221946FFF753FE78617B69002B02D194
:10A940006FF00B0333E0FB69DA6813465B001344D6
:10A950009B001A467B6913443B613B697A685A60E5
:10A960003B693A689A603B69BA681A60FB697A6920
:10A970009A60FB69DB685A1CFB69DA60FB69DA687C
:10A980003B6ADA603B68002B07D1FB6900225A6002
:10A99000FB695A683B6A9A6008E07A683B681A4427
:10A9A000FB695A60FB695A683B6A9A600023184643
:10A9B0002837BD4680BD80B584B000AF7860786828
:10A9C000FFF727FEF860F868F7F7E8FC00BF1037DC
:10A9D000BD4680BD80B584B000AF78607868FFF771
:10A9E00018FEF860FB6893F89130002B02D0F868ED
:10A9F000F7F7F7FC00BF1037BD4680BD80B483B0C9
:10AA000000AF7860012318460C37BD465DF8047B23
:10AA1000704780B483B000AF786000BF0C37BD468C
:10AA20005DF8047B704780B582B000AF78607B68CA
:10AA3000002B05D10D4B0E4A22210E48D4F7BDFB49
:10AA40007B681B68002B05D10020E3F759FD024607
:10AA50007B681A607B681B684FF0FF311846E3F78C
:10AA600053FD00BF0837BD4680BD00BFF43A050066
:10AA7000743C0500FC3A050080B582B000AF7860F8
:10AA80007B68002B03D07B681B68002B05D1074B2C
:10AA9000074A2A210748D4F790FB7B681B681846B1
:10AAA000E3F75EFD00BF0837BD4680BD403B0500B3
:10AAB000803C0500FC3A050080B586B000AF7860A8
:10AAC00000233B617B68002B13D07B681B68002B45
:10AAD0000FD07B685B68002B0BD07B681B69002B59
:10AAE00007D07B685B69002B03D07B68DB6A002B97
:10AAF00001D1012300E00023FB607B68002B13D011
:10AB00007B681B68002B0FD07B685B68002B0BD029
:10AB10007B681B69002B07D07B685B69002B03D027
:10AB20007B68DB6A002B05D12D4B2E4A29212E484C
:10AB3000D4F743FBFB68002B14BF01230023DBB2D7
:10AB4000002B02D06FF0150346E02848FFF76BFF9B
:10AB5000274B1B68083B7B612FE07B695A687B6849
:10AB60005B6819461046E6F74DFC0346002B0CBF08
:10AB700001230023DBB2BB607B695A687B685B689A
:10AB800019461046E6F73EFC0346002B05D1194B4B
:10AB9000144A31211448D4F710FBBB68002B14BFB2
:10ABA00001230023DBB2002B03D06FF00F033B61C6
:10ABB0000EE07B699B68083B7B617B6908330C4A2C
:10ABC0009342CAD17B68083309491846F4F7BAFBA7
:10ABD0000648FFF751FF3B6918461837BD4680BD50
:10ABE0005C3B0500543C0500F43B050094E3002069
:10ABF00080270020243C050080B582B000AF78603B
:10AC00000748FFF710FF7B6808331846F4F7B3FBDB
:10AC10000348FFF731FF00BF0837BD4680BD00BFC6
:10AC200094E3002080B588B000AFF860B9607A6026
:10AC30003B600023FB762C48FFF7F5FE2B4B1B688F
:10AC4000083BFB6117E0FB695B68B9681846E6F7EB
:10AC5000D9FB0346002B0AD1FB691B681846FFF796
:10AC6000CDFE0346002B0CD00123FB7609E0FB69E7
:10AC70009B68083BFB61FB6908331C4A9342E2D1A5
:10AC800000E000BF1848FFF7F7FEFB7E83F00103EA
:10AC9000DBB2002B01D0002321E0FB691B69FA68BD
:10ACA0001046984778617B69002B06D1FB691B68C9
:10ACB0001846FFF7AEFE002311E07B69FA691A60BF
:10ACC0003A687968786900F03EF80346002B05D0B1
:10ACD000FB695B6978699847002300E07B69184647
:10ACE0002037BD4680BD00BF94E3002080270020B0
:10ACF00080B584B000AF78607B681B68FB60FB6840
:10AD00005B6978689847FB681B681846FFF781FE07
:10AD100000BF1037BD4680BD80B584B000AF7860FD
:10AD20007B68002B0BD07B681B68FB60FB689B6912
:10AD3000002B05D0FB689B697868984700E000BF4E
:10AD40001037BD4680BD80B584B000AFF860B960F3
:10AD50007A60BB68002B01D100230FE0FB681B6801
:10AD6000DB69002B02D16FF05E0307E0FB681B6814
:10AD7000DB697A68B968F86898470346184610375F
:10AD8000BD4680BD90B587B002AFF860B9607A600B
:10AD90003B60FB681B681B6A002B02D16FF05E03EF
:10ADA0000AE0FB681B681C6A3B6A00933B687A6890
:10ADB000B968F868A047034618461437BD4690BDE9
:10ADC00090B585B000AFF860B9607A603B60FB6811
:10ADD0001B685B6A002B02D16FF05E0308E0FB6822
:10ADE0001B685C6A3B687A68B968F868A0470346E4
:10ADF00018461437BD4690BD90B587B002AFF860D5
:10AE0000B9607A603B60FB681B689B6A002B02D1CB
:10AE10006FF05E030CE0FB681B689C6A7B6A019321
:10AE20003B6A00933B687A68B968F868A0470346B4
:10AE300018461437BD4690BD80B485B000AF0346B8
:10AE40003960FB803B68FB60FB685A1CFA60FA883B
:10AE5000D2B21A70FB881B0A99B2FB685A1CFA60BE
:10AE6000CAB21A7000BF1437BD465DF8047B704744
:10AE700080B485B000AF786039603B68FB60FB68E8
:10AE80005A1CFA607A68D2B21A707B68190AFB6899
:10AE90005A1CFA60CAB21A707B68190CFB685A1CFB
:10AEA000FA60CAB21A707B68190EFB685A1CFA6005
:10AEB000CAB21A7000BF1437BD465DF8047B7047F4
:10AEC00080B485B000AF78607B68FB60FB681B785E
:10AED0009AB2FB6801331B789BB21B029BB21343EF
:10AEE0009BB218461437BD465DF8047B704780B4AA
:10AEF00085B000AF78607B68FB60FB681B781A4602
:10AF0000FB6801331B781B021A43FB6802331B7872
:10AF10001B041A43FB6803331B781B0613431846B4
:10AF20001437BD465DF8047B70472DE9B04384B00B
:10AF300000AF78607B68FB60FB6804331846FFF75E
:10AF4000D6FF03461A464FF000034FF000044FF0BF
:10AF5000000515000024F868FFF7C9FF03461A46EC
:10AF60004FF0000344EA020845EA030942464B4613
:10AF7000104619461037BD46BDE8B08380B582B093
:10AF800000AF7860396079680120E3F791FB0346F0
:10AF900018460837BD4680BD80B582B000AF7860E6
:10AFA0007868E3F799FB00BF0837BD4680BD80B5E0
:10AFB00082B000AF78607868FFF7EEFF00BF083717
:10AFC000BD4680BD80B584B000AF78600B46FB7095
:10AFD00001217868F4F784FFF860FB68FA781A704A
:10AFE00000BF1037BD4680BD80B483B000AF78602D
:10AFF00039607B685B693A689A4294BF01230023F9
:10B00000DBB218460C37BD465DF8047B704780B450
:10B0100083B000AF78607B68043318460C37BD46B8
:10B020005DF8047B704780B582B000AF78607868C7
:10B03000FFF7EDFF03461B6818460837BD4680BD85
:10B0400080B582B000AF78607868FFF7E0FF034614
:10B050001B7818460837BD4680BD80B483B000AF6A
:10B0600078607B6818460C37BD465DF8047B7047F6
:10B0700080B483B000AF78607B68103B18460C3713
:10B08000BD465DF8047B704780B483B000AF786044
:10B090007B68043B18460C37BD465DF8047B70475F
:10B0A00080B483B000AF78607B68083B18460C37EB
:10B0B000BD465DF8047B704780B483B000AF786014
:10B0C0007B680022C3F878227B680022C3F87C22C8
:10B0D0007B680122C3F8802200BF0C37BD465DF8B3
:10B0E000047B7047B0B483B000AF78607B68D3F85E
:10B0F0007C227B68D3F878329A4203D37B680022A3
:10B10000C3F87C227B68D3F87C2279687868134680
:10B110005B001344DB000344F83301F522741D4641
:10B120000FCD0FC495E8030084E8030000BF0C377F
:10B13000BD46B0BC704780B58AB000AF786039605A
:10B140007B6803F522737B624FF00043BB604FF0D6
:10B150000043FB604FF000433B614FF000437B61D5
:10B160004FF00043BB617B6893F8B4323B773B6898
:10B17000002B02D107F108033B607B68D8687B6A2B
:10B180001B683A681946F5F75CFB38623B6A13F1B5
:10B190006F0F03D17868FFF78FFF06E07B68D3F865
:10B1A0007C325A1C7B68C3F87C2200BF2837BD461E
:10B1B00080BD80B586B000AFF860C7E900230B46BC
:10B1C0007B814DF64143FB8200237B7500233B616D
:10B1D000FA683B691A44FB8A11461846FFF72CFEB1
:10B1E0003B6902333B61FA683B6913447A7D1A700C
:10B1F0003B6901333B61FA683B6913447A891A80E1
:10B200003B6902333B61FA683B69134439460822C3
:10B210001846E6F779F83B6908333B61FA683B6901
:10B220001344082207F120011846E6F76DF800BF25
:10B230001837BD4680BD80B586B002AFF860C7E95B
:10B2400000230B467B811521F868F4F749FE7989C4
:10B25000D7E90623CDE90023D7E90023FFF7A9FFAB
:10B2600000BF1037BD4680BD80B58CB002AFF8601E
:10B27000C7E900230B467B811521F868FFF7B4FE70
:10B28000034683F00103DBB2002B01D0002318E05A
:10B29000798907F11000D7E90C23CDE90023D7E91C
:10B2A0000023FFF786FFFB68DB6907F11001152219
:10B2B0001846E5F79AFF0346002B01D0002300E073
:10B2C000012318462837BD4680BD80B58EB002AF39
:10B2D000F860C7E900230B467B810D23FB62152133
:10B2E000F868FFF781FE034683F00103DBB2002B11
:10B2F00001D000231AE0798907F114004FF0000211
:10B300004FF00003CDE90023D7E90023FFF751FFF9
:10B31000FB68DB69FA6A07F114011846E5F765FF77
:10B320000346002B01D0002300E0012318463037EC
:10B33000BD4680BD80B584B000AF78604023FB730C
:10B34000FB7B19467868FFF73DFE00BF1037BD460E
:10B3500080BD80B584B000AF786001217868FFF7C8
:10B3600043FE034683F00103DBB2002B01D0002330
:10B3700009E07B68DB691B78FB73FB7B402B01D00A
:10B38000002300E0012318461037BD4680BD90B56C
:10B3900085B000AF78600B467B804123FB73FB7B5D
:10B3A00019467868FFF70EFE7C8802217868F4F76A
:10B3B00097FD034619462046FFF73EFD00BF1437B0
:10B3C000BD4690BD80B584B000AF78603960032180
:10B3D0007868FFF709FE034683F00103DBB2002B18
:10B3E00001D0002313E07B68DB691B78FB73FB7BD8
:10B3F000412B01D000230AE07B68DB69013318464A
:10B40000FFF75EFD03461AB23B681A800123184617
:10B410001037BD4680BD90B585B000AF786039600B
:10B420004223FB73FB7B19467868FFF7CBFD3C6832
:10B4300004217868F4F754FD034619462046FFF7C7
:10B4400017FD00BF1437BD4690BD80B584B000AF76
:10B450007860396005217868FFF7C6FD034683F000
:10B460000103DBB2002B01D0002313E07B68DB6912
:10B470001B78FB73FB7B422B01D000230AE07B6827
:10B48000DB6901331846FFF732FD03461A463B6875
:10B490001A60012318461037BD4680BD90B587B0AD
:10B4A00000AFF860B9601346FB804323FB75FB7D5A
:10B4B0001946F868FFF786FDBC680421F868F4F7C0
:10B4C0000FFD034619462046FFF7D2FCFC880221F7
:10B4D000F868F4F705FD034619462046FFF7ACFC73
:10B4E00000BF1C37BD4690BD80B586B000AFF86088
:10B4F000B9607A600721F868FFF776FD034683F0AC
:10B500000103DBB2002B01D000231DE0FB68DB69E7
:10B510001B78FB75FB7D432B01D0002314E0FB68F7
:10B52000DB6901331846FFF7E2FC03461A46BB68A5
:10B530001A60FB68DB6905331846FFF7C1FC034658
:10B540001AB27B681A80012318461837BD4680BDA1
:10B55000B0B58EB002AFF860B9607A603B60F86851
:10B56000FFF786FDF862FB6A03F52273BB627B6816
:10B57000002B00F02781BB68002B40F08880FB6A1D
:10B58000DB681846FEF7DAFB03461C46FB6ADB68FD
:10B590001846FEF7C3FB02460B4621467868FFF7C4
:10B5A00094FE034683F00103DBB2002B40F0F980E8
:10B5B0007B68DB690D331846FFF7B7FC02460B4684
:10B5C000B96AC1E9022315217868F4F713FD786898
:10B5D000FFF7BFFE034683F00103DBB2002B40F010
:10B5E000E2803B685B8F03F00103002B00F0DD80FD
:10B5F0003B685B8F03F00203002B00F0D8803B68B0
:10B600005B8F03F04003002B05D1FB6A4FF400422F
:10B61000A3F8C82205E03B681B6A1AB2FB6AA3F8CC
:10B62000C8223B68D3E90223F96AC1E9AE233B682B
:10B630001B68FA6AD2F8A02213447B61FB6AD868BF
:10B64000FB6AD3F8A8321A467969FEF7DAFB02469C
:10B650000B46F96AC1E9B023FB685B691C337A6960
:10B660005A60FB6AD3F8A0321946FB685B6938332D
:10B670007A690A445A60FB6AD3F8A0325B00194623
:10B68000FB685B6954337A690A445A6085E0BB6899
:10B69000022B14BF01230023DBB27B62BB68022BA9
:10B6A00006D04D4B4D4A40F273114D48D3F785FDFE
:10B6B0007B6A002BFB6ADB681846FEF73FFB0346FC
:10B6C0001C46FB6ADB681846FEF728FBBB6AD3E919
:10B6D0000223CDE9002302460B4621467868FFF796
:10B6E000C3FD034683F00103DBB2002B61D11521BA
:10B6F0007868F4F77FFC07F1100319467868FFF7C4
:10B70000A4FE034683F00103DBB2002B53D13B6858
:10B710005B8F03F00203002B4FD03B685B8F03F07D
:10B720004003002B05D1FB6A4FF40042A3F8CA2264
:10B7300005E03B681B6A1AB2FB6AA3F8CA223B68A1
:10B74000D3E90223C7E906233B691D46FB6ADC688F
:10B75000FB6AD3E9B001FB6AD3E9AE23CDE900234C
:10B7600002460B462046FEF762FB02460B46134696
:10B77000EC1AFB6AD968FB6AD3E9B023CDE9002350
:10B78000D7E906230846FEF752FB02460B4613464E
:10B7900023441A46FB6AC3F8CC227868FFF707FCFB
:10B7A00016E000BF0AE000BF08E000BF06E000BFEF
:10B7B00004E000BF02E000BF00E000BF7868FFF7D0
:10B7C000F6FB00E000BFBB6801331A46FB681A6154
:10B7D0003037BD46B0BD00BF903C0500AC3D050014
:10B7E000B03C0500F0B589B002AF78603960786888
:10B7F000FFF73EFC78617B6903F522733B617B694F
:10B80000DB6800221C211846FDF754FCF8607B69B8
:10B81000DB681846FEF792FA03461E463B69D3E9F9
:10B8200002457B69DB681846FEF778FA02460B464C
:10B83000CDE9002322462B463146F868FFF7FBFC92
:10B840003B68012B07D17B69B3F9C8321946F86808
:10B85000FFF79DFD1CE03B68032B14BF0123002371
:10B86000DBB2BB603B68032B06D00C4B0C4A40F2AA
:10B87000A5110C48D3F7A1FCBB68002B7B69D3F85A
:10B88000CC127B69B3F9CA321A46F868FFF706FE94
:10B89000FB6818461C37BD46F0BD00BFE83C0500FC
:10B8A000C43D0500B03C050080B584B000AFF86031
:10B8B000B9607A60FB707868FFF779FB00BF1037DA
:10B8C000BD4680BD80B483B000AF786000BF0C3748
:10B8D000BD465DF8047B7047B0B594B002AFF86028
:10B8E000B9607A603B60F868FFF7C2FB78647B6CF4
:10B8F00003F522733B647B68002B00F0D9807B6CDE
:10B90000DB681846FEF71AFA03461C467B6CDB68B8
:10B910001846FEF703FA3B6CD3E90223CDE9002376
:10B9200002460B4621467868FFF79EFC034683F0EB
:10B930000103DBB2002B40F0B08015217868F4F7EA
:10B9400059FBBB68012B50D17B6C03F5347319464E
:10B950007868FFF737FD034683F00103DBB2002B65
:10B9600040F09D803B685B8F03F00203002B00F0EA
:10B9700098803B685B8F03F04003002B05D17B6C04
:10B980004FF00042C3F8CC2204E03B681A6A7B6C9B
:10B99000C3F8CC223B68D3E90223C7E90C237B6CB4
:10B9A000D9687B6CD3E9AE23CDE90023D7E90C231A
:10B9B0000846FEF73CFA02460B4615467B6CDC68EF
:10B9C0007B6CD3E9B001D7E90C23CDE90023024613
:10B9D0000B462046FEF72BFA02460B461346EB1A9F
:10B9E0001A467B6CC3F8C82253E0BB68032B14BF14
:10B9F00001230023DBB2FB63BB68032B06D0334B70
:10BA0000334A4FF4F7713348D3F7D7FBFB6B002B66
:10BA10007B6C03F5367207F1140319467868FFF75B
:10BA200063FD034683F00103DBB2002B3BD13B688F
:10BA30005B8F03F04003002B05D17B6C4FF000427D
:10BA4000C3F8D42204E03B681A6A7B6CC3F8D422A2
:10BA50007B69002B00DA03339B10BB617B6CD3F84E
:10BA6000CC32FB617B6CB3F9D0323B627B6CD3F898
:10BA7000D4327B627B6CB3F9D832BB627B6C93F8B7
:10BA8000B43287F82C3007F118031946786CFFF7A9
:10BA900052FB7868FFF78BFA14E000BF04E000BFA8
:10BAA00002E000BF00E000BF7868FFF780FA00E026
:10BAB00000BF0021786CFFF73EFBBB6801331A46DC
:10BAC000FB681A614837BD46B0BD00BFE83C0500C1
:10BAD000E03D0500B03C0500F0B589B002AF7860EC
:10BAE00039607868FFF7C4FA78617B6903F52273DF
:10BAF0003B617B69DB6800221C211846FDF7DAFAFE
:10BB0000F8607B69DB681846FEF718F903461E46A5
:10BB10003B69D3E902457B69DB681846FEF7FEF80E
:10BB200002460B46CDE9002322462B463146F868F3
:10BB3000FFF781FB3B68002B03D1F868FFF7FAFBA6
:10BB400019E03B68022B14BF01230023DBB2BB606A
:10BB50003B68022B06D00A4B0A4A40F21E210A48D3
:10BB6000D3F72BFBBB68002B7B69D3F8C83219468F
:10BB7000F868FFF750FCFB6818461C37BD46F0BD5F
:10BB8000903C0500F03D0500B03C050080B584B058
:10BB900000AFF860B9607A60FB707868FFF707FA69
:10BBA00000BF1037BD4680BD80B483B000AF786061
:10BBB00000BF0C37BD465DF8047B704790B5A5B05B
:10BBC00000AFF860B9607A603B60F868FFF768FA28
:10BBD000C7F88C00D7F88C301033C7F88830BB68B2
:10BBE000C7F88430D7F8883003221A70D7F8883025
:10BBF0003E4A5A60D7F8883004221A61D7F88C3050
:10BC000003F14802D7F888305A61D7F888305A696A
:10BC1000D7F88C30D3F8AC32DCB2D7F88C3003F1E3
:10BC2000B800114600230B604B608B60CB600B614A
:10BC30004B618B61D7F8843053604FF0FF339360D2
:10BC40001523137323465373432313829061D7F84C
:10BC500088305B6903F11C01D7F88C30D3F8A83227
:10BC600018460A460023136053609360D360136143
:10BC70005361936101230B7015230B744861D7F84E
:10BC800088305B6903F13801D7F88C30D3F8B032D3
:10BC9000D8B20A460023136053609360D3601361E7
:10BCA0005361936115230B7303464B7342230B823D
:10BCB000D7F888305B6903F15401D7F88C30D3F89A
:10BCC000A83218460A460023136053609360D3607D
:10BCD00013615361936101230B7015230B74486149
:10BCE000D7F8883018469437BD4690BD8827002085
:10BCF00090B5A5B000AFF860B9607A603B60F868B5
:10BD0000FFF7C2F9C7F88C00D7F88C301033C7F8AA
:10BD10008830D7F88C30D3F8A0329B00C7F8843035
:10BD2000D7F88C30D3F87832002B0AD1D7F8883086
:10BD300000221A70D7F888306B4A5A60D7F88830DA
:10BD4000CDE07A68D7F8843013443A689A4201DA31
:10BD50000023C4E0D7F88C00FFF7C4F9D7F8883087
:10BD600003221A70D7F888305F4A5A60D7F88830B3
:10BD700004221A61D7F88C3003F14802D7F88830D2
:10BD80005A61D7F888305969D7F88C30D3F8A8327F
:10BD90001C46D7F88C3003F1B8000A460023136024
:10BDA00053609360D36013615361936101230B70FF
:10BDB000BB684B6015230B744C618861D7F88C30DD
:10BDC000D868D7F88C30D3F8A8321A46B968FEF78D
:10BDD00018F802460B46D7F88C10C1E9AE23D7F805
:10BDE00088305B6903F11C01D7F88C30D3F8A0329E
:10BDF0001A46BB68D018D7F88C30D3F8AC32DCB216
:10BE00000A460023136053609360D360136153614B
:10BE10009361486015230B7323464B7342230B82B7
:10BE2000D7F888305B6903F13801D7F88C30D3F844
:10BE3000A0325B001A46BB68D018D7F88C30D3F814
:10BE4000A8321C460A460023136053609360D360F7
:10BE500013615361936101230B70486015230B74C8
:10BE60004C61D7F88C30D868D7F88C30D3F8A03232
:10BE70005B001A46BB68D118D7F88C30D3F8A832CB
:10BE80001A46FDF7BEFF02460B46D7F88C10C1E9F3
:10BE9000B023D7F888305B6903F15401D7F88C30B0
:10BEA000D3F8A02213465B0013441A46BB68D0188F
:10BEB000D7F88C30D3F8B032DCB20A4600231360D6
:10BEC00053609360D360136153619361486015239D
:10BED0000B7323464B7340230B82D7F888301846E8
:10BEE0009437BD4690BD00BF9827002080B584B030
:10BEF00000AF786000214FF43870FFF73FF8F8602A
:10BF0000FB68002B01D1002339E0FB681E4A9A60D0
:10BF1000FB681E4A5A60FB687A68DA60FB68012297
:10BF2000C3F8D820FB684FF48072C3F8DC207B682C
:10BF30001B691A464FEAE2734FF080404FF0000150
:10BF4000E5F712F802460B46FB68C3F8A022FB682F
:10BF5000002283F8A422FB680022C3F8A822FB6811
:10BF60000022C3F8AC22FB680022C3F8B022FB68B1
:10BF7000012283F8B422F868FFF79EF8FB681846A0
:10BF80001037BD4680BD00BF1C3D0500543D050077
:10BF900080B584B000AF78607868FFF75EF8F8602D
:10BFA000F868FEF7F9FF00BF1037BD4680BD80B5C9
:10BFB0008CB000AFF860B9607A60F868FFF74DF8B0
:10BFC00078627B6AD3F8A0323B627B6AD3F878321E
:10BFD0009B00FB61BB68DB68002B4FD07B6ADB6892
:10BFE0001A683B6A92FBF3F27B6AD3F8803292FBC9
:10BFF000F3F3BB627B6A93F8A432BB617B6A93F86C
:10C00000A43283F00103DBB2002B06D13C4B3D4A46
:10C010004FF447713C48D3F7D0F8BB69002BBA6A9C
:10C02000FB699A4201DAFB69BB62BB681B68B96AAB
:10C03000FA698A1A396A01FB02F213441946B86890
:10C04000FEF794FBF862FB6A002B14BF0123002368
:10C05000DBB27B61FB6A002B06D02C4B294A40F2F5
:10C0600025312948D3F7A9F87B69002B14BF012398
:10C070000023DBB2002B01D0FB6A3CE04FF0FF3223
:10C080000021B868FEF799FBF862FB6A002B14BF29
:10C0900001230023DBB23B61FB6A002B06D01B4B64
:10C0A000184A40F22A311848D3F787F83B69002B29
:10C0B00014BF01230023DBB2002B01D0FB6A1AE07E
:10C0C0007B6A93F8A432002B09D07B6A03F1080144
:10C0D00000230022B868FEF7D0FBF8620AE07B6A12
:10C0E000191DFB693A6A02FB03F30022B868FEF7E8
:10C0F000C4FBF862FB6A18463037BD4680BD00BFFE
:10C100007C3D0500043E0500B03C0500943D050063
:10C11000B0B588B000AFF860B9607A60F868FEF733
:10C120009CFF78617B69D3F87832002B0CBF012328
:10C130000023FB740123FB617B6993F8A432002B7D
:10C1400002D06FF05E035DE07B68102B02D96FF0C8
:10C15000150357E00023BB613FE0BA6913465B005B
:10C160001344DB001A46BB681344D3E9042313438A
:10C1700002D06FF05E0345E0BA6913465B001344DA
:10C18000DB001A46BB6898187969BA6913465B00E8
:10C190001344DB000B44F8331C4605460FCD0FC497
:10C1A00095E8030084E80300BA6913465B00134472
:10C1B000DB001A46BB6813445B68FA699A4209DAE5
:10C1C000BA6913465B001344DB001A46BB6813448C
:10C1D0005B68FB61BB690133BB61BB697A689A42EA
:10C1E000BBD87B697A68C3F878227B69FA69C3F89F
:10C1F0008022FB7C002B04D07B69DB681846FEF7AD
:10C20000E9FB002318462037BD46B0BD80B592B08B
:10C2100002AFF860B9607A60F868FEF71EFFF86355
:10C2200007F114007B680093484BBA680521F3F7C7
:10C2300086FDB863BB6B002B01D0BB6B82E0BB6992
:10C24000002B2DD0BB691846FEF7EDFE03467B633D
:10C250007B6B002B08D07B6B5A1E7B6B1340002B33
:10C2600002D17B6B402B02DD6FF015036AE07B6B24
:10C270001A464FEAE2734FF000004FF000019906B2
:10C2800041EA92119006FB6BDB681B691A464FEA84
:10C29000E273E4F769FE02460B46FB6BC3F8A0228B
:10C2A000FB69002B12D0FB691846FEF7BCFE386311
:10C2B0003B6B012B0CBF01230023DAB2FB6B83F82D
:10C2C000A422FB6BDB681846FEF784FB3B6A002B5D
:10C2D0000BD03B6A1846FEF7B3FE034687F82F30B3
:10C2E00097F82F20FB6BC3F8A8227B6A002B0BD09A
:10C2F0007B6A1846FEF7A4FE034687F82E3097F8AF
:10C300002E20FB6BC3F8AC22BB6A002B0BD0BB6AA0
:10C310001846FEF795FE034687F82D3097F82D2036
:10C32000FB6BC3F8B022FB6BD3F8AC22FB6BD3F8EA
:10C33000B0329A420CBF01230023DAB2FB6B83F8C0
:10C34000B422002318464037BD4680BD303E05006C
:10C3500080B582B000AF0448FEF7AEFB78607B6822
:10C3600018460837BD4680BDA827002080B500AF1D
:10C370000248FEF741FC00BF80BD00BFA827002097
:10C3800080B483B000AF7860012318460C37BD46F7
:10C390005DF8047B704780B483B000AF786000BF65
:10C3A0000C37BD465DF8047B704780B582B000AFA6
:10C3B00078607B68002B05D10D4B0E4A22210E4878
:10C3C000D2F7FBFE7B681B68002B05D10020E2F74B
:10C3D00097F802467B681A607B681B684FF0FF3154
:10C3E0001846E2F791F800BF0837BD4680BD00BF90
:10C3F000903E0500EC3F0500983E050080B582B0F8
:10C4000000AF78607B68002B03D07B681B68002B33
:10C4100005D1074B074A2A210748D2F7CEFE7B6891
:10C420001B681846E2F79CF800BF0837BD4680BD80
:10C43000DC3E0500F83F0500983E050080B586B05B
:10C4400000AF786000233B617B68002B13D07B68D2
:10C450001B68002B0FD07B685B68002B0BD07B68C0
:10C460001B69002B07D07B685B69002B03D07B68BE
:10C470005B6A002B01D1012300E00023FB607B6895
:10C48000002B13D07B681B68002B0FD07B685B6888
:10C49000002B0BD07B681B69002B07D07B685B6986
:10C4A000002B03D07B685B6A002B05D12D4B2E4AF5
:10C4B00029212E48D2F781FEFB68002B14BF0123EF
:10C4C0000023DBB2002B02D06FF0150346E02848B2
:10C4D000FFF76BFF274B1B68083B7B612FE07B69F5
:10C4E0005A687B685B6819461046E4F78BFF034681
:10C4F000002B0CBF01230023DBB2BB607B695A68B1
:10C500007B685B6819461046E4F77CFF0346002B06
:10C5100005D1194B144A31211448D2F74EFEBB689D
:10C52000002B14BF01230023DBB2002B03D06FF0DC
:10C530000F033B610EE07B699B68083B7B617B6975
:10C5400008330C4A9342CAD17B680833094918461C
:10C55000F2F7F8FE0648FFF751FF3B691846183717
:10C56000BD4680BDF83E0500D03F0500783F050080
:10C5700098E30020DC270020A43F050080B582B0AE
:10C5800000AF78600748FFF710FF7B680833184654
:10C59000F2F7F1FE0348FFF731FF00BF0837BD4651
:10C5A00080BD00BF98E3002080B588B000AFF86080
:10C5B000B9607A603B600023FB762C48FFF7F5FEFC
:10C5C0002B4B1B68083BFB6117E0FB695B68B96894
:10C5D0001846E4F717FF0346002B0AD1FB691B68D6
:10C5E0001846FFF7CDFE0346002B0CD00123FB7647
:10C5F00009E0FB699B68083BFB61FB6908331C4A47
:10C600009342E2D100E000BF1848FFF7F7FEFB7E3F
:10C6100083F00103DBB2002B01D0002321E0FB6992
:10C620001B69F868984778617B69002B06D1FB6924
:10C630001B681846FFF7AFFE002312E07B69FA691A
:10C640001A603B687A687969F86800F03CF803463C
:10C65000002B05D0FB695B6978699847002300E0EF
:10C660007B6918462037BD4680BD00BF98E3002097
:10C67000DC27002080B584B000AF786039603B686B
:10C680001B68FB60FB685B6938689847FB681B6840
:10C690001846FFF780FE00BF1037BD4680BD80B54D
:10C6A00084B000AF786039603B681B68FB60FB6852
:10C6B0009B69002B03D0FB689B693868984700BFD3
:10C6C0001037BD4680BD80B584B000AFF860B9605A
:10C6D0007A603B607B68002B01D100230FE0BB68D0
:10C6E0001B68DB69002B02D16FF05E0307E0BB68BB
:10C6F0001B68DB693A687968B8689847034618464A
:10C700001037BD4680BD90B585B000AFF860B96008
:10C710007A603B60BB681B681B6A002B02D16FF01C
:10C720005E0308E0BB681B681C6A3B6A3A6879686C
:10C73000B868A047034618461437BD4690BD00BFF1
:10C7400080B483B000AF78607B68B3F5004F02DB44
:10C7500047F6FF7307E07B6813F5004F01DA054BDE
:10C7600001E07B681BB218460C37BD465DF8047BC0
:10C77000704700BF0080FFFF80B485B000AF034664
:10C780000A46FB801346BB80B7F90630DB02FB602C
:10C79000FB68002B03DBB7F90430002B06DAFB68DB
:10C7A000002B08DAB7F90430002B04DAFB6803F534
:10C7B0008063FB6003E0FB68A3F58063FB60B7F96F
:10C7C0000430FA6892FBF3F31BB218461437BD46E7
:10C7D0005DF8047B704780B584B000AF03460A461D
:10C7E000FB801346BB80B7F90630B7F9042002FB83
:10C7F00003F3FB60FB68002B04DBFB6803F580633D
:10C80000FB6003E0FB68A3F58063FB60FB68002B23
:10C8100001DA03F2FF73DB121846FFF791FF0346BC
:10C8200018461037BD4680BD80B584B000AF0346C2
:10C830003960FB804FF400637B810123FB600CE0D7
:10C84000B7F90620B7F90A3011461846FFF7C3FFBB
:10C8500003467B81FB680133FB60FA683B689A42C0
:10C86000EEDDB7F90A3018461037BD4680BD80B4FA
:10C8700087B000AF0346FB80B7F90630FB604FF48A
:10C8800000533B6100237B6115E07A693B691344E7
:10C89000BB60FA68BB689A4207D3FA68BB68D31AD0
:10C8A000FB60BA683B6913447B61FB685B00FB601B
:10C8B0003B695B083B613B69002BE6D17B699B08C8
:10C8C0007B617B691BB218461C37BD465DF8047B53
:10C8D00070472DE9F04184B000AF0346FB80B7F903
:10C8E0000630002BB8BF5B429BB2FB8140F6914300
:10C8F0009CB2FB89C3F500639BB21BB21846FFF7DD
:10C90000B6FF03469846274BB3F90030B7F90E201F
:10C9100011461846FFF75FFF03469AB2224BB3F960
:10C9200000309BB213449DB2204BB3F90060B7F9BD
:10C930000E3002211846FFF777FF034619463046AE
:10C94000FFF749FF03469BB22B449DB2184BB3F946
:10C950000060B7F90E3003211846FFF765FF034664
:10C9600019463046FFF737FF03469BB22B449BB274
:10C970001BB219464046FFF72EFF03469BB2E31A4F
:10C980009BB2BB81B7F90630002B04DABB895B424E
:10C990009BB21BB201E0B7F90C3018461037BD4608
:10C9A000BDE8F0810A4005000C4005000E4005007E
:10C9B0001040050080B584B000AF0346FB80B7F996
:10C9C00006201346DB039B1AFB6041F622131A462E
:10C9D000FB6893FBF2F3FB60F868FFF7B1FE0346D8
:10C9E00018461037BD4680BDD91D0200000000006A
:10C9F000858F020000000000B5D402000000000096
:10CA0000F9C502000000000005D30200000000008C
:10CA10005DD10200F4E100204DD90200ECE20020DB
:10CA200069DB020004E30020C1DC0200682600206C
:10CA3000E106030000000000E51D02000000000008
:10CA4000519102000000000011C20200000000002D
:10CA5000ADE1020000000000B9E3020000000000A8
:10CA6000751C020000000000C8D6002084D60020FB
:10CA70004000000001000000000000002828002005
:10CA8000102A0020242A002030280020180000004E
:10CA9000BD610200B96102009C0C050000000000AD
:10CAA000F80C0500000000003C100500000000002C
:10CAB000F010050000000000100D0500000000004F
:10CAC000980D050000000000040E050000000000A5
:10CAD000600E050000000000000D050000000000D1
:10CAE000080D050000000000500F050000000000C8
:10CAF000B80E05000000000000CD04000000030394
:10CB0000E8CD04000000000018DF04000000000071
:10CB100024DF0400000000001414050000000000E1
:10CB20001C1405000000000034DF040000000000B9
:10CB3000400C050000000000D0D5040000000303F5
:10CB4000E012050000000303F0D804000000030316
:10CB50008814050000000303101505000000000004
:10CB6000AC150500000003031816050000000303C0
:10CB7000FC130500000003039410050000000000F2
:10CB800008CC0400000000007CCC0400202600201B
:10CB90000000000000000000610F02000000000023
:10CBA000000000001203CADE0FFFFFFF882205000D
:10CBB00090220500C4210500882105000000060020
:10CBC0001303CADE0FFFFFFF882205009022050035
:10CBD00004230500C8220500000006001403CADE75
:10CBE0000FFFFFFF88220500902205001424050096
:10CBF000D82305000000060000000000000000002F
:10CC00000338FDD870470000C1F1010035F2010082
:10CC1000BDF101002F6275696C64732F716F7276BC
:10CC20006F2F7577622D696F742F70726F6A2F6125
:10CC30007070732D70726F6A656374732F53444BF9
:10CC40002F636F6D706F6E656E74732F6C69627297
:10CC500061726965732F6C6F672F7372632F6E72C9
:10CC6000665F6C6F675F64656661756C745F626157
:10CC7000636B656E64732E63000000007274745FF2
:10CC80006C6F675F6261636B656E64002F627569CC
:10CC90006C64732F716F72766F2F7577622D696F69
:10CCA000742F70726F6A2F617070732D70726F6A5B
:10CCB000656374732F53444B2F636F6D706F6E6594
:10CCC0006E74732F6C69627261726965732F6C6F19
:10CCD000672F7372632F6E72665F6C6F675F667229
:10CCE0006F6E74656E642E63000000004261636BBA
:10CCF000656E647320666C7573686564000000007F
:10CD000061707000482E00207F000000C82E0020B7
:10CD10001B5B313B33316D0025734C6F67732064AF
:10CD2000726F70706564202825642925730D0A00D0
:10CD30001B5B306D00000000257300003C25733E36
:10CD40002025733A200000000D0A00002025303213
:10CD500078000000202020007C00000025630000F7
:10CD60001B5B313B33306D001B5B313B33326D005D
:10CD70001B5B313B33336D001B5B313B33346D0048
:10CD80001B5B313B33356D001B5B313B33366D0034
:10CD90001B5B313B33376D007761726E696E6700E4
:10CDA000696E666F000000006465627567000000D0
:10CDB00030CD040060CD040010CD040068CD040027
:10CDC00070CD040078CD040080CD040088CD04002F
:10CDD00090CD0400000000008CD2040098CD040027
:10CDE000A0CD0400A8CD04006170705F62757474FA
:10CDF0006F6E0000534F46544445564943453A2010
:10CE0000415353455254494F4E204641494C4544A5
:10CE100000000000534F46544445564943453A20CC
:10CE2000494E56414C4944204D454D4F52592041A1
:10CE30004343455353000000415353455254494F17
:10CE40004E204641494C45442061742025733A25C3
:10CE5000750000004552524F52202575205B257306
:10CE60005D2061742025733A25750D0A50432061B9
:10CE7000743A20307825303878000000456E642000
:10CE80006F66206572726F72207265706F727400C7
:10CE9000554E4B4E4F574E204641554C54206174D1
:10CEA00020307825303858002F6275696C64732FF4
:10CEB000716F72766F2F7577622D696F742F707234
:10CEC0006F6A2F617070732D70726F6A656374730F
:10CED0002F53444B2F636F6D706F6E656E74732F9D
:10CEE0006C69627261726965732F74696D65722F06
:10CEF0006170705F74696D65725F6672656572748A
:10CF00006F732E63000000002F6275696C64732FCD
:10CF1000716F72766F2F7577622D696F742F7072D3
:10CF20006F6A2F617070732D70726F6A65637473AE
:10CF30002F53444B2F636F6D706F6E656E74732F3C
:10CF40006C69627261726965732F7574696C2F61A7
:10CF500070705F7574696C5F706C6174666F726D10
:10CF60002E6300002F6275696C64732F716F727687
:10CF70006F2F7577622D696F742F70726F6A2F61D2
:10CF80007070732D70726F6A656374732F53444BA6
:10CF90002F636F6D706F6E656E74732F6C69627244
:10CFA00061726965732F6664732F6664732E630004
:10CFB0000000FFFFDEC0ADDEFE011EF1DEC0ADDE13
:10CFC000FF011EF148415244204641554C54206116
:10CFD000742030782530385800000000202052306E
:10CFE0003A2020307825303858202052313A2020FD
:10CFF000307825303858202052323A202030782599
:10D00000303858202052333A202030782530385894
:10D010000000000020205231323A2030782530388C
:10D020005820204C523A2020307825303858202083
:10D030005053523A20307825303858005374616389
:10D040006B2076696F6C6174696F6E3A20737461DE
:10D05000636B20706F696E746572206F757473698D
:10D06000646520737461636B20617265612E0000DA
:10D0700043617573653A204275734661756C74201F
:10D080006F6E206120766563746F72207461626CCC
:10D0900065207265616420647572696E67206578C9
:10D0A00063657074696F6E2070726F636573736906
:10D0B0006E672E0043617573653A2025732E00005C
:10D0C0004D656D4D616E616765204661756C7420BC
:10D0D000416464726573733A2030782530385800A3
:10D0E000427573204661756C742041646472657387
:10D0F000733A203078253038580000005468652095
:10D1000070726F636573736F7220686173206174EE
:10D1100074656D7074656420746F206578656375DF
:10D12000746520616E20756E646566696E65642045
:10D13000696E737472756374696F6E0054686520EC
:10D1400070726F636573736F7220617474656D7054
:10D150007465642061206C6F6164206F7220737449
:10D160006F72652061742061206C6F636174696FF8
:10D170006E207468617420646F6573206E6F742014
:10D180007065726D697420746865206F7065726176
:10D1900074696F6E00000000556E737461636B20DC
:10D1A000666F7220616E20657863657074696F6E5A
:10D1B0002072657475726E20686173206361757387
:10D1C0006564206F6E65206F72206D6F72652061DF
:10D1D00063636573732076696F6C6174696F6E73D6
:10D1E00000000000537461636B696E6720666F72A4
:10D1F00020616E20657863657074696F6E20656E5E
:10D200007472792068617320636175736564206F3F
:10D210006E65206F72206D6F726520616363657348
:10D22000732076696F6C6174696F6E730000000023
:10D2300041204D656D4D616E616765206661756C5D
:10D2400074206F6363757272656420647572696EB1
:10D250006720666C6F6174696E672D706F696E749C
:10D26000206C617A792073746174652070726573C3
:10D270006572766174696F6E00000000496E7374A8
:10D2800072756374696F6E20627573206572726F58
:10D2900072000000446174612062757320657272CF
:10D2A0006F72202850432076616C7565207374611D
:10D2B000636B656420666F722074686520657863AF
:10D2C000657074696F6E2072657475726E20706F10
:10D2D000696E747320746F2074686520696E73744E
:10D2E00072756374696F6E20746861742063617510
:10D2F00073656420746865206661756C742900002C
:10D300004461746120627573206572726F722028A7
:10D3100072657475726E20616464726573732069DE
:10D320006E2074686520737461636B206672616D32
:10D3300065206973206E6F742072656C617465641A
:10D3400020746F2074686520696E737472756374DD
:10D35000696F6E2074686174206361757365642001
:10D36000746865206572726F72290000556E73745F
:10D3700061636B20666F7220616E206578636570F3
:10D3800074696F6E2072657475726E2068617320A7
:10D39000636175736564206F6E65206F72206D6FB9
:10D3A0007265204275734661756C747300000000ED
:10D3B000537461636B696E6720666F7220616E20C3
:10D3C000657863657074696F6E20656E747279201C
:10D3D00068617320636175736564206F6E65206F8B
:10D3E00072206D6F7265204275734661756C74733F
:10D3F000000000004120627573206661756C742026
:10D400006F6363757272656420647572696E6720FC
:10D41000666C6F6174696E672D706F696E74206CD5
:10D42000617A7920737461746520707265736572B6
:10D43000766174696F6E00005468652070726F6366
:10D440006573736F722068617320617474656D70A9
:10D4500074656420746F20657865637574652061F8
:10D460006E20696E737472756374696F6E20746870
:10D470006174206D616B657320696C6C6567616CAC
:10D4800020757365206F662074686520455053527F
:10D49000000000005468652070726F636573736FDD
:10D4A000722068617320617474656D7074656420A6
:10D4B000616E20696C6C6567616C206C6F616420C3
:10D4C0006F66204558435F52455455524E20746F45
:10D4D000207468652050432C2061732061207265A0
:10D4E00073756C74206F6620616E20696E76616C56
:10D4F000696420636F6E746578742C206F7220618C
:10D500006E20696E76616C6964204558435F5245B0
:10D510005455524E2076616C756500005468652044
:10D5200070726F636573736F7220686173206174CA
:10D5300074656D7074656420746F206163636573D6
:10D5400073206120636F70726F636573736F720015
:10D550005468652070726F636573736F72206861C1
:10D5600073206D61646520616E20756E616C696702
:10D570006E6564206D656D6F72792061636365739C
:10D58000730000005468652070726F636573736F79
:10D5900072206861732065786563757465642061C5
:10D5A0006E2053444956206F7220554449562069D5
:10D5B0006E737472756374696F6E20776974682016
:10D5C000612064697669736F72206F662030000095
:10D5D000686172646661756C74000000FCD00400C0
:10D5E0003CD104000000000098D10400E4D1040004
:10D5F00030D2040000000000000000007CD20400D3
:10D6000094D2040000D304006CD30400B0D304000F
:10D61000F4D304000000000000000000FCD004006F
:10D6200038D4040094D404001CD504000000000089
:10D6300000000000000000000000000050D50400C1
:10D6400084D504002F6275696C64732F716F7276D4
:10D650006F2F7577622D696F742F70726F6A2F61EB
:10D660007070732D70726F6A656374732F53444BBF
:10D670002F636F6D706F6E656E74732F6C6962725D
:10D6800061726965732F62616C6C6F632F6E726675
:10D690005F62616C6C6F632E630000002F627569BE
:10D6A0006C64732F716F72766F2F7577622D696F4F
:10D6B000742F70726F6A2F617070732D70726F6A41
:10D6C000656374732F53444B2F65787465726E6174
:10D6D0006C2F667072696E74662F6E72665F66700C
:10D6E00072696E74662E63002F6275696C64732FA5
:10D6F000716F72766F2F7577622D696F742F7072EC
:10D700006F6A2F617070732D70726F6A65637473C6
:10D710002F53444B2F65787465726E616C2F667061
:10D7200072696E74662F6E72665F667072696E746F
:10D73000665F666F726D61742E6300003031323344
:10D74000343536373839414243444546705F667355
:10D7500000000000257320636865636B20666169C3
:10D760006C656420696E20257328292077697468A8
:10D770002076616C756520307825782E00000000D9
:10D78000705F617069000000705F66732D3E705FAE
:10D7900061706900705F6465737400006C656E0091
:10D7A000616464725F69735F616C69676E6564333D
:10D7B0003228737263290000616464725F69735F69
:10D7C00077697468696E5F626F756E647328705FE5
:10D7D00066732C207372632C206C656E2900000028
:10D7E000705F73726300000021286C656E20252035
:10D7F000705F66732D3E705F666C6173685F696E03
:10D80000666F2D3E70726F6772616D5F756E6974C1
:10D8100029000000616464725F69735F616C69670D
:10D820006E656433322864657374290061646472C0
:10D830005F69735F616C69676E6564333228287550
:10D84000696E7433325F7429705F737263290000EC
:10D85000616464725F69735F77697468696E5F623F
:10D860006F756E647328705F66732C2064657374C3
:10D870002C206C656E290000616464725F69735FBF
:10D88000706167655F616C69676E656428705F666B
:10D89000732C20706167655F616464722900000009
:10D8A000616464725F69735F77697468696E5F62EF
:10D8B0006F756E647328705F66732C207061676586
:10D8C0005F616464722C20286C656E202A20705F72
:10D8D00066732D3E705F666C6173685F696E666F1C
:10D8E0002D3E65726173655F756E6974292900004C
:10D8F0006E72665F6673746F726167650000000028
:10D900006E72665F6673746F726167655F65726180
:10D91000736500006E72665F6673746F726167652F
:10D920005F777269746500002F6275696C64732F8C
:10D93000716F72766F2F7577622D696F742F7072A9
:10D940006F6A2F617070732D70726F6A6563747384
:10D950002F53444B2F636F6D706F6E656E74732F12
:10D960006C69627261726965732F6D656D6F626A51
:10D970002F6E72665F6D656D6F626A2E63000000C8
:10D980002F6275696C64732F716F72766F2F757764
:10D99000622D696F742F70726F6A2F617070732DB2
:10D9A00070726F6A656374732F53444B2F636F6D8E
:10D9B000706F6E656E74732F6C69627261726965E7
:10D9C000732F6578706572696D656E74616C5F73D5
:10D9D000656374696F6E5F766172732F6E72665FD6
:10D9E00073656374696F6E5F697465722E6300009E
:10D9F0004E52465F53554343455353004E52465F84
:10DA00004552524F525F5356435F48414E444C4536
:10DA1000525F4D495353494E470000004E52465FF6
:10DA20004552524F525F534F465444455649434521
:10DA30005F4E4F545F454E41424C4544000000004C
:10DA40004E52465F4552524F525F494E5445524ED8
:10DA5000414C00004E52465F4552524F525F4E4F6E
:10DA60005F4D454D000000004E52465F4552524FFB
:10DA7000525F4E4F545F464F554E44004E52465FE4
:10DA80004552524F525F4E4F545F535550504F5274
:10DA9000544544004E52465F4552524F525F494EE4
:10DAA00056414C49445F504152414D004E52465FF1
:10DAB0004552524F525F494E56414C49445F535470
:10DAC000415445004E52465F4552524F525F494EB7
:10DAD00056414C49445F4C454E47544800000000B5
:10DAE0004E52465F4552524F525F494E56414C4945
:10DAF000445F464C414753004E52465F4552524F99
:10DB0000525F494E56414C49445F444154410000E4
:10DB10004E52465F4552524F525F444154415F530B
:10DB2000495A45004E52465F4552524F525F544942
:10DB30004D454F55540000004E52465F4552524FDE
:10DB4000525F4E554C4C00004E52465F4552524F6C
:10DB5000525F464F5242494444454E004E52465F42
:10DB60004552524F525F494E56414C49445F4144E1
:10DB7000445200004E52465F4552524F525F42554A
:10DB8000535900004E52465F4552524F525F434F29
:10DB90004E4E5F434F554E54000000004E52465FBC
:10DBA0004552524F525F5245534F555243455300D1
:10DBB0004E52465F4552524F525F4D4F44554C4571
:10DBC0005F4E4F545F494E495449414C495A454470
:10DBD000000000004E52465F4552524F525F4D5575
:10DBE0005445585F494E49545F4641494C454400AD
:10DBF0004E52465F4552524F525F4D555445585F05
:10DC00004C4F434B5F4641494C4544004E52465FA2
:10DC10004552524F525F4D555445585F554E4C4FEB
:10DC2000434B5F4641494C45440000004E52465F1D
:10DC30004552524F525F4D555445585F434F4E44E5
:10DC40005F494E49545F4641494C4544000000003D
:10DC50004E52465F4552524F525F4D4F44554C45D0
:10DC60005F414C52454144595F494E495449414CEA
:10DC7000495A4544000000004E52465F4552524FFB
:10DC8000525F53544F524147455F46554C4C00003C
:10DC90004E52465F4552524F525F4150495F4E4F80
:10DCA000545F494D504C454D454E5445440000008D
:10DCB0004E52465F4552524F525F4645415455526F
:10DCC000455F4E4F545F454E41424C454400000075
:10DCD0004E52465F4552524F525F494F5F50454E3C
:10DCE00044494E47000000004E52465F4552524F95
:10DCF000525F4452565F5457495F4552525F4F56E8
:10DD0000455252554E0000004E52465F4552524F0A
:10DD1000525F4452565F5457495F4552525F414EDD
:10DD200041434B004E52465F4552524F525F445260
:10DD3000565F5457495F4552525F444E41434B0032
:10DD40004E52465F4552524F525F424C455F4950DA
:10DD500053505F52585F504B545F5452554E43419D
:10DD6000544544004E52465F4552524F525F424C1A
:10DD7000455F495053505F4348414E4E454C5F41CB
:10DD80004C52454144595F45584953545300000093
:10DD90004E52465F4552524F525F424C455F49508A
:10DDA00053505F4C494E4B5F444953434F4E4E4591
:10DDB00043544544000000004E52465F4552524FC6
:10DDC000525F424C455F495053505F504545525F4A
:10DDD00052454A454354454400000000556E6B6E61
:10DDE0006F776E206572726F7220636F64650000DA
:10DDF00000000000F0D9040001000000FCD904007C
:10DE0000020000001CDA04000300000040DA0400F5
:10DE10000400000054DA04000500000068DA040081
:10DE2000060000007CDA04000700000094DA040019
:10DE300008000000ACDA040009000000C4DA0400A5
:10DE40000A000000E0DA04000B000000F8DA040029
:10DE50000C00000010DB04000D00000024DB0400B7
:10DE60000E00000038DB04000F00000048DB040057
:10DE7000100000005CDB04001100000074DB0400F3
:10DE80001200000084DB0400130000009CDB04008F
:10DE900080000000B0DB040081000000D4DB04003F
:10DEA00082000000F0DB0400830000000CDC0400B2
:10DEB000840000002CDC04008500000050DC04001D
:10DEC0008600000078DC04009000000090DC040074
:10DED00091000000B0DC040092000000D0DC0400DF
:10DEE00000820000E8DC04000182000008DD04007C
:10DEF0000282000024DD04000084000040DD0400F4
:10DF00000184000064DD04000284000090DD040050
:10DF100003840000B8DD04006170705F7573626493
:10DF2000000000006170705F757362645F636F7200
:10DF3000650000006364635F61636D00886A3F246D
:10DF4000D308A3852E8A191344737003223809A4B9
:10DF5000D0319F2998FA2E08896C4EECE62128458D
:10DF60007713D038CF6654BE6C0CE934B729ACC0F7
:10DF7000DD507CC9B5D5843F170947B5D9D5169270
:10DF80001BFB7989A60B31D1ACB5DF98DB72FD2F75
:10DF9000B7DF1AD0EDAFE1B8967E266A45907CBA1D
:10DFA000997F2CF14799A124F76C91B3E2F2010813
:10DFB00016FC8E85D8206963694E5771A3FE58A45C
:10DFC0007E3D93F48F74950D58B68E7258CD8B713B
:10DFD000EE4A15821DA4547BB5595AC239D5309CDE
:10DFE0001360F22A23B0D1C5F0856028187941CAA0
:10DFF000EF38DBB8B0DC798E0E183A608B0E9E6C71
:10E000003E8A1EB0C17715D7274B31BDDA2FAF78C6
:10E01000605C6055F32555E694AB55AA6298485765
:10E020004014E8636A39CA55B610AB2A345CCCB4E4
:10E03000CEE84111AF8654A193E9727C1114EEB37E
:10E040002ABC6F635DC5A92BF6311874163E5CCEF1
:10E050001E93879B33BAD6AF5CCF246C8153327A40
:10E060007786952898488F3BAFB94B6B1BE8BFC4A8
:10E0700093212866CC09D86191A921FB60AC7C482A
:10E080003280EC5D5D5D84EFB17585E9022326DCAD
:10E09000881B65EB813E8923C5AC96D3F36F6D0F6A
:10E0A0003942F48382440B2E042084A44AF0C869C8
:10E0B0005E9B1F9E4268C6219A6CE9F6619C0C67C4
:10E0C000F088D3ABD2A0516A682F54D828A70F96F6
:10E0D000A33351AB6C0BEF6EE43B7A1350F03BBAB9
:10E0E000982AFB7E1D65F1A17601AF393E59CA66BB
:10E0F000880E43821986EE8CB49F6F45C3A5847D3C
:10E10000BE5E8B3BD8756FE07320C1859F441A407B
:10E11000A66AC15662AAD34E06773F3672DFFE1B4F
:10E120003D029B4224D7D03748120AD0D3EA0FDBF6
:10E130009BC0F149C97253077B1B9980D879D425BC
:10E14000F7DEE8F61A50FEE33B4C79B6BDE06C977B
:10E15000BA06C004B64FA9C1C4609F40C29E5C5EAF
:10E1600063246A19AF6FFB68B5536C3EEBB2391389
:10E170006FEC523B1F51FC6D2C95309B444581CC7C
:10E1800009BD5EAF04D0E3BEFD4A33DE07280F664B
:10E19000B34B2E1957A8CBC00F74C845395F0BD2AB
:10E1A000DBFBD3B9BDC079550A32601AC600A1D6CF
:10E1B00079722C40FE259F67CCA31FFBF8E9A58E42
:10E1C000F82232DBDF16753C156B61FDC81E502F3F
:10E1D000AB5205ADFAB53D32608723FD487B315324
:10E1E00082DF003EBB575C9EA08C6FCA2E56871AFA
:10E1F000DB6917DFF6A842D5C3FF7E28C63267ACBD
:10E2000073554F8CB0275B69C858CABB5DA3FFE14B
:10E21000A011F0B8983DFA10B88321FD6CB5FC4A06
:10E220005BD3D12D79E4539A6545F8B6BC498ED2BB
:10E230009097FB4BDAF2DDE1337ECBA44113FB6216
:10E24000E8C6E4CEDACA20EF014C7736FE9E7ED0D7
:10E25000B41FF12B4DDADB95989190AE718EADEA3B
:10E26000A0D5936BD0D18ED0E025C7AF2F5B3C8E6D
:10E27000B794758EFBE2F68F642B12F212B8888881
:10E280001CF00D90A05EAD4F1CC38F6891F1CFD1F3
:10E29000ADC1A8B318222F2F77170EBEFE2D75EA39
:10E2A000A11F028B0FCCA0E5E8746FB5D6F3AC18B4
:10E2B00099E289CEE04FA8B4B7E013FD813BC47C5E
:10E2C000D9A8ADD266A25F16057795801473CC935A
:10E2D00077141A216520ADE686FAB577F54254C762
:10E2E000CF359DFB0CAFCDEBA0893E7BD31B41D638
:10E2F000497E1EAE2D0E25005EB37120BB00682244
:10E30000AFE0B8579B3664241EB909F01D916355E0
:10E31000AAA6DF598943C1787F535AD9A25B7D20D1
:10E32000C5B9E50276032683A9CF95626819C8119D
:10E33000414A734ECA2D47B34AA9147B5200511B60
:10E340001529539A3F570FD6E4C69BBC76A4602B81
:10E350000074E681B56FBA081FE91B576BEC96F2A3
:10E3600015D90D2A216563B6B6F9B9E72E0534FF34
:10E37000645685C55D2DB053A18F9FA99947BA08F2
:10E380006A07856EE9707A4B4429B3B52E0975DBAF
:10E39000232619C4B0A66EAD7DDFA749B860EE9CF8
:10E3A00066B2ED8F718CAAECFF179A696C526456B5
:10E3B000E19EB1C2A5023619294C0975401359A036
:10E3C0003E3A18E49A98543F659D425BD6E48F6BC1
:10E3D000D63FF799079CD2A1F530E8EFE6382D4DEE
:10E3E000C15D25F08620DD4C26EB7084C6E9826392
:10E3F0005ECC1E023F6B6809C9EFBA3E1418973C09
:10E40000A1706A6B84357F6886E2A05205539CB781
:10E41000370750AA1C84073E5CAEDE7FEC447D8E3D
:10E42000B8F2165737DA3AB00D0C50F0041F1CF052
:10E43000FFB300021AF50CAEB274B53C587A8325CE
:10E44000BD2109DCF91391D1F62FA97C73473294D1
:10E450000147F52281E5E53ADCDAC2373476B5C802
:10E46000A7DDF39A466144A90E03D00F3EC7C8EC5E
:10E47000411E75A499CD38E22F0EEA3BA1BB803234
:10E4800031B33E18388B544E08B96D4F030D426FAF
:10E49000BF040AF69012B82C797C972472B0795692
:10E4A000AF89AFBC1F779ADE100893D912AE8BB339
:10E4B0002E3FCFDC1F72125524716B2EE6DD1A50F1
:10E4C00087CD849F1847587A17DA0874BC9A9FBC86
:10E4D0008C7D4BE93AEC7AECFA1D85DB66430963E7
:10E4E000D2C364C447181CEF08D91532373B43DD4B
:10E4F00016BAC224434DA11251C4652A0200945099
:10E50000DDE43A139EF8DF71554E3110D677AC81B9
:10E510009B19115FF15635046BC7A3D73B18113C0B
:10E5200009A52459EDE68FF2FAFBF1972CBFBA9EAC
:10E530006E3C151E7045E386B16FE9EA0A5E0E86F1
:10E54000B32A3E5A1CE71F77FA063D4EB9DC65290F
:10E550000F1DE799D6893E8025C8665278C94C2E92
:10E560006AB3109CBA0E15C678EAE294533CFCA537
:10E57000F42D0A1EA74EF7F23D2B1D360F26391932
:10E580006079C21908A72352B61213F76EFEADEBDD
:10E59000661FC3EA9545BCE383C87BA6D1377FB12C
:10E5A00028FF8C01EFDD32C3A55A6CBE852158656A
:10E5B0000298AB680FA5CEEE3B952FDBAD7DEF2A21
:10E5C000842F6E5B28B62115706107297547DDEC35
:10E5D00010159F6130A8CC1396BD61EB1EFE34036D
:10E5E000CF6303AA905C73B539A2704C0B9E9ED585
:10E5F00014DEAACBBC86CCEEA72C6260AB5CAB9CD5
:10E600006E84F3B2AF1E8B64CAF0BD19B96923A042
:10E6100050BB5A65325A6840B3B42A3CD5E99E31A2
:10E62000F7B821C0190B549B99A05F877E99F79585
:10E63000A87D3D629A8837F8772DE3975F93ED11B7
:10E64000811268162988350ED61FE6C7A1DFDE962F
:10E6500099BA5878A584F5576372221BFFC3839B30
:10E660009646C21AEB0AB3CD54302E53E448D98FE4
:10E670002831BC6DEFF2EB58EAFFC63461ED28FE9D
:10E68000733C7CEED9144A5DE3B764E8145D104234
:10E69000E0133E20B6E2EE45EAABAAA3154F6CDBD1
:10E6A000D04FCBFA42F442C7B5BB6AEF1D3B4F6572
:10E6B0000521CD419E791ED8C74D85866A474BE41A
:10E6C0005062813DF2A162CF46268D5BA08388FC1B
:10E6D000A3B6C7C1C324157F9274CB690B8A844744
:10E6E00085B2925600BF5B099D4819AD74B16214A2
:10E6F000000E82232A8D4258EAF5550C3EF4AD1DDA
:10E7000061703F2392F07233417E938DF1EC5FD6BE
:10E71000DB3B226C5937DE7C6074EECBA7F2854080
:10E720006E3277CE848007A69E50F81955D8EFE850
:10E730003597D961AAA769A9C2060CC5FCAB045AD2
:10E74000DCCA0B802E7A449E843445C30567D5FD10
:10E75000C99E1E0ED3DB73DBCD88551079DA5F6757
:10E76000404367E36534C4C5D8383E719EF8283D00
:10E7700020FF6DF1E7213E154A3DB08F2B9FE3E668
:10E78000F7AD83DB685A3DE9F74081941C264CF6CF
:10E7900034296994F7201541F7D402762E6BF4BC26
:10E7A0006800A2D4712408D46AF42033B7D4B743E4
:10E7B000AF6100502EF6391E46452497744F211440
:10E7C00040888BBF1DFC954DAF91B596D3DDF4709D
:10E7D000452FA066EC09BCBF8597BD03D06DAC7F0B
:10E7E0000485CB31B327EB964139FD55E64725DA51
:10E7F0009A0ACAAB25785028F4290453DA862C0AE1
:10E80000FB6DB6E96214DC68006948D7A4C00E68E5
:10E81000EE8DA127A2FE3F4F8CAD87E806E08CB5B8
:10E82000B6D6F47A7C1ECEAAEC5F37D399A378CE05
:10E83000422A6B40359EFE20B985F3D9ABD739EE1D
:10E840008B4E123BF7FAC91D56186D4B3166A32645
:10E85000B297E3EA74FA6E3A32435BDDF7E7416858
:10E86000FB2078CA4EF50AFB97B3FED8AC5640455C
:10E87000279548BA3A3A5355878D8320B7A96BFE3E
:10E880004B9596D0BC67A855589A15A16329A9CC79
:10E8900033DBE199564A2AA6F925313F1C7EF45E06
:10E8A0007C31299002E8F8FD702F27045C15BB80AD
:10E8B000E32C28054815C195226DC6E43F13C148D5
:10E8C000DC860FC7EEC9F9070F1F0441A479474042
:10E8D000176E885DEB515F32D1C09BD58FC1BCF202
:10E8E0006435114134787B25609C2A60A3E8F8DF09
:10E8F0001B6C631FC2B4120E9E32E102D14F66AF91
:10E900001581D1CAE095236BE1923E33620B243B23
:10E9100022B9BEEE0EA2B285990DBAE68C0C72DE5B
:10E9200028F7A22D457812D0FD94B79562087D6432
:10E93000F0F5CCE76FA34954FA487D8727FD9DC3C6
:10E940001E8D3EF34163470A74FF2E99AB6E6F3AFA
:10E9500037FDF8F460DC12A8F8DDEBA14CE11B995F
:10E960000D6B6EDB10557BC6372C676D3BD465276E
:10E9700004E8D0DCC70D29F1A3FF00CC920F39B514
:10E980000BED0F69FB9F7B669C7DDBCE0BCF91A0CF
:10E99000A35E15D9882F13BB24AD5B51BF79947B3F
:10E9A000EBD63B76B32E3937795911CC97E22680D6
:10E9B0002D312EF4A7AD42683B2B6AC6CC4C7512A4
:10E9C0001CF12E783742126AE75192B7E6BBA106D6
:10E9D0005063FB4B18106B1AFAEDCA11D8BD253DD8
:10E9E000C9C3E1E2591642448613120A6EEC0CD9EF
:10E9F0002AEAABD54E67AF645FA886DA88E9BFBE66
:10EA0000FEC3E4645780BC9D86C0F7F0F87B786055
:10EA10004D6003604683FDD1B01F38F604AE4577E4
:10EA2000CCFC36D7336B428371AB1EF0874180B08C
:10EA30005F5E003CBE57A07724AEE8BD99424655C4
:10EA4000612E58BF8FF4584EA2FDDDF238EF74F4FA
:10EA5000C2BD8987C3F96653748EB3C855F275B4C5
:10EA6000B9D9FC466126EB7A84DF1D8B790E6A8466
:10EA7000E2955F918E596E467057B4209155D58CB2
:10EA80004CDE02C9E1AC0BB9D00582BB4862A811CB
:10EA90009EA97475B6197FB709DCA9E0A1092D6696
:10EAA000334632C4021F5AE88CBEF00925A0994AA9
:10EAB00010FE6E1D1D3DB91ADFA4A50B0FF286A135
:10EAC00069F1682883DAB7DCFE0639579BCEE2A1EC
:10EAD000527FCD4F015E1150FA8306A7C4B502A044
:10EAE00027D0E60D278CF89A41863F77064C60C305
:10EAF000B506A861287A17F0E086F5C0AA5860002C
:10EB0000627DDC30D79EE61163EA382394DDC25380
:10EB10003416C2C256EECBBBDEB6BC90A17DFCEB78
:10EB2000761D59CE09E4056F88017C4B3D0A723988
:10EB3000247C927C5F72E386B99D4D72B45BC11AEE
:10EB4000FCB89ED3785554EDB5A5FC08D37C3DD8D0
:10EB5000C40FAD4D5EEF501EF8E661B1D91485A229
:10EB60003C13516CE7C7D56FC44EE156CEBF2A3671
:10EB700037C8C6DD34329AD7128263928EFA0E6796
:10EB8000E000604037CE393ACFF5FAD33777C2ABE1
:10EB90001B2DC55A9E67B05C4237A34F402782D3D6
:10EBA000BE9BBC999D8E11D515730FBF7E1C2DD6B3
:10EBB0007BC400C76B1B8CB74590A121BEB16EB260
:10EBC000B46E366A2FAB4857796E94BCD276A3C622
:10EBD000C8C24965EEF80F537DDE8D461D0A73D518
:10EBE000C64DD04CDBBB39295046BAA9E82695ACB6
:10EBF00004E35EBEF0D5FAA19A512D6AE28CEF6370
:10EC000022EE869AB8C289C0F62E2443AA031EA516
:10EC1000A4D0F29CBA61C0834D6AE99B5015E58F80
:10EC2000D65B64BAF9A22628E13A3AA78695A94BA1
:10EC3000E96255EFD3EF2FC7DAF752F7696F043F58
:10EC4000590AFA7715A9E4800186B087ADE6099BD9
:10EC500093E53E3B5AFD90E997D7349ED9B7F02C07
:10EC6000518B2B023AACD5967DA67D01D63ECFD1F5
:10EC7000282D7D7CCF259F1F9BB8F2AD72B4D65A4C
:10EC80004CF5885A71AC29E0E6A519E0FDACB04717
:10EC90009BFA93ED8DC4D3E8CC573B282966D5F871
:10ECA000282E137991015F78556075ED440E96F723
:10ECB0008C5ED3E3D46D0515BA6DF4882561A1038C
:10ECC000BDF06405159EEBC3A257903CEC1A279744
:10ECD0002A073AA99B6D3F1BF521631EFB669CF535
:10ECE00019F3DC2628D93375F5FD55B18234560366
:10ECF000BB3CBA8A11775128F8D90AC26751CCAB0C
:10ED00005F92ADCC5117E84D8EDC303862589D379C
:10ED100091F92093C2907AEACE7B3EFB64CE2151DA
:10ED200032BE4F777EE3B6A8463D29C36953DE481D
:10ED300080E613641008AEA224B26DDDFD2D856956
:10ED4000662107090A469AB3DDC04564CFDE6C58D8
:10ED5000AEC8201CDDF7BE5B408D581B7F01D2CCB6
:10ED6000BBE3B46B7E6AA2DD45FF593A440A353EE7
:10ED7000D5CDB4BCA8CEEA72BB8464FAAE12668D5F
:10ED8000476F3CBF63E49BD29E5D2F541B77C2AE9E
:10ED900070634EF68D0D0E7457135BE7711672F8A3
:10EDA0005D7D53AF08CB4040CCE2B44E6A46D234CE
:10EDB00084AF15012804B0E11D3A9895B49FB806B8
:10EDC00048A06ECE823B3F6F82AB20354B1D1A01AF
:10EDD000F8277227B1601561DC3F93E72B793ABBC6
:10EDE000BD254534E13988A04B79CE51B7C9322FC2
:10EDF000C9BA1FA07EC81CE0F6D1C7BCC31101CFA1
:10EE0000C7AAE8A14987901A9ABD4FD4CBDEDAD0C1
:10EE100038DA0AD52AC33903673691C67C31F98DB1
:10EE20004F2BB1E0B7599EF73ABBF543FF19D5F226
:10EE30009C45D9272C2297BF2AFCE61571FC910F1F
:10EE40002515949B6193E5FAEB9CB6CE5964A8C254
:10EE5000D1A8BA125E07C1B60C6A05E36550D2109C
:10EE600042A403CB0E6EECE03BDB9816BEA0984CA0
:10EE700064E9783232951F9FDF92D3E02B34A0D320
:10EE80001EF2718941740A1B8C34A34B2071BEC5DC
:10EE9000D83276C38D9F35DF2E2F999B476F0BE6B7
:10EEA0001DF1E30F54DA4CE591D8DA1ECF7962CE2A
:10EEB0006F7E3ECD66B11816051D2CFDC5D28F8420
:10EEC0009922FBF657F323F5237632A63135A89322
:10EED00002CDCC566281F0ACB5EB755A9736166E02
:10EEE000CC73D288926296DED049B9811B90504C87
:10EEF0001456C671BDC7C6E60A147A3206D0E1457B
:10EF00009A7BF2C3FD53AAC9000FA862E2BF25BBDA
:10EF1000F6D2BD3505691271220204B27CCFCBB6A0
:10EF20002B9C76CDC03E1153D3E3401660BDAB3869
:10EF3000F0AD47259C2038BA76CE46F7C5A1AF770D
:10EF4000606075204EFECB85D88DE88AB0F9AA7A2C
:10EF50007EAAF94C5CC248198C8AFB02E46AC301A0
:10EF6000F9E1EBD669F8D490A0DE5CA62D25093F27
:10EF70009FE608C232614EB75BE277CEE3DF8F5780
:10EF8000E672C33A70822CECB327C0E5E4855735AE
:10EF9000EA0CAE4123EF6B934519A521ED0E4F4EC0
:10EFA0001D6592BD86B8AF8F7CEB1FCE3E30DC5F17
:10EFB0005EC50B1AA6E139CAD5475D3DD9015AD6BF
:10EFC00051566C4D8B0D9A66FBCCB02D74122B20D4
:10EFD000F0B18499DF4CCBC2347E76056DB7A93190
:10EFE000D11704D714583A61DE1B111C320F9C163E
:10EFF0005318F222FE44CFB2C3B57A912408E8A890
:10F0000060FC6950AAD0A07DA1896297545B1E95CF
:10F01000E0FF64D210C40048A3F775DB8A03E6DA88
:10F02000093FDD94875C8302CD4A90337367F6F322
:10F030009D7FBFE2529BD826C837C63B81966F4B57
:10F0400013BE632EE979A78C9F6EBC8E29F5F9B6A5
:10F050002FFDB4597898066AE74671BAD425AB42B9
:10F0600088A28DFA7207B955F8EEAC0A36492A68BB
:10F070003C38F1A44028D37BBBC943C115E3ADF4B0
:10F0800077C7809EE00558D9674E81CBC90BAE6A21
:10F09000D5185D8246DFD6278A324B42DB1C9E9C08
:10F0A0003ACA257B0D715F1FF8D73E9D7C60B9BEC3
:10F0B000BC8B16344DC37295AB8EBA7AB302B4AD25
:10F0C000A2ACD89A171A35CCF799615AE824564061
:10F0D000E1630933BF98978568FCEC0ADA6F5362E5
:10F0E000A32E08AF28B074C2BD362238641E392C56
:10F0F000A630E544FD889F65876BF4234810D15105
:10F10000C0F9D2A055A141FA4313C42FA8B63C2B95
:10F11000C1FFC8A52089009047EFEAB71506CDB515
:10F12000127EBB290FB807049B942166E6CEEDE75B
:10F130003BFE7FC5A437B14C916E8D76032DDE96D4
:10F14000267DC65CD3F24F193FDC791D52EBF36D7F
:10F150005EFB69B2F0310CD4CF8CE275A94A5784BA
:10F1600011451BF5E40E73AAF1DD59146C9254D0CD
:10F170007870E3498050A7F6779386832AC75BE9C6
:10F18000EE8F013D38411676D99360F272C2AB9A88
:10F19000750657A091F7B5C9A28CD290F607A7279C
:10F1A0008EB249DE435CD7C73EF58F671F186EAF3E
:10F1B0002FE2850D53F09C65EAA3AE9EEC802D6B8B
:10F1C000A82B36A6C5864D33FD6658963A0995108C
:10F1D00078D842CCEF26E5611A3F3B82B6DBD49863
:10F1E000E88B02EB0A2C1DB06F8D880E19874E0B31
:10F1F000A90C79117F22E759E1DA3DC81204745451
:10F20000307EB428556850BED0C431CB2AAD0FCA69
:10F2100070FF326908620024D1FBBAED4581736D3D
:10F22000849FEE4AC32EC101E6254899B9B37BF904
:10F23000CEBFDF7129CD6C13649B639DC04BB7A516
:10F24000895FB117F4BCD346CF375E4794FAFC5BB5
:10F2500097FE5AAC3C4C0335F323B85D6A92D52136
:10F260004451C67D3983DCAA7C7756051BA415342E
:10F270001E1CF8522014E9BDDDE4A1E08AF1D67A23
:10F28000BBE3404F702CB3C0E457EAAE236B45A5F7
:10F29000ED4F1D9286AF7C1F3EDC5E0BA639D55D1F
:10F2A000D95A516C8B9AFBB0742BF084DFCB347637
:10F2B0006DA9D104143ADE11329C53F2FECFC37A09
:10F2C00024E86069AAA0A162541EE0641000A3753E
:10F2D0008AE609DD8783CD9073F69DBF52D8C8C6F4
:10F2E000816F1363E9A79FBC29F92FB47806E771F2
:10F2F000D4AB888D72B9F8AC362A3CF140D3BB430D
:10F3000015AD778082EC27E585350C41EF93192107
:10F310000E4E65BDB88FEBCE305FC51AE1CA473DD2
:10F3200001D6564D0D66CC2D1220B1994CC27E05EA
:10F33000B73117D758611B1C0F16182244B2B5916C
:10F3400008A8FC50D07D89975B95FFD2C448F7DBB5
:10F3500003DA3F945C024A3367F37FE29B26373B34
:10F36000964BBE2E798C6E8EF5B6FD59986A46BACC
:10F370002542A2FA0755EE0A496838A4287BC9C17C
:10F38000E3F4C79EA09E667F3BCC908BB67AE8588C
:10F390004CAA73B2C6EF372FE94F82BE54FF53A574
:10F3A000F1D36F1C10E527FADE682D1DB05688C218
:10F3B000B3E6C1FD0001020308090A0B2627242534
:10F3C000171415161BFFFF1AFFFFFFFFFFFFFFFFBC
:10F3D000FFFFFFFFFFFFFFFFFFFFFFFF0405060723
:10F3E0000C0D0E0F10111213FF1819FF1F1C1D1EFC
:10F3F000FFFFFFFFFFFFFFFFFFFFFFFFFFFFFFFF1D
:10F40000FFFFFFFF000102033D3E3F3CFFFFFFFF08
:10F410001B18191A23202122FFFFFFFF08090A0BDE
:10F4200010111213FFFFFFFF27242526FFFFFFFF08
:10F430000C0D0E0F3A3B38391F1C1D1EFFFFFFFF3E
:10F44000040506074142434014151617FFFFFFFF4E
:10F450002B28292A010101010000000001010101FE
:10F460000000000001000101010100010101010093
:10F470000101000115161714FFFFFFFF12131011F1
:10F480000B08090A0F0C0D0E191A1B181D1E1F1C44
:10F4900012131011FFFFFFFFFFFFFFFF4152433424
:10F4A0002D31323800000000424C4F574649534836
:10F4B0002D43545200000000424C4F5746495348D8
:10F4C0002D43464236340000424C4F57464953487C
:10F4D0002D43424300000000424C4F5746495348D9
:10F4E0002D454342000000004445532D454445331B
:10F4F0002D434243000000004445532D454445330D
:10F500002D454342000000004445532D4544452D00
:10F51000434243004445532D4544452D4543420055
:10F520004445532D434243004445532D4543420037
:10F5300043414D454C4C49412D3235362D43434DC9
:10F540000000000043414D454C4C49412D313932BA
:10F550002D43434D0000000043414D454C4C494173
:10F560002D3132382D43434D0000000043414D45BD
:10F570004C4C49412D3235362D47434D000000009B
:10F5800043414D454C4C49412D3139322D47434D76
:10F590000000000043414D454C4C49412D3132386B
:10F5A0002D47434D0000000043414D454C4C49411F
:10F5B0002D3235362D4354520000000043414D4555
:10F5C0004C4C49412D3139322D435452000000003A
:10F5D00043414D454C4C49412D3132382D43545215
:10F5E0000000000043414D454C4C49412D32353619
:10F5F0002D4346423132380043414D454C4C494140
:10F600002D3139322D4346423132380043414D4588
:10F610004C4C49412D3132382D434642313238006D
:10F6200043414D454C4C49412D3235362D434243E3
:10F630000000000043414D454C4C49412D313932C9
:10F640002D4342430000000043414D454C4C49418D
:10F650002D3132382D4342430000000043414D45D7
:10F660004C4C49412D3235362D45434200000000B7
:10F6700043414D454C4C49412D3139322D45434292
:10F680000000000043414D454C4C49412D3132387A
:10F690002D454342000000004145532D3235362DA3
:10F6A00043434D004145532D3139322D43434D00E5
:10F6B0004145532D3132382D43434D004145532DA3
:10F6C0003235362D47434D004145532D3139322DCA
:10F6D00047434D004145532D3132382D47434D00AE
:10F6E0004145532D3235362D435452004145532D5B
:10F6F0003139322D435452004145532D3132382D8A
:10F70000435452004145532D3235362D4346423144
:10F71000323800004145532D3139322D43464231B4
:10F72000323800004145532D3132382D43464231A5
:10F73000323800004145532D3235362D43424300C7
:10F740004145532D3139322D434243004145532D1C
:10F750003132382D434243004145532D3235362D49
:10F76000454342004145532D3139322D4543420036
:10F770004145532D3132382D4543420005020000EA
:10F78000800000004CF704001000000000000000A2
:10F790001000000074F904002B0800008000000035
:10F7A000B0F604000C000000010000001000000092
:10F7B00098FC0400080300008000000024F7040007
:10F7C00010000000000000001000000074F90400A8
:10F7D0000B05000080000000F8F604001000000097
:10F7E000000000001000000074F904000201000095
:10F7F0008000000070F7040010000000000000000E
:10F800001000000074F904000E06000080000000E3
:10F81000D4F604000C0000000100000010000000FD
:10F8200008FE040006020000C000000040F70400CB
:10F8300010000000000000001000000074F9040037
:10F840002C080000C0000000A4F604000C0000001A
:10F85000010000001000000098FC040009030000F3
:10F86000C000000014F704001000000000000000B9
:10F870001000000074F904000C050000C000000036
:10F88000ECF6040010000000000000001000000072
:10F8900074F9040003010000C000000064F70400D4
:10F8A00010000000000000001000000074F90400C7
:10F8B0000F060000C0000000C8F604000C000000A5
:10F8C000010000001000000008FE04000702000014
:10F8D0000001000034F704001000000000000000E8
:10F8E0001000000074F904002D0800000001000061
:10F8F00098F604000C000000010000001000000059
:10F9000098FC04000A0300000001000004F7040052
:10F9100010000000000000001000000074F9040056
:10F920000D05000000010000E0F6040010000000DA
:10F93000000000001000000074F904000401000041
:10F940000001000058F70400100000000000000053
:10F950001000000074F9040010060000000100000F
:10F96000BCF604000C0000000100000010000000C4
:10F9700008FE040002000000354802003148020081
:10F980002D4802002948020000000000254802001E
:10F990002148020009480200F54702002A0700003A
:10F9A000800000009CF40400000000000000000043
:10F9B00001000000B8F9040007000000000000008A
:10F9C000000000000000000000000000F1470200FD
:10F9D000D5470200D5470200BD470200A9470200F3
:10F9E0002702000080000000C8F4040008000000A6
:10F9F000020000000800000050FA04002803000084
:10FA000080000000B8F404000800000002000000BC
:10FA10000800000050FA04002905000080000000E2
:10FA2000A8F4040008000000020000000800000024
:10FA300050FA04002601000080000000D8F4040001
:10FA400008000000020000000800000050FA040056
:10FA500006000000A5470200A14702009D470200E2
:10FA600099470200000000009547020095470200F8
:10FA70007D47020069470200140200008000000078
:10FA800048F6040010000000000000001000000014
:10FA900070FC04002E0800008000000058F50400EF
:10FAA0000C0000000100000010000000C0FC040079
:10FAB00017030000800000000CF604001000000096
:10FAC000000000001000000070FC04001A05000097
:10FAD00080000000D0F504001000000000000000CD
:10FAE0001000000070FC0400110100008000000004
:10FAF00084F6040010000000000000001000000068
:10FB000070FC04001D0600008000000094F5040055
:10FB10000C000000010000001000000030FE040096
:10FB200015020000C000000034F6040010000000C0
:10FB3000000000001000000070FC04002F0800000E
:10FB4000C000000044F504000C00000001000000AB
:10FB500010000000C0FC040018030000C0000000FA
:10FB6000F8F5040010000000000000001000000084
:10FB700070FC04001B050000C0000000BCF5040080
:10FB800010000000000000001000000070FC0400E5
:10FB900012010000C000000070F604001000000018
:10FBA000000000001000000070FC04001E060000B1
:10FBB000C000000080F504000C00000001000000FF
:10FBC0001000000030FE04001602000000010000DA
:10FBD00020F60400100000000000000010000000EB
:10FBE00070FC0400300800000001000030F5040043
:10FBF0000C0000000100000010000000C0FC040028
:10FC00001903000000010000E4F5040010000000EA
:10FC1000000000001000000070FC04001C05000043
:10FC200000010000A8F50400100000000000000022
:10FC30001000000070FC040013010000000100002F
:10FC40005CF604001000000000000000100000003E
:10FC500070FC04001F060000000100006CF50400A9
:10FC60000C000000010000001000000030FE040045
:10FC70000500000065470200614702005D47020081
:10FC8000594702000000000055470200514702009A
:10FC90003947020025470200020000000000000072
:10FCA0000000000000000000000000000000000054
:10FCB000D5460200D5460200B14602009D4602002C
:10FCC000050000000000000000000000000000002F
:10FCD0000000000000000000C9460200C946020002
:10FCE000B14602009D4602002102000040000000D3
:10FCF00020F50400080000000000000008000000DB
:10FD0000E0FD0400200100004000000028F5040090
:10FD1000080000000000000008000000E0FD0400F2
:10FD200025020000C0000000E8F404000800000004
:10FD3000000000000800000058FD0400240100003D
:10FD4000C0000000F8F404000800000000000000FB
:10FD50000800000058FD0400040000004D460200A9
:10FD60004946020000000000000000000000000002
:10FD7000454602004146020029460200154602009F
:10FD8000230200008000000008F5040008000000C5
:10FD90000000000008000000B8FD0400220100007F
:10FDA0008000000014F504000800000000000000BE
:10FDB00008000000B8FD0400030000004D460200EA
:10FDC00049460200000000000000000000000000A2
:10FDD0005946020055460200294602001546020017
:10FDE000030000009546020091460200000000005A
:10FDF00000000000000000008D460200894602005D
:10FE0000714602005D460200020000000000000092
:10FE100000000000000000000000000000000000E2
:10FE20001947020019470200F5460200E1460200A8
:10FE300005000000000000000000000000000000BD
:10FE400000000000000000000D4702000D47020006
:10FE5000F5460200E146020002000000ECF7040053
:10FE60000300000094F80400040000003CF90400C2
:10FE7000050000007CF704000600000024F80400E0
:10FE800007000000CCF8040008000000B4F70400EC
:10FE9000090000005CF804000A00000004F90400F6
:10FEA0000B000000D0F704000C00000078F80400FC
:10FEB0000D00000020F904000E00000008F8040006
:10FEC0000F000000B0F804001000000058F9040012
:10FED0002B00000098F704002C00000040F80400FC
:10FEE0002D000000E8F804002A0000009CF904003E
:10FEF0002600000034FA040027000000E0F90400A6
:10FF000028000000FCF904002900000018FA040091
:10FF100011000000E8FA04001200000090FB040049
:10FF20001300000038FC04001400000078FA0400FC
:10FF30001500000020FB040016000000C8FB0400B0
:10FF400017000000B0FA04001800000058FB04007D
:10FF50001900000000FC04001A000000CCFA0400A4
:10FF60001B00000074FB04001C0000001CFC0400CB
:10FF70001D00000004FB04001E000000ACFB040098
:10FF80001F00000054FC04002E00000094FA04003E
:10FF90002F0000003CFB040030000000E4FB0400E4
:10FFA0002000000004FD0400220000009CFD04006D
:10FFB000240000003CFD040021000000E8FC0400D7
:10FFC0002300000080FD04002500000020FD040047
:10FFD0000000000000000000000000000100000020
:10FFE000000100000101000000000100010001000B
:10FFF00000010100010101000000000101000001F9
:020000040005F5
:1000000000010001010100010000010101000101E6
:1000100000010101010101010000000000000001D8
:1000200000000100000001010001000000010001CA
:1000300000010100000101010100000001000001B8
:1000400001000100010001010101000001010001A6
:100050000101010001010101000401010000000093
:100060000000010004040101040001010404010076
:100070000400000000000100000400000004010171
:100080000404010100040000040400010400010153
:10009000000000010400000004040000000400014E
:1000A000000400010004010000040100000001013F
:1000B000000001010404000104000100040000012B
:1000C000040000010400010000000000040400001E
:1000D000040401000000000100000100040401010B
:1000E0000400000000000101000401010000000103
:1000F00000000001000400000400010100000100F4
:1001000000040100040000010004000004000000DD
:1001100004040001040401000404010104000100BE
:1001200000000101040400010400000104040000B7
:1001300004040100000401010404000000040001A3
:1001400000040001000000000400010000040100A0
:100150000000000004000101208010800080008069
:10016000008000002080100000001000200000002F
:1001700020001080208000802000008020801080DF
:1001800000801080000000800080008000001000CF
:1001900020000000200010800080100020001000CF
:1001A000208000800000000000000080008000002F
:1001B000208010000000108020001000200000802F
:1001C00000000000008010002080000000801080EF
:1001D000000010802080000000000000208010003F
:1001E000200010800000100020800080000010809F
:1001F00000801080008000000000108000800080DF
:1002000020000000208010802080100020000000CE
:10021000008000000000008020800000008010802E
:1002200000001000200000802000100020800080CE
:10023000200000802000100000801000000000005E
:1002400000800080208000000000008020001080DE
:1002500020801080008010000802000000020208C8
:100260000000000008000208000200080000000072
:10027000080202000002000808000200080000084E
:10028000080000080000020008020208080002003E
:10029000000002080802000000000008080000003A
:1002A0000002020800020000000202000000020832
:1002B000080002080802020008020008000202000A
:1002C00000000200080200080800000008020208FE
:1002D0000002000000000008000202080000000800
:1002E00008000200080200000000020000020208EC
:1002F00000020008000000000002000008000200E8
:1003000008020208000200080800000800020000BD
:1003100000000000080002080802000800000200B7
:10032000000000080802020808000000080202009D
:10033000000202000800000800000208080200088D
:100340000802000000000208080202000800000085
:100350000800020800020200012080008120000045
:10036000812000008000000080208000810080004B
:10037000010080000120000000000000002080003B
:10038000002080008120800081000000000000002B
:1003900080008000010080000100000000200000BB
:1003A000000080000120800080000000000080002C
:1003B000012000008020000081008000010000007A
:1003C000802000008000800000200000802080004D
:1003D00081208000810000008000800001008000FA
:1003E00000208000812080008100000000000000CB
:1003F00000000000002080008020000080008000BD
:1004000081008000010000000120800081200000A8
:100410008120000080000000812080008100000019
:100420000100000000200000010080000120000009
:1004300080208000810080000120000080200000DA
:10044000000080000120800080000000000080008B
:100450000020000080208000000100000001080250
:100460000000080200010042000008000001000036
:1004700000000040000008020001084000000800E1
:100480000001000200010840000100420000084293
:1004900000010800000000400000000200000840C9
:1004A0000000084000000000000100400001084278
:1004B0000001084200010002000008420001004063
:1004C00000000000000000420001080200000002DD
:1004D0000000004200010800000008000001004286
:1004E00000010000000000020000004000000802BF
:1004F000000100420001084000010002000000402D
:10050000000008420001080200010840000100004C
:10051000000000020000084200010842000108003B
:100520000000004200010842000008020000000034
:100530000000084000000042000108000001000225
:10054000000100400000080000000000000008401A
:1005500000010802000100401000002000004020BF
:10056000004000001040402000004020100000002B
:10057000104040200000400000400020104040009B
:10058000000040001000002010004000004000204B
:10059000000000201040000000000000100040009B
:1005A00010400020004000000040400010400020AB
:1005B000100000001000402010004020000000004B
:1005C000104040000040402010400000004040002B
:1005D00000404020000000200040002010000000EB
:1005E000100040200040400010404020000040002B
:1005F00010400000100000200000400000400020DB
:10060000000000201040000010000020104040209A
:1006100000404000000040201040400000404020CA
:10062000000000001000402010000000004000000A
:10063000000040201040400000400000100040003A
:10064000104000200000000000404020000000207A
:100650001000400010400020000020000200200494
:100660000208000400000000000800000208000466
:1006700002082000000820040208200400002000D6
:10068000000000000200000402000000000000045E
:1006900002002004020800000008000402082000F4
:1006A00002002000000800040200000400002004F2
:1006B00000082004020020000000200400080000C0
:1006C00002080000020820040008200002000000C8
:1006D00000000004000820000000000400082000C2
:1006E00000002000020800040208000402002004A8
:1006F00002002004020000000200200000000004AC
:100700000008000400002000000820040208000087
:100710000208200000082004020800000200000473
:10072000020820040000200400082000000000004F
:10073000020000000208200400000000020820005F
:10074000000020040008000002000004000800046B
:1007500000080000020020004010001000100000FF
:1007600000000400401004100000001040100010B1
:1007700040000000000000104000040000000410D1
:100780004010041000100400001004104010040079
:1007900000100000400000000000041040000010A5
:1007A0000010001040100000001004004000040081
:1007B0004000041000100410401000000000000071
:1007C0000000000040000410400000100010001065
:1007D0004010040000000400401004000000040069
:1007E0000010041000100000400000004000041041
:1007F0000010000040100400001000104000000035
:100800004000001000000410400004100000001020
:100810000000040040100010000000004010041010
:100820004000040040000010000004100010001000
:1008300040100010000000004010041000100400E0
:1008400000100400401000004010000040000400B0
:100850000000001000100410000000000000000064
:10086000201C0000000000004038000000000000D4
:100870006024000000000000807000000000000004
:10088000A06C000000000000C04800000000000054
:10089000E05400000000000000E100000000000043
:1008A00020FD00000000000040D900000000000012
:1008B00060C5000000000000809100000000000002
:1008C000A08D000000000000C0A900000000000092
:1008D000E0B50000000000000800800050000000AB
:1008E000A95C02007D5C02009D5D0200000000002A
:1008F000000000001D5E0200095F0200040080008D
:1009000024010000A95C02007D5C02009D5D0200E4
:1009100000000000000000001D5E0200D55E020025
:10092000537461636B206F766572666C6F772064B9
:10093000657465637465642E00000000000080002B
:100940009D62020085620200316302002F627569B8
:100950006C64732F716F72766F2F7577622D696F6C
:10096000742F70726F6A2F617070732D70726F6A5E
:10097000656374732F53444B2F636F6D706F6E6597
:100980006E74732F6C69627261726965732F717511
:100990006575652F6E72665F71756575652E63008E
:1009A0002F6275696C64732F716F72766F2F757714
:1009B000622D696F742F70726F6A2F617070732D62
:1009C00070726F6A656374732F53444B2F6578742C
:1009D00065726E616C2F6672656572746F732F73CA
:1009E0006F757263652F706F727461626C652F4DE5
:1009F000656D4D616E672F686561705F342E6300B1
:100A00002F6275696C64732F716F72766F2F7577B3
:100A1000622D696F742F70726F6A2F617070732D01
:100A200070726F6A656374732F53444B2F657874CB
:100A300065726E616C2F6672656572746F732F706C
:100A40006F727461626C652F434D5349532F6E7200
:100A50006635322F706F72745F636D7369732E63C6
:100A6000000000002F6275696C64732F716F7276DD
:100A70006F2F7577622D696F742F70726F6A2F6197
:100A80007070732D70726F6A656374732F53444B6B
:100A90002F65787465726E616C2F6672656572740D
:100AA0006F732F736F757263652F71756575652E22
:100AB000630000002F6275696C64732F716F72762A
:100AC0006F2F7577622D696F742F70726F6A2F6147
:100AD0007070732D70726F6A656374732F53444B1B
:100AE0002F65787465726E616C2F667265657274BD
:100AF0006F732F736F757263652F7461736B732ED1
:100B00006300000049444C4500000000546D7251E0
:100B1000000000002F6275696C64732F716F72762C
:100B20006F2F7577622D696F742F70726F6A2F61E6
:100B30007070732D70726F6A656374732F53444BBA
:100B40002F65787465726E616C2F6672656572745C
:100B50006F732F736F757263652F74696D65727330
:100B60002E630000546D7220537663002F62756906
:100B70006C64732F716F72766F2F7577622D696F4A
:100B8000742F70726F6A2F617070732D70726F6A3C
:100B9000656374732F53444B2F636F6D706F6E6575
:100BA0006E74732F626F617264732F626F6172640F
:100BB000732E63002E2E2F2E2E2F2E2E2F2E2E2F05
:100BC0002E2E2F53444B2F6D6F64756C65732F6EF3
:100BD0007266782F68616C2F6E72665F6770696FDE
:100BE0002E680000151C00002F6275696C64732F5D
:100BF000716F72766F2F7577622D696F742F7072B7
:100C00006F6A2F617070732D70726F6A6563747391
:100C10002F53444B2F696E746567726174696F6EF0
:100C20002F6E7266782F6C65676163792F6E7266BE
:100C30005F6472765F636C6F636B2E63000000000D
:100C4000636C6F636B0000002F6275696C64732FB7
:100C5000716F72766F2F7577622D696F742F707256
:100C60006F6A2F617070732D70726F6A6563747331
:100C70002F53444B2F6D6F64756C65732F6E7266C6
:100C8000782F647269766572732F7372632F6E7238
:100C900066785F636C6F636B2E630000434C4F4359
:100CA0004B0000002F6275696C64732F716F727650
:100CB0006F2F7577622D696F742F70726F6A2F6155
:100CC0007070732D70726F6A656374732F53444B29
:100CD0002F6D6F64756C65732F6E7266782F6472FA
:100CE00069766572732F7372632F6E7266785F67B1
:100CF00070696F74652E63004750494F544500007A
:100D00005541525400000000554152544500000026
:100D1000525443002F6275696C64732F716F727641
:100D20006F2F7577622D696F742F70726F6A2F61E4
:100D30007070732D70726F6A656374732F53444BB8
:100D40002F6D6F64756C65732F6E7266782F647289
:100D500069766572732F7372632F6E7266785F7334
:100D600070696D2E630000002E2E2F2E2E2F2E2E3A
:100D70002F2E2E2F2E2E2F53444B2F696E74656706
:100D8000726174696F6E2F6E7266782F6E726678FC
:100D90005F676C75652E68005350494D0000000078
:100DA000519C0200699C0200819C02002F627569BF
:100DB0006C64732F716F72766F2F7577622D696F08
:100DC000742F70726F6A2F617070732D70726F6AFA
:100DD000656374732F53444B2F6D6F64756C65732B
:100DE0002F6E7266782F647269766572732F7372D4
:100DF000632F6E7266785F7379737469636B2E63A9
:100E00000000000054494D45520000002F627569F2
:100E10006C64732F716F72766F2F7577622D696FA7
:100E2000742F70726F6A2F617070732D70726F6A99
:100E3000656374732F53444B2F6D6F64756C6573CA
:100E40002F6E7266782F647269766572732F737273
:100E5000632F6E7266785F7477692E6300000000FE
:100E6000545749002F6275696C64732F716F7276E5
:100E70006F2F7577622D696F742F70726F6A2F6193
:100E80007070732D70726F6A656374732F53444B67
:100E90002F6D6F64756C65732F6E7266782F647238
:100EA00069766572732F7372632F6E7266785F77DF
:100EB00064742E630000000057445400FFFFFFFFDE
:100EC0000007FF0000000040000000002F6275696D
:100ED0006C64732F716F72766F2F7577622D696FE7
:100EE000742F70726F6A2F617070732D70726F6AD9
:100EF000656374732F53444B2F6D6F64756C65730A
:100F00002F6E7266782F647269766572732F7372B2
:100F1000632F6E7266785F757362642E63000000E3
:100F20002E2E2F2E2E2F2E2E2F2E2E2F2E2E2F53B7
:100F3000444B2F6D6F64756C65732F6E7266782FDE
:100F400068616C2F6E72665F757362642E68000054
:100F5000555342440000000008010C011001140127
:100F600018011C01200124012C0100003001340172
:100F700038013C014001440148014C01500100008E
:100F800069AC0200A1AC020089AE0200F1AF020020
:100F900081B0020039B00200A9AF0200D1AE020058
:100FA00061AF020019AF020051B2020015AE02009B
:100FB000ADBA020065B90200E1B90200E5B802006D
:100FC000E9B6020065B80200E9B7020069B702009D
:100FD000ADAD020065AD0200A5AC020049BE020045
:100FE00065B602002F6275696C64732F716F72763B
:100FF0006F2F7577622D696F742F70726F6A2F6112
:101000007070732D70726F6A656374732F53444BE5
:101010002F6D6F64756C65732F6E7266782F6472B6
:1010200069766572732F7372632F7072732F6E728D
:1010300066785F7072732E63000000005052530098
:101040002F6275696C64732F716F72766F2F75776D
:10105000622D696F742F70726F6A2F617070732DBB
:1010600070726F6A656374732F53444B2F696E748B
:101070006567726174696F6E2F6E7266782F6C652A
:10108000676163792F6E72665F6472765F726E67F6
:101090002E630000726E6700010600002F62756902
:1010A0006C64732F716F72766F2F7577622D696F15
:1010B000742F70726F6A2F617070732D70726F6A07
:1010C000656374732F53444B2F6D6F64756C657338
:1010D0002F6E7266782F647269766572732F7372E1
:1010E000632F6E7266785F726E672E630000000079
:1010F000524E47004E656172627920496E74657286
:10110000616374696F6E2042657461004D75726130
:10111000746120547970653241422D455642000079
:101120004672656552544F53000000005465726D5D
:10113000696E616C000000005254540053454747EB
:10114000455200002F6275696C64732F716F72765F
:101150006F2F7577622D696F742F70726F6A2F61B0
:101160007070732D70726F6A656374732F53444B84
:101170002F636F6D706F6E656E74732F626C652F69
:10118000636F6D6D6F6E2F626C655F636F6E6E5F08
:1011900073746174652E630073645F626C655F676E
:1011A00061705F646174615F6C656E6774685F75C0
:1011B000706461746528292028726571756573747F
:1011C00029206F6E20636F6E6E656374696F6E2089
:1011D000307825782072657475726E656420257389
:1011E0002E00000054686520726571756573746522
:1011F000642054582F5258207061636B6574206CC2
:10120000656E67746820697320746F6F206C6F6EF1
:10121000672062792025752F2575206F63746574AA
:10122000732E00005468652072657175657374656E
:101230006420636F6D62696E6174696F6E206F66A2
:1012400020545820616E64205258207061636B6591
:1012500074206C656E6774687320697320746F6F97
:10126000206C6F6E67206279202575206D6963722E
:101270006F7365636F6E64732E00000073645F624A
:101280006C655F67617474635F65786368616E67DE
:10129000655F6D74755F726571756573742829205B
:1012A00072657475726E65642025732E00000000EF
:1012B00073645F626C655F67617474735F657863A4
:1012C00068616E67655F6D74755F7265706C7928B3
:1012D000292072657475726E65642025732E000076
:1012E0006E72665F626C655F676174740000000017
:1012F000557064617465000044656C657465000038
:101300004F75746461746564202830290000000002
:1013100053657276696365206368616E67656420F2
:1013200070656E64696E6720666C6167000000001E
:101330004F757464617465642028322900000000D0
:101340004F757464617465642028332900000000BF
:101350004170706C69636174696F6E20646174615F
:101360000000000052656D6F7465206461746162F5
:1013700061736500506565722072616E6B000000DC
:10138000426F6E64696E67206461746100000000E2
:101390004C6F63616C20646174616261736500000D
:1013A00043656E7472616C2061646472657373204E
:1013B0007265736F6C7574696F6E0000456E637251
:1013C000797074696F6E0000426F6E64696E6700B9
:1013D00050616972696E6700496E76616C6964205C
:1013E000526F6C650000000050657269706865722C
:1013F000616C000043656E7472616C0070656572AB
:101400005F6D616E616765725F68616E646C657265
:1014100000000000626C655F62617300626C655F72
:101420006E7573009ECADC240EE5A9E093F3A3B5A4
:101430000000406E2F6275696C64732F716F727655
:101440006F2F7577622D696F742F70726F6A2F61BD
:101450007070732D70726F6A656374732F53444B91
:101460002F636F6D706F6E656E74732F736F66741C
:101470006465766963652F636F6D6D6F6E2F6E7235
:10148000665F7364682E63006E72665F73646800E3
:101490000100000760CA040068CA040008000000D8
:1014A00050CA040060CA04000800000038CA0400E2
:1014B00050CA0400080000002F6275696C64732F25
:1014C000716F72766F2F7577622D696F742F7072DE
:1014D0006F6A2F617070732D70726F6A65637473B9
:1014E0002F53444B2F636F6D706F6E656E74732F47
:1014F000736F66746465766963652F636F6D6D6F76
:101500006E2F6E72665F7364685F626C652E630037
:101510006E72665F7364685F626C6500F8C9040090
:1015200038CA040008000000424C4500536F66743E
:10153000446576696365207461736B206E6F7420F7
:10154000637265617465642E000000002F62756926
:101550006C64732F716F72766F2F7577622D696F60
:10156000742F70726F6A2F617070732D70726F6A52
:10157000656374732F53444B2F636F6D706F6E658B
:101580006E74732F736F66746465766963652F6319
:101590006F6D6D6F6E2F6E72665F7364685F6672DB
:1015A000656572746F732E63000000006E72665F73
:1015B0007364685F6672656572746F730000000023
:1015C0002F6275696C64732F716F72766F2F7577E8
:1015D000622D696F742F70726F6A2F617070732D36
:1015E00070726F6A656374732F53444B2F636F6D12
:1015F000706F6E656E74732F736F66746465766951
:1016000063652F636F6D6D6F6E2F6E72665F7364AF
:10161000685F736F632E63006E72665F7364685FEA
:10162000736F6300E8C90400F8C9040008000000F3
:101630007265705461736B004F4B0000455252004D
:101640007B22545752223A207B2252223A25642C84
:1016500022613136223A22307825303478222C2209
:1016600053223A222573222C224420636D223A25EC
:10167000647D7D0D0A0000002F6275696C64732F14
:10168000716F72766F2F7577622D696F742F70721C
:101690006F6A2F617070732D70726F6A65637473F7
:1016A0002F6E6577746F6E2F716F72766F5F6170DA
:1016B000706C655F6E65617262795F696E74657288
:1016C000616374696F6E5F626574612F5372632F1B
:1016D000417070732F666972612F666972615F6114
:1016E00070702E63000000002172000030160500AB
:1016F000E5E602000200000000000000000100001A
:101700006D6370735461736B000000005461672057
:10171000696E6974206661696C65642E2053746F0C
:10172000702E0D0A0000000054782064656C617909
:1017300065643A2073746172742025782063757231
:1017400072656E742025780052782064656C61792A
:1017500065643A2073746172742025782063757211
:1017600072656E74202578000100000100170500E5
:1017700085EE0200030000000000000000040000ED
:1017800079EE0200C9F10200F1F1020075F30200E6
:10179000FDEA0200ADF0020015EB020000000000BF
:1017A00005EF02002DEB020061EB020069EB020085
:1017B00071EB02008DEB0200A5EB020015EC0200BC
:1017C00075EC020029F4020079EC02000DED020034
:1017D00011ED020031F3020015ED020000000000DF
:1017E00045ED020059ED020065ED020069ED0200D1
:1017F0004465665461736B002F6275696C64732F66
:10180000716F72766F2F7577622D696F742F70729A
:101810006F6A2F617070732D70726F6A6563747375
:101820002F6E6577746F6E2F716F72766F5F617058
:10183000706C655F6E65617262795F696E74657206
:10184000616374696F6E5F626574612F5372632F99
:101850005557422F6D61696E5F7577622E63000088
:10186000F017050069F80200FEFF0000000000000C
:10187000000400002F6275696C64732F716F7276BB
:101880006F2F7577622D696F742F70726F6A2F6179
:101890007070732D70726F6A656374732F6E6577E5
:1018A000746F6E2F716F72766F5F6170706C655FB1
:1018B0006E65617262795F696E7465726163746985
:1018C0006F6E5F626574612F5372632F426F617236
:1018D00064732F5372632F547970653241425F45B0
:1018E00056422F547970653241425F4556422E630D
:1018F00000000000000000000000000000000000E8
:101900000338FDD8704700004000000000040000CC
:10191000FFFFFFFFFFFFFFFF800000000006000049
:10192000FFFFFFFFFFFFFFFF0001000000080000B6
:10193000FFFFFFFFFFFFFFFF000200002F6275693E
:101940006C64732F716F72766F2F7577622D696F6C
:10195000742F70726F6A2F617070732D70726F6A5E
:10196000656374732F6E6577746F6E2F716F727607
:101970006F5F6170706C655F6E65617262795F69DF
:101980006E746572616374696F6E5F626574612FF6
:101990005372632F48414C2F5372632F6E5246355A
:1019A000323878782F48414C5F7761746368646F90
:1019B000672E630001000000D00700000700000050
:1019C0002F6275696C64732F716F72766F2F7577E4
:1019D000622D696F742F70726F6A2F617070732D32
:1019E00070726F6A656374732F6E6577746F6E2F94
:1019F000716F72766F5F6170706C655F6E6561723A
:101A000062795F696E746572616374696F6E5F623B
:101A10006574612F5372632F48414C2F5372632FAB
:101A20006E524635323878782F48414C5F535049D2
:101A30002E63000000000000000000000000000015
:101A40000338FDD87047000085FB0200CDFB020083
:101A50001DFB020015FC020061FE020025FF0200D2
:101A600019FB020085FB0200CDFB02001DFB0200FA
:101A700015FC020061FE020025FF020019FB0200B6
:101A80002F6275696C64732F716F72766F2F757723
:101A9000622D696F742F70726F6A2F617070732D71
:101AA00070726F6A656374732F6E6577746F6E2FD3
:101AB000716F72766F5F6170706C655F6E65617279
:101AC00062795F696E746572616374696F6E5F627B
:101AD0006574612F5372632F48414C2F5372632FEB
:101AE0006E524635323878782F48414C5F44573330
:101AF0003030302E630000000100020000000000C2
:101B00000338FDD87047000000000000141B0500DA
:101B1000CDFF020061FE020025FF020019FB02005A
:101B20000000000039FF0200190006000F0022002B
:101B3000060000000000000000000000000000009F
:101B40000338FDD8704700000000000000000000CE
:101B50000338FDD8704700002F6275696C64732FDD
:101B6000716F72766F2F7577622D696F742F707237
:101B70006F6A2F617070732D70726F6A6563747312
:101B80002F6E6577746F6E2F716F72766F5F6170F5
:101B9000706C655F6E65617262795F696E746572A3
:101BA000616374696F6E5F626574612F50726F6AF2
:101BB000656374732F547970653241425F455642B4
:101BC0002F636F6E6669672F4672656552544F5377
:101BD0005F69646C655F686F6F6B2E630000000067
:101BE0002F6275696C64732F716F72766F2F7577C2
:101BF000622D696F742F70726F6A2F617070732D10
:101C000070726F6A656374732F6E6577746F6E2F71
:101C1000716F72766F5F6170706C655F6E65617217
:101C200062795F696E746572616374696F6E5F6219
:101C30006574612F5372632F436F6D6D2F626C65F6
:101C40002F626C652E630000436F6E6E6563746572
:101C500064000000446973636F6E6E65637465644D
:101C6000000000004E6F74696669636174696F6E8D
:101C700020697320656E61626C6564004E6F7469E3
:101C80006669636174696F6E20697320646973614A
:101C9000626C656400000000646174615F6C656E75
:101CA000206D757374206265206174206C656173AA
:101CB0007420312E2052657475726E2E0000000063
:101CC0004170702072657175657374732061636310
:101CD0006573736F727920636F6E666967206461E4
:101CE0007461000044617461206C656E2077726FCE
:101CF0006E67000050726F746F636F6C2076657250
:101D000073696F6E206E6F7420737570706F72746C
:101D100065640000556E737570706F727465642031
:101D20006D6573736167652049442E004661737465
:101D3000206164766572746973696E672E000000B5
:101D40002F6275696C64732F716F72766F2F757760
:101D5000622D696F742F70726F6A2F617070732DAE
:101D600070726F6A656374732F6E6577746F6E2F10
:101D7000716F72766F5F6170706C655F6E656172B6
:101D800062795F696E746572616374696F6E5F62B8
:101D90006574612F5372632F6D61696E2E6300004D
:101DA0004C4F4747455200004170706C6963617445
:101DB000696F6E3A2025730D0A0000005461726746
:101DC00065743A2025730D0A000000004F533A2035
:101DD00025730D0A0000000056657273696F6E3A34
:101DE0002025730D0A0000004D41433A2025730D54
:101DF0000A000000526573706F6E64657200000027
:101E00004143434553534F52595F52414E47494E08
:101E1000475F524F4C453A2025730D0A00000000E1
:101E200043000000504F534958000000202020205C
:101E3000202020202068282828282020202020203A
:101E4000202020202020202020202020481010109A
:101E500010101010101010101010101084848484B2
:101E60008484848484841010101010101081818167
:101E700081818101010101010101010101010101D2
:101E80000101010101010110101010101082828265
:101E900082828202020202020202020202020202A2
:101EA000020202020202021010101020000703209A
:101EB000041702010857104080000000201E050092
:101EC000241F05003820050053756E004D6F6E000D
:101ED0005475650057656400546875004672690062
:101EE00053617400000000004A616E0046656200A4
:101EF0004D617200417072004D6179004A756E004B
:101F00004A756C0041756700536570004F6374003B
:101F10004E6F76004465630000000000414D0050A4
:101F20004D0000005C2005005820050058200500E9
:101F300058200500582005005820050058200500AD
:101F4000582005005820050058200500FFFFFFFF1E
:101F5000FFFFFFFFFFFFFFFFFFFF0000981F0500CF
:101F6000C81E0500D41F0500E81E05001C1F050043
:101F70007C1F05002C200500881F0500256D2F25DE
:101F8000642F257900000000256120256220256549
:101F9000202554202559000053756E646179004D49
:101FA0006F6E64617900547565736461790057657B
:101FB000646E6573646179005468757273646179E5
:101FC0000046726964617900536174757264617965
:101FD000000000004A616E756172790046656272A8
:101FE00075617279004D6172636800417072696C4D
:101FF000004D6179004A756E65004A756C79004143
:1020000075677573740053657074656D62657200F1
:102010004F63746F626572004E6F76656D626572B4
:1020200000446563656D62657200000025483A25CD
:102030004D3A25530000000091100300AD1003003D
:10204000B9100300C5100300E1100300ED100300F8
:10205000F910030007110300000000002E0000002B
:10206000303132333435363738396162636465660E
:1020700030313233343536373839414243444546BE
:10208000286E756C6C29000000070E091C1B1215C8
:10209000383F363124232A2D70777E796C6B626548
:1020A000484F464154535A5DE0E7EEE9FCFBF2F538
:1020B000D8DFD6D1C4C3CACD90979E998C8B828528
:1020C000A8AFA6A1B4B3BABDC7C0C9CEDBDCD5D218
:1020D000FFF8F1F6E3E4EDEAB7B0B9BEABACA5A208
:1020E0008F88818693949D9A2720292E3B3C3532F8
:1020F0001F18111603040D0A5750595E4B4C4542E8
:102100006F68616673747D7A898E878095929B9CD7
:10211000B1B6BFB8ADAAA3A4F9FEF7F0E5E2EBECC7
:10212000C1C6CFC8DDDAD3D4696E676075727B7CB7
:1021300051565F584D4A4344191E171005020B0CA7
:1021400021262F283D3A33344E49404752555C5B97
:102150007671787F6A6D64633E39303722252C2B87
:102160000601080F1A1D1413AEA9A0A7B2B5BCBB77
:102170009691989F8A8D8483DED9D0D7C2C5CCCB67
:10218000E6E1E8EFFAFDF4F3D9610300FD20030076
:10219000B91C0300811D03006D1D03004B1D0300CE
:1021A000591F0300000000000000000000000000B4
:1021B0007D370300D93A03007D360300BD4103009B
:1021C000C92C03006D3D03005D330300313703006C
:1021D00029320300913C03009D290300AD38030020
:1021E0007D36030095320300B5600300FF20030035
:1021F000BD410300C92C0300ED20030000201D1C7D
:1022000014120C0D0A0A0708060705060505040442
:102210000404030303030203020302030302020292
:10222000010201020102010101010101010101019B
:10223000010101010101010101010101000B0E1267
:102240000F0F0A0C0909070806070506050504050E
:10225000040403040303030303030203030202024F
:102260000202010202020202010201020101010254
:10227000010101010101010100010101200D050021
:102280000000000000000000445733585858000078
:102290004457335858582044657669636520447222
:1022A000697665722056657273696F6E2030362EBE
:1022B00030302E30300000000004A8050008500B1C
:1022C0000010A1160020000051A70300996303002D
:1022D000B91C0300811D03006D1D03004B1D03008D
:1022E000591F030000000000000000000000000073
:1022F00005790300357D03005D7C030065860300DE
:1023000039730300917F0300AD720300B9780300B5
:1023100045700300B57E0300816C0300357A03002D
:102320005D7C0300358503000D8403009B6303007F
:1023300065860300397303008963030000201D1CB8
:1023400014120C0D0A0A0708060705060505040401
:102350000404030303030203020302030302020251
:10236000010201020102010101010101010101015A
:10237000010101010101010101010101000B0E1226
:102380000F0F0A0C090907080607050605050405CD
:10239000040403040303030303030203030202020E
:1023A0000202010202020202010201020101010213
:1023B000010101010101010100010101200D0500E0
:1023C00000000000000000000004A8050008500BF9
:1023D0000010A1160020000089F1030039A90300B4
:1023E000B91C0300811D03006D1D03004B1D03007C
:1023F000591F030000000000000000000000000062
:10240000DDC00300F5C703001DC7030049D1030069
:1024100011BB030045CA030085BA0300B5C0030021
:1024200065B70300BDC90300D9B20300F1C40300BE
:102430001DC7030019D00300DDCE03003BA9030034
:1024400049D1030011BB030029A9030000201D1C72
:1024500014120C0D0A0A07080607050605050404F0
:102460000404030303030203020302030302020240
:102470000102010201020101010101010101010149
:10248000010101010101010101010101000B0E1215
:102490000F0F0A0C090907080607050605050405BC
:1024A00004040304030303030303020303020202FD
:1024B0000202010202020202010201020101010202
:1024C000010101010101010100010101200D0500CF
:1024D00000000000000000000004A8050008500BE8
:1024E0000010A11600200000212870742D3E747980
:1024F0007065203E20285F5F4E4C415F5459504527
:102500005F4D4158202D2031292900002F62756927
:102510006C64732F7577622D737461636B2F75779D
:10252000622D737461636B2F656D626564646564AD
:102530002F636F6D7061742F636F6D7061745F6E68
:1025400065746C696E6B2E63000000005F5F7661DE
:102550006C69646174655F6E6C6100002128736B47
:10256000622D3E656E64202D20736B622D3E74617A
:10257000696C203C206C656E290000002F62756933
:102580006C64732F7577622D737461636B2F75772D
:10259000622D737461636B2F656D6265646465643D
:1025A0002F636F6D7061742F636F6D7061745F73F3
:1025B0006B627566662E63002128736B622D3E6424
:1025C000617461203C20736B622D3E6865616429F3
:1025D00000000000736B625F726573657276650060
:1025E000736B625F70757400736B625F7075736894
:1025F000000000006B65795F6C656E203D3D2041F9
:1026000045535F4B455953495A455F3132380000B5
:102610002F6275696C64732F7577622D73746163B3
:102620006B2F7577622D737461636B2F656D6265B7
:10263000646465642F6D6370732F666972615F6394
:102640006D61632E63000000666972615F64696793
:10265000657374006C6F636B000000002E2E2F2ECC
:102660002E2F636F6D7061742F696E636C75646576
:102670002F6C696E75782F6D757465782E68000003
:102680006C6F636B202626206C6F636B2D3E6D7420
:102690007820213D204E554C4C0000006D7574652E
:1026A000785F6C6F636B00006D757465785F756E35
:1026B0006C6F636B0000000073657373696F6E5F0E
:1026C000706172616D7300002F6275696C64732FA5
:1026D0007577622D737461636B2F7577622D7374D8
:1026E00061636B2F656D6265646465642F68656CFA
:1026F000706572732F666972615F68656C70657270
:102700002E6300006669726100000000656E646CF3
:10271000657373006164645F73657373696F6E5F83
:10272000706172616D657465727300000000000075
:102730000000000000000000000000000100000098
:102740000000000000000000000000000B0000007E
:102750000000000000000000000000000100000078
:102760000000000000000000000000000B0000005E
:102770000000000000000000000000000000000059
:102780000000000000000000000000000200000047
:102790000000000000000000000000000600000033
:1027A0000000000000000000000000000100000028
:1027B0000000000000000000000000000100000018
:1027C0000000000000000000000000000600000003
:1027D00000000000000000000000000006000000F3
:1027E00000000000000000000000000003000000E6
:1027F00000000000000000000000000007000000D2
:1028000000000000000000000000000007000000C1
:1028100000000000000000000000000007000000B1
:102820000000000000000000000000000B0000009D
:102830000000000000000000000000000B0000008D
:102840000000000000000000000000000100000087
:102850000000000000000000000000000100000077
:102860000000000000000000000000000300000065
:1028700000000000000000000000000009005400FB
:102880000000000000000000000000000000000048
:102890000000000000000000000000000100000037
:1028A0000000000000000000000000000300000025
:1028B0000000000000000000000000000400000014
:1028C0000000000000000000000000000300000005
:1028D00000000000000000000000000007000000F1
:1028E00000000000000000000000000000000000E8
:1028F00000000000000000000000000003000000D5
:1029000000000000000000000000000000000000C7
:1029100000000000000000000000000000000000B7
:1029200000000000000000000000000007000000A0
:102930000000000000000000000000000000000097
:102940000000000000000000000000000300000084
:102950000000000000000000000000000000000077
:102960000000000000000000000000000000000067
:102970000000000000000000000000000000000057
:102980000000000000000000000000000000000047
:102990000000000000000000000000000000000037
:1029A0000000000000000000000000000000000027
:1029B0000000000000000000000000000700000010
:1029C0000000000000000000000000000000000007
:1029D00000000000000000000000000000000000F7
:1029E00000000000000000000000000000000000E7
:1029F00000000000000000000000000000000000D7
:102A000000000000000000000000000000000000C6
:102A100000000000000000000000000000000000B6
:102A200000000000000000000000000000000000A6
:102A30000000000000000000000000000500000091
:102A40000000000000000000000000000000000086
:102A50000000000000000000000000000300000073
:102A6000000000000000000000000000070000005F
:102A7000000000000000000000000000696E737498
:102A8000616E6365000000002F6275696C64732FCE
:102A90007577622D737461636B2F7577622D737414
:102AA00061636B2F656D6265646465642F75776221
:102AB0006D61632F7577626D61632E6300000000A6
:102AC00052382E322E335F45000000007577626D5C
:102AD00061635F7374617274000000007577626DEA
:102AE00061635F73746F70007577626D61635F72AD
:102AF000656769737465725F646174615F63616C5B
:102B00006C6261636B7300007577626D61635F7304
:102B100065745F6672616D655F7265747269657315
:102B2000000000007577626D61635F74785F6672A4
:102B3000616D65007577626D61635F7365745F7069
:102B4000616E5F69640000007577626D61635F7339
:102B500065745F73686F72745F6164647200000013
:102B60007577626D61635F7365745F657874656EB8
:102B70006465645F61646472000000007577626D73
:102B800061635F7365745F70726F6D697363756F96
:102B900075735F6D6F64650064656661756C740064
:102BA00073696D706C6500002128722900000000B7
:102BB0002F6275696C64732F7577622D737461630E
:102BC0006B2F7577622D737461636B2F6D61632F4B
:102BD00064656661756C745F726567696F6E2E639C
:102BE0000000000064656661756C74006D6370734D
:102BF0003830323135345F64656661756C745F738B
:102C000063686564756C65725F7570646174655F37
:102C10007363686564756C65000000002128722983
:102C2000000000002F6275696C64732F7577622D48
:102C3000737461636B2F7577622D737461636B2F8F
:102C40006D61632F656E646C6573735F7363686534
:102C500064756C65722E6300656E646C65737300D9
:102C60006D6370733830323135345F656E646C6516
:102C700073735F7363686564756C65725F757064A8
:102C80006174655F7363686564756C65000000005E
:102C900021283129000000002F6275696C64732FB0
:102CA0007577622D737461636B2F7577622D737402
:102CB00061636B2F6D61632F666972615F6163632E
:102CC0006573732E63000000212821736B62290055
:102CD000BC2C0000666972615F72785F6672616D1C
:102CE00065000000666972615F74785F6765745F94
:102CF0006672616D650000005374617469635453BA
:102D0000537461746963545300000000446174613A
:102D10005072744B00000000537473496E64496E26
:102D200000000000446572417574684900000000AD
:102D3000446572417574684B000000004465725030
:102D400061796C4B000000000000000000000000F2
:102D50000000000000000000212821702900000070
:102D60002F6275696C64732F7577622D737461635C
:102D70006B2F7577622D737461636B2F6D61632F99
:102D8000666972615F6672616D652E6300000000A6
:102D900021286865616465725F6C656E203C203037
:102DA00029000000666972615F6672616D655F632C
:102DB0006F6D6D6F6E5F7061796C6F61645F707560
:102DC00074000000666972615F6672616D655F72B2
:102DD0006672616D655F7061796C6F61645F70755B
:102DE00074000000666972615F6672616D655F659F
:102DF0006E63727970740000666972610000000091
:102E000021287229000000002F6275696C64732FFD
:102E10007577622D737461636B2F7577622D737490
:102E200061636B2F6D61632F666972615F726567A5
:102E3000696F6E2E6300000038F2A9C745000000DC
:102E4000666972615F726567696F6E5F696E6974EA
:102E50000000000000000000000000000000000072
:102E6000000000000300000000000000000000005F
:102E7000000000000700000000000000000000004B
:102E8000000000000800000000000000000000003A
:102E90000000000000000000000000000000000032
:102EA0000000000000000000000000000000000022
:102EB000000000000100000003000000000000000E
:102EC00000000100010000000300000000000000FD
:102ED00000000100010000000300000000000000ED
:102EE00000000200010000000300000000000000DC
:102EF00000000200020000000000000000000000CE
:102F000000000000020000000000000000000000BF
:102F100000000000030000000000000000000000AE
:102F2000000000000300000000000000000000009E
:102F3000000000000300000000000000000000008E
:102F4000000000000300000000000000000000007E
:102F5000000000000300000000000000000000006E
:102F6000000000000300000000000000000000005E
:102F7000000000000100000003000000000000004D
:102F8000000001000100000003000000000000003C
:102F9000000001000100000003000000000000002C
:102FA00000006400010000000300000000000000B9
:102FB000000001000100000003000000000000000C
:102FC00000000100010000000300000000000000FC
:102FD00000000100030000000100000000000000EC
:102FE00001000A00010000000000000000000000D5
:102FF00000000000010000000000000000000000D0
:1030000000000000010000000300000000000000BC
:1030100000000300010000000300000000000000A9
:10302000000001000100000003000000000000009B
:10303000000001000100000003000000000000008B
:103040000000040001000000030000000000000078
:10305000000002000100000003000000000000006A
:103060000000030001000000030000000000000059
:10307000000001000100000003000000000000004B
:10308000000001000100000003000000000000003B
:10309000000001000100000000000000000000002E
:1030A000000000000100000000000000000000001F
:1030B000000000000100000000000000000000000F
:1030C00000000000010000000200000000000000FD
:1030D00001000000010000000300000000000000EB
:1030E00000000200010000000300000000000000DA
:1030F00000000200030000000000000000000000CB
:1031000000000000090000000100000000000000B5
:103110000800080009002000000000000000000076
:103120000000000009002000000000000000000076
:10313000000000000100000003000000000000008B
:10314000000001000100000000000000000000007D
:10315000000000000100000003000000000000006B
:10316000000001000100000003000000000000005A
:10317000000001000100000003000000000000004A
:10318000000001000100000003000000000000003A
:10319000000001000100000003000000000000002A
:1031A000000001000300000000000000000000001B
:1031B00000000000090054000000000000000000B2
:1031C00000000000310000000100000000000000CD
:1031D00000000000000000000000000002000000ED
:1031E00000000000000000000000000003000000DC
:1031F00000000000000000000000000009002000A6
:103200000000000000000000000000000C000000B2
:10321000080000007D0204042D0631006C6F636B12
:10322000000000002F6275696C64732F7577622D42
:10323000737461636B2F7577622D737461636B2F89
:10324000656D6265646465642F636F6D7061742F72
:10325000696E636C7564652F6C696E75782F6D751A
:103260007465782E680000006C6F636B2026262042
:103270006C6F636B2D3E6D747820213D204E554C54
:103280004C0000002128216C6F63616C2D3E66703C
:10329000726F632E73746174652D3E656E74657212
:1032A000290000002F6275696C64732F7577622D99
:1032B000737461636B2F7577622D737461636B2F09
:1032C0006D61632F6670726F632E630021286C6FCF
:1032D00063616C2D3E6670726F632E61636365730C
:1032E0007329000021286C6F63616C2D3E6670723B
:1032F0006F632E74785F736B6229000021286C6FF6
:1033000063616C2D3E737461727465642900000002
:1033100021286163636573732D3E6D6574686F6406
:10332000203D3D204D4350533830323135345F41DC
:1033300043434553535F4D4554484F445F56454EB4
:10334000444F5229000000006D63707338303231F1
:1033500035345F6670726F635F696E697400000078
:103360006D6370733830323135345F6670726F63FD
:103370005F756E696E6974006D63707338303231D9
:1033800035345F6670726F635F6163636573735F2B
:1033900072657365740000006D757465785F6C6F9D
:1033A000636B00006D757465785F756E6C6F636B31
:1033B0000000000062726F6B656E0000B4330500A0
:1033C000017F04001D7F0400397F0400397F040061
:1033D0004D7F0400397F0400397F0400397F0400E9
:1033E000657F04006D756C74695F72780000000081
:1033F000E43305000000000000000000B582040076
:1034000051830400898304000000000000000000D4
:1034100000000000C58304006D756C74695F7478EA
:10342000000000001834050000000000000000004B
:1034300000000000000000000000000041840400C3
:1034400000000000000000008584040076656E64C2
:103450006F7200004C340500000000000000000006
:10346000BF860400FB860400378704007B870400C6
:10347000A587040000000000E18704006E6F7468F7
:10348000696E67007C340500000000000000000049
:10349000000000000000000000000000000000002C
:1034A00000000000000000004D88040072785F7783
:1034B0006169745F74785F646F6E6500AC34050099
:1034C00000000000000000000000000000000000FC
:1034D00000000000938904000000000000000000CC
:1034E000AF89040072780000E43405000000000099
:1034F00000000000C389040000000000558A040099
:10350000000000000000000000000000758A0400B8
:1035100077712D3E73656D20213D204E554C4C003A
:103520002F6275696C64732F7577622D7374616394
:103530006B2F7577622D737461636B2F656D626598
:10354000646465642F636F6D7061742F696E636C62
:103550007564652F6C696E75782F776169742E6854
:103560000000000021283129000000002F62756949
:103570006C64732F7577622D737461636B2F75772D
:10358000622D737461636B2F6D61632F6670726F50
:10359000635F73746F707065642E630021286C6FB5
:1035A00063616C2D3E737461727465642900000060
:1035B00073746F7070656400B0350500138C04007F
:1035C000518C04006D8C04006D8C0400918C0400FF
:1035D0006D8C04006D8C04006D8C0400AB8C0400B9
:1035E00077616B655F7570006D6370733830323171
:1035F00035345F6670726F635F73746F707065648B
:103600005F69676E6F7265006D6370733830323159
:1036100035345F6670726F635F73746F707065646A
:103620005F7363686564756C655F6368616E676529
:10363000000000007478000034360500000000002F
:10364000000000000000000000000000000000007A
:10365000738E04000000000000000000B18E040022
:1036600074785F7761636B006036050000000000CE
:1036700000000000C58E04007F8F0400BD8F040091
:10368000D78F04000000000000000000EB8F040052
:103690006C6F636B000000002F6275696C64732FA0
:1036A0007577622D737461636B2F7577622D7374F8
:1036B00061636B2F656D6265646465642F636F6D14
:1036C0007061742F696E636C7564652F6C696E75BB
:1036D000782F6D757465782E680000006C6F636BD1
:1036E000202626206C6F636B2D3E6D747820213D63
:1036F000204E554C4C00000077712D3E73656D20B7
:103700003D3D204E554C4C002F6275696C64732F03
:103710007577622D737461636B2F7577622D737487
:1037200061636B2F656D6265646465642F636F6DA3
:103730007061742F696E636C7564652F6C696E754A
:10374000782F776169742E680000000077712D3E34
:1037500073656D20213D204E554C4C007773000061
:103760002F6275696C64732F7577622D7374616352
:103770006B2F7577622D737461636B2F656D626556
:10378000646465642F636F6D7061742F696E636C20
:103790007564652F6C696E75782F776F726B7175B4
:1037A0006575652E680000002128216F7073207CEC
:1037B0007C20216F70732D3E7374617274207C7C49
:1037C00020216F70732D3E73746F70207C7C2021DC
:1037D0006F70732D3E74785F6672616D65207C7CBE
:1037E00020216F70732D3E72785F656E61626C652B
:1037F000207C7C20216F70732D3E72785F6469732A
:1038000061626C65207C7C20216F70732D3E727824
:103810005F6765745F6672616D65207C7C20216FD7
:1038200070732D3E72785F6765745F6572726F7238
:103830005F6672616D6529002F6275696C64732F14
:103840007577622D737461636B2F7577622D737456
:1038500061636B2F6D61632F6D6370735F6D616961
:103860006E2E630021287761697471756575655FD7
:1038700061637469766528266C6F63616C2D3E7791
:103880007129290021287229000000006D757465D6
:10389000785F6C6F636B00006D757465785F756E33
:1038A0006C6F636B000000006D63707338303231F1
:1038B00035345F616C6C6F635F6C6C68770000001F
:1038C000696E69745F7761697471756575655F6844
:1038D00065616400494E49545F574F524B000000E8
:1038E0006D6370733830323135345F667265655F91
:1038F0006C6C6877000000006D757465785F6465B6
:103900007374726F7900000064657374726F795F0D
:103910007761697471756575655F686561640000DC
:103920006D6370733830323135345F696E6974009D
:103930006C6F636B000000002F6275696C64732FFD
:103940007577622D737461636B2F7577622D737455
:1039500061636B2F656D6265646465642F636F6D71
:103960007061742F696E636C7564652F6C696E7518
:10397000782F6D757465782E680000006C6F636B2E
:10398000202626206C6F636B2D3E6D747820213DC0
:10399000204E554C4C00000077732026262077736C
:1039A0002D3E66756E6320213D204E554C4C000027
:1039B0002F6275696C64732F7577622D7374616300
:1039C0006B2F7577622D737461636B2F656D626504
:1039D000646465642F636F6D7061742F696E636CCE
:1039E0007564652F6C696E75782F776F726B717562
:1039F0006575652E6800000021286C6F63616C2D71
:103A00003E73746172746564290000002F627569E9
:103A10006C64732F7577622D737461636B2F757788
:103A2000622D737461636B2F6D61632F6F70732EE2
:103A3000630000002128216C6F63616C2D3E73745C
:103A400061727465642900006C6F63616C2D3E7750
:103A5000712E73656D20213D204E554C4C000000A9
:103A6000ADDE00000FA2040079A2040000000000F7
:103A70003DA30400B1A30400CBA304001DA40400D3
:103A80000000000000000000000000000000000036
:103A900000000000BFA40400FDA4040049A5040028
:103AA0008BA504006D6370733830323135345F7329
:103AB00074617274000000006D757465785F6C6FDE
:103AC000636B00006D757465785F756E6C6F636B0A
:103AD000000000006D6370733830323135345F732D
:103AE000746F70007363686564756C655F776F727F
:103AF0006B0000006C6F636B000000002F62756943
:103B00006C64732F7577622D737461636B2F757797
:103B1000622D737461636B2F656D626564646564A7
:103B20002F636F6D7061742F696E636C7564652FA0
:103B30006C696E75782F6D757465782E680000005D
:103B40006C6F636B202626206C6F636B2D3E6D744B
:103B50007820213D204E554C4C0000002128217337
:103B600063686564756C65725F6F7073207C7C2020
:103B7000217363686564756C65725F6F70732D3E49
:103B80006F776E6572207C7C202173636865647535
:103B90006C65725F6F70732D3E6E616D65207C7C0D
:103BA00020217363686564756C65725F6F70732D37
:103BB0003E6F70656E207C7C202173636865647540
:103BC0006C65725F6F70732D3E636C6F7365207CE4
:103BD0007C20217363686564756C65725F6F7073B8
:103BE0002D3E7570646174655F7363686564756CA0
:103BF000652900002F6275696C64732F7577622DDB
:103C0000737461636B2F7577622D737461636B2FAF
:103C10006D61632F7363686564756C6572732E6381
:103C2000000000002128737472636D70286F707338
:103C30002D3E6E616D652C207363686564756C65DF
:103C4000725F6F70732D3E6E616D6529203D3D2062
:103C5000302900006D6370733830323135345F7352
:103C600063686564756C65725F72656769737465B6
:103C7000720000006D757465785F6C6F636B000097
:103C80006D757465785F756E6C6F636B0000000016
:103C900021286672616D655F69647820213D20543A
:103CA00057525F4652414D455F46494E414C2900AF
:103CB0002F6275696C64732F7577622D73746163FD
:103CC0006B2F7577622D737461636B2F6D61632F3A
:103CD00073696D706C655F72616E67696E675F7244
:103CE0006567696F6E2E630021286672616D655F7E
:103CF00069647820213D205457525F4652414D451A
:103D00005F5245504F525429000000007477725F93
:103D1000726573706F6E64657200000000000000D1
:103D20000C3D050000000000000000000000000045
:103D30000000000000000000000000000000000083
:103D4000BDBB04007477725F696E69746961746FDA
:103D50007200000000000000443D0500000000006B
:103D60000000000000000000000000000000000053
:103D70000000000000000000F1BC040021286C6F6E
:103D800063616C2D3E69735F726573706F6E6465FD
:103D900072290000212872290000000073696D70EB
:103DA0006C652D72616E67696E6700007477725F73
:103DB000726573706F6E6465725F72785F66726150
:103DC0006D6500007477725F726573706F6E646505
:103DD000725F74785F6765745F6672616D6500001D
:103DE0007477725F72785F6672616D6500000000C3
:103DF0007477725F74785F6765745F6672616D6512
:103E00000000000073696D706C655F72616E6769B8
:103E10006E675F7363686564756C65725F75706407
:103E20006174655F7363686564756C6500000000AC
:103E30000000000000000000000000000000000082
:103E4000030000000000000000000000000000006F
:103E5000030000000300000000000000000001005B
:103E60000100000000000000000000000000000051
:103E70000100000000000000000000000000000041
:103E80000100000000000000000000000000000031
:103E90006C6F636B000000002F6275696C64732F98
:103EA0007577622D737461636B2F7577622D7374F0
:103EB00061636B2F656D6265646465642F636F6D0C
:103EC0007061742F696E636C7564652F6C696E75B3
:103ED000782F6D757465782E680000006C6F636BC9
:103EE000202626206C6F636B2D3E6D747820213D5B
:103EF000204E554C4C000000212821726567696FE7
:103F00006E5F6F7073207C7C2021726567696F6EB5
:103F10005F6F70732D3E6F776E6572207C7C202101
:103F2000726567696F6E5F6F70732D3E6E616D6550
:103F3000207C7C2021726567696F6E5F6F70732DC6
:103F40003E6F70656E207C7C2021726567696F6EA4
:103F50005F6F70732D3E636C6F7365207C7C2021D6
:103F6000726567696F6E5F6F70732D3E6765745F12
:103F700061636365737329002F6275696C64732FC5
:103F80007577622D737461636B2F7577622D73740F
:103F900061636B2F6D61632F726567696F6E732E3E
:103FA000630000002128737472636D70286F707352
:103FB0002D3E6E616D652C20726567696F6E5F6F57
:103FC00070732D3E6E616D6529203D3D20302900C6
:103FD0006D6370733830323135345F726567696F85
:103FE0006E5F726567697374657200006D757465E4
:103FF000785F6C6F636B00006D757465785F756ECC
:104000006C6F636B00002219910C4EFE910C9800AE
:02401000DAFFD5
:1040140000000000FF0000000090D003000000003A
:10402400000000000000000000000000000000008C
:104034000000000014000000000000000000000068
:10404400000000000000000000000000281B050024
:1040540001000200FFFF000000000000000000005B
:104064000000000000000000000000008426002082
:104074000000000000E3002001000400BC1E050055
:10408400BC1E0500BC1E0500BC1E0500BC1E0500B0
:10409400272604000F2504004B2504007D25040079
:1040A400ADDE0000A02B05000000000000000000B1
:1040B40000000000000000000000000000000000FC
:1040C400000000003B260400ADDE0000E42B0500E8
:1040D40000000000000000008D260400C526040036
:1040E40000000000000000000000000000000000CC
:1040F40000000000E326040000000000ADDE000024
:10410400582C0500000000000000000013280400E3
:10411400452804007B28040000000000AB280400AC
:1041240000000000112904007529040000000000AB
:104134004B3504007B320400A9330400ED34040041
:10414400ADDE0000F82D05000000000000000000B6
:104154009F580400F55804001F5904000000000093
:104164007D590400753B040078270020782700203F
:104174008027002080270020C5B8040051B5040022
:10418400E5B70400A9B80400A9BB0400D9B8040029
:10419400D9BA04008DBB0400ADDE00009C3D0500CF
:1041A4000000000000000000EDBE040091BF040008
:1041B400000000000DC20400000000000000000028
:1041C40000000000AFBF040011C10400DC27002080
:0441D400DC270020C4
:00000001FF
