:020000040000FA
:1000000000040020810A000015070000610A0000BA
:100010001F07000029070000330700000000000050
:10002000000000000000000000000000A50A000021
:100030003D070000000000004707000051070000D6
:100040005B070000650700006F07000079070000EC
:10005000830700008D07000097070000A10700003C
:10006000AB070000B5070000BF070000C90700008C
:10007000D3070000DD070000E7070000F1070000DC
:10008000FB070000050800000F0800001908000029
:10009000230800002D080000370800004108000078
:1000A0004B080000550800005F08000069080000C8
:1000B000730800007D080000870800009108000018
:1000C0009B080000A5080000AF080000B908000068
:1000D000C3080000CD080000D7080000E1080000B8
:1000E000EB080000F5080000FF0800000909000007
:1000F000130900001D090000270900003109000054
:100100003B0900001FB500F003F88DE80F001FBD8C
:1001100000F0ACBC40F6FC7108684FF01022401CA7
:1001200008D00868401C09D00868401C04D0086842
:1001300000F037BA9069F5E79069F9E7704770B554
:100140000B46010B184400F6FF70040B4FF0805073
:100150000022090303692403406943431D1B104621
:1001600000F048FA29462046BDE8704000F042BA47
:10017000F0B54FF6FF734FF4B4751A466E1E11E0DA
:10018000A94201D3344600E00C46091B30F8027B3B
:10019000641E3B441A44F9D19CB204EB134394B25D
:1001A00004EB12420029EBD198B200EB134002EBB2
:1001B000124140EA0140F0BDF34992B00446D1E952
:1001C0000001CDE91001FF224021684600F0F4FB58
:1001D00094E80F008DE80F00684610A902E004C8FB
:1001E00041F8042D8842FAD110216846FFF7C0FF7C
:1001F0001090AA208DF8440000F099F9FFF78AFFCB
:1002000040F6FC7420684FF01025401C0FD0206889
:1002100010226946803000F078F92068401C08D030
:100220002068082210A900F070F900F061F9A869AF
:10023000EEE7A869F5E74FF080500369406940F6A2
:10024000FC71434308684FF01022401C06D0086838
:1002500000F58050834203D2092070479069F7E788
:100260000868401C04D00868401C03D00020704778
:100270009069F9E70420704770B504460068C34DE3
:10028000072876D2DFE800F033041929631E250021
:10029000D4E9026564682946304600F062F92A46CE
:1002A0002146304600F031F9AA002146304600F0E0
:1002B00057FB002800D0032070BD00F009FC4FF46C
:1002C000805007E0201D00F040F90028F4D100F034
:1002D000FFFB60682860002070BD241D94E80700C3
:1002E000920000F03DFB0028F6D00E2070BDFFF715
:1002F000A2FF0028FAD1D4E901034FF0805100EBAE
:10030000830208694D69684382420ED840F6F8704E
:1003100005684FF010226D1C09D0056805EB8305B8
:100320000B6949694B439D4203D9092070BD55694A
:10033000F4E70168491C03D00068401C02D003E0C8
:100340005069FAE70F2070BD2046FFF735FFFFF731
:1003500072FF0028F7D1201D00F0F7F80028F2D135
:1003600060680028F0D100F0E2F8FFF7D3FE00F05B
:10037000BFF8072070BD10B50C46182802D0012028
:10038000086010BD2068FFF777FF206010BD41684E
:10039000054609B1012700E0002740F6F8742068FF
:1003A0004FF01026401C2BD02068AA68920000F065
:1003B000D7FA38B3A86881002068401C27D020688D
:1003C000FFF7BDFED7B12068401C22D026684FF051
:1003D0008050AC686D68016942695143A9420DD9EA
:1003E000016940694143A14208D92146304600F0E5
:1003F000B8F822462946304600F087F800F078F831
:100400007069D2E700F093F8FFF784FEF6E77069B1
:10041000D6E77669DBE740F6FC7420684FF01026DB
:10042000401C23D02068401C0CD02068401C1FD0EA
:100430002568206805F18005401C1BD027683879A5
:10044000AA2819D040F6F8700168491C42D001680A
:10045000491C45D00168491C3ED001680968491C07
:100460003ED00168491C39D000683EE0B069DAE747
:10047000B569DEE7B769E2E710212846FFF778FEA5
:100480003968814222D12068401C05D0D4F8001080
:1004900001F18002C03107E0B169F9E730B108CA63
:1004A00051F8040D984201D1012000E000208A4259
:1004B000F4D158B1286810B1042803D0FEE72846CB
:1004C000FFF765FF3149686808600EE0FFF722FE1C
:1004D00000F00EF87169BBE77169BFE7706904E06D
:1004E0004FF480500168491C01D000F0CBFAFEE7C0
:1004F000BFF34F8F26480168264A01F4E06111439B
:100500000160BFF34F8F00BFFDE72DE9F0411746B3
:100510000D460646002406E03046296800F054F8EF
:10052000641C2D1D361DBC42F6D3BDE8F08140F69B
:10053000FC700168491C04D0D0F800004FF48051D1
:10054000FDE54FF010208069F8E74FF080510A690F
:10055000496900684A43824201D810207047002050
:10056000704770B50C4605464FF4806608E0284693
:1005700000F017F8B44205D3A4F5806405F5805562
:10058000002CF4D170BD0000F40A0000000000202F
:100590000CED00E00400FA05144801680029FCD0C5
:1005A0007047134A0221116010490B68002BFCD0E0
:1005B0000F4B1B1D186008680028FCD0002010603D
:1005C00008680028FCD07047094B10B501221A605A
:1005D000064A1468002CFCD0016010680028FCD08A
:1005E0000020186010680028FCD010BD00E4014015
:1005F00004E5014070B50C46054600F073F810B9EB
:1006000000F07EF828B121462846BDE8704000F091
:1006100007B821462846BDE8704000F037B8000012
:100620007FB5002200920192029203920A0B000B06
:100630006946012302440AE0440900F01F0651F80C
:10064000245003FA06F6354341F82450401C8242F8
:10065000F2D80D490868009A10430860081D016827
:10066000019A1143016000F03DF800280AD00649C4
:1006700010310868029A10430860091D0868039A3F
:10068000104308607FBD00000006004030B50F4CED
:10069000002200BF04EB0213D3F800582DB9D3F8A1
:1006A000045815B9D3F808581DB1521C082AF1D3C3
:1006B00030BD082AFCD204EB0212C2F80008C3F8CD
:1006C00004180220C3F8080830BD000000E0014013
:1006D0004FF08050D0F83001082801D0002070473A
:1006E000012070474FF08050D0F83011062905D016
:1006F000D0F83001401C01D0002070470120704725
:100700004FF08050D0F830010A2801D00020704707
:100710000120704708208F490968095808471020B0
:100720008C4909680958084714208A4909680958FA
:100730000847182087490968095808473020854923
:100740000968095808473820824909680958084744
:100750003C20804909680958084740207D490968BC
:100760000958084744207B49096809580847482028
:1007700078490968095808474C207649096809589A
:10078000084750207349096809580847542071499F
:1007900009680958084758206E49096809580847E8
:1007A0005C206C4909680958084760206949096854
:1007B00009580847642067490968095808476820AC
:1007C00064490968095808476C2062490968095852
:1007D000084770205F4909680958084774205D4937
:1007E00009680958084778205A490968095808478C
:1007F0007C205849096809580847802055490968EC
:10080000095808478420534909680958084788202F
:1008100050490968095808478C204E490968095809
:10082000084790204B4909680958084794204949CE
:10083000096809580847982046490968095808472F
:100840009C204449096809580847A0204149096883
:1008500009580847A4203F49096809580847A820B3
:100860003C49096809580847AC203A4909680958C1
:100870000847B0203749096809580847B420354966
:10088000096809580847B8203249096809580847D3
:10089000BC203049096809580847C0202D4909681B
:1008A00009580847C4202B49096809580847C82037
:1008B0002849096809580847CC2026490968095879
:1008C0000847D0202349096809580847D4202149FE
:1008D000096809580847D8201E4909680958084777
:1008E000DC201C49096809580847E02019490968B3
:1008F00009580847E4201749096809580847E820BB
:100900001449096809580847EC2012490968095830
:100910000847F0200F49096809580847F4200D4995
:10092000096809580847F8200A490968095808471A
:10093000FC2008490968095808475FF48070054998
:10094000096809580847000003480449024A034B54
:100950007047000000000020000B0000000B0000AA
:1009600040EA010310B59B070FD1042A0DD310C82C
:1009700008C9121F9C42F8D020BA19BA884201D97E
:10098000012010BD4FF0FF3010BD1AB1D30703D0C6
:10099000521C07E0002010BD10F8013B11F8014B7C
:1009A0001B1B07D110F8013B11F8014B1B1B01D198
:1009B000921EF1D1184610BD02F0FF0343EA032254
:1009C00042EA024200F005B87047704770474FF0A6
:1009D00000020429C0F0128010F0030C00F01B800C
:1009E000CCF1040CBCF1020F18BF00F8012BA8BF1A
:1009F00020F8022BA1EB0C0100F00DB85FEAC17CDE
:100A000024BF00F8012B00F8012B48BF00F8012B90
:100A100070474FF0000200B51346944696462039C1
:100A200022BFA0E80C50A0E80C50B1F12001BFF4A7
:100A3000F7AF090728BFA0E80C5048BF0CC05DF80D
:100A400004EB890028BF40F8042B08BF704748BF5B
:100A500020F8022B11F0804F18BF00F8012B7047CF
:100A6000014B1B68DB6818470000002009480A4951
:100A70007047FFF7FBFFFFF745FB00BD20BFFDE719
:100A8000064B1847064A1060016881F308884068E1
:100A900000470000000B0000000B000017040000DE
:100AA000000000201EF0040F0CBFEFF30881EFF3ED
:100AB0000981886902380078182803D100E0000015
:100AC000074A1047074A12682C3212681047000084
:100AD00000B5054B1B68054A9B58984700BD0000B0
:100AE0007703000000000020F00A0000040000006E
:100AF000001000000000000000FFFFFF0090D00386
:10100000B00F002021AE010065B0000087AD0100E7
:1010100065B0000065B0000065B000000000000091
:10102000000000000000000000000000ADAE010064
:1010300065B000000000000065B0000065B0000071
:1010400015AF01001BAF010065B0000065B00000E6
:1010500065B0000065B0000065B0000065B000003C
:1010600021AF010065B0000065B0000027AF0100AE
:1010700065B000002DAF010033AF010039AF0100B2
:1010800065B0000065B0000065B0000065B000000C
:1010900065B0000065B0000065B0000065B00000FC
:1010A00065B000003FAF010065B0000065B0000012
:1010B00065B0000065B0000065B0000065B00000DC
:1010C00045AF010065B0000065B0000065B00000EC
:1010D00065B0000065B0000065B0000065B00000BC
:1010E00065B0000065B0000065B0000065B00000AC
:1010F00065B0000065B0000065B0000065B000009C
:1011000065B0000065B0000000F002F819F077FE4D
:101110000AA090E8000C82448344AAF10107DA4552
:1011200001D119F06CFEAFF2090EBAE80F0013F00E
:10113000010F18BFFB1A43F00103184770A201000A
:1011400090A201000A4410F8014B14F00F0508BFEB
:1011500010F8015B240908BF10F8014B6D1E05D083
:1011600010F8013B6D1E01F8013BF9D1641E03D05C
:10117000641E01F8015BFBD19142E4D3704700008B
:101180000023002400250026103A28BF78C1FBD890
:10119000520728BF30C148BF0B6070471FB500F031
:1011A00003F88DE80F001FBD19F026BE70B51B4C6B
:1011B00005460A202070A01C00F0D7F85920A08016
:1011C00029462046BDE8704006F0FEBE06F00CBF82
:1011D00070B50C461249097829B1A0F160015E2969
:1011E00008D3012013E0602804D0692802D043F21C
:1011F00001000CE020CC0B4E94E80E0006EB8000C2
:10120000A0F58050241FD0F8806E2846B04720609B
:1012100070BD0120704706207047000008000020C4
:101220001800002074AF01003249884201D2012029
:1012300070470020704770B50446A0F500002E4EA0
:10124000B0F1786F02D23444A4F5000429488442F6
:1012500001D2012500E0002500F043F848B125B98E
:10126000B44204D32548006808E0012070BD002086
:1012700070BD002DF9D1B442F9D321488442F6D291
:10128000F3E710B50446A0F50000B0F1786F03D283
:1012900019480444A4F5000400F023F84FF08041FD
:1012A00030B11648006804E08C4204D2012003E00B
:1012B00013488442F8D2002080F0010010BD10B520
:1012C00020B1FFF7DEFF08B1012010BD002010BDE6
:1012D00010B520B1FFF7AFFF08B1012010BD00200D
:1012E00010BD084808490068884201D101207047B4
:1012F0000020704700C00100000000201C000020FA
:101300000800002058000020BEBAFECA10B50446EE
:101310000021012000F041F800210B2000F03DF8F1
:101320000021082000F039F80421192000F035F8D8
:1013300004210D2000F031F804210E2000F02DF8DA
:1013400004210F2000F029F80421C84300F025F8FB
:101350000621162000F021F80621152000F01DF8C6
:101360002046FFF723FF002010BDCC2101807047ED
:10137000FFF72CBF1148704710487047104A10B54E
:1013800014680F4B0F4A08331A60FFF721FF0C480F
:10139000001D046010BD704770474907090E002802
:1013A00004DB00F1E02080F80014704700F00F002B
:1013B00000F1E02080F8141D7047000003F900429E
:1013C000100502400100000130B5FF4D0446062C17
:1013D000A9780ED2DFE804F0030E0E0E0509FFDF38
:1013E00008E0022906D0FFDF04E0032902D0FFDF76
:1013F00000E0FFDFAC7030BDF34810B5407E41081F
:10140000F14800F11A0005D00DF043FBBDE8104093
:1014100006F07ABC0DF024FBF8E730B50446A1F1E4
:1014200020000D460A2847D2DFE800F005070C1916
:10143000202532373C41FFDF3FE0207820283CD197
:10144000FFDF3AE0E0488078052836D0207824286D
:1014500033D0252831D023282FD0FFDF2DE020786E
:1014600022282AD0232828D8FFDF26E02078222827
:1014700023D0FFDF21E0207822281ED024281CD092
:1014800026281AD0272818D0292816D0FFDF14E0E4
:101490002078252811D0FFDF0FE0207825280CD0F8
:1014A000FFDF0AE02078252807D0FFDF05E020785D
:1014B000282802D0FFDF00E0FFDF257030BD1FB518
:1014C0000022ADF800200C88ADF802404B88ADF842
:1014D0000430CA88ADF808208988ADF806100021CC
:1014E000ADF80A10ADF80C1080B14FF6FF70062170
:1014F000844201D1ADF80210834201D1ADF804104D
:10150000824203D14FF44860ADF8080068460DF000
:10151000BEFB06F0F9FB04B010BD70B514460D46D5
:101520000646FFF788FE60B90DB1A54201D90C202F
:1015300070BD002409E000BF56F82400FFF77BFED1
:1015400008B1102070BD641CE4B2AC42F4D300209A
:1015500070BD2DE9F04105461F4690460E46002419
:101560000068FFF7B5FE30B9A98828680844401E16
:10157000FFF7AEFE10B11020BDE8F081286800280A
:10158000A88802D0B84202D850E00028F4D0092040
:10159000F2E72968085DB8B1671CCA5D152A2ED02C
:1015A0003CDC152A3AD2DFE802F039122222282840
:1015B0002A2A313139393939393939393939220019
:1015C000085D30BB641CA4B2A242F9D833E0022803
:1015D000DDD1A01C085C88F80000072801D2400774
:1015E00001D40A20C8E7307840F0010015E0C1437B
:1015F000C90707E0012807D010E00620BCE7010773
:10160000A1F180510029F5D01846B5E7307881075F
:1016100001D50B20B0E740F0020030702868005D73
:10162000384484B2A888A04202D2B0E74FF44853AD
:1016300082B2A242ADD800209EE710B502785408CD
:1016400009D0012243F20223012C07D0022C0DD035
:10165000032C13D10FE00020087005E080790324EB
:10166000B4EB901F0AD10A70002010BD8079B2EB54
:10167000901F03D1F7E780798009F4D0184610BD98
:1016800008B500208DF800004F4890F8221051B1A5
:1016900090F8230002280FD003280FD0FFDF00BFEF
:1016A0009DF8000008BD48486946193001F0C6F9A8
:1016B0000028F5D0FFDFF3E7032000E001208DF8DC
:1016C0000000EDE738B50C460546694601F0B6F96D
:1016D00000280DD19DF80010207861F3470020709C
:1016E00055F8010FC4F80100A888A4F805000020EF
:1016F00038BD38B51378C0B1022816D033A46D4672
:10170000246800944C7905EB9414247864F347031F
:10171000137003280ED003F0FE0010700868C2F8A2
:1017200001008888A2F8050038BD23F0FE0313707D
:101730000228EED1D8B240F00100EEE702210EF00F
:10174000BDBC38B50C460978222901D2082038BD25
:10175000ADF800008DF8022068460DF0D9F906F0CA
:10176000D3FA050003D121212046FFF756FE284673
:1017700038BD1CB500208DF80000CDF80100ADF893
:101780000500114890F82200022801D0012000E055
:1017900000208DF8070068460DF024FA002800D0DC
:1017A000FFDF1CBD2DE9FF478CB00025BDF834607C
:1017B00082461C4690468DF81C50700703D5606821
:1017C000FFF739FD90B903E0A00100200302FF01FB
:1017D000FE4F4FF0010997F8220058B197F8230007
:1017E000022807D16068FFF773FD18B1102010B010
:1017F000BDE8F087300702D5A089802815D870078A
:1018000004D4B8F1000F01D0387E70B1E07DC0F390
:1018100000108DF81B00617D072041B1012906D021
:101820000229E4D00429E2D117E00720DFE78DF890
:1018300017908DF819908DF81580606878B107A918
:10184000FFF7FBFE0028D2D1606850F8011FCDF8E9
:101850000F108088ADF8130005E00620C7E7CDF82B
:101860000F50ADF81350E07B0028F6D1207C002803
:10187000F3D1607C0028F0D1A07C0028EDD1E07C81
:10188000C006EAD18DF800A0BDF83400ADF8020022
:10189000A0680190A0680290CDA0D0E90010CDE929
:1018A0000A10E07C0AA901EB501000788DF80C00BA
:1018B000FFF7E6FE8DF80D009DF81C008DF80E0078
:1018C0008DF818508DF816508DF81A5009A96846F1
:1018D0000DF02CFA06F018FA89E7F0B58FB0002465
:1018E0008DF830408DF814408DF8344006468DF860
:1018F0002840019402940394049419B10FC901ADD6
:1019000085E80F00B14DA878052801D004280CD136
:1019100001986968884200D120B90398E968884233
:1019200003D110B108200FB0F0BD1F273B460DAA10
:1019300005A903A8FFF70DFE0028F4D13B460AAA2B
:101940000CA901A8FFF705FE0028ECD19DF81400B2
:10195000C00701D00A20E6E7A88A410708D4A97D7C
:1019600031B19DF82810890702D043F20120DAE74F
:101970009DF82810C90709D0400707D4288818B156
:1019800044F25061884201D90720CCE78DF8184015
:101990008DF81960BDF80800ADF81A00019807909D
:1019A00006A80DF0CEF906F0AFF90028BBD18DF8EE
:1019B00020408DF82160BDF81000ADF8220003989A
:1019C000099008A80DF0DFF906F09EF90028AAD1C9
:1019D00001AC2D1D94E80F0085E80F000020A2E760
:1019E00070B50646FFF7AAFE054606F06FFB040039
:1019F00000D1FFDF6680207820F00F00801C20F0EF
:101A0000F000203020700320207295F83E006072B4
:101A1000BDE8704006F05EBB2DE9F04385B00400E0
:101A200000D1FFDF2078694E20F00F00801C20F0ED
:101A3000F0007030207060680178C91F14292AD224
:101A4000DFE801F04DF3290AF3F33AF2292966F2AF
:101A5000F2F129F2F2F0EFF286883046FFF76EFEDF
:101A60000546304608F0BDF8C0B16068807985F859
:101A70003E0021212846FFF7D0FC304603F0FAF95A
:101A8000304604F0ADFB3146012012F047F9A87F43
:101A900020F01000A87705B0BDE8F083207820F092
:101AA000F00020302070032020726680606880790A
:101AB000607206F00FFBDCE785882846FFF73EFEE4
:101AC00000B9FFDF60688078012800D0FFDF606820
:101AD000817905B02846BDE8F04308F04ABA868807
:101AE0003046FFF72BFE050000D1FFDF06F0F2FACB
:101AF00060683146C08828816068008968816068B4
:101B00004089A881012012F009F90020A875C2E7D8
:101B1000807828B10228BED03C28BCD0FFDFBAE7CD
:101B200006F0D8FA6568A879AD1C00B9FFDFF77830
:101B3000B5F80290B046384606F05FF8060000D1CE
:101B4000FFDF0022022148460EF0AFFA040000D168
:101B5000FFDF22212046FFF760FCA17F012060F318
:101B60000101A177298B2181698B6181A98BA181D9
:101B700084F822708DF80800B0680090F068019039
:101B80006A46032148460EF090FA00B9FFDFB0889C
:101B9000ADF81000B0788DF8120004AA052148466F
:101BA0000EF083FA00B9FFDFB088ADF80C00F078D2
:101BB0008DF80E0003AA042148460EF076FA00B90B
:101BC000FFDF062105F1120006E00000A001002061
:101BD000070605040302010000F04DFF30B36879E9
:101BE000800700D5FFDF6979E07D61F34700E0758C
:101BF000D5F80600A0616889A083062105F10C00D4
:101C000000F039FFE0B198F819104A08617862F3E2
:101C100047016170D8F81A10C4F80210B8F81E0015
:101C200017E028E020E033E02DE017E0E07D20F031
:101C3000FE00801CE075D5F81200A061E88ADBE7A1
:101C4000607820F0FE00801C6070E868C4F8020034
:101C5000288AE0800320FFF7B7FB1CE705B0204689
:101C6000BDE8F04301F092BC06F034FA16F8240FF8
:101C700040F0020005E006F02DFA16F8240F40F0BF
:101C80000400307007E705B0BDE8F04306F022BA63
:101C9000B178052909D00429DFD106F01BFA02200A
:101CA00005B0BDE8F043FFF78FBB80780028D4D0A3
:101CB000F07800F0AAFE06F00DFA0320F0E72DE917
:101CC000F047054600780027000991460C463E463D
:101CD000012871D0022870D007280AD00A286DD0B8
:101CE000FFDF00BFA9F800600CB1278066800020EC
:101CF0007EE5D5F804C0DFF8448804F108009CF8BC
:101D000000204FF0010AD21F4FF6FF71142A76D23D
:101D1000DFE802F00AF9F9F9F9F9F91DF9F926C035
:101D2000889DF91061D476EE12271026BCF80400C5
:101D30002146F3E01C270A26ECB3BCF80200A08081
:101D4000686800792072686840796072CAE71B276A
:101D5000092684B30320207268684088A080C1E708
:101D60009CF802103C29BDD010272C260CF1020C47
:101D70000CB3BCF80210A180BCF818106182BCF84A
:101D800018102182BCF81A10A182BCF81C10E18244
:101D90009CF8053002460CF106011846FFF7A9FC35
:101DA0009CF8040001289DD184F80FA00020207623
:101DB00008F1040003E00BE0A8E0B2E0EAE090E8FC
:101DC0000E00D8F81000C4E90930C4E9071289E709
:101DD000A9F800608BE720271126002CF8D0A180FD
:101DE000686804F10A02807820726868807A6072FC
:101DF00069680B1DC8781946FFF77BFC72E782E023
:101E000021270A26002CE3D0BCF80200A0806868D5
:101E10000079207268684079607298F8241021F087
:101E2000040162E022270B26002CD1D0BCF804006C
:101E3000A0806868807820726868807900F02AFE47
:101E400060726868C07900F025FEA0724AE7262714
:101E50001C26002CBCD0A1806868C07860726868BD
:101E60008079A07208F1040090E80E00D8F8100004
:101E7000C4E90530C4E90312686880783C2803D0BF
:101E8000432804D0FFDF2DE784F808A02AE70220CA
:101E9000207227E724271026002C99D0BCF80200D6
:101EA000A0806868007920816868007A608168682D
:101EB000C088A08168684089E08113E72327102645
:101EC000002C85D0BCF80200A08068688088208142
:101ED0006868C088608168680089A08168684089F6
:101EE000E08198F8241021F0020188F82410F9E626
:101EF0002F272A26002C86D0A18069682222891CDF
:101F00000BF017FAEEE64A46214644E0287A02280A
:101F100001D0FFDFE6E612271026688800F098FD62
:101F2000E0E6287AB0B3012835D0022833D0032860
:101F300001D0FFDFD6E611270926002C8AD0B5F89C
:101F400002804046FFF7FAFB90F822A0A4F8048034
:101F5000687A2072042140460EF0C2F805214046FE
:101F60000EF0BEF8002140460EF0BAF801214046BE
:101F70000EF0B6F8032140460EF0B2F802214046BA
:101F80000EF0AEF8062140460EF0AAF8504600F0DA
:101F90003CFDA7E6FFE72846BDE8F04701F02CBC72
:101FA00070B5012801D0FFDF70BD8DB22846FFF764
:101FB000C5FB040000D1FFDF20782128F4D006F013
:101FC00085F880B1017821F00F01891C21F0F00122
:101FD000103101700221017245800020A075BDE81A
:101FE000704006F077B821462846BDE870401322BD
:101FF000FFF7A7BB2DE9F04116460C00804600D143
:10200000FFDF307820F00F00801C20F0F00010304F
:1020100030702078022802D0FFDFBDE8F081404612
:10202000FFF78CFB050000D1FFDFA1884FF6FF70A2
:102030000027814202D1E288824203D0814201D14D
:10204000E08840B106F046F894E80F00083686E8CC
:102050000F00AF75E1E7A87D0128DED178230022CB
:10206000414611F0B1FD0220A875D6E738B5054606
:102070000C460846FFF7DFF8A8B9242D31D006DC5E
:10208000202D0AD0212D0AD0222D04D124E0252D87
:102090001BD03F2D2DD0072038BD062038BD6068ED
:1020A000FFF70DF908B1102038BD618820886A4615
:1020B0000CF0E1FF05F028FE0028F5D16168002949
:1020C000F2D0BDF800200A8038BDA07800F00101F0
:1020D00020880DF001F808E02068BDE8384001F0E4
:1020E000C0BD618820880CF05FFFBDE8384005F076
:1020F0000BBE207800F001008DF8000068460CF05F
:10210000BDFD05F001FE38BD70B505460C4608461C
:10211000FFF7B7F808B1102070BD202D07D0212D92
:102120000DD0222D0BD0252D09D0072070BD208881
:10213000A11C0CF03CFDBDE8704005F0E5BD06209B
:1021400070BDFE481930704708B528220021FB48B1
:102150000BF019F90120FFF737F9F84968461A31F1
:1021600005F04AFFF5489DF80020417E62F34701E3
:1021700021F001014176002180F822104FF46171B5
:102180000184022180F82310FFF736F900B1FFDF48
:1021900000F0AEFC01F0CCF908BD10B50C464022B1
:1021A000002120460BF0EFF8A07F20F00300A0777D
:1021B000202020700020A07584F8230010BD7047F7
:1021C0002DE9FC410746FFF736F810B11020BDE8B5
:1021D000FC81DA4E06F11901D6F819000090B6F824
:1021E0001D50ADF80450F47F8DF806403846FFF7D7
:1021F00069FA0028EBD1FFF7FFF80028E7D0009933
:1022000046F8191FB580B471E1E710B50446FFF731
:1022100038F808B1102010BDC848C8492246407E91
:102220001A314008FFF765FA002010BD3EB504469C
:102230000D460846FFF725F808B110203EBD14B141
:1022400043F204003EBDBD488078052803D0042831
:1022500001D008203EBD694602A80BF01AFB2A46B1
:1022600069469DF80800FFF744FA00203EBDFEB520
:102270000D4604004FF0000711D00822FFF74DF97A
:10228000002811D1002608E054F826006946FFF71F
:10229000D4F9002808D1761CF6B2AE42F4D30CF083
:1022A00037FB10B143F20320FEBDA44E3776FCB1DC
:1022B00000271AE054F8270002A9FFF7BEF900B181
:1022C000FFDF9DF808008DF8000054F8270050F853
:1022D000011FCDF801108088ADF8050068460CF0AC
:1022E0003CFB00B1FFDF7F1CFFB2AF42E2D335768B
:1022F0000020FEBD2DE9F0478AB01546894604004E
:102300001DD00F4608222946FFF707F9002810D1F3
:10231000002612E054F826006946103000F08EFBCB
:10232000002806D13FB157F82600FEF784FF10B110
:1023300010200AB0DCE4761CF6B2AE42EAD30026E6
:10234000A5F101081CE000BF06F1010A0AF0FF0731
:1023500012E000BF54F82600017C4A0854F8271008
:102360000B7CB2EB530F05D10622113011310AF06C
:10237000B3FF58B17F1CFFB2AF42EBD30AF0FF06A8
:102380004645E1DB4E4624B1012003E043F205203F
:10239000CFE700200CF000FB10B90CF009FB10B1E6
:1023A00043F20420C5E75CB300270DF1170825E0D0
:1023B00054F827006946103000F040FB00B1FFDF01
:1023C00054F82700102250F8111FCDF80110808812
:1023D000ADF8050054F827100DF107000AF0A9FF29
:1023E00096B156F82710102240460AF0A2FF684620
:1023F0000CF098FA00B1FFDF7F1CFFB2AF42D7D3D9
:10240000FFF7B7F9002094E7404601F01EFCEEE725
:1024100030B585B00446FEF70EFF18B96068FEF7C8
:1024200057FF10B1102005B030BD60884AF2B811D6
:10243000884206D82078414D28B1012806D00228CC
:1024400004D00720EFE7FEF7D7FF18E060780228F6
:1024500004D0032802D043F20220E4E785F82300E9
:10246000C1B200200090ADF8040002292CD003294D
:1024700027D0FFDF68460CF00CFB05F045FC002878
:10248000D1D1606801F0D4FB207858B101208DF8DB
:1024900000000DF1010001F0D8FB68460CF075FE5C
:1024A00000B1FFDF207885F82200FFF762F960882D
:1024B00060B1288480B20CF067FA00B1FFDF002021
:1024C000B1E78DF80500D5E74020FAE74FF46170D9
:1024D000EFE710B50446FEF7D4FE20B9606838B1C6
:1024E000FEF7EDFE08B1102010BD606801F0ADFBF5
:1024F000124830F8201F6180C178617080782070A8
:10250000002010BD2DE9F843144689460646FEF723
:10251000B8FEB8B94846FEF7DBFE98B92046FEF78C
:10252000D7FE78B9054DA878012800D154B131788B
:10253000FF2909D061B143F2040001E0A0010020AD
:10254000BDE8F8831020F8E7012801D00420F4E763
:10255000CCB3052811D004280FD06946204600F0DE
:10256000A4FA0028E9D1217D49B1012909D0022925
:1025700009D0032909D00720DFE70820DDE702465C
:1025800004E0012202E0022200E00322804623460A
:10259000174600200099FFF705F90028CDD1A08942
:1025A0002880A07BE875BDF80000A882AF75BDF853
:1025B0000010090701D5A18931B1A1892980C0077F
:1025C00004D0032003E006E08021F7E70220FEF7B5
:1025D000FBFE86F800804946BDE8F8430020FFF77F
:1025E0007CB92DE9FC41FF4C06460D46A078022837
:1025F00003D0032801D00820E9E516B143F2040016
:10260000E5E506200DF00EFD10B9A078032849D0AD
:102610000FF07CFC074610F0DBFE381A00F0FF08D4
:1026200006200DF0F7FC074606200DF0FBFC391ADA
:10263000A078042809D000221144A8EB010111F070
:10264000FF0F04D0032804D00DE00122F4E713208B
:10265000BDE5284605F0D1FA10B3407810B32846FE
:1026600005F0D6FDE570FFF70BF80BF054F80120EC
:102670008DF800008DF801008DF802602088ADF81B
:102680000400E07D8DF8060068460CF050FC05F073
:102690003BFB0028B0D1A078032805D0042010E02F
:1026A000052094E5122092E5E07805F0A6FA0400F2
:1026B00000D1FFDF607800B9FFDF6078401E6070F6
:1026C0000520FEF781FE002081E51CB510B143F224
:1026D00004001CBDC34CA078042803D0052801D0F9
:1026E00008201CBD00208DF8000001218DF801108C
:1026F0008DF8020068460CF01AFC05F005FB002876
:10270000EFD1A078052805D05FF00200FEF75CFE4F
:1027100000201CBDE07800F078F90320F6E72DE9F1
:10272000FC4180460D4603260846FEF7D1FD08B160
:1027300010204CE54046FFF701F8040004D0207853
:10274000222804D2082042E543F202003FE5A07FA0
:1027500000F003073DB1012F0AD000202946FEF703
:10276000AEFE0600E5D1012F04D0FFDF30462EE596
:102770000120F3E7A07D2946022801D011B107E02E
:10278000112024E5684600F0E7FA0028D1D1694617
:10279000404607F0CEFB0600E8D10120A075E5E732
:1027A00070B50C460546FEF7C9FF010005D022466C
:1027B0002846BDE87040FEF7C4BF43F2020070BD7A
:1027C00010B5012807D1874B9B78012B00D011B1A0
:1027D00043F2040010BD0CF009F9BDE8104005F00B
:1027E00093BA012300F01BB900231A46194600F0E2
:1027F00016B970B5064615460C460846FEF741FD6B
:1028000018B92846FEF73DFD08B1102070BD2A46D4
:10281000214630460CF017FC05F076FA0028F5D179
:1028200021787F29F2D1052070BD7CB505460C4684
:102830000846FEF700FD08B110207CBD2846FEF7D3
:102840007DFF20B10078222804D208207CBD43F20D
:1028500002007CBD634890F82400400701D5112098
:102860007CBD2178C80802D16078C20801D0072059
:102870007CBD890801D1800801D006207CBDADF85F
:10288000005020788DF8020060788DF80300022057
:10289000ADF8040068460BF00FFF05F035FA7CBD7B
:1028A00070B586B014460D460646FEF747FF28B1C0
:1028B0000078222805D2082006B070BD43F202003D
:1028C000FAE72846FEF704FD20B944B12046FEF79A
:1028D000F6FC08B11020EFE700202060A0804148FE
:1028E00090F82400800701D51120E5E703A93046C0
:1028F0000BF01FFF18B100BF05F006FADCE7ADF8DA
:102900000060BDF81400ADF80200BDF81600ADF887
:102910000400BDF81000BDF81210ADF80600ADF8C7
:1029200008107DB1298809B1ADF80610698809B190
:10293000ADF80210A98809B1ADF80810E98809B10D
:10294000ADF80410DCB1BDF80610814201D9081AB7
:102950002080BDF80210BDF81400814201D9081A88
:102960006080BDF80800BDF80410BDF816200144D1
:10297000BDF812001044814201D9081AA0806846AF
:102980000BF074FFB8E770B505460C460846FEF735
:1029900078FC08B1102070BD214628460CF04AF999
:1029A000BDE8704005F0B0B93EB505460C46084696
:1029B000FEF767FC08B110203EBD0020009001909A
:1029C0000290ADF800502089ADF8080020788DF80D
:1029D0000200606801902089ADF808006089ADF8B8
:1029E0000A0001E0A001002068460CF031F905F072
:1029F0008BF93EBD0EB5ADF8000000200190684691
:102A00000CF026F905F080F90EBD10B505F0F5F8CB
:102A1000040000D1FFDF6078401C607010BD1CB561
:102A2000ADF800008DF802308DF803108DF8042009
:102A300068460CF0D7FA05F067F91CBD0278520819
:102A400004D0012A02D043F202207047FEF7F5BD00
:102A500070B50C0006460DD0FEF770FE050000D1E3
:102A6000FFDFA68028892081288960816889A0816C
:102A7000A889E08170BD10B500231A4603E0845C8C
:102A80002343521CD2B28A42F9D30BB1002010BDAD
:102A9000012010BD00B530B1012803D0022801D0BB
:102AA000FFDF002000BDFF2000BD00220A8092B29F
:102AB00022F060020A800078062817D2DFE800F0D2
:102AC000160306090C1142F0110007E042F01D0048
:102AD00009E042F0150006E042F0100040F002006C
:102AE00001E042F010000880002070470720704786
:102AF000FD48002101604160018170472DE9FF4FD1
:102B000093B09B46209F160004460DD01046FEF75A
:102B100092FB18B1102017B0BDE8F08F31460120AC
:102B2000FEF7CDFC0028F6D101258DF842504FF478
:102B3000C050ADF84000002210A9284603F016FE50
:102B40000028E8D18DF84250A8464FF428500025BF
:102B5000ADF840001C222946684607950AF013FC90
:102B60009DF81C000DF11C0A20F00F00401C20F005
:102B7000F00010308DF81C0020788DF81D00617871
:102B80009DF81E000DF1400961F3420040F0010084
:102B90008DF81E009DF8000008AA40F002008DF894
:102BA00000002089ADF83000ADF832506089ADF8F2
:102BB0003400CDF82CA060680E900AA9CDF82890BA
:102BC000684603F0C8FB0028A5D16068FEF777FBD4
:102BD00040B16068FEF77CFB20B9607800F003002C
:102BE000022801D0012000E00020BF4C08AA0AA959
:102BF0002072BDF8200020808DF8428042F601202E
:102C0000ADF840009DF81E0020F00600801C20F06A
:102C100001008DF81E000220ADF83000ADF8340040
:102C200014A80E90684603F096FB002889D1BDF8E1
:102C30002000608036B1211D304600F059F900288F
:102C4000C2D109E0BBF1000F05D00AF017F9E8BBCB
:102C50000AF014F9D0BBA58017B1012F43D04AE088
:102C60008DF8428042F6A620ADF8400046461C2270
:102C70000021684607950AF086FB9DF81C00ADF818
:102C8000346020F00F00401C20F0F00010308DF870
:102C90001C009DF81D0020F0FF008DF81D009DF820
:102CA0001E0020F0060040F00100801C8DF81E0080
:102CB0009DF800008DF8446040F002008DF800009F
:102CC000CDE90A9AADF8306011A800E011E00E904D
:102CD00008AA0AA9684603F03EFB0028A6D1BDF861
:102CE0002000E08008E00AF0C9F810B90AF0C6F840
:102CF00008B103200FE7E58000200CE73EB504464D
:102D0000794D0820ADF80000A88828B12046FEF7CC
:102D100092FA18B110203EBD06203EBD214601208A
:102D2000FEF7CDFB0028F8D12088ADF804006088BC
:102D3000ADF80600A088ADF80800E088ADF80A00FC
:102D4000A88801AB6A46002103F00CFFBDF8001013
:102D50000829E2D003203EBD7FB5634D0446A88814
:102D600068B1002002900820ADF80800CDF80CD022
:102D70002046FEF760FA20B1102004B070BD062096
:102D8000FBE7A98802AA4FF6FF7004F02DF900288E
:102D9000F3D1BDF80810082901D00320EDE7BDF8F4
:102DA00000102180BDF802106180BDF80410A180E0
:102DB000BDF80610E180E0E701B582B00220ADF871
:102DC0000000494802AB6A464088002103F0CAFE71
:102DD000BDF80010022900D003200EBD1CB5002153
:102DE00000910221ADF800100190FEF74AFA08B1F7
:102DF00010201CBD3C486A4641884FF6FF7004F025
:102E0000F3F8BDF800100229F3D003201CBDFEB575
:102E1000354C06461546207A0F46C00705D00846B1
:102E2000FEF709FA18B11020FEBD0F20FEBDF82DE7
:102E300001D90C20FEBD3046FEF7FDF918BB2088F5
:102E400001A902F08AFF0028F4D130788DF805003E
:102E5000208801A903F064FE0028EBD100909DF8C2
:102E600000009DF8051040F002008DF800000907F1
:102E700003D040F008008DF800002088694603F078
:102E8000ECFD0028D6D1ADF8085020883B4602AAB8
:102E9000002103F067FEBDF80810A942CAD0032044
:102EA000FEBD7CB505460020009001900888ADF875
:102EB00000000C4628460195FEF701FA18B9204695
:102EC000FEF7DFF908B110207CBD15B1BDF8000098
:102ED00060B105486A4601884FF6FF7004F084F837
:102EE000BDF8001021807CBDC80100200C20FAE74D
:102EF00030B5044693B000200D46014600901422E0
:102F000001A80AF040FA1C22002108A80AF03BFAA6
:102F10009DF80000CDF808D020F00F00401C20F0F4
:102F2000F00010308DF800009DF8010006AA20F096
:102F3000FF008DF801009DF8200001A940F002007B
:102F40008DF8200001208DF8460042F60420ADF8EF
:102F5000440011A801902088ADF83C006088ADF8CD
:102F60003E00A088ADF84000E088ADF842009DF832
:102F7000020020F00600801C20F001008DF8020005
:102F80000820ADF80C00ADF810000FA8059008A8B7
:102F900003F0E1F9002803D1BDF8180028800020D3
:102FA00013B030BD0A4810B5046809490948083112
:102FB00008600FF0BEFE0648001D046010BD064903
:102FC000002008604FF0E0210220C1F88002704725
:102FD0001005024001000001FC1F00400548064AA0
:102FE0000168914201D1002101600449012008607B
:102FF0007047000058000020BEBAFECA40E50140FC
:103000002CFFFFFFDBE5B15100C00100CC00FFFF4A
:1030100071000000C1CF6A00FEA0D9111C1006C3C8
:1030200089CCFC7A7B3B49141906A8C010B504462C
:10303000FEF701F908B1102010BD2078C0F302108E
:10304000042807D86078072804D3A178102901D86C
:10305000814201D2072010BDE078410706D42179D2
:103060004A0703D4000701D4080701D5062010BD84
:10307000002010BD70B514460D46064605F026F832
:1030800080B10178182221F00F01891C21F0F00194
:10309000A03100F8081B21460AF04BF9BDE870404A
:1030A00005F018B829463046BDE870401322FEF7F7
:1030B00048BB2DE9F047064608A8904690E8300442
:1030C00089461F461422002128460AF05CF9002197
:1030D000CAF80010B8F1000F03D0B9F1000F03D106
:1030E00014E03878C00711D02068FEF7CAF8C0BBDA
:1030F000B8F1000F07D12068123028602068143022
:1031000068602068A8602168CAF8001038788007D5
:1031100024D56068FEF7D3F818BBB9F1000F21D0B1
:10312000FFF70FF80168C6F868118188A6F86C11DE
:10313000807986F86E0101F034FAF84FEF6062682A
:1031400062B196F8680106F2691140081032FEF784
:10315000D0FA1022394660680AF0EBF80020BDE88A
:10316000F08706E0606820B1E8606068C6F8640136
:10317000F4E71020F3E730B5054608780C4620F058
:103180000F00401C20F0F001103121700020607011
:1031900095F8230030B104280FD0052811D0062857
:1031A00014D0FFDF20780121B1EB101F04D295F875
:1031B000200000F01F00607030BD21F0F0002030D2
:1031C00002E021F0F00030302070EBE721F0F00059
:1031D0004030F9E7F0B591B0022715460C46064697
:1031E0003A46ADF80870092103AB05F070FD049074
:1031F000002810D004208DF804008DF80170E03410
:10320000099605948DF818500AA968460EF051FCED
:1032100000B1FFDF012011B0F0BD2DE9F84F0646E7
:10322000808A0C4680B28246FEF788FA0546BB4F7C
:103230003078203F4FF002094FF000080F287CD271
:10324000DFE800F07BA39D082C5B6A7CBADAFD976F
:1032500048979700012150460CF030FF040000D140
:10326000FFDF97F85C00C00701D0386E0BE0032148
:1032700004F11D0010F06BFAD4F81D00A849B0FB52
:10328000F1F201FB1200C4F81D0070686067B068BD
:10329000A0672878252872D0FFDF70E00121504612
:1032A0000CF00CFF060000D1FFDF3078810702D55B
:1032B0002978252904D040F001003070BDE8F88F4E
:1032C00084F80090307F207106F11D002D36C4E98E
:1032D0000206F3E7012150460CF0F0FE050000D194
:1032E000FFDF2878C10604D5072020703D356560D2
:1032F000E4E740F008002870E0E7E87F000700D529
:10330000FFDF307CB28800F0010301B05046BDE819
:10331000F04F092106F06FBD05B9FFDF716821B1DB
:10332000102205F124000AF004F828212846FEF7AF
:1033300074F8307A85F82000C0E7F7E001215046A4
:103340000CF0BCFE050000D1FFDF022105F1850075
:1033500010F0FDF90420207005F5B4706060B5F838
:10336000850020826D4810387C356561C4E90270A3
:10337000A4E7012150460CF0A1FE00B9FFDF324660
:1033800029465046BDE8F84F74E605B9FFDF2878B6
:10339000212893D93079012803D1E87F40F0080033
:1033A000E877324629465046FFF764FE2846BDE8D6
:1033B000F84F2321FEF731B83279A28004F10803D7
:1033C0000921504605F083FCE06010B10520207013
:1033D00074E74546012150460CF070FE040000D110
:1033E000FFDF04F1620102231022081F0CF0FFFC32
:1033F00005703179417061E7012150460CF05EFEA5
:10340000040000D1FFDF94F8840000F003000128DD
:1034100059D1E87F10F0010003D194F8A010C9073A
:103420002AD0D4F8602132B394F88330117C63F34E
:1034300087011174AA7FD30963F3410100E071E0B1
:10344000D4F860211174D4F8602160F30001117484
:1034500090B1D4F86001102205F12401883409F0FC
:1034600068FF207E40F001002076207820F00100E7
:1034700004F8880919E0C0B994F88810C90714D075
:10348000D4F85C218AB194F88330117C63F387010E
:103490001174AA7FD309D4F85C2163F3410111743C
:1034A000D4F85C2160F30001117494F8880080075F
:1034B00009D594F87C00D4F86421400804F17D011A
:1034C0001032FEF716F98DF8009094F884006A46E1
:1034D00000F003008DF8010094F888108DF80210B8
:1034E00094F8A0008DF803002946504601F042F8F8
:1034F0002878252805D0212807D0FFDF2878222822
:1035000003D922212846FDF788FF012150460CF0FF
:10351000E7FD00283FF4DDAEFFDFCFE6F401002039
:1035200040420F00716881F80180C7E6FFDFC5E601
:1035300070B5FE4C002584F85C5025660EF085FAC7
:1035400004F11001204604F07DFD84F8305070BD78
:1035500070B50D46FEF7F2F8040000D1FFDF4FF41E
:10356000B8720021284609F00EFF2434012105F12C
:10357000E0002C610EF06AFA002800D0FFDF70BD79
:103580000A46014602F1E0000EF081BA70B5054628
:10359000406886B00178082906D00B2933D00C2961
:1035A0002FD0FFDF06B070BD46883046FEF7C6F864
:1035B000040000D1FFDF20782128F3D028281BD178
:1035C000686802210C3000F0A0FFA8B168680821EB
:1035D000001D00F09AFF78B104F1240130460BF091
:1035E000A8FC04F091FB00B1FFDF06B02046BDE867
:1035F00070402921FDF711BF06B0BDE8704004F00E
:1036000069BD01218171686886883046FEF796F8A9
:10361000040000D1FFDF20782128C3D068688179B9
:1036200009B1807808B1FFDFBCE704F053FDA07F4B
:10363000000622D5E07FC00705D094F8200000F0F6
:103640001F00102817D0052084F82300207829288F
:1036500015D02428A6D13146042010F05FFB22218A
:103660002046FDF7DAFE012130460CF039FD002836
:1036700098D0FFDF96E70620E6E70420E4E7012183
:1036800030460CF01BFD050000D1FFDF2521204650
:10369000FDF7C3FE03208DF80000694605F1E00048
:1036A0000EF0ECF90228BFD00028BDD0FFDF79E78B
:1036B0002DE9F04788B09A46164688468146FEF7BF
:1036C0003DF805003AD02878222837D3232835D072
:1036D000E87F000732D40027012148460CF0EEFCB9
:1036E000040005D10121002248460CF0DEFC04460E
:1036F000694600F066FF009800B9FFDF00983CB112
:10370000E03404612878222804D0242802D005E07F
:10371000076103E025212846FDF77FFE009801217F
:103720004170C0F824908680C0E9028A01A90EF099
:10373000C0F9022802D0002800D0FFDF08B00EE553
:1037400070B586B00546FDF7F9FF0078222814D938
:10375000012128460CF0B2FC04002CD1FFDF2AE046
:10376000B4F85E0004F1620630440178427829B171
:1037700021462846FFF72EFDB0B913E7ADF8042027
:103780000921284602AB05F0A2FA03900028F4D0E4
:1037900005208DF80000694604F1E0000EF06EF996
:1037A000022801D000B1FFDF02231022314604F1CC
:1037B0005E000CF052FBB4F860000028D0D1F1E6B6
:1037C00010B586B00446FDF7B9FF0078222811D95C
:1037D000012120460CF072FC040000D1FFDF06201E
:1037E0008DF80000694604F1E0000EF047F900286A
:1037F00000D0FFDF06B010BD2DE9F84F0546007878
:103800000C460027010904F1080090463E46BA46DE
:10381000009002297ED0072902D00A2909D142E06E
:1038200068680178082905D00B292CD00C292AD0EA
:10383000FFDF72E114271C26002C6CD04088A0808A
:10384000FDF77CFF5FEA000900D1FFDF99F8170060
:1038500009F118014008009AFDF74BFF686880895C
:10386000208268684168C4F812108068C4F81600A5
:10387000A07E20F0060040F00100A07699F81E001E
:1038800040F020014FE01A270A26002CD5D080886E
:10389000A080FDF753FF050000D1FFDF2846009907
:1038A000FFF769FC39E10CB1A88BA080287A4FF0B2
:1038B000010B0B287ED006DC01287CD0022808D022
:1038C000032804D137E00D2876D00E2875D0FFDF0D
:1038D00023E11E270926002CAFD0A088FDF72EFF7C
:1038E0005FEA000900D1FFDF287B00F00300012818
:1038F000207A1DD020F001002072297B890861F315
:1039000041002072297BC90861F382002072297B63
:10391000090901E0F7E0AEE061F3C300207299F815
:103920001E0040F0400189F81E10F6E0D40100208E
:1039300040F00100E0E713270D26002CA6D0A08858
:10394000FDF7FCFE81460121A0880CF0B7FB0500C5
:1039500000D1FFDF686F817801F003010129217A2E
:1039600050D021F00101217283789B0863F341015B
:1039700021728378DB0863F38201217283781B094B
:1039800063F3C3012172037863F306112172437854
:1039900063F3C711217284F809A0C178A17202797A
:1039A000E17A62F30001E1720279520862F34101A7
:1039B000E17203E029E067E04EE05FE002799208FF
:1039C00062F38201E1720279D20862F3C301E1720B
:1039D0004279217B62F3000121734279520862F33C
:1039E000410121734279920862F382012173407987
:1039F000C00860F3C301217399F8000023282AD975
:103A0000262139E041F00101ADE71827102694B3D3
:103A1000A088FDF793FE00900121A0880CF04EFBDA
:103A20005FEA000900D1FFDFE868A06099F80000B4
:103A300040F0040189F8001099F80100800708D5CA
:103A400084F80CB000980078232866D927210098C4
:103A500052E084F80CA060E015270F265CB1A08826
:103A6000FDF76CFE81460622E868009909F0E9FC42
:103A700084F80EB085E042E048463DE0162709266E
:103A8000ECB3287B207248E0287B19270E26B4B3BC
:103A9000C4F808A0A4F80CA0012807D0022808D078
:103AA00003280CD004280AD0FFDF15E084F808B002
:103AB00001E002202072607A20F003000BE0697BB5
:103AC000042801F00F0141F080012172F3D1607AE6
:103AD00020F00300401C6072A088FDF72FFE054611
:103AE0000078212819D0232800D0FFDF0121A088E9
:103AF0000CF0F6FA22212846FDF78FFC0DE0FFE7D7
:103B0000A8F800600EE00CB16888A080287A10B395
:103B1000012809D002283AD0FFDFA8F800600CB1D4
:103B200027806680002007E415270F26002CE7D0A9
:103B3000A088FDF703FE0121A0880CF0BFFA050064
:103B400000D1FFDFD5F81D000622009909F079FCAD
:103B500084F80EA0E1E717270926002CD0D0A08812
:103B6000FDF7ECFD81460121A0880CF0A7FA0500C5
:103B700000D1FFDF6878800701D5022000E0012036
:103B8000207299F800002328C7D9272174E7192744
:103B90000E26002CB4D0A088FDF7D0FD5FEA000906
:103BA00000D1FFDFC4F808A0A4F80CA084F808A096
:103BB000A07A40F00300A07299F81E10C90961F3C1
:103BC0008200A07299F81F2099F81E1012EAD11FE6
:103BD00005D099F8201001F01F01102925D020F000
:103BE0000800A07299F81F10607A61F3C300607238
:103BF000697A01F0030101298FD140F0040060725D
:103C0000E87A217B60F300012173AA7A607B62F37A
:103C100000006073EA7A520862F341012173A97AC5
:103C2000490861F34100607377E740F00800D8E786
:103C300010B5F84C30B10146102204F1200009F013
:103C400078FB012084F8300010BD10B5044600F068
:103C5000A8FCF04920461022BDE81040203109F0B0
:103C600068BB70B5EB4D06004FF0000412D0FDF7B5
:103C7000E2FA08B110240BE00621304609F0C8FB37
:103C8000411C04D02866012085F85C0000E0072470
:103C9000204670BD0020F7E7007810F00F0204D036
:103CA000012A05D0022A0CD110E0000909D10AE04E
:103CB0000009012807D0022805D0032803D00428D2
:103CC00001D0072070470870002070470620704719
:103CD00005282AD2DFE800F003070F171F00087835
:103CE00020F0FF001EE0087820F00F00401C20F0BC
:103CF000F000103016E0087820F00F00401C20F093
:103D0000F00020300EE0087820F00F00401C20F07A
:103D1000F000303006E0087820F00F00401C20F062
:103D2000F0004030087000207047072070472DE9F0
:103D3000F043804687B00D464FF000090846FDF776
:103D4000C7FAA8B94046FDF7F9FC060003D0307861
:103D500022280BD104E043F2020007B0BDE8F08353
:103D600035B1B07FC10601D4000703D50820F4E7C0
:103D70001020F2E7F07F000701D50D20EDE70027C6
:103D8000012140460CF09AF9040006D101210022DD
:103D900040460CF08AF9040005D0694600F011FC99
:103DA000009818B901E00420D7E7FFDF009802214E
:103DB000E0344170C0F82480446107810121017121
:103DC000297801F00102017E62F3010101762A786F
:103DD000520862F3820101762A78920862F3C301E5
:103DE00001762A78D20862F3041101762421304644
:103DF000FDF713FB01A900980DF05BFE022801D02E
:103E000000B1FFDF4846A8E72DE9FF4F0E46824983
:103E1000904697B09A4607C914AB4FF0000983E863
:103E200007001798FDF78AFC050006D02878262899
:103E300006D008201BB0BDE8F08F43F20200F9E77E
:103E400026B94046FFF7F2F80028F3D10121179870
:103E50000CF034F9040000D1FFDF852E27D007DCF9
:103E6000EEB1812E1DD0822E1DD0832E08D11CE0F4
:103E7000862E1ED0882E1ED0892E1ED08A2E1ED0B1
:103E80000F2020710F281CD004F020F9D8B1012098
:103E90008DF83400201D0E902079B0B126E100206D
:103EA000EFE70120EDE70220EBE70320E9E705203B
:103EB000E7E70620E5E70820E3E70920E1E70A2035
:103EC000DFE70720B6E71120B4E798F80000D4E94F
:103ED0001D764208A87F002162F3C710A87798F8E2
:103EE00000008208E87F62F30000E87798F800009D
:103EF000C209607862F34100607098F8000002091E
:103F0000207862F34710207098F80000C2086078AB
:103F100062F30000607098F80100607198F800008A
:103F200000F00102B07862F30100B070AA7FD209FC
:103F300062F38200B070EA7F62F3C300B07062780F
:103F400062F30410B0702278C0F3C00052093270DE
:103F50006278C2F34002727098F80220F2707171B8
:103F60003171B978C1F3C00108405FEA000B2ED06F
:103F70005046FDF760F978BBDAF80C00FDF75BF905
:103F800050BBDAF81C00FDF756F928BBDAF80C0034
:103F9000A060DAF81C00E06060787A7842EA5001AC
:103FA00061F341006070B978C0B200EA111161F3A9
:103FB000000060700020207705F117006061681C28
:103FC000A061B07800F00300012806D046E06078D8
:103FD0007A7802EA5001E3E719E0B87800F00300CC
:103FE00001283BD1321D711D404600F099FA31790C
:103FF000387901408DF8281070797A7910408DF861
:10400000300001432AD05046FDF715F930B1102099
:1040100010E70000D4010020E8B001000AF1100010
:1040200004F5AE7304F18C028DE80D0000210AAB9B
:104030005A462046FFF73DF80028E9D104F5B07252
:1040400004F1A403CDF800A0CDE9013201210CABAD
:104050005A462046FFF72DF80028D9D1607880070E
:1040600022D4B078B978C0F38000C1F3800108434E
:104070001AD0307814AA397832F810204B00DA4080
:1040800002F00309B9F1030F01D14FF00209BBF1AE
:10409000000F09D0012801D0042805D1012901D041
:1040A000042901D14FF00409A87F40F08000A877CF
:1040B000E97F6BF30001E9776078800706D503207C
:1040C000A071BBF1000F11D100202CE00220B9F14A
:1040D000020F1AD0B9F1010F19D0B9F1040F2AD08B
:1040E0000020A071A87F20F08000A8772521284615
:1040F000FDF793F90DA904F1E0000DF0BFFC10B13C
:10410000022800D0FFDF002094E6A071DCE7A07158
:104110000D22002104F1200009F035F9207840F04B
:104120000200207001208DF84C0013AA2946179830
:1041300000F020FADAE70120A071D7E72DE9F0437B
:1041400087B09046894604460025FDF7F7FA070038
:1041500004D03878272804D00820FEE543F2020076
:10416000FBE5012120460BF0A9FF040000D1FFDF91
:10417000A6795FEA090005D0012821D0B9F1020F24
:1041800026D110E0B8F1000F22D1012E05D0022E69
:1041900005D0032E05D0FFDF2EE00C252CE00125F5
:1041A0002AE0022528E04046FDF745F8B0B9032E85
:1041B0000ED11022414604F11D0009F0BAF81BE0AF
:1041C000012E02D0022E03D104E0B8F1000F13D06B
:1041D0000720C2E54046FDF72EF808B11020BCE5E7
:1041E0001022002104F11D0009F0CDF806214046FF
:1041F00009F00EF9C4F81D002078252140F00200D6
:1042000020703846FDF709F92078C10713D020F057
:104210000100207002208DF8000004F11D000290C2
:104220008DF804506946C3300DF028FC022803D0F5
:1042300010B1FFDF00E0257700208EE530B587B0B4
:104240000D460446FDF77AFA60B1012120460BF0D5
:1042500035FF04000CD02846FCF7EDFF28B11020F4
:1042600007B030BD43F20200FAE72078400701D4DE
:104270000820F5E7294604F13D002022054609F013
:1042800058F8207840F01000207001070FD520F07A
:104290000800207007208DF80000694604F1E00056
:1042A00001950DF0EBFB022801D000B1FFDF0020EB
:1042B000D6E770B50D460646FDF740FA18B100780E
:1042C000272817D102E043F2020070BD01213046D9
:1042D0000BF0F4FE040000D1FFDFA079022809D121
:1042E0006078C00706D02A4621463046FEF772FFA6
:1042F00010B10FE0082070BDB4F860000E280BD29A
:1043000004F1620102231022081F0BF070FD01214D
:1043100001704570002070BD112070BD70B506465B
:1043200014460D460846FCF786FF18B92046FCF7F0
:10433000A8FF08B1102070BDA6F57F40FF380ED051
:104340003046FDF7FBF938B1417822464B08811C15
:104350001846FDF7CEF907E043F2020070BD204693
:10436000FDF753FF0028F9D11021E01D0FF0EFF900
:10437000E21D294604F1170000F033F9002070BD5A
:104380002DE9F04104468AB015460E46002708463E
:10439000FCF79EFF18B92846FCF79AFF18B11020C9
:1043A0000AB0BDE8F0812046FDF7C8F95FEA0008D1
:1043B00004D098F80000272810D102E043F2020050
:1043C000EEE7012120460BF079FE040000D1FFDF6B
:1043D0002078400702D56078800701D40820DFE705
:1043E000D4E91D01497801B18DB1407800B176B1B1
:1043F000ADB1EA1D06A8E16800F0F3F8102206A9A5
:1044000005F1170008F068FF18B1042707E007203E
:10441000C6E71022E91D04F12D0008F08AFF2EB135
:104420001022F11D04F11D0008F083FF20782521E2
:1044300040F0020020704046FCF7EFFF2078C107F3
:1044400015D020F00100207002208DF8000004F14A
:104450001D000290103003908DF804706946B3304F
:104460000DF00CFB022803D010B1FFDF00E027772E
:10447000002095E770B50D4606460BB1072070BDCC
:10448000FDF75CF9040007D02078222802D3A07F32
:10449000800604D4082070BD43F2020070BDADB1A7
:1044A000294630460AF045FD03F02EFC297C4A08D7
:1044B000A17F62F3C711A177297CE27F61F300023B
:1044C000E277297C890884F8201004E030460AF05D
:1044D00053FD03F019FCA17F21F02001A17770BDED
:1044E00070B50D46FDF72AF9040005D02846FCF703
:1044F000C8FE20B1102070BD43F2020070BD2946F5
:104500002046FEF738FE002070BD04E010F8012BB5
:104510000AB100207047491E89B2F7D201207047C6
:1045200010B5C4780B7864F300030B70C47864088A
:1045300064F341030B70C478A40864F382030B7026
:10454000C478E40864F3C3030B700379117863F350
:104550000001117003795B0863F341011170037965
:104560009B0863F3820111700079C00860F3C301F6
:10457000117010BD70B51546064603F0A7FD040086
:1045800000D1FFDF207820F00F00801C20F0F00029
:104590002030207066802868A060BDE8704003F07D
:1045A00099BD10B5134C94F83000002808D104F1DF
:1045B0002001A1F110000DF0A3FA012084F83000D1
:1045C00010BD10B190F8B9202AB10A4890F8350012
:1045D00018B1002003E0B83001E00648343008602C
:1045E000704708B50023009313460A460BF065FF99
:1045F00008BD0000D4010020F0B5007B059F1E46D9
:1046000014460D46012800D0FFDF0C2030803A20F0
:104610003880002C08D0287A032806D0287B01286F
:1046200000D0FFDF17206081F0BDA889FBE72DE9EE
:10463000F04786B0144691F80C900E9A0D46B9F1E9
:10464000010F0BD01021007B2E8A8846052807D049
:10465000062833D0FFDF06B0BDE8F0870221F2E77D
:10466000E8890C2100EB400001EB4000188033206A
:104670001080002CEFD0E889608100271AE00096B6
:10468000688808F1020301AA696900F086FF06EB59
:104690000800801C07EB470186B204EB4102BDF81D
:1046A000040090810DF1060140460E320DF09EFA95
:1046B0007F1CBFB26089B842E1D8CCE734201080BB
:1046C000E889B9F1010F11D0122148430E3018804A
:1046D000002CC0D0E88960814846B9F1010F00D0B4
:1046E0000220207300270DF1040A1FE00621ECE7E9
:1046F0000096688808F1020301AA696900F04DFF7D
:1047000006EB0800801C86B2B9F1010F12D007EB4E
:10471000C70004EB4000BDF80410C18110220AF16B
:104720000201103008F005FE7F1CBFB26089B8425C
:10473000DED890E707EB470104EB4102BDF8040027
:10474000D0810AF10201404610320DF04FFAEBE73A
:104750002DE9F0470E4688B090F80CC096F80C8012
:10476000378AF5890C20109902F10C044FF0000AE9
:10477000BCF1030F08D0BCF1040F3FD0BCF1070F10
:104780007ED0FFDF08B067E705EB850C00EB4C003F
:10479000188031200880002AF4D0A8F1060000F02B
:1047A000FF09558126E01622002101A808F0EBFD43
:1047B00000977088434601AA716900F0EEFEBDF8CB
:1047C00004002080BDF80600E080BDF808002081CC
:1047D000A21C0DF10A0148460DF008FAB9F1000FCC
:1047E00000D018B184F804A0A4F802A007EB0800D8
:1047F00087B20A346D1EADB2D5D2C3E705EB850C86
:1048000000EB4C00188032200880002ABAD0A8F1B2
:10481000050000F0FF09558137E000977088434696
:1048200001AA716900F0B9FE9DF80600BDF80410F8
:10483000E1802179420860F3000162F341018208BE
:1048400062F38201C20862F3C301020962F3041138
:10485000420962F34511820962F386112171C00990
:104860006071BDF80700208122460DF1090148461C
:104870000DF0BCF918B184F802A0A4F800A000E083
:1048800007E007EB080087B20A346D1EADB2C4D250
:1048900078E7A8F1020084B205FB08F000F10E0CE5
:1048A000A3F800C035230B80002AA6D0558194813F
:1048B000009783B270880E32716900F06EFE61E776
:1048C0002DE9F84F1E460A9D0C4681462AB1607AB2
:1048D00000F58070D080E089108199F80C000C27D9
:1048E0004FF000084FF00E0A0D2872D2DFE800F0FA
:1048F0009D070E1B272F374554697272720021469F
:1049000048460095FFF778FEBDE8F88F207B91467A
:10491000082802D0032800D0FFDF3780302009E0CC
:10492000A9F80A80F0E7207B9146042800D0FFDF39
:10493000378031202880B9F1000FF1D1E4E7207BE6
:104940009146042800D0FFDF37803220F2E7207B39
:104950009146022800D0FFDF37803320EAE7207B32
:104960001746022800D0FFDF3420A6F800A02880D8
:10497000002FC9D0A7F80A80C6E7207B1746042875
:1049800000D0FFDF3520A6F800A02880002FBBD084
:104990004046A7F80A8012E0207B1746052802D07F
:1049A000062800D0FFDF1020308036202880002F1E
:1049B000AAD0E0897881A7F80E80B9F80E00B881F6
:1049C000A2E7207B9146072800D0FFDF3780372001
:1049D000B0E72AE04FF0120018804FF038001700BF
:1049E000288091D0E0897881A7F80E80A7F8108000
:1049F00099F80C000A2805D00B2809D00C280DD0F6
:104A0000FFDF81E7207B0A2800D0FFDF01200AE0DA
:104A1000207B0B2800D0FFDF042004E0207B0C2843
:104A200000D0FFDF052038736EE7FFDF6CE770B55D
:104A30000C460546FCF782FE20B10078222804D2FD
:104A4000082070BD43F2020070BD052128460BF01E
:104A500035FB206008B1002070BD032070BD30B46C
:104A60004880087820F00F00C01C20F0F000903043
:104A700001F8080B1DCA81E81D0030BC03F02ABBF9
:104A80002DE9FF4784B00027824602970798904699
:104A90008946123006F043FB401D20F003060798BC
:104AA00028B907A95046FFF7C2FF002854D1B9F131
:104AB000000F05D00798017B19BB052504681BE092
:104AC00098F80000092803D00D2812D0FFDF46E037
:104AD000079903254868B0B3497B428871439142E6
:104AE00039D98AB2B3B2011D0BF06DF904460780C3
:104AF00002E0079C042508340CB1208810B1032D76
:104B000029D02CE007980121123006F03AFBADF8CD
:104B10000C00024602AB2946504604F0D8F80700C4
:104B200001D1A01C029007983A461230C8F8040040
:104B3000A8F802A003A94046029B06F02FFBD8B1BB
:104B40000A2817D200E006E0DFE800F00709141495
:104B5000100B0D141412132014E6002012E611207D
:104B600010E608200EE643F203000BE6072009E6F4
:104B70000D2007E6032005E6BDF80C002346CDE92D
:104B800000702A465046079900F017FD57B9032DCB
:104B900008D10798B3B2417B406871438AB2011DC6
:104BA0000BF025F9B9F1000FD7D0079981F80C90D7
:104BB000D3E72DE9FE4F91461A881C468A46804667
:104BC000FAB102AB494604F082F8050019D040461C
:104BD000A61C27880BF0B7FB3246072629463B4622
:104BE00000960AF0D6FF20882346CDE900504A46B9
:104BF0005146404600F0E1FC002020800120BDE845
:104C0000FE8F0020FBE710B586B01C46AAB1042336
:104C10008DF800301388ADF808305288ADF80A20BE
:104C20008A788DF80E200988ADF80C1000236A46AA
:104C30002146FFF725FF06B010BD1020FBE770B539
:104C40000D4605210BF03AFA040000D1FFDF29469A
:104C500004F11200BDE8704006F07CBA2DE9F8437B
:104C60000D468046002603F031FA044628781028C5
:104C700078D2DFE800F0773B3453313112313131F3
:104C80000831313131312879001FC0B2022801D0FA
:104C9000102810D114BBFFDF35E004B9FFDF052178
:104CA00040460BF00BFA007B032806D004280BD0FB
:104CB000072828D0FFDF072655E02879801FC0B2DB
:104CC000022820D050B1F6E72879401FC0B2022850
:104CD00019D0102817D0EEE704B9FFDF13E004B9AC
:104CE000FFDF287901280ED1172137E00521404642
:104CF0000BF0E4F9070000D1FFDF07F11201404695
:104D000006F005FA2CB12A4621464046FFF7A7FED9
:104D100029E013214046FDF743FD24E004B9FFDFFD
:104D2000052140460BF0CAF9060000D1FFDF6946B5
:104D300006F1120006F0F5F9060000D0FFDFA988A1
:104D4000172901D2172200E00A46BDF8000082426E
:104D500002D9014602E005E01729C5D3404600F01C
:104D60003CFCD0E7FFDF3046BDE8F883401D20F073
:104D7000030219B102FB01F0001D00E00020104405
:104D8000704713B5009848B1002468460AF0C5FF83
:104D9000002C02D1F74A009911601CBD01240020AB
:104DA000F4E72DE9F0470C46154624220021204661
:104DB00008F0E9FA05B9FFDFA87860732888DFF802
:104DC000B4A3401D20F00301AF788946DAF8000053
:104DD0000AF0C1FF060000D1FFDF4FF00008266097
:104DE000A6F8008077B109FB07F1091D0AD0DAF8AF
:104DF00000000AF0B0FF060000D1FFDF6660C6F8D1
:104E0000008001E0C4F80480298804F11200BDE8A4
:104E1000F04706F06DB92DE9F047804601F1120028
:104E20000D46814606F07BF9401DD24F20F003026B
:104E30006E7B1446296838680AF0B8FF3EB104FB5F
:104E400006F2121D03D0696838680AF0AFFF05202A
:104E50000BF0E0F8044605200BF0E4F8201A0128D6
:104E600002D138680AF06CFF49464046BDE8F04779
:104E700006F054B970B5054605210BF01FF9040082
:104E800000D1FFDF04F112012846BDE8704006F0B2
:104E90003EB92DE9F04F91B04FF0000BADF834B0B2
:104EA000ADF804B047880C460546924605213846C1
:104EB0000BF004F9060000D1FFDF24B1A780A4F8AD
:104EC00006B0A4F808B0297809220B20B2EB111F14
:104ED0007ED12A7A04F1100138274FF00C084FF0E8
:104EE00001090391102A74D2DFE802F073F3F2F1A2
:104EF0008008D3898EA03DDCF4EFB7B7307B022861
:104F000000D0FFDFA88908EBC001ADF80410302104
:104F1000ADF83410002C25D06081B5F80E90002734
:104F20001DE004EBC708317C88F80E10F189A8F861
:104F30000C10CDF800906888042304AA296900F0B9
:104F40002CFBBDF81010A8F8101009F10400BDF8F2
:104F500012107F1C1FFA80F9A8F81210BFB26089E6
:104F6000B842DED80EE1307B022800D0FFDFE989AD
:104F700008EBC100ADF804003020ADF83400287B08
:104F80000A90001FC0B20F90002CEBD06181B5F8E1
:104F90001090002726E000BFCDF80090688869696E
:104FA00003AA0A9B00F0F9FA0A9804EBC7084844E0
:104FB0001FFA80F908F10C0204A90F980CF016FEF4
:104FC00018B188F80EB0A8F80CB0BDF80C1001E0CC
:104FD000D4E0D1E0A8F81010BDF80E107F1CA8F89E
:104FE0001210BFB26089B842D6D8CBE00DA80090AD
:104FF00001AB224629463046FFF719FBC2E0307B61
:10500000082805D0FFDF03E0307B082800D0FFDF51
:10501000E8891030ADF804003620ADF83400002CDB
:105020003FD0A9896181F189A18127E0307B0928DE
:1050300000D0FFDFA88900F10C01ADF80410372182
:10504000ADF83410002C2CD06081E8890090AB8939
:10505000688804F10C02296956E0E889392110308A
:1050600080B2ADF80400ADF83410002C74D0A989DA
:105070006181287A0E280AD002212173E989E18111
:10508000288A0090EB8968886969039A3CE00121CD
:10509000F3E70DA8009001AB224629463046FFF702
:1050A00057FB6FE0307B0A2800D0FFDF1220ADF8FD
:1050B0000400ADF834704CB3A9896181A4F810B034
:1050C000A4F80EB084F80C905CE020E002E031E03F
:1050D00039E042E0307B0B2800D0FFDF288AADF8B2
:1050E00034701230ADF8040084B104212173A98911
:1050F0006181E989E181298A2182688A00902B8A6D
:10510000688804F11202696900F047FA3AE0307BDE
:105110000C2800D0FFDF1220ADF80400ADF8347089
:105120003CB305212173A4F80AB0A4F80EB0A4F88A
:1051300010B027E00DA8009001AB2246294630466A
:10514000FFF75AFA1EE00DA8009001AB224629464F
:105150003046FFF7B5FB15E034E03B21ADF8040025
:10516000ADF8341074B3A4F80690A4F808B084F82D
:105170000AB007E010000020FFDF03E0297A0129D0
:1051800017D0FFDFBDF80400AAF800006CB1BDF82D
:1051900034002080BDF804006080BDF83400392858
:1051A00003D03C2801D086F80CB011B00020BDE837
:1051B000F08F3C21ADF80400ADF8341014B1697AD9
:1051C000A172DFE7AAF80000EFE72DE9F84356885F
:1051D0000F4680461546052130460AF06FFF040051
:1051E00000D1FFDF123400943B46414630466A68E6
:1051F00006F008F9B8E570B50D4605210AF05EFF26
:10520000040000D1FFDF294604F11200BDE8704020
:1052100005F092BF70B50D4605210AF04FFF04005E
:1052200000D1FFDF294604F11200BDE8704005F00F
:10523000B0BF70B5054605210AF040FF040000D15B
:10524000FFDF04F1080321462846BDE87040042230
:10525000AFE470B5054605210AF030FF040000D127
:10526000FFDF214628462368BDE870400522A0E400
:1052700070B5064605210AF021FF040000D1FFDFCA
:1052800004F1120005F04BFF401D20F0030511E072
:10529000011D00880322431821463046FFF789FC90
:1052A00000280BD0607BABB2684382B26068011DFE
:1052B0000AF0D3FD606841880029E9D170BD70B55E
:1052C0000E46054602F002FF040000D1FFDF012078
:1052D000207266726580207820F00F00C01C20F0DC
:1052E000F00030302070BDE8704002F0F3BE2DE9D0
:1052F000F0438BB00D461446814606A9FFF797FB95
:10530000002814D14FF6FF7601274FF420588CB1B6
:1053100003208DF800001020ADF8100007A80590BC
:1053200007AA204604A90CF080FC78B107200BB036
:10533000BDE8F0830820ADF808508DF80E708DF8A8
:105340000000ADF80A60ADF80C800CE00698A1787A
:1053500001742188C1818DF80E70ADF80850ADF848
:105360000C80ADF80A606A4602214846069BFFF7AA
:1053700087FBDCE708B501228DF8022042F6020225
:10538000ADF800200A4603236946FFF73CFC08BD40
:1053900008B501228DF8022042F60302ADF8002084
:1053A0000A4604236946FFF72EFC08BD00B587B006
:1053B00079B102228DF800200A88ADF808204988CA
:1053C000ADF80A1000236A460521FFF759FB07B024
:1053D00000BD1020FBE709B1072314E40720704744
:1053E00070B588B00D461446064606A9FFF71FFBA8
:1053F00000280ED17CB10620ADF808508DF80000D1
:10540000ADF80A40069B6A460821DC813046FFF76A
:1054100037FB08B070BD05208DF80000ADF80850CE
:10542000F0E700B587B059B107238DF80030ADF82B
:105430000820039100236A460921FFF721FBC6E7F4
:105440001020C4E770B588B00C460646002506A9B2
:10545000FFF7EDFA0028DCD106980121123005F0A3
:1054600090FE9CB12178062921D2DFE801F02005C9
:1054700005160318801E80B2C01EE28880B20AB1F1
:10548000A3681BB1824203D90C20C2E71020C0E7F9
:10549000042904D0A08850B901E00620B9E7012909
:1054A00013D0022905D004291CD005292AD00720B1
:1054B000AFE709208DF800006088ADF80800E088AB
:1054C000ADF80A00A068039023E00A208DF80000E0
:1054D0006088ADF80800E088ADF80A00A0680A25E9
:1054E000039016E00B208DF800006088ADF80800EE
:1054F000A088ADF80A00E088ADF80C00A0680B2584
:10550000049006E00C208DF8000060788DF808000B
:105510000C256A4629463046069BFFF7B1FA78E724
:1055200000B587B00D228DF80020ADF808100023DB
:105530006A461946FFF7A4FA49E700B587B071B18A
:1055400002228DF800200A88ADF808204988ADF8BD
:105550000A1000236A460621FFF792FA37E7102067
:1055600035E770B586B0064601200D46ADF8081047
:105570008DF80000014600236A463046FFF780FAA6
:10558000040008D12946304601F006FB00213046D0
:1055900001F020FB204606B070BDF8B51C4615464C
:1055A0000E46069F0AF0BDFE2346FF1DBCB23146E3
:1055B0002A4600940AF0B9FAF8BD30B41146DDE984
:1055C00002423CB1032903D0002330BC04F013BCD9
:1055D0000123FAE71A8030BC704770B50C460546C7
:1055E000FFF72DFB2146284601F0E5FA2846BDE8E5
:1055F0007040012101F0EEBA18B18178012938D14B
:1056000001E010207047018842F60112881A914289
:1056100031D018DC42F60102A1EB020091422AD0FF
:105620000CDC41B3B1F5C05F25D06FF4C050081851
:1056300021D0A0F57060FF381BD11CE001281AD0E2
:1056400002280AD117E0B0F5807F14D008DC0128C9
:1056500011D002280FD003280DD0FF2809D10AE06D
:10566000B0F5817F07D0A0F58070033803D0012802
:1056700001D0002070470F2070470A281FD008DC97
:105680000A2818D2DFE800F0191B1F1F171F231D5F
:105690001F21102815D008DC0B2812D00C2810D0A0
:1056A0000D2816D00F2806D10DE011280BD0842824
:1056B0000BD087280FD003207047002070470520AB
:1056C0007047072070470F2070470420704706205E
:1056D00070470C20704743F20200704738B50C4603
:1056E000050041D06946FEF7D7FA002819D19DF888
:1056F0000010607861F3020060706946681CFEF774
:10570000CBFA00280DD19DF80010607861F3C50038
:105710006070A978C1F34101012903D0022905D0A5
:10572000072038BD217821F0200102E0217841F0E6
:1057300020012170410704D0A978C90861F38610BF
:105740006070607810F0380F07D0A978090961F30C
:10575000C710607010F0380F02D16078400603D592
:10576000207840F040002070002038BD70B504461D
:105770000020088015466068FFF7B0FF002816D1AA
:105780002089A189884211D860688078C0070AD032
:10579000B1F5007F0AD840F20120B1FBF0F200FB26
:1057A0001210288007E0B1F5FF7F01D90C2070BDF1
:1057B00001F201212980002070BD10B50478137812
:1057C00064F3000313700478640864F341031370F6
:1057D0000478A40864F3820313700478E40864F383
:1057E000C30313700478240964F30413137004785A
:1057F000640964F3451313700078800960F386131D
:10580000137031B10878C10701D1800701D501209B
:1058100000E0002060F3C713137010BD42785307F7
:1058200002D002F0070306E012F0380F02D0C2F3F4
:10583000C20300E001234A7863F302024A70407811
:1058400010F0380F02D0C0F3C20005E0430702D0C9
:1058500000F0070000E0012060F3C5024A707047C5
:105860002DE9F04F95B00D00824613D01222002191
:10587000284607F088FD4FF6FF7B05AA0121584610
:1058800007F049FB0024264637464FF420586FF4B2
:10589000205972E0102015B0BDE8F08F9DF81E0071
:1058A00001280AD1BDF81C1041450BD011EB0900AD
:1058B0000AD001280CD002280CD0042C0ED0052CC4
:1058C0000FD10DE0012400E00224BDF81A6008E0C9
:1058D000032406E00424BDF81A7002E0052400E069
:1058E0000624BDF81A10514547D12C74BEB34FF0B1
:1058F000000810AA4FF0070ACDE90282CDE900A8FE
:105900000DF13C091023CDF810904246314658461F
:1059100007F0D1FB08BBBDF83C002A46C0B210A975
:105920000CF064F9C8B9AE81CFB1CDE900A80DF192
:10593000080C0AAE40468CE8410213230022394687
:10594000584607F0B8FB40B9BDF83C00F11CC01E3A
:10595000C0B22A1D0CF04AF910B103209BE70AE0FF
:10596000BDF82900E881062C05D19DF81E00A8721B
:10597000BDF81C00288100208DE705A807F0D7FAA4
:1059800000288BD0FFF779FE85E72DE9F0471C460C
:10599000DDE90978DDF8209015460E00824600D139
:1059A000FFDF0CB1208818B1D5B11120BDE8F08718
:1059B000022D01D0012100E0002106F1140006F0C3
:1059C00073F9A8F8000002463B462946504603F00A
:1059D0007EF9C9F8000008B9A41C3C600020E5E786
:1059E0001320E3E7F0B41446DDE904528DB100233F
:1059F00014B1022C09D101E0012306E00D7CEE0771
:105A000003D025F0010501230D742146F0BC04F0FC
:105A1000F2B91A80F0BC70472DE9FE4F91461A8802
:105A20001C468A468046FAB102AB494603F04FF95C
:105A3000050019D04046A61C27880AF084FC32468F
:105A4000072629463B4600960AF0A3F820882346FD
:105A5000CDE900504A4651464046FFF7C3FF0020BB
:105A600020800120BDE8FE8F0020FBE72DE9F047F4
:105A700086B082460EA8904690E8B000894604AAF7
:105A800005A903A88DE807001E462A462146504670
:105A9000FFF77BFF039901B101213970002818D16C
:105AA000FA4904F1140204AB0860039805998DE8E3
:105AB000070042464946504606F0A9FCA8B109280D
:105AC00011D2DFE800F005080510100A0C0C0E00DA
:105AD000002006B06AE71120FBE70720F9E708205D
:105AE000F7E70D20F5E70320F3E7BDF81010039862
:105AF000CDE9000133462A4621465046FFF772FFA2
:105B0000E6E72DE9F04389B01646DDE910870D463A
:105B100081461C461422002103A807F034FC012012
:105B200002218DF810108DF80C008DF81170ADF871
:105B3000146064B1A278D20709D08DF81600E0880D
:105B4000ADF81A00A088ADF81800A068079008A862
:105B50000095CDE90110424603A948466B68FFF75E
:105B600085FF09B0BDE8F083F0B58BB00024064690
:105B7000069407940727089405A8099401940097B0
:105B80000294CDE903400D4610232246304607F02B
:105B900092FA78B90AA806A9019400970294CDE96F
:105BA0000310BDF8143000222946304607F021F8D2
:105BB000002801D0FFF761FD0BB0F0BD06F0B2BECA
:105BC0002DE9FC410C468046002602F07FFA05468E
:105BD00020780D287ED2DFE800F0BC0713B325BD86
:105BE00049496383AF959B00A848006820B141787C
:105BF00041F010014170ADE0404602F099FAA9E091
:105C0000042140460AF05AFA070000D1FFDF07F1ED
:105C10001401404605F0DDFFA5BB13214046FCF70B
:105C2000BFFD97E0042140460AF048FA070000D182
:105C3000FFDFE088ADF800000020B8819DF800008B
:105C4000010704D5C00602D5A088B88105E09DF8FB
:105C5000010040067ED5A088F88105B9FFDF224605
:105C60002946404601F0C0FC022673E0E188ADF809
:105C700000109DF8011009060FD5072803D006284B
:105C80000AD00AE024E0042140460AF017FA060090
:105C900000D1FFDFA088F0810226CDB9FFDF17E039
:105CA000042140460AF00AFA070000D1FFDF07F19D
:105CB000140006F06EFE90F0010F02D1E0790006AC
:105CC00048D5387C022640F00200387405B9FFDF61
:105CD000224600E03DE02946404601F085FC39E0DF
:105CE000042140460AF0EAF9017C002D01F0020689
:105CF000C1F340016171017C21F002010174E7D11F
:105D0000FFDFE5E702260121404602F043FA21E0E9
:105D1000042140460AF0D2F90546606800902089C7
:105D2000ADF8040001226946404602F054FA287C8E
:105D300020F0020028740DE0002DC9D1FFDFC7E775
:105D4000022600214046FFF765FA002DC0D1FFDF93
:105D5000BEE7FFDF3046BDE8FC813EB50C0009D050
:105D600001466B4601AA002007F02AFA20B1FFF78E
:105D700084FC3EBD10203EBD00202080A0709DF818
:105D8000050002A900F00700FDF7A2FF50B99DF839
:105D9000080020709DF8050002A9C0F3C200FDF7BD
:105DA00097FF08B103203EBD9DF8080060709DF884
:105DB0000500C109A07861F30410A0709DF80510DA
:105DC000890961F3C300A0709DF80410890601D50C
:105DD000022100E0012161F342009DF8001061F30F
:105DE0000000A07000203EBD70B5144606460D466A
:105DF00051EA040005D075B10846FBF760FA78B99E
:105E000001E0072070BD2946304607F040FA10B186
:105E1000BDE8704031E454B12046FBF750FA08B1B8
:105E2000102070BD21463046BDE8704095E7002047
:105E300070BD2DE9FC5F0C469046054600270178B1
:105E40000822007A3E46B2EB111F7DD104F10A010F
:105E500000910A31821E4FF0020A04F1080B0191F1
:105E6000092A72D2DFE802F0EDE005F528287BAAC6
:105E7000CE00688804210AF021F9060000D1FFDF76
:105E8000B08928B152270726C3E00000380200205D
:105E900051271026002C7DD06888A0800120A07199
:105EA000A88900220099FFF79FFF002873D1A889D5
:105EB0002081288AE081D1E0B5F81290072824D10A
:105EC000E87B000621D5512709F1140086B2002C89
:105ED000E1D0A88900220099FFF786FF00285AD157
:105EE0006888A08084F806A0A88920810120A0737A
:105EF000288A2082A4F81290A88A009068884B46CD
:105F0000A969019A01F04CFBA8E0502709F11200A1
:105F100086B2002C3ED0A88900225946FFF764FFC4
:105F2000002838D16888A080A889E080287A0728CE
:105F300013D002202073288AE081E87BC0096073B7
:105F4000A4F81090A88A01E085E082E000906888BB
:105F50004B4604F11202A969D4E70120EAE7B5F83B
:105F60001290512709F1140086B2002C66D068887F
:105F700004210AF0A3F883466888A080A88900223B
:105F80000099FFF731FF00286ED184F806A0A88998
:105F9000208101E052E067E00420A073288A20827B
:105FA000A4F81290A88A009068884B46A969019AC3
:105FB00001F0F6FAA989ABF80E104FE06888FBF7FC
:105FC000BDFB0746688804210AF078F8064607B941
:105FD000FFDF06B9FFDF687BC00702D05127142618
:105FE00001E0502712264CB36888A080502F06D0BD
:105FF00084F806A0287B594601F0E2FA2EE0287BBF
:10600000A11DF9E7FE49A8894989814205D1542794
:1060100006269CB16888A08020E053270BE06888A2
:10602000A080A889E08019E0688804210AF046F879
:1060300000B9FFDF55270826002CF0D1A8F8006032
:1060400011E056270726002CF8D06888A080002091
:1060500013E0FFDF02E0012808D0FFDFA8F80060AE
:106060000CB1278066800020BDE8FC9F57270726DB
:10607000002CE3D06888A080687AA071EEE7401D0C
:1060800020F0030009B14143091D01EB40007047B6
:1060900013B5DB4A00201071009848B1002468460F
:1060A00009F03BFE002C02D1D64A009911601CBDBC
:1060B00001240020F4E770B50D461446064686B06C
:1060C0005C220021284607F05EF904B9FFDFA078C2
:1060D0006874A2782188284601F09DFA0020A881E2
:1060E000E881228805F11401304605F056FD6A4624
:1060F0000121304606F00FFF1AE000BF9DF80300B3
:10610000000715D5BDF806103046FFF72DFD9DF8A8
:106110000300BDF8061040F010008DF80300BDF834
:106120000300ADF81400FF233046059A07F077F816
:10613000684606F0FCFE0028E0D006B070BD10B541
:106140000C4601F1140005F060FD0146627C20461A
:10615000BDE8104001F094BA30B50446A84891B0AB
:106160004FF6FF75C18905AA284606F0D4FE30E037
:106170009DF81E00A0422AD001282AD1BDF81C009B
:10618000B0F5205F03D042F60101884221D1002002
:1061900002AB0AAA0CA9019083E80700072000902F
:1061A000BDF81A1010230022284606F084FF38B9E3
:1061B000BDF828000BAAC0B20CA90BF017FD10B156
:1061C000032011B030BD9DF82E00A04201D1002067
:1061D000F7E705A806F0ABFE0028C9D00520F0E7D8
:1061E00070B50546042109F069FF040000D1FFDF06
:1061F00004F114010C46284605F0EBFC2146284624
:10620000BDE8704005F0ECBC70B58AB00C4606469F
:10621000FBF794FA050014D02878222827D30CB174
:10622000A08890B101208DF80C0003208DF810009B
:1062300000208DF8110054B1A088ADF81800206836
:1062400007E043F202000AB070BD0920FBE7ADF899
:10625000180005900421304609F030FF040000D1F9
:10626000FFDF04F1140005F0E6FC000701D408206C
:10627000E9E701F02BFF60B108A802210094CDE905
:10628000011095F8232003A930466368FFF7EEFB61
:10629000D9E71120D7E72DE9F04FB2F802A08346E5
:1062A00089B0154689465046FBF748FA074604214F
:1062B000504609F003FF0026044605964FF00208F9
:1062C0000696ADF81C6007B9FFDF04B9FFDF414651
:1062D000504603F0DAFE50B907AA06A905A88DE8D2
:1062E00007004246214650466368FFF74EFB44488C
:1062F00007AB0660DDE9051204F11400CDF800904B
:10630000CDE90320CDE9013197F8232059465046C5
:106310006B6805F0D9FC06000AD0022E04D0032ECB
:1063200014D0042E00D0FFDF09B03046BDE8F08F56
:10633000BDF81C000028F7D00599CDE900104246B1
:10634000214650466368FFF74DFBEDE7687840F063
:1063500008006870E8E72DE9F04F99B004464FF067
:1063600000082748ADF81C80ADF82080ADF82480E7
:10637000A0F80880ADF81480ADF81880ADF82C8036
:10638000ADF82880007916460D464746012808D00A
:10639000022806D0032804D0042802D0082019B00F
:1063A000C4E72046FAF747FF70BB2846FAF743FFD9
:1063B00050BB6068FAF78CFF30BB606848B16089F9
:1063C0002189884202D8B1F5007F01D90C20E6E787
:1063D00080460EAA06A92846FFF7C8F90028DED194
:1063E00068688078C0F34100022808D19DF8190040
:1063F00010F0380F03D02869FAF761FF20B904E0E4
:10640000380200201400002022E005A92069FFF7CF
:1064100065F90028C3D1206948B1607880079DF8EC
:10642000150000F0380001D5F0B300E0E0BB9DF8A6
:10643000140080060ED59DF8150010F0380F03D01B
:106440006068FAF73CFF18B96068FAF741FF08B1D5
:106450001020A4E70AA96069FFF740F900289ED13F
:10646000606940B19DF8290000F0070101293CD185
:1064700010F0380F39D00BA9A069FFF72FF90028C9
:106480008DD19DF8280080062FD49DF82C00800621
:106490002BD4A06950B19DF82D0000F0070101290F
:1064A00023D110F0380F00E01FE01ED0E06818B1D3
:1064B0000078D0B11C2818D20FAA611C2046FFF723
:1064C0007CF90121384661F30F2082468DF8521085
:1064D000B94642F603000F46ADF850000DF13F02F9
:1064E00018A928680BF0A1FB08B1072057E79DF811
:1064F000600015A9CDF80090C01CCDE9019100F015
:10650000FF0B00230BF20122514614A806F02EFCCB
:10651000F0BBBDF854000C90FE482A89296900920E
:10652000CDE901106B89BDF838202868069906F07E
:106530001DFC01007ED120784FF0020AC10601D473
:1065400080062BD5CDF80C90606950B90AA906A831
:10655000FFF764F99DF8290020F00700401C8DF832
:1065600029009DF8280008A940F0C8008DF82800EF
:106570008DF8527042F60210ADF8500003AACDF823
:1065800000A0CDE90121002340F2032214A800E07D
:106590001EE00A9906F0EAFB01004BD1DD484D46AA
:1065A00008385B460089ADF83D000FA8CDE90290A0
:1065B000CDF80490CDF810904FF007090022CDF8E7
:1065C0000090BDF854104FF6FF7006F012FB10B1AA
:1065D000FFF753F8E3E69DF83C00000624D5294672
:1065E000012060F30F218DF852704FF42450039571
:1065F000ADF8500062789DF80C00002362F30000B3
:106600008DF80C006278CDF800A0520862F34100CA
:106610008DF80C0003AACDE9012540F2032214A84D
:1066200006F0A4FB010005D1606888B32069A8B911
:1066300005A900E084E006A8FFF7F0F8607880077D
:1066400006D49DF8150020F038008DF8150005E0FF
:106650009DF8140040F040008DF814008DF8527041
:1066600042F60110ADF85000208940F20121B0FB44
:10667000F1F201FB1202606809ABCDF80080CDE9B0
:106680000103002314A8059906F070FB010057D1FF
:106690002078C00728D00395A06950B90BA906A897
:1066A000FFF7BCF89DF82D0020F00700401C8DF886
:1066B0002D009DF82C008DF8527040F040008DF8B0
:1066C0002C0042F60310ADF8500007A903AACDF83C
:1066D00000A0CDE90121002340F2032214A80B9968
:1066E00006F044FB01002BD1E06868B32946012085
:1066F00060F30F218DF8527042F60410ADF850008F
:10670000E068002302788DF8582040788DF8590011
:10671000E06816AA4088ADF85A00E06800798DF864
:106720005C00E068C088ADF85D00CDF80090CDE970
:1067300001254FF4027214A806F018FB010003D0E3
:106740000C9800F0C9FF2AE672480321083801714D
:1067500056B100893080BDF824007080BDF820005B
:10676000B080BDF81C00F080002018E670B501254F
:106770008AB016460B46012802D0022816D104E042
:106780008DF80E504FF4205003E08DF80E5042F675
:106790000100ADF80C005BB10024601C60F30F2415
:1067A00004AA08A918460BF040FA18B107204AE5D8
:1067B000102048E504A99DF820205648CDE9002185
:1067C000801E02900023214603A802F2012206F057
:1067D000CDFA10B1FEF751FF35E54E4808380EB13D
:1067E000C1883180057100202DE5F0B593B00746D2
:1067F00001268DF83E6041F60100ADF83C0012AA7A
:106800000FA93046FFF7B2FF002849D1414C0025BF
:10681000083CEFB31C22002102A806F0B4FD9DF84D
:1068200008008DF83E6040F020008DF8080042F628
:106830000520ADF83C000E959DF83A00119520F02A
:106840000600801C8DF83A009DF838006A4620F05A
:10685000FF008DF838009DF8390009A920F0FF00ED
:106860008DF839000420ADF82C00ADF830000EA8EA
:106870000A9011A80D900FA80990ADF82E5002A80B
:10688000FFF769FD00280BD1BDF80000608100E032
:1068900008E0BDF80400A081401CE08125710020C3
:1068A00013B0F0BD6581A581BDF84800F4E72DE97E
:1068B000F74F1849A0B00024083917940A79A14667
:1068C000012A04D0022A02D0082023B02EE5CA886B
:1068D000824201D00620F8E721988A46824201D1FF
:1068E0000720F2E70120214660F30F21ADF84800B0
:1068F0004FF6FF780691ADF84A808DF86E0042F6AB
:10690000020B8DF872401CA9ADF86CB0ADF8704068
:10691000139101E040020020ADF8508012A806F06B
:1069200035FB00252E462F460DAB072212A9404607
:1069300006F02FFB78B10A285DD195B38EB3ADF880
:106940006450ADF866609DF85E008DF8144019AC97
:10695000012864D06BE09DF83A001FB3012859D19B
:10696000BDF8381059451FD118A809A901940294FF
:10697000CDE9031007200090BDF836101023002247
:10698000404606F098FBB0BBBDF86000042801D07B
:1069900006284AD1BDF82410219881423AD10F200F
:1069A00093E73AE0012835D1BDF83800B0F5205F13
:1069B00003D042F6010188422CD1BAF80600BDF896
:1069C0003610884201D1012700E0002705B19EB1B1
:1069D000219881421ED118A809AA01940294CDE9F8
:1069E0000320072000900D4610230022404606F0A9
:1069F00062FB00B902E02DE04E460BE0BDF86000FE
:106A0000022801D0102810D1C0B217AA09A90BF092
:106A1000EDF850B9BDF8369086E7052055E705A991
:106A200017A8221D0BF001F908B103204DE79DF8CE
:106A300014000023001DC2B28DF814202298009289
:106A4000CDE901401BA8069906F090F910B9022281
:106A50008AF80420FEF711FE37E710B50B46401EFA
:106A600088B084B205AA00211846FEF7A6FE0020D1
:106A70000DF1080C06AA05A901908CE80700072073
:106A800000900123002221464FF6FF7006F0B1F876
:106A90000446BDF81800012800D0FFDF2046FEF7AD
:106AA000ECFD08B010BDF0B5F74F044687B038795B
:106AB0000E46032804D0042802D0082007B0F0BDF9
:106AC00004AA03A92046FEF751FE0500F6D160682E
:106AD0008078C0F3410002280AD19DF80D0010F023
:106AE000380F05D02069FAF7EAFB08B11020E5E776
:106AF000208905AA21698DE807006389BDF8102067
:106B00002068039906F032F910B1FEF7B6FDD5E71B
:106B100016B1BDF814003080042038712846CDE746
:106B2000F8B50C0006460CD001464FF6FF75002361
:106B30006A46284606F044FB28B100BFFEF79DFDDB
:106B4000F8BD1020F8BD69462046FEF7C7FD0028B5
:106B5000F8D1A078314600F001032846009A06F0EB
:106B60005EFBEBE730B587B0144600220DF1080C50
:106B700005AD01928CE82C00072200920A460146DE
:106B800023884FF6FF7006F034F8BDF8141021800A
:106B9000FEF773FD07B030BD70B50D46042109F056
:106BA0008DFA040000D1FFDF294604F11400BDE88E
:106BB000704005F039B870B50D46042109F07EFA31
:106BC000040000D1FFDF294604F11400BDE8704045
:106BD00005F04DB870B50D46042109F06FFA0400B8
:106BE00000D1FFDF294604F11400BDE8704005F034
:106BF00065B870B50546042109F060FA040000D1BB
:106C0000FFDF214628462368BDE870400122FEF7D9
:106C100003BF70B50646042109F050FA040000D104
:106C2000FFDF04F1140004F0F0FF401D20F0030525
:106C300011E0011D00880022431821463046FEF76E
:106C4000EBFE00280BD0607CABB2684382B2A06838
:106C5000011D09F002F9A06841880029E9D170BD41
:106C600070B50546042109F029FA040000D1FFDFC0
:106C7000214628466368BDE870400222FEF7CCBE7C
:106C800070B50E46054601F021FA040000D1FFDF81
:106C90000120207266726580207820F00F00001DB0
:106CA00020F0F00040302070BDE8704001F012BAD2
:106CB00010B50446012900D0FFDF2046BDE8104092
:106CC0000121FEF7A7BA2DE9F04F97B04FF0000A67
:106CD0000C008346ADF814A0D04619D0E06830B15E
:106CE000A068A8B10188ADF81410A0F800A058461B
:106CF000FAF724FD070043F2020961D03878222810
:106D00005CD30421584609F0D9F9050005D103E008
:106D1000102017B0BDE8F08FFFDF05F1140004F07C
:106D200074FF401D20F00306A078012803D002283C
:106D300001D00720EDE7218807AA584606F0EBF8B6
:106D400030BB07A806F0F3F810BB07A806F0EFF871
:106D500048B99DF82600012805D1BDF82400A0F50A
:106D60002451023902D04FF45050D2E7E068B0B15C
:106D7000CDE902A00720009005AACDF804A0049256
:106D8000A2882188BDF81430584605F032FF10B1B2
:106D9000FEF773FCBDE7A168BDF8140008809DF8FC
:106DA0001F00C00602D543F20140B2E70B9838B18C
:106DB000A1780078012905D080071AD40820A8E717
:106DC0004846A6E7C007F9D002208DF83C00A86825
:106DD0004FF00009A0B1697C4288714391420FD9FC
:106DE0008AB2B3B2011D08F0EEFF8046A0F800A001
:106DF00006E003208DF83C00D5F800804FF0010933
:106E00009DF8200010F0380F00D1FFDF9DF8200022
:106E10001E49C0F3C200084497F8231010F8010C73
:106E2000884201D90F2074E72088ADF8400014A9EA
:106E30000095CDE90191434607220FA95846FEF778
:106E400015FE002891D19DF8500050B9A078012876
:106E500007D1687CB3B2704382B2A868011D08F004
:106E6000C6FF002055E770B5064615460C46084695
:106E7000FEF7C2FB002805D12A4621463046BDE870
:106E8000704073E470BD12E538020020F2B00100DA
:106E900070B51E4614460D0009D044B1616831B189
:106EA00038B1FC49C988814203D0072070BD102049
:106EB00070BD2068FEF7A0FB0028F9D132462146BC
:106EC0002846BDE87040FFF746BA70B515460C007D
:106ED00006D038B1EF490989814203D0072070BD3F
:106EE000102070BD2068FEF787FB0028F9D12946E5
:106EF0002046BDE87040D6E570B5064686B00D4622
:106F000014461046FAF7BDF9D0BB6068FAF7E0F90D
:106F1000B0BBA6F57F40FF3803D03046FAF70EFC31
:106F200080B128466946FEF79BFC00280CD19DF8ED
:106F300010100F2008293DD2DFE801F008060606F0
:106F4000060A0A0843F2020006B070BD0320FBE700
:106F50009DF80210012908D1BDF80010B1F5C05FFD
:106F6000F2D06FF4C052D142EED09DF80610012944
:106F70000DD1BDF80410A1F52851062907D200E073
:106F800029E0DFE801F0030304030303DCE79DF8D5
:106F90000A1001290FD1BDF80810B1F5245FD3D034
:106FA000A1F60211B1F50051CED00129CCD00229B1
:106FB00001D1C9E7FFDF606878B9002305AA294637
:106FC000304606F0FDF810B1FEF757FBBCE79DF820
:106FD0001400800601D41020B6E7618822462846B6
:106FE0006368FFF7BFFDAFE72DE9F043814687B047
:106FF000884614461046FAF744F918B1102007B035
:10700000BDE8F083002306AA4146484606F0D8F8BA
:1070100018B100BFFEF731FBF1E79DF81800C0067C
:1070200002D543F20140EAE70025072705A80195AC
:1070300000970295CDE9035062884FF6FF734146F1
:10704000484606F038F8060013D16068FAF719F9D7
:1070500060B960680195CDE90250009704952388D6
:1070600062884146484606F026F80646BDF81400F8
:1070700020803046CEE739B1864B0A889B899A42F8
:1070800002D843F2030070471DE610B586B0814C6C
:107090000423ADF81430638943B1A4898C4201D232
:1070A000914205D943F2030006B010BD0620FBE76C
:1070B000ADF81010002100910191ADF800300221CF
:1070C0008DF8021005A9029104A90391ADF81220D0
:1070D0006946FFF7F8FDE7E72DE9FC4781460D46D5
:1070E0000846FAF7A8F888BB4846FAF727FB5FEA94
:1070F00000080AD098F80000222829D30421484625
:1071000008F0DCFF070005D103E043F20200BDE810
:10711000FC87FFDF07F1140004F08DFD0646287898
:10712000012803D0022804D00720F0E7B0070FD5CC
:1071300002E016F01C0F0BD0A8792C1DC00709D057
:10714000E08838B1A068FAF776F818B11020DEE7C9
:107150000820DCE721882A780720B1F5847F35D024
:107160001EDC40F20315A1F20313A94226D00EDC67
:10717000B1F5807FCBD003DCF9B1012926D1C6E778
:10718000A1F58073013BC2D0012B1FD113E0012B6D
:10719000BDD0022B1AD0032BB9D0042B16D112E08C
:1071A000A1F20912082A11D2DFE802F00B04041040
:1071B00010101004ABE7022AA9D007E0012AA6D0DC
:1071C00004E0320700E0F206002AA0DACDB200F0B7
:1071D0007DFF50B198F82300CDE90005FA892346D8
:1071E00039464846FEF78DFC91E711208FE72DE9DF
:1071F000F04F8BB01F4615460C4683460026FAF723
:107200009DFA28B10078222805D208200BB081E52C
:1072100043F20200FAE7B80801D00720F6E7032F8F
:1072200000D100274FF6FF79CCB1022D73D3204651
:10723000FAF74EF830B904EB0508A8F10100FAF7A7
:1072400047F808B11020E1E7AD1E38F8028CAAB269
:107250002146484606F007F940455CD1ADB20D49DC
:10726000B80702D58889401C00E001201FFA80F889
:10727000F80701D08F8900E04F4605AA41465846DD
:1072800005F049FE4FF0070A4FF00009DCB3204635
:107290000BE0000038020020408810283BD8361D43
:1072A000304486B2AE4236D2A01902884245F3D3AA
:1072B00051E000BF9DF8170002074CD594B304EBD2
:1072C0000608361DB8F80230B6B2102B23D89A192A
:1072D000AA4220D8B8F8002091421CD1C0061CD583
:1072E000CDE900A90DF1080C0AAAA11948468CE8BD
:1072F0000700B8F800100022584605F07AFC20B1CB
:10730000FEF7BBF982E726E005E0B8F80200BDF819
:107310002810884201D00B2078E7B8F802003044EA
:1073200086B207E0FFE7C00604D55846FEF71CFC0E
:10733000002888D19DF81700BDF81A1020F0100021
:107340008DF81700BDF81700ADF80000FF23584670
:10735000009A05F064FF05A805F0E9FD18B9BDF82D
:107360001A10B942A6D90421584608F0A7FE040015
:1073700000D1FFDFA2895AB1CDE900A94D46002313
:1073800021465846FEF7BDFB0028BBD1A5813DE74D
:1073900000203BE72DE9FF4F8BB01E4617000D463E
:1073A0004FF0000412D0B00802D007200FB0B1E4B3
:1073B000032E00D100265DB10846F9F780FF28B9F9
:1073C0003888691E0844F9F77AFF08B11020EDE704
:1073D000C74AB00701D5D18900E00121F0074FF677
:1073E000FF7802D0D089401E00E0404686B206AA4F
:1073F0000B9805F090FD4FF000094FF0070B0DF1D1
:10740000140A38E09DF81B00000734D5CDF804902D
:10741000CDF800B0CDF80890CDE9039A434600229C
:107420000B9805F048FE60BB05B3BDF814103A8810
:1074300021442819091D8A4230D3BDF81E2020F8A6
:10744000022BBDF8142020F8022BCDE900B9CDE9BC
:107450000290CDF810A0BDF81E10BDF81430002227
:107460000B9805F028FE08B103209FE7BDF8140033
:107470002044001D84B206A805F059FD20B10A2859
:1074800006D0FEF7FAF891E7BDF81E10B142B9D95F
:1074900034B17DB13888A11C884203D20C2085E725
:1074A000052083E722462946404605F0DCFF0146D9
:1074B00028190180A41C3C80002077E710B5044601
:1074C000F9F7DFFE08B1102010BD8948C08920807F
:1074D000002010BDF0B58BB00D46064614220021E9
:1074E00003A805F050FF01208DF80C008DF8100066
:1074F00000208DF81100ADF814503046FAF71EF94F
:1075000048B10078222812D30421304608F0D6FD75
:10751000040005D103E043F202000BB0F0BDFFDF31
:1075200004F11400074604F086FB800601D408200D
:10753000F3E7207C022140F00100207409A80094A8
:10754000CDE90110072203A930466368FEF78EFAE1
:1075500020B1217C21F001012174DEE7294630466B
:10756000FDF749FE08A9384604F054FB00B1FFDFDF
:10757000BDF82040172C01D2172000E02046A84279
:1075800001D92C4602E0172C00D2172421463046A0
:10759000FFF711FB21463046FDF751FB0020BCE709
:1075A000F8B51C4615460E46069F08F0BAFE23465F
:1075B000FF1DBCB231462A46009408F0B6FAF8BD69
:1075C00070B50C4605460E220021204605F0DBFE74
:1075D000002020802DB1012D01D0FFDF70BD0620DD
:1075E00000E00520A07170BD10B5488008781346F2
:1075F00020F00F00001D20F0F00080300C460870D5
:107600001422194604F1080005F093FE00F062FD13
:107610003748046010BD2DE9F047DFF8D890491DC8
:10762000064621F0030117460C46D9F8000008F081
:1076300092FB050000D1FFDF4FF000083560A5F890
:1076400000802146D9F8000008F085FB050000D134
:10765000FFDF7560A5F800807FB104FB07F1091D0D
:107660000BD0D9F8000008F076FB040000D1FFDF52
:10767000B460C4F80080BDE8F087C6F80880FAE777
:107680002DE9F0411746491D21F00302194D064628
:1076900001681446286808F089FB2246716828684A
:1076A00008F084FB3FB104FB07F2121D03D0B16860
:1076B000286808F07BFB042008F0ACFC044604209A
:1076C00008F0B0FC201A012804D12868BDE8F04178
:1076D00008F036BBBDE8F08110B50C4605F0EAFBBA
:1076E00000B1FFDF2046BDE81040FDF7C6BF000037
:1076F00038020020140000204FF0E0214FF4004039
:10770000C1F88001BFF34F8FBFF36F8F00F021B836
:1077100010B5044600F01DF8002C09D0124A12489A
:1077200012491432124B012C03D0022C07D0FFDF78
:1077300010BD0224046011604FF0407004E0032487
:10774000046011604FF40000186010BD00B5FFDF49
:1077500000BD054800210160016005494FF06070DF
:10776000091D08607047000000F500404802002035
:1077700004F501402DE9F05FDFF850A44FF0000858
:107780008B4606469AF80940474645469AF80190C6
:1077900008E0284601F00EF8817B407811FB007765
:1077A0006D1CEDB24D45F4D19AF8090020442044F7
:1077B00020440744FF2F01D94FF013083068C01C44
:1077C00020F0030232605BEA080021D1FF48FBB2DF
:1077D000062120300CF0C8F9002408E0062C0FD256
:1077E000DFE804F005030A0A0C05F94800E0F9484F
:1077F0000CF0DAF9054604E0F748F9E7F748F7E74F
:10780000FFDFA54200D0FFDF641CE4B2062CE5D305
:10781000306800EB071030604046BDE8F09F38B597
:107820000C468288817B19B14189914200D90A4670
:107830002280C188121D90B26A4607F081FCBDF813
:107840000000032800D30320C1B2208800F0D1FF3C
:1078500038BD38B50C468288817B19B101899142C7
:1078600000D90A462280C188121D90B26A4607F0EC
:1078700067FCBDF80000022800D30220C1B22088B6
:1078800000F0B7FF401CC0B238BD2DE9FF5F824653
:107890008B46D34814460BF10302D0E90110CDE921
:1078A000021022F0030201A84421019208F035FAE7
:1078B000C64E002C02D1CB49019A8A60019901443D
:1078C0000191B57E05F1010504D1E8B20AF026F96F
:1078D00000B1FFDF019800EB0510C01C20F0030190
:1078E000019144B9727A00200870B08B80B205F023
:1078F00040F900B1FFDF0198F16908440190214689
:1079000001A8FFF737FF80460198C01C20F0030054
:107910000190717A04B1002008F0F5FA0199084449
:107920000190214601A800F06FFFA84800273D46BE
:1079300090F801900CE0284600F03CFF0646817864
:107940008088FDF713FA71786D1C00FB0177EDB2AA
:107950004D45F0D10198C01C20F00300019004B106
:1079600000203946FDF70DFA0199002708440190DF
:1079700096483D4690F801900CE0284600F01AFF2A
:107980000646C1788088FEF77AFB71786D1C00FB93
:107990000177EDB24D45F0D10198C01C20F00300F5
:1079A000019004B100203946FEF772FB01994FF0B7
:1079B00000090844019085484D4647780EE0284666
:1079C00000F0F8FE0646807B30B106F1080002F0B8
:1079D0009DF8727800FB02996D1CEDB2BD42EED1AC
:1079E0000198C01C20F00300019004B100207D49E3
:1079F0004A78494602F08EF80199084401902146E0
:107A000001A800F0B3FE0198C01D20F0070001900E
:107A1000DAF80010814204D3A0EB0B01B1F5803FEE
:107A200004DB4FF00408CAF8000004E0CAF80000C4
:107A3000B8F1000F02D0404604B0EEE674BB6A49CC
:107A40000020019A0CF0FEF9FAF77EFB5F4C207ED5
:107A50000090607E012823D0002318B300225B48E9
:107A600000210C30FBF74AF800B1FFDFE07EFEF7A3
:107A7000BCFE00B1FFDF55484FF4F67200213830EC
:107A800005F081FC51480421383080F8E91180F874
:107A9000EA11062180F8EB11032101710020CBE7E8
:107AA0000123DAE702AADAE770B5484C0646383413
:107AB000207804EB4015E078083598B9A01990F8C3
:107AC000E80100280FD0A0780F2800D3FFDF202284
:107AD0000021284605F057FC687866F302006870BC
:107AE0000120E070284670BD2DE9F04105460C46A6
:107AF00000270078052190463E46B1EB101F00D0CC
:107B0000FFDF287A50B101280ED0FFDFA8F800600F
:107B10000CB1278066800020BDE8F081012709268E
:107B200074B16888A08008E00227142644B16888F0
:107B3000A0802869E060A88A2082287B2072E5E77F
:107B4000A8F80060E7E730B5204C01200021207044
:107B50006170207260726176217621730521A182A5
:107B60001F21E182607321A121610A21A176E076C3
:107B70001C4D4FF4B060E0616868C11C21F0030146
:107B8000814200D0FFDF6868606030BD30B5154CC1
:107B90001568636810339D4202D20420136030BD23
:107BA0000A4B5D785A6802EB051210705170032081
:107BB000D080172090800120D070907000209073AA
:107BC0005878401C58706068103013E0540300204F
:107BD000A11F0000359C0000A9B000000F19010092
:107BE000F8B0010018000020000000206E52463559
:107BF000780000006060002030BD70B50646F8488F
:107C00000024457807E0204600F0D4FD0178B14219
:107C100004D0641CE4B2AC42F5D1002070BDF7B5CD
:107C2000074608780C4610B3FFF7E7FF0546A7F1B3
:107C30002006202F06D0052E19D2DFE806F00F2BE4
:107C40002B151A0000F0C2FD0DB1697800E000218B
:107C5000401AA17880B20844FF2808D8A07830B133
:107C6000A088022824D202E06088172820D20720AA
:107C7000FEBD207AE0B161881729F8D3A1881729C1
:107C8000F5D3A1790029F2D0E1790029EFD040287D
:107C900004D9ECE7242F0BD1207A48B161884FF644
:107CA000FB70814202D8A188814201D90420FEBD27
:107CB00065B9207802AA0121FFF768FF0028F6D1F4
:107CC0002078FFF79AFF050000D1FFDF052E18D2BC
:107CD000DFE806F0030B0E081100A0786870A0889A
:107CE000E8800FE06088A8800CE0A078A87009E028
:107CF000A078E87006E054F8020FA8606068E860B9
:107D000000E0FFDF0020FEBD1A2835D00DDC13286F
:107D100032D2DFE800F01B31203131272723252D17
:107D2000313129313131312F0F00302802D003DCBD
:107D30001E2821D1072070473A3809281CD2DFE8D5
:107D400000F0151B0F1B1B1B1B1B0700002070479F
:107D500043F20400704743F202007047042070476A
:107D60000D2070470F207047082070471120704782
:107D700013207047062070470320704710B5007825
:107D800000F0010007F0D2F9BDE81040BCE710B5E3
:107D9000007800F0010007F0CEF9BDE81040B3E72D
:107DA0000EB5017801F001018DF80010417801F065
:107DB00001018DF801100178C1F340018DF8021026
:107DC0004178C1F340018DF80310017889088DF8DE
:107DD0000410417889088DF8051081788DF8061017
:107DE000C1788DF8071000798DF80800684606F014
:107DF0005DFEFFF789FF0EBD2DE9F84F784CDFF8E7
:107E0000E481383400261FE0012000F048FD012005
:107E1000FFF74AFE054644214746D8F8080007F018
:107E20009AFF686000B9FFDF686806F03BFDA8B103
:107E30002846F9F7F1FD284600F036FD20B9442226
:107E40006968B86807F0B2FF94F9E9010428DBDA41
:107E5000022008F0DFF807460025A6E04422696802
:107E6000D8F8080007F0A2FFF2E7B8F80210404681
:107E7000491C89B2A8F80210B94201D300214180FF
:107E80000221B8F8020008F019F9002865D0B8F806
:107E90000200694607F0C8F8FFF736FF00B1FFDFC0
:107EA0009DF8000078B1B8F8020008F04CFA5FEADB
:107EB000000900D1FFDF484607F0CBFC18B1B8F845
:107EC000020002F0D0F8B8F8020008F02AFA5FEADF
:107ED000000900D1FFDF484607F0B3FCE8BB0321EF
:107EE000B8F8020008F0EAF85FEA000B48D1FFDFBB
:107EF00046E000BFDBF8100010B10078FF2849D041
:107F0000022000F0CCFC0220FFF7CEFD824648465E
:107F100007F0A3FDCAF8040000B9FFDFDAF8040097
:107F200007F06BFE002100900170B8F80210504677
:107F3000AAF8021001F0BAFF484607F060FE00B947
:107F4000FFDF504600F0B0FC18B99AF801000007B6
:107F500004D50099CBF8101012E024E0DBF81000F3
:107F600038B10178491C11F0FF01017008D1FFDF21
:107F700006E000221146484600F0F6FB00B9FFDF9C
:107F800094F9EA01022805DBB8F8020001F055FF78
:107F90000028AFD194F9E901042804DB484607F032
:107FA00092FE00B101266D1CEDB2BD4204D294F9DF
:107FB000EA010228BFF659AF002E7FF423AFBDE8D7
:107FC000F84F032000F06BBC10B5064CE060086869
:107FD0002061AFF2DB1002F0C8FF607010BD00003E
:107FE0005403002018000020F74800210170F748D2
:107FF0000170F7494160704770B505464FF08050F9
:108000000C46D0F8A410491C05D1D0F8A810C943DB
:108010000904090C0BD050F8A01F01F001012970D0
:10802000416821608068A080287830B970BD062141
:1080300020460BF08CFB01202870607940F0C000D6
:10804000607170BD70B54FF080540D46D4F880104B
:10805000491C0BD1D4F88410491C07D1D4F88810DE
:10806000491C03D1D4F88C10491C0CD0D4F88010D2
:108070000160D4F884104160D4F888108160D4F88D
:108080008C10C16002E010210BF061FBD4F890006D
:10809000401C0BD1D4F89400401C07D1D4F89800B0
:1080A000401C03D1D4F89C00401C09D054F8900F18
:1080B000286060686860A068A860E068E86070BDDB
:1080C0002846BDE8704010210BF041BBBE48383057
:1080D0000079E9E470B5BC4C3834E07830B32078EE
:1080E00004EB4010407A00F00700204490F9E801CA
:1080F000002800DCFFDF2078002504EB4010407AE8
:1081000000F00700011991F8E801401E81F8E8012C
:108110002078401CC0B220700F2800D12570A078B4
:10812000401CA0700BF09CF9E57070BDFFDF70BDC6
:108130003EB50546032107F0C1FF0446284608F076
:10814000F0F8054604B9FFDF206918B10078FF2870
:1081500000D1FFDF01AA6946284600F005FB60B99F
:10816000FFDF0AE0002202A9284600F0FDFA00B96C
:10817000FFDF9DF8080000B1FFDF9DF80000411E01
:108180008DF80010EED220690199884201D10020BB
:1081900020613EBD70B50546A0F57F400C46FF3816
:1081A00000D1FFDF012C01D0FFDF70BDFFF78EFF94
:1081B000040000D1FFDF207820F00F00401D20F0E8
:1081C000F000503020706580002020720120207364
:1081D000BDE870407EE72DE9F04116460D460746A2
:1081E000FFF774FF040000D1FFDF207820F00F00BC
:1081F000401D20F0F0005030207067800120207278
:1082000028682061A888A0822673BDE8F04161E754
:108210007FB5FFF7F2FC040000D1FFDF02A9204682
:10822000FFF7FDFA054603A92046FFF712FB8DF87C
:1082300000508DF80100BDF80800001DADF80200E7
:10824000BDF80C00001DADF80400E088ADF8060094
:10825000684606F053FF002800D0FFDF7FBD2DE900
:10826000F05F5A4E8146307810B10820BDE8F09F8B
:108270004846F9F706F808B11020F7E7524C207885
:1082800008B9FFF760FC647A4D4600F09FFAA042FF
:1082900007D2201AC1B22A460020FFF777FC002837
:1082A000E4D171684848C91C002721F003017160BE
:1082B000B3463E463D46BA463C4690F801800AE049
:1082C000204600F077FA4178807B0E4410FB015580
:1082D000641CE4B27F1C4445F2D10AEB870000EB3A
:1082E000C600DBF8041000EB850045185C4601224F
:1082F00029464846FFF7C9FA060013D00020FFF7C9
:108300007CFC05000CD005F11300616820F003002F
:10831000884200D0FFDF2C484178491E41706560DB
:108320003046A3E7002229464846FFF7AEFA00B1DF
:10833000FFDFD9F8000060604FF6FF706080012019
:108340002070002092E72DE9F04104461F481746AF
:108350000E46007810B10820BDE8F0810846F8F715
:108360006AFF08B11020F7E7174D287808B9FFF722
:10837000EAFB601E1E2807D8012C22D13078FE2887
:108380001FD8A8760020E7E7A4F120001F2805D811
:10839000E0B23A463146BDE8F04140E4A4F1400085
:1083A0001F2805D831462046BDE8F04100F0A2BAAA
:1083B000A4F1A0001F2804D80020A02C0AD0A12CD2
:1083C0000DD00720C8E7000054030020180000204B
:1083D00048100020317801F00101E976BCE73168EE
:1083E0000922F82901D38B0701D01046B4E76B7B33
:1083F00003F00303012B04D1EB8AD7339CB28C42E8
:10840000F3D8E961A8E72DE9F04781460E46084612
:10841000F8F737FF48B94846F8F751FF28B909F18E
:10842000030020F00301494502D01020BDE8F08789
:10843000FC484FF0000A817869B14178804600EB32
:1084400041140834378832460021204600F039FABA
:10845000050004D027E0A6F800A00520E6E7B9F162
:10846000000F24D03088B84201D90C251FE0607875
:1084700000F00705284600F012FA08EB050732461F
:1084800097F8E8014946401C87F8E801204607F5BF
:10849000F47700F016FA05463878401E387003204D
:1084A00000F0FDF92DB10C2D01D0A6F800A0284652
:1084B000BCE76078DC4E00F00701012923D00229D7
:1084C0000CD0032933D0FFDF98F801104046491C37
:1084D000C9B288F801100F2934D035E0616821B1A4
:1084E000000702D46088FFF723FE98F8EA014746A8
:1084F000012802D1707802F057FD97F9EA010428AB
:10850000E2DBFFDFE0E7616819B14422B06807F001
:108510004DFC98F8E9014746032802D1707802F033
:1085200043FD97F9E9010428CEDBFFDFCCE7C00665
:1085300002D56088FFF7FCFD98F9EB010628C3DB44
:10854000FFDFC1E780F801A08178491E8170617862
:1085500001F0070101EB080090F8E811491C80F8D0
:10856000E811A4E770B50D460446F8F764FE18B9A3
:108570002846F8F786FE08B1102070BD294620462F
:10858000BDE8704009F002BB70B5054609F021FB5B
:10859000C4B22846F8F793FE08B1102070BD35B17B
:1085A00028782C7018B1A04201D0072070BD204659
:1085B000FDF7D2FD052805D109F00FFB012801D0F8
:1085C000002070BD0F2070BD70B5044615460E46E4
:1085D0000846F8F730FE18B92846F8F752FE08B1F9
:1085E000102070BD022C03D0102C01D0092070BDCA
:1085F0002A463146204609F0F9FA0028F7D005202E
:1086000070BD70B514460D460646F8F714FE38B92D
:108610002846F8F736FE18B92046F8F750FE08B19C
:10862000102070BD22462946304609F0FEFA002887
:10863000F7D0072070BD3EB50446F8F722FE08B11A
:1086400010203EBD684606F0C0F9FFF75DFB00282C
:10865000F7D19DF806002070BDF808006080BDF8D5
:108660000A00A08000203EBD70B505460C460846B5
:10867000F8F725FE20B93CB12068F8F702FE08B1F2
:10868000102070BDA08828B121462846BDE8704062
:10869000FDF7BABD092070BD70B505460C46084609
:1086A000F8F7C9FD30B9681E1E2814D82046F8F71F
:1086B000C2FD08B1102070BD032D01D9072070BD87
:1086C00005B9FFDF594800EB850050F8041C20462F
:1086D000BDE870400847A5F120001F2805D82146B5
:1086E0002846BDE87040F9F7C1BCF02D0AD0BF2D77
:1086F000E4D1A078218800F0010001F08DFA68B182
:10870000002070BDA068F8F796FD0028D2D1204661
:1087100006F04CFDBDE87040FFF7F6BA082070BDCA
:1087200070B504460D460846F8F7ABFD30B9601E3B
:108730001E280FD82846F8F77EFD08B1102070BD1E
:10874000012C03D0022C01D0032C01D1062070BDD6
:10875000072070BDA4F120001F28F9D82946204623
:10876000BDE87040F9F7D0BC07F03AB81CB5002955
:108770001FD104F02AFE2C4800224178C06805F081
:108780001DFF29481030C0788DF8000010B1012875
:1087900002D004E0012000E000208DF800006846CF
:1087A00006F06BF9214824380068019001A806F012
:1087B000BFFA1CBD30B51B4D0446383D6878A04259
:1087C00000D8FFDF686800EB041030BD70B51548B5
:1087D000002538382C46467807E02046FFF7EAFFA8
:1087E0004078641C2844C5B2E4B2B442F5D12846AE
:1087F00070BD021D5143452900D245210844C01CCB
:10880000B0FBF2F0C0B270472DE9FC5F06460548A8
:108810004FF0000838388B464746444690F80190A0
:1088200029E000008C030020180000201CB101008A
:108830002046FFF7BFFF050000D1FFDF68786946DB
:108840003844C7B22846FEF7EAFF824601A9284607
:10885000FEF7FFFF0346BDF804005246001D81B23B
:10886000BDF80000001D80B207F0A6FC6A78641C09
:1088700000FB0288E4B24C45DAD13068C01C20F01D
:1088800003003060BBF1000F00D0002042463946A3
:1088900007F0A0FC316808443060BDE8FC9F5649F1
:1088A00008710020C87070475349CA782AB10A7805
:1088B00001EB42110831814201D0012070470020B4
:1088C00070472DE9F04106460078154600F00F0488
:1088D00000201080601E0F46052800D3FFDF4748A8
:1088E0002A4600EB8400394650F8043C3046BDE887
:1088F000F04118472DE9F0413F4E0C46383E4028E4
:1089000006D041281AD0422822D0432826D11AE086
:1089100020786578012801D913201DE5FF2D08D89E
:1089200009F0F4FA07460AF053FD381A401EA8422F
:1089300001DA122010E5208830810DE0BDE8F04119
:10894000084600F00DB80878022807D8307603E012
:108950000878022802D870760020FDE40720FBE4A6
:1089600038B50446407800F00300012803D00228FF
:108970000BD0072038BD606858B1F8F7A9FCD0B912
:108980006068F8F79CFC20B915E06068F8F753FCC4
:1089900088B969462046FBF77FF90028EAD160785C
:1089A00000F00300022808D19DF8000028B160689B
:1089B000F8F785FC08B1102038BD6189F8290ED878
:1089C000208988420BD8607800F003020A483838C2
:1089D000012A06D1D731C26989B28A4201D209205F
:1089E00038BD94E80E0000F10C0585E80E000AB9C8
:1089F00000218182002038BD8C03002004B10100D9
:108A00002DE9F041074614468846084601F024FD4A
:108A1000064608EB88001C22796802EBC0000D189E
:108A2000688C58B14146384601F025FD014678680A
:108A30000078C200082305F120000CE0E88CA8B102
:108A40004146384601F01EFD01467868082340780B
:108A5000C20005F1240007F000FA38B106212172A6
:108A60006681D0E90010C4E9031009E028780928DC
:108A70000BD00520207266816868E06000202870B5
:108A80002046BDE8F04101F0C8BC07202072668195
:108A9000F4E72DE9F04116460D460746406801EB24
:108AA00085011C2202EBC1014418204601F00CFD97
:108AB00040B10021708865F30F2160F31F4105204C
:108AC0000BF02CF909202070324629463846BDE8C3
:108AD000F04195E72DE9F0410E46074600241C21A0
:108AE000F07816E004EB8403726801EBC303D25CF8
:108AF0006AB1FFF7EBFA050000D1FFDF6F802A466D
:108B000021463046FFF7C5FF0120BDE8F081641C17
:108B1000E4B2A042E6D80020F7E770B5064600248C
:108B20001C21C0780AE000BF04EB8403726801EBEB
:108B3000C303D5182A782AB1641CE4B2A042F3D842
:108B4000402070BD28220021284604F01CFC7068DB
:108B500080892881204670BD70B5034600201C2501
:108B6000DC780CE000EB80065A6805EBC606324460
:108B7000167816B1128A8A4204D0401CC0B28442D0
:108B8000F0D8402070BDF0B5044600201C26E578E2
:108B90000EE000BF00EB8007636806EBC7073B44AD
:108BA0001F788F4202D15B78934204D0401CC0B240
:108BB0008542EFD84020F0BD0078032801D0002086
:108BC0007047012070470078022801D000207047CC
:108BD000012070470078072801D00020704701204D
:108BE00070472DE9F041064688461078F178154621
:108BF000884200D3FFDF2C781C27641CF078E4B295
:108C0000A04201D8201AC4B204EB8401706807EBBB
:108C1000C1010844017821B14146884708B12C7050
:108C200073E72878A042E8D1402028706DE770B53E
:108C300014460B880122A240134207D113430B8034
:108C400001230A22011D07F0D2F8047070BD2DE93E
:108C5000FF4F81B00878DDE90E7B9A4691460E46BB
:108C600040072CD4019807F06EFB040000D1FFDF11
:108C700007F1040820461FFA88F106F0BDFC050044
:108C800000D1FFDF204629466A4606F008FF00981B
:108C9000A0F80370A0F805A0284606F0AEFF017802
:108CA00069F306016BF3C711017020461FFA88F1C2
:108CB00006F0E5FC00B9FFDF019805F027FC06EBA4
:108CC0000900017F491C017705B0BDE8F08F2DE94F
:108CD000F84F0E469A4691460746032107F0EEF9F3
:108CE0000446008DDFF87C85002518B198F8000057
:108CF000B0421ED1384607F026FB070000D1FFDF47
:108D000009F10401384689B206F076FC050010D05E
:108D1000384629466A4606F0C2FE009800210A46F7
:108D20000180817005F067FC0098C01DCAF8000042
:108D300021E098F80000B04216D104F1260734F87B
:108D4000341F012000FA06F911EA090F00D0FFDFF5
:108D50002088012340EA090020800A22391D384674
:108D600007F060F8067006E0324604F1340104F1C1
:108D70002600FFF75CFF0A2188F800102846BDE8AE
:108D8000F88FFEB515460C46064602AB0C220621AE
:108D9000FFF79DFF002827D00299607812220A7001
:108DA000801C487008224A80A070029829880523F8
:108DB00081806988C180A9880181E9884181002575
:108DC0000C20CDE90005062221463046FFF73FFF83
:108DD0002946002266F31F41F02310460AF0F4FEF4
:108DE0006078801C60700120FEBD2DE9FE430C46BA
:108DF000804644E002AB0E2207214046FFF767FFA2
:108E0000002841D060681C2267788678BF1C06EB7A
:108E1000860102EBC10145180298142101704770C8
:108E20000A214180698A0181E98A4181A98881807A
:108E3000A9898181304601F00FFB029905230722A1
:108E4000C8806F700420287000250E20CDE9000531
:108E500021464046FFF7FBFE294666F30F2168F3E3
:108E60001F41F023002205200AF0AEFE6078FE4983
:108E7000801C607062682046921CFFF7B2FE60683A
:108E800080784028B6D10120BDE8FE83FEB50D46AE
:108E9000064638E002AB0E2207213046FFF717FFE7
:108EA000002835D068681C23C17801EB810203EBF0
:108EB000C2028418029815220270627842700A2257
:108EC0004280A2894281A2888281084601F0C4FAC8
:108ED000014602988180618AC180E18A0181A0886F
:108EE000B8B10020207000210E20CDE9000105233B
:108EF000072229463046FFF7AAFE6A68DB49284662
:108F0000D21CFFF76EFE6868C0784028C2D10120ED
:108F1000FEBD0620E6E72DE9FE430C46814644E00F
:108F2000204601F0BBFAD0B302AB08220721484625
:108F3000FFF7CDFE0028A7D060681C22657806796F
:108F4000AD1C06EB860102EBC10147180298B7F889
:108F5000108006210170457004214180304601F0E7
:108F60007BFA0146029805230722C180A0F80480FD
:108F70007D70082038700025CDE90005214648465F
:108F8000FFF765FE294666F30F2169F31F41F023C1
:108F9000002205200AF018FE6078801C607062686C
:108FA000B3492046121DFFF71CFE60680179402975
:108FB000B6D1012068E72DE9F34F83B00D4691E06B
:108FC000284601F06BFA00287ED068681C2290F8D1
:108FD00006A00AEB8A0102EBC1014418514628465B
:108FE00001F050FAA178CB0069684978CA000146BF
:108FF00004F1240006F04DFF07468188E08B4FF016
:109000000009091A8EB208B1C84607E04FF00108FE
:10901000504601F00CFA08B9B61CB6B2208BB0422B
:1090200000D80646B34602AB324607210398FFF745
:109030004EFE060007D0B8F1000F0BD0504601F0ED
:10904000F6F910B106E000203EE60299B8884FF02C
:10905000020908800196E28B3968ABEB09001FFA20
:1090600080F80A4403984E46009207F06CF9DDE957
:109070000021F61D4346009606F08BFDE08B404430
:1090800080B2E083B988884201D1012600E0002641
:10909000CDE900B6238A072229460398FFF7D7FDBA
:1090A000504601F0C4F910B9E089401EE0815EB17C
:1090B000A078401CA0706868E978427811FB02F142
:1090C000CAB20123816900E006E00E3006F08FFE8F
:1090D00080F800A00020E0836A6866492846921D57
:1090E000FFF77FFD6868817940297FF469AF01202F
:1090F000EAE570B5064648680D4614468179402970
:1091000010D104EB84011C2202EBC101084401F0E0
:10911000FCF9002806D06868294684713046BDE80D
:10912000704048E770BDFEB50C460746002645E096
:10913000204601F0B3F9D8B360681C22417901EBF5
:10914000810102EBC1014518688900B9FFDF02AB5C
:10915000082207213846FFF7BAFD002833D00299CC
:10916000607816220A70801C48700420488060686D
:10917000407901F071F901460298052307228180A8
:109180006989C1800820CDE9000621463846FFF7ED
:109190005EFD6078801C6070A88969890844B0F51C
:1091A000803F00D3FFDFA88969890844A8816E81C8
:1091B000626831492046521DFFF713FD606841790E
:1091C0004029B5D10120FEBD30B5438C458BC3F39A
:1091D000C704002345B1838B641EED1AC38A6D1E3C
:1091E0001D4495FBF3F3E4B22CB1008918B1A04201
:1091F00000D8204603444FF6FF70834200D3034655
:1092000013800C7030BD2DE9FC41074616460D4613
:10921000486802EB86011C2202EBC10144186A4631
:1092200001A92046FFF7D0FFA089618901448AB2D5
:10923000BDF80010914212D0081A00D500206081BC
:109240006868407940280AD1204601F054F9002886
:1092500005D06868294646713846FFF764FFBDE8C7
:10926000FC8100002C000020B98B0000C78B00009F
:10927000D58B00000BA50000F7A400002DE9FE4FE0
:109280000F46814615465088032106F017FF0190CE
:10929000B9F8020001F0D3F882460146019801F0C6
:1092A000FDF8002824D001981C2241680AEB8A00AE
:1092B00002EBC0000C18204601F006F9002817D177
:1092C000B9F80000E18A88420ED8A18961B1B8429C
:1092D0000ED100265146019801F0CDF8218C01EB0A
:1092E0000008608B30B114E0504601F0A0F8A0B344
:1092F000BDE8FE8F504601F09AF808B1678308E098
:10930000022FF5D3B9F804006083618A884224D81B
:109310000226B81B87B2B8F80400A28B801A002876
:1093200014DD874200DA38461FFA80FB68886968D6
:109330000291D8F800100A44009206F0F2FFF61DE0
:10934000009A5B460299009606F0EFFBA08B38442A
:1093500080B2A083618B884207D96888019903B0E5
:109360005246BDE8F04F01F0EDB81FD14FF00900B3
:109370002872B9F802006881D8E90010C5E9041024
:10938000608BA881284601F048F85146019801F009
:1093900072F801460198082340680078C20004F181
:1093A000200006F05AFD0020A0836083504601F0A3
:1093B0003EF810B9A089401EA0816888019903B0C9
:1093C0000AF0FF02BDE8F04F1DE72DE9F041064627
:1093D00015460F461C461846F7F72DFF18B92068AA
:1093E000F7F74FFF08B110201AE47168688C09780C
:1093F000B0EBC10F01D3132012E43946304601F01F
:109400003AF80146706808230078C20005F1200090
:1094100006F0EDFCD4E90012C0E90012002005E4DA
:1094200010B50446032106F049FE014600F114027E
:109430002046BDE81040A4E470B50446032106F0C0
:109440003DFE054601462046FFF765FD002816D083
:1094500029462046FFF767FE002810D029462046FF
:10946000FFF714FD00280AD029462046FFF7BDFC6F
:10947000002804D029462046BDE870409BE570BD19
:109480002DE9F0410C4680461EE0E178427811FB60
:1094900002F1CAB2816901230E3006F0DEFC0778C2
:1094A00060681C22C179491EC17107EB87016068A1
:1094B00002EBC10146183946204600F0EFFF18B113
:1094C000304600F0FAFF20B16068C1790029DCD194
:1094D0008AE7FEF7FBFD050000D1FFDF0A202872B6
:1094E000384600F0B9FF68813946204600F0CAFFCF
:1094F0000146606808234078C20006F1240006F0A7
:10950000ACFCD0E90010C5E90310A5F8028028469C
:1095100000F083FFB07800B9FFDFB078401EB07074
:1095200062E770B50C460546032106F0C7FD01460B
:109530004068C2792244C2712846BDE870409FE766
:109540002DE9FE4F8246507814460F464FF0000832
:10955000002850D0012807D0022822D0FFDF206841
:10956000B8606068F860C3E602AB0E22082150467E
:10957000FFF7ADFB0028F2D00298152105230170FA
:10958000217841700A214180C0F80480C0F8088029
:10959000A0F80C80628882810E20CDE900080822A4
:1095A00021E0A678304600F057FF054606EB86011D
:1095B0002C22786802EBC1010822465A02AB114600
:1095C0005046FFF784FB0028C9D00298072101709C
:1095D000217841700421418008218580C680CDE931
:1095E000001805230A4639464FEA0A00FFF72FFB09
:1095F00087F808807CE6A678022516B1022E13D0E3
:10960000FFDF2A1D914602AB08215046FFF75FFBA2
:109610000028A4D002980121022E01702178417007
:109620004580868002D005E00625EAE7A188C18052
:10963000E1880181CDE9009805230822394650468A
:10964000D4E710B50446032106F038FD014600F1C9
:1096500008022046BDE8104072E72DE9F04F0F46A2
:10966000054687B014465088032106F027FD4FF0C9
:1096700000088DF808800646ADF80A80042F5CD3F8
:109680006A78002A59D028784FF6FF794FF01C0AE3
:10969000132815D006DC01286FD006282BD0072808
:1096A00006D16EE0142869D0152868D0162867D036
:1096B000CDF80080CDF8048068788DF8000037E0A0
:1096C000B078904239D13078010736D5062F34D1A1
:1096D00020F0080030706088414660F31F41002090
:1096E0000AF01CFB02208DF80800ADF80C90A88849
:1096F000ADF80E00F4E0082F1FD1A888EF8881464E
:1097000000F09DFE80460146304600F0C7FE18B1CD
:10971000404600F08CFE98B1FA48D0E90010CDE93F
:1097200000106878ADF804908DF80000ADF8067070
:1097300060886A463146FFF703FF07B0BDE8F08F47
:10974000716808EB88002C2202EBC000085AB8426E
:10975000F3D1EC486A46D0E90210CDE900106878F0
:109760008DF8000008F0FF058DF802506088314642
:10977000FFF7E6FE2246294623E097E025E0CEE00B
:1097800023E1082FD9D1B5F80480E88800F057FE0E
:1097900007460146304600F081FE0028CDD007EB99
:1097A000870271680AEBC2000844028A4245C4D1AC
:1097B00001780829C1D1407869788842BDD1F9B2D1
:1097C00022463046FFF765F9B7E70E2F7FF470AFFA
:1097D000E9886F898B46B5F808903046FFF7BCF9E9
:1097E000ABF14001402901D3092048E0B9F1170F3E
:1097F00001D3172F01D20B2041E040280ED000EBFF
:10980000800271680AEBC20008440178012903D183
:1098100040786978884290D00A2030E03046FFF7DF
:109820007CF940282AD000EB800372680AEBC30160
:1098300002EB0108012288F800206A7888F80120EC
:109840007168AA884989B94200D93946AD8903238C
:109850002372A282E7812182A4F80C90658200F035
:10986000FBFD6081A8F81490A8F81870A8F80E50B5
:10987000A8F810B0204600F0D0FD5EE704200521D6
:109880002172A4F80A80E081012121739D49D1E968
:109890000421CDE9002169788DF80010ADF80200AF
:1098A00060886A463146FFF74BFEE3E7062F8BD30D
:1098B000B07890421AD13078010717D520F008000F
:1098C00030706088414660F31F4100200AF026FA9C
:1098D00002208DF80800A888ADF80C00ADF80E90B5
:1098E0006088224602A9F8F785FB26E70421304666
:1098F000FFF749F905464028BFD0022083030090B6
:1099000022462946304600F0E6FD4146608865F370
:109910000F2160F31F4105200AF000FA0DE70E2F1A
:10992000ABD104213046FFF72EF981464028A4D060
:109930004146608869F30F2160F31F4105200AF05A
:10994000EDF9A88906906889009070682F89408990
:10995000B84200D938468346B5F80680A8880190F9
:10996000484600F079FD6081069818B10220009009
:10997000069B24E0B8F1170F1ED3172F1CD3042029
:10998000207200986082E781A4F810B0A4F80C80DF
:1099900009EB890271680AEBC2000D18DDE90002CB
:1099A000A5F81480A5F818B0E8812A82204600F0B6
:1099B00034FD06202870C0E601200B2300902246CB
:1099C0004946304600F087FDB7E6082F8DD1A988BB
:1099D0003046FFF7C1F80746402886D000F027FD43
:1099E00000289BD107EB870271680AEBC20008448C
:1099F000804600F069FD002890D1ED88B8F80E008F
:109A00002844B0F5803F05D360883A46314600F0DF
:109A100099FD92E6002DCED0A8F80E0060883A4657
:109A20003146FFF766FB08202072384600F014FD2F
:109A30006081A5811EE72DE9F05F0C4601281ED04C
:109A4000957992F80480567905EB85011F2202EB87
:109A5000C10121F0030B08EB060111FB05F14FF6E4
:109A6000FF7202EAC10909F1030115FB0611264F35
:109A700021F0031ABB6840B101283ED125E061689E
:109A8000E57891F800804E78DEE75946184606F0F2
:109A900062F9606000B9FFDF5A460021606803F098
:109AA00072FCE5705146B86806F055F96168486186
:109AB00000B9FFDF6068426902EB090181616068FB
:109AC00080F800806068467017E06068524641691F
:109AD000184606F06BF95A466168B86806F066F9F0
:109AE000032006F097FA0446032006F09BFA201A9A
:109AF000012802D1B86806F023F90BEB0A00BDE893
:109B0000F09F000028B101002C0000200246002137
:109B1000022090E7F7B5FF4C0A2016462070009807
:109B200060B100254FEA0D0006F0F7F80021A170A2
:109B30006670002D01D10099A160FEBD01250020B5
:109B4000F2E770B50C46154638220021204603F096
:109B50001AFC012666700A22002104F11C0003F0A1
:109B600012FC05B9FFDF297A207861F3010020702B
:109B7000A87900282DD02A4621460020FFF75BFF58
:109B800061684020E34A88706168C8706168087144
:109B900061684871616888716168288808816168B6
:109BA00068884881606886819078002811D0616853
:109BB0000620087761682888C885616828884886F3
:109BC0006068068560686988928801868186468516
:109BD000828570BDC878002802D0002201202AE7C3
:109BE000704770B50546002165F31F4100200AF05B
:109BF00095F80321284606F061FA040000D1FFDF42
:109C000021462846FEF766FF002804D0207840F061
:109C100010002070012070BD70B505460C46032071
:109C200006F0EAF908B1002070BDBA48857084805A
:109C3000012070BD2DE9FF4180460E460F0CFEF756
:109C400045FA050007D06F800321384606F036FA42
:109C5000040008D106E004B03846BDE8F041132105
:109C6000F8F79EBDFFDF5FEA080005D0B8F1050FE9
:109C700018D0FFDFBDE8FF8120782A4620F00800D9
:109C800020700020ADF8020002208DF800004FF691
:109C9000FF70ADF80400ADF8060069463846F8F7E5
:109CA000A9F9E7E7C6F3072101EB81021C236068ED
:109CB00003EBC202805C042803D008280AD0FFDF2F
:109CC000D8E7012000904FF440432A46204600F098
:109CD00002FCCFE704B02A462046BDE8F041FEF77B
:109CE000D8BE2DE9F05F05464089002790460C4616
:109CF0003E46824600F0A3FB8146287AC01E082813
:109D00006BD2DFE800F00D04192058363C4772276B
:109D10001026002C6CD0D5E90301C4E902015CE0F7
:109D200070271226002C63D00A2205F10C0104F1E1
:109D3000080003F0FEFA50E071270C26002C57D0E3
:109D4000E868A06049E0742710269CB3D5E90301B8
:109D5000C4E902016888032106F0B0F98346FEF7E2
:109D6000B5F902466888508049465846FEF748FED5
:109D700033E075270A26ECB1A88920812DE07627EB
:109D80001426BCB105F10C0004F1080307C883E8F0
:109D9000070022E07727102664B1D5E90301C4E962
:109DA00002016888032106F089F901466888FFF7F7
:109DB00067FB12E01CE073270826CCB168880321FA
:109DC00006F07CF901460078C00606D56888FEF7E3
:109DD00081FE10B96888F7F703FEA8F800602CB17F
:109DE0002780A4F806A066806888A080002086E608
:109DF000A8F80060FAE72DE9FC410C461E4617461C
:109E00008046032106F05AF905460A2C0AD2DFE8FB
:109E100004F005050505050509090907042303E004
:109E2000062301E0FFDF0023CDE900762246294624
:109E30004046FEF70CFFBDE8FC81F8B50546A0F5ED
:109E40007F40FF382BD0284606F06BFA040000D183
:109E5000FFDF204605F001FE002821D001466A46BA
:109E6000204605F01CFE00980321B0F80560284646
:109E700006F024F90446052E13D0304600F0DFFA30
:109E800005460146204600F009FB40B1606805EB3D
:109E900085013E2202EBC101405A002800D001207A
:109EA000F8BD007A0028FAD00020F8BDF8B50446C5
:109EB000408806F036FA050000D1FFDF6A462846E2
:109EC000616800F0A8FA01460098091F8BB230F8CB
:109ED000032F0280428842800188994205D1042ADA
:109EE00008D0052A20D0062A16D022461946FFF7A8
:109EF000C5F9F8BD001D0E4605460146224630460E
:109F0000FBF763F90828F4D1224629463046FCF7CE
:109F1000C2F9F8BD2C000020636864880A46011D60
:109F20002046F9F7C5FBF4E72246001DFFF795FB35
:109F3000EFE770B50D460646032106F0BFF80400B2
:109F400004D02078000704D5112070BD43F2020030
:109F500070BD2A4621463046FEF713FF18B928681F
:109F600060616868A061207840F0080020700020DF
:109F700070BD2DE9F04F0E4691B08046032106F0EA
:109F80009DF80446404606F0DEF90746002007909B
:109F900008900990ADF830000A9002900390049068
:109FA00004B9FFDF0DF10809FFB9FFDF1DE03846F6
:109FB0000BA9002205F014FC9DF82C0000F07F0591
:109FC0000A2D00D3FFDF6019017F491E01779DF83C
:109FD0002C00000609D52A460CA907A8FEF727FE83
:109FE00019F80510491C09F80510761EF6B2DED2E4
:109FF00004F13400F84D04F1260BDFF8E0A304F17E
:10A000002A07069010E05846069900F08DFA064699
:10A0100028700A2800D3FFDF5AF8261040468847E8
:10A02000E08CC05DB04202D0208D0028EBD10A2028
:10A030002870EA4D4E4628350EE00CA907A800F01E
:10A0400073FA0446375D55F8240000B9FFDF55F870
:10A050002420394640469047BDF81E000028ECD128
:10A0600011B0BDE8F08F10B5032106F027F8040009
:10A0700000D1FFDF0A22002104F11C0003F083F964
:10A08000207840F00400207010BD10B50C4603216C
:10A0900006F014F82044007F002800D0012010BDF5
:10A0A0002DE9F84F894615468246032106F006F849
:10A0B000070004D02846F7F7BEF840B903E043F2A2
:10A0C0000200BDE8F88F4846F7F7DBF808B110202A
:10A0D000F7E7786828B169880089814201D90920A9
:10A0E000EFE7B9F800001C2488B100F0A8F9804619
:10A0F0000146384600F0D2F988B108EB880079684B
:10A1000004EBC000085C01280BD00820D9E73846D2
:10A11000FEF703FD8046402807D11320D1E7052034
:10A12000CFE7FDF7D3FF06000BD008EB8800796876
:10A1300004EBC0000C18B9F8000020B1E88910B198
:10A1400013E01120BDE72888172802D36888172854
:10A1500001D20720B5E7686838B12B1D2246414679
:10A160003846FFF732F90028ABD104F10C026946FA
:10A170002046FFF729F8288860826888E082B9F8CD
:10A18000000030B102202070E889A080E889A0B1E9
:10A190002BE003202070A889A0807868817840296E
:10A1A00005D180F8028039465046FEF71EFE404633
:10A1B00000F052F9A9F8000021E07868218B40896D
:10A1C000884200D908462083A6F802A004203072F5
:10A1D000B9F800007081E0897082F181208B3082B3
:10A1E000A08AB081304600F018F97868C17840291B
:10A1F00005D180F8038039465046FEF747FE00201F
:10A200005FE770B50D460646032105F057FF0400D1
:10A210000ED0284600F013F905460146204600F00E
:10A220003DF918B1284600F002F920B1052070BDB3
:10A2300043F2020070BD05EB85011C22606802EB51
:10A24000C101084400F040F908B1082070BD2A4659
:10A250002146304600F076F9002070BD2DE9F0412E
:10A260000C4617468046032105F028FF0546204688
:10A2700000F0E5F8044695B10146284600F00EF9D5
:10A2800080B104EB84011C22686802EBC10146180E
:10A29000304600F019F938B10820BDE8F08143F2EA
:10A2A0000200FAE70520F8E73B46324621462846F9
:10A2B000FFF78BF80028F0D1E2B229464046FEF7BE
:10A2C000A2FF708C0838082803D24348407800F079
:10A2D0006BFE0020E1E72DE9F0410D461746804670
:10A2E000032105F0EBFE0446284600F0A8F80646D8
:10A2F00024B13846F6F79FFF38B902E043F2020076
:10A30000CBE73868F6F797FF08B11020C5E731466C
:10A31000204600F0C3F860B106EB86011C2260689D
:10A3200002EBC1014518284600F0CEF818B108200C
:10A33000B3E70520B1E7B888A98A884201D90C2083
:10A34000ABE76168E88C4978B0EBC10F01D313200B
:10A35000A3E73146204600F095F8014660680823DF
:10A360004078C20005F1240005F041FDD7E9001254
:10A37000C0E90012F2B221464046FEF7BAFE0020C4
:10A380008BE72DE9F0470D461F4690468146032195
:10A3900005F094FE0446284600F051F806463CB10C
:10A3A0004DB13846F6F78BFF50B11020BDE8F0876D
:10A3B00043F20200FAE7606858B1A0F80C8028E088
:10A3C0003146204600F06AF818B1304600F02FF808
:10A3D00030B10520EAE700002C00002040B1010068
:10A3E00006EB86011C22606802EBC1014518284675
:10A3F00000F06AF808B10820D8E7A5F80880F2B2A2
:10A4000021464846FEF7FFFE1FB1A8896989084426
:10A4100038800020CAE705F042BB017821F00F0127
:10A42000491C21F0F00110310170FDF753BE20B935
:10A430004E48807808B101207047002070474B4992
:10A440008988884201D100207047402801D24020ED
:10A4500000E0403880B2704710B50446402800D96B
:10A46000FFDF2046FFF7E3FF10B14048808810BDB2
:10A470004034A0B210BD406842690078484302EB06
:10A48000C0007047C2784068037812FB03F243783B
:10A49000406901FB032100EBC1007047C2788A428A
:10A4A00009D9406801EB81011C2202EBC101405C2B
:10A4B00008B101207047002070470078062801D9B4
:10A4C00001207047002070470078062801D0012045
:10A4D000704700207047F0B401EB81061C274468E8
:10A4E00007EBC6063444049D05262670E3802571DB
:10A4F000F0BCFEF785BA10B5418911B1FFF7DDFF59
:10A5000008B1002010BD012010BD10B5C18C8278AB
:10A51000B1EBC20F04D9C18911B1FFF7CEFF08B169
:10A52000002010BD012010BD10B50C4601230A22E9
:10A53000011D05F092FC00782188012282409143A0
:10A54000218010BDF0B402EB82051C264C6806EB9E
:10A55000C505072363554B681C79402C03D11A713C
:10A56000F0BCFEF7D8BCF0BC704700002C00002007
:10A5700070B50B2000F0BDF9082000F0BAF90021F9
:10A580000B2000F0D4F90021082000F0D0F9F44CA1
:10A5900001256560A5600020C4F84001C4F84401AD
:10A5A000C4F848010B2000F0B5F9082000F0B2F91A
:10A5B0000B2000F091F9256070BD10B50B2000F064
:10A5C00098F9082000F095F9E54801214160816083
:10A5D000E4490A68002AFCD10021C0F84011C0F803
:10A5E0004411C0F848110B2000F094F9BDE8104068
:10A5F000082000F08FB910B50B2000F08BF9BDE8F2
:10A600001040082000F086B900B530B1012806D00E
:10A61000022806D0FFDF002000BDD34800BDD3488C
:10A6200000BDD248001D00BD70B5D1494FF00040BB
:10A630000860D04DC00BC5F80803CF480024046063
:10A64000C5F840410820C43500F053F9C5F83C4135
:10A65000CA48047070BD08B5C14A002128B101285C
:10A6600011D002281CD0FFDF08BD4FF48030C2F8A3
:10A670000803C2F84803BB483C300160C2F84011EF
:10A68000BDE80840D0E74FF40030C2F80803C2F834
:10A690004803B44840300160C2F84411B3480CE0AC
:10A6A0004FF48020C2F80803C2F84803AD48443094
:10A6B0000160C2F84811AD48001D0068009008BD57
:10A6C00070B516460D460446022800D9FFDF002269
:10A6D000A348012304F110018B4000EB8401C1F871
:10A6E000405526B1C1F84021C0F8043303E0C0F85A
:10A6F0000833C1F84021C0F8443370BD2DE9F04162
:10A700001D46144630B1012833D0022838D0FFDF6F
:10A71000BDE8F081891E002221F07F411046FFF73D
:10A72000CFFF012D23D00020944D924F0126687059
:10A730003E61914900203C3908600220091D0860F3
:10A740008D490420303908608B483D34046008206E
:10A750006C6000F0DFF83004C7F80403082000F054
:10A76000BBF88349F007091F08602E70D0E701206D
:10A77000DAE7012B02D00022012005E00122FBE7ED
:10A78000012B04D000220220BDE8F04198E701220D
:10A79000F9E774480068704770B500F0D8F8704C5D
:10A7A0000546D4F840010026012809D1D4F8080351
:10A7B000C00305D54FF48030C4F80803C4F84061E5
:10A7C000D4F8440101280CD1D4F80803800308D53B
:10A7D0004FF40030C4F80803C4F84461012008F0C5
:10A7E00014FAD4F8480101280CD1D4F80803400326
:10A7F00008D54FF48020C4F80803C4F8486102204B
:10A8000008F003FA5E48056070BD70B500F09FF86F
:10A810005A4D0446287850B1FFF706FF687818B102
:10A820000020687008F0F1F95548046070BD0320FD
:10A83000F8E74FF0E0214FF40010C1F80002704734
:10A84000152000F067B84B4901200861082000F08E
:10A8500061B848494FF47C10C1F808030020024653
:10A8600001EB8003C3F84025C3F84021401CC0B26F
:10A870000628F5D37047410A43F609525143C0F305
:10A88000080010FB02F000F5807001EB50207047CB
:10A8900010B5430B48F2376463431B0C5C020C6039
:10A8A000384C03FB0400384B4CF2F72443435B0D58
:10A8B00013FB04F404EB402000F58070401210708C
:10A8C00008681844086010BD2C4840687047294942
:10A8D0000120C1F800027047002809DB00F01F02C8
:10A8E000012191404009800000F1E020C0F80011F2
:10A8F000704700280DDB00F01F0201219140400944
:10A90000800000F1E020C0F88011BFF34F8FBFF34B
:10A910006F8F7047002809DB00F01F020121914072
:10A920004009800000F1E020C0F88012704749071C
:10A93000090E002804DB00F1E02080F800147047C5
:10A9400000F00F0000F1E02080F8141D70470C4863
:10A95000001F00680A4A0D49121D1160704700006F
:10A9600000B0004004B500404081004044B10040C8
:10A9700008F501400080004040850040380000207C
:10A9800014050240F7C2FFFF6F0C01000100000137
:10A9900010B5EFF3108000F0010472B6FC48417866
:10A9A000491C41704078012801D108F081FD002C3C
:10A9B00000D162B610BD70B5F54CA07848B901253C
:10A9C000A570FFF7E5FF08F084FD20B1002008F036
:10A9D0004EFD002070BD4FF08040E570C0F804537C
:10A9E000F7E770B5EFF3108000F0010572B6E84CA0
:10A9F000607800B9FFDF6078401E6070607808B949
:10AA000008F05AFD002D00D162B670BDE04810B5C7
:10AA1000817821B10021C1708170FFF7E2FF002031
:10AA200010BD10B5044608F054FDD9498978084096
:10AA300000D001202060002010BD10B5FFF7A8FF56
:10AA400008F047FD02220123D149540728B1D1481B
:10AA5000026023610320087202E00A72C4F8043322
:10AA60000020887110BD2DE9F84FDFF8249342785B
:10AA7000817889F80420002689F80510074689F8AE
:10AA800006600078DFF810B3354620B1012811D0F8
:10AA9000022811D0FFDF08F02EFD4FF0804498B15E
:10AAA00008F030FDB0420FD1304608F02FFD0028ED
:10AAB000FAD042E00126EEE7FFF76AFF5846016848
:10AAC000C907FCD00226E6E70120E060C4F8045183
:10AAD000B2490E600107D1F84412B04AC1F34231C5
:10AAE00024321160AD49343108604FF0020AC4F8D5
:10AAF00004A3A060AA480168C94341F3001101F111
:10AB00000108016841F01001016001E010F030F926
:10AB1000D4F804010028F9D0304608F0F7FC0028EA
:10AB2000FAD0B8F1000F04D19D48016821F010015E
:10AB30000160C4F808A3C4F8045199F805004E4612
:10AB400080B1387870B908F0C4FC804608F0CAFEBD
:10AB50006FF00042B8F1000F02D0C6E9032001E017
:10AB6000C6E90302DBF80000C00701D008F0ADFC25
:10AB7000387810B13572BDE8F88F4FF01808C4F876
:10AB800008830127A7614FF42070ADF8000000BFD3
:10AB9000BDF80000411EADF80010F9D2C4F80C5108
:10ABA000C4F810517A48C01D08F030FD3570FFF729
:10ABB00044FF67617949307920310860C4F8048323
:10ABC000D9E770B5050000D1FFDF4FF080424FF0AC
:10ABD000FF30C2F808030021C2F80011C2F80411C6
:10ABE000C2F80C11C2F81011694C617008F07DFCBC
:10ABF00010B10120A070607067480068C00701D0E4
:10AC000008F063FC2846BDE870402CE76048007AF5
:10AC1000002800D0012070472DE9F04F61484FF027
:10AC2000000A85B0D0F800B0D14657465D4A5E496B
:10AC3000083211608406D4F8080110B14FF0010801
:10AC400001E04FF0000808F0B4FC78B1D4F824011A
:10AC500000B101208246D4F81C0100B101208146D8
:10AC6000D4F8200108B1012700E00027D4F8000142
:10AC700000B101200490D4F8040100B10120039038
:10AC8000D4F80C0100B101200290D4F8100100B1F9
:10AC900001203F4D0190287800260090B8F1000F68
:10ACA00004D0C4F80861012008F0E1FBBAF1000FFC
:10ACB00004D0C4F82461092008F0D9FBB9F1000FD1
:10ACC00004D0C4F81C610A2008F0D1FB27B1C4F8F5
:10ACD00020610B2008F0CBFB2D48C01D08F09EFC26
:10ACE00000B1FFDFDFF8AC800498012780B1C4F821
:10ACF0000873E87818B1EE70002008F0B8FB287AE5
:10AD0000022805D1032028720221C8F8001027610B
:10AD1000039808B1C4F80461029850B1C4F80C61FA
:10AD2000287A032800D0FFDFC8F800602F72FFF7F1
:10AD300058FE019838B1C4F81061287A012801D171
:10AD400000F05CF86761009838B12E70287A01280D
:10AD500001D1FFF772FEFFF744FE0D48C01D08F059
:10AD600073FC1049091DC1F800B005B0BDE8F08FB3
:10AD7000074810B5C01D08F051FC0549B0B10120CD
:10AD800008704FF0E021C1F80002BDE81040FFE577
:10AD900040000020340C00400C0400401805004026
:10ADA00010ED00E01005024001000001087A0128C2
:10ADB00001D1FFF742FEBDE81040244808F044BC32
:10ADC00070B5224CE41FA07808B908F075FB01208B
:10ADD0008507A861207A0026032809D1D5F80C013F
:10ADE00020B9002008F092FB0028F7D1C5F80C61CB
:10ADF00026724FF0FF30C5F8080370BD70B5134CD4
:10AE0000E41F6079F0B1012803D0A179401E81428E
:10AE100018DA08F05EFB054608F064FD6179012947
:10AE200002D9A179491CA1710DB1216900E0E16845
:10AE3000411A022902DA11F1020F06DC0DB120617C
:10AE400000E0E060BDE87040F7E570BD470000201D
:10AE5000374901200860704770B50D2000F049F8AF
:10AE6000344C0020C4F800010125C4F804530D201F
:10AE700000F050F825604FF0E0216014C1F80001A7
:10AE800070BD10B50D2000F034F82A480121416052
:10AE90000021C0F80011BDE810400D2000F03AB8C4
:10AEA000254810B504682449244808310860214920
:10AEB000D1F80001012804D0FFDF1F48001D046005
:10AEC00010BD1B48001D00680022C0B2C1F800215F
:10AED00008F05FFCF1E710B5164800BFD0F800118C
:10AEE0000029FBD0FFF7DCFFBDE810400D2000F08B
:10AEF00011B800280DDB00F01F020121914040092C
:10AF0000800000F1E020C0F88011BFF34F8FBFF345
:10AF10006F8F7047002809DB00F01F02012191406C
:10AF20004009800000F1E020C0F880127047000066
:10AF300004D5004000D0004010050240010000018F
:10AF40004FF0E0214FF00070C1F8800101F5C071B1
:10AF5000BFF34F8FBFF36F8FC1F80001394B8022D1
:10AF600083F8002441F8800C704700B502460420A5
:10AF7000354903E001EBC0031B792BB1401EC0B281
:10AF8000F8D2FFDFFF2000BD41F8302001EBC00107
:10AF900000224A718A7101220A7100BD2A4A0021E9
:10AFA00002EBC0000171704710B50446042800D3BD
:10AFB000FFDF254800EBC4042079012800D0FFDF23
:10AFC0006079A179401CC0B2814200D060714FF01D
:10AFD000E0214FF00070C1F8000210BD70B50425EB
:10AFE000194E1A4C16E0217806EBC1000279012AAD
:10AFF00008D1427983799A4204D04279827156F815
:10B00000310080472078401CC0B22070042801D352
:10B01000002020706D1EEDB2E5D270BD0C4810B559
:10B0200004680B490B4808310860064890F8000492
:10B030004009042800D0FFDFFFF7D0FF0448001DBF
:10B04000046010BD19E000E07805002054000020E5
:10B0500010050240010000010F4A12680D498A42A2
:10B060000CD118470C4A12680A4B9A4206D101B516
:10B0700008F00AFC08F0DDFEBDE801400749096858
:10B080000958084706480749054A064B704700001B
:10B0900000000000BEBAFECA5800002004000020D4
:10B0A000B00F0020B00F002070B50C46054600F030
:10B0B00045FB21462846BDE8704001F026BC000053
:10B0C000F8B51D46DDE906470E000AD005F03BF94C
:10B0D0002346FF1DBCB231462A46009404F059FDB8
:10B0E000F8BDD0192246194602F023F92046F8BDD2
:10B0F00070B50D4604461022002102F044F9258166
:10B1000017206081A07B40F00A00A07370BD4FF64D
:10B11000FF720A800146022008F000BE70470089D5
:10B120007047827BD30701D1920703D480890880BE
:10B130000020704705207047827B920700D58181EF
:10B14000704701460020098841F6FE52114200D0A6
:10B150000120704700B50346807BC00701D0052061
:10B1600000BD59811846FFF7ECFFC00703D0987B5C
:10B1700040F004009873987B40F001009873002021
:10B1800000BD827B520700D509B140897047172066
:10B190007047827B61F3C302827370472DE9FC5FC5
:10B1A0000E46044601789646012000FA01F14DF65C
:10B1B000FF5201EA020962684FF6FF7B1188594588
:10B1C00002D10920BDE8FC9FB9F1000F05D041F67E
:10B1D000FE55294201D00120F4E741EA090111801E
:10B1E0001D0014D000232B7094F800C00521032209
:10B1F0001F464FF0020ABCF10E0F76D2DFE80CF0CA
:10B20000F909252F47646B77479193B4D1D804206F
:10B21000D8E7616820898B7B9B0767D517284AD3BD
:10B220000B89834247D38989172901D3814242D1AF
:10B2300085F800A0A5F80100328061688881606807
:10B24000817B21F002018173C6E0042028702089EF
:10B25000A5F801006089A5F803003180BCE0208AD0
:10B260003188C01D1FFA80F8414524D3062028707C
:10B270002089A5F801006089A5F80300A089A5F838
:10B2800005000721208ACDE90001636941E00CF047
:10B29000FF00082810D0082028702089A5F8010098
:10B2A0006089A5F8030031806A1D694604F10C002D
:10B2B00006F0BBFC10B15EE01020EDE730889DF891
:10B2C00000100844308087E00A2028702089A5F803
:10B2D0000100328044E00C2028702089A5F801008C
:10B2E0006089A5F8030031803AE082E064E02189BA
:10B2F000338800EB41021FFA82F843453BD3B8F193
:10B30000050F38D30E222A700BEA4101CDE9001057
:10B31000E36860882A467146FFF7D2FEA6F80080EF
:10B320005AE04020287060893188C01C1FFA80F8DC
:10B33000414520D32878714620F03F001230287014
:10B340002089A5F801006089CDE9000260882A46BD
:10B35000E368FFF7B5FEA6F80080287840063BD4E6
:10B3600061682089888037E0A0893288401D1FFAF3
:10B3700080F8424501D204273DE01620287020893C
:10B38000A5F801006089A5F80300A089CDE90001B6
:10B3900060882A4671462369FFF792FEA6F800806E
:10B3A000DEE718202870207A6870A6F800A013E065
:10B3B00061680A88920401D405271CE0C9882289A3
:10B3C000914201D0062716E01E2129703080606866
:10B3D000018821F400510180B9F1000F0BD0618880
:10B3E00078230022022008F0EFFB61682078887043
:10B3F00006E0338003276068018821EA09010180A3
:10B400003846DFE62DE9FF4F85B01746129C0D0048
:10B410001E461CD03078C10703D000F03F00192829
:10B4200001D9012100E000212046FFF7AAFEA84231
:10B430000DD32088A0F57F41FF3908D03078410630
:10B4400001D4000605D5082009B0BDE8F08F07201B
:10B45000FAE700208DF800008DF8010030786B1EAF
:10B4600000F03F0C0121A81E4FF0050A4FF0020921
:10B470004FF0030B9AB2BCF1200F75D2DFE80CF04D
:10B480008B10745E7468748C749C74B574BA74C8D0
:10B4900074D474E1747474F174EF74EE74ED748B9D
:10B4A000052D78D18DF80090A0788DF80400708873
:10B4B000ADF8060030798DF80100707800F03F009B
:10B4C0000C2829D00ADCA0F10200092863D2DFE8A9
:10B4D00000F0126215621A621D622000122824D048
:10B4E00004DC0E281BD01028DBD11BE016281FD04F
:10B4F0001828D6D11FE02078800701E02078400787
:10B50000002848DAEEE020780007F9E72078C00646
:10B51000F6E720788006F3E720784006F0E7207809
:10B520000006EDE72088C005EAE720884005E7E748
:10B5300020880005E4E72088C004E1E72078800740
:10B5400029D5032D27D18DF800B0B6F8010081E090
:10B55000217849071FD5062D1DD381B270780128A7
:10B5600003D0022817D102E0C9E0022000E0102039
:10B5700004228DF8002072788DF80420801CB1FB25
:10B58000F0F2ADF8062092B242438A4203D103970B
:10B59000ADF80890A6E079E02078000776D598B25B
:10B5A00082088DF800A0ADF80420B0EB820F6DD1B9
:10B5B0000297ADF8061095E02178C90666D5022DF0
:10B5C00064D381B206208DF80000707802285DD324
:10B5D000B1FBF0F28DF80400ADF8062092B24243C0
:10B5E0008A4253D1ADF808907BE0207880064DD593
:10B5F000072003E0207840067FD508208DF8000062
:10B60000A088ADF80400ADF80620ADF8081068E099
:10B610002078000671D50920ADF804208DF80000CF
:10B62000ADF8061002975DE02188C90565D5022DA9
:10B6300063D381B20A208DF80000707804285CD3AF
:10B64000C6E72088400558D5012D56D10B208DF82E
:10B650000000A088ADF8040044E021E026E016E0F8
:10B66000FFE72088000548D5052D46D30C208DF82E
:10B670000000A088ADF80400B6F803006D1FADF817
:10B680000850ADF80600ADF80AA02AE035E02088A1
:10B69000C00432D5012D30D10D208DF8000021E0FD
:10B6A0002088800429D4B6F80100E080A07B000740
:10B6B00023D5032D21D3307800F03F001B2818D06C
:10B6C0000F208DF80000208840F40050A4F80000FE
:10B6D000B6F80100ADF80400ED1EADF80650ADF867
:10B6E00008B0039769460598F9F7B8FA050008D03D
:10B6F00016E00E208DF80000EAE7072510E0082587
:10B700000EE0307800F03F001B2809D01D2807D03C
:10B710000220059908F002FB208800F400502080E8
:10B72000A07B400708D52046FFF70BFDC00703D1DB
:10B73000A07B20F00400A073284685E61FB50228F0
:10B7400006D101208DF8000088B26946F9F786FA23
:10B750001FBD0000F8B51D46DDE906470E000AD002
:10B7600004F0F1FD2346FF1DBCB231462A46009489
:10B7700004F00FFAF8BDD0192246194601F0D9FDA0
:10B780002046F8BD2DE9FF4F8DB09B46DDE91B57E4
:10B79000DDF87CA00C46082B05D0E06901F0FEF82E
:10B7A00050B11020D2E02888092140F010002880F4
:10B7B0008AF80010022617E0E16901208871E26929
:10B7C0004FF420519180E1698872E06942F60101ED
:10B7D0000181E069002181732888112140F0200057
:10B7E00028808AF80010042638780A900A203870D9
:10B7F0004FF0020904F118004D460C9001F0C6FB11
:10B80000B04681E0BBF1100F0ED1022D0CD0A9EB98
:10B810000800801C80B20221CDE9001005AB524621
:10B820001E990D98FFF796FFBDF816101A988142E1
:10B8300003D9F74800790F9004E003D10A9808B1C2
:10B8400038702FE04FF00201CDE900190DF1160319
:10B8500052461E990D98FFF77DFF1D980088401BEA
:10B86000801B83B2C6F1FF00984200D203461E99A6
:10B870000BA8D9B15FF00002DDF878C0CDE9032054
:10B8800009EB060189B2CDE901C10F980090BDF81E
:10B89000161000220D9801F00EFC387070B1C0B285
:10B8A000832807D0BDF8160020833AE00AEB09018F
:10B8B0008A19E1E7022011B0BDE8F08FBDF82C0035
:10B8C000811901F0FF08022D0DD09AF801204245A0
:10B8D00006D1BDF82010814207D0B8F1FF0F04D087
:10B8E0009AF801801FE08AF80180C9480068017851
:10B8F000052902D1BDF81610818009EB08001FFA56
:10B9000080F905EB080085B2DDE90C1005AB0F9A54
:10B9100001F03FFB28B91D980088411B4145BFF647
:10B9200071AF022D13D0BBF1100F0CD1A9EB0800A1
:10B93000801C81B20220CDE9000105AB52461E9960
:10B940000D98FFF707FF1D98058000203870002034
:10B95000B1E72DE9F8439C46089E13460027B26BD9
:10B960009AB3491F8CB2F18FA1F57F45FF3D05D0F9
:10B970005518AD882944891D8DB200E0002529198C
:10B98000B6F83C800831414520D82A44BCF8011063
:10B9900022F8021BBCF8031022F8021B984622F87A
:10B9A000024B914604F0BDFC4FF00C0C41464A4658
:10B9B0002346CDF800C004F0B8F8F587B16B00203D
:10B9C0002944A41D2144088003E001E0092700E088
:10B9D00083273846BDE8F88310B50B88848F9C42D6
:10B9E0000CD9846BE018048844B1848824F40044A2
:10B9F000A41D23440B801060002010BD0A2010BD40
:10BA00002DE9F0478AB00025904689468246ADF878
:10BA1000185007274BE0059806888088000446D414
:10BA2000A8F8006007A8019500970295CDE903509A
:10BA30004FF4007300223146504601F03CFB0400F5
:10BA40003CD1BDF81800ADF8200005980488818825
:10BA5000B44216D10A0414D401950295039521F439
:10BA600000410097049541F48043428821465046A6
:10BA700001F0BFF804000BD10598818841F4004122
:10BA8000818005AA08A94846FFF7A6FF0400DCD07C
:10BA90000097059802950195039504950188BDF8D6
:10BAA0001C300022504601F0A4F80A2C06D105AA49
:10BAB00006A94846FFF790FF0400ACD0ADF8185037
:10BAC00004E00598818821F40041818005AA06A937
:10BAD0004846FFF781FF0028F3D00A2C03D0204608
:10BAE0000AB0BDE8F0870020FAE710B50C46896B74
:10BAF00086B051B10C218DF80010A18FADF808105F
:10BB0000A16B01916946FAF75BF800204FF6FF71CF
:10BB1000A063E187A08706B010BD2DE9F0410D4676
:10BB20000746896B0020069E1446002911D0012B80
:10BB30000FD1324629463846FFF762FF002808D168
:10BB4000002C06D0324629463846BDE8F04100F0C8
:10BB500034BFBDE8F0812DE9FC411446DDE9087CE5
:10BB60000E46DDE90A15521DBCF800E092B296457A
:10BB700002D20720BDE8FC81ACF8002017222A7011
:10BB8000A5F80160A5F803300522CDE900423B4647
:10BB90002A46FFF7DFFD0020ECE770B50C4615469E
:10BBA00048220021204601F0EEFB04F1080044F891
:10BBB0001C0F00204FF6FF71E06161842084A58492
:10BBC0001720E08494F82A0040F00A0084F82A0044
:10BBD00070BD4FF6FF720A800146032008F09EB840
:10BBE00030B585B00C460546FFF77FFFA18E28468D
:10BBF00029B101218DF800106946F9F7E1FF002015
:10BC0000E0622063606305B030BDB0F8400070476B
:10BC10005C00002090F84620920703D440880880FA
:10BC20000020F4E70620F2E790F846209207EED5D0
:10BC3000A0F84410EBE70146002009880A0700D568
:10BC4000012011F0F00F01D040F00200CA0501D52B
:10BC500040F004008A0501D540F008004A0501D5EE
:10BC600040F010000905D2D540F02000CFE700B524
:10BC7000034690F84600C00701D0062000BDA3F897
:10BC800042101846FFF7D7FF10F03E0F05D093F88B
:10BC9000460040F0040083F8460013F8460F40F0D9
:10BCA00001001870002000BD90F84620520700D512
:10BCB00011B1B0F84200AAE71720A8E710F8462F04
:10BCC00061F3C3020270A2E72DE9FF4F9BB00E00A3
:10BCD000DDE92B34DDE92978289D24D02878C107B7
:10BCE00003D000F03F00192801D9012100E0002114
:10BCF0002046FFF7D9FFB04215D32878410600F05F
:10BD00003F010CD41E290CD0218811F47F6F0AD179
:10BD10003A8842B1A1F57F42FF3A04D001E01229EE
:10BD200001D1000602D504201FB0C5E5FA491D98CF
:10BD30004FF0000A08718DF818A08DF83CA00FAAEA
:10BD40000A60ADF81CA0ADF850A02978994601F022
:10BD50003F02701F5B1C04F1180C4FF0060E4FF0F1
:10BD6000040BCDF858C01F2A7ED2DFE802F07D7D9B
:10BD7000107D267DAC7DF47DF37DF27DF17DF47D3B
:10BD8000F07D7D7DEF7DEE7D7D7D7D7DED0094F808
:10BD90004610B5F80100890701D5032E02D08DF8B1
:10BDA00018B01EE34FF40061ADF85010608003211D
:10BDB0008DF83C10ADF84000D4E2052EEFD1B5F877
:10BDC00001002083ADF81C00B5F80310618308B1B1
:10BDD000884201D9012079E10020A07220814FF62C
:10BDE000FF702084169801F0D1F8052089F8000032
:10BDF0000220029083460AAB1D9A16991B9801F007
:10BE0000C8F890BB9DF82E00012804D0022089F8C4
:10BE10000100102003E0012089F8010002200590B4
:10BE2000002203A90BA805F000FFE8BB9DF80C0059
:10BE3000059981423DD13988801CA1EB0B018142DB
:10BE400037DB02990220CDE900010DF12A034A46B1
:10BE500041461B98FFF77EFC02980BF1020B801CF9
:10BE600081B217AA029101E09CE228E003A90BA885
:10BE700005F0DBFE02999DF80C00CDE9000117AB3F
:10BE80004A4641461B98FFF765FC9DF80C000AAB3B
:10BE90000BEB00011FFA81FB02991D9A084480B246
:10BEA000029016991B9800E003E001F072F8002858
:10BEB000B6D0BBF1020F02D0A7F800B04FE20A20C3
:10BEC0008DF818004BE200210391072EFFF467AFB5
:10BED000B5F801002083ADF81C00B5F8032062839B
:10BEE00000283FF477AF90423FF674AF0120A07274
:10BEF000B5F8050020810020A073E06900F04EFD38
:10BF000078B9E16901208871E2694FF4205191808C
:10BF1000E1698872E16942F601000881E069002167
:10BF20008173F01F20841E98606207206084169839
:10BF300001F02CF8072089F80000012004900290FD
:10BF40000020ADF82A0028E019E29FE135E1E5E0A4
:10BF500012E2A8E080E043E00298012814D0E069F2
:10BF60008079012803D1BDF82800ADF80E000498AF
:10BF700003ABCDE900B04A4641461B98FFF7EAFB08
:10BF80000498001D80B20490BDF82A00ADF80C00A2
:10BF9000ADF80E00059880B202900AAB1D9A169972
:10BFA0001B9800F0F6FF28B902983988001D05900B
:10BFB0008142D1D20298012881D0E069807901289C
:10BFC00003D1BDF82800ADF80E00049803ABCDE90D
:10BFD00000B04A4641461B98FFF7BCFB0298BDE102
:10BFE000072E02D0152E7FF4DAAEB5F801102183AA
:10BFF000ADF81C10B5F80320628300293FF4EAAEC7
:10C0000091423FF6E7AE0121A1724FF0000BA4F878
:10C0100008B084F80EB0052E07D0C0B2691DE269E1
:10C0200005F0E4FD00287FF44AAF4FF6FF7020844E
:10C0300001A906AA14A8CDF800B081E885032878E4
:10C04000214600F03F031D9A1B98FFF79BFB824699
:10C05000208BADF81C0082E10120032EC3D14021CA
:10C06000ADF85010B5F801102183ADF81C100AAAE4
:10C07000B8F1000F00D00023CDE9020304921D980F
:10C08000CDF80480009038880022401E83B21B98AF
:10C0900001F011F88DF8180090BB0B2089F8000012
:10C0A000BDF8280035E04FF0010C052E9BD1802013
:10C0B000ADF85000B5F801102183B5F803002084D5
:10C0C000ADF81C10B0F5007F03D907208DF81800DB
:10C0D00087E140F47C4222840CA8B8F1000F00D024
:10C0E0000023CDE90330CDE9018C1D9800903888FC
:10C0F000401E83B21B9800F0DEFF8DF8180018B1C7
:10C100008328A8D10220BFE00D2189F80010BDF8D6
:10C110003000401C22E100005C000020032E04D20D
:10C1200048067FF53CAE002018E1B5F80110ADF8E7
:10C130001C102878400602D58DF83CE002E007206C
:10C140008DF83C004FF000080320CDE902081E9B4B
:10C15000CDF810801D980193A6F1030B00901FFAF3
:10C160008BF342461B9800F044FD8DF818008DF8C3
:10C170003C80297849060DD52088C00506D5208B3E
:10C18000BDF81C10884201D1C4F8248040468DF8C7
:10C190001880E3E0832801D14FF0020A4FF4807049
:10C1A000ADF85000BDF81C002083A4F820B01E9804
:10C1B0006062032060841321CDE0052EFFF4EFAD13
:10C1C000B5F80110ADF81C10A28F6AB3A2F57F4339
:10C1D000FE3B29D008228DF83C2000BF4FF0000B19
:10C1E0000523CDE9023BDDF878C0CDF810B01D9AEB
:10C1F00080B2CDF804C040F400430092B5F80320AB
:10C200001B9800F0F6FC8DF83CB04FF400718DF8EF
:10C210001800ADF85010832810D0F8B1A18FA1F507
:10C220007F40FE3807D0DCE00B228DF83C204FF633
:10C23000FE72A287D2E7A4F83CB0D2E000942B466D
:10C2400031461E9A1B98FFF784FB8DF8180008B141
:10C2500083284BD1BDF81C00208353E700942B4664
:10C2600031461E9A1B98FFF774FB8DF81800E8BB47
:10C27000E18FA06B0844831D8DE888034388828882
:10C2800001881B98FFF767FC824668E095F80180FB
:10C29000022E70D15FEA080002D0B8F1010F6AD116
:10C2A00009208DF83C0007A800908DF84080434697
:10C2B000002221461B98FFF730FC8DF842004FF01A
:10C2C000000B8DF843B050B9B8F1010F12D0B8F19E
:10C2D000000F04D1A18FA1F57F40FF380AD0A08FB5
:10C2E00040B18DF83CB04FF4806000E037E0ADF82D
:10C2F00050000DE00FA91B98F9F762FC82468DF8FB
:10C300003CB04FF48060ADF85000BAF1020F06D097
:10C31000FC480068C07928B18DF8180027E0A4F81F
:10C32000188044E0BAF1000F03D081208DF8180086
:10C330003DE007A800904346012221461B98FFF7E5
:10C34000ECFB8DF8180021461B98FFF7CEFB9DF8FB
:10C35000180020B9192189F80010012038809DF8B3
:10C360003C0020B10FA91B98F9F72AFC8246BAF1CC
:10C37000000F33D01BE018E08DF818E031E0207892
:10C38000000712D5012E10D10A208DF83C00E0885C
:10C39000ADF8400003201B9907F0C0FC0820ADF861
:10C3A0005000C0E648067FF5FAAC4FF0040A20883A
:10C3B000BDF8501008432080BDF8500080050BD513
:10C3C000A18FA1F57F40FE3806D11E98E062289823
:10C3D0002063A6864FF0030A5046A5E49DF8180096
:10C3E00078B1012089F80000297889F80110BDF89A
:10C3F0001C10A9F802109DF8181089F804100520E7
:10C4000038802088BDF8501088432080E4E72DE96B
:10C41000FF4F8846087895B0012181404FF209000E
:10C42000249C0140ADF820102088DDF88890A0F50C
:10C430007F424FF0000AFF3A06D039B1000705D518
:10C44000012019B0BDE8F08F0820FAE7239E4FF0D5
:10C45000000B0EA886F800B018995D460988ADF863
:10C460003410A8498DF81CB0179A0A718DF838B0AD
:10C47000086098F8000001283BD0022809D0032862
:10C480006FD1307820F03F001D303070B8F80400D4
:10C49000E08098F800100320022904D1317821F0BF
:10C4A0003F011B31317094F84610090759D505AB8F
:10C4B000B9F1000F13D0002102AA82E80B00072077
:10C4C000CDE90009BDF83400B8F80410C01E83B2ED
:10C4D0000022159800F0EFFD0028D1D101E0F11CF9
:10C4E000EAE7B8F80400A6F80100BDF81400C01C83
:10C4F00004E198F805108DF81C1098F80400012844
:10C5000006D04FF4007A02282CD00328B8D16CE171
:10C510002188B8F8080011F40061ADF8201020D08F
:10C5200017281CD3B4F84010814218D3B4F8441033
:10C53000172901D3814212D1317821F03F01C91C62
:10C540003170A6F801000321ADF83410A4F84400BE
:10C5500094F8460020F0020084F8460065E10525C5
:10C560007EE177E1208808F1080700F4FE60ADF86D
:10C57000200010F0F00F1BD010F0C00F03D038884F
:10C58000228B9042EBD199B9B878C00710D0B96826
:10C590000720CDE902B1CDF804B00090CDF810B07D
:10C5A000FB88BA883988159800F023FB0028D6D17B
:10C5B0002398BDF82010401C80294ED006DC10299D
:10C5C0000DD020290BD0402987D124E0B1F5807F00
:10C5D0006ED051457ED0B1F5806F97D1DEE0C806B0
:10C5E00001D5082000E0102082460DA907AA0520E9
:10C5F000CDE902218DF83800ADF83CB0CDE90496C4
:10C6000008A93888CDE9000153460722214615982C
:10C61000FFF7B8F8A8E09DF81C2001214FF00A0AA6
:10C62000002A9BD105ABB9F1000F00D00020CDE965
:10C6300002100720CDE90009BDF834000493401E24
:10C6400083B2218B0022159800F035FD8DF81C0077
:10C650000B203070BDF8140020E09DF81C20012153
:10C660004FF00C0A002A22D113ABB9F1000F00D011
:10C670000020CDE902100720CDE900090493BDF8A0
:10C680003400228C401E83B2218B159800F013FDDC
:10C690008DF81C000D203070BDF84C00401CADF82A
:10C6A000340005208DF83800208BADF83C00BCE04C
:10C6B0003888218B88427FF452AF9DF81C004FF0E0
:10C6C000120A00281CD1606AA8B1B878C0073FF4EC
:10C6D00046AF00E018E0BA680720CDE902B2CDF815
:10C6E00004B00090CDF810B0FB88BA88159800F01F
:10C6F00080FA8DF81C00132030700120ADF8340052
:10C7000093E000005C0000203988208B8142D2D168
:10C710009DF81C004FF0160A0028A06B08D0E0B36B
:10C720004FF6FF7000215F46ADF808B0019027E09A
:10C7300068B1B978C907BED1E18F0DAB0844821D3D
:10C7400003968DE80C0243888288018809E0B87856
:10C75000C007BCD0BA680DAB03968DE80C02BB884D
:10C76000FA881598FFF7F7F905005ED0072D72D00B
:10C7700076E0019005AA02A92046FFF72DF90146AF
:10C78000E28FBDF80800824201D00029F1D0E08F8D
:10C79000A16B084407800198E08746E09DF81C00E3
:10C7A0004FF0180A40B1208BC8B138882083214649
:10C7B0001598FFF79AF938E004F118000090237EED
:10C7C000012221461598FFF7A8F98DF81C000028D2
:10C7D000EDD1192030700120ADF83400E7E70525D0
:10C7E00021461598FFF781F93AE0208800F400709F
:10C7F000ADF8200050452DD1A08FA0F57F41FE3926
:10C8000001D006252CE0D8F808004FF0160A48B1F0
:10C81000A063B8F80C10A1874FF6FF71E187A0F86C
:10C8200000B002E04FF6FF70A087BDF8200030F4A2
:10C830007F611AD0782300220320159907F0C4F9EC
:10C8400098F8000020712088BDF82010084320804F
:10C850000EE000E007252088BDF8201088432080E6
:10C86000208810F47F6F1CD03AE02188814321801A
:10C870009DF8380020B10EA91598F9F7A1F90546E1
:10C880009DF81C000028EBD086F801A00120307034
:10C89000208B70809DF81C0030710520ADF83400AD
:10C8A000DEE7A18EE1B118980DAB0088ADF8340039
:10C8B0002398CDE90304CDE90139206B0090E36AA8
:10C8C000179A1598FFF700FA054601208DF83800F1
:10C8D0000EA91598F9F774F900B10546A4F834B01B
:10C8E00094F8460040070AD52046FFF7A4F910F057
:10C8F0003E0F04D114F8460F20F004002070189861
:10C90000BDF83410018028469BE500B585B00328AA
:10C9100006D102208DF8000088B26946F9F750F977
:10C9200005B000BD10B5384C0B782268012B02D041
:10C93000022B2AD111E013780BB1052B01D104236E
:10C94000137023688A889A802268CB88D3802268F3
:10C950000B891381498951810DE08B88938022686E
:10C96000CB88D38022680B8913814B8953818B89B3
:10C970009381096911612168F9F722F92268002180
:10C980000228117003D0002800D0812010BD832020
:10C9900010BD806B002800D00120704781780129EC
:10C9A00009D10088B0F5205F03D042F6010188422A
:10C9B00001D10020704707207047F0B587B00024F0
:10C9C00015460E460746ADF8184011E00598008858
:10C9D000288005980194811DCDE902410721049426
:10C9E0000091838842880188384600F002F930B906
:10C9F00005AA06A93046FEF7EFFF0028E6D00A2870
:10CA000000D1002007B0F0BD5C00002010B58B788D
:10CA100083B102789A4205D10B885BB102E08B7931
:10CA2000091D4BB18B789A42F9D1B0F801300C88CE
:10CA3000A342F4D1002010BD812010BD072826D0CC
:10CA400012B1012A27D103E0497801F0070102E081
:10CA50004978C1F3C20105291DD2DFE801F00318AE
:10CA6000080C12000AB10320704702207047042806
:10CA70000DD250B10DE0052809D2801E022808D33E
:10CA800003E0062803D0032803D0052070470020C8
:10CA900070470F20704781207047C0B282060BD4C8
:10CAA000000607D5FA48807A4143C01D01EBD0004B
:10CAB00080B27047084670470020704770B51388F1
:10CAC0000B800B781C0625D5F14CA47A844204D83F
:10CAD00043F010000870002070BD956800F0070654
:10CAE00005EBD0052D78F54065F304130B70137832
:10CAF000D17803F0030341EA032140F20123B1FBA3
:10CB0000F3F503FB15119268E41D00FB012000EB17
:10CB1000D40070BD906870BD37B51446BDF80410E0
:10CB20001180117841F0040111709DF804100A067B
:10CB30001ED5D74AA368C1F30011927A824208D861
:10CB4000FE2811D1D21DD2084942184600F01BFC24
:10CB50000AE003EBD00200F00703012510789D40A6
:10CB6000A843994008431070207820F010002070EE
:10CB70003EBD2DE9F0410746C81C0E4620F00300DB
:10CB8000B04202D08620BDE8F081C14D002034467D
:10CB90002E60AF802881AA72E8801AE0E988491CDB
:10CBA000E980810614D4E17800F0030041EA002016
:10CBB00040F20121B0FBF1F201FB12012068FFF706
:10CBC0006CFF2989084480B22881381A3044A0605B
:10CBD0000C3420784107E1D40020D4E7AC4801228E
:10CBE0000189C08800EB400002EB8000084480B25D
:10CBF00070472DE9FF4F89B01646DDE9168A0F46CA
:10CC0000994623F44045084600F054FB040002D046
:10CC10002078400703D401200DB0BDE8F08F0998BB
:10CC200003F016FA02902078000606D59848817A1B
:10CC30000298814201D88720EEE7224601A9029896
:10CC4000FFF73CFF834600208DF80C004046B8F10A
:10CC5000070F1AD001222146FFF7F0FE0028DBD192
:10CC60002078400611D502208DF80C00ADF8107028
:10CC7000BDF80400ADF81200ADF814601898ADF8D6
:10CC80001650CDF81CA0ADF818005FEA094004D595
:10CC900000252E46A84601270CE02178E07801F017
:10CCA000030140EA012040F20121B0FBF1F280468D
:10CCB00001FB12875FEA494009D5B84507D1A17841
:10CCC000207901F0030140EA0120B04201D3BE42C5
:10CCD00001D90720A0E7A8191FFA80F9B94501D9A1
:10CCE0000D2099E79DF80C0028B103A90998F8F7E1
:10CCF00065FF002890D1B84507D1A0784FEA1921E7
:10CD000061F30100A07084F804901A9800B10580C6
:10CD1000199850EA0A0027D0199830B10BEB060099
:10CD20002A46199900F005FB0EE00BEB0608574662
:10CD3000189E099803F0F5FA2B46F61DB5B2394650
:10CD40004246009502F0F1FE224601A90298FFF743
:10CD5000B5FE9DF80400224620F010008DF8040076
:10CD6000DDE90110FFF7D8FE002055E72DE9FF4F60
:10CD7000DFF81C91824685B0B9F80610D9F800009A
:10CD800001EB410100EB810440F20120B2FBF0F124
:10CD9000174600FB1175DDE9138B4E4629460698B0
:10CDA000FFF77BFE0346FFF719FF1844B1880C30EC
:10CDB000884202D9842009B02FE70698C6B230060F
:10CDC00003D5B00601D50620F5E7B9F80620521CB8
:10CDD00092B2A9F80620BBF1000F01D0ABF80020F9
:10CDE000B00602D5C4F808800AE0B9F808201A4451
:10CDF00092B2A9F80820D9F80000891A0844A06066
:10CE00002246FE200699FFF787FEE77025712078FD
:10CE1000390A61F301002A0AA17840F0040062F3A4
:10CE20000101A17020709AF802006071BAF8000048
:10CE3000E08000252573300602D599F80A7000E0DD
:10CE40000127B00601D54FF000084E4600244FF0F0
:10CE500007090FE0CDE902580195CDF8009004953F
:10CE6000F1882046129B089AFFF7C3FE0028A2D142
:10CE7000641CE4B2BC42EDD300209CE700B5FFF790
:10CE8000ADFE03490C308A88904203D9842000BD4E
:10CE900098050020CA88086802EB420300EB830073
:10CEA000521C037823F004030370CA80002101732D
:10CEB0000846ECE72DE9F047804600F0FBF9070053
:10CEC00005D000264446F74D40F2012916E0012026
:10CED000BDE8F087204600F0EDF90278C17802F055
:10CEE000030241EA0222B2FBF9F309FB13210068B5
:10CEF000FFF7D3FD3044641C86B2A4B2E988601EFB
:10CF00008142E7DCA8F10100E8802889801B2881A4
:10CF100000203870DCE710B5144631B1491E21807D
:10CF200003F096F8A070002010BD012010BD70B570
:10CF30000446DC48C188036801E0401C208020884A
:10CF4000884207D200EB400213EB820202D0157830
:10CF50006D07F2D580B2884216D2AAB15079A0727C
:10CF6000D08820819178107901F0030140EA0120F6
:10CF7000A081A078E11CFFF7A1FD20612088401C62
:10CF80002080E080002070BD0A2070BD0121018258
:10CF900070472DE9FF4F85B04FF6FF798246A3F821
:10CFA000009048681E460D4680788DF80600486857
:10CFB0000088ADF8040000208DF80A00088A0C886B
:10CFC000A04200D304462C8251E03878400708D4B0
:10CFD000641C288AA4B2401C288208F10100C0B257
:10CFE00046E0288A401C2882781D6968FFF70EFDFC
:10CFF000D8BB3188494501D1601E30803188A1EB12
:10D00000080030806888A04238D3B878397900F0B9
:10D01000030041EA002801A9781DFFF7F7FC20BBB7
:10D02000298949452ED0002239460798FFF706FD89
:10D03000D8B92989414518D1E9680391B5F80AC0E2
:10D04000D7F808B05046CDF800C003F06AF9DDF813
:10D0500000C05A460CF1070C1FFA8CFC434603999A
:10D06000CDF800C002F02BFD60B1641CA4B200201A
:10D070008046204600F01EF90700A6D1641E2C82CF
:10D080000A2098E674807879B071F888B080397891
:10D09000F87801F0030140EA01207081A6F80C80C5
:10D0A000504602F0D5FF3A4606F10801FFF706FDAB
:10D0B000306100207FE62DE9FF4F87B081461C4696
:10D0C0009246DDF860B0DDF85480089800F0F2F880
:10D0D000050002D02878400702D401200BB09CE55F
:10D0E000484602F0B5FF2978090605D56D49897AC9
:10D0F000814201D88720F1E7CAF309062A4601A92F
:10D10000FFF7DCFC0746149807281CD000222946AC
:10D11000FFF794FC0028E1D12878400613D50120C0
:10D120008DF808000898ADF80C00BDF80400ADF8C3
:10D130000E00ADF81060ADF8124002A94846F8F7AD
:10D140003DFD0028CAD12978E87801F0030140EAC2
:10D150000121AA78287902F0030240EA022056450C
:10D1600007D0B1F5007F04D9611E814201DD0B209B
:10D17000B4E7864201D90720B0E7801B85B2A542FB
:10D1800000D92546BBF1000F01D0ABF8005017982D
:10D1900018B1B9192A4600F0CCF8B8F1000F0DD03B
:10D1A0003E4448464446169F03F0CDF82146FF1DF5
:10D1B000BCB232462B46009402F0EBFC00208DE717
:10D1C0002DE9F04107461D461646084600F072F864
:10D1D000040002D02078400701D40120D3E438466F
:10D1E00002F036FF2178090605D52E49897A814259
:10D1F00001D88720C7E422463146FFF75FFC65B1BE
:10D200002178E07801F0030140EA0120B0F5007FC9
:10D2100001D8012000E0002028700020B3E42DE9AF
:10D22000F04107461D461646084600F043F8040044
:10D2300002D02078400701D40120A4E4384602F04F
:10D2400007FF2178090605D51649897A814201D858
:10D25000872098E422463146FFF75EFCFF2D14D06C
:10D260002178E07801F0030240EA022040F2012236
:10D27000B0FBF2F302FB130015B900F2012080B2FB
:10D28000E070000A60F30101217000207BE410B51A
:10D290000C4600F00FF810B10178490704D40120C2
:10D2A00010BD000098050020C18821804079A07041
:10D2B0000020F5E70749CA88824209D340B10968CE
:10D2C00000EB40006FF00B0202EB80000844704757
:10D2D000002070479805002070B504460D46214691
:10D2E0002B460AB9002070BD01E0491C5B1C501E92
:10D2F000021E03D008781E78B042F6D008781E7857
:10D30000801BF0E730B50C4601462346051B9542CD
:10D3100006D202E0521E9D5C8D54002AFAD107E02D
:10D3200004E01D780D70491C5B1C521E002AF8D1C8
:10D3300030BDF0B50E460146334680EA030404F0E2
:10D340000304B4B906E002B9F0BD13F8017B01F89B
:10D35000017B521E01F00307002FF4D10C461D463D
:10D3600002E080CD80C4121F042AFAD221462B4647
:10D3700000BF04E013F8014B01F8014B521E002AD4
:10D38000F8D100BFE0E7F0B50C460146E6B204E094
:10D3900002B9F0BD01F8016B521E01F00307002F26
:10D3A000F6D10B46E5B245EA052545EA054501E01B
:10D3B00020C3121F042AFBD2194602E001F8016BB8
:10D3C000521E002AFAD100BFE3E710B506F0F7FEBF
:10D3D000FAF792F906F09CFDBDE8104006F02EBE6B
:10D3E000202801D2012070470020704701224FF011
:10D3F000A043824011B1C3F80C257047C3F808253B
:10D4000070474FF0A04101228240C1F818257047B3
:10D4100070B50346002002466FF02F050EE09C5CBD
:10D42000A4F130060A2E02D34FF0FF3070BD00EB9E
:10D43000800005EB4000521C2044D2B28A42EED359
:10D4400070BD30B50A230BE0B0FBF3F403FB14040A
:10D45000B0FBF3F08D183034521E05F8014CD2B2F7
:10D46000002AF1D130BD30B500234FF6FF7510E032
:10D47000040A44EA002084B2C85C6040C0F303148C
:10D48000604005EA00344440E0B25B1C84EA40108E
:10D490009BB29342ECD330BDF94A137882F88B30BB
:10D4A000A2F88C0082F88A10012082F8880092F895
:10D4B000640008B192F8600082F88E00704710B5E1
:10D4C0000B46114658B11846FFF7E6FFED48806855
:10D4D000008802F026FFBDE8104002F0CDBBBDE899
:10D4E00010404FF6FF70D7E770B50026044646702F
:10D4F000E44D1120207029682022A01C6831FFF71C
:10D5000018FF0121A171286800F8666F8078002853
:10D5100011D1DB48B0F86A20A0F89220AA68537BAA
:10D5200080F8943080F89010108802F0FAFEBDE880
:10D53000704002F0B0BB70BD70B5D24D296891F853
:10D5400096200024012A11D091F89020012A1CD0A5
:10D5500091F86620012A22D091F88820012A21D052
:10D5600091F8A020012A2ED0002070BD447017220F
:10D57000027051F8972FC0F802204A68C0F80620C0
:10D580000A7A827201F8014C1BE044700522027095
:10D59000D1F89220C0F8022081F8904011E0FFF706
:10D5A000A3FF0EE091F86620012AF8D044701422FF
:10D5B000027051F88A2FC0F802208A88C28001F8D0
:10D5C000024C012070BD44701A2200F8022B222266
:10D5D000A131FFF7AEFE286880F8A040F1E7A94826
:10D5E000006890F8661011B1B0F86A0070474FF605
:10D5F000FF70704770B5A34C206800B9FFDF20684A
:10D60000417811B10C25284670BD0025C422294659
:10D61000FFF7B9FE2168FF2008707F2081F83700EE
:10D6200013204884282081F86500012081F85C00DF
:10D63000002081F85F0007F0AFF906F091FCE2E707
:10D6400070B5904C0546206800B9FFDF21680020C6
:10D6500048706560FFF7CEFF002800D0FFDF70BD87
:10D66000884909680978814201D10120704700206A
:10D670007047844800B5016891F82400498CC0F3D4
:10D680008002C0F340031A4400F001001044132943
:10D6900015D004DC102909D0122904D10FE0152976
:10D6A00008D01D2904D0FFDF002000BD764903E02B
:10D6B000764800BD7449083131F8100000BD724948
:10D6C0000839F9E76F4840F271210068806A4843E1
:10D6D00070476C48006890F83600002800D00120A0
:10D6E000704710B5664C207B00F074FD40B1207D82
:10D6F00004F115010BF034FB082801D0012010BD06
:10D70000207B30B1022804D00120BDE8104007F092
:10D71000A6BC0020F9E75A490873704759490968BF
:10D7200081F83000704770B50646554890F82D00D6
:10D730000BF0A4FA050018D010210BF076FD00289C
:10D7400013D1504C012032462168C87628461C313E
:10D7500007F092FCD4E900101C310BF0BFFF6068A9
:10D76000BDE8704001210BF0C8BF70BD2DE9F0414C
:10D77000434C074694F82D000BF0FDFA064694F84A
:10D780002F0004F10E0528B126B194F82D000BF0FE
:10D7900018FAA0B194F83000002824D094F82E0094
:10D7A000002820D0607B294600F025FDA8B10BF0B1
:10D7B0008AFB3A462946BDE8F04107F05DBC0120EE
:10D7C00060733A462946304607F056FC94F82D100F
:10D7D0002846BDE8F0410BF065BB39462846BDE858
:10D7E000F04107F07EBCBDE8F08170B5254C2168A2
:10D7F000087BB0B1022814D0012048730E3107F025
:10D8000018FC2068007B00F0E5FC216881F82F00FF
:10D81000082081F82D00487B0E3100F0E3FC40B970
:10D8200001E00020E9E72168487B0E3100F0E3FCCD
:10D8300000B10120216881F82E0091F82F0018B95D
:10D8400091F82200400706D5087D15310BF088FAC3
:10D85000216881F82D0020680025456004F0ADFDA9
:10D86000216888600020FFF781FF2068C57690F866
:10D87000220040070CD5BDE87040002053E70000AF
:10D88000A405002064000020A0B101008F891300CE
:10D8900070BDFB4A1268137B0370D2F80E0008605B
:10D8A000508A8880704778B5F6490446F44D407B2D
:10D8B00008732A68207810706088ADF8000080B284
:10D8C00000F00101C0F3400341EA4301C0F38003CB
:10D8D00041EA8301C0F3C00341EAC301C0F300136E
:10D8E00041EA0311C0F3401341EA4311C0F3801031
:10D8F00041EA80105084E07D012825D0022825D0FF
:10D90000FFDF286880F85E60217B80F82410418C5E
:10D910001D291DD061688162617D80F83610A17B70
:10D92000C1B1022916D00121017554F80F1FC0F8AA
:10D930001510A188A0F81910217B012900D0002121
:10D9400080F83410002078BD0126DAE70226D8E7F7
:10D950000021E0E70021E7E7C948006890F82200CD
:10D96000C0F38000704700B5FFF7F6FF08B1002054
:10D9700000BD1F2000BD00B5FFF7F5FF002800D057
:10D98000012000BDBE49002209680A664B8C1D2B90
:10D9900002D081F86400704781F864207047B84A6B
:10D9A0000023126882F85D3042F84C1F90800120FD
:10D9B00050747047B24A0023126882F85C30A2F8B3
:10D9C000580042F8541F012010727047AC49096892
:10D9D00081F835007047AA49096881F85F007047EF
:10D9E000A748006890F95F007047A548006890F864
:10D9F000220000F001007047A148006890F8220062
:10DA0000C0F340007047002070479D48006890F8C0
:10DA10002200C0F3C000704701207047012070470A
:10DA20000120704770B500F0FAFB954C2068016E3C
:10DA3000491C016690F83300002530B106F0ACFFB8
:10DA400006F08EFA206880F833502068457090F810
:10DA5000381009B102201AE090F86410B1B1006EDC
:10DA6000814213D8022007F095FF206890F8220029
:10DA7000C00704D0A06843220188012003E04322AC
:10DA80004FF6FF710020BDE8704018E50020BDE8AA
:10DA9000704007F07FBF10B501280DD002280DD0CF
:10DAA00004280FD0FFDF7648006890F85E10BDE8CC
:10DAB0001040252006F0FEBB252000E0262006F0C1
:10DAC000D3FCF0E72720FAE702460020D30701D075
:10DAD000CB0705D0930705D58B0703D402207047E9
:10DAE000012070475207FCD54907FAD4042070473B
:10DAF0002DE9F041624C86B0206800B9FFDF206854
:10DB00004178E9BB0178FF2942D0002580F83150E7
:10DB1000A0F85A50857080F83850284606F09EFECE
:10DB2000182259496846FFF704FC684606F08AFE49
:10DB300006F0CCFB206890F95F0006F085FC5248A7
:10DB40001D3806F087FC5048203806F06CFE6068EF
:10DB500006F087FE2068002190F82400FFF7B4FF4C
:10DB6000FFF799FF206880F82C5006F071FE2068BE
:10DB700090F85E10002006F030FD0F21052000E037
:10DB800006E006F038FC206890F82E1051B902E04B
:10DB90000C2006B027E690F82F1019B990F8220053
:10DBA00040072BD504F009FC804620684146806878
:10DBB00005F004F9354F064690FBF7F007FB1060BF
:10DBC0004142404604F0CDF82168886096FBF7F0AA
:10DBD0004A68104448600BF0BFF821684A689042D8
:10DBE0000CD8C1E901580120FFF7C0FD206890F86A
:10DBF0002200400702D50120FFF795FD2068417BF8
:10DC00000E3006F0EAFB206890F85C1039B1B0F8ED
:10DC10005810A0F84810416D416480F85C5090F8AD
:10DC20005D1041B1B0F85010A0F84010C16C40F840
:10DC30003C1F80F821500BF0FCF8032160680BF0CA
:10DC40002FF9216881F833000020A2E70C49886091
:10DC500070472DE9F0410A4C0746002620683146FE
:10DC6000C57E6068068000F0D1FA2068408C1328D9
:10DC700040D00DDC102861D012280DD15CE00000EE
:10DC800064000020A4050020B0B1010040420F0054
:10DC9000152838D01D2836D0FFDF00BF00F0CAFAA3
:10DCA0002068418C1D2907D0152905D0B0F84820DF
:10DCB000416C60680BF028FD206890F82C1090F8FB
:10DCC0002400FFF701FF05463FB1FFF7E4FE012204
:10DCD0004FF49671002006F01EFD206890F82C107D
:10DCE000294380F82C1090F824208A434FF001013A
:10DCF00029D02DE0002160680BF0C4FC0121606890
:10DD000000F084FACAE7012160680BF0BBFC012136
:10DD1000606800F07BFAD4E9001025B11C310BF0EB
:10DD2000DDFC012104E015310BF0D8FC2068017DF9
:10DD300060680BF0E2FCB1E7062100E002216068B8
:10DD40000BF0A0FCAAE7428C1D2A0BD080F8311002
:10DD50004170418C13290ED007DC10290AD01229FA
:10DD600007D108E080F82C60F2E7152903D01D29BF
:10DD700001D0FFDF37E590F85E20BDE8F0410121DA
:10DD8000084606F05ABEF84810B50068417841B917
:10DD90000078FF2805D00021084600F059FA00203D
:10DDA00010BD00F03CFA0C2010BD2DE9F041EE4D05
:10DDB0000446174628680E4690F8660000B1FFDF5B
:10DDC0002968002F81F868704ED12088A1F86A0078
:10DDD0006088A1F88000A088A1F88200E088A1F8FE
:10DDE000840094F88C0181F8860091F82F0020B10E
:10DDF000487B0E3100F0FFF940B9296891F83000F6
:10DE000060B1487B0E3100F0EDF938B12868D0F8E8
:10DE10000E104167418AA0F8781003E02868476730
:10DE2000A0F878706968FF2E0878C0F380106076DB
:10DE3000D1F80300C4F81A00B1F80710E18314D038
:10DE4000296801F16E02C1F87A00E08BA1F87E002A
:10DE500030466D310AF099FF00B9FFDF286810F8ED
:10DE60006D1F41F002010170BDE42868C0F87A70AE
:10DE7000A0F87E70617E80F86D10D4F81A1040F81A
:10DE80006E1FE18B8180AEE470B5FFF7BEFDB64C2E
:10DE9000012538B13C22FF21A068FFF786FF2068EA
:10DEA00080F86650206890F82200C00704D0A0686F
:10DEB0003C220188012003E03C224FF6FF71002044
:10DEC000FFF7FDFA206880F8385070BDA649096850
:10DED00081F83200704770B5002507F0BAFC50B1E8
:10DEE000A14C20684178012908D0022901D00329DA
:10DEF00036D0FFDF70BDBDE8704093E58178002922
:10DF0000F8D1418C102913D090F8330020B106F0DD
:10DF100019F8402006F02DFD206890F822104907DE
:10DF200010D490F83610012904D0032902D002E061
:10DF3000002119E0102590F85E2045F00E01002028
:10DF400006F07BFD206890F8340008B106F054FD1F
:10DF50000021962006F0B1FC21680220487070BDB7
:10DF600081780029FBD18178BDE87040012000F064
:10DF70006FB957E510B57C4C206890F8340008B1B3
:10DF800000F07AF9206890F8330018B106F004FD2B
:10DF900005F0E6FF07F05DFC88B1206840780228B4
:10DFA00000D0FFDF0021012000F052F92068417805
:10DFB000002903D04078012800D0FFDF10BDBDE864
:10DFC00010402FE510B50AF0CBFE04460AF07DFFA5
:10DFD00038B120460AF052FE18B110210BF025F995
:10DFE00008B1002010BD012010BD2DE9F047DFF879
:10DFF00078910E460746032809D0FFF7F6FC044641
:10E00000D9F8000090F8320020B1012003E0FFF7BA
:10E01000F3FC04460020804606F018FA0546032F5C
:10E020002BD0012734EA080453D0D9F800004C461D
:10E0300090F8330068B10AF0E2FE30700146FF2824
:10E0400007D06068C01C0AF0B7FE30780AF0E1FE25
:10E05000054360680178C1F3801221680B7D9A4204
:10E0600005D10622C01C1531FFF736F938B1002062
:10E070003178FF290BD0D8B903E00227D2E701207D
:10E08000F6E7206890F82D00884211D008E038B1FA
:10E09000616811F8030BC0F38010FFF793FF38B1EC
:10E0A0000020216891F82210490703D5A0B910E09B
:10E0B0000120F6E785B92D4890F8360008B1B8423E
:10E0C00007D1616811F8030BC0F38010FFF77AFFE6
:10E0D00010B10020BDE8F0870120FBE7F8B5224C25
:10E0E0000746002520684078022800D0FFDF20681E
:10E0F00090F8340008B100F0BFF860680BF0E4FA63
:10E1000006460FB306F073F9F0B1052E1DD1606815
:10E1100090F8240000F01F00102816D9206890F80D
:10E12000350090B1FF208DF80000012569460520DB
:10E13000FFF75BFF40B1206880F8A05061682222A1
:10E14000A130C91CFFF7F5F815E060680BF0FCFA88
:10E1500088B1062E0FD2DFE806F00E0E0E030E0B6E
:10E1600000F0CDF806E0000064000020A4050020C7
:10E1700000F091F800B90125206890F8330018B13B
:10E1800006F00AFC05F0ECFE1DB10021012000F0B4
:10E190005FF820684178002906D04178012903D032
:10E1A0004078032800D0FFDFF8BD70B59F4E0546CC
:10E1B0000C463068807800280BD106F02FF8034613
:10E1C0003068214690F85E202846BDE8704007F090
:10E1D000C1BD70BD022803D0032801D000207047C4
:10E1E00001207047012802D14879800901D0002020
:10E1F000704701207047012806D148790121B1EB11
:10E20000901F01D101207047002070470278202321
:10E2100022F0200203EA41110A430270704710B550
:10E2200006F09AFB06F079FB06F0C8FABDE810404C
:10E2300006F0FFBA10B57D4C7D4960680BF048FAD6
:10E240007B480E38417B6068BDE810400BF04CBA4B
:10E25000764A10B5126892F831303BB1508C1D28C7
:10E2600000D1FFDFBDE81040FFF7DCBB002902D181
:10E27000BDE81040EDE410BD10B56C4C206837309F
:10E2800006F0C5FB18B921687F2081F83700BDE88A
:10E29000104006F0A7BB38B5FF208DF8000001251F
:10E2A00069460520FFF7A1FE30B3604C20688078F6
:10E2B00008BB6268A0681278417BC2F3401211402B
:10E2C0004173012100F04AF800229DF80010A06877
:10E2D000FFF76BFD2068012100F8661F82788188B6
:10E2E0000120FFF7ECF8216800204870FFF797FF46
:10E2F000012007F04FFB00E00025284638BD38B567
:10E30000FF208DF80000012569460320FFF76DFE10
:10E31000464C002820681CD090F8341031B190F899
:10E32000960018B99DF8000000F04CF860680021D4
:10E33000018004210BF0A6F9FFF77CFF2068B0F8FC
:10E340004020C16B60680BF0EFF921680320487032
:10E3500002E0807800B90025284638BD70B5334DFD
:10E360000446686850F80F2FC4F80E208288628235
:10E3700082792275C27962750289E282428962805D
:10E380008289A280C289E2800269A260027D227332
:10E39000427D02F01F022276407D400984F88C0104
:10E3A00084F8641084F86510002104F130000BF04B
:10E3B0002AFB286890F8651004F8661F90F85F0043
:10E3C000607070BD70B5194C0122216881F89620EB
:10E3D0000A7881F89720FF280DD001F19902983131
:10E3E0000AF0D3FC00B9FFDF206810F8981F41F055
:10E3F000020101700CE060680278C2F3801281F8BB
:10E400009820D0F8032041F8992FB0F807008880B1
:10E41000256895F837009F357F2800D1FFDF2068F9
:10E4200010F8371F29707F21017070BD6400002033
:10E43000B20500202DE9FC470C460646694600F06F
:10E4400010FF002860D1FFF7CAF8B0425CD0214627
:10E45000304608F0DEFF28BB019D95F82C01703591
:10E4600018B9287F08B1012000E00020814695F806
:10E4700039004FF000084FF0010AA0B195F83A00BA
:10E48000800710D584F8018084F800A084F8028009
:10E49000A68095F83B10A171A98F2181E98F618138
:10E4A00085F839802DE0304601F04DFF070000D19E
:10E4B000FFDF384601F06DF940B184F801800D218D
:10E4C0002170A680E08084F802A01AE0304601F0B6
:10E4D00028FF070000D1FFDFB9F1000F14D0384644
:10E4E00001F0AFF980B1304606F01EFD84F80180DE
:10E4F0000A21217084F80280A680697FA17185F8C5
:10E500001C800120BDE8FC870020FBE71CB56946A4
:10E5100000F0A7FE00B1FFDF684600F0AFFEF9494A
:10E5200000208968A1F8F2001CBD2DE9FC410446D9
:10E530000E46062001F06EFD00250746A84606445B
:10E5400017E02088401C80B22080B04202D34046B1
:10E55000A4F8008080B2B84204D3B04202D20020B6
:10E56000BDE8FC81694600F07CFE0028F8D06D1CF7
:10E57000EDB2AE42E5D84FF6FF7020801220EFE7F3
:10E5800010B506F043FD0AF026FBDF484FF6FF7199
:10E5900000234182818203701B2141804FF4A472C9
:10E5A0008280C180028103228275C2758272042436
:10E5B000C4728181C1810282837610BD70B5D14C55
:10E5C0000D466060217006F0ADFC00F063FEFFF7C1
:10E5D000D7FF207809F09EFD284607F04DFACA487B
:10E5E0002838FFF72DF82178606808F0F6FFBDE8BD
:10E5F00070400AF0F0BA10B501240AB1002010BD35
:10E6000021B1012903D00024204610BD02210BF0C6
:10E61000CBF8F9E7887800B90320C97801B903215C
:10E62000107019700020704730B587B0044600881C
:10E63000694600F016FE002806D1A08830B10128F6
:10E6400004D0022802D0122007B030BD05AB04AAC6
:10E6500021466846FFF7DEFF0400F5D1019901204D
:10E6600081F8C501019991F81012002539B9019975
:10E6700091F8C41119B9019991F8971009B13A2488
:10E6800015E00199039581F8C40101989DF81020C7
:10E6900080F8C621019B9DF8140083F8C7018DF80E
:10E6A0000C208DF80D0003AA01200AF0F4FE019859
:10E6B00080F8C5512046C7E710B504460020A17870
:10E6C00001B90120E2780AB940F0020000F0F6FD3D
:10E6D000002803D12046BDE81040A5E710BD70B565
:10E6E0000D4604460189002380880AF0C9FE696A44
:10E6F00081421DD2401A401CA1884008091A8AB2E2
:10E70000A2802189081A2081668895F86410104635
:10E710000AF08DFE864200D230466080E68895F889
:10E72000651020890AF083FE864200D23046E080E0
:10E7300070BDF0B585B00D46064603A900F091FD09
:10E7400000282AD104990022FB20B1F84E30FB2B7F
:10E7500000D30346B1F85040FB20FB2C00D3044605
:10E76000DFF8A8C19CE8811000900197CDF808C09F
:10E77000ADF80230ADF806406846FFF7B0FF6E8096
:10E78000BDF80400E880BDF808006881BDF802000B
:10E79000A880BDF806002881002005B0F0BD2DE955
:10E7A000F04186B004460088694600F05AFD002812
:10E7B00059D12189E08800F09BFD002853D1A18820
:10E7C000608800F095FD00284DD12189E08800F097
:10E7D00085FD002847D1A188608800F07FFD0600F4
:10E7E00041D1208802A9FFF7A4FF00B1FFDFBDF8E7
:10E7F000101062880920914235D3BDF80C10E288D0
:10E80000914230D3BDF81210BDF80E202389114477
:10E81000A2881A44914226D3019D01274FF0000897
:10E8200085F8BB71019890F8FC0105F5DD7508B11C
:10E830003A2615E0E08868806088E880218940F603
:10E840004800814200D30146A980A188814200D2BC
:10E8500008462881002228460199FFF740FF2F70C3
:10E8600085F80180304606B0BDE8F08197E710B525
:10E870000446FEF761FE002813D0207814280FD13B
:10E88000A07868B1A088062101F018FC40B100888A
:10E8900006F04AFBA088062101F022FC00B1FFDF50
:10E8A000012010BD2DE9F041060000D1FFDF164820
:10E8B000022114308046FFF738FE00B1FFDF124C12
:10E8C0000620A78A01F0A6FB0546A08AA84203D12C
:10E8D0003046FFF7CCFF20B9A08A3146FFF7AAFDEA
:10E8E00030B1304600F012FD0028EED10120BBE728
:10E8F00002214046FFF719FE10B9A08AB842E4D1C0
:10E900000020B1E77000002090060020C8B101008F
:10E9100010B500F083FC08B10C2010BD0AF096F988
:10E92000002010BD10B50446007818B1012801D0B0
:10E93000122010BD00F07DFC20B10AF0FDF908B1F5
:10E940000C2010BD207800F053FCE21D04F11703E9
:10E95000611CBDE810400AF09BB910B5044600F0F8
:10E960005DFC08B10C2010BD207818B1012801D041
:10E97000122010BD00F03CFC611C0AF041F908B106
:10E98000002010BD072010BD10B50AF0D9F908B15C
:10E99000002010BD302010BD10B5044600F049FC29
:10E9A00008B10C2010BD20460AF0C2F9002010BDAD
:10E9B00010B500F03EFC20B10AF0BEF908B10C2001
:10E9C00010BD0AF0A7F9002010BDFF2181704FF69D
:10E9D000FF718180F84949680A7882718A880281CA
:10E9E0004988418101214170002070471CB50024F5
:10E9F00012F1080F15D00CDC12F1280F11D012F112
:10EA0000140F0ED012F1100F0BD012F10C0F0CD10D
:10EA100007E012F1040F04D01AB1032A01D0042A2E
:10EA200003D1012804D0032806D0122420461CBD9F
:10EA30001046FEF7D0FFF9E708461446694600F095
:10EA400010FC08B10224F1E7019880F86740002427
:10EA5000ECE710B5134601220AF003FC002010BDBC
:10EA600010B5044600F0E5FB08B10C2010BD2146AE
:10EA7000002006F0CCFA002010BD10B5044607F0C7
:10EA800095F920B1207807F003F8002010BD0C2084
:10EA900010BD10B5044600F0CCFB08B10C2010BD31
:10EAA0002146012006F0B3FA002010BD38B5044617
:10EAB0004FF6FF70ADF80000A079E179884216D0DA
:10EAC0002079FEF78DFC90B16079FEF789FC70B17A
:10EAD0000022A07911460BF0DBFB40B90022E0795F
:10EAE00011460BF0D5FB10B9207A072801D9122066
:10EAF00038BD07F067F948B900216846FFF715FDF2
:10EB000020B1204605F0ADFB002038BD0C2038BDFB
:10EB10002DE9FC41817804461A2925D00EDC1629FE
:10EB20002DD2DFE801F02C2C2C2C2C212C2C2C2C81
:10EB30002C2C2C2C2C2C2C2C2C2121212A291ED0A5
:10EB40000BDCA1F11E010C2919D2DFE801F0181825
:10EB50001818181818181818180D3A3904290ED250
:10EB6000DFE801F00D020D022088B0F5706F06D2CB
:10EB70000127694600F075FB18B10220F0E412206D
:10EB8000EEE4019D68462E4605F5C87506F291161D
:10EB900000F05AFB08B1287808B10C20E0E42F708F
:10EBA000A0783070684600F069FB0020D8E41CB5FE
:10EBB0000C46694600F055FB002118B12160217117
:10EBC00002201CBD0198024610F1700080F842102E
:10EBD00093682360137B237190F84230002BF5D1AA
:10EBE00000201CBD10B5044600F023FB20B10AF044
:10EBF000A3F808B10C2010BD207800F0F9FAE279F2
:10EC0000611C0AF06EF908B1002010BD022010BD91
:10EC100010B5886E60B1002241F8682F0120CA71DA
:10EC2000897988400BF028FB002800D01F2010BDF8
:10EC30000C2010BD1CB50C46694600F012FB0028E4
:10EC400005D10198B0F87000401C208000201CBD48
:10EC50001CB504460088694600F003FB08B1022099
:10EC60001CBD606828B1DDE90001224600F09CFB74
:10EC70001CBDDDE90001FFF7CBFF1CBD10B500781E
:10EC8000012800D00020FEF7A1FE002010BDF0B545
:10EC900044888188C288038945898089A71F40F6F6
:10ECA0007B46B74215D28F1FB74212D28C4210D882
:10ECB000B2F5FA7F0DD2A3F10A04361FB44208D28E
:10ECC000521C4A43B2EB830F03DA854201D800207D
:10ECD000F0BD3020F0BDF8B515460E46044607F0ED
:10ECE00071F808B10C20F8BD204600F09CFB00280C
:10ECF000F9D1A078C1064FF01100F4D5E17D0329C8
:10ED0000F1D0FEF76DFE3070A07555B9FF208DF87B
:10ED1000000069460020FEF74DFE69460020FEF720
:10ED20003EFE2046BDE8F840FEF7BDBD0022D2E71A
:10ED30000078C10801D01220704720498876002051
:10ED4000704710B504460078C00704D1608810B140
:10ED5000FEF711FE80B12078618800F00102607832
:10ED600000F0ACFB002806D1FEF7FDFD01466088EF
:10ED7000884203D9072010BD122010BD6168FEF73C
:10ED800019FE002010BD10B504460078C00704D15C
:10ED9000608810B1FEF730FE90B12078618800F0F5
:10EDA0000102607800F08AFB002804D16088616865
:10EDB000FEF7F5FD002010BD700000209006002039
:10EDC0001220F8E77CB5044640784225012808D88F
:10EDD000A078FEF745FC20B120781225012802D04A
:10EDE00090B128467CBDFEF710FE20B1A088002817
:10EDF000F7D08028F5D8FEF70FFE60B160780028C4
:10EE0000EFD02078012808D006F07EF9044606F0FD
:10EE100009FE00287FD00C207CBDFEF762FC10B9F3
:10EE2000FEF7F1FD90B306F0CDFF0028F3D1FEF719
:10EE3000D6FBA0F57F41FF39EDD1FEF7D6FCA688C1
:10EE400042F210704643A079FEF79CFDFEF7CDFD1F
:10EE5000F8B10022062101A801F002F9040058D0FF
:10EE6000F7480021846020460AF01EF92046FEF78C
:10EE7000EDFEF44D04F13000AA89E989C2830184D2
:10EE8000FEF7CCFD60B1288A01210DE0FFE71220DA
:10EE90007CBD3146002006F0FEFD88B3FFDF44E074
:10EEA000FEF7BEFD0146288A06F090FE0146A062EC
:10EEB0000022204606F02BF9FEF7B0FD38B9FEF728
:10EEC000AFFD0246214601200AF0E3FAD0B1DD4A47
:10EED0002146163201200AF0DEFAE87A0090AB7A79
:10EEE000EA89A989208801F0A5F900B1FFDF20880F
:10EEF00006F019F83146204606F0CDFD00B1FFDFDF
:10EF000013E008E00621BDF8040001F0E9F800B1C3
:10EF1000FFDF09207CBD44B1208806F005F8208879
:10EF2000062101F0DDF800B1FFDF00207CBD0021EB
:10EF300048E770B50D46062101F0C0F8040003D083
:10EF400094F8930110B10AE0022070BD94F87D009E
:10EF5000142801D0152802D194F8E00108B10C2042
:10EF600070BD1022294604F5CA70FEF7E2F90120AF
:10EF700084F89301002070BD10B5062101F09EF8C1
:10EF800018B190F8931111B107E0022013E790F83F
:10EF90007D10142903D0152901D00C200BE7022184
:10EFA00080F89311002006E72DE9FC410D464BF651
:10EFB00080321221954213D895B1694600F051F97B
:10EFC00000280CD1019EB41C703627882A46394689
:10EFD00030460AF02AF82088B842F6D10020CDE564
:10EFE0000846CBE51CB504460088694600F039F9AF
:10EFF000002808D10199A378084691F82C20703197
:10F000009A4201D10C201CBD7F220A728A72002212
:10F01000CA72E17880F82D10217980F82E10A1783D
:10F0200080F82C1010461CBD1CB50C46694600F03B
:10F0300018F9002806D1019890F88C0000B1012041
:10F04000207000201CBD7CB50D461446694600F0BA
:10F0500008F9002805D1019890F82C00012801D06A
:10F060000C207CBD019890F87810297090F87900F8
:10F07000207000207CBD70B50D461646062101F0BB
:10F080001DF818B381880124C388428804EB410429
:10F09000AC4217D842F210746343A4106243B3FB2E
:10F0A000F2F2521E94B24FF4FA72944200D914460E
:10F0B000A54200D22C46491C641CB4FBF1F24A4321
:10F0C000521E91B290F8CC211AB901E0022070BD15
:10F0D00001843180002070BD10B50C46062100F07F
:10F0E000EDFF48B180F8FF4024B190F8FD1009B160
:10F0F00006F083FD00205EE602205CE6017899B10F
:10F10000417889B141881B290ED381881B290BD3F3
:10F11000C188022908D34B490268283941F8322FA7
:10F1200040684860002070471220704710B506F014
:10F130001EFD00203FE610B506F01CFD00203AE65B
:10F1400070B514460A46064600250121104606F011
:10F150003DFD002800D8284605460121304600F034
:10F160004EF806460121002000F049F8311801222E
:10F1700096318D4206D901F19600691AB1FBF0F083
:10F18000401C82B22280002070BD10B5044600F001
:10F1900050F808B10C200EE6601C09F08FFE2078B4
:10F1A00000F00100FEF7BAFA002004E610B50446AC
:10F1B000062000F021FF08B10C20FCE52078C007F4
:10F1C00010D00022607811460BF062F808B11220CE
:10F1D000F1E5A06808F073FD6078616808F078FDDB
:10F1E0000020E8E5002008F06AFD00210846F5E768
:10F1F00018B1022801D0012070470020704710B5D7
:10F20000012904D0022905D0FFDF2046D3E5C00044
:10F21000503001E080002C3084B2F6E710B506F0E3
:10F22000D1FD20B1FEF755FA08B10120C3E5002059
:10F23000C1E510B506F0C6FD002800D00120BAE5F2
:10F240007000002090060020416891F82C0191F890
:10F250008C1021B918B1042801D00120704700207A
:10F26000704710B50C46062100F028FF606018B109
:10F270000120207000209EE502209CE5416891F865
:10F28000FD20002A05D0002281F8FD20406806F00C
:10F29000B4BC704708B54FF6FF70ADF8000006E04B
:10F2A0000621BDF8000000F01BFF00B1FFDF0021C8
:10F2B0006846FFF73AF90028F2D008BD70B5144649
:10F2C0000546012200F00EF9002806D12146284605
:10F2D000BDE87040002200F005B970BDFB2803D8DE
:10F2E00040F64800814201D9112070470020704744
:10F2F0001B38E12806D2B1F5A47F03D344F2902055
:10F30000814201D912207047002070471FB58E49F5
:10F31000897ECA0702D10278192A0AD08A0702D444
:10F320000278182A24D0490739D40178122933D019
:10F3300035E04088ADF8000002A9FFF792FF00B168
:10F34000FFDF039810F8601F8DF8021040788DF8E9
:10F3500003000020ADF8040001B9FFDF9DF80300B1
:10F3600000B9FFDF6846FFF7A7F9D8B1FFDF19E062
:10F370004088ADF8000040F64800FB21ADF80400DD
:10F38000ADF80800ADF80210ADF806106846FFF7BA
:10F390006DFA38B1FFDF05E0007BC00702D0002026
:10F3A00004B008E50120FBE7F8B50646508914468D
:10F3B0000F4640B1B0F5004F05D20022A0781146AB
:10F3C0000AF066FF08B11220F8BDB86E394607F1A1
:10F3D000700530B1A07891F86E20904201D00C20D9
:10F3E000F8BD012081F86F00A07881F86E00606898
:10F3F00041F8680F608988802089A884002087F8F8
:10F400006F0020886946FFF715FCA88CBDF8001036
:10F41000081A00B2002804DD39463046FFF7F8FB31
:10F42000DDE70020F8BD38B504460078EF2841D864
:10F430006088ADF80000009800F061F888B361883A
:10F44000080708D4D4E90120824233D8202A31D3D6
:10F45000B0F5804F2ED8207B18B307282AD8607BC0
:10F4600028B1012803D0022801D0032822D14A075D
:10F4700003D4022801D0032805D1A07B08B10128BC
:10F4800018D1480707D4607D28B1012803D002288D
:10F4900001D003280ED1C806E07D03D5012809D18B
:10F4A00004E007E0012801D0032803D1E07E18B171
:10F4B000012801D0122038BD002038BD70B50C469F
:10F4C0000546FF2904D8FEF7A9FA18B11F2C01D967
:10F4D000122070BD2846FEF7C3F808B1002070BDA9
:10F4E000422070BD0AB1012200E00222024202D194
:10F4F000880802D109B1002070471120704780B2FE
:10F50000C1060BD401071CD481064FEAC07101D596
:10F51000B9B900E099B1800713D410E0410610D4C6
:10F5200081060ED4C1074FEA807104D0002902DBA6
:10F53000400704D405E0010703D4400701D40120AB
:10F5400070470020704700009006002030B5058805
:10F5500025F4004421448CB24FF4004194420AD275
:10F56000121B92B21B339A4201D2A94307E005F461
:10F570000041214303E0A21A92B2A9431143018042
:10F5800030BD0844083050434A31084480B27047C7
:10F5900070B51D4616460B46044629463046049A69
:10F5A000FFF7EFFF0646B34200D2FFDF282200211B
:10F5B0002046FDF7E8FE4FF6FF70A082283EB0B26D
:10F5C00065776080B0F5004F00D9FFDF618805F1F5
:10F5D0003C00814200D2FFDF60880835401B343890
:10F5E00080B220801B2800D21B2020800020A07722
:10F5F00070BD8161886170472DE9F05F0D46C1885B
:10F60000044600F12809008921F4004620F400484E
:10F6100000F063FB10B10020BDE8F09F4FF0000A3E
:10F620004FF0010BB0450CD9617FA8EB0600401AE2
:10F630000838854219DC09EB06000021058041806D
:10F640001AE06088617F801B471A083F0DD41B2F8A
:10F6500000DAFFDFBD4201DC294600E0B9B2681ADA
:10F660000204120C04D0424502DD84F817A0D2E750
:10F6700009EB06000180428084F817B0CCE770B532
:10F68000044600F12802C088E37D20F400402BB13D
:10F6900010440288438813448B4201D2002070BD7D
:10F6A00000258A4202D30180458008E0891A0904B6
:10F6B000090C418003D0A01D00F01FFB08E0637F10
:10F6C00000880833184481B26288A01DFFF73EFF0E
:10F6D000E575012070BD70B5034600F12804C588AA
:10F6E000808820F400462644A84202D100201882D7
:10F6F00070BD98893588A84206D3401B75882D1A9D
:10F700002044ADB2C01E05E02C1AA5B25C7F204497
:10F710003044401D0C88AC4200D90D809C8924B136
:10F72000002414700988198270BD0124F9E770B5AE
:10F73000044600F12801808820F400404518208A02
:10F74000002825D0A189084480B2A08129886A8830
:10F750001144814200D2FFDF2888698800260844CE
:10F76000A189884212D1A069807F2871698819B166
:10F77000201D00F0C2FA08E0637F2888083318448F
:10F7800081B26288201DFFF7E1FEA681268201205A
:10F7900070BD2DE9F041418987880026044600F1BB
:10F7A0002805B94219D004F10A0800BF21F400402D
:10F7B0002844418819B1404600F09FFA08E0637F71
:10F7C00000880833184481B262884046FFF7BEFEC5
:10F7D000761C6189B6B2B942E8D13046BDE8F08105
:10F7E0002DE9F04104460B4627892830A68827F4E6
:10F7F0000041B4F80A8001440D46B74201D100200F
:10F80000ECE70AB1481D106023B1627F691D1846FC
:10F81000FDF78FFD2E88698804F1080021B18A194F
:10F8200096B200F06AFA06E0637F6288083399199D
:10F8300089B2FFF78BFE474501D1208960813046B0
:10F84000CCE78188C088814201D101207047002027
:10F85000704701898088814201D1012070470020D2
:10F86000704770B58588C38800F1280425F40042EC
:10F8700023F4004114449D421AD08389058A5E19FD
:10F8800025886388EC18A64214D313B18B4211D398
:10F890000EE0437F08325C192244408892B2801AFD
:10F8A00080B22333984201D211B103E08A4201D1E0
:10F8B000002070BD012070BD2DE9F0478846C18849
:10F8C0000446008921F4004604F1280720F400458D
:10F8D00007EB060900F001FA002178BBB54204D914
:10F8E000627FA81B801A002503E06088627F801B6E
:10F8F000801A083823D4E28962B1B9F80020B9F837
:10F9000002303BB1E81A2177404518DBE0893844E2
:10F91000801A09E0801A217740450ADB607FE1897F
:10F920000830304439440844C01EA4F81280BDE8B1
:10F93000F087454503DB01202077E7E7FFE7618299
:10F940000020F4E72DE9F74F044600F12805C088B0
:10F95000884620F4004A608A05EB0A0608B1404553
:10F9600002D20020BDE8FE8FE08978B13788B6F872
:10F97000029007EB0901884200D0FFDF207F4FF0A3
:10F98000000B50EA090106D088B33BE00027A07FB6
:10F99000B9463071F2E7E18959B1607F29440830F6
:10F9A00050440844B4F81F1020F8031D94F82110A7
:10F9B0008170E28907EB080002EB0801E1813080E9
:10F9C000A6F802B002985F4650B1637F30880833D2
:10F9D000184481B26288A01DFFF7B8FDE78121E0DD
:10F9E000607FE18908305044294408442DE0FFE756
:10F9F000E089B4F81F102844C01B20F8031D94F8B8
:10FA00002110817009EB0800E28981B202EB080045
:10FA1000E081378071800298A0B1A01D00F06DF9DF
:10FA2000A4F80EB0A07F401CA077A07D08B1E088AC
:10FA3000A08284F816B000BFA4F812B084F817B002
:10FA400001208FE7E0892844C01B30F8031DA4F88B
:10FA50001F10807884F82100EEE710B5818800F14E
:10FA6000280321F400442344848AC288A14212D08E
:10FA7000914210D0818971B9826972B11046FFF745
:10FA8000E8FE50B91089283220F40040104419795A
:10FA90000079884201D1002010BD184610BD00F148
:10FAA0002803407F08300844C01E1060088808B949
:10FAB000DB1E136008884988084480B270472DE92E
:10FAC000F04100F12806407F1C460830904643185C
:10FAD00008884D88069ADB1EA0B1C01C80B29042F7
:10FAE00014D9801AA04200DB204687B298183A4603
:10FAF0004146FDF7F1FB002816D1E01B84B2B84463
:10FB0000002005E0ED1CADB2F61EE8E7101A80B249
:10FB10000119A94206D8304422464146BDE8F041C9
:10FB2000FDF7DABB4FF0FF3058E62DE9F04100F168
:10FB30002804407F1E460830904643180025088858
:10FB40004F88069ADB1E90B1C01C80B2904212D939
:10FB5000801AB04200DB304685B299182A464046EA
:10FB6000FDF7E7FB701B86B2A844002005E0FF1CF0
:10FB7000BFB2E41EEAE7101A80B28119B94206D872
:10FB8000211832464046FDF7D4FBA81985B2284615
:10FB900024E62DE9F04100F12804407F1E4608309C
:10FBA00090464318002508884F88069ADB1E90B1BE
:10FBB000C01C80B2904212D9801AB04200DB30469D
:10FBC00085B298182A464146FDF7B3FB701B86B2F2
:10FBD000A844002005E0FF1CBFB2E41EEAE7101AAB
:10FBE00080B28119B94206D8204432464146FDF719
:10FBF000A0FBA81985B22846F0E5401D704710B556
:10FC0000044600F12801C288808820F4004319448A
:10FC1000904206D0A28922B9228A12B9A28A9042C1
:10FC200001D1002010BD0888498831B1201D00F0A5
:10FC300064F800202082012010BD637F62880833B1
:10FC4000184481B2201DFFF781FCF2E70021C18139
:10FC500001774182C1758175704703881380C2891D
:10FC600042B1C28822F4004300F128021A440A601B
:10FC7000C08970470020704710B50446808AA0F5FF
:10FC80007F41FF3900D0FFDFE088A082E08900B12A
:10FC90000120A07510BD4FF6FF7181820021817592
:10FCA000704710B50446808AA0F57F41FF3900D126
:10FCB000FFDFA07D28B9A088A18A884201D1002059
:10FCC00010BD012010BD8188828A914201D1807DC2
:10FCD00008B1002070470120704720F4004221F451
:10FCE00000439A4207D100F4004001F400418842E9
:10FCF00001D0012070470020704730B504460088CD
:10FD00000D4620F40040A84200D2FFDF21884FF4C6
:10FD1000004088432843208030BD70B50C00054664
:10FD200009D0082C00D2FFDF1DB1A1B2286800F075
:10FD300044F8201D70BD0DB100202860002070BD6A
:10FD40000021026803E093881268194489B2002AEE
:10FD5000F9D100F032B870B500260D4604460829E6
:10FD600000D2FFDF206808B91EE0044620688188C1
:10FD7000A94202D001680029F7D181880646A9422C
:10FD800001D100680DE005F1080293B2002299420A
:10FD900009D32844491B02608180216809682160D9
:10FDA0000160206000E00026304670BD00230B603B
:10FDB0008A8002680A600160704700234360021D68
:10FDC000018102607047F0B50F46018840881546F2
:10FDD0000C181E46AC4200D3641B3044A84200D924
:10FDE000FFDFA019A84200D9FFDF3819F0BD2DE9C7
:10FDF000F041884606460188408815460C181F4683
:10FE0000AC4200D3641B3844A84200D9FFDFE0199C
:10FE1000A84200D9FFDF70883844708008EB0400E6
:10FE2000BDE8F0812DE9F041054600881E461746E1
:10FE3000841B8846BC4200D33C442C8068883044F4
:10FE4000B84200D9FFDFA019B84200D9FFDF6888A7
:10FE50003044688008EB0400E2E72DE9F0410688B1
:10FE60001D460446701980B2174688462080B84265
:10FE700001D3C01B20806088A84200D2FFDF701928
:10FE8000B84200D9FFDF6088401B608008EB0600A5
:10FE9000C6E730B50D460188CC18944200D3A41AA9
:10FEA0004088984200D8FFDF281930BD2DE9F04185
:10FEB000BF4D04469046A8780E46A04200D8FFDF0A
:10FEC00005EB8607786A50F8240000B1FFDFB868B8
:10FED000002816D0304600F032F90146B868FFF726
:10FEE0003AFF05000CD0786A072E40F8245000D362
:10FEF000FFDFB0484246294650F826302046984752
:10FF00002846BDE8F0812DE9F84305000C46009530
:10FF100024D00026E81C20F00300A84200D0FFDF18
:10FF2000DFF88C820027314688F8007088F801409D
:10FF300088F8024088F8034088F8044088F80540B3
:10FF400088F80640684600F003F900204246009910
:10FF5000C91C21F00301009116B10FE00126D9E779
:10FF600002EB80035962002106E000BFD3F824C0F1
:10FF70004CF82170491CC9B2A142F7D30099401C2A
:10FF800001EB8401C0B200910728E0D3481BBDE813
:10FF9000F88310B50446F1F774F908B1102010BDCC
:10FFA0002078834A618802EB800092780EE0436AF1
:10FFB00053F8213043B14A1C6280A180406A50F856
:10FFC0002100A060002010BD491C89B28A42EED8F1
:10FFD0006180052010BD70B505460C460846F1F756
:10FFE00050F908B1102070BD072D01D3072070BD56
:10FFF00025700020608070BD0EB56946FFF7EBFFED
:020000040001F9
:1000000000B1FFDF6846FFF7C4FF08B100200EBD56
:1000100001200EBD10B50446072800D3FFDF644859
:10002000005D10BD3EB5054600246946FFF7D3FFCD
:1000300018B1FFDF01E0641CE4B26846FFF7A9FFD6
:100040000028F8D02846FFF7E5FF001BC0B23EBDF0
:1000500057498978814201D9C0B27047FF20704763
:100060002DE9F04106291BD1514C00273B464FF6A4
:10007000FF7604EB810514F801C00AE0DC19D5F81D
:1000800024E0A4B25EF824E0BEF1000F04D05B1CB3
:100090009BB29C45F2D8344604802046B44201D13C
:1000A00000202EE7BDE8F04100E7A0F57F43FF3BCD
:1000B00001D0072901D300207047F7E6A0F57F4261
:1000C000FF3A0BD0072909D2394A9378834205D9E0
:1000D00002EB8101496A51F8200070470020704707
:1000E0002DE9F04104460D46A4F57F4143F202009C
:1000F000FF3902D0072D01D3072002E72C494FF02A
:1001000000088A78A242F8D901EB8506726A52F893
:100110002470002FF1D0274839461C3050F8252094
:1001200020469047716A284641F8248000F007F87D
:1001300002463946B068FFF739FE0020E1E61D4966
:10014000383131F810004FF6FC71C01C0840704780
:100150002DE9F843164E8846054600242868C01C41
:1001600020F0030028602046FFF7E9FF315D484397
:10017000B8F1000F01D0002200E02A680146009289
:1001800032B100274FEA0D00FFF7C7FD1FB106E0AF
:1001900001270020F8E706EB8401009A8A602968AD
:1001A000641C0844E4B22860072CD7D3EFE60000B3
:1001B000AC060020D4B1010070B50E461D461146B4
:1001C00000F0D5F804462946304600F0D9F820441E
:1001D000001D70BD2DE9F04190460D4604004FF022
:1001E000000610D00027E01C20F00300A04200D041
:1001F000FFDFE5B141460020FFF78FFD0C3000EB3B
:10020000850617B113E00127EDE7624F04F10C00FA
:10021000AA003C602572606000EB85002060002130
:100220006068FDF7B0F841463868FFF776FD304664
:10023000BDE8F0812DE9FF4F564C804681B0206823
:100240009A46934600B9FFDF2068027A424503D9F7
:10025000416851F8280020B143F2020005B0BDE822
:10026000F08F5146029800F082F886B258460E99F7
:1002700000F086F885B27019001D87B22068A1468B
:1002800039460068FFF767FD04001FD067802580AE
:100290002946201D0E9D07465A4601230095FFF76B
:1002A00077F92088314638440123029ACDF800A01E
:1002B000FFF76EF92088C1193846FFF79AF9D9F887
:1002C00000004168002041F82840C7E70420C5E746
:1002D00070B5304C0546206800B9FFDF2068017A10
:1002E000A9420ED9426852F8251051B1002342F8B4
:1002F00025304A880068FFF759FD216800200A7AF6
:1003000008E043F2020070BD4B6853F8203033B967
:10031000401CC0B28242F7D80868FFF711FD0020E8
:1003200070BD70B51B4E05460024306800B9FFDF74
:100330003068017AA94204D9406850F8250000B11C
:10034000041D204670BD70B5124E0546002430686D
:1003500000B9FFDF3068017AA94206D9406850F839
:10036000251011B131F8040B4418204670BD10B5AA
:100370000A460121FFF705F9C01C20F0030010BD5B
:1003800010B50A460121FFF7FCF8C01C20F003005D
:1003900010BD00007C00002070B50446C2F11005BD
:1003A0002819FCF7C6FF15F0FF0109D0491ECAB293
:1003B0008020A0542046BDE870400021FCF7E3BF38
:1003C00070BD30B505E05B1EDBB2CC5CD55C6C402B
:1003D000C454002BF7D130BD10B5002409E00B78D0
:1003E000521E44EA430300F8013B11F8013BD2B22C
:1003F000DC09002AF3D110BD2DE9F04389B01E4677
:10040000DDE9107990460D00044622D002460846E8
:10041000F949FEF71EFB102221463846FFF7DCFFA4
:10042000E07B000606D5F44A394610231032084610
:10043000FFF7C7FF102239464846FFF7CDFFF87B8C
:10044000000606D5EC4A4946102310320846FFF74D
:10045000B8FF102200212046FCF795FF0DE0103E6A
:10046000B6B208EB0601102322466846FFF7A9FF43
:10047000224628466946FEF7ECFA102EEFD818D02F
:10048000F2B241466846FFF787FF10234A466946A5
:1004900004A8FFF796FF1023224604A96846FFF739
:1004A00090FF224628466946FEF7D3FA09B0BDE818
:1004B000F08310233A464146EAE770B59CB01E46E9
:1004C0000546134620980C468DF808002022194650
:1004D0000DF10900FCF72DFF202221460DF1290026
:1004E000FCF727FF17A913A8CDE90001412302AAB1
:1004F00031462846FFF780FF1CB070BD2DE9FF4F45
:100500009FB014AEDDE92D5410AFBB49CDE90076A4
:10051000202320311AA8FFF76FFF4FF000088DF855
:1005200008804FF001098DF8099054F8010FCDF8BB
:100530000A00A088ADF80E0014F8010C1022C0F3D8
:1005400040008DF8100055F8010FCDF81100A88873
:10055000ADF8150015F8010C2C99C0F340008DF88A
:10056000170006A88246FCF7E4FE0AA8834610227C
:100570002299FCF7DEFEA0483523083802AA40681D
:100580008DF83C80CDE900760E901AA91F98FFF7F0
:1005900033FF8DF808808DF809902068CDF80A00A7
:1005A000A088ADF80E0014F8010C1022C0F3400032
:1005B0008DF810002868CDF81100A888ADF8150056
:1005C00015F8010C2C99C0F340008DF81700504627
:1005D000FCF7AFFE584610222299FCF7AAFE864887
:1005E0003523083802AA40688DF83C90CDE90076A2
:1005F0000E901AA92098FFF7FFFE23B0BDE8F08FF8
:10060000F0B59BB00C460546DDE922101E461746A4
:10061000DDE92032D0F801C0CDF808C0B0F805C03F
:10062000ADF80CC00078C0F340008DF80E00D1F892
:100630000100CDF80F00B1F80500ADF813000878FF
:100640001946C0F340008DF815001088ADF816006B
:1006500090788DF818000DF119001022FCF769FE52
:100660000DF1290010223146FCF763FE0DF139002F
:1006700010223946FCF75DFE17A913A8CDE9000149
:10068000412302AA21462846FFF7B6FE1BB0F0BD63
:10069000F0B5A3B017460D4604461E46102202A828
:1006A0002899FCF746FE06A820223946FCF741FEB1
:1006B0000EA820222946FCF73CFE1EA91AA8CDE967
:1006C0000001502302AA314616A8FFF795FE16989E
:1006D000206023B0F0BDF0B589B00446DDE90E0717
:1006E0000D463978109EC1F340018DF80010317825
:1006F0009446C1F340018DF801101968CDF802103D
:100700009988ADF8061099798DF808100168CDF830
:1007100009108188ADF80D1080798DF80F00102335
:100720006A46614604A8FFF74CFE2246284604A903
:10073000FEF78FF9D6F801000090B6F80500ADF885
:100740000400D7F80100CDF80600B7F80500ADF8B1
:100750000A000020039010236A46214604A8FFF7F0
:1007600030FE2246284604A9FEF773F909B0F0BD11
:100770001FB51C6800945B6801931368029352686C
:100780000392024608466946FEF763F91FBD10B59D
:1007900088B00446106804905068059000200690C8
:1007A000079008466A4604A9FEF753F9BDF8000011
:1007B000208008B010BD1FB51288ADF800201A883F
:1007C000ADF80220002201920292039202460846EE
:1007D0006946FEF73EF91FBD7FB5074B1446054637
:1007E000083B9A1C6846FFF7E6FF22466946284602
:1007F000FFF7CDFF7FBD000022B2010070B50446B7
:1008000000780E46012813D0052802D0092813D1FC
:100810000EE0A06861690578042003F07FFA052DD9
:100820000AD0782300220420616903F0CDF903E0A7
:100830000420616903F072FA31462046BDE8704039
:1008400001F08AB810B500F12D03C2799C78411DE2
:10085000144064F30102C271D2070DD04A795C7969
:1008600022404A710A791B791A400A718278C97844
:100870008A4200D9817010BD00224A71F5E74178A3
:10088000012900D00C21017070472DE9F04F93B081
:100890004FF0000B0C690D468DF820B00978012649
:1008A0000C2017464FF00D084FF0110A4FF00809C1
:1008B0001B2975D2DFE811F01B00C40207031F03D8
:1008C0005E037103A303B803F9031A0462049504D9
:1008D000A204EF042D05370555056005F30536061E
:1008E000390668068406FE062207EB06F00614B1F8
:1008F00020781D282AD0D5F808805FEA08004FD05C
:1009000001208DF82000686A02220D908DF82420C5
:100910000A208DF82500A8690A90A8880028EED042
:1009200098F8001091B10F2910D27DD2DFE801F0C4
:100930007C1349DEFCFBFAF9F8F738089CF6F50061
:1009400002282DD124B120780C2801D00026F0E314
:100950008DF82020CBE10420696A03F0DFF9A88834
:100960000728EED1204600F0F2FF022809D02046E9
:1009700000F0EDFF032807D9204600F0E8FF072824
:1009800002D20120207004E0002CB8D02078012889
:10099000D7D198F80400C11F0A2902D30A2061E0C8
:1009A000C4E1A070D8F80010E162B8F80410218604
:1009B00098F8060084F83200012028700320207087
:1009C00044E00728BDD1002C99D020780D28B8D15B
:1009D00098F8031094F82F20C1F3C000C2F3C002AE
:1009E000104201D0062000E00720890707D198F8BF
:1009F00005100142D2D198F806100142CED194F8E8
:100A0000312098F8051020EA02021142C6D194F86C
:100A1000322098F8061090430142BFD198F80400A4
:100A2000C11F0A29BAD200E008E2617D81427CD868
:100A3000D8F800106160B8F80410218198F8060019
:100A4000A072012028700E20207003208DF8200055
:100A5000686A0D9004F12D000990601D0A900F3016
:100A60000B9022E12875FCE3412891D1204600F04B
:100A70006EFF042802D1E078C00704D1204600F0C0
:100A800066FF0F2884D1A88CD5F80C8080B24FF077
:100A9000400BE669FFF745FC324641465B464E4651
:100AA000CDF80090FFF741F80B208DF82000686A20
:100AB0000D90E0690990002108A8FFF79FFE2078BB
:100AC000042806D0A07D58B1012809D003280AD0F7
:100AD0004AE305202070032028708DF82060CEE1C5
:100AE00084F800A032E712202070EAE11128BCD17E
:100AF000204600F02CFF042802D1E078C00719D06E
:100B0000204600F024FF062805D1E078C00711D167
:100B1000A07D02280ED0204608E0CCE084E072E1FF
:100B200051E124E103E1E9E019E0B0E100F00FFF59
:100B300011289AD1102208F1010104F13C00FCF7C0
:100B4000F8FB607801286ED012202070E078C00792
:100B500060D0A07D0028C8D00128C6D05AE0112856
:100B600090D1204600F0F3FE082804D0204600F083
:100B7000EEFE132886D104F16C00102208F1010169
:100B80000646FCF7D6FB207808280DD014202070EC
:100B9000E178C8070DD0A07D02280AD06278022A29
:100BA00004D00328A1D035E00920F0E708B10128DE
:100BB00037D1C80713D0A07D02281DD00020009097
:100BC000D4E9062133460EA8FFF777FC10220EA9C0
:100BD00004F13C00FCF780FBC8B1042042E7D4E9F3
:100BE0000912201D8DE8070004F12C0332460EA8DF
:100BF000616BFFF770FDE9E7606BC1F34401491ECB
:100C00000068C84000F0010040F08000D7E720787D
:100C1000092806D185F800908DF8209036E32870D9
:100C2000EFE30920FBE79EE1112899D1204600F06F
:100C30008EFE0A2802D1E078C00704D1204600F0D9
:100C400086FE15288CD104F13C00102208F1010128
:100C50000646FCF76EFB20780A2816D01620207076
:100C6000D4E90932606B611D8DE80F0004F15C036B
:100C700004F16C0247310EA8FFF7C2FC10220EA946
:100C80003046FCF729FB18B1F9E20B20207073E223
:100C90002046FFF7D7FDA078216AC0F110020B189B
:100CA00000211846FCF76FFB26E3394608A8FFF73A
:100CB000A5FD06463CE20228B7D1204600F047FEDB
:100CC000042804D3204600F042FE082809D3204619
:100CD00000F03DFE0E2829D3204600F038FE1228F1
:100CE00024D2A07D0228A0D10E208DF82000686AB1
:100CF0000D9098F801008DF82400F5E3022894D1B6
:100D0000204600F024FE002810D0204600F01FFEF0
:100D10000128F9D0204600F01AFE0C28F4D0042057
:100D20008DF8240098F801008DF8250060E2112864
:100D3000FCD1002CFAD020781728F7D16178606AAE
:100D4000022912D05FF0000101EB4101182606EBE9
:100D5000C1011022405808F10101FCF7EAFA042011
:100D6000696A00F0E7FD2670F0E50121ECE70B2849
:100D7000DCD1002CDAD020781828D7D16078616ACD
:100D800002281CD05FF0000000EB4002102000EBB6
:100D9000C2000958B8F8010008806078616A02282A
:100DA0000FD0002000EB4002142000EBC2000958D5
:100DB000404650F8032F0A604068486039E001203F
:100DC000E2E70120EEE71128B0D1002CAED0207868
:100DD0001928ABD16178606A022912D05FF0000156
:100DE00001EB41011C2202EBC1011022405808F125
:100DF0000101FCF79EFA0420696A00F09BFD1A20AD
:100E0000B6E00121ECE7082890D1002C8ED02078A4
:100E10001A288BD1606A98F80120017862F34701A3
:100E20000170616AD8F8022041F8012FB8F8060075
:100E300088800420696A00F07DFD90E2072011E6B9
:100E40003878012894D1182204F114007968FCF74D
:100E500070FAE079C10894F82F0001EAD001E07837
:100E600061F30000E070217D002974D1217803290D
:100E700009D0C00725D0032028708DF82090686A1B
:100E80000D90412008E3607DA178884201D90620B9
:100E9000E8E502262671E179204621F0E001E171C2
:100EA000617A21F0F0016172A17A21F0F001A17262
:100EB000FFF7C8FC2E708DF82090686A0D9007200F
:100EC000EAE20420ABE6387805289DD18DF82000B1
:100ED000686A0D90B8680A900720ADF824000A9857
:100EE0008DF830B06168016021898180A17A8171BB
:100EF00004202070F8E23978052985D18DF820107A
:100F0000696A0D91391D09AE0EC986E80E004121AE
:100F1000ADF824108DF830B01070A88CD7F80C8084
:100F200080B24026A769FFF70EFA41463A4633469B
:100F3000C846CDF80090FEF72CFE002108A8FFF768
:100F40005DFCE07820F03E00801CE07020780528F1
:100F500002D00F200CE04AE1A07D20B1012802D090
:100F6000032802D002E10720BEE584F80080EDE40A
:100F70002070EBE4102104F15C0002F0E8FB606BF0
:100F8000B0BBA07D18B1012801D00520FDE00620EE
:100F90002870F8486063A063C2E23878022894D1D0
:100FA000387908B12875B7E3A07D022802D003285C
:100FB00005D022E0B8680028F5D060631CE06078B6
:100FC000012806D0A07994F82E10012805D0E94810
:100FD00006E0A17994F82E00F7E7B8680028E2D07F
:100FE0006063E078C00701D0012902D0E14803E046
:100FF00003E0F8680028D6D0A06306200FE68DF83D
:101000002090696A0D91E1784846C90709D0617856
:10101000022903D1A17D29B1012903D0A17D032992
:1010200000D00720287033E138780528BBD120781C
:1010300007281ED084F800A005208DF82000686ADB
:101040000D90B8680A90ADF824A08DF830B0032157
:101050000170E178CA070FD0A27D022A1AD00021C0
:101060000091D4E9061204F15C03401CFFF725FA55
:101070006BE384F80090DFE7D4E90923211D8DE8B4
:101080000E0004F12C0304F15C02401C616BFFF7BD
:1010900022FB5AE3626BC1F34401491E1268CA4045
:1010A00002F0010141F08001DAE738780528BDD16E
:1010B0008DF82000686A0D90B8680A90ADF824A0F9
:1010C0008DF830B0042100F8011B102204F15C01FE
:1010D000FCF72FF9002108A8FFF790FB20780928DA
:1010E00001D0132044E70A2020709AE5E078C10778
:1010F00042D0A17D012902D0022927D038E06178B1
:1011000008A8012916D004F16C010091D4E9061257
:1011100004F15C03001DFFF7BBFA0A2028700326C8
:101120008DF82080686A0D90002108A8FFF766FB03
:10113000E1E2C7E204F15C010091D4E9062104F187
:101140006C03001DFFF7A4FA0026E9E7C0F3440191
:1011500014290DD24FF0006101EBB0104FEAB060DE
:10116000E0706078012801D01020BDE40620FFE681
:10117000607801283FF4B6AC0A2050E5E178C90751
:1011800008D0A17D012903D10B202870042030E074
:1011900028702EE00E2028706078616B012818D02E
:1011A00004F15C0304F16C020EA8FFF7E1FA20469B
:1011B000FFF748FBA0780EAEC0F1100230440021CA
:1011C000FCF7E1F806208DF82000686A09960D907A
:1011D0009BE004F16C0304F15C020EA8FFF7C8FA6F
:1011E000E8E73978022903D139790029D0D0297567
:1011F00092E28DF82000686A0D9056E5387807284D
:10120000F6D1D4E909216078012808D004F16C00F6
:10121000CDE90002029105D104F16C0304E004F170
:101220005C00F5E704F15C0304F14C007A680646C3
:10123000216AFFF763F96078012822D1A078216A3A
:10124000C0F110020B1800211846FCF79CF8D4E9F5
:101250000923606B04F12D018DE80F0004F15C039C
:1012600000E05BE204F16C0231460EA8FFF7C8F91A
:1012700010220EA904F13C00FCF72EF808B10B2057
:10128000ACE485F8008000BF8DF82090686A0D906E
:101290008DF824A009E538780528A9D18DF820001B
:1012A000686A0D90B8680A90ADF824A08DF830B047
:1012B00080F80080617801291AD0D4E9092104F16D
:1012C0002D03A66B03910096CDE9013204F16C0366
:1012D00004F15C0204F14C01401CFFF791F900217C
:1012E00008A8FFF78BFA6078012805D015203FE6A3
:1012F000D4E90912631DE4E70E20287006208DF85A
:101300002000686ACDF824B00D90A0788DF82800F0
:10131000CBE438780328C0D1E079C00770D00F2023
:101320002870072065E7387804286BD11422391D0E
:1013300004F11400FBF7FDFF616A208CA1F809009D
:10134000616AA078C871E179626A01F003011172E3
:10135000616A627A0A73616AA07A81F824001620B1
:101360005DE485F800A08DF82090696A50460D91E3
:1013700092E0000022B201003878052842D1B86816
:10138000A8616178606A022901D0012100E0002192
:1013900001EB4101142606EBC1014058082102F07F
:1013A000D6F96178606A022901D0012100E00021AC
:1013B00001EB410106EBC101425802A8E169FFF7C8
:1013C0000BFA6078626A022801D0012000E0002058
:1013D00000EB4001102000EBC1000223105802A9CD
:1013E0000932FEF7EEFF626AFD4B0EA80932A169D1
:1013F000FFF7E1F96178606A022904D0012103E076
:1014000044E18DE0BFE0002101EB4101182606EB2D
:10141000C101A27840580EA9FBF78BFF6178606A82
:10142000022901D0012100E0002101EB410106EB7E
:10143000C1014158A0780B18C0F1100200211846D4
:10144000FBF7A1FF05208DF82000686A0D90A869C0
:101450000A90ADF824A08DF830B0062101706278B2
:10146000616A022A01D0012200E0002202EB42025E
:1014700006EBC202401C89581022FBF75AFF0021DC
:1014800008A8FFF7BBF91220C5F818B028708DF82E
:101490002090686A0D900B208DF8240005E43878C0
:1014A000052870D18DF82000686A0D90B8680A9000
:1014B0000B20ADF824000A98072101706178626A58
:1014C000022901D0012100E0002101EB410310219C
:1014D00001EBC30151580988A0F801106178626AD4
:1014E000022902D0012101E02FE1002101EB41039B
:1014F000142101EBC30151580A6840F8032F4968D1
:10150000416059E01920287001208DF8300074E600
:10151000162028708DF830B0002108A8FFF76EF96A
:10152000032617E114202870AEE6387805282AD162
:101530008DF82000686A0D90B8680A90ADF824A074
:101540008DF830B080F800906278616A4E46022AC9
:1015500001D0012200E0002202EB42021C2303EB37
:10156000C202401C89581022FBF7E3FE002108A8A4
:10157000FFF744F9152028708DF82060686A0D90F7
:101580008DF8246039E680E0387805287DD18DF823
:101590002000686A0D90B8680A90ADF8249009217F
:1015A00001706169097849084170616951F8012F3A
:1015B000C0F802208988C18020781C28A8D1A1E722
:1015C000E078C00702D04FF0060C01E04FF0070CA6
:1015D000607802280AD000BF4FF0000000EB040141
:1015E00001F1090105D04FF0010004E04FF00100C6
:1015F000F4E74FF000000B78204413EA0C030B7063
:1016000010F8092F02EA0C02027004D14FF01B0CF3
:1016100084F800C0D2B394F801C0BCF1010F00D02F
:101620009BB990F800C0E0465FEACC7C04D028F07B
:1016300001060670102606E05FEA887C05D528F0D2
:101640000206067013262E70032694F801C0BCF122
:10165000020F00D092B991F800C05FEACC7804D0B4
:101660002CF001060E70172106E05FEA8C7805D594
:101670002CF002060E701921217000260078D0BBD4
:10168000CAB3C3BB1C20207035E012E002E03878FA
:10169000062841D11A2015E4207801283CD00C28D6
:1016A0003AD02046FFF7EBF809208DF82000686A51
:1016B0000D9031E03878052805D0062038700326D3
:1016C0001820287046E005208DF82000696A0D91E9
:1016D000B9680A910221ADF8241001218DF830106B
:1016E0000A990870287D4870394608A8FFF786F8DF
:1016F000064618202870012E0ED02BE001208DF810
:101700002000686A0D9003208DF82400287D8DF854
:10171000250085F814B012E0287D80B11D202070CE
:10172000172028708DF82090686A0D9002208DF89F
:101730002400394608A8FFF761F806460AE00CB114
:10174000FE2020709DF8200020B1002108A8FFF79E
:1017500055F80CE413B03046BDE8F08F2DE9F043A6
:1017600087B00C464E6900218DF8041001202578C1
:10177000034602274FF007094FF0050C85B1012DF4
:1017800053D0022D39D1FE2030708DF80030606AC0
:10179000059003208DF80400207E8DF8050063E09D
:1017A0002179012925D002292DD0032928D0042907
:1017B00023D1B17D022920D131780D1F042D04D30E
:1017C0000A3D032D01D31D2917D12189022914D3E4
:1017D0008DF80470237020899DF80410884201E080
:1017E0001AB2010018D208208DF80000606A059036
:1017F00057E070780128EBD0052007B0BDE8F083F2
:101800001D203070E4E771780229F5D131780C2978
:10181000F3D18DF80490DDE7083402F804CB94E8A6
:101820000B0082E80B000320E7E71578052DE4D1D3
:101830008DF800C0656A0595956802958DF81010C1
:1018400094F80480B8F1010F13D0B8F1020F2DD035
:10185000B8F1030F1CD0B8F1040FCED1ADF804706D
:101860000E202870207E687000216846FEF7C6FFB3
:101870000CE0ADF804700B202870207E002100F0F1
:101880001F0068706846FEF7B9FF37700020B4E7A4
:10189000ADF804708DF8103085F800C0207E6870B7
:1018A000277011466846FEF7A9FFA6E7ADF8049039
:1018B0002B70207F6870607F00F00100A870A07F0F
:1018C00000F01F00E870E27F2A71C0071CD094F876
:1018D000200000F00700687194F8210000F0070074
:1018E000A87100216846FEF789FF2868F062A88881
:1018F0003086A87986F83200A0694078707528791A
:10190000B0700D203070C1E7A9716971E9E700B5C9
:1019100087B004280CD101208DF800008DF8040058
:10192000002005918DF8050001466846FEF766FF28
:1019300007B000BD70B50C46054602F0EFF9214630
:101940002846BDE870407823002202F03DB908B176
:10195000007870470C20704770B50C0005784FF088
:1019600000010CD021702146F1F757FC694821781D
:10197000405D884201D1032070BD022070BDF1F7A7
:101980004CFC002070BD0279012A05D000220A70AB
:101990004B78012B02D003E0042070470A758A615E
:1019A00002799300521C0271C15003207047F0B5B8
:1019B00087B00F4605460124287905EB800050F8D2
:1019C000046C7078411E02290AD252493A460839FD
:1019D00001EB8000314650F8043C28469847044605
:1019E0000CB1012C11D12879401E10F0FF00287194
:1019F00001D00324E0E70A208DF80000706A05900A
:101A0000002101966846FFF7A7FF032CD4D007B04A
:101A10002046F0BD70B515460A46044629461046D4
:101A2000FFF7C5FF064674B12078FE280BD1207C55
:101A300030B100202870294604F10C00FFF7B7FFF1
:101A40002046FEF71CFF304670BD704770B50E464D
:101A500004467C220021FBF796FC0225012E03D0D0
:101A6000022E04D0052070BD0120607000E065707A
:101A70002046FEF704FFA575002070BD28B1027C4A
:101A80001AB10A4600F10C01C4E70120704710B5F5
:101A9000044686B0042002F041F92078FE2806D0E2
:101AA00000208DF8000069462046FFF7E7FF06B0EA
:101AB00010BD7CB50E4600218DF804104178012937
:101AC00003D0022903D0002405E0046900E0446942
:101AD0000CB1217C89B16D4601462846FFF753FFC2
:101AE000032809D1324629462046FFF793FF9DF887
:101AF0000410002900D004207CBD04F10C05EBE7A4
:101B000030B40C460146034A204630BC024B0C3A26
:101B1000FEF751BE60B201001AB2010070B50D4669
:101B2000040012D08DB1220100212846FBF72BFCC6
:101B3000102255492846FBF7FCFB53480121083881
:101B4000018044804560002070BD012070BD70B5EB
:101B50004D4E00240546083E10E07068AA7B00EB5D
:101B60000410817B914208D1C17BEA7B914204D170
:101B70000C222946FBF7B0FB30B1641C308884424C
:101B8000EBDB4FF0FF3070BD204670BD70B50D46E9
:101B9000060006D02DB1FFF7DAFF002803DB401C5A
:101BA00014E0102070BD384C083C20886288411C2D
:101BB000914201D9042070BD6168102201EB001030
:101BC0003146FBF7B6FB2088401C2080287000209F
:101BD00070BD2D480838008870472B49083908889F
:101BE000012802D0401E08800020704770B51446BE
:101BF0000D0018D0BCB10021A170022802D010281D
:101C000011D105E0288870B10121A170108008E091
:101C10002846FFF79CFF002805DB401CA070A88920
:101C20002080002070BD012070BD70B505461446AF
:101C30000E000BD000203070A878012808D005D9FC
:101C40001149A1F108010A8890420AD9012070BD0A
:101C500024B1287820702888000A5070022008706B
:101C60000FE064B14968102201EB001120461039E1
:101C7000FBF75FFB287820732888000A6073102028
:101C80003070002070BD0000880000202DE9F04178
:101C900090460C4607460025C2EB4811FE48072F28
:101CA00000EB410607D2DFE807F007070707040447
:101CB0000400012500E0FFDF06F81470002D13D0AA
:101CC000F5487C3000EB880191F827001F2803D0ED
:101CD00006EB4000447001E081F8264006EB440228
:101CE0001F20507081F82740BDE8F081F0B51F46F5
:101CF00014460E4605461F2A00D1FFDFE648C7EB13
:101D0000471100EB410CE4490CEB44007C3101EB42
:101D100087021F2E07D00CEB460140784B784870A5
:101D200018461F210AE092F82530407882F82500F5
:101D3000F6E701460CEB410005704078A142F8D16E
:101D400092F827401F2C03D00CEB4404637001E091
:101D500082F826300CEB41041F23637082F82710B1
:101D6000F0BD30B50D46CD4B44190022181A72EB68
:101D7000020100D2FFDFCA48854200DDFFDFC8480C
:101D80004042854200DAFFDFC448401C844207DA43
:101D9000002C01DB204630BDC048401C201830BD5F
:101DA000BE48C043FAE710B504460168407ABD4A10
:101DB00052F82020114450B10220084420F07F4006
:101DC000F8F759FD94F90810BDE81040C9E7042060
:101DD000F3E72DE9F047B04E7C3696F82D50DFF84A
:101DE000B89206EB850090F8264036E0C5EB451129
:101DF00009EB41074FF0070817F81400012806D037
:101E000004282ED005282ED0062800D0FFDF01F0B0
:101E100045F9014607EB4400427806EB850080F85F
:101E2000262090F82720A24202D11F2280F82720E6
:101E3000084601F03EF92A4621460120FFF726FF19
:101E40009948414600EB041002682046904796F8F6
:101E50002D5006EB850090F826401F2CC6D1BDE81A
:101E6000F087022000E003208046D0E710B58A4CBE
:101E70001F217C3484F8251084F8261084F827105C
:101E8000002084F8280084F82D0084F82E10411ECC
:101E9000A16044F8100B2074607420736073A07309
:101EA0008249E07720750870487000217A4A103C1A
:101EB00002F81100491CC9B21F29F9D30120F8F713
:101EC000CAFB0020F8F7C7FB012084F82200F9F7CD
:101ED00037F87748F9F749F8744CA41E2070754814
:101EE000F9F743F86070BDE81040F8F741BB10B552
:101EF000F8F763FB6D4CA41E2078F9F74FF8607873
:101F0000F9F74CF8BDE8104001F000B91F20704708
:101F10000020F8F779BB70B5054601240E46AC40A9
:101F20005AB1FFF7F5FF0146634800EBC500C0F862
:101F30001015C0F81465614801E06048001D046098
:101F400070BD2DE9F34F544D00247C3505EB810A1B
:101F500089B09AF825001F2823D0611E02915249AA
:101F6000009401EB0017391D03AB07C983E8070094
:101F700005F11400A0460189ADF81C10807A8DF897
:101F80001E009DF81500C8B10226464951F82040B0
:101F90000399A219114421F07F41019184B10221DA
:101FA0000FE00120F8F757FB0020F8F754FBF8F793
:101FB00022FB01F0ABF885F82F40A9E00426E4E706
:101FC00000218DF81810022801D0012820D1039893
:101FD00001190998081A801C9DF81C1020F07F40F8
:101FE00001B10221353181420BD203208DF8150059
:101FF0000398C4F13201401A20F07F40322403904C
:102000000CE095F8240018B901F063FA002863D0B9
:10201000322C03D214B101F06DF801E001F076F832
:10202000224A107818B393465278039B121B002162
:102030009DF81840994601281AD0032818D000208E
:102040008DF81E00002A04DD981A039001208DF8F7
:1020500018009DF81C0000B102210398184A20F0D6
:102060007F40039003AB099801F05CF810B110E0D9
:102070000120E5E79DF81D0018B99BF80000032832
:1020800029D08DF81C80CDF80C908DF818408DF873
:102090001E809DF8180015E0DC080020FF7F841EDC
:1020A0000020A10770B20100EC0600209A00002079
:1020B000773A0100D31D010000F0014004F5014012
:1020C000FFFF3F0058B103980123811900221846F1
:1020D000F8F714FB06E000200BB0BDE8F08F0120FC
:1020E000F8F7B9FA97F90C20012300200199F8F7C5
:1020F00005FBF87BC00701D0F8F7E9FB012085F864
:102100002F008AF8288020226946FE48FBF711F943
:102110000120E1E72DE9F05FDFF8E883064608EBF0
:10212000860090F825501F2D21D0A8F17C01C6EB28
:1021300046102C4601EB4007A1F5F879DFF8C8B34B
:1021400005E0A24607EB4A0044781F2C0AD0F8F7B6
:1021500020FB09EB04135A4601211B1D00F0E2FF8E
:102160000028EED0AC4202D0334652461EE0E7488B
:1021700008B1AFF30080F8F70CFB98F82F206AB194
:10218000D8F80C20411C891A0902CA1701EB126108
:102190000912002902DD0020BDE8F09F3146FFF75B
:1021A000D0FE08B10120F7E733462A461F2104205C
:1021B000FFF79CFDEFE72DE9F041D24C2569F8F7D8
:1021C000E8FA401B0002C11700EB1160001200D4B6
:1021D000FFDF94F8220000B1FFDF012784F82270AE
:1021E00094F82E001F2800D1FFDF94F82E601F20E6
:1021F00084F82E00002584F82F5084F8205084F8AD
:102200002150C34825600078022835D0032833D0F8
:1022100000202077A068401C05D04FF0FF30A06060
:102220000120F8F718FA0020F8F715FAF8F711FB73
:10223000F8F709FBF8F7DFF908F0C6F8B5480560CC
:1022400005604FF0E0214FF40040B846C1F880022D
:10225000F0F7B5FE94F82D703846FFF75BFF0028C5
:10226000FAD0A849C7EB47107C3901EB400010F8C1
:102270001600022802D006E00120CAE73A4631469D
:102280000620FFF703FD84F8238004EB870090F815
:1022900026001F2804D09E48801E4078F8F784FE50
:1022A000207F002803D0F8F7C4FA257765771BE56F
:1022B000944910B591F82D20924B0024C2EB4211A5
:1022C0007C3B03EB410100BF11F814302BB1641CBF
:1022D000E4B21F2CF8D31F2010BD8F4901EB04116D
:1022E00008600020C87321460120FFF7CFFC20467C
:1022F00010BD10B5012801D0032800D181B3814A57
:1023000092F82D307F4C0022C3EB43137C3C04EB4E
:10231000430300BF13F812400CB1082010BD521C3B
:10232000D2B21F2AF6D37A4A48B1022807D0072929
:1023300017D2DFE801F01606080A0C0E1000002183
:102340000AE01B2108E03A2106E0582104E0772149
:1023500002E0962100E0B52151701070002010BD00
:10236000FFE70720FBE76A4810B54078F8F783FAE3
:1023700080B2F4E710B51F2815D2624991F82D20DC
:10238000C2EB4213A1F17C0202EB430414F81030BB
:102390004BB191F82D30C3EB431302EB430212F81B
:1023A0001020012A01D00020D9E791F82D20014604
:1023B0000020FFF76BFC0120D1E710B5F8F7E9F931
:1023C000BDE81040F8F757BA2DE9F0410E464D4FE1
:1023D00001781F257C3FC3EB43130C4607EB4303F7
:1023E00003E0254603EB45046478944202D01F2C99
:1023F000F7D108E01F2C06D0A14206D103EB410122
:102400004978017007E000206EE403EB440003EB21
:10241000450140784870414F7EB127B1002140F21C
:102420002D40AFF300803078A04206D127B10021C3
:102430004FF48660AFF30080357027B1002140F281
:102440003540AFF3008001204EE410B542680B68C0
:102450009A1A1202D41702EB1462121216D4497A95
:1024600091B1427A82B92E4A006852F8211012685E
:1024700019441044001D891C081A0002C11700EB02
:1024800011600012322801DB012068E7002066E7B6
:102490002DE9F0478146204EC1EB411006F5F87159
:1024A0009846144601EB400713E000BF06EB041505
:1024B000291D4846FFF7C9FF68B988F80040A97B85
:1024C00099F80A00814201D80020C8E407EB4400D3
:1024D00044781F2CEAD10120C1E42DE9F04782465F
:1024E00008480E4600EB8600DFF82C8090F8254067
:1024F0001F201070C1EB46109946154608F5F8717B
:1025000010E0000058090020FFFF3F00000000001D
:102510009A00002000F50040EC06002000000000BA
:1025200070B2010001EB40070BE000BF08EB0410A4
:102530005146001DFFF789FF28B107EB44002C70BE
:1025400044781F2CF2D1297889F800104B46224696
:1025500031465046BDE8F0479AE72DE9FC410E466A
:1025600007460024FE4D08E09DF8000005EB001032
:102570008168384600F0EAFD01246B4601AA314625
:102580003846FFF7AAFF0028EED02046BDE8FC81C0
:1025900070B50446C0EB44110125F248A54300EB99
:1025A0004101C5EB451200EB42003E22FAF7C1FEA5
:1025B000ED4E26B100214FF49360AFF30080E9485F
:1025C0007C3000EB850100EB8400D0F82500C1F8D9
:1025D000250026B1002140F29C40AFF30080284640
:1025E00070BD8A4203D003460520FFF77FBB1F2939
:1025F00008D0DC4AC0EB401002EB400000EB410089
:1026000040787047D7497C3101EB800090F8250075
:102610007047D34901EB0010001DFFF7C4BB7CB528
:102620001D46134604460E4600F108022146184690
:10263000F8F72EF994F908000F2804DD1F382072EE
:102640002068401C206096B10220C84951F826102D
:10265000461820686946801B20F07F40206094F96E
:1026600008002844C01C1F2803DA012009E00420C8
:10267000EBE701AAF8F70CF99DF8040010B10098F7
:10268000401C00900099206831440844C01C20F090
:102690007F4060607CBDFEB50C46064609786079D7
:1026A000907220791F461546507279B12179002227
:1026B0002846A368FFF7B3FFAA4928467C3191F862
:1026C0002E201F2A0AD00969491D0DE0D4E90223F2
:1026D000217903B02846BDE8F040A0E7A449497835
:1026E000052900D20521314421F07F4100F02EFD63
:1026F00039462846FFF731FFD4E90232217968468E
:10270000FFF78DFF2B4600213046019A00F00AFDAD
:10271000002806D103B031462846BDE8F04000F05D
:1027200015BDFEBD2DE9FE4F814600F0CBFC38B152
:102730005FF0000799F8000020B10020BDE8FE8F8F
:102740000127F7E7874D884C4FF0000A7C3524B10C
:10275000002140F2FF40AFF3008095F82D8085F80E
:1027600023A0002624B1002140F20450AFF30080E2
:102770001FB94046FFF70CFF804624B1002140F20C
:102780000C50AFF30080F8F704F843466A46494618
:10279000FFF781FF24B1002140F21250AFF3008017
:1027A00095F82E001F280CD029690098401A0002C5
:1027B000C21700EB1260001203D5684600F0C6FC99
:1027C000012624B1002140F21C50AFF3008095F89F
:1027D00023000028BBD124B1002140F22250AFF3E6
:1027E0000080F7F7D6FF6B46624A002100F09AFCA2
:1027F0000028A3D027B941466846FFF7AEFE06433E
:1028000026B16846FFF7CFFAC9F8080024B10021C5
:1028100040F23550AFF3008001208FE72DE9F04FF3
:1028200089B08B46824600F04DFC4E4C7C3428B378
:102830009BF80000002710B1012800D0FFDF4A4DAF
:1028400025B1002140F2F750AFF300804449012048
:1028500001EB0A18A94607905FEA090604D0002197
:1028600040F2FF50AFF30080079800F022FC94F88C
:102870002D50002084F8230067B119E094F82E0051
:1028800001271F2800D1FFDF9BF800000028D6D0C9
:10289000FFDFD4E72846FFF77BFE054626B100217F
:1028A00040F20960AFF3008094F823000028D3D1F0
:1028B00026B1002140F21360AFF30080F7F769FF03
:1028C0002B4602AA59460790FFF7E5FE98F80F003D
:1028D0005FEA060900F001008DF8130004D0002122
:1028E00040F21D60AFF300803B462A4602A9CDF8B6
:1028F00000A0079800F035FC064604EB850090F830
:1029000028000090B9F1000F04D0002140F22460AB
:10291000AFF3008000F0C2FB0790B9F1000F04D0C4
:10292000002140F22A60AFF3008094F823000028D1
:1029300092D1B9F1000F04D0002140F23260AFF320
:1029400000800DF1080C9CE80E00C8E90112C8F8DF
:102950000C30BEB35FEA090612D000210CE0000083
:10296000EC060020DC0800200000000070B201002E
:102970009A000020FFFF3F0040F23F60AFF300806D
:102980000098B84312D094F82E001F280ED126B11B
:10299000002140F24460AFF300802846FFF7BAFB05
:1029A00020B99BF80000D8B3012849D0B9F1000F35
:1029B00004D0002140F26160AFF30080284600F0AF
:1029C00066FB01265FEA090504D0002140F26A6037
:1029D000AFF30080079800F06CFB25B1002140F2B6
:1029E0006E60AFF300808EB194F82D0004EB800090
:1029F00090F826001F2809D025B1002140F275600B
:102A0000AFF30080F9484078F8F7CEFA25B10021FD
:102A100040F27A60AFF3008009B03046BDE8F08F35
:102A2000FFE7B9F1000F04D0002140F24C60AFF392
:102A3000008094F82D2051460420FFF727F9C0E7C5
:102A4000002E3FF409AF002140F25760AFF3008041
:102A500002E72DE9F84FE64D814695F82D004FF03D
:102A60000008E44C4FF0010B474624B100214FF41D
:102A7000D160AFF30080584600F01BFB85F823704F
:102A800024B1002140F28D60AFF3008095F82D0055
:102A9000FFF77EFD064695F8230028B1002CE4D010
:102AA000002140F293604DE024B1002140F2976094
:102AB000AFF30080CE49C6EB46107C3901EB4001F4
:102AC00011F81900032856D1334605EB830A4A460C
:102AD0009AF82500904201D1012000E000200090EA
:102AE0000AF125000021FFF76FFC01460098014222
:102AF00003D001228AF82820AF77E1B324B1002166
:102B000040F29C60AFF30080324649460120FFF757
:102B1000BDF89AF828A024B1002140F2A760AFF3D5
:102B2000008000F0BBFA834624B1002140F2AC6083
:102B3000AFF3008095F8230038B1002C95D0002128
:102B40004FF4D660AFF300808FE7BAF1000F07D0E3
:102B500095F82E001F2803D13046FFF7DBFAE0B1CD
:102B600024B1002140F2C460AFF30080304600F091
:102B70008EFA4FF0010824B1002140F2CD60AFF38E
:102B80000080584600F095FA24B1002140F2D1604F
:102B9000AFF300804046BDE8F88F002CF1D0002153
:102BA00040F2BF60AFF30080E6E70120F7F72CBDED
:102BB0008E48007870472DE9F0418D4C94F82E0036
:102BC0001F2821D194F82D6004EB860797F8255033
:102BD0001F2D00D1FFDF8649C6EB46107C3901EB83
:102BE000400000EB4500407807F8250F0120F87001
:102BF00084F82300294684F82E50324602202234DD
:102C0000FFF744F8002020701EE42DE9F0417A4ED1
:102C1000774C012538B1012821D0022879D003282A
:102C20007DD0FFDF10E400F065FAFFF7C4FF207EDF
:102C300000B1FFDF84F821500020F7F70CFDA168F8
:102C4000481C04D0012300221846F7F757FD14F85A
:102C50002E0F217806EB01110A68012154E0FFF7DD
:102C6000AAFF0120F7F7F7FC94F8210050B1A06803
:102C7000401C07D014F82E0F217806EB01110A68CA
:102C8000062141E0207EDFF86481002708F1020878
:102C9000012803D002281ED0FFDFB5E7A777F7F79A
:102CA000C8FD98F80000032801D165772577607D7D
:102CB000524951F8200094F8201051B948B1616888
:102CC0000123091A00221846F7F718FD0220207682
:102CD0009AE7277698E784F8205000F00BFAA07F57
:102CE00050B198F8010061680123091A00221846C2
:102CF000F7F704FD257600E0277614F82E0F2178EB
:102D000006EB01110A680021BDE8F041104700E020
:102D100005E036480078BDE8F041F8F745B9FFF71F
:102D20004AFF14F82E0F217806EB01110A680521DD
:102D3000EAE710B52E4C94F82E001F2800D1FFDFD3
:102D400014F82E0F21782C4A02EB01110A68BDE815
:102D50001040042110477CB5254C054694F82E0000
:102D60001F2800D1FFDFA068401C00D0FFDF94F8CF
:102D70002E00214901AA01EB0010694690F90C00D0
:102D80002844F7F785FD9DF904000F2801DD012097
:102D900000E00020009908446168084420F07F4169
:102DA000A16094F82100002807D002B00123BDE8FB
:102DB000704000221846F7F7A1BC7CBD30B5104A20
:102DC0000B1A541CB3EB940F1ED3451AB5EB940F9A
:102DD0001AD3934203D9101A43185B1C14E095428E
:102DE00010D9511A0844401C43420DE098000020BD
:102DF0005809002000000000EC06002070B201001D
:102E0000FF7F841EFFDF0023184630BD0123002210
:102E100001460220F7F772BC0220F7F71CBCF7F757
:102E2000B8BC2DE9FE4FF24C05468A4694F82E00B8
:102E30001F2800D1FFDFEE4E94F82E10A04620464A
:102E4000A6F51B7202EB01141F218DF8001090F8FB
:102E50002D10376900EB8101D8F8000091F825901A
:102E6000284402AA01A90C36F7F712FD9DF90800C3
:102E7000002802DD0198401C0190A0680199642D92
:102E8000084453D3DB4B00225B1B72EB02014DD392
:102E90006168411A21F07F41B1F5800F46D220F0E0
:102EA0007F40706086F80AA098F82D1044466B4663
:102EB0004A463046FFF7ECFAB8B3A068401C10D081
:102EC000F7F767FCA168081A0002C11700EB116050
:102ED000001202282CDD0120F7F7BDFB4FF0FF3078
:102EE000A06094F82D009DF800201F210F34FFF7FB
:102EF00078FBA17FBE4AC1EB41117C3A02EB410154
:102F0000E27F01EB4201487054F80F0C284444F86A
:102F10000F0C012020759DF800001F2803D0B64833
:102F20004078F8F741F8012008E401E0002005E4CA
:102F30007760FBE72DE9F047AD4C074694F82D008C
:102F4000A4F17C06C0EB401006EB400010F817001F
:102F500000B9FFDF94F82D50A046A84C24B1002101
:102F600040F6E800AFF30080C5EB451040F6F409E9
:102F700040F6FD0A06EB400616F81700012819D0A6
:102F8000042811D005280FD006280DD01CB100212F
:102F90004846AFF3008007F0EBFE002CECD0002198
:102FA0005046AFF30080E7E72A4639460120FEF796
:102FB0006DFEF2E74FF0010A4FF00009454624B1DB
:102FC000002140F60410AFF30080504600F071F885
:102FD00085F8239024B1002140F60910AFF300805A
:102FE00095F82D00FFF7D4FA064695F8230028B18E
:102FF000002CE4D0002140F60F101FE024B1002186
:1030000040F61310AFF3008005EB860000F12701B6
:1030100033463A462630FFF7D7F924B1002140F66F
:103020001710AFF3008000F039F8824695F82300BE
:1030300038B1002CC3D0002140F61D10AFF3008042
:10304000BDE785F82D60012085F82300504600F08B
:1030500030F8002C04D0002140F62A10AFF3008095
:10306000BDE8F08730B5044661480D4690F82D0064
:103070005F49C0EB40107C3901EB400010F81400B0
:1030800000B9FFDF5E4800EB0410C57330BD58493E
:1030900081F82D00012081F82300704710B55948B0
:1030A00008B1AFF30080EFF3108000F0010072B6BA
:1030B00010BD10B5002804D1534808B1AFF300800B
:1030C00062B610BD51480068C005C00D10D0103860
:1030D00040B2002804DB00F1E02090F8000405E095
:1030E00000F00F0000F1E02090F8140D4009704747
:1030F0000820704710B53E4C94F82400002804D1F5
:10310000F7F746FC012084F8240010BD10B5384CB8
:1031100094F82400002804D0F7F763FC002084F81A
:10312000240010BD10B51C685B68241A181A24F01E
:103130007F4420F07F40A14206D8B4F5800F03D22F
:10314000904201D8012010BD002010BDD0E900320E
:10315000D21A21F07F43114421F07F41C0E90031B0
:1031600070472DE9FC418446214815460F46C2EBC5
:1031700045117C38089C00EB410616F81400012824
:1031800004D0022802D00020BDE8FC813B46204A42
:1031900001216046FFF7C6FFF0B101AB6A46294640
:1031A0003846FFF79AF9B8B19DF804209DF8001051
:1031B0002846FFF716FA06EB440148709DF8000018
:1031C0001F280DD006EB400044702A4621460320FC
:1031D000FEF75CFD0120D7E72A4621460420F7E7E9
:1031E0000348012100EB850000F8254FC170ECE792
:1031F00058090020FF1FA1079800002000000000D0
:10320000EC060020000000000000000004ED00E0DB
:10321000FFFF3F002DE9F041044680074FF0000515
:103220004FF001060CD56B480560066000F0DEF932
:1032300020B16948016841F48061016024F0020412
:10324000E0044FF0FF3705D564484660C0F80873C6
:1032500024F48054600003D56148056024F0804464
:10326000E0050FD55F48C0F80052C0F808735E490A
:103270000D60091D0D605C4A04210C32116006616D
:1032800024F48074A00409D558484660C0F8005260
:10329000C0F808735648056024F40054C4F3803025
:1032A000C4F3C031884200D0FFDF14F4404F14D083
:1032B00050484660C0F808734F488660C0F8005216
:1032C000C0F808734D490D600A1D16608660C0F88D
:1032D00008730D60166024F4404420050AD5484860
:1032E00046608660C0F80873C0F8487345480560BA
:1032F00024F4006407F042F84348044200D0FFDFA2
:10330000BDE8F081F0B50022202501234FEA020438
:1033100020FA02F1C9072DD051B2002910DB00BFFD
:103320004FEA51174FEA870701F01F0607F1E02720
:1033300003FA06F6C7F88061BFF34F8FBFF36F8FB4
:103340000CDB00BF4FEA51174FEA870701F01F0659
:1033500007F1E02703FA06F6C7F8806204DB01F103
:10336000E02181F8004405E001F00F0101F1E021C6
:1033700081F8144D02F10102AA42C9D3F0BD10B583
:10338000224C20600846F7F71CFC2068FFF742FF3C
:103390002068FFF7B7FF06F031FC00F088F906F06F
:1033A000EDFF06F02CFFF7F7CBFDBDE8104006F06F
:1033B000D9BC10B5154C2068FFF72CFF2068FFF72B
:1033C000A1FF06F0DBFFF7F7FBFC0020206010BD3B
:1033D0000A207047FC1F00403C17004000C000401E
:1033E00004E50140008000400485004000D000401A
:1033F00004D5004000E0004000F0004000F500402F
:1034000000B0004008B50040FEFF0FFD9C0000200A
:1034100070B526490A680AB30022154601244B6894
:103420005B1C4B600C2B00D34D600E7904FA06F345
:103430000E681E420FD0EFF3108212F0010272B636
:1034400000D001220C689C430C6002B962B6496846
:103450000160002070BD521C0C2AE0D3052070BD15
:103460004FF0E0214FF48000C1F800027047EFF305
:10347000108111F0010F72B64FF0010202FA00F252
:103480000A48036842EA0302026000D162B6E7E735
:1034900006480021016041607047012181400348D6
:1034A0000068084000D0012070470000A000002004
:1034B00001208107086070470121880741600021D1
:1034C000C0F80011184801707047174901200870B2
:1034D00070474FF08040D0F80001012803D0124817
:1034E0000078002800D00120704710480068C0070D
:1034F00000D0012070470D480C300068C00700D094
:10350000012070470948143000687047074910319E
:103510000A68D20306D5096801F00301814201D18E
:103520000120704700207047A800002008040040D8
:103530004FF08050D0F830010A2801D000207047A9
:103540000120704700B5FFF7F3FF20B14FF0805026
:10355000D0F8340108B1002000BD012000BD4FF0BB
:103560008050D0F83001062803D0401C01D0002044
:103570007047012070474FF08050D0F830010D287F
:1035800001D000207047012070474FF08050D0F8E4
:103590003001082801D000207047012070474FF00B
:1035A0008050D0F83001102801D000207047012051
:1035B000704700B5FFF7F3FF30B9FFF7DCFF18B92C
:1035C000FFF7E3FF002800D0012000BD00B5FFF7A2
:1035D000C6FF38B14FF08050D0F83401062803D32D
:1035E000401C01D0002000BD012000BD00B5FFF748
:1035F000B6FF48B14FF08050D0F83401062803D30D
:10360000401C01D0012000BD002000BD0021017040
:10361000084670470146002008707047EFF310819C
:1036200001F0010172B60278012A01D0012200E006
:1036300000220123037001B962B60AB1002070476D
:103640004FF400507047E9E7EFF3108111F0010FDC
:1036500072B64FF00002027000D162B600207047CF
:10366000F2E700002DE9F04115460E46044600271A
:1036700000F0EBF8A84215D3002341200FE000BF73
:1036800094F84220A25CF25494F84210491CB1FB19
:10369000F0F200FB12115B1C84F84210DBB2AB426B
:1036A000EED3012700F0DDF83846BDE8F08172491D
:1036B00010B5802081F800047049002081F8420094
:1036C00081F84100433181F8420081F841004331E3
:1036D00081F8420081F841006948FFF797FF684888
:1036E000401CFFF793FFF7F7B3FBBDE8104000F075
:1036F000B8B840207047614800F0A7B80A460146B4
:103700005E48AFE7402070475C48433000F09DB80A
:103710000A46014659484330A4E740210170002081
:10372000704710B504465548863000F08EF820707A
:10373000002010BD0A460146504810B58630FFF7FC
:1037400091FF08B1002010BD42F2070010BD70B516
:103750000C460646412900D9FFDF4A480068103868
:1037600040B200F054F8C5B20D2000F050F8C0B2DD
:10377000854201D3012504E0002502E00DB1F7F7F1
:10378000AAFB224631463D48FFF76CFF0028F5D0E2
:1037900070BD2DE9F0413A4F0025064617F10407A8
:1037A00057F82540204600F041F810B36D1CEDB2EB
:1037B000032DF5D33148433000F038F8002825D0E8
:1037C0002E4800F033F8002820D02C48863000F036
:1037D0002DF800281AD0F7F754FB2948FFF71EFFF1
:1037E000B0F5005F00D0FFDFBDE8F0412448FFF7EF
:1037F0002BBF94F841004121265414F8410F401C7E
:10380000B0FBF1F201FB12002070D3E74DE7002876
:1038100004DB00F1E02090F8000405E000F00F0068
:1038200000F1E02090F8140D4009704710F8411F96
:103830004122491CB1FBF2F302FB13114078814293
:1038400001D1012070470020704710F8411F4078D7
:10385000814201D3081A02E0C0F141000844C0B21D
:10386000704710B50648FFF7D9FE002803D1BDE820
:103870001040F7F7F1BA10BD0DE000E08809002014
:10388000AC00002004ED00E070B5154D2878401C18
:10389000C4B26878844202D000F0DBFA2C7070BDAC
:1038A0002DE9F0410E4C4FF0E02600BF00F0C6FAC3
:1038B00007F05EFA40BF20BF677820786070D6F8C6
:1038C0000052EDF759FD854305D1D6F8040210B931
:1038D0002078B842EAD000F0ACFA0020BDE8F081D0
:1038E000BC0000202DE9F04101264FF0E022310319
:1038F0004FF000084046C2F88011BFF34F8FBFF36E
:103900006F8F204CC4F800010C2000F02EF81E4DE3
:103910002868C04340F30017286840F01000286072
:10392000C4F8046326607F1C02E000BF07F020FAA1
:10393000D4F800010028F9D01FB9286820F0100041
:103940002860124805686660C4F80863C4F80081FE
:103950000C2000F00AF82846BDE8F08110B50446B6
:10396000FFF7C0FF2060002010BD002809DB00F039
:103970001F02012191404009800000F1E020C0F8C1
:103980008012704700C0004010ED00E008C5004004
:103990002DE9F047FF4C0646FF21A06800EB061218
:1039A00011702178FF2910D04FF0080909EB01119F
:1039B00009EB06174158C05900F0F4F9002807DD5B
:1039C000A168207801EB061108702670BDE8F08729
:1039D00094F8008045460DE0A06809EB05114158B8
:1039E000C05900F0DFF9002806DCA068A84600EB0B
:1039F00008100578FF2DEFD1A06800EB061100EB51
:103A000008100D700670E1E7F0B5E24B04460020A7
:103A100001259A680C269B780CE000BF05EB001787
:103A2000D75DA74204D106EB0017D7598F4204D0C7
:103A3000401CC0B28342F1D8FF20F0BD70B5FFF743
:103A4000EEF9D44C08252278A16805EB02128958BA
:103A500000F0A8F9012808DD2178A06805EB011124
:103A60004058BDE87040FFF7D1B9FFF7A1F8BDE8B5
:103A70007040F7F799BA2DE9F041C64C2578FFF769
:103A8000CEF9FF2D6ED04FF00808A26808EB05169E
:103A9000915900F087F90228A06801DD80595DE0A6
:103AA00000EB051109782170022101EB0511425C40
:103AB0005AB1521E4254815901F5800121F07F41D3
:103AC00081512846FFF764FF34E00423012203EB11
:103AD000051302EB051250F803C0875CBCF1000F20
:103AE00010D0BCF5007F10D9CCF3080250F806C006
:103AF0000CEB423C2CF07F4C40F806C0C3589A1A9D
:103B0000520A09E0FF2181540AE0825902EB4C324B
:103B100022F07F428251002242542846FFF738FFAC
:103B20000C21A06801EB05114158E06850F82720EE
:103B3000384690472078FF2814D0FFF770F9227894
:103B4000A16808EB02124546895800F02BF90128BC
:103B500093DD2178A06805EB01114058BDE8F041E4
:103B6000FFF754B9BDE8F081F0B51D4614460E4686
:103B70000746FF2B00D3FFDFA00700D0FFDF8548FB
:103B8000FF210022C0E90247C57006710170427032
:103B900082701046012204E002EB0013401CE15445
:103BA000C0B2A842F8D3F0BD70B57A4C064665782D
:103BB0002079854200D3FFDFE06840F82560607817
:103BC000401C6070284670BD2DE9FF5F1D468B4686
:103BD0000746FF24FFF723F9DFF8B891064699F866
:103BE0000100B84200D8FFDF00214FF001084FF07C
:103BF0000C0A99F80220D9F808000EE008EB01132E
:103C0000C35CFF2B0ED0BB4205D10AEB011350F869
:103C100003C0DC450CD0491CC9B28A42EED8FF2C47
:103C200002D00DE00C46F6E799F803108A4203D162
:103C3000FF2004B0BDE8F09F1446521C89F8022012
:103C400008EB04110AEB0412475440F802B00421B7
:103C5000029B0022012B01EB04110CD040F8012043
:103C60004FF4007808234FF0020C454513D9E905BD
:103C7000C90D02D002E04550F2E7414606EB413261
:103C800003EB041322F07F42C250691A0CEB0412BA
:103C9000490A81540BE005B9012506EB453103EBD8
:103CA000041321F07F41C1500CEB0411425499F8E8
:103CB00000502046FFF76CFE99F80000A84201D0A2
:103CC000FFF7BCFE3846B4E770B50C460546FFF773
:103CD000A6F8064621462846FFF796FE0446FF282A
:103CE0001AD02C4D082101EB0411A8684158304628
:103CF00000F058F800F58050C11700EBD140401398
:103D00000221AA6801EB0411515C09B100EB4120CA
:103D1000002800DC012070BD002070BD2DE9F047B7
:103D200088468146FFF770FE0746FF281BD0194DD5
:103D30002E78A8683146344605E0BC4206D02646B7
:103D400000EB06121478FF2CF7D10CE0FF2C0AD000
:103D5000A6420CD100EB011000782870FF2804D097
:103D6000FFF76CFE03E0002030E6FFF755F8414610
:103D70004846FFF7A9FF0123A968024603EB041395
:103D8000FF20C854A878401EB84200D1A87001EBAB
:103D9000041001E0540A002001EB061100780870BD
:103DA000104613E6081A0002C11700EB116000125A
:103DB0007047000010B5202000F07FF8202000F0B0
:103DC0008DF84D49202081F80004EDF7D3FA4B49D6
:103DD00008604B48D0F8041341F00101C0F8041307
:103DE000D0F8041341F08071C0F804134249012057
:103DF0001C39C1F8000110BD10B5202000F05DF89D
:103E00003E480021C8380160001D01603D4A481E3F
:103E100010603B4AC2F80803384B1960C2F8000131
:103E2000C2F8600138490860BDE81040202000F069
:103E300055B834493548091F08607047314933483F
:103E4000086070472D48C8380160001D521E02608E
:103E500070472C4901200860BFF34F8F70472DE950
:103E6000F0412849D0F8188028480860244CD4F83C
:103E700000010025244E6F1E28B14046EDF7D4F90D
:103E800040B9002111E0D4F8600198B14046EDF747
:103E9000CBF948B1C4F80051C4F860513760BDE8AF
:103EA000F041202000F01AB831684046BDE8F041EA
:103EB00006F068BFFFDFBDE8F08100280DDB00F0F1
:103EC0001F02012191404009800000F1E020C0F86C
:103ED0008011BFF34F8FBFF36F8F7047002809DB4E
:103EE00000F01F02012191404009800000F1E02014
:103EF000C0F880127047000020E000E0C8060240D1
:103F000000000240180502400004024001000001C8
:103F1000454800210170417010218170704770B5D3
:103F2000054616460C460220F3F7F2FB3E490120F7
:103F3000F61E08703D4806603C4808380560001FC2
:103F4000046070BD10B50220F3F7E2FB3649012092
:103F5000087000F051F836494FF40000086010BDB9
:103F600010B5314C207888B131494FF40000091D5B
:103F7000086000F04AF8002120B1012060702D484F
:103F8000006801E061701020A0702170BDE8104051
:103F90000020F3F7BDBB244810B5017859B126487D
:103FA000D0F8000128B100F030F8002800D001203E
:103FB00010BD022010BD407810BD10B5C824641E8D
:103FC000E4B2FFF7E8FF022803D0012800D0002068
:103FD00010BD002CF3D1FFDFF9E7134810B50178CD
:103FE00041B100F012F818B112480068C0B210BD1B
:103FF000102010BD807810BD0F480021C0F80011BE
:10400000C0F80411C0F8081170470B48D0F800112F
:1040100029B1D0F8041111B1D0F8080108B100207D
:104020007047012070470000BE00002010F50040DE
:1040300004F5014000F4004000F000404748002132
:1040400001704170704770B5064614460D46012058
:10405000F3F75EFB42480660001D0460001D05602A
:1040600070BD70B53D4901250D7040EA02413C4AE2
:1040700041F08071121F11603A4C0026C4F80461AF
:10408000394A4FF04071116058B1012800D0FFDF6C
:10409000C4F80062256034494FF00070091F0860C1
:1040A00070BDC4F80052256070BD2C48017871B114
:1040B0002D4A4FF0407111602A49D1F804210021A6
:1040C0001AB12A4A1268427000E041700170002063
:1040D000F3F71EBB2148017841B12248D0F8040112
:1040E000002802D021480068C0B27047407870476D
:1040F0002DE9F04700282AD01848007800B9FFDFE2
:10410000184DD5F80401002821D10227C5F8047301
:10411000174C2068C04340F30016206840F01000A0
:1041200020604FF400484FF0E029761C04E000BF07
:10413000C9F8808206F01CFED5F804010028F7D0EB
:104140001EB9206820F010002060C5F80873BDE893
:10415000F08704490120886070470000C1000020FA
:1041600008F5004000F0004008F5014000F4004070
:1041700010ED00E010B541F6A474012802D0022829
:1041800002D0FFDF204610BD41F2883010BD38B5A7
:10419000FE4D0024C5F80041C5F80C41C5F810419A
:1041A000C5F80441C5F81441C5F81841FFF70EFAE7
:1041B00008B1C5F82841F6480068009038BD70B5D0
:1041C000F44D00246C702C7000F0D2FD85F8254071
:1041D000EC620922002105F11800AC63F9F7D3F86D
:1041E000ED49601E0860091D0860091D0C60091D6D
:1041F0000860091D0C60091D0860091D0860091D83
:104200000860091D0860091D0860091D0860091D76
:104210000860091D0860091D086070BDDF4800B511
:10422000016801F00F01032905D0006800F00F00BC
:10423000042802D0FFDF012000BD022000BD00B530
:10424000012802D0022800D0FFDF002000BD00B509
:10425000012802D0022802D0FFDF282000BD18204C
:1042600000BD10B5CB4902681839CA4C0A634268D0
:104270004A63007A81F83800207E50B1207FF9F738
:10428000C0F8A07E08B1012100E00021207FF9F7ED
:10429000ADF8607E00280CD0607FF9F7B2F8E07EC0
:1042A00008B1012100E00021607FBDE81040F9F76E
:1042B0009DB810BD00F063BD10B500F060FDB348BF
:1042C000D0F80001002800D0FFDF10BD70B501203C
:1042D00000F030FDB2480025056001260660FFF7BA
:1042E00085F9B04C18B1206840F480602060FFF779
:1042F00036F928B12068AC4920F0770008432060E7
:10430000FFF764F938B1A748001D016821F47F4127
:1043100041F4B0510160A349A4483C310860FFF763
:1043200055F99C4C60B19D490220503184F8210020
:104330000860A0499E48086095481030091F086031
:104340004FF01020806C411C05D094497C310A68E4
:1043500060F317420A60914940F25B6028310860BF
:10436000091F40F203100860081F06608B490320F4
:1043700008608C48EC38066094F8211011B14FF4B5
:10438000C02100E08C498B4A41F46021943A1160CD
:104390008749884A091F083211607D490839121F70
:1043A0001160016821F440710160016841F480717D
:1043B0000160012000F0CFFC74491020C1F8040313
:1043C00084F83150E56270BD76483830016821F0DC
:1043D000010141F08071016070476E4A0368183A2C
:1043E000C2F81A308088D0836A48017270476948E1
:1043F00090F825007047674A517010707047F0B50B
:104400000546840061488B882044C0F820360B782C
:10441000D1F8011043EA0121C0F8001605F10800A7
:104420000127604C07FA00F6FC3C52B1012A00D08B
:10443000FFDF2068304320602068AF4038432060B1
:10444000F0BD2068B043F6E706F0E8B8514890F8B0
:1044500032007047514AC1781432116000684F49E8
:1044600000020C3108607047252807D0262807D0A5
:10447000272807D00A2807D8042206E0022107E0EF
:104480001A2105E0502103E0062202EB4001C9B2E7
:10449000424A083A116041494431086070473D483A
:1044A000817A012917D0022914D1417E002911D027
:1044B000827F0121C37F01FA02F299400A433D49FC
:1044C00094390A6090F820003C4A002102EB8000F9
:1044D000C0F810157047017EE8E72DE9F0472D4C34
:1044E000A17A01290BD0022975D1627E002A72D0EF
:1044F000012906D0677FE17E59B101260AE0227EBC
:10450000F4E7277FA17E09B1012600E000261121F2
:1045100001E000262421DFF898804FF0010AA8F17D
:104520004408C8F84CA0DFF898904518D9F8000066
:10453000A84200D3FFDF0021C8F84C11C9F8005091
:10454000380286F0010140EA015040F0031294F86D
:1045500020101A4800EB8103C3F8102500EB8101FD
:10456000A27F184800EBC203C3F81415164DC3F818
:104570001055E37F00EBC300C0F814150449083957
:10458000C0F810150AFA02F120E024E00010004003
:10459000181100407C0A0020000E00401015004059
:1045A000FC1F00403C170040880000802C00008960
:1045B000448000409CF5014000000404006000407D
:1045C0004C85004000F001404C8100400AFA03F0A5
:1045D0000143F9480160BDE8F0872DE9F0410E463E
:1045E000F64907460320C1F80002F54C94F8210073
:1045F00010B14FF4C02000E0F248EF4D2860304683
:1046000006F036F817B1012F0FD017E0FEF7DEFFE6
:1046100010B1304600F0C9FB0120A072A06B40F43D
:104620008010A0634FF4801007E00220A072A06BFE
:1046300040F40010A0634FF400102860F6F744F92E
:104640003146BDE8F04148E72DE9F05FDB4C074615
:1046500003200E469346C4F80002D94D95F8210078
:1046600010B14FF4C02100E0D649DFF84C93C9F8EF
:104670000010104605F0FCFFDFF83C834FF0010A04
:1046800008F1A808A7B3012F3ED0FFDFCE4806608F
:10469000C949CE48A4310860A86B40F40020A86343
:1046A000D4F800721025C4F808530020C4F80002A2
:1046B000C1494FF48028091DC1F8008004F5007439
:1046C000FFF765FD2760C9F80080C4F80451E903CD
:1046D000C9F80010BE49C1F84CA0BB48001D0068D5
:1046E000B04200D3FFDF59463046BDE8F05FF4E644
:1046F000FFE7FEF76BFF10B1584600F056FBC8F815
:10470000004085F80AA0C1E7AC49091DC8F80010AF
:104710000220A872BAE72DE9F041A94C064690465E
:1047200094F831000F46002500B9FFDF16B1012EC5
:1047300012D01DE094F83100012806D094F8302002
:104740004146384605F0A2FF10E094F8301042468A
:10475000384605F0DCFF09E094F8310094F8301099
:1047600001284246384609D005F0F8FFE16A4518AD
:10477000424629463046BDE8F04165E705F0A8FF0E
:10478000F4E708B5FF208DF800008C480021C0F840
:1047900010110121016104E09DF80010491E8DF8FF
:1047A00000109DF8001019B1D0F810110029F3D0B5
:1047B0009DF80000002800D1FFDF08BD2DE9F04181
:1047C0007E4CD4F8000220F00307D4F804034FF025
:1047D0001008C0F30016C4F808830025C4F800527E
:1047E000774890F8210010B14FF4C02000E07548E0
:1047F000714940F46020091D0860FFF750FEFFF783
:10480000C0FFC4F81051FEF7E1FE08B1C4F828510A
:1048100000F0AEFAC4F80072002E01D0C4F8048390
:10482000BDE8F081ADE700686A4920F07F4008608C
:10483000704710B5012000F07DFABDE8104001205E
:1048400000F089BA01465E4818221838F8F771BDA1
:104850004FF0E0210220C1F8000170475E49087066
:1048600070475C4938390860704770B50546F6F7FF
:104870002BF8534C2844E16A884200D8FFDF01201E
:104880002074F6F721F82844606194F8211041B1B2
:10489000084460614948D0F8001241F04001C0F876
:1048A00000124B490020C1F8440147496069091FC3
:1048B0000860BDE8704000F0A2BA70B5404C0646F2
:1048C00002200D462074FFF7A9FC024694F831003F
:1048D00094F8301001281BD0304605F081FF60614C
:1048E00094F8210048B16169084460613348D0F808
:1048F000001241F04001C0F8001235490020C1F813
:1049000044016169E06A08442F49091F086070BDCD
:104910002B46304605F037FFE1E727494FF480008A
:10492000091D08602648816B21F480018163002104
:10493000017470472A4A10B502EBC002274BC2F837
:104940001035C2F81415012181401B4801601C4834
:10495000826B0A43826310BD1D4801214160C16022
:104960000021C0F844111848001F01601448C162BA
:10497000704710B50446FEF729FE10B1104880F8C4
:1049800021401448243004600C48D0F8001241F053
:104990004001C0F8001210BD084810B5D0F8001250
:1049A00021F04001C0F80012FEF710FE0949243141
:1049B00000B10220086010BD04F501400010004065
:1049C0007C0A002000000404488500404881004023
:1049D000008000403C150040C3000020041100404E
:1049E00000F00140F948D0F8001221F01001C0F8A1
:1049F0000012012181617047F4480021C0F81C11A8
:104A0000D0F8001241F01001C0F800127047EF49D1
:104A100008B5D1F81C21012A01D0002008BDEC4ABC
:104A2000126802F07F02524202700020C1F81C019D
:104A3000E84800680090012008BDF0B517460C005A
:104A4000064600D1FFDFE44DE0072F7302D0012CB2
:104A500000D0FFDF46B102206872EC72012802D05C
:104A6000022800D0FFDFF0BD0120F5E770B5DA4C79
:104A70000021E27A930703D5830701D5430713D4B6
:104A8000D30605D594F8333013B194F835305BB1C3
:104A9000130702D594F8243033B9520702D594F89D
:104AA00025200AB1C00700D00121607A012518B184
:104AB000A1B1BDE8704081E694F8210010B14FF437
:104AC000C02000E0C548C6490860C048D0F80012C0
:104AD00021F00301C0F80012E57270BD012803D077
:104AE000022808D0FFDF70BD00F042F9A5729621C0
:104AF000227B002006E000F03BF90220A072227B1E
:104B000096210120BDE8704005E62DE9F05FDFF851
:104B1000D4B29BF80000042800D3FFDFB248D0F8DD
:104B20004C0108B1FFF7BBFCAB4CAD49A06B086072
:104B30004FF00008C4F8388000F06BF9DFF8AC9251
:104B40000546D9F80010A16294F8210008B1081AAE
:104B5000A062A648001F0068E062FFF75FFB84F8D0
:104B60003000A07ADFF868A2012184F83100AAF1B0
:104B7000440A022808D1607830B1DAF800201278AF
:104B800002402078904310D084F82480924EA807E9
:104B9000A6F1180605D5F5F797FEA16A081A31693E
:104BA0008847E80704D0002709E084F82410EDE7DF
:104BB000A80701D5012702E0280707D50227F5F746
:104BC00083FEE16A7269081A394690479BF8000033
:104BD000C0071CD1DAF800005746007800F00F003B
:104BE000072812D239680622A01C0931F8F774FB95
:104BF00038B9207A39680978B0EBD11F01D101208A
:104C000000E0002084F8250001E084F82580284693
:104C1000FFF72CFFE80701D030682FE0A80726D562
:104C200068071ED4FEF7D2FCD8B9FEF7DFFCC0B986
:104C30006748F4380168001F0068C0F3425CC0F3A5
:104C4000006700F00F03C0F30312C0F3032047B165
:104C50000BB102B128B921B1BCF1030F01D245F06B
:104C6000040545F380007168401C884709E0280767
:104C700001D5B06802E0E80602D5F068804700E0A0
:104C8000FFDFA07A02281BD1207C002818D0564ACA
:104C9000C2F8448102280FD0012800D0FFDFE16A6A
:104CA0006069884200D8FFDFD4F81410C9F80010FA
:104CB000BDE8F05F00F0A3B86169E06A0144F5E780
:104CC000BDE8F09F70B5054641F2643441F66A06CE
:104CD000022806D0012D12D0022D0CD0FFDF304665
:104CE00070BDFEF72FFC0028F6D1FEF738FC002837
:104CF000F2D141F6583441F29A00204470BD42F698
:104D0000CE3070BD324808300168032904D00068F5
:104D1000022801D000207047012070472C4808303D
:104D200001680B2904D000680A2801D000207047D0
:104D30000120704700280DDB00F01F020121914087
:104D40004009800000F1E020C0F88011BFF34F8FD0
:104D5000BFF36F8F7047002809DB00F01F020121AD
:104D600091404009800000F1E020C0F880127047B7
:104D700019480021417281720121C172704730B51A
:104D800000240546012902D002290BD0FFDF184874
:104D900004430F4834380460164805430C48303843
:104DA000056030BD4FF08074F1E7094A4032116868
:104DB00053060228D3F820031ED0C0F3062000BFFC
:104DC00021F4FE4141EA00201060704700100040CD
:104DD000481500401C1100407C0A0020000004041B
:104DE00008F50140C30000200080004044850040D9
:104DF0000801100000000302C0F30660E0E7354838
:104E0000816B41F48001816333494FF48000086075
:104E1000DBE7F8B52F4C314E0020217C19B1D6F8D4
:104E20004411012907D00023A27A2D49012A04D078
:104E3000022A0AD019E00123F6E7D1F80C01012873
:104E400001D0002011E008200FE0D1F80C0101286A
:104E500006D0002223480068012803D0042002E085
:104E60000222F7E7002010431843D1F81021012A4D
:104E70002ED0002505431C48026812F0FF0F03D016
:104E8000D1F81421012A00D0002284F832200068D1
:104E900010F0FF0F03D0D1F81801012800D0002036
:104EA00084F833000F481030006884F83400FFF7AE
:104EB00072F8012800D0002084F83500FFF767F968
:104EC0000020C6F844010948006800902846F8BD53
:104ED0001025CFE77C0A002004F501400080004047
:104EE0000010004000140040401600404481004083
:104EF00010B5444822220021F8F745FA4148002421
:104F0000017821F010010170012104F04DFC3D49B0
:104F10004FF6FF70263981F8224088843A4908808C
:104F2000488010BDE4E7704700F05FB83549016084
:104F30007047354908807047324926398A8CA2F576
:104F40007F43FF3B02D00021016008E091F822205E
:104F50002C492639012A02D0016001207047002027
:104F600070472848263810F8221F012908D001214F
:104F7000017025482349263900888884012070471C
:104F8000002070472049488070471E491E4B263933
:104F90008A8C5B889A4205D191F8222012B1016077
:104FA00001207047002070471648174A2638818C28
:104FB0005288914209D14FF6FF71818410F8221F67
:104FC00019B10021017001207047002070470D4881
:104FD0000D4A2638818C5288914204D190F82200E3
:104FE00008B10020704701207047064926398A8C95
:104FF000824205D1002081F822004FF6FF7088849C
:1050000070470000DE0A0020C400002070473D4ABF
:10501000012338B1012804D1137008689060888892
:105020009081704753700868C2F802008888D08069
:105030007047344A10B1012807D00EE0507860B1B3
:10504000D2F802000860D08804E0107828B1906897
:1050500008609089888001207047002070472949A6
:1050600010B1012802D005E0487800E0087808B1C6
:10507000012070470020704730B50C4605468DB0C2
:105080004FF0030104F1030012B1FEF741FB01E010
:10509000FEF75DFB60790D2220F0C00040F040007B
:1050A0006071002104A8F8F76EF9E0788DF81F0010
:1050B00020798DF81E0060798DF81D001022294698
:1050C0006846F8F736F9684604F036FE9DF82F007A
:1050D00020709DF82E0060709DF82D00A0700DB01E
:1050E00030BD10B5002904464FF0060102D0FEF78E
:1050F0000FFB01E0FEF72BFB607920F0C000607130
:1051000010BD0000C8000020FE48406870472DE92F
:10511000F0410E46074601461446012004F011FDF9
:10512000054697F86500FFF725F84AF2B1210844D3
:105130004FF47A71B0FBF1F1788840F2712250435C
:10514000C1EB4000041BA4F2663402F0BBFD00B1C9
:105150001E3CAE4201D2284600E03046A04204D2B6
:10516000AE4201D22C4600E034467C62BDE8F081BC
:1051700030B502460020002914D0A2FB01104C0AD1
:1051800044EAC054400A641C40F100000021D4F1FC
:10519000FF3240F2A175814100D2FFDF04F5F464D3
:1051A000B4FBF5F030BD2DE9FF4F8BB0044690F80D
:1051B00065008A460990DDE90D1008430890D24841
:1051C0000026007800F004FE054694F88C0100F0FB
:1051D000FFFD284480B2009094F87D000D2804D093
:1051E000002007900D9810B131E00120F9E794F804
:1051F0002C0103282BD1079848B3B4F8AE115145C0
:1052000025D1D4F83401C4F82001608840F2E2418D
:105210004843C4F82401B4F87A01B4F806110844EC
:10522000C4F82801204602F057FDB4F8B201E0822C
:1052300094F8B0016075B4F8B4016080B4F8B601B8
:10524000A080B4F8B801E080022084F82C01D4F8E2
:1052500084010590D4F880010390B4F80681B4F875
:105260007811D4F8740106900D9820B194F840019B
:1052700000287DD108E004F580700290743004901D
:1052800004F5B075001D07E004F5AA700290001D3A
:10529000049004F5A275001D0A90B4F87020AAEBE2
:1052A00002000FFA80F9AAEB010007B2002F05DA1D
:1052B000D4F87001069001204F46089092484FF0B4
:1052C000000B007970B3F5F7A1FC58B3B4F81801DE
:1052D000022827D394F82C01022823D094F8430104
:1052E00000BB94F88C0100F073FD00F5C86080B23B
:1052F000009094F82C01012845D0608840F2E241EA
:1053000048430099FFF734FF08EB0901CA1BD4F8A2
:10531000341180B2431A02FB03BBC4F834010120EC
:1053200084F8430194F82C0100286DD001287DD029
:1053300002287CD003287BD0FFDF00BFA6EB0B0147
:105340000698FCF70EFD0499012640F271220860D0
:105350000A990020A1F800A028702E710498006816
:10536000A8606088D4F834115043C1EB400000E0DD
:10537000BFE16549A0F23630C861896981427DD9B3
:10538000029908607BE194F88000032833D0012162
:10539000002004F0CDF8E18A40F27122514300EB85
:1053A00041000190D4F82401B8340099FFF7E0FEE1
:1053B000A16E226F431AA066DDE9001002FB03BB59
:1053C000FFF7D6FEA16FA067421A34F8B60C40F280
:1053D000E241484393440099FFF7CAFE08EB0901F4
:1053E000226FC91B8A1AE16F521E431A02FB03BBCC
:1053F000E067B83C93E7E08A40F27122D4F82411C8
:10540000504301EB4000CCE7039800B9FFDF0121D6
:10541000002004F08DF80646E08A40F271214843EE
:1054200006EB40000099FFF7A3FE02E0C0E058E061
:10543000DDE0C4F83001608840F2E2414843009961
:10544000FFF796FEC4F8340182B22046A16AFFF746
:105450005EFE14F8650FFEF7F2FE4FF47A7800F264
:10546000E140B0FBF8F1039801EB00092078FEF76A
:10547000E6FE07462078FEF77DFE00E0FDE03844BA
:105480004AF2AB310144B1FBF8F134F84F0C40F271
:105490007122504306EB4000411AD4F8CB0040F291
:1054A000E2430A1A02EB0906227814F8501C11FB99
:1054B00003F1203E00F0B9FC1349801C886114F808
:1054C0006509FEF7BCFE00F2E140B0FBF8F103987D
:1054D0000844301A40F2F6218842BFF42FAFFFDFB4
:1054E0002CE7E08A40F27122D4F82411504301EBFA
:1054F00040000099FFF73CFEC4F83001608840F29C
:10550000E24103E0000B0020D8000020484300994E
:10551000FFF72EFEC4F8340182B22046A16AFFF7DD
:10552000F6FDB8F1000F21D10E98F8B194F865603E
:105530003046FEF71FFE4AF2B12101444FF47A7063
:10554000B1FBF0F0D4F8301140F271230144E08A4D
:10555000D4F82421584302EB4000471A3046FEF7A6
:1055600076FE0599081A3E18203E0AE0E08A40F2CD
:105570007122D4F82411504301EB4000D4F83011CB
:10558000461AD4F82821D4F82011D4F8300140F27A
:10559000E24301FB020094F86520617D11FB03F1F9
:1055A00000F043FCF9498861012084F82C01C5E62C
:1055B000608840F271225043D4F83411D4F8282185
:1055C000C1EB40067E4308EB0900801AD4F8207135
:1055D000D4F83031401E07FB023200FB012094F862
:1055E0006520617D40F2E24311FB03F140E06088F9
:1055F00040F27122D4F834115043C1EB400694F8C4
:105600007C007E43242803D094F87D0024280AD10E
:10561000B4F8AE11AAEB010000B2002803DB94F845
:10562000B10100B109900898D8B1B8F1000F18D1B4
:10563000059808B1039800B9FFDF94F86500FEF7FC
:1056400099FD4AF2B12101444FF47A70B1FBF0F0B8
:10565000361A94F86500FEF7FAFD0599081A064413
:10566000203ED4F8341108EB090048430021099A80
:1056700000F0DBFBC549886160E602980160029892
:10568000616A0068084400F5D370E86002F01AFB14
:1056900010B1E8681E30E8606E71B4F8F010A1EB4C
:1056A0000A0000B2002801DD032068710798002875
:1056B0000E9822D0C0B100BFB4F81811B1B3B4F83D
:1056C0001A0100BFA4F81A0194F81C21401C42439F
:1056D0008A4209D26879401E002805DD6E71B4F84F
:1056E0001A01401CA4F81A010D9830B394F8400137
:1056F000F8B102200FB0BDE8F08F0028DCD194F89B
:105700002C010028F0D0608840F27122D4F83411C6
:105710005043C1EB4001284603F04EFE0004000C4C
:10572000E2D0189901B108800120E3E7FFE70020EB
:10573000C8E794F87C01FDF78CF994F87C012946C0
:1057400000F059FB20B10D9880F0010084F8410170
:105750000020CFE77CB50446FCF72FFE0146D4F8C5
:105760007001FDF72BFB214600F076FB94F87D10CD
:105770000D290AD0B4F87020B4F83E1113189942DC
:1057800006DB491CA4F83E1106E0B4F83E010CE02B
:10579000401C1044A4F83E0194F8420140B9B4F80A
:1057A0003E01B4F8F410884202D1401CA4F83E0136
:1057B000B4F87A0101AE401CA4F87A01B4F89A005A
:1057C000B4F89810401AB4F87010401E084485B21E
:1057D00009E000231A4620460096FFF7E4FCD0B10A
:1057E00001282ED0FFDFB4F83E11681A00B200285D
:1057F000EFDA082084F88D00012084F88C00204620
:1058000001F0F5FE204600F0F8FA60484079BDE866
:105810007C40F5F7C9BBA06E002811D0B4F83E015A
:10582000B4F89420801A01B2002909DD34F86C0F15
:105830000144491E91FBF0F189B201FB0020208553
:105840007CBDB4F83E01BDF804100844A4F83E0144
:10585000C9E770B54E4C607A08B1002070BD94F86D
:10586000300030B1616B606A884202D9F8F70CFBF6
:10587000F3E7A06AC8B1F7F725FF0546F7F7F9FE89
:10588000284442F210714618FCF797FD0546294658
:10589000E06AFDF793FAE562A16A8219914202D2A9
:1058A0000120A062E2E7081AA062012070BD70B575
:1058B000374C012500202575207494F8300004F140
:1058C000100650B14FF47A71A069FCF74AFAA06152
:1058D0000021304603F070FD10E0002000F00DFBC9
:1058E0000546F7F7EFFE05442946A069FCF739FAAB
:1058F000A0612946304603F05FFD451C208C411C09
:105900000A2901D228442084606828B1208C401CD8
:105910000A2801D3022000E003206075FFF799FFF9
:1059200038B1207B314600F066FA002800D1FFDF55
:1059300070BD00F0DAFA15484079BDE87040F5F71F
:1059400033BB38B50025044680F82C51A0F87851B7
:105950002B462A4629460095FFF725FC00B1FFDFBC
:10596000C4F828510120C4F8205184F82C01A4F86F
:105970003E51A4F83C5184F8425134F8700F401E57
:1059800024F8B80B0020A4F8525038BDD8000020ED
:10599000000B002010B530B1F749012807D00228CC
:1059A0000BD0FFDF10BDBDE8104000F0EABA486A36
:1059B000BDE81040002100F0B5BA002081F83000A9
:1059C000FCF7F9FBED484079BDE81040F5F7ECBA7B
:1059D0002DE9F0410646E8480F460178E74D0329D6
:1059E00009D1017BB14206D1406868613846BDE803
:1059F000F04100F0EEBA304600F0F3F90621FAF774
:105A00005DFB040000D1FFDF304600F0EAF9218899
:105A1000884200D0FFDF214638466C61BDE8F04186
:105A200000F027BA10B5D44C207848B1012060723C
:105A3000F8F74CFA2078032804D0207A002800D008
:105A40000C2010BD207BFDF704F8207BFDF772FAD7
:105A5000207BFCF78FFC00B9FFDF0020207010BD19
:105A600010B5FFF7DFFF00F0F1FAC348002180F81E
:105A70003010C172084610BDC049487100208870BE
:105A800001220A7048700A71C870BB490870E7E7C4
:105A9000BA49087070472DE9F047B74C07460E46E3
:105AA000207800284BD1B648FCF702FC20731F2851
:105AB00045D04FF00309676084F8009000256572B7
:105AC000257287B1012107F58E70FDF740FE062093
:105AD000FAF7A0FA97F81C11B1FBF0F200FB1210D4
:105AE000401C87F81C01FCF73EFC40F2F65188424E
:105AF00000D2084600F23F101FFA80F8F7F7B9FD10
:105B0000E061F7F7DFFD0127E0B1A772FCF755FC74
:105B10008246002000F0F1F900EB08015046FCF746
:105B200020F9A061C4E90A6A277584F815909249A2
:105B30002574207B103100F05EF990B910E00C2044
:105B4000BDE8F087FCF739FC4146FCF70AF9A06193
:105B5000A57284F83070A6F28B566663A562E3E7FF
:105B6000FFDF25840020F8F7B1F90020E8E783493A
:105B7000487070478149087170472DE9F0417F4CAA
:105B80000746E088401CE080D4E902516078D7F8ED
:105B9000806120B13246284603F036FC0546A068F5
:105BA000854205D02169281A08442061FDF7D3F801
:105BB000A560AE4205D897F82C01012801D0E07805
:105BC00010B10020BDE8F0810120FBE710B50446CC
:105BD0000846FEF7CFFA4AF2B12108444FF47A7131
:105BE000B0FBF1F040F2E2414C4300F23630844227
:105BF00001D9201A10BD002010BD7CB5044600203C
:105C000084F8400194F8FE0000283FD194F82C015C
:105C100003283BD1FCF7D1FB0146D4F87001FDF716
:105C2000CDF8002832DD214600F016F9411CB4F809
:105C300070000144A4F83C11B4F83C11B4F8F4200D
:105C4000511A09B2002921DD012184F84211B4F86A
:105C50009A10B4F8982001AE891A491E084485B2FA
:105C60000EE00096B4F83C11002301222046FFF715
:105C70009AFA00280AD0012809D0022806D0FFDFAE
:105C8000B4F83C01281A00B20028EADA7CBDB4F866
:105C90003C01BDF804100844A4F83C01F0E738B515
:105CA00000250446012902D13448C07868B1042097
:105CB00084F82C01FCF77FFAA4F87A51B4F870004C
:105CC000A4F83E0184F842515FE60095B4F8F41060
:105CD000012300222046FFF766FA0028EAD0FFDF02
:105CE000E8E710B5062916D2DFE801F00509030C34
:105CF0000C0D002100E00121BDE81040CFE7032199
:105D000080F82C1110BDB0F834118AB2816ABDE858
:105D10001040FFF7FCB9FFDF10BD70B5174CA1783C
:105D2000022916D1E188002913D16569C5F88401DB
:105D300095F86500FEF78BFAD5F88411081AA1686A
:105D40000144A160E1680844E060BDE8704000F0F3
:105D5000A9B970BD70B5054608488478022C11D0E9
:105D6000054C243401B34FF47A7601290ED0022970
:105D700010D0FFDF70BD0000000B0020D800002015
:105D8000D1590100446904F5C074EBE71846FEF7E9
:105D900056FA02E01046FEF795FF00F2E140B0FB34
:105DA000F6F0281A2060E5E72560E3E7FE4810B525
:105DB000007808B1002010BD0620FAF71DF980F028
:105DC000010010BDF8480078002800D0012070477D
:105DD00010B504460C2800D3FFDFF44830F8140057
:105DE00010BD10B504461F2800D3FFDFEE48383041
:105DF00030F8140010BDFCF711BD70B5044600204A
:105E000084F82C0194F87C514FF6FF761F2D00D3B7
:105E1000FFDFE548383020F8156094F87C01FCF786
:105E2000A9FA1F2084F87C01A4E770B505460C464A
:105E300016461046FEF79EF94AF2B12108444FF487
:105E40007A71B0FBF1F000EB450004443046FEF7F8
:105E5000FEF9204460308DE7002809D0D1F83421C4
:105E6000498840F271235943C2EB4101B0FBF1F084
:105E700070472DE9F04101250226CD4F0C46082838
:105E800031D2DFE800F0040E161611301A23204636
:105E900000F0ADF9204600F064F984F84051BE707E
:105EA00090E601F00AFF01E0FEF72FFE84F8405172
:105EB00088E62046BDE8F0414CE4FEF7B3FCFEF76F
:105EC00024FE4FF0E020C0F880627BE694F82C01BD
:105ED000042800D0FFDF2046FFF78FFF7879BDE868
:105EE000F041F5F761B8FFDF6CE610B5AE4C207BF2
:105EF000FCF740FA0020207010BD08B500284FF0D4
:105F00000101684602D0FDF703FC01E0FDF7F6FB56
:105F10009DF8000042F210710002B0FBF1F201FBAB
:105F2000120008BD2DE9F0419F4C0746002084F87F
:105F30003000A669E07220700120207201216068A3
:105F400003F0B2F86068C0F87061257B80F87C517E
:105F5000C0F88071C0F8746106881F2D00D3FFDF80
:105F60009148383020F815606068FFF7EAFC00B10E
:105F7000FFDFFCF720F98E484079BDE8F041F5F7E6
:105F800013B870B5884C0025A07A18B10120FFF72E
:105F9000B4FF0546F7F796FB4119A069FBF7E1FE50
:105FA000A061002525740320607501202075607AAA
:105FB00030B97D49207B1031FFF71DFF00B9FFDFAD
:105FC0002584FCF7F8F87A484079BDE87040F4F78A
:105FD000EBBF70B5744D04462878032800D0FFDF6E
:105FE000082C31D2DFE804F0040E2A2A2630302DA6
:105FF00000206862F7F77CFD00B1FFDF6C490320E9
:106000008870B7E6F7F735FBE9690446A14206D286
:10601000601A0421FCF705FFEC6108B906E0E861AD
:10602000F7F7B1FE0028ECD0FFDFA3E6BDE8704033
:106030000020AFE4BDE87040FEF767BDBDE87040EA
:1060400035E4BDE8704050E7FFDF93E6FEB5584CFD
:106050000120E0704FF6FF750CE00621FAF72EF8EC
:10606000060000D1FFDF96F87C01FCF763FF3046A5
:10607000FFF7C3FE69460620F9F7ADFF50B1FFDF19
:1060800008E0029830B190F82C1119B10088A842AC
:10609000E3D104E06846F9F77CFF0028F1D0002046
:1060A000E070FEBD2DE9F0474148446994F8431182
:1060B000002955D094F82C11032951D194F86590FA
:1060C0000078FFF785FE054694F88C01FFF780FE07
:1060D000284486B294F88C01FFF77AFE00F5C86078
:1060E0001FFA80F84846FEF7B2F8D4F884110D1A6A
:1060F0004846FEF73FF84FF47A7A00F2E730B0FBFB
:10610000FAF02D1A4846FEF7A2F8D4F800110F1A3B
:106110004846FEF72FF84AF2B1210144B1FBFAF0EC
:106120003A1AA2F160007043B0FBF8F1292000EBAD
:1061300052006031A0EB510200EB5100AA4201D89D
:10614000854201D3F4F714FE608840F2E2414843EF
:106150003146FFF70DF8C4F83401002084F84301FC
:10616000EEE470B50446FCF7FEF8054694F86500C9
:10617000FEF700F84AF2B12108444FF47A71B0FBFF
:10618000F1F0D4F8341140F2712201446088504398
:10619000C1EB4006303EB72D00D8B725214601207F
:1061A00003F0CFFC284405E0000B002088B201007A
:1061B000D8000020351A21460120A5F21B3503F036
:1061C000C0FC616A9C30814201D9081A00E00020BD
:1061D0002C49A842CD6000D328468860D4F86C01D1
:1061E000A0F5D3700861BDE87040FCF7B4BD10B5F0
:1061F000044624490020C4F88001C880C4F8840102
:1062000094F8410138B9FCF7D8F8D4F84C11FCF7F0
:10621000D5FD002813DCB4F83E11B4F870008142BB
:1062200001D1B4F8F410081AA4F8F600A4F870101C
:10623000D4F86801C4F84C01C4F870011CE0B4F84B
:106240003C01B4F87010401AA4F8F600B4F83C0110
:10625000A4F87000D4F84C01C4F86801C4F87001C7
:10626000D4F85401C4F80001D4F85801C4F87401FA
:10627000B4F85C01A4F878012046BDE8104001F0B4
:1062800006BC0000D80000202DE9F0410E4604466F
:1062900003F06FFB0546204603F06DFB044603F058
:1062A000FDF8FB4F010015D0386990F864208A4250
:1062B00010D090F8C4311BB190F8C63123421FD0E2
:1062C0002EB990F85D30234201D18A4218D890F857
:1062D000C401A8B1284603F0E1F870B1396991F81A
:1062E0006520824209D091F8C40118B191F8C70124
:1062F000284205D091F8C40110B10120BDE8F08119
:106300000020FBE730B5E24C85B0E06900285ED0A4
:10631000142200216846F7F736F8206990F86500E6
:10632000FDF728FF4FF47A7100F5FA70B0FBF1F534
:10633000206990F86500FDF78AFF2844ADF8060053
:1063400020690188ADF80010B0F87010ADF80410A5
:106350004188ADF8021090F8A60130B1A069C11CC7
:10636000039103F01FFA8DF81000206990F8A50141
:106370008DF80800E169684688472069002180F8A7
:10638000A61180F8A5110399002920D090F8A41136
:1063900000291CD190F87C10272918D09DF81010E6
:1063A000039A002913D013780124FF2B11D0072B57
:1063B0000DD102290BD15178FF2908D180F8A441D1
:1063C0000399C0F8A8119DF8101080F8A71105B026
:1063D00030BD1B29F2D9FAE770B5AD4C206990F8B1
:1063E0007D001B2800D0FFDF2069002580F8A75022
:1063F00090F8D80100B1FFDF206990F8A81041B1F2
:1064000080F8A8500188A0F8DC1180F8DA510C213E
:1064100008E00188A0F8DC1180F8DA51012180F849
:10642000DE110B2180F8D8110088F9F77AFFF9F70F
:1064300023FC2079F4F7B8FD206980F87D5070BD09
:1064400070B5934CA07980072CD5A078002829D16D
:1064500062692046D37801690D2B01F170005FD08D
:106460000DDCA3F102034FF001050B2B19D2DFE87D
:1064700003F01A1844506127182C183A6400152BA1
:106480006FD008DC112B4BD0122B5AD0132B62D0BB
:10649000142B06D166E0162B71D0172B70D0FF2B72
:1064A0006FD0FFDF70BD91F87F200123194602F005
:1064B00038FF0028F6D12169082081F87F0070BDDF
:1064C0001079BDE8704001F0A2BC91F87E00C007D1
:1064D00000D1FFDF01F05AFC206910F87E1F21F087
:1064E0000101017070BD91F87D00102800D0FFDF20
:1064F0002069112180F8A75008E091F87D00142848
:1065000000D0FFDF2069152180F8A75080F87D10AA
:1065100070BD91F87D00152800D0FFDF172005E041
:1065200091F87D00152800D0FFDF1920216981F83E
:106530007D0070BDBDE870404EE7BDE8704001F0E1
:106540003ABC91F87C200123002102F0EAFE00B958
:10655000FFDF0E200FE011F87E0F20F0040008701E
:106560001DE00FE091F87C200123002102F0D9FE0C
:1065700000B9FFDF1C20216981F87C0070BD12E0AA
:106580001BE022E091F87E00C0F30110012800D04A
:10659000FFDF206910F87E1F21F010010170BDE8B7
:1065A000704001F0F3BB91F87C200123002102F040
:1065B000B8FE00B9FFDF1F20DDE791F87D0021283C
:1065C00001D000B1FFDF2220B0E7BDE8704001F04C
:1065D000E9BB2F48016991F87E20130702D50121FC
:1065E0008170704742F0080281F87E208069C0788F
:1065F00081F8E10001F0C1BB10B5254C21690A8882
:10660000A1F81A2281F8180291F8640001F0A9FBA0
:10661000216981F81C0291F8650001F0A2FB216953
:1066200081F81D02012081F81602002081F8C401C2
:106630002079BDE81040F4F7B7BC10B5144C052123
:106640002069FFF74EFB206990F85A10012908D005
:1066500000F5F77103F048FA2079BDE81040F4F72F
:10666000A3BC022180F85A1010BD10B5084C0123BC
:106670000921206990F87C20703002F052FE48B168
:106680002169002001F8960F087301F81A0C10BD5B
:10669000F80000200120A070F9E770B5FE4D01233D
:1066A00029462869896990F87C2009790E2A01D148
:1066B000122903D000241C2A03D004E0BDE8704056
:1066C000D3E7142902D0202A07D008E080F87C40C4
:1066D00080F8A240BDE87040AFE7162906D0262A10
:1066E00001D1162902D0172909D00CE000F87C4FFF
:1066F00080F82640407821280CD01A2017E090F826
:106700007D20222A07D0EA69002A03D0FF2901D17F
:1067100080F8A63132E780F87D4001F037FB286928
:1067200080F8974090F8C4010028F3D00020BDE81D
:10673000704061E72DE9F843D74C206990F87C1050
:10674000202909D05FF0000790F87D10222905D09C
:106750007FB300F17C0503E00127F5E700F17D053B
:1067600010F8B01F41F004010170A06903F007F9AF
:106770004FF00108002608B33946A069FFF784FDF1
:10678000E0B16A46A169206902F096FE90B3A06963
:1067900003F0F3F82169A1F8AE01B1F8701001F02F
:1067A000C6FA40B32069282180F88D1080F88C80CB
:1067B00048E0FFE70220A070BDE8F883206990F868
:1067C000C40110B11E20FFF717FFAFB1A069216906
:1067D000C07881F8E20008FA00F1C1F3006000B966
:1067E000FFDF20690A2180F87C1090F8A20040B9F0
:1067F000FFDF06E009E01AE02E7001F0C7FAFFF7AC
:10680000E8FE206980F89760D6E7206990F8C40117
:1068100018B10020FFF7F0FE2E70206900F17D0115
:1068200080F897608D420DD180F87D600AE0206984
:106830009DF8001080F8B0119DF8011080F8B1119A
:1068400024202870206900F17D018D4203D1BDE82C
:10685000F84301F09BBA80F8A260ADE770B58E4CAA
:1068600001230B21206990F87D20703002F059FD42
:10687000202650BB20690123002190F87D20703034
:1068800002F04FFD0125F0B1206990F87C0024282A
:106890001BD0A06903F063F8C8B1206990F8B0106C
:1068A00041F0040180F8B010A1694A7902F00702B2
:1068B00080F85D20097901F0070180F85C1090F8FC
:1068C000C5311BBB06E0A57058E6A67056E6BDE8CC
:1068D00070407EE690F8C431C3B900F164035E787D
:1068E0008E4205D11978914202D180F897500DE07F
:1068F00000F504710D7002884A8090F85C200A71DE
:1069000090F85D0048712079F4F74EFB2169212051
:1069100081F87D00BDE8704001F02FBAF8B55E4CFB
:10692000206990F87E0010F0300F04D0A07840F07D
:106930000100A070F8BDA06902F0FAFF50B3A06991
:1069400002F0F0FF0746A06902F0F0FF0646A069DA
:1069500002F0E6FF0546A06902F0E6FF0146009757
:10696000206933462A46303003F046F8A079800784
:1069700003D56069C07814280FD0216991F87C0094
:106980001C280AD091F85A0001280ED091F8BB01BA
:1069900058B907E0BDE8F8401BE62169012081F8FD
:1069A0005A0002E091F8BA0130B1206910F87E1F58
:1069B00041F0100101700EE091F87E0001F5FE72C9
:1069C00040F0200081F87E0031F8300B03F080F8B1
:1069D0002079F4F7E9FABDE8F84001F0CEB970B5D6
:1069E0002D4C206990F87E10890707D590F87C20FF
:1069F00001230821703002F094FCE8B1206990F87E
:106A0000AA00800712D4A06902F073FF216981F8FF
:106A1000AB00A06930F8052FA1F8AC204088A1F8A0
:106A2000AE0011F8AA0F40F002000870206990F83B
:106A3000AA10C90703D00FE00120A0709EE590F8CE
:106A40007E00800700D5FFDF206910F87E1F41F02F
:106A50000201017001F091F92069002590F87C1085
:106A6000062906D180F87C5080F8A2502079F4F7EE
:106A70009BFA206990F8AC110429DFD180F8AC5161
:106A80002079F4F791FA206990F87C100029D5D18B
:106A900080F8A25072E50000F800002070B5FE4CAE
:106AA00001230021206990F87D20703002F039FC2C
:106AB000012578B9206990F87D20122A0AD0012397
:106AC0000521703002F02DFC10B10820A07055E5B2
:106AD000A57053E5206990F8A80008B901F04DF9B8
:106AE0002169A06901F5847102F0F1FE2169A069B4
:106AF000D83102F0F2FE206990F8E00100B1FFDF2A
:106B000021690888A1F8E20101F5F271A06902F09B
:106B1000D6FE2169A06901F5F67102F0D5FE206963
:106B200080F8E051142180F87D102079BDE8704094
:106B3000F4F73ABA70B5D84C01230021206990F8D7
:106B40007D20703002F0EDFB0125A8B1A06902F0B4
:106B50008CFE98B1A0692169B0F80D00A1F8AE01D2
:106B6000B1F8701001F0E3F858B12069282180F8DD
:106B70008D1080F88C5001E5A570FFE4BDE87040F1
:106B800027E5A0692169027981F8B021B0F80520D4
:106B9000A1F8B22102F060FE2169A1F8B401A06958
:106BA00002F05DFE2169A1F8B601A06902F05AFE6B
:106BB0002169A1F8B8010D2081F87D00DEE47CB5E3
:106BC000B54CA079C00738D0A06901230521C5784C
:106BD000206990F87D20703002F0A3FB68B1AD1EF3
:106BE0000A2D06D2DFE805F00909050509090505A2
:106BF0000909A07840F00800A070A07800281CD1F6
:106C0000A06902F0FFFD00287AD0A0690226C578AD
:106C10001DB1012D01D0162D18D1206990F87C00EE
:106C200002F067FB90B1206990F87C101F290DD00D
:106C3000202903D0162D16D0A6707CBD262180F801
:106C40007C10162D02D02A20FFF7D6FC0C2D58D030
:106C50000CDC0C2D54D2DFE805F033301D44A7A71F
:106C6000479E57A736392020A0707CBD0120152DE6
:106C700075D008DC112D73D0122D69D0132D64D07E
:106C8000142D3DD178E0162D7CD0182D7DD0FF2D10
:106C900036D183E020690123194690F87F207030B7
:106CA00002F03FFBF8B9A06902F007FE216981F804
:106CB0009201072081F87F0078E001F044F975E047
:106CC000FFF738FF72E001F01EF96FE0206990F8DD
:106CD0007D10112901D0A67068E0122180F87D1086
:106CE00064E0FFF7DBFE61E0206990F87D00172883
:106CF000F1D101F04BF821691B2081F87D0055E0AE
:106D000052E0FFF76CFE51E0206990F87E00C0076A
:106D100003D0A07840F001001FE06946A06902F0AE
:106D2000EAFD9DF8000000F02501206900F8B01F81
:106D30009DF8011001F04101417001F01EF8206939
:106D400010F87E1F41F0010114E0FFF78EFC2DE0EA
:106D5000216991F87E10490705D5A07026E00EE064
:106D600016E00FE011E001F008F8206910F87E1F2E
:106D700041F00401017019E0FFF7D0FD16E001F0C9
:106D80008AF813E0FFF76AFD10E0FFF7D3FC0DE08F
:106D900001F060F80AE0FFF780FC07E0E16919B153
:106DA000216981F8A60101E0FFF713FC2069F0E9F1
:106DB0003012491C42F10002C0E900127CBD70B5DE
:106DC000354CA07900074AD5A078002847D1206922
:106DD00090F8E400FE2800D1FFDF2069FE210025A5
:106DE00080F8E41090F87D10192906D180F8A7509A
:106DF00000F0CCFF206980F87D50206990F87C106D
:106E00001F2902D0272921D119E090F87D0002F036
:106E100070FA78B120692621012380F87C1090F85F
:106E20007D200B21703002F07CFA78B92A20FFF720
:106E3000E3FB0BE02169202081F87C0006E00121C2
:106E400080F8A51180F87C5080F8A250206990F855
:106E50007F10082903D10221217080F8E41059E441
:106E600010B50D4C216991F8B0210AB991F8642050
:106E700081F8642091F8B1210AB991F8652081F870
:106E8000652010B10020FFF7B7FB206902F0D4FDA8
:106E9000002809D0206901E0F8000020BDE810407A
:106EA00000F5F77102F020BE10BD70B5FC4C06462F
:106EB0000D46206990F8E400FE2800D0FFDF22692B
:106EC000002082F8E46015B1A2F8A40022E422F8C0
:106ED0009E0F012010711DE470B5F14C01230021BB
:106EE000206990F87C20703002F01BFA002869D0ED
:106EF000206990F8BA1111B190F8BB1139B190F82E
:106F0000C41100295DD090F8C51111B359E090F873
:106F10007D1024291BD090F87C10242917D0002341
:106F200000F5D87200F5DD7102F058FD21690020EE
:106F300081F8BA0101461420FFF7B7FF216901F17A
:106F40003000C28A21F8E62F408B48803FE00123C1
:106F5000E6E790F87D2001230B21703002F0E1F983
:106F600078BB206990F8640000F0FBFE05462069BC
:106F700090F8650000F0F5FE0646206990F8C6110D
:106F8000284600F0E0FE50B1206990F8C711304665
:106F900000F0D9FE18B10020FFF72EFB11E02069A8
:106FA0000123032190F87D20703002F0BAF940B936
:106FB00020690123022190F87D20703002F0B1F9A0
:106FC00008B1002080E400211620FFF76EFF0120A9
:106FD0007AE410B5F0BBB24C206990F87E10CA0775
:106FE00002D00121092051E08A070AD501210C2095
:106FF000FFF75BFF206910F8AA1F41F00101017043
:1070000046E04A0702D5012113203FE00A0705D5D3
:1070100010F8E11F41710121072037E011F0300F16
:107020003AD090F8BB11A9B990F8BA11D9B190F83B
:107030007D1024292ED090F87C1024292AD00023FA
:1070400000F5D87200F5DD7102F0C8FC216911F875
:107050007E0F00E020E020F0200040F010000870DB
:10706000002081F83C01206990F87E10C90613D5F4
:1070700002F0E2FCFFF7E1FA216901F13000C28A77
:1070800021F8E62F408B488001211520FFF70DFFE6
:10709000012010BD0123D3E7002010BD70B5804C46
:1070A000206990F8E410FE2978D1A178002975D1E3
:1070B00090F87F2001231946703002F032F9002841
:1070C0006CD1206990F8901149B10021A0F89C1072
:1070D00090F8911180F8E610002102205BE090F812
:1070E0007D2001230421703002F01BF90546FFF7D3
:1070F00070FF002852D1284600F089FF00284DD1AA
:1071000020690123002190F87C20703002F009F9F9
:1071100078B120690123042190F87D20703002F0BD
:1071200000F930B9206990F8960010B100211220C2
:1071300031E0206990F87C200A2A0DD0002D2DD155
:1071400001230021703002F0ECF878B1206990F84A
:10715000AC1104290AD105E010F8E21F01710021E9
:10716000072018E090F8AA00800718D0FFF7B4FEB7
:10717000002813D120690123002190F87C20703071
:1071800002F0CFF8002809D0206990F8A401002867
:1071900004D00021FF20BDE8704086E609E0002110
:1071A0000C20FFF782FE206910F8AA1F41F00101B0
:1071B000017043E43EB505466846FDF7BDFE00B9E3
:1071C000FFDF222200210098F6F7DDF80321009866
:1071D00002F0FFFA0098017821F0100101702946B1
:1071E00002F01DFB2E4C0D2D40D00BDCA5F102054D
:1071F0000B2D19D2DFE805F01F184719191F185673
:1072000018192400152D5ED008DC112D25D0122D63
:107210000BD0132D09D0142D06D154E0162D29D0F2
:10722000172D69D0FF2D73D0FFDFFDF79AFE0028E0
:1072300000D1FFDF3EBD2169009891F8E61017E00C
:10724000E26800981178017191884171090A817191
:107250005188C171090A0172E7E70321009802F021
:10726000A6FB0621009802F0A6FBDEE700980621A7
:107270000171DAE70098216991F8C621027191F84D
:10728000C7114171D1E72169009801F5887102F0B9
:1072900028FB21690098DC3102F028FBC5E70000DB
:1072A000F8000020F849D1E90001CDE90101206989
:1072B00001A990F8B00000F025008DF804000098B6
:1072C00002F048FBB1E72069B0F84810009802F0DE
:1072D00017FB2069B0F8E810009802F015FB206950
:1072E000B0F84410009802F013FB2069B0F8E610E3
:1072F000009802F011FB98E7216991F8C401002879
:107300000098B9D111F8642F02714978B9E7FFE705
:10731000206990F8A721D0F8A811009802F08DFA02
:1073200083E7DA4810B5006990F8821041B990F807
:107330007D2001230621703001F0F3FF002800D0EA
:10734000012010BD70B5D14D286990F8801039B179
:10735000012905D0022906D0032904D0FFDF0AE461
:10736000B0F8F41037E090F87F10082936D0B0F864
:107370009810B0F89A2000248B1C9A4206D3511A18
:10738000891E0C04240C01D0641EA4B290F896103F
:1073900039B190F87C2001230921703001F0C1FF40
:1073A00040B3FFF7BEFF78B129690020B1F8902003
:1073B000B1F88E108B1C9A4203D3501A801E00D055
:1073C000401EA04200D284B20CB1641EA4B228694F
:1073D000B0F8F4102144A0F8F01040E5B0F898108F
:1073E0000329BDD330F8701F428D1144491CA0F809
:1073F000801034E50024EAE770B50C4605464FF4EA
:10740000087200212046F5F7BEFF258027E5F8F732
:107410005FBF2DE9F0410D4607460621F8F74EFE05
:10742000041E3ED094F8CC010026B8B16E7007203F
:1074300028700DE0268484F8CC61D4F8CE01C5F81C
:107440000200D4F8D201C5F80600B4F8D60168816C
:1074500094F8CC010028EDD1AE70B6E094F8D801D4
:1074600090B394F8D8010B2813D00C2801D0FFDF7B
:10747000ABE02088F8F755FF0746F8F712FC78B91B
:107480006E700C20287094F8DA01A8702088A8800B
:1074900014E02088F8F745FF0746F8F702FC10B122
:1074A0000020BDE8F0816E700B20287094F8DA019E
:1074B000A8702088A88094F8DE01A87184F8D861AB
:1074C0003846F8F7E8FB80E0FFE794F80E0230B1A9
:1074D0006E700E20287084F80E626F8075E094F84C
:1074E000E00180B16E700820287020886880D4F890
:1074F000E4116960D4F8E811A960B4F8EC01A8813E
:1075000084F8E06161E094F8080270B16E701620B2
:10751000287005E084F80862D4F80A02C5F8020071
:1075200094F808020028F5D14FE094F8EE01B0B1CC
:107530006E70122028700DE084F8EE61D4F8F0012E
:10754000C5F80200D4F8F401C5F80600D4F8F80133
:10755000C5F80A0094F8EE010028EDD135E094F862
:10756000FC0180B16E701820287084F8FC61D4F89A
:10757000FE01C5F80200D4F80202C5F80600B4F80E
:107580000602688121E094F8100240B119202870A9
:1075900084F81062D4F81202C5F8020015E094F8DD
:1075A000160200283FF47DAF6E701320287008E0AB
:1075B00084F81662D4F81802C5F80200B4F81C0268
:1075C000E88094F816020028F2D1012069E72F48DC
:1075D0000021C16101620846704730B52B4D0C4651
:1075E000E860FFF7F4FF00B1FFDF2C7130BD002130
:1075F00080F87C1080F87D1080F8801090F8FE10E4
:1076000009B1022100E00321FEF76BBB2DE9F04137
:107610001E4C0546206909B1002104E0B0F80611AE
:10762000B0F8F6201144A0F8061190F8901139B97D
:1076300090F87F2001231946703001F072FE30B1BE
:10764000206930F89C1FB0F85A201144018020694D
:1076500090F8A23033B1B0F89E10B0F8F620114483
:10766000A0F89E1090F9A670002F06DDB0F8A410C7
:10767000B0F8F6201144A0F8A41001213D263DB138
:1076800080F88D6018E00000A0B20100F800002032
:107690002278022A0AD0012A11D0A2782AB380F8CF
:1076A0008C1012F0140F0DD01E2113E090F8E6207C
:1076B000062A3CD016223AE080F88C1044E090F87C
:1076C000922134E0110702D580F88D603CE09106EC
:1076D00003D5232180F88D1036E0900700D1FFDF1D
:1076E00021692A2081F88D002AE02BB1B0F89E2074
:1076F000B0F8A0309A4210D2002F05DDB0F8A420D7
:10770000B0F8A0309A4208D2B0F89C30B0F89A2075
:10771000934204D390F890310BB1222207E090F805
:1077200080303BB1B0F89830934209D3082280F8FA
:107730008D20C1E7B0F89820062A01D33E22F6E753
:10774000206990F88C1019B12069BDE8F0414EE72E
:10775000BDE8F0410021FEF7C4BA2DE9F047FF4C27
:1077600081460D4620690088F8F7EDFD060000D13E
:10777000FFDFA0782843A070A0794FF000058006B5
:10778000206904D5A0F8985080F8045103E030F83F
:10779000981F491C0180FFF7C4FD012740B3E08812
:1077A000000506D5206990F8821011B1A0F88E501E
:1077B0001EE02069B0F88E10491C89B2A0F88E1026
:1077C000B0F890208A4201D3531A00E00023B4F8A5
:1077D00008C00CF1050C634501D880F89670914201
:1077E00006D3A0F88E5080F80E722079F3F7DCFBF8
:1077F000A0794FF0020810F0600F0ED0206990F8C9
:10780000801011B1032908D102E080F8807001E0F6
:1078100080F880800121FEF764FA206990F88010DA
:10782000012904D1E188C90501D580F88080B9F12A
:10783000000F71D1E188890502D5A0F8185104E044
:10784000B0F81811491CA0F8181100F0A7FBFEF7BA
:1078500059FDFFF723FC00F0B2FD0028206902D09B
:10786000A0F8F85003E030F8F81F491C018000F040
:10787000A9FD38B1206990F80411022907D8491CE4
:1078800080F80411206990F80401022804D92069C5
:1078900020F8F85F4580057320690123002190F8E6
:1078A0007D20703001F03DFD20B9206990F87D0009
:1078B0000C286AD120690123002190F87C207030C7
:1078C00001F02FFD48B320690123002190F87F20AB
:1078D000703001F026FD00B3206990F88010022975
:1078E00053D190F80401C0B93046F7F7AAFFA0B110
:1078F000216991F8E400FE2847D1B1F8F20001288F
:1079000043D981F8FD70B1F89A20B1F89800931E20
:10791000984203DB012004E043E036E0101A401EE9
:1079200080B2B1F8F82023899A4201D3012202E003
:107930009A1A521C92B2904200D91046012801D1E5
:1079400081F8FD5091F86F206AB98A6E5AB1B1F88A
:107950009420B1F87030D21A12B2002A03DD90429E
:1079600000DB104680B291F8892192B1B1F8FA207B
:10797000B1F88A118A4201D3012102E0891A491C17
:1079800089B2884205D9084603E02169012081F8BF
:10799000FD502169B1F870201044A1F8F400FFF700
:1079A000D1FCE088C0F340214846FFF72FFE206954
:1079B00080F8FE50BDE8F047FDF7F6BA6749024689
:1079C0008878CB78184312D10846006942B189798A
:1079D000090703D590F87F00082808D001207047D8
:1079E000B0F84C10028E914201D8FEF7C6B80020C4
:1079F000704770B5594C05460E46E0882843E08034
:107A0000A80703D5E80700D0FFDF6661EA074FF05B
:107A100000014FF001001AD0A661F278062A02D0C8
:107A20000B2A14D10AE0226992F87D30172B0ED16F
:107A30000023E2E92E3302F8370C08E0226992F8BD
:107A40007D30112B03D182F8811082F8A800AA079B
:107A500018D56269D278052A02D00B2A12D10AE021
:107A6000216991F87D20152A0CD10022E1E930220C
:107A700001F83E0C06E0206990F87D20102A01D123
:107A800080F88210280601D50820E07067E42DE90F
:107A9000F84F324C00254FF00108E580A570E570E5
:107AA0004146257061F3070220619246814680F8C5
:107AB000FE800088F8F747FC070000D1FFDF20694F
:107AC0000088FDF736FA20690088FDF75BFA206927
:107AD000B0F8F21071B190F8E410FE290FD190F8CF
:107AE000901189B190F87F2001231946703001F080
:107AF00018FC78B1206990F8E400FE2804D02069D1
:107B000090F8E400FFF756FB206990F8FF1089B168
:107B1000258118E02069A0F89C5090F8911180F818
:107B2000E61000210220FFF7C0F9206980F8FD501F
:107B30000220E7E790F8CC1119B9018C82889142B4
:107B400000D881882181B0F8F610491E8EB2B0F8B5
:107B5000F8103144A0F8F81002E00000F80000200E
:107B600090F8FC1021B1A0F8FA5080F8FC5004E025
:107B7000B0F8FA103144A0F8FA1030F8981F3144E8
:107B80000180FFF7CEFB20B1206930F88E1F314411
:107B900001802069B0F8F210012902D8491CA0F830
:107BA000F2100EB180F8045190F8FD10A1B1B0F8B8
:107BB000F800218988420FD23846F7F742FE58B1C3
:107BC000206990F8891139B1B0F8FA10B0F88A013B
:107BD000814201D300F0F9FB206980F8FD5090F854
:107BE0007D100B2901D00C2916D1B0F87020B0F807
:107BF000AE31D21A12B2002A0EDBD0F8B011816079
:107C000090F8B4110173032101F04EFA206980F855
:107C10007D5080F8B28026E0242910D1B0F8701091
:107C2000B0F8AE21891A09B2002908DB90F8C40126
:107C3000FFF716F9206900F87D5F857613E090F86C
:107C40007C10242901D025290DD1B0F87010B0F88E
:107C5000AE01081A00B2002805DB0120FFF700F989
:107C6000206980F87C5020690146B0F8F620703019
:107C700001F0C8FA206990F8891109B1A0F8FA500A
:107C8000F6480090F64BF74A4946504600F0DEFAB7
:107C9000216A11B16078FCF74DFE206901230521AE
:107CA00090F87D20703001F03CFB002803D0BDE847
:107CB000F84F00F038BABDE8F88F00F045BBEA494C
:107CC000C8617047E848C069002800D001207047AB
:107CD000E54A50701162704710B50446B0F8B421FF
:107CE0004388B0F8B611B0F8B8019A4205D1A3881C
:107CF000994202D1E38898420FD02388A4F8D0316A
:107D0000A4F8D221A4F8D411A4F8D601012084F853
:107D1000CC01D5480079F3F747F90221204601F05C
:107D2000C3F9002004F87D0F0320E07010BD401A55
:107D300000B247F6FE71884201DC002801DC012018
:107D4000704700207047012802D0022805D102E0C8
:107D5000012904D001E0022901D000207047012050
:107D6000704710B5012804D0022804D0FFDF204658
:107D700010BD0124FBE70224F9E7BB48002100699C
:107D800020F8A41F8178491C81707047B64800B55F
:107D9000016911F8A60F401E40B20870002800DAF1
:107DA000FFDF00BDB0482721006980F87C1000216A
:107DB00080F8A411704710B5AB4C206990F8AC1155
:107DC000042916D190F87C2001230021703001F0A5
:107DD000A8FA00B9FFDF206990F8AA10890703D438
:107DE000062180F87C1004E0002180F8A21080F8C1
:107DF000AC11206990F87E00800707D5FFF7C6FF19
:107E0000206910F87E1F21F00201017010BD964913
:107E100010B5096991F87C200A2A09D191F8E2206D
:107E2000824205D1002081F87C0081F8A20010BDBB
:107E300091F87E20130706D522F0080081F87E0015
:107E4000BDE81040A2E7FF2801D0FFDF10BDBDE86C
:107E50001040A7E710B5844C206910F8B01F41F01E
:107E600004010170A06901F0A4FD162806D1206963
:107E700090F87C00202802D0262805D010BDA069EB
:107E800001F09BFDFEF7B8FB2169002081F87C0022
:107E900081F8A20010BDF8B5734C01230A212069B6
:107EA00090F87C20703001F03CFA38B3A06901F002
:107EB0003FFDC8B1A06901F035FD0746A06901F09A
:107EC00035FD0646A06901F02BFD0546A06901F0CD
:107ED0002BFD01460097206933462A46303001F0D9
:107EE0008BFD206901F0A8FD2169002081F8A20026
:107EF00081F87C00BDE8F840FEF79FBBA07840F019
:107F00000100A070F8BD10B5574C01230021206975
:107F100090F87D20703001F004FA30B1FFF72DFFAA
:107F20002169102081F87D0010BD20690123052101
:107F300090F87D20703001F0F4F908B1082000E0DD
:107F40000120A07010BD70B5474C012300212069AD
:107F500090F87D20703001F0E4F9012588B1A06926
:107F600001F0A8FC2169A1F8AE01B1F87010FFF78B
:107F7000DEFE40B12069282180F88D1080F88C50F9
:107F800084E5A57082E52169A06901F5D87101F049
:107F90008CFC21690B2081F87D0077E510B5FEF798
:107FA0000EFFFEF70CFE304CA079400708D5A078F4
:107FB00030B9206990F87F00072801D10120207096
:107FC000FEF73EFAA079C00609D5A07838B9206935
:107FD00090F87D100B2902D10C2180F87D10E078FB
:107FE00000070ED520690123052190F87D2070300F
:107FF00001F097F930B10820A0702169002081F8C4
:10800000D80110BDBDE81040002000F016BB10B52F
:10801000154C216991F87D2040B3102A06D0142A0E
:1080200007D0152A23D01B2A35D123E001210B20AC
:1080300022E0FBF769FB0C2820D32069082100F51A
:108040008870FBF765FB28B120690421DC30FBF761
:108050005FFB00B9FFDF012104200DE05B77010029
:10806000BD790100F3790100F800002008E000F07C
:1080700017F803E001210620FEF717FF012010BDCD
:10808000212A08D191F8970038B991F8C40110B1AC
:1080900091F8C50108B1002010BD01211720EBE7C0
:1080A00070B5184C0025206990F8931101290AD069
:1080B000022925D190F8A810A9B1062180F8E61070
:1080C0000121022017E090F8D811002918D100F101
:1080D000C80300F58471002200F5CA7001F0C1F8F0
:1080E0000121052007E090F8B000400701D51120DC
:1080F00000E00D200121FEF7D8FE206980F89351A1
:10810000C4E40000F8000020F9480078002800D0FE
:108110000C20704710B50446FFF7F6FF00B1FFDFF3
:10812000F348047210BDF2490120C871704770B560
:108130000C460546082B01D0194600E004211046E4
:1081400001F075F9844200D220460DB1001D80B2C5
:10815000C0B270BD70B5E64934314C6804F17005A9
:1081600060B1628F218F94F86530A87CFFF7DFFF44
:1081700094F86510BDE87040FCF79EB8FF2094F8B5
:108180006410F7E72DE9F0478146D9483430446858
:10819000002004F17005628F218F94F86530FFF79D
:1081A000C6FFD34F0646D34878620120FFF7D2FFBF
:1081B000A87C4FF0000840B305F15801CE4891E883
:1081C0000E1000F1080A8AE80E10A96EC0F82110FE
:1081D000E96EC0F82510FE38FCF743FBC6480121C4
:1081E00008300176D5E91412C0E90412A0F58372B3
:1081F000796AFBF728FF94F8650000F0A7FB0246B8
:1082000031460120FBF72DFF04E0786AFCF729FBDB
:10821000FBF74BFFB9F1000F03D141469620FCF765
:108220004CFB94F8642001210020FCF706FC94F834
:108230002C00012801D1FCF7DFFB02203870FCF78D
:1082400061FD002800D0FFDFBDE8F0872DE9F04395
:10825000A74D87B0804628780E9F1C461646894653
:1082600010B90EB104B107B9FFDFEF61C5E90564CC
:108270000020C5E90D89E871A871E870A87028711F
:108280009B4F6871A8813437E8817E68344636F8A0
:10829000700BF8F758F8E8622088F8F742F828637E
:1082A000FCF714F894F96700FCF7CEF804F112001B
:1082B000FCF7B9FA04F10E00FCF7CCF80120FCF74A
:1082C000CDFA18228D496846F5F733F88C480490AA
:1082D0006846FCF7B7FAF07EFCF7C6F8FCF7B8FA88
:1082E00094F86F0078B9A06E68B1B08C318888427C
:1082F00009D1B4F86C1001220844B08494F86E00DF
:10830000A16EF9F708FE628F218F94F86530B07C7A
:10831000FFF70DFF94F865402146FBF7CDFF786825
:1083200090F8880108B1FCF74FF821460120FCF7CE
:1083300054F97868D0F80001FCF797FA0120FFF7AC
:1083400021FF07B0BDE8F083694800B50078022836
:1083500000D0FFDF00BD664810B534304468FCF73C
:10836000FBFAFCF7DAFAFCF729FAFCF762FAFBF7FA
:108370009CFE94F82C00012801D1FCF733FB94F803
:108380006F0038B9A06E28B1002294F86E00114633
:10839000F9F7C1FD564CE08900F0E2FAE269A179F3
:1083A000A07890470020207010BD514810B500788B
:1083B000022800D0FFDFBDE81040CCE7CBE74C48F7
:1083C000007970474A48C078704749490120487190
:1083D00070472DE9FC474648454E3430A0F114075C
:1083E00044684FF0000A254694F875004FF00108E4
:1083F000703458B3012868D002286AD0032876D098
:10840000FFDF316AB1460826087820F008000870BE
:10841000A37906EAC303184320F004000870E37947
:10842000042606EA8303184320F0100008706779D9
:10843000D9F82C00F7F715FA0646FCF7C8FD022F0D
:1084400067D0012F65D0032F66D068E000F094FA62
:10845000AA8E0146104600F0EAFF298E814200D222
:1084600008464C21ADF8040048533846FCF78DFD12
:1084700048B14FF48060316A00F077FA03206071F0
:1084800084F80380BDE76A4601A9F06A00F05CFA4F
:10849000306210B194F8371029B13846FCF746FD28
:1084A00084F80580ADE79DF8001031B9A0F800A070
:1084B00080F802A0012101F08CF9BDF80410306AA7
:1084C00001F07DFA022060719BE73846FCF72EFD33
:1084D00097E7B5F84C00ADF804006A4601A9F06AC8
:1084E00000F032FA306200288BD1FFDF89E709E023
:1084F0001C010020780B0020780D0020A8B201009C
:108500001B5D01003846FCF740FD0028BAD1FFDFB3
:1085100077E7B04301D002E00EB1012100E0002175
:10852000D9F820004E46027842EA01110170617CC0
:1085300051B36179012927D004F15801F7488EC958
:1085400000F1080989E88E00A16EC0F82110E16EE3
:10855000C0F82510FE38FCF784F9F048083080F8A0
:1085600018A0D4E91212C0E90412A0F58371326A8E
:10857000FBF769FD95F8640000F0E8F90246FB217D
:108580000020FBF76EFD03E0FCF76BF9FBF78DFDB8
:10859000012195F865200846FCF74FFA86F804801B
:1085A000316A0A8832828978B17486F80080FCF7D3
:1085B000B5FB002800D0FFDFBDE8FC8770B5D84CC4
:1085C000054639B9012D05D1E078401CC0B2E070F4
:1085D000012820D8A16928468847E0B16179D148AF
:1085E00031B1012D04D1417811B90178C90612D5F4
:1085F000A17981B98DB9CA4910310978CA0602D466
:108600000078C00607D5A08928B9A06A28B9608972
:1086100018B1C80601D4012070BD002070BD10B58E
:10862000BF4CA06A00B9FFDF6289D4E90910D21CEF
:10863000F4F77FFEA06A606210BD2DE9F0470600E6
:10864000B748B74D00F134004468686A04F170041B
:10865000477801D0012E03D1296B02F0EDF8687044
:1086600068784FF000084FF0010938B1012816D0A2
:1086700002282FD0032844D0FFDFE5E5012E30D0BB
:10868000FFF7CDFF39460122286BF7F75BF926E0AB
:1086900084F8078030E000BF84F807902CE0012EBA
:1086A00008D0FFF7BCFF39460022286BF7F74AF9DC
:1086B000022EE2D0D4E91401401C41F10001C4E9CA
:1086C0001401E079012802D084F80790BCE584F811
:1086D0000780B9E5012E04D0286BF7F7B7FA022E10
:1086E000CBD0D4E91401401C41F10001C4E91401CC
:1086F000E0790128D0D1CBE7287ABDE8F047F2F73E
:1087000053BC012EB9D0286BF7F7A0FAF4E770B587
:108710008349834A343100264C68516A01257034FC
:108720000B7803F00303012B14D0022B12D0032B80
:1087300003D0907940F0040023E0A570D08940F484
:108740000060D081012000F010F91CE0E67170BDDE
:10875000E57170BD4978B1B1D38943F40063D38129
:10876000936A002BF5D0FB2908D8D17921B1BDE857
:108770007040802000F0F4B8057070BD907940F032
:108780001000907170BDE0790128E1D1DEE770B58D
:108790006348634D3430446828787034012800D031
:1087A000FFDFA07838B10020A0700146042000F05F
:1087B000DCF801202071296A0878C043800705D1C0
:1087C000A889400502D5022000F0CFF80121002041
:1087D000FFF7F4FE10B1BDE87040BCE5BDE87040A5
:1087E0000020CFE42DE9F84F4D4F4D4C3437002693
:1087F0007D6882468DF8006020787035022800D0B0
:10880000FFDFE08940F40070E0810020FFF7A2FC68
:10881000A87CBAF1000F5BD0FBF76AFCFBF75AFCAF
:108820004FF0010968B9A87C58B1606A417841B13C
:108830000078E979C0F3C000884202D184F8029040
:1088400059E0606A4178618121B1206BF7F734F813
:10885000A06200E0A662E089B84640F02000E08116
:10886000E670786800F17007064690F82C00012841
:1088700016D1FCF7B7F83946304600F010FD78B154
:10888000D8F804003188A0F80A12397A80F80C125E
:10889000797A80F80D1280F80892207AF2F784FB3A
:1088A000606AA9790078C0F38000884205D000F0A2
:1088B00094F8E08940F48070E081606AE97900789A
:1088C000C0F3C00088420AD16846FFF720FF06E0E7
:1088D00008B1FBF73EFCE08940F04000E0815146E2
:1088E0000120FFF76BFE00289DF8000007D010B1B3
:1088F0000020FFF7A2FEFFF72EFDBDE8F88F10B1B4
:108900000120FFF79AFEFFF764FD9DF800000028A4
:10891000F3D00220FFF791FEEFE70000780D002072
:108920001C010020780B002070B5064654480D4607
:108930004468FBF773FC034694F8642029463046EC
:10894000BDE87040FDF706BAF6F7C5BE00B50128D0
:1089500002D0022802D0FFDF002000BD012000BDB0
:10896000474A0021343A52691047454A343A9389BC
:108970000343938152691047414810B5446804F19C
:108980007001087B24280ED0497B24290BD01F2896
:108990000CD020280AD0222912D094F86400042890
:1089A00000D1082010BD94F8B01106E0222907D0AC
:1089B00094F8C60100F04FF8014694F8640008E00E
:1089C00094F8C60114F85D1F084000F044F8014611
:1089D000E079BDE8104000F048B870B52848446818
:1089E00094F875007034002832D0022810D1244D3C
:1089F000343DE86AF6F79BFE00B9FFDFD4E91201C7
:108A0000401C41F10001C4E91201287AF2F7CCFAC6
:108A100000256571207920B1257100211020FFF714
:108A2000A4FFE07878B1E570FCF7BEFA00B9FFDF8B
:108A300000210820FFF799FFD4E91201401C41F101
:108A40000001C4E91201A079012802D00120A0711F
:108A500070BDA57170BDC10701D0012070478007AE
:108A600001D50220704700207047002904D001285A
:108A700003D0012901D00220704701207047000077
:108A8000500100202DE9F0410F4606460024FE4D1E
:108A90000FE000BF05EBC40090F85311B14206D1BE
:108AA0000622394600F5AA70F4F716FC38B1641CAA
:108AB000E4B22878A042EDD81020BDE8F08120462D
:108AC000FBE7F0B50746F04816460478621C0270D2
:108AD00000EBC4050868C5F854018888A5F858015A
:108AE000102C00D3FFDF85F8537185F85A612046BA
:108AF000F0BD70B5054600F017FA10281CD1E24C05
:108B00002078401EC0B22070A84215D004EBC002ED
:108B100004EBC50102F58070D2F85321C1F853214E
:108B2000D0F85700C1F85701207800F0FDF910285F
:108B300002D0204480F8035170BD2DE9F047D24C9B
:108B40000646A719A078401EC5B2A57097F8038104
:108B5000AE422AD004EB051A04EB06190AF1030110
:108B600009F103001022F4F7E4FB0AF1830109F193
:108B700083001022F4F7DDFB601905EB450290F845
:108B8000031187F8031106EB460104EB420204EBE4
:108B90004101D2F80B31C1F80B31B2F80F21A1F825
:108BA0000F2190F83B0187F83B0104EBC80090F8D7
:108BB0005A01C00703D14046BDE8F04799E7BDE838
:108BC000F087B1498A78824203D9084490F843017A
:108BD00070470020704710B540F2D3120021AA4818
:108BE000F4F7D1FB0822FF21A848F4F7CCFBA748F3
:108BF00000210C38417081704FF46171818010BD8B
:108C000070B50D460646FFF73DFF9F4C102807D074
:108C100004EBC00191F85A11C90701D0012070BDC1
:108C20006178082910D2102808D004EBC000012177
:108C300080F85A116078401C6070EFE701222946E5
:108C40003046FFF73EFFF5E7002070BD70B58E4D52
:108C50002878401E44B20AE005EBC40090F85A019F
:108C6000C00702D0E0B200F070F9641E64B2002CBC
:108C7000F2DA864900200C39887070BD82498A7802
:108C8000824203D901EB0010C01C704700207047DE
:108C90002DE9F047984691460C460546FFF7F2FE4F
:108CA0000646102805D000F03FF9102801D0122008
:108CB00085E7754FB87808282AD2102E05D10022F2
:108CC00021462846FFF7FDFE0646BC781022601CB0
:108CD000B87007EB0415E81C494600F0B5FA05F139
:108CE00083001022414600F0AFFA1021404600F008
:108CF0009CFA3C44102184F84301484604F59674DC
:108D000000F093FAE07704F8296C0020E07356E74E
:108D1000072054E75C4810B58078401E44B204E058
:108D2000E0B2FFF70AFF641E64B2002CF8DA10BD4F
:108D300056490C394870704754480C384078704791
:108D400040B14AF2B811884204D850490C398880A1
:108D500001207047002070474C480C3880887047CD
:108D600010B5FFF78FFE102803D000F0DDF81028B3
:108D700000D1082010BD44498A78824203D901EB12
:108D8000001083307047002070473F4B10B59C782F
:108D900084420FD9184490F8030103EBC00090F807
:108DA00053310B70D0F854111160B0F85801908015
:108DB000012010BD002010BD334A114491F8032159
:108DC00032490C390A700268C1F80620808848814F
:108DD000704770B52D4B0C3B5B7873B12A4B9C7878
:108DE0005CB1451821460AB1D81C01E02648833001
:108DF0002A46FBF794F8012070BD002070BD10B525
:108E0000FBF7DBF818B1BDE81040FBF7E6B8FF2030
:108E100010BD1D498A78824209D9084490F803019F
:108E200001EBC00090F85A0100F0010070470020EB
:108E300070472DE9F04100242546134E2CE02846CA
:108E400000F072F88046FFF719FF06EBC50797F8A8
:108E50005A11C9071ED060B1B8F1100F05D006EB4A
:108E6000080191F83B11012903D0102100F0DDF930
:108E700080B10649204601F80480641C97F853210C
:108E800007F5AA71E4B203E0A80D002064010020F8
:108E9000FBF7B5FA6D1CEDB23078A842CFD80CE6DE
:108EA000012296E72E4A01EB410102EB41010268E3
:108EB000C1F80B218088A1F80F01704701461022EC
:108EC000284800F0C1B92748704725498A7882426E
:108ED00003D9084490F83B0108B1002070470120F5
:108EE00070472DE9F0410E460746154606213046EB
:108EF00000F09BF91A4C58B1002004E02118401CE6
:108F000081F83B51C0B2A1788142F7D80120D4E565
:108F100031463846FFF724FF082803D0204480F864
:108F20003B51F3E70020C8E50D4910B5034600208A
:108F30008A7806E00C1894F803419C4204D0401C47
:108F4000C0B28242F6D8102010BD05494A78521EA0
:108F50004A7001EBC001002281F85A21C9E50000E6
:108F6000A80D00207B0F002000F00101400800F058
:108F700001021144400800F001021144400800F0D1
:108F800001021144400800F001021144400800F0C1
:108F900001021144400800F00102114401EB5000AD
:108FA000704710B500240485848DDB004C43B3FB6F
:108FB000F2F394FBF2F45B1C84859BB203FB02F496
:108FC0004385B4F5C84F01DD5B1E43854FF4FA437A
:108FD000B3FBF2F35B1C0386438C02EBC3035B1E03
:108FE000B3FBF2F30384C38B4B43B3FBF2F1C183B6
:108FF00010BD70B50546087B0E4600F01F000873D3
:109000000020687604463019007AFFF7ADFF291971
:10901000641C0875697EE4B208446876052CF2D3B6
:10902000C0B2252800D9FFDF70BD0023C38342846E
:1090300001EBC202521EB2FBF1F101847047F0B5A0
:109040006FF01F02010C02EA90261F25A1F5AA402D
:1090500054380DD0A1F5AA40553809D0A1F52850B3
:10906000AA3805D0A1F52A40AA3801D0012000E095
:10907000002000221346144682EA0107FF431F43E3
:109080007F1C0FD006F00107520842EAC73205F0F4
:1090900001075B0876086D08641C43EAC733162C89
:1090A000EAD3F0BD0020F0BD2DE9F04101260446D1
:1090B000002500F1700751B1012974D0022971D047
:1090C00003296CD101463846BDE8F04191E7802282
:1090D00000213846F4F757F9BD71FD713D737D737A
:1090E000FD733D747D71BD76FD76212087F84000CB
:1090F000412087F84100FE2087F8740027887022FD
:1091000000212046F4F73FF9278084F8646084F852
:109110006560282084F8660004F1300000210746CD
:1091200000F071FC1B21F9833984A4F85210A4F8D3
:1091300054104FF4A470A4F85600A4F858006673B5
:109140004FF448606080A4F8F050A4F8F250A4F8FE
:10915000F450A4F8F650A4F8F850A4F8FA5084F8A3
:10916000FD5084F8FF50A4F8065184F80451A4F887
:109170001851A4F81A5184F8BA5184F8BB5184F8F4
:10918000C45184F8C55184F8895184F8905184F809
:10919000935184F8AC51C4F8A451C4F8A851BDE867
:1091A000F08100E025E0A4F8065184F8FE506188C3
:1091B000FE480A460844B0FBF1F0A4F890004BF6D4
:1091C0008030A4F89200E3883846FFF7EAFE214693
:1091D0003846FFF70EFFFAF7F9F920B1D4F80E0080
:1091E000FFF72DFF10B184F88851D8E784F8886123
:1091F000D5E74188B4F8B831B4F8B4213846BDE8B1
:10920000F041CEE6437E0BB1252B01D912207047E9
:109210002AB14B7B2BB1012B05D01F2070470020BA
:10922000704700F0EEB900F092B910B500231A466D
:1092300003E0845C2343521CD2B28A42F9D30BB1BF
:10924000002010BD012010BD30B5134606E0CC183B
:10925000D51A14F8014C5B1E4455DBB2002BF6D135
:1092600030BD70B50E468CB0144601461D46102226
:109270006846FFF7E9FF1022314604A8FFF7E4FF34
:10928000684600F059FD08A94FF0100228461CB1AD
:10929000FFF7DAFF0CB070BDF4F74BF8FAE738B51A
:1092A00005460C466846FBF7B2FB002820D09DF926
:1092B00000002072E17E617294F90A100022411AC6
:1092C00000D5494295F82D308B4210DCFF2B0ED093
:1092D000E17A491CC9B2E17295F82E30994202D860
:1092E000A17A7F2903D1A0720020E07201221046EA
:1092F00038BD0C2813D00B2811D00D280FD01F28F3
:109300000DD020280BD0212809D0222807D02328CF
:1093100005D0242803D0262801D000207047012042
:10932000704710B5A2F10F030C2941D2DFE801F01C
:1093300006080D1215181C40243E272EAAB337E04C
:10934000072A37D0082A35D032E00C2A32D00B2A2F
:1093500030D02DE00D2A2DD02AE00C2B2AD927E081
:10936000103A0B2A26D923E0032B23D990F8380092
:10937000F0B11B2A1ED91BE0062A1BD018E01C2ABC
:1093800018D01D2A16D01E2A14D011E01F2A11D081
:10939000202A0FD0212A0DD0222A0BD0232A09D02F
:1093A000242A07D0262A05D002E003E00E2A01D0A5
:1093B000002010BD012010BD2DE9F0410C460546EE
:1093C00040F23577866805E0F8F7F7FF3946F8F799
:1093D000C8FCA8602846F9F7A5F90028F4D08CB19C
:1093E0003046A968F9F7EAFC00280BDD2044401E4E
:1093F000B0FBF4F707FB04F13046F8F7B2FCA860C5
:109400003846CCE60020CAE670B5044690420BD23E
:10941000101B642800D2642025188D4205D8042131
:10942000F9F7FFFC08B1284670BD204670BD11F069
:109430000C0F19D04A074FF41671002A03DA00BF47
:109440004FF0100201E04FF0400201DA4FF09601B8
:1094500001F5BC71A0EB0103884202D993FBF2F045
:1094600000E0002080B27047022904D06FF00D01A7
:1094700001EBD000F6E76FF00E0101EB9000F1E791
:109480000844184498300AB1042100E0002108443F
:10949000704701207047106808667047C10701D007
:1094A00001207047810701D502207047400701D590
:1094B00008207047002070472DE9F0410546164608
:1094C00088460124084600F054FA0746404600F05A
:1094D00052FA0346FFF7E2FF02463846FFF7DEFF87
:1094E00052EA000100D10024990700D10022B907F7
:1094F00000D1002095F86410914200D10022327012
:1095000095F86510814200D10020707072B968B979
:10951000404600F032FAB5F87010401A00B247F633
:10952000FE71884201DC002800DC0024204636E67B
:1095300010B540F6C4125410012903D0022902D0FC
:10954000FFDF02E008B1104610BD204610BDF0B5A7
:109550000C7C8B7BCD7B5C404B7C02886B4044EA6F
:109560000324467E62400023D5B2120A95FAA5F57F
:1095700092FAA2F22D0E120E45EA022202EB02121C
:109580005B1C2244DBB292B2032BEDD36240252355
:10959000B2FBF3F403FB142301EBD304837603F053
:1095A00007070125247A05FA07F701E0FFDB05002C
:1095B0003C4201D0C3761AE05643320C521CD2B260
:1095C000002403191B7D934213D300230E19367A0E
:1095D00005FA03F73E4201D0521ED2B222B15B1C03
:1095E000DBB2082BF4D306E003EBC401C176002004
:1095F000F0BDD21AD2B2641CE4B2052CE1D31F2014
:10960000F0BDF0B5837E0C7E012504FB02322523DC
:10961000B2FBF3F403FB142201EBD204827602F0D6
:109620000703247A05FA03F31C4201D0C2761EE038
:10963000437EB2FBF3F403FB1422521CD2B200238C
:10964000C418247D944214D30024CE1896F80860E0
:1096500005FA04F73E4201D0521ED2B222B1641C78
:10966000E4B2082CF4D306E004EBC301C176002079
:10967000F0BD121BD2B25B1CDBB2052BE0D31F2066
:10968000F0BD000030B50546007801F00F0220F073
:109690000F0010432870092912D2DFE801F00507F6
:1096A00005070509050B0F0006240BE00C2409E053
:1096B000222407E001240020E87003E00E2401E0EA
:1096C0000024FFDF6C7030BD007800F00F007047A1
:1096D0000A6840F8032F8988818070470A6840F83B
:1096E000092F8988818070470278402322F0400248
:1096F00003EA81110A4302707047027822F0800267
:1097000042EAC1120270704770B514460E46054613
:109710001F2A00D9FFDF2246314605F10900F3F781
:1097200008FEA41D6C7070BD70B514460E4605464B
:109730001F2A00D9FFDF2246314605F10900F3F761
:10974000F8FDA41D6C7070BD30B5017801F00F01FB
:10975000032920D0052921D14578B0F81910B0F897
:109760001B40B0F81730827D222D17D1062915D362
:109770004FF44865A94211D8B4F5FA7F0ED26AB108
:10978000082A0BD88A4209D28B4207D8B0F81D00AC
:10979000A84205D902E040780C2801D0002030BD55
:1097A000012030BD4078704700B5027801F0030316
:1097B00022F003021A430270012905D0022903D0C6
:1097C000032903D0FFDF00BD002100E0012141702B
:1097D00000BD00B5027801F0030322F003021A4332
:1097E0000270012905D0022903D0032903D0FFDF2D
:1097F00000BD002100E00121417000BD007800F0B3
:1098000003007047417841B1C078192803D2704AEB
:10981000105C884201D1012070470020704730B5AC
:1098200001240546C170192902D26948445C02E04E
:10983000FF2900D0FFDF6C7030BD70B514460E46B6
:1098400005461B2A00D9FFDF6C7022463146E81C12
:10985000BDE87040F3F76DBDB0F807007047B0F891
:1098600009007047B0F80B00704770B5B0F80720DA
:10987000B0F80940B0F805300179951F40F67A46F6
:10988000B54210D8B4F5FA7F0DD261B108290AD8D3
:10989000914208D2934206D8B0F80B00B0F5486F59
:1098A00001D8012070BD002070BD42680A60007AB6
:1098B00008717047B0F80900704700797047426836
:1098C0000A6080684860704780890880704750F857
:1098D0000E2F0A60406848607047D0F81600086094
:1098E00070470A6842604968816070470968C160D2
:1098F00070470079704742680A6080684860704726
:109900000171090A417170478171090AC17170477B
:109910000172090A417270478172090AC172704767
:1099200080887047C08870470089704740897047B9
:1099300001891B290CD341894FF4A472914207D3AA
:1099400081881B2904D3C088904201D3012070472D
:10995000002070470A684260496881607047017959
:10996000490704D04079400701D00120704700200A
:1099700070470079704740797047C08870470CB5D0
:1099800014A2D2E90012CDE900120179407901F068
:10999000070269461DF80220012A04D800F00700DA
:1099A000085C012801D900200CBD01200CBD01710B
:1099B000704700797047417170474079704730B502
:1099C0000C460546FB2900D9FFDF6C7030BD000056
:1099D000C0B20100000101020102020310B58C882F
:1099E0000A894B88C988A0F84430A0F84810A0F82C
:1099F0004640A0F84A2010BD10B5029C8181C2816A
:109A00000382448210BD1B2202838282C281828132
:109A100042800281028042848284828300290AD1AA
:109A20004FF4A4714183C18241820182C18041818E
:109A30008180C18401857047F0B5B0F84830818FCE
:109A4000458EC48E8B4200D30B46B0F84A10B0F856
:109A50004020914200D20A464386C286068F478F35
:109A600000F130019E4200D21E46974200D21746B6
:109A70000E814F81AB4201D1A24201D0012400E00E
:109A80000024B0F84420C38F068E858E9A4200D3FE
:109A90001A46B0F84670B0F842309F4200D23B46BA
:109AA00090F85A70022F08D1964200D232469D4259
:109AB00000D22B46002780F85A700A808B80B24271
:109AC00001D1AB4201D0012000E000202043F0BDD5
:109AD000508088899080C889D080088A1081488AFF
:109AE000508101201070704770B502884A80048E42
:109AF0008C80838ECB80428E0A81C58E4D81B0F8DA
:109B00005660AE420BD1B0F85250954207D1B0F832
:109B100058509D4203D1B0F85430A34201D00123E4
:109B200000E000230B73A0F852204A89A0F85620C9
:109B30008A88A0F85420CA88A0F85820012008700C
:109B400070BD70B50C46088E91F8641000F016F8E0
:109B5000A18E0546A94200D20D46208F94F86510CB
:109B600000F00CF8618F814200D208460146284679
:109B7000BDE8704000221346FFF782BC11F00C0FC5
:109B800004D04FF4747101EB801006E0022902D07A
:109B9000C000703001E080003C3080B270470000AF
:109BA0002DE9F0410C4612490D68114A114908325D
:109BB0001160A0F12001312901D301200CE04128DE
:109BC00010D040CC0C4F94E80E0007EB8000241F0F
:109BD00050F8807C3046B84720600548001D05607D
:109BE000BDE8F081204601F0B9F8F5E7062070479E
:109BF0001005024001000001DCB2010010B555481B
:109C0000F9F704FD00B1FFDF5248401CF9F7FEFCF4
:109C1000002800D0FFDF10BD2DE9F14F4E4E82B07D
:109C2000D6F800B001274B48F9F7F8FCDFF824819B
:109C300020B9002708F10100F9F706FD474C00257F
:109C40004FF0030901206060C4F80051C4F80451CA
:109C5000029931602060DFF808A11BE0DAF800000B
:109C6000C00617D50E2000F068F8EFF3108010F052
:109C7000010072B600D001200090C4F80493D4F81B
:109C8000000120B9D4F8040108B901F071F8009876
:109C900000B962B6D4F8000118B9D4F8040100285C
:109CA000DCD0D4F804010028CCD137B1C6F800B01C
:109CB00008F10100F9F7B2FC11E008F10100F9F731
:109CC000ADFC0028B6D1C4F80893C4F80451C4F818
:109CD00000510E2000F031F81E48F9F7B5FC0020C5
:109CE000BDE8FE8F2DE9F0438DB00D4606460024F9
:109CF0000DF110090DF1200818E000BF04EB440736
:109D0000102255F827106846F3F713FB05EB870779
:109D1000102248467968F3F70CFB6846FFF77CFF92
:109D200010224146B868F3F704FB641CB442E5DB3B
:109D30000DB00020BDE8F0836EE7002809DB00F0DD
:109D40001F02012191404009800000F1E020C0F88D
:109D5000801270476C01002004E5004000E00040E4
:109D600010ED00E0B64900200870704770B5B54DA1
:109D700001232B60B44B1C68002CFCD0002407E0AE
:109D80000E6806601E68002EFCD0001D091D641CB4
:109D90009442F5D30020286018680028FCD070BDDC
:109DA00070B5A74E0446A94D3078022800D0FFDFD9
:109DB000AC4200D3FFDF7169A548012903D847F2FF
:109DC0003052944201DD03224271491C7161291B0A
:109DD000C1609F49707800F030F9002800D1FFDFA2
:109DE00070BD70B5964C0D466178884200D0FFDF9B
:109DF000964E082D4BD2DFE805F04A041E2D4A4A44
:109E00004A382078022800D0FFDF03202070A07895
:109E1000012801D020B108E0A06800F041FD04E075
:109E200004F1080007C8FFF7A1FF05202070BDE876
:109E30007040F8F7C0B9F8F7C0FA01466068F8F763
:109E4000BDFFB04202D2616902290BD30320F9F7AA
:109E50000EFB12E0F8F7B1FA01466068F8F7AEFFC2
:109E6000B042F3D2BDE870409AE7207802280AD0C9
:109E7000052806D0FFDF04202070BDE8704000F008
:109E8000D2B8022000E00320F9F7F1FAF3E7FFDF90
:109E900070BD70B50546F8F790FA694C606020789F
:109EA000012800D0FFDF6A490120087000200871F6
:109EB00004208D6048716548C86002202070607879
:109EC00000F0BBF8002800D1FFDF70BD10B55C4C7E
:109ED000207838B90220F9F7E0FA18B90320F9F729
:109EE000DCFA08B1112010BD5A48F8F7E1F96070AA
:109EF0001F2804D0012020700020606110BD0320C5
:109F000010BD2DE9F0471446054600EB84000E46CF
:109F1000A0F1040800F0D7FC07464FF0805001691B
:109F20004F4306EB8401091FB14201D2012100E039
:109F3000002189461CB10069B4EB900F02D90920B9
:109F4000BDE8F0872846E7F76FF990B9A84510D328
:109F5000BD4205D2B84503D245EA0600800701D0CC
:109F60001020EDE73046E7F75FF910B9B9F1000FBF
:109F700001D00F20E4E7384838490068884205D00E
:109F8000224631462846FFF7F1FE1AE0FFF79EFF12
:109F90000028D5D12A4800218560C0E9036481707A
:109FA000F9F7DDFA08B12E4801E04AF2F870604393
:109FB0004FF47A7100F2E730B0FBF1F01830FFF7A0
:109FC00068FF0020BCE770B505464FF0805004697B
:109FD0006C432046E7F728F908B10F2070BD00F068
:109FE00072FCA84201D8102070BD1B481B490068B4
:109FF000884203D0204600F053FC10E0FFF766FFD4
:10A000000028F1D10E48012184608170F9F7A7FA88
:10A0100008B1144800E014481830FFF73AFF002058
:10A0200070BD00F053BE10B5054C6078F8F7A2F98A
:10A0300000B9FFDF0020207010BDF8F7EFBB000073
:10A040007001002004E5014000E40140105C0C00B8
:10A050008C0F0020E39D010058000020BEBAFECA0C
:10A0600050280500645E0100A85B01007149096881
:10A070000160002070476F4908600020704701218F
:10A080008A0720B1012804D042F20400704791678A
:10A0900000E0D1670020704767490120086042F264
:10A0A0000600704708B50423634A1907103230B11F
:10A0B000C1F80433106840F0010010600BE0106834
:10A0C00020F001001060C1F808330020C1F8080139
:10A0D0005A4800680090002008BD011F0B2909D8CC
:10A0E000554910310A6822F01E0242EA4000086019
:10A0F0000020704742F205007047000100F18040E7
:10A10000C0F8041900207047000100F18040C0F839
:10A11000081900207047000100F18040D0F80009C4
:10A12000086000207047012801D907207047444A81
:10A1300052F8200002680A4302600020704701289C
:10A1400001D9072070473E4A52F8200002688A432E
:10A15000026000207047012801D907207047384A63
:10A1600052F820000068086000207047020035495E
:10A170004FF0000003D0012A01D0072070470A6089
:10A18000704708B54FF40072510510B1C1F80423AF
:10A1900008E0C1F808230020C1F8240127481C303A
:10A1A00000680090002008BD08B58022D10510B1DC
:10A1B000C1F8042308E0C1F808230020C1F81C01FD
:10A1C0001E48143000680090002008BD08B54FF408
:10A1D0008072910510B1C1F8042308E0C1F808238A
:10A1E0000020C1F8200115481830006800900020B8
:10A1F00008BD10493831096801600020704770B50A
:10A200004FF080450024C5F80841F9F7B4F910B9BA
:10A21000F9F7BBF928B1C5F82441C5F81C41C5F8C8
:10A2200020414FF0E020802180F800140121C0F887
:10A23000001170BD0004004000050040080100400E
:10A24000A0B30100780500406249634B0A68634986
:10A250009A42096801D1C1F31001016000207047E2
:10A260005C495D4B0A685D49091D9A4201D1C0F302
:10A2700010000860002070475649574B0A6857493C
:10A2800008319A4201D1C0F31000086000207047E5
:10A2900030B5504B504D1C6842F20803AC4202D01E
:10A2A000142802D203E0112801D3184630BDC300A0
:10A2B0004B481844C0F81015C0F81425002030BDD4
:10A2C0004449454B0A6842F209019A4202D00628E5
:10A2D00002D203E0042801D308467047404A012116
:10A2E00042F83010002070473A493B4B0A6842F26E
:10A2F00009019A4202D0062802D203E0042801D3C1
:10A3000008467047364A012102EBC0004160002038
:10A31000704770B52F4A304E314C156842F2090330
:10A3200004EB8002B54204D0062804D2C2F800181B
:10A3300007E0042801D3184670BDC1F31000C2F82D
:10A340000008002070BD70B5224A234E244C1568C9
:10A3500042F2090304EB8002B54204D0062804D27D
:10A36000D2F8000807E0042801D3184670BDD2F8DF
:10A370000008C0F310000860002070BD174910B538
:10A380000831184808601120154A002102EBC0036B
:10A39000C3F81015C3F81415401C1428F6D3002078
:10A3A00006E0042804D302EB8003C3F8001807E09A
:10A3B00002EB8003D3F80048C4F31004C3F800484C
:10A3C000401C0628EDD310BD04490648083108603A
:10A3D0007047000058000020BEBAFECA00F50140D8
:10A3E00000F001400000FEFF814B1B6803B198475D
:10A3F000BFF34F8F7F4801687F4A01F4E06111434A
:10A400000160BFF34F8F00BFFDE710B5EFF3108081
:10A4100010F0010F72B601D0012400E0002400F01A
:10A42000DDF850B1E6F7A4FFF7F761FDF8F7C1FFDB
:10A43000F9F7E2FC71490020086004B962B6002017
:10A4400010BD2DE9F0410C460546EFF3108010F0E9
:10A45000010F72B601D0012600E0002600F0BEF820
:10A4600020B106B962B60820BDE8F08100F006FD13
:10A47000E6F782FF0246002001234709BF0007F1EB
:10A48000E02700F01F01D7F80071CF40F9071BD07B
:10A49000202803D222FA00F1C90727D141B20029AE
:10A4A00004DB01F1E02191F8001405E001F00F0157
:10A4B00001F1E02191F8141D4909082916D203FA87
:10A4C00001F717F0EC0F11D0401C6428D5D3F9F731
:10A4D00071FC4B4A4B490020F9F7B4FC47494A4804
:10A4E00008602046E6F7A7FE60B904E006B962B648
:10A4F00041F20100B8E73E4804602DB12846E6F776
:10A50000E7FE18B1102428E0404D19E02878022811
:10A5100002D94FF4805420E007240028687801D045
:10A52000D8B908E0C8B1202817D8A878212814D8AD
:10A53000012812D001E0A87878B9E8780B280CD867
:10A54000E6F71AFF2946F8F71AFFF7F78FFC00F035
:10A55000EDF92846E6F7DAFE044606B962B61CB104
:10A56000FFF753FF20467FE700207DE710B5044644
:10A5700000F034F800B101202070002010BD244903
:10A5800008600020704770B50C4622490D682149CB
:10A59000214E08310E60102807D011280CD0122847
:10A5A0000FD0132811D0012013E0D4E90001FFF7E8
:10A5B00048FF354620600DE0FFF727FF00252060AB
:10A5C00008E02068FFF7D2FF03E011492068086027
:10A5D000002020600F48001D056070BD07480A4933
:10A5E0000068884201D101207047002070470000B8
:10A5F000880100200CED00E00400FA05580000205E
:10A600004810002000000020BEBAFECAA8B3010016
:10A6100004000020100502400100000100B585493A
:10A6200010F1080F19D00CDC10F1280F1DD010F11B
:10A63000140F18D010F1100F13D010F10C0F08D117
:10A640000DE010F1040F06D080B103280ED00428CD
:10A650000CD0FFDF00BDFC2008E0F82006E0F4206D
:10A6600004E0F02002E0EC2000E0D820086000BD0B
:10A67000704900B5091D012803D0022803D0FFDF6F
:10A6800000BD032000E00420086000BD2DE9F0417A
:10A6900005460C4617461046F9F76CFD4FF47A76DE
:10A6A000022C10D0012C10D040F63401441838464A
:10A6B000F9F7C5FD204449F679710844B0FBF6F07E
:10A6C000281ABDE8F0813146F0E74FF4C861EDE7A4
:10A6D00070B505460C460846FAF7F4FA022C10D07D
:10A6E000012C11D04FF4AF5149F6CA62511A0844F7
:10A6F0004FF47A7100F2E140B0FBF1F0281A801EAD
:10A7000070BD40F24C41EFE740F63401ECE770B524
:10A71000064615460C460846FAF7D4FA4FF47A7105
:10A7200040F63402022D11D0012D11D01346022C17
:10A7300011D0012C01D04FF4AF529A1A104449F6AF
:10A74000FC621044B0FBF1F0301A70BD0B46EEE72E
:10A750004FF4C863EBE740F24C42EEE770B50446B5
:10A760000E460846F9F706FD05463046F9F767FD3F
:10A7700028444AF2AB3108444FF47A71B0FBF1F04F
:10A78000201A801E70BD2DE9F04106461D460C467C
:10A790001746104600F045F806EB4601C1EBC6111E
:10A7A00000EBC100022C15D0012C16D04FF4AF5194
:10A7B00046182046FAF786FA301A4FF47A7100F6F6
:10A7C000B730B0FBF1F43846F9F741FD2044284496
:10A7D000401D76E740F24C41EAE740F63401E7E7F6
:10A7E00070B5044615460E460846F9F7C3FC04EB5F
:10A7F0004401C1EBC411C0EBC1043046F9F71FFDA1
:10A80000241A284600F00DF820444FF47A7100F61F
:10A81000B730B0FBF1F42846F9F719FD2044401D8C
:10A8200070BD082803D0042801D0F9F7A3BC4EF668
:10A83000283070470C150040F0B585B00C46054631
:10A84000FEF7DCFF07466E78204603A96A46F5F757
:10A8500004FA81198EB258B1012F02D0032005B03D
:10A86000F0BD204604AA0399F5F719F9049D01E00B
:10A87000022F0FD1ED1C042E0FD32888BDF8001035
:10A88000001D80B2884201D8864202D14FF00000FC
:10A89000E5E702D34FF00200E1E74FF00100DEE709
:10A8A0000B4A022111600B490B68002BFCD0084BAE
:10A8B0001B1D186008680028FCD000201060086884
:10A8C0000028FCD070474FF080504069704700006E
:10A8D00004E5014000E4014002000B464FF0000097
:10A8E000014620D0012A04D0022A04D0032A0DD127
:10A8F00003E0012002E0022015E00320072B05D22F
:10A90000DFE803F00406080A0C0E10000720704769
:10A91000012108E0022106E0032104E0042102E015
:10A92000052100E00621F7F7E4BC0000E24805211C
:10A9300081700021017041707047E0490A78012A56
:10A9400005D0CA681044C8604038F8F704BA8A686D
:10A9500010448860F8E7002819D00378D849D94A0C
:10A9600013B1012B0ED011E00379012B00D06BB98C
:10A9700043790BB1012B09D18368643B8B4205D22B
:10A98000C0680EE00379012B02D00BB100207047A4
:10A9900043790BB1012BF9D1C368643B8B42F5D2EB
:10A9A00080689042F2D801207047C44901220A70A1
:10A9B000027972B100220A71427962B104224A71AD
:10A9C000826852328A60C068C860BB4902208870C1
:10A9D00070470322EFE70322F1E770B5B74D044655
:10A9E00000202870207988B100202871607978B122
:10A9F0000420B14E6871A168F068F7F7B2F9A86059
:10AA0000E0685230E8600320B07070BD0120ECE7D0
:10AA10000320EEE72DE9F04105460226F8F7C5F8D8
:10AA2000006800B1FFDFA44C01273DB12878B8B120
:10AA3000012805D0022811D0032814D027710DE079
:10AA40006868C82808D30421F8F7EBF920B16868D2
:10AA5000FFF773FF012603E0002601E000F014F980
:10AA60003046BDE8F08120780028F7D16868FFF70C
:10AA700072FF0028E2D06868017879B1A0780428D4
:10AA800000D0FFDF01216868FFF7A7FF8B49E0785E
:10AA900000F003F90028E1D1FFDFDFE7FFF785FFD2
:10AAA0006770DBE72DE9F041834C0F46E17888427F
:10AAB00000D0FFDF00250126082F7DD2DFE807F058
:10AAC000040B28283D434F57A0780328C9D00228FB
:10AAD000C7D0FFDFC5E7A078032802D0022800D046
:10AAE000FFDF0420A07025712078B8BB0020FFF79D
:10AAF00024FF72480178012906D08068E06000F0E8
:10AB0000F9F82061002023E0E078F7F782FDF5E70F
:10AB1000A078032802D0022800D0FFDF207880BB75
:10AB2000022F08D05FF00500F8F7A1FCA0780328F9
:10AB300040D0A57095E70420F6E7A078042800D05F
:10AB4000FFDF022004E0A078042800D0FFDF01200E
:10AB5000A1688847FFF75EFF054633E003E0A07871
:10AB6000042800D0FFDFBDE8F04100F08DB8A078E8
:10AB7000042804D0617809B1022800D0FFDF2078D2
:10AB800018B1BDE8F04100F08AB8207920B1062064
:10AB9000F8F76DFC25710DE0607840B14749E07829
:10ABA00000F07BF800B9FFDF65705AE704E007208A
:10ABB000F8F75DFCA67054E7FFDF52E73DB1012DC9
:10ABC00003D0FFDF022DF9D14BE70420C0E70320BB
:10ABD000BEE770B5050004D0374CA078052806D133
:10ABE00001E0102070BD0820F8F757FC08B11120D3
:10ABF00070BD3548F7F75CFBE0701F2806D00121D7
:10AC0000F8F730FA0020A560A07070BD032070BD79
:10AC1000294810B5017809B1112010BD81780529A6
:10AC200006D0012906D029B101210170002010BDF4
:10AC30000F2010BD00F033F8F8E770B51E4C054644
:10AC4000A07808B1012809D155B12846FFF783FE45
:10AC500040B1287840B1A078012809D00F2070BDFC
:10AC6000102070BD072070BD2846FFF79EFE03E050
:10AC700000212846FFF7B1FE1049E07800F00DF8FA
:10AC800000B9FFDF002070BD0B4810B5006900F06F
:10AC900029F8BDE81040F7F78EBAF7F7BFBD0648B0
:10ACA00010B5C078F7F766FB00B9FFDF0820F8F7AA
:10ACB000DEFBBDE8104039E68C0100209C0F00202F
:10ACC0003D860100FF1FA107A5AA010010B5134C86
:10ACD0002060201D0160114810300260001D0360DB
:10ACE000002010BD0E490A6848F202139A4302433D
:10ACF0000A6070470A4A116848F2021301EA030029
:10AD0000994311607047054B02465B421020134483
:10AD1000FC2B01D8116000207047000000060040A5
:10AD2000C806024070477047704700001EF0040FCD
:10AD30000CBFEFF30880EFF30980014A10470000D1
:10AD40005F3E010001B41EB400B5F8F7A9FD01B4DF
:10AD50000198864601BC01B01EBD0000826903490E
:10AD600081614FF0010010447047000045AD0100C3
:10AD70000FF20C0000F10000694641F8080C20BFFA
:10AD800070470000FEDF18490978F9B904207146C0
:10AD900008421BD10699154A914217DC06990229EF
:10ADA00014DB02394878DF2810D10878FE2807D054
:10ADB000FF280BD14FF001004FF000020C4B184759
:10ADC00041F201000099019A094B1847094B002BE9
:10ADD00002D01B68DB6818474FF0FF3071464FF018
:10ADE0000002034B1847000028ED00E000C00100FE
:10ADF000E9A3010004000020174818497047FFF735
:10AE0000FBFFE6F7CBF900BD1548164909688842F3
:10AE100003D1154A13605B68184700BD20BFFDE7EA
:10AE20000F4810490968884210D1104B18684FF03C
:10AE3000FF318842F2D080F308884FF02021884209
:10AE400004DD0B48026803210A4302600948804779
:10AE500009488047FFDF0000B00F0020B00F00203E
:10AE600000100000000000200400002000C00100CD
:10AE700014090040DD2F000009AE0100F0B4404687
:10AE8000494652465B460FB402A0013001B5064860
:10AE9000004700BF01BC86460FBC804689469246EB
:10AEA0009B46F0BC70470000091100000420714669
:10AEB000084202D0EFF3098101E0EFF308818869CD
:10AEC00002380078102813DB20280FDB2C280BDB3E
:10AED0000A4A12680A4B9A4203D1602804DB094AE5
:10AEE0001047022008607047074A1047074A10477A
:10AEF000074A12682C3212681047000058000020E0
:10AF0000BEBAFECA7D130000A19B010087A5010007
:10AF1000040000200D4B0E4908470E4B0C49084712
:10AF20000D4B0B4908470D4B094908470C4B084985
:10AF300008470C4B064908470B4B054908470B4B84
:10AF4000034908470A4B02490847000019AC0000B2
:10AF500059B00000A52F00000BA8000099A7000021
:10AF6000A1AE0000991300004D7700001DB0000055
:10AF70002DAD01005F8200000784000065850000A0
:10AF8000C98500000386000037860000698600003E
:10AF90009986000021870000478300008985000012
:10AFA00013120000C12100000B2200006F220000DC
:10AFB000F522000011240000D32400000525000024
:10AFC000E3250000CB2600001F270000A12700007A
:10AFD000C1270000B92D0000DD2D0000FD2C000070
:10AFE000592D00000F2E0000A32E00002F3D000061
:10AFF000093E00003D4100003D420000B342000018
:10B000001D4300008143000017120000754400003A
:10B01000E1440000E3270000E927000017120000C8
:10B02000171200001712000017120000F32700008B
:10B030002B280000A12800001712000017120000A2
:10B040002D22000087290000A9290000F529000011
:10B05000131200001312000013120000131200005C
:10B06000EF5200007553000091530000AD530000F3
:10B070003B550000D7530000E1530000235400006B
:10B0800045540000215500006355000013120000D4
:10B0900013120000676E0000876E0000916E0000C2
:10B0A000CB6E0000F96E0000E96F000077700000C1
:10B0B0008B700000D9700000EF71000095730000E4
:10B0C000BD740000E95D0000D5740000131200009B
:10B0D00013120000A1A0000003A200005DA2000066
:10B0E000D7A2000083A30000100110013A02000063
:10B0F0001A0200040506000007000000FFFFFFFF22
:10B100000000FFFFE39C0000BF1C0000934E000006
:10B11000335E0000E97A000000000000A17D00001D
:10B120007D7D00008F7D0000000002000000000017
:10B13000000200000000000000010000000000000C
:10B14000136C0000F36B0000616C00007152000092
:10B150003352000053520000219400003994000043
:10B160004396000041370000816C000000000000A1
:10B17000B16C0000BF5200000000000000000000A1
:10B18000000000002395000000000000C13700000F
:10B19000555555D6BE898E0000006406640C6412B5
:10B1A00000000803AC055008000054044408340CA7
:10B1B00075DF0000DDE00000D7DE000073DF000077
:10B1C0001B5D0100ABE1000000000000480800002A
:10B1D0004808000051350000513500009B21000057
:10B1E000439B0000B7600000A34D0000F97301000D
:10B1F0008135000081350000BF210000D59B000093
:10B200003F610000174E00000F74010070017001D3
:10B21000400038005C002400200200000300656C40
:10B220007462000000000000000000000000000048
:10B230000000870000000000000000000000000087
:10B240000000BE83605ADB0B376038A5F5AA9183F6
:10B25000886C0000010000008B0801005D170100F0
:10B2600000000001020603040500000007000000C2
:10B2700000000000060000000A000000320000008C
:10B2800073000000B4000000F401FA0096006400AE
:10B290004B0032001E0014000A00050002000100ED
:10B2A0000041000000000000AB830100E5870100C1
:10B2B0008F870100BD830100000000002989010083
:10B2C0000C0802170D010102090901010602091803
:10B2D00018030101090903030500000049A2010048
:10B2E00061A2010079A2010091A20100C1A20100A6
:10B2F000E9A2010013A3010047A30100C79F0100B9
:10B30000039F010023A0010007AD01000D360100DD
:10B310001D360100493601001B37010023370100AB
:10B32000353701007FA0010099A001006DA0010048
:10B3300077A00100A5A00100DBA00100ED9B0100AA
:10B34000FBA0010009A1010017A1010027A1010034
:10B350003FA1010057A101006DA10100ED9B01007B
:10B3600000000000B7A900000DAA000023AA0000F9
:10B37000D9A80100199C0100E59C0100D3AB010094
:10B3800011AC01003BAC0100113401005D3901003A
:10B3900083A10100A9A10100CDA10100F3A1010039
:10B3A0001C0500402005004000100200CCB3010045
:10B3B00008000020980100004411000000B40100C2
:10B3C000A0010020100E00008011000001150545AD
:10B3D000481000200519A40500203601000100884E
:10B3E0003720FB349B5F80041F8000100D9DCB092C
:10B3F0000020880900200E0A0020024810000000EA
:10C000000000012045F10100A1F10100690F0200CB
:10C01000A5F10100A7F10100A9F101000000000055
:10C02000000000000000000000000000DD6B0200C6
:10C03000ADF1010000000000FD6B0200B1F1010054
:10C0400021940200B3F1010041AA0200C59B020045
:10C050008DA60200B3F1010079980200B3F101004E
:10C06000B3F1010069A20200B3F10100199B0200C3
:10C07000B3F1010099AE0200B3F10100B3F1010088
:10C080007DA702002D6E0200B3F10100B3F10100A3
:10C09000B3F10100B3F1010069CC0200B3F101007A
:10C0A000B3F10100B3F10100B3F10100C1A202003C
:10C0B000B3F10100B3F10100000000000000000036
:10C0C000B3F10100B3F10100B3F10100DD9B020007
:10C0D000299B0200B3F10100B3F10100B3F10100AB
:10C0E000B3F10100000000000000000000000000AB
:10C0F00000000000B3F1010000000000B3F10100F6
:10C10000000000000000000000000000000000002F
:10C11000000000000000000000000000000000001F
:10C12000000000000000000000000000000000000F
:10C1300000000000000000000000000000000000FF
:10C1400000000000000000000000000000000000EF
:10C1500000000000000000000000000000000000DF
:10C1600000000000000000000000000000000000CF
:10C1700000000000000000000000000000000000BF
:10C1800000000000000000000000000000000000AF
:10C19000000000000000000000000000000000009F
:10C1A000000000000000000000000000000000008F
:10C1B000000000000000000000000000000000007F
:10C1C000000000000000000000000000000000006F
:10C1D000000000000000000000000000000000005F
:10C1E000000000000000000000000000000000004F
:10C1F000000000000000000000000000000000003F
:10E000000901000B0B030100004100000100FFFFAC
:10E01000FFFFFFFFFFFFFFFFFFFFFFFFFFFF00000E
:10E02000000000000000000034FEFEFEFE000000C4
:10E0300000000100154015402E0000000001000006
:10E04000570400000200030100000000000000006F
:10E0500064000000E047000060090000090B0002B6
:10E0600003040000010000000000000005000000A3
:10E07000000000000000000101000000000000009E
:10E080000000000000000000000000000000000090
:10E090000000000000000000000000000000000080
:10E0A0000000000000000000000000000000000070
:10E0B0000000000000000000000000000000000060
:10E0C0000000000000000000000000000000000050
:10E0D0000000000000000000000000000000000040
:10E0E0000000000000000000000000000000000030
:10E0F0000000000000000000000000000000000020
:10E10000000000000000000000000000000000000F
:10E1100000000000000000000000000000000000FF
:10E1200000000000000000000000000000000000EF
:10E1300000000000000000000000000000000000DF
:10E1400000000000000000000000000000000000CF
:10E1500000000000000000000000000000000000BF
:10E1600000000000000000000000000000000000AF
:10E17000000000000000000000000000000000009F
:10E18000000000000000000000000000000000008F
:10E19000000000000000000000000000000000007F
:10E1A000000000000000000000000000000000006F
:10E1B000000000000000000000000000000000005F
:10E1C000000000000000000000000000000000004F
:10E1D000000000000000000000000000000000003F
:10E1E000000000000000000000000000000000002F
:10E1F000000000000000000000000000000000001F
:10E20000000000000000000000000000000000000E
:10E2100000000000000000000000000000000000FE
:10E2200000000000000000000000000000000000EE
:10E2300000000000000000000000000000000000DE
:10E2400000000000000000000000000000000000CE
:10E2500000000000000000000000000000000000BE
:10E2600000000000000000000000000000000000AE
:10E27000000000000000000000000000000000009E
:10E28000000000000000000000000000000000008E
:10E29000000000000000000000000000000000007E
:10E2A000000000000000000000000000000000006E
:10E2B000000000000000000000000000000000005E
:10E2C000000000000000000000000000000000004E
:10E2D000000000000000000000000000000000003E
:10E2E000000000000000000000000000000000002E
:10E2F000000000000000000000000000000000001E
:10E30000000000000000000000000000000000000D
:10E3100000000000000000000000000000000000FD
:10E3200000000000000000000000000000000000ED
:10E3300000000000000000000000000000000000DD
:10E3400000000000000000000000000000000000CD
:10E3500000000000000000000000000000000000BD
:10E3600000000000000000000000000000000000AD
:10E37000000000000000000000000000000000009D
:10E38000000000000000000000000000000000008D
:10E39000000000000000000000000000000000007D
:10E3A000000000000000000000000000000000006D
:10E3B000000000000000000000000000000000005D
:10E3C000000000000000000000000000000000004D
:10E3D000000000000000000000000000000000003D
:10E3E000000000000000000000000000000000002D
:10E3F000000000000000000000000000000000001D
:10E40000000000000000000000000000000000000C
:10E4100000000000000000000000000000000000FC
:10E4200000000000000000000000000000000000EC
:10E4300000000000000000000000000000000000DC
:10E4400000000000000000000000000000000000CC
:10E4500000000000000000000000000000000000BC
:10E4600000000000000000000000000000000000AC
:10E47000000000000000000000000000000000009C
:10E48000000000000000000000000000000000008C
:10E49000000000000000000000000000000000007C
:10E4A000000000000000000000000000000000006C
:10E4B000000000000000000000000000000000005C
:10E4C000000000000000000000000000000000004C
:10E4D000000000000000000000000000000000003C
:10E4E000000000000000000000000000000000002C
:10E4F000000000000000000000000000000000001C
:10E50000000000000000000000000000000000000B
:10E5100000000000000000000000000000000000FB
:10E5200000000000000000000000000000000000EB
:10E5300000000000000000000000000000000000DB
:10E5400000000000000000000000000000000000CB
:10E5500000000000000000000000000000000000BB
:10E5600000000000000000000000000000000000AB
:10E57000000000000000000000000000000000009B
:10E58000000000000000000000000000000000008B
:10E59000000000000000000000000000000000007B
:10E5A000000000000000000000000000000000006B
:10E5B000000000000000000000000000000000005B
:10E5C000000000000000000000000000000000004B
:10E5D000000000000000000000000000000000003B
:10E5E000000000000000000000000000000000002B
:10E5F000000000000000000000000000000000001B
:10E60000000000000000000000000000000000000A
:10E6100000000000000000000000000000000000FA
:10E6200000000000000000000000000000000000EA
:10E6300000000000000000000000000000000000DA
:10E6400000000000000000000000000000000000CA
:10E6500000000000000000000000000000000000BA
:10E6600000000000000000000000000000000000AA
:10E67000000000000000000000000000000000009A
:10E68000000000000000000000000000000000008A
:10E69000000000000000000000000000000000007A
:10E6A000000000000000000000000000000000006A
:10E6B000000000000000000000000000000000005A
:10E6C000000000000000000000000000000000004A
:10E6D000000000000000000000000000000000003A
:10E6E000000000000000000000000000000000002A
:10E6F000000000000000000000000000000000001A
:10E700000000000000000000000000000000000009
:10E7100000000000000000000000000000000000F9
:10E7200000000000000000000000000000000000E9
:10E7300000000000000000000000000000000000D9
:10E7400000000000000000000000000000000000C9
:10E7500000000000000000000000000000000000B9
:10E7600000000000000000000000000000000000A9
:10E770000000000000000000000000000000000099
:10E780000000000000000000000000000000000089
:10E790000000000000000000000000000000000079
:10E7A0000000000000000000000000000000000069
:10E7B0000000000000000000000000000000000059
:10E7C0000000000000000000000000000000000049
:10E7D0000000000000000000000000000000000039
:10E7E0000000000000000000000000000000000029
:10E7F0000000000000000000000000000000000019
:10E800000000000000000000000000000000000008
:10E8100000000000000000000000000000000000F8
:10E8200000000000000000000000000000000000E8
:10E8300000000000000000000000000000000000D8
:10E8400000000000000000000000000000000000C8
:10E8500000000000000000000000000000000000B8
:10E8600000000000000000000000000000000000A8
:10E870000000000000000000000000000000000098
:10E880000000000000000000000000000000000088
:10E890000000000000000000000000000000000078
:10E8A0000000000000000000000000000000000068
:10E8B0000000000000000000000000000000000058
:10E8C0000000000000000000000000000000000048
:10E8D0000000000000000000000000000000000038
:10E8E0000000000000000000000000000000000028
:10E8F0000000000000000000000000000000000018
:10E900000000000000000000000000000000000007
:10E9100000000000000000000000000000000000F7
:10E9200000000000000000000000000000000000E7
:10E9300000000000000000000000000000000000D7
:10E9400000000000000000000000000000000000C7
:10E9500000000000000000000000000000000000B7
:10E9600000000000000000000000000000000000A7
:10E970000000000000000000000000000000000097
:10E980000000000000000000000000000000000087
:10E990000000000000000000000000000000000077
:10E9A0000000000000000000000000000000000067
:10E9B0000000000000000000000000000000000057
:10E9C0000000000000000000000000000000000047
:10E9D0000000000000000000000000000000000037
:10E9E0000000000000000000000000000000000027
:10E9F0000000000000000000000000000000000017
:10EA00000000000000000000000000000000000006
:10EA100000000000000000000000000000000000F6
:10EA200000000000000000000000000000000000E6
:10EA300000000000000000000000000000000000D6
:10EA400000000000000000000000000000000000C6
:10EA500000000000000000000000000000000000B6
:10EA600000000000000000000000000000000000A6
:10EA70000000000000000000000000000000000096
:10EA80000000000000000000000000000000000086
:10EA90000000000000000000000000000000000076
:10EAA0000000000000000000000000000000000066
:10EAB0000000000000000000000000000000000056
:10EAC0000000000000000000000000000000000046
:10EAD0000000000000000000000000000000000036
:10EAE0000000000000000000000000000000000026
:10EAF0000000000000000000000000000000000016
:10EB00000000000000000000000000000000000005
:10EB100000000000000000000000000000000000F5
:10EB200000000000000000000000000000000000E5
:10EB300000000000000000000000000000000000D5
:10EB400000000000000000000000000000000000C5
:10EB500000000000000000000000000000000000B5
:10EB600000000000000000000000000000000000A5
:10EB70000000000000000000000000000000000095
:10EB80000000000000000000000000000000000085
:10EB90000000000000000000000000000000000075
:10EBA0000000000000000000000000000000000065
:10EBB0000000000000000000000000000000000055
:10EBC0000000000000000000000000000000000045
:10EBD0000000000000000000000000000000000035
:10EBE0000000000000000000000000000000000025
:10EBF0000000000000000000000000000000000015
:10EC00000000000000000000000000000000000004
:10EC100000000000000000000000000000000000F4
:10EC200000000000000000000000000000000000E4
:10EC300000000000000000000000000000000000D4
:10EC400000000000000000000000000000000000C4
:10EC500000000000000000000000000000000000B4
:10EC600000000000000000000000000000000000A4
:10EC70000000000000000000000000000000000094
:10EC80000000000000000000000000000000000084
:10EC90000000000000000000000000000000000074
:10ECA0000000000000000000000000000000000064
:10ECB0000000000000000000000000000000000054
:10ECC0000000000000000000000000000000000044
:10ECD0000000000000000000000000000000000034
:10ECE0000000000000000000000000000000000024
:10ECF0000000000000000000000000000000000014
:10ED00000000000000000000000000000000000003
:10ED100000000000000000000000000000000000F3
:10ED200000000000000000000000000000000000E3
:10ED300000000000000000000000000000000000D3
:10ED400000000000000000000000000000000000C3
:10ED500000000000000000000000000000000000B3
:10ED600000000000000000000000000000000000A3
:10ED70000000000000000000000000000000000093
:10ED80000000000000000000000000000000000083
:10ED90000000000000000000000000000000000073
:10EDA0000000000000000000000000000000000063
:10EDB0000000000000000000000000000000000053
:10EDC0000000000000000000000000000000000043
:10EDD0000000000000000000000000000000000033
:10EDE0000000000000000000000000000000000023
:10EDF0000000000000000000000000000000000013
:10EE00000000000000000000000000000000000002
:10EE100000000000000000000000000000000000F2
:10EE200000000000000000000000000000000000E2
:10EE300000000000000000000000000000000000D2
:10EE400000000000000000000000000000000000C2
:10EE500000000000000000000000000000000000B2
:10EE600000000000000000000000000000000000A2
:10EE70000000000000000000000000000000000092
:10EE80000000000000000000000000000000000082
:10EE90000000000000000000000000000000000072
:10EEA0000000000000000000000000000000000062
:10EEB0000000000000000000000000000000000052
:10EEC0000000000000000000000000000000000042
:10EED0000000000000000000000000000000000032
:10EEE0000000000000000000000000000000000022
:10EEF0000000000000000000000000000000000012
:10EF00000000000000000000000000000000000001
:10EF100000000000000000000000000000000000F1
:10EF200000000000000000000000000000000000E1
:10EF300000000000000000000000000000000000D1
:10EF400000000000000000000000000000000000C1
:10EF500000000000000000000000000000000000B1
:10EF600000000000000000000000000000000000A1
:10EF70000000000000000000000000000000000091
:10EF80000000000000000000000000000000000081
:10EF90000000000000000000000000000000000071
:10EFA0000000000000000000000000000000000061
:10EFB0000000000000000000000000000000000051
:10EFC0000000000000000000000000000000000041
:10EFD0000000000000000000000000000000000031
:10EFE0000000000000000000000000000000000021
:10EFF0000000000000000000000000000000000011
:10F00000314932480A1A02D0072291438D463049CD
:10F0100030480A1A06D00722914381F30988022258
:10F0200082F314882C482D492D4A00F03CF82D48D5
:10F030002D492E4A00F037F82D482E492E4A00F06F
:10F0400032F82E482E492F4A00F02DF82E482F492D
:10F050002F4A00F028F82F482F49304A00F023F8B3
:10F060002F483049304A00F01EF83048304900221D
:10F0700000F024F82F483049002200F01FF82F4AF2
:10F0800090471F481F49884205D00268043003B4E6
:10F09000904703BCF7E700208646EC46002000219D
:10F0A000274A9047FEE7884207D0521A05D00378D6
:10F0B00001300B700131013AF9D17047884202D01A
:10F0C00002700130FAE770470000012000F80020CC
:10F0D0000000012000000120142705002026002048
:10F0E000E4270020B8F10100B8F10100CCB204001F
:10F0F000142705002026002020260020BCB4040090
:10F10000BCB40400BCB40400BCB40400BCB404002F
:10F11000BCB40400BCB40400BCB404001227050055
:10F12000D8280500E4270020E4270020E427002059
:10F130009CE100209CE100209CE100206DF1010099
:10F14000F5F4020000F036B80F484FF0070188438D
:10F1500085460E4880470E48016841F47001016001
:10F16000BFF34F8FBFF36F8FFFF74ABF09480A49BC
:10F170000A4A884207D0521A05D0037801300B7032
:10F180000131013AF9D17047000001209567020072
:10F1900088ED00E054B404000C2600202026002056
:10F1A000FEE7FEE7FEE7FEE7FEE7FEE7FEE7FEE737
:10F1B000FEE7FEE7FFF7C8BFFEE7FEE7704700BFC8
:10F1C00000B583B0044B0093044A402300F036F8A6
:10F1D00003B05DF804FB00BFE1F10100E827002067
:10F1E00002B32DE9F843114B114E8846144603270C
:10F1F00043F001090025224608EB050100200BF031
:10F2000079FF0346E41A4FF47A401D4423B933785A
:10F2100033B1C847013F06D001233370002CEAD137
:10F22000BDE8F88370473770BDE8F883C0B40400C8
:10F23000E4270020704700BF0BF0A0BFF0B595B0E9
:10F24000084600240E4617461D4602F083FE1A9A11
:10F250000D922346082205A93046CDE909540897A6
:10F260008DF82C400C9402F0B9FEDDE906219DF8E2
:10F2700014308DF81140CDE9021203F00302012A87
:10F2800028D0022A04D0304602F068FE15B0F0BD46
:10F29000BDF81650C3F3C203C5F389158DF81030BD
:10F2A0000827082D2C4628BF08243B4622460EA9D5
:10F2B000304602F093FE2D1B08AB02AA21460EA891
:10F2C000274400F0EDFE002DEBD1304602F046FE63
:10F2D00015B0F0BDBDF814100598C1F38312C3F347
:10F2E000C203C0F39525C1F383148DF810300EA925
:10F2F00030469200082302F071FE08AB00932246CC
:10F3000002AB0EA9284600F055FE304602F026FE5C
:10F3100015B0F0BD08B5FFF78FFF0948042100F0D4
:10F32000C9FD002803DB074B01225A7108BD0649BD
:10F33000412010F0D1F8034B01225A7108BD00BFE3
:10F3400044B4040020260020D4B4040070B5314C2D
:10F3500084B004F5836001F05FFF04F2144001F013
:10F360005BFFD4E9013503EA0501CA1C04EB820CFA
:10F3700014F8222050072ED404EB81015A1CC868CF
:10F3800001902A4004EB820200F003010129D568B4
:10F3900003F102062ED0022933D01F494FF4BF706B
:10F3A00010F09AF800251D4801F042FF00B1666098
:10F3B000284604B070BD022806D1BCF802200233F2
:10F3C00003EB921303EA0501C81C04EB800C14F84C
:10F3D00020004207D0D59CF8000000F0030001286F
:10F3E000E9D1BCF800200233C2F38312134403EACC
:10F3F0000501E9E7BDF80430C3F383132D0C1E4467
:10F40000D1E7BDF80630C3F3891303332D0C06EBA7
:10F410009306C8E7F82800204CB504000C2D002006
:10F420000B4B0C4810B50022FF21C3F81824C3E988
:10F4300000229960C3F8142483F8202402F03EFDD2
:10F44000044610B9044802F0DFFD204610BD00BF9D
:10F45000F828002060B30400C4B5040030B499B1AA
:10F460000D490E4D491BC90813D00D4C002302E075
:10F47000013399420AD034F823208242F8D1184649
:10F4800055F8300030BC7047044DF9E7002030BC1F
:10F4900070470846F6E700BF44B404007CB304009C
:10F4A00020260020094B013903EBC00003290BD8AB
:10F4B000DFE801F0040208060420704702207047CC
:10F4C0004079704700797047002070477CB3040092
:10F4D0002DE9F047C64CD4E900239A4284B000F0ED
:10F4E000C0800023C4F81834BFF34F8FD4E901352E
:10F4F00003EA0501CA1C04EB820614F82220500717
:10F500001BD52768327802F00302012A00F09F80A1
:10F51000022A03D17288023303EB921305EA030136
:10F52000D4F81804CA1C04EB820630B99F4240F29A
:10F53000948014F822205207E4D404EB81019E1C2D
:10F540000133CA6801922B4004EB830302F00302EB
:10F55000DB680293022A00F08880012A00F0F48020
:10F56000D4F810543DB12B6828469B689847EB6847
:10F570001D68002DF7D100230DF103008DF8033035
:10F58000D4F80880DFF888929A4E00F0A9FFD4E9F9
:10F59000013127680B440133DB1BA6EB0906012B65
:10F5A0004FEAD60600F22181934D0121284601F051
:10F5B0001BFEFFF7CBFE0146284601F015FED4E9FD
:10F5C000013122680B4401339B1A012BEDD902EA69
:10F5D00001030333023205219DF8030044F8231090
:10F5E000226000F0B3FF8448002101F0DBFD80F3CE
:10F5F0001005824BB6B2A3EB0909B6EBD90F80F028
:10F60000DF8008EA07027E4B94F82014013707EAEE
:10F61000080804EB880803329B0246EA054643F0DB
:10F620001103C8F80C6044F8223039B9D4E900302D
:10F63000C01A18BF012004B0BDE8F087FFF748FFEB
:10F640000028F3D0FFF744FF0028F7D1EEE7328817
:10F650000233C2F38312134460E7676004B0BDE86D
:10F66000F087002004B0BDE8F087BDF8063065489B
:10F67000C3F38919B9F1500FC84628BF4FF050089D
:10F6800008F1080168F38F13C1F30901ADF80630E2
:10F6900002F016FC074600283FF462AF02F05AFC65
:10F6A0000023082201A9384602F084FC25EA06035B
:10F6B0000133B8EB830F4FEA830A40F28780BAF137
:10F6C000000F00F0A78005EA0601033104EB810179
:10F6D000524638460823A8EB0A0802F06BFC5FFA92
:10F6E00088F80AF10803484903F0FC03424638460B
:10F6F00002F060FC09F1030906EB9906D4F818340E
:10F70000002B6ED1D4F810545DB1EB685A792846BD
:10F7100039461AB12B681B689847EB681D68002DA5
:10F72000F3D1384602F01AFC00230DF103008DF8E6
:10F73000033000F0D5FED4F8183403B966609DF8A4
:10F74000030000F003FF71E7BDF804202D48C2F369
:10F750008313062B28BF062363F38912023303F0B9
:10F760000F018900ADF8042002F0AAFB074600282B
:10F770003FF4F6AE02F0EEFB0023082201A9384662
:10F7800002F018FCBDF8043013F4707FB6D04FF0CF
:10F790000008314629404FEA88030331083304EB5F
:10F7A00081010422384602F005FCBDF8043008F15E
:10F7B0000108C3F38313434506F10106E9D89DE729
:10F7C000124940F2A3100FF087FE1AE705EA06017E
:10F7D0000331424604EB81010823384602F0EAFB7C
:10F7E00088E7384602F0BAFB20E73A46EFE600BF6A
:10F7F000F8280020D4B30400142D002044B40400E1
:10F80000ACB5040060B30400042900204CB504002A
:10F810007CB30400034942460823384602F0CAFB81
:10F8200068E700BF042900202DE9F047DFF8F8A0C1
:10F8300082B0002305460DF1070091468DF8073090
:10F84000DAF80860884600F04BFEDAE90132DAF8AF
:10F85000007013440133DB1B022B5AD80AF21C44FC
:10F860000121204601F0C0FCFFF770FD0146204653
:10F8700001F0BAFCDAE90132DAF80010134401337E
:10F880005B1A022BECD90A400332033145239DF861
:10F8900007004AF82230CAF8001000F057FEBB1CDF
:10F8A00033400AEB83031C48C3F80C90002101F09D
:10F8B00079FC80F31009194B194A2C0C9B1AB4EBF4
:10F8C000D30F20D27B1C33400AEB8303E90044EAC8
:10F8D000094401F038013E40DC6041F041019AF8F2
:10F8E0002034033641EA88214AF8261013B902B0C1
:10F8F000BDE8F087FFF7ECFD0028F8D0FFF7E8FD42
:10F900000028F7D1F3E7074940F2A3100FF0E4FD18
:10F91000D8E73946B7E700BF142D002044B40400EF
:10F920007CB304004CB50400F82800202DE9F04F0A
:10F930003E4C83B006469A460DF1070000239346DD
:10F940008DF80730A768894600F0CAFDD4E9013276
:10F95000D4F8008013440133A3EB0803032B62D8CF
:10F9600004F21C450121284601F03EFCFFF7EEFCA5
:10F970000146284601F038FCD4E9013221681344DD
:10F9800001335B1A032BEDD90A400332043185237E
:10F990009DF8070044F82230216000F0D7FD08F1FF
:10F9A00002033B4004EB83032148C3F80CB008F189
:10F9B00003033B4004EB83030021C3F80CA001F0D8
:10F9C000F1FB80F3100A1B4B1B4A350C9B1AB5EB5D
:10F9D000D30F22D208F101033B4004EB8303F10073
:10F9E00045EA0A4501F0380107EA0807DD6041F001
:10F9F000810194F82034033741EA892144F8271023
:10FA000013B903B0BDE8F08FFFF762FD0028F8D00E
:10FA1000FFF75EFD0028F7D1F3E7084940F2A31095
:10FA20000FF05AFDD6E74146AEE700BFF8280020A8
:10FA3000142D002044B404007CB304004CB5040031
:10FA40002DE9F04FDFF810B183B0054699460DF16E
:10FA50000700002392468DF80730DBF808608846DF
:10FA600000F03EFDDBE90132DBF8007013440133A6
:10FA7000DB1B042B66D80BF21C440121204601F04D
:10FA8000B3FBFFF763FC0146204601F0ADFBDBE969
:10FA90000132DBF80010134401335B1A042BECD95C
:10FAA0000A4003320531C5239DF807004BF8223088
:10FAB000CBF8001000F04AFDBB1C33400BEB830376
:10FAC0000C9AC3F80CA0FB1C33400BEB83031E48BD
:10FAD000C3F80C903B1D33400BEB83030021DA602D
:10FAE00001F060FB80F31009184B194A2C0C9B1A8B
:10FAF000B4EBD30F20D27B1C33400BEB8303E90024
:10FB000044EA094401F038013E40DC6041F0C101A3
:10FB10009BF82034033641EA88214BF8261013B9AC
:10FB200003B0BDE8F08FFFF7D3FC0028F8D0FFF753
:10FB3000CFFC0028F7D1F3E7064940F2A3100FF0FD
:10FB4000CBFCD8E73946ABE7142D002044B40400C1
:10FB50007CB304004CB50400F82800202DE9F047E0
:10FB600086B0DFF824A103930F9B0E9C05930546F6
:10FB700000230DF10700164602928DF80730DAF8DF
:10FB800008700494894600F0ABFCDAE90132DAF837
:10FB9000008013440133A3EB0803052B69D80AF254
:10FBA0001C440121204601F01FFBFFF7CFFB01465B
:10FBB000204601F019FBDAE90132DAF800101344AB
:10FBC00001335B1A052BECD90A400332063140F2AF
:10FBD00005139DF807004AF82230CAF8001000F01B
:10FBE000B5FC08F1020303A908F1060001E051F891
:10FBF000046B07EA03020AEB820201338342D660F8
:10FC0000F5D11D48002101F0CDFA80F310061B4B01
:10FC10001B4A2C0C9B1AB4EBD30F24D208F101031E
:10FC20003B40ED000AEB830305F0380544EA064447
:10FC300045F4807507EA0807DC6045F001059AF88D
:10FC40002034033745EA89254AF8275013B906B00E
:10FC5000BDE8F087FFF73CFC0028F8D0FFF738FC40
:10FC60000028F7D1F3E7074940F2A3100FF034FC66
:10FC7000D4E74146A8E700BF142D002044B4040097
:10FC80007CB304004CB50400F82800202DE9F047AF
:10FC900086B0DFF828A102930F9B0493109B0E9C63
:10FCA0000593054600230DF10300164601928DF8D9
:10FCB0000330DAF808700394894600F011FCDAE9A1
:10FCC0000132DAF8008013440133A3EB0803062B5A
:10FCD00069D80AF21C440121204601F085FAFFF799
:10FCE00035FB0146204601F07FFADAE90132DAF805
:10FCF0000010134401335B1A062BECD90A4003327F
:10FD0000073140F245139DF803004AF82230CAF843
:10FD1000001000F01BFC08F1020302A908F1070023
:10FD200001E051F8046B07EA03020AEB8202013397
:10FD30008342D660F5D11D48002101F033FA80F3EB
:10FD400010061B4B1B4A2C0C9B1AB4EBD30F24D26E
:10FD500008F101033B40ED000AEB830305F0380591
:10FD600044EA064445F4A07507EA0807DC6045F05C
:10FD700001059AF82034033745EA89254AF82750C7
:10FD800013B906B0BDE8F087FFF7A2FB0028F8D052
:10FD9000FFF79EFB0028F7D1F3E7074940F2A310D5
:10FDA0000FF09AFBD4E74146A8E700BF142D0020CE
:10FDB00044B404007CB304004CB50400F8280020CF
:10FDC0002DE9F047DFF8E89082B0002305460DF1F9
:10FDD00007008DF80730D9F80860884600F080FBEE
:10FDE000D9E90132D9F8007013440133DB1B012B30
:10FDF00054D809F21C440121204601F0F5F9FFF71F
:10FE0000A5FA0146204601F0EFF9D9E90132D9F807
:10FE10000010134401335B1A012BECD90A40033262
:10FE2000052302319DF8070049F82230C9F8001077
:10FE300000F08CFB1A48002101F0B4F980F3100A9D
:10FE4000184B194A2C0C9B1AB4EBD30F20D27B1CF5
:10FE5000334009EB8303E90044EA0A4401F0380126
:10FE60003E40DC6041F0010199F82034033641EA5C
:10FE7000882149F8261013B902B0BDE8F087FFF7D2
:10FE800027FB0028F8D0FFF723FB0028F7D1F3E782
:10FE9000064940F2A3100FF01FFBD8E73946BDE733
:10FEA000142D002044B404007CB304004CB50400BD
:10FEB000F828002030B4124DD5F810140446002064
:10FEC000B1B10B4601E01B6853B1DB681A7982427D
:10FED000F9D101300A28F3D14FF0FF3030BC704720
:10FEE000E2681071CB68196811601C6030BC704703
:10FEF000E3681871C5F8104430BC1960704700BF42
:10FF0000F828002038B5094BD3F81044012583F8B0
:10FF100020544CB12368E2685B68557120469847CD
:10FF2000E3681C68002CF5D138BD00BFF82800201C
:10FF300030B5C38885B004460D4623BB237A052B14
:10FF40001FD0627A82B9144AA08852F82320039203
:10FF50000021FFF783FA039A10490346284605B0AB
:10FF6000BDE8304001F032BA1946A088FFF79AFA8E
:10FF70000B4B0C4953F82020284601F027FA237A2E
:10FF8000E1E705B030BD08490091084A0849284614
:10FF900001F01CFAD2E700BF94B60400FCB50400DF
:10FFA00070B60400F8B50400F0B50400D0B5040044
:10FFB000D8B504002DE9F04385B01D460C9C002304
:10FFC00094F80C90237380460E4617462146284627
:10FFD000FFF7AEFF062F09D8DFE807F0042E343B09
:10FFE000444F1F004146204601F0F0F92B7A052BC3
:10FFF00005D06B7A5BB92749204601F0E7F9204626
:020000040002F8
:1000000001F0D0F984F80C9005B0BDE8F083224AE5
:100010002249204601F0DAF9EDE773690393336969
:100020000293F3680193B3680093D6E90023414635
:10003000204601F0CBF9D9E732684146204601F06D
:10004000C5F9D3E7D6E900234146204601F0BEF9C1
:10005000CCE7B3680093D6E900234146204601F07F
:10006000B5F9C3E7F3680193B3680093D6E90023B9
:100070004146204601F0AAF9B8E733690293F368D4
:100080000193B3680093D6E900234146204601F06E
:100090009DF9ABE708B60400F0B50400F8B504001C
:1000A000082900D970472DE9F04F002493F80C90EF
:1000B0001C7383B00E4607461946104690461D46EF
:1000C000DFF8B8B0DFF8B8A0FFF732FF05E03A5D1F
:1000D000013401F07BF9082C09D0A642514628468C
:1000E000F5D85946013401F071F9082CF5D11F49B2
:1000F000DFF890B0DFF890A0284601F067F90024FF
:100100000AE03A5D7E2A23D92E2251462846013440
:1001100001F05CF9082C08D0A642F2D859462846CE
:10012000013401F053F9082CF6D198F80830052B6A
:1001300002D098F809309BB90D49284601F046F9DC
:10014000284601F02FF985F80C9003B0BDE8F08F38
:10015000104601920FF0A0FC019A0028D5D1D3E7F8
:10016000044A0549284601F031F9E5E718B60400CC
:1001700008B60400F0B50400F8B5040014B6040095
:100180000CB6040004B604001CB6040000B583B02D
:100190004FF0010C8DF807C0144B9DF807E0186074
:1001A00044F2010C604559609A6013D044F2020198
:1001B000884206D1DA60DA6812889A61DA68526891
:1001C000DA6172B69DF80730002BFBD162B603B03E
:1001D0005DF804FB1A611A6992685A611A6912681B
:1001E0009A611A695268DA61EBE700BFB42D00200A
:1001F00000B583B002900091019244F20100714673
:100200006A4600F003F803B000BD00BFF0B5044635
:1002100087B00E46154672B6FFF774FEFFF758F921
:100220000028FBD144F201039C422FD01DD8012CA1
:1002300054D041F201039C4244D12E482E4B2F4909
:10024000C01AC008000440F00100FFF7B9FD2C4BB4
:10025000D3F8F030DB0700D500BE2A4631462046F1
:1002600007B0BDE8F040FFF791BF44F202039C42A3
:1002700028D1214B1F486A682249C01AC0080004CF
:100280002B8840F00100FFF751FBE0E7AA681A4B0A
:10029000184F05921046FF1A01F0FCFE02962968DD
:1002A0000191FF083F046968009147F00107034688
:1002B000059A15493846FFF7E9FC14493846FFF717
:1002C0007FFDC4E70C4B0B481149C01AC00800045D
:1002D000324640F00100FFF7A7FAB8E7064B0548A1
:1002E0000C49C01AC008000440F00100FFF768FD87
:1002F000ADE700BFD4B304007CB30400D4B604005F
:1003000000ED00E0F8B6040014B704003CB70400A8
:1003100050B70400B4B6040070B5054608F0A2FD5D
:100320004368AB42044603D00B496A200FF0D4F86F
:10033000A3685BB1237B43B1637BA268206883F031
:1003400001032373BDE87040104770BD02496B2064
:100350000FF0C2F8EEE700BF68B7040070B505689B
:1003600082B022B32B7B13B90E46696811B1082005
:1003700002B070BD1446284610220FF060FC002E1B
:100380000CBF012200220B4B6A73AC6014BF012228
:10039000002200934FF47A712B46074808F08AFB3D
:1003A0000028686014BF00200E2002B070BD072036
:1003B00002B070BD1903020004B604002DE9F0413B
:1003C000476884B0002F52D0067B0446BEB90D4664
:1003D0000260EFF305836BB10A46009603AB092177
:1003E0003846039608F088FB012828D0042004B082
:1003F000BDE8F081384608F01DFD064618B1002022
:1004000004B0BDE8F0814FF002082A460346CDF85B
:1004100000800421384608F06FFB01280546E5D12D
:1004200007F06CFCCDF8008002463346294638467A
:1004300008F062FB0128D9D101232373DFE707F01D
:1004400063FC0096024603AB0621384608F054FBD5
:100450000128CBD1039B002BEED0074B4FF08052ED
:100460005A6040BFBFF34F8FBFF36F8FE4E70820A0
:1004700004B0BDE8F08100BF00ED00E010B5044617
:10048000406884B038B3EFF305835BB90222009271
:1004900003211A4608F030FB012819D100202073EF
:1004A00004B010BD0022009203AB0821039208F0B3
:1004B00023FB01280CD1039B002BEFD0074B4FF0FF
:1004C00080525A6040BFBFF34F8FBFF36F8FE5E795
:1004D000042004B010BD082004B010BD00ED00E001
:1004E00070B50446EFF30583C3F308033BB9EFF39C
:1004F0001483DB0703D5114943200EF0EDFFEFF322
:10050000108072B60E4B9A68A2B9012199600D490C
:100510000D4ED1F8805035401D60C1F88060D1F893
:1005200084505D604FF0FF33C1F88430227000B911
:1005300062B670BD01232370F9E700BFC8B704009D
:10054000D42D002000E100E0FC06FFBD10B50446FC
:10055000EFF30583C3F308033BB9EFF31483DB0721
:1005600003D50A4951200EF0B7FF094B9A685AB1DA
:1005700054B9EFF3108172B6064A186810605868D3
:1005800050609C6001B962B610BD00BFC8B70400DE
:10059000D42D002000E100E0194B00EB800003EBBC
:1005A00080000B68426802F580502BB35A880332F2
:1005B00003EB8203834217D210B54FF6FF7E1A6811
:1005C000013213D05A88033203EB820290420DD3DA
:1005D000B3F804C0F4450BD01C884CB19C680134BE
:1005E00006D00B60012010BD00207047002010BD18
:1005F0009042FBD91346E2E702F10803DAE700BFB5
:100600001C2E002070B5436882B006460C461BB114
:10061000234AD1688B421FD20022134622801546FE
:10062000019505E0019B3268996891420ED02388BC
:10063000184601A9FFF7B0FF0028F3D12388013342
:100640009BB2012B2380EBD902B070BD154A7360B9
:100650001389338102B070BD12699342DCD813F064
:100660000300D9D10F4A318912899142D4D131681E
:100670009A689142D0D10C494A68934203D902F555
:100680008052934209D38A69934203D902F580527A
:10069000934201D30020D7E7012020800120D3E737
:1006A0000C260020042E00201C2E002010B4104C1C
:1006B000104A638803EB830302EB8302D36853B9C8
:1006C0004FF0040C516884F800C00B485DF8044BEF
:1006D000012201F037BA094A0520022120709180D9
:1006E000054811685DF8044B0023012201F02ABA85
:1006F000042E00201C2E00200C260020582E002046
:10070000B3F804C0BCF1010F39D82DE9F0411D4FF9
:100710001C4680460D4616460CEB8C0317F823301A
:100720006BB10CF1010C1FFA8CFCBCF1010FA4F8A9
:1007300004C0F1D948F209601BE0B4F804C0604677
:100740002146FFF729FFB0B12368B8F1000F04D0AC
:100750009988B8F800209142EFD11DB119882A88F4
:100760009142EAD19968084A12893281C6E9001398
:100770000020BDE8F081B4F804C02060D1E748F261
:10078000096070471C2E0020042E002030B5104C4C
:1007900083B06088211DFFF7FFFE20B903B0BDE8DC
:1007A0003040FFF783BF0B4B626899881B680A488B
:1007B00003EB81015388033300259BB24FF0030CF8
:1007C0009B00009584F800C001F022F903B030BD11
:1007D000042E0020582E00200C2600202DE9F04F7A
:1007E0009D4DDFF894922C68DFF89082DFF890B28C
:1007F0008BB00746002C00F090802278531E052B0A
:1008000000F29783DFE803F041242403034E002F16
:1008100040F0F28094F804A0BAF1010F00F0768263
:10082000BAF1020F00F06C82BAF1000F00F05582AD
:10083000CDE907770597099705AE48F20E67023AAA
:100840000697042A4AD8DFE802F098847843AD007E
:10085000B4F814A0002F40F0B780804EA17D0AEBC1
:100860008A0306EB83034FEA8A0718895B6803EB68
:100870008003062900F25883DFE811F09501BE01DC
:10088000AB01D001820169014401002F40F00F82C9
:100890002379032B00F2C780DFE813F0280113014E
:1008A000B700F400002F40F00F826D4C237B002B2B
:1008B00000F0C48023782773013B062B69D8DFE85A
:1008C00013F06B02F201D601D20168005902BE0199
:1008D00004238DF81430E388ADF82030614C04F126
:1008E000100754F8043B304603B19847A742F8D1AB
:1008F0000023494640462B6000F022FC5A4B1B68FF
:10090000002B53D05848012100F07AFC002858D021
:100910002C680027002C7FF470AF4946404600F059
:10092000DDFB0446286000287FF467AF594640F29B
:100930009B500EF0D1FD2C685FE703238DF8143037
:10094000E1882289E3680793ADF82010ADF82220F2
:10095000C4E702238DF81430A37D2289A188ADF865
:100960002020A3F10603B3FA83F3E26807925B0940
:10097000ADF822108DF82430B0E701238DF8143043
:100980002189A288E3680793ADF82010ADF82220F2
:10099000A4E7002305AE0593C6E90233336148F2AC
:1009A0000E67069705238DF8143097E759464FF4E4
:1009B00024700EF091FD2C48012100F021FC00284C
:1009C000A6D10BB0BDE8F08FA17DE388234E0229AC
:1009D00007D90AEB8A0006EB8000D91C0789394445
:1009E00001814FEA8A07574406EB8706C3F57F4328
:1009F0007189FD330B44738105AE002305934FF4D9
:100A00000647C6E90233336119E7184A18481168E6
:100A10000023237102249480012201F093F800281E
:100A2000CFD02C682278134905AE002305934B6084
:100A3000C6E90233336148F20D6700E72378072BDC
:100A400000F2E781DFE813F0FA01E501E501260194
:100A5000CF01FB00FB00E101182E00201C2E00201E
:100A6000042E0020EC2D0020542E0020582E0020B3
:100A70000C260020FC2D0020142E0020442E0020E7
:100A800024B80400B04FB14AB1484FF0000A84F8CE
:100A900004A0CDF800A00823396800F0B9FFAD4BE1
:100AA0005E8806EB8603AC4E06F823A006EB8306B1
:100AB0003B6872687360BB88338102233A60BB80F5
:100AC000ADE7A54E3378022B00F01C82337D022B5C
:100AD00000F02882A14A002305AE01210593117080
:100AE000C6E90133C6E903335360F7E6964B9C4AE7
:100AF000196897480123237100230093082300F00D
:100B000087FF8CE7E188204641F61D5307EB0A0C6E
:100B100006EB8C0CCC1CBCF808E07444ACF8084024
:100B2000574406EB8706C1F57F4104467089FD31C5
:100B30000144718105AE41F61D5100278B42C6E983
:100B40000077C6E9027737613FF479AEC7E1854B9C
:100B5000854A5968854B7E481B8803930623A375F5
:100B600000230093042300F053FF48BB039B03EBD7
:100B7000830306EB8306012333740BB0BDE8F08FCB
:100B80007848A26902607949039300224260FFF726
:100B900039FD039B0022002800F0AA811946022398
:100BA000A375009204E019460223A3750023009365
:100BB00004236748E21800F02BFF00283FF401AF40
:100BC000A37D2868E1880278022B48F20D63A7D93B
:100BD0009CE703F1080123695D48002B14BF032340
:100BE0000123A3750023009304F10C02042300F0F9
:100BF0000FFF0028E4D1E4E6032A03F104010CBF4F
:100C000005230623A375002300935148042304F110
:100C1000080200F0FDFE0028D2D1D2E6012003F147
:100C20000C01E388A0750020226900909B004848D1
:100C300000F0EEFE0028C3D10BB0BDE8F08F424BB0
:100C4000474A1968424800230093636007232370D2
:100C5000082300F0DDFE0346002B3FF4B2AE2C6803
:100C600005AE227867E7FFF721FD0346F4E76268E7
:100C70003548538886880168033301EB86010020DC
:100C80009BB2032600909B003148267000F0C0FE06
:100C90000346E1E72C4A63685988938803330B4481
:100CA000938002232370FFF771FD0346D4E72B4B9B
:100CB000002159604FF4064705AE0023C6E9003312
:100CC000C6E902333361BAE505AE002305934FF45C
:100CD0000647C6E90233336163E6022305AE23719A
:100CE0000DF11201E36805933046CDE90677FFF771
:100CF00089FC002840F0B680227848F20967DCE7DA
:100D0000CDE907770597099705AE98E5134B1B7852
:100D1000A01D002B00F0D680154C05AE23463246B0
:100D20003946FFF7EDFC002800F0BB800390082255
:100D3000204639460EF083FF039B48F20962934236
:100D400049D02C682278F6E6582E002074B80400AA
:100D50000C260020042E00201C2E0020FC2D00203C
:100D60007CB80400E02D002070B80400602E002044
:100D7000642E00206288744E9300134406EB8306B1
:100D800000237168009306232370704A704808237B
:100D900000F03EFE03465FE7A37A3BB16A4E0023B4
:100DA000A372F36813B9327C002A75D1E37A43B198
:100DB000654E0023E372336A1BB996F82430002B8A
:100DC00069D105AE002305932370C6E90233638021
:100DD00063603361E5E5C6E90077C6E902772C6810
:100DE000376122782BE56288574E5A4902EB82031D
:100DF00006EB83030F685868086088885F60188175
:100E000002238B8002FA03F3B7E701232370A37A4E
:100E1000C3E7013B062B3FF6BCAD01A252F823F01D
:100E2000990D0200A70C02006F0C0200670C020073
:100E300093090200750D02003F0C0200424E238907
:100E4000327D01332381B2FA82F233785209B3FA48
:100E500083F3E27200225B09628022730122A37293
:100E600022709AE706993C4A8B88E3800B8823819D
:100E7000374800970423BDF8124000F0C9FD002850
:100E800031D1314B04EB840403EB8404012323743C
:100E90000BB0BDE8F08F01236380FFF777FC0346BA
:100EA000DAE600972C4A06992948A488042300F022
:100EB000AFFDC0B9244B04EB840403EB840484F835
:100EC00010A07EE505AE2548082239460EF0B7FE93
:100ED0000597C6E90177C6E9037748F201632C68F4
:100EE0001F462278ABE42C6848F20D672278E4E6CE
:100EF000CDE90500CDE907000990227805AE48F25A
:100F000009679CE4002303EB830306EB830210488C
:100F10005168002206F82320009208230B4A00F0B3
:100F200077FD7CE50123EEE7E188204648F20E6379
:100F3000ECE505AE00230593C6E90233336148F2C0
:100F40000E630693CAE400BF1C2E002074B8040090
:100F50000C260020582E002070B80400642E0020BB
:100F60004068FFF73BBC00BF1EF0040F1CBFEFF34F
:100F700009800AE0EFF308800549064A884201D853
:100F8000904202D88D464FF00000034B18470000F6
:100F90000000012000F80020C10F0200BFF34F8FB6
:100FA0000549064BCA6802F4E0621343CB60BFF305
:100FB0004F8F00BFFDE700BF00ED00E00400FA0521
:100FC0002DE9F04782B08046FEF79CFFFEF780FADD
:100FD0000028FBD1354B364F9D6A364BB8F1000FD8
:100FE0005AD0FF1AFF083F0447F00107D8F818202D
:100FF00031493846FEF718FCD8E90232CDE9003213
:101000002E49D8E900233846FEF7A8FDD8F81C2061
:10101000D8F814300092D8F8102029493846FEF745
:101020000FFD224BDB6A980723D4DFF8A8A0DFF876
:10103000A8900024012606FA04F32B4206D05AF8A1
:101040002420494638460AB1FEF7EEFB01341A2C3B
:10105000F1D1290619D42A0410D4144BD3F8F03056
:10106000DB0700D500BE4046FFF798FF02B0BDE8A1
:10107000F08714493846FEF7A3FED6E70B4B12491A
:101080009A6B3846FEF7D0FBE7E7084B0F495A6BDF
:101090003846FEF7C9FBDEE7FF1AFF083F0447F0BA
:1010A00001070B493846FEF78BFEBAE700ED00E07A
:1010B000FCB304007CB3040084B804009CB80400B2
:1010C000D4B8040030B90400A0B9040080B9040009
:1010D000FCB804009CBE040074B9040010B483B0D2
:1010E00050E8023F1FFAA3FCC488A44502BFBFF327
:1010F0002F8F00220EE0C489A4448489A44528BF10
:10110000ACEB040CC3EA0C4C40E802C4002CE7D161
:101110004FF001028DF803200193019C9DF80320FC
:101120000C6032B1006800EB144003B05DF8044B72
:10113000704702F0FF03184603B05DF8044B704798
:101140000A884B889A4201D00020704750E8022F4D
:10115000C2EA224240E80223002BF7D10120704767
:101160004B0901F01F024FF0010C0CFA02F100EBE9
:10117000830000F021B800BF01F01F02012303FA31
:1011800002F24B0900EB8300D14300F021B800BF0D
:101190004B0901F01F0150F82300C84000F0010086
:1011A000704700BF034653E8000F0A4643E8002C8F
:1011B0009CF0000FF7D17047034653E8002F42EA36
:1011C000010043E8000C9CF0000FF6D1704700BF0F
:1011D000034653E8002F02EA010043E8000C9CF0AC
:1011E000000FF6D1704700BF034653E8002F02EB13
:1011F000010043E8000C9CF0000FF6D1704700BFDF
:10120000034653E8002FA2EB010043E8000C9CF0DA
:10121000000FF6D1704700BF0346012253E8001FBC
:1012200041EA020043E8000C9CF0000FF6D1704741
:101230000346002253E8000F00EA020143E8001CC5
:101240009CF0000FF6D17047002844D038B50368F1
:1012500004465BB36368002B2FD0A368002B34D007
:10126000E368EBB1238AABB1D4E90120801A21688D
:10127000C0B2431E0A60DBB208B908E00A68551C18
:10128000581E0D601370C3B2FF2B2168F6D10020E9
:10129000087138BD114940F203100EF01DF9E3E763
:1012A0000E494FF481700EF017F9DBE70B49FF2070
:1012B0000EF012F96368002BCFD108494FF480700B
:1012C0000EF00AF9A368002BCAD1044940F20110BC
:1012D0000EF002F9C4E70E20704700BF04BF0400FF
:1012E00030B5044683B040B300250DF107008DF8FA
:1012F0000750FFF7F5F8D4E900231168994206D8A2
:101300009DF80700FFF722F9284603B030BD481EBC
:10131000A368106011F801CC1179E5681B1ADBB2E3
:10132000208A994200FB0C55EAD29DF80700137100
:10133000FFF70CF9284603B030BD03494FF4927013
:101340000EF0CAF8D0E700BF04BF040030B50C4669
:1013500083B00546B8B1ECB10DF1070000238DF85C
:101360000730FFF7BDF82A681368591C1160E96857
:101370002A8A641AB4FBF2F41C709DF80700FFF788
:10138000E5F803B030BD064940F247100EF0A4F86E
:10139000002CE1D102494FF4A4700EF09DF8DBE778
:1013A00004BF040010B5044640B1A2682AB16369C5
:1013B0002168206998470023A36010BD02493120AD
:1013C0000EF08AF8F1E700BF5CBF04000EB430B540
:1013D00082B00446059DE0B163690BB323689BB1FD
:1013E000636863B135B106AB01AA29462046019373
:1013F00000F0AAF802B0BDE8304003B070470B49D6
:1014000045200EF069F8EDE7084944200EF064F835
:10141000E6E7064942200EF05FF86369002BDDD154
:10142000024943200EF058F8D8E700BF5CBF040023
:101430002DE9F84F1646B142DDF828B00B9A8846E0
:1014400005461F467BD30B464FF00109B3FBF6F36D
:101450009E4209F10109F9D9B94538BFB94612F0E0
:10146000010A02D1BBF1000F47D1A968012402E0B3
:10147000013F06FB04F4012FFAD8B8FBF4F29642C0
:10148000F7D9304F07E0B442B4FBF6F315D3B8FBFD
:10149000F3F2A9681C464B1CAB602B68B85C58542F
:1014A00004FB1288D5E901329A42ECD32846FFF7B3
:1014B00079FFB4FBF6F3B442E9D2BAF1000F13D0CE
:1014C000BBF1000F10D02024D9450BF1FF3B0BD20C
:1014D000AB682A68591CA960D454D5E901329A42F4
:1014E00004D2BBF1000FEFD1BDE8F88F2846FFF71B
:1014F00059FFBBF1000FE7D1F6E793071AD4202478
:10150000A968D94501F10102B0D22B68AA605C54E8
:10151000D5E9013199420BF1FF3B03D2BBF1000F3A
:10152000EFD1A3E72846FFF73DFFA968BBF1000F05
:10153000E7D19BE7002F0CBF30242024E0E74FF0D9
:10154000010989E7FCBF04002DE9F04F0C4685B086
:1015500090460646002800F0FD817369002B00F0DC
:1015600002823368002B00F007827368002B00F0C2
:10157000B580002C7DD02378DFF80C944FF0300B31
:101580000BE0B2683168501CB0608B54D6E9013270
:101590009A427FD22378002B67D00134002B64D08D
:1015A000252BEED1214600270A782D2A0C4601F181
:1015B000010169D0302A6AD02B2A5DD02A2A18BFAF
:1015C000002504D16AE014F8012FA3F13005A2F13F
:1015D000300105EB8503092902EB4303F3D92E2AD9
:1015E00066D0002301E014F8012F02F0FB01682906
:1015F000F9D0252A00F03B81583AD1B2202930D8C1
:10160000202A2ED8DFE812F021002D002D002D0019
:101610002D002D002D002D002D002D002D00180176
:1016200070002D002D002D002D0070002D002D00CC
:101630002D002D002D002D00F5002D002D00B600F1
:101640002D00B2002D002D002100D8F8000010223E
:1016500001680430CDE90057C8F800003046FFF7B4
:10166000E7FE01342378002B97D1337B002B40F029
:10167000F88005B0BDE8F08F0A782D2A0C4647F0B7
:10168000040701F1010195D147F001078CE747F00C
:10169000020789E73046FFF785FE7BE7D8F8003080
:1016A0001A1DC8F8002062781D682E2A0C4698D1B1
:1016B0006278A2F13003092B04F101044FF000031A
:1016C00093D803EB830302EB430314F8012FA2F139
:1016D00030010929A3F13003F3D986E7A94940F283
:1016E00056200DF0F9FE44E7D8F80020D2F800A00B
:1016F0000432C8F800208AEAEA72A2EBEA72092AE8
:101700004FF0010008DD11466329A9FB02C200F178
:1017100001004FEAD202F6DC9842024638BF1A4670
:101720000292002D00F0E580BAF1000FC0F2F880BF
:101730007A0700F1F580B80740F1F480002B40F003
:10174000F180BAF1000FC0F23C817A0700F14C81C0
:1017500007F00302022A00F01981CDE90057514633
:101760000A223046FFF764FE01347BE7D8F8000018
:101770000A226DE7D8F800301A1DC8F8002017F0CB
:101780000107D3F800A07DD1BAF1000F03D0504675
:101790000EF0D1FA0746BD4215D9202101E0BD4225
:1017A00011D0B2683368501CB0609954D6E9013248
:1017B0009A4205F1FF35F2D33046FFF7F3FDBD4203
:1017C0004FF02001EDD19AF800302BB949E71AF813
:1017D000013F002B3FF445AFB2683168501CB06048
:1017E0008B54D6E901329A42F1D33046FFF7DAFD45
:1017F000EDE7D8F80020B3683068111DC8F8001074
:1018000011685A1CB26000F803B0D6E90123934274
:101810007FD2581C3268B0607820D054D6E90132AB
:101820009A4270D208230022CDE9003230461022BD
:10183000FFF7FEFD013415E7D8F80030B2681878DC
:1018400031680433C8F80030531CB3608854D6E9BB
:1018500001329A42FFF405AF3046FFF7A3FD013491
:1018600000E7304605B0BDE8F04FFFF79BBDB36819
:101870003168581CB060CA54D6E901329A42EBD2A2
:101880000134EFE69AF80020002A00F0BE805746A7
:10189000CAF1010102E017F8012F9AB1B068431CA8
:1018A000B36033681A54D6E901329A4201EB070A51
:1018B000F1D330460291FFF775FD17F8012F029919
:1018C000002AEBD155457FF6CCAE202702E05545E6
:1018D0003FF4C7AEB2683368511CB1609F54D6E97B
:1018E00001329A4205F1FF35F1D33046FFF75AFD38
:1018F000EDE7B80705D5002B3FF423AFF9073FF517
:1019000020AF00251DE730460291FFF74BFD0299FD
:1019100088E730460291FFF745FDB368029978E702
:10192000013D08E7F9073FF50CAF002DE9D0202273
:101930000299A942BFF405AFB168481CB060306895
:101940004254D6E90101814205F1FF3552D2002D02
:10195000EED1D6E70B4940F252200DF0BDFD736980
:10196000002B7FF4FEAD07494FF415700DF0B4FD68
:101970003368002B7FF4F9AD024940F255200DF099
:10198000ABFDF2E5A8BF0400CDCCCCCC002B7FF49E
:10199000E4AE002D37D0029AAA42BFF4DEAEB168A1
:1019A0003268481CB06002F801B0D6E901219142CA
:1019B00005F1FF35EDD330460393FFF7F3FC039BAE
:1019C000E7E7B1683268481CB060CAF1000A2D2010
:1019D0005054D6E901219142FFF4BAAE3046039348
:1019E000FFF7E0FC039BB3E6B1683268481CB060C7
:1019F0002B20EDE730460393FFF7D4FC039B202216
:101A0000002D95D17DE70025A7E692465AE700BF55
:101A10002DE9F04782B0DDF828A000285ED01546F9
:101A2000002A64D00668002E6AD01C46002B31D0F4
:101A30004768D7F80490B3FBF9F809FB1838B8F1F8
:101A4000000F30D111F0030F36D1AD073DD1C5687D
:101A5000A94211D22F4B3048304AC01A1024C00876
:101A60002F4BA0402F49009440F00100FDF7E8FF04
:101A7000204602B0BDE8F087056901F1FF3E7444DD
:101A8000AC42E7D8CDF828A0F468A44602B0BDE87F
:101A9000F04760471F4B2048234AC01AC008204B1C
:101AA00009240004DEE71B4B1B48204AC01AC0086B
:101AB0001B4B09240004D5E7164B17481C4AC01AD3
:101AC0001024C008164BA040CCE7124B1248194A0C
:101AD000C01A1024C008124BA040C3E70D4B0E489B
:101AE000154AC01AC0080E4B0E240004BAE7094B71
:101AF0000948124AC01AC008094B0E240004B1E775
:101B0000044B05480E4AC01AC008054B08240004BF
:101B1000A8E700BF7CB304000CB4040010C10400AB
:101B2000D4C1040014C004005CC00400A8C00400B8
:101B3000D4C00400ECC004000CC00400A0C0040029
:101B400048C00400F0B583B000283AD00668002EE3
:101B500040D022B3446827687C1E0C4228D1C46858
:101B6000A14210D2204B2148214AC01A1024C0089B
:101B7000204BA0402049009440F00100FDF760FF99
:101B8000204603B0F0BD4C1E07FB024E0469A6457B
:101B9000E8D83469A44603B0BDE8F0406047124B72
:101BA0001248164AC01AC008124B09240004E1E783
:101BB0000D4B0E48124AC01A1024C0080D4BA0400D
:101BC000D8E7094B09480F4AC01AC008094B0E2430
:101BD0000004CFE7044B05480B4AC01AC008054B68
:101BE00008240004C6E700BF7CB304000CB4040062
:101BF00060C10400C0C1040014C004005CC0040043
:101C000038C104000CC0040048C0040029DF70473C
:101C100028DF704703689A6852B310B586B0002376
:101C2000CDE902330093049303798468059401910C
:101C30008BB1012B03D06846904706B010BDC36836
:101C4000416904911B0302208DF80000029368464D
:101C5000904706B010BDD0E90314436904930120F6
:101C60008DF80000CDE902416846904706B010BDEE
:101C7000704700BF034B187A0122B0FA80F05A7403
:101C8000400970477C2E002038B5254D2B7AFBB1DA
:101C9000244B1C6802232B72237923B3012B0CD015
:101CA00020460321FFF7B6FF00232B726B601E490D
:101CB0001E48BDE83840FFF743BAD4E9030318448F
:101CC000FFF7A6FF18B31128EAD101232B7238BD04
:101CD00015491648FFF702FA124B0446186000280F
:101CE000D8D1686038BDD4E90523D21AB2F5805F37
:101CF00028BF4FF480529208E1682069012A38BF5A
:101D0000012219441844FFF781FF0028DBD12B7C06
:101D1000002BDCD1BDE83840022000F009B800BF3C
:101D20007C2E0020942E0020902E00206C2E00206F
:101D300010B5254C237A93B1022B06D103280FD17D
:101D4000E3680133082B2AD8E360637C1BB9BDE844
:101D50001040FFF799BFBDE810400AF0A1BE10BDCA
:101D60001A4B00221B68E2601A79FAB1012AECD101
:101D7000D3E9042101328A421A61E6D10022022805
:101D800022720CBF11460D211846FFF743FF104980
:101D90001048FFF7D5F9637C002BDCD1D7E70B4B5C
:101DA00000221B68E26022720D21EDE7D3E90512E3
:101DB000A1EB020CBCF5805F94BF624402F5805237
:101DC00091429A61C1D1D9E77C2E0020942E002047
:101DD000902E00206C2E0020831E012B01D8FFF7CF
:101DE000A7BF704700F0FD03012B00D07047A0F1A2
:101DF0000100044BB0FA80F0002240095A741874B4
:101E0000FFF742BF7C2E00202DE9F84F88469DF851
:101E1000289093469A460446002847D0E78865797B
:101E200007FB05F5043D55453AD9DBF8006006EBA4
:101E30000A020AF10403AA4288BFA5EB0A06BB42C4
:101E4000B3FBF7F1CBF8006007FB113C02D301397B
:101E50002468FCD1A7EB0C05B54228BF3546EEB18E
:101E60004FF0000A0CE018460DF0C0FE761BB7429A
:101E7000AA4424683D464FF0000C28BF35466EB199
:101E80000CF1040020442A46014608EB0A03B9F18C
:101E9000000FE8D119460DF0A9FEE7E7BDE8F88F7D
:101EA0000549C4200DF018FBE788BEE70249B620BB
:101EB0000DF012FBB2E700BFE8C10400FFF7C4B9A0
:101EC0002DE9F041058A0331043D4E198046B6FBE9
:101ED000F5F6FFF705FAA0B3F6B24FF48073013EB2
:101EE00004468380C580C0F800802BD003460025BF
:101EF00008E06279AE4202F1010262713860C0F816
:101F000000801FD040461F46FFF7EAF9013503461F
:101F10000028EED16779791E17D022460133994205
:101F20001268FBD1D2F800805FB12668002501E07D
:101F300034463668214640460135FFF707FAAF427E
:101F4000F6D800242046BDE8F08120682146FFF73E
:101F5000FDF9F6E701210430FFF746B92DE9F0411C
:101F6000012104460430FFF74BF910F0FF0301D0C4
:101F7000BDE8F0816779791E16D022460133994277
:101F80001268FBD1D2F80080002FF1D0266800251E
:101F900001E034463668214640460135FFF7D6F960
:101FA000AF42F6D8BDE8F08120682146BDE8F04197
:101FB000FFF7CCB930B585B000251446009503AACB
:101FC0000394FFF721FF039BA34203D00249F620AD
:101FD0000DF082FA05B030BDE8C1040030B585B01F
:101FE00001251446009503AA0394FFF70DFF039BF8
:101FF000A34204D003494FF480700DF06DFA05B090
:1020000030BD00BFE8C10400836800225A60C3E904
:1020100004229A60DA601A60704700BF38B50C4637
:10202000054648B174B1D4E900329342C5E9004392
:1020300004BF00236B6038BD054950200DF04CFAF9
:10204000002CF0D1024951200DF046FAEBE700BF19
:1020500040C2040010B5044668B1236893B16368B8
:1020600043B12268D2E901210B449342636004BF6B
:102070000023636010BD064963200DF02DFA23682C
:10208000002BECD1024964200DF026FAE7E700BFEF
:1020900040C204001049A1F5947205E052F83330B3
:1020A000984238BF61460CD2A1EB020C4FEADC73B8
:1020B00003EBEC035B10914202EBC30CEED8074834
:1020C000704702D90CF10802EEE7DCF80400034B7C
:1020D000002808BF18467047D8C704009CC60400F3
:1020E0002DE9F04FADF62C0D002002220121134600
:1020F0000A91CDF82C040AAC02460AE013F08002E3
:102100000DF5856344F8041F43F8210018BF1B2216
:102110004B00534001304B40B0F5807FD9B2EDD138
:102120007D4A012302F1280042F8043B59001B06B6
:1021300048BF81F01B019042CBB2F5D1774B784D6F
:10214000059363221A70002285F863200DF58564DB
:102150001846012154F8043F0AAAC3F1FF0352F8BC
:1021600023E04FEAEE1242EA4E025FFA82FCC2F32B
:10217000C01242EA4C02D7B2C2F3C01242EA47028E
:10218000D6B2C2F3C01242EA4602D3B283EA0E03C9
:1021900083EA0C037B40734083F0630300F8013F44
:1021A000E9540131B1F5807FD4D1DDF86034069374
:1021B000DDF84C340793DDF85C340893DDF85434D3
:1021C0000993584B03930022574B584E02936321B7
:1021D000574B0193C6209246564CDFF86891DFF8C2
:1021E0006881DFF868E1544F544D049602468C46EE
:1021F0000846534666E00DF58563089A53F821308A
:10220000099E9818079A991885FB002B83444FEA7A
:10221000E07CCCEBEB1CCCEB0C2CA0EB0C0C0AA860
:10222000069A50F82C001A44334485FB016A8A440C
:102230004FEA004CC817C0EBEA10C0EB0020081AA8
:102240000AA951F820108CEA012C85FB02101044D9
:10225000D117C1EBE011C1EB0121511A0AAA52F8C2
:1022600021208CEA020C85FB03211944DA17C2EB0A
:10227000E112C2EB02229A1A0AAB53F822308CEA1E
:1022800003634FEA33604FEA33414FEA3322019E42
:102290004EF8040F46F8043F049B47F8041F43F828
:1022A000042F0493264B0196A34230D0059B13F8CC
:1022B000010F059310F0800F84464FEA400214BFCF
:1022C0001B2300235A400104D2B241EA00215140AD
:1022D00082EA0C0C41EA0C63029A039E12F8011F79
:1022E00044F8043F4FEA336046F8040F4FEA3340A6
:1022F0004FEA3323029249F8040F48F8043F0A4694
:10230000039600297FF477AF08460B46BFE70DF62A
:102310002C0DBDE8F08F00BF983F0020982E0020C4
:10232000C03F002094330020BF3F0020BC4C002061
:10233000BC400020942F0020BC4800208180808079
:102340009433002094370020943B0020BC440020AC
:102350004FF48C7200210DF072BC00BF38B100F553
:102360008C7100220346013081421A70FAD1704705
:102370002DE9F041784D2B6880460F46144653B145
:10238000C02C0ED0B4F5807F3AD0802C0DD06FF0E9
:102390001F00BDE8F081FFF7A3FE0123C02C2B60D6
:1023A000F0D10C23C8F8003002E00A23C8F800304E
:1023B000464608F1080346F8043F640939460022FE
:1023C0008B784D7891F800E091F803C01B0443EA44
:1023D000052343EA0E03013243EA0C63A24246F8A6
:1023E000043F01F10401EBD3D8F800300C2B0BD0E3
:1023F0000E2B38D00A2B00F084800020BDE8F0813D
:102400000E23C8F80030D3E7544D554A404605F135
:102410002006C16955F8047F8468C1F307237C4016
:10242000D35C0F0E6340D45DCFB283EA0443C1F3A3
:102430000744D75D145D83EA076383EA0423D0E988
:1024400003475C406740C0E90834D0E905437C405D
:1024500063405940AE42C0E90A74C0E90C3100F152
:102460001800D6D1C9E73D4C3D4A404604F11C0C4A
:10247000416A54F8046F8568C1F307237540D35C43
:102480006B400D0EA445555D83EA0543CDB2555D05
:1024900083EA0563C1F30745555D83EA0523C568F3
:1024A000836283EA05030569C36283EA050345691C
:1024B000036383EA0503DDB2436312F805E04FEAE4
:1024C0001365565D85698EEA050EC3F30725C3F3D0
:1024D0000743555DD35C8EEA066E8EEA052EC5690C
:1024E0008EEA0343836383EA0503056AC36383EAD1
:1024F000050381EA0301C0E9103100F12000B7D1E2
:102500007BE7184E164A404606F1280C416956F8FA
:10251000044B8568C1F307230F0ED35C12F807E064
:102520006C406340CCB2C1F30745145D575D83EA4C
:102530000E4383EA0463D0E9035483EA07235D4032
:102540006C406140B445C0E90635C0E9084100F17E
:102550001000DBD151E700BFC0500020943F0020A5
:10256000982E0020983F00202DE9F04FCBB0044674
:1025700016460D464FF48C72002104A80DF05FFB47
:1025800004F1080363603246294604A8FFF7F0FE11
:102590000190002865D10499059B21600A0103EB95
:1025A000011B9A58A260DBF80430E360DBF80830C6
:1025B0002361DBF80C3063614A1E04F11803002A22
:1025C00002910392ABF1100B009391463CDDDFF8D2
:1025D000BC802A4A2A4F2B4E2B4D2834DA46A4F1D0
:1025E0001000AAF1040C5CF8043FD9B2515C58F811
:1025F00021E0190E515C57F821108EEA0101C3F356
:10260000072EC3F3074312F80EE0D35C56F82EE012
:1026100055F8233081EA0E014B4040F8043BA042BC
:10262000E1D1B9F10109AAF1100A00F11004D6D1E3
:10263000009B039A03EB02130093029BC3EB03730B
:102640000BEB031B0BF1100B009ADBF8003013604F
:10265000DBF804305360DBF808309360DBF80C30B3
:10266000D36004AB00211A46013311704AAA934289
:10267000F9D101984BB0BDE8F08F00BF982E002033
:10268000C04C0020C0440020C0480020C0400020B2
:102690002DE9F04FD0E90003D1F800A01C684F6885
:1026A0008D68CE68401089B00138CDE906208AEAED
:1026B000040201925A68039057409A685540DA68BC
:1026C000002886EA020603F11002059240F3BF815A
:1026D000DFF89083DFF89093DFF890B3DFF890A3F2
:1026E000CDF8088003F1300ECDF80090019AD3B2F6
:1026F000310E5BF823C05AF82180FBB2110E5EF850
:10270000202C5BF823005AF82140EBB28CEA020C33
:102710005EF81C2C5BF823300493390E5040604067
:10272000049A5EF8184C5AF82190F3B26240290ED0
:102730005BF823305AF8211082EA09095EF8142C5C
:1027400053408CEA080C029A83EA0108C7F3072376
:10275000C7F3074752F82310009B53F82770C5F3BF
:102760000723C5F3074552F8234044400098C6F3B9
:1027700007238CEA010C50F825108CEA010C114655
:1027800052F82320019B89EA0209C3F30722054678
:1027900051F82220C3F3074388EA020855F82320A2
:1027A0005FFA8CF388EA0708C6F3074689EA02094C
:1027B0005BF8232050F826004FEA186344405AF88B
:1027C00023305A40C4F307230EF1200E51F8233072
:1027D0000193C9F3074355F82300E3B25BF8236084
:1027E000009D4FEA1C635AF823305E40C9F307236B
:1027F00051F82370C8F3074355F823105FFA89F3A3
:102800004FEA19695BF82350230EC4F307445AF8C2
:1028100023305D405FFA88F304935EF8303C534008
:10282000019A534083EA00025EF82C3C0192734007
:102830005F405EF8283C5AF829605D40C8F30728DD
:10284000049B4F4002995BF8232051F828307240D6
:102850005D40009ECCF30723CCF3074C56F82400D0
:1028600051F8234056F82C305D405EF8243C82EA53
:102870000306039B6640013B86EA000603937FF450
:1028800035AF059B079ADDF8009003EB42138846AD
:102890000593019CE3B25BF82320330E5AF82330F2
:1028A0005A40FBB25BF82310230E5AF823305940EC
:1028B000EBB25BF823003B0E5AF8233080EA030C9E
:1028C000F3B25BF823002B0E5AF823305840C7F3BD
:1028D0000723C7F3074758F823E059F827B0C5F393
:1028E0000723C5F3074558F8237059F825A0C6F308
:1028F0000723C6F3074658F8235059F82660C4F357
:102900000723C4F3074458F823300093059B59F874
:1029100024401B685A4082EA0E0E059A53685940BB
:1029200093688CEA030C8CEA050585EA04091446D1
:10293000D268009B42408EEA0A08534083EA0B0BA0
:10294000474A5FFA88F34F4012F803E04FEA1B63EF
:102950007E40D05CC6F3072312F803A0C9F30743F7
:10296000D75CF3B2D15C00914FEA186312F803C050
:10297000C9F30723D55C0195CBF30743350ED15C32
:1029800002915FFA89F35FFA8BF1D35C03932369B9
:102990008EEA030383EA006383EA0A2383EA074794
:1029A00020466369009C634083EA0C6C019B545D84
:1029B0008CEA032C029B8CEA034C83690398434006
:1029C000505C05994FEA1969C969CBF3072B484058
:1029D00012F8091083EA0463C8F30724C8F3074810
:1029E00080EA0160C6F3074612F80B10155D12F875
:1029F000084083EA0121935D81EA044180EA0522CF
:102A0000069C82EA03423B0A63703B0CA3704FEAC8
:102A10001C2363714FEA1C43277084F804C0A37120
:102A20003F0E0B0A4FEA1C6C21722273E77084F888
:102A300007C063720B0C100A090EA372130C120E5E
:102A4000E1726073A373E27309B0BDE8F08FDFF841
:102A50001CB0DFF81CA0DFF80C80DFF80C9018E742
:102A6000982E00209833002098370020982F0020BF
:102A7000983B00202DE9F04FD0E900345B105F1E39
:102A800008682368CD688E688BB0CDE90827584068
:102A90004A686368E16805975A40A3686940002F57
:102AA00004F1100583EA0603079540F3D481DFF8AB
:102AB00094A3DFF89483DFF894B3CDF810B0CDE998
:102AC000022A04F1300EDD4C0194C346019FC4B2CA
:102AD000DDB257F824C09DF8084057F8255057F844
:102AE0002420029CCEB20EF1200E57F82660270E4D
:102AF0005EF8404C5BF827808CEA040C1F0E5EF8F1
:102B00003C4C5BF827A062400F0E5EF8384C5BF837
:102B100027906540070E5EF8344C5BF827706640DE
:102B200085EA0909C1F30724039D8CEA080C86EAAB
:102B3000070855F82470C0F307248CEA070CC1F38A
:102B40000741049F55F8244057F8211082EA0A0AE9
:102B5000C0F30740029A8AEA040A8AEA010A57F88F
:102B60002010C2F307202C462E4655F8205089EA43
:102B7000050989EA0109C2F30742C3F30721C3F338
:102B8000074357F8222056F821603D4657F8237036
:102B900088EA06088CEA070C88EA02085FFA8CF3D8
:102BA000019A52F823704FEA1A635BF82300C8F3C6
:102BB0000723474054F823300293C9F307431046D4
:102BC00055F823105FFA8AF352F823204FEA19636D
:102BD0005BF823305A40CCF30723069254F82320A5
:102BE000C8F3074355F823605FFA89F34FEA1C6581
:102BF00050F823405EF8300C5BF825504FEA18631C
:102C000078405BF82330039F5C40029B584048406B
:102C1000069B5EF82C1C59404A4082EA0603029348
:102C20005EF8283C049A63405FFA88F8019C54F8E7
:102C30002810CAF30724CCF3074C57F824404D4022
:102C4000634052F82C105EF8244CC9F30729CAF3EC
:102C5000074A57F8296052F82A704B4085EA040168
:102C6000059C7140013C81EA070105947FF42EAF79
:102C7000079C099D029AD846DDE903AB04EB451495
:102C80000794019FC4B257F82450140E58F82440FA
:102C90006540D4B257F824601C0E58F824407440A4
:102CA000DEB201943C4657F826700E0E58F82660A6
:102CB0007E40CFB254F82790079C070E58F8277033
:102CC00089EA0709C1F30727C1F307415AF827C06A
:102CD0005BF82170C0F30721C0F307405AF821E0E8
:102CE0005BF82010C3F30728C2F30720C3F30743A0
:102CF0005AF820005AF828805BF823A023686B401C
:102D000083EA0C0C019D2346646865409C68DB687F
:102D100066408CEA0A0C704089EA0303C2F307425A
:102D2000414085EA0E0E83EA08085FFA8CF0444BB6
:102D30005BF8222013F800A08EEA0707380E88EA15
:102D400002021E5CC2F30720C1F307291C5C019438
:102D5000C1F3074013F800E0F8B213F800B0080E12
:102D600013F80080CCF307201D5C0295C2F30740E6
:102D7000150E1C5C0394C8B2D2B2195C07980069A6
:102D80008AEA000080EA0660019E80EA0620079E2B
:102D900080EA0E4E70698BEA000080EA08680298AB
:102DA00088EA0028039888EA0048B0694FEA1C6462
:102DB0004140585D9D5CF26955401A5D089C81EA6E
:102DC0000061C7F30720CCF3074C85EA026513F8CE
:102DD0000920185C85EA022513F80C2081EA0021FD
:102DE000C7F3074781EA02424FEA1E21DB5D6170AB
:102DF0004FEA1E41A1704FEA182161714FEA184154
:102E000085EA034384F800E084F804802272A1710B
:102E1000100C110A4FEA1E6E4FEA1868120E237347
:102E2000617284F803E0190A84F80780A072E272E4
:102E30001A0C1B0E6173A273E37309E0C0400020FB
:102E4000C03F0020C0440020C04C0020C0480020EB
:102E50000BB0BDE8F08F044CDFF81080DFF810A055
:102E6000DFF810B001940CE7C0400020C04C0020F7
:102E7000C0440020C04800208C46BCF1010F114620
:102E800008B51A4603D0FFF7F5FD002008BDFFF78F
:102E9000FFFB002008BD00BF2DE9F04784B01407F8
:102EA000DDF834A05DD1054688461C4661BB3AB3C7
:102EB000DDF830800AF10F0A08EB02075E1E1022CF
:102EC000414668460CF092FEAAF10F0241462846A0
:102ED000FFF7D0FDAAF11002334612F8011F13F8D4
:102EE000010F924581EA00011170F6D11022904441
:102EF000694620460CF07AFEB8450AF1100ADED188
:102F0000002004B0BDE8F087002AF9D00C9B03F143
:102F10000F0902EB0907661EA9F1100330460AF1FA
:102F2000FF3113F8012F10F801CF4B4582EA0C0254
:102F300001F8012FF5D1B8F1010F5246514628464C
:102F40000CD0FFF797FD10225146914420460CF01B
:102F50004DFE4F450AF1100ADED1D1E7FFF798FB8D
:102F6000F1E76FF02100CCE72DE9F047089E1C68DF
:102F7000DDE9095798468146D1B105EB020A62B1F5
:102F800084B1325D15F8011B631C4A40554507F8B2
:102F9000012B325503F00F04F2D1C8F80040002095
:102FA000BDE8F087324631464846FFF771FBE8E757
:102FB000002AF2D005EB020A6CB1325D15F8013B34
:102FC000611C5A40554507F8012B335501F00F0499
:102FD000E3D0002CF1D1324631464846FFF758FB8A
:102FE000EBE700BF2DE9F04F83B0DDE90CB60E9F93
:102FF0001568924679B1984606EB01098DB11BF828
:10300000053016F8012B013553404E4507F8013BBA
:1030100005F00F05F2D10020CAF8005003B0BDE85A
:10302000F08F5A4641460190FFF732FB019808F1B4
:10303000100313F8014D0134E4B21C70002CDED1F2
:103040009845F6D1DBE700BF4FF4847200210CF005
:10305000F6BD00BF38B100F584710022034601308F
:1030600081421A70FAD17047002370B5C0E900336D
:1030700000F1070C00F10804E6460EF8013F0133A9
:10308000B3F5807FF9D100F2071600200346824293
:103090008CBF0D180D461CF801EF2D7873442B449E
:1030A000DBB288BF0130E55C8CF8005098BF01208E
:1030B000664504F803E0EAD170BD00BF70B5D0E901
:1030C0000054F1B1561800F1080C511E03F1FF3EF7
:1030D000013E0135EDB21CF805201444E4B21CF8A1
:1030E00004300CF8053013440CF80420DBB211F85E
:1030F000012F1CF803308E4283EA02030EF8013FD1
:10310000E7D1C0E90054002070BD00BF2DE9F047B1
:103110000B6814688A469146A0F1040E00F13C0643
:103120005EF8047F254683EA0704C4F307434FEAA9
:10313000146803F5897308F11208C4F3072707F22E
:1031400012275FFA84FC50F8233050F8281050F80A
:1031500027200CF2123C0B4450F82C7053403B4497
:10316000764583EA0503DBD1056C406C6B40444037
:10317000CAF80040C9F80030BDE8F08741F24802C3
:1031800000210CF05CBD00BF40B100F58252083256
:1031900000210346013082421970FAD1704700BF06
:1031A000A2F12003B3F5D07F67D8530765D12DE98D
:1031B000F0410546D60805F5A25C314F314A82B090
:1031C00000F244400CF1040CA0F580633C4601E0A1
:1031D00054F8042F43F8042F8342F9D103F580609B
:1031E000604504D0D7F8002407F58067ECE7DFF8E6
:1031F0009CC0254FA5F1040E0CF1440800230022C9
:103200000424C85C01339E4298BF0023013C40EA7D
:103210000222F6D17A40C4454EF8042F02D05CF861
:10322000047FECE7CDE900442E1D01AA694628463B
:10323000FFF76CFFDDE9002345F8242046F8243031
:103240000234122CF1D105F5806605F5A057A6F5DC
:10325000806401AA69462846FFF758FFDDE900238C
:10326000C4E912230834A642F3D106F58066B742BA
:10327000EDD1002002B0BDE8F0816FF0150070477D
:1032800020C80400A60B31D1886A3F24D8C70400A7
:10329000F0B55468D2F800C083B09CFA8CF224BA1E
:1032A000CDE900241D46C9BB86460EF1080648300C
:1032B00050F8043DA44682EA0304C4F30742270EF3
:1032C00002F589721237C4F3072101F21221E3B229
:1032D0005EF822205EF827705EF8211003F21233A8
:1032E0003A445EF823304A401A44B04282EA0C0263
:1032F000DED1DEE900314A405C40230C210E100E85
:103300006B70230A2970AB70110C130A287100200E
:10331000EC706971AB71EA7103B0F0BD01AA694646
:10332000FFF7F4FEDDE90042E7E700BF2DE9F047D3
:1033300082B05407DDF82CA058D1064689461D46B8
:1033400069BB42B3DDF828900AF1070A09EB0208CD
:103350005F1E0822494668460CF048FCAAF10703A4
:103360004A4600213046FFF793FFAAF108023B4688
:1033700012F8011F13F8010F924581EA0001117044
:10338000F6D108229144694628460CF02FFCC1452D
:103390000AF1080ADDD1002002B0BDE8F087002A5A
:1033A000F9D00A9BDC1D02EB04086F1EA4F1080390
:1033B00038460AF1FF3113F8012F10F801CFA3426C
:1033C00082EA0C0201F8012FF5D1534652464946D4
:1033D0003046FFF75DFF08345146082228460CF0BE
:1033E00005FCA0450AF1080AE0D1D4E76FF0170008
:1033F000D2E700BF2DE9F047089E1C68DDE90957B8
:103400009A468146D9B105EB020862B184B1325DBA
:1034100015F8011B631C4A40454507F8012B32553E
:1034200003F00704F2D1CAF800400020BDE8F0879D
:103430003346324601214846FFF72AFFE7E7002AD4
:10344000F1D005EB02086CB1335D15F8012B611C5E
:103450005340454507F8013B325501F00704E2D0DF
:10346000002CF1D13346324601214846FFF710FFC8
:10347000EAE700BF2DE9F84F0C9E1468DDE90AB5B4
:10348000914679B1824698466F1884B11BF8043092
:1034900015F8012B01345340BD4206F8013B04F0FE
:1034A0000704F2D1C9F800400020BDE8F88F5B4660
:1034B000424601215046FFF7EBFE08F1080313F8DE
:1034C000011D0131C9B219700029DFD19845F6D12B
:1034D000DCE700BF70B50B680468496840681D4DA3
:1034E0001D4E84EA030C48401C4C4FEA1C635FFAF3
:1034F0008CF1EB5C615C41EA0361030E16F803E0BA
:10350000C3B2EB5C164D43EA0E63CCF3074ECCF32B
:10351000072C16F80E6041EA064115F80C6041EAE6
:103520000621C0F30746C0F30720AD5D205C43EAE7
:10353000054343EA0023D2E9004081EA336183EA8C
:10354000314381EA3321634083EA31234140C2E9B8
:10355000003170BD20D8040020D9040020DB040015
:1035600020DA04004FF48A7200210CF068BB00BF1F
:1035700038B100F58A7100220346013081421A7089
:10358000FAD170472DE9F04FC7B01346039040229F
:10359000041D05460F4612A800211E4600930CF09C
:1035A0004EFB4FF48872002120460CF048FBC02EE1
:1035B00000F03682B6F5807F00F03282802E04D093
:1035C0006FF0230047B0BDE8F08F03232B6020236A
:1035D0000593002304261525102001937A1E12A9B5
:1035E00013460233DB1B12F801CF01F801CB9842DE
:1035F000F6D8009BC02B00F020827A4906A801F182
:10360000280B4FF08B0A4FF090094FF0CC083B226B
:103610004FF07F0E4FF0660C9E23A0270DE00F7A2F
:103620004B7A91F80AC091F80BE00A7B91F80D8073
:1036300091F80E9091F80FA008311B044FEA08484A
:1036400043EA076348EA026243EA0E0342EA0A02D7
:1036500043EA0C2342EA09225945C0E9003200F14D
:103660000800DCD14022002122A80CF0E8FA12AABE
:1036700021A91AA8537817781B0443EA0763D7785F
:103680003B439778043243EA0723824241F8043FE0
:10369000F0D1269A229B53402A93239A279B53408A
:1036A0002B93249A289B53402C93299A259B06A957
:1036B00053402AA82CAA2D93FFF70CFF2AAA08A989
:1036C0002CA8FFF707FF17462EA957F8042B57F829
:1036D000243C8F4283EA020347F8043CF5D10AA94F
:1036E0002AA82CAAFFF7F6FE2AAA2CA80CA9FFF7F5
:1036F000F1FE009B802B19D92A9A269B53402E93CA
:103700002B9A279B53402F932C9A289B53403093FE
:103710002D9A299B0EA95340384630AA3193FFF7C2
:10372000D9FE3A4630A810A9FFF7D4FE019BDFF876
:10373000BCB04FEA031A229B3293239B3393249B02
:103740003493259B35930F2303F01F010AF10107E2
:103750000DF1C80E0120A046B4465F4472462E46C5
:10376000C1F120040F33C8B1DDE93205E5408840DE
:1037700068401061DDE93305E540884068405061EC
:10378000DDE93405E5408840684090613598329D18
:1037900000FA01F125FA04F46140D1614B2B02F1EA
:1037A00010020CD017F8010B03F01F01C1F1200427
:1037B0000F330028D8D14B2B02F11002F2D1019B1C
:1037C00003EB83009B00049303010293064B3546F1
:1037D00003EB0010444666460EF15003724600218A
:1037E00008E000BF20DC040050DC0400F0DC040032
:1037F00010F9011F4F1C1CBF176844F821700432D8
:103800009A42F5D1009A802A4BD9269A3292279A69
:103810003392289A34920AF10409299A3592D944AC
:10382000F0464FF00F0C274619F8010B0CF01F0261
:10383000C2F120010CF10F0CE8B13298339C90409A
:10384000CC406040C8F810003398349C9040CC4085
:103850006040C8F814003498359C9040CC406040DB
:10386000C8F818003598329C00FA02F224FA01F1E7
:103870004A40C8F81C20BCF14B0F08F11008D3D106
:10388000029A02F11300714A3C461044724610F944
:10389000011F4F1C1CBF176844F8217004329A4264
:1038A000F5D12A9A32922B9A33922C9A34922D9AED
:1038B00035924FF001080F220AF109074046B14640
:1038C0001E4602F01F03A0465F447146AC46C3F19A
:1038D00020040F32C8B1DDE93205E5409840684068
:1038E0000861DDE93305E540984068404861DDE95D
:1038F0003405E5409840684088613598329D00FA6B
:1039000003F325FA04F46340CB614B2A01F1100163
:103910000CD017F8010B02F01F03C3F120040F3283
:103920000028D8D14B2A01F11001F2D1029A02F1FC
:103930002801464A33461144444665464E4672467F
:1039400001E011F9016F701C1CBF106844F82600DB
:1039500004329A42F5D1009A802A44D92E9A3292A2
:103960002F9A3392309A34920AF10C0C319A359294
:10397000DC4471460F22A0461CF8016B02F01F00C8
:10398000C0F120040F32CEB1329E339F8640E74013
:103990007E400E61339E349F8640E7407E404E61FC
:1039A000349E359F8640E7407E408E61359E329F33
:1039B00006FA00F027FA04F46040C8614B2A01F1CE
:1039C0001001D9D10298214A3B304446104410F9E5
:1039D000012F571C1CBFDEF8001044F822100EF116
:1039E000040E9E45F3D10199049B05980B441A4699
:1039F000174B03EB8203039A013002EB8001084668
:103A0000503101E013F9015F6E1C1CBF54F82520F2
:103A1000026004308142F5D1002047B0BDE8F08F4C
:103A2000039A04231360009BD8082C2305930123D9
:103A30004FF0FF3619250193D0E516AB18A913F8FE
:103A4000012BD2438B42DA71F9D1D6E550DC040068
:103A500010DD040070B5C6B00D46164600214FF4C7
:103A60008A72044601A80CF0EAF83246294601A8F9
:103A7000FFF788FD002841D1019B2360A3F1040CCE
:103A8000BCFA8CFC4FEA5C1C4FEACC0C0CF1180120
:103A900002AB03EBC10253F8313063605368A3609B
:103AA0009368E360D3682361A2F1080E04F1140562
:103AB00004F11C030CF11601103AD2E90264013939
:103AC00043E90264A2F1080203F10803F5D1CCF145
:103AD00000030EEBC3030CF1150C05EBCC0C53F8F3
:103AE000B82CCCF8082053F8B42CCCF80C20A83B08
:103AF00053F8082C53F8043CCCE9042301AB002113
:103B00001A460133117046AA9342F9D146B070BDEE
:103B10002DE9F043146845685168D0F8008024BA54
:103B20006C40856809BA1E469368D2686940C568CA
:103B30001BBA6B40056985B012BA6A4000940191C6
:103B4000029300F114070392B8F1000F4BD03C46EA
:103B500045462146684602AAFFF7BCFC6A4604F1C6
:103B6000080102A8FFF7B6FC02AA04F1100168469A
:103B7000FFF7B0FC6A4604F1180102A8FFF7AAFC9F
:103B800002AA04F120016846FFF7A4FC013D6A4641
:103B900004F1280102A8FFF79DFCEDB1DDF800C09B
:103BA000216B019BDDF80C90E26B606B0CEA01016C
:103BB00083EAF171029B42EA09025A40A36B08436F
:103BC00002EA030E80EA0C0089EAFE73CDE90001E7
:103BD000CDE902234034BCE7DDE90232DDE90041F2
:103BE00007EB8817103F3868434078684240B86850
:103BF0004440F868F3704140180E3070180C1B0AEE
:103C0000B370130E3371130CF2717371120A230E19
:103C10007070B271080E220A3372230C7372B27282
:103C20000B0A0A0C30730020F472F1737273B373D1
:103C300005B0BDE8F08300BF2DE9F04784B014075C
:103C4000DDF834A059D1064689461D4669BB42B30A
:103C5000DDF830900AF10F0A09EB02085F1E10220E
:103C6000494668460BF0C2FFAAF10F034A460021FD
:103C70003046FFF74DFFAAF110023B4612F8011F34
:103C800013F8010F924581EA00011170F6D110225C
:103C90009144694628460BF0A9FFC1450AF1100A74
:103CA000DDD1002004B0BDE8F087002AF9D00C9BDC
:103CB00003F10F0402EB04086F1EA4F11003384651
:103CC0000AF1FF3113F8012F10F801CFA34282EA65
:103CD0000C0201F8012FF5D15346524649463046B1
:103CE000FFF716FF10345146102228460BF07EFFD6
:103CF000A0450AF1100AE0D1D3E76FF02500D1E723
:103D00002DE9F047089E1C68DDE909579A4681466F
:103D1000D9B105EB020862B184B1325D15F8011B1F
:103D2000631C4A40454507F8012B325503F00F0448
:103D3000F2D1CAF800400020BDE8F0873346324691
:103D400001214846FFF7E4FEE7E7002AF1D005EB42
:103D500002086CB1335D15F8012B611C53404545D9
:103D600007F8013B325501F00F04E2D0002CF1D1ED
:103D70003346324601214846FFF7CAFEEAE700BF54
:103D80002DE9F84F0C9E1468DDE90AB5914681B122
:103D900082461F4605EB010884B11BF8043015F874
:103DA000012B01345340454506F8013B04F00F0454
:103DB000F2D1C9F800400020BDE8F88F5B463A46D2
:103DC00001215046FFF7A4FE07F1100313F8011D6F
:103DD0000131C9B219700029DFD19F42F6D1DCE769
:103DE0002DE9F04F2DED028B97B008EE103A289B8D
:103DF000DDF890A0043B0C2BDDE9255600F28F8105
:103E0000289BDB0700F18B81229B073B062B00F2EE
:103E10008681BAF57F4F00F28281229B1746DAB283
:103E2000289BBAF1000FA3F102038B464FEA53011E
:103E300014BF4023002343EAC103C2F10E01C9B2FB
:103E4000C2F10F020B43D4B20491229A8DF82830AC
:103E500018EE101A81460DF1290002940BF0C6FEEF
:103E60000DF137031A1B394603F8011993424FEA43
:103E70001121F9D1002940F0528110220EA80BF037
:103E8000DEFE0DF127010DF13703039105930DF1CE
:103E9000470413F8012F11F8010FA34282EA000230
:103EA0001A70F6D109AB00930EAB194610224846A2
:103EB00000F0A0FA0346002877D1BAF1000F7AD1BA
:103EC0000DF12808049B229A8DF8483018EE101A3C
:103ED0000DF149000BF08AFE229B029A581C12AB8E
:103EE000184400210BF0ABFE01238DF857300DF183
:103EF0005700002F36D0102FBA4628BF4FF0100AB7
:103F0000BBF1000F00F0C08009AB009310224346C4
:103F100012A9484600F06EFA0346002845D116AAB9
:103F20001A44013312F8301C2A5CDBB24A40534574
:103F300032541846F3D3BBF1010F00F0CD80029B41
:103F40000DF1570056445544A7EB0A070246C11A23
:103F500013780133DBB202F801390BB99142F7D182
:103F6000002FC8D1029BC21A002300F801398242F7
:103F7000FBD109AB009312A943464846102200F03A
:103F800039FA034688B90398059A12F8011F10F808
:103F9000015FA24281EA05011170F6D1289A2798A3
:103FA00002930EA90BF022FE029B184617B0BDEC3F
:103FB000028BBDE8F08F0DF1280801461022404623
:103FC0000BF03DFE53460E2B28BF0E23239906937C
:103FD0001A460DF12A004FEA1A238DF828308DF881
:103FE00029A00BF003FE03990DF1370313F8012FFD
:103FF00011F8010FA34282EA00021A70F6D109AB50
:1040000000930EAB19461022484600F0F3F9034620
:104010000028CAD1069BBAEB03023FF453AF2399A1
:10402000CDF818B00B44DDF80CB007979A46174648
:104030002595102F3D464FF0100228BF1025002176
:1040400040460BF0FCFD51462A4640460BF0CEFDA3
:1040500059460DF1370313F8012F11F8010FA34250
:1040600082EA00021A70F6D109AB00930EAB10225F
:104070001946484600F0BEF938BB7F1BAA44D8D188
:10408000DDE906B7259D1DE71022594640460BF095
:10409000D6FD2946524640460BF0A8FD03990DF186
:1040A000370313F8012F11F8010FA34282EA00022F
:1040B0001A70F6D109AB00930EAB10221946484690
:1040C00000F098F900283FF41FAF0346184617B0D8
:1040D000BDEC028BBDE8F08F1022002140460BF0B2
:1040E000AEFD3146524640460BF080FD03990DF17E
:1040F000370313F8012F11F8010FA34282EA0002DF
:104100001A70F6D109AB00930EAB1022194648463F
:1041100000F070F900283FF412AF0346D6E76FF0C5
:104120000C0342E7442200210BF089BD2DE9F04148
:10413000054617460846012219461E4600F0CAF8F1
:10414000A8B14369102B044611D1284600F0E2F8CB
:104150002146284600F0FEF808B1BDE8F08132465D
:10416000394628460123BDE8F04100F01BB96FF045
:104170000C00F2E710B5044600F0CCF804F144015D
:10418000002223460134A1421A70FAD110BD00BFAB
:1041900010B588B000930A9B01930B9B02930C9B74
:1041A00003930D9B0493DDE90E34CDE905341346EA
:1041B0000A460021FFF714FE08B010BDF0B58DB01F
:1041C00008AE129C0194139C0294149C179D0394B6
:1041D000159C00930F46134605960A460494012148
:1041E0000695169EFFF7FCFD90B98DB10346024679
:1041F0000CA9194416F802C011F8102C0133DBB2D7
:104200008CEA020CAB4240EA0C001A46F0D308B923
:104210000DB0F0BD37B12744002223460134BC4223
:104220001A70FAD16FF00E00F2E700BF891A0ED0B3
:10423000002300B59C465FFA81FE01338444DBB263
:104240008B420CF802E09C46F7D35DF804FB704704
:1042500040B33AB330B5451815F801ECBEFA8EF309
:104260005B09A1EB0E048E4594BF9C4643F0010C04
:10427000146089B1C14310F8012B0B189C428CBF0C
:104280000023012382EA0E0213FB02F343EA0C032C
:1042900085425FFA83FCEED1BCF1000F024808BFF3
:1042A000002030BD01487047009EFFFF009FFFFFC8
:1042B000074B5A6852B1083302E053F8042C2AB174
:1042C00013F8081C814203F10803F6D11046704729
:1042D000F4E6040010B50C4C636893B1A44602E008
:1042E000DCF804306BB19C6994F800E086450CF171
:1042F000080CF5D15C688C42F2D193F801E0964548
:10430000EED1184610BD00BFF4E60400442200219F
:104310000BF095BCE8B1036C10B5044653B103F142
:10432000240000211A46013383421170FAD1206C17
:1043300008F07EFEE06B18B123689B695B6A9847C2
:1043400004F144010022234601348C421A70FAD150
:1043500010BD7047D1B138B50446A8B10D4644220E
:1043600000210BF06CFCAB691B6A9847E06378B1E5
:1043700025606B78022B05D1064A074B0020C4E963
:10438000032338BD002038BD044838BD03487047BA
:10439000034838BD2D42020051420200009FFFFF3A
:1043A000809EFFFF10B330B40468BCB12569AD072F
:1043B00011D5012B4260037213D094F801C0BCF1F7
:1043C000030F0ED0BCF1050F0BD03BB9A369C06B36
:1043D000DB6930BC184765689542EAD0044830BCB8
:1043E0007047A369C06B9B6930BC18470048704791
:1043F000009FFFFF2DE9F04F87B0DDF84080059367
:10440000002857D0154602680446002A52D0B8F159
:10441000000F4FD00E460021C8F800105178D2F896
:10442000149001291ED006297CD0B9F1000F00F0AC
:10443000E780059B9E4235D0022923D003295FD017
:10444000052939D0072940F0D9809369E06B5C6970
:10445000059B32462946A04708B9C8F8005007B066
:10446000BDE8F08F4D4540F0C7809269C8F8005014
:10447000556890F90810C06B3246AC4607B0BDE8ED
:10448000F04F604794F90830D4F824A033BBA9EB6F
:104490000A03AB4228D2BAF1000F7CD1002D4BD1D8
:1044A0000020DCE7436A2BB9B5FBF9F309FB135392
:1044B000002BC1D05348D2E79369059ACDE9016238
:1044C00004F1140200921E69E06B04F1280304F168
:1044D00024022946B0470028C1D1BEE7012BDAD11A
:1044E000A9EB0A03AB42D6D90AF114002A46314699
:1044F00020440BF07BFB636A2B4400206362AEE731
:104500009369059ACDE9016204F128020092DE6800
:1045100094F90810E06B04F124032A46B047002800
:104520009DD19AE7C06BC8F800503246294607B0C3
:10453000BDE8F04F01F096BAB5FBF9FA09FB1A5A3B
:10454000BAF1000F04D194F90830002B4DD1CA46BE
:10455000A5EB0A055246711904F114000BF046FB55
:10456000636A53446362002D9AD02368059A9B695D
:10457000CDE900622A469E6894F90810E06B04F1C8
:104580002803B04700287FF46AAFD8F800302B44E6
:10459000C8F8003063E7A9EB0A0B0AF114005A4689
:1045A000314620440BF022FB234694F9081053F8BF
:1045B000142B92690093059B01939368E06B1F464F
:1045C0004A4604F12803B84700287FF448AF059B0A
:1045D0004B440593D8F80030A5EB09054B44C8F8C7
:1045E00000305E445544606258E75246711904F148
:1045F00014000BF0FBFAB8E7034830E703482EE756
:1046000003482CE7009FFFFF809DFFFF809FFFFF77
:10461000809CFFFF10B5044600F0ECFA2046BDE890
:10462000104008F005BD00BF10B54FF4C071012067
:1046300008F0EAFC044608B100F0D6FA204610BDA6
:1046400000F026BD00F012BD01F066B811461A4612
:1046500000F088BE00F0F6BC00F0E2BC10B50446E5
:1046600000F0B8FA2046BDE8104008F0E1BC00BFF9
:1046700010B58021012008F0C7FC044608B100F005
:10468000A5FA204610BD00BF00F0B0BC00F0A8BCE9
:1046900000F004BE11461A4600F00EBD10B50446E7
:1046A000FFF768FD2046BDE8104008F0C1BC00BF20
:1046B00010B54421012008F0A7FC044608B1FFF71B
:1046C00031FD204610BD00BF13460A460521FFF705
:1046D0002DBD00BF13460A460221FFF727BD00BFCC
:1046E00010B5044601F03CFA2046BDE8104008F041
:1046F0009FBC00BF10B54FF4C871012008F084FCC6
:10470000044608B101F0FAF8204610BD13460A46E7
:10471000052101F0F9B800BF13460A46022101F055
:10472000F3B800BF10B50446FEF722FF2046BDE8EF
:10473000104008F07DBC00BF10B54FF48A71012015
:1047400008F062FC044608B1FEF70CFF204610BDDD
:10475000FFF780B9FEF716BFFFF712BBFFF7D0BA1D
:10476000FFF76ABAFFF7D4B910B50446FEF70CFD9F
:104770002046BDE8104008F05BBC00BF10B541F218
:104780004801012008F040FC044608B1FEF7F6FCA1
:10479000204610BDFEF704BDFEF76CBEFEF72ABE34
:1047A000FEF7C4BDFEF774BD10B50446FEF752FC1B
:1047B0002046BDE8104008F03BBC00BF10B54FF4E8
:1047C0008471012008F020FC044608B1FEF73CFC8F
:1047D000204610BD10B512F0070404D1D208FEF730
:1047E00043FC204610BD014810BD00BF009FFFFFE5
:1047F000FEF764BC10B50446FDF7B0FD2046BDE8E9
:10480000104008F015BC00BF10B54FF48C710120AA
:1048100008F0FAFB044608B1FDF79AFD204610BDEA
:10482000FDF7A2BEFDF7A4BDFEF7DCBBFEF79CBB07
:10483000FEF732BBFEF720BB102A70B521D0082A44
:1048400008BF1B261FD101EB020C84180023E6468B
:104850001CF8015D43EA450304F8013DAEEB010E8F
:104860009CF80030BEF1020F4FEAD313EFD5013AA6
:1048700091F90030815C06EAE3734B4083540020D9
:1048800070BD8726DFE7014870BD00BF009FFFFFB6
:1048900070B588B00C46154604AB4FF0000E9C4630
:1048A00008AA013393428CF800E0F8D103685E69EE
:1048B00003AB009304AB32461946FFF79BFD48B1AA
:1048C00004AB00211A460133117008AA9342F9D1B2
:1048D00008B070BD324604A92046FFF7ADFF00289E
:1048E000EED1324621462846FFF7A6FFE8E700BF93
:1048F00038B528B30568044615B309B30123FFF79B
:1049000051FD0546A0B923681B78042B12D9242B2E
:1049100016D12421012008F077FB98B120640346CA
:1049200000F1100400211A460133A3421170FAD19C
:10493000284638BD012BECD8A0F5C245284638BD25
:10494000014DF5E7014DF3E7009FFFFF809EFFFF5C
:10495000002800F081802DE9F04F9046026887B072
:104960008146002A76D00E46002973D0036C002BB6
:1049700070D0186A556998BB6C1E08EB040ABAFB24
:10498000F5FABAF1010F24D90DF1140B5A4634444B
:10499000AB4601271546BBF1000F0AD0711E5A1E07
:1049A00011F8010F12F801CFA14280EA0C0010703B
:1049B000F6D100955A46194648460393FFF71AFD6B
:1049C00058B90137BA45039BA8EB0B085E445C4419
:1049D000E1D1B8F1000F2CD1404607B0BDE8F08F0F
:1049E0002A1A4245C8D21030184403930BF0FEF83F
:1049F000039B4DB15C19013C5A1E517C12F8010F0A
:104A00004140A2421170F8D10DF1140BCDF800B065
:104A10002A46194648460393FFF7ECFC0028DCD1F0
:104A2000039B196A18628844691A0E44A8EB0508AA
:104A3000A2E7196A039301F1100042463146184477
:104A40000BF0D4F8039B1A6A002042441A6207B0A4
:104A5000BDE8F08F0148C0E700487047009FFFFFA6
:104A60002DE9F04F93B0CDE90201002800F0A980B4
:104A70000368002B00F0A580066C002E00F0A180DA
:104A8000002900F09E80D3F814A0344606AB0AAF8C
:104A900000211A460133BB421170FAD1BB460DF119
:104AA000380800225B460BF1010BC3451A70F9D19F
:104AB00002983A4606A9FFF7EBFE306A06F11009A4
:104AC00050454D464FD3BAF1000F1ED006EB0A0CED
:104AD00006F10F0206A841460CF10F0B12F801EF88
:104AE00010F8013B5A4583EA0E0301F8013BF5D16A
:104AF0000CF1FF3C4146731E13F8010F11F8012B16
:104B0000634582EA00021A70F6D105AB0093029861
:104B1000334652463146FFF76DFC834620B9039871
:104B2000524631460BF062F806AB00211A460133BB
:104B3000BB421170FAD100211A460133434511706E
:104B4000FAD146F8201F00222B460135B5421A70D3
:104B5000FAD10022234601344C451A70FAD1584646
:104B600013B0BDE8F08FBAF1000FCED000235A4643
:104B700059469E4608E019F803C081F800C0013389
:104B80009A4501F101010FD09842F4D808BF6FF0A7
:104B90007F0C03F101030CBF81F800C081F800E035
:104BA0009A4501F10101EFD1D3443946137811F848
:104BB000010B434002F8013B9345F7D106EB0A0C89
:104BC00096E7DFF804B0CAE7009FFFFF80220021CC
:104BD0000BF035B838B100F18001002203460130F6
:104BE00081421A70FAD170474FF4C07200210BF065
:104BF00026B800BF38B100F5C0710022034601306D
:104C000081421A70FAD170472DE9F04F0A684B685B
:104C1000BC4FBD4D12BA1BBA82EA131101F00F311D
:104C20004A4083EA011382EA030101F010314A404D
:104C30004B40C2F343514FEA137C57F8216055F8BB
:104C40002CC002F00F014FF0000E57F82140C2F3C4
:104C5000036100F1040B57F8211041EAC401C3F3CA
:104C6000436455F8244044EA0C144FEA527C57F848
:104C70002CC041EA0C11C3F3430C55F82CC044EA94
:104C8000CC04C2F3032C57F82CC041EA8C01C3F3C7
:104C9000432C55F82CC044EA8C04C2F3034C57F85B
:104CA0002CC041EA4C01C3F3434C55F82CC044EAF4
:104CB0004C04C2F3431CC2F3433257F82CC057F8DC
:104CC000222041EACC1141EA8211C3F3031241EAE6
:104CD000461155F8222044EAC212C3F30334C3F349
:104CE000035355F8244055F8233042EA841242EA2F
:104CF000431221F0704122F07042EEE0BEF10F0F3E
:104D000000F0F2808C0E930E44EA810143EA8202A5
:104D100021F0704122F070424FEAC1394FEA414818
:104D200009F000540D010B0708F0805848EA040808
:104D300005F010558F0203F0805302F4007407F061
:104D400000662B4302F4807C48EA04044FEA813A6F
:104D50004FEA8158344343EA0C030AF0006A8D0499
:104D600008F0806843EA0A0344EA080805F002757F
:104D70008E018C081D4306F0807604F000744FEA23
:104D8000410A4FEA412C354348EA04080AF080738F
:104D90000CF4001C0C044E0848EA030A45EA0C0C0B
:104DA00006F4801604F400144AEA04084CEA060CDF
:104DB00007F480278E00CC024CEA070C04F4801420
:104DC0004FEAC10A06F4003748EA04084CEA07072C
:104DD0000AF400248E0A4FEA911C48EA04040CF4F9
:104DE000802C06F48036550B3E43130944EA0C042C
:104DF00009F400390F0905F40055354303F48058D0
:104E000007F4803644EA0904970845EA0803344366
:104E100007F400554FEA923925434FEA821C09F402
:104E2000007429F4FE690CF4006817024FEA520C72
:104E300029F0070943EA080307F480570CF4806C53
:104E40004FEA095943EA0C0C4FEA195945EA07039E
:104E5000570A43EA090307F48067D6013B43D509A3
:104E600006F480761E4305F0200346EA03054FEA68
:104E7000521893004CEA040C03F0040708F02008D1
:104E8000530D940A4CEA080803F0020604F01004DB
:104E9000D30848EA040403F0080A4FEA924909F0EB
:104EA00004094FEA926844EA0A0403F0110308F087
:104EB000020844EA09042B43C2F3006C44EA0804E4
:104EC0003B4344EA0C04334340F83E404BF83E3049
:104ED0000EF1010EBEF1100F11D0BEF1010F03DD76
:104EE000BEF1080F7FF40AAFCC0ED30E44EA4101A5
:104EF00043EA420221F0704122F070420CE7BDE823
:104F0000F08F00BF74E80400B4E8040070B51646E2
:104F10000C461146FFF778FE054606F1080104F13C
:104F20008000FFF771FE28462146A5F1800C2B4634
:104F30002246846F0C60C46F4C60D2F8F840C3F80E
:104F40008040D3E90054D2F8FC60C3F88460C3E920
:104F50004054D1E9005408386045C1E94054A2F1F9
:104F6000080201F1080103F10803E2D170BD00BF9E
:104F700070B516460D461146FFF746FE044606F18B
:104F8000080105F18000FFF73FFE06F1100104F56E
:104F90008070FFF739FE29462046A4F1800522469D
:104FA0000B46D0F878410C60D0F87C414C60D3F8C7
:104FB000F840C2F88040D3F8FC40C2F88440846FC7
:104FC000C1F80041C46FC1F8044108388542A3F11B
:104FD000080301F1080102F10802E2D170BD00BF2F
:104FE00008B5FFF711FE002008BD00BF38B5FFF778
:104FF0000BFE044602460023011D956F54F8230062
:1050000044F823509067D56F51F8230041F823509E
:105010000233102BD067A2F10802EED1002038BD78
:1050200000B5E1B00A466946FFF770FF6B46002104
:105030001A460133117060AA9342F9D1002061B081
:105040005DF804FB00B5E1B00A4601466846FFF78B
:105050005DFF6B4600211A460133117060AA93422E
:10506000F9D1002061B05DF804FB00BF00B5E1B0EC
:105070000A466946FFF77CFF6B4600211A4601335A
:10508000117060AA9342F9D1002061B05DF804FB71
:1050900000B5E1B00A4601466846FFF769FF6B4676
:1050A00000211A460133117060AA9342F9D1002001
:1050B00061B05DF804FB00BF2DE9F04F0B68496853
:1050C000DFF8D081DFF8D0E16C4F6D4E6D4D6E4C46
:1050D00083B01BBA09BA019281EA131202F00F32AF
:1050E000514083EA021281EA12439BB2594082EA9C
:1050F000034282EA910303F033335A4081EA830387
:1051000082EA132101F0FF114A4083EA012182EA79
:10511000F17303F0AA335A4000F1100C83EAF173E3
:1051200000F19001594800914FEAF2725CF8101CAE
:1051300083EA01095CF80C1C09F03F0A81EA33118B
:1051400058F82AB001F03F0A0CF1100C5EF82AA0C2
:105150008BEA0A0AC9F3052B57F82BB08AEA0B0A27
:10516000C9F3054BC9F3056956F82BB08AEA0B0A57
:1051700055F829B0C1F305298AEA0B0A54F829B079
:10518000C1F305498AEA0B0AC1F3056B50F82910EF
:105190008AEA010A3E4951F82B108AEA01014A4085
:1051A0005CF8181C5140C1F3052901F03F0A57F87B
:1051B000299058F82AA089EA0A09C1F3054AC1F3DF
:1051C000056189EA030356F82AA05CF8149C55F897
:1051D000211089EA321983EA0A034B4009F03F01A2
:1051E0005EF821104B40C9F3052154F821104B40C3
:1051F000C9F30541C9F3056950F821104B40244912
:1052000051F829104B4000998C458FD182EA7301E7
:1052100001F0AA314A4081EA73014FEA720381EA40
:10522000132000F0FF1081EA000283EA002382EAE3
:10523000930101F033314A4083EA810383EA12414A
:1052400089B24B4082EA014283EA121101F00F3128
:10525000019C82EA01124B40100E110C207061700B
:10526000180E110AA170E270190C1A0A20710020A0
:105270006171A271E37103B0BDE8F08FF4ED040039
:10528000F4EB0400F4E90400F4EC0400F4EA040094
:10529000F4E80400F4EF0400F4EE040012F0070F49
:1052A0005DD12DE9F043012983B007461E462BD07E
:1052B00032B3DDE90A9306F1FF38DC1D09EB020584
:1052C0000822494668460AF091FCE21F49463846E2
:1052D000FFF7F2FEA4F10802434612F8011F13F88B
:1052E000010FA24281EA00011170F6D10822914417
:1052F000694630460AF07AFCA94504F10804DFD17A
:10530000002003B0BDE8F083002AF9D0DDE90A39B6
:1053100006F1FF38DC1D09EB0205A4F10802404646
:1053200009F1FF3112F8013F10F801CFA24283EAE0
:105330000C0301F8013FF5D14A4649463846FFF7CC
:10534000BBFE08224946304691440AF04FFCA9456D
:1053500004F10804E1D1002003B0BDE8F0836FF050
:10536000310070472DE9F04F0B684968DFF89CE386
:10537000E14EE24FDFF898C3DFF898831BBA85B09F
:1053800009BACDE9020281EA131202F00F3251404C
:1053900083EA021281EA12439BB2594082EA034235
:1053A00082EA910303F033335A4081EA830382EAAD
:1053B000132101F0FF114A4083EA012182EAF173CF
:1053C00003F0AA335A4083EAF173014690314FEA61
:1053D000F2721030019150F8101C50F80C4CC84D6E
:1053E000594001F03F0A84EA33195EF82AB0C54CEF
:1053F00009F03F0A103055F82AA08BEA0A0AC1F3D7
:10540000052B54F82BB0C04C8AEA0B0AC1F3054BAC
:10541000C1F3056156F82BB057F821108AEA0B0A40
:105420008AEA0101C9F3052A5CF82AA081EA0A0187
:10543000C9F3054AC9F3056954F82AA058F8299018
:10544000B04C81EA0A0181EA09014A4050F8181C6F
:105450005140C1F3052901F03F0A54F829905EF844
:105460002AA0A94C89EA0A09C1F3054AC1F30561DA
:1054700089EA030356F82AA050F8149C57F8211023
:1054800089EA321983EA0A034B4009F03F014FEAE7
:10549000321B55F821104B40C9F305215CF821104F
:1054A0004B40C9F30541C9F3056954F821104B403D
:1054B00058F829104B40019981428CD189460299B4
:1054C00001F58871019159E9041051408BEA000BF4
:1054D00001F03F008A4D5EF820A08A4C0BF03F009F
:1054E00009F1100955F820008AEA0000C1F3052AE5
:1054F00054F82AA0844C80EA0A00C1F3054AC1F39B
:10550000056156F82AA057F8211080EA0A004840A1
:10551000CBF305215CF821104840CBF30541CBF3D8
:10552000056B54F82110774C484058F82B10484030
:1055300059F8181C43405940C1F3052001F03F0AB7
:1055400054F820005EF82AA06F4C80EA0A0042401E
:10555000C1F30540C1F3056156F8200057F821104A
:1055600042404A4059F8141C81EA331101F03F0AC5
:10557000C1F3052055F82AA05CF8200082EA0A024F
:105580004240C1F30540C1F3056154F8200058F8CA
:10559000211042404A40019989454FEA321B4FEAA7
:1055A000331A90D1029901F5C871019101E04FEAD7
:1055B000331A59E9041059408AEA000A01F03F0001
:1055C0004F4D5EF820B04F4C0AF03F0009F1100932
:1055D00055F820008BEA0000C1F3052B54F82BB0DE
:1055E000494C80EA0B00C1F3054BC1F3056156F845
:1055F0002BB057F8211080EA0B004840CAF3052170
:105600005CF821104840CAF30541CAF3056A54F812
:1056100021103C4C484058F82A10484059F8181CB2
:1056200042405140C1F3052001F03F0A54F82000E8
:105630005EF82AA0344C80EA0A004340C1F30540DA
:10564000C1F3056156F8200057F8211043404B4044
:1056500059F8141C81EA321101F03F0AC1F3052008
:1056600055F82AA05CF8200083EA0A034340C1F3FE
:105670000540C1F3056154F8200058F8211043405B
:105680004B400199894592D182EA730101F0AA3118
:105690004A4081EA73014FEA720381EA132000F065
:1056A000FF1081EA000283EA002382EA930101F0FD
:1056B00033314A4083EA810383EA124189B24B4085
:1056C00082EA014283EA121101F00F31039C82EA5F
:1056D00001124B40100E110C20706170180E110A4F
:1056E000A170E270190C1A0A207100206171A27178
:1056F000E37105B0BDE8F08FF4EB0400F4E90400B9
:10570000F4EE0400F4ED0400F4EA0400F4EF040005
:10571000F4EC0400F4E8040012F0070F5DD12DE969
:10572000F043012983B007461E462BD032B3DDE992
:105730000A9306F1FF38DC1D09EB020508224946F1
:1057400068460AF053FAE21F49463846FFF70AFE58
:10575000A4F10802434612F8011F13F8010FA242F8
:1057600081EA00011170F6D1082291446946304661
:105770000AF03CFAA94504F10804DFD1002003B087
:10578000BDE8F083002AF9D0DDE90A3906F1FF38D7
:10579000DC1D09EB0205A4F10802404609F1FF31C6
:1057A00012F8013F10F801CFA24283EA0C0301F87E
:1057B000013FF5D14A4649463846FFF7D3FD082256
:1057C0004946304691440AF011FAA94504F108040B
:1057D000E1D1002003B0BDE8F0836FF031007047E5
:1057E0002DE9F04F11F80F5FDFF80CA105F00F0362
:1057F00000EBC303D3E932CED3E9126383B02D09A2
:1058000001924FF00F08324625E011F8015D05F0D6
:105810000F0700EBC7074FEA121902F00F02D7E992
:1058200032B45AF832200092D7E912264FEA0C77A8
:105830004FEA1C1C4CEA0E7C84EA1E1E009C49EABE
:10584000037947EA131389EA02022D098CEA0B0C4B
:105850008EEA044E734000EBC5054FEA0C7602F069
:105860000F04120942EA037246EA1313D5F8CC601A
:105870005AF834404FEA1C1C4CEA0E7C86EA1E1E85
:105880008EEA044ED5E9126408F1FF38D5F8C85005
:10589000B8F1FF3F8CEA050C82EA060283EA0403B2
:1058A000B3D101981646C2734FEA1E6202704FEAE6
:1058B0001E4242704FEA1C6202714FEA1C42190CF0
:1058C000C37242711A0E1B0A80F803E080F807C009
:1058D0004FEA1E2E4FEA1C2C02728372320E330CDA
:1058E000360A80F802E080F806C041720273437302
:1058F000867303B0BDE8F08FF8F004004FF4C8726F
:1059000000210AF09CB900BF2DE9F04F04468BB08E
:1059100017460846012219461E46FEF7DBFC002802
:1059200000F09D80D0F81480B8F1100F054640F0CB
:1059300096802046FEF7EEFC29462046FEF70AFD3B
:1059400010B10BB0BDE8F08F012332463946204636
:10595000FEF728FD0028F4D101464246059006A82E
:105960000AF06DF905AB009306AB42461946204696
:10597000FEF740FD0028E4D1DDE906254FF00008E0
:105980004FF00009089E099B2DBA12BAC4E9425291
:10599000C4E93289C4E9128936BA1BBAC4F88C60EA
:1059A000C4F888304FF0030E4FF0040C03F00101EF
:1059B0004FEAC5786D08A1EB411745EAC27504EBC3
:1059C000CC015B08520843EAC67382EA076248EAE0
:1059D0005606BEF1010EC1E932528B644FEA6C0CDF
:1059E000CE64E3D1032304F1500204F1480A04F128
:1059F000C80902924FF002089E4603900AEBC800C5
:105A000009EBC80459F838C05AF838604568029A5A
:105A1000676804F1080304EBC804D2F8801081EA37
:105A20000C0BD2F88410C3F800B079405960D2F85A
:105A300000B011468BEA060B496840F808BF0833EE
:105A40006940A34202F108024160E6D1BEF1010EB5
:105A50004FEA4808D2D103980BB0BDE8F08F6FF041
:105A600013006EE72DE9F04F2DED028B8BB0002473
:105A7000934205940292984604460E4602D99B1A18
:105A80008B426AD3D4E952329B1952F100024FF093
:105A9000000128BF012100295FD16FF01F000F21F5
:105AA0009842914159D3C4E95232002E4FD004F5A7
:105AB000B47308EE103A04F27713039304F27319E7
:105AC00004F5BC77102E039A354628BF10251378AD
:105AD0000133DBB202F801390BB94A45F7D105AB06
:105AE000009318EE101A06AB10222046FEF782FC37
:105AF00070BBD4F8880102993A460DF1180E08F1EE
:105B0000FF3C07EB050A18B9137808784340137077
:105B100008781EF8013B43400CF8013FD4F8880197
:105B2000012801F1010104D192F800B083EA0B03CE
:105B3000137001325245E6D1029B3A462B44394656
:105B400020460293FFF74CFE761BA844BAD10020F2
:105B50000BB0BDEC028BBDE8F08F6FF01300F7E7E0
:105B600010B50446FEF7D6FB04F5C87100222346A3
:105B70000134A1421A70FAD110BD00BF50B161B119
:105B800010B58B68416011460446984708B9044B2C
:105B9000236010BD48F20150704748F21050704722
:105BA00063414553B8B103680C4A934210B50446AB
:105BB00006D163682046DB6898470023236010BD48
:105BC00002F17F6202F5402202F57C729342F0D02E
:105BD00048F2025010BD48F20150704763414553EE
:105BE00068B130B4094C0568A54204D151B143688D
:105BF00030BC1B69184748F2025030BC704748F26D
:105C00000150704748F21050F7E700BF6341455319
:105C100038B3F0B5DFF860C00768674583B0044665
:105C200017D109B3CBB1089DBDB1009545682D6A68
:105C3000A84748B92368BB4208D163682046DB689F
:105C40009847A0B90B4B236003B0F0BD094A9342BB
:105C5000F3D048F2025003B0F0BD48F2135003B045
:105C6000F0BD48F20150704748F21050ECE70023B5
:105C70002360E9E7534541636341455308B54368F1
:105C80001B78052B06D9082B06D10C30FEF742FBFA
:105C9000002008BD032B02D848F2035008BD0C3089
:105CA000FCF75CFB002008BD42685388B3F5807F99
:105CB00070B504460D4606D023F04003802B02D079
:105CC00048F2185070BD1378052B06D9082B06D161
:105CD000022D17D048F2175070BD032B03D848F29D
:105CE0000350257270BD012DF4D80122002104F16A
:105CF000080009F0A4FF04F10C00FCF729FB0020C8
:105D00002572EFE704F10C063046FEF7FFFA6368F0
:105D10005B88C02B26D0B3F5807F05D0802B1FD0A9
:105D200048F202502572DDE70420FEF7C1FA014671
:105D300038B33046FEF70EFB02460028DFD010F5E0
:105D4000C14FCCD010DC10F5C34F1ED048F2165313
:105D500012F5C24F48F21150257218BF1846C1E71C
:105D60002846E2E70320E0E710F5A24F11D048F201
:105D7000165348F2115012F1220F18BF184625721F
:105D8000B0E748F216502572ACE748F2155025727C
:105D9000A8E748F217502572A4E700BF08B542688B
:105DA0001378052B23D9082B23D152880C30FEF70A
:105DB0009FFD10F5A24F2ED00FDC10F5C24F1BD067
:105DC00010F5C14F15D010F5C34F48F2165348F2E5
:105DD000155214BF1846104608BD10F1220F0BD003
:105DE000002848F2165314BF1846002008BD032BA4
:105DF00005D848F2035008BD48F2115008BD037A97
:105E00005288012B00F10C0002D0FCF7ADFBD0E76B
:105E1000FCF7AEFACDE748F2175008BD2DE9F8437C
:105E2000984643681B78052B054609D9082B09D1EC
:105E30000C30FEF78DFD00BB00231846BDE8F8834B
:105E4000032B04D848F202531846BDE8F88312F039
:105E50000F0416463AD1002AEED00F4600F10C0985
:105E600001E0A642E8D908EB04033A19297A48462A
:105E70001034FDF701F80028F3D010F5C14F22D0FF
:105E80000DDD10F5A24F1BD048F2115248F2165307
:105E900010F1220F08BF13461846BDE8F88310F52D
:105EA000C34F0AD010F5C24F48F2115248F21653B0
:105EB00008BF13461846BDE8F88348F21553C3E7F8
:105EC00048F21753C0E748F20353BDE748F21153B5
:105ED000BAE700BF38B5049D14462A68A2420CD325
:105EE000220704D042681278023A012A08D82246D2
:105EF000FFF794FF00B92C6038BD48F2145038BD4C
:105F000048F2115038BD00BF70B5049D1E462B6885
:105F10000F2B23D900F10C042046FEF719FD60B1C8
:105F200010F5C14F1DD011DC10F5C34F1FD010F577
:105F3000C24F10D148F2115070BD31462046FEF7D5
:105F40008FFD0028ECD110232B6070BD10F5A24FFF
:105F50000AD02230EED048F2165070BD48F21450EC
:105F600070BD48F2035070BD48F2175070BD48F242
:105F7000155070BD70B52E4B6A469A421ED304462A
:105F80000D4600F06FF948B32A4E336823B12A4A10
:105F90002A4B12689A421FD0002C39D034600DB3BE
:105FA0003068294600F00EF9044628B922493368C2
:105FB0002248234A08601A60204670BD214B2248BF
:105FC0002249C01AC008000440F0010048F21954E8
:105FD000F9F7F6FE204670BD0024EDE74FF40544C6
:105FE000204670BD042007F021F80546C0B1306896
:105FF000294600F0E7F8044628B90F4A33680F49EC
:1060000011600F4A1A60284607F012F8204670BD4A
:10601000042007F00BF80E4B186030B13060BEE77B
:106020000B4B186808B107F003F848F21554C3E7A2
:1060300000F80020CC500020C45000206572E54BD1
:106040006169614D7CB30400D4B30400C0F1040065
:10605000C85000200E4B0F4A1968914210B505D167
:106060000D490E4A08680168914203D048F2025473
:10607000204610BD002202601A6000F0A7F8084B0D
:10608000044618680028F3D006F0D2FF204610BD61
:10609000C45000206572E54BCC5000206169614D11
:1060A000C85000202DE9F041224B17466A469A421B
:1060B00018D304460D460FB1002938D01E491F4B96
:1060C0000968994209D1E4B11D493B4608682A464E
:1060D0002146BDE8F04100F087B848F2025420465E
:1060E000BDE8F081174B18481849C01AC0080004D1
:1060F00040F0010048F21954F9F762FE2046BDE86D
:10610000F081042006F092FF48F21554064600285C
:10611000E5D00B493B462A460868314600F064F852
:106120000446304606F084FF2046BDE8F08148F280
:106130001054D4E700F80020C45000206572E54BED
:10614000CC5000207CB30400D4B30400C0F10400A0
:1061500040B370B50D4611B3144A154B12689A42FC
:1061600002D048F2025070BD124E044601230A4686
:106170003068214600F030F848F271539842F2D16D
:10618000002211461046FFF78DFF0028EBD1306842
:106190002A4621460123BDE8704000F01DB848F2B0
:1061A000145070BD48F21350704700BFC450002017
:1061B0006572E54BCC500020FFF74CBF002108462C
:1061C000FFF7D8BE002004F0F9BC00BF08B504F00A
:1061D00027FD002008BD00BF08B50846114604F0A1
:1061E0009BFD002008BD00BF48F20350704700BF70
:1061F000F8B50B4D0B4E0C4FAD1B0123ED083B705A
:106200000AD0002401E0A54206D056F8343001340B
:1062100098470028F7D0F8BD02233B700020F8BD56
:106220007CB3040074B30400D050002038B50A4C8D
:106230000A4D2D1BED080AD004EBC50501E0AC4268
:1062400005D06368083498470028F8D038BD044B5F
:106250000020187038BD00BF74B304007CB3040084
:10626000D0500020064B1A78022A06D01878A0F1E8
:106270000100B0FA80F0400970470120704700BF6C
:10628000D050002008B543681B780BB1002008BD32
:106290000830FDF76FFF002008BD00BF436830B530
:1062A0005A880D4622F04001802983B0044602D06E
:1062B000B2F5807F25D11B781BB148F2035003B0A3
:1062C00030BD04F108000190FDF72CFF63680198D0
:1062D0005B882A460221FDF729FF02460028EED0FE
:1062E00010F5C14FE9D010DC10F5C34F1AD048F2B9
:1062F000165312F5C24F48F2115018BF184603B09A
:1063000030BD48F2185003B030BD10F10F0F0CD063
:1063100048F2165348F2175012F10D0F18BF1846E5
:1063200003B030BD48F21550C9E748F26050C6E7E7
:1063300010B586B09DF83840A4F1040EBEF10C0FE4
:1063400035D814F0010F32D1A3F1070CBCF1060FC0
:106350003FD8012943D0002938D10D9904910C99D7
:1063600003910A9902910999019108990091059464
:106370000B990830FDF722FF10F10F0F3FD010F1FD
:106380000E0F09DA10F5C24F26D010F5C14F12D109
:1063900048F2035006B010BD10F10D0F16D00028C2
:1063A00048F2165314BF1846002006B010BD48F23C
:1063B000625006B010BD10F5C34F48F2165348F2B4
:1063C000155214BF1846104606B010BD48F21750BB
:1063D000E0E748F26150DDE748F21150DAE70D9945
:1063E00004910C9903910A990291099901910899D4
:1063F000009105940B990830FDF7CAFEBCE748F2FE
:106400006050C7E769B162B110B5044660B1084B8E
:1064100003604B6841601146984708B10023236030
:1064200010BD48F21050704748F2015010BD00BF37
:106430004145414470B1094B02689A4210B5044687
:1064400005D143689B6898470023236010BD48F23C
:10645000025010BD48F20150704700BF4145414411
:106460002DE9F047DDE90859DDE90A6EDDE90CC4E4
:106470009DF8388080B3DFF874A00768574513D1C2
:10648000B2B1DCB1FDB11EB3BCF1000F28D0CDE933
:106490000BECCDE90D48CDE9099608954468E46810
:1064A000A446BDE8F047604748F20250BDE8F087D7
:1064B000002BE6D048F21050BDE8F087B8F1000F8D
:1064C000F8D1002DDFD1B9F1000FF3D1002EDBD1CF
:1064D000BEF1000FDBD0EDE748F20150BDE8F087D8
:1064E000BEF1000FD3D048F21350DFE741454144DD
:1064F000F8B504460068154606680368426893428A
:1065000084BFA2680132D31A0F46E26861689D42D7
:1065100006FB02110CD805FB02F2384609F066FBB7
:10652000A26823683544954288BF00251D60F8BDE8
:1065300003FB02F632463846ED1A09F057FBE268D3
:106540006168B81905FB02F209F050FB23681D6071
:10655000F8BD00BF10B5044688B12268A068116874
:106560005368984205D80020401AB0FA80F04009DC
:1065700010BD581C401AB0FA80F0400910BD024905
:10658000982008F0A9FFE8E7ECF1040070B50D468B
:1065900082B00446002877D0002900F085800023CF
:1065A0000DF107008DF80730F9F79AFF2368A1680D
:1065B00018685A68914218D80022824218D1227C69
:1065C0005AB958685E688E4222D201365E601A68F7
:1065D000914257D800221A6010E09DF80700F9F7A1
:1065E000B5FF0424204602B070BD01328242E6D0DD
:1065F00058685A6891422BD800225A60E268511EAE
:1066000007290AD8DFE801F03934092F09090927D9
:106610005A601A68914235D8DCE76368294600FB66
:10662000023009F0E3FA23681A6859688A4282BF87
:10663000A068013009188A1A99689DF807009142EC
:1066400038BF9A60F9F782FF0024204602B070BD7F
:1066500001325A60D2E7626895ED007B02EBC00020
:1066600080ED007BE0E76268296842F82010DBE7F4
:106670006268298822F81010D6E763682A781A54CD
:106680002368D1E70132A6E71249A32008F024FFCE
:10669000ADB10DF107008DF80740F9F721FF0D4965
:1066A000982008F019FF81E70A49A42008F014FF98
:1066B0000DF107008DF80750F9F712FF76E705494D
:1066C000A42008F009FF0DF107008DF80750F9F735
:1066D00007FFE4E7ECF1040070B50E4682B0144603
:1066E000054670B33EB314B9204602B070BD002316
:1066F0000DF107008DF80730F9F7F2FE2A681368EC
:1067000051688B420AD8CB1A9C420DD905249DF8BA
:106710000700F9F71BFF204602B070BDAA680132DE
:106720000A44D31A9C42F1D8224631462846FFF744
:10673000DFFE0024EBE7074940F2D91008F0CCFE59
:10674000D1E704494FF4EC7008F0C6FE002ECAD120
:10675000F1E700BFECF1040030B5044683B088B126
:1067600000250DF107008DF80750F9F7B9FE0C224E
:106770002946206809F063FA9DF80700F9F7E6FE5C
:1067800003B030BD02494FF4047008F0A5FEE7E7FE
:10679000ECF104004FF08053D3F830210D2A18D0CB
:1067A000514AD2F8883043F47003C2F88830BFF3FE
:1067B0004F8FBFF36F8F4FF01023D3F80022002AC2
:1067C00061DBD3F80432002B5DDB484B484A1A608A
:1067D0007047D3F834110029E2D14FF08040454A88
:1067E000C0F80C11C0F81011C0F83815D3F8041413
:1067F000C2F82015D3F80814C2F82415D3F80C14E5
:10680000C2F82815D3F81014C2F82C15D3F81414B4
:10681000C2F83015D3F81814C2F83415D3F81C1484
:10682000C2F84015D3F82014C2F84415D3F8241444
:10683000C2F84815D3F82814C2F84C15D3F82C1414
:10684000C2F85015D3F83014C2F85415D3F83414E4
:10685000C2F86015D3F83814C2F86415D3F83C14A4
:10686000C2F86815D3F84014C2F86C15D3F8443454
:10687000C2F87035D0F80034DB0744BF6FF0010375
:10688000C0F800348CE71C4A0123C2F80435D2F862
:106890000034002BFBD04FF010231221164AC3F80E
:1068A0000012D2F80034002BFBD04FF0102312213D
:1068B000114AC3F80412D2F80034002BFBD0002395
:1068C0000D49C2F80435D1F80034002BFBD0BFF3DA
:1068D0004F8F0549094BCA6802F4E0621343CB604D
:1068E000BFF34F8F00BFFDE700ED00E0282600203A
:1068F0000090D00300C0004000E001400400FA0511
:1069000010B4164B1A461B688342FBD3516802EB46
:10691000010C60450BD0416800EB010C63450ED0C3
:10692000904203605DF8044B18BF106070474468E4
:106930001046214400EB010C63455160F0D1084C36
:106940002468A342ECD0D3E9003490422144C0E94A
:1069500000315DF8044B18BF10607047E4D0002090
:10696000D45000202DE9F84F044601F0BFF9434808
:106970000368002B56D0424F3E6834424BD1002C66
:1069800049D004F1080563071CBF25F00705083549
:10699000002D40D0DFF8FC80D8F80090A9453AD30C
:1069A00038490C6803E0236823B121461C4662681D
:1069B000AA42F8D30368A3422DD0236808680B606D
:1069C000531B102B00F1080A0BD904EB050B1BF02D
:1069D000070F49D1CBF8043058466560FFF790FFA8
:1069E000626829490868A9EB0203834238BF0B603B
:1069F000C8F8003032430023C4E9003201F04CFAF9
:106A00001AF0070F0BD0214940F2031008F064FD83
:106A10005046BDE8F88F01F03FFA4FF0000A5046AB
:106A2000BDE8F88F1A4B184D164E154F5A0714BF74
:106A3000DA1D1A4603F50043A3F1080323F0070308
:106A400018BF22F0070211469A1A2A60114D3160D0
:106A50002A60002575604FF00046C3E900550360C9
:106A6000C1E900323E6088E70849C32008F034FDE0
:106A700063683E68D8F800905B1BABE7D4500020F9
:106A8000D8D00020E4D00020E0D0002040F2040064
:106A9000D8500020DCD0002000283AD038B51D4D59
:106AA00050F8043C2A681342044610D050F8081CE1
:106AB000D9B119494FF48C7008F00EFD54F8043C1C
:106AC0002A68134202D054F8081C71B138BD12492B
:106AD00040F2171008F000FD54F8083C002BE8D1F4
:106AE00054F8043C2A681342F0D023EA020344F825
:106AF000043C01F0FBF8094A54F8043C1168A4F185
:106B000008000B441360FFF7FBFEBDE8384001F0BE
:106B1000C3B97047D8D0002040F20400DCD0002078
:106B200000F108034FF0FF310022C0E90131C0E954
:106B300003330260704700BF00230361704700BF4A
:106B400043689A688A60026810B49C684B6001329E
:106B5000616099605DF8044B08610260704700BF96
:106B600030B40D686B1C10D000F108031C465B6844
:106B70001A68AA42FAD902684B60013299608C60A7
:106B80006160086130BC0260704704696368F2E7C5
:106B9000036910B4D0E901125C688A6084425160D4
:106BA00008BF5A601A685DF8044B0021013A016180
:106BB0001A601868704700BF0748006880F30888AB
:106BC00062B661B6BFF34F8FBFF36F8F4FF4F070B3
:106BD00080F3118800DF00BF00C00100064B196878
:106BE0000868B0E8F04F80F30988BFF36F8F4FF06B
:106BF000000080F31188704738D10020EFF309803E
:106C0000BFF36F8F144B1A681EF0100F08BF20EDF2
:106C1000108A20E9F04F10604DF8043D4FF0A000BD
:106C200080F31188BFF34F8FBFF36F8F01F058FAD5
:106C30004FF0000080F3118808BC19680868B0E8BC
:106C4000F04F1EF0100F08BFB0EC108A80F30988D7
:106C5000BFF36F8F704700BF38D1002008B5064BD7
:106C60001B68013303D005499E2008F035FCA023A2
:106C700083F31188FEE700BFF4D00020A0F20400E7
:106C800010B44FF08073064C40F8043C6FF00203E0
:106C900040E9034140E909325DF8044B443870474C
:106CA0005D6C020030B5294A294B12689A4283B0C4
:106CB00003D02849B02008F00FFC274B274C1A7846
:106CC0002748FF21D2B2019219701B78DBB28DF8F0
:106CD00003309DF803309DF8032003F005030721DE
:106CE0001206237001600DD506229DF803305B006B
:106CF000DBB28DF803309DF803301B06114602F11C
:106D0000FF32F2D4019B114C134D01F00701DBB2AD
:106D1000E02201602B7084F8222000F0C3F8114BB0
:106D200000221A60D4F888300F4A43F47003C4F884
:106D30008830536B43F040435363236943F010039F
:106D40002361FFF739FFFFF789FF00BF00ED00E087
:106D500041C20F41A0F2040000E400E0ECD00020AA
:106D6000F0D00020F4D0002000EF00E0A02383F357
:106D70001188094A13680133012B136000D0704752
:106D8000064B5B68C3F30803002BF8D0044940F2BC
:106D9000111008F0A1BB00BFF4D0002000ED00E00E
:106DA000A0F2040010B5084C23682BB1013B23600E
:106DB0000BB983F3118810BD04494FF48C7008F0AF
:106DC0008BFB2368F2E700BFF4D00020A0F20400A0
:106DD00008B5EFF30583C3F308030F2B07D90F4959
:106DE00003F1E023097893F8F02391420FD80C4B7C
:106DF0000C4ADB681268C3F302239A4200D308BD31
:106E0000BDE8084008494FF4B17008F065BB064979
:106E10004FF4A97008F060FBE9E700BFECD0002058
:106E200000ED00E0F0D00020A0F2040070B582B0C8
:106E3000EFF31186A02383F31188184B0022D3F8B7
:106E40000445C3F80021D3F800310193019B00F001
:106E500055FF201A20F07F4323F0010320F07F45E7
:106E60009BB96C1E6DB1002500F072FF23460543EF
:106E7000013C002BF8D125B1094B4FF080525A60EC
:106E800040BF86F3118802B070BD01F0DFFA02281E
:106E9000E7D000F05DFF0546EDE700BF00100140C0
:106EA00000ED00E010B5002002F0C4F8094B0A49DB
:106EB0002020C3F8080501220224E020C3F804239F
:106EC0009A601A60C3F844434FF4003281F811030A
:106ED0000A6010BD0010014000E100E070B50446FA
:106EE000006CA66B20B925684DB30136A66370BD52
:106EF000154602467DB9A06808F078FEA368226CAA
:106F000013446268A360934224BF2368A3600136E0
:106F10002846A66370BDE06808F068FE226CE3684E
:106F200051429B1A2268E360934202D263680B4489
:106F3000E360022D08D001360020A66370BD6068B2
:106F400001F0DAFA6560D0E7012E38BF0126002093
:106F5000CCE700BF70B50546FFF708FF95F8453050
:106F60005CB2002C14DD05F1240603E0631EDAB2E6
:106F70005CB26AB16B6A304653B101F099F90028EE
:106F8000F4D001F041FA631EDAB25CB2002AF1D10A
:106F9000FF2385F84530FFF705FFFFF7E7FE95F87B
:106FA00044305CB2002C14DD05F1100603E0631ED2
:106FB000DAB25CB26AB12B69304653B101F078F9AC
:106FC0000028F4D001F020FA631EDAB25CB2002A85
:106FD000F1D1FF2385F84430BDE87040FFF7E2BEF1
:106FE00038B50D460446002839D0FFF7BFFED4E976
:106FF0000F23216803FB02F2D31A0A4462600022C5
:10700000A2630B44FF2284F84420C4E9021384F8ED
:107010004520C5B923691BB9FFF7C4FE012038BD5F
:1070200004F1100001F044F90028F5D00E4B4FF0A8
:1070300080525A6040BFBFF34F8FBFF36F8FFFF78F
:10704000B1FE012038BD04F11000FFF769FD04F125
:107050002400FFF765FDFFF7A5FE012038BD0349B9
:10706000FC2008F039FAC0E700ED00E004F304006A
:1070700070B50E46054690B1C6B106FB05F0483026
:10708000FFF770FC0446C0B100F148030360C4E997
:107090000F5601212046FFF7A3FF204670BD084987
:1070A00040F26D1008F018FA002EE6D14820FFF7E4
:1070B00059FC044608B12460E9E70024204670BD6D
:1070C00004F3040070B50E460546B0B188420ED3F5
:1070D0004820FFF747FC044638B10023C0E90F53AE
:1070E00000600121FFF77CFFA663204670BD0C49BC
:1070F00040F2C12008F0F0F9EAE709494FF4307096
:1071000008F0EAF92EB9064940F26D1008F0E4F9EA
:10711000DEE7034940F2C12008F0DEF9F3E700BFE3
:1071200004F304002DE9F04784B0894601921F461C
:107130000446002800F0A380B9F1000F00F086801B
:10714000022F7AD001F082F918B9019B002B40F090
:107150009C800026DFF840A1B04607E0FFF722FE42
:107160002046FFF7F7FE00F097FE0126FFF7FEFD31
:10717000A36BE06B834242D3022F40D0019D002DD0
:107180006ED0002E37D0FFF70DFE00F0AFFDFFF7F9
:10719000EDFD94F84430FF2B08BF84F8448094F848
:1071A0004530FF2B08BF84F84580FFF7FBFD01A9A0
:1071B00002A801F0E5F8002858D1FFF7D7FDA26B2F
:1071C000E36B9A42CAD1FFF7EDFD019904F110007B
:1071D00001F034F82046FFF7BDFE00F05DFE002808
:1071E000C3D14FF08053CAF8043040BFBFF34F8F74
:1071F000BFF36F8FB9E702A801F0B6F8C3E73A46CC
:1072000049462046FFF76AFE636A33B958B9FFF76B
:10721000C9FD012004B0BDE8F08704F1240001F0AD
:1072200047F80028F3D01C4B4FF080525A6040BF03
:10723000BFF34F8FBFF36F8FE9E7E36B012B81D073
:10724000164940F2DE2008F047F97BE7236C002B5B
:107250003FF476AF114940F2DD2008F03DF96FE7C9
:10726000FFF7A0FD284604B0BDE8F0872046FFF7F1
:1072700071FE00F011FE002004B0BDE8F087074960
:107280004FF4377008F028F956E7044940F2E1203E
:1072900008F022F95DE700BF00ED00E004F3040010
:1072A00038B54820FFF75EFB044678B10025012180
:1072B0002060C0E90F15FFF793FEC4E90055E560B3
:1072C0002B462A4629462046FFF72CFF204638BD8C
:1072D0002DE9F0410E4617461D460446002847D0CA
:1072E0007EB3022D24D0FFF773FDEFF31188A023A6
:1072F00083F31188A26BE36B9A4206D3022D04D06C
:10730000002088F31188BDE8F0812A4694F84550A2
:1073100031466DB22046FFF7E1FD6B1C1AD00135F6
:107320006DB284F84550012088F31188BDE8F081E2
:10733000E36B012BD7D011494FF4697008F0CCF8FA
:10734000D1E7236C002BCCD00C4940F2A33008F0DD
:10735000C3F8C6E7636A002BE5D004F1240000F00F
:10736000A7FF0028DFD0002FDDD001203860C8E75C
:10737000024940F2A23008F0AFF8B1E704F304008C
:1073800070B50D460446002840D0236CFBB9236835
:107390002BB3FFF71DFDEFF31186A02383F31188B4
:1073A000A36BE26B9A420ED994F845200133FF2A71
:1073B000A36353B21CD001335BB284F84530012083
:1073C00086F3118870BD002086F3118870BD1249C4
:1073D00040F2434008F080F82368002BD9D163685D
:1073E000002BD6D00C494FF4896008F075F8D0E72F
:1073F000636A002BE3D004F1240000F059FF002859
:10740000DDD0002DDBD001202860DDE7024940F20D
:107410003F4008F061F8B8E704F304002DE9F043B9
:1074200085B00E4601920446002876D0002E6BD01F
:1074300001F00CF810B9019B002B74D1FFF796FCFA
:10744000A56B002D75D1019B002B38D002A800F050
:107450008BFFDFF830912F4604F12408FFF7A2FCE0
:1074600000F044FCFFF782FC94F84430FF2B08BF87
:1074700084F8447094F84530FF2B08BF84F84570B9
:10748000FFF790FC01A902A800F07AFFE8B9FFF726
:107490006DFCA36B33BBFFF785FC0199404600F000
:1074A000CDFE2046FFF756FD00F0F6FC10B3FFF7C7
:1074B0005DFCA56B002D3CD1019B002BCED1FFF7CD
:1074C00071FC002005B0BDE8F0832046FFF742FDC7
:1074D00000F0E2FCFFF74AFCA36B002BEFD0FFF7B4
:1074E00061FCE4E7FFF75EFC2046FFF733FD00F0A8
:1074F000D3FCDCE74FF08053C9F8043040BFBFF342
:107500004F8FBFF36F8FD2E7236C002B90D01C49B5
:1075100040F2E34007F0E0FF8AE7194940F2DF401C
:1075200007F0DAFF82E716494FF49D6007F0D4FFB9
:1075300084E7226C52B1E168636811449942E160CA
:1075400024BF2168E160304608F050FB013DA5638F
:1075500023692BB9FFF726FC012005B0BDE8F083B5
:1075600004F1100000F0A4FE0028F3D0054B4FF00A
:1075700080525A6040BFBFF34F8FBFF36F8FE9E770
:1075800004F3040000ED00E02DE9F04184B004466E
:107590000191002800F0A880236C002B40F085802A
:1075A00000F054FF18B9019B002B40F09280FFF7C8
:1075B000DDFBA36BDFF88C81002635463746002BB8
:1075C00043D1019B002B00F09E80002D59D0FFF786
:1075D000E9FB00F08BFBFFF7C9FB94F84430FF2B6D
:1075E00008BF84F8447094F84530FF2B08BF84F836
:1075F0004570FFF7D7FB01A902A800F0C1FE0028E3
:1076000032D1FFF7B3FBA36B002B3ED1FFF7CAFBD0
:107610002368002B6ED0019904F1240000F00EFEC7
:107620002046FFF797FC00F037FC40B94FF080533D
:10763000C8F8043040BFBFF34F8FBFF36F8F0125F1
:10764000FFF794FBA36B002BBBD02268013BA36325
:10765000002A70D02369002B5DD1FFF7A3FB012620
:10766000304604B0BDE8F0812046FFF773FC00F01F
:1076700013FCFFF77BFBA36B83B1FFF793FB0125A3
:10768000DEE702A800F070FEA1E7FFF78BFB2046C3
:10769000FFF760FC012500F0FFFBD1E7FFF782FB5D
:1076A0004EB9304604B0BDE8F081254940F275502E
:1076B00007F012FF74E7FFF759FB616A79B9606858
:1076C00000F05EFFFFF76EFB0026304604B0BDE819
:1076D000F0811B4940F27A5007F0FEFE67E7236B0A
:1076E0001968C1F10701EAE7154940F2715007F046
:1076F000F3FE51E7FFF73AFB606800F0B7FE06467D
:10770000FFF750FB87E7002EDCD00D4940F2C25056
:1077100007F0E2FED6E704F1100000F0C9FD0028F2
:107720009BD0084B4FF080525A6040BFBFF34F8F41
:10773000BFF36F8F91E700F075FF60608AE700BFCD
:1077400004F3040000ED00E02DE9F8430F469046F5
:10775000044648B3FFB1FFF73BFBEFF31189A023C9
:1077600083F31188A56B25B9284689F31188BDE8F4
:10777000F88394F84460226C76B2DAB9013D731C48
:10778000A56326D0013676B284F84460012089F3DF
:107790001188BDE8F883236C002BDCD0154940F23A
:1077A000DE6007F099FED6E7124940F2DD6007F08F
:1077B00093FECFE7E168636811449942E16024BF1A
:1077C0002168E160384608F011FA013D731CA56399
:1077D000D8D12369002BD9D004F1100000F068FD46
:1077E0000028D3D0B8F1000FD0D00120C8F8000095
:1077F000BBE700BF04F3040010B50446B8B10F485E
:10780000002300EBC30251688C4207D00133082BE0
:10781000F7D12046BDE81040FFF73EB9002140F8FF
:10782000331051602046BDE81040FFF735B90449D8
:1078300040F29A7007F050FEE1E700BFF8D0002058
:1078400004F3040010B4094C002354F833202AB187
:107850000133082BF9D15DF8044B704704EBC302E8
:1078600044F8331050605DF8044B7047F8D00020A6
:1078700070B504460E461546FFF778FA94F8443082
:10788000FF2B04BF002384F8443094F84530FF2BCD
:1078900004BF002384F84530FFF784FAA36B23B1BB
:1078A0002046BDE87040FFF755BB04F124002A468E
:1078B000314600F0DDFC2046BDE87040FFF74ABBD2
:1078C000F8B5164B164E1C6833680546181D0F4652
:1078D000FFF75EF96B1C17D0336864195C6007D33F
:1078E000104B18683168BDE8F8400431FFF738B92B
:1078F0000D4B186831680431FFF732F90B4B1A68E9
:10790000A24288BF1C60F8BD002FE5D0316808484E
:10791000BDE8F8400431FFF713B900BF5CD2002086
:1079200038D1002040D100203CD1002014D20020CA
:1079300034D200202DE9F84F96000746304689469C
:107940009846FFF70FF8002878D005465020FFF73B
:1079500009F8044600287DD00563A5212846324653
:1079600008F06DF9D4F830A009F1FF3C09F10B01E2
:1079700004F133031CF8015F03F8015F0DB18C457E
:10798000F8D10A9D062D28BF06254FF0000B04F103
:107990000409E5622564484684F83FB0C4F844B061
:1079A000043EFFF7C9F8564404F11800C5F1070575
:1079B000FFF7C2F8C4F848B0A56184F84CB0246160
:1079C00064624246394626F00700FFF759F90B9BDF
:1079D000206003B11C60FFF7C9F9394A394D1368BB
:1079E000013313602B68002B3DD0374E33684BB307
:1079F000E06A364F364A37491368013313600B6823
:107A0000834238BF086000EB800007EB80004946E6
:107A1000FFF796F8FFF7C6F933680BB32A68E36AF5
:107A2000D26A9A421CD22C4B4FF080525A6040BF0F
:107A3000BFF34F8FBFF36F8F012001E04FF0FF3096
:107A4000BDE8F88F2B68E06ADB6A204F834298BF5D
:107A50002C60CFE72846FFF71FF84FF0FF30EFE725
:107A60000120BDE8F88F2C601368012B03D0E06A79
:107A7000164F154EBEE7154F3E4607F18C083046AF
:107A80001436FFF74DF84645F9D1DFF86880134EFC
:107A90004046FFF745F83046FFF742F81048FFF739
:107AA0003FF81048FFF73CF80F48FFF739F80F4B45
:107AB000E06AC3F800800E4B1E60034E9AE700BFD9
:107AC000D0D1002038D1002030D2002044D1002075
:107AD000E0D10020E4D1002000ED00E0FCD1002046
:107AE0001CD2002048D2002034D200203CD10020FB
:107AF00040D10020E8D1002070B504462A4DFFF7A0
:107B000035F9002C3BD0261D3046FFF741F8A36A1B
:107B10001BB104F11800FFF73BF8244A1368013346
:107B200013602B68A34221D0214A206B1368013BCC
:107B30001360FEF7B1FF2046FEF7AEFF1D4B1A683B
:107B4000126872B11A681C4BD268D26852681A6007
:107B5000FFF728F9194B1B6813B12B68A34210D00B
:107B600070BD154B4FF0FF321A60F1E714483146F3
:107B7000FEF7E6FF134A136801331360E8E72C6849
:107B8000C1E7114B1B684BB9104B4FF080525A6044
:107B900040BFBFF34F8FBFF36F8F70BD0C4940F2F2
:107BA000A54007F099FCEFE738D10020E0D1002094
:107BB000D0D100203CD1002014D2002030D20020AF
:107BC00048D20020D4D10020DCD1002000ED00E01C
:107BD00054F3040098B130B51F4D2B68834283B035
:107BE00004460AD0FFF7C2F81C4B62699A420BD0D8
:107BF00003B0BDE83040FFF7D5B803B030BD184939
:107C000040F2F66007F068BCA36A164A9342EFD0D0
:107C1000002BEDD1211D08460191FEF7B9FF124A54
:107C2000E36A106801998342104888BF136003EB30
:107C3000830300EB8300FEF783FF2B68E26ADB6AB5
:107C40009A42D5D30A4B4FF080525A6040BFBFF3DF
:107C50004F8FBFF36F8FCBE738D1002034D2002095
:107C600054F304001CD20020E4D1002044D10020B1
:107C700000ED00E030B5164B1649174883B00024DC
:107C8000CDE9004380222346FFF754FE012803D0AC
:107C9000013015D003B030BD00F0E4FE0128F7D16B
:107CA000A02383F311880D490D4A0E4B4FF0FF3589
:107CB0000D6010601C6003B0BDE83040FEF7F2BFFD
:107CC000094940F2DC7003B0BDE8304007F004BC65
:107CD00010D20020A4F30400BD7F020014D20020C3
:107CE00030D200205CD2002054F30400024A136812
:107CF00001331360704700BFDCD10020014B1868CE
:107D0000704700BF5CD2002008B5FFF761F8014B57
:107D1000186808BD5CD2002038B50A4D0A4A2B68A5
:107D2000126803449342044603D8286804442C6034
:107D300038BD40F6C910054907F0CEFB2868044459
:107D40002C6038BD5CD2002014D2002054F3040013
:107D50002DE9F04F444B1B6883B0002B46D1434BB9
:107D60001F6801371F60002F4ED0DFF81CB1DBF811
:107D70000030BB4262D83E4E33681D68002D6ED085
:107D8000DFF80881DFF808A1DFF80891002522E07C
:107D90000191FEF7FDFEA36A019904F1180013B1E9
:107DA000FEF7F6FE0199E36AD8F8002003EB8300A2
:107DB00093420AEB800088BFC8F80030FEF7C0FE8F
:107DC000D9F800203368E16AD26A1B68914228BF63
:107DD0000125002B43D03368DB68DC686368211D14
:107DE0009F420846D4D2CBF8003004E0214A136801
:107DF000013300251360204B1B68002B0CBF284665
:107E0000012003B0BDE8F08F194E33681B6803BB37
:107E10001A4B31681A683260194A196013680133C5
:107E2000136033681B685BB9DFF85CB04FF0FF3359
:107E3000CBF80030DBF80030BB429CD90025DAE7F4
:107E40003368DFF844B0DB68DB685B68CBF8003090
:107E50008DE70C4940F6332007F03EFBD8E74FF0A2
:107E6000FF33CBF80030C6E7DCD100205CD2002025
:107E70003CD10020D8D1002060D2002040D1002089
:107E800018D2002054F3040014D20020E4D10020C2
:107E900044D1002038D100202DE9F04F3B4C23681D
:107EA00083B0002B64D0FEF761FF2368013B2360A1
:107EB0002368002B54D1364B1B68002B50D0354D16
:107EC0002B68002B5FD0344EDFF8E880334FDFF8AB
:107ED000E8904FF0010AEB68DC6804F1040B04F150
:107EE0001800FEF755FE5846FEF752FEE36A326868
:107EF00003EB83009342594608EB800088BF336050
:107F0000FEF71EFE3B68E26ADB6A9A4228BFC9F8A8
:107F100000A02B68002BDED1214B1A6812686AB3CF
:107F20001A68204BD268D26852681A601E4E3468B4
:107F300044B10125FFF70CFF08B1C9F80050013C1E
:107F4000F8D13460D9F8003053B1184B4FF080525B
:107F50005A6040BFBFF34F8FBFF36F8F012000E027
:107F600000200190FEF71EFF019803B0BDE8F08FDE
:107F70000F494FF4046007F0AFFA94E7094B4FF054
:107F8000FF321A60D2E7DFF83090CFE7DCD1002073
:107F9000D0D100201CD20020E4D1002038D1002014
:107FA0003CD1002014D20020D8D1002000ED00E008
:107FB00054F3040044D1002060D200202DE9F84F92
:107FC0003C4C3D4E3D4DDFF80C91DFF80C81DFF865
:107FD0000CB14FF0805A14E0FEF7C8FEF368DF687A
:107FE000381DFEF7D5FD2B68013B2B602368013B54
:107FF0002360FEF7D7FE386BFEF74EFD3846FEF7DE
:108000004BFD2368002BE7D12D4B1B68012B06D9B4
:10801000CBF804A040BFBFF34F8FBFF36F8F07F0C3
:1080200063FAD9F800301BBBD8F80030DB6A002BAC
:10803000E7D1234B1B68012BE3D8224922480B6868
:1080400002689B1A012BDCD9204A136801331360A4
:108050000A6803689A4226D3D9F8003083B1D8F869
:108060000030DB6A0BB9164B1B68FFF715FFB0E752
:10807000D8F80030DB6A002BC3D1114B1B68C0E776
:10808000D8F80030DB6A002BEFD10D4B1B68012BB9
:10809000EBD80C4B18680C4B1B68C01A0128E4D9AC
:1080A00006F094FEE1E70A4940F6EE4007F014FAC4
:1080B000D2E700BFD4D1002048D20020D0D1002088
:1080C00044D1002014D200205CD20020DCD100205A
:1080D00054F30400E4D1002038D1002000ED00E08A
:1080E000F8B5194B1B681BB1184B01221A60F8BD7B
:1080F000164A174E13603468164D04EB84039B0038
:10810000A200EB584BB9144FC4B1013C04EB8403FB
:10811000A20055F82330002BF6D0224405EB820153
:108120000D464B680D4A5B684B600835AB4204BF97
:108130005B684B60DB6813603460F8BD39464FF410
:10814000356007F0C9F9E0E7DCD1002060D20020FB
:10815000E4D1002044D1002054F3040038D10020A1
:1081600070B504462C4EFEF701FE002C3BD0251DB9
:108170002846FEF70DFDA36A1BB104F11800FEF7B7
:1081800007FD29462548264DFEF7DAFC94F84C30C9
:10819000012B04BF002384F84C30FEF703FE2B684C
:1081A00093B93368A34200D070BD2B6813B31D4B45
:1081B0001B685BBB1C4B4FF080525A6040BFBFF343
:1081C0004F8FBFF36F8F70BDFEF7D0FD174B1A684E
:1081D000126852B11A68164BD268D26852681A6097
:1081E000FEF7E0FDDDE73468C1E7114B4FF0FF32E9
:1081F0001A60F5E709490F4A09681268914201D1EE
:10820000336070BDBDE87040FFF76ABF0A4940F2B5
:10821000A26007F061F9CDE738D1002034D2002008
:1082200030D20020DCD1002000ED00E03CD1002065
:1082300014D20020D0D1002054F3040038B50D46EC
:10824000044658B1084B196820461831FEF788FCDF
:1082500028460121BDE83840FFF732BB03494FF4FF
:10826000366007F039F9EDE738D1002054F3040007
:1082700070B50E461446054678B10B4B1968284672
:108280001831FEF75DFC002C21460CBF30464FF044
:10829000FF30BDE87040FFF713BB044940F68B3058
:1082A00007F01AF9E9E700BF38D1002054F30400C1
:1082B00030B5C368DC6883B0002C3CD004F11805ED
:1082C0002846FEF765FC1F4B1B683BBB211D08467B
:1082D0000191FEF75DFC1C4AE36A10680199834234
:1082E0001A4888BF136003EB830300EB8300FEF79B
:1082F00027FC174BE26A1B68DB6A9A4282BF154B68
:1083000001201860144B1A68126898BF002052B9F7
:10831000124B4FF0FF321A6003B030BD10482946AF
:10832000FEF70EFCE5E71A680C4BD268D26852687B
:108330001A6003B030BD0B4940F6BB3007F0CCF8F3
:10834000BCE700BFDCD10020E4D1002044D10020F4
:1083500038D1002060D200203CD1002014D200206F
:108360001CD2002054F30400034A044B12681B681B
:10837000C0E90023704700BF18D200205CD2002063
:10838000F0B50D4683B0044658B38DB3FEF7EEFC4E
:108390002B681A4A581C11681DD0DFF868C0D4E950
:1083A0000060DCF80070BE4208D0884206D8012088
:1083B0000190FEF7F7FC019803B0F0BD0F1ABB4225
:1083C0000BD95B1ADCF80010126803442B60002004
:1083D000C4E90012ECE70020EAE700232B6001204B
:1083E000E6E7074940F6264007F076F8002DCDD1A4
:1083F000034940F6274007F06FF8C7E75CD200203A
:1084000054F3040018D20020014B01221A60704777
:1084100060D20020094B186818B9094B1B6813B1CA
:10842000704700207047074A074B10681B68013BE4
:10843000984214BF01200220704700BF1CD20020C8
:1084400060D2002034D20020D0D10020054B1B6820
:1084500033B1054B1B68002B0CBF02200020704776
:108460000120704730D20020DCD1002070B50446D6
:1084700082B0C8B11D4DC36A2A68D26A934215D230
:108480008269002A04DB2A68D26AC2F1070282618B
:10849000174E626903EB830306EB83039A420ED007
:1084A0002B68DB6AE362012002B070BD2B68006CB0
:1084B000DB6A98422CBF0020012002B070BD211D54
:1084C00008460191FEF764FB2A680A4BD06A1A68D5
:1084D0000199E062904200D9186000EB800006EB41
:1084E0008000FEF72DFB0120DEE700BF38D1002021
:1084F00044D10020E4D10020F0B110B51C4B1B6822
:10850000834282B0044604D01A4940F63B7006F01C
:10851000E3FF636C4BB1E16A226C013B91426364FF
:1085200000D05BB1002002B010BD124940F63C7093
:1085300006F0D2FF636CEEE700207047211D08466D
:108540000191FEF725FB236C0B4AE362C3F10700A0
:10855000A061106801998342084888BF136003EB4B
:10856000830300EB8300FEF7EBFA012002B010BD9D
:1085700038D1002054F30400E4D1002044D100207D
:10858000B8B130B5436C83B00D4604465BB1216C85
:10859000E36A8D4238BF0D46AB4202D0626C012ABD
:1085A00008D003B030BD1B4940F68A7006F094FF36
:1085B000EDE77047184A1268A24223D0A269E5622B
:1085C000002AA4BFC5F10705A561144D626903EB3C
:1085D000830305EB83039A42E3D1211D08460191F1
:1085E000FEF7D6FA0E4BE06A1A680199904288BFEE
:1085F000186000EB800005EB800003B0BDE8304060
:10860000FEF79EBA034940F6A57006F065FFE36ADF
:10861000D4E700BF54F3040038D1002044D1002037
:10862000E4D10020044B1A681AB119684A6C01326F
:108630004A641868704700BF38D1002070B5184CE4
:1086400006460D46FEF792FB23689B6C23B9236810
:10865000012183F84C10ADB9FEF7A4FBFEF786FBB1
:1086600023689D6C1DB123684EB100229A64236873
:10867000002283F84C20FEF795FB284670BD6A1E49
:108680009A64F4E72846FFF71BF9064B4FF0805237
:108690005A6040BFBFF34F8FBFF36F8FDCE700BF5F
:1086A00038D1002000ED00E02DE9F043224C83B0EA
:1086B0000E46804615469946FEF758FB216891F80C
:1086C0004C1002290BD023689F6C27EA08079F648F
:1086D0002368012183F84C10B9F1000F18D1FEF77F
:1086E00061FBFEF743FB15B123689B6C2B6023688D
:1086F00093F84C30022B18D0002023680190002200
:1087000083F84C20FEF74EFB019803B0BDE8F083E0
:108710004846FFF7D5F8094B4FF080525A6040BFEA
:10872000BFF34F8FBFF36F8FD9E72368996C21EAAE
:10873000060601209E64E0E738D1002000ED00E04D
:10874000F0B50E4683B017461D460446002862D099
:10875000FEF70CFB0DB1A36C2B6094F84C3002219A
:108760007A1EDBB284F84C10032A06D8DFE802F048
:10877000480E0402022B4CD0A664012B0CD0012021
:108780000190FEF70FFB019803B0F0BDA26C012B26
:1087900002F10102A264F2D1211D08460191FEF707
:1087A000F7F9204AE36A1068019983421E4888BF9E
:1087B000136003EB830300EB8300FEF7C1F9A36AA8
:1087C00023B11A4941F20E2006F086FE184B1A68B2
:1087D0001268CAB11A68174BD268D26852681A6018
:1087E000154BE26A1B68DB6A9A42C8D9134B4FF0FB
:1087F00080525A6040BFBFF34F8FBFF36F8FBEE709
:10880000A16C0E43A664B8E70A4B4FF0FF321A6022
:10881000E6E70020B4E7054941F2D61006F05CFE19
:1088200096E700BFE4D1002044D1002054F30400B7
:108830003CD1002014D2002038D1002000ED00E00F
:108840002DE9F0410F4682B015461E460446002829
:108850005FD0FEF7BDFAEFF31188A02383F31188F0
:108860000EB1A36C336094F84C3002216A1EDBB267
:1088700084F84C10032A06D8DFE802F0310D040218
:10888000022B44D0A764012B0BD0012088F3118860
:1088900002B0BDE8F081A26C012B02F10102A264DA
:1088A000F3D1A36A23B11F4941F2882006F014FED8
:1088B0001D4B1B68BBB11D4804F11801FEF740F9C0
:1088C0001B4BE26A1B68DB6A9A42DED9089B33B312
:1088D0000120186088F3118802B0BDE8F081A16C16
:1088E0000F43A764CFE7211D08460191FEF750F919
:1088F000104AE36A1068019983420F4888BF1360E9
:1089000003EB830300EB8300FEF71AF9D8E700209E
:10891000BCE7044941F2412006F0DEFD99E7074B30
:10892000D6E700BF54F30400DCD100201CD20020A5
:1089300038D10020E4D1002044D1002060D20020B2
:1089400070B50D4682B00446002845D0FEF740FAC7
:10895000EFF31186A02383F31188022394F84C20AF
:1089600084F84C30A36C012A03F10103A36403D003
:1089700086F3118802B070BDA36A23B11B4941F28E
:10898000E22006F0A9FD1A4B1B688BB1194804F1CF
:108990001801FEF7D5F8184BE26A1B68DB6A9A42A9
:1089A000E6D9FDB101232B6086F3118802B070BDBA
:1089B000211D08460191FEF7EBF8104BE06A1A689A
:1089C0000199904288BF18600D4B00EB800003EBCB
:1089D0008000FEF7B5F8DEE7044941F2BC2006F05E
:1089E0007BFDB3E7074B01221A60C1E754F3040093
:1089F000DCD100201CD2002038D10020E4D100209E
:108A000044D1002060D20020F8B5104CFEF7AEF93A
:108A100025681DB1BDE8F840FEF7C4B90C4F0D4EF6
:108A20003846FEF77DF83046FEF77AF80A4B1F60AD
:108A30000A4B2A46102104201E60FEF719FB206015
:108A40000028E7D00649FEF7FDFEE3E798D20020B4
:108A50006CD2002080D2002064D2002068D2002096
:108A6000ACF3040000B583B0FFF7CEFF0C4B1B68DE
:108A70006BB10C4A0C490D480223CDE900320023AA
:108A80005022FEF757FF10B103B05DF804FB084910
:108A90004FF4887006F020FD002003B05DF804FB61
:108AA00098D200209CD2002004F40400F58B020030
:108AB000B4F304002DE9F041074628200D46904606
:108AC0001E46FDF74FFF044658B16DB1FFF79CFFFE
:108AD000069B2760C4E9065826626362201DFEF7E4
:108AE0002BF82046BDE8F081024940F2691006F0FB
:108AF000F3FCEBE7B4F304002DE9F0410E4684B03B
:108B0000174698460546E0B1154C206870B1052E11
:108B1000CDE9006702950CDCFFF798FC022816D01F
:108B2000002320681A466946FEF7FCFA04B0BDE847
:108B3000F081002342466946FEF7CAFB04B0BDE857
:108B4000F081084940F2831006F0C6FCDCE720689B
:108B50000A9A00236946FEF7E5FA04B0BDE8F08101
:108B600098D20020B4F304002DE9F0431E4EDFF844
:108B7000808083B04FF000090CE0DB68DC681F6880
:108B8000251D2846FEF704F8636A20469847E369E6
:108B9000012B0AD033681A68002AEED1134A1168F3
:108BA0003160136003B0BDE8F083A26907EB020CEB
:108BB00067454FF0000320463A46294606D2306802
:108BC000C4F804C02461FDF7CBFFE3E7CDF80090C3
:108BD0001946FFF791FF0028DCD1414640F26F3083
:108BE00006F07AFCD6E700BF64D2002068D20020ED
:108BF000B4F304002DE9F04F884E894D894CDFF81D
:108C0000308289B03368D3F80090B9F1000F00F0DA
:108C10009480DB68D3F80090FFF768F8FFF76EF8F0
:108C20002A688242824600F299808145286040F29B
:108C3000A48000222068A9EB0A01FEF719FEFFF7C5
:108C40002BF940B94FF08053C8F8043040BFBFF350
:108C50004F8FBFF36F8F2068002204A9FEF7DEFB61
:108C60000028CFD0049B002B5FDB069F7B6913B1EC
:108C7000381DFDF78DFFFFF741F82A6890428146C5
:108C800073D3049AC5F80090092AE4D801A353F8D5
:108C900022F000BFBD8C0200BD8C0200BD8C020022
:108CA000578C0200078D0200238D0200BD8C02004C
:108CB000BD8C0200578C0200078D0200059AB9692D
:108CC0003F6150182CBF01230023484578604FD8DE
:108CD000A9EB0203994275D87B6A38469847FB692D
:108CE000012BB8D1BB69059A1A440023009338467A
:108CF0001946FFF701FF0028ADD14B4940F2FE2095
:108D000006F0EAFBA7E7059ABA61002A4BD04A446D
:108D10004A457A603F6155D93068391DFDF720FF1B
:108D200099E73846FDF7B8FE95E7059BDDE90601B2
:108D30009847049B002B8EDB97E7FEF7D7FFFEF7E3
:108D4000DDFF2A689042824608D3384BC5F800A060
:108D50001A681268B2FA82F252096BE7FFF704FF51
:108D6000C5F800A0FFF798F875E7FFF7FDFE88E764
:108D70004A45D1D9002BAFD0CEE7FFF78DF8326846
:108D8000D268D2F80CB00BF1040108460391FDF74C
:108D9000FFFEDBF81C000399012819D0DBF8243012
:108DA0005846984757E7204940F2153006F094FBA3
:108DB000BA693F6102EB090149457960ACD8002AE4
:108DC0003FF449AF194B391D1868FDF7C9FE42E75A
:108DD000DBF81800CBF810B009EB00035345CBF8D3
:108DE000043003D93068FDF7BBFED7E7AAEB0903CF
:108DF00098420ED8002300934A4619465846FFF77A
:108E00007BFE0028CAD1084940F2E51006F064FB59
:108E1000C4E7064B1868FDF7A3FEBFE764D2002045
:108E200094D2002098D20020B4F3040068D200202D
:108E300000ED00E010B5044682B058B1FDF796FF92
:108E40006069003818BF01200190FDF7ABFF019861
:108E500002B010BD024940F2B73006F03DFBEDE72D
:108E6000B4F3040010B5044682B040B1FDF77EFFB4
:108E7000206A0190FDF796FF019802B010BD0349EA
:108E80004FF4737006F028FBF0E700BFB4F3040062
:108E90002DE9F8430F4DDFF84090112405F1030848
:108EA00001274FF0A04607FA04F44545C6F80845E7
:108EB0000ED015F8014B1F2C494640F2CD10F2D9C7
:108EC00006F00AFB07FA04F44545C6F80845F0D158
:108ED000BDE8F88385F4040054F40400032810B5B9
:108EE000044611D80F4B1C5D1F2C15D84FF0A04124
:108EF0000122D1F80435A24022EA03001340C1F850
:108F00000805C1F80C3510BD07495F2006F0E4FAEA
:108F1000044B1C5D1F2CE9D9044940F2CD1006F02A
:108F2000DBFAE3E784F404000CF4040054F40400D6
:108F3000C20710B504460ED4A30700D410BD4FF0ED
:108F4000A0430C22C3F83427C3F83827C3F83C27C2
:108F5000C3F8402710BD4FF0A0430322C3F84427B5
:108F6000C3F84827C3F84C27C3F85027FFF790FFF2
:108F7000E2E700BF42DF704744DF704700B170474F
:108F800010B5074CA368012262703BB1D3E90023FE
:108F90000020A2609847A368002BF7D110BD00BF46
:108FA000A0D2002010B580B1012800D010BD0E4C19
:108FB0002369A070002BF9D0D3E90023012022619E
:108FC00098472369002BF7D1F0E7074CA3680122EB
:108FD0006270002BEAD0D3E900230020A2609847FA
:108FE000A368002BF7D110BDA0D20020014B187848
:108FF000704700BFA0D2002038B50C4C237813B1C5
:109000008525284638BD0A486360A3602361E36074
:1090100000F05AF9054603F053FD18B101232370FF
:10902000284638BD00F066F9F8E700BFA0D200205E
:10903000A58F020030B5234D2B7883B00446002B5A
:1090400033D0AB7803F0FF02ABB114B163680120F9
:10905000984700230DF107008DF80730F7F740FA25
:10906000EB689DF807000133EB60F7F76FFAEB68E8
:1090700003B303B030BD0DF107008DF80720F7F7FB
:109080002FFA64B12A6942B1944208D0134601E034
:109090009C4204D01B68002BFAD122602C61EB6843
:1090A000002BDDD100F04EF9DAE70749E92006F0A0
:1090B00013FAC6E7044940F2051003B0BDE830409A
:1090C00006F00ABAA0D2002088F4040010B51C4CA7
:1090D000237882B09BB1E368CBB100230DF1070088
:1090E0008DF80730F7F7FCF9E368013BE360E368CC
:1090F0009BB19DF80700F7F729FA02B010BD11499E
:109100004FF4857006F0E8F9E368002BE5D10D49CE
:1091100040F20B1006F0E0F9DFE703F0D1FC48B9AC
:1091200000F04AF900239DF80700A370F7F70EFA44
:1091300002B010BD0349792006F0CEF9F0E700BF78
:10914000A0D2002088F4040010B5012882B004D019
:1091500003281DD0B0B102B010BD174C00230DF193
:1091600007008DF80730F7F7BBF9237803B3E368FE
:109170009DF8070001221344E360A270F7F7E6F9B7
:1091800002B010BD0D4B0122C3F8802002B010BD0B
:10919000094B1B7833B100F0ADF802B0BDE81040C8
:1091A000FFF794BF064940F2452006F095F9F2E733
:1091B000FFF722FFDBE700BFA0D2002000E100E0C4
:1091C00088F4040030B5274D2B7883B00446002B7B
:1091D00036D06B7803F0FF02ABB114B163680020A6
:1091E000984700230DF107008DF80730F7F778F95D
:1091F0006B689DF8070001336B60F7F7A7F96B68A0
:1092000023B303B030BD0DF107008DF80720F7F749
:1092100067F964B1AA6842B1944208D0134601E0EC
:109220009C4204D01B68002BFAD12260AC606B68B2
:10923000002BDDD103F044FC80B900F0D3F8D7E770
:1092400009494FF4937006F047F9C2E706494FF415
:10925000A17003B0BDE8304006F03EB9FFF78AFECA
:10926000C6E700BFA0D2002088F4040000B5144B6C
:109270001B7883B083B103F023FCB0B94FF0804377
:10928000D3F80C0400F00110A0F10110B0FA80F046
:10929000400903B05DF804FB0A4940F2551006F09E
:1092A0001BF903F00DFC0028E8D001A8FFF764FECD
:1092B0000198003818BF012003B05DF804FB00BF1F
:1092C000A0D2002088F4040010B5044640B1074A3B
:1092D000107918B901211460918010BD852010BD4E
:1092E0000349A42006F0F8F8F1E700BFB4D200204B
:1092F000E8F4040008B5104B1B794BB10F4B1A680A
:10930000D2070DD54FF080430122C3F8182508BDC0
:109310000B49BD2006F0E0F8084B1A68D207F1D4DB
:109320000122C02183F800131A604FF0804301220C
:10933000C3F8182508BD00BFB4D2002000E100E04A
:10934000E8F4040010B5184B1B7982B03BB34FF022
:1093500080430022C3F80421D3F804210192134969
:1093600001980222C3F80423D1F8FC00104A40F00F
:109370008073C1F8FC30146844F001031360516835
:1093800053685B1AB3F50A5FFAD3084914604FF0CB
:1093900080430122C1F8FC009A6002B010BD05496B
:1093A000EA2006F099F8D2E7B4D2002000ED00E000
:1093B000001000E0E8F4040008B5084B1B7943B145
:1093C0004FF080420123D360D2F81834DB03FBD482
:1093D00008BD0349F72006F07FF8F1E7B4D200207A
:1093E000E8F4040000B50C4B1B7983B07BB14FF05F
:1093F00080430022C3F80021D3F800210192019993
:109400000122C3F804231A6003B05DF804FB03498A
:10941000FF2006F061F8EAE7B4D20020E8F4040087
:1094200010B54FF0804382B0D3F8002162B1002123
:10943000164AC3F80011D3F80011507900910121A8
:10944000009CC3F80813A8B14FF08043D3F804215F
:10945000CAB10022C3F80421D3F8042101920B4AB7
:1094600001980221C3F808131368012002B0BDE877
:10947000104018471368517198474FF08043D3F854
:109480000421002AE5D102B010BD00BFB4D20020F3
:1094900030B51F4C94F8583083B0ABBB04F12F03A8
:1094A000204604F14F01FF2203F8012F8B42FBD12C
:1094B0004FF0FF3222600123072B88BFE11803F130
:1094C000010340F8042F88BF81F848200C2BF3D10A
:1094D000042200210F4806F0B2FB0F4A0F4BC021B7
:1094E00082F80613002040211160C3F87C01D3F8F4
:1094F0007C210192019D4FF00042012184F8581017
:10950000C3F8042303B030BD082003B030BD00BF52
:10951000BCD2002010D3002000E100E00060004039
:10952000034B93F85800003818BF0120704700BF64
:10953000BCD200201F282DE9F84306460F4691466D
:1095400057D8DFF8388108EB060393F93030002B49
:1095500002DB0820BDE8F883BA78C2F34002002A93
:1095600014BF0024082408EB8403A3F1040314BFF0
:1095700008210C2102E00134A14240D953F8045FD4
:109580000135F8D108EB060365B248F8249083F85A
:1095900030501AB908EB040383F84860B8784307E1
:1095A00018D4C2074BD41F2E97F8019059D84FF00A
:1095B000A04206F5E0714FEA890342F821302C49B8
:1095C000F20806F0070C885C012303FA0CF303434E
:1095D0008B54B87810F0020014D1083D48FA85F891
:1095E0003A7898F8503043EA821388F85030BDE852
:1095F000F883204940F2072005F06EFFA1E7042020
:10960000BDE8F883A40004F1804404F5C0443A782E
:10961000D4F8101521F4473121F44071C4F8101525
:1096200033021204D4F8101502F4403203F4F85354
:1096300013430B43C4F810350020BDE8F8831F2EF8
:1096400009D8B30003F1A043D3F8002722F00202A7
:10965000C3F80027B3E7084940F2CD1005F03CFFFE
:10966000EFE7054940F2CD1005F036FF9FE700BF58
:1096700010D3002044F5040054F40400BCD20020B0
:10968000F0B51F2883B004460F4650D83F4E351919
:1096900095F93030002B55DB072B1FDD083B46FAD0
:1096A00083F393F850309B09032B53D0012B0CBF4D
:1096B0004FF400354FF440351F2C5BD8A40004F163
:1096C000A044D4F8003723F44033C4F80037D4F86A
:1096D00000371D43C4F8005703B0F0BDDAB2072AC3
:1096E000FAD89A0002F1804202F5C042D2F8101571
:1096F00041F00101C2F8101503F1400252B292008C
:1097000092B202F1804202F5C0420021116012685B
:109710000192019A002FDFD056F82320002ADBD0D7
:109720001B49012202FA03F3C1F80433D4E7174EB0
:109730001849351940F2372005F0CEFE95F9303042
:10974000002BA9DA13494FF40E7005F0C5FE95F908
:109750003030A1E71F2C13D84FF0A0431F2CD3F8B3
:10976000105525FA04F505F0010505F102054FEA4B
:109770000545A3D9084940F2CD1005F0ADFE9DE79F
:10978000054940F2CD1005F0A7FEE5E7BCD2002068
:109790000060004044F5040054F404001F2838B56C
:1097A00004462CD8224D254495F93030002B31DB6E
:1097B000072B14DCDAB2072A10D89A0002F1804293
:1097C00002F5C0421B4CD2F81005012120F0010027
:1097D00001FA03F3C2F81005C4F8083338BD1F2C92
:1097E00020D8A40004F1A044D4F8003723F4403377
:1097F000C4F80037D4F80037C4F8003738BD0C4D32
:109800000D4925444FF4197005F066FE95F9303086
:10981000002BCDDA084940F2652005F05DFE95F990
:109820003030C5E7054940F2CD1005F055FED8E7C8
:10983000BCD200200060004044F5040054F4040051
:109840001F2810B5044607D84FF0A043D3F81005E1
:10985000E04000F0010010BD05494FF4227005F012
:109860003BFE044940F2CD1005F036FEECE700BFA8
:1098700044F5040054F404002DE9F04F002289B0AF
:1098800016460392714B724C72480122354604E031
:10989000043383424FEA420211D019680129F7D1FB
:1098A000D4F804131142F3D01D60196806910433F3
:1098B000834246EA020606994FEA4202EDD1644B22
:1098C000D3F87C21012A06D0F3B2A3B9002E2FDBF6
:1098D00009B0BDE8F08F0022C3F87C21D3F87C31B9
:1098E00007934FF0A042079BD2F810250392F3B2E2
:1098F000F3B146F00046584F00240125A30003F1C0
:1099000080432E4203F5C0434FEA45050BD0D3F800
:10991000100557F82420D3F81015C0F30420C1F324
:10992000014102B190470134082CE7D1002ECFDA73
:10993000DFF830914FF0FF330022CDE90423A9F185
:109940005403464D4FF0000B4FF0010A15F9010B7F
:10995000421C28D008AAC0F3C20102EB010800F0A3
:10996000070618F80C2C0AFA06F63242C7B200F0C5
:109970003F0418D01A19BF0992F9302053F8222059
:1099800062B3032F2CD01F2C34D818F8140C4FEAD4
:10999000840808F1A0483042D8F80017C1F301410B
:1099A00011D103292FD0A945D0D1BBF1000F8FD001
:1099B0004FF0A0420399D2F810258A4288D004992A
:1099C00003920591BDE70229EDD1032F31D0002A82
:1099D000E9D03946204690471F4BE4E7032FE2D1F8
:1099E0000DF1100C1F2C1CF8010040EA06000CF8C9
:1099F0000100CAD91A49019240F2CD1005F06CFD60
:109A0000154B019AC1E7032FE1D14FF400361F2C0B
:109A100012D8D8F8001721F44031C8F80017D8F848
:109A200000170BF1010B0E435FFA8BFBC8F80067C0
:109A3000CDE74FF44036EAE70949019240F2CD10F4
:109A400005F04AFD044B019AE3E700BF00610040C6
:109A50000060004020610040BCD200200CD30020F8
:109A600054F4040010D300202DE9F04F0024DFF857
:109A7000A4B085B007468A46904600F5A0764FF41C
:109A80008035A146D7F804332B420ED03368E0B2BC
:109A90005BB1C7F84853C7F80853C6F8009033685D
:109AA00001935BF82A30019A98470134A0454FEAA8
:109AB000450506F10406E5D1D7F80433DA0702D5E7
:109AC000D7F80031C3B9D7F804339B0711D5D7F8BD
:109AD000043173B10023C7F80431D7F804210D4BCA
:109AE0000392039A53F82A30052005B0BDE8F04FE1
:109AF000184705B0BDE8F08F0023C7F80031054BCB
:109B0000D7F80021029253F82A30029A042098478D
:109B1000D9E700BF18D30020024803220021FFF735
:109B2000A3BF00BF00B00040024804220121FFF79C
:109B30009BBF00BF0040024030B50023C0F8183181
:109B400083B0D0F818210B680192019A0C4613B328
:109B5000E57FFF2D0AD0A37F9BB11F2D21D80123C4
:109B60004FF0A04203FA05F5C2F80C550023204639
:109B7000237250F8082B6168637703B0BDE830406A
:109B800010471F2D13D801234FF0A04203FA05F50B
:109B9000C2F80855EAE709494FF4277005F09CFC24
:109BA000D6E7074940F2CD1005F096FCD7E7044907
:109BB00040F2CD1005F090FCE5E700BFB4F50400DD
:109BC00054F404000348D0F8183113B10249FFF7E8
:109BD000B3BF70470030004020D300200348D0F8C6
:109BE000183113B10249FFF7A7BF70470030024098
:109BF00044D300202DE9F04F074683B093469A46A0
:109C00000C46002900F01F813D79DFF8509305EBE9
:109C1000C50809EB88020092137FEA004FEA880822
:109C20000192002B40F0F680C64B3E6853F8251099
:109C3000304600F019FF0346002840F02C81009ABE
:109C400049F808B0C2F804A0227B94F800A0012AC9
:109C500040F2C980BAF11F0F00F2E180D046012224
:109C60004FF0A04102FA0AF2B8F11F0FC1F808251F
:109C700000F2C88008F5E0724FF0A04B4FF0010AE7
:109C80004BF822A094F80180B8F1FF0F00F0E380B8
:109C9000B8F11F0F424600F214810AFA08F1CBF81E
:109CA0000C1508F5E0784FF0A041032041F828009A
:109CB000A078FF2800F0CC801F28834600F2148192
:109CC0004FF0A04C0BF5E0714FF0040E4CF821E082
:109CD000E900294409EB810181F8200094F8038010
:109CE00081F81F80B8F1FF0F21D02179002900F001
:109CF000B580B8F11F0F00F20E81C24601214FF06E
:109D0000A04001FA08F1BAF11F0FC0F80C1500F2DB
:109D1000B480E90029440AF5E07A09EB81014FF0AB
:109D2000A04C20794FF0030E4CF82AE08877217878
:109D3000C6F80815C6F80C25A268C6F810B5C6F80E
:109D40002425627B217B003A18BF0122022900F002
:109D5000AA80032900F0A480012900F0A780C6F89A
:109D60005425EA002A44A17959F82220C6F8C015E2
:109D7000002A00F08C804022C6F804230722C6F88F
:109D8000002566793968B21E012A4FEA113841F37D
:109D9000073A03D9721F022A00F2C980504644468E
:109DA000BAF1000FC0F285800AF16041720101F53D
:109DB0006141D2B281F800236349400904F01F04D5
:109DC000012202FA04F441F82040EA002A4409EB97
:109DD000820900210122184689F81D1089F81C20EB
:109DE00003B0BDE8F08FBAF11F0F22D8D046012290
:109DF0004FF0A04102FA0AF2B8F11F0FC1F80C258A
:109E00007FF638AF5149009340F2CD1005F064FB66
:109E1000009B2FE70823184603B0BDE8F08F0090A1
:109E20004A4940F2CD1005F057FB94F80080009BA2
:109E300015E70090454940F2CD1005F04DFB94F830
:109E40000080009BD3E74249AD2005F045FBDBE6EF
:109E50004FF0FF3B3CE74FF0FF3229E7B8F11F0F0F
:109E60004DD8C24601214FF0A04001FA08F1BAF1E5
:109E70001F0FC0F808157FF64CAF344940F2CD10E3
:109E8000CDE9002305F028FBDDE9002341E70722A7
:109E9000C6F8002599E71123184603B0BDE8F08FF6
:109EA00042F006025BE742F0040258E742F0020289
:109EB00055E7284908F00F087201D2B201F80820CE
:109EC0007AE7224940F2CD10CDE9008305F004FB8A
:109ED0000AFA08F1CBF80C1540F2CD101B4905F039
:109EE000FBFADDE90023DCE640F2CD101749CDE9AD
:109EF000002305F0F1FADDE90023A078E0E613493C
:109F000040F2CD10CDE9002305F0E6FADDE90023AB
:109F100094F803A0A6E70D4940F2CD10CDE9002347
:109F200005F0DAFADDE9002394F803A0E6E66B20F9
:109F30000949009305F0D0FA3868009B040B40F300
:109F400007302DE740F6040000E100E054F404007F
:109F5000B4F5040014ED00E008F6040020D300205E
:109F60002DE9F84304792F4E04EBC40306EB830379
:109F700007461B7F4FEAC409002B4CD009EB0403B2
:109F800006EB830056F823303D68E3B145F3073311
:109F90005B092033DFF89CC0C5F30432012101FACC
:109FA00002F24CF82320204BC5F80833437F53B10D
:109FB0006961D5F80431002BFBD009EB040306EBF3
:109FC000830300225A7709EB040306EB830393F81B
:109FD0002080B8F1FF0F1CD0B8F11F0F12D828460F
:109FE00008F5E0784FF0A043022243F828204C44C3
:109FF000002706EB8406C5F8007500F067FD37778B
:10A00000BDE8F88340F2CD10084905F065FA3868DC
:10A01000E6E72846EBE7064940F2611005F05CFAF6
:10A02000ACE700BF20D300205201080054F4040024
:10A03000B4F5040000E100E02DE9F0470579874F11
:10A0400005EBC50307EB830382B01B7F80460C46FC
:10A0500016464FEAC509002B00F0BE802368002B8E
:10A0600000F0C380A368002B00F0AA8098F80430A9
:10A07000012B03D8E368FF2B40F2A980784940F216
:10A08000352005F029FA09EB050307EB83029B0055
:10A09000517F002940F0B380FB5823B116F0140F14
:10A0A00004BF0123537709EB050C07EB8C0C94E8F4
:10A0B0000F009CF81FA00CF10C0EBAF1FF0F8EE8F8
:10A0C0000F000ED09CF81E30002B65D0BAF11F0F88
:10A0D00000F2998001234FF0A04203FA0AF3C2F87C
:10A0E0000835226822B102F06043B3F1005F5ED10F
:10A0F000A16821B101F06043B3F1005F57D1D8F8F6
:10A1000000306068C3F84425E268C3F84805C3F826
:10A110003415C3F838250022C3F81821D3F81821C4
:10A120000192019A16F0010218BF0122C3F85025CE
:10A1300016F0020218BF0122C3F8402532075CBFA7
:10A1400001221A6109EB050257F8222062B116F0CC
:10A1500004004FF040021ABFC3F808230020C3F8E0
:10A16000042302B0BDE8F087D3F81821002AFBD001
:10A170004D4407EB8507FC7FFF2C61D0BB7F002B94
:10A1800053D01F2C64D801234FF0A04203FA04F4EB
:10A19000C2F80C450020E4E7BAF11F0F39D80123BB
:10A1A0004FF0A04203FA0AF3C2F80C3599E74D4488
:10A1B00007EB8507002310207B7702B0BDE8F0870E
:10A1C000E36863BB98F80430012B3FF657AF636830
:10A1D000FF2B3FF653AF56E7214940F2322005F0FE
:10A1E0007BF92368002B7FF43DAF6368002B3FF4BD
:10A1F00039AF1B4940F2332005F06EF932E71120E8
:10A2000002B0BDE8F087174940F2CD1005F064F9BF
:10A2100060E7144940F2CD1005F05EF9BFE7104940
:10A220004FF40D7005F058F920E71F2C0AD80123D0
:10A230004FF0A04203FA04F4C2F80845002090E76A
:10A2400000208EE7074940F2CD1005F045F9EEE712
:10A25000044940F2CD1005F03FF994E720D30020E7
:10A26000B4F5040054F404002DE9F041114D124FEF
:10A27000DFF8488082B000244FF480362B6806FA5D
:10A2800004F201347BB1D7F8043305F5E0401A42FB
:10A290004FF0000180B206D029602B680193D8E905
:10A2A0000031019A9847042C05F10405E6D102B06B
:10A2B000BDE8F081409100400090004068D300204C
:10A2C0002DE9F041114D124FDFF8488082B0002493
:10A2D0004FF480362B6806FA04F201347BB1D7F8CC
:10A2E000043305F5A0401A424FF0000180B206D0B9
:10A2F00029602B680193D8E90331019A9847062C0D
:10A3000005F10405E6D102B0BDE8F08140B101409D
:10A3100000B0014068D30020F0B491F82F308AB02B
:10A32000B3B9D0F824214C6B8D6A002A34D0C0F820
:10A330002431D0F8243104930123049A436181F835
:10A340002F30AC4217D0012318460AB0F0BC70473A
:10A350000023C0F82431D0F824210392039AC0F8D6
:10A360001C31D0F81C210292029AC0F80831D0F8B2
:10A3700008310193019BD0F80431002BE3D0002376
:10A38000C0F80431D0F804210992099A81F82D30DF
:10A3900018460AB0F0BC7047D0F81C61A6B1C0F8EE
:10A3A0001C21D0F81C610596059ED0F82461002E72
:10A3B00037D0C0F82421D0F8243106930123069A1F
:10A3C000436181F82F30BCE7D0F80821002AB8D0CB
:10A3D000C0F80861D0F808210792079AD0F8242124
:10A3E00052B1C0F82461D0F8243108930123089AAF
:10A3F000436181F82F30A4E74A6B8E6AB242A0D243
:10A400004E6AD0F81875B7544A6B8E6A013206F15D
:10A41000FF3C62454A6320D0B24225D0012303624B
:10A420008FE74A6B8E6AB24206D24B6A9B5CC0F8D9
:10A430001C3501324A6384E791F82C202AB90A6A54
:10A44000520605D4012343617BE70122C2617BE709
:10A450000122C26181F82D2076E70F6A7F060BD4B6
:10A460000223C0F80032D9E70A6A52067FF569AFC5
:10A47000022281F82D2067E7B242CFD1F8E700BF72
:10A4800010B586B000233A4A0192C0F80431D0F8E2
:10A4900004210592059AC0F82431D0F824210492B1
:10A4A000049AC0F81C31D0F81C210392039AC0F81A
:10A4B00008318A6A0446D0F808010290012A0298FD
:10A4C0004B6381F82F3014D00123C4F800320123EC
:10A4D000236291F82D20022A18BF23600B687BB1FC
:10A4E00040F286238B608B68C4F80433002006B0EA
:10A4F00010BD0B6A5B06E7D40223C4F80032E6E71E
:10A50000019B002B06DC26E0019B013B0193019B94
:10A51000002B04DD2046FFF7FFFE0028F4D191F860
:10A520002F30C3B1D4F8C434C4F8C4349BB113F091
:10A53000010F18BF4FF4024048F2012208BF032068
:10A5400013F0020F18BF104648F2022213F0040F56
:10A5500018BF104600E00020019B002BC7DC002242
:10A560000523C4F800250320C4F80035BFE700BF69
:10A57000A086010010B586B00023434A0192C0F8BE
:10A580000431D0F804210592059AC0F82431D0F89E
:10A5900024210492049AC0F81C31D0F81C210392A3
:10A5A000039AC0F80831D0F808210292044601222B
:10A5B0000298C4F800324B6381F82F30226291F880
:10A5C0002D30934218BFA2604B6B8A6A934210D21F
:10A5D000486A5A1CC35CC4F81C354A630B68CBB18B
:10A5E00040F286238B608B68C4F80433002006B0E9
:10A5F00010BD91F82C30002B43D10B6A13F0400FA3
:10A600004FF0010316BFE361636181F82D300B68E1
:10A61000002BE5D1019B002B06DC26E0019B013BD2
:10A620000193019B002B04DD2046FFF775FE0028F7
:10A63000F4D191F82F30C3B1D4F8C434C4F8C43481
:10A640009BB113F0010F18BF4FF4024048F20122F2
:10A6500008BF032013F0020F18BF104648F2022271
:10A6600013F0040F18BF104600E00020019B002BE0
:10A67000BDDC00220523C4F800250320C4F8003502
:10A68000B5E70123E361A9E7A086010030B5384CA6
:10A69000236887B0002B5AD035494FF04020FFF790
:10A6A0003BFEE0B994F82F30DBB9227B901E0128E5
:10A6B00035D9304D00238DF800300FCD0DF1040C4D
:10A6C000ACE80F002B68CCF80030236A0022590751
:10A6D00084F8302003D4D4E900316846984707B0A5
:10A6E00030BD01F10C0EBEE80F000DF1040CACE81A
:10A6F0000F004FF04025DEF80030CCF80030D5F8E0
:10A70000C434C5F8C4349A0705D45D0725D502239F
:10A710008DF80030D9E701238DF80030D5E7656A60
:10A72000A0698542C5D1E06960626069A062206A63
:10A7300084F82D30C0F34010032A84F82C004FF029
:10A74000402010D007B0BDE83040FFF799BE0A495D
:10A7500040F2912004F0C0FE9EE7D80744BF0323D7
:10A760008DF80030B1E707B0BDE83040FFF702BF19
:10A7700080D300208CD3002050F6040010B5084C84
:10A78000D4F8003182B04BB1064B1B6898470023C8
:10A79000C4F80031D4F800310193019B02B010BD20
:10A7A00000000140C0D3002070B50D4604460028CB
:10A7B00034D0002D38D0214B21491A780D605ABB76
:10A7C000204A217801201870C2F80C156068460CE8
:10A7D0004FF47A72C0030023314605F037F8B6F51E
:10A7E0007A7F054613D2174BC3F80455247AA31E6B
:10A7F000012B02D9631F022B1BD8134B6401E4B257
:10A800004FF4803283F8104300201A6070BD0F4966
:10A81000642004F061FEE6E7082070BD0B494A2081
:10A8200004F05AFE002DC6D108494E2004F054FE13
:10A83000C1E707496B2004F04FFEDEE7BDD30020DF
:10A84000C0D300200000014000E100E0A8F60400B1
:10A8500008F6040010B50C4B1B787BB10B4C237829
:10A86000012B03D00A49762004F036FE094B012261
:10A870000221C3F804231A60217010BD0449752019
:10A8800004F02AFEEAE700BFBCD30020BDD30020BD
:10A89000A8F604000000014038B50B4B1B78022BD2
:10A8A00003D00A49822004F017FE094B187850B1F2
:10A8B000084D094C002303F5C0710133DAB282421E
:10A8C00045F82140F7D338BDBDD30020A8F60400D9
:10A8D000BCD30020000001403546526E30B505461D
:10A8E00083B068B3194B1B78012B03D018498D2016
:10A8F00004F0F2FD00240DF107008DF80740F5F794
:10A90000EFFD144A1378072B12D813492B70581CEB
:10A910001070D1F80805012202FA03F30343C1F8CD
:10A9200008359DF80700F5F711FE204603B030BD4D
:10A930009DF80700F5F70AFE0424204603B030BD59
:10A9400003498C2004F0C8FDCCE700BFBDD3002034
:10A95000A8F60400BCD300200000014010B5084B4D
:10A960001B78022B044603D00649A22004F0B4FD54
:10A97000054B064A04F5C07443F8242010BD00BFFF
:10A98000BDD30020A8F60400000001403546526EF9
:10A9900010B50C4B0C4C027853F8213054F82110B0
:10A9A00086B08DF80420D0E9014202948DF80C2085
:10A9B000D0E9034201A804948DF81420984706B00A
:10A9C00010BD00BFD0D30020C4D300202DE9F04F2C
:10A9D000844617481CF8045BD1F8009091F8048075
:10A9E0004F798E68B1F80CB0DFF850A01446002AF9
:10A9F00040F825400F4A104840F825300FCA85B06E
:10AA0000EE468EE80F000CBF224652462B4671469A
:10AA10006046CDF800908DF805808DF8067002969E
:10AA2000ADF80CB0FFF7E6F805B0BDE8F08F00BF59
:10AA3000D0D3002000F70400C4D3002091A9020065
:10AA400010B5074C236813B1BDE8104018470549FD
:10AA5000512004F041FD2368BDE81040184700BFB5
:10AA6000DCD3002010F7040030B5044683B0F8B101
:10AA7000134B984219D100230DF107008DF80730D0
:10AA80000D46F5F72DFD0F4B9DF807001C793CB9DD
:10AA900001221D601A71F5F759FD204603B030BD43
:10AAA000F5F754FD112003B030BD002003B030BDD8
:10AAB0000549772004F010FD204603B030BD00BFEB
:10AAC00000200040DCD3002010F7040038B1064B12
:10AAD000984203D1054B00221A601A71704704494D
:10AAE0009B2004F0F9BC00BF00200040DCD3002014
:10AAF00010F7040031DF704700B585B0024600232F
:10AB00000DF10F008DF807208DF80F30F5F7E8FCF8
:10AB100001F0D6FF30B19DF80F00F5F717FD05B035
:10AB20005DF804FB09480DF10701FBF72FFD07480D
:10AB3000FBF710FD0028EED000F07AF99DF80F0029
:10AB4000F5F704FD05B05DF804FB00BF4CB304004D
:10AB500000B583B098B103280ED100230DF1070092
:10AB60008DF80730F5F7BCFC11480378012B11D0A4
:10AB70009DF80700F5F7EAFC03B05DF804FB0C4B09
:10AB80001B78012BF8D100F053F903B05DF804EB0A
:10AB900000F064B90749013000F0DEF810B900F0A8
:10ABA00027F9E5E7044940F2071004F095FCF6E7C1
:10ABB00034D40020F9AA02006CF7040010B5154C3B
:10ABC000227882B012BB14498DF807200346002B6F
:10ABD00008BF0B460DF107001B88A4F80130F5F7FC
:10ABE0007FFC01F06DFF40B19DF807000123237049
:10ABF000F5F7ACFC002002B010BD0849601C00F065
:10AC0000ABF80028F7D100F0F3F8EDE7852002B0AB
:10AC100010BD00BF34D40020C4F70400F9AA02001C
:10AC200010B5114C2378012B82B003D00F4990202E
:10AC300004F052FC00230DF107008DF80730F5F702
:10AC40004FFC01F03DFF50B19DF80700F5F77EFC89
:10AC50000748FBF781FD0023237002B010BD00F010
:10AC6000E7F800F0FBF8EFE734D400206CF70400BD
:10AC70004CB304002DE9F043244B1B78012B83B027
:10AC800006460F4603D02249B72004F025FCDFF822
:10AC90008480002542F207090CE09DF80700F5F7D3
:10ACA00055FC39463046FFF725FF484504461ED07F
:10ACB000022C17D10DF107008DF80750F5F710FCA5
:10ACC00001F0FEFE0028E8D13A4631464046FBF747
:10ACD00003FD044600F08CF89DF80700F5F736FCFC
:10ACE000022CE7D044B9204603B0BDE8F083052428
:10ACF000204603B0BDE8F083052CF4D00449D120F0
:10AD000004F0EAFB204603B0BDE8F08334D4002011
:10AD10006CF704004CB30400F8B50D4B1B78012B05
:10AD200004460F460FD16FB1402F3E4628BF402644
:10AD3000F5B229462046FFF79DFF0028F9D1BF1B39
:10AD40003444F1D1F8BD0349E02004F0C5FBEAE743
:10AD500034D400206CF7040070B50D46044658B397
:10AD600085B31D4E33782BBB23781C4ADB07156057
:10AD700006D51B4AD2F8043543F00103C2F8043566
:10AD8000174AD2F8003223F00103C2F80032647887
:10AD9000A31E012B02D9631F022B18D8114B64018B
:10ADA000E4B283F80D434FF40051012219600020F2
:10ADB000327070BD852070BD0B493E2004F08CFBC5
:10ADC000002DCED108493F2004F086FBC9E7074992
:10ADD0006B2004F081FBE1E73CD4002038D4002054
:10ADE00000D0004000E100E0C8F7040008F60400CD
:10ADF00000B50C4B1B78012B83B003D00A495620B9
:10AE000004F06AFB094B0022C3F80021D3F80021AB
:10AE1000019201990122C3F804231A6003B05DF87E
:10AE200004FB00BF3CD40020C8F7040000D0004061
:10AE300008B5074B1B78012B03D006495E2004F0B0
:10AE40004BFB054B0122C3F808235A6008BD00BF25
:10AE50003CD40020C8F7040000D0004010B50A4CD4
:10AE60002378012B03D00949652004F035FB084BFA
:10AE700008490122C3F808234FF400505A60002308
:10AE8000C1F88000237010BD3CD40020C8F7040036
:10AE900000D0004000E100E0074B0022C3F8002191
:10AEA00082B0D3F800210192019A044AD3F8080530
:10AEB0001368C0B202B0184700D0004038D4002058
:10AEC000032806D8012A06D001291BD0022908D060
:10AED00071B107207047012911D002294FF00002FB
:10AEE000F6D10B4B00EB4000034400205A70704732
:10AEF000074B00EB4000034408469A70704700F18E
:10AF00000E02D2B200EB400301490020CA54704740
:10AF100040D4002008B5012202210020FFF7D0FF15
:10AF200010B1072800D008BD072202210120FFF739
:10AF3000C7FF08B10728F6D100210A220846FFF70B
:10AF4000BFFF0028EFD0072808BF002008BD00BFC2
:10AF50000388102B10B507D0112B04D11A4A13689F
:10AF6000013B136033B110BD174C216869B1013149
:10AF7000216010BDFFF7CEFF0028F4D0134B1B68F3
:10AF8000002BF0D0BDE81040184701220846FFF71B
:10AF900097FF38B1072805D00C4B1B6803B19847C1
:10AFA0002168E4E7072202210120FFF789FF08B1A9
:10AFB0000728F1D1042202210020FFF781FF002899
:10AFC000EED00728E8D1EBE750D400204CD4002085
:10AFD0000048704700D6002002490348842204F04C
:10AFE00005BE00BF00E0010000D600202DE9F843B7
:10AFF000C568D0F80890A9EB0508904504461646A8
:10B0000007D940682844354404F0F0FDE560BDE808
:10B01000F8834068284435440F464246A5EB0905AD
:10B0200004F0E4FD60682A4607EB080104F0DEFD49
:10B03000E560BDE8F88300BF2DE9F8430646D0E996
:10B040000205894617464FF0000833699D42A0EB80
:10B05000050403F1FF3224BF03F1FF321218BC4292
:10B0600028BF3C46521B9442706828BF144649468C
:10B070002844224604F0BAFDB0682544A84208BF1F
:10B0800000253F1BF560A044A144DED14046BDE849
:10B09000F88300BF10B5114C114A12490220C4E9CF
:10B0A00004001148C4E906204FF4007020620F48E4
:10B0B0000023C4E912201022E01DA3626362E36250
:10B0C000A3656365E365226504F0ECFD084920464D
:10B0D00004F0E8FD2023A37110BD00BF84D600203A
:10B0E0005CF8040068F804000CD70020FCD60020AF
:10B0F0006CF8040038B5204B00EB400403EBC40EA1
:10B100000130DEF82C4000EB4000012C8C46154647
:10B1100003EBC00005D0022C29D0ACB1002420469E
:10B1200038BDDEF82830DEF8242093429CBFDEF8DC
:10B1300020401B19013B9C1AAC4228BF2C462246DA
:10B14000FFF754FF204638BDDEF82830DEF8242013
:10B1500093429CBFDEF820105B18013B9B1A9D4276
:10B16000DDD82A466146FFF741FF2C46D7E7BDE808
:10B170003840FFF761BF00BF84D60020FFF78ABFC9
:10B180006DDF704779DF70477DDF704764DF7047A0
:10B190002DE9F04F85B099460E9E0388BDF83CA07E
:10B1A0000091174632880192002B53D04FF00008CF
:10B1B000C3464546804605E0B8F800200BF1010B78
:10B1C0005A4529DDD8F8041051F82B0003900022CD
:10B1D0000DF10B0103A8FFF7D9FF044630BB9DF822
:10B1E0000B20BA42E8D12DB33288D119514536DC53
:10B1F0004A440DF10B0103A80125FFF7C7FF002802
:10B2000032D131889DF80B200A443280B8F80020F2
:10B210000BF1010B5A45D5DCE5B13388019A013BAE
:10B220009B1A9BB2FF2B1AD809F80230204605B0B2
:10B23000BDE8F08F3288511C3A440232524589B23F
:10B240000DDC009B318009F801303288013292B266
:10B250003280CDE70024204605B0BDE8F08F0C24F5
:10B26000204605B0BDE8F08F0446204605B0BDE895
:10B27000F08F00BF10B54FF0000C148806E010F8F6
:10B280000CE00EF1010EF4441FFA8CFCA44500EB17
:10B290000C0E03D39EF801E09E4503D08C45EED3FF
:10B2A000002010BD8C45FBD210F80C000CF1020CF4
:10B2B00001381FFA8CFC80B20CEB00038B42EFDCF0
:10B2C000A2F800C010BD00BF2DE9F04790F82D3066
:10B2D000144600222788228086B006460D46002BA1
:10B2E00040F0F080B378002B40F0E480F178002942
:10B2F00040F011817368B3B12288D11CB94200F2C9
:10B30000DD8093F900100223AB54238801339BB2F4
:10B310000A222380EA54238801339BB22380E95414
:10B320002388013323803389002B40F00981338A3D
:10B33000002B40F03C81338B002B40F05481336A6A
:10B34000002B45D0B4F800E00EF10602BA4200F23C
:10B35000B5801A88052A40F2A1816FF4486802EB93
:10B36000080189B24FF27D30814240F297815988BD
:10B37000052940F293816FF4486C8C441FFA8CFCD1
:10B38000844540F28B814FF6FF70824202D08A42A0
:10B3900000F28481052205F80E202288013292B243
:10B3A00012212280A9542288013292B22280198867
:10B3B000A9542A44090A51702288023292B222808A
:10B3C0005B88AB542A441B0A5370238802332380C2
:10B3D000736A002B2FD09988B4F800C0881C0CF138
:10B3E00002020244BA4269D8FE2867D8033105F840
:10B3F0000C102288013292B2FF212280A9542288A7
:10B40000013292B222801988A9542A44090A517043
:10B410002088023080B220809A8862B199680393B4
:10B42000002900F03B81284404F0E0FB039B9A884C
:10B4300023881344238096F82C30002B40F0EC80B6
:10B44000307800283BD03388012B00F027812388F7
:10B450009A1CBA4232D8012804D1717802311944B9
:10B460008F422BD3023FFF1ABFB2A81804A9ADF830
:10B470001070FFF789FE10BB3378022B00F01681A5
:10B480007178BDF810209142C0F00C819742C0F055
:10B49000098117460922FE2F10D82388791CE95408
:10B4A000238801339BB22380EA54238801331F444D
:10B4B000278004E023880433BB425CD90C2006B00B
:10B4C000BDE8F087082FF9D904A8FFF759FE002836
:10B4D000F5D123880822EA54238801339BB21B222A
:10B4E0002380EA542088013080B22080062228443C
:10B4F0000DF1110104F07AFB23889DF8102006332A
:10B500009BB212F0FE0218BF01222380EA54238866
:10B5100001332380E6E62388DA1CBA42CED8022221
:10B52000EA542388012213449BB22380EA542388DF
:10B5300013449BB22380E954238813442380D9E623
:10B5400006F108080222CDE900472B461146404685
:10B55000FFF71EFE0028B2D1CDE9004740462B463A
:10B5600010220621FFF714FE0028A8D1338A002BF1
:10B570003FF4E1AE1BE004A8FFF704FE00289ED1D3
:10B5800023880322EA54238801339BB219222380A3
:10B59000EA542388BDF8102001339BB22380EA547B
:10B5A0002B44120A5A702388023323809EE606F148
:10B5B0001008CDE900472B46022203214046FFF741
:10B5C000E7FD00287FF47BAFCDE9004740462B46DE
:10B5D00010220721FFF7DCFD00287FF470AF338BCA
:10B5E000002B3FF4ACAE06F11808CDE900472B461E
:10B5F000022214214046FFF7CBFD00287FF45FAF05
:10B60000CDE9004740462B4610221521FFF7C0FD2B
:10B6100000283FF494AE52E7B16A00293ED04FF0C3
:10B6200000094B464FF0160A2BE02388E854238884
:10B6300001339BB2238005F803A0238801339BB21A
:10B64000238031F82220EA542B44120A5A702088B1
:10B65000023080B22080B8F8042028444AB1D8F8DB
:10B660000810D9B104F0C2FAB8F8042023881344B2
:10B67000238096F82C205FFA89F39A427FF6E0AE99
:10B68000B16A03EB430201EB820809F10109B8F842
:10B690000430D81C0233FE2BC7D90FE7072006B0B1
:10B6A000BDE8F087012B08D00822F4E6BDF8103081
:10B6B0009F42F9D31F460922EDE68F42F4D30F468D
:10B6C0000822E8E610B582B00024ADF8064058B173
:10B6D00013460DF106020446FFF7CCFD20B1BDF87C
:10B6E0000600204402B010BD002002B010BD00BF13
:10B6F00072DF704773DF7047F8B5044600F1EA0661
:10B7000081700D4607220021304604F098FAE38844
:10B7100013B1A378012B52D0E379002B4CD104F163
:10B72000EB0304F1F10113F8012B002A51D19942E6
:10B73000F9D16B1E032B00F23281DFE803F0020621
:10B740000A0EA379002B40F00381E379002B40F02F
:10B75000E180237A002B40F0F980657A002D40F0DB
:10B76000DE80A570002384F8F33004F13C05182234
:10B770000021284604F063FAE36A591E01220229D7
:10B7800028BF134684F8513094F8243084F83C20C4
:10B7900033B1A36A591E022928BF134684F85230D8
:10B7A000A378002284F85020042B00F2ED80DFE81B
:10B7B00003F046A250711200A378022BAFD1636B45
:10B7C000002B00F0E480012284F8F1200820984743
:10B7D000A5E70122ADE7D4E9071263796164A4F813
:10B7E0004820002B00F0BD8094F8F230002B40F090
:10B7F000B88094F8F430002B00F0B3800223B4F842
:10B80000D810D4F8D40084F850300122FFF75AFF42
:10B8100008B10423037004F1D40704F154062A4646
:10B8200039463046FFF764FF002840F0B380062316
:10B8300084F83130A378C4F8E4701BB19AE0002397
:10B8400084F83130636B13B194F8310098470020CD
:10B85000F8BDD4E903320221C4E91063A4F84820FA
:10B860000323002284F83110C4F8E42084F83C302B
:10B87000002104F154062A463046FFF739FF00281C
:10B88000E6D194F8301094F85400FFF733FF002805
:10B89000D8D0F8BDD4E9051263796164A4F84820D2
:10B8A000002B6AD094F8F230002B66D194F8F43073
:10B8B000002B62D00223B4F8D810D4F8D40084F856
:10B8C00050300122FFF7FEFE08B10423037004F19B
:10B8D000D40704F154062A4639463046FFF708FFDC
:10B8E000002857D1052384F83130A378C4F8E470D8
:10B8F000002BA7D03EE000230122C4E9106384F8A6
:10B900003120C4F8E4300222802384F83C20A4F8DB
:10B910004830ADE7002A3FF41CAF022521E704229E
:10B92000636BA270002B3FF41DAF6279002A3FF4D5
:10B9300019AF94F8F220002A7FF414AF012184F8A3
:10B94000F42084F8F310072098470EE70322E7E776
:10B9500094F82430002B7FF4F8AE002A3FF4F9AEBF
:10B96000FFE6042204F1D40384F83120C4F8E43063
:10B9700004F15406D4F8E4107DE7032204F1D40363
:10B9800084F83120C4F8E43004F15406F2E784F876
:10B99000F130C4E6A378002B3FF454AFEAE700236C
:10B9A000A370DFE680F83010704700BF002977D021
:10B9B0002DE9F0410446002874D091F87A300D4604
:10B9C000002B41D1D5F8A030042B41D0D5F89C30C4
:10B9D000042B3DD00027A77005F1780EBEE80F00BC
:10B9E00004F1040CACE80F00BEE80F00ACE80F0057
:10B9F0009EE807008CE8070084F83070D5F8A43082
:10BA000063634FF6FF78D5F8A830A36304F1D4063A
:10BA10003946A4F8E880C4F8E460072204F1EA009B
:10BA200004F00DF923780BB984F85480224604F110
:10BA300055011F26C4F8D410284622F8D86FFFF706
:10BA400043FC40B1BDE8F08191F89830002BB9D0AB
:10BA50000720BDE8F081224604F19301C4F8DC1010
:10BA600005F13C0022F8E06FFFF72EFC0028E9D139
:10BA7000D4E905230125A4F848304FF48073C4E9C4
:10BA80001002014684F83C5004F13C0204F15400D9
:10BA9000A4F85030FFF72CFE0028D3D12570D1E751
:10BAA0000E2070470E20CDE703780BB1FFF724BEC0
:10BAB000082070470388112B10B50C460BD0262B9D
:10BAC00022D0102B00D010BDC37B012BFBD183886B
:10BAD000A1F8E83010BDB1F8E820838800219A422F
:10BAE00084F8F210EFD12379002BECD1237813B333
:10BAF00001212046FFF700FE0028E4D0A36B002BB5
:10BB0000E1D0BDE810401847037A013B012BDAD899
:10BB10000B7883B18978094B0131A3FB012303F42E
:10BB2000FE7202EB9303C91AC9B22046FFF7E4FD87
:10BB30000028E3D110BD0820E0E700BFCDCCCCCC7D
:10BB400075DF704776DF70477ADF70477BDF7047BD
:10BB500070B51D4D2B8884B2A34282B011D11B4E0B
:10BB6000297A327B91420ED3337C00222A72F3B9B8
:10BB7000736933B100228DF80420ADF8064001A8A6
:10BB8000984702B070BD05F10A011846FFF7D8FFCB
:10BB900040B11128F5D0B369002BF2D002B0BDE856
:10BBA000704018472B7A01332B7202B070BD3B21D5
:10BBB0002046FFF7C7FF30F00803D9D0B369002B48
:10BBC000D6D09847D4E700BF28D900200CD9002050
:10BBD00010B4019C6388834212D38B4210D840F288
:10BBE000F3118A42A08894BF931A531A834207D84C
:10BBF0000A44824234BF002001205DF8044B7047A4
:10BC000000205DF8044B704710B50B46497A82B0AE
:10BC1000024691B9104C93F808C0D4E90110BCF168
:10BC2000000F18BF01465868F4F7C8FB88B1A36934
:10BC30007BB102B0BDE810401847074949690020B0
:10BC4000187231B101238DF80430ADF8062001A837
:10BC5000884702B010BD00BF0CD9002070B5038822
:10BC6000122B82B050D015D8102B2AD0112B0FD107
:10BC7000394C828823889A420AD16068F4F7FEFB27
:10BC800018B1364B9B6903B198474FF6FF73238079
:10BC900002B070BD502BFBD1304CC288E3899A4270
:10BCA000F6D1038A022BF3D12B4D83882E889E4236
:10BCB000EED1123000F050F9002844D02946304629
:10BCC00033E0C37B012BE3D1234C22884FF6FF7373
:10BCD0009A422FD18588224B1030009003CB00224E
:10BCE000C4F80E10C4F80A00238A2272A189E289DE
:10BCF00060892580FFF76CFF184B6072DB89002B91
:10BD0000C6D12146284610E0134C838825889D42E1
:10BD1000BED10830A189238A0090E2896089FFF7AB
:10BD200057FF034621462846637202B0BDE87040C3
:10BD3000FFF76ABF094B9B69002BA9D0042002B012
:10BD4000BDE8704018476868F4F798FB00289FD05A
:10BD5000A369002BF3D19BE728D900200CD9002040
:10BD60003CD9002070B3F8B586460768164E174DCB
:10BD70000446BEE80F00B446ACE80F009EE807009A
:10BD800035608CE80700BFB13846FFF7DDFE90B99B
:10BD900023681868596803C50D4B0E490E4A1846AA
:10BDA0004FF6FF7440F8041F1C800021F4F7D6FA08
:10BDB000002818BF0320F8BD2846FFF7C7FE00285B
:10BDC000EAD0F8BD0E2070470CD900203CD90020E5
:10BDD00028D9002044D9002051BB020070B582B0A0
:10BDE00006460191019D6DB100242546214601A81A
:10BDF000F5F7CEF918B106EB450301359C80013407
:10BE0000142CF3D13046356002B070BD2DE9F04FEF
:10BE10000388B0F80480103B8DB007460A2B33D856
:10BE2000DFE803F006493232323232323250350026
:10BE3000374EB368DB43009371686846F5F7C8F97D
:10BE4000009901A8FFF7CAFFDDF804A0BAF1000FBE
:10BE500012D00DF106097C364FF0000B39F8025F65
:10BE60002C4C204629460434F5F786F9A642F8D131
:10BE70000BF1010BD345F1D1B8F1130F2BD9264AA1
:10BE8000F0210420F4F7B4F90DB0BDE8F08F037A87
:10BE900022483F2B4FEA131441462CD9F5F760F99D
:10BEA0001F484146F5F75CF91E4841460DB0BDE814
:10BEB000F04FF5F755B91C4841460DB0BDE8F04FBD
:10BEC000F5F75AB9037A002BDED1437A13481B07E2
:10BED0004146F2D5EAE714484146F5F741F90D48E5
:10BEE0004146F5F73DF9FB7B012BCDD00F4841468C
:10BEF000F5F736F9C8E7F5F73FF9032CD0D0084835
:10BF00004146F5F739F9022CCED006484146D4E730
:10BF100064D9002068D9002074F804007CD900207E
:10BF200078D9002074D900206CD9002070D9002065
:10BF3000132801D91420704710B50446214604483F
:10BF4000F5F726F908B1204610BD142010BD00BF3A
:10BF500068D90020AADF7047008800F00100704710
:10BF6000F0B58B7891B0012B38BF01230C468DF8CA
:10BF70000E3005460B88ADF80C3016460021032222
:10BF8000684603F05CFE637C0022013B8DF80020D4
:10BF9000042B09D8DFE813F0CF00D300D700DB0073
:10BFA000050022238DF80030A37C0022013B8DF890
:10BFB0000120042B09D8DFE813F0CE00D200D60010
:10BFC000DA00050022238DF80130E37B217B41EA72
:10BFD000C301237C41EA03119DF8023001F01901ED
:10BFE00023F019031943237D002B14BF02230123DF
:10BFF00063F342018DF802101C22002109A803F00E
:10C000001EFE637B13F0300F74D1637B8DF82430F8
:10C010001422A37B8DF82530002104A803F00FFE25
:10C02000A288A368ADF81C2003AACDF814D004920E
:10C030001BB10893E388ADF81830A369002B36D004
:10C0400001AF03220021384603F0F9FDA269002365
:10C0500011888DF804305388ADF82E3053680D9751
:10C060000A93137BADF82C10013B042B2DD8DFE88D
:10C0700003F0969A9E8A290022238DF80530917A42
:10C08000137A43EAC103D17A927B002A9DF80620F5
:10C0900043EA011322F0190203F0190343EA0203F1
:10C0A00014BF0222012262F342038DF80630E369D5
:10C0B00003B10C93334604AA09A92846FFF74AFFA7
:10C0C00011B0F0BD22238DF80430537B0021013BD9
:10C0D0008DF80510042BD2D801A151F823F000BF30
:10C0E0008FC1020097C1020077C102007FC1020028
:10C0F00079C0020002AF03220021384603F09FFD01
:10C10000E37C0022013B8DF80920042B07D8DFE8EF
:10C1100003F0525E5A56030022238DF809309DF831
:10C120000A300E97012262F342038DF80A30112380
:10C130008DF8083069E711238DF8003034E72123AA
:10C140008DF8003030E731238DF800302CE71223D2
:10C150008DF8003028E711238DF8013035E72123D1
:10C160008DF8013031E731238DF801302DE71223AE
:10C170008DF8013029E731238DF805307FE7122350
:10C180008DF805307BE712238DF804309DE71123ED
:10C190008DF8053073E721238DF805306FE7112303
:10C1A0008DF8043091E721238DF804308DE7312399
:10C1B0008DF8043089E711238DF80930AFE7122399
:10C1C0008DF80930ABE731238DF80930A7E721233B
:10C1D0008DF80930A3E700BF90DF7047A5DF7047F7
:10C1E000B5DF704770B584B00023ADF80810ADF826
:10C1F0000A106A4602A90646ADF80C30ADF80E30BA
:10C200000093ADF80430FFF7E7FF044610B920466D
:10C2100004B070BD124B134DED1AED08F5F73AFF5F
:10C220002D0445F0010503460F4932462846F3F731
:10C230007DFBBDF80020BDF8023052EA030103D0B7
:10C240000A492846F3F772FBBDF80420002ADED025
:10C2500028460749F3F7E8FA204604B070BD00BF4E
:10C260007CB3040004B40400C8F8040014F904000A
:10C2700054F9040008B90E20704700B54FF064135C
:10C280004FF01B0E03604FF0640C172241F61B3376
:10C2900080F804E00161A0F806C08260838100207C
:10C2A0005DF804FB8288002A3FD130B50388242B37
:10C2B00083B00C4611D80F2B33D9103B142B30D838
:10C2C000DFE803F0749C2F2F2F2F2F2F2F2F2F2FCE
:10C2D0002F2F2F2F2F2F2FA488003A2B46D0552BEE
:10C2E0001FD1C388C988A272172B38BF17238B426E
:10C2F00028BF0B4623811046FFF772FF002840F04D
:10C300008E80E37A6BB922695AB12189ADF80410A5
:10C3100040F67720ADF80000ADF8023069462046BF
:10C320009047A37A5BB903B030BD7047112840F045
:10C330008E80237B627B01219A42A17245D3E188E2
:10C340000020FFF74BFF60B31128ECD0F5F7A2FEF9
:10C35000464B4749024647481B1ADB081B0443F07B
:10C36000010003B0BDE83040F3F75EBA4389C988E5
:10C3700025698B4228BF0B46172B38BF1723238113
:10C3800065B1E17A51B140F67721ADF80010ADF812
:10C390000220ADF8043069462046A8470023638197
:10C3A000C1E74FF48073638103B030BDC27B0B796A
:10C3B0000B73012A0CBF2188C988228908BFE1803C
:10C3C0008A423AD3627B9A42ABD219460020FFF7E9
:10C3D00009FFA6E70B69027A4A73002BA1D000215E
:10C3E0004DF67A208DF80510ADF80000ADF802107A
:10C3F0008DF8042069462046984792E76421172269
:10C4000041F61B33E180A260A3818CE7017A237B94
:10C41000994228BF19460020FFF7E4FE81E7F5F7AF
:10C4200039FE124B1449024612481B1ADB081B0442
:10C4300043F00100F3F7F8F963E70020FFF7CEFEC1
:10C4400000287FF473AF0122237BE272BAE7F5F78D
:10C4500021FE064B0649024606481B1ADB081B0450
:10C4600043F00100F3F7E0F9237BABE704B40400E9
:10C47000ACF904007CB30400E0F90400B0DF7047BD
:10C4800066DF704760B159B10378DE2B0AD00968C6
:10C490004160DE224FF6FF73027043800020704738
:10C4A0000E2070470820704738B10378DE2B02D188
:10C4B000418000207047082070470E20704700BF61
:10C4C00011B330B5054685B018B10B78DE2B0C469C
:10C4D00001D005B030BD80884B889842F9D10B7AE5
:10C4E00083BB2B88112B49D0512B12D0012BF0D1BB
:10C4F0002B7A012BEDD1012525720021FFF7C0FF1A
:10C5000000284FD12072E4E77047A88863888342EF
:10C51000DFD1AB79022BDCD1AA7B02F0FD0104292B
:10C5200033D0052AD5D100226946C1E90122009203
:10C53000CA608DF80030FFF7A1FF0028C9D06368FA
:10C540009847C6E70021FFF79BFF0346D8B11128A3
:10C5500018D0636898472B88112B0BD0512BD4D05F
:10C56000012BB6D12B7AAA88012BB2D160889042D8
:10C57000AFD1C0E7AA8863889A42AAD14FF6FF7369
:10C580006380A6E701232372E5E769460022C1E93B
:10C5900001220092CA604FF4C0728DF80030ADF8ED
:10C5A0000420C8E7112804D0636805B0BDE8304016
:10C5B000184725728DE700BF1AB3002370B50446F3
:10C5C00015461360B8B10368ABB1C38813F0030616
:10C5D0000FD10846FFF7ACFCC0B214280FD0237966
:10C5E00083420AD9E288236800FB02302860304683
:10C5F00070BD072070BD0E2070BD042070BD0520E9
:10C6000070BD0E20704700BFA8DF7047ADDF7047D8
:10C61000AEDF704762DF7047002957D070B504461F
:10C620008AB038B10388502B0D4650D0572B39D0E3
:10C63000102B01D00AB070BD81886869002601AA5C
:10C640000196FFF7B9FF082231460DEB020003F017
:10C65000F6FA02232989A088CDF80CD002AA029309
:10C66000FFF7D4FF0028E5D1AB69002BE2D0039897
:10C67000FFF772FC0028DDD0019B0BB101221A707C
:10C680001822002104A803F0DAFAA188019A0223F3
:10C690008DF81030AB690595ADF81810079204A815
:10C6A0009847C7E78188686902AAFFF785FF0028D5
:10C6B000C0D1029B1B78002BBCD00146182204A8D5
:10C6C00003F0BDFAA188029A0123E1E7704781884F
:10C6D000686902AAFFF770FF1822002104A803F07E
:10C6E000AEFAE3882989A288ADF818209942029A07
:10C6F0000595079210D0AA899A429BD1AB69002B6D
:10C7000098D0228AADF82420002112348DF8101020
:10C71000089404A898478DE7268A022EEBD1002AB8
:10C7200088D004F11200FFF717FC40B1029B0122F0
:10C730001A708DF81060AB69002BB0D17AE7029ABD
:10C74000032310708DF81030F5E700BF70B5374B3C
:10C750000D4604460FCB8EB00DF1080C8CE80F008F
:10C76000002C60D0002D5ED02B68A361214660466E
:10C77000FFF750FF08B10EB070BD2246012512F838
:10C78000023B8DF8063001A92846ADF80450FFF7AA
:10C790003BFF0028EFD10146202206A803F04FFA04
:10C7A00022460223ADF8183012F80C3B8DF81A30EF
:10C7B000BDF824301E4E6088079623F44F6323F0A3
:10C7C0000F0343F440632B4306A98DF829508DF8DD
:10C7D0002A50ADF82430FFF7C3FB0028CBD1014627
:10C7E000202206A803F02BFABDF8243060880796B3
:10C7F00023F4875323F01F032246032143F480537D
:10C800002B43ADF8181040F20111ADF82A10ADF825
:10C81000243006A912F8043B8DF829508DF81A30FF
:10C82000FFF79EFBA7E70E200EB070BD54FB04007F
:10C830006100010060B3F0B587B00E4617460446AC
:10C8400001AA406919461D46FFF7B6FED8B94FF652
:10C85000FF739D4219D0019BBBB11B78EBB13B88A4
:10C86000612B17D80146102202A803F0E8F9A3882B
:10C87000ADF8083002A901232846CDE904768DF8E9
:10C880000A30FFF7C5FE07B0F0BD052007B0F0BDC8
:10C890000E207047072007B0F0BD0820F3E700BF67
:10C8A00010DF704711DF704710B582B00C490446A5
:10C8B0006846F5F7B3FB019B23B90EE0F5F7CAFB19
:10C8C000019B53B1D3E9003120469847034668469F
:10C8D000002BF3D1112002B010BD002002B010BD1A
:10C8E000C4FB04000C4991F81623EC2352091341B0
:10C8F000DB0707D5094B9A6852B11A6842F48002E7
:10C900001A607047064AA12142F20200F3F770BC98
:10C910004FF480030B60704700E100E0D42D00204D
:10C9200064FB040070B5284D2C7884B0002C46D1EF
:10C93000264E012320463370FFF7B6FF11283BD067
:10C94000234902A8F5F76AFB039B4BB1D3E90031F9
:10C950000020984702A8F5F77DFB039B002BF5D13B
:10C960001C4B00221B68019302A88DF80820F3F7E6
:10C97000B7FD194901A8FFF793FFB0FA80F3044609
:10C980005B099DF808002B70F3F7E0FDA4B9134B89
:10C9900034701C70FFF7A6FF0D4902A8F5F73EFBA7
:10C9A000039B4BB1D3E900310120984702A8F5F76A
:10C9B00051FB039B002BF5D1204604B070BD082429
:10C9C000204604B070BD00BFE1D90020E0D90020AE
:10C9D000DCFB0400C0FB04000D020200E2D90020D1
:10C9E000F0B52A4D2B7883B0002B45D0284E01207E
:10C9F0003070FFF759FF11283AD026496846F5F7FD
:10CA00000DFB019B4BB1D3E90031022098476846EA
:10CA1000F5F720FB019B002BF5D1002768468DF828
:10CA20000070F3F75DFDFFF73DFF04469DF8000041
:10CA30002F70F3F78BFDE4B9174B34709A68FAB98D
:10CA4000164B4FF48002C3F8802012496846F5F770
:10CA5000E5FA019B6BB1D3E90031032098476846A2
:10CA6000F5F7F8FA019B002BF5D1204603B0F0BD95
:10CA70000024204603B0F0BD0824204603B0F0BDDA
:10CA80001A6822F480021A60DFE700BFE1D90020B3
:10CA9000E0D90020DCFB0400D42D002000E100E000
:10CAA000054B1B7833B1054B1B780BB1FFF798BFD3
:10CAB000FFF738BF08207047E0D90020E1D90020F7
:10CAC000014B1878704700BFE1D9002000B583B052
:10CAD00008496846F5F7A2FA019B43B1D3E9002063
:10CAE00090476846F5F7B6FA019B002BF6D103B0E4
:10CAF0005DF804FBD0FB040060DF704769DF70471E
:10CB000061DF7047164B1B784BB330B5154DB7B08E
:10CB1000CC240DF1020103A8ADF80240FFF7F0FFAD
:10CB200088B9294601A8F5F779FA029B002BF0D0C5
:10CB3000D3E9003103A8984701A8F5F78BFA029BC7
:10CB4000002BF5D1E5E7052801D137B030BD064A05
:10CB500040F2391137B0BDE83040F3F749BB7047B8
:10CB6000E3D900204CFC0400E8FB040000295DD060
:10CB700070B52F4B0B6084B00C4605460C2200218B
:10CB800001A803F05CF8012606232268ADF80830FE
:10CB900001A920208DF804508DF80660FFF7AEFF44
:10CBA0000C22002101A803F04AF822688DF80560E4
:10CBB00001A94020FFF7A2FF0C22002101A803F0E9
:10CBC0003EF864232268ADF8063001A923208DF8D1
:10CBD0000450FFF793FF0C22002101A803F02FF867
:10CBE00022688DF8046001A93046FFF787FF0C2208
:10CBF000002101A803F023F84FF4B06322680193E9
:10CC000001A9A120FFF77AFF0C22002101A803F05F
:10CC100016F89DF804302268334301A9A0208DF84E
:10CC20000430FFF76BFF002004B070BD0E2070478A
:10CC30000C26002008B5FFF75FFF10B9014B012259
:10CC40001A7008BDE3D9002008B5064B1B6803B174
:10CC50009847FFF73BFF4FF0FF310120FBF7EEFC59
:10CC6000F7E700BFE8D9002000B50B4A83B00023E6
:10CC70001068019301A9FBF763FE019B43B1074BC9
:10CC80004FF080525A6040BFBFF34F8FBFF36F8F9A
:10CC900003B05DF804FB00BFE4D9002000ED00E024
:10CCA00030B50B461149124C83B00222CDE9002168
:10CCB00005461049104825604FF48072FAF73AFE95
:10CCC000012801D103B030BD0C4B0D480D49C01AED
:10CCD000C008000440F00100F3F772F80A4A6B2123
:10CCE000042003B0BDE83040F3F782BAE4D9002055
:10CCF000E8D9002058FC040049CC02007CB30400B1
:10CD000024B404005CFC04007CFC04004BDF70478E
:10CD100010B5134C84B001A8FFF7F8FFA8B921465D
:10CD200002A8F5F77BF9039B002BF4D0D3E900317F
:10CD30000198984702A8F5F78DF9039B002BF5D1D0
:10CD400001A8FFF7E3FF0028E9D0052801D104B0CE
:10CD500010BD044A6B2104B0BDE81040F3F748BA97
:10CD600054FD0400F0FC040008B5FAF783FF00202E
:10CD700008BD00BF10B584460B46BCF81020DCF897
:10CD80000010BCF908C0406884B0BCF1840F14BF27
:10CD90000CF103040024009403AC0194FAF7CAFDDB
:10CDA00001280CBF0398002004B010BD08B5FAF7A5
:10CDB000A3FE002008BD00BF00B5002385B0CDE96B
:10CDC0000233EFF30583B3B102AB0093012203AB4F
:10CDD000FBF736FD012814D1029B43B10A4B4FF0FB
:10CDE00080525A6040BFBFF34F8FBFF36F8F0398DD
:10CDF00005B05DF804FB03AB0122FBF7A1FC0128A1
:10CE0000F5D04FF00040F3E700ED00E030B585B01D
:10CE1000002304460293EFF3058048B18223019377
:10CE200004AB13E9070084E80700204605B030BDD5
:10CE30001346154602AAFBF737FC012805D00DB9A9
:10CE40000195EDE740230193EAE7029B002BB4BF75
:10CE5000862308230193E3E70120FAF721BA00BFF4
:10CE600010B582B00024019408B3EFF3058333B901
:10CE7000FAF78AFB012817D1002002B010BD01AAE1
:10CE80002146FAF761FC01280ED1019B002BF3D05B
:10CE9000084B4FF080525A6040BFBFF34F8FBFF333
:10CEA0006F8F204602B010BDFF2002B010BD802061
:10CEB00002B010BD00ED00E010B582B00024019476
:10CEC000EFF3058393B101A9FAF75AFA012813D1B8
:10CED000019BA3B10B4B4FF080525A6040BFBFF390
:10CEE0004F8FBFF36F8F204602B010BD1A46194610
:10CEF000FAF718F9012802D0FF2002B010BD002077
:10CF000002B010BD00ED00E010B5EFF305841CB9D0
:10CF1000FAF772FC204610BD8224204610BD00BFE7
:10CF20000129084601D0FAF7CDB810B50322002137
:10CF3000FAF79EF8044620B100231A461946FAF77C
:10CF4000F1F8204610BD00BF10B582B00024019456
:10CF500008B3EFF3058333B9FAF716FB012817D1AD
:10CF6000002002B010BD01AA2146FAF7EDFB01280E
:10CF70000ED1019B002BF3D0084B4FF080525A602A
:10CF800040BFBFF34F8FBFF36F8F204602B010BD7D
:10CF9000FF2002B010BD802002B010BD00ED00E007
:10CFA00010B582B000240194EFF3058393B101A979
:10CFB000FAF7E6F9012813D1019BA3B10B4B4FF00F
:10CFC00080525A6040BFBFF34F8FBFF36F8F204630
:10CFD00002B010BD1A461946FAF7A4F8012802D08B
:10CFE000FF2002B010BD002002B010BD00ED00E037
:10CFF00010B5EFF305841CB9FAF7FEFB204610BD0F
:10D000008224204610BD00BF10B501FB00F282B0A3
:10D0100010460192F9F7A6FC044618B1019A0021C6
:10D0200002F00DFE204602B010BD00BFF9F79ABC19
:10D03000F9F732BD00487047ECD900202DE9F043E4
:10D04000DFF89890214DDFF89880214FC9B0D9F8CA
:10D050000400FFF731FF4FF0FF32012104A8FFF772
:10D06000D5FED9F804000021FFF7FAFE2B689A6973
:10D07000002A21DD0024742606FB04301549426A8B
:10D0800090F81EC0808B9B68009081FB02E1D21754
:10D09000C2EBA101BCF1000F0CBFC646BE46CDE9F4
:10D0A00001E10D4A4FF4807108A802F047FD2B689A
:10D0B0009A690134A242DFDC08A802F03CFE08A90C
:10D0C00002460020FEF716F8C1E700BFC4DA0020D0
:10D0D0006CFD04006766666670FD0400B4DA00202B
:10D0E00068FD04002DE9F041734C744D86B006468E
:10D0F000F9F73CFE23681B692B6013F0AFF800289A
:10D1000040F0D48000F0D0FEDFF8E4810746C8F894
:10D11000000000F087F902466949B2F836C0A1F86C
:10D120000CC0B2F834C0674B0A60A1F80EC02832B8
:10D1300092F810C04A6000221A605A6101225A60B7
:10D1400083F82D2002F1837202F101128A605E4A97
:10D150001A615E4A1A625E4A99625A620321042287
:10D16000C3E9021202229A6140F601029A8329223F
:10D170009A774FF48072D8F800007B63DA8583F8E1
:10D180002CC000F009FF002840F08A80002013F036
:10D19000E9F92368988A13F08FF94E4A0321002099
:10D1A00013F0DEF812F020FC002873D1286812F08A
:10D1B0003BFC002868D121682868183112F095FCE2
:10D1C000002834D1002E39D1434C444E0FCC0DF100
:10D1D000040CACE80F0000272368CCF80030684648
:10D1E0000097FFF739FE3946034601A87360FFF741
:10D1F000C1FD012302464FF4EC603260B360FFF7DB
:10D2000015FF374A336810602BB320B313F040F892
:10D2100048BB2868032112F01FFC00282ED1314B97
:10D2200001221A7006B0BDE8F041F9F7BBBD2E49E6
:10D230002E488222F1F7C0FF002EC5D02168286851
:10D240004C3112F06BFC0028BED0274927488822B9
:10D25000F1F7B2FFB8E73921012001F00BFC13F020
:10D2600017F80028D5D0204920489022F1F7A4FFD4
:10D270002868032112F0F0FB0028D0D01A491B487F
:10D280009322F1F799FFCAE7174918487E22F1F770
:10D2900093FF90E7144915487B22F1F78DFF85E74E
:10D2A000114912487222F1F787FF6FE70E490F48C4
:10D2B0006922F1F781FF25E7B0DA0020DCDA0020EF
:10D2C000C8DA002080DA002080F0A3246CDA002085
:10D2D0005CDA0020F5D202001CFE0400B4DA002063
:10D2E000C4DA0020E0DA0020A8FD040018FE0400E3
:10D2F0007CDA00200B4B10B50C462046196812F062
:10D3000075FE2046FFF794FE074B01211868FFF7D2
:10D3100053FD00B910BDBDE810403C21012001F0D3
:10D32000A9BB00BFC4DA0020B4DA002038B5294C0C
:10D3300023783BBB284C2368A3B14FF0FF316068D2
:10D34000FFF78EFDF9F712FD6068FFF7B5FD206865
:10D35000FFF72CFD054678B13E21012001F08AFB44
:10D36000F9F720FD1D4C2068FFF762FE00232360C3
:10D37000BDE8384012F084BF6068FFF7C5FDC4E91E
:10D380000055EDE7164D286812F07FFB78B912F0D2
:10D390009FFF286812F091FBA8B9124D286800F091
:10D3A0002BFE286800F06EFD00232370C2E70E48B4
:10D3B0000E499D22F1F700FF12F08AFF286812F053
:10D3C0007CFB0028E9D009490748A222F1F7F4FEC6
:10D3D000E3E700BFE0DA0020B4DA0020C4DA00207E
:10D3E000DCDA00207CDA002018FE0400A8FD04002E
:10D3F000024B024601201A60FFF774BEB0DA00202B
:10D40000024B024600201A60FFF76CBEB0DA002023
:10D4100008B5FDF7E1FDFDF7DBFD014B186008BD28
:10D42000E4DA0020014B1868704700BFE4DA0020FE
:10D43000024B1B6893F83C00704700BFE4DA002001
:10D44000034B00381B6818BF012083F83C0070476D
:10D45000E4DA0020806A10B484686469646B002395
:10D46000A4461A465DF8044B0321604739B1488F42
:10D4700010F0020001D000207047488770474FF03D
:10D48000FF307047F0B5856AAB68D3E9042683B0F6
:10D49000D76A084A0C461F2301212846B84701AB2A
:10D4A000766B002228465721B047019B236000205D
:10D4B00003B0F0BD200001000802090E704700BF54
:10D4C000120A42EA03607047826AC368526B926A2A
:10D4D0001944908921F001034FF480720021E3FB8D
:10D4E00002017047DDE90001101A63EB010303F04C
:10D4F000FF011B0648BF61F0FF017047826A536B52
:10D5000010B59B6A1A68D37892F806E0082BD37A94
:10D510008CBF4FF4FE744FF4F874BEF1000F0CBFD3
:10D520004FF4007E4FF0400EDBB1137B4FF0200C28
:10D530000CFA03FC04FB0CFC0CF5285CC9000A4B3C
:10D54000C06801F2491283FB0243D217C2EBE31316
:10D5500003EB430301EB03130EFB03C300EB630078
:10D5600010BD4FF4285CE9E735064C63042910B47C
:10D57000806A09D084686469246A4FF0FF3CDCB19A
:10D58000A4465DF8044B6047052A01D0092AF1D171
:10D59000042B15D8022B02D8002BEBD10923446BA6
:10D5A000A46A24682270E370237184686469246A21
:10D5B0004FF0000C002CE3D160465DF8044B70473F
:10D5C000A3F10904032CD5D8E9E700BF0020704778
:10D5D0002DE9F041866AB3688846D1075F6982B059
:10D5E000144607D57D6B08F1020300225E21304608
:10D5F000A84748B9A2070AD57D6B08F108030022A5
:10D600005B213046A84710B102B0BDE8F081630746
:10D6100007D57D6B434600225D213046A847002890
:10D62000F2D114F00800EFD098F810205AB10C4B4A
:10D630007C6B1B680193002201AB5A213046A04746
:10D6400002B0BDE8F0817C6BADF80420ADF8062097
:10D6500001AB30465A21A04702B0BDE8F08100BFBF
:10D6600098FE0400002070470020704710B5806AC3
:10D670008368426B5C69926A646B118182B040F28C
:10D6800007135381ADF80410ADF80630002201AB4A
:10D690005A21A047002002B010BD00BF29B122B11D
:10D6A000B3FA83F04009404270474FF0FF307047B3
:10D6B000B1FA81F149094842704700BF0020704724
:10D6C00000207047000000002DE9F0433C4EC46884
:10D6D00033683C4D05EB4318A3685B694FF00009C4
:10D6E0005B69C8F80890074685B0204698473368BC
:10D6F000C8E9000105EB4312F988C2F80C90002933
:10D700004AD0802928BF80215161ADF80C10A16852
:10D71000ADF80E9049694F6B2B4901EBC3131361B0
:10D7200002934A4602AB21212046B847A3685B69B1
:10D730004A465F6B2C210DF106032046B847BDF920
:10D740000600336807EE900A05EB4313F8EEE77A1C
:10D75000188317EE900A02F05FF817A3D3E90023AD
:10D7600001F098FF02F032F8616B02462C3120463E
:10D7700000F070FC33685801144A012B054414BFB3
:10D78000013300231068A56408213360FFF714FB00
:10D7900040B905B0BDE8F083C2E904110221580187
:10D7A000D160E9E73C21012005B0BDE8F04301F07C
:10D7B00061B900BFAFF300800000000084D7F73FDD
:10D7C000E8DA0020F8DB0020F4DA0020ECDA0020B0
:10D7D00008B501F025F8002008BD00BF70B5164E51
:10D7E00084B005467068FFF767FB4FF0FF3201A871
:10D7F0000F21FFF70BFB029C70680021FFF730FB45
:10D80000E1070AD4A2070DD4630710D414F0080F5F
:10D810002846E7D018F018FFE4E7284618F098FFEC
:10D82000A207F1D5284618F039FF6307EED5042189
:10D83000284618F05DFFE9E7ECDA002008B5064B52
:10D8400002211868FFF7B8FA00B908BDBDE8084022
:10D850003C21012001F00EB9ECDA00202DE9F04165
:10D86000846A626BA36850685D6982B001F080F8D9
:10D87000F9F77CFA23681B69984700F0C9FF636BCE
:10D88000434A996A434B0E682261A361424A434B63
:10D890006361E2617078A76B00F0A6FDB379002B9D
:10D8A0006FD17379012B14BF08231023F278D4F8B9
:10D8B0004480082A8CBF4FF4FE724FF4F872034480
:10D8C00002FB03F3626B926A5B101668FB60F378ED
:10D8D000082B8CBF4FF4FE634FF4F863BB608CBF22
:10D8E000FE23F8237B60707800F07EFDF278666C92
:10D8F000B0F5806FD4BF20234023082A8CBF4FF49B
:10D90000FE724FF4F87202FB03F3626BC8F800304A
:10D91000936A1B68587800F067FD636C1A68B0F56D
:10D92000806FD4BF2023402390FBF3F002F5FF5318
:10D930001F3393FBF2F303440233736003F016F8D2
:10D940000028FBD02B68204698470546D8B9A36825
:10D950001B690022DE6AADF806200DF106031D21C9
:10D960002046B047A16809690DF10603CE6A00227E
:10D970001B212046B047F9F715FA284602B0BDE84A
:10D98000F081082392E7064800F004FD0725DEE752
:10D99000ADDC02003DD802008DDC0200C9D60200D9
:10D9A0003CFE040070B5446B8268A36A52691B6830
:10D9B000566B1D7B82B0202303FA05F50C460DF152
:10D9C000060300224B21B047BDF90630C3EBC31359
:10D9D0005B0093FBF5F3FE2B08DC002B0CDB013323
:10D9E000DBB2002084F8353002B070BDFF23002088
:10D9F00084F8353002B070BD0123002084F8353042
:10DA000002B070BD2DE9F041876A82B0054628203A
:10DA10000E461446D7F84880FFF708FBBA6C306012
:10DA2000D2E90423C26103B1023B4361638F9A07C9
:10DA300012D07A6B926AD189D8F80020501AD8F89F
:10DA40000410A0604FEA122242EA016261F1000173
:10DA5000E160E968521A2260D8F80C20D00744BF70
:10DA600043F480636387590617D4DA0544BF002264
:10DA7000A26200229F0584F835201FD41A0643D4E1
:10DA8000306823F47843456923F03C036387002D15
:10DA900033D0002002B0BDE8F081BB685B69384636
:10DAA00000225F6B33210DF10603B847BDF9062054
:10DAB0004AF26663C4E90823638FD6E7A86A214661
:10DAC000FFF770FF0028E5D1638F18061A46D7D5F7
:10DAD000990519D594F835305BB1982B1CD9C3EB57
:10DAE000831103EB81030D49A1FB03139B09793BD0
:10DAF000DBB284F834301346C2E7FFF799FA2846C0
:10DB0000356002B0BDE8F081A86A2146FFF74AFF00
:10DB10000028BFD1628FDDE70123EAE7A1A0A0A022
:10DB200070B5846AA3685D694FF0FF322E6B1146B1
:10DB300020460023B0476D6B00232046AC461A46B2
:10DB4000BDE87040032160472DE9F04F866AB36855
:10DB50005F69137B14468B46B1FA81F203F0300102
:10DB6000A1F13001B1FA81F152094909914285B020
:10DB700077D1C3F301138DF800307D6B6B4681467E
:10DB800000221A213046A847237B13F0010A38D11E
:10DB90006368002BD0463EDDB3685B693046DB6AC4
:10DBA000002198476268002A1346B8BF02F1FF03BC
:10DBB0001812A368103820EAE070002B40D1736C73
:10DBC0005B68CDF80080B2F5885FCDE90103A4BFA2
:10DBD0004AF002030393B368B8BFCDF80CA05B69A9
:10DBE0009C68BBF1000F25D0DBF81420DBF81C107B
:10DBF00002326B463046A047002835D105B0BDE85B
:10DC0000F08FD9F80C30226802EB03086368002B10
:10DC10004FF0010AC0DC00234FF0FF30CDE90103D3
:10DC2000B368CDF80CA05B69CDF800809C68BBF1AF
:10DC3000000FD9D16B465A4659463046A047DBE71C
:10DC4000591C0CD0D9F82810496C096801EB430322
:10DC5000013B93FBF1F3716C49680B44B1E700237E
:10DC6000AFE76FF01500C9E76B46002257217C6BC8
:10DC70003046A0470348009A414600F08BFB6FF006
:10DC80003D00BBE758FE04000020704708B5064B76
:10DC900004211868FFF790F800B908BDBDE80840F6
:10DCA0003C21012000F0E6BEECDA002008B5064B6E
:10DCB00001211868FFF780F800B908BDBDE80840E9
:10DCC0003C21012000F0D6BEECDA00202DE9F04323
:10DCD000846A0B7AA26885B05669C3F301130F46B4
:10DCE0008DF80430756B01AB00221A218146204665
:10DCF000A847397AA36811F0010818BF3D685B692D
:10DD00001ABFA5F580554FF00108454611F00201F4
:10DD1000DB6A18BF0121204698477B687BB9636C9A
:10DD20005B68CDF80C80CDE90153A3685B6901A95C
:10DD3000DB682046984798B905B0BDE8F0835A1CC7
:10DD40000CD0D9F82820526C126802EB4303013B37
:10DD500093FBF2F3626C52681344E2E70023E0E7BE
:10DD600001AB00225721766B2046B0470348019A49
:10DD7000294600F00FFB6FF03D00DDE778FE040060
:10DD80002DE9F043856A4B6AAA68202B566985B055
:10DD90000C466AD0402B0FD0802B6AD0B3F5807F21
:10DDA00065D0B3F5007F66D0B3F5806F65D0B3F56D
:10DDB000006F64D1062300E00123226A012A5EDCA1
:10DDC0008DF800306A6B926AD2F8008098F80C20C7
:10DDD0009A42E94618D0776B4B4600229621284696
:10DDE000B8470028B8BF6FF001000ADB9DF800308B
:10DDF00088F80C30776B4346002297212846B847B5
:10DE000010B105B0BDE8F0832369776B1BBA0393AB
:10DE100063691BBA0293A3691BBA0193E3691BBA36
:10DE2000009300224B4615212846B8470028E8D128
:10DE3000216809BA0391616809BA02460291A06893
:10DE4000E168746B00BA09BA019000914B46162143
:10DE50002846A0470028D4D103460246746B2846C2
:10DE60001721A04705B0BDE8F0830023A5E70323F1
:10DE7000A3E70223A1E704239FE705239DE76FF0B3
:10DE80001500BEE778B110B50446006DFFF7D0F875
:10DE9000606CFFF7CDF8206CFFF7CAF8A06BBDE807
:10DEA00010401AF0F1BA7047F0B5354E83B05420E7
:10DEB00031461AF02FFA0446002859D0856A4FF4EB
:10DEC0001670C5E90E46FFF7B1F82864002843D064
:10DED0000820FFF7ABF8686400283AD0294B0026E9
:10DEE0005B682B60FF2285F84C208DF803601F686B
:10DEF0002E6501AB04220DF103010120B847224B2E
:10DF00002248AE608342019E20D2D3E900217240B4
:10DF10000A4208BFAB601C338342F6D3AB68ABB197
:10DF2000626A1B49712353604FF48070126921604B
:10DF3000D021C4E9040110A1D1E900012362154BED
:10DF4000A361C2E90001284603B0F0BD686CFFF789
:10DF50006FF8286CFFF76CF8286DFFF769F8686CAC
:10DF6000FFF766F8286CFFF763F8A86B1AF08CFAD5
:10DF70000025284603B0F0BD57EB1CE4D62C55D63F
:10DF8000B0FE04000802050068B40400BCB404003C
:10DF90000098E00E00F03C00F0B5054687B0806BBD
:10DFA000124F134C1AF0BEFA00230646684600933F
:10DFB000FEF752FF78600FCC0DF1040CACE80F00B7
:10DFC0002368A96BCCF8003001A8FEF7D3FE034606
:10DFD000A86B3B60FFF742FC284602F08BFC054B28
:10DFE000024630461A6007B0F0BD00BFECDA0020F0
:10DFF0009CFE0400F4DB002070B5144C2368054639
:10E00000A3B14FF0FF316068FEF72AFFF8F7AEFECC
:10E010006068FEF751FF2068FEF7C8FE064670B143
:10E020003E21012000F026FDF8F7BCFEA86B1AF097
:10E03000BBFA074BBDE87040186802F05BBC606833
:10E04000FEF762FFC4E90066EEE700BFECDA0020ED
:10E05000F4DB002070B50646104614460D4601F06C
:10E060000CFD64281ED904F1320307EE903A9FEDAF
:10E070000E7A2A78F8EEE77A2B4667EE877AFDEE7D
:10E08000E77A17EE901A521A52B282F306022A70F9
:10E09000B1680869C46A00223046A4463F21BDE841
:10E0A0007040604770BD00BF0E745A3C70B50123CC
:10E0B00004464370C380838100264FF482438670F8
:10E0C000A36091F82330022B0CBF03233346637106
:10E0D00091F82030237091F82130E3702371B1F86A
:10E0E0003930A3824B6823610B6B236210460D46C7
:10E0F000FFF7A6F9FFF79CF9012806BF40F20113CC
:10E10000238326832B7AA376AB7A84F8333095F871
:10E110002330022B18BF002384F83430D5E90513CF
:10E12000EA696262E162B3FBF2F3A3626B7AE376BF
:10E130006A7C0023D21A18BF012284F83020EA7AC0
:10E1400084F84320AA8FA28395F83B10E166A4F8D7
:10E150004C2095F83E2084F83C2095F83F2084F828
:10E160003B2095F8402084F83A2095F8412084F827
:10E17000392095F8422084F8382095F8432084F817
:10E18000372095F8442084F8362095F8452084F807
:10E19000352095F8202084F8312095F8210084F866
:10E1A00032004FF6FF71012284F83D30E187A4F878
:10E1B000402084F8423084F8443084F8463070BD02
:10E1C00030B585B0FEF736FF0546FFF72BF91B4C3F
:10E1D0006068FEF771FE42F2107201A80721FEF797
:10E1E00015FE00216068FEF73BFEFCF755FB019B26
:10E1F000402BEDD0FFF79AF800F00AFB029B022BB0
:10E2000004D0042B0ED002F00DF9E1E7FFF70AF974
:10E21000012200F13C012846FFF748FF2846FFF79E
:10E22000E7F8D5E7FFF7FEF8002200F13C012846A9
:10E23000FFF73CFF2846FFF7E3F8C9E738DC00208A
:10E2400070B586B0FFF7E4F800F070F800F090F8D1
:10E25000B8B9002668460096FEF7FEFD0F4D104C3B
:10E2600068600FCC0DF1040CACE80F002368CCF80B
:10E270000030314601A8FEF77DFD286038B106B0B8
:10E2800070BD084AB1211320F1F7B2FFE1E7042085
:10E29000044ABC21F1F7ACFF06B070BD38DC0020A9
:10E2A00090FF040028FF0400074B10B51C68FFF71F
:10E2B000BFF810F0010F18BF0221204608BF04214B
:10E2C000BDE81040FEF778BD38DC0020024B01218C
:10E2D0001868FEF771BD00BF38DC0020704700BF32
:10E2E00008B54FF0A0430C22C3F82027FAF77EFEB2
:10E2F00088B10020FAF766FFFAF7B8FF0028FBD0D4
:10E300000020FAF797FEFFF7E9FFBDE808404EF658
:10E31000602000F07DB8FAF76FFE0028E9D0024ACD
:10E320002B21F1F765FFE4E7A4FF040070B503209B
:10E33000FAF7FEFD0D4DFFF7D3FF062645F0010568
:10E340000020FAF7CBFD0120FAF7C8FD0220FAF70A
:10E35000C5FD0320FAF7C2FDFA244FF47A40A8471E
:10E36000013CFAD1013EEBD170BD00BF2000050099
:10E3700008B5002000F092FA00F02CFB00F048FAFB
:10E3800000F056FABDE80840014802F067BA00BF45
:10E39000080205000FB410B5124C84B006ABD4F8D7
:10E3A000000253F8042B039304EB8010402101F08A
:10E3B000C5FBD4F8001204EB81110846019101F06D
:10E3C000BAFC019902460020FCF794FED4F8003212
:10E3D000013303F00703C4F8003204B0BDE8104075
:10E3E00004B0704748DC002001380C289ABF034B6A
:10E3F00053F820004FF0FF30704700BF28000500A1
:10E40000024A136801331360704700BF50DE0020DA
:10E4100010B5134B044693E8070084B001AB83E8C2
:10E420000700104902941846FCF7BEF938B90E48A7
:10E43000FCF754FA60B9FCF70DFA04B010BD0B4AB2
:10E440002821F1F7D5FE0848FCF748FA0028F2D059
:10E45000064A2A21F1F7CCFEFCF7FCF904B010BD06
:10E46000D400050001E402004CDE00205C00050041
:10E47000014B01221A707047E5DF00200120704730
:10E4800070B5134D2B78012B1DD0022B1CD01148D9
:10E49000114A01694162002300F11C01FCF796FA60
:10E4A00060B90E4C01232B701C434FF47A40A047F7
:10E4B00023464FF47A40BDE870401847084A7B2154
:10E4C000F1F796FEEDE770BD0648FBF749FDDEE784
:10E4D000E4DF00202C26002071E40200600105002A
:10E4E000E000050030260020084B10B59C691F2C69
:10E4F00006D801234FF0A042A340C2F80C3510BD4E
:10E50000034940F2CD1000F0E7FFF2E72C2600208F
:10E5100054F40400084B10B59C691F2C06D8012345
:10E520004FF0A042A340C2F8083510BD034940F2A5
:10E53000CD1000F0D1FFF2E72C26002054F40400A7
:10E5400070B5264E3378022B43D0012B42D0244C99
:10E55000244A61696162002304F11C012046FCF732
:10E5600035FA18BB257F1F2D27D805F5E0754FF02C
:10E57000A04340F2013243F82520657F1F2D22D8A9
:10E580004FF0A04305F5E07540F20332164C43F816
:10E5900025200223337044F001044FF47A40A04751
:10E5A00023464FF47A40BDE8704018470F4A98213F
:10E5B000F1F71EFE257F1F2DD7D90D4940F2CD1052
:10E5C00000F08AFFD1E70A4940F2CD1000F084FF45
:10E5D000D6E770BD0748FBF7C3FCB8E7E4DF0020CF
:10E5E0002C26002071E4020060010500E000050017
:10E5F00054F404003026002038B5174B40BB0121ED
:10E600004FF08042197019734FF00041C3E90421A3
:10E61000124C134D5C6018729C691248D86100213D
:10E620004FF602701F2C83F82C1018845A6219853B
:10E6300008D84FF0A04304F5E074032243F82420E7
:10E64000284638BD084940F2CD1000F045FFF0E7FC
:10E650001A690025E0E700BF2C26002000300040AA
:10E66000680105001917181654F404002DE9F04F3D
:10E6700000EB020BBBF1C80F85B045DCDFF8A4A0AE
:10E680009AF82C40064617469846002CFDD10E9B62
:10E6900093F82C30012B3BD00E9BDFF88C90DAF8EE
:10E6A00004201D4D012083F82C000720C2F800052E
:10E6B0003246484601F09AFA21463A4609EB0600EE
:10E6C00001F0BDFA2C7022461448154CCDF800908C
:10E6D0006946CDF804B0CDF80CB00294FBF7ACFC61
:10E6E00029780029FCD03A46A119404601F07EFA6B
:10E6F000DAF804200023C2F800350E9A184682F892
:10E700002C3005B0BDE8F08F042005B0BDE8F08FD7
:10E710004FF0FF30F5E700BFE5DF00203026002096
:10E720001CDF00202C26002054DE002010B582B013
:10E73000024C0094FFF79AFF02B010BD2C26002077
:10E740002DE9F04F00EB020885B0B8F1C80F0E9F1D
:10E750003CD8DFF8949099F82C40054616469B4625
:10E76000002CFDD197F82C30012B33D0D9F8043090
:10E77000DFF878A0012287F82C200722C3F80025B3
:10E7800050462A4601F032FA324659460AEB050055
:10E7900001F02CFA114D124B1248CDF800A0224680
:10E7A0006946CDE90183CDF80C802C70FBF744FC61
:10E7B0002B78002BFCD0D9F804200023C2F80035B8
:10E7C000184687F82C3005B0BDE8F08F042005B05E
:10E7D000BDE8F08F4FF0FF30F5E700BFE5DF002028
:10E7E0001CDF0020302600202C26002054DE0020D4
:10E7F00010B582B0024C0094FFF7A2FF02B010BD2A
:10E800002C260020014B1B68DB681847ECDF00203A
:10E81000024B1B681888FAF7C1BF00BF5C260020B6
:10E82000024B1B6801211888FAF72ABF5C260020DA
:10E8300070B54FF0A0450A4C4FF480230322C5F871
:10E84000482744F00104C5F80C354FF4FA40A047BE
:10E850000023C5F8483703482346BDE870401847F1
:10E86000000205000077010038B5084D084C2B6800
:10E870001B68984744F001044FF4FA40A0472B6806
:10E880005B6898470348A047002038BDECDF0020B4
:10E890000002050000770100FFF7E6BF10B504464F
:10E8A000002002F037F82046FFF7A6FE074C206054
:10E8B00018B1BDE81040836818470120142100F00A
:10E8C000D9F82068BDE8104083681847ECDF0020C5
:10E8D00010B5074C23681888FAF7B2FF08B9002072
:10E8E00010BD23681888FAF759FF002010BD00BF3B
:10E8F0005C26002000B97047024B1B680121188874
:10E90000FAF7BEBE5C260020F8B5134E134F4FF049
:10E91000A04506E0D5F81035E340DB070FD502F03F
:10E9200039F833681C881F2CF4D9394640F2CD10D1
:10E9300000F0D2FDD5F81035E340DB07EFD4084BEB
:10E940001C78012C00D0F8BD064B0220187001F095
:10E95000FFFF054B1C70F8BD5C26002054F404003A
:10E96000E6DF0020E7DF0020E8DF0020FFF7CCBF74
:10E9700038B50446F8F7FAF9114B1B681888FAF70E
:10E980000DFF44B90F4A104B002414701C70F8F7A7
:10E9900009FA204638BD4FF0A0450C4C03224FF435
:10E9A0008023C5F848274FF4FA40C5F80C3544F0E9
:10E9B0000104A04700230648C5F84837A047E1E70F
:10E9C0005C260020E6DF0020E7DF002000020500D3
:10E9D0000077010000B583B0FAF7A2FD10B103B0D3
:10E9E0005DF804FBFAF754FDB8B9124B124A1B68E4
:10E9F000ADF80430180C4FF0010C8DF8060001A999
:10EA000013208DF805C0FAF795FD60B90021132099
:10EA1000FAF736FE03B05DF804FB084A40F22B110A
:10EA2000F1F7E6FBE1E7054A40F23111F1F7E0FBCF
:10EA3000ECE700BFFC0105006DE902008401050060
:10EA400050B138B5054D044645F001054FF47A4004
:10EA5000A847013CFAD138BD704700BF400205000D
:10EA600020B1034B800143F001031847704700BFFA
:10EA7000400205002DE9F84F1B4B196090B31B4D68
:10EA8000DFF86CA08B4645F001054FF0A048BBF1C4
:10EA9000000F26D0D9464FF4003703269AF800001D
:10EAA000FBF75CFF6424C8F80C754FF47A40A84764
:10EAB000013CFAD1C8F8087564244FF47A40A8479D
:10EAC000013CFAD1013EE9D14FF47A744FF47A4017
:10EAD000A847013CFAD1B9F10109DED1BBF1000F21
:10EAE000D8D1FEE7BDE8F88FF0DF00205002050026
:10EAF0004CDE0020F0B5CDB004460D4616461F464C
:10EB000028498023022203A80293F7F737F810B3AD
:10EB100048F21953984216D848F20253984230D915
:10EB2000A0F50540033816282BD8DFE800F0363270
:10EB30002A2A2A2A2A2A2A2A2A2A2A2A2A2A2A2A35
:10EB40002E2A2A2A2E0048F26053984219D16FF0DB
:10EB500049004DB0F0BD214603A8F7F741F8002861
:10EB6000D6D102AB009332463B46294603A8F7F7BD
:10EB70004FF80028CCD103A8F7F714F80028E8D004
:10EB8000C6E76FF015004DB0F0BD6FF00B004DB053
:10EB9000F0BD6FF00F004DB0F0BD6FF05E004DB0F6
:10EBA000F0BD00BF78F1040010B582B001904C2098
:10EBB000FEF73CFA0549019A0446F7F723FC0028C2
:10EBC0000CBF2046002002B010BD00BFDCF10400E5
:10EBD00010B50446F7F72EFC00B110BD2046BDE885
:10EBE0001040FEF725BA00BF10B588B0CDE900236C
:10EBF0000A9C049402940B9C03940C9C05949DF82D
:10EC0000344006940A460D230121F7F729FC08B980
:10EC100008B010BD48F2195398421AD848F202536E
:10EC2000984212D9A0F50540033816280DD8DFE820
:10EC300000F01A200C0C0C0C0C0C0C0C0C0C0C0C1A
:10EC40000C0C0C0C1D0C0C0C1D006FF0150008B00A
:10EC500010BD48F26053984214BF6FF015006FF07A
:10EC6000490008B010BD6FF05E00D1E76FF00B00F7
:10EC7000CEE76FF00F00CBE710B588B0CDE90023E9
:10EC80000A9C049402940B9C03940C9C05949DF89C
:10EC9000344006940A460D230021F7F7E1FB08B93A
:10ECA00008B010BD48F2195398421AD848F20253DE
:10ECB000984212D9A0F50540033816280DD8DFE890
:10ECC00000F01A200C0C0C0C0C0C0C0C0C0C0C0C8A
:10ECD0000C0C0C0C1D0C0C0C1D006FF0150008B07A
:10ECE00010BD48F26053984214BF6FF015006FF0EA
:10ECF000490008B010BD6FF05E00D1E76FF00B0067
:10ED0000CEE76FF00F00CBE738B505464FF49270B1
:10ED1000FEF78CF9074901220446F6F72FFF30B9B8
:10ED200029462046F6F75CFF08B9204638BD002486
:10ED3000204638BD9CF1040010B50446F6F732FFBA
:10ED400000B110BD2046BDE81040FEF771B900BF0C
:10ED500010B584B003AC00940392F6F759FF08B9DC
:10ED600004B010BD48F2195398421AD848F2025321
:10ED7000984212D9A0F50540033816280DD8DFE8CF
:10ED800000F01A200C0C0C0C0C0C0C0C0C0C0C0CC9
:10ED90000C0C0C0C1D0C0C0C1D006FF0150004B0BD
:10EDA00010BD48F26053984214BF6FF015006FF029
:10EDB000490004B010BD6FF05E00D1E76FF00B00AA
:10EDC000CEE76FF00F00CBE741DF7047F0B585B0BD
:10EDD0000546FDF775FE00283ED172B65E4CD4F8AC
:10EDE0000475F9F717FB88B35C4EAE4228BF2E4678
:10EDF000F31923F07F430122C4F80823C4F84035F7
:10EE00000023C4F84031D4F840310193019B4FF402
:10EE10008033C4F80433BFF34F8F002D48D1C4F8BA
:10EE20000833C4F84051D4F840310393039BC4F82D
:10EE30000051D4F800310293494B0299C4F80423DD
:10EE40004FF40031D4F80425C3F88011FDF738FEE3
:10EE5000E8B962B605B0F0BDEFF3108172B6414B70
:10EE60009A6882B93E4A404C01209860D2F88000EE
:10EE700020401860C2F88040D2F8840058604FF0FB
:10EE8000FF33C2F884300029A8D162B6A6E7354B1B
:10EE90009A68002ADED0EFF3108172B6304A186803
:10EEA00010605C685460002098600029D2D1D0E7DF
:10EEB000FDF706FE002845D1F1EE103A23F09F033E
:10EEC000E1EE103AF1EE103A254C4023C4F88431BB
:10EED000FDF7F6FD68BB30BFD4F80021D4F804314B
:10EEE0001343F8D01C4B00224FF48031C3F80813B1
:10EEF000C3F84021D3F8401103910399C3F80021CE
:10EF0000D3F80021029201220299C3F80423D3F816
:10EF10000405134BC01B20F07F40B0424FF4003279
:10EF200028BF3046C3F8802100288FD0F8F7F4FEC0
:10EF30008CE7FFF749FF0028D4D00C4A6A21F1F78B
:10EF400057F9CFE7FFF740FF0028BBD0074A5A2107
:10EF5000F1F74EF9B6E700BF00100140FDFFFF00DA
:10EF600000E100E0D42D0020FC06FFBD58020500A2
:10EF700076DF704778DF70477ADF70477CDF704755
:10EF80008FDF704708B506480321FCF78DFD00B9F7
:10EF900008BDBDE80840034A4FF4EC71F1F728B909
:10EFA000F4DF0020DC020500014ADD21F1F720B981
:10EFB000DC020500024A4FF48C71F1F719B900BF69
:10EFC000DC02050010B50388262B82B0044612D857
:10EFD0000F2B1AD9103B162B17D8DFE803F0294363
:10EFE00016161616161616161616161616161618BF
:10EFF0001616161664003B2B4BD0562B05D1808875
:10F000001321FFF7B5FF00283FD102B010BD002348
:10F0100080888DF8043001A98DF80530FFF7B0FF26
:10F020000028F2D0264A40F27D11F1F7E1F8ECE732
:10F03000244B25482549C01AC008000440F00300AD
:10F04000F0F7BEFE224BA18822481980FDF72CFA6A
:10F050000028DAD01A4A40F26B1102B0BDE8104025
:10F06000F1F7C6B8174B18481B49C01AC00800046E
:10F0700040F00300F0F7A4FE154B4FF6FF721A8024
:10F0800002B0BDE8104001F053BA0D4A40F28D11B4
:10F09000E3E780881321FFF76BFF0028B5D0084A0B
:10F0A00040F28511D9E7BFF34F8F0C490C4BCA686A
:10F0B00002F4E0621343CB60BFF34F8F00BFFDE764
:10F0C000DC0205007CB30400D4B304004403050053
:10F0D0006426002004E100205003050000ED00E05C
:10F0E0000400FA0570B582B00D4E0E4DADF8061055
:10F0F000044633880DF1060221462846FDF79AFBA7
:10F10000082804D01328F4D0052800D008B902B08C
:10F1100070BD054A40F24321F1F76AF802B070BDB4
:10F120006426002068260020DC02050070B5057802
:10F13000022D96B0044629D0032D02D075B116B029
:10F1400070BD464B46484749C01AC008000440F00D
:10F150000300F0F735FE2578002DF0D1A68A24694A
:10F16000002E77D023780B2B4DD00C2B1AD00A2BE6
:10F170003B483A4B20D03C49C01AC008000440F03C
:10F18000030016B0BDE87040F0F71ABE334B3448A8
:10F190003649C01AC008000440F00300F0F710FE22
:10F1A0002578C9E701F0C4F90323012101A88DF8EE
:10F1B0000430FFF797FFC2E7C01AC00800042C49CB
:10F1C00040F00300F0F7FCFD2946512201A800F0B1
:10F1D00036FD012305A90DF1150014228DF8092033
:10F1E0008DF804308DF805308DF806508DF80750F5
:10F1F0008DF8085001F0A8F99DF8141001A81131FC
:10F20000FFF770FF9BE7FEF70DF9711E00F13C025E
:10F21000C9B2601C01F020F9831C12D0013007D064
:10F220000223012101A88DF80430FFF75BFF86E778
:10F230000B480A4B0F49C01AC008000440F00100F7
:10F240009FE70748054B0C49C01AC008000440F06E
:10F25000010096E70248014B08498DE77CB30400A2
:10F26000D4B3040078030500100405006003050012
:10F27000BC030500E0030500F0030500940305004E
:10F2800008B5037803B108BD064B3B211888FFF78A
:10F290006FFE0028F7D0BDE80840034A40F20D1188
:10F2A000F0F7A6BF64260020DC020500032800D08A
:10F2B00070470548054B0649C01AC008000440F0D5
:10F2C0000300F0F77DBD00BFD4B304007CB304009D
:10F2D0002804050010B5ACB00446FDF723FB002858
:10F2E00040F09E80002301A901200193FDF73EFC20
:10F2F000002840F0CB8001A8FDF79CFC002840F0DE
:10F30000BF80112320468DF8003000F014FD214607
:10F3100082B26846FFF732FE002840F0AC8040F22F
:10F320004130FFF727FE002840F0A080082200218E
:10F3300001A800F084FC0623C8245022ADF8083050
:10F3400001A84FF4C863ADF80420ADF80640ADF84D
:10F350000A30FFF711FE002840F083804E4800215C
:10F36000FCF788FF002877D14C4B4D48019301A949
:10F37000FDF788F800286AD100210422684600F0D1
:10F380005EFC484B484800936946FDF7DFF90028CA
:10F3900058D1AC22002101A800F051FC01234349BF
:10F3A0001591ADF850304FF496718DF8803044F2DD
:10F3B00050633F4A2391022424933E488DF8044031
:10F3C0004FF4C06301A92A92ADF80630FCF7EEFABB
:10F3D00090BB38480121FCF7E5FA1C22002101A866
:10F3E00000F02DFC41F288340023CDE9013432498C
:10F3F000324AADF8123047F23054039401A8032486
:10F40000CDE906128DF810408DF81430FCF7AAFCF7
:10F4100060B92B4800212CB0BDE81040FDF740BC7E
:10F42000284A4FF4D371F0F7E3FE5BE7254A4FF427
:10F430009771F0F7DDFEECE7224A4FF4E771F0F741
:10F44000D7FEC6E71F4AF921F0F7D2FEA1E71D4A11
:10F45000F121F0F7CDFE8FE71A4AD021F0F7C8FE70
:10F4600082E7184A2146F0F7C3FE77E7154ABE2126
:10F47000F0F7BEFE5AE7134ABB21F0F7B9FE4EE79C
:10F48000104A4FF4D871F0F7B3FE3AE70D4A4FF443
:10F49000D671F0F7ADFE2EE7ECE00020A9EF0200F8
:10F4A00004E100202DF102006826002060260020E3
:10F4B000ADF20200F4DF002081F20200B5EF02009D
:10F4C00085EF0200DC02050008B5F0F701F800281E
:10F4D000FBD1F8F745FEF8E703460A46014819460E
:10F4E000F0F786BEEFBEADDE014B1868F8F772BBD1
:10F4F00010E10020F0B54FF48041C7B00020EFF7D5
:10F500008FFF002840F09780EFF704FFF9F774FDB4
:10F51000002840F08B804A4A4A48136943F00403AC
:10F520001361FFF7D7FE484A484949480123CDE90E
:10F53000003200234FF48072F8F7FCF9012804D060
:10F54000444A8F210420F0F753FE434C434B444A76
:10F5500044490094444800F03BFF002000F076FF4F
:10F56000FEF76EFE31202E21322330228DF8080066
:10F570008DF80F008DF8091037208DF80B1000263C
:10F580002D218DF80E308DF812308DF813308DF856
:10F590000A208DF80C208DF80D108DF810208DF8B4
:10F5A00011008DF8146001F0ADF9074611F074F800
:10F5B0002E4A2F49054606A800F0D4FA06AB214A88
:10F5C0002C490446181800F0CDFA06AB044418196B
:10F5D000294A2A4900F0C6FA06AB044418192849FA
:10F5E00002AA00F0BFFA06AB0444181925493A46AE
:10F5F00000F0B8FA06AB0444181923492A4600F073
:10F60000B1FA06AB04441819204A214900F0AAFABD
:10F6100006A922183046FBF76DFDFDF7A5FB0D4C42
:10F620002246B4210F20F0F7E3FDF9E7094A7A21D9
:10F63000F0F7DEFD6FE7074A4E21F0F7D9FD63E7EB
:10F6400000ED00E038F8040010E100209C04050003
:10F65000C9F402003C040500516102002D62020061
:10F66000F1610200CDE20200A9E2020020F80400EC
:10F67000A4040500B804050050F80400C8040500FF
:10F68000D404050014050500E4040500F004050099
:10F69000FC040500F0B540F2FF7681EA030C16EA9F
:10F6A000115E1EBFB64516EA1355B5425AD021EA7F
:10F6B000465141F48011A1FB024723EA465343F42B
:10F6C0008013AE44A0FB03650CF0004C36197D415D
:10F6D000A1FB034747F10003A0FB0217F6196541A0
:10F6E00053F10003094218BF46F0010640F2FE74D0
:10F6F000B3F5007F13D2AEF5806EA6452BD24CEA4F
:10F700000331280341EA155140EA165032034508F7
:10F7100072F1004250F1000051EB0E51F0BDAEF21B
:10F72000FF3EA64517D24CEAC321E80241EA5551F3
:10F7300040EA5650F202450872F1004250F10000D2
:10F7400051EB0E51F0BD0CF0004141F0FE4141F48F
:10F7500070010020F0BD1EEA0E0FF4D50CF0004140
:10F760000020F0BD16EA115F04BF01F00041002047
:10F77000004218BF41F0010116EA135F04BF03F015
:10F7800000430022124218BF43F0010306EA13545B
:10F79000B44218BF9EEA060F03D00CF000410020CF
:10F7A000F0BD21F0004123F00043B1EB065F06D825
:10F7B000B3EB065F03D8002918BF002BC3D140F27A
:10F7C0000001C7F6F8710020F0BD00BFC1F30A5375
:10F7D00040F21E42D21A0EDD202A0AD8CB0243EA9A
:10F7E000505040F00040D04090EAE170B0EBE17042
:10F7F0007047002070474B00004218BF43F00103E0
:10F8000013F5001F88BF21F0004111F0004058BFE0
:10F810006FF00040704700BFC0F3C75191B1420084
:10F820004FEA40704FEAD2014FEA310101F16051D5
:10F83000B2F17F4F38BF704701F1605118BF41F4FA
:10F840000021704710F000410020704753EA020C7D
:10F8500061D02DE9F04BB3FA83F51E0007BFB2FA71
:10F8600082F502FA05F403FA05F41646C5F12005FF
:10F870001EBF22FA05F73C43203556EA044C4FEAF6
:10F88000144418BF0134A3464FF00009C846904203
:10F8900071EB030C39D3094207BFB0FA80F700FAC5
:10F8A00007F6B1FA81F701FA07F6C7F120071EBF84
:10F8B00020FA07FC46EA0C062037B6FBFBFC7F1B50
:10F8C000103F07F01F04C4F120060CFA04F42CFAD0
:10F8D00006F644BF34460026202FA4BF2646002447
:10F8E00054EA060C08BF012418EB040849EB06098A
:10F8F000A4FB027CC01B06FB02CC04FB03CC71EB17
:10F900000C01904271EB030CC5D20B4602464946EE
:10F910004046BDE8F08BB2FBF3F22DE9304081EABE
:10F9200003040D46002906DA6FEA00006FEA0101C0
:10F93000013041F10001002B06DA6FEA02026FEAA2
:10F940000303013243F10003FFF780FF002C06DAC6
:10F950006FEA00006FEA0101013041F10001002D62
:10F9600006DA6FEA02026FEA0303013243F1000391
:10F9700030BD00007F2805D8034B185C034B5B5C4F
:10F98000184070470020704728050500A8050500AD
:10F99000A0F16103192B98BF20387047A0F14103F3
:10F9A000192B98BF203070477F2805D8034B185C6F
:10F9B000034B5B5C1840704700207047280505002A
:10F9C000A8050500A0F16103192B98BF20387047E6
:10F9D000A0F14103192B98BF203070477F299ABFAF
:10F9E000017001206FF02E0070475AB10A787F2A0B
:10F9F0000AD800B10260002119605960501A18BF7E
:10FA000001207047002070476FF02E00704710B53E
:10FA100004460846A2684AB12368616803F1010CF4
:10FA20008C4508BF00208B4208D2D054E3682BB12C
:10FA300021686268914201D22146984723680133C8
:10FA4000236010BD70B54C1E09D41646C5B22946B8
:10FA50003046FFF7DCFF013CB4F1FF3FF7D170BD4A
:10FA600010F0100F08D108B510F4007F14BF30203B
:10FA70002020FFF7E7FF08BD70470028B8BF4042CD
:10FA80007047000008B5034B5B689B681B6898478C
:10FA900008BD00BF8C26002008B50921FFF7F2FF42
:10FAA00008BD70B504460D460846FDF7BFFA064688
:10FAB00058B154B154F8042CAA4228BF2A46214612
:10FAC00000F094F82046FDF7B3FA304670BD9AB3C3
:10FAD00030B594460F2A18D902460B4640EA010475
:10FAE00014F0030F02D00CF1FF3C11E01946104650
:10FAF000043204330C680568A54206D11046194645
:10FB0000ACF1040CBCF1040FF0D8BCF1010C0FD027
:10FB10000A460346844411461846013301320478EC
:10FB200091F800E0744503D1184611466345F2D1BF
:10FB300000780B78C01A30BD002070470CB400B5B7
:10FB400087B008AA52F8043B059203900020049065
:10FB50000291194601A800F01FF907B05DF804EB07
:10FB600002B070470EB400B586B007AA52F8041B65
:10FB700005920390002304936FF00043029301A8C1
:10FB800000F00AF906B05DF804EB03B07047D2B19B
:10FB900010B51446012A12D00A460346204400F14B
:10FBA000FF3E1146184613F8014B44B1013291F85B
:10FBB00000C0A44503D1184611469E45F1D10078F6
:10FBC0000B78C01A10BD00207047037853B159B1AB
:10FBD0000144034613F8012F12B18B42FAD10B46B0
:10FBE000181A70470346FBE70346F9E7844640EAE4
:10FBF000010313F0030F18D18446202A0BD32DE9FB
:10FC0000F007B1E8F807A0E8F807A2F12002202ADF
:10FC1000F7D2BDE8F007042A07D351F8043B40F8B7
:10FC2000043BA2F10402042AF7D2002A05D011F8FD
:10FC3000013B00F8013B013AF9D160467047844628
:10FC4000002A2DD010F0030F04D000F8011B013A58
:10FC500026D0F7E7C9B241EA012141EA0141202A51
:10FC600012D3A2F120022DE9F0030B460C460D46FB
:10FC70000E460F4688468946A0E8FA03203AFBD292
:10FC8000BDE8F00320320BD0042A05D340F8041B52
:10FC9000043A05D0042AF9D200F8011B013AFBD13D
:10FCA00060467047024610F0030F16D111F0030FA3
:10FCB00013D12DE9F0004FF001374FF0803351F8A8
:10FCC000044BA4EB070525EA04051D4002D142F8C8
:10FCD000044BF4E7A1F10401F0BC11F8013B02F878
:10FCE000013B002BF9D1704710F0030F19D111F02F
:10FCF000030F16D12DE970004FF001364FF080331D
:10FD000050F8044B51F8045BAC4205D1A4EB060556
:10FD100025EA04051D40F3D0A0F10400A1F104017F
:10FD200070BC10F8012B11F8013BD21A01D1002B45
:10FD3000F7D11046704700F1010110F0030F11D008
:10FD400010F8012B002A23D010F0030F0AD010F86E
:10FD5000012B002A1CD010F0030F03D010F8012B48
:10FD6000002A15D02DE970004FF001324FF080339A
:10FD700050F8044BA4EB020525EA04051D4000D110
:10FD8000F6E7A0F1040070BC10F8012B002AFBD1AB
:10FD9000A0EB0100704700002DE9F04F89B0074645
:10FDA0000392002303600C4614F8011B002900F0A5
:10FDB000FC82DFF818B5EBE2002507E05E2868D189
:10FDC00045F4805501E045F040051C46234613F8F4
:10FDD000010B3028F2D81F2837D9A0F12002102AB1
:10FDE00033D801A151F822F0C7FD02004BFE0200FA
:10FDF0004BFE02002DFE02004BFE02004BFE0200F5
:10FE00004BFE020033FE02004BFE02004BFE0200DE
:10FE10004BFE020039FE02004BFE02003FFE0200D4
:10FE20004BFE02004BFE020045FE020045F080053D
:10FE3000CBE745F40045C8E745F02005C5E745F0A8
:10FE40001005C2E745F40075BFE72A2821D1039ABF
:10FE5000111D0391D2F800A0BAF1000FBCBFCAF186
:10FE6000000A45F010051878A31C2AEAEA7A2E2821
:10FE700026D00021742847D07A2845D06C2800F07D
:10FE8000A8804C2800F0AB80682800F0B8801C46A1
:10FE90003DE0A0F13002D2B2092A88BF4FF0000A3B
:10FEA000E3D84FF0000A0AEB8A0A303800EB4A0A1E
:10FEB00013F8010BA0F13002D2B2092AF3D9D4E72A
:10FEC00018782A280AD1039A111D039111685878CD
:10FED00002330029CEDB45F48075CBE70133A0F176
:10FEE0003002D2B2092A88BF0021F4D8002101EBE8
:10FEF0008101303800EB410113F8010BA0F1300211
:10FF0000D2B2092AF3D9E4E71C4614F8010B002801
:10FF100000F05782A0F12503DBB2532B62D8A0F189
:10FF20002503532B5ED8DFE813F076005D005D00FB
:10FF30005D005D005D005D005D005D005D005D00D9
:10FF40005D005D005D005D005D005D005D005D00C9
:10FF50005D005D005D005D005D005D005D005D00B9
:10FF60005D005D005D005D005D005D005D005D00A9
:10FF70005D005D005D005D005D005D005D005D0099
:10FF80005D005D005D005D005D005D005D005D0089
:10FF9000EC005D005D005D005D005D005D005D00EA
:10FFA0005D005D005D007B0021015D005D005D0086
:10FFB0005D0021015D005D005D005D0095000F01A9
:10FFC000D2005D005D00A6005D001A015D005D00CD
:10FFD000EE001C4614F8010B45F0010597E745F0CB
:10FFE00001051C46B54B1E68002E00F0CE8103AB08
:10FFF0000193009153462A463946B047C5E1187827
:020000040003F7
:10000000682803D05C1C45F0040580E745F008052E
:100010009C1C58787BE725213846FFF7F8FCB4E1B3
:10002000039B1A1D03921E780AF1FF3A3A46514685
:100030002846FFF715FD31463846FFF7E8FCA9468C
:1000400019F0100F00F0A1813A4651462020FFF729
:10005000F9FC9AE115F0080F06D03A68039B191DC8
:1000600003911B681A7090E1039B1A1D03921B6891
:100070003A681A6089E1039B1A1D0392D3F8008045
:100080008F4BB8F1000F08BF9846464625F400791B
:1000900015F4807F16D04046FFF797FD0546AAEB82
:1000A000050A3A4651464846FFF7DAFC002DC7D00C
:1000B00016F8011B3846FFF7AAFCA8EB0603EB4233
:1000C000F6D1BDE74046FFF736FE0546E7E7039B5E
:1000D0001A1D03921B6815F0800F0CBF0026232603
:1000E00045F4807508211A46002B00F02A8105ABE3
:1000F0004FF0000805F4005CA64660468C460146B9
:10010000D2E045F4005515F0800F1BD043F278067D
:1001100043F25803782818BF1E4615F4807F01D09B
:1001200025F4007515F4804F32D0039B1A1D0392FD
:100130001B6815F0040F1FD01BB2002B20DA5B42A6
:100140002D262DE00026E8E715F0800F0CBF0026D5
:10015000302615F4807FE5D025F40075E2E715F42C
:10016000807F07D025F400750026DBE745F4804545
:100170000026D7E70026D5E715F0080FDDD0DBB263
:1001800015F0200F61D115F0400F18BF202607E0B1
:10019000039B1A1D03921B6815F0040F50D09BB2ED
:1001A00015F4807F14BF25F40075012158382028EC
:1001B00000F2AF8001A252F820F000BFE700030078
:1001C00013030300130303001303030013030300CB
:1001D00013030300130303001303030013030300BB
:1001E0001303030013030300130303007702030048
:1001F000130303001303030013030300130303009B
:100200007702030013030300130303001303030027
:1002100013030300130303004F020300E70003006E
:10022000130303001303030013030300130303006A
:10023000770203001303030013030300E700030026
:1002400015F0080FACD0DBB2AAE72B26A8E71A46B8
:100250004FF00008002B5ED005A84FF0000803F017
:100260000703303300F8013B08F10108D2081346B8
:10027000002AF4D14FE018464FF00008002B4AD076
:100280004FF0000805F4004E4FF02C0973468E46DF
:1002900019462FE002F00F000A4C205C03F8010B16
:1002A00008F10108120906D00029F3D002F00F006E
:1002B000054C205CF2E7744661462CE014E1002016
:1002C0007C0705005C0705006C070500CDCCCCCC95
:1002D00008AB03EB080CABFB0032D20802EB820345
:1002E000A0EB430330330CF80C3C08F1010809285B
:1002F0000DD910460029EBD008F00303032BE7D1FA
:1003000008AB434403F80C9C08F10108E0E7714690
:1003100001E04FF00008A1EB080121EAE179AAEB26
:10032000090AAAEB080AFF2E0ED9AAF1020AC6F39F
:1003300007213846FFF76BFBF1B23846FFF767FB42
:1003400004E04FF00008E6E7002E3DD13A46514662
:100350002846FFF785FB3A4649463020FFF772FBF7
:10036000B8F1000F0EDD0DF1140908F1FF38C84493
:1003700098F8001046463846FFF749FBC14508F19A
:10038000FF38F5D115F0100F09D114F8011B61B138
:1003900025293FF411AD3846FFF739FBF5E73A461A
:1003A00051462020FFF74EFBEFE7BB682BB13A68C0
:1003B00079688A423CBF00219954386809B0BDE889
:1003C000F08F4FF0FF30F9E70AF1FF3AB4E700BFD2
:1003D00070B582B0069CC0B1B9B1B2B1ABB1A4B135
:1003E0000B4D0C4E28600C480C4D036031602C60A6
:1003F00090472B680DF1060002219847084BBDF885
:1004000006201A80002002B070BD4FF0FF30FAE7DE
:1004100020E1002024E1002018E100201CE1002060
:100420002AE1002000B5074B83B002211B680DF1C3
:1004300006009847044BBDF806201A8003B05DF80B
:1004400004FB00BF1CE100202AE10020014B1870D2
:10045000704700BF28E100201C295FD170B50588D6
:10046000012D55D14488002C52D1C37A82F8213015
:10047000037B82F82030B0F80F30D361B0F80D1054
:10048000284E03FB01F39361B0F811305361D0F8AB
:1004900007305360C17C338882F83930A1F1030101
:1004A000B1FA81F149091B0AD17282F83A30438BC3
:1004B00082F83C304C211B0AD18782F83D30437EC4
:1004C00082F84030037E82F84130C37D82F84230AA
:1004D000837D82F84330437D82F844301249134BC8
:1004E000007D82F8450018780968557002230326BC
:1004F00004251070052014749462138182F823304F
:10050000967282F82550106329B18847204670BD45
:100510006FF0010070BD4FF0FF3070BD4FF0FF3045
:10052000704700BF2AE1002020E1002028E10020E0
:10053000034B044A1B680021118003B11847704720
:1005400024E100202AE1002018B311B370B4114A4D
:10055000114B15881B780374012200233F2402608D
:1005600002730322A0F811506FF00A06C371837260
:10057000C372C3736FF04705047109230B248271A2
:1005800013224671057244724373837370BC0A7000
:10059000704770472AE1002028E100202DE9F04350
:1005A00085B005461C4683685E69E2B102911FFA78
:1005B00082F8ADF80C804FF00009ADF80E90776B23
:1005C00002AB4A462021B847ADF80080ADF8029052
:1005D000E368C3F380138DF80430776B6B464A46AB
:1005E00037212846B847E36813F01D0F05D0776B15
:1005F0002346002205212846B8476368002B0CDB00
:10060000776B231D002210212846B847776B04F131
:100610000803002251212846B847766B04F10C03E9
:10062000002204212846B04705B0BDE8F08330B56C
:1006300083B002AB0024002563E902458268526959
:10064000546B00225F21A047DDE9000103B030BDFB
:1006500010B583685B695C6B00231A460321A047D1
:1006600010BD00002DE9F04784B0044683685D6941
:10067000D1F808A00B6803934A6804AB43F8082D2F
:100680006F6B00224F21B847074618B1384604B0B7
:10069000BDE8F087A3685A6994F94C30002B3CDB25
:1006A000576B01AB002257212046B847A8BB9DF8E5
:1006B00007209DF806301B0443EA02639DF80420DE
:1006C00013439DF8052043EA0223BAF1000F31D10C
:1006D00003F5783303F5207303934FF0010AA36801
:1006E0005F690DF1020300227B2120467E6BB0473B
:1006F00094F94D30012B4ED094F94C30012202FA7E
:1007000003F3BDF8022022EA030204AB23F80E2D06
:100710007F6B00226B212046B847BAF1000F4AD107
:100720006D6B00231A461F212046A8470746002864
:1007300050D1ABE7039AD31A98464FEAE3794FEAD0
:100740004912580142EAD361C01A61EB09014B0218
:1007500043EAD053420212EB080043EB09018B013C
:1007600043EA90638201121A63EB010316461F46A7
:10077000314A002316EB080047EB0901FFF766F842
:10078000B0F57F7FABDDA3685F69B0F57F70A8D05F
:10079000FEF766F9A5E794F94C3001229A40BDF8BE
:1007A00002301A4304AB23F80E2D7F6B00226B211D
:1007B0002046B847B1E76E6B03AB00220521204607
:1007C000B047074630B96D6B002301221F21204638
:1007D000A847074694F94C30002BFFF657AFA368A3
:1007E0005D696E6B01AB00227B212046B04794F916
:1007F0004D308BB194F94C30012202FA03F3BDF86D
:10080000042022EA030204AB23F80C2D6D6B0022B6
:100810006B212046A84739E794F94C3001229A40D1
:10082000BDF804301A4304AB23F80C2D6D6B002285
:100830006B212046A84729E70098E00E10B582B04A
:100840000091ADF804200022ADF8062083685B69B2
:100850005C6B6B462121A04702B010BDF0B583B0A0
:100860000368002B37D01F4A13601E4B1B68426879
:100870001A6082685A6000228DF803201B681C6889
:1008800001AB04220DF103010120A0479DF80730C0
:100890009DF80610090441EA03619DF804301943EC
:1008A0009DF8053041EA03210F4A104B9A4216D2B7
:1008B0000C4B1F6813464FF0FF3000260B4D1A6893
:1008C0004A405C68224204BFBB6030461C33AB42E6
:1008D000F5D303B0F0BD034B054A1A60C5E74FF0EE
:1008E000FF30F6E72CE1002068B40400BCB404003B
:1008F00030E10020024B1A6818601046704700BFB4
:100900002CE10020024B1B689B68D868704700BF31
:100910002CE100204FF0FF307047000010B5054B70
:10092000186883681B69DC6A00231A460321A04704
:1009300010BD00BF2CE1002008B5044B1B689A686D
:100940001269126A01461846904708BD2CE1002042
:1009500038B5054B1C68A3681B69DD6A0023024695
:100960003A212046A84738BD2CE1002010B582B0BE
:10097000002202AB03F8012D054908688168096966
:10098000CC6A5821A0479DF8070002B010BD00BFF7
:100990002CE1002008B5034B186883681B691B6BAA
:1009A000984708BD2CE1002000290DDD10B4431E3E
:1009B00019441046054C13F8012F5040205C8B421F
:1009C000F9D15DF8044B7047104670478407050065
:1009D0009829024818BF0020704700BF7C09050015
:1009E00070472DE9F04184B005460E46BDF82C1045
:1009F000901900F07F003244C2F30442840044EABC
:100A0000422441EA0402120A8DF80C2001F0030787
:100A10003C438DF80D401F4673B900295CD073002C
:100A200063F07E038DF80C30012400292FD0A1F54E
:100A3000004103290AD9FEE700284FD1B1F5004F44
:100A400003D000294AD1012421E001242B6D9B7D94
:100A50004BB92B685D680A9B3A4603A92046A84714
:100A600004B0BDE8F0810022214603A8FFF79CFFF7
:100A7000024639460A98FFF797FF2B6800909D6859
:100A80000A9B3A4603A92046A847E9E701242B68B8
:100A9000D3F800800A9B3A4603A92046C0472B6D35
:100AA0009B7D022BDCD1182EDAD00022214603A830
:100AB000FFF77AFF024639460A98FFF775FF0446AA
:100AC00000221821284600F041F88442C8D0EB6883
:100AD000002BC5D09847C3E70028D7D042F040028A
:100AE0008DF80C200224A0E710B582B000240194F8
:100AF000049C0094FFF775FF02B010BD00B585B0EF
:100B000003AB0093042392B2FFF7EEFF0DF10F0346
:100B10000DF10B01002013F8012902EB00208B429C
:100B2000F9D105B05DF804FB00B585B003AB0093C7
:100B3000022392B2FFF7D8FF9DF80D309DF80C000C
:100B400000EB032080B205B05DF804FB00B585B072
:100B50000DF10F030093012392B2FFF7C5FF9DF83B
:100B60000F0005B05DF804FB30B5BDB005460C467E
:100B7000036DDA7B012A1CD0032A40F0D4811B7E4E
:100B800013F0080F0CD113F0040F02AB009314BF45
:100B90003823202300224FF4F011FFF7A5FF19E0BE
:100BA00002AB0093E82300224FF4F011FFF79CFF03
:100BB00010E01B7E13F0080F40F0AC8113F0040F1F
:100BC00002AB009314BF3823202300224FF4C0113E
:100BD000FFF78AFF0DF1170204F11A0304F1200058
:100BE00012F8011F03F8011B8342F9D19DF815206B
:100BF0009DF8143043EA0223C3F30C0363849DF889
:100C00001F209DF81E3043EA0223C3F30D0313F4A3
:100C1000005F1CBF6FEA83436FEA934323849DF810
:100C200025209DF8243043EA0223C3F30B03E38716
:100C30002B6D1B7E13F0020F40F06A810AAA631E1F
:100C4000201D12F8011B03F8011FD1791972D17B05
:100C500059748342F5D19DF82F3063719DF82E2091
:100C60009DF82D3043EA0223E3809DF837209DF85C
:100C7000363003EB0223C3F3CF13A4F80D309DF8F5
:100C800032209DF8313043EA0223A4F80F309DF85A
:100C90003F209DF83E3003EB0223C3F3CF13E382E2
:100CA0009DF83A209DF8393043EA022323832B6DC7
:100CB0001B7E13F0040F40F02B819DF843209DF81C
:100CC00042301B0443EA02639DF8402013439DF821
:100CD000412043EA022323F0604363629DF84720EA
:100CE0009DF846301B0443EA02639DF844201343F9
:100CF0009DF8452043EA022323F00043A3629DF8B8
:100D00004B209DF84A301B0443EA02639DF84820BB
:100D100013439DF8492043EA0223C3F31003E3621F
:100D20009DF84F209DF84E301B0443EA02639DF866
:100D30004C2013439DF84D2043EA0223C3F31503CF
:100D400023639DF853209DF852301B0443EA02634D
:100D50009DF8502013439DF8512043EA0223C3F32A
:100D6000150363639DF857209DF856301B0443EA32
:100D700002639DF8542013439DF8552043EA022353
:100D8000C3F31503A3639DF865209DF8643043EA1F
:100D90000223A3879DF877209DF876301B0443EA51
:100DA00002639DF8742013439DF8752043EA0223E3
:100DB00023F0404323649DF879209DF8783043EA7E
:100DC000022363649DF87F209DF87E301B0443EA74
:100DD00002639DF87C2013439DF87D2043EA0223A3
:100DE000C3F31503A3649DF883209DF882301B0490
:100DF00043EA02639DF8802013439DF8812043EA73
:100E00000223C3F31503E3649DF887209DF8863021
:100E10001B0443EA02639DF8842013439DF8852058
:100E200043EA0223C3F3150323659DF895209DF83B
:100E3000943043EA0223C3F30E03A4F854309DF820
:100E4000A5209DF8A43043EA0223C3F30B03A4F8C2
:100E500056309DF8BF209DF8BE301B0443EA026364
:100E60009DF8BC2013439DF8BD2043EA022323F0E4
:100E70004043A3659DF8C1209DF8C03043EA02239A
:100E8000E3659DF8C7209DF8C6301B0443EA026362
:100E90009DF8C42013439DF8C52043EA0223C3F301
:100EA000150323669DF8CB209DF8CA301B0443EA46
:100EB00002639DF8C82013439DF8C92043EA02232A
:100EC000C3F3150363669DF8CF209DF8CE301B0455
:100ED00043EA02639DF8CC2013439DF8CD2043EAFA
:100EE0000223C3F31503A3669DF8DD209DF8DC30D3
:100EF00043EA0223C3F30E03A4F86C309DF8ED20FF
:100F00009DF8EC3043EA0223C3F30B03A4F86E30E0
:100F10003DB030BD02AB0093E82300224FF4C01176
:100F2000FFF7E2FD56E61B7E13F0010F00F09F81F4
:100F300002AB00936C2300224FF44021FFF7D4FD55
:100F40001DAB00936C2300224FF450212846FFF77D
:100F5000CBFD02AA631E201D12F8011B03F8011F1E
:100F6000D1791972D17B5974D17D99768342F3D1AD
:100F70009DF82530E3779DF80F3063719DF80E20C2
:100F80009DF80D3043EA0223E3809DF816309DF86A
:100F9000172043EA0222C2F3CF12A4F80D209DF8D5
:100FA000152042EA0322A4F80F209DF81F2043EAEF
:100FB0000223C3F3CF13E3829DF81E209DF81D305A
:100FC00043EA022323839DF827209DF8263043EA35
:100FD0000223C3F30D0313F4005F1CBF6FEA8343C6
:100FE0006FEA934323849DF829209DF8283043EA33
:100FF0000223C3F30C0363849DF82F209DF82E3049
:101000001B0443EA02639DF82C2013439DF82D2016
:1010100043EA022323F0604363622B6D1B7E13F0CF
:10102000010F3FF475AF9DF833209DF832301B045B
:1010300043EA02639DF8302013439DF8312043EAD0
:10104000022323F00043A3629DF837209DF8363039
:101050001B0443EA02639DF8342013439DF83520B6
:1010600043EA0223C3F31003E3629DF83B209DF89B
:101070003A301B0443EA02639DF8382013439DF87D
:10108000392043EA0223C3F3150323639DF83F206D
:101090009DF83E301B0443EA02639DF83C20134355
:1010A0009DF83D2043EA0223C3F3150363639DF8D3
:1010B00043209DF842301B0443EA02639DF8402020
:1010C00013439DF8412043EA0223C3F31503A363AE
:1010D0009DF851209DF8503043EA0223A3879DF8E4
:1010E00061209DF8603043EA0223C3F30B03E387DA
:1010F0009DF867209DF866301B0443EA02639DF863
:10110000642013439DF8652043EA022323F0404303
:1011100023649DF869209DF8683043EA02236364E4
:101120009DF86F209DF86E301B0443EA02639DF822
:101130006C2013439DF86D2043EA0223C3F315038B
:10114000A3649DF873209DF872301B0443EA026388
:101150009DF8702013439DF8712043EA0223C3F3E6
:101160001503E3649DF877209DF876301B0443EA6D
:1011700002639DF8742013439DF8752043EA02230F
:10118000C3F3150323659DF885209DF8843043EA59
:101190000223C3F30E03A4F854309DF895209DF864
:1011A000943043EA0223C3F30B03A4F856309DF8AE
:1011B000AF209DF8AE301B0443EA02639DF8AC20DB
:1011C00013439DF8AD2043EA022323F04043A36577
:1011D0009DF8B1209DF8B03043EA0223E3659DF805
:1011E000B7209DF8B6301B0443EA02639DF8B42093
:1011F00013439DF8B52043EA0223C3F31503236686
:101200009DF8BB209DF8BA301B0443EA02639DF8A9
:10121000B82013439DF8B92043EA0223C3F3150312
:1012200063669DF8BF209DF8BE301B0443EA02634D
:101230009DF8BC2013439DF8BD2043EA0223C3F36D
:101240001503A3669DF8CD209DF8CC3043EA022318
:10125000C3F30E03A4F86C309DF8DD209DF8DC305C
:1012600043EA0223C3F30B03A4F86E3050E602AB4B
:101270000093282300224FF44021FFF735FC68E655
:1012800000B583B0036DDB7B012B0BD0032B10D19A
:101290000091052304224FF4F011FFF725FC03B061
:1012A0005DF804FB0091052300220549FFF71CFCB3
:1012B000F5E70091052300226421FFF715FCEEE716
:1012C0000400180010B582B04FF400440194049C4F
:1012D0000094FFF786FB02B010BD10B584B004ACDB
:1012E00004F8013D0094012392B2FFF7EBFF04B034
:1012F00010BD000010B50446036DDB7B012B13D03D
:10130000032B1DD1F02300221249FFF7E6FF002234
:101310004FF4F0112046FFF707FC236D1A7BA2B1B2
:10132000C0F30900588410BD0F2300220949FFF7BC
:10133000D4FF00224FF4C0112046FFF7F5FBECE785
:1013400000224C21FFF7F0FBE7E700F07F00588414
:10135000E9E700BF2400010038B505460C4602232A
:1013600000224FF47021FFF7B8FF04B938BD012304
:1013700000224FF470212846FFF7AFFFF6E700B5D3
:1013800085B08DF80C301B0A8DF80D3003AB00933F
:10139000022392B2FFF796FF05B05DF804FB000050
:1013A00038B5044600231A464FF42021FFF7E7FF23
:1013B00000231A4608492046FFF78FFF074D0023F8
:1013C0001A4629462046FFF788FF022300222946B5
:1013D0002046FFF782FF38BD14000A0004000A000F
:1013E00008B5012902D0052907D008BD41F622031E
:1013F00000220549FFF7C3FFF7E74FF4007300220F
:101400000149FFF7BCFFF0E70400110038B50546BD
:101410000C4641F400739BB200224FF43021FFF7D9
:10142000AEFFA3B200224FF430212846FFF7A7FFFA
:1014300038BD000070B504460E460C4D0123002255
:101440002946FFF79CFF3346002209492046FFF753
:1014500096FF0223002229462046FFF790FF002234
:1014600004492046FFF74AFB70BD00BF08000B008F
:1014700004000B0010000B0038B504460B46002298
:101480000A49FFF77CFF0A4D88230022294620469F
:10149000FFF723FF00231A4629462046FFF71DFFCA
:1014A000002204492046FFF751FB38BD0C000A001A
:1014B00004000A0008000A0070B504460B461546F1
:1014C000B1F5807F34BF0026202600220B49FFF7AC
:1014D00056FF2B4600220A492046FFF7FEFE094D23
:1014E00046F09003002229462046FFF7F6FE00232F
:1014F0001A4629462046FFF7F0FE70BD0C000A0090
:1015000010000A0004000A0070B504460D46164695
:10151000002240F20B11FFF7CFFF4FF482712046FB
:10152000FFF7AAFF00F01F024FF482712046FFF779
:10153000C3FF236D5A8A15435D82236D5B8A0022A7
:101540004FF420212046FFF71AFF334600220249BC
:101550002046FFF7C2FE70BD14000A0010B582B02D
:1015600004460022009213461321FFF7ABFE236DC1
:10157000DA7B032A0CBF01220322DA7302B010BD0A
:1015800010B584B08DF80C301C0A8DF80D401C0C81
:101590008DF80E401B0E8DF80F3003AB0093042323
:1015A00092B2FFF78FFE04B010BD0000F8B50446FC
:1015B00000224FF4F811FFF7C9FA05460022442132
:1015C0002046FFF79BFA0646236D00225A8483F8D3
:1015D0002420DA611A849A62236D9C62236DD8619B
:1015E000226DD37D03F00303032B79D016F4806FB3
:1015F00005D092F8243043F0040382F8243015F02B
:10160000800F74D115F0010F40F0A38015F0400F4A
:101610000BD0636A13B1206D1C3098474FF4C07330
:10162000022244212046FFF7AAFE15F0080F00F021
:10163000EA80236D002283F82420236DDB7B002BBE
:1016400040F09580236DDE6116F4802F00F0A980B4
:10165000226D92F8243043F0080382F824304FF4CE
:10166000802716F0805F08D0226D92F8243043F076
:10167000100382F8243047F0805716F4005F06D03C
:10168000226DD37D03F00303032B00F0968016F444
:10169000804F40F09E8047F4DE43002244212046E4
:1016A000FFF76EFF206D438C002B40F0A180C37DBF
:1016B00003F00303032B00F09B80C36923F49043E2
:1016C000C361226DD36943F48053D361E36913B1DD
:1016D000206D1C309847236D002283F824208BE076
:1016E00010F4005F1CBF45F00805EDB27EE7276DE2
:1016F000002248212046FFF717FA3884236D9A7D8F
:101700001AB1DA6912F0040F03D11B8C03F4606381
:101710008BB10423002244212046FFF7DEFD4FF465
:101720006063002248212046FFF729FE236A13B197
:10173000206D1C309847236D1B8C13F4807F3FF481
:1017400061AF4FF48073002248212046FFF717FE57
:1017500058E7F823002244212046FFF7BEFD236905
:10176000002B3FF453AF206D1C3098474EE73B49A8
:101770002046FFF7EBF9236DDB7B032B08BFC0F39B
:10178000071010F0010F18BF46F4804610F0020F4A
:1017900018BF46F4005610F0040F18BF46F48066D8
:1017A00050E716F4806F1FBF226D92F8243043F08B
:1017B000040382F82430002753E792F8243043F0E2
:1017C000020382F82430236D00225A8447F4004734
:1017D00061E72046FFF78EFD10F4004F3FF45BAF4A
:1017E000226D92F8243043F0010382F8243052E74E
:1017F00063690BB11C309847236DDB7B53B9236DB4
:10180000002283F8242015F0100F07D115F0200FC7
:1018100014D1F8BD2046FFF7A1FEF0E7104B0022DF
:1018200044212046FFF7ACFEE36913B1206D1C3064
:101830009847236D002283F82420E7E7094B002214
:1018400044212046FFF79CFEA36913B1206D1C3094
:101850009847236D002283F82420DAE72400010052
:10186000009405340004221038B5044689B90022DA
:101870002C21FFF743F9054601224FF46021204651
:10188000FFF764F92B1A00222C212046FFF778FE7F
:1018900038BD00222C21FFF731F905460122054908
:1018A0002046FFF753F92B1A00222C212046FFF780
:1018B00067FEEDE70400010070B506460C46084DD2
:1018C00000222946FFF71AF9000D0005C4F313039F
:1018D0000343002229463046FFF752FE70BD00BF89
:1018E0000800010038B505460C4600224FF4A0213F
:1018F000FFF704F90B4B034014F0010F18BF43F43A
:10190000802314F0020F18BF43F4104314F0040FA7
:1019100018BF43F0120300224FF4A0212846FFF71E
:101920002FFE38BDC00FE0FF38B505460C460B68EA
:1019300000220B49FFF724FE63680022094928466C
:10194000FFF71EFEA368002207492846FFF718FE8E
:10195000E368002205492846FFF712FE38BD00BFA4
:101960000C00020010000200140002001800020027
:1019700038B505460C460B6800220B49FFF700FE00
:101980006368002209492846FFF7FAFDA368002290
:1019900007492846FFF7F4FDE36800220549284679
:1019A000FFF7EEFD38BD00BF1C0002002000020062
:1019B00024000200280002002DE9F0470446052912
:1019C00040D0264D2E46264FDFF8D880DFF8D8903D
:1019D000DFF8D8A0234B002223492046FFF7D0FD93
:1019E0005346002221492046FFF7CAFD4B460022FC
:1019F0001F492046FFF7C4FD434600221D492046EB
:101A0000FFF7BEFD3B4600221B492046FFF7B8FD0D
:101A10003346002219492046FFF7B2FD2B4600222B
:101A200017492046FFF7ACFD164B00221649204609
:101A3000FFF7A6FD154B002215492046FFF7A0FD34
:101A4000BDE8F087134D144E144FDFF86480DFF8C3
:101A50006490DFF864A0124BBDE700BFB5AF020091
:101A60007DAF0200FEA80200380003003C00030026
:101A70004000030044000300480003004C00030042
:101A800050000300400200101C00030089A46D1BDD
:101A900020000300F5CF0100B5CF010036CF0100D3
:101AA000FDC001003EAF0200FEA5020036AC020000
:101AB0007EC70100BEC601003EC4010008B5002378
:101AC0001A460249FFF75CFD08BD00BF040007008D
:101AD00038B504460D4600231A460A49FFF750FD63
:101AE00000231A464FF4E0212046FFF749FD05B9CF
:101AF00038BD4FF0E053002203492046FFF740FD78
:101B0000F6E700BF4800070014000700F0B583B0F7
:101B1000046DE47B032C0CBF4FF4981C4FF4901C15
:101B20009C18B4F5806F19DA1D4616460F46044618
:101B30007F2B15D94FEA1C4300220D49FFF720FDEA
:101B40002B4600220B492046FFF71AFD009733462B
:101B500000224FF4E8112046FEF7C6FF03B0F0BDA7
:101B6000009113462A466146FEF7BEFFF6E700BF26
:101B700004001F0008001F0030B583B005460C4666
:101B800071B121F00203013B0F2B56D8DFE803F0BF
:101B900010555521555555285555555555555533BD
:101BA0000022009213460221FFF78CFB20460EE034
:101BB0000022009213460421FFF784FB03224421F4
:101BC0002846FEF7C3FF10F0080F1FD1002003B016
:101BD00030BD0022009213460A21FFF773FBEDE7A8
:101BE0000021FFF741FE00220092134608212846FB
:101BF000FFF768FBE2E70121FFF736FE00220092C3
:101C0000134606212846FFF75DFBD7E70021009128
:101C10000B460A462846FFF755FB14F0020F02D088
:101C20004FF0FF30D3E700220092134602212846EE
:101C3000FFF748FB4FF0FF30C9E74FF0FF30C6E732
:101C4000F0B583B05C18B4F5806F24DA1C461746F3
:101C50000E4605467F2B15D9142300220F49FFF7A6
:101C60008FFC234600220E492846FFF789FC009787
:101C7000334600224FF4E8112846FFF723FB0020EB
:101C800003B0F0BD00920B4622464FF4A011FFF7BF
:101C900019FB0020F4E74FF0FF30F1E704001F00CC
:101CA00008001F0030B585B0089C8DF808301D0A6B
:101CB0008DF809501D0C8DF80A501B0E8DF80B3055
:101CC0008DF80C40230A8DF80D30230C8DF80E3062
:101CD000240E8DF80F4048F20303019302AB0093EA
:101CE000082392B2FEF77DFE05B030BD00B583B08B
:101CF000052904D009290BD003B05DF804FB40236B
:101D000000936FF4005300220649FFF7CBFFF3E77F
:101D10004FF4015300936FF4005300220149FFF781
:101D2000C1FFE9E708000B0070B582B004460E461B
:101D3000134D4FF0082300934FF0FF330022294644
:101D4000FFF7B0FF4FF0601300934FF0FF33002216
:101D500029462046FFF7A6FF0A4B00934FF0FF33BA
:101D600000224FF4E0212046FFF79CFF0EB902B09D
:101D700070BD054B002205492046FFF701FCF6E740
:101D800048000700003C0002001101011400070098
:101D900000B583B0054B00934FF0FF330022044998
:101DA000FFF780FF03B05DF804FB00BF003C0002BA
:101DB000040007002DE9F04383B004460D461746A2
:101DC000564E00223146FEF799FE81464FF470438D
:101DD00000934FF0FF33002231462046FFF762FFA9
:101DE000DFF83C811823002241462046FFF7C7FA5E
:101DF00025212046FFF70AFB02212046FFF706FBBC
:101E00004FF4FE712046FFF701FBF9B241F48071F7
:101E10002046FFF7FBFA4FF480712046FFF7F6FAF1
:101E200000212046FFF7F2FA02212046FFF7EEFAE2
:101E30004FF4E0712046FFF7E9FAE9B241F480710E
:101E40002046FFF7E3FAC5F3072141F480712046ED
:101E5000FFF7DCFAC5F3074141F480712046FFF734
:101E6000D5FA290E41F480712046FFF7CFFA002100
:101E70002046FFF7CBFA3A212046FFF7C7FA40F297
:101E8000FF112046FFF7C2FA4FF485712046FFF795
:101E9000BDFA00212046FFF7B9FA3A212046FFF7A4
:101EA000B5FA40F201112046FFF7B0FA02230022F2
:101EB0004FF430212046FFF762FA00231A464FF410
:101EC00030212046FFF75BFA0220FCF7B9FD3A21EA
:101ED0002046FFF79BFA4FF481712046FFF796FAF0
:101EE000022300224FF430212046FFF748FA002356
:101EF0001A464FF430212046FFF741FA00231A46D4
:101F000041462046FFF73BFA4B4600223146204629
:101F1000FFF736FB03B0BDE8F08300BF44000700C5
:101F200008000B00F0B583B00024234601260727E4
:101F300002E00134092C09D006FA04F50D42F8D06C
:101F400004EB440507FA05F52B43F2E71A4000922B
:101F5000DB4300224FF4A021FFF7A4FE03B0F0BD45
:101F60002DE9F04182B00446884617461D46FCF72D
:101F7000AFFC0646022D2DD0012D38D0002500954E
:101F80006FEA08032A463C212046FFF78BFE0095A6
:101F9000FB432A4640212046FFF784FE00223C21D5
:101FA0002046FEF7ABFD0346002244212046FFF702
:101FB000E7FA002240212046FEF7A0FD034600225A
:101FC00048212046FFF7DCFA3046FCF793FC02B0CC
:101FD000BDE8F081434600223C212046FFF7D0FABD
:101FE0003B46002240212046FFF7CAFAD6E7CDF84B
:101FF00000804FF0FF3300223C212046FFF752FEC5
:1020000000974FF0FF33002240212046FFF74AFEA1
:10201000C4E7000010B582B004467F2A12D980328E
:1020200041EAC32141EA024100910C4B00222421E4
:10203000FFF738FE00224FF400212046FEF786FD10
:1020400002B010BD41EAC32141EA02410091034BB5
:1020500000222421FFF726FEF2E700BF00F400FC77
:1020600000B583B000920B4600224421FFF71AFE10
:10207000002003B05DF804FB00B585B08DF80C308E
:102080009DF818308DF80D3048F20103019303AB31
:102090000093022392B2FEF7A4FC05B05DF804FBA6
:1020A00030B583B004460D4611F0010F15D0002362
:1020B0000093EF2302224FF46021FFF7DDFF236D31
:1020C0001D76236D1B7E5B0810D06B0800220E4925
:1020D0002046FFF702F903B030BD10230093FF2321
:1020E00002224FF46021FFF7C7FFE8E701230093C6
:1020F000FF23002204492046FFF7BEFF226D137E16
:1021000043F002031376E6E72800010070B582B0C1
:1021100004460D460121FFF763F900212046FFF731
:1021200003FE2046FFF734FEC5F30B0300221549DA
:102130002046FFF724F903230093FF2300221249CE
:102140002046FFF799FF104E00252A4631462046CB
:10215000FEF7FCFC10F0010FF7D12046FFF7AEFCB4
:1021600000212046FFF7B4FC05212046FFF738F98F
:10217000002206492046FEF7E9FC00F03F0002B0CD
:1021800070BD00BF1C000800100008001C00070004
:1021900038B505460C46B1F8051049B1FFF7B6FF52
:1021A000D4F80130002205492846FFF7E9F938BD87
:1021B000237800220249FFF790F8F1E70C000100B4
:1021C0001C00070030B583B004460D461023009371
:1021D000FF2300220649FFF74FFF2B46022D38BF91
:1021E000022300222C212046FFF7CAF903B030BD9C
:1021F00024000F0030B583B0044601291DD0022908
:1022000030D001230093FF2300222649FFF734FF3B
:10221000254D4FF4000300936FF48073002229468C
:102220002046FFF73FFD002300937F23022229462B
:102230002046FFF721FF03B030BD0521FFF7D0F89E
:102240004FF4817300934FF0FF330022174920466B
:10225000FFF728FD01220092FF2313492046FFF7D4
:102260000BFFE8E703230093FF2300220D49FFF74C
:1022700003FF0D4D4FF4000300936FF480730022B1
:1022800029462046FFF70EFD002300937F230222FC
:1022900029462046FFF7F0FE05212046FFF7A0F86B
:1022A000C9E700BF04001100080011000800090080
:1022B00030B583B0054602290ED000240094FE23D9
:1022C00022461021FFF7D8FE234622461421284635
:1022D000FFF755F803B030BD144601230093FF23E8
:1022E00000221021FFF7C8FE2346002214212846B1
:1022F000FFF745F8EEE700002DE9F04182B0054612
:10230000294C2A4B00222146FFF73AF9102300936B
:10231000FF23002221462846FFF7AEFE03244FF09C
:102320001408234F00264046FCF79AFB32463946F4
:102330002846FEF70BFC012834D0631E13F0FF047F
:10234000F1D16FF00204184E00231A463146284698
:10235000FEF7C3FF0123002215492846FEF7BDFF03
:1023600001230093FF23022231462846FFF784FE13
:10237000002210492846FEF7C1FB6FF060439842E7
:1023800008BF6FF0030400220B492846FEF7B6FB96
:102390006FF06043984214BF20466FF0040002B013
:1023A000BDE8F0810024CEE70C000400010002002B
:1023B00020000400140004001C00040000B583B0D9
:1023C00000290BBFFF23F7230022082200920122DD
:1023D0001021FFF751FE03B05DF804FB10B584B087
:1023E000BDF818408DF80C301B0A8DF80D308DF8B3
:1023F0000E40240A8DF80F4048F20203019303AB0C
:102400000093042392B2FEF7ECFA04B010BD000072
:1024100010B582B004464FF4C07300934FF6FF73BB
:1024200000220749FFF7DAFF236D1B7A00934FF66E
:10243000E073002203492046FFF7D0FF02B010BD31
:1024400008000B001F00110030B583B0044611F0E6
:10245000010F1FD00D464FF4107300936FF47C638F
:1024600000224FF4A021FFF71DFC4FF4040300935A
:102470004FF0FF33002218492046FFF713FC15F0F8
:10248000020F1AD14FF48873002214492046FFF737
:1024900077F810E0002500956FF47C632A464FF42E
:1024A000A021FFF7FFFB00954FF6FF632A460B497B
:1024B0002046FFF793FF03B030BD084D084B0022C4
:1024C00029462046FFF75CF84FF48873002229461E
:1024D0002046FFF755F8EEE7040011001600110042
:1024E00010010F00F0B583B00446012909D0142073
:1024F000FCF7B6FA2046FFF7FFFE0546284603B074
:10250000F0BD0F4E00223146FEF70EFB074640F2AB
:10251000051300934FF6FF73002231462046FFF764
:102520005DFF1420FCF79CFA2046FFF7E5FE054608
:10253000002200923B4631462046FFF74FFFDDE781
:102540004800070000B583B0012A09D0CB43002220
:1025500000929BB20649FFF741FF03B05DF804FB10
:1025600000914FF6FF7300220149FFF737FFF4E7B0
:102570000C000500F0B583B004460F4616461D4614
:1025800048F2400300934FF6FF7300221849FFF70B
:1025900025FFAA1943F201039A4215DC7F2D1DD9AC
:1025A0001523002213492046FEF7EAFF2B4600229E
:1025B00011492046FEF7E4FF0097334600224FF40E
:1025C000E8112046FEF790FA0022009247F6BF730A
:1025D00007492046FFF702FF03B0F0BD00973346DE
:1025E0002A464FF4A8112046FEF77EFAECE700BF1A
:1025F0000400110004001F0008001F0070B506460B
:102600000C4615460E4B02220E49FEF7B9FF0F2D60
:10261000A8BF0F25631E032B28BF042410232341CA
:10262000002209493046FEF7ABFF631E9B0005FA06
:1026300003F3002205493046FEF7A2FF70BD00BF3C
:102640007408D200100011002800070018000800CC
:102650002DE9F04F83B004460D4691F800900B79B8
:10266000182B14D8CF78182F94BF00270127FFB25A
:10267000EB79012B0CBF102100216B78013B062B5D
:1026800010D8DFE803F0060F0F120C0F0900012726
:10269000EDE74FF0400A0AE04FF0480A07E04FF03C
:1026A000800A04E04FF4807A01E04FF0200A226DA6
:1026B000538A23F0E0035382236DEA791A732E7B49
:1026C000B31C01269E401FFA86F8226DCC4B03FBFB
:1026D00008F3DB0B9382236DEA7ADA752B7A5B01C0
:1026E00003F020036A7B43EA0243EA7A120302F40E
:1026F000304213430B430093C24B0022102120466B
:10270000FFF7D0FA002F40F0F580EB7AF3B16B7B46
:10271000012B40F21B812A7BBB4B33F812201201A4
:10272000D30AC2F30A0202F58062B2F5006F28BF35
:1027300001339BB20AEBC80A03F07F0300934FF604
:1027400080730222B1492046FFF748FE942300938C
:10275000AF4B0022AF492046FFF7A4FABAF1FF0FB2
:1027600040F30781226D538A43F0200353824FF4D4
:10277000806300934EF2FF730022A7492046FFF7C3
:102780002DFE6B7B012B00F0FF80AB7843F0100334
:102790000093FC2300224FF4C0212046FFF76CFC7D
:1027A000731EDBB200224FF400312046FEF795FD88
:1027B0006B78072B0CBF0823002301222821204619
:1027C000FEF78BFD954B002295492046FEF7D8FE7B
:1027D000002294492046FEF791F920F4FF5020F0A2
:1027E0001F00B9F1090F08BF40F001002A79120259
:1027F00002F4F852EB78DB00DBB21A436B795B0032
:1028000003F0060313430343002286492046FEF7E4
:10281000B7FEAA796B781B0343EA822300936FF417
:102820007443002224212046FFF73CFAB5F8093012
:1028300023B96FF07E036B720023AB72B5F80930D9
:1028400002224FF4C0212046FEF799FD022276496C
:102850002046FEF77BF9236D1B7C4B4500F09E80E4
:10286000032800F09F80B9F1090F00F0A0806F4BA2
:1028700000226F492046FEF783FE41F63C7300229A
:102880004FF410212046FEF77AFD142301226949F6
:102890002046FEF722FD0E23022267492046FEF75E
:1028A0001CFD8123002265492046FEF716FD022308
:1028B000002244212046FEF710FD01212046FFF7AB
:1028C00099FC4FF0140BD846002744264046FCF7ED
:1028D000C7F83A4631462046FEF738F910F0020FA5
:1028E00040F0B8800BF1FF3313F0FF0BEED16FF027
:1028F0000100D0E0226D538A43F0600353824FF40D
:10290000406300936FF4C053002243492046FFF711
:10291000C9F940F20633002249492046FEF730FE4D
:1029200000231A464FF00E112046FEF729FE454BB4
:10293000002236492046FEF723FE9D230093344BA8
:10294000002234492046FFF7ADF91AE72A7B2E4BC7
:1029500033F812304FF4356202FB03F2930CC2F3EA
:10296000CA1202F58062B2F5006F28BF01339BB234
:10297000E0E64FF4A05300934EF2FF730022264985
:102980002046FFF72BFDFCE6AB780093EC230022FA
:102990004FF4C0212046FFF76FFB01E703287FF4C7
:1029A00062AF5AE002212046FFF724FC5BE7264B8A
:1029B00000221F492046FEF7E3FD40F63C7300224B
:1029C0004FF410212046FEF7DAFC5EE74FFA89F15A
:1029D0002046FFF78BF94DE000220092FE231B49B1
:1029E0002046FFF749FB4FE04FF0005300936FF094
:1029F0007F43002216492046FFF754F947E000BF05
:102A000068660200CF4FFCFFB409050012000E00FB
:102A100000FFFFBF16000E0008000B00CC355FAFB3
:102A20000C0006001400010030000F003411071CD8
:102A30001C000700500007001800070008000900EC
:102A40000C000E000A5A0C003400011C1800030090
:102A500010000600236D83F810902B79093BDBB240
:102A60000F2BB9D8236D5B7A012BAFD04946204696
:102A7000FEF7A2FF4FF4C843009348F2FF13002271
:102A800006492046FFF7AAFCBAF13F0FACDC012152
:102A90002046FFF727FD03B0BDE8F08F18000300C4
:102AA0002DE9F04F91B0064615461C469C2900F2D0
:102AB0009F80DFE811F06C0A770AA300A700BE0030
:102AC00048018E016B0152019E01A901B101B901BA
:102AD000C101C901D101D501DD016E027C02810273
:102AE0008B02900295029E02A30209031B03260398
:102AF00031033B03730369035F0345035203C103BF
:102B0000F8012B0239024102550296099B09820302
:102B1000DF03E303EC03F103FB0305040D043704B7
:102B200043044E0478035904620474048D049E0423
:102B3000E004EA040B051A05350523055105970540
:102B4000AF05CF05E405F80501061D060A06730763
:102B50009F07ED07F307FE071708370841084B08E2
:102B600079088208880891089E08AB08B508BE0855
:102B7000C708D208DD08E308060911091C09450940
:102B8000670972098B09A109150A1F0A2A0A7F0A17
:102B9000340A610A9107DF09FF09ED0AE20A8C0A8B
:102BA000970AA20AAD0AB80AC30ACE0AD70AD70BF7
:102BB000110C4C0C6F0C270D3C0D170B9D009D004C
:102BC0009D009D009D009D009D009D009D009D001D
:102BD0009D009D009D009D009D009D009D009D000D
:102BE0009D00860CA30CCC0DED0CE20C010DF80C35
:102BF0004FF0FF35284611B0BDE8F08F4368984785
:102C00000025F7E70222B749FDF7A0FF032801D806
:102C10000025EFE7FBF75CFE0446002500952B46F8
:102C20002A4629463046FEF74DFB2046FBF762FE5A
:102C3000E0E7002C01F00E85247814F01D0F65D01C
:102C400014F0010F26D014F0020F4FF00002009292
:102C5000134614BF0D210321FEF734FB0322442148
:102C60003046FDF773FF10F0080F45D100229D4953
:102C70003046FDF743FFB0F5502F18BF0025B9D1FE
:102C8000002100910B460A463046FEF71BFB4FF031
:102C9000FF35AFE714F0080F0ED114F0100F1BD161
:102CA00014F0020F4FF000020092134614BF1021DF
:102CB0000921FEF707FBD1E70021FEF7D5FD14F04F
:102CC000020F4FF000020092134614BF0F2107219C
:102CD0003046FEF7F7FAC1E70121FEF7C5FD14F013
:102CE000020F4FF000020092134614BF0E2105217F
:102CF0003046FEF7E7FAB1E7002100910B460A469D
:102D00003046FEF7DFFA4FF0FF3573E714F0200F7F
:102D10000CD014F0020F4FF0000500952B462A4608
:102D200014BF11210B21FEF7CDFA63E714F0020F57
:102D30004FF0000500952B462A4614BF0C210121B7
:102D4000FEF7C0FA56E7002C01F0878423680022C2
:102D50002C21FEF715FC00254CE723680022624970
:102D6000FEF70EFC6368002260493046FEF708FC5F
:102D7000A36800225E493046FEF702FCE3680022A9
:102D80005C493046FEF7FCFB002533E7002C01F0E0
:102D9000678423886568032D01F26584DFE805F008
:102DA00002070D1300225449FEF7E9FA22E7022236
:102DB0005149FEF7E4FA00251CE700224F49FEF7CF
:102DC000DEFA002516E702224C49FEF7D8FA002564
:102DD00010E7002C01F04A8423785B0003F006031F
:102DE00000936FF0060300224549FEF75BFF0025C4
:102DF00000E74FF4803300934FF0FF330022414946
:102E0000FEF750FF0025F5E6002C01F03284036D3B
:102E10005B7B23700025EDE6002C01F02D84036D13
:102E20009B7A23700025E5E6002C01F02884036DD1
:102E3000DB7A23700025DDE6002C01F02384036D8E
:102E40001B6823600025D5E6002C01F01E84036D6D
:102E50005B6823600025CDE6FEF780FB0025C9E610
:102E6000002C01F015842168FEF726FD0025C1E63F
:102E7000002C01F0108425785DB164684023009334
:102E8000FF2300221021FFF7F7F8022D07D1F4608D
:102E900005E000220092BF231021FFF7EDF8336D0B
:102EA0009D750025A6E6002C01F0F883656823785F
:102EB00003221549FEF711FA45B9002200924FF29C
:102EC000FF7310213046FFF789FA93E64FF4812310
:102ED00000934FF0FF33002210213046FEF7E2FE50
:102EE000002587E630000F00540001005800010063
:102EF0005C00010060000100180001001C000100DE
:102F00001400010004001100080001000022114615
:102F1000FDF7F4FDB268136843405268134214BFD2
:102F20004FF0FF35002565E6002C01F0BA832178CB
:102F3000FFF7B6F800255DE63AB9002200924FF29D
:102F4000FF73AE49FFF74AFA54E64FF4006300936B
:102F50004FF6FF730022A949FFF740FA002549E622
:102F600002F001024FF6FF734FF2FF71002A08BF13
:102F70000B46D20215F0020F12BF42F4805223F426
:102F800080539BB2009200229C49FFF727FA00254C
:102F900030E62AB99A4B02229A49FEF7F1FA29E65D
:102FA000994B02229749FEF7EBFA002522E61146DB
:102FB000FEF798FC00251DE6002C01F07583002229
:102FC0009249FDF7C3FD2070002513E62146FEF768
:102FD000ABFC00250EE62146FEF7CAFC002509E6FB
:102FE00001230093FF2300228949FFF745F80025BC
:102FF00000E61146FEF7E0FC0025FBE5036D1B7AB9
:10300000002B37D11423012282493046FEF765F99F
:103010001823002280493046FEF7B2FAE823002246
:103020007E493046FEF7ACFA336D5B8A03F0E0036D
:10303000202B22D0602B2BD0336D1B7E5B0832D02F
:10304000002277493046FDF76FFDC0F3C403093B0A
:103050000F2B01F22C8300F0010000280CBF05218A
:103060000921336D5B7A012B29D03046FEF7A4FC91
:103070000025BFE5FFF7CCF9C4E74FF48063009368
:103080006FF4C053002267493046FEF70BFED3E7CA
:103090004FF4406300936FF4C053002261493046FF
:1030A000FEF700FEC8E7012300225F493046FEF725
:1030B00014F9326D137E43F002031376C0E73046F5
:1030C000FEF714FE002595E5002C01F0F38223782D
:1030D000026DD3751B0303F43043009344F6FF7372
:1030E00000221021FFF77AF9002583E5002C01F07A
:1030F000E482238800224FF46021FEF740F9002586
:1031000078E5002C01F0DC8200224FF46021FDF70D
:103110000BFD208000256DE5002C01F0D482238872
:1031200000224249FEF72BF9002563E5002C01F04F
:10313000CD8200223D49FDF7F7FC2080002559E5AE
:10314000002C01F0C682A388E288216800914FF428
:10315000B011FEF7B7F800254CE5002C01F0BC8259
:10316000A388E288216800914FF4B011FDF7BCFC00
:1031700000253FE5002C01F0B282E388A288216897
:10318000FEF7C4FC002535E5002C01F0AB82E38896
:103190002268A188FEF754FD00252BE51146FEF7B5
:1031A000EBFC002526E5002C01F09F822379628844
:1031B0002188FEF72FFF00251CE5002C01F09882E6
:1031C000036DDB7B012B0CD0032B10D10C224FF4B1
:1031D000F011FDF7A9FC00B240F30C032380002599
:1031E00008E500221249FDF79FFC00B2F4E7002237
:1031F0001049FDF799FC00B2EEE700BF080011008E
:103200007408D200100011007488D2041C0007005A
:1032100004000200500007000C001F0010001F00F7
:103220001400010008000B00280001000400010048
:103230000C00180020000C00002C01F05C820CAB8C
:10324000009303230022BB49FDF74EFC9DF832207A
:103250009DF8313003EB02229DF8303003EB02235E
:1032600013F4801F1CBF6FEA03336FEA133323602C
:103270000025BFE4FEF794F80025BBE4002C01F024
:103280003D826188FEF742FF20700025B2E42146AE
:10329000FDF76AFC0025ADE4002C01F0328201222A
:1032A0007421FDF72BFC20600025A3E4002C01F025
:1032B0002B8200227421FDF721FC2060002599E477
:1032C0000094052300227421FDF70EFC002591E4F3
:1032D000002C01F01C82036DDB7B012B14D0032B2F
:1032E00019D116224FF4F011FDF71EFCC0F30D00AA
:1032F00083B213F4005F04D06FEA83436FEA934311
:1033000018B22080002575E402228B49FDF70CFCE1
:10331000C0F30D00ECE702228849FDF705FCC0F37D
:103320000D00E5E70094062300228549FDF7DCFB4C
:10333000637903F00103637100255BE4002C01F065
:10334000E98101224FF00811FDF700FC20700025F3
:1033500050E4002C01F0E18100224FF00811FDF74C
:10336000F5FB2070002545E4002C01F0D981A288EE
:103370002168FEF71FFD00253CE4002C01F0D381FD
:103380002568A48822462946FEF714FD21463046CA
:10339000FEF750F82D1A18BF4FF0FF352AE4022A25
:1033A0000ED0684C00231A4621463046FDF795FFA3
:1033B0000223002221463046FDF78FFF002519E445
:1033C00000230093FE2301225F49FEF755FEE8E744
:1033D000002C01F0AB812488E2B24FF48171FEF73A
:1033E0006BF8220A40F203113046FEF765F800251B
:1033F00000E4002C01F09D81DFF858811023009338
:10340000FF2300224146FEF737FE4FF4827130461B
:10341000FEF732F800F0E0052A464FF4827130469C
:10342000FEF74AF845F004024FF482713046FEF789
:1034300043F80220FBF704FB4FF487713046FEF798
:103440001BF8074640F20F113046FEF715F881468B
:103450002A464FF482713046FEF72EF8002500957B
:10346000EF232A4641463046FEF706FE47EA092783
:103470002780FFF7BFBB002C01F05E81A278218876
:10348000FEF742F80025FFF7B5BBFDF789FF0120E5
:10349000FBF7D6FA03230093FF2300222B49304683
:1034A000FEF7EAFD00231A464FF488113046FDF777
:1034B00014FF0120FBF7C4FA336D0025DD730222EF
:1034C0005A829D75DD751D74FFF794BB002C01F0C9
:1034D0003681237803F03F03026D937300221C4969
:1034E000FDF7FBFE0025FFF785BB002C01F02A81CC
:1034F000036D9B7B23700025FFF77CBB0121FEF74A
:1035000013FC3046FEF744FC01213046FDF768FF0E
:103510000F2201213046FFF771F80025FFF76ABB43
:10352000002C01F0128162682168FFF767F800251E
:10353000FFF760BB29000600140018001C000C00F7
:1035400018000C0004000A0008001100040011001B
:103550001400090048000700002C01F0F980D64D46
:1035600000222946FDF7F2FA804602230093FF234A
:10357000002229463046FEF77FFD04230022CF4972
:103580003046FDF7AAFE012300224FF40021304609
:10359000FDF7A3FECA4F00252A4639463046FDF7FF
:1035A000D5FA10F0010FF7D000224FF00811304685
:1035B000FDF7BAFA054600231A464FF400213046BB
:1035C000FDF78BFE00231A46BC493046FDF785FE09
:1035D00043460022B8493046FDF77FFE258000258E
:1035E000FFF708BB002C01F0B6802379026DD27A78
:1035F0009B1A07EE903AF8EEE77A9FEDB27A67EE03
:10360000877AB3EE067A77EE877AC4ED007A0025E2
:10361000FFF7F0BA002C01F0A1802379026D927AB5
:103620009B1A07EE903AF8EEE77A9FEDA77A67EEDD
:10363000877AB3EE007A67EE877ADFEDA46A87EEC9
:10364000A67AF0EE087A77EE277AC4ED007A0025A4
:10365000FFF7D0BA002C01F0848024680121FEF726
:1036600063FB3046FEF794FB01213046FDF7B8FEC0
:1036700021463046FEF7A6FD0025FFF7BBBA002520
:103680000095EF232A469249FEF7F6FC05213046C5
:10369000FDF7A6FE01213046FEF71AFA3046FEF786
:1036A0000DFAFFF7A7BA00250095EF232A468849AF
:1036B000FEF7E2FCFFF79EBA002C01F08380216840
:1036C000FEF780FD0025FFF795BA00228149FDF73E
:1036D0002BFAC0F30B0510F4006F18BF45F47045CA
:1036E0002DB22580336DB3F91430ED1AFFF782BA8D
:1036F000002C01F06A80D4F80490237A99F8132002
:10370000FF2A00F03F81002B36D1D9F8003000931A
:103710000C2300227049FDF7D5FD99F80C30B9F85B
:103720000E20D11899F81220002A5FD199F81000C4
:1037300000280BBF7F224FF480624FF4B0154FF486
:10374000A01599F81300121A023A914200F2208152
:10375000D9F804200092002229463046FDF7B2FD38
:10376000B9F80E3099F80C20D9F8081000912946C4
:103770003046FDF7A7FD4AE0D9F80030B9F80E1041
:103780009A7A8DF830205A7A8DF831201A7A8DF88D
:103790003220DA798DF833209A798DF834205A79ED
:1037A0008DF835201A798DF83620DA788DF83720A3
:1037B0009A788DF838205A788DF839201A788DF853
:1037C0003A2000228DF83B208DF83C10090A8DF834
:1037D0003D10197B8DF83E10DB7A8DF83F300CAB35
:1037E000009310233C49FDF76DFD96E7012A40F058
:1037F000CC8099F81130002B40F2FF3308BF7F23B3
:1038000099F813209B1A023B994200F2C48099F860
:103810001020531EDBB2012B40D999F81130591EEC
:10382000C9B2012964D9042B69D042EA433300228A
:103830002A493046FDF7A4FEB9F80E30284A02EABC
:10384000C31299F80C3003F07F031343002225497B
:103850003046FDF795FE0123002223493046FDF74F
:103860003CFDDFF8888000273A4641463046FDF7A8
:103870006DF910F0050FF7D00546034600221B49ED
:103880003046FDF72AFD05F03F0525F03003012BFA
:1038900042D06BB223700025FFF7ACB9336DDB7BF0
:1038A000032B01F02B8099F811305A1ED2B2012A55
:1038B0002CD90122B7E700BF4800070034000700F9
:1038C000040008006666863FCDCCCC3E00007F43F6
:1038D00024000F0008000200340001004400010031
:1038E00080FF0100480001004C0001005000010071
:1038F000336DDB7B032B0CBF0223012395E7B9F863
:103900000E10102991D96FF00303C3E7012213466B
:103910008BE70222134688E799F81230012BB8D1C1
:1039200099F81120531EDBB2012B1BD9032A0CBFBF
:103930004FF4A0174FF4B017D9F8042012B199F83A
:103940000C30C3B9D9F808100029A2D0B9F80E304C
:10395000002B9ED099F80C20009139463046FDF797
:10396000C3F896E7336DDB7B032B0CBF4FF498173E
:103970004FF49017E0E70092002239463046FDF7F9
:10398000B3F8DFE76FF0020384E76FF0010381E72C
:103990004FF0FF337EE74FF0FF337BE7237AE17987
:1039A000A279D20042EA41021343627943EA8213C8
:1039B000227943EAC213E27843EA0223A27843EA77
:1039C000C223627843EA02339BB20022CD49FDF75D
:1039D000D6FC0025FFF70EB9002C00F0F9866378BD
:1039E00033B15B08013BDBB223700025FFF702B95E
:1039F0000023F9E70022C449FDF780F8C0F30B0368
:103A00002380C0F30B4060800022C0493046FDF7A0
:103A100075F8C0F30B03A380C0F30B40E0800022D5
:103A2000BB493046FDF76AF82072000C6072002234
:103A3000B8493046FDF762F8C0F30B43A381C0F3E9
:103A40000B0060810022B4493046FDF757F8C0F3FF
:103A50000B43A4F80F30A0730022B0493046FDF7A5
:103A60004DF86074000CA0740022AD493046FDF79B
:103A700045F8C0F30B00A4F8130000256575A57583
:103A80002A46A8493046FDF761F8E075FFF7B2B85D
:103A90001146FDF761FC0025FFF7ACB8002C00F0E3
:103AA0009A8623880022A049FDF769FC0025FFF7CC
:103AB000A1B8002C00F09286256835B900231A467B
:103AC0009A49FDF75CFCFFF795B86279237943EAE0
:103AD000022323F0F00300229449FDF750FC002557
:103AE000FFF788B8002C00F07C8623684BB90025CE
:103AF00000954FF6FF532A461021FEF76FFCFFF7A3
:103B000079B800223421FDF73BFD4FF40073009398
:103B10004FF6FF73002210213046FEF75FFC0025B0
:103B2000FFF768B8002C00F05F866188FDF7A4FC01
:103B300020700025FFF75EB8002C00F05886A278B0
:103B40002188FDF7B9FC0025FFF754B8784B794A76
:103B5000012D18BF1346012D774918BF4FF00C11E6
:103B6000026DD27B012A12D0032A17D1A2F5C0120E
:103B7000013A1A444FF4F011FCF7D6FFC009208037
:103B80002588003518BF01256D42FFF733B80222A2
:103B90001946FCF7C9FFC0092080F1E70222FCF7B3
:103BA000C3FFC0092080EBE7002C00F023862178BA
:103BB000FEF74AFC0025FFF71DB81146FEF71AFB79
:103BC0000025FFF717B80094042300221C21FCF7FE
:103BD0008BFF0025FFF70EB8002C00F00E860222A6
:103BE0004421FCF7A1FFC0F3002020700025FFF75F
:103BF00001B8002C00F0048600224421FCF7A6FF47
:103C000000F0010020700025FEF7F4BF002C00F04A
:103C1000FA8562882188FEF74BFB0025FEF7EABF94
:103C20000094082300220421FDF74CFB0025FEF739
:103C3000E1BF0094082300220421FCF755FF002572
:103C4000FEF7D8BF002C00F0E185238802220C216A
:103C5000FDF795FB0025FEF7CDBF002C00F0D985C0
:103C6000238800220C21FDF78AFB0025FEF7C2BF46
:103C70002146FDF705FB0025FEF7BCBF036DDB7B8E
:103C8000012B0BD0032B12D10094052320224FF4DB
:103C9000F011FCF729FF0025FEF7ACBF00940523C7
:103CA00000222649FCF720FF0025FEF7A3BF009461
:103CB000052300224FF44021FCF716FF0025FEF7F4
:103CC00099BF002504F8015B009404232A46702163
:103CD000FCF70AFFFEF78EBF002C00F09D85012245
:103CE0006421FCF70BFF20600025FEF783BF002C4A
:103CF00000F0958500226421FCF700FF206000257C
:103D0000FEF778BF3000010004000F0008000F002C
:103D10000C000F0010000F0014000F0018000F001F
:103D20001C000F0028000F00040006001A001100FC
:103D3000340018002C00180014000C00200018009B
:103D4000036DDB7B012B0BD0032B12D100940523D9
:103D500028224FF4F011FCF7C7FE0025FEF74ABFFA
:103D6000009405230022D249FCF7BEFE0025FEF791
:103D700041BF009405230022CE49FCF7B5FE002583
:103D8000FEF738BF002C00F04D8500221C21FCF707
:103D9000B5FE20600025FEF72DBF002C00F0458504
:103DA00025886768237A002B00F042853C4607EBA4
:103DB000830729463046FDF73DFB44F8040B0135E7
:103DC000ADB2BC42F5D10025FEF714BF002C00F0C7
:103DD0003285237801222821FDF77FFA0025FEF79E
:103DE00009BFFEF789FA0546FEF704BF1146FEF744
:103DF00079FB0546FEF7FEBE002C00F01F85A57876
:103E00000121FDF7EDFA00213046FDF78DFF304628
:103E1000FDF7BEFF05F03F030022A7493046FDF73E
:103E20005CFA01230093FF230022A4493046FEF7E9
:103E300023F9A24F00252A4639463046FCF786FE74
:103E400010F0010FF7D100229D493046FCF76CFEBF
:103E500005463046FDF732FE00213046FDF738FEBC
:103E600005213046FDF7BCFAC5F30B05258000257A
:103E7000FEF7C0BE0221FEF7BDF901213046FEF774
:103E8000B9F91424A046002744254046FAF7E8FD76
:103E90003A4629463046FCF759FE10F0020F05D18C
:103EA000631E13F0FF04F0D1012500E000256D42F0
:103EB000FEF7A0BE002C00F0C48423781B0303F49B
:103EC000E0436278012A08BF43F4807300936FF4E3
:103ED000E24300227B49FDF7E5FE0025FEF78ABE9E
:103EE000002C00F0B18462682168FEF71BF8002501
:103EF000FEF780BE002C00F0AA84238800227249BD
:103F0000FDF73DFA0025FEF775BE002C00F0A284F7
:103F100062682188FEF716FB0025FEF76BBE002CB9
:103F200000F09B84657823788BB1036D0022DA73EF
:103F30004FF0FF330822E5B123F4806300920022A2
:103F400010213046FDF7AEFE0025FEF753BE036D8F
:103F50000122DA73182300225C49FDF711FBE823E4
:103F600000225B493046FDF70BFB6FF0080300228F
:103F7000E1E742F48062E1E7002C00F071842368FD
:103F800000223021FDF7FCFA0025FEF733BE002C9D
:103F900000F0698400222946FCF7B0FD206000256E
:103FA000FEF728BE234600222946FDF7E9FA002540
:103FB000FEF720BE002C00F0598403224549FCF78F
:103FC000C5FDC0F3021020700025FEF713BE002CC3
:103FD00000F04F84236800224421FDF7D1FA002528
:103FE000FEF708BE002C00F04784238800224821F9
:103FF000FDF7C5F90025FEF7FDBD002C00F03F845C
:1040000000224421FCF77AFD20600025FEF7F2BD76
:10401000002C00F0378400224821FCF785FD206049
:104020000025FEF7E7BD002C00F02F842378002246
:104030002949FDF752F90025FEF7DCBD002C00F000
:10404000278400224421FCF781FD20700025FEF723
:10405000D1BD002C00F01F84FDF74CF92060002535
:10406000FEF7C8BD002C00F0198400221B49FCF7A4
:104070005BFD20800025FEF7BDBD002C00F0118403
:1040800000221749FCF73AFD20600025FEF7B2BD7B
:10409000002C00F009842388C3F30D0300934FF430
:1040A000404300220E49FEF799F90025FEF7A2BD14
:1040B0002800180008000C001C0007001000080071
:1040C0001400080014000700080005000C001F0081
:1040D00010001F0060000300240001002C000500F8
:1040E0001A000E00002C00F0E283A788A368089352
:1040F000217B06912269049262690592D8B200F090
:10410000030200F0FC00052942D1B7F5B17F28BFBA
:104110004FF4B177DFF8DC92042F05D809EB0003E8
:104120005B78053B9F423BDB012A77D8AD4B995C1E
:104130003E46B94274DA551C53FA85F500230B4408
:104140009BB20132D2B2022A05D015F8011BA6EBB0
:10415000030C6145F3DB9F4208BF039064D007F175
:1041600005081FFA88F8802500210991039107911D
:104170000E464FF0050BBE465F4538BFDE46AEF13A
:10418000050E1FFA8EFEDFF85CA2BC460F46DBE38D
:1041900040F231139F4228BF1F46DFF85C92BBE715
:1041A0000023059A1380049A1146089A0A604AE08F
:1041B0000023059A1380049B1A46089B13604FF056
:1041C000FF3340E01FFA81FB099203900793012718
:1041D000CBE3002F40F09F83984500F2A183002E8F
:1041E00038D03F2800F0C683002719F800105B1A6A
:1041F0009BB2461E06F03F0016F03F0618BF012690
:104200009AE30699092940F0BB833F2103910BE013
:10421000B3B20132D2B23F21039105E000239AE705
:10422000002398E70390634605990B80039B42EABD
:104230008302D2B2130443EA0263134343EA022324
:10424000049A1360002323600025FEF7D3BC099A6B
:10425000079BE9E70390E7E7099A079BE4E73F211B
:104260000391E1E7002C00F0258325786268012A9C
:1042700015BF6FF460336FF4E043DF27EF2714BFFF
:104280004FF020084FF010080024009422464FF40D
:10429000A021FDF707FD00943B46224652493046D7
:1042A000FDF7EAFE012D03D065B10025FEF7A2BCA3
:1042B000254600943B4622464C493046FDF7DCFE3D
:1042C000FEF798BCCDF80080FF2300224749304616
:1042D000FDF7D2FEFEF78EBC002C00F0EE822278B5
:1042E00012F0010F2DD0570107F0400740244FF482
:1042F000E01312F0040F28D043F4600344F080046C
:10430000120102F0800217434FF400120092DB43C7
:1043100000224FF4A0213046FDF7C4FCE443A4B2D0
:104320000025009523462A462F493046FEF756F8C9
:10433000009723462A462D493046FEF74FF8FEF7F0
:1043400059BC00273C463B46D3E70022DEE7082362
:104350000093FF2301224FF48021FDF78DFE244CB2
:1043600002230093FF23032221463046FDF784FEFB
:1043700000250095F72301224FF480213046FDF7F8
:104380007BFE0095FD23032221463046FDF774FE97
:10439000FEF730BC002C00F093826388DB0003F44E
:1043A000FF6322780AB143F4006300934FF20703DE
:1043B00000224FF480213046FEF710F80025FEF76A
:1043C00019BC002C00F07F82E3B29A1C01239340B9
:1043D000013BDBB200224FF40031FCF77EFF0025E9
:1043E000FEF708BC78090500080005000C00050070
:1043F00008001100F808050038090500002C00F03D
:104400006582E37A002B00F06482637B012B21D963
:10441000227BD54B33F812201201D30AC2F30A02D1
:1044200002F58062B2F5006F28BF01339BB203F042
:104430007F0300934FF680730222CC493046FDF78C
:10444000CDFF94230022CA493046FCF746FF0025E1
:10445000FEF7D0BB227BC44B33F812304FF43562E9
:1044600002FB03F2930CC2F3CA1202F58062B2F5AA
:10447000006F28BF01339BB2D9E7002C00F02C82DB
:104480000022BC49FCF73AFB20600025FEF7B2BBD6
:10449000002C00F024820022B749FCF72FFB20609B
:1044A0000025FEF7A7BB002C00F01C824FF4A813D8
:1044B00023600025FEF79EBB002C00F0168200252D
:1044C0000B9510AF192347F8103D009704232A4697
:1044D000AA49FCF7F7FE41F648730C9300970423B2
:1044E0002A46A7493046FCF7EDFE0BAB00930423A8
:1044F0002A464FF4E8113046FCF7F6FA0B9B23608E
:10450000FEF778BB002C00F0F38100229D49FCF7F8
:10451000F5FA80B2206000229B493046FCF7EEFAA3
:10452000430D9B019BB263600025FEF763BB002C2B
:1045300000F0E181237E2BB1012B37D0022B5ED01E
:10454000FF232FE000229149FCF7D8FAC0F30B00BB
:10455000206000228E493046FCF7D0FAC0F31500E7
:10456000606000228B493046FCF7C8FAC0F31500A2
:10457000A060002288493046FCF7C0FAC0F315005D
:10458000E060002285493046FCF7B8FAC0F310001D
:104590002061002277493046FCF7B0FA00F0E04095
:1045A0006061002363760025FEF724BB00227C496E
:1045B000FCF7A4FAC0F30B002060002279493046D2
:1045C000FCF79CFAC0F31500606000227649304683
:1045D000FCF794FAC0F31500A06000224FF45021BC
:1045E0003046FCF78BFAC0F31500E06000226F49FB
:1045F0003046FCF783FAC0F313002061C9E70022BC
:104600006B49FCF77BFAC0F30B002060002269497C
:104610003046FCF773FAC0F315006060002266496B
:104620003046FCF76BFAC0F31500A0600022634926
:104630003046FCF763FAC0F31500E06000226049E1
:104640003046FCF75BFAC0F313002061A1E70025B8
:10465000FEF7D0BA0025FEF7CDBA0025FEF7CABA9C
:104660000025FEF7C7BA0025FEF7C4BA0025FEF7FD
:10467000C1BA0025FEF7BEBA0025FEF7BBBA002579
:10468000FEF7B8BA0025FEF7B5BA0025FEF7B2BAB4
:104690000025FEF7AFBA0025FEF7ACBA0025FEF7FD
:1046A000A9BA0025FEF7A6BA0025FEF7A3BA002591
:1046B000FEF7A0BA0025FEF79DBA0025FEF79ABACC
:1046C0000025FEF797BA0025FEF794BA0025FEF7FD
:1046D00091BA0025FEF78EBA0025FEF78BBA0025A9
:1046E000FEF788BA0025FEF785BA0025FEF782BAE4
:1046F0000025FEF77FBA0025FEF77CBA0025FEF7FD
:1047000079BA0025FEF776BA0025FEF773BA0025C0
:10471000FEF770BA0025FEF76DBA0025FEF76ABAFB
:104720000025FEF767BA0025FEF764BA0025FEF7FC
:1047300061BA0025FEF75EBA0025FEF75BBA0025D8
:10474000FEF758BA0025FEF755BA0025FEF752BA13
:104750000025FEF74FBA0025FEF74CBA0025FEF7FC
:1047600049BA0025FEF746BAB409050012000E004A
:1047700016000E006000030048000F0004001F0038
:1047800008001F0048000C0028000C0058000C0016
:1047900030000C0034000C0038000C002C000C0021
:1047A00020000D0064000C0068000C0060000C008C
:1047B00068000D0040000D0044000D0048000D0091
:1047C0003C000D000025FEF715BA0025FEF712BAD1
:1047D0000025FEF70FBA0025FEF70CBA0025FEF7FC
:1047E00009BA0025FEF706BA0025FEF703BA002530
:1047F000FEF700BA0025FEF7FDB90025FEF7FAB96D
:104800000025FEF7F7B90025FEF7F4B90025FEF7FD
:10481000F1B90025FEF7EEB90025FEF7EBB900254A
:10482000FEF7E8B90025FEF7E5B90025FEF7E2B985
:104830000025FEF7DFB90025FEF7DCB90025FEF7FD
:10484000D9B90025FEF7D6B90025FEF7D3B9002562
:10485000FEF7D0B90025FEF7CDB90025FEF7CAB99D
:104860000025FEF7C7B90025FEF7C4B90025FEF7FD
:10487000C1B90025FEF7BEB90025FEF7BBB900257A
:10488000FEF7B8B90025FEF7B5B90025FEF7B2B9B5
:104890000025FEF7AFB90025FEF7ACB90025FEF7FD
:1048A000A9B90025FEF7A6B90025FEF7A3B9002592
:1048B000FEF7A0B90025FEF79DB90025FEF79AB9CD
:1048C0000025FEF797B90025FEF794B90025FEF7FD
:1048D00091B90025FEF78EB90025FEF78BB90025AA
:1048E000FEF788B90025FEF785B90025FEF782B9E5
:1048F0000025FEF77FB90025FEF77CB999F8113045
:104900005A1ED2B2012A7FF604A80222FEF78BBFFC
:10491000002F3FF464AC19F800105B1A9BB283E4DB
:104920003F2827D0002E7FF460AC013000F03F001C
:1049300019F800100B449BB29C453FF473AC013D49
:1049400015F0FF053FF434AC9E45BFF442AC9845EA
:10495000DED9ACEB030109B20029B8BF4942594581
:104960007FF730AC002F7FF472AC3F28DAD1002FF4
:104970007FF472AC032A3FF472AC022A3FF441ACDC
:104980001AF802105E1866457FF742AC0B449BB2E2
:104990000132D2B2002728E42DE9F04105460E4647
:1049A000036D002B5CD02C6D0023E3730222628226
:1049B000A375E3752374A372E37204212846FCF700
:1049C00039FD074605212846FCF734FD80460A21BB
:1049D0002846FCF72FFDC0F30440207227B1B8F140
:1049E000000F01D0002840D120212846FCF722FDED
:1049F0002F4B98420CBF01230023637216F0100F57
:104A000037D116F0200F3AD116F0400F3DD116F0F5
:104A1000800F41D1E37A0BB98523E372A37A0BB9F6
:104A20007423A3721F212846FCF704FD60731E2126
:104A30002846FCF7FFFC10F03F0012BFA0732E23A6
:104A4000A373A37B00221B492846FCF746FC3521B3
:104A50002846FCF7EFFC034620BB0020BDE8F081B0
:104A60002C20F8F7E3FA28659DE72846FDF7D0FCEF
:104A7000BAE706212846FCF7DDFC2060C1E70721E4
:104A80002846FCF7D7FC6060BEE708212846FCF703
:104A9000D1FC000CA072BAE709212846FCF7CAFC39
:104AA000E072B7E7002204492846FCF769FDD4E725
:104AB000400200101400090004000900F0B585B0A0
:104AC0000446436B1968FFF767FF064623681B69B6
:104AD000984703AB002211462046FDF7E1FF636BC8
:104AE0009B6A19682046FDF7B3FD636B9B6A5968A2
:104AF0002046FDF74DFB636B9B6ADB8900224FF478
:104B000060212046FCF73BFC636B9B6A9B8900227B
:104B100052492046FCF733FC00212046FCF7CCFE2E
:104B2000002500954FF6FF532A4610212046FDF739
:104B300055FC636B9B6A5A8919892046FDF7B8FBBF
:104B4000636B9B6A1B8A02220C212046FCF717FC30
:104B5000636B9B6A5B8A2A460C212046FCF70FFC9C
:104B6000636B197A2046FDF76FFC636BD9682046AA
:104B7000FCF7B8FE616B0B7E4A6909692046FDF7B8
:104B8000EFF9636B9A7F998B2046FCF7BDFC226D91
:104B9000937B2E2B05D0636B93F82C3033F03F03BF
:104BA0000AD0636B93F82C3003F03F039373002219
:104BB0002B492046FCF791FB636B93F82D102046A0
:104BC000FDF76EFA636B196A2046FCF7ADFE636B66
:104BD000596A2046FCF7CCFE636B93F82E30A3BBDA
:104BE000636B93F82F102046FCF7B6FB94F94C50FA
:104BF000002D27DB012303FA05F5AFB24FF09072C9
:104C000039462046FDF78EF90DF10A030093022381
:104C100000224FF4A0212046FBF766FFBDF80A30C2
:104C200023EA0503ADF80A3000220E492046FCF7BE
:104C3000A6FB94F94D20B2FA82F252093946204679
:104C4000FDF780FC304605B0F0BD01230093FF2343
:104C5000002205492046FDF70FFAC1E704000100D4
:104C60001400090008000500040002009829024809
:104C700018BF0020704700BFBC0A050070472DE92F
:104C8000F04184B005460F461E46BDF82C30591E33
:104C900089B201291CD9D01900F07F003A44C2F32F
:104CA0000441820042EA412243EA0201090A8DF8E6
:104CB0000C1020B9B3F5004F18D0002B37D041F0BD
:104CC00040018DF80C101A438DF80D20022405E0E8
:104CD0007A0062F07E028DF80C200124022B06D0AF
:104CE00026D3A3F50043032B01D9FEE701242B6D46
:104CF0001B7D4BB92B685D680A9B324603A9204691
:104D0000A84704B0BDE8F0810022214603A8FBF7C4
:104D10004BFE024631460A98FBF746FE2B68009090
:104D20009D680A9B324603A92046A847E9E701246B
:104D30002B68D3F800800A9B324603A92046C0475F
:104D40002B6D1B7D022BDCD1182FDAD000222146DF
:104D500003A8FBF729FE024631460A98FBF724FE1A
:104D6000044600221821284600F039F88442C8D0B1
:104D7000EB68002BC5D09847C3E710B582B000247C
:104D80000194049C0094FFF77AFF02B010BD00B5B7
:104D900085B003AB0093042392B2FFF7EEFF0DF151
:104DA0000F030DF10B01002013F8012902EB002085
:104DB0008B42F9D105B05DF804FB00B585B003ABBB
:104DC0000093022392B2FFF7D8FF9DF80D309DF8B3
:104DD0000C0000EB032080B205B05DF804FB00B5C9
:104DE00085B00DF10F030093012392B2FFF7C5FFC9
:104DF0009DF80F0005B05DF804FB30B5BDB0054669
:104E00000C46036D9A7B012A1CD0032A40F0E881EE
:104E10009B7D13F0080F0CD113F0040F02AB00932D
:104E200014BF3823202300224FF4F011FFF7A5FF11
:104E300019E002AB0093E82300224FF4F011FFF7D2
:104E40009CFF10E09B7D13F0080F40F0C08113F031
:104E5000040F02AB009314BF3823202300224FF429
:104E6000C011FFF78AFF0DF1170204F11A0304F1D4
:104E7000200012F8011F03F8011B8342F9D19DF8AD
:104E800015209DF8143043EA0223C3F30C03638416
:104E90009DF81F209DF81E3043EA0223C3F30D0343
:104EA00013F4005F1CBF6FEA83436FEA93432384CC
:104EB0009DF825209DF8243043EA0223C3F30B0319
:104EC000E3872B6D9B7D13F0020F40F07E810AAAD1
:104ED000631E201D12F8011B03F8011FD1791972FE
:104EE000D17B59748342F5D19DF82F3063719DF8C1
:104EF0002E209DF82D3043EA0223E3809DF83720D1
:104F00009DF8363003EB0223C3F3CF13A4F80D3022
:104F10009DF832209DF8313043EA0223A4F80F3087
:104F20009DF83F209DF83E3003EB0223C3F3CF13DF
:104F3000E3829DF83A209DF8393043EA0223238327
:104F40002B6D9B7D13F0040F40F03F819DF84320B3
:104F50009DF842301B0443EA02639DF8402013434E
:104F60009DF8412043EA022323F0604363629DF8E9
:104F700047209DF846301B0443EA02639DF8442015
:104F800013439DF8452043EA022323F00043A36224
:104F90009DF84B209DF84A301B0443EA02639DF8BC
:104FA000482013439DF8492043EA0223C3F3130327
:104FB000E3629DF84F209DF84E301B0443EA0263E4
:104FC0009DF84C2013439DF84D2043EA0223C3F380
:104FD000150323639DF853209DF852301B0443EAC8
:104FE00002639DF8502013439DF8512043EA0223A9
:104FF000C3F3150363639DF857209DF856301B04D7
:1050000043EA02639DF8542013439DF8552043EA78
:105010000223C3F31503A3639DF865209DF8643054
:1050200043EA0223A3879DF877209DF876301B047E
:1050300043EA02639DF8742013439DF8752043EA08
:10504000022323F0404323649DF87B209DF87A30AF
:105050001B0443EA02639DF8782013439DF87920EE
:1050600043EA0223C3F3130363649DF87F209DF892
:105070007E301B0443EA02639DF87C2013439DF8B5
:105080007D2043EA0223C3F31503A3649DF8832024
:105090009DF882301B0443EA02639DF8802013438D
:1050A0009DF8812043EA0223C3F31503E3649DF8CE
:1050B00087209DF886301B0443EA02639DF8842014
:1050C00013439DF8852043EA0223C3F315032365A8
:1050D0009DF895209DF8943043EA0223C3F30E0314
:1050E000A4F854309DF8A5209DF8A43043EA02238B
:1050F000C3F30B03A4F856309DF8BF209DF8BE30D3
:105100001B0443EA02639DF8BC2013439DF8BD20B5
:1051100043EA022323F04043A3659DF8C3209DF892
:10512000C2301B0443EA02639DF8C02013439DF87C
:10513000C12043EA0223C3F31303E3659DF8C720AC
:105140009DF8C6301B0443EA02639DF8C420134354
:105150009DF8C52043EA0223C3F3150323669DF897
:10516000CB209DF8CA301B0443EA02639DF8C82097
:1051700013439DF8C92043EA0223C3F31503636672
:105180009DF8CF209DF8CE301B0443EA02639DF8C2
:10519000CC2013439DF8CD2043EA0223C3F315032B
:1051A000A3669DF8DD209DF8DC3043EA0223C3F3BB
:1051B0000E03A4F86C309DF8ED209DF8EC3043EA26
:1051C0000223C3F30B03A4F86E303DB030BD02AB35
:1051D0000093E82300224FF4C011FFF7CEFD42E612
:1051E0009B7D13F0010F00F0B38102AB00936C23A1
:1051F00000224FF44021FFF7C0FD1DAB00936C234C
:1052000000224FF450212846FFF7B7FD02AA631E83
:10521000201D12F8011B03F8011FD1791972D17BEF
:105220005974D17D99768342F3D19DF82530E37787
:105230009DF80F3063719DF80E209DF80D3043EA04
:105240000223E3809DF816309DF8172043EA0222DE
:10525000C2F3CF12A4F80D209DF8152042EA0322D4
:10526000A4F80F209DF81F2043EA0223C3F3CF13B5
:10527000E3829DF81E209DF81D3043EA022323831C
:105280009DF827209DF8263043EA0223C3F30D033F
:1052900013F4005F1CBF6FEA83436FEA93432384D8
:1052A0009DF829209DF8283043EA0223C3F30C031C
:1052B00063849DF82F209DF82E301B0443EA02637F
:1052C0009DF82C2013439DF82D2043EA022323F060
:1052D000604363622B6D9B7D13F0010F3FF475AF4C
:1052E0009DF833209DF832301B0443EA02639DF899
:1052F000302013439DF8312043EA022323F000437A
:10530000A3629DF837209DF836301B0443EA026300
:105310009DF8342013439DF8352043EA0223C3F35C
:105320001303E3629DF83B209DF83A301B0443EAE7
:1053300002639DF8382013439DF8392043EA022385
:10534000C3F3150323639DF83F209DF83E301B04F3
:1053500043EA02639DF83C2013439DF83D2043EA55
:105360000223C3F3150363639DF843209DF8423085
:105370001B0443EA02639DF8402013439DF841203B
:1053800043EA0223C3F31503A3639DF851209DF85C
:10539000503043EA0223A3879DF861209DF86030D6
:1053A00043EA0223C3F30B03E3879DF867209DF8CC
:1053B00066301B0443EA02639DF8642013439DF8A2
:1053C000652043EA022323F0404323649DF86B20C9
:1053D0009DF86A301B0443EA02639DF8682013437A
:1053E0009DF8692043EA0223C3F3130363649DF825
:1053F0006F209DF86E301B0443EA02639DF86C2019
:1054000013439DF86D2043EA0223C3F31503A364FD
:105410009DF873209DF872301B0443EA02639DF8E7
:10542000702013439DF8712043EA0223C3F3150350
:10543000E3649DF877209DF876301B0443EA02630D
:105440009DF8742013439DF8752043EA0223C3F3AB
:10545000150323659DF885209DF8843043EA0223D7
:10546000C3F30E03A4F854309DF895209DF89430B2
:1054700043EA0223C3F30B03A4F856309DF8AF2090
:105480009DF8AE301B0443EA02639DF8AC20134341
:105490009DF8AD2043EA022323F04043A3659DF825
:1054A000B3209DF8B2301B0443EA02639DF8B0209C
:1054B00013439DF8B12043EA0223C3F31303E365CA
:1054C0009DF8B7209DF8B6301B0443EA02639DF8AF
:1054D000B42013439DF8B52043EA0223C3F3150318
:1054E00023669DF8BB209DF8BA301B0443EA026393
:1054F0009DF8B82013439DF8B92043EA0223C3F373
:10550000150363669DF8BF209DF8BE301B0443EA77
:1055100002639DF8BC2013439DF8BD2043EA02239B
:10552000C3F31503A3669DF8CD209DF8CC3043EA64
:105530000223C3F30E03A4F86C309DF8DD209DF820
:10554000DC3043EA0223C3F30B03A4F86E303CE6DD
:1055500002AB0093282300224FF44021FFF70DFCFB
:1055600054E6000000B583B0036D9B7B012B0BD08C
:10557000032B10D10091052304224FF4F011FFF703
:10558000FCFB03B05DF804FB0091052300220549F4
:10559000FFF7F3FBF5E70091052300226021FFF7F9
:1055A000ECFBEEE70400180010B582B04FF40044A5
:1055B0000194049C0094FFF762FB02B010BD00B59B
:1055C00085B08DF80C301B0A8DF80D3003AB0093BD
:1055D000022392B2FFF7E8FF05B05DF804FB00007C
:1055E00008B5012902D0052907D008BD41F62203DC
:1055F00000220549FFF7E3FFF7E74FF400730022AD
:105600000149FFF7DCFFF0E70400110038B505465B
:105610000C4641F400739BB200224FF43021FFF797
:10562000CEFFA3B200224FF430212846FFF7C7FF78
:1056300038BD000070B504460E460C4D0123002213
:105640002946FFF7BCFF3346002209492046FFF7F1
:10565000B6FF0223002229462046FFF7B0FF0022B2
:1056600004492046FFF793FB70BD00BF08000B0004
:1056700004000B0010000B0010B584B08DF80C3046
:105680001C0A8DF80D401C0C8DF80E401B0E8DF879
:105690000F3003AB0093042392B2FFF785FF04B0F1
:1056A00010BD38B5044689B900222821FFF76FFBE9
:1056B000054601224FF460212046FFF790FB2B1A8C
:1056C000002228212046FFF7D7FF38BD00222821DD
:1056D000FFF75DFB054601227C212046FFF77FFB9B
:1056E0002B1A002228212046FFF7C6FFEDE738B528
:1056F00005460C4600224FF48031FFF748FB000DB1
:105700000005C4F31303034300224FF480312846FD
:10571000FFF7B2FF38BD38B505460C4600224FF4FE
:10572000A021FFF734FB20F47C3314F0010F18BFE5
:1057300043F4803314F0020F18BF43F4005314F005
:10574000040F18BF43F4903300224FF4A0212846E1
:10575000FFF792FF38BD000038B505460C460B68D0
:1057600000220B49FFF788FF636800220949284699
:10577000FFF782FFA368002207492846FFF77CFF56
:10578000E368002205492846FFF776FF38BD00BFD1
:105790000C000200100002001400020018000200B9
:1057A00038B505460C460B6800220B49FFF764FF2D
:1057B0006368002209492846FFF75EFFA3680022BC
:1057C00007492846FFF758FFE368002205492846A5
:1057D000FFF752FF38BD00BF1C000200200002008E
:1057E00024000200280002002DE9F04704460529A4
:1057F0003AD0234D2E46234FDFF8C480DFF8C49003
:10580000DFF8C4A0204B002220492046FFF734FFD8
:10581000534600221E492046FFF72EFF4B4600222A
:105820001C492046FFF728FF434600221A4920461C
:10583000FFF722FF3B46002218492046FFF71CFFD6
:105840003346002216492046FFF716FF2B4600225A
:1058500014492046FFF710FF134B0022134920463E
:10586000FFF70AFFBDE8F087114D124E124FDFF827
:105870005C80DFF85C90DFF85CA0104BC3E700BFF2
:10588000B5AF02007DAF0200FEA8020038000300A1
:105890003C000300400003004400030048000300F4
:1058A0004C00030050000300400200101C000300E5
:1058B000F5CF0100B5CF010036CF0100FDC00100DA
:1058C0003EAF0200FEA5020036AC02007EC701001A
:1058D000BEC601003EC4010008B500231A460249B5
:1058E000FFF7CAFE08BD00BF0400070038B5044634
:1058F0000D4600231A460A49FFF7BEFE00231A464A
:105900004FF4E0212046FFF7B7FE05B938BD4FF050
:10591000E053002203492046FFF7AEFEF6E700BF42
:105920004800070014000700F0B583B0046DA47BA5
:10593000032C0CBF4FF4981C4FF4901C9C18B4F52A
:10594000806F19DA1D4616460F4604467F2B15D97F
:105950004FEA1C4300220D49FFF78EFE2B46002222
:105960000B492046FFF788FE0097334600224FF48C
:10597000E8112046FFF701FA03B0F0BD009113468D
:105980002A466146FFF7F9F9F6E700BF04001F0059
:1059900008001F0010B584B004AC04F8013D009469
:1059A000012392B2FFF700FE04B010BD10B504460B
:1059B000036D9B7B012B13D0032B1DD1F023002201
:1059C0001249FFF7E7FF00224FF4F0112046FFF7DE
:1059D000F4F9236DDA7AA2B1C0F30900D88310BDBF
:1059E0000F2300220949FFF7D5FF00224FF4C01111
:1059F0002046FFF7E2F9ECE700224C21FFF7DDF942
:105A0000E7E700F07F00D883E9E700BF1800010056
:105A100010B50446036D9B7B012B04D0236D9B7B4B
:105A2000032B06D010BD0F2300220549FFF7B2FF5C
:105A3000F4E7F023002202492046FFF7ABFFF1E72D
:105A40001800010038B5044600231A464FF42021FF
:105A5000FFF7B5FD00231A4608492046FFF79AFFD5
:105A6000074D00231A4629462046FFF793FF0223DD
:105A7000002229462046FFF78DFF38BD14000A009A
:105A800004000A0038B505460C46022300224FF4F4
:105A90007021FFF77FFF04B938BD012300224FF4C6
:105AA00070212846FFF776FFF6E7000038B5044678
:105AB0000B4600220A49FFF782FD0A4D8823002287
:105AC00029462046FFF766FF00231A46294620464E
:105AD000FFF760FF002204492046FFF780F938BD38
:105AE0000C000A0004000A0008000A0070B5044611
:105AF0000B461546B1F5807F34BF002620260022D4
:105B00000B49FFF75CFD2B4600220A492046FFF7B0
:105B100041FF094D46F09003002229462046FFF739
:105B200039FF00231A4629462046FFF733FF70BD90
:105B30000C000A0010000A0004000A0070B50446B8
:105B40000D461646002240F20B11FFF7CFFF4FF42F
:105B500082712046FFF7AAFF00F01F024FF4827106
:105B60002046FFF7C3FF236D1A8A15431D82236D5C
:105B70001B8A00224FF420212046FFF720FD3346E8
:105B8000002202492046FFF705FF70BD14000A00FD
:105B9000F0B583B05C18B4F5806F24DA1C46174664
:105BA0000E4605467F2B15D9142300220F49FFF717
:105BB00063FD234600220E492846FFF75DFD00974E
:105BC000334600224FF4E8112846FFF7EDFC002091
:105BD00003B0F0BD00920B4622464FF4A011FFF730
:105BE000E3FC0020F4E74FF0FF30F1E704001F0072
:105BF00008001F0010B582B0044602230193002262
:105C0000009213461321FFF73AF8236D9A7B032A7B
:105C10000CBF012203229A7302B010BD2DE9F0419E
:105C2000044600224FF4F811FFF7D9F80546002288
:105C300044212046FFF7ABF80646236D0022DA83A5
:105C400083F820209A619A835A62236D5C62236DE7
:105C50009F7B002F7FD1236D9E61D4F8508098F8F0
:105C6000153003F00303032B00F0908015F0800F34
:105C700040F0938015F0010F40F0C18015F0400F07
:105C80000BD0636A13B1206D183098474FF4C0737E
:105C9000022244212046FFF792FC15F0080F07D19D
:105CA000236D9B7B002B00F0EA80002F00F0E78043
:105CB000236D002283F8202016F4802F00F0AD80A1
:105CC000226D92F8203043F0080382F820304FF420
:105CD000802716F0805F08D0226D92F8203043F0C4
:105CE000100382F8203047F0805716F4005F06D08A
:105CF000226D537D03F00303032B00F09A8016F40A
:105D0000804F40F0A28047F4DE4300224421204629
:105D1000FFF7B2FC2046FFF77BFE206DC38B002B04
:105D200040F0A280437D03F00303032B00F09C802E
:105D3000836923F490438361226D936943F4805314
:105D40009361E36913B1206D18309847236D0022E9
:105D500083F820208CE06D492046FFF740F8074685
:105D6000236D9B7B032B08BFC0F3071717F0010FB0
:105D700018BF46F4804617F0020F18BF46F40056CD
:105D800017F0040F18BF46F4806664E716F4005F4E
:105D90001CBF45F00805EDB268E700224821204607
:105DA000FFF70BF8A8F81C00236D1A7D1AB19A6949
:105DB00012F0040F03D19B8B03F460638BB10423B7
:105DC000002244212046FFF7E5FD4FF460630022E6
:105DD00048212046FFF7F3FB236A13B1206D1830EA
:105DE0009847236D9B8B13F4807F3FF443AF4FF4B0
:105DF0008073002248212046FFF7E1FB3AE7F823B1
:105E0000002244212046FFF7C5FD2369002B3FF403
:105E100035AF206D1830984730E716F4806F1FBFFC
:105E2000226D92F8203043F0040382F820300027DE
:105E30004FE792F8203043F0020382F82030236DC0
:105E40000022DA8347F400475DE72046FFF7AEFD06
:105E500010F4004F3FF457AF226D92F8203043F01A
:105E6000010382F820304EE763690BB11830984780
:105E7000236D9B7B03BB236D002283F8202015F04C
:105E8000100F1DD115F0200F2DD1002220492046E2
:105E9000FEF7A5FF236D83F8210010F0030309D05E
:105EA00000221B492046FFF775FDA36A13B1206D40
:105EB00018309847BDE8F0812046FFF79BFEDAE7EF
:105EC000144B002244212046FFF7D6FB2046FFF763
:105ED0009FFDE36913B1206D18309847236D0022B0
:105EE00083F82020CEE70C4B002244212046FFF708
:105EF000C3FB2046FFF78CFDA36913B1206D18305A
:105F00009847236D002283F82020BEE71800010087
:105F100038001100009405340004221030B585B01B
:105F2000089C8DF808301D0A8DF809501D0C8DF85D
:105F30000A501B0E8DF80B308DF80C40230A8DF89B
:105F40000D30230C8DF80E30240E8DF80F4048F2E2
:105F50000303019302AB0093082392B2FEF78FFE76
:105F600005B030BD70B582B004460E46134D4FF0FB
:105F7000082300934FF0FF3300222946FFF7CEFF9E
:105F80004FF0601300934FF0FF3300222946204664
:105F9000FFF7C4FF0A4B00934FF0FF3300224FF48A
:105FA000E0212046FFF7BAFF0EB902B070BD054BE5
:105FB000002205492046FFF75FFBF6E7480007008F
:105FC000003C0002001101011400070000B583B07D
:105FD000054B00934FF0FF3300220449FFF79EFF6B
:105FE00003B05DF804FB00BF003C000204000700A2
:105FF0002DE9F04383B004460D461746564E002265
:106000003146FEF7C4FE81464FF4704300934FF0D3
:10601000FF33002231462046FFF780FFDFF83C8146
:106020001823002241462046FFF7C9FA25212046C1
:10603000FFF7ECFA02212046FFF7E8FA4FF4FE7171
:106040002046FFF7E3FAF9B241F480712046FFF7EA
:10605000DDFA4FF480712046FFF7D8FA0021204680
:10606000FFF7D4FA02212046FFF7D0FA4FF4E0718F
:106070002046FFF7CBFAE9B241F480712046FFF7E2
:10608000C5FAC5F3072141F480712046FFF7BEFA37
:10609000C5F3074141F480712046FFF7B7FA290E96
:1060A00041F480712046FFF7B1FA00212046FFF746
:1060B000ADFA3A212046FFF7A9FA40F2FF11204637
:1060C000FFF7A4FA4FF485712046FFF79FFA0021ED
:1060D0002046FFF79BFA3A212046FFF797FA40F255
:1060E00001112046FFF792FA022300224FF43021DB
:1060F0002046FFF764FA00231A464FF43021204669
:10610000FFF75DFA0220F8F79BFC3A212046FFF7E3
:106110007DFA4FF481712046FFF778FA02230022BE
:106120004FF430212046FFF74AFA00231A464FF475
:1061300030212046FFF743FA00231A464146204605
:10614000FFF73DFA4B46002231462046FFF794FA0E
:1061500003B0BDE8F08300BF4400070008000B0057
:10616000F0B583B0002423460126072702E001345E
:10617000092C09D006FA04F50D42F8D004EB4405C9
:1061800007FA05F52B43F2E71A400092DB430022A1
:106190004FF4A021FFF7C2FE03B0F0BD10B582B0EE
:1061A00004467F2A12D9803241EAC32141EA0241E2
:1061B00000910C4B00222021FFF7B0FE00224FF48B
:1061C00000212046FEF70BFE02B010BD41EAC321BC
:1061D00041EA02410091034B00222021FFF79EFE7D
:1061E000F2E700BF00F400FC00B583B000920B465C
:1061F00000224421FFF792FE002003B05DF804FB6B
:1062000000B585B08DF80C309DF818308DF80D3044
:1062100048F20103019303AB0093022392B2FEF70D
:106220002EFD05B05DF804FB30B583B004460D4685
:1062300011F0010F15D000230093EF2302224FF439
:106240006021FFF7DDFF236D9D75236D9B7D5B084E
:1062500010D06B0800220E492046FFF79BFB03B0CD
:1062600030BD10230093FF2302224FF46021FFF77B
:10627000C7FFE8E701230093FF23002204492046DB
:10628000FFF7BEFF226D937D43F002039375E6E7AF
:106290002000010070B582B004460D460121FFF7D1
:1062A0009FF900212046FFF75DFE2046FFF78EFE96
:1062B000C5F30B03002215492046FFF780F903239D
:1062C0000093FF23002212492046FFF799FF104E4A
:1062D00000252A4631462046FEF781FD10F0010FC9
:1062E000F7D12046FFF7F8FA00212046FFF7FEFA23
:1062F00005212046FFF774F9002206492046FEF7E3
:106300006EFD00F03F0002B070BD00BF1C00080031
:10631000100008001C00070038B505460C46B1F80F
:10632000051049B1FFF7B6FFD4F801300022054946
:106330002846FFF7A1F938BD237800220249FFF76C
:1063400029FBF1E7040001001C00070030B583B011
:1063500004460D4610230093FF2300220649FFF751
:106360004FFF2B46022D38BF022300222821204652
:10637000FFF782F903B030BD28000F0030B583B0BD
:10638000044601291DD002292FD001230093FF23A9
:1063900000222549FFF734FF244D4FF400030093FA
:1063A0006FF48073002229462046FFF7B7FD0023D3
:1063B00000937F23022229462046FFF721FF03B0E6
:1063C00030BD0521FFF70CF9022300934FF0FF3396
:1063D000002217492046FFF7A1FD01220092FF236A
:1063E00012492046FFF70CFFE9E703230093FF2340
:1063F00000220D49FFF704FF0C4D4FF400030093FA
:106400006FF48073002229462046FFF787FD0023A2
:1064100000937F23022229462046FFF7F1FE052143
:106420002046FFF7DDF8CAE704001100080011005C
:106430000800090030B583B0054602290ED00024BB
:106440000094FE2322461021FFF7DAFE234622465F
:1064500014212846FFF7B3F803B030BD14460123DA
:106460000093FF2300221021FFF7CAFE23460022DB
:1064700014212846FFF7A3F8EEE700002DE9F041CC
:1064800082B00546294C2A4B00222146FFF7F4F83A
:1064900010230093FF23002221462846FFF7B0FE79
:1064A00003244FF01408234F00264046F8F7D8FA8B
:1064B000324639462846FEF792FC012834D0631E46
:1064C00013F0FF04F1D16FF00204184E00231A46B6
:1064D00031462846FFF75EFA012300221549284677
:1064E000FFF758FA01230093FF2302223146284682
:1064F000FFF786FE002210492846FEF748FC6FF0A1
:106500006043984208BF6FF0030400220B492846FD
:10651000FEF73DFC6FF06043984214BF20466FF0D9
:10652000040002B0BDE8F0810024CEE70C000400B6
:106530000100020020000400140004001C000400FC
:106540002DE9F04383B00546884617461C46F8F708
:10655000BFF90646022C19D0042C17D004F0FD0315
:10656000012B3FD04FF00009CDF800906FEA0803EF
:106570004A463C212846FFF7D1FCCDF80090FB436A
:106580004A4640212846FFF7C9FC0BE0434600225B
:106590003C212846FFF770F83B4600224021284660
:1065A000FFF76AF8033CE4B2012C2DD900223C210C
:1065B0002846FEF7ECFB0346002244212846FFF75D
:1065C0005BF8002240212846FEF7E1FB034600224B
:1065D00048212846FFF750F83046F8F78BF903B00A
:1065E000BDE8F083CDF800804FF0FF3300223C215E
:1065F0002846FFF793FC00974FF0FF33002240211D
:106600002846FFF78BFCCDE710210091FF230222E3
:106610002846FFF7F5FDC9E700B583B000290BBF99
:10662000FF23F72300220822009201221021FFF706
:10663000E7FD03B05DF804FB10B584B0BDF8184069
:106640008DF80C301B0A8DF80D308DF80E40240AA1
:106650008DF80F4048F20203019303AB009304232B
:1066600092B2FEF70CFB04B010BD000030B583B051
:10667000044611F0010F1FD00D464FF41073009324
:106680006FF47C6300224FF4A021FFF747FC4FF426
:10669000040300934FF0FF33002218492046FFF710
:1066A0003DFC15F0020F1AD14FF4887300221449F3
:1066B0002046FEF7E1FF10E0002500956FF47C63B3
:1066C0002A464FF4A021FFF729FC00954FF6FF63FF
:1066D0002A460B492046FFF7AFFF03B030BD084DF7
:1066E000084B002229462046FEF7C6FF4FF4887368
:1066F000002229462046FEF7BFFFEEE70400110006
:106700001800110010010F00F0B583B004460129F4
:1067100009D01420F8F7A4F92046FFF7AFFE05468C
:10672000284603B0F0BD0F4E00223146FEF745FB70
:10673000074640F2071300934FF6FF7300223146DD
:106740002046FFF779FF1420F8F78AF92046FFF773
:1067500095FE0546002200923B4631462046FFF753
:106760006BFFDDE74800070000B583B0012A09D0C0
:10677000CB43002200929BB20649FFF75DFF03B0B6
:106780005DF804FB00914FF6FF7300220149FFF70B
:1067900053FFF4E70C000500F0B583B004460F4644
:1067A00016461D4648F2400300934FF6FF73002241
:1067B0001849FFF741FFAA1943F201039A4215DC79
:1067C0007F2D1DD91523002213492046FEF754FFC3
:1067D0002B46002211492046FEF74EFF0097334614
:1067E00000224FF4E8112046FEF7C7FA002200927B
:1067F00047F6BF7307492046FFF71EFF03B0F0BD01
:10680000009733462A464FF4A8112046FEF7B5FA02
:10681000ECE700BF0400110004001F0008001F0087
:1068200070B506460C4615460E4B02220E49FEF781
:1068300023FF0F2DA8BF0F25631E032B28BF0424A1
:1068400010232341002209493046FEF715FF631E3D
:106850009B0005FA03F3002205493046FEF70CFFC2
:1068600070BD00BF7408D20010001100280007009E
:10687000180008002DE9F04F83B004460D4691F84A
:1068800000900B79182B14D8CF78182F94BF0027BD
:106890000127FFB2EB79012B0CBF102100216B788F
:1068A000013B062B10D8DFE803F0060F0F120C0F88
:1068B00009000127EDE74FF0400A0AE04FF0480ACF
:1068C00007E04FF0800A04E04FF4807A01E04FF0D7
:1068D000200A226D138A23F0E0031382236DEA79E4
:1068E000DA722E7BB31C01269E401FFA86F8226DB9
:1068F000CA4B03FB08F3DB0B5382236DEA7A5A750C
:106900002B7A5B0103F020036A7B43EA0243EA7AB5
:10691000120302F4304213430B430093C04B002296
:1069200010212046FFF7FAFA002F40F0FB80EB7AA7
:10693000F3B16B7B012B40F220812A7BB94B33F8FA
:1069400012201201D30AC2F30A0202F58062B2F5E4
:10695000006F28BF01339BB20AEBC80A03F07F0324
:1069600000934FF680730222AF492046FFF764FE82
:1069700094230093AD4B0022AD492046FFF7CEFA99
:10698000BAF1FF0F40F30C81226D138A43F020030C
:1069900013824FF4006300934CF6FF730022A54965
:1069A0002046FFF749FE6B7B012B00F00481AB789A
:1069B00043F010030093FC2300224FF4C021204633
:1069C000FFF71EFC731EDBB200224FF4003120469D
:1069D000FEF7E0FF6B78072B0CBF08230023012292
:1069E00024212046FEF7D6FFEB7A03F00303032BA6
:1069F0000CBF914B914B002291492046FEF73CFE83
:106A0000002290492046FEF7C2F920F4FF5020F002
:106A10001F00B9F1090F08BF40F001002A791202E6
:106A200002F4F852EB78DB00DBB21A436B795B00BF
:106A300003F0060313430343002282492046FEF776
:106A40001BFEAA796B781B0343EA822300936FF441
:106A50007443002220212046FFF760FAB5F8093080
:106A600023B96FF07E036B720023AB72B5F8093067
:106A700002224FF4C0212046FEF7A1FD02227249F6
:106A80002046FEF7ACF9236DDB7B4B4500F09D8083
:106A9000032800F09E80B9F1090F00F09F806B4B36
:106AA00000226B492046FEF7E7FD41F63C730022C9
:106AB0004FF410212046FEF782FD14230122654980
:106AC0002046FEF767FF0E23022263492046FEF7A9
:106AD00061FF8123002261492046FEF75BFF02230C
:106AE000002244212046FEF755FF01212046FFF7F2
:106AF00045FC4FF0140BD846002744264046F7F7D4
:106B0000AFFF3A4631462046FEF769F910F0020F12
:106B100040F0C1800BF1FF3313F0FF0BEED16FF0AB
:106B20000100DEE0226D138A43F0600313824FF40C
:106B3000C05300936FF4405300223E492046FFF7B4
:106B4000EDF940F20633002245492046FEF794FD58
:106B500000231A4643492046FEF78EFD424B002291
:106B600031492046FEF788FD9D2300932F4B0022DC
:106B70002F492046FFF7D2F915E72A7B294B33F836
:106B800012304FF4356202FB03F2930CC2F3CA12C7
:106B900002F58062B2F5006F28BF01339BB2DBE6DD
:106BA0004FF4205300934CF6FF73002221492046F6
:106BB000FFF742FDF7E6AB780093EC2300224FF499
:106BC000C0212046FFF71CFBFCE603287FF463AFDF
:106BD00064E002212046FFF7D1FB5CE7234B002253
:106BE0001B492046FEF748FD40F63C7300224FF457
:106BF00010212046FEF7E3FC5FE74FF4807300931B
:106C00004FF6FF7300220B492046FFF715FD226D5A
:106C1000138A43F00803138252E000BF6866020043
:106C2000CF4FFCFFC40A050014000E0000FFFFBF99
:106C300018000E0008000B00CC355FAF4C585FAF5A
:106C40000C0006000800010030000F003411071C82
:106C50001C0007005000070018000700080009008A
:106C60000C000E0010000E000A5A0C003400011C2B
:106C700000220092FE231C492046FFF7C1FA29E0BA
:106C80004FF0005300936FF07F43002217492046D6
:106C9000FFF744F921E0236D83F80F902B79093B2E
:106CA000DBB20F2BE4D8236D1B7A012BA5D049460C
:106CB0002046FEF799FD226D138A23F00803138204
:106CC0004FF4C843009348F2FF13002206492046C0
:106CD000FFF7B2FCBAF13F0FD2DC01212046FFF7EB
:106CE00013FD03B0BDE8F08F18000300100006008C
:106CF000F0B583B005460E46036D002B51D02C6DC8
:106D00000023A3730222228223756375E3736372E7
:106D1000A37204212846FEF78DFC0746052128466C
:106D2000FEF788FC0FB1002840D120212846FEF74D
:106D300081FC354B98420CBF01230023237216F0CF
:106D4000100F42D116F0200F45D116F0400F48D158
:106D500016F0800F4CD1A37A0BB98523A372637A06
:106D60000BB9742363721F212846FEF763FC20735E
:106D70001E212846FEF75EFC10F03F0012BF607334
:106D80002E236373637B002220492846FEF702FE10
:106D900035212846FEF74EFC034678BB002003B0A1
:106DA000F0BD2820F6F742F92865A8E74FF40073F4
:106DB00000934FF6FF73002215492846FFF73CFC6D
:106DC000238A43F010032382AFE706212846FEF70B
:106DD00031FC2060B6E707212846FEF72BFC6060F7
:106DE000B3E708212846FEF725FC000C6072AFE7E8
:106DF00009212846FEF71EFCA072ACE700220549D7
:106E00002846FEF739FCC9E74002001014000900CB
:106E100008000B000400090030B583B005460C469D
:106E200071B121F00203013B0F2B62D8DFE803F0C0
:106E3000116161246161612D616161616161613A2A
:106E400002210191002200921346FDF718FF20460F
:106E500010E0022301930022009213460421FDF763
:106E60000EFF032244212846FDF7B9FF10F0080F5A
:106E700025D1002003B030BD0223019300220092EF
:106E800013460A21FDF7FBFEEBE70021FEF709FCA4
:106E90000223019300220092134608212846FDF7A1
:106EA000EEFEDEE70121FEF7FCFB02230193002248
:106EB0000092134606212846FDF7E1FED1E70223A2
:106EC0000193002100910B460A462846FDF7D7FEA4
:106ED00014F0020F02D04FF0FF30CBE702210191F6
:106EE0000022009213462846FDF7C9FE4FF0FF30FE
:106EF000C0E74FF0FF30BDE770B582B0064602250F
:106F0000019500240094234622461921FDF7B7FE7F
:106F1000336D9C731D821C755C75DC7302B070BD93
:106F200070B582B0064602250195002400942346E0
:106F300022461821FDF7A3FE336D9C731D821C753C
:106F40005C75DC7302B070BD2DE9F04F91B0064660
:106F500015461C469C2900F29F80DFE811F0530A79
:106F60005E0AA300A700C0004C0192016F01560108
:106F7000A201AD01B501BD01C501CD01D501D90108
:106F8000E1017202800285028F0294029902A2023C
:106F9000A702DD02FA02050310031A035203480395
:106FA0003E03240331038103FC012F023D0245020D
:106FB00059027D09820961039F03A303AC03B10356
:106FC000DB03E503ED03170423042E045703390400
:106FD000420454046D047E04C004CA04F004FF0497
:106FE0001A05080524056A058205A205D105E505EF
:106FF000EE050A06F70543078507D307D907E40717
:10700000FD071D08270831085F0868086E08770823
:10701000840891089B08A408AD08B808C308C908EB
:10702000EC08F70802090D094E0959097209880987
:10703000FC09060A110A660A1B0A480A7707C609EC
:10704000E609D40AC90A730A7E0A890A940A9F0AC1
:10705000AA0AB50ABE0AB50CEF0C2A0D4D0DF90DA2
:107060000E0EFD0AC00BF30BFE0B030C080C130CE9
:10707000260C310C460C5B0C970C9D009D009D006E
:107080009D009D009D009D009D00640D750DC20E2C
:10709000BF0DB40DD30DCA0D4FF0FF35284611B00A
:1070A000BDE8F08F436898470025F7E70222B4490E
:1070B000FDF795FE032801D80025EFE7F7F708FC58
:1070C000044602230193002500952B462A462946B3
:1070D0003046FDF7D4FD2046F7F70CFCDEE7002C28
:1070E00001F00286247814F01D0F61D014F0010F16
:1070F00023D014F0020F4FF0020301934FF000026F
:107100000092134614BF0D210321FDF7B8FD0322A1
:1071100044213046FDF763FE10F0080F08BF00253C
:10712000BCD002230193002100910B460A46304651
:10713000FDF7A5FD4FF0FF35B0E714F0080F11D1B2
:1071400014F0100F21D114F0020F4FF0020301933D
:107150004FF000020092134614BF10210921FDF7E1
:107160008EFDD4E70021FEF79CFA14F0020F4FF0D9
:10717000020301934FF000020092134614BF0F2147
:1071800007213046FDF77BFDC1E70121FEF789FAB3
:1071900014F0020F4FF0020301934FF0000200922F
:1071A000134614BF0E2105213046FDF768FDAEE7FA
:1071B00014F0200F0FD014F0020F4FF002030193D0
:1071C0004FF0000500952B462A4614BF11210B21D4
:1071D000FDF755FD62E714F0020F4FF00203019333
:1071E0004FF0000500952B462A4614BF0C210121C3
:1071F000FDF745FD52E7002C01F079852368002258
:107200002821FEF739FA002548E7236800225D4966
:10721000FEF732FA636800225B493046FEF72CFA2B
:10722000A368002259493046FEF726FAE368002297
:1072300057493046FEF720FA00252FE7002C01F0D1
:10724000598523886568032D01F25785DFE805F02D
:1072500002070D1300224F49FEF7B1F91EE7022283
:107260004C49FEF7ACF9002518E700224A49FEF721
:10727000A6F9002512E702224749FEF7A0F90025EA
:107280000CE7002C01F03C8523785B0003F006033B
:1072900000936FF0060300224049FEF73FFE0025F1
:1072A000FCE64FF4803300934FF0FF3300223C495B
:1072B000FEF734FE0025F1E6002C01F02485036D75
:1072C0001B7B23700025E9E6002C01F01F85036D70
:1072D0005B7A23700025E1E6002C01F01A85036D2E
:1072E0009B7A23700025D9E6002C01F01585036DEB
:1072F0001B6823600025D1E6002C01F01085036D8A
:107300005B6823600025C9E6FEF774FC0025C5E62E
:10731000002C01F007852168FEF7E9F90025BDE69C
:10732000002C01F0028525785DB16468402300934C
:10733000FF2300221021FEF763FF022D07D1F46026
:1073400005E000220092BF231021FEF759FF336DA4
:107350001D750025A2E6002C01F0EA8465682378FB
:1073600003224FF48031FEF715FBDDB900220092B5
:107370004FF2FF7310213046FFF75EF98EE600BF33
:1073800030000F0054000100580001005C000100B3
:10739000600001000C000100100001000800010065
:1073A000040011004FF4812300934FF0FF330022BB
:1073B00010213046FEF7B2FD00256FE6002211468F
:1073C000FDF7E5FCB268136843405268134214BFEE
:1073D0004FF0FF35002561E6002C01F0AC842178E8
:1073E000FEF722FF002559E63AB9002200924FF23B
:1073F000FF73B849FFF720F950E64FF4006300939C
:107400004FF6FF730022B349FFF716F9002545E652
:1074100002F001024FF6FF734FF2FF71002A08BF1E
:107420000B46D20215F0020F12BF42F4805223F431
:1074300080539BB200920022A649FFF7FDF8002579
:107440002CE62AB9A44B0222A449FEF715F925E639
:10745000A34B0222A149FEF70FF900251EE61146B3
:10746000FEF759F9002519E6002C01F06784002287
:107470009C49FDF7B4FC207000250FE62146FEF77D
:107480006BF900250AE62146FEF78AF9002505E694
:1074900001230093FF2300229349FEF7B1FE00254C
:1074A000FCE51146FEF7A0F90025F7E518230022B8
:1074B0008E49FEF7E1F8E82300228D493046FEF7B9
:1074C000DBF8336D9B7D5B081AD00022894930467A
:1074D000FDF773FCC0F3C403093B0F2B01F23184A9
:1074E00000F0010000280CBF05210921336D1B7A33
:1074F000012B01F029843046FEF776F90025CDE511
:10750000012300227C493046FEF744FA326D937D18
:1075100043F002039375D8E7002C01F01884247817
:10752000036D5C75230303F43043009344F6FF734B
:1075300000221021FFF780F804F00304032C0CBF95
:107540006E4B6F4B00226F493046FEF795F80025D1
:10755000A4E5002C01F0FE83238800224FF4602173
:10756000FEF72DF8002599E5002C01F0F6830022A6
:107570004FF46021FDF721FC208000258EE5002CD2
:1075800001F0EE83238800227C21FEF718F8002505
:1075900084E5002C01F0E78300227C21FDF70DFC3F
:1075A000208000257AE5002C01F0E083A388E288A2
:1075B000216800914FF4B011FDF7F6FF00256DE54D
:1075C000002C01F0D683A388E288216800914FF453
:1075D000B011FDF7D2FB002560E5002C01F0CC8353
:1075E000E388A2882168FEF79FF9002556E5002C64
:1075F00001F0C583E3882268A188FEF7C9FA002557
:107600004CE51146FFF708FC002547E5002C01F08A
:10761000B983237962882188FEF7C0FD00253DE506
:10762000002C01F0B283036D9B7B012B0CD0032B4C
:1076300010D10C224FF4F011FDF7BFFB00B240F364
:107640000C032380002529E500222F49FDF7B5FB17
:1076500000B2F4E700222D49FDF7AFFB00B2EEE7E0
:10766000002C01F095830CAB0093032300222849E2
:10767000FDF783FB9DF832209DF8313003EB0222A9
:107680009DF8303003EB022313F4801F1CBF6FEA18
:1076900003336FEA133323600025FFE4FEF7D2F9CA
:1076A0000025FBE4002C01F076836188FEF7F2FDF3
:1076B00020700025F2E42146FDF79FFB0025EDE454
:1076C000002C01F06B8301227021FDF760FB20602C
:1076D0000025E3E4080011007408D2001000110036
:1076E0007488D2041C000700040002000C001F0074
:1076F00010001F000800010020000100CC355FAF22
:107700004C585FAF0C0006000C00180020000C0065
:1077100029000600002C01F0448300227021FDF7AF
:1077200036FB20600025B9E4009405230022702177
:10773000FDF723FB0025B1E4002C01F03583036D38
:107740009B7B012B14D0032B19D116224FF4F0117F
:10775000FDF733FBC0F30D0083B213F4005F04D0D8
:107760006FEA83436FEA934318B22080002595E4C3
:107770000222D649FDF721FBC0F30D00ECE70222FF
:10778000D349FDF71AFBC0F30D00E5E7009406238B
:107790000022D049FDF7F1FA637903F00103637128
:1077A00000257BE4002C01F0028301224FF0081138
:1077B000FDF715FB2070002570E4002C01F0FA8223
:1077C00000224FF00811FDF70AFB2070002565E448
:1077D000002C01F0F282A2882168FEF709FC002546
:1077E0005CE4002C01F0EC822568A488224629463E
:1077F000FEF7FEFB21463046FDF71CFF2D1A18BF91
:107800004FF0FF354AE4022A0ED0B34C00231A464B
:1078100021463046FEF7BEF80223002221463046BC
:10782000FEF7B8F8002539E400230093FE23012277
:10783000AA49FEF7E5FCE8E7002C01F0C4822488A1
:10784000E2B24FF48171FEF751F9220A40F20311BE
:107850003046FEF74BF9002520E4002C01F0B682FB
:10786000DFF8848210230093FF2300224146FEF7B5
:10787000C7FC4FF482713046FEF718F900F0E005BE
:107880002A464FF482713046FEF730F945F0040283
:107890004FF482713046FEF729F90220F7F7D0F84D
:1078A0004FF487713046FEF701F9074640F20F1199
:1078B0003046FEF7FBF881462A464FF48271304687
:1078C000FEF714F900250095EF232A46414630467D
:1078D000FEF796FC47EA09272780FFF7DFBB002C5D
:1078E00001F07782A2782188FEF728F90025FFF7BA
:1078F000D5BB002C01F070822468FEF7A3F80120AC
:10790000F7F79EF803230093FF23002274493046C3
:10791000FEF776FC7CB93046FFF7EEFA0120F7F768
:107920008FF8336D00259D7302221A821D755D75D7
:10793000DD73FFF7B3BB3046FFF7F2FAEEE7002C3A
:1079400001F04D82237803F03F03026D5373002250
:107950006449FEF71FF80025FFF7A0BB002C01F0DB
:107960004182036D5B7B23700025FFF797BB0121EC
:10797000FEF7F8FA3046FEF729FB01213046FDF705
:107980002FFE0F2201213046FEF74AFF0025FFF7A8
:1079900085BB002C01F0298262682168FEF740FF58
:1079A0000025FFF77BBB002C01F022824E4D002208
:1079B0002946FDF714FA804602230093FF23002294
:1079C00029463046FEF71CFC042300224749304676
:1079D000FDF7E0FF012300224FF400213046FDF7C0
:1079E000D9FF434F00252A4639463046FDF7F7F9BF
:1079F00010F0010FF7D000224FF008113046FDF7CC
:107A0000DCF9054600231A464FF400213046FDF705
:107A1000C1FF00231A4635493046FDF7BBFF4346F8
:107A2000002231493046FDF7B5FF25800025FFF7DC
:107A300035BB002C01F0DF812379026D927A9B1A0D
:107A400007EE903AF8EEE77A9FED2A7A67EE877AAA
:107A5000B3EE067A77EE877AC4ED007A0025FFF759
:107A60001DBB002C01F0CA812379026D527A9B1A4A
:107A700007EE903AF8EEE77A9FED1F7A67EE877A85
:107A8000B3EE007A67EE877ADFED1C6A87EEA67A9E
:107A9000F0EE087A77EE277AC4ED007A0025FFF73A
:107AA000FDBA002C01F0AD8124680121FEF75AFADD
:107AB0003046FEF78BFA01213046FDF791FD214655
:107AC0003046FEF743FC0025FFF7E8BA1400180023
:107AD0001C000C0018000C0004000A000800110033
:107AE00004001100140009004800070034000700DA
:107AF000040008006666863FCDCCCC3E00007F4384
:107B000000250095EF232A46C749FEF779FB05219A
:107B10003046FDF765FD01213046FDF7E7FE3046B2
:107B2000FDF7DAFEFFF7BABA00250095EF232A46E3
:107B3000BD49FEF765FBFFF7B1BA002C01F0648187
:107B40002168FEF703FC0025FFF7A8BA0022B74919
:107B5000FDF733F9C0F30B0510F4006F18BF45F4BF
:107B600070452DB22580336DB3F91230ED1AFFF751
:107B700095BA002C01F04B81D4F80490237A99F83F
:107B80001320FF2A00F02281002B36D1D9F80030D3
:107B900000930C230022A649FDF706FD99F80C304E
:107BA000B9F80E20D11899F81220002A5FD199F85F
:107BB000100000280BBF7F224FF480624FF4B015F5
:107BC0004FF4A01599F81300121A023A914200F2EC
:107BD0000381D9F804200092002229463046FDF79F
:107BE000E3FCB9F80E3099F80C20D9F80810009190
:107BF00029463046FDF7D8FC4AE0D9F80030B9F8FC
:107C00000E109A7A8DF830205A7A8DF831201A7A2F
:107C10008DF83220DA798DF833209A798DF8342076
:107C20005A798DF835201A798DF83620DA788DF862
:107C300037209A788DF838205A788DF839201A78BC
:107C40008DF83A2000228DF83B208DF83C10090A6F
:107C50008DF83D10197B8DF83E10DB7A8DF83F30A2
:107C60000CAB009310237249FDF79EFC96E7012AA6
:107C700040F0AF8099F81130002B40F2FF3308BF7D
:107C80007F2399F813209B1A023B994200F2A780A8
:107C900099F81020531EDBB2012B40D999F811300E
:107CA000591EC9B2012947D9042B4CD042EA4333AB
:107CB000002260493046FDF7DFFCB9F80E305E4A1D
:107CC00002EAC31299F80C3003F07F031343002239
:107CD0005A493046FDF7D0FC01230022584930466E
:107CE000FDF758FEDFF85C8100273A4641463046F2
:107CF000FDF775F810F0050FF7D005460346002292
:107D000050493046FDF746FE05F03F0525F03003AB
:107D1000012B25D06BB223700025FFF7BFB9336D5F
:107D20009B7B032B01F0238199F811305A1ED2B2AC
:107D3000012A12D90122B7E7336D9B7B032B0CBFBD
:107D400002230123B2E7B9F80E101029AED96FF063
:107D50000303E0E702221346A8E701221346A5E742
:107D600099F81230012BD5D199F81120531EDBB2AE
:107D7000012B1BD9032A0CBF4FF4A0174FF4B017E7
:107D8000D9F8042012B199F80C30C3B9D9F8081009
:107D90000029BFD0B9F80E30002BBBD099F80C20C9
:107DA000009139463046FCF7E8FFB3E7336D9B7B23
:107DB000032B0CBF4FF498174FF49017E0E7009295
:107DC000002239463046FCF7D8FFDFE76FF00203A8
:107DD000A1E76FF001039EE74FF0FF339BE74FF001
:107DE000FF3398E7237AE179A279D20042EA41028F
:107DF0001343627943EA8213227943EAC213E27899
:107E000043EA0223A27843EAC223627843EA0233B8
:107E1000227843EA42339BB200220B49FDF7CFFBA5
:107E20000025FFF73BB900BF28000F000800020043
:107E3000340001004400010080FF010048000100FF
:107E40004C0001005000010030000100002C00F047
:107E5000E187637833B15B08013BDBB22370002517
:107E6000FFF71CB90023F9E70022D049FCF78FFF88
:107E7000C0F30B032380C0F30B4060800022CC4989
:107E80003046FCF784FFC0F30B03A380C0F30B4024
:107E9000E0800022C7493046FCF779FF2072000CD1
:107EA00060720022C4493046FCF771FFC0F30B43F7
:107EB000A381C0F30B0060810022C0493046FCF76B
:107EC00066FFC0F30B43A4F80F30A0730022BC4937
:107ED0003046FCF75CFF6074000CA0740022B949C6
:107EE0003046FCF754FFC0F30B00A4F81300002544
:107EF0006575A5752A46B4493046FCF770FFE075F4
:107F0000FFF7CCB81146FDF7BDFD0025FFF7C6B859
:107F1000002C00F0828723880022AC49FDF74FFB3C
:107F20000025FFF7BBB8002C00F07A87256835B92B
:107F300000231A46A649FDF742FBFFF7AFB8627966
:107F4000237943EA022323F0F0030022A049FDF73E
:107F500036FB0025FFF7A2B8002C00F064872368E9
:107F60004BB9002500954FF6FF532A461021FEF726
:107F700063FBFFF793B800223421FDF77DFB4FF43C
:107F8000007300934FF6FF73002210213046FEF776
:107F900053FB0025FFF782B8002C00F0478761886B
:107FA000FDF784FD20700025FFF778B8002C00F065
:107FB0004087A2782188FDF799FD0025FFF76EB86C
:107FC000844B854A012D18BF1346012D834918BFE4
:107FD0004FF00C11026D927B012A12D0032A17D1A7
:107FE000A2F5C012013A1A444FF4F011FCF7E5FE75
:107FF000C00920802588003518BF01256D42FFF794
:108000004DB802221946FCF7D8FEC0092080F1E7DE
:108010000222FCF7D2FEC0092080EBE7002C00F022
:108020000B872178FEF722FB0025FFF737B81146B2
:10803000FEF7A4F90025FFF731B8009404230022CD
:108040001C21FCF79AFE0025FFF728B8002C00F051
:10805000F68602224421FCF7B0FEC0F30020207017
:108060000025FFF71BB8002C00F0EC86002244210D
:10807000FCF7B5FE00F0010020700025FFF70EB8F8
:10808000002C00F0E28662882188FEF7D3F90025F3
:10809000FFF704B80094082300220421FDF784FAB6
:1080A0000025FEF7FBBF0094082300220421FCF703
:1080B00064FE0025FEF7F2BF002C00F0C98623887D
:1080C00002220C21FDF77BFA0025FEF7E7BF002C0A
:1080D00000F0C186238800220C21FDF770FA0025EC
:1080E000FEF7DCBF2146FDF73DFA0025FEF7D6BFBF
:1080F000036D9B7B012B0BD0032B12D10094052326
:1081000020224FF4F011FCF738FE0025FEF7C6BF21
:108110000094052300223249FCF72FFE0025FEF7CC
:10812000BDBF0094052300224FF44021FCF725FE3B
:108130000025FEF7B3BF002504F8015B009404237B
:108140002A466C21FCF719FEFEF7A8BF002C00F0B0
:10815000858601226021FCF71AFE20600025FEF7CB
:108160009DBF002C00F07D8600226021FCF70FFEF1
:1081700020600025FEF792BF036D9B7B012B0BD087
:10818000032B31D10094052328224FF4F011FCF782
:10819000F4FD0025FEF782BF00940523002211495B
:1081A000FCF7EBFD0025FEF779BF00BF04000F00D0
:1081B00008000F000C000F0010000F0014000F004B
:1081C00018000F001C000F0020000F000400060024
:1081D0001C001100340018002C00180014000C00C2
:1081E0002000180028001800009405230022CE4922
:1081F000FCF7C3FD0025FEF751BF002C00F03486CC
:1082000000221C21FCF7C3FD20600025FEF746BFBD
:10821000002C00F02C8625886768237A002B00F05C
:1082200029863C4607EB830729463046FDF702FACC
:1082300044F8040B0135ADB2BC42F5D10025FEF780
:108240002DBF002C00F01986237801222421FDF790
:10825000A1FB0025FEF722BFFEF710F90546FEF749
:108260001DBF1146FEF750FA0546FEF717BF002C5A
:1082700000F00686A5780121FDF7B2F9002130460D
:10828000FDF770FE3046FDF7A1FE05F03F0300222A
:10829000A6493046FDF77EFB01230093FF23002211
:1082A000A3493046FDF7ACFFA14F00252A463946C9
:1082B0003046FCF794FD10F0010FF7D100229D49E4
:1082C0003046FCF77AFD05463046FDF705FB0021F8
:1082D0003046FDF70BFB05213046FDF781F9C5F36C
:1082E0000B0525800025FEF7D9BE0221FEF746F8D2
:1082F00001213046FEF742F81424A0460027442509
:108300004046F6F7ADFB3A4629463046FCF767FD96
:1083100010F0020F05D1631E13F0FF04F0D1012508
:1083200000E000256D42FEF7B9BE002C00F0AB85E1
:1083300023781B0303F4E0436278012A08BF43F467
:10834000807300936FF4E24300227B49FDF7E6FD62
:108350000025FEF7A3BE002C00F098856268216816
:10836000FDF7FEFE0025FEF799BE002C00F091857A
:10837000238800227149FDF722F90025FEF78EBE01
:10838000002C00F0898562682188FEF7EDF9002550
:10839000FEF784BE002C00F08285657823788BB1CF
:1083A000036D00229A734FF0FF330822E5B123F4E6
:1083B00080630092002210213046FDF7AFFD0025BA
:1083C000FEF76CBE036D01229A73182300225C49EC
:1083D000FDF752F9E82300225A493046FDF74CF9DF
:1083E0006FF008030022E1E742F48062E1E7002C2D
:1083F00000F05885236800223021FDF73DF9002563
:10840000FEF74CBE002C00F0508500222946FCF7F8
:10841000BEFC20600025FEF741BE2346002229460F
:10842000FDF72AF90025FEF739BE002C00F0408543
:1084300003224549FCF7D3FCC0F30210207000254D
:10844000FEF72CBE002C00F0368523680022442164
:10845000FDF712F90025FEF721BE002C00F02E8555
:10846000238800224821FDF7AAF80025FEF716BE52
:10847000002C00F0268500224421FCF788FC2060B7
:108480000025FEF70BBE002C00F01E8500224821BF
:10849000FCF793FC20600025FEF700BE002C00F0E6
:1084A0001685237800222949FDF774FA0025FEF786
:1084B000F5BD002C00F00E8500224421FCF78FFC56
:1084C00020700025FEF7EABD002C00F00685FDF7C0
:1084D0006DFA20600025FEF7E1BD002C00F000855C
:1084E00000221B49FCF769FC20800025FEF7D6BD61
:1084F000002C00F0F88400221649FCF748FC2060AC
:108500000025FEF7CBBD002C00F0F0842388C3F3D8
:108510000D0300934FF4404300220E49FEF78CF800
:108520000025FEF7BBBD00BF08000C001C000700C3
:1085300010000800140008001400070008000500DF
:108540000C001F0010001F00600003001800010055
:108550002C0005001C000E00002C00F0CA84A78827
:10856000A3680893217B06912269049262690592AF
:10857000D8B200F0030200F0FC00052943D1B7F5A2
:10858000B17F28BF4FF4B177DFF83493042F05D8BB
:1085900009EB00035B78053B9F423CDB012A7AD85C
:1085A000C34B995C3E46B94277DA551C53FA85F5C0
:1085B00000230B449BB20132D2B2022A05D015F837
:1085C000011BA6EB030C6145F3DB9F4208BF039040
:1085D00067D007F105081FFA88F880250021079168
:1085E000039109910E464FF0050BBE465F4538BF1B
:1085F000DE46AEF1050E1FFA8EFEDFF8B4A2BC46D1
:108600000F4600F0EDBC40F231139F4228BF1F46D9
:10861000DFF8B092BAE70023059A1380049A114656
:10862000089A0A604CE00023059A1380049B1A46BE
:10863000089B13604FF0FF3342E01FFA81FB079263
:1086400003900993012700F0DCBC002F40F09C84CC
:10865000984500F2B184002E39D03F2800F0D6842E
:10866000002719F800105B1A9BB2461E06F03F0067
:1086700016F03F0618BF012600F0AABC069909298A
:1086800040F0CA843F2103910BE0B3B20132D2B271
:108690003F21039105E0002397E7002395E703902E
:1086A000634605990B80039B42EA8302D2B213040E
:1086B00043EA0263134343EA0223049A136000234C
:1086C00023600025FEF7EABC079A099BE9E70390BF
:1086D000E7E7079A099BE4E73F210391E1E7002CD4
:1086E00000F00A8427786478F6F7F2F80546022C41
:1086F0000ED0042C0CD004F0FD04012C1AD0FB4346
:1087000000220092DBB26B493046FDF779FD05E0AF
:108710003B46002267493046FDF73CF93B460022C4
:1087200065493046FCF7A8FF2846F6F7E3F8002530
:10873000FEF7B4BC0097FF2300225E493046FDF7E8
:108740005FFDEBE702230193002500952B462A46A7
:108750001A21FCF794FAFEF7A1BCFEF7E1FB002515
:10876000FEF79CBCFEF7C8FB0025FEF797BC022372
:108770000193002500952B462A461421FCF77FFA29
:10878000FEF78CBC02240194002500952B462A4656
:108790001521FCF774FA019400952B462A46152101
:1087A0003046FCF76CFAFEF779BC022301930025F2
:1087B00000952B462A461621FCF761FAFEF76EBC9F
:1087C000002C00F09C833AB900224FF4D011FCF742
:1087D00006FB2070FEF762BC01224FF4D011FCF7BB
:1087E000FEFA20700025FEF759BC002C00F08A83A9
:1087F000247800224FF4D011FCF7F1FA00F09F0327
:10880000234300224FF4D0113046FDF7C3F8002572
:10881000FEF744BC002C00F07883247812F0FF05AA
:108820001ED0012D40F07483022501224FF4D01197
:108830003046FCF7D4FAACB920EA0503DBB20122DA
:108840004FF4D0113046FDF7A5F800221021304634
:10885000FCF79DFA10F4801F0BD00025FEF71EBC1C
:108860000425E2E7012C40F0578340EA0503DBB220
:10887000E5E74FF4801300934FF0FF3300221021FF
:108880003046FDF74BFB0025FEF708BC002C00F03E
:10889000478323785B0303F4005300934DF6FF7383
:1088A00000220649FDF7C8FE0025FEF7F7BB00BF12
:1088B000B80A05001C000100180001000C000E00A1
:1088C000380A0500780A0500002C00F02C83257872
:1088D0006268012A15BF6FF460336FF4E043DF274D
:1088E000EF2714BF4FF020084FF010080024009429
:1088F00022464FF4A021FDF711FB00943B4622468F
:10890000BE493046FDF77CFC012D03D065B1002542
:10891000FEF7C4BB254600943B462246B849304684
:10892000FDF76EFCFEF7BABBCDF80080FF230022F6
:10893000B3493046FDF764FCFEF7B0BB002C00F0F5
:10894000F582227812F0010F2DD0570107F0400771
:1089500040244FF4E01312F0040F28D043F46003D6
:1089600044F08004120102F0800217434FF4001219
:108970000092DB4300224FF4A0213046FDF7CEFAEF
:10898000E443A4B20025009523462A469B4930467D
:10899000FDF752FE009723462A4699493046FDF7D7
:1089A0004BFEFEF77BBB00273C463B46D3E700224D
:1089B000DEE708230093FF2301224FF48021FDF717
:1089C0001FFC904C02230093FF23032221463046D4
:1089D000FDF716FC00250095F72301224FF48021B6
:1089E0003046FDF70DFC0095FD230322214630465D
:1089F000FDF706FCFEF752BB002C00F09A8263885C
:108A0000DB0003F4FF6322780AB143F400630093B0
:108A10004FF2070300224FF480213046FDF70CFE91
:108A20000025FEF73BBB002C00F08682E3B29A1CC7
:108A300001239340013BDBB200224FF40031FCF7ED
:108A4000A9FF0025FEF72ABB002C00F07882E37A0C
:108A5000002B00F07782637B012B21D9227B6A4BAC
:108A600033F812201201D30AC2F30A0202F580621F
:108A7000B2F5006F28BF01339BB203F07F03009370
:108A80004FF68073022261493046FDF7D5FD9423ED
:108A900000225F493046FCF77DFF0025FEF7FEBA55
:108AA000227B594B33F812304FF4356202FB03F24C
:108AB000930CC2F3CA1202F58062B2F5006F28BFB0
:108AC00001339BB2D9E7002C00F03F8200225149CC
:108AD000FCF75DF920600025FEF7E0BA002C00F0FD
:108AE000378200224C49FCF752F920600025FEF73E
:108AF000D5BA002C00F02F824FF4A8132360002574
:108B0000FEF7CCBA002C00F0298200250B9510AF9F
:108B1000192347F8103D009704232A463F49FCF7E4
:108B200043FD41F648730C93009704232A463C49C1
:108B30003046FCF739FD0BAB009304232A464FF473
:108B4000E8113046FCF719F90B9B2360FEF7A6BA33
:108B5000002C00F0068200223249FCF718F980B29E
:108B60002060002230493046FCF711F9430D9B018B
:108B70009BB263600025FEF791BA002C00F0F481EF
:108B8000237E33B1012B5BD0022B00F08280FF23C8
:108B90002FE000222549FCF7FAF8C0F30B00206013
:108BA000002223493046FCF7F2F8C0F3150060605C
:108BB000002220493046FCF7EAF8C0F31500A06017
:108BC00000221D493046FCF7E2F8C0F31500E060D2
:108BD00000221A493046FCF7DAF8C0F3130020618E
:108BE00000220C493046FCF7D2F800F0E04060610A
:108BF000002363760025FEF751BA00BF0800050088
:108C00000C00050008001100C40A050014000E0045
:108C100018000E00600003004C000F0004001F004D
:108C200008001F0048000C0028000C0058000C0031
:108C300030000C0034000C0038000C002C000C003C
:108C40000022D449FCF7A3F8C0F30B0020600022F7
:108C5000D1493046FCF79BF8C0F315006060002254
:108C6000CE493046FCF793F8C0F31500A06000220F
:108C70004FF450213046FCF78AF8C0F31500E0604D
:108C80000022C7493046FCF782F8C0F31300206188
:108C9000A6E70022C349FCF77AF8C0F30B00206076
:108CA0000022C1493046FCF772F8C0F3150060603D
:108CB0000022BE493046FCF76AF8C0F31500A060F8
:108CC0000022BB493046FCF762F8C0F31500E060B3
:108CD0000022B8493046FCF75AF8C0F3130020616F
:108CE0007EE70025FEF7DAB90025FEF7D7B90025A3
:108CF000FEF7D4B90025FEF7D1B90025FEF7CEB9AD
:108D00000025FEF7CBB90025FEF7C8B90025FEF710
:108D1000C5B90025FEF7C2B90025FEF7BFB9002589
:108D2000FEF7BCB90025FEF7B9B90025FEF7B6B9C4
:108D30000025FEF7B3B90025FEF7B0B90025FEF710
:108D4000ADB90025FEF7AAB90025FEF7A7B90025A1
:108D5000FEF7A4B90025FEF7A1B90025FEF79EB9DC
:108D60000025FEF79BB90025FEF798B90025FEF710
:108D700095B90025FEF792B90025FEF78FB90025B9
:108D8000FEF78CB90025FEF789B90025FEF786B9F4
:108D90000025FEF783B90025FEF780B90025FEF710
:108DA0007DB90025FEF77AB90025FEF777B90025D1
:108DB000FEF774B90025FEF771B90025FEF76EB90C
:108DC0000025FEF76BB90025FEF768B90025FEF710
:108DD00065B90025FEF762B90025FEF75FB90025E9
:108DE000FEF75CB90025FEF759B90025FEF756B924
:108DF0000025FEF753B90025FEF750B90025FEF710
:108E00004DB90025FEF74AB90025FEF747B9002500
:108E1000FEF744B90025FEF741B90025FEF73EB93B
:108E20000025FEF73BB90025FEF738B90025FEF70F
:108E300035B90025FEF732B90025FEF72FB9002518
:108E4000FEF72CB90025FEF729B90025FEF726B953
:108E50000025FEF723B90025FEF720B90025FEF70F
:108E60001DB90025FEF71AB90025FEF717B9002530
:108E7000FEF714B90025FEF711B90025FEF70EB96B
:108E80000025FEF70BB90025FEF708B90025FEF70F
:108E900005B90025FEF702B90025FEF7FFB8002549
:108EA000FEF7FCB80025FEF7F9B80025FEF7F6B886
:108EB0000025FEF7F3B80025FEF7F0B80025FEF711
:108EC000EDB80025FEF7EAB80025FEF7E7B8002563
:108ED000FEF7E4B80025FEF7E1B80025FEF7DEB89E
:108EE0000025FEF7DBB80025FEF7D8B80025FEF711
:108EF000D5B80025FEF7D2B80025FEF7CFB800257B
:108F0000FEF7CCB80025FEF7C9B80025FEF7C6B8B5
:108F10004FF0FF35FEF7C2B84FF0FF35FEF7BEB891
:108F20000025FEF7BBB80025FEF7B8B80025FEF710
:108F3000B5B80025FEF7B2B80025FEF7AFB800259A
:108F4000FEF7ACB80025FEF7A9B80025FEF7A6B8D5
:108F50000025FEF7A3B80025FEF7A0B80025FEF710
:108F60009DB80025FEF79AB80025FEF797B899F846
:108F700011305A1ED2B2012A7EF6ECAE0222FEF762
:108F800093BE002F3FF467AB19F800105B1A9BB239
:108F9000FFF787BB20000D0064000C0068000C0088
:108FA00060000C0068000D0040000D0044000D0042
:108FB00048000D003C000D003F2827D0002E7FF414
:108FC00050AB013000F03F0019F800100B449BB289
:108FD0009C453FF464AB013D15F0FF053FF423AB26
:108FE0009E45BFF432AB9845CBD9ACEB030109B237
:108FF0000029B8BF494259457FF71FAB002F7FF4C6
:1090000063AB3F28DAD1002F7FF463AB032A3FF430
:1090100063AB022A3FF432AB1AF802105E186645C1
:109020007FF733AB0B449BB20132D2B20027FFF77C
:1090300018BB00BFF0B585B00446436B1968FDF757
:1090400057FE064623681B69984703AB002211466A
:109050002046FDF779FF636B9B6A19682046FDF790
:1090600009FC636B9B6A59682046FDF755F9636BF1
:109070009B6ADB8900224FF460212046FCF79FFAAF
:10908000636B9B6A9B8900227C212046FCF797FA40
:1090900000212046FCF72BFB002500954FF6FF53DF
:1090A0002A4610212046FDF7C7FA636B9B6A5A894E
:1090B00019892046FDF7BEF9636B9B6A1B8A022261
:1090C0000C212046FCF77BFA636B9B6A5B8A2A467D
:1090D0000C212046FCF773FA636B197A2046FDF7E2
:1090E000C5FA636BD9682046FCF715FB616B0B7EF4
:1090F0004A6909692046FDF723FA636B9A7F998BC9
:109100002046FCF71BFD226D537B2E2B05D0636B95
:1091100093F82C3033F03F030AD0636B93F82C3074
:1091200003F03F03537300222A492046FCF732FC28
:10913000636B93F82D102046FDF776F8636B196A80
:109140002046FCF709FB636B596A2046FCF728FBB5
:10915000636B93F82E309BBB636B93F82F10204604
:10916000FCF790FC94F94C50002D26DB012303FA08
:1091700005F5AFB2184A39462046FCF7F1FF0DF16C
:109180000A030093022300224FF4A0212046FBF79C
:10919000F4FDBDF80A3023EA0503ADF80A300022D9
:1091A0000E492046FCF70BFA94F94D20B2FA82F2F0
:1091B000520939462046FDF7D7FA304605B0F0BDD2
:1091C00001230093FF23002205492046FDF718F8EC
:1091D000C2E700BF14000900920420010800050046
:1091E0000400020001FB00F1032A0AD0C80AC1F3FF
:1091F0000A0101F58061B1F5006F28BF013080B22E
:109200007047B52000FB01F1C909EFE79829024832
:1092100018BF0020704700BFCC0B050070472DE938
:10922000F04184B005460F461E46BDF82C30591E4D
:1092300089B201291CD9D01900F07F003A44C2F349
:109240000441820042EA412243EA0201090A8DF800
:109250000C1020B9B3F5004F18D0002B37D041F0D7
:1092600040018DF80C101A438DF80D20022405E002
:109270007A0062F07E028DF80C200124022B06D0C9
:1092800026D3A3F50043032B01D9FEE701242B6D60
:109290001B7D4BB92B685D680A9B324603A92046AB
:1092A000A84704B0BDE8F0810022214603A8F7F7E3
:1092B0007BFB024631460A98F7F776FB2B68009055
:1092C0009D680A9B324603A92046A847E9E7012486
:1092D0002B68D3F800800A9B324603A92046C0477A
:1092E0002B6D1B7D022BDCD1182FDAD000222146FA
:1092F00003A8F7F759FB024631460A98F7F754FBE3
:10930000044600221821284600F066F88442C8D09E
:10931000EB68002BC5D09847C3E710B582B0002496
:109320000194049C0094FFF77AFF02B010BD00B5D1
:1093300085B003AB0093042392B2FFF7EEFF0DF16B
:109340000F030DF10B01002013F8012902EB00209F
:109350008B42F9D105B05DF804FB00B585B003ABD5
:109360000093022392B2FFF7D8FF9DF80D309DF8CD
:109370000C0000EB032080B205B05DF804FB08B5DB
:1093800000224FF46021FFF7E8FF08BD08B5002276
:109390007C21FFF7E2FF08BD08B5036D9B7B012B25
:1093A0000AD0032B0ED10C224FF4F011FFF7D5FF9A
:1093B00000B240F30C0008BD00220549FFF7CDFFC5
:1093C00000B2F6E700220349FFF7C7FF00B2F0E75B
:1093D0000C00180020000C0000B585B00DF10F0343
:1093E0000093012392B2FFF798FF9DF80F0005B09C
:1093F0005DF804FB00B585B003AB009303230022A6
:109400000B49FFF78AFF9DF80E309DF80D0000EB29
:1094100003239DF80C0000EB032010F4801F1CBFF9
:109420006FEA00306FEA103005B05DF804FB00BF52
:109430002900060030B5BDB005460C46036D9A7B89
:10944000012A1CD0032A40F0F1819B7D13F0080F04
:109450000CD113F0040F02AB009314BF3823202368
:1094600000224FF4F011FFF758FF19E002AB009310
:10947000E82300224FF4F011FFF74FFF10E09B7D2F
:1094800013F0080F40F0C98113F0040F02AB0093F2
:1094900014BF3823202300224FF4C011FFF73DFFF3
:1094A0000DF1170204F11A0304F1200012F8011F54
:1094B00003F8011B8342F9D19DF815209DF8143063
:1094C00043EA0223C3F30C0363849DF81F209DF835
:1094D0001E3043EA0223C3F30D0313F4005F1CBFE5
:1094E0006FEA83436FEA934323849DF825209DF818
:1094F000243043EA0223C3F30B03E3872B6D9B7DE8
:1095000013F0020F40F07E810AAA631E201D12F89C
:10951000011B03F8011FD1791972D17B5974834261
:10952000F5D19DF82F3063719DF82E209DF82D30D8
:1095300043EA0223E3809DF837209DF8363003EBA1
:109540000223C3F3CF13A4F80D309DF832209DF809
:10955000313043EA0223A4F80F309DF83F209DF8F4
:109560003E3003EB0223C3F3CF13E3829DF83A208E
:109570009DF8393043EA022323832B6D9B7D13F042
:10958000040F40F03F819DF843209DF842301B04BA
:1095900043EA02639DF8402013439DF8412043EACB
:1095A000022323F0604363629DF847209DF8463014
:1095B0001B0443EA02639DF8442013439DF84520B1
:1095C00043EA022323F00043A3629DF84B209DF859
:1095D0004A301B0443EA02639DF8482013439DF878
:1095E000492043EA0223C3F31303E3629DF84F20AB
:1095F0009DF84E301B0443EA02639DF84C20134350
:109600009DF84D2043EA0223C3F3150323639DF81D
:1096100053209DF852301B0443EA02639DF850200A
:1096200013439DF8512043EA0223C3F315036363F8
:109630009DF857209DF856301B0443EA02639DF8BD
:10964000542013439DF8552043EA0223C3F3150326
:10965000A3639DF865209DF8643043EA0223A38745
:109660009DF877209DF876301B0443EA02639DF84D
:10967000742013439DF8752043EA022323F04043EE
:1096800023649DF87B209DF87A301B0443EA026333
:109690009DF8782013439DF8792043EA0223C3F311
:1096A000130363649DF87F209DF87E301B0443EA1A
:1096B00002639DF87C2013439DF87D2043EA02233A
:1096C000C3F31503A3649DF883209DF882301B0427
:1096D00043EA02639DF8802013439DF8812043EA0A
:1096E0000223C3F31503E3649DF887209DF88630B9
:1096F0001B0443EA02639DF8842013439DF88520F0
:1097000043EA0223C3F3150323659DF895209DF8D2
:10971000943043EA0223C3F30E03A4F854309DF8B7
:10972000A5209DF8A43043EA0223C3F30B03A4F859
:1097300056309DF8BF209DF8BE301B0443EA0263FB
:109740009DF8BC2013439DF8BD2043EA022323F07B
:109750004043A3659DF8C3209DF8C2301B0443EA33
:1097600002639DF8C02013439DF8C12043EA022301
:10977000C3F31303E3659DF8C7209DF8C6301B04AF
:1097800043EA02639DF8C42013439DF8C52043EAD1
:109790000223C3F3150323669DF8CB209DF8CA303E
:1097A0001B0443EA02639DF8C82013439DF8C920B7
:1097B00043EA0223C3F3150363669DF8CF209DF8A7
:1097C000CE301B0443EA02639DF8CC2013439DF87E
:1097D000CD2043EA0223C3F31503A3669DF8DD20E1
:1097E0009DF8DC3043EA0223C3F30E03A4F86C3087
:1097F0009DF8ED209DF8EC3043EA0223C3F30B0300
:10980000A4F86E3094F91B30002BC0F2D081E37FB6
:1098100003F00103E3773DB030BD02AB0093E823D2
:1098200000224FF4C011FFF778FD39E69B7D13F05D
:10983000010F00F0B38102AB00936C2300224FF4C0
:109840004021FFF76AFD1DAB00936C2300224FF40B
:1098500050212846FFF761FD02AA631E201D12F861
:10986000011B03F8011FD1791972D17B5974D17D85
:1098700099768342F3D19DF82530E3779DF80F3038
:1098800063719DF80E209DF80D3043EA0223E380BA
:109890009DF816309DF8172043EA0222C2F3CF123A
:1098A000A4F80D209DF8152042EA0322A4F80F2009
:1098B0009DF81F2043EA0223C3F3CF13E3829DF8F0
:1098C0001E209DF81D3043EA022323839DF82720A4
:1098D0009DF8263043EA0223C3F30D0313F4005F1F
:1098E0001CBF6FEA83436FEA934323849DF82920CA
:1098F0009DF8283043EA0223C3F30C0363849DF8E8
:109900002F209DF82E301B0443EA02639DF82C2083
:1099100013439DF82D2043EA022323F06043636242
:109920002B6D9B7D13F0010F3FF46CAF9DF833203E
:109930009DF832301B0443EA02639DF83020134344
:109940009DF8312043EA022323F00043A3629DF8EF
:1099500037209DF836301B0443EA02639DF834201B
:1099600013439DF8352043EA0223C3F31303E36254
:109970009DF83B209DF83A301B0443EA02639DF8B2
:10998000382013439DF8392043EA0223C3F315031B
:1099900023639DF83F209DF83E301B0443EA026399
:1099A0009DF83C2013439DF83D2043EA0223C3F376
:1099B000150363639DF843209DF842301B0443EA7E
:1099C00002639DF8402013439DF8412043EA02239F
:1099D000C3F31503A3639DF851209DF8503043EA6B
:1099E0000223A3879DF861209DF8603043EA02239B
:1099F000C3F30B03E3879DF867209DF866301B04D3
:109A000043EA02639DF8642013439DF8652043EA0E
:109A1000022323F0404323649DF86B209DF86A30B5
:109A20001B0443EA02639DF8682013439DF86920F4
:109A300043EA0223C3F3130363649DF86F209DF888
:109A40006E301B0443EA02639DF86C2013439DF8BB
:109A50006D2043EA0223C3F31503A3649DF873202A
:109A60009DF872301B0443EA02639DF87020134393
:109A70009DF8712043EA0223C3F31503E3649DF8C4
:109A800077209DF876301B0443EA02639DF874202A
:109A900013439DF8752043EA0223C3F3150323659E
:109AA0009DF885209DF8843043EA0223C3F30E031A
:109AB000A4F854309DF895209DF8943043EA022391
:109AC000C3F30B03A4F856309DF8AF209DF8AE30D9
:109AD0001B0443EA02639DF8AC2013439DF8AD20BC
:109AE00043EA022323F04043A3659DF8B3209DF889
:109AF000B2301B0443EA02639DF8B02013439DF883
:109B0000B12043EA0223C3F31303E3659DF8B720B2
:109B10009DF8B6301B0443EA02639DF8B42013435A
:109B20009DF8B52043EA0223C3F3150323669DF88D
:109B3000BB209DF8BA301B0443EA02639DF8B820AD
:109B400013439DF8B92043EA0223C3F31503636668
:109B50009DF8BF209DF8BE301B0443EA02639DF8C8
:109B6000BC2013439DF8BD2043EA0223C3F3150331
:109B7000A3669DF8CD209DF8CC3043EA0223C3F3C1
:109B80000E03A4F86C309DF8DD209DF8DC3043EA2C
:109B90000223C3F30B03A4F86E3033E602AB009349
:109BA000282300224FF44021FFF7B7FB54E6FF23A0
:109BB00023776377A377E37729E6000000B583B0C6
:109BC000036D9B7B012B0BD0032B10D10091052340
:109BD00004224FF4F011FFF7A0FB03B05DF804FB83
:109BE0000091052300220549FFF797FBF5E7009157
:109BF000052300226021FFF790FBEEE70400180028
:109C000010B582B04FF400440194049C0094FFF717
:109C100006FB02B010BD00B585B08DF80C301B0AF4
:109C20008DF80D3003AB0093022392B2FFF7E8FFEB
:109C300005B05DF804FB08B50B4600224FF4602127
:109C4000FFF7E9FF08BD08B50B4600227C21FFF7AE
:109C5000E2FF08BD08B5012902D0052907D008BDDB
:109C600041F6220300220549FFF7D5FFF7E74FF43D
:109C7000007300220149FFF7CEFFF0E70400110056
:109C800038B505460C4641F400739BB200224FF4F0
:109C90003021FFF7C0FFA3B200224FF43021284645
:109CA000FFF7B9FF38BD000070B504460E460C4DF5
:109CB000012300222946FFF7AEFF3346002209495F
:109CC0002046FFF7A8FF0223002229462046FFF77F
:109CD000A2FF002204492046FFF729FB70BD00BF08
:109CE00008000B0004000B0010000B0010B584B03E
:109CF0008DF80C301C0A8DF80D401C0C8DF80E40B0
:109D00001B0E8DF80F3003AB0093042392B2FFF7C4
:109D100077FF04B010BD38B5044689B90022282168
:109D2000FFF705FB054601224FF460212046FFF7AF
:109D300053FB2B1A002228212046FFF7D7FF38BDFE
:109D400000222821FFF7F3FA054601227C21204654
:109D5000FFF742FB2B1A002228212046FFF7C6FFFF
:109D6000EDE738B505460C4600224FF48031FFF789
:109D7000DEFA000D0005C4F31303034300224FF481
:109D800080312846FFF7B2FF38BD000008B529B979
:109D9000054B02220549FFF7A9FF08BD044B02222B
:109DA0000249FFF7A3FFF8E77408D2001000110082
:109DB0007488D20438B505460C4600224FF4A02121
:109DC000FFF7B5FA20F47C3314F0010F18BF43F409
:109DD000803314F0020F18BF43F4005314F0040F43
:109DE00018BF43F4903300224FF4A0212846FFF718
:109DF0007DFF38BD38B505460C460B6800220B497F
:109E0000FFF774FF6368002209492846FFF76EFFD9
:109E1000A368002207492846FFF768FFE36800228D
:109E200005492846FFF762FF38BD00BF0C0002005D
:109E300010000200140002001800020038B50546A8
:109E40000C460B6800220B49FFF750FF63680022A5
:109E500009492846FFF74AFFA36800220749284618
:109E6000FFF744FFE368002205492846FFF73EFF5D
:109E700038BD00BF1C0002002000020024000200C8
:109E8000280002002DE9F84F0446354D354B0529D1
:109E900018BF1D46344EA3F50273052918BF1E4690
:109EA000324F03F5A073052918BF1F46304AA3F5AA
:109EB000807305290CBF9046984602F51062A3F501
:109EC000885305290CBF914699462A4AA3F5AF63EA
:109ED00005290CBF92469A46274B284A05290CBFF4
:109EE0009B4693464FF4107300222549FFF7FEFE70
:109EF000244B002224492046FFF7F8FE234B002282
:109F000023492046FFF7F2FE5B4600222149204606
:109F1000FFF7ECFE534600221F492046FFF7E6FEFE
:109F20004B4600221D492046FFF7E0FE4346002233
:109F30001B492046FFF7DAFE3B460022194920461E
:109F4000FFF7D4FE3346002217492046FFF7CEFE26
:109F50002B46002215492046FFF7C8FEBDE8F88FC2
:109F6000F69F0300FE5F0500FE9D03007E9C03003C
:109F7000FE8E03006E8703003E8003007E400500D6
:109F80001C0003004812491A20000300DB48B22DD0
:109F9000240003002C000300300003003400030001
:109FA000380003003C0003004000030044000300AD
:109FB00008B500231A460249FFF798FE08BD00BF06
:109FC0000400070038B504460D4600231A460A4926
:109FD000FFF78CFE00231A464FF4E0212046FFF7DE
:109FE00085FE05B938BD4FF0E053002203492046F5
:109FF000FFF77CFEF6E700BF4800070014000700EB
:10A0000070B506460C4615460021FFF7BFFE0F2D22
:10A01000A8BF0F25631E032B28BF04241023234150
:10A02000002207493046FFF761FE631E9B0005FAD8
:10A0300003F3002203493046FFF758FE70BD00BF0E
:10A040002800070018000800F0B583B0046DA47B59
:10A05000032C0CBF4FF4981C4FF4901C9C18B4F5C3
:10A06000806F19DA1D4616460F4604467F2B15D918
:10A070004FEA1C4300220D49FFF738FE2B46002211
:10A080000B492046FFF732FE0097334600224FF47B
:10A09000E8112046FFF741F903B0F0BD00911346E7
:10A0A0002A466146FFF739F9F6E700BF04001F00B2
:10A0B00008001F0010B584B004AC04F8013D009402
:10A0C000012392B2FFF79CFD04B010BD10B5044609
:10A0D000036D9B7B012B13D0032B1DD1F02300229A
:10A0E0001249FFF7E7FF00224FF4F0112046FFF777
:10A0F00034F9236DDA7AA2B1C0F30900D88310BD18
:10A100000F2300220949FFF7D5FF00224FF4C011A9
:10A110002046FFF722F9ECE700224C21FFF71DF95A
:10A12000E7E700F07F00D883E9E700BF18000100EF
:10A1300010B50446036D9B7B012B04D0236D9B7BE4
:10A14000032B06D010BD0F2300220549FFF7B2FFF5
:10A15000F4E7F023002202492046FFF7ABFFF1E7C6
:10A160001800010038B5044600231A464FF4202198
:10A17000FFF751FD00231A4608492046FFF79AFFD2
:10A18000074D00231A4629462046FFF793FF022376
:10A19000002229462046FFF78DFF38BD14000A0033
:10A1A00004000A0038B505460C46022300224FF48D
:10A1B0007021FFF77FFF04B938BD012300224FF45F
:10A1C00070212846FFF776FFF6E7000038B5044611
:10A1D0000B4600220A49FFF71EFD0A4D8823002284
:10A1E00029462046FFF766FF00231A4629462046E7
:10A1F000FFF760FF002204492046FFF7EDF838BD65
:10A200000C000A0004000A0008000A0070B50446A9
:10A210000B461546B1F5807F34BF0026202600226C
:10A220000B49FFF7F8FC2B4600220A492046FFF7AE
:10A2300041FF094D46F09003002229462046FFF7D2
:10A2400039FF00231A4629462046FFF733FF70BD29
:10A250000C000A0010000A0004000A0070B5044651
:10A260000D461646002240F20B11FFF7CFFF4FF4C8
:10A2700082712046FFF7AAFF00F01F024FF482719F
:10A280002046FFF7C3FF236D1A8A15431D82226DF6
:10A29000138A13F4006F1CBF23F400631382236D31
:10A2A0001B8A00224FF420212046FFF7B4FC3346DE
:10A2B000002202492046FFF7FDFE70BD14000A008F
:10A2C00008B50B4601222421FFF7F4FE08BD00006B
:10A2D00000B583B000910C2300220349FFF790FCE6
:10A2E00003B05DF804FB00BF3400010000B587B087
:10A2F00013468A7A8DF808204A7A8DF809200A7A5E
:10A300008DF80A20CA798DF80B208A798DF80C20F7
:10A310004A798DF80D200A798DF80E20CA788DF8CB
:10A320000F208A788DF810204A788DF811200A784D
:10A330008DF8122000228DF813208DF814301B0A9E
:10A340008DF815300B7B8DF81630CB7A8DF81730E1
:10A3500002AB009310230349FFF752FC07B05DF8EE
:10A3600004FB00BF34000100F0B583B05C18B4F505
:10A37000806F24DA1C4617460E4605467F2B15D9FA
:10A38000142300220F49FFF7B1FC234600220E4997
:10A390002846FFF7ABFC0097334600224FF4E81144
:10A3A0002846FFF72DFC002003B0F0BD00920B46BD
:10A3B00022464FF4A011FFF723FC0020F4E74FF0F2
:10A3C000FF30F1E704001F0008001F0010B582B045
:10A3D0000446022301930022009213461321FEF744
:10A3E0001EFF236D9A7B032A0CBF012203229A735E
:10A3F00002B010BD2DE9F041044600224FF4F811DF
:10A40000FEF7EAFF0546002244212046FEF78FFFB3
:10A410000646236D0022DA8383F820209A619A830E
:10A4200083F821205A62236D5C62236D9F7B002F8D
:10A430007FD1236D9E61D4F8508098F8153003F0D9
:10A440000303032B00F0908015F0800F40F0938001
:10A4500015F0010F40F0C18015F0400F0BD0636A7A
:10A4600013B1206D183098474FF4C0730222442175
:10A470002046FFF7D0FB15F0080F07D1236D9B7B1B
:10A48000002B00F0EA80002F00F0E780236D00220F
:10A4900083F8202016F4802F00F0AD80226D92F812
:10A4A000203043F0080382F820304FF4802716F064
:10A4B000805F08D0226D92F8203043F0100382F8BC
:10A4C000203047F0805716F4005F06D0226D537D90
:10A4D00003F00303032B00F09A8016F4804F40F042
:10A4E000A28047F4DE43002244212046FFF7FEFB12
:10A4F0002046FFF71DFE206DC38B002B40F0A2808D
:10A50000437D03F00303032B00F09C80836923F455
:10A5100090438361226D936943F480539361E369AF
:10A5200013B1206D18309847236D002283F8202046
:10A530008CE06D492046FEF74FFF0746236D9B7B5D
:10A54000032B08BFC0F3071717F0010F18BF46F41D
:10A55000804617F0020F18BF46F4005617F0040F9C
:10A5600018BF46F4806664E716F4005F1CBF45F030
:10A570000805EDB268E7002248212046FEF7EDFE0F
:10A58000A8F81C00236D1A7D1AB19A6912F0040F05
:10A5900003D19B8B03F460638BB10423002244211D
:10A5A0002046FFF787FD4FF46063002248212046D4
:10A5B000FFF731FB236A13B1206D18309847236DE4
:10A5C0009B8B13F4807F3FF443AF4FF480730022E2
:10A5D00048212046FFF71FFB3AE7F82300224421D9
:10A5E0002046FFF767FD2369002B3FF435AF206D50
:10A5F0001830984730E716F4806F1FBF226D92F82D
:10A60000203043F0040382F8203000274FE792F80F
:10A61000203043F0020382F82030236D0022DA83D9
:10A6200047F400475DE72046FFF750FD10F4004F68
:10A630003FF457AF226D92F8203043F0010382F8C7
:10A6400020304EE763690BB118309847236D9B7B30
:10A6500003BB236D002283F8202015F0100F1DD1BD
:10A6600015F0200F2DD1002220492046FEF7B4FE20
:10A67000236D83F8210010F0030309D000221B4949
:10A680002046FFF717FDA36A13B1206D18309847D5
:10A69000BDE8F0812046FFF799FEDAE7144B00226F
:10A6A00044212046FFF722FB2046FFF741FDE369E6
:10A6B00013B1206D18309847236D002283F82020B5
:10A6C000CEE70C4B002244212046FFF70FFB20462B
:10A6D000FFF72EFDA36913B1206D18309847236D45
:10A6E000002283F82020BEE7180001003800110086
:10A6F000009405340004221030B585B0089C8DF814
:10A7000008301D0A8DF809501D0C8DF80A501B0EDB
:10A710008DF80B308DF80C40230A8DF80D30230C8A
:10A720008DF80E30240E8DF80F4048F2030301938C
:10A7300002AB0093082392B2FEF771FD05B030BD65
:10A7400000B583B04FF4803300934FF0FF33002205
:10A750000249FFF7D1FF03B05DF804FB04001100CC
:10A7600070B582B004460E46134D4FF00823009397
:10A770004FF0FF3300222946FFF7BEFF4FF0601372
:10A7800000934FF0FF33002229462046FFF7B4FF25
:10A790000A4B00934FF0FF3300224FF4E021204694
:10A7A000FFF7AAFF0EB902B070BD054B00220549A4
:10A7B0002046FFF79BFAF6E748000700003C00023E
:10A7C000001101011400070000B583B0054B009390
:10A7D0004FF0FF3300220449FFF78EFF03B05DF80E
:10A7E00004FB00BF003C0002040007002DE9F04319
:10A7F00083B004460D461746564E00223146FEF7FA
:10A8000096FD81464FF4704300934FF0FF330022D2
:10A8100031462046FFF770FFDFF83C811823002205
:10A8200041462046FFF7F7F925212046FFF728FA91
:10A8300002212046FFF724FA4FF4FE712046FFF76D
:10A840001FFAF9B241F480712046FFF719FA4FF46C
:10A8500080712046FFF714FA00212046FFF710FA16
:10A8600002212046FFF70CFA4FF4E0712046FFF773
:10A8700007FAE9B241F480712046FFF701FAC5F307
:10A88000072141F480712046FFF7FAF9C5F307412B
:10A8900041F480712046FFF7F3F9290E41F48071ED
:10A8A0002046FFF7EDF900212046FFF7E9F93A21AC
:10A8B0002046FFF7E5F940F2FF112046FFF7E0F9E7
:10A8C0004FF485712046FFF7DBF900212046FFF7A2
:10A8D000D7F93A212046FFF7D3F940F2011120467B
:10A8E000FFF7CEF9022300224FF430212046FFF774
:10A8F00092F900231A464FF430212046FFF78BF9D6
:10A900000220F4F79DF83A212046FFF7B9F94FF4F9
:10A9100081712046FFF7B4F9022300224FF4302161
:10A920002046FFF778F900231A464FF430212046DD
:10A93000FFF771F900231A4641462046FFF76BF9ED
:10A940004B46002231462046FFF7D0F903B0BDE860
:10A95000F08300BF4400070008000B00F0B583B08F
:10A96000002423460126072702E00134092C09D0E0
:10A9700006FA04F50D42F8D004EB440507FA05F594
:10A980002B43F2E71A400092DB4300224FF4A02150
:10A99000FFF7B2FE03B0F0BD00B583B07F2A88BFD9
:10A9A000803241EAC32141EA02410091034B002277
:10A9B0002021FFF7A1FE03B05DF804FB00F400FCCA
:10A9C00000B583B000920B4600224421FFF794FEAD
:10A9D000002003B05DF804FB00B585B08DF80C30A5
:10A9E0009DF818308DF80D3048F20103019303AB48
:10A9F0000093022392B2FEF712FC05B05DF804FB4F
:10AA000070B582B004460D4659B1164640230093F6
:10AA1000FF2300221021FFF7DFFF022D07D1E660A0
:10AA200005E000220092BF231021FFF7D5FF236D20
:10AA30001D7502B070BD000030B583B004460D46F0
:10AA400011F0010F15D000230093EF2302224FF4E1
:10AA50006021FFF7C1FF236D9D75236D9B7D5B0812
:10AA600010D06B0800220E492046FFF723FB03B0ED
:10AA700030BD10230093FF2302224FF46021FFF723
:10AA8000ABFFE8E701230093FF230022044920469F
:10AA9000FFF7A2FF226D937D43F002039375E6E773
:10AAA0002000010000B583B001230093FF230022A2
:10AAB0000249FFF791FF03B05DF804FB04000200B8
:10AAC0002DE9F04F8BB00746DFF820820022414687
:10AAD000FEF72DFC04907D4C002221463846FEF7FF
:10AAE00026FC05907A4D002229463846FEF774FC74
:10AAF0000690784E002231463846FEF718FC824612
:10AB00000790002274493846FEF711FC8146734BCA
:10AB100000936FF07C53002241463846FFF7ECFD6E
:10AB20004B46002231463846FFF7E0F85346DB003B
:10AB300003F0380343F040030093862300222146AC
:10AB40003846FFF749FF0023032221463846FFF726
:10AB5000B1FA4FF00009CDF80090FE234A4629468D
:10AB60003846FFF739FF4A463C213846FEF7DFFBFF
:10AB700008904A4640213846FEF7D9FB09904B46DB
:10AB80004A463C213846FFF7B1F84B464A46402139
:10AB90003846FFF7ABF8F5F7C1FE4FF0020B4C4615
:10ABA0004D464E46C846CDF80C90CA460EE0F5F725
:10ABB000B5FE039B002B00F08280BBF1010F00F07B
:10ABC000818001230393BBF1010B43D05046F5F77D
:10ABD000B3FE1420F3F744FF4FF00409CDF800A0B2
:10ABE000FE2352464FF440313846FFF7F5FE01236D
:10ABF0000093FE2352464FF440313846FFF7ECFEF7
:10AC0000524637493846FEF792FB58FA80F81FFA49
:10AC100088F8C0F307231E44B6B2C0F307431D44AF
:10AC2000ADB204EB1064A4B2B9F10109D6D1C8F3F6
:10AC30008708C6F38706C5F38705C4F38704524621
:10AC400044213846FEF773FB264B1842AFD0F5F788
:10AC500065FEB2E74FF00009089B00223C21384610
:10AC6000FFF744F8099B002240213846FFF73EF8E1
:10AC70002B0403EB046303EB0623434400221A492D
:10AC80003846FFF733F8049B002218493846FFF78F
:10AC90002DF8059B00220D493846FFF727F8069B43
:10ACA00000220B493846FFF705FA079B00220949A5
:10ACB0003846FFF71BF848460BB0BDE8F08F4FF061
:10ACC0000009C9E76FF00509C6E700BF14000300DB
:10ACD000180003002C0003004400030000000138AA
:10ACE0004C00030000FF273410000300140007008D
:10ACF00010B50446036D9B7D5B081AD000221249F3
:10AD00002046FEF72AFBC0F3C403093B0F2B0CD8E7
:10AD100000F0010000280CBF05210921236D1B7ADA
:10AD2000012B02D02046FFF7ADF82046FFF7C8FE02
:10AD300010BD012300220549FFF7BCF9226D937D68
:10AD400043F002039375D9E70800010020000100D9
:10AD500070B582B004460D460121FEF77BFF00214D
:10AD60002046FFF7FDFC2046FFF72EFDC5F30B0341
:10AD7000002215492046FEF74EFF03230093FF23D0
:10AD8000002212492046FFF727FE104E00252A46D2
:10AD900031462046FEF720FB10F0010FF7D1204688
:10ADA000FFF706F900212046FFF70CF905212046A0
:10ADB000FEF750FF002206492046FEF70DFB00F08B
:10ADC0003F0002B070BD00BF1C000800100008006A
:10ADD0001C00070038B505460C46B1F8051049B10E
:10ADE000FFF7B6FFD4F80130002205492846FEF7E8
:10ADF0007DFF38BD237800220249FFF75BF9F1E7B8
:10AE0000040001001C00070030B583B004460D4665
:10AE100010230093FF2300220649FFF7DDFD2B4698
:10AE2000022D38BF0223002228212046FEF75EFFB4
:10AE300003B030BD28000F0030B583B004460129AF
:10AE40001DD0022930D001230093FF230022264980
:10AE5000FFF7C2FD254D4FF4000300936FF480739C
:10AE6000002229462046FFF747FC002300937F235A
:10AE7000022229462046FFF7AFFD03B030BD052171
:10AE8000FEF7E8FE4FF4817300934FF0FF3300228A
:10AE900017492046FFF730FC01220092FF23134997
:10AEA0002046FFF799FDE8E703230093FF230022E4
:10AEB0000D49FFF791FD0D4D4FF4000300936FF422
:10AEC0008073002229462046FFF716FC00230093DA
:10AED0007F23022229462046FFF77EFD05212046DA
:10AEE000FEF7B8FEC9E700BF04001100080011001A
:10AEF0000800090030B583B0054602290ED00024B1
:10AF00000094FE2322461021FFF766FD23462246C9
:10AF100014212846FEF77FFE03B030BD14460123FE
:10AF20000093FF2300221021FFF756FD2346002245
:10AF300014212846FEF76FFEEEE700002DE9F041F0
:10AF400082B005462A4C01230093FF2300222146AC
:10AF5000FFF742FD10230093FF23002221462846DD
:10AF6000FFF73AFD03244FF01408224F0026404615
:10AF7000F3F776FD324639462846FEF72DFA0128CA
:10AF800034D0631E13F0FF04F1D16FF00204184EA9
:10AF900000231A4631462846FFF78CF80123002289
:10AFA00014492846FFF786F801230093FF23022265
:10AFB00031462846FFF710FD00220F492846FEF7CC
:10AFC000B6F96FF06043984208BF6FF003040022A7
:10AFD0000A492846FEF7ABF96FF06043984214BF68
:10AFE00020466FF0040002B0BDE8F0810024CEE7F7
:10AFF0000C00040020000400140004001C000400E5
:10B000002DE9F04383B00546884617461C46F3F702
:10B010005FFC0646022C19D0042C17D004F0FD0367
:10B02000012B3FD04FF00009CDF800906FEA0803E4
:10B030004A463C212846FFF75FFBCDF80090FB43D2
:10B040004A4640212846FFF757FB0BE043460022C3
:10B050003C212846FEF74AFE3B4600224021284676
:10B06000FEF744FE033CE4B2012C2DD900223C2122
:10B070002846FEF75CF90346002244212846FEF7E5
:10B0800035FE002240212846FEF751F903460022F2
:10B0900048212846FEF72AFE3046F3F72BFC03B082
:10B0A000BDE8F083CDF800804FF0FF3300223C2153
:10B0B0002846FFF721FB00974FF0FF330022402185
:10B0C0002846FFF719FBCDE710210091FF2302224C
:10B0D0002846FFF781FCC9E700B583B000290BBF04
:10B0E000FF23F72300220822009201221021FFF7FC
:10B0F00073FC03B05DF804FB10B584B0BDF81840D4
:10B100008DF80C301B0A8DF80D308DF80E40240A96
:10B110008DF80F4048F20203019303AB0093042320
:10B1200092B2FEF77CF804B010BD000030B583B0D9
:10B1300005460C46036D59750B0303F43043009329
:10B1400044F6FF7300221021FFF7D6FF04F003043A
:10B15000032C0CBF044B054B002205492846FEF783
:10B16000C5FD03B030BD00BFCC355FAF4C585FAFFD
:10B170000C00060030B583B0044611F0010F1FD05B
:10B180000D464FF4107300936FF47C6300224FF46C
:10B19000A021FFF7B1FA4FF4040300934FF0FF33FF
:10B1A000002218492046FFF7A7FA15F0020F1AD11E
:10B1B0004FF48873002214492046FEF797FD10E0F3
:10B1C000002500956FF47C632A464FF4A021FFF719
:10B1D00093FA00954FF6FF632A460B492046FFF786
:10B1E0008BFF03B030BD084D084B00222946204696
:10B1F000FEF77CFD4FF48873002229462046FEF7B7
:10B2000075FDEEE7040011001800110010010F0099
:10B21000F0B583B00446012909D01420F3F720FCCF
:10B220002046FFF78BFE0546284603B0F0BD0F4EC3
:10B2300000223146FEF791F8074640F207130093CB
:10B240004FF6FF73002231462046FFF755FF1420CA
:10B25000F3F706FC2046FFF771FE05460022009238
:10B260003B4631462046FFF747FFDDE74800070031
:10B2700000B583B0012A09D0CB43002200929BB2D3
:10B280000649FFF739FF03B05DF804FB00914FF664
:10B29000FF7300220149FFF72FFFF4E70C000500C0
:10B2A000F0B583B004460F4616461D4648F24003EB
:10B2B00000934FF6FF7300221849FFF71DFFAA19EC
:10B2C00043F201039A4215DC7F2D1DD9152300227C
:10B2D00013492046FEF70AFD2B460022114920465D
:10B2E000FEF704FD0097334600224FF4E811204694
:10B2F000FEF713F80022009247F6BF730749204675
:10B30000FFF7FAFE03B0F0BD009733462A464FF42C
:10B31000A8112046FEF701F8ECE700BF0400110079
:10B3200004001F0008001F002DE9F04F83B0044601
:10B330000D4691F800900B79182B14D8CF78182F60
:10B3400094BF00270127FFB2EB79012B0CBF10211E
:10B3500000216B78013B062B10D8DFE803F0060FC5
:10B360000F120C0F09000127EDE74FF0400A0AE029
:10B370004FF0480A07E04FF0800A04E04FF4807A6B
:10B3800001E04FF0200A226D138A23F0E0031382BC
:10B39000236DEA79DA722E7BB31C01269E401FFAD8
:10B3A00086F8226DC74B03FB08F3DB0B5382236D3A
:10B3B000EA7A5A752B7A5B0103F020036A7B43EA31
:10B3C0000243EA7A120302F4304213430B43009320
:10B3D000BD4B002210212046FFF78EF9002F40F0D0
:10B3E000FD80EB7ABBB16B7B012B287B94BF0322E2
:10B3F00004221021B54B33F81000FDF7F3FE0AEBE1
:10B40000C80A00F07F0000904FF680730222B04916
:10B410002046FFF771FE94230093AE4B0022AE4905
:10B420002046FFF769F9BAF1FF0F40F30281226D60
:10B43000138A43F0200313824FF4006300934CF609
:10B44000FF730022A5492046FFF756FE6B7B012BB8
:10B4500000F0FA80AB7843F010030093FC23002245
:10B460004FF4C0212046FFF7B7FA731EDBB200226B
:10B470004FF400312046FEF71DFE6B78072B0CBF02
:10B48000082100212046FEF71BFFEB7A03F003039F
:10B49000032B0CBF924B934B002293492046FEF79F
:10B4A00025FC002291492046FDF741FF20F4FF5082
:10B4B00020F01F00B9F1090F08BF40F001002A7900
:10B4C000120202F4F852EB78DB00DBB21A436B791C
:10B4D0005B0003F006031343034300228349204625
:10B4E000FEF704FCAA796B781B0343EA82230093DE
:10B4F0006FF47443002220212046FFF7FDF8B5F8D1
:10B50000093023B96FF07E036B720023AB72B5F87C
:10B51000093002224FF4C0212046FEF77CFB0222B4
:10B5200073492046FDF758FF236DDB7B4B4500F048
:10B530009580032800F09680B9F1090F00F09780FC
:10B540006C4B00934FF0004300226B492046FFF7FD
:10B55000D3F841F63C7300224FF410212046FEF749
:10B560005AFB1423012265492046FEF7A3FD0E2352
:10B57000022263492046FEF79DFD81230022614996
:10B580002046FEF797FD00260096F32303225E492E
:10B590002046FFF721FA0223324644212046FEF7D7
:10B5A00089FD01212046FFF747FC4FF0140BD846D8
:10B5B000374644264046F3F753FA3A46314620468A
:10B5C000FDF70AFF10F0020F40F0BA800BF1FF33D5
:10B5D00013F0FF0BEED16FF00100E5E0226D138A4E
:10B5E00043F0600313824FF4C05300936FF4405351
:10B5F00000223A492046FFF77FF840F20633002246
:10B6000042492046FEF772FB00231A464049204675
:10B61000FEF76CFB3F4B00222D492046FEF766FBF0
:10B620009D2300932B4B00222B492046FFF764F803
:10B630000CE74FF4205300934CF6FF730022274988
:10B640002046FFF759FD01E7AB780093EC23002279
:10B650004FF4C0212046FFF7BFF906E703287FF427
:10B660006BAF70E002212046FFF7E6FB64E72A4B50
:10B6700000934FF0004300221F492046FFF73CF89B
:10B6800040F63C7300224FF410212046FEF7C3FA27
:10B6900067E74FF4807300934FF6FF7300220F4962
:10B6A0002046FFF729FD226D138A43F00803138219
:10B6B0005BE000220092FE2318492046FFF78CF938
:10B6C0005DE000BF68660200CF4FFCFFD40B0500B1
:10B6D00014000E0000FFFFBF18000E0008000B0052
:10B6E000CC355FAF4C585FAF0C000600080001007E
:10B6F00030000F003411071C1C0007005000070029
:10B700001800070008000900040009000C000E00E2
:10B7100010000E000A5A0C003400011C180003002F
:10B720004FF0005300936FF07F43002220492046E2
:10B73000FEF7E2FF26E001212046FFF769FD30E039
:10B74000236D83F80F902B79093BDBB20F2BB0D818
:10B75000236D1B7A012B9CD049462046FEF792FBB5
:10B76000226D138A23F0080313824FF4C843009319
:10B7700048F2FF1300220F492046FFF7BDFCBAF143
:10B780003F0FCDDC01230093FF2302220A4920460C
:10B79000FFF722F9002209492046FDF7C8FD0028DD
:10B7A000C9D02046FFF78CF903B0BDE8F08F00BF89
:10B7B00010000600180003000C0004001400040030
:10B7C0002DE9F04182B005460E46036D002B5BD09B
:10B7D0002C6D0023A3730222228223756375E37309
:10B7E0006372A37204212846FEF75EFA074605211C
:10B7F0002846FEF759FA80460A212846FEF754FAF1
:10B800002FB1B8F1000F02D080B2002841D1202121
:10B810002846FEF749FAB0F5107F0CBF012300233C
:10B82000237216F0100F43D116F0200F46D116F0F8
:10B83000400F49D116F0800F4DD1A37A0BB9852363
:10B84000A372637A0BB9742363721F212846FEF733
:10B850002BFA20731E212846FEF726FA10F03F002F
:10B8600012BF60732E236373637B00222049284636
:10B87000FEF720FC35212846FEF716FA034680BB6A
:10B88000002002B0BDE8F0812820F1F7CFFB286549
:10B890009EE74FF4C06300934FF6FF7300221549F3
:10B8A0002846FFF729FC238A43F014032382AEE7DE
:10B8B00006212846FEF7F8F92060B5E7072128465B
:10B8C000FEF7F2F96060B2E708212846FEF7ECF9CE
:10B8D000000C6072AEE709212846FEF7E5F9A07278
:10B8E000ABE7002204492846FEF700FAC8E700BF8C
:10B8F0001400090008000B000400090030B583B0F3
:10B9000005460C4671B121F00203013B0F2B62D8B2
:10B91000DFE803F0116161246161612D61616161A2
:10B920006161613A02210191002200921346FDF704
:10B9300076FC204610E00223019300220092134679
:10B940000421FDF76CFC032244212846FDF744FD49
:10B9500010F0080F25D1002003B030BD0223019361
:10B960000022009213460A21FDF759FCEBE7002163
:10B97000FEF7D1F902230193002200921346082119
:10B980002846FDF74CFCDEE70121FEF7C4F902234F
:10B99000019300220092134606212846FDF73FFC42
:10B9A000D1E702230193002100910B460A46284665
:10B9B000FDF735FC14F0020F02D04FF0FF30CBE75B
:10B9C000022101910022009213462846FDF727FC30
:10B9D0004FF0FF30C0E74FF0FF30BDE770B582B0E9
:10B9E000064602250195002400942346224619218B
:10B9F000FDF715FC336D9C731D821C755C75DC7343
:10BA000002B070BD70B582B00646022501950024D3
:10BA10000094234622461821FDF701FC336D9C73E8
:10BA20001D821C755C75DC7302B070BD2DE9F04F92
:10BA30008DB0064615461C469C2900F29F80DFE823
:10BA400011F0B709C209A100A600C10051019D0172
:10BA500076015C01AE01B301BC01C501CE01D70185
:10BA6000E001E501EE01720278027E0289028F0296
:10BA700095029A02A002A502AE02B702C002C90254
:10BA80000403F902EE02D202E0021E03F8011A02D8
:10BA9000390242025802BA08BF08150327032C03D3
:10BAA00036033C03470352035B0386039D03A9034C
:10BAB0000A03B503BF03D203F9030B044D04570473
:10BAC0007D048C04A7049504B104F7040F052F0529
:10BAD0004405580561057D056A059206C1061107F2
:10BAE000170722073B075B0765078F07BD07C607D8
:10BAF000CC07D507E207EF07F90702080B0816087D
:10BB0000210827084A08550860086B088D0898081E
:10BB1000B108C5084D0957096209CA096C09AC0981
:10BB2000B30603092309380A2D0AD709E209ED09EA
:10BB3000F809030A0E0A190A220A300C670CA10C34
:10BB4000C30C2B0E3F0E480A550B870B910B950B20
:10BB5000990BA30BB50BBF0BD20BE60B200CD90C2A
:10BB6000E30CFB0C160D2B0D4B0D870D9F0DB50D2A
:10BB7000C50DFA0EF40DEA0D060EFE0D4FF0FF3561
:10BB800001F05ABE43689847002501F055BE0222D5
:10BB9000C049FDF721FC032802D8002501F04CBE66
:10BBA000F2F796FE044602230193002500952B46EA
:10BBB0002A4629463046FDF732FB2046F2F79AFE28
:10BBC00001F03ABE002C01F03B86247814F01D0FE2
:10BBD00063D014F0010F25D014F0020F4FF00203D0
:10BBE00001934FF000020092134614BF0D21032170
:10BBF000FDF715FB032244213046FDF7EDFB10F065
:10BC0000080F08BF002501F01786022301930021C9
:10BC100000910B460A463046FDF701FB4FF0FF3519
:10BC200001F00ABE14F0080F11D114F0100F21D149
:10BC300014F0020F4FF0020301934FF00002009244
:10BC4000134614BF10210921FDF7E9FAD2E70021BC
:10BC5000FEF761F814F0020F4FF0020301934FF06A
:10BC600000020092134614BF0F2107213046FDF752
:10BC7000D6FABFE70121FEF74EF814F0020F4FF09D
:10BC8000020301934FF000020092134614BF0E21ED
:10BC900005213046FDF7C3FAACE714F0200F10D0B1
:10BCA00014F0020F4FF0020301934FF000050095CE
:10BCB0002B462A4614BF11210B21FDF7B0FA01F0E3
:10BCC000BBBD14F0020F4FF0020301934FF00005CB
:10BCD00000952B462A4614BF0C210121FDF79FFA3F
:10BCE00001F0AABD002C01F0AD85236800222821B7
:10BCF000FDF7FCFF002501F09FBD23680022664987
:10BD0000FDF7F4FF6368002264493046FDF7EEFF5B
:10BD1000A368002262493046FDF7E8FFE36800228D
:10BD200060493046FDF7E2FF002501F085BD002C9B
:10BD300001F08A8523886568032D01F28785DFE895
:10BD400005F002080F1600225749FDF764FF01F0C5
:10BD500073BD02225449FDF75EFF002501F06CBD62
:10BD600000225249FDF757FF002501F065BD022270
:10BD70004E49FDF750FF002501F05EBD002C01F09B
:10BD8000678523785B0003F0060300936FF00603DA
:10BD900000224749FEF7B0FC002501F04DBDFEF73B
:10BDA000CFFC002501F048BD002C01F05385036D48
:10BDB0001B7B2370002501F03FBD002C01F04C855A
:10BDC000036D5B7A2370002501F036BD002C01F075
:10BDD0004585036D9B7A2370002501F02DBD002C55
:10BDE00001F03E85036D1B682360002501F024BD32
:10BDF000002C01F03785036D5B682360002501F09E
:10BE00001BBDFEF7E3FA002501F016BD002C01F082
:10BE10002B852168FDF7A5FF002501F00DBD002C45
:10BE200001F0248562682178FEF7EAFD002501F023
:10BE300003BD002C01F01C856568237803224FF4B4
:10BE40008031FEF737F94DB9002200924FF2FF73AF
:10BE500010213046FFF750F901F0EEBC4FF481237A
:10BE600000934FF0FF33002210213046FEF744FCD0
:10BE7000002501F0E1BC00221146FDF758FAB26836
:10BE8000136843405268134214BF4FF0FF3500253A
:10BE900001F0D2BC30000F00540001005800010036
:10BEA0005C000100600001000C00010010000100B6
:10BEB00008000100002C01F0DD842178FEF7BCFDB4
:10BEC000002501F0B9BC42B9002200924FF2FF7385
:10BED000D249FFF711F901F0AFBC4FF400630093B2
:10BEE0004FF6FF730022CD49FFF706F9002501F058
:10BEF000A3BC02F001024FF6FF734FF2FF71002A5C
:10BF000008BF0B46D20215F0020F12BF42F4805256
:10BF100023F480539BB200920022C049FFF7ECF853
:10BF2000002501F089BC1146FDF730FF002501F026
:10BF300083BC1146FDF73EFF002501F07DBC002CBF
:10BF400001F09A840022B649FDF746FA20700025D8
:10BF500001F072BC2146FDF74DFF002501F06CBCDD
:10BF60002146FDF76BFF002501F066BCFEF79AFD48
:10BF7000002501F061BC1146FDF784FF002501F0AA
:10BF80005BBCFEF7B5FE002501F056BC002C01F0AD
:10BF900075842178FFF7CAF8002501F04DBC002C0C
:10BFA00001F06E842188FDF746FE002501F044BCB7
:10BFB000002C01F06784FDF7E2F92080002501F0F4
:10BFC0003BBC002C01F060842188FDF73CFE00257D
:10BFD00001F032BC002C01F05984FDF7D7F9208024
:10BFE000002501F029BC002C01F05284A388E288CE
:10BFF000216800914FF4B011FDF702FE002501F019
:10C000001BBC002C01F04684A388E28821680091C3
:10C010004FF4B011FDF781F9002501F00DBC002CA3
:10C0200001F03A84E388A2882168FEF70DF8002524
:10C0300001F002BC002C01F03184E3882268A18861
:10C04000FEF792F9002501F0F7BB1146FFF756FC09
:10C05000002501F0F1BB002C01F0228423796288D5
:10C060002188FEF799FC002501F0E6BB002C01F0C9
:10C070001984FDF791F92080002501F0DDBB002C2B
:10C0800001F01284FDF7B6F92060002501F0D4BB61
:10C09000FEF768F8002501F0CFBB002C01F0068404
:10C0A0006188FEF755FE2070002501F0C5BB2146D2
:10C0B000FDF7C0F9002501F0BFBB002C01F0F883AB
:10C0C00001227021FDF733F92060002501F0B4BB97
:10C0D000002C01F0EF8300227021FDF728F9206089
:10C0E000002501F0A9BB0094052300227021FDF773
:10C0F00014F9002501F0A0BB002C01F0DD83036DD5
:10C100009B7B012B15D0032B1AD116224FF4F01173
:10C11000FDF723F9C0F30D0083B213F4005F04D0E0
:10C120006FEA83436FEA934318B22080002501F041
:10C1300083BB02223B49FDF710F9C0F30D00EBE78A
:10C1400002223949FDF709F9C0F30D00E4E7009434
:10C15000062300223549FDF7E0F894F90130002B61
:10C1600006DB637903F001036371002501F064BB12
:10C17000FF23A370E37023716371F2E7002C01F0D9
:10C180009D8301224FF00811FDF726F9207000254C
:10C1900001F052BB002C01F0938300224FF00811F4
:10C1A000FDF71AF92070002501F046BB002C01F0C4
:10C1B0008983A2882168FEF719FB002501F03CBBAA
:10C1C000002C01F081832568A48822462946FEF7C9
:10C1D0000DFB21463046FDF767FD2D1A18BF4FF0C5
:10C1E000FF3501F029BB022A0FD0114C00231A465B
:10C1F00021463046FDF75EFF0223002221463046ED
:10C20000FDF758FF002501F017BB00230093FE2324
:10C2100001220249FEF7E0FBE7E700BF080011003A
:10C220001C000700140018001C000C0018000C0073
:10C2300004000A00002C01F049832488E2B24FF484
:10C240008171FDF7E3FF220A40F203113046FDF74A
:10C25000DDFF002501F0F0BA002C01F03983DFF892
:10C26000708310230093FF2300224146FEF7B4FBA6
:10C270004FF482713046FDF7A9FF00F0E0052A4631
:10C280004FF482713046FDF7C1FF45F004024FF4D0
:10C2900082713046FDF7BAFF0220F2F7D1FB4FF46E
:10C2A00087713046FDF792FF074640F20F11304686
:10C2B000FDF78CFF81462A464FF482713046FDF728
:10C2C000A5FF00250095EF232A4641463046FEF79C
:10C2D00083FB47EA0927278001F0AEBA002C01F062
:10C2E000F982A2782188FDF7B9FF002501F0A4BAF0
:10C2F000002C01F0F1822468FDF734FF0120F2F7F1
:10C300009FFB03230093FF230022AF493046FEF733
:10C3100063FB7CB93046FFF761FB0120F2F790FB2D
:10C32000336D00259D7302221A821D755D75DD73C4
:10C3300001F082BA3046FFF765FBEEE7002C01F012
:10C34000CD82237803F03F03026D537300229F498F
:10C35000FDF7B0FE002501F06FBA002C01F0C0829D
:10C36000036D5B7B2370002501F066BA0121FEF7A7
:10C37000F7F93046FEF728FA01213046FDF76AFC4E
:10C380000F2201213046FDF73BFE002501F054BA93
:10C39000002C01F0A78262682168FDF731FE0025BC
:10C3A00001F04ABA002C01F09F82894D00222946F3
:10C3B000FDF712F8804602230093FF23002229464E
:10C3C0003046FEF709FB0423002282493046FDF780
:10C3D00071FE012300224FF400213046FDF76AFE72
:10C3E0007D4F00252A4639463046FCF7F5FF10F010
:10C3F000010FF7D000224FF008113046FCF7ADFFD7
:10C40000054600231A464FF400213046FDF752FE40
:10C4100000231A466F493046FDF74CFE4346002282
:10C420006B493046FDF746FE2580002501F004BA31
:10C43000002C01F05B822379026D927A9B1A07EE41
:10C44000903AF8EEE77A9FED657A67EE877AB3EE79
:10C45000067A77EE877AC4ED007A002501F0ECB910
:10C46000002C01F045822379026D527A9B1A07EE67
:10C47000903AF8EEE77A9FED5A7A67EE877AB3EE54
:10C48000007A67EE877ADFED576A87EEA67AF0EEDC
:10C49000087A77EE277AC4ED007A002501F0CCB94E
:10C4A000002C01F0278224680121FEF759F930465B
:10C4B000FEF78AF901213046FDF7CCFB21463046D4
:10C4C000FEF7A2FC002501F0B7B900250095EF2387
:10C4D0002A464549FEF780FA05213046FDF7BAFBAA
:10C4E00001213046FDF76EFD3046FDF761FD01F09C
:10C4F000A3B900250095EF232A463B49FEF76CFAC5
:10C5000001F09AB9002C01F0F7812168FEF77CFC5C
:10C51000002501F091B900223449FCF71EFFC0F359
:10C520000B0510F4006F18BF45F470452DB225803F
:10C53000336DB3F91230ED1A01F07EB9002C01F021
:10C54000DD81D4F80490237A99F81320FF2A00F0B3
:10C55000FE8093BBD9F80010FDF7BAFE99F80C30B5
:10C56000B9F80E20D11899F81220002A40D199F874
:10C57000100000280BBF7F224FF480624FF4B015EB
:10C580004FF4A01599F81300121A023A914200F2E2
:10C59000E780D9F804200092002229463046FDF7B2
:10C5A0002FFBB9F80E3099F80C20D9F8081000913B
:10C5B00029463046FDF724FB2BE0B9F80E20D9F8C8
:10C5C0000010FDF793FEC9E70400110014000900F4
:10C5D0004800070034000700040008006666863F34
:10C5E000CDCCCC3E00007F4328000F0008000200A5
:10C5F000012A40F0AF8099F81130002B40F2FF3350
:10C6000008BF7F2399F813209B1A023B994200F23E
:10C61000A48099F81020531EDBB2012B40D999F861
:10C620001130591EC9B2012947D9042B4CD042EA16
:10C6300043330022BA493046FDF758FBB9F80E30B3
:10C64000B84A02EAC31299F80C3003F07F0313438F
:10C650000022B5493046FDF749FB01230022B349CA
:10C660003046FDF727FDDFF8C88200273A464146ED
:10C670003046FCF7B1FE10F0050FF7D00546034633
:10C680000022AB493046FDF715FD05F03F0525F0CA
:10C690003003012B25D06BB22370002501F0CCB8FC
:10C6A000336D9B7B032B01F0AD8199F811305A1E3D
:10C6B000D2B2012A12D90122B7E7336D9B7B032B3B
:10C6C0000CBF02230123B2E7B9F80E101029AED92E
:10C6D0006FF00303E0E702221346A8E701221346A6
:10C6E000A5E799F81230012BD5D199F81120531EE6
:10C6F000DBB2012B1BD9032A0CBF4FF4A0174FF458
:10C70000B017D9F8042012B199F80C30C3B9D9F890
:10C7100008100029BFD0B9F80E30002BBBD099F813
:10C720000C20009139463046FCF7F7FDB3E7336D36
:10C730009B7B032B0CBF4FF498174FF49017E0E747
:10C740000092002239463046FCF7E7FDDFE76FF044
:10C750000203A1E76FF001039EE74FF0FF339BE771
:10C760004FF0FF3398E7237AE179A279D20042EAC9
:10C7700041021343627943EA8213227943EAC213E6
:10C78000E27843EA0223A27843EAC223627843EACA
:10C790000233227843EA42339BB200226549FDF717
:10C7A0003AFA002501F048B8002C01F0A98063781E
:10C7B00033B15B08013BDBB22370002501F03CB8CC
:10C7C0000023F9E700225C49FCF7B1FDC0F30B033D
:10C7D0002380C0F30B406080002258493046FCF7AC
:10C7E000A6FDC0F30B03A380C0F30B40E080002242
:10C7F00053493046FCF79BFD2072000C607200220A
:10C8000050493046FCF793FDC0F30B43A381C0F3BE
:10C810000B00608100224C493046FCF788FDC0F3D4
:10C820000B43A4F80F30A073002248493046FCF7B0
:10C830007EFD6074000CA074002245493046FCF770
:10C8400076FDC0F30B03A4F81330C0F30B40A4F83B
:10C85000150000223F493046FCF7BEFDE07500257B
:10C8600000F0EABF1146FDF79DFC002500F0E4BF93
:10C87000002C01F04780238800223749FDF7CBF9CF
:10C88000002500F0D9BF002C01F03E80256835B9A5
:10C8900000231A463149FDF7BEF900F0CDBF627999
:10C8A000237943EA022323F0F00300222B49FDF70A
:10C8B000B2F9002500F0C0BF002C01F027802368EA
:10C8C0004BB9002500954FF6FF532A461021FEF77D
:10C8D00013FC00F0B1BF00223421FDF707FA4FF43A
:10C8E000007300934FF6FF73002210213046FEF7CD
:10C8F00003FC002500F0A0BF002C01F00980618836
:10C90000FDF764FC2070002500F096BF002C01F0BC
:10C910000180A2782188FDF779FC002500F08CBF0A
:10C920004400010080FF0100480001004C000100AC
:10C93000500001003000010004000F0008000F004B
:10C940000C000F0010000F0014000F0018000F0063
:10C950001C000F0020000F00040006001C00110046
:10C96000D44BD54A012D18BF1346012DD34918BF0A
:10C970004FF00C11026D927B012A12D0032A17D1BD
:10C98000A2F5C012013A1A444FF4F011FCF7E5FC8D
:10C99000C00920802588003518BF01256D4200F0B0
:10C9A0004BBF02221946FCF7D8FCC0092080F1E7F2
:10C9B0000222FCF7D2FCC0092080EBE7002C00F03B
:10C9C000AB872178FEF7D6FB002500F035BF114676
:10C9D000FEF732FA002500F02FBF00940423002256
:10C9E0001C21FCF79AFC002500F026BF002C00F06B
:10C9F000958702224421FCF7B0FCC0F30020207090
:10CA0000002500F019BF002C00F08A870022442185
:10CA1000FCF7E2FC00F001002070002500F00CBFE4
:10CA2000002C00F07F8762882188FEF763FA0025DA
:10CA300000F002BF0094082300220421FDF7E0F873
:10CA4000002500F0F9BE0094082300220421FCF721
:10CA500064FC002500F0F0BE002C00F06587238800
:10CA600002220C21FDF7D7F8002500F0E5BE002CCE
:10CA700000F05C87238800220C21FDF7CCF800250C
:10CA800000F0DABE2146FDF799F8002500F0D4BE8B
:10CA9000036D9B7B012B0BD0032B12D1009405233C
:10CAA00020224FF4F011FCF738FC002500F0C4BE42
:10CAB0000094052300228249FCF72FFC002500F09A
:10CAC000BBBE0094052300224FF44021FCF725FC57
:10CAD000002500F0B1BE002504F8015B009404239A
:10CAE0002A466C21FCF719FC00F0A6BE002C00F0D1
:10CAF0001F8701226021FCF71AFC2060002500F04E
:10CB00009BBE002C00F0168700226021FCF70FFC72
:10CB10002060002500F090BE036D9B7B012B0BD0A5
:10CB2000032B12D10094052328224FF4F011FCF7B7
:10CB3000F4FB002500F080BE00940523002261492B
:10CB4000FCF7EBFB002500F077BE009405230022E4
:10CB50005D49FCF7E2FB002500F06EBE002C00F002
:10CB6000EB8600221C21FCF7E2FB2060002500F090
:10CB700063BE002C00F0E28625886768237A002BCC
:10CB800000F0DE863C4607EB830729463046FDF77A
:10CB90008BF844F8040B0135ADB2BC42F5D1002549
:10CBA00000F04ABE002C00F0CD862178FDF788FB0E
:10CBB000002500F041BEFEF7C1F9054600F03CBE7D
:10CBC0001146FEF725FB054600F036BE002C00F0AE
:10CBD000BB86A5780121FDF73DF800213046FDF721
:10CBE000BFFD3046FDF7F0FD05F03F030022374959
:10CBF0003046FDF75FFA01230093FF2300223449FA
:10CC00003046FDF7E9FE324F00252A4639463046C8
:10CC1000FCF7E2FB10F0010FF7D100222D4930465E
:10CC2000FCF79BFB05463046FDF7C2F90021304674
:10CC3000FDF7C8F905213046FDF70CF8C5F30B05E3
:10CC40002580002500F0F8BD0221FEF7F5F801214E
:10CC50003046FEF7F1F81424A0460027442540464C
:10CC6000F1F7FEFE3A4629463046FCF7B5FB10F0D8
:10CC7000020F05D1631E13F0FF04F0D1012500E07F
:10CC800000256D4200F0D8BD002C00F05F862378AF
:10CC90001B0303F4E0436278012A08BF43F4807366
:10CCA00000936FF4E24300220B49FDF725FD0025B8
:10CCB00000F0C2BD340018002C00180014000C0055
:10CCC000200018002800180008000C001C000700B5
:10CCD000100008001400080014000700002C00F0E9
:10CCE000378662682168FDF739FE002500F0A4BD93
:10CCF000002C00F02F8623880022C449FCF78BFF0C
:10CD0000002500F099BD002C00F02686626821887D
:10CD1000FEF7AEFA002500F08FBD002C00F01E8655
:10CD2000657823788BB1036D00229A734FF0FF333F
:10CD300008227DB323F48063009200221021304644
:10CD4000FDF7DAFC002500F077BD036D01229A7330
:10CD500018230022AE49FCF7C9FFE8230022AD49A1
:10CD60003046FCF7C3FF336D9B7D5B0803D06FF04B
:10CD700008030022DDE701230022A7493046FDF722
:10CD800099F9326D937D43F0020393756FF00803B8
:10CD90000022CEE742F48062CEE7002C00F0E0856E
:10CDA000236800223021FCF7A1FF002500F044BDDC
:10CDB000002C00F0D78500222946FCF7B8FA206045
:10CDC000002500F039BD234600222946FCF78EFFDE
:10CDD000002500F031BD002C00F0C68503228F49EC
:10CDE000FCF7FAFAC0F302102070002500F024BD11
:10CDF000002C00F0BB85236800224421FCF776FF5D
:10CE0000002500F019BD002C00F0B2852388002217
:10CE10004821FCF700FF002500F00EBD002C00F0BB
:10CE2000A98500224421FCF782FA2060002500F049
:10CE300003BD002C00F0A08500224821FCF78DFAEC
:10CE40002060002500F0F8BC002C00F097852378C6
:10CE500000227349FDF72EF9002500F0EDBC002CEF
:10CE600000F08E8500224421FCF7B6FA20700025E0
:10CE700000F0E2BC002C00F08585FDF727F920606A
:10CE8000002500F0D9BC002C00F07E850022654909
:10CE9000FCF763FA2080002500F0CEBC002C00F0E7
:10CEA000758500226049FCF742FA2060002500F0F9
:10CEB000C3BC002C00F06C852388C3F30D030093E2
:10CEC0004FF4404300225849FEF716F9002500F0C0
:10CED000B3BC002C00F05E85A788A3680993217B72
:10CEE00006912269049262690592DDB205F003029F
:10CEF00005F0FC05052945D1B7F5B17F28BF4FF4F2
:10CF0000B177DFF82C91042F05D809EB05035B7886
:10CF1000053B9F423EDB012A00F2C780434B995CF0
:10CF20003E46B94280F2C380501C53FA80F0002381
:10CF30000B449BB20132D2B2022A05D010F8011B79
:10CF4000A6EB030C6145F3DB9F4208BF039500F09D
:10CF5000B38007F1050C1FFA8CFC80260021089194
:10CF6000039107914FF0050BB8465F4538BFD8468F
:10CF7000A8F105081FFA88F8DFF8B0A020460C4693
:10CF8000864631E040F231139F4228BF1F46DFF84A
:10CF9000A490B8E70023059A1380049A1146099AD1
:10CFA0000A6098E074460023059A1380049B1A4691
:10CFB000099B13604FF0FF338DE01FFA80FB08924E
:10CFC0000395079301243F2D51D000293AD1013513
:10CFD00005F03F0519F8050003449BB29F4268D055
:10CFE000013E16F0FF06DDD0434525D9634523D227
:10CFF000F81A00B20028B8BF40425845DDDD002CC9
:10D00000E1D07446089A079B56E000BF080005006F
:10D010000C001F0010001F0020000100540003003E
:10D02000180001002C0005001C000E00C80B0500B4
:10D03000480B0500880B050084B96345C3D399B13B
:10D040003F2D14D019F805105B1A9BB2691E01F030
:10D050003F0511F03F0118BF0121BFE7744619F8E1
:10D0600005105B1A9BB227E07446039524E0002C60
:10D0700034D1032A36D0022A09D01AF802105818DF
:10D08000B8420BDD0B449BB20132D2B2DAE706990B
:10D090000929F2D174463F2103910DE0744683B211
:10D0A0000132D2B23F21039106E000234CE7002376
:10D0B0004AE7744603953B4605990B80039B42EA79
:10D0C0008303DBB21A0442EA03621A4342EA0323EF
:10D0D000049A1360002323600025ADE37446089A88
:10D0E000079BE9E774463F210391E5E7002C00F038
:10D0F000538427786478F1F7EBFB0546022C0ED0B9
:10D10000042C0CD004F0FD04012C19D0FB430022A8
:10D110000092DBB2C1493046FDF75EFC05E03B46BC
:10D120000022BE493046FCF7C5FF3B460022BC4901
:10D130003046FCF7DBFD2846F1F7DCFB00257BE3FE
:10D140000097FF230022B5493046FDF745FCECE788
:10D1500002230193002500952B462A461A21FCF74D
:10D160005EF869E3FEF74EFC002565E3FEF736FC4A
:10D17000002561E302230193002500952B462A46F2
:10D180001421FCF74CF857E3022401940025009584
:10D190002B462A461521FCF742F8019400952B46B0
:10D1A0002A4615213046FCF73AF845E3022301935D
:10D1B000002500952B462A461621FCF730F83BE364
:10D1C000002C00F0EB8332B900224FF4D011FCF7B1
:10D1D00003F9207030E301224FF4D011FCF7FCF882
:10D1E0002070002528E3002C00F0DA832478002248
:10D1F0004FF4D011FCF7F0F800F09F032343002216
:10D200004FF4D0113046FCF755FF002514E3002CF5
:10D2100000F0C883247812F0FF051DD0012D40F0E6
:10D22000C383022501224FF4D0113046FCF7D4F815
:10D23000A4B920EA0503DBB201224FF4D011304635
:10D24000FCF738FF002210213046FCF770F810F48C
:10D25000801F0AD00025EFE20425E3E7012C40F00F
:10D26000A68340EA0503DBB2E6E74FF480130093A0
:10D270004FF0FF33002210213046FDF73DFA002524
:10D28000DAE2002C00F0968323785B0303F400536A
:10D2900000934DF6FF7300226249FDF72DFF002534
:10D2A000CAE2002C00F0888325786268012A15BF45
:10D2B0006FF460336FF4E043DF27EF2714BF4FF0C4
:10D2C00020084FF010080024009422464FF4A021BB
:10D2D000FDF712FA00943B46224653493046FDF7CB
:10D2E0007BFB012D02D055B10025A5E22546009417
:10D2F0003B4622464D493046FDF76EFB9CE2CDF899
:10D300000080FF23002249493046FDF765FB93E288
:10D31000002C00F05383227812F0010F2CD057011B
:10D3200007F0400740244FF4E01312F0040F27D019
:10D3300043F4600344F08004120102F080021743BA
:10D340004FF400120092DB4300224FF4A02130463C
:10D35000FDF7D2F9E443A4B20025009523462A46FE
:10D3600031493046FDF7C8FE009723462A462F492B
:10D370003046FDF7C1FE5FE200273C463B46D4E75E
:10D380000022DFE708230093FF2301224FF48021CE
:10D39000FDF722FB264C02230093FF2303222146A4
:10D3A0003046FDF719FB00250095F72301224FF4C5
:10D3B00080213046FDF710FB0095FD230322214616
:10D3C0003046FDF709FB37E2002C00F0F982638854
:10D3D000DB0003F4FF6322780AB143F40063009397
:10D3E0004FF2070300224FF480213046FDF784FE00
:10D3F000002521E2002500954FF6FF332A464FF421
:10D400008811FDF779FE17E2002C00F0DB82002284
:10D410000849FBF7A2FF208000250DE21C00010057
:10D42000180001000C000E00080005000C000500AB
:10D430000800110048001100002C00F0C58223787C
:10D44000012B6278A3784FEAC32343EA0223E278F0
:10D4500043EA4233227943EA823303F47F430CBF29
:10D4600002220022B649FCF7D6FB0025E4E1002C9D
:10D4700000F0AC82636822783AB1C3F3150300224E
:10D48000B049FCF733FC0025D6E1C3F31503AE49E0
:10D49000FCF72CFC0025CFE1002C00F099822378CA
:10D4A00001249C40E4B210230093FF230022A749EB
:10D4B000FDF792FAE343A24F00250095DBB22A461E
:10D4C00039463046FDF788FA0094FF232A4639464C
:10D4D0003046FDF781FAAFE1002C00F07B82227824
:10D4E00063789BB1002A40F09782002400946FF08B
:10D4F000C07322461021FDF7FFF80094944B22469A
:10D500004FF4A0213046FDF7F7F817E0002A00F0AD
:10D5100085824FF40045002400946FF0C0732246CA
:10D5200010213046FDF7E8F80095894B22464FF46C
:10D53000A0213046FDF7E0F84FF0C07400944FF0A2
:10D54000FF33002210213046FDF7D6F8002573E1A5
:10D55000002C00F0418223783BB900250095DF23A1
:10D5600003227C49FDF738FA66E14FF0005300933F
:10D570004FF0FF3300227749FDF7BEF800255BE14D
:10D58000002C00F02B8223783BB9002500957F23E7
:10D5900003227149FDF720FA4EE180230093FF2317
:10D5A00003226D49FDF718FA002545E1002C00F033
:10D5B0001782E3B29A1C01239340013BDBB20022A5
:10D5C0004FF40031FCF776FD002535E1002C00F02A
:10D5D0000982E37A002B00F00782637B012B207B1A
:10D5E00094BF0322042210215C4B33F81000FBF798
:10D5F000F9FD00F07F0000904FF680730222584939
:10D600003046FDF779FD9423002256493046FCF759
:10D6100051FD002510E1002C00F0E8810022524964
:10D62000FBF785FE2060002506E1002C00F0E0817C
:10D6300000224E49FBF77BFE20600025FCE0002C19
:10D6400000F0D8814FF4A81323600025F4E0002CEB
:10D6500000F0D28100250A950CAF192347F8043D4C
:10D66000009704232A464249FCF7CAFA41F6487358
:10D670000B93009704232A463E493046FCF7C0FA34
:10D680000AAB009304232A464FF4E8113046FBF717
:10D6900044FE0A9B2360CFE0002C00F0AF81002203
:10D6A0003549FBF744FE80B2206000223349304602
:10D6B000FBF73DFE430D9B019BB263600025BBE081
:10D6C000002C00F09D81237E33B1012B62D0022B10
:10D6D00000F08980FF232FE000222949FBF727FE75
:10D6E000C0F30B002060002226493046FBF71FFEE6
:10D6F000C0F315006060002223493046FBF717FE97
:10D70000C0F31500A060002220493046FBF70FFE51
:10D71000C0F31500E06000221D493046FBF707FE0C
:10D72000C0F31300206100220F493046FBF7FFFDD4
:10D7300000F0E04060610023637600257CE000BFDC
:10D740003C00110044001100400011004800070097
:10D75000FF0FFCF728000F001C000700D40B05008A
:10D7600014000E0018000E00540003004C000F00BF
:10D7700004001F0008001F0048000C0028000C00D7
:10D7800058000C0030000C0034000C0038000C0075
:10D790002C000C000022AA49FBF7C9FDC0F30B00C6
:10D7A00020600022A7493046FBF7C1FDC0F31500F9
:10D7B00060600022A4493046FBF7B9FDC0F31500B4
:10D7C000A06000224FF450213046FBF7B0FDC0F3BB
:10D7D0001500E06000229D493046FBF7A8FDC0F32C
:10D7E000130020619FE700229949FBF7A0FDC0F3D9
:10D7F0000B002060002297493046FBF798FDC0F3EC
:10D8000015006060002294493046FBF790FDC0F39C
:10D810001500A060002291493046FBF788FDC0F357
:10D820001500E06000228E493046FBF780FDC0F312
:10D830001300206177E7002528460DB0BDE8F08F82
:10D840000025F9E70025F7E70025F5E70025F3E7D0
:10D850000025F1E70025EFE70025EDE70025EBE7E0
:10D860000025E9E70025E7E70025E5E70025E3E7F0
:10D870000025E1E70025DFE70025DDE70025DBE700
:10D880000025D9E70025D7E70025D5E70025D3E710
:10D890000025D1E70025CFE70025CDE70025CBE720
:10D8A0000025C9E70025C7E70025C5E70025C3E730
:10D8B0000025C1E70025BFE70025BDE70025BBE740
:10D8C0000025B9E70025B7E70025B5E70025B3E750
:10D8D0000025B1E70025AFE70025ADE70025ABE760
:10D8E0000025A9E70025A7E70025A5E70025A3E770
:10D8F0000025A1E700259FE700259DE700259BE780
:10D90000002599E7002597E7002595E7002593E78F
:10D91000002591E700258FE700258DE700258BE79F
:10D92000002589E7002587E7002585E7002583E7AF
:10D93000002581E700257FE700257DE700257BE7BF
:10D94000002579E7002577E7002575E7002573E7CF
:10D95000002571E700256FE700256DE700256BE7DF
:10D96000002569E7002567E7002565E7002563E7EF
:10D97000002561E700255FE700255DE700255BE7FF
:10D98000002559E7002557E7002555E7002553E70F
:10D99000002551E700254FE700254DE700254BE71F
:10D9A000002549E7002547E74FF0FF3544E74FF0F2
:10D9B000FF3541E700253FE700253DE700253BE730
:10D9C000002539E7002537E7002535E7002533E74F
:10D9D000002531E700252FE700252DE700252BE75F
:10D9E000002529E7002527E7002525E7002523E76F
:10D9F000002521E700251FE700251DE700251BE77F
:10DA0000002519E799F811305A1ED2B2012A7EF684
:10DA100062AE0222FEF709BE124D7CE5002400949E
:10DA20006FF0C07322461021FCF766FE00940E4B87
:10DA300022464FF4A0213046FCF75EFE7EE500BF93
:10DA400020000D0064000C0068000C0060000C0059
:10DA500068000D0040000D0044000D0048000D005E
:10DA60003C000D0000100008FF0FFCF7F0B585B07A
:10DA70000446436B1968FDF7A3FE064623681B693D
:10DA8000984703AB002211462046FDF7CFFF636B9A
:10DA90009B6A19682046FDF747FC636B9B6A5968CF
:10DAA0002046FDF797F9636B9B6AD9892046FCF7FE
:10DAB000C2F8636B9B6A99892046FCF7C4F8002181
:10DAC0002046FCF74EF9002500954FF6FF532A46F5
:10DAD00010212046FDF710FB636B9B6A5A89198958
:10DAE0002046FDF707FA636B9B6A1B8A02220C2112
:10DAF0002046FCF790F8636B9B6A5B8A2A460C21F0
:10DB00002046FCF788F8636B197A2046FDF732FB54
:10DB1000636BD9682046FCF74DF9616B0B7E4A694F
:10DB200009692046FDF76CFA636B9A7F998B204652
:10DB3000FCF794FB226D537B2E2B05D0636B93F87F
:10DB40002C3033F03F030AD0636B93F82C3003F092
:10DB50003F035373002228492046FCF7ABFA636B5E
:10DB600093F82D102046FCF767FF636B196A204677
:10DB7000FCF740F9636B596A2046FCF75FF9636B69
:10DB800093F82E309BBB636B93F82F102046FCF765
:10DB900009FB94F94C50002D26DB012303FA05F50F
:10DBA000AFB2164A39462046FCF7D8FE0DF10A03FB
:10DBB0000093022300224FF4A0212046FBF7ADFB87
:10DBC000BDF80A3023EA0503ADF80A3000220C49FB
:10DBD0002046FCF720F894F94D20B2FA82F252095F
:10DBE00039462046FDF744FB304605B0F0BD2046DF
:10DBF000FCF758FFC7E700BF14000900920420019A
:10DC00000800050080B483B000AF78607B681B68B3
:10DC10007A689A420CBF01230023DBB218460C3706
:10DC2000BD465DF8047B704780B483B000AF786078
:10DC300039603B681A687B681A607B683A685A608A
:10DC40003B681B687A685A603B687A681A6000BF54
:10DC50000C37BD465DF8047B704780B483B000AFDD
:10DC600078607B685B687A6812681A607B681B68FA
:10DC70007A6852685A6000BF0C37BD465DF8047B75
:10DC8000704780B582B000AF786039607868FFF780
:10DC9000E4FF39687868FFF7C7FF00BF0837BD4663
:10DCA00080BD80B582B000AF78607868FFF7AAFFCA
:10DCB000034683F00103DBB2002B07D07B685A6870
:10DCC0007B681B689A4201D1012300E000231846BB
:10DCD0000837BD4680BD000080B483B000AF7860D7
:10DCE0007B685A6A7B681B6AD31A18460C37BD4694
:10DCF0005DF8047B704780B483B000AF78607B68C8
:10DD00001B6A18460C37BD465DF8047B704780B42B
:10DD100083B000AF78607B68043318460C37BD468B
:10DD20005DF8047B704780B582B000AF786078689A
:10DD3000FFF7EDFF0346033323F0030318460837CC
:10DD4000BD4680BD90B583B000AF78607868FFF7BE
:10DD5000EAFF04467868FFF7DAFF0346E31A18463D
:10DD60000C37BD4690BD80B485B000AF7860396097
:10DD70007B681B88033323F00303FB603B681B684D
:10DD80001A46FB68D31A1A463B681A607A68FB6821
:10DD9000134418461437BD465DF8047B704780B4C1
:10DDA00083B000AF78607B68043318460C37BD46FB
:10DDB0005DF8047B704780B483B000AF78607B6807
:10DDC0001B88043B18460C37BD465DF8047B704742
:10DDD00080B483B000AF786039603B68032B0BDD03
:10DDE0007B681B88032B07D97B681B881A463B6816
:10DDF000934201DB012300E0002318460C37BD46A7
:10DE00005DF8047B704780B483B000AF78607B68B6
:10DE10005B8823F4404318460C37BD465DF8047B0D
:10DE2000704780B582B000AF78607868FFF7B7FFC1
:10DE30000346D3E90023104619460837BD4680BD86
:10DE400080B582B000AF78607868FFF7A8FF03461E
:10DE50001B6818460837BD4680BD80B582B000AF4C
:10DE600078607868FFF79BFF0346B3F900301846E7
:10DE70000837BD4680BD80B582B000AF7860786855
:10DE8000FFF78DFF034693F9003018460837BD466B
:10DE900080BD80B582B000AF78607868FFF77FFF03
:10DEA0000346D3E90023104619460837BD4680BD16
:10DEB00080B582B000AF78607868FFF770FF0346E6
:10DEC0001B6818460837BD4680BD80B582B000AFDC
:10DED00078607868FFF763FF03461B8818460837A9
:10DEE000BD4680BD80B582B000AF78607868FFF72E
:10DEF00056FF03461B7818460837BD4680BD80B5DF
:10DF000084B000AF786039607868FFF7F4FEF8609D
:10DF10003B6843F4004100230022786800F01EF8BB
:10DF20000346002B01DA002300E0FB681846103797
:10DF3000BD4680BD80B582B000AF7860396078683A
:10DF4000FFF7D9FE02463B68D31A9AB23B681A80A3
:10DF50007B685B6918460837BD4680BD90B587B0C1
:10DF600000AFF860B9607A603B60F868FFF7B4FE14
:10DF700004467868FFF7D7FE03469C4202DA6FF04A
:10DF800079032AE07868FFF7CEFE03461946F86861
:10DF900000F018FC7861BB689AB27B695A80786897
:10DFA000FFF7B5FE03469AB27B691A807B691B882E
:10DFB0001A467B699C187868FFF7C4FE03461A4628
:10DFC00000212046F1F73BFE7869FFF7E8FE7B6809
:10DFD0001A463968F1F70AFE002318461C37BD4679
:10DFE00090BD80B483B000AF0346FB71FB79013B69
:10DFF0000C2B2DD801A252F823F000BF31E0030012
:10E0000035E0030039E003003DE0030051E0030088
:10E0100051E0030051E0030051E0030051E0030030
:10E0200041E0030045E0030049E003004DE0030048
:10E0300001230EE002230CE004230AE0082308E099
:10E04000012306E0022304E0042302E0082300E0A9
:10E05000002318460C37BD465DF8047B704780B539
:10E0600088B000AF786039604FF000024FF00003D5
:10E07000C7E906237B681B78013B032B46D801A226
:10E0800052F823F095E00300B5E00300D5E003006B
:10E09000F5E003003868FFF725FF0346DAB24FF0DA
:10E0A0000003C7E902234FF0FF024FF00003C7E966
:10E0B00004232EE03868FFF708FF03469AB24FF0BA
:10E0C0000003C7E902234FF6FF724FF00003C7E9D0
:10E0D00004231EE03868FFF7EBFE03461A464FF0B4
:10E0E0000003C7E902234FF0FF324FF00003C7E9F6
:10E0F00004230EE03868FFF7CCFEC7E902014FF0B9
:10E10000FF324FF0FF33C7E9042302E06FF015033D
:10E1100044E07B681B79032B20D0032B27DC012BE9
:10E1200002D0022B11D022E07B68B3F90C301AB276
:10E130004FEAE273C7E906237B68B3F90E301AB2DF
:10E140004FEAE273C7E9042314E07B68B3F90C30AB
:10E150001AB24FEAE273C7E906230BE07B68B3F912
:10E160000E301AB24FEAE273C7E9042302E06FF0FF
:10E17000150313E0D7E90201D7E90623994208BF46
:10E18000904207D3D7E90223D7E90401994208BF97
:10E19000904202D26FF0210300E00023184620379E
:10E1A000BD4680BD80B588B000AF786039607B68BF
:10E1B0001B780A3B032B5ED801A252F823F000BF64
:10E1C000D1E10300FDE1030027E2030053E2030075
:10E1D0003868FFF750FE03465AB24FEAE273C7E9C8
:10E1E00002236FF07F024FF0FF33C7E906234FF0A1
:10E1F0007F024FF00003C7E904233FE03868FFF7D0
:10E200002CFE03461AB24FEAE273C7E90223404AE2
:10E210004FF0FF33C7E9062347F6FF724FF00003C4
:10E22000C7E904232AE03868FFF70AFE03461A46C6
:10E230004FEAE273C7E902234FF000424FF0FF3389
:10E24000C7E906236FF000424FF00003C7E904233B
:10E2500014E03868FFF7E5FDC7E902014FF000025E
:10E260004FF00043C7E906234FF0FF326FF0004341
:10E27000C7E9042302E06FF0150344E07B681B79D3
:10E28000032B20D0032B27DC012B02D0022B11D033
:10E2900022E07B68B3F90C301AB24FEAE273C7E9A7
:10E2A00006237B68B3F90E301AB24FEAE273C7E96E
:10E2B000042314E07B68B3F90C301AB24FEAE2731E
:10E2C000C7E906230BE07B68B3F90E301AB24FEAB8
:10E2D000E273C7E9042302E06FF0150313E0D7E906
:10E2E0000201D7E90623904271EB030307DBD7E96C
:10E2F0000223D7E90401904271EB030302DA6FF0C5
:10E30000210300E0002318462037BD4680BD00BF32
:10E310000080FFFF80B584B000AF786039600023D3
:10E32000FB814FF6FF73BB813868FFF744FDB8608F
:10E330007B681B79032B14D0032B17DC012B02D035
:10E34000022B09D012E07B68B3F90C30FB817B68AB
:10E35000B3F90E30BB810CE07B68B3F90C30FB8164
:10E3600007E07B68B3F90E30BB8102E06FF0150364
:10E370000BE0FB89BA689A4203DBBB89BA689A4210
:10E3800002DD6FF0210300E0002318461037BD4680
:10E3900080BD80B582B000AF786039607B681B7843
:10E3A0000D2B1BDC0A2B13DA042B02DC002B03DC05
:10E3B00014E0092B06D011E039687868FFF74FFEAA
:10E3C00003460DE039687868FFF7A4FF034607E0CD
:10E3D00039687868FFF7E6FE034601E06FF0150341
:10E3E00018460837BD4680BD80B58CB000AFF860D8
:10E3F000B9607A600023FB62F868FFF7DCFCB86262
:10E40000F868FFF700FD78626FF021033B627B6ADA
:10E41000002B03DD7A6ABB689A4201DD0023A5E088
:10E420007B6A1B017A681344FB61FB691B780D2B27
:10E430008CBF01230023DBB2BB61FB691B780D2B72
:10E4400006D94C4B4C4A4FF482714C48E0F7B5FE6C
:10E45000BB69002BFB691B781846FFF7C2FD78618A
:10E460007B69002B0CDDBA6A7B699A4208D0FB6994
:10E470005B881A46BB6A934202D06FF0150375E0C1
:10E48000FB691B78072B07D1FB685B881BB2002B4D
:10E4900002DB6FF0150369E0FB691B78072B0BD0DB
:10E4A000FB691B78082B07D0FB685B881BB2002B2D
:10E4B00002DA6FF0150359E0FB691B78092B09D0CC
:10E4C000092B1FDC052B05D0052B1BDB073B012B84
:10E4D00018D80AE0FB695B88002B26D0FB695B88B3
:10E4E0001A46BB6A934220DD3FE0BB6A002B1ED078
:10E4F000BB6A032B36DDFB699B68002B19D06FF0DC
:10E50000150333E0FB695B88002B03D0FB695B8854
:10E51000FB6205E0FB691B781846FFF762FDF862B5
:10E52000BA6AFB6A9A421FDB04E000BF02E000BF48
:10E5300000E000BFFB691B79002B0ED0002B0FDB26
:10E54000013B022B0CD8F968F869FFF722FF38620B
:10E550003B6A002B03D03B6A08E000BF00E000BF2D
:10E56000002303E000BF00E000BF3B6A18463037DD
:10E57000BD4680BDE40B0500480C0500080C0500F5
:10E5800080B588B000AFF860B9607A603B60BB6A64
:10E59000002B07D07B6801339B001A460021B86A24
:10E5A000F1F74DFBFB68FB61BB683B612CE0F86950
:10E5B000FFF729FC03467B837B8B002B03D07B8BEF
:10E5C0007A689A4202DA6FF0150326E03B68002B66
:10E5D0000AD03A687968F869FFF706FF78617B69C5
:10E5E000002B01DA7B6918E0BB6A002B05D07B8B1E
:10E5F0009B00BA6A1344FA691A6007F110031946BE
:10E60000F869FFF7B0FBF8613B691946F869FFF755
:10E61000DFFB0346002BCAD1002318462037BD4636
:10E6200080BD90B587B002AFF860B9607A603B609A
:10E630007B685B881BB2002B02DB6FF015030FE0D9
:10E640007868FFF7ACFB04467868FFF7B4FB014637
:10E65000FB6800933B68BA682046FFF791FF0346CA
:10E6600018461437BD4690BD80B582B000AF7860C3
:10E67000396079680120EEF7C7FC03461846083771
:10E68000BD4680BD80B582B000AF78607868EEF797
:10E69000CFFC00BF0837BD4680BD80B582B000AF5B
:10E6A00078607868FFF7EEFF00BF0837BD4680BD91
:10E6B00080B483B000AF78607B681B687A689A4248
:10E6C0000CBF01230023DBB218460C37BD465DF8B2
:10E6D000047B704780B584B000AF786039607B6898
:10E6E000283339681846FFF7BFFFF860FB68002B36
:10E6F00001D1002315E0FB68BB60FB6803F1280231
:10E70000BB68DA61BB68DA69BB689A61BB68DA69C1
:10E71000BB681A62BB68DA697B681A44BB685A62D4
:10E72000BB6818461037BD4680BD80B483B000AFCB
:10E73000786039607B685B693A689A4202D27B688C
:10E740003A685A6100BF0C37BD465DF8047B7047DC
:10E7500080B584B000AF786039607B685A6A7B68A6
:10E760001B6AD31A1A463B6893428CBF01230023CD
:10E77000DBB2FB607B685A6A7B681B6AD31A1A4655
:10E780003B68934205D90C4B0C4A29210C48E0F711
:10E7900014FDFB68002B7B68DA693B681A447B68D0
:10E7A000DA617B681A6A3B681A447B681A6200BFA8
:10E7B0001037BD4680BD00BF580C0500D00C0500C9
:10E7C000780C050080B584B000AF786039607B6854
:10E7D0005A6A7B681B6AD31A1A463B6893428CBFFD
:10E7E00001230023DBB2FB607B685A6A7B681B6AEB
:10E7F000D31A1A463B68934205D90E4B0E4A312173
:10E800000E48E0F7DAFCFB68002B7B681B6ABB60F4
:10E810007B685A693B681A447B685A617B681A6A4C
:10E820003B681A447B681A62BB6818461037BD46BD
:10E8300080BD00BF580C0500DC0C0500780C0500FD
:10E8400080B586B000AFF860B9607A607968F86822
:10E85000FFF7B8FF78617A68B9687869F1F7C6F9A7
:10E860007B6918461837BD4680BD80B584B000AFBF
:10E87000786039607B68DA693B685B421A447B6880
:10E88000DA617B685A693B681A447B685A617B6825
:10E89000DA697B689B699A4234BF01230023DBB2AB
:10E8A000FB607B68DA697B689B699A4205D2074BFB
:10E8B000074A43210748E0F780FCFB68002B7B6890
:10E8C000DB6918461037BD4680BD00BFB40C05009B
:10E8D000E40C0500780C050080B483B000AF7860CC
:10E8E00039607B685B693A689A4201D900230DE080
:10E8F0007B68DA693B681A447B68DA617B685A692D
:10E900003B68D21A7B685A617B68DB6918460C3712
:10E91000BD465DF8047B704780B582B000AF78607B
:10E920007868FFF7C5FE0346002B01D0002301E005
:10E930007B681B6818460837BD4680BD80B483B02D
:10E9400000AF786039607B681A683B681A603B6882
:10E950007A685A607B681B683A685A607B683A68D4
:10E960001A6000BF0C37BD465DF8047B704780B469
:10E9700083B000AF786039603B687A681A607B6862
:10E980005A683B685A607B685B683A681A607B68C3
:10E990003A685A6000BF0C37BD465DF8047B70478B
:10E9A00080B584B000AF78607868FFF781FE0346D9
:10E9B000002B01D0002313E07B681B68FB60FB6821
:10E9C0001B68FA6852685A60FB685B68FA681268EC
:10E9D0001A60FB6800221A60FB6800225A60FB681C
:10E9E00018461037BD4680BD80B584B000AF786052
:10E9F00002E0F868FFF751FE7868FFF7D1FFF86092
:10EA0000FB68002BF5D100BF00BF1037BD4680BDAD
:10EA100080B485B000AF786039603B68FB607B688C
:10EA2000190EFB685A1CFA60CAB21A707B68190C7E
:10EA3000FB685A1CFA60CAB21A707B68190AFB6834
:10EA40005A1CFA60CAB21A70FB685A1CFA607A68DB
:10EA5000D2B21A7000BF1437BD465DF8047B704710
:10EA600080B584B000AFF860B9607A603B60BB6885
:10EA7000102B05D0084B094A1A210948E0F79DFBE5
:10EA8000BB693A687968F868F0F734F803461846C5
:10EA90001037BD4680BD00BFF00C0500440D0500D9
:10EAA0000C0D050080B590B002AFF860B9607A60D7
:10EAB0003B607B6C102B02D04FF0FF3329E007F155
:10EAC00014037B63796B0120FFF7A2FF7B6B043398
:10EAD0007B6308227968786BF1F788F87B6B0833E1
:10EAE0007B6310223968786BF1F780F87B6B103309
:10EAF0007B637B6CDB00796B1846FFF789FF07F1BE
:10EB000014023B6C00932023B968F868FFF7A8FF54
:10EB1000034618463837BD4680BD00BF80B483B079
:10EB200000AF78607B685A6A7B681B6AD31A184604
:10EB30000C37BD465DF8047B704780B485B000AFEC
:10EB400003463960FB803B68FB60FB881B0A99B277
:10EB5000FB685A1CFA60CAB21A70FB685A1CFA6049
:10EB6000FA88D2B21A7000BF1437BD465DF8047B34
:10EB7000704780B485B000AF786039603B68FB6057
:10EB80007B68190EFB685A1CFA60CAB21A707B685F
:10EB9000190CFB685A1CFA60CAB21A707B68190A11
:10EBA000FB685A1CFA60CAB21A70FB685A1CFA60F9
:10EBB0007A68D2B21A7000BF1437BD465DF8047B84
:10EBC000704780B582B000AF786039603868EFF781
:10EBD000EBFF02467B681A607B681B68002B01D044
:10EBE000002301E06FF00B0318460837BD4680BDD7
:10EBF00080B586B000AFF8600B467A607B81FB6819
:10EC00007B61062200217869F1F719F87B690633E8
:10EC10007B617B8979691846FFF78FFF7B69023337
:10EC20007B6179697868FFF7A4FF7B6904337B61B6
:10EC30007B695A1C7A6106221A7000BF1837BD46DC
:10EC400080BD80B592B004AFF860B9607A607B8017
:10EC5000BB68DB697B63BB68DA697B6813443B6331
:10EC6000BB685A697B68D31AFB62BB68DA69BB6808
:10EC70005B691344BB62B868FFF750FF0346072B7C
:10EC800002DC6FF068032AE0798807F114033A6C1C
:10EC90001846FFF7ADFFBB68DB69043326221A7004
:10ECA000FB681868FB6A07F1140108220392BA6A2C
:10ECB000029201933B6B00937B687A6BEFF794FFB2
:10ECC00078627B6A002B04D10821B868FFF77AFDCF
:10ECD00004E0BB68DB69043320221A707B6A1846A3
:10ECE0003837BD4680BD80B483B000AF0346FB71AA
:10ECF000FB79262B0CBF01230023DBB218460C370F
:10ED0000BD465DF8047B704780B582B000AF786087
:10ED10007B685B69072B02D86FF04C0307E07B68C8
:10ED20005B69083B19467868FFF7FFFC002318462B
:10ED30000837BD4680BD80B592B004AFF860B960B9
:10ED40007A607B80BB68DA697B685B4213447B63D3
:10ED5000BB68DB693B63BB685B69FB62BB68DA6904
:10ED6000FB6A1344BB62798807F114033A6C1846B6
:10ED7000FFF73EFFFB68186807F1140108230393AF
:10ED8000BB6A0293FB6A01933B6B00937B687A6BCF
:10ED9000EFF772FF78627B6A002B03D17B6B043341
:10EDA00020221A707B6A18463837BD4680BD80B570
:10EDB00082B000AF78607B681B681846EFF708FFE9
:10EDC00000BF0837BD4680BD80B584B000AFF86095
:10EDD000B9607A60FB6818697B681022B968EFF740
:10EDE000B7FF002318461037BD4680BD80B582B0FE
:10EDF00000AF78607B681846EFF786FF02467B68B5
:10EE00001A61002318460837BD4680BD80B582B020
:10EE100000AF78607B681B691846EFF78DFF00BF75
:10EE20000837BD4680BD000080B582B000AF786075
:10EE30007B68002B05D10D4B0D4A22210D48E0F7D0
:10EE4000BCF97B681B68002B05D10020EEF704F8A5
:10EE500002467B681A607B681B684FF0FF311846DA
:10EE6000EDF7FEFF00BF0837BD4680BD500D050021
:10EE7000980D0500580D050080B582B000AF786090
:10EE80007B68002B03D07B681B68002B05D1074BE8
:10EE9000074A2A210748E0F790F97B681B68184663
:10EEA000EEF70AF800BF0837BD4680BD7C0D0500AF
:10EEB000A40D0500580D050080B588B000AFF860BE
:10EEC000B9607A600023FB61FB68DB68BB61BB69EA
:10EED00088331846FFF7A8FFFB697A68B968B869F4
:10EEE00001F00DFD7861BB6988331846FFF7C4FF58
:10EEF0007B6918462037BD4680BD80B588B000AF1D
:10EF0000F860B9607A600023FB61FB68DB68BB6175
:10EF1000BB6988331846FFF787FFFB697A68B968D1
:10EF2000B86901F017FD7861BB6988331846FFF7AF
:10EF3000A3FF7B6918462037BD4680BD80B58AB0E7
:10EF400002AFF860B9607A603B600023FB61FB6848
:10EF5000DB68BB61BB6988331846FFF765FFFB6957
:10EF60000193BB6A00933B687A68B968B86901F09D
:10EF700019FD7861BB6988331846FFF77DFF7B690F
:10EF800018462037BD4680BD80B588B002AFF86016
:10EF9000B9607A603B60FB68DB687B617B698833C2
:10EFA0001846FFF741FF3B6A00933B687A68B968EF
:10EFB000786901F027FD38617B6988331846FFF7CF
:10EFC0005BFF3B6918461837BD4680BD80B58AB0E7
:10EFD00004AFF860B9607A603B60FB68DB687B6116
:10EFE0007B6988331846FFF71FFFBB6A02937B6A71
:10EFF00001933B6A00933B687A68B968786901F0CD
:10F000002BFD38617B6988331846FFF735FF3B6974
:10F0100018461837BD4680BD80B582B000AF786015
:10F020007868EEF705F800BF0837BD4680BD80B5AB
:10F0300082B000AF78607868FFF7EEFF00BF083756
:10F04000BD4680BD80B584B000AFF860B9607A601D
:10F050007868F0F770FE034601331A467B68B9689A
:10F06000F868FEF77BFF034618461037BD4680BDA3
:10F0700080B584B000AFF860B9607A603B1D0422AF
:10F08000B968F868FEF76AFF034618461037BD46B0
:10F0900080BD80B485B000AF786039603B68FB60AC
:10F0A000FB685A1CFA607A68D2B21A707B68190A37
:10F0B000FB685A1CFA60CAB21A707B68190CFB68AC
:10F0C0005A1CFA60CAB21A707B68190EFB685A1C87
:10F0D000FA60CAB21A7000BF1437BD465DF8047BEF
:10F0E000704780B485B000AF78607B68FB60FB68D8
:10F0F0001B789AB2FB6801331B789BB21B029BB250
:10F1000013439BB218461437BD465DF8047B704725
:10F1100080B483B000AF78607B6818460C37BD467A
:10F120005DF8047B704780B485B000AFF860B960CB
:10F130007A60002318461437BD465DF8047B70479B
:10F1400080B58AB000AFF860B9607A603B60F8685B
:10F15000FFF7DEFF78623B6B796B1846FFF7BAFA70
:10F1600038623B6A002B01D100235AE00421386A3F
:10F17000FFF728FBF861F9693868FFF78AFF00217B
:10F18000386AFEF7BCFEB861BB69002B3CD07B6AD5
:10F190005B6B1A460121386AFFF76AFF0346002BB2
:10F1A00034D10821386AFEF7AAFE78617B69002B0A
:10F1B0002ED0BB681B685B681A460221386AFFF7CD
:10F1C00041FF0346002B25D17A680421386AFFF7F6
:10F1D0004FFF0346002B1DD10521386AFEF78FFE35
:10F1E00038613B69002B17D03B6A0833BA691A6053
:10F1F0003B6A083304337A691A603B6A0833083380
:10F200003A691A603B6A0CE000BF06E000BF04E008
:10F2100000BF02E000BF00E000BF386AFFF707FF51
:10F22000002318462837BD4680BD80B588B000AFA2
:10F23000786039607868FFF76BFFF8613B680833E6
:10F240001B68BB613B68083304331B687B613B6808
:10F25000083308331B683B6139693868FEF76AFE7A
:10F2600079693868FEF766FEB9693868FEF762FEAC
:10F270003B68DB69FB6004213868FFF72DFB034620
:10F28000002B02D16FF015030CE0F868FFF729FF9F
:10F290000346BB60FB69DB6A3A68B968184600F050
:10F2A000B7FF034618462037BD4680BD80B400AF87
:10F2B00000231846BD465DF8047B704780B400AF5C
:10F2C00000BFBD465DF8047B7047000080B485B088
:10F2D00000AF786039607B681B88033323F0030339
:10F2E000FB603B681B681A46FB68D31A1A463B68EA
:10F2F0001A607A68FB68134418461437BD465DF8F7
:10F30000047B704780B483B000AF78607B680433BF
:10F3100018460C37BD465DF8047B704780B483B057
:10F3200000AF78607B681B88043B18460C37BD46ED
:10F330005DF8047B704780B483B000AF78603960BB
:10F340003B68032B0BDD7B681B88032B07D97B688D
:10F350001B881A463B68934201DB012300E000232F
:10F3600018460C37BD465DF8047B704780B584B005
:10F3700000AF786039607868FFF7C4FFF8603868DC
:10F38000F0F7D9FC03461A46F9683868F0F7FFFB36
:10F39000034618461037BD4680BD80B582B000AF29
:10F3A00078607868FFF7AEFF03461B681846083799
:10F3B000BD4680BD80B582B000AF78607868FFF749
:10F3C000A1FF0346B3F9003018460837BD4680BD9B
:10F3D00080B582B000AF78607868FFF793FF03468E
:10F3E000D3E90023104619460837BD4680BD80B5D5
:10F3F00082B000AF78607868FFF784FF03461B682F
:10F4000018460837BD4680BD80B584B000AFF860AF
:10F41000B9607A603B1D0422B968F868FEF79EFD6A
:10F42000034618461037BD4680BD80B582B000AF98
:10F4300078607868FFF766FF03461B881846083730
:10F44000BD4680BD80B584B000AFF860B96013469A
:10F45000FB80BB1D0222B968F868FEF77FFD0346FA
:10F4600018461037BD4680BD80B584B000AFF86047
:10F47000B9601346FB80BB1D0222B968F868FEF72D
:10F480006DFD034618461037BD4680BD80B582B07D
:10F4900000AF78607868FFF735FF03461B781846A1
:10F4A0000837BD4680BD80B584B000AFF860B96054
:10F4B0001346FB71FB1D0122B968F868FEF74EFD8B
:10F4C000034618461037BD4680BD80B586B000AFF4
:10F4D000F860B9607A600221F868FEF710FD786183
:10F4E0007B69002B05D1AB4BAB4A2A21AB48DFF738
:10F4F00064FE7B68002B09D07B68B3F854301A4651
:10F500007B683121F868FEF729FD3861BB68002B64
:10F5100000F08581BB681B781A460121F868FFF767
:10F52000C2FF38613B69002B02D06FF0150382E106
:10F53000BB685B781A460221F868FFF7B4FF3861B0
:10F540003B69002B02D06FF0150374E1BB689B7818
:10F550001A460321F868FFF7A6FF38613B69002BC4
:10F5600002D06FF0150366E1BB68DB781A46042110
:10F57000F868FFF798FF38613B69002B02D06FF005
:10F58000150358E1BB681B78002B0DD1BB689B8825
:10F590001A460621F868FFF755FF38613B69002BD2
:10F5A00002D06FF0150346E1BB689B681A4607213D
:10F5B000F868FFF729FF38613B69002B02D06FF034
:10F5C000150338E1BB68DB681A460821F868FFF7C5
:10F5D0001BFF38613B69002B02D06FF015032AE155
:10F5E000BB685B691A460921F868FFF70DFF3861AF
:10F5F0003B69002B02D06FF015031CE1BB681B694F
:10F600001A460A21F868FFF7FFFE38613B69002BB4
:10F6100002D06FF015030EE1BB681B7E1A460D2168
:10F62000F868FFF740FF38613B69002B02D06FF0AC
:10F63000150300E1BB685B7E1A461421F868FFF7EA
:10F6400032FF38613B69002B02D06FF01503F2E006
:10F65000BB689B7E1A461521F868FFF724FF3861C6
:10F660003B69002B02D06FF01503E4E0BB68DB7E42
:10F670001A461621F868FFF716FF38613B69002B20
:10F6800002D06FF01503D6E0BB681B7F1A46192124
:10F69000F868FFF708FF38613B69002B02D06FF074
:10F6A0001503C8E0BB681D3308222621F868FEF761
:10F6B00055FC38613B69002B02D06FF01503BAE0AE
:10F6C000BB6893F825301A461F21F868FFF7EBFE58
:10F6D00038613B69002B02D06FF01503ABE0BB68CB
:10F6E00093F826301A462021F868FFF7DCFE3861CF
:10F6F0003B69002B02D06FF015039CE0BB6893F8C8
:10F7000027301A462121F868FFF7CDFE38613B69A2
:10F71000002B02D06FF015038DE0BB6893F8283002
:10F720001A462221F868FFF7BEFE38613B69002BBC
:10F7300002D06FF015037EE0BB6893F829301A46BB
:10F740002321F868FFF7AFFE38613B69002B02D038
:10F750006FF015036FE0BB6893F82A301A462B212F
:10F76000F868FFF7A0FE38613B69002B02D06FF00C
:10F77000150360E0BB6893F82B301A462C21F8681B
:10F78000FFF791FE38613B69002B09D06FF015033C
:10F7900051E000BFB40D0500100E0500C40D0500BA
:10F7A000BB6893F82C301A462D21F868FFF77BFED2
:10F7B00038613B69002B02D06FF015033BE0BB685A
:10F7C00093F82D301A462E21F868FFF76CFE386149
:10F7D0003B69002B02D06FF015032CE0BB6893F857
:10F7E0002E301A462F21F868FFF75DFE38613B691D
:10F7F000002B02D06FF015031DE0BB68DB7E012BF0
:10F800000DD1BB681B6B1A463021F868FFF7FCFD71
:10F8100038613B69002B02D06FF015030BE079696A
:10F82000F868FEF787FB38613B69002B02D16FF067
:10F83000150300E0002318461837BD4680BD80B58B
:10F8400086B000AF7860396003217868FEF757FB17
:10F8500038613B69002B02D16FF015033BE00023B8
:10F860007B6127E001217868FEF749FBB860BB683F
:10F87000002B02D16FF015032DE03B687A6933F855
:10F8800012301A4601217868FFF7EEFDF860FB6838
:10F89000002B01D0FB681EE0B9687868FEF74AFBD0
:10F8A000F860FB68002B02D16FF0150313E07B6951
:10F8B00001337B613B681B6A7A699A42D2DB396902
:10F8C0007868FEF737FBF860FB68002B02D16FF019
:10F8D000150300E0002318461837BD4680BD80B5EB
:10F8E00088B002AFF860B9607A603B603B4B1B6840
:10F8F000002B10D0394B1A68384B1B689269DA61BB
:10F90000364B1A68354B1B6892691A62334B1B6879
:10F9100000225A6107E000214FF48060FEF7DAFE12
:10F9200003462E4A13602D4B1B6800211846FEF734
:10F93000E6FA78617B69002B02D16FF0150348E08D
:10F94000264B1B68BA6801211846FFF75DFD386138
:10F950003B69002B01D03B693BE07B68002B02D167
:10F960003B68002B0CD01D4B1B683A687968184621
:10F97000FFF7ABFD38613B69002B10D03B6928E0F5
:10F980003B6A002B0BD0154B1B68396A1846FFF7F2
:10F9900056FF38613B69002B01D03B6919E00F4BE2
:10F9A0001B6879691846FEF7C5FA38613B69002B78
:10F9B00002D16FF015030CE0084B1B689B697A6A53
:10F9C00001920093FB68064A0021064800F048FEB9
:10F9D000034618461837BD4680BD00BF84E10020AD
:10F9E000000E0500080E050080B582B000AF0023B0
:10F9F0007B6000210A4800F0DBFD78607B68002B0B
:10FA000001D07B6807E00023064A0021044800F08B
:10FA1000F7FD78607B6818460837BD4680BD00BF9B
:10FA2000080E0500000E050080B586B002AF7860B4
:10FA30000023BB600023FB6007F108030193002350
:10FA400000930023002279680120FFF748FF034656
:10FA500018461037BD4680BD80B586B002AF7860CD
:10FA600039600023BB603B68FB6007F1080301932A
:10FA7000002300930023002279680220FFF72FFF64
:10FA8000034618461037BD4680BD80B586B002AF2C
:10FA900078600023BB600023FB6007F1080301933B
:10FAA000002300930023002279680320FFF717FF4B
:10FAB000034618461037BD4680BD80B586B002AFFC
:10FAC00078600023BB600023FB6007F1080301930B
:10FAD000002300930023002279680420FFF7FFFE33
:10FAE000034618461037BD4680BD80B586B002AFCC
:10FAF000786039600023BB600023FB6007F10803D6
:10FB000001930023009300233A6879680520FFF7EA
:10FB1000E6FE034618461037BD4680BD80B586B068
:10FB200002AF786039600023BB600023FB6007F1FF
:10FB3000080301933B6800930023002279680620A4
:10FB4000FFF7CDFE034618461037BD4680BD80B591
:10FB500086B002AF786039600023BB600023FB6091
:10FB600007F1080301933B680093002300227968A2
:10FB70000720FFF7B4FE034618461037BD4680BD88
:10FB800080B586B002AF786039600023BB60002387
:10FB9000FB6007F108030193002300933B680022F8
:10FBA00079680520FFF79BFE034618461037BD46CF
:10FBB00080BD80B58CB002AF786039607B68002B67
:10FBC00001D100233FE007F10C0000230093204BFC
:10FBD0007A680421FEF725FD38623B6A002B01D0CC
:10FBE0003B6A30E0002387F827303B69002B06D0C2
:10FBF0003B691846FFF74AFC034687F827303B6805
:10FC000097F827201A70002387F82630BB69002B4D
:10FC100006D0BB691846FFF739FC034687F8263043
:10FC20003B6897F826205A700023BB847B69002B21
:10FC300005D07B691846FFF7BDFB0346BB843B68D4
:10FC4000BA8C5A80002318462837BD4680BD00BFB5
:10FC5000280E050090B5A3B002AFF860B9607A60D5
:10FC60000023BB677B6800221A60FB68002B02D16F
:10FC70006FF0730321E1F868FFF744FBF867F86859
:10FC8000FFF74CFB03467B650AE1BB6F5A1CBA6762
:10FC90001A46742303FB02F3BA6813443B6607F168
:10FCA000100000230093874BFA6F1021FEF7B9FC78
:10FCB000F865FB6D002B01D0FB6DFEE0BB69002BEE
:10FCC00014BF01230023DAB23B6E1A717B6A002B4A
:10FCD00014BF01230023DAB23B6E5A71BB6A002BBA
:10FCE00014BF01230023DAB23B6E9A710023A7F8F8
:10FCF00076307B69002B06D07B691846FFF795FBB1
:10FD00000346A7F876303B6EB7F876201A800023BA
:10FD100087F87530FB69002B06D0FB691846FFF7A2
:10FD2000B5FB034687F875303B6E97F875209A70DF
:10FD3000002387F874303B6A002B06D03B6A1846D4
:10FD4000FFF7A4FB034687F874303B6E97F87420E6
:10FD5000DA7000233B67FB6A002B04D0FB6A18466D
:10FD6000FFF71BFB38673B6E3A6F9A600023A7F8DA
:10FD70006E30FB6B002B06D0FB6B1846FFF755FB74
:10FD80000346A7F86E303B6EB7F86E209A810023C9
:10FD9000A7F86C303B6C002B06D03B6C1846FFF785
:10FDA00044FB0346A7F86C303B6EB7F86C20DA8151
:10FDB000002387F86B30BB6C002B06D0BB6C184659
:10FDC000FFF764FB034687F86B303B6E97F86B20B8
:10FDD0005A74002387F86A307B6C002B06D07B6C4A
:10FDE0001846FFF753FB034687F86A303B6E97F8D7
:10FDF0006A201A7400237B66FB6C002B04D0FB6C1A
:10FE00001846FFF7F4FA78663B6E7A6E1A673B6D18
:10FE1000002B17D03B6DBB65B86DFFF77FFA03462B
:10FE20009AB23B6EA3F86E203B6E03F11A04B86DD4
:10FE3000FFF768FA01463B6EB3F86E301A4620466B
:10FE4000EFF7D4FE3A6B3B6E123319461046FFF7BC
:10FE5000B0FEF865FB6D002B01D0FB6D2DE07A6BD9
:10FE60003B6E123319461046FFF7A3FEF865FB6D93
:10FE7000002B01D0FB6D20E0BA6B3B6E16331946A8
:10FE80001046FFF796FEF865FB6D002B01D0FB6D69
:10FE900013E007F154031946F86FFFF717FAF867F4
:10FEA0007B6D1946F86FFFF746FA0346002B7FF487
:10FEB000ECAE7B68BA6F1A60002318468437BD46E3
:10FEC00090BD00BF780E050080B590B002AF78609D
:10FED00039607B68002B02D16FF015034FE007F10A
:10FEE000080000230093284B7A680521FEF799FB50
:10FEF00038623B6A002B01D03B6A40E0FB68002B74
:10FF000014BF01230023DBB21A463B681A7000239A
:10FF10007B633B69002B04D03B691846FFF767FA07
:10FF200078633B687A6B9A604FF000024FF00003F1
:10FF3000C7E90A237B69002B05D07B691846FFF7C8
:10FF400047FAC7E90A013968D7E90A23C1E9042356
:10FF500000237B62BB69002B04D0BB691846FFF706
:10FF600046FA78623B687A6ADA60F8693B6803F1BE
:10FF70001C013B6818331A46FFF76CFE034618460F
:10FF80003837BD4680BD00BF880F050080B58AB0F8
:10FF900002AF7860396007F1080000230093124B2C
:10FFA0007A680421FEF73DFBF861FB69002B01D064
:10FFB000FB6915E0BB69002B02D0FB68002B02D166
:10FFC0006FF015030CE0FB681846FFF710FA0246C5
:10FFD0003B685A60BB6939681846FFF775FF0346EE
:10FFE00018462037BD4680BDE80F050080B59AB0A1
:10FFF00002AF786039607B68DA6907F1240000237A
:020000040004F6
:100000000093224B0D21FEF70CFBF865FB6D002BD6
:1000100001D0FB6D35E07B6C002B02D16FF0150336
:100020002FE07A6C07F10C0000230093184B052198
:10003000FEF7F7FAF865FB6D002B01D0FB6D20E0B1
:100040007B69002B07D07B6912491846FFF78EF9B0
:100050000346002B02D06FF0150312E0FB69002B62
:1000600006D0FB691846FFF7C2F90346082B02D0F9
:100070006FF0150305E03B6A39681846FFF786FF05
:10008000034618466037BD4680BD00BF38100500E6
:1000900018110500000E050080B582B000AF786031
:1000A0007868ECF7C5FF00BF0837BD4680BD80B556
:1000B00082B000AF78607868FFF7EEFF00BF0837C6
:1000C000BD4680BD80B584B000AF786039607B6884
:1000D000803319460120ECF797FF0346FB60FB686D
:1000E000002B01D100230DE0FB6803F18002FB68C7
:1000F000DA60FB6803F11802FB681A61FB683A6872
:100100001A62FB6818461037BD4680BD80B584B0C2
:1001100000AF78607B68FB60F868FFF7BDFF00BF49
:100120001037BD4680BD80B485B000AF78607B6875
:10013000FB60054AFB681360002318461437BD4670
:100140005DF8047B704700BF88E1002080B483B075
:1001500000AF7860084B1B6800229A62064B1B6850
:100160000022DA62044B00221A6000BF0C37BD4641
:100170005DF8047B704700BF88E1002080B586B041
:1001800000AFF860B9601346FB710B4B1B6824335A
:100190007B617B699B68002B03D1B868FFF787FF01
:1001A00006E07B699B687A691268B96810469847CF
:1001B0001837BD4680BD00BF88E1002080B483B001
:1001C00000AF786000BF0C37BD465DF8047B704718
:1001D00080B586B000AFF860B9601346FB710B4B79
:1001E0001B6824337B617B695B68002B07D07B69CC
:1001F0005B687A691268B9681046984702E0B86887
:10020000FFF755FF00BF1837BD4680BD88E10020CD
:1002100080B586B000AFF860B9607A6000237B617A
:100220000D4B1A68BB680633DB0013443B613B6926
:100230005B68002B03D16FF06E037B6106E03B69C6
:100240005B683A6912687968104698477B69184676
:100250001837BD4680BD00BF88E1002080B582B060
:1002600000AF08F09BFA78607B68002B01D07B68B8
:1002700002E004F051FA034618460837BD4680BD37
:1002800080B500AF04F07AFA08F0E8FA00BF80BD4C
:1002900080B500AF0A4B1B68002B05D1094B0A4AF9
:1002A0009D210A48DEF789FF054B1B681B6A5B68C6
:1002B000034A1268104698470346184680BD00BF9F
:1002C00088E1002078110500C8110500841105009F
:1002D00080B500AF094B1B68002B05D1084B094ABC
:1002E000A3210948DEF769FF044B1B681B6A9B6862
:1002F000024A12681046984700BF80BD88E100207E
:1003000078110500D81105008411050080B586B06C
:1003100000AFF860B9607A600D4B1B68002B05D107
:100320000C4B0D4AAA210D48DEF747FF084B1B680E
:1003300024337B617B69FA681A607B69BA685A600A
:100340007B697A689A6000BF1837BD4680BD00BFE0
:1003500088E1002078110500E411050084110500F2
:1003600080B487B000AFF860B9607A60BB680A2BD0
:1003700002D96FF021030DE0094B1A68BB68063300
:10038000DB0013447B617B697A685A607B69FA6899
:100390001A60002318461C37BD465DF8047B704781
:1003A00088E1002080B582B000AF78600C4B1B68FC
:1003B000002B05D10B4B0C4ABD210C48DEF7FDFE8E
:1003C000074B1B681B6A5B6B054A126810467A680C
:1003D00052B211469847034618460837BD4680BDBD
:1003E00088E1002078110500041205008411050041
:1003F00080B582B000AF78600B4B1B68002B05D135
:100400000A4B0B4AC3210B48DEF7D7FE064B1B688D
:100410001B6A1B69044A12687968104698470346AC
:1004200018460837BD4680BD88E1002078110500D8
:10043000201205008411050080B582B000AF7860FD
:10044000074B1B681B6A9B69054A126810467A684D
:10045000D2B204219847034618460837BD4680BDEE
:1004600088E1002080B588B000AF0346FB800E4BCA
:100470001B68002B05D10D4B0D4ACF210D48DEF72F
:100480009CFEFB883B81084B1B681B6ADB69064AA4
:100490001268104607F108010422984703461846DF
:1004A0002037BD4680BD00BF88E1002078110500DF
:1004B000301205008411050080B588B000AF0346F6
:1004C000FB800E4B1B68002B05D10D4B0D4AD8212C
:1004D0000D48DEF772FEFB887B81084B1B681B6AA8
:1004E000DB69064A1268104607F1080101229847A5
:1004F000034618462037BD4680BD00BF88E1002076
:1005000078110500441205008411050080B588B0FB
:1005100000AFC7E900010F4B1B68002B05D10E4B44
:100520000E4AE1210E48DEF748FED7E90023C7E96D
:100530000423084B1B681B6ADB69064A12681046D5
:1005400007F1080102229847034618462037BD46A6
:1005500080BD00BF88E10020781105005C12050015
:100560008411050080B582B000AF0346FB710C4BCF
:100570001B68002B05D10B4B0B4AE9210B48DEF71A
:100580001CFE074B1B681B6A9B6B054A12681046D2
:10059000FA7911469847034618460837BD4680BD8C
:1005A00088E100207811050078120500841105000B
:1005B00080B582B000AF78603960064B1B683A683E
:1005C00079681846FEF778FC034618460837BD469A
:1005D00080BD00BF88E1002080B582B000AF7860A8
:1005E0003960064B1B683A6879681846FEF785FC47
:1005F000034618460837BD4680BD00BF88E100208D
:1006000080B586B002AFF860B9607A603B60074B96
:100610001B6818463B6800937B68BA68F968FEF768
:100620008DFC034618461037BD4680BD88E100208A
:1006300080B586B002AFF860B9607A603B60074B66
:100640001B6818463B6800937B68BA68F968FEF738
:100650009BFC034618461037BD4680BD88E100204C
:1006600080B588B004AFF860B9607A603B60094B30
:100670001B681846FB690293BB6901933B680093B2
:100680007B68BA68F968FEF7A1FC03461846103784
:10069000BD4680BD88E1002080B400AF024B184603
:1006A000BD465DF8047B7047BC11050080B483B083
:1006B00000AF78607B687A681A607B681A687B682C
:1006C0005A6000BF0C37BD465DF8047B704780B4AC
:1006D00085B000AF786039607B68FB603B68BB60C9
:1006E000BB681A46FB68BFF35B8F1A60BFF35B8F72
:1006F00000BF1437BD465DF8047B704780B483B0FB
:1007000000AF786039607A683B68D31ADB0FDBB2E0
:1007100018460C37BD465DF8047B704780B483B043
:1007200000AF7860396000BF0C37BD465DF8047BD0
:10073000704780B483B000AF7860396000BF0C3779
:10074000BD465DF8047B704780B485B000AFF860AB
:10075000B9607A603B6000BF1437BD465DF8047B2A
:10076000704780B485B000AFF860B9607A6000BFB0
:100770001437BD465DF8047B704780B485B000AF88
:10078000F860B9607A603B6000BF1437BD465DF821
:10079000047B704780B483B000AF7860396000BFDD
:1007A0000C37BD465DF8047B704780B485B000AF60
:1007B000F860B9607A603B6000BF1437BD465DF8F1
:1007C000047B704780B582B000AF7860786808F02D
:1007D000C3FB7B681B6E002B07D07B681B6E184623
:1007E00008F0F8FE7B6800221A6600BF0837BD4695
:1007F00080BD80B582B000AF78607B68002283F84E
:1008000064207B68002283F865207B686833184683
:10081000FFF74CFF7B68703300211846FFF757FF46
:100820007B6800225A6700BF0837BD4680BD80B58F
:1008300082B000AF78607B6868331846FEF7D4F862
:100840007B68703300211846FFF741FF00BF08376F
:10085000BD4680BD80B584B000AF78607B681B6EFC
:10086000002B0BD1002300220F49786800F047F8D5
:10087000F860FB68002B01D0FB6811E07B68012267
:1008800083F890207B689B6F5B6A786898477B68E9
:1008900093F89130002B01D0002301E06FF00403A6
:1008A00018461037BD4680BD9412050080B582B051
:1008B00000AF78607B68002283F890207B689B6F94
:1008C0005B6A7868984700BF0837BD4680BD80B531
:1008D00082B000AF78607B681B6E184608F08EFE11
:1008E00000BF0837BD4680BD80B582B000AF7860DC
:1008F0007868FFF767FF00BF0837BD4680BD80B549
:1009000086B000AFF860B9607A603B60B968F8689B
:10091000FFF704FFFB6893F89130002B02D06FF0D3
:100920000F0313E03B687A68B968F86808F0ECFDDB
:1009300078617B69002B02D16FF0150306E0F8683F
:10094000FFF740FFFB687A691A66002318461837DC
:10095000BD4680BD80B586B000AFF860B9607A60F2
:100960003B60B968F868FFF7E4FEFB681B6E7B61CB
:100970007B69002B09D07B691B685B68B9681846E6
:10098000EFF7B2F90346002B02D06FF0150305E034
:100990003A687968786908F048FE034618461837BF
:1009A000BD4680BD80B588B002AFF860B9607A609E
:1009B0003B603B687A68B968F868FFF7C5FEFB687A
:1009C0001B6E7B617B69002B0CD07B691B685B68AD
:1009D000B9681846EFF788F90346002B02D13B6847
:1009E000002B02D16FF0150308E07B6A00933B6A8D
:1009F0003A687968786908F037FE03461846183770
:100A0000BD4680BD80B586B000AFF860B9607A6041
:100A10003B607A68B968F868FFF7A3FEFB681B6E55
:100A20007B617B69002B09D07B691B685B68B968B7
:100A30001846EFF759F90346002B02D06FF0150363
:100A400006E03B6A3A687968786908F02BFE03464D
:100A500018461837BD4680BD80B588B002AFF86033
:100A6000B9607A603B603B6A00933B687A68B9681A
:100A7000F868FFF782FEFB681B6E7B617B69002BC9
:100A80000CD07B691B685B68B9681846EFF72CF9D6
:100A90000346002B02D13B68002B02D16FF01503F7
:100AA0000AE0BB6A01937B6A00933B6A3A68796803
:100AB000786908F013FE034618461837BD4680BD16
:100AC00080B588B000AF786039607B684C337B615B
:100AD0007B691B683A68D31A3B610023FB767B690C
:100AE0009A687B691B6919460B465B000B449B00A7
:100AF0001344FB6125E07B691B695A1C7B691A6101
:100B00000123FB767B691B691A467B69DB689A4285
:100B10000CD33968786808F036FAF860FB68002B67
:100B200002D06FF05E0319E0012317E07B699A6839
:100B30007B691B6919460B465B000B449B00134401
:100B4000FB61FB699B68002B07D0FB695B683A6916
:100B5000D21AFB699B689A42CDDAFB7E1846203791
:100B6000BD4680BD90B58FB002AF786039607B68BC
:100B70004C337B627B68002283F864203968786894
:100B8000FFF708FE7B6893F86530002B06D0786885
:100B900008F0E2F97B68002283F865207B6ADB6855
:100BA000002B0CD13968786808F0EDF938623B6A9F
:100BB000002B01D000235FE00123BB620AE000BFED
:100BC00039687868FFF77CFFB862BB6A002B01DAEE
:100BD000002351E07B6A9A687B6A1B6919460B46C1
:100BE0005B000B449B001344FB61FB691B68BB610A
:100BF000BB6A002B0ED07B6A1B68FA6952681344EB
:100C00007B6179693868FFF779FD0346002B01D0D5
:100C10007B693B60FB699B683B613B69002B08D0AB
:100C20007B6A1B683A68D31AFA6952689B1AFB629E
:100C300001E00023FB623B690093FB6A3A68B969F3
:100C40007868FFF7B2FDBB691B685C6A3B69FA6AAA
:100C50003968B869A047F860FB68002B0BD1FB6AC4
:100C6000002B08D0FB699B681A463B681A44FB6A54
:100C7000D31A3B60A4E7FB6818463437BD4690BDE5
:100C800080B582B000AF78607B6893F8643083F001
:100C90000103DBB2002B04D07B689B6F5B6A786832
:100CA000984700BF0837BD4680BD80B483B000AF11
:100CB00078607B68012283F8642000BF0C37BD4652
:100CC0005DF8047B704780B582B000AF78607B68C8
:100CD000012283F865207B689B6F5B6A7868984780
:100CE00000BF0837BD4680BD80B582B000AF7860D8
:100CF00039607868ECF79AF9034618460837BD461C
:100D000080BD80B582B000AF78607868ECF790F96C
:100D100000BF0837BD4680BD80B582B000AF7860A7
:100D20007868FFF7EEFF00BF0837BD4680BD80B48E
:100D300083B000AF78607B681B687A689A420CBF0A
:100D400001230023DBB218460C37BD465DF8047B57
:100D5000704780B582B000AF78607868FFF7DCFF3D
:100D600000BF0837BD4680BD80B483B000AF786057
:100D70007B68BFF35B8F53E8002F02F1FF3243E83B
:100D800000210029F7D1BFF35B8F00BF0C37BD46B0
:100D90005DF8047B704780B483B000AF78607B68F7
:100DA00018460C37BD465DF8047B704780B483B0AD
:100DB00000AF78607B6818460C37BD465DF8047B51
:100DC000704780B483B000AF78607B68083B1846FA
:100DD0000C37BD465DF8047B704780B483B000AF2C
:100DE00078607B68103B18460C37BD465DF8047B85
:100DF000704780B586B000AFF860B9607A603B603C
:100E0000F868FFF7EAFF78617B695B681846FFF7CF
:100E1000C2FF38613B69D86A3B6893F832301A46A2
:100E20007968FFF7ABF900BF1837BD4680BD80B5C4
:100E300084B000AF786039607868FFF7CEFFF86063
:100E4000FB685B681846FFF7A6FFB860BB686833AD
:100E50001846FDF7A5FD034618461037BD4680BD70
:100E600080B586B000AFF860B9607A60FB70F86852
:100E7000FFF7B3FF78617B695B681846FFF78BFF6C
:100E80003861FB78012B23D13B695B6F5A1C3B69AE
:100E90005A673B695B6F3A6992F9A420934206DC7A
:100EA0003B69683379681846FDF748FD29E03B69DE
:100EB00000225A673B69DB6A1846FFF77FF97868BA
:100EC000FFF747FF3B6970331846FFF74DFF18E007
:100ED000FB78022B06D13B69683379681846FDF729
:100EE0002DFD0EE03B6900225A673B69DB6A002258
:100EF00079681846FFF76CF93B6970331846FFF7BD
:100F000033FF00BF1837BD4680BD80B483B000AF4B
:100F1000786000BF0C37BD465DF8047B704780B534
:100F200086B000AFF860B9607A603B60F868FFF7A0
:100F300048FF78617B695B681846FFF72CFF3861D2
:100F40003B6968331846FFF7F2FE0346002B01D0D9
:100F5000012200E002227B691A747B69034A5A610C
:100F60007B69103318461837BD4680BDA026002087
:100F700080B584B000AF786000214820FFF7B4FE50
:100F8000F860FB68002B01D1002306E0FB687A685B
:100F90005A60FB68034A9A60FB6818461037BD46E2
:100FA00080BD00BFB026002080B584B000AF78605F
:100FB0007868FFF7FBFEF860F868FFF7A2FE00BF55
:100FC0001037BD4680BD80B588B000AFF860B9600D
:100FD0007A60F868FFF7EAFEF861BB681B6819469B
:100FE000B86808F035F8B861BB69002B14BF01235D
:100FF0000023DBB27B61BB69002B05D01F4B204A6D
:10100000AD212048DEF7D9F87B69002B14BF0123FE
:101010000023DBB2002B01D0BB692AE04FF0FF3286
:101020000021B86808F03BF8B861BB69002B14BF19
:1010300001230023DBB23B61BB69002B05D00F4BC2
:101040000F4AB2210F48DEF7B8F83B69002B14BFF6
:1010500001230023DBB2002B01D0BB6909E0FB694F
:1010600003F1080100230022B86808F078F8B8619D
:10107000BB6918462037BD4680BD00BFA4120500DD
:10108000E8120500AC12050080B500AF024808F078
:1010900085F90346184680BDD826002080B500AFEC
:1010A000024808F01BFA00BF80BD00BFD826002010
:1010B00080B582B000AF786039607868EBF7B6FF32
:1010C000034618460837BD4680BD80B582B000AFE4
:1010D00078607868EBF7ACFF00BF0837BD4680BD8D
:1010E00080B483B000AF78607B6818460C37BD468B
:1010F0005DF8047B704780B584B000AF7860002154
:101100000C20FFF7D5FFF860FB68002B01D100230E
:1011100006E0FB687A685A60FB6800229A60FB6808
:1011200018461037BD4680BD80B584B000AF7860EA
:101130007868FFF7D5FFF860FB689B68002B07D045
:10114000FB685A68FB689B681946104609F004FF63
:10115000F868FFF7BAFF00BF1037BD4680BD80B505
:1011600084B000AF78607868FFF7BAFFF860FB687A
:101170009B68002B07D0FB685A68FB689B68194680
:10118000104609F0FEFE00BF1037BD4680BD80B599
:1011900086B000AFF860B9607A603B60F868FFF72E
:1011A0009FFF7861BB68002B02D06FF001031DE048
:1011B0007B699B68002B07D07B695A687B699B68B9
:1011C0001946104609F0C8FE7B6958683B6A3A68C0
:1011D000796809F05BFE02467B699A607B699B68CF
:1011E000002B02D16FF0150300E0002318461837DA
:1011F000BD4680BD80B588B002AFF860B9607A6046
:101200003B60F868FFF76CFF78617B699B68002B97
:1012100002D16FF001031BE0BB68002B0AD17B6990
:101220009B681B685B6819467868EEF75DFD0346AE
:10123000002B02D06FF015030AE07B6958687B69C8
:1012400099687B6A00933B6A3A6809F0CEFE0346D0
:1012500018461837BD4680BD80B588B000AFF8602D
:10126000B9607A60F868FFF73BFFF861FB699B683B
:10127000002B02D16FF001034AE0BB681B681946DE
:10128000B86807F0E5FEB861BB69002B14BF012305
:101290000023DBB27B61BB69002B05D01E4B1F4ACC
:1012A0008C211F48DDF789FF7B69002B14BF0123C8
:1012B0000023DBB2002B01D0BB6929E04FF0FF32E5
:1012C0000021B86807F0EBFEB861BB69002B14BFC2
:1012D00001230023DBB23B61BB69002B05D00E4B21
:1012E0000E4A91210E48DDF768FF3B69002B14BFC1
:1012F00001230023DBB2002B01D0BB6908E0FB69AE
:10130000996800230022B86807F029FFB861BB691B
:1013100018462037BD4680BD181305005C13050034
:101320002013050080B500AF024808F037F80346E7
:10133000184680BD0C27002080B500AF024808F099
:10134000CDF800BF80BD00BF0C27002080B582B063
:1013500000AF78607868EBF76BFE00BF0837BD46DA
:1013600080BD80B582B000AF78607868FFF7EEFF8F
:1013700000BF0837BD4680BD80B483B000AF786041
:101380007B6818460C37BD465DF8047B704780B417
:1013900083B000AF78607B68083B18460C37BD46C9
:1013A0005DF8047B704780B483B000AF78607B68E1
:1013B000D3F850367A68126A02FB03F318460C37EA
:1013C000BD465DF8047B704780B485B000AF78609F
:1013D00039603B68FB607B68190EFB685A1CFA6039
:1013E000CAB21A707B68190CFB685A1CFA60CAB240
:1013F0001A707B68190AFB685A1CFA60CAB21A7024
:10140000FB685A1CFA607A68D2B21A7000BF1437AF
:10141000BD465DF8047B704780B584B000AF0346DD
:101420003960FB803B6840F2FA2202FB03F31A4A60
:1014300082FB03129211DB17D31AFB81174BB3F90E
:101440000020B7F906301146184609F036FE03466B
:101450001A46B7F90E301946104609F0FFFD03464B
:10146000BB81B7F90C30B3F5006F07DCB7F90C306E
:101470000B4A9342B8BF13461BB201E04FF400631E
:10148000BB81B7F90C30184609F095FE03461846A3
:101490001037BD4680BD00BFD34D6210CC13050090
:1014A00000F8FFFF90B599B000AFF860B9607A60BE
:1014B0003B60BB680C337B650023FB65BB6893F81E
:1014C00038303B6597F87C30002B31D03868BB68EA
:1014D00003F5D56310221946EEF788FB3B6F1B68B6
:1014E0001A463B68083319461046FFF76DFF3B6804
:1014F00003F11000BB6803F5D76310221946EEF71D
:1015000075FB3B6801221A623B6840225A623B68C5
:1015100000229A623B680022DA623B6800221A636A
:101520003B6800225A633B6800229A633B68FB6574
:1015300097F87830002B55D0012387F85B3097F867
:101540007C30002B32D03B6F9A6813469B001344CB
:101550005B0103F5B4531833FA681344FB64FB686A
:1015600058683B6F1A693B6F1B7B1C46796F07F00D
:10157000BAF802460B46F86CE1000144C1E90023C9
:1015800097F85B3043F0040387F85B303B6D032B27
:1015900006D197F85B3043F0300387F85B3005E005
:1015A00097F85B3043F0100387F85B303B6F1969A5
:1015B0007B681A460023136053609360D360136105
:1015C000536193617B6801221A707B687A6F5A605D
:1015D0007B6897F85B201A747B6859617B68FA6DA9
:1015E0009A6149E0012387F85A300023A7F8583060
:1015F00097F87C30002B21D097F85A3043F0040341
:1016000087F85A303B6D032B06D197F85A3043F0D8
:10161000300387F85A3005E097F85A3043F010034A
:1016200087F85A307B6D93F8C935002B02D040F211
:10163000C22301E040F20223A7F858303B6F5B69F8
:10164000D9B27B681A460023136053609360D3605D
:101650001361536193617B687A6F5A607B6897F876
:101660005A201A737B680A465A737B68B7F8582069
:101670001A827B68FA6D9A6100BF6437BD4690BDDF
:1016800080B483B000AF786039603B685B8F03F44F
:101690000073002B01D1002307E03B6893F835303D
:1016A000982B01D8002300E0012318460C37BD46D3
:1016B0005DF8047B704780B590B002AFF860B96008
:1016C0007A603B60FB6803F58E5308331B683B630D
:1016D0003B6B0C33FB62BB689A6813469B00134458
:1016E0005B0103F5B4531833FA681344BB6207F186
:1016F000100300221A605A609A60DA603B68002B7F
:1017000000F0AB803968F868FFF7BAFF034683F052
:101710000103DBB2002B40F0A0803B685B8F03F03D
:101720004003002B14BF0123002387F827303B68B8
:101730005B8F03F00203002B14BF0123002387F803
:10174000263097F82730002B54D03B685B8F03F08E
:101750008003002B14BF0123002387F825303B684A
:101760001B6A7B843B685A6AB7F9223011461846D7
:10177000FFF752FE03463B84FB6A93F8CF351A46C7
:10178000BB685B699A4203D1BB6A24337B630EE07A
:10179000FB6A93F8D0351A46BB685B699A4203D15D
:1017A000BB6A2C337B6302E0BB6A1C337B637B6BBD
:1017B00001229A71BB685B69DAB27B6B5A71B7F927
:1017C0002230184609F068FD03461A467B6B1A80E2
:1017D000B7F92030184609F05FFD03461A467B6BC7
:1017E0005A8097F82530002B04D03B6893F83420BA
:1017F0007B6B1A7197F82630002B0BD0BB681B7BD4
:1018000019463B68D3E90223B86AC9000144C1E91B
:10181000002303E0BB6A012283F83C207B68002B95
:1018200023D007F1100300220192002200927A686F
:10183000B968F86802F073FB0346002B0FD107F17B
:1018400010037A68B968F86802F084FA034683F0F6
:101850000103DBB2002B08D002E000BF00E000BFB4
:10186000BB6A012283F83C2000E000BF3837BD4648
:1018700080BD80B598B004AFF860B9607A603B6015
:10188000BB689A6813469B0013445B0103F5B4538D
:101890001833FA6813443B64FB6803F58E5308332E
:1018A0001B68FB640023BB6207F1180300221A6067
:1018B0005A609A60DA603B68002B00F0BE803B689B
:1018C0005B8F03F00103002B00F0B780FB6C93F8F3
:1018D0000C37002B01D0002301E007F1280307F1AA
:1018E0001802019307F11403009313467A68B9684C
:1018F000F86802F014FB0346002B40F09280BB6AAC
:10190000002B0FD0BA6AFB6803F58E5308331A60B8
:10191000FB6803F58E5308331B68FB64F96CF868A9
:1019200000F009FD07F1100307F118027968F86863
:1019300001F0DCFE034683F00103DBB2002B72D121
:101940007A693B681B68F96CF86804F089FB00232E
:10195000BB6401237B6450E07A6C13465B00134444
:10196000DB0003F58E530833FA6813440433FB633A
:101970007A6C1346DB009B1A9B004033FA681344D1
:10198000BB637A6C13461B019B1A9B0003F5BA6379
:10199000FA68134404337B63FB6B5B68B3F1FF3F6E
:1019A00014BF0123002387F83330FB6B1B7B022B12
:1019B00094BF0123002387F832303B681B68FA6C20
:1019C0009269F96B096801FB02F21344FB62FB6B3D
:1019D0001B68BB6497F83230039397F83330029357
:1019E000FB6A0193FB6B00937B6BBA6BF96CF86835
:1019F000FFF758FD7B6C01337B647A6C3B699A423C
:101A0000AAD33B681A68FB681A61FB6C9B69BA6CC5
:101A1000013202FB03F2FB685A613A69FB689A6182
:101A200010E000BF00E000BF3B681A68FB681A6165
:101A3000FB6C9A69FB685A6100E000BF3B6C0122B5
:101A400083F83C205037BD4680BD80B58CB002AFD6
:101A5000F860B9607A603B60BB689A6813469B0087
:101A600013445B0103F5B4531833FA6813447B62E3
:101A700007F1140300221A605A609A60DA603B682A
:101A8000002B1BD007F114030022019200220092C8
:101A90007A68B968F86802F042FA0346002B0FD161
:101AA00007F114037A68B968F86801F0C9FF0346C2
:101AB00083F00103DBB2002B08D002E000BF00E09E
:101AC00000BF7B6A012283F83C2000E000BF28377A
:101AD000BD4680BD80B58CB002AFF860B9607A6059
:101AE0003B60BB689A6813469B0013445B0103F597
:101AF000B4531833FA6813447B6207F114030022CD
:101B00001A605A609A60DA603B68002B1BD007F1BC
:101B1000140300220192002200927A68B968F868E2
:101B200002F0FDF90346002B0FD107F114037A6888
:101B3000B968F86802F09BF8034683F00103DBB252
:101B4000002B08D002E000BF00E000BF7B6A01224A
:101B500083F83C2000E000BF2837BD4680BD80B53B
:101B600088B000AFF860B9607A603B60F868FFF752
:101B70000EFCF861BA6813465B001344DB0003F502
:101B80008E530833FA6913440433BB61FB6903F5D0
:101B90008E5308331B687B61BB691B7B062B2DD8DA
:101BA00001A252F823F000BFC51B0400C51B0400AE
:101BB000C51B0400D31B0400E11B0400EF1B040041
:101BC0000F1C04003B687A68B969F869FFF773FD78
:101BD0001EE03B687A68B969F869FFF74AFE17E0CA
:101BE0003B687A68B969F869FFF72FFF10E03B6836
:101BF0007A68B969F869FFF76DFF09E001233B6175
:101C00001F4B204A40F289111F48DDF7D6FA00BF6A
:101C10007B68002B02D07868FFF7A3FBBB699A684A
:101C2000F96913469B0013445B010B4403F5B6535B
:101C300014331B78002B1ED07B691B7B002B15D027
:101C4000BB691B7B022B16D8FB6903F502531C33BF
:101C50001B685A1EFB6903F502531C331A60FB69AB
:101C600003F502531C331B68002B04D1BB680133FE
:101C70001A46FB681A6100BF2037BD4680BD00BF11
:101C80008C130500D01305009413050080B588B0AF
:101C900000AF786039607868FFF779FBF8613A68DF
:101CA00013465B001344DB0003F58E530833FA69D7
:101CB00013440433BB61FB6903F58E5308331B687F
:101CC00093F838307B617B69032B05D1BB691B7BA3
:101CD000022B01D800236FE0FB695B6800227F21A3
:101CE000184605F059FE38613B69002B0CBF0123F3
:101CF0000023DBB2FB603B69002B06D1304B314A3D
:101D00004FF4D3713048DDF758FAFB68002B14BF4D
:101D100001230023DBB2002B01D000234CE03A6901
:101D2000B969F86900F0C4FFBB691B7B062B28D892
:101D300001A252F823F000BF551D0400551D0400F8
:101D40009B1D04005F1D04006B1D0400771D040033
:101D50009B1D04003969F86901F0A2FA1EE03A6996
:101D6000B969F86901F048F818E03A69B969F869A1
:101D700001F0C8F812E03A69B969F86901F0AEF902
:101D80000CE03869FFF7EDFA0123BB600F4B0D4AF9
:101D90004FF4DF710C48DDF710FA00BF3A69B969FA
:101DA000F86902F048F80346002B04D03869FFF7C1
:101DB000D8FA002300E03B6918462037BD4680BDB5
:101DC000C4130500E0130500941305008C130500EF
:101DD00080B586B000AFF860B9607A60FB70F868D3
:101DE000FFF7D5FA38617868FFF7BBFAFB78022B6A
:101DF00019D100237B610EE039697A6913469B0093
:101E000013445B010B4403F5B653143301221A70DB
:101E10007B6901337B613B6903F5025318331B680F
:101E20007A699A42E8DB00BF1837BD4680BD80B5AD
:101E300084B000AF78607868FFF7A9FAF860FB68B3
:101E400003F58E5308331B68BB60BB68002B0AD0B8
:101E5000B968F86804F04FF9FB6803F58E5308334E
:101E600000221A6000E000BF1037BD4680BD80B47C
:101E700085B000AF78607B680833FB60FB680022A8
:101E80001A70FB68054A5A60FB680022DA60FB683A
:101E900018461437BD465DF8047B70474027002084
:101EA00080B485B000AF03463960FB71FB791B023B
:101EB00043F48032FB791343FB603B680133FA68DB
:101EC00022FA03F3BB60BB6893FAA3F2B2FA82F280
:101ED000002B01D14FF0FF3201323B6813445A42CC
:101EE00003F0070302F0070258BF534218461437A5
:101EF000BD465DF8047B704780B584B000AF786064
:101F00007B680C33FB60FB6893F8D1257B68D3F8C2
:101F1000583619461046FFF7C3FF02467B68C3F8E0
:101F20005826FB6893F8D235012B16D0022B23D00C
:101F3000FB6893F8CE257B68D3F85C3619461046CB
:101F4000FFF7AEFF02467B68C3F860267B68D3F8D4
:101F500060267B68C3F85C262CE0FB6893F8CF35DD
:101F60001A467B68C3F85C26FB6893F8D0351A469E
:101F70007B68C3F860261DE07B68D3F85C36FA689E
:101F800092F8CF25934207D1FB6893F8D0351A46D3
:101F90007B68C3F85C2606E0FB6893F8CF351A46E9
:101FA0007B68C3F85C267B68D3F85C267B68C3F843
:101FB000602600BF00BF1037BD4680BD80B58CB025
:101FC00000AFF860B9607A60FB685B68184606F09D
:101FD00036FB0346FB85BB681B8A4FF6FF729342B4
:101FE00018D0BB681B8AFA8D9A4213D0BB68198A35
:101FF0007B68183300221A605A609A60DA601A61AE
:102000005A617B680A465A837B6801221A63BB685F
:102010001B8A03E07B6800221A63FB8D1846303769
:10202000BD4680BD90B591B004AF786039603B6823
:1020300003F54373BB610023FB617B6808337B615D
:102040007A6939687868FFF7B9FF03461A467B68F2
:1020500003F5025320331A80BB69D3F8C032012B39
:1020600002D1BB699A8801E04FF6FF727B6803F5E5
:10207000025322331A807B6903221A707B69814ADA
:102080005A603B68D3F840463868FFF78CF902463F
:102090003B689B6903FB02F3E2187B699A607B68EB
:1020A00003F140027B695A613868FFF725FFBB697D
:1020B000D3F8C0321A467B6803F5025318331A600E
:1020C000BB69D3F8C0321A467B6803F502531C3350
:1020D0001A607B6803F5B4531833BB627B6803F561
:1020E000025318331B681A4613469B0013445B01C6
:1020F0001A460021B86AEDF7A2FD7B6803F58E53FE
:102100000C33FB62FB695A1CFA61FA6A1360FB6AC2
:102110004FF0FF325A60FB6A00229A603B68D3F8A6
:102120005826FB6A1A61FB6A03221A73FB6A18338A
:10213000FB62FB695A1CFA61FA6A1360FB6A4FF092
:10214000FF325A60FB6A00229A603B68D3F8582637
:10215000FB6A1A61FB6A00221A73FB6A1833FB627E
:1021600000237B6225E0BA697B6A2C2101FB03F323
:10217000134404331A88BB6A5A87BB6AA033BB6214
:10218000FB695A1CFA61FA6A1360FB6A7A6A5A6040
:10219000FB6A7A6A9A603B68D3F85C26FB6A5A61EC
:1021A000FB6A01221A73FB6A1833FB627B6A0133F4
:1021B0007B627B6803F5025318331B687A6A9A4284
:1021C000D1DBFB695A1CFA61FA6A1360FB6A4FF0B3
:1021D000FF325A60FB6A00229A603B68D3F85826A7
:1021E000FB6A1A61FB6A02221A73FB6A1833FB62EC
:1021F000FB695A1CFA61FA6A1360FB6A4FF0FF32FE
:102200005A60FB6A00229A603B68D3F85826FB6A42
:102210001A61FB6A04221A73FB6A1833FB623B687B
:1022200093F82C30002B23D000237B6218E0FB694D
:102230005A1CFA61FA6A1360FB6A7A6A5A60FB6A8E
:102240007A6A9A603B68D3F85C26FB6A5A61FB6A3B
:1022500005221A73FB6A1833FB627B6A01337B62C7
:102260007B6803F5025318331B687A6A9A42DEDBF7
:10227000FA697B691A617B699B683B6200237B6218
:1022800048E000BF402700207A6A13465B001344F1
:10229000DB0003F58E5308337A6813440433FB6282
:1022A0007A6A1346DB009B1A9B0040337A6813441A
:1022B0003B617A6A13461B019B1A9B0003F5BA63C4
:1022C0007A6813440433FB60FB6A5B68B3F1FF3F39
:1022D0000CBF01230023FB72FB6A1B7B022B94BF04
:1022E00001230023BB72BB7A0393FB7A02933B6A00
:1022F0000193FB6A0093FB683A6939687868FFF7D5
:10230000D1F83B689B691A463B6A13443B627B6A7F
:1023100001337B627B691A697B6A9A42B4D87B6914
:102320009B683A6AD31A1A467B69DA607B69184659
:102330003437BD4690BD90B58FB000AF786039603E
:102340007B6808337B637A6B39687868FFF736FE01
:1023500003461A467B6803F5025320331A803B6814
:102360005A8A7B6803F5025322331A807B6B03225F
:102370001A707B6B374A5A603B68D3F810277B6B27
:102380009A603B68D3F814371A467B6BDA607B6837
:1023900003F140027B6B5A617B6B01221A61386842
:1023A000FFF7AAFD7B6803F5B45318333B63A02203
:1023B0000021386BEDF743FC3B685A8A3B6B5A8728
:1023C0007B6803F50253183301221A607B6803F51A
:1023D0008E530C33FB62FB6A00221A60FB6A4FF0DB
:1023E000FF325A60FB6A00229A603B68D3F85C2691
:1023F000FB6A5A61FB6A03221A737B684033BB6233
:102400007B6B98687B6BDB68002B02D07B6BD96899
:1024100001E04FF0FF31FB6A5B69DCB2BB6A1A4630
:102420000023136053609360D36013615361936121
:10243000BB6A5860BB6A9960BB6A01221A73BB6AA7
:1024400022465A73BB6A01221A827B6B18463C37BC
:10245000BD4690BD4027002080B586B000AFF86033
:10246000B9607A603B60F868FEF786FF78617B6947
:102470005B689B691A46BB6813441946786903F088
:1024800098FD38617B6903F58E5308333A691A6009
:102490003B69002B04D17869FFF7E9FC034604E0AF
:1024A0003969786900F005F8034618461837BD46C3
:1024B00080BD80B582B000AF786039603B681B7B1F
:1024C000012B05D139687868FFF7ACFD034604E0BD
:1024D00039687868FFF72FFF034618460837BD466E
:1024E00080BD90B585B000AFF860B9607A60BB6818
:1024F000D3F84046B868FEF756FF0246BB689B69B2
:1025000003FB02F3E2187B681A60BB681B7B012B9C
:102510000CD1BB68D3F8CC350233BA68926902FBA0
:1025200003F35B001A467B685A6008E0BB689A694F
:1025300013465B0013445B001A467B685A6000BF79
:102540001437BD4690BD00BF80B485B000AF0346D0
:102550003960FB803B68FB60FB881B0A99B2FB6813
:102560005A1CFA60CAB21A70FB685A1CFA60FA88E0
:10257000D2B21A7000BF1437BD465DF8047B7047B5
:1025800080B485B000AF786039603B68FB607B68E1
:10259000190EFB685A1CFA60CAB21A707B68190CD3
:1025A000FB685A1CFA60CAB21A707B68190AFB6889
:1025B0005A1CFA60CAB21A70FB685A1CFA607A6830
:1025C000D2B21A7000BF1437BD465DF8047B704765
:1025D00080B485B000AF78607B68FB60FB68033334
:1025E0001B781A46FB6802331B781B021A43FB68F0
:1025F00001331B781B041A43FB681B781B0613432B
:1026000018461437BD465DF8047B704780B582B02C
:1026100000AF786039603A6800217868EDF70FFB09
:102620007B6800BF0837BD4680BD80B58CB002AF67
:102630007860396007F10C037B623B689B694FF45B
:102640007A7202FB03F27B685B681B68384981FB86
:1026500003018911DB17CB1A92FBF3F33B627B6A10
:102660005A1C7A623A68527B1A707B6A5A1C7A62E8
:102670003A6892F83D201A707B6A5A1C7A623A686E
:10268000927B1A703B68196B7B6A5A1C7A62CAB2D9
:102690001A703B6A9BB2796A1846FFF755FF7B6A4E
:1026A00002337B627B6A5A1C7A623A6892F83C2059
:1026B0001A707B6A5A1C7A623A6892F838201A704B
:1026C0003B68596B7B6A5A1C7A62CAB21A707B6A81
:1026D0005A1C7A623A6892F83A201A707B6A5A1C3D
:1026E0007A623A6892F83B201A707B6A5A1C7A62C6
:1026F0003A6892F839201A707B6A5A1C7A6203226F
:102700001A703B681B68796A1846FFF739FF3B6807
:1027100003F5DB6307F10C02009311231021054838
:10272000FCF79EF9034618462837BD4680BD00BF1A
:10273000D34D62104414050090B58BB002AF7860A1
:1027400039603B6803F5CD63BB613B6893F83D306E
:10275000002B02D06FF05E035BE039687868FFF70A
:1027600064FFF861FB69002B47D13B6803F5CD633B
:1027700010222A491846EDF739FA3B681022C3F8AF
:10278000EC26B869BB69D3F884301C46BB6903F1F9
:102790007001BB692033BA69D2F88420019200939A
:1027A0000B461F4A2146FCF77DF9F861FB69002BB7
:1027B00025D1BB6903F12000BB69D3F884301946E9
:1027C000BB6903F170021023019307F10803009322
:1027D0001346144AFCF766F9F861FB69002B10D127
:1027E00007F108030C331846FFF7F2FE034623F007
:1027F0000042BB69C3F8802004E000BF02E000BFD4
:1028000000E000BF07F1080310211846FFF7FEFEA5
:10281000FB6918462437BD4690BD00BFF413050080
:10282000081405001414050090B595B002AFF860C7
:10283000B9607A60BB6803F5CD633B640023FB633A
:102840003B6C7033191D07F124030C221846EDF779
:10285000CDF907F124030C331946F86BFFF790FE0E
:102860003B6C03F120003B6CD3F88430194607F130
:1028700024021023019307F11403009313463C4AEA
:10288000FCF710F978647B6C002B5BD13B6C403318
:10289000BB63BB683E3308221946B86BEDF7A6F957
:1028A000BB6B0833BB6304220021B86BEDF7C7F99B
:1028B000BB6B0433BB6307F114030C331846FFF7FB
:1028C00087FE034623F000437B63B96B786BFFF709
:1028D00057FE3B6C03F120003B6CD3F884301C4660
:1028E0003B6C503307F124021021019100931346F1
:1028F000204A2146FCF7D6F878647B6C002B23D164
:102900003B6C03F120003B6CD3F884301C463B6CDD
:10291000603307F124021021019100931346164AF7
:102920002146FCF7BFF878647B6C002B0ED13B6C22
:1029300003F188023B6C603319461046FCF741F9FD
:10294000786404E000BF02E000BF00E000BF07F1D0
:10295000240310211846FFF759FE07F11403102134
:102960001846FFF753FE7B6C18464C37BD4690BDAA
:10297000201405002C1405003814050080B485B01F
:1029800000AF786039603B68FB607B68190EFB68BC
:102990005A1CFA60CAB21A707B68190CFB685A1C80
:1029A000FA60CAB21A707B68190AFB685A1CFA608E
:1029B000CAB21A70FB685A1CFA607A68D2B21A70EE
:1029C00000BF1437BD465DF8047B704780B485B006
:1029D00000AF78607B68FB60FB6801331B781A46A8
:1029E000FB681B781B02134318461437BD465DF87D
:1029F000047B704780B584B000AF78607B6803F2D9
:102A0000F463FB60FB680C2200211846EDF717F910
:102A10007B681A68FB680C3319461046FFF7AEFF57
:102A2000F868FCF7E3F9034618461037BD4680BD49
:102A300080B584B000AF78607B6803F2F463FB601C
:102A4000F868FCF7E3F900BF1037BD4680BD80B5DC
:102A500090B000AF786039607B6803F2F463FB6389
:102A60007B68DA697B689B6992FBF3F3BB637B68E5
:102A70001B6ABA6B92FBF3F37B633B68002B01D1BB
:102A8000002329E007F11C030C2200211846EDF772
:102A9000D6F83A6807F11C030C3319461046FFF7C5
:102AA0006DFF07F10C0207F11C031946F86BFCF7E8
:102AB0008BF938633B6B002B0DD107F10C030E3300
:102AC0001846FFF783FF0346FB85FB8D7A6B02FBFD
:102AD00003F31B1400E0002318464037BD4680BDB9
:102AE00080B483B000AF78607B68D3F850367A68E2
:102AF000126A02FB03F318460C37BD465DF8047BEF
:102B0000704790B583B000AF78607B68D3F84846D3
:102B10007868FFF7E5FF0346234418460C37BD46A7
:102B200090BD80B485B000AF03463960FB803B6840
:102B3000FB60FB685A1CFA60FA88D2B21A70FB88F4
:102B40001B0A99B2FB685A1CFA60CAB21A7000BF1D
:102B50001437BD465DF8047B704780B485B000AF84
:102B6000786039603B68FB60FB685A1CFA607A68E1
:102B7000D2B21A707B68190AFB685A1CFA60CAB292
:102B80001A707B68190CFB685A1CFA60CAB21A707A
:102B900000BF1437BD465DF8047B704780B485B034
:102BA00000AF786039603B68FB60FB685A1CFA60D4
:102BB0007A68D2B21A707B68190AFB685A1CFA60EC
:102BC000CAB21A707B68190CFB685A1CFA60CAB248
:102BD0001A707B68190EFB685A1CFA60CAB21A7028
:102BE00000BF1437BD465DF8047B704780B485B0E4
:102BF00000AF78607B68FB60FB681B789AB2FB686B
:102C000001331B789BB21B029BB213439BB2184645
:102C10001437BD465DF8047B704780B485B000AFC3
:102C200078607B68FB60FB681B781A46FB680133A1
:102C30001B781B021A43FB6802331B781B041343E7
:102C400018461437BD465DF8047B704780B485B0E4
:102C500000AF78607B68FB60FB681B781A46FB68F6
:102C600001331B781B021A43FB6802331B781B04D9
:102C70001A43FB6803331B781B06134318461437AB
:102C8000BD465DF8047B704780B584B000AFC7E9EE
:102C90000201C7E90023D7E90023D7E90201ECF7D5
:102CA0003CFE02460B46104619461037BD4680BD15
:102CB00080B588B000AFF860B9607A60FB6803F552
:102CC0008E5308331B687B6142F649137B820521D2
:102CD0007868FBF777FDF8617B8AF9691846FFF79A
:102CE00020FFFB690233FB61FB6803F502532233CB
:102CF0001B88F9691846FFF714FFFB690233FB6173
:102D0000FB6920221A70786804F0ACFE13220021BF
:102D1000786804F0F5FEF861F9691648FFF71DFFC1
:102D2000FB690333FB610023BB6107E0FB695A1CAD
:102D3000FA6108221A70BB690133BB61BB69072BBA
:102D4000F4DD7B691B68F9691846FFF727FFFB690B
:102D50000433FB617869FFF7D4FE0246BB681B6849
:102D60001344F9691846FFF719FF00BF2037BD4625
:102D700080BD00BFFF185A0080B586B000AFF86074
:102D8000B9601346FB71BA680221F86804F012FFBB
:102D900078617B69002B0CBF01230023DBB23B6110
:102DA0007B69002B05D1104B104A76211048DCF7C7
:102DB00004FA3B69002B14BF01230023DBB2002B74
:102DC00001D000230CE079690A48FFF7C6FE7B6951
:102DD00003337B617B695A1C7A61FA791A707B69CB
:102DE00018461837BD4680BD54140500A0140500D0
:102DF0005C140500FF185A0080B58EB000AFF86073
:102E0000B9607A60FB6803F58E5308331B68FB6278
:102E1000FB689B69013BBB62BB6A9B0007330322D3
:102E200019467868FFF7A8FF78637B6B5A1C7A63B2
:102E3000BA6AD2B21A707B6B5A1C7A6300221A707B
:102E40007B6B5A1C7A6300221A7000233B634EE0AE
:102E50003B6B5A1C13465B001344DB0003F58E5397
:102E60000833FA68134404337B627B6A5B68B3F10E
:102E7000FF3F0CBF01230023DBB23B627B6A1B6870
:102E8000FB617B6A5B68B3F1FF3F05D1FB6803F52B
:102E9000025320331B8809E07B6A5B68FA6A2C21A5
:102EA00001FB03F3134403F544731B887B837B6AA4
:102EB0001B7B7B613B6A03F00102FB695B0003F44F
:102EC000FF731A437B8B59020D4B0B401A437B69EE
:102ED0005B0603F0F05313433B61796B3869FFF7EE
:102EE0005DFE7B6B04337B633B6B01333B633A6B6F
:102EF000BB6A9A42ACDB00BF00BF3837BD4680BD1D
:102F000000FEFF0180B596B002AFF860B9607A604C
:102F1000FB6803F58E5308331B683B64BB689A68F3
:102F200013469B0013445B0103F5B4531833FA684E
:102F30001344FB643B6C93F82430FB630123BB63B5
:102F4000FB6803F502531C331B687B63BB6B5B00A0
:102F500003F109017A6B13465B0013445B000B44D9
:102F6000042219467868FFF707FFB864FB6B5BB271
:102F700003F001035AB2BB6B5B005BB203F00203C8
:102F80005BB213435AB27B6B9B005BB2134359B2E3
:102F9000BB6C5A1CBA64CAB21A703B6CD3F8543674
:102FA0009BB2B96C1846FFF7BCFDBB6C0233BB6427
:102FB000FB6CD3E90023C7E90A23FB6CD3E90423A4
:102FC000C7E9082300237B6415E07A6C13469B0055
:102FD00013445B0103F5B4531833FA681344FB64DC
:102FE000FB6C93F83C3083F00103DBB2002B0BD178
:102FF0007B6C01337B64FB6803F5025318331B6859
:103000007A6C9A42E1DB00E000BFFB6CD3E902235B
:10301000C7E90623FB685968D7E90A23CDE90023ED
:10302000D7E90623084605F074FB02460B46134613
:103030007B61B96C7869FFF7B1FDBB6C0433BB648D
:103040003FE07A6C13469B0013445B0103F5B453D5
:103050001833FA681344FB64FB6C93F83C30002B84
:103060002BD13A6C7B6C2C2101FB03F3134403F549
:1030700044731B88B96C1846FFF753FDBB6C0233D1
:10308000BB64FB6CD3E90223C7E90623FB685968DC
:10309000D7E90623CDE90023D7E90823084605F040
:1030A00038FB02460B4613463B61B96C3869FFF7A3
:1030B00075FDBB6C0433BB6400E000BF7B6C013367
:1030C0007B64FB6803F5025318331B687A6C9A42E1
:1030D000B7DB00BF00BF5037BD4680BD80B58AB0AA
:1030E00000AFF860B9607A60FB6803F58E5308336F
:1030F0001B683B623B6A0C33FB61BB689A681346F2
:103100009B0013445B0103F5B4531833FA6813446E
:10311000BB61BB6993F83D30002B06D0FB6993F887
:10312000CA35002B01D0012300E00023FB75FB7D95
:1031300003F00103FB75BB6993F82A30002B06D01E
:10314000FB6993F8CB35002B01D0012300E000236D
:10315000BB75BB7D03F00103BB75BB6993F83230CF
:10316000002B06D0FB6993F8CC35002B01D001234E
:1031700000E000237B757B7D03F001037B75BB6959
:1031800093F82830002B04D1BB6993F83030002B22
:1031900006D0FB6993F8CD35002B01D0012300E068
:1031A00000233B753B7D03F001033B75FB7D9B00DA
:1031B0005A1DBB7D5B001A447B7D5B001A443B7D3E
:1031C000B87D797D014401FB03F3134405221946C0
:1031D0007868FFF7D1FD786297F9173003F00103A3
:1031E0005AB2BB7D5B005BB203F002035BB21343D8
:1031F0005AB27B7D9B005BB203F004035BB21343C6
:103200005AB23B7DDB005BB203F008035BB21343B1
:1032100059B27B6A5A1C7A62CAB21A70FB7D002BC3
:1032200008D0BB699B69796A1846FFF7B7FC7B6ACF
:1032300004337B62BB7D002B15D0BB69B3F926300C
:103240009BB2796A1846FFF76CFC7B6A02337B629B
:103250003B7D002B07D0BB6993F828207B6A1A704E
:103260007B6A01337B627B7D002B15D0BB69B3F990
:103270002E309BB2796A1846FFF753FC7B6A023303
:103280007B623B7D002B07D0BB6993F830207B6AC3
:103290001A707B6A01337B6200BF2837BD4680BD50
:1032A00080B586B000AF786039607B6803F58E53D7
:1032B00008331B687B617B6803F58E5308331B68FA
:1032C0000C333B613B69D3F83036002B41D03B696E
:1032D000D3F8303603331A460221386804F06AFC0A
:1032E000F860FB68002B0CBF01230023DBB2BB603E
:1032F000FB68002B06D11A4B1A4A40F237111A48C4
:10330000DBF75BFFBB68002B14BF01230023DBB29C
:10331000002B20D13B69D3F8D435F9681846FFF764
:103320001CFCFB680333FB603B6903F5BB613B6935
:10333000D3F830361A46F868ECF758FC3B6900229F
:10334000C3F830263B69D3F82C267B69C3F81827CD
:1033500002E000BF00E000BF1837BD4680BD00BFDF
:1033600054140500C01405005C14050080B58AB033
:1033700000AFF860B9607A603B6042F64933FB8386
:10338000002387F82730BB68DB69BB610521B8687B
:10339000FBF7A2FA0346002B13D0B869FFF726FC0F
:1033A00003461A46FB8B93420BD1BB6904331B784F
:1033B0001846FBF798FC034683F00103DBB2002BB1
:1033C00001D000236EE0B868FBF79EFC0346002B9B
:1033D00001D0002366E07968B86804F008FD38621F
:1033E00049E0BB68DB69BB617B689B681946B868CC
:1033F000FBF772FA7B680022DA607B685B68002B5F
:1034000034D17B689B68022B30D9B869FFF705FC83
:103410007861BB690333BB617B69244A934224D141
:1034200097F82730002B01D000233BE07B689B6896
:10343000132B01D0002335E0BB690833BB61B869A9
:10344000FFF704FC02463B6B1A60BB690433BB61A7
:10345000B869FFF7FBFB02463B681A60BB6904339F
:10346000BB61012387F8273000E000BF7968B868A6
:1034700004F0BDFC38623B6A002B06D17B681B78E8
:1034800083F00103DBB2002BABD13B6A002B05DBE1
:1034900097F82730002B01D0012300E0002303F030
:1034A0000103DBB218462837BD4680BDFF185A001D
:1034B000B0B594B000AFF860B9607A603B60FB686B
:1034C00003F58E5308331B683B640023A7F846308E
:1034D000BB685A1CBA601B78FB63FB6B9B0007330D
:1034E0001A467B68934201D20023F9E0BB6801339E
:1034F000BB60BB685A1CBA601B78BB63BB6B002BFC
:1035000001D00023ECE0FB6803F58E530C33FB6421
:10351000FB6C03F11802FA6407F110041D460FCD8D
:103520000FC495E8030084E803000023BB64C4E0F3
:10353000B868FFF78BFB7863BB680433BB607B6BB9
:1035400003F00103002B14BF0123002387F833305D
:103550007B6B5B08DBB2FB627B6B5B0A7B857B6B07
:103560005B0EDBB203F00F0387F829307B6B03F0AF
:103570000053002B14BF0123002387F828303B6938
:10358000FA6A9A4204DD3B6C1B6AFA6A9A4201DBD2
:103590000023A5E097F83330002B09D0FB6803F532
:1035A000025320331B887A8D9A4201D1002397E081
:1035B000FB6A3B6197F82930062B7BD897F83330AC
:1035C000002B07D1FB6803F5025320331B887A8D4B
:1035D0009A426FD197F82930012202FA03F3A7F833
:1035E000443097F82930062B0BD197F8333083F00D
:1035F0000103DBB2002B04D0B7F844305B00A7F81E
:103600004430B7F84420B7F846309A4207D3B7F8A9
:103610004420B7F8463013409BB2002B01D0002362
:103620005EE0B7F84620B7F844301343A7F84630B9
:10363000FB6803F58E530C33A833FA6C9A4201D120
:1036400000234DE097F8333083F00103DBB2002B09
:1036500002D000237B6102E04FF0FF337B61002347
:10366000BB6197F829303B7797F8333083F001033B
:10367000DBB2002B04D03B6CD3F858363B620CE035
:1036800097F82930012B04D93B6CD3F860367B6264
:1036900003E03B6CD3F85C367B62FB6C03F11802F1
:1036A000FA641D4607F110040FCC0FC594E803001F
:1036B00085E80300BB6C0133BB64BA6CFB6B9A42B8
:1036C000FFF636AFFB6803F58E530C33FA6CD31A52
:1036D000DB10054A02FB03F31A463B681A6001231C
:1036E00018465037BD46B0BDABAAAAAA80B58AB06D
:1036F00000AFF860B9607A603B60002387F827303C
:103700007968B86804F073FB38624CE0BB68DB6929
:10371000FB617B689B681946B868FBF7DDF87B683E
:103720005B68022B3AD17B689B68022B36D9F8691B
:10373000FFF773FAB861FB690333FB61BB69244A85
:1037400093422AD17B689B68062B01D800233AE07C
:10375000FB695A1CFA611B7803F00F037B617B69DC
:10376000032B01D000232EE097F82730002B01D047
:10377000002328E07B689A683B68F969F868FFF7DE
:1037800097FE034683F00103DBB2002B01D0002338
:1037900019E0012387F8273000E000BF7968B86896
:1037A00004F025FB38623B6A002BAFD03B6A002B4C
:1037B00005DB97F82730002B01D0012300E0002320
:1037C00003F00103DBB218462837BD4680BD00BFB9
:1037D000FF185A002DE9F04F9FB002AFF861B961B0
:1037E0007A613B61FB6903F58E5308331B687B6686
:1037F000BB699A6813469B0013445B0103F5B453FD
:103800001833FA6913443B667B695A1C7A611B784A
:1038100087F85F3097F85F3003F00103002B14BF87
:103820000123002387F85E3097F85F3003F002032E
:10383000002B14BF0123002387F85D3097F85F3019
:103840009B08DBB2BB6597F85D305B001946BA6D2B
:1038500013465B0013445B000B4409333A699A42F8
:1038600001D20023E7E097F85E30002B08D097F8EC
:103870005D3083F00103DBB2002B01D0012300E0B7
:10388000002303F00103DAB27B6E83F84C2697F82D
:103890005D30002B0BD07869FFF7A8F903467B65F4
:1038A0007B6902337B617B6E7A6DC3F8542678693D
:1038B000FFF7CCF938657B6904337B617B690233A0
:1038C0001846FFF7C3F902463B6D13443B650023DE
:1038D000BB661CE07869FFF789F90346A7F84E300C
:1038E0007B6902337B61FB6903F5025320331B883C
:1038F000B7F84E209A4204D17869FFF7A7F9F86625
:1039000009E07B6904337B61BB6E0133BB66BB6E30
:10391000BA6D9A42DED8BB6EBA6D9A4201D10023CD
:1039200089E03A6DFB6ED31A3B653B6ED3E9002309
:10393000C7E910233B6ED3E90223C7E90E233B6E90
:10394000D3E90423C7E90C23FB695968D7E910239D
:10395000CDE90023D7E90E23084604F0DAFE02463B
:103960000B461346FB62FB695968D7E90E23CDE984
:103970000023D7E90C23084604F0CBFE02460B4691
:103980001346BB623B6D18464FF00001BB6A1A46F6
:103990004FF0000302FB01F500FB03F42E19A0FB1E
:1039A000024573191D46FB6E1A464FF00003F96A73
:1039B00008464FF0000100FB03FC02FB01F66644E1
:1039C000A2FB0023F1180B46A11AB96065EB0303B3
:1039D000FB603B6D18464FF00001BB6A1A464FF082
:1039E000000310EB020A41EB030BFB6E1A464FF08B
:1039F00000031AEB02084BEB0309FB6A1A464FF06F
:103A0000000318EB0201396049EB03037B60D7E93F
:103A10000023D7E90201FFF737F902460B461346A8
:103A20007B627B6A23EAE3723B6E9A613B6E012202
:103A300083F83D20012318467437BD46BDE8F08F5A
:103A400080B58AB000AFF860B9607A603B6000234F
:103A500087F827303968786804F0C9F938624CE093
:103A60007B68DB69FB613B689B6819467868FAF7FD
:103A700033FF3B685B68022B3AD13B689B68022BA3
:103A800036D9F869FFF7C9F8B861FB690333FB6100
:103A9000BB69244A93422AD13B689B68082B01D812
:103AA00000233AE0FB695A1CFA611B7803F00F030C
:103AB0007B617B69042B01D000232EE097F827302F
:103AC000002B01D0002328E03B689B68FA69B968A5
:103AD000F868FFF77FFE034683F00103DBB2002B9B
:103AE00001D0002319E0012387F8273000E000BF50
:103AF0003968786804F07BF938623B6A002BAFD0F4
:103B00003B6A002B05DB97F82730002B01D00123FF
:103B100000E0002303F00103DBB218462837BD465E
:103B200080BD00BFFF185A0080B588B000AFF860B4
:103B3000B9607A603B60BB689A6813469B00134487
:103B40005B0103F5B4531833FA681344FB617B68D7
:103B50005A1C7A601B78FB76FB7E03F00103002B76
:103B600014BF01230023BB76FB7E03F00203002B6E
:103B700014BF012300237B76FB7E03F00403002B9C
:103B800014BF012300233B76FB7E03F00803002BC8
:103B900014BF01230023FB75BB7E9B005A1D7B7E57
:103BA0005B001A443B7E5B001A44FB7D787E397EC5
:103BB000014401FB03F313441A463B68934201D2CC
:103BC000002350E0BB7E002B0DD0FB69012283F85F
:103BD0003D207868FFF73AF803461A46FB699A6178
:103BE0007B6804337B607B7E002B0DD0FB69012258
:103BF00083F83E207868FEF7F9FF03461AB2FB69A6
:103C00009A867B6802337B603B7E002B0FD0FB697A
:103C1000012283F83F207868FEF7E8FF03465B0047
:103C20009BB21AB2FB69DA867B6802337B60FB7D4C
:103C3000002B17D0FB69012283F840207B7E002BEC
:103C400006D07B685A1C7A601A78FB6983F83820A2
:103C50003B7E002B06D07B685A1C7A601A78FB6981
:103C600083F83920012318462037BD4680BD80B532
:103C70008AB000AFF860B9607A603B60002387F8D3
:103C800027303968786804F0B2F838624CE07B6815
:103C9000DB69FB613B689B6819467868FAF71CFE94
:103CA0003B685B68022B3AD13B689B68022B36D994
:103CB000F869FEF7B2FFB861FB690333FB61BB69CA
:103CC000234A93422AD13B689B68042B01D80023E6
:103CD0003AE0FB695A1CFA611B7803F00F037B6121
:103CE0007B69052B01D000232EE097F82730002BAD
:103CF00001D0002328E03B689B68FA69B968F8683E
:103D0000FFF712FF034683F00103DBB2002B01D063
:103D1000002319E0012387F8273000E000BF39684D
:103D2000786804F064F838623B6A002BAFD03B6AD5
:103D3000002B05DB97F82730002B01D0012300E092
:103D4000002303F00103DBB218462837BD4680BDCF
:103D5000FF185A0080B58CB000AFF860B9607A6087
:103D60003B60BB689A6813469B0013445B0103F5F4
:103D7000B4531833FA6813447B62FB6803F58E531F
:103D800008331B680C333B62002387F82F303968F7
:103D9000786804F02CF8B86242E07B68DB69FB616C
:103DA0003B689B6819467868FAF796FD3B685B6844
:103DB000022B30D13B689B68022B2CD9F869FEF7A7
:103DC0002CFFB861FB690333FB613B6AD3F8D43540
:103DD000BA699A421CD13B689B68032B1AD997F8A1
:103DE0002F30002B01D0002321E03B689B68033B70
:103DF0007B617B6A41337A69F9691846EBF7F6FE15
:103E00007A697B6AC3F89820012387F82F3002E093
:103E100000BF00E000BF3968786803F0E8FFB862CF
:103E2000BB6A002BB9D0BB6ADB43DB0FDBB21846A1
:103E30003037BD4680BD80B58AB002AFF860B9604A
:103E40007A60FB6803F58E5308331B68FB61002121
:103E5000786803F01CFEB861BB69DB0FDBB27B61E5
:103E6000BB69002B06DA134B134A40F202311348A8
:103E7000DBF7A3F97B69002B14BF01230023DBB21E
:103E8000002B01D0BB6910E0FB6903F5DE60BA6965
:103E9000FB6803F5025320331988BB681B68009345
:103EA0000B467968FAF7CDFE034618462037BD4623
:103EB00080BD00BF8C140500E01405005C140500F3
:103EC00080B588B002AFF860B9607A603B607B680B
:103ED0005B68B3F1FF3F06D1FB6803F50253223361
:103EE0001B88FB820AE07B685B68BA682C2101FBB7
:103EF00003F3134403F544731B88FB82BB6803F58B
:103F0000DE607B681B681A46FB8A00923A6A396851
:103F1000FAF711FF034618461837BD4680BD80B535
:103F20008CB002AFF860B9607A603B60FB6803F563
:103F30008E5308331B687B627B68DB693B6207F149
:103F4000180207F11403009313463A687968F86879
:103F5000FFF70CFA034683F00103DBB2002B02D01B
:103F60006FF04C0355E07B6B002B25D07B6A1A6801
:103F70007B699A4220D07B6907F113021946F868E1
:103F800001F0DCFC78627B6A002B0ED07B6A1B7B25
:103F9000002B0AD1FB7C83F00103DBB2002B04D1A0
:103FA0007B6A93F80C37002B02D06FF04C0330E0A3
:103FB0007B6B7A6A1A6007E07B6A1A687B699A42AF
:103FC00002D06FF04C0324E03B6B002B06D0BB69A2
:103FD000BA6812689A1A3B6B1A600CE0786AFEF7AE
:103FE00090FD0246BB681B681A44BB699A4202D026
:103FF0006FF04C030DE07B68DA693B6AD31AFB6112
:10400000FB6900937B68BA68796AF868FFF758FF24
:10401000034618462837BD4680BD00BF80B582B034
:1040200000AF786039607868E9F700F80346184611
:104030000837BD4680BD80B582B000AF7860786833
:10404000E8F7F6FF00BF0837BD4680BD80B584B0F5
:1040500000AFC7E90201C7E90023D7E90023D7E988
:104060000201EBF75AFC02460B4610461946103780
:10407000BD4680BD80B582B000AF78607868FFF73C
:10408000DAFF00BF0837BD4680BD80B483B000AF03
:1040900078607B687A685A607B685A687B681A60C7
:1040A00000BF0C37BD465DF8047B704780B584B017
:1040B00000AFF860B9607A603B1D0422B968F86807
:1040C000F9F74CFF034618461037BD4680BD80B552
:1040D00084B000AFF860B9601346FB80BB1D0222BC
:1040E000B968F868F9F73AFF034618461037BD4635
:1040F00080BD80B584B000AFF860B9607A603B1DC8
:104100000422B968F868F9F729FF03461846103702
:10411000BD4680BD80B584B000AFF860B96013467D
:10412000FB80BB1D0222B968F868F9F717FF034648
:1041300018461037BD4680BD80B584B000AFF8602A
:10414000B9601346FB71FB1D0122B968F868F9F7E5
:1041500005FF034618461037BD4680BD80B483B0C6
:1041600000AF78607B6818460C37BD465DF8047B6D
:10417000704780B400AF00231846BD465DF8047B4D
:10418000704780B584B000AF7860002142F2B8007B
:10419000FFF744FFF860FB68002B01D1002314E017
:1041A000FB687A685A60FB680A4A1A60FB6803F584
:1041B000025324331846FFF768FFFB6803F50253E8
:1041C0002C331846FFF761FFFB6818461037BD46D1
:1041D00080BD00BF5027002080B584B000AF78605C
:1041E0007868FFF7BBFFF86042F2B8020021F86878
:1041F000EBF725FDF868E8F71BFF00BF1037BD4659
:1042000080BD80B586B000AF78607868FFF7A6FF04
:10421000F860FB6803F502532C331B68043B7B6199
:104220007B695B68043B3B610DE07B69012283F89D
:1042300064267969F86801F05EFF3B697B617B6900
:104240005B68043B3B617B691A1DFB6803F5025305
:104250002C339A42E9D100BF00BF1837BD4680BD5C
:1042600080B586B000AFF860B9607A603B60F868EE
:10427000FFF774FF7861BB68002B04D0BB68013B7B
:10428000062B0ED805E03968786901F0D1F90346AC
:1042900009E03B687A68B968786901F0D5F90346A6
:1042A00001E06FF0150318461837BD4680BD80B594
:1042B00084B000AFF860B9607A607B685B791A46B9
:1042C0000121B868FFF738FF0346002B21D17B6836
:1042D000B3F902301A460221B868FFF7F8FE034628
:1042E000002B18D17B68B3F900301A460421B86856
:1042F000FFF7EDFE0346002B0FD17B681B791A46B2
:104300000321B868FFF718FF0346002B07D10023ED
:1043100008E000BF04E000BF02E000BF00E000BF13
:104320006FF0790318461037BD4680BDF0B589B0EF
:1043300000AFF860B9607A60FB6803F58E5308330C
:104340001B68FB617B685B8F1A460121B868FFF729
:10435000E1FE0346002B40F007817B6893F83C3078
:104360001A460321B868FFF7E7FE0346002B40F02A
:10437000FB807B6893F83C30002B01D0002310E1D8
:104380007B6893F83D30002B36D07B689B691846DC
:104390004FEAE071854BD3E9002302FB01F500FBF6
:1043A00003F42E19A0FB024573191D46FB685B68D8
:1043B0001B6818464FEAE071FB685B681B691A4688
:1043C0004FEAE27302FB01FC00FB03F66644A0FB2C
:1043D0000223F1180B4620462946FFF737FE024616
:1043E0000B461346BB61BA690721B868FFF75EFE4A
:1043F0000346002B40F0BA807B6893F82230002BF4
:1044000017D00821B868F9F77AFD78617B69002B2D
:1044100000F0AE807B681C331A46B968F868FFF775
:1044200046FF0346002B40F0A5807969B868F9F78C
:1044300081FD7B6893F82A30002B17D00921B868DA
:10444000F9F75DFD78617B69002B00F095807B6852
:1044500024331A46B968F868FFF729FF0346002B92
:1044600040F08C807969B868F9F764FD7B6893F84F
:104470003230002B15D00A21B868F9F740FD786179
:104480007B69002B7CD07B682C331A46B968F868AE
:10449000FFF70DFF0346002B74D17969B868F9F76F
:1044A00049FD7B6893F83E30002B1AD07B68B3F946
:1044B00034301A460B21B868FFF709FE0346002B7B
:1044C00062D17B6893F84030002B0AD07B6893F868
:1044D00038301A460D21B868FFF72EFE0346002B30
:1044E00054D17B6893F83F30002B1AD07B68B3F926
:1044F00036301A460C21B868FFF7E9FD0346002B59
:1045000046D17B6893F84030002B0AD07B6893F843
:1045100039301A460E21B868FFF70EFE0346002B0D
:1045200038D17B68D3F89830002B0BDD7B68D3F84B
:1045300098207B6841331021B868F9F70FFD0346D6
:10454000002B29D1FB69D3F81837002B0AD0FB695F
:10455000D3F818371A460F21B868FFF7CAFD03468B
:10456000002B1BD100231CE000BF18E000BF16E0A9
:1045700000BF14E000BF12E000BF10E000BF0EE07B
:1045800000BF0CE000BF0AE000BF08E000BF06E08B
:1045900000BF04E000BF02E000BF00E000BF6FF01A
:1045A000790318462437BD46F0BD00BF3815050015
:1045B00080B58EB002AFF860B9601346FB71FB683E
:1045C0005868F968BB68D3F80837002201924FF4A5
:1045D000806200920822FAF7B3FDB862BB6A002B32
:1045E00000F09480BB681B681A460121B86AFFF787
:1045F00080FD0346002B7AD10421B86AF9F77FFCCD
:1046000078627B6A002B74D0BB68DA69FB685B68F0
:104610001B68404981FB03018911DB17CB1A92FB10
:10462000F3F33B62BB68D3F844361A460221B86AFA
:10463000FFF75FFD0346002B5DD13B6A1A4604215C
:10464000B86AFFF756FD0346002B54D1BB6893F8B8
:104650006436002B07D000220121B86AFFF76CFDF9
:104660000346002B49D1FB79002B34D00521B86AD1
:10467000F9F745FCF861FB69002B40D00023FB6291
:104680001DE00121B86AF9F73AFCB861FA6A1346ED
:104690009B0013445B0103F5B4531833FA681344C9
:1046A0001A46B96AF868FFF741FE0346002B28D185
:1046B000B969B86AF9F73EFCFB6A0133FB62FB6833
:1046C00003F5025318331B68FA6A9A42D9DBF96979
:1046D000B86AF9F72FFC796AB86AF9F72BFCFB681E
:1046E0005B68B96A1846FAF7A0FD78610FE000BF71
:1046F00008E000BF06E000BF04E000BF02E000BF2A
:1047000000E000BFB86AFFF7B5FC00E000BF30373B
:10471000BD4680BDD34D621080B582B000AFFFF7BB
:1047200028FD78607B68002B14BF01230023DBB2D7
:104730003B607B68002B06D00C4B0D4A40F21711F2
:104740000C48DAF73AFD3B68002B14BF0123002325
:10475000DBB2002B01D07B6803E0074806F0E0FAEB
:10476000034618460837BD4680BD00BF001505004A
:1047700040150500081505005027002080B500AF42
:10478000024806F06DFB00BF80BD00BF502700202F
:1047900080B485B000AF786039607B681B880333D4
:1047A00023F00303FB603B681B681A46FB68D31ABF
:1047B0001A463B681A607A68FB6813441846143737
:1047C000BD465DF8047B704780B483B000AF78606D
:1047D0007B68043318460C37BD465DF8047B704790
:1047E00080B483B000AF78607B681B88043B1846B8
:1047F0000C37BD465DF8047B704780B483B000AFD2
:10480000786039603B68032B0BDD7B681B88032BCA
:1048100007D97B681B881A463B68934201DB01235A
:1048200000E0002318460C37BD465DF8047B704756
:1048300080B582B000AF78607868FFF7C5FF0346A7
:104840001B6818460837BD4680BD80B582B000AFF2
:1048500078607868FFF7B8FF03461B88184608376A
:10486000BD4680BD80B582B000AF78607868FFF744
:10487000ABFF03461B8818460837BD4680BD80B590
:1048800082B000AF78607868FFF79EFF03461B7820
:1048900018460837BD4680BD80B483B000AF78604D
:1048A000396000BF0C37BD465DF8047B704780B5AA
:1048B00086B000AFF860B9607A6007F113031A465A
:1048C000B968F86801F03AF878617B69002B02D08A
:1048D0006FF00F030BE0B968F86800F07BFF7861B8
:1048E0007B69002B02D16FF00B0300E00023184618
:1048F0001837BD4680BD80B58AB000AFF860B9609A
:104900007A6007F11B031A46B968F86801F016F8D7
:1049100078627B6A002B02D16FF001039BE07B6A17
:104920000C331946786AFFF7B7FF796AF86801F027
:1049300035F9034683F00103DBB2002B02D06FF0A0
:10494000150388E07B685A687B6AC3F80827FB7EFA
:1049500083F00103DBB2002B7CD0796AF868FDF7A5
:10496000EBFE38623B6A002B01D03B6A73E0002209
:10497000796AF868FDF758FF38623B6A002B01D06E
:104980003B6A68E0FB685B6807F114021146184651
:1049900003F064FE38623B6A002B01D03B6A5AE0A8
:1049A0007B6A5A69FB685B681B682D4981FB0301C0
:1049B0008911DB17CB1A03FB02F3FB617A69FB69F0
:1049C0001A447B6AC3F840267B6A0022C3F8442657
:1049D0007B6AD3F8E8267B6AC3F848267B6A93F89B
:1049E00024207B6A83F84C267B6A0022C3F8502679
:1049F0007B6A0022C3F854267B6A002283F80C27C6
:104A00007B6A4FF0FF32C3F810277B6A0022C3F89D
:104A10001427786A01F013F97B6A4FF0FF32C3F86C
:104A200058267B6A4FF0FF32C3F85C267B6A4FF052
:104A3000FF32C3F860267B6A1A1DFB6803F5025338
:104A40002C3319461046F9F71CF9FB685B681846C9
:104A500004F023FC002318462837BD4680BD00BF64
:104A6000D34D621080B586B000AFF860B9607A604F
:104A700007F113031A46B968F86800F05FFF786120
:104A80007B69002B02D16FF0010319E0FB7C002B46
:104A900015D07B69012283F86426FB6803F58E53E9
:104AA00008331B687A699A4204D07969F86801F082
:104AB00022FB04E0FB685B68184604F0EEFB002371
:104AC00018461837BD4680BD80B586B000AFF86087
:104AD000B9607A6007F113031A46B968F86800F004
:104AE0002DFF78617B69002B02D16FF001030AE092
:104AF000FB7C002B02D06FF00F0304E07969F868AB
:104B000000F0FCFE002318461837BD4680BD80B477
:104B100085B000AF78600023FB600BE00B4AFB68B8
:104B200052F823307A689A4201D1012308E0FB68E9
:104B30000133FB60064B1B68FA689A42EEDB0023E8
:104B400018461437BD465DF8047B7047C41805004D
:104B5000C8180500B0B5DEB002AF07F10C04206044
:104B600007F108000160391D0A603A46136007F139
:104B7000130207F1080107F10C030968186800F037
:104B8000DDFEC7F86801D7F86831002B02D16FF05D
:104B9000010399E33B1D1B68002B02D16FF0150345
:104BA00092E33B461B681B683A1D07F11400009313
:104BB000144B12683121F9F734FDC7F86401D7F8B6
:104BC0006431002B02D0D7F864317DE307F1130381
:104BD0001B78002B21D00123C7F86C3119E007F1B5
:104BE0001403D7F86C2153F82230002B0CD0D7F8DF
:104BF0006C01FFF78CFF0346002B05D16FF00F030C
:104C000062E300BFA4150500D7F86C310133C7F883
:104C10006C31D7F86C31312BE1DDD7F868310C33CA
:104C2000C7F8603107F114035B68002B0ED007F161
:104C300014035B681846FFF722FE0346C7F85C3191
:104C4000D7F85C31DAB2D7F860311A7007F1140383
:104C5000DB68002B0ED007F11403DB681846FFF762
:104C60000EFE0346C7F85831D7F85831DAB2D7F8F4
:104C700060315A7007F114031B69002B0ED007F145
:104C800014031B691846FFF7FAFD0346C7F85431B1
:104C9000D7F85431DAB2D7F860319A7007F11403BB
:104CA0005B69002B0ED007F114035B691846FFF710
:104CB000CCFD0346C7F85031D7F850319AB2D7F837
:104CC00060319A8007F114039B69002B0ED007F125
:104CD00014039B691846FFF7B8FD0346C7F84C312B
:104CE000D7F84C319AB2D7F86031DA8007F1140363
:104CF000DB69002B0DD007F11403DB691846FFF7C1
:104D000097FD0346C7F84831D7F86031D7F84821F6
:104D10009A6007F114031B6A002B14D007F11403E7
:104D20001B6A1846FFF784FD0346C7F8443107F1B4
:104D30000C031B685B685B69D7F8442102FB03F234
:104D4000D7F86031DA6007F114035B6A002B1AD0E0
:104D500007F114035B6A1846FFF76AFD0346C7F8BC
:104D6000403107F10C031B685B681B68CF4A82FB6C
:104D700003129211DB17D31AD7F8402102FB03F27A
:104D8000D7F860311A6107F114039B6A002B0DD02C
:104D900007F114039B6A1846FFF74AFD0346C7F85C
:104DA0003C31D7F86031D7F83C215A6107F1140340
:104DB0005B6B002B12D007F114035B6B1846FFF7F7
:104DC0005EFD0346C7F83831D7F83831002B14BFE1
:104DD00001230023DAB2D7F860311A7607F1140301
:104DE000DB6B002B0DD007F11403DB6B1846FFF7CC
:104DF00046FD0346C7F83431D7F86031D7F834217F
:104E0000DA6107F114031B6C002B13D007F11403B4
:104E10001B6C1846FFF733FD0346C7F83031D7F84F
:104E20003031002B14BF01230023DAB2D7F86031F0
:104E300083F8202007F114031B6D002B0DD007F120
:104E400014031B6D1846FFF71AFD0346C7F82C31F3
:104E5000D7F86031D7F82C215A6207F114035B6D43
:104E6000002B0DD007F114035B6D1846FFF707FD0B
:104E70000346C7F82831D7F86031D7F828219A625D
:104E800007F114039B6D002B0FD007F114039B6DEA
:104E90001846FFF7F4FC0346C7F82431D7F824314D
:104EA000DAB2D7F8603183F82C2007F114031B6EB7
:104EB000002B0FD007F114031B6E1846FFF7DFFC21
:104EC0000346C7F82031D7F82031DAB2D7F860317D
:104ED00083F82D2007F114035B6E002B0FD007F130
:104EE00014035B6E1846FFF7CAFC0346C7F81C3173
:104EF000D7F81C31DAB2D7F8603183F82E2007F1E9
:104F00001403DB6E002B0FD007F11403DB6E184681
:104F1000FFF7B5FC0346C7F81831D7F81831DAB2F5
:104F2000D7F8603183F82F2007F114035B6F002B53
:104F30000FD007F114035B6F1846FFF7A0FC034680
:104F4000C7F81431D7F81431DAB2D7F8603183F8E2
:104F5000302007F11403DB6F002B0FD007F114038F
:104F6000DB6F1846FFF78BFC0346C7F81031D7F804
:104F70001031DAB2D7F8603183F8CE2507F1140387
:104F8000D3F88030002B10D007F11403D3F8803011
:104F90001846FFF774FC0346C7F80C31D7F80C31FC
:104FA000DAB2D7F8603183F8CF2507F11403D3F8CC
:104FB0008430002B10D007F11403D3F88430184646
:104FC000FFF75DFC0346C7F80831D7F80831DAB2BD
:104FD000D7F8603183F8D02507F11403D3F888306F
:104FE000002B10D007F11403D3F888301846FFF7D0
:104FF00046FC0346C7F80431D7F80431DAB2D7F8D3
:10500000603183F8D12507F11403D3F88C30002BDD
:1050100010D007F11403D3F88C301846FFF72FFC9B
:105020000346C7F80031D7F80031DAB2D7F860315B
:1050300083F8D22507F11403D3F89830002B18D049
:1050400007F11403D3F89830C7F8FC30D7F8603173
:1050500003F13204D7F8FC00FFF7B6FB0546D7F89A
:10506000FC00FFF7BDFB03461A4629462046EAF737
:10507000BDFD07F11403D3F8AC30002B18D007F1B5
:105080001403D3F8AC301846FFF7F9FB0346C7F812
:10509000F830D7F8F830002B14BF01230023DAB220
:1050A000D7F8603183F8C92502E000BFD34D621004
:1050B00007F11403D3F8B030002B14D007F1140318
:1050C000D3F8B0301846FFF7DAFB0346C7F8F430E0
:1050D000D7F8F430002B14BF01230023DAB2D7F83D
:1050E000603183F8CA2507F11403D3F8B430002BDC
:1050F00014D007F11403D3F8B4301846FFF7BFFB00
:105100000346C7F8F030D7F8F030002B14BF012366
:105110000023DAB2D7F8603183F8CB2507F1140306
:10512000D3F8B830002B14D007F11403D3F8B830FB
:105130001846FFF7A4FB0346C7F8EC30D7F8EC306D
:10514000002B14BF01230023DAB2D7F8603183F8B3
:10515000CC2507F11403D3F8BC30002B14D007F191
:105160001403D3F8BC301846FFF789FB0346C7F891
:10517000E830D7F8E830002B14BF01230023DAB25F
:10518000D7F8603183F8CD2507F11403D3F8C03088
:10519000002B0FD007F11403D3F8C0301846FFF7E7
:1051A00047FB0346C7F8E430D7F8E420D7F860316E
:1051B000C3F8D42507F11403D3F8C430002B20D052
:1051C00007F11403D3F8C430C7F8E030D7F8E00093
:1051D000FFF706FBC7F8DC00D7F8603103F5BB64C6
:1051E000D7F8E000FFF7F0FA0146D7F8DC301A46AE
:1051F0002046EAF7FBFCD7F86031D7F8DC20C3F88B
:10520000302607F11403D3F8C430002B08D0D7F8A8
:105210006031D3F82C365A1CD7F86031C3F82C26ED
:10522000D7F8603193F8D235002B05D0002B4ADB3C
:10523000013B012B47D834E0D7F8603193F8CF35E4
:10524000FF2B13D0D7F8603193F8CE355AB2D7F888
:10525000603193F8CF35194601238B405BB213437D
:105260005BB2DAB2D7F8603183F8CE25D7F8603177
:1052700093F8D035FF2B23D0D7F8603193F8CE3593
:105280005AB2D7F8603193F8D035194601238B40D4
:105290005BB213435BB2DAB2D7F8603183F8CE2544
:1052A0000EE0D7F8603193F8CF35FF2B05D0D7F853
:1052B000603193F8D035FF2B04D16FF0150303E074
:1052C00000BF00E000BF0023184607F5B877BD46D1
:1052D000B0BDB0B5ADF5427D02AF07F10C04206062
:1052E00007F108000160391D0A603A461360002387
:1052F000C7F8F0323B461B68002B02D16FF0150354
:105300008EE13B461868FFF75FFAC7F8FC023B46A0
:105310001868FFF765FA024607F114031A60E3E024
:10532000D7F8F0320F2B02DD6FF0150378E1D7F8D4
:1053300010331B6807F118000093BC4BD7F8FC2210
:105340000321F9F76EF9C7F8F802D7F8F832002B05
:1053500002D0D7F8F83263E107F118035B68002B3D
:1053600013D007F118039B68002B0CBF0123002307
:10537000DAB207F11803DB68002B0CBF012300230E
:10538000DBB25340DBB2002B02D06FF0150347E1D4
:1053900007F118035B681846FFF764FA03461846DE
:1053A00007F12802D7F8F0322C2101FB03F3134454
:1053B000043302461A8007F118039B68002B52D071
:1053C00007F108031B68072B02D16FF0150327E1D3
:1053D00007F12802D7F8F0322C2101FB03F3134424
:1053E000283301221A7007F118039B681846FFF74B
:1053F0001FFA014607F12802D7F8F0322C2000FBF3
:1054000003F31344196007F12802D7F8F0322C2176
:1054100001FB03F30833D41807F11803DB681846BF
:10542000FFF7D2F9054607F11803DB681846FFF7C6
:10543000D7F903461A4629462046EAF7D7FB07F173
:105440001803DB681846FFF7CBF9034698B207F15B
:105450002802D7F8F0322C2101FB03F31344063362
:1054600002461A800AE007F12802D7F8F0322C2110
:1054700001FB03F31344283300221A700023C7F8FA
:10548000F4321DE007F12802D7F8F0322C2101FB9D
:1054900003F3134404331A8807F12801D7F8F432D0
:1054A0002C2000FB03F30B4404331B889A4202D1E7
:1054B0006FF01503B4E0D7F8F4320133C7F8F432D3
:1054C000D7F8F422D7F8F0329A42DBDBD7F8F03283
:1054D0000133C7F8F03207F114031946D7F8FC027C
:1054E000FFF756F9C7F8FC0207F114031B681946C9
:1054F000D7F8FC02FFF781F90346002B7FF410AFC9
:10550000D7F8F032002B02D16FF0150388E007F1D5
:105510001302391D07F10C030968186800F00EFA30
:10552000C7F8E802D7F8E832002B02D16FF0010388
:1055300076E0D7F8E83293F8D435002B02D06FF03C
:105540000F036DE007F113031B78002B28D007F140
:1055500008031B68062B11D1D7F8E8329B7B002B80
:105560000CD1D7F8E832D3F8CC35002B03D1D7F8DB
:10557000F032012B02DD6FF0150351E0D7F8E8326D
:1055800003F14802D7F8E83203F543731946104691
:1055900000F01DFAD7F8E8324833C7F8EC3205E0DE
:1055A000D7F8E83203F54373C7F8EC3207F1080384
:1055B0001B68072B11D1D7F8F03207F1280207F149
:1055C0000C0000931346D7F8EC22D7F8E8120068D5
:1055D00000F081FAC7F8F80210E0D7F8F03207F1CE
:1055E000280207F10C0000931346D7F8EC22D7F8F5
:1055F000E812006800F005FAC7F8F802D7F8F832A8
:10560000002B02D0D7F8F8320AE007F113031B7819
:10561000002B04D0D7F8E832012283F8D4250023E8
:10562000184607F54077BD46B0BD00BFCC18050051
:1056300080B483B000AF78603960002318460C371F
:10564000BD465DF8047B704780B58EB002AFF86050
:10565000B9607A603B607B68002B02D16FF0150364
:105660005AE03B681B6807F1140000932C4B7A68E2
:105670000421F8F7D6FFF862FB6A002B01D0FB6A21
:105680004AE0BB69002B02D16FF0150344E0BB690F
:105690001846FFF7CDF8B862BB68013B042B31D840
:1056A00001A252F823F000BFBD560400CB560400FF
:1056B000D9560400E7560400F55604003A68B96A62
:1056C000F868FFF7F4F8034626E03A68B96AF86824
:1056D000FFF711F903461FE03A68B96AF868FFF767
:1056E000C1F9034618E03A68B96AF868FFF7ECF9BF
:1056F000034611E0FA693B68B96AF868FFF72AFACD
:10570000034609E03A6A3B6800931346BA6AB968EF
:10571000F868FFF7DEFD034618463037BD4680BD0A
:105720005415050080B483B000AF78607B681B68B7
:105730007A689A420CBF01230023DBB218460C376B
:10574000BD465DF8047B704780B582B000AF7860DD
:10575000396079680120E7F757FC03461846083797
:10576000BD4680BD80B582B000AF78607868E7F74D
:105770005FFC00BF0837BD4680BD80B483B000AF7A
:1057800078607B68D3F850367A68126A02FB03F3BC
:1057900018460C37BD465DF8047B704780B487B06F
:1057A00000AF7860094B1B687B61094B1B683B614C
:1057B0003A697B69934228BF1346FB60FB68184631
:1057C0001C37BD465DF8047B704700BF0C1905000F
:1057D0001019050080B584B000AF786039600021F1
:1057E00040F21C70FFF7B0FFF860FB68002B01D19E
:1057F00000237DE0FB683A681A60FB6802225A7356
:10580000FB684FF6FF721A82FB684FF6FF725A82EE
:105810007B685B689A697B685B681B68364981FBBB
:1058200003018911DB17CB1A92FBF3F2FB685A6173
:105830007B685B685B694FF4166202FB03F2FB68EE
:105840009A617B685B681B682B4A82FB031292118A
:10585000DB17D31AC82202FB03F2FB68DA61FB688C
:105860001E221A62FB68002283F82420FB68322281
:105870009A62FB68012283F82C20FB68032283F8DC
:105880003820FB68012283F83920FB68022283F864
:105890003A20FB68FF2283F8DB25FB68FF2283F8B0
:1058A000DC25FB68012283F8DD25FB68012283F8F3
:1058B000D525FB68012283F8D625FB681022C3F8A2
:1058C000D025F868FDF796F80346002B0BD1FB684E
:1058D0001A1D7B6803F50253243319461046F8F766
:1058E000A3F9FB6804E000BFF868FFF73BFF002363
:1058F00018461037BD4680BDD34D621080B582B0CA
:1059000000AF786039603868FDF792F83B6804337F
:105910001846F8F7A2F93B6803F5DE631846F9F775
:1059200046FA40F21C7200213868EAF788F93868B4
:10593000E7F77EFB00BF0837BD4680BD80B487B067
:1059400000AFF860B9607A60FB6803F50253243356
:105950001B68043B7B610DE07B691B68BA689A4257
:1059600004D17B6800221A707B692AE07B695B683E
:10597000043B7B617B691A1DFB6803F502532433EA
:105980009A42E9D1FB6803F502532C331B68043BB0
:105990007B610DE07B691B68BA689A4204D17B6821
:1059A00001221A707B690CE07B695B68043B7B61B8
:1059B0007B691A1DFB6803F502532C339A42E9D127
:1059C000002318461C37BD465DF8047B704780B540
:1059D00082B000AF78603960786839683B68D3F886
:1059E000C0322C2202FB03F31A46EAF7FFF83B68A9
:1059F000D3F8C0227B68C3F8C02200BF0837BD4679
:105A000080BDB0B487B000AFF860B9607A603B6029
:105A10007B68D3F8C022BB6A1A44BB68D3F8D03580
:105A20009A4202D96FF0150350E000237B6122E017
:105A300000233B6116E07B692C2202FB03F33A68EA
:105A400013449A8879683B692C2000FB03F30B44CC
:105A500004331B889A4202D16FF0150336E03B698C
:105A600001333B617B68D3F8C0223B699A42E2D89C
:105A70007B6901337B617B69BA6A9A42D8D800237B
:105A80007B611EE07B692C2202FB03F33A68D0188D
:105A90007B68D3F8C032591C7A68C2F8C0127A68A1
:105AA0002C2101FB03F313441C4605460FCD0FC404
:105AB0000FCD0FC495E8070084E807007B69013328
:105AC0007B617B69BA6A9A42DCD8002318461C378E
:105AD000BD46B0BC7047B0B48BB000AFF860B960E1
:105AE0007A603B6000237B6200233B6246E0002338
:105AF000FB767B6A2C2202FB03F37A6813447B61FA
:105B00000023FB610FE07B699A88FB692C2101FB74
:105B100003F339680B449B889A4201D10123FB7639
:105B2000FB690133FB61FA69BB6B9A4205D2FB7ECC
:105B300083F00103DBB2002BE5D1FB7E83F0010390
:105B4000DBB2002B17D03A6A7B6A9A4210D07A688F
:105B50003B6A2C2101FB03F31A447B6914461D4662
:105B60000FCD0FC40FCD0FC495E8070084E80700E0
:105B70003B6A01333B627B6A01337B627B68D3F80B
:105B8000C0327A6A9A42B2D37B683A6AC3F8C022BA
:105B9000002318462C37BD46B0BC704780B584B092
:105BA00000AF786039603B680C33FB60FB689B7822
:105BB000002B06D1FB68D3F8C035012B12D9002386
:105BC00039E0F868FFF7EAFD0246FB68C3F8C42530
:105BD000FB68D3F8C025FB68D3F8C4359A4201D9D5
:105BE000002328E0FB6893F8D235012B05D1FB6830
:105BF0001B78012B01D100231DE0FB68DB68FA68EC
:105C0000526902FB03F3BB60FB68DB68002B0ED01C
:105C1000FB681B69002B0AD0FB685B69002B06D070
:105C2000FB681B69BA689A4201DA012300E000238D
:105C300003F00103DBB218461037BD4680BD80B5C6
:105C400082B000AF78607B6893F84C36002B17D099
:105C50007B68D3F8443619467868FCF7F8FE0246AC
:105C60007B68C3F850267B68D3F844360133194665
:105C70007868FCF7ECFE02467B68C3F854260BE01C
:105C80007B68D3F854267B68C3F850267B6893F86A
:105C900024207B6883F84C2600BF0837BD4680BDB2
:105CA00090B589B000AFF860B9607A60BB68D3F88E
:105CB0004046B868FFF761FD0246BB689B6903FB7D
:105CC00002F3E2187B68D31AFB61FB69002B39DA17
:105CD000BB68DB69BB61BB689B69BA6992FBF3F384
:105CE0007B61BA69FB69D21ABB6992FBF3F33B6132
:105CF000BB68D3F840363A69B96901FB02F21A442D
:105D0000BB68C3F84026BB68D3F844263B691A44F5
:105D1000BB68C3F84426BB68D3F848363A6979694A
:105D200001FB02F21A44BB68C3F848263B69012B09
:105D300005D0BB6893F82420BB6883F84C26B8686C
:105D4000FFF77DFF00BF2437BD4690BD80B58CB006
:105D500000AFF860B9607A603B600023FB6200230B
:105D60007B6200233B62BB6B00221A70FB6803F569
:105D700002532C331B68043BBB6258E0BB6A1B7B9D
:105D8000002B07D1BB6A93F80C3783F00103DBB219
:105D9000002B47D1BB6B01221A70BA68B96AF86848
:105DA000FFF77EFF07F110031A46B96AF868FCF79F
:105DB00098FB3B69FB617B69BB61FB6A002B2AD0C6
:105DC000FA69BB691344FA68526892691A447B6A9B
:105DD000D31A002B1FDDFA697B6AD21A3B6AD31AE9
:105DE000FA68526892699B1A002B1CDABB6A9A6A9D
:105DF000FB6A9B6A9A420EDCBB6A9A6AFB6A9B6AE0
:105E00009A4210D1BB6AD3F81027FB6AD3F8103737
:105E1000D31A002B07DABB6AFB62FB697B62BB69A2
:105E20003B6200E000BFBB6A5B68043BBB62BB6ACD
:105E30001A1DFB6803F502532C339A429ED1FB686E
:105E400003F502532C331B68043BBB623FE0BB6A83
:105E50001B7B002B36D1BB6A93F80C37002B31D15A
:105E6000BA68B96AF868FFF71BFF07F110031A4612
:105E7000B96AF868FCF735FB3B69FB617B69BB617C
:105E8000FB6A002B06D1BB6AFB62BB687B62BB6905
:105E90003B6224E07A6ABB68D21ABB69D31AFA68FB
:105EA000526892699B1A002B0DDBBB6AFB627A6A0F
:105EB000BB68D31AFA68526892699B1A3B62BB6846
:105EC0007B620CE000BFBB6A5B68043BBB62BB6AE1
:105ED0001A1DFB6803F502532C339A42B7D17B6835
:105EE0007A6A1A603B683A6A1A60FB6A1846303769
:105EF000BD4680BD80B588B000AFF860B9607A60FB
:105F0000FB6803F502532C331B68043BFB6143E041
:105F1000FA69BB689A423AD0FB691B7B002B07D118
:105F2000FB6993F80C3783F00103DBB2002B2ED111
:105F300007F110031A46F969F868FCF7D2FA3B69D1
:105F40007A689A4224D9F969F868FCF7B2FA002312
:105F5000BB610EE0F968BA6913469B0013445B010C
:105F60000B4403F5B653143301221A70BB69013395
:105F7000BB61FB6803F5025318331B68BA699A4288
:105F8000E8DB0122F969F868FEF712FB00E000BFC8
:105F9000FB695B68043BFB61FB691A1DFB6803F549
:105FA00002532C339A42B3D100BF00BF2037BD4605
:105FB00080BD80B58AB002AF7860396000237B6114
:105FC00000233B610023FB737B6803F502532C33F2
:105FD0001846FFF7A7FB0346002B01D000233BE048
:105FE00007F1100107F1140207F10F0300930B46AC
:105FF00039687868FFF7AAFEF8617A693B6913444B
:106000007A68526892691344BB61BA69F969786821
:10601000FFF770FF7A69FB69C3F81027FB691B7BE8
:10602000002B14D17B6803F502532C331846F7F785
:1060300038FE0346002B05D1FB7B83F00103DBB266
:10604000002B04D0FB690022C3F8142703E03A694F
:10605000FB69C3F81427FB6918462037BD4680BD8D
:1060600080B489B000AFF860B9607A603B60BB680B
:10607000DA69BB689B6992FBF3F3FB61BB68D3F8F9
:10608000E8367A68D31ABB61BA69FB6992FBF3F30D
:106090007B617B69FA6902FB03F3BA69D31A3B613E
:1060A0007A69BB68C3F84426BB689B693A6902FBFE
:1060B00003F31A463B689A1ABB68C3F840263B694B
:1060C0007A68D21ABB68C3F84826BB681B6A3A696B
:1060D00092FBF3F2BB68C3F85026BB68012283F839
:1060E0000C27BB683A68C3F8102700BF2437BD46A9
:1060F0005DF8047B704780B582B000AF786039608E
:106100007B6803F58E5308331B683A689A420CBFCC
:1061100001230023DBB21A4639687868FEF748FA93
:106120003B6893F8D435002B0CD03B6803F54372E1
:106130003B68483319461046FFF749FC3B6800228C
:1061400083F8D4253B6893F86436002B19D03B685C
:106150001A1D7B6803F50253243319461046F7F7DE
:1061600090FD3B68002283F864263B681022C3F848
:10617000D0253B680022C3F838263B680022C3F8CC
:106180003C2600BF0837BD4680BD00BF80B582B049
:1061900000AF78607B68002B05D10D4B0D4A2221A2
:1061A0000D48D9F70AF87B681B68002B05D1002041
:1061B000E6F752FE02467B681A607B681B684FF068
:1061C000FF311846E6F74CFE00BF0837BD4680BDDC
:1061D0001C190500981A05002419050080B582B025
:1061E00000AF78607B68002B03D07B681B68002BB6
:1061F00005D1074B074A2A210748D8F7DEFF7B68FD
:106200001B681846E6F758FE00BF0837BD4680BD3C
:1062100068190500A41A05002419050080B483B08C
:1062200000AF78607B6818460C37BD465DF8047B8C
:10623000704780B485B000AFF860B9607A6000BF85
:106240001437BD465DF8047B704780B483B000AF5F
:10625000786000BF0C37BD465DF8047B704780B4A2
:1062600083B000AF786000BF0C37BD465DF8047B9B
:10627000704780B483B000AF786000BF0C37BD4674
:106280005DF8047B704780B483B000AF78600B4644
:10629000FB7000BF0C37BD465DF8047B704780B4CF
:1062A00083B000AF786000BF0C37BD465DF8047B5B
:1062B000704780B483B000AF786000BF0C37BD4634
:1062C0005DF8047B704780B483B000AF786000BF96
:1062D0000C37BD465DF8047B704780B584B000AFD5
:1062E000786039607868FFF7B0FF7B681B6B5B6A8A
:1062F0007A68396810469847F8603B681B681A4608
:10630000F9687868FFF795FFFB6818461037BD46B7
:1063100080BD80B584B000AF78607B68104A9A6712
:106320007B689B6F5B68002B0CBF01230023DBB2F3
:10633000FB607B689B6F5B68002B05D1094B0A4AA9
:106340001F210A48D8F739FFFB68002B7B689B6F39
:106350005B687868984700BF1037BD4680BD00BFB6
:10636000B81C050084190500481A0500A419050089
:1063700080B586B000AF78607B68DB6F002B14BF00
:1063800001230023DBB27B617B68DB6F002B05D030
:106390001A4B1B4A25211B48D8F70FFF7B69002B9E
:1063A0007B68D3F88030002B14BF01230023DBB2BD
:1063B0003B617B68D3F88030002B05D0124B104A2C
:1063C00026211048D8F7F9FE3B69002B7B6893F82B
:1063D0009130FB607B6893F8913083F00103DBB26E
:1063E000002B05D1094B064A27210648D8F7E5FEC0
:1063F000FB68002B00BF1837BD4680BDCC190500D7
:10640000601A0500A4190500E4190500FC1905002F
:1064100080B582B000AF786039607B689B6F9B6805
:10642000002B04D07B689B6F9B68786898477B68DB
:106430003A689A677B689B6F5B68002B04D07B6827
:106440009B6F5B687868984700BF0837BD4680BD82
:1064500080B584B000AF786039607B6893F8903085
:1064600083F00103DBB2002B03D0786801F0D2F88F
:1064700052E039687868FAF775FBB860BB68002BA2
:106480000CBF01230023DBB2002B03D0786800F09F
:10649000EEF941E07B68BA68DA677B680022C3F8EE
:1064A0008420BB681B78042B2AD801A252F823F061
:1064B000C5640400D1640400DD640400E9640400E0
:1064C000F5640400786800F041FE0023FB601AE0E8
:1064D000B968786800F05EFFF86014E0B968786821
:1064E00001F0FFF9F8600EE0B968786800F0DCFCB4
:1064F000F86008E0B968786800F0FEFDF86002E036
:106500004FF0FF33FB60FB68002B05D0786800F08C
:106510002EF8786800F0ABF91037BD4680BD80B525
:1065200084B000AF78600023FB600023BB607B6811
:1065300093F89030002B06D007F1080319467868CD
:10654000FFF7CBFEF860FB68002B03D0786800F003
:106550008EF908E07B689B691A46BB6813441946AC
:106560007868FFF775FF00BF1037BD4680BD80B566
:1065700084B000AF78607B68DB6FFB60FB685B68B2
:106580001B68F86898477B680022DA6700BF1037FD
:10659000BD4680BD90B585B000AF78607B68DB6F8D
:1065A000FB60FB68002B2FD07B68D3F88030002B7A
:1065B00024D0FB681B78042B0CBF01230023DBB223
:1065C000BB60FB681B78042B05D1114B114A83215A
:1065D0001148D8F7F2FDBB68002BFB685B68DC68EC
:1065E0007B68D3F8843019467B68D3F88020022377
:1065F000F868A0477B680022C3F880207868FFF71E
:10660000B6FF7B680022DA6700BF1437BD4690BD35
:10661000101A0500781A0500A419050080B582B08B
:1066200000AF78607B689B6FDB69002B05D07B68CF
:106630009B6FDB697868984702E0786800F017F98B
:1066400000BF0837BD4680BD80B584B000AF78601C
:106650007868FFF7E3FDF860FB6888331846FFF7BA
:1066600095FDF868FFF7FBFDFB689B6FDB68002B6F
:1066700005D0FB689B6FDB68F868984702E0F86814
:10668000FFF7CCFFF868FFF71EFEFB68883318465B
:10669000FFF7A4FD00BF1037BD4680BD80B584B0B4
:1066A00000AF78607868FFF7B9FDF860FB68883361
:1066B0001846FFF76BFDF868FFF7DBFDFB689B6F83
:1066C0001B69002B05D0FB689B6F1B69F868984716
:1066D00002E0F868FFF7A2FFF868FFF7F4FDFB6837
:1066E00088331846FFF77AFD00BF1037BD4680BDDE
:1066F00080B584B000AF78600B46FB707868FFF718
:106700008DFDF860FB6888331846FFF73FFDFB7886
:106710001946F868FFF7B7FDFB689B6F5B69002BB4
:1067200007D0FB689B6F5B69FA781146F868984759
:1067300002E0F868FFF772FFF868FFF7C4FDFB6836
:1067400088331846FFF74AFD00BF1037BD4680BDAD
:1067500080B584B000AF78607868FFF75FFDF860BF
:10676000FB6888331846FFF711FDF868FFF797FDBF
:10677000FB689B6F9B69002B05D0FB689B6F9B6937
:10678000F868984702E0F868FFF748FFF868FFF7F5
:106790009AFDFB6888331846FFF720FD00BF1037CD
:1067A000BD4680BD80B584B000AF78607868FFF7E3
:1067B00035FDF860FB6888331846FFF7E7FCF8689A
:1067C000FFF777FDF868FFF729FFF868FFF77BFD13
:1067D000FB6888331846FFF701FD00BF1037BD4640
:1067E00080BD00BF80B483B000AF78607B680122B9
:1067F00083F8922000BF0C37BD465DF8047B7047DC
:1068000080B483B000AF78607B68002283F8922068
:1068100000BF0C37BD465DF8047B704780B483B081
:1068200000AF786000BF0C37BD465DF8047B704751
:1068300080B483B000AF78600B46FB7000BF0C37AC
:10684000BD465DF8047B704780B582B000AF7860CC
:106850007B6893F8903083F00103DBB2002B02D009
:10686000786800F0D7FE00BF0837BD4680BD80B510
:1068700082B000AF78607B6893F8903083F00103BA
:10688000DBB2002B03D0786800F0C4FE03E00449BB
:106890007868FFF7BDFD00BF0837BD4680BD00BF6B
:1068A000BC1A050080B483B000AF7860396000BFC7
:1068B0000C37BD465DF8047B704780B485B000AFEF
:1068C000F860B9607A6000BF1437BD465DF8047B9C
:1068D000704780B485B000AFF860B9607A6000BFDF
:1068E0001437BD465DF8047B704780B485B000AFB7
:1068F000F860B9607A6000BF1437BD465DF8047B6C
:10690000704780B483B000AF786000BF0C37BD46DD
:106910005DF8047B704780B483B000AF7860396065
:1069200000BF0C37BD465DF8047B704780B483B070
:1069300000AF7860396000BF0C37BD465DF8047B5E
:10694000704780B485B000AFF860B9607A6000BF6E
:106950001437BD465DF8047B704790B587B000AF33
:10696000F860B9607A603B603A687968F868FFF768
:10697000B0FFFB681B6B9C68F8683B687A68B96875
:10698000A04778617969F868FFF78CFF7B69184642
:106990001C37BD4690BD80B586B000AFF860B960C9
:1069A0007A607A68B968F868FFF79FFFFB681B6B2D
:1069B000DB68F8687A68B968984778617969F86837
:1069C000FFF770FF7B6918461837BD4680BD80B55C
:1069D00084B000AF78607868FFF793FF7B681B6B2B
:1069E0001B697A6810469847F860F9687868FFF77D
:1069F00059FFFB6818461037BD4680BD80B586B08C
:106A000000AFF860B9607A607968F868FFF783FFD3
:106A1000FB681B6B5B69F8687A68B96898477861AE
:106A20007A687969F868FFF748FF7B691846183774
:106A3000BD4680BD80B584B000AF786039603968EC
:106A40007868FFF773FF7B681B6B5B6C002B08D0CB
:106A50007B681B6B5B6C7A68396810469847F860F6
:106A600002E06FF05E03FB60F9687868FFF71AFFD9
:106A7000FB6818461037BD4680BD80B586B000AFB4
:106A8000F860B9607A607A68B968F868FFF759FF0A
:106A9000FB681B6B9B6CF8687A68B96898477861EB
:106AA0007969F868FFF7FEFE7B6918461837BD461E
:106AB00080BD80B588B000AF786039607B68B3F87E
:106AC000A0303B817B68B3F8A2307B817B68D3E93F
:106AD0002623C7E904233B681A6B07F1080319460C
:106AE0007868FFF7CAFF034618462037BD4680BDC9
:106AF00080B586B000AFF860B9607A607B6801331A
:106B00007B60BB681B697A689A4217D27A68B96859
:106B1000F86800F033F978617B69002B39D0F868A8
:106B2000FFF725FD7B6913F13E0F03D1F868FFF7EE
:106B3000F6FC2EE0F868FFF79AFE2AE0BB681B6BB4
:106B4000002B0ED0B968F868FFF7B3FF78617B6956
:106B5000002B06D0F868FFF70AFDF868FFF787FEFC
:106B600017E0BB68DB68002B0DD0BB689B68BA6878
:106B7000D26813443B61F868FFF7F9FC3969F8689B
:106B8000FFF766FC05E0F868FFF7F1FCF868FFF72F
:106B9000C6FC1837BD4680BD90B599B000AF78608F
:106BA0007B68DB6FFB657B68D3F88430BB65FB6D6E
:106BB0005969BA6D1346DB009B1A9B000B447B6539
:106BC0000023FB6407F10803402200211846E9F77F
:106BD00036F87B6D1B8AA7F8423007F1080207F1EF
:106BE0004C0319467868FFF709FF38653B6D002BA9
:106BF00008D1FB6D5B685C68B96DFA6C07F108033E
:106C0000F86DA0473B6D002B0AD03B6D13F1100FC0
:106C100006D07868FFF7ABFC7868FFF728FE05E040
:106C2000BA6DF96D7868FFF763FF00BF00BF643786
:106C3000BD4690BD90B585B000AF78607B68DB6FD6
:106C4000FB607B68D3F88430BB60FB685B685C6882
:106C5000B96800230022F868A047BA68F968786824
:106C6000FFF746FF00BF1437BD4690BD90B585B015
:106C700000AF78600B46FB707B68DB6FFB607B6866
:106C8000D3F88430BB60FB685B685C68B96800233C
:106C90000022F868A047BA68F9687868FFF728FF0B
:106CA00000BF1437BD4690BD90B587B000AF786087
:106CB0007B68DB6F7B617B68D3F884303B617B69E9
:106CC00059693A691346DB009B1A9B000B44FB6031
:106CD000FB689B68B3F1FF3F21D17868FFF777FE2F
:106CE000B860BB6813F1100F18D07B695B685C68F3
:106CF0000023002239697869A047BB68002B06D0C1
:106D00007868FFF734FC7868FFF7B1FD07E03B696E
:106D10001A4679697868FFF7EBFE00E000BF1C3780
:106D2000BD4690BD90B585B000AF78607B68DB6FE5
:106D3000FB607B68D3F88430BB60FB685B68DC6811
:106D4000B9687B68D3F880200023F868A0477B6887
:106D50000022C3F88020BA68F9687868FFF7C8FE97
:106D600000BF1437BD4690BD80B483B000AF7860DB
:106D700000BF0C37BD465DF8047B704790B589B005
:106D800000AFF860B9607A60FB687A68C3F8842065
:106D9000BB6859697A681346DB009B1A9B000B4459
:106DA000FB61FB691B7883F00103DBB2002B2AD067
:106DB000FB691B7B03F00203002B02D06FF015036D
:106DC00069E0FB699B69002B0BD0FB699B69194645
:106DD000F868FFF72FFE78617B69002B01D07B6993
:106DE00059E0FB69043300221946F868FFF7D3FD28
:106DF00078617B69002B01D07B694CE02849F868F9
:106E0000FFF706FB46E0FB699B68002B02D06FF0A2
:106E1000150340E0BB685B689B687A681146B868F8
:106E20009847B861FB699B69002B13D0FB699B698C
:106E30001946F868FFF7FEFD78617B69002B09D0E1
:106E4000BB685B68DC6879680223BA69B868A047E8
:106E50007B6920E0FB691A1D0023B969F868FFF718
:106E60007CFD78617B69002B09D0BB685B68DC68BE
:106E700079680223BA69B868A0477B690BE0FB68B0
:106E8000BA69C3F88020F868F9F70FFF0549F86878
:106E9000FFF7BEFA002318462437BD4690BD00BF59
:106EA000F01A0500241B050080B586B000AF78609D
:106EB000396001237B613B681B69002B03D03B6871
:106EC0005B69002B1DD16FF0150338E03B685969F1
:106ED0007A691346DB009B1A9B000B44FB60FB683E
:106EE0001B7883F00103DBB2002B07D0FB689B68A3
:106EF000B3F1FF3F02D16FF0150320E07B6901334E
:106F00007B613B681A697B699A42DFD83B681B6BDF
:106F1000002B0ED03B6803F118013B681B6B1A462F
:106F20007868FFF7AAFD38613B69002B01D03B6907
:106F300005E0002239687868FFF720FF034618460D
:106F40001837BD4680BD00BF80B586B000AF786001
:106F500039607B68DB6F7B617B69DB683B617B69E8
:106F60009A683B691344FB603B68002B15D0786836
:106F7000FFF7FDFA3B68012B03D07868FFF777FC39
:106F80000CE03B69002B04D0F9687868FFF760FAE1
:106F900004E07868FFF7C3FA00E000BF1837BD4689
:106FA00080BD80B584B000AF78607B68DB6FBB606C
:106FB000BB685B689B68002B06D0BB685B689B68FE
:106FC000B8689847F86002E06FF05E03FB60F9680C
:106FD0007868FFF7B9FF00BF1037BD4680BD80B5A8
:106FE00084B000AF78607B68DB6FBB60BB685B68B8
:106FF000DB68002B06D0BB685B68DB68B868984725
:10700000F86002E06FF05E03FB60F9687868FFF7F4
:107010009BFF00BF1037BD4680BD80B584B000AF78
:1070200078600B46FB707B68DB6FBB60BB685B689E
:107030001B69002B08D0BB685B681B69FA78114696
:10704000B8689847F86002E06FF05E03FB60F9688B
:107050007868FFF779FF00BF1037BD4680BD80B567
:1070600084B000AF78607B68DB6FFB60FB685B68B7
:107070005B69F8689847B860B9687868FFF764FF9B
:1070800000BF1037BD4680BD80B584B000AF7860CA
:107090007B68DB6FBB60BB685B689B69002B06D0BD
:1070A000BB685B689B69B8689847F86002E06FF05E
:1070B0005E03FB60F9687868FFF746FF00BF103792
:1070C000BD4680BD80B584B000AF78607B68DB6F63
:1070D000FB60FB685B68DB69002B09D0FB685B68C1
:1070E000DB69F8689847B860B9687868FFF72CFFE3
:1070F00000BF1037BD4680BD80B582B000AF78605C
:1071000039600A497868FFF783F93B685B685B6818
:10711000002B06D03B685B685B683868984703467D
:1071200000E0002318460837BD4680BD541B05000B
:1071300080B582B000AF78607868FFF718FA786899
:10714000FFF7EDF900BF0837BD4680BD80B582B0BE
:1071500000AF786003497868FFF75AF900BF083735
:10716000BD4680BD841B050080B483B000AF78604D
:10717000396000BF0C37BD465DF8047B704780B4B2
:1071800085B000AFF860B9607A6000BF1437BD46C3
:107190005DF8047B704780B485B000AFF860B960DB
:1071A0007A6000BF1437BD465DF8047B704780B439
:1071B00083B000AF786000BF0C37BD465DF8047B3C
:1071C000704780B483B000AF7860396000BF0C377F
:1071D000BD465DF8047B704780B586B000AFF860AF
:1071E000B9607A607A68B968F868FFF7D4FFFB681D
:1071F0001B6BDB68F8687A68B968984778617969C9
:10720000F868FFF7B1FF7B6918461837BD4680BDA7
:1072100080B584B000AF78607868FFF7C8FF7B68FE
:107220001B6B1B697A6810469847F860F9687868A4
:10723000FFF79AFFFB6818461037BD4680BD80B542
:1072400086B000AFF860B9607A607968F868FFF7D7
:10725000B8FFFB681B6B5B69F8687A68B968984788
:1072600078617A687969F868FFF789FF7B69184661
:107270001837BD4680BD80B582B000AF78607868B1
:10728000FFF775F97868FFF74AF900BF0837BD4680
:1072900080BD80B483B000AF786000BF0C37BD46BE
:1072A0005DF8047B704790B597B000AF78607B685D
:1072B000DB6F7B650023FB6407F10803402200219C
:1072C0001846E8F7BCFC0423A7F8423007F108028F
:1072D00007F14C0319467868FFF7B1FF38653B6D3D
:1072E000002B13D17B6D5B685C68FA6C07F10803B7
:1072F0000021786DA047B7F8423003F48063002B7B
:1073000004D00C497868FFF783F810E07868FFF73D
:107310002EF93B6D002B07D03B6D13F1100F03D0FE
:107320007868FFF7A4FA02E07868FFF7F8F85C37AE
:10733000BD4690BDBC1B050080B582B000AF786033
:107340000B46FB707868FFF712F97868FFF7E7F8EB
:1073500000BF0837BD4680BD80B584B000AF7860FF
:107360007868FFF755FFF860FB6813F1100F0DD038
:107370007868FFF7FCF8FB68002B03D07868FFF70C
:1073800076FA04E07868FFF7CAF800E000BF10372B
:10739000BD4680BD80B586B000AF7860396007F12A
:1073A000080300221A605A609A604FF0FF33FB60B6
:1073B00002233B7407F10803002219467868FFF79F
:1073C0000BFF78617B69002B01D07B6904E00449E5
:1073D0007868FFF71DF8002318461837BD4680BDB2
:1073E000E81B050080B582B000AF78607B685B6801
:1073F000002B05D1074B084A40210848D7F7DDFE8E
:107400007B685B681846E5F7CBFD00BF0837BD46D3
:1074100080BD00BF101C0500E01C0500201C0500FD
:1074200080B485B000AF786039607B68FB603B68F2
:10743000BB60BB681A46FB68BFF35B8F1A60BFF383
:107440005B8F00BF1437BD465DF8047B704780B486
:1074500083B000AF7860396000BF0C37BD465DF87F
:10746000047B704780B483B000AF786000BF0C37F6
:10747000BD465DF8047B704780B483B000AF786090
:1074800000BF0C37BD465DF8047B704780B483B005
:1074900000AF786000BF0C37BD465DF8047B7047D5
:1074A00080B584B000AF78607868FFF7E5FF7B684F
:1074B0001B6B1B687A6810469847F860F968786813
:1074C000FFF7C5FFFB6818461037BD4680BD80B585
:1074D00082B000AF78607868FFF7D8FF7B681B6BDD
:1074E0005B687A68104698477868FFF7BBFF00BF73
:1074F0000837BD4680BD80B582B000AF786078683F
:10750000F9F7E5F97B68002283F891207B686833FE
:107510001846F7F769FA7B68703300211846FFF7C1
:107520007FFF7B6844331846FFF75CFF00BF0837D6
:10753000BD4680BD80B483B000AF78607B68012217
:1075400083F8912000BF0C37BD465DF8047B70477F
:1075500080B584B000AF78600123FB60024B034A22
:107560002B210348D7F729FE641C0500E81C050001
:107570006C1C050080B582B000AF78600B46FB70D4
:107580007868FFF7E5FF00BF0837BD4680BD80B5CE
:1075900084B000AF78607B6893F89030002B2FD0D8
:1075A0007868FFF77DFFF860FB68002B12D17868E0
:1075B000FEF7B5FF7B6893F89230002B20D000BF18
:1075C0007B68002283F890207B689B6F5B6A7868F9
:1075D000984700E000BF7B6893F89130BB607B6800
:1075E00093F8913083F00103DBB2002B05D1064BF9
:1075F000064A4B210648D7F7E0FDBB68002B00E0A8
:1076000000BF1037BD4680BD9C1C0500081D05004D
:107610006C1C050080B582B000AF78607868FFF719
:1076200056FF7868FEF7B6FF786801F095FC0449CC
:107630007868FEF7EDFE00BF0837BD4680BD00BF8D
:10764000B81C050080B582B000AF78607868E5F7B7
:10765000EFFC00BF0837BD4680BD80B582B000AFEB
:1076600078607868FFF7EEFF00BF0837BD4680BD41
:1076700080B582B000AF78607868FFF7EEFF00BF9A
:107680000837BD4680BD80B483B000AF78603960F4
:1076900000BF0C37BD465DF8047B704780B485B0F1
:1076A00000AFF860B9607A6000BF1437BD465DF87E
:1076B000047B704780B485B000AFF860B9607A6031
:1076C00000BF1437BD465DF8047B704780B483B0BB
:1076D00000AF7860396000BF0C37BD465DF8047BB1
:1076E000704790B587B000AFF860B9607A603B60D2
:1076F0003A687968F868FFF7DDFFFB681B6B9C68E8
:10770000F8683B687A68B968A04778617969F86871
:10771000FFF7B9FF7B6918461C37BD4690BD80B5A1
:1077200086B000AFF860B9607A607968F868FFF7F2
:10773000CDFFFB681B6B5B69F8687A68B96898478E
:1077400078617A687969F868FFF7A8FF7B6918465D
:107750001837BD4680BD90B585B000AF78607B68B6
:10776000DB6FFB60FB685B68DC687B68D3F88020BC
:1077700000230021F868A0477B680022C3F880201E
:107780007868FEF7F4FE7868FEF7C9FE00BF14378C
:10779000BD4690BD80B483B000AF786000BF0C37A9
:1077A000BD465DF8047B704790B597B000AF786038
:1077B0007B68DB6F7B650023FB6407F108034022D5
:1077C00000211846E8F73BFA0423A7F8423007F1F6
:1077D000080207F14C0319467868FFF7A0FF3865E7
:1077E0003B6D002B36D1FB6CDB691B7803F0070384
:1077F000022B16D1FB6CDB6902331A787B68D3F855
:107800008030DB6902331B789A420AD17B6D5B685A
:10781000DC687B68D3F8802000230021786DA047C6
:1078200009E07B6D5B68DC687B68D3F8802001230E
:107830000021786DA047FB6C1846FFF719FF7B68A5
:107840000022C3F880207868FEF791FE7868FEF782
:1078500066FE02E07868FFF70AF800BF5C37BD46B5
:1078600090BD90B585B000AF78607B68DB6FFB6042
:10787000FB685B68DC687B68D3F88020012300210B
:10788000F868A0477B680022C3F880207868FEF77C
:107890006EFE7868FEF743FE00BF1437BD4690BD0C
:1078A00080B582B000AF78600B46FB707868FFF758
:1078B000D8FF00BF0837BD4680BD80B483B000AF9D
:1078C000786000BF0C37BD465DF8047B704780B41C
:1078D00083B000AF786000BF0C37BD465DF8047B15
:1078E000704790B58BB000AF786039603B685B68DB
:1078F0009B6800213868984778627B6ADB691B784F
:1079000003F0200387F8233007F1080300221A60F0
:107910005A609A60DA601A6197F82330002B06D01B
:107920007B685A6813465B0013449B0000E0002309
:10793000FB6007F108020023796A7868FFF7D1FE3F
:10794000F861FB69002B09D03B685B68DC680223A7
:107950007A6A00213868A047FB6914E07B687A6A7C
:10796000C3F880207868F9F7A0F997F82330002B46
:1079700004D007497868FEF74BFD03E005497868B5
:10798000FEF746FD002318462C37BD4690BD00BFCC
:10799000681D0500381D050080B588B000AFF8608F
:1079A000B9607A60FB685B6A1B68FB610223BB619C
:1079B000FA69BB681A44BB69134479681846F6F73C
:1079C00089FE78617B69002B01D1002304E0F9690D
:1079D0007869F6F7BDFE7B6918462037BD4680BD45
:1079E00080B485B000AF03463960FB803B68FB6024
:1079F000FB685A1CFA60FA88D2B21A70FB881B0A1C
:107A000099B2FB685A1CFA60CAB21A7000BF1437E8
:107A1000BD465DF8047B704780B485B000AF7860E8
:107A20007B68FB60FB681B789AB2FB6801331B78AC
:107A30009BB21B029BB213439BB218461437BD4640
:107A40005DF8047B704780B483B000AF78607B68DA
:107A50005A6A7B681B6AD31A18460C37BD465DF814
:107A6000047B704780B485B000AF78607B680833D2
:107A7000FB60FB6800221A707B685B699AB2FB6846
:107A80009A8000BF1437BD465DF8047B704780B50F
:107A900084B000AF78600B46FB707B680833BB6036
:107AA000FB78002B26D00023FB73BB681B78012BCF
:107AB0000BD100227F21786800F022F80346002BCA
:107AC0000CBF01230023FB730EE0BB681B78012B66
:107AD0000AD900220F21786800F06CF80346002BC9
:107AE0000CBF01230023FB73FB7B002B02D06FF044
:107AF000680301E0BB689B8818461037BD4680BD0F
:107B000080B588B000AFF860B9607A60FB68083370
:107B1000FB617B687F2B8CBF01230023DBB2002B32
:107B200001D0002342E0F868FFF78DFF03461A46B4
:107B30007B6802339A4234BF01230023DBB2002B5F
:107B400001D0002332E0FB691B78002B0AD1FB68CF
:107B5000DB6901331A78FB68DB69013342F002020A
:107B6000D2B21A70FB6901221A707B681BB203F053
:107B70007F031AB2BB68DB011BB203F4FF431BB2E5
:107B800013431BB27B837B6802331946F868F6F710
:107B900019FE78617B8B79691846FFF721FFFB6836
:107BA0005B699AB2FB699A807B6902331846203779
:107BB000BD4680BD80B588B000AFF860B9607A601E
:107BC000FB680833BB610023FB77BB691B78012B83
:107BD00001D80123FB777B6840F2FF7293428CBF90
:107BE00001230023DBB2002B01D0002350E0F86812
:107BF000FFF729FF03461946FB7F002B01D0042223
:107C000000E002227B681344994234BF0123002321
:107C1000DBB2002B01D000233AE0BB691B78002BBC
:107C20000AD1FB68DB6901331A78FB68DB69013331
:107C300042F00202D2B21A70FB7F002B04D0002265
:107C40007E21F868FFF75CFFBB6902221A707B682F
:107C50001BB2C3F30A031AB2BB68DB021BB203F404
:107C6000F0431BB213431BB26FEA43436FEA534323
:107C70001BB2FB827B6802331946F868F6F7A2FD57
:107C80003861FB8A39691846FFF7AAFE3B6902335F
:107C900018462037BD4680BD80B58AB000AFF86079
:107CA000B9607A60FB680833FB61BB680F2B1FDC8F
:107CB0007B6840F2FF7293428CBF01230023DBB24A
:107CC000002B01D000238EE07B681BB2C3F30A03B4
:107CD0001AB2BB68DB021BB203F4F0431BB21343BE
:107CE0001BB26FEA43436FEA53431BB2FB8416E0B7
:107CF0007B68FF2B8CBF01230023DBB2002B01D05C
:107D0000002370E07B681BB2DBB21AB2BB681B02B7
:107D10001BB203F4FE431BB213431BB2FB84FB698B
:107D20001B78032B1DD07B6802331A460121F868AB
:107D3000FFF740FF38623B6A002B0CBF0123002392
:107D4000DBB2002B01D000234DE0FB6903221A7047
:107D50003B6A9A1EFB68DB69D31A9AB2FB695A80A8
:107D60003AE0FB68DB69FA6952881344BB61B86981
:107D7000FFF752FE0346FB82FB8AC3F30A033B6113
:107D80003A697B68134402333B613B6940F2FF72FE
:107D90009342CCBF01230023DBB2002B01D0002390
:107DA00021E0B7F9163023F4FF6323F007031AB27A
:107DB0003B691BB2C3F30A031BB213431BB2FB8222
:107DC000FB8AB9691846FFF70BFE7B680233194638
:107DD000F868F6F7F7FC3862FB8C396A1846FFF74B
:107DE000FFFD3B6A023318462837BD4680BD80B58B
:107DF00084B000AF786039600023FB737B685B69F7
:107E0000012B1BD83B68DB68002B02D06FF01503F9
:107E1000ACE07B685B69002B02D06FF04C03A5E0FF
:107E20003B6801221A703B6800225A703B680022AE
:107E30005A603B6800229A60012397E07B68DB6907
:107E40001846FFF7E9FD0346BB8102217868F6F783
:107E500043FD3B68DB68002B2FD03B6803225A7040
:107E6000B7F90C30002B0BDABB89DB1203F00F02E1
:107E70003B685A60BB89C3F30A023B689A6009E019
:107E8000BB891B1203F07F023B685A60BB89DAB2E0
:107E90003B689A603B68DA683B689B6802339A42A9
:107EA00002D26FF04C0361E03B68DA683B689B6884
:107EB000D31A9A1E3B68DA6057E0B7F90C30DB43FF
:107EC0009BB2DB0BFB723B681B7883F00103DBB2D8
:107ED000FA7A9A4202D06FF04C0347E0FB7A002B0B
:107EE0001DD03B6801225A70BB89DB11DAB23B68B6
:107EF0005A60BB8903F07F023B689A603B685B680D
:107F00007E2B02D13B6801221A703B685B687F2B95
:107F100022D13B6801221A700123FB731CE03B68ED
:107F200002225A70BB89DB1203F00F023B685A60D1
:107F3000BB89C3F30A023B689A603B685B680F2BFE
:107F400002D10123FB7307E03B685B68012B03D17F
:107F50003B689A683B68DA607B685A693B689B6853
:107F60009A4202D26FF04C0300E0FB7B18461037B8
:107F7000BD4680BD80B485B000AF78607B68BFF33C
:107F80005B8F53E8002F02F1010143E80010002845
:107F9000F7D1BFF35B8FFA60FB680133FB60FB68CE
:107FA00018461437BD465DF8047B704780B483B033
:107FB00000AF78607B68BFF35B8F53E8002F02F15E
:107FC000FF3243E800210029F7D1BFF35B8F00BFE8
:107FD0000C37BD465DF8047B704780B582B000AFBA
:107FE00078600020E4F738FF02467B681A6000BF23
:107FF0000837BD4680BD80B582B000AF78607B6831
:10800000002B05D10D4B0E4A22210E48D7F7D5F88B
:108010007B681B68002B05D10020E4F71DFF02469A
:108020007B681A607B681B684FF0FF311846E4F7E5
:1080300017FF00BF0837BD4680BD00BF901D05007B
:108040008C1F0500981D050080B582B000AF7860D8
:108050007B68002B03D07B681B68002B05D1074B86
:10806000074A2A210748D7F7A8F87B681B681846F3
:10807000E4F722FF00BF0837BD4680BDDC1D0500C8
:10808000981F0500981D050080B582B000AF78608C
:108090007B68002B03D07B681B68002B05D1074B46
:1080A000074A30210748D7F788F87B681B681846CD
:1080B000E4F72AFF00BF0837BD4680BDDC1D050080
:1080C000F81F0500981D050080B483B000AF7860EC
:1080D0007B681B7818460C37BD465DF8047B7047FB
:1080E00080B582B000AF78607B685B68002B05D0FC
:1080F0000C4B0D4A31210D48D7F75FF801210020C4
:10810000E4F70EFF02467B685A607B685B680021DB
:108110001846E4F719FF7B6800221A7000BF083781
:10812000BD4680BDF81D0500C01F0500081E0500E6
:1081300080B582B000AF78607B685B68002B05D1AA
:10814000074B084A3A210848D7F737F87B685B683D
:108150001846E4F74DFF00BF0837BD4680BD00BF9D
:108160004C1E050008200500081E050080B582B0E1
:1081700000AF786039607B68002B05D1064B074A59
:108180001F210748D7F719F87B683A681A6000BFC3
:108190000837BD4680BD00BF5C1E0500D41F05002A
:1081A000601E050080B483B000AF78607B6818461D
:1081B0000C37BD465DF8047B704780B483B000AFD8
:1081C00078607B688C3B18460C37BD465DF8047BB5
:1081D000704780B485B000AFF860B9607A6000BFC6
:1081E0001437BD465DF8047B704780B483B000AFA0
:1081F000786000BF0C37BD465DF8047B704780B5E2
:1082000084B000AF786039607868FFF7EEFF7B6874
:108210001B6B5B6A7A68396810469847F8603B6860
:108220001B681A46F9687868FFF7D3FFFB681846A1
:108230001037BD4680BD80B582B000AF7860396030
:108240007B681B6B9B6A7A683968104698470246C0
:108250000B46104619460837BD4680BD80B584B030
:1082600000AFF860C7E90023FB681B6BD96AF868A8
:10827000D7E900238847034618461037BD4680BD1E
:1082800080B584B000AFF860B9607A60FB681B6BA2
:108290001B6BF8687A68B968984702460B46104627
:1082A00019461037BD4680BD80B586B002AFF86074
:1082B000C7E90023FB681B6B596BF868D7E90623F5
:1082C000CDE90023D7E90023884702460B46104634
:1082D00019461037BD4680BD80B584B000AF7860C8
:1082E0007868FFF76AFFF860FB6888331846FFF785
:1082F00082FEFB6893F89130002B02D0F868F8F703
:10830000BFFCFB6888331846FFF79EFE00BF10379E
:10831000BD4680BD80B588B000AF786039603B68ED
:10832000002B1BD03B681B68002B17D03B685B6899
:10833000002B13D03B689B68002B0FD03B68DB6899
:10834000002B0BD03B681B69002B07D03B685B6997
:10835000002B03D03B689B69002B01D1012300E077
:108360000023FB613B68002B1BD03B681B68002B84
:1083700017D03B685B68002B13D03B689B68002BD1
:108380000FD03B68DB68002B0BD03B681B69002BD0
:1083900007D03B685B69002B03D03B689B69002BCF
:1083A00005D1334B334A41213348D6F706FFFB69E9
:1083B000002B14BF01230023DBB2002B01D00023CC
:1083C00051E07B68C033BB612C49B869F7F77AFE8E
:1083D00078617B69002B01D1002344E02848FFF736
:1083E000C9FD38613B69002B07DA2548FFF7DEFD40
:1083F0007869F7F78BFE002335E07B69DB68FB606B
:10840000FB687A69DA62FB687A695A62FB6803F191
:10841000C002FB689A62FB683A681A633B695A1E9D
:10842000FB685A63FB6844331846FFF759FEFB6844
:1084300088331846FFF7D1FDFB688C331149184685
:10844000FFF794FEFB6888331846FFF7D4FDF86801
:10845000F8F7CFF9F868FDF75CFFFB68883318463A
:10846000FFF7F2FDFB6818462037BD4680BD00BF10
:10847000A81E0500A81F0500381F05006021050083
:1084800090E10020D982040080B584B000AF78600C
:108490007868FFF787FEF860FB6888331846FFF7B7
:1084A000AAFDF868FDF764FFF868F8F7C0F9FB6803
:1084B00088331846FFF7C8FDFB6888331846FFF776
:1084C000E3FDFB6844331846FFF7FEFD0346002B2F
:1084D00014BF01230023DBB2BB60FB6844331846A2
:1084E000FFF7F2FD0346002B05D00B4B0B4A6F2123
:1084F0000B48D6F762FEBB68002BFB684433184676
:10850000FFF716FEFB68DB6A1846F7F7FFFD00BFB2
:108510001037BD4680BD00BF641F0500E01F050089
:10852000381F050080B584B000AF78607868FFF729
:1085300039FEF8607B685B6A5A687B685B6A42F068
:1085400008025A60FB68DB6A1846F7F7ECFDB86072
:10855000BB68002B01D0BB681EE0FB68DB6A1B69AF
:10856000D3E90023F968C1E92623FB684FF6FF72BF
:10857000A3F8A020FB684FF6FF72A3F8A2200848DA
:10858000FFF739FDFB683C3306491846F5F74CFB0D
:108590000348FFF759FD002318461037BD4680BD3C
:1085A0008CE100207827002080B584B000AF78608F
:1085B0007868FFF7F7FDF8601048FFF71CFDFB68CF
:1085C0003C331846F5F749FB0C48FFF73DFDFB68C7
:1085D000DB6A1846F7F7BAFDFB6888331846FFF7E1
:1085E0000AFDF868F8F780F9FB6888331846FFF74A
:1085F0002BFD00BF1037BD4680BD00BF8CE10020C1
:1086000080B584B000AF78607868FFF7CBFDF86084
:10861000FB68D3E92623104619461037BD4680BDB6
:1086200080B584B000AF78607868FFF7BBFDF86074
:10863000FB68B3F8A03018461037BD4680BD80B542
:1086400084B000AF78607868FFF7ACFDF860FB6835
:10865000B3F8A23018461037BD4680BD80B584B04F
:1086600000AF786039607868FFF79CFDF860FB68C0
:1086700093F8913083F00103DBB2002B02D06FF04E
:10868000720304E03968F868FFF7B9FD034618463D
:108690001037BD4680BD80B584B000AF78603960CA
:1086A0007868FFF77FFDF8603968F868FFF7C3FD69
:1086B00002460B46104619461037BD4680BD80B5B0
:1086C00086B000AFF860C7E90023F868FFF76AFDDD
:1086D0007861D7E900237869FFF7C0FD03461846A3
:1086E0001837BD4680BD80B586B000AFF860B96070
:1086F0007A60F868FFF756FD78617A68B96878693A
:10870000FFF7BEFD02460B46104619461837BD4618
:1087100080BD80B588B002AFF860C7E90023F86873
:10872000FFF740FD7861D7E90823CDE90023D7E9B9
:1087300000237869FFF7B8FD02460B46104619463C
:108740001837BD4680BD80B584B000AF7860002387
:10875000FB601048FFF74FFC0F4B1B683C3BBB60B6
:108760000BE0BB685B6B7A689A4202DCBB68FB601B
:1087700008E0BB68DB6B3C3BBB60BB683C33064A34
:108780009342EED10348FFF75FFCFB6818461037B1
:10879000BD4680BD8CE100207827002080B584B0E4
:1087A00000AFF6F783FDF860FB68002B01D0FB6893
:1087B0004AE0F8F769FCF860FB68002B14BF01235E
:1087C0000023DBB2BB60FB68002B06D0204B214AA4
:1087D00040F203112048D6F7F0FCBB68002B14BF11
:1087E00001230023DBB2002B01D0FB682CE002F058
:1087F00021FAF860FB68002B14BF01230023DBB2D1
:108800007B60FB68002B06D0114B124A40F2051129
:108810001148D6F7D2FC7B68002BF8F783FDF8608F
:10882000FB68002B14BF01230023DBB23B60FB6815
:10883000002B06D0064B074A40F207110648D6F730
:10884000BCFC3B68002BFB6818461037BD4680BD5A
:10885000841F050020200500381F050080B500AFEB
:10886000F8F76AFD02F0F4F9F8F718FCF6F726FDC0
:1088700000BF80BD80B582B000AF78607B68002B00
:1088800005D10D4B0D4A22210D48D6F796FC7B6889
:108890001B68002B05D10020E4F7DEFA02467B6856
:1088A0001A607B681B684FF0FF311846E4F7D8FA6E
:1088B00000BF0837BD4680BD30200500B821050047
:1088C0003820050080B582B000AF78607B68002B4F
:1088D00003D07B681B68002B05D1074B074A2A2170
:1088E0000748D6F76AFC7B681B681846E4F7E4FA89
:1088F00000BF0837BD4680BD7C200500C4210500AF
:108900003820050080B582B000AF78607B68002B0E
:1089100003D07B681B68002B05D1074B074A252134
:108920000748D6F74AFC7B681B687868984700BF01
:108930000837BD4680BD00BF98200500E421050032
:10894000B020050080B485B000AF78607B68BFF3CD
:108950005B8F53E8002F02F1010143E8001000286B
:10896000F7D1BFF35B8FFA60FB680133FB60FB68F4
:1089700018461437BD465DF8047B704780B483B059
:1089800000AF7860396000BF0C37BD465DF8047BEE
:10899000704780B483B000AF7860084611461A462D
:1089A0000346FB700B46BB7013467B7000BF0C3751
:1089B000BD465DF8047B704780B485B000AFF860B9
:1089C000B9607A6000BF1437BD465DF8047B70471C
:1089D00080B483B000AF78600B46FB7000BF0C37EB
:1089E000BD465DF8047B704780B483B000AF78600B
:1089F0000B46FB7000BF0C37BD465DF8047B70472B
:108A000090B585B000AF7860084611461A46034617
:108A1000FB700B46BB7013467B707B78BA78F97895
:108A20007868FFF7B6FF7B681B6BDC6B78687B7838
:108A3000BA78F978A047F860F9687868FFF79EFF80
:108A4000FB6818461437BD4690BD80B586B000AFB0
:108A5000F860B9607A607A68B968F868FFF7ACFFC7
:108A6000FB681B6B9B6CF8687A68B96898477861FB
:108A70007969F868FFF782FF7B6918461837BD46A9
:108A800080BD80B584B000AF78600B46FB70FB788A
:108A900019467868FFF79CFF7B681B6B9B6D7A68B3
:108AA000F97810469847F860F9687868FFF766FF2C
:108AB000FB6818461037BD4680BD80B584B000AF56
:108AC00078600B46FB70FB7819467868FFF78CFFDF
:108AD0007B681B6BDB6D7A68F97810469847F86005
:108AE000F9687868FFF74AFFFB6818461037BD46FB
:108AF00080BD80B586B000AF78607B68DB687B6145
:108B00007B6993F891303B617B6993F8913083F0F6
:108B10000103DBB2002B05D10D4B0E4A25210E4877
:108B2000D6F74BFB3B69002B7B6988331846FFF770
:108B3000A1FE7869F7F78EFEF8607B6988331846E6
:108B4000FFF7C0FEFB6818461837BD4680BD00BF62
:108B5000F8200500A42105000C21050080B584B093
:108B600000AF78607B68DB68FB60FB6893F891304E
:108B700083F00103DBB2BB60FB6893F89130002BFC
:108B800005D1234B234A33212348D6F716FBBB6874
:108B9000002BFB6888331846FFF76CFEF868F7F780
:108BA00085FEFB6888331846FFF78CFEFB6893F858
:108BB000913083F00103DBB2002B23D1FB6801224B
:108BC00083F84420FB689B6C002B05D1134B114AA2
:108BD00039211148D6F7F1FAFB689B6C4FF0FF3151
:108BE0001846E4F7B1F9FB6893F8913083F001037C
:108BF000DBB2002B00D1EFE700BFFB68002283F857
:108C0000442000E000BF00BF1037BD4680BD00BF5C
:108C100034210500D42105000C2105004821050060
:108C200080B586B000AF786039607B68DB68FB6038
:108C30000023FB74FB6893F8913083F00103DBB2EF
:108C4000002B03D06FF01F037B6113E0FB686833D8
:108C500039681846F5F78BFEFB6870331846FFF746
:108C600071FEB860BB68012BD4BF01230023FB74E5
:108C700000237B61FB7C002B02D07868F7F79EFA1B
:108C8000FB688C331846FFF73DFE7B6918461837A2
:108C9000BD4680BD80B483B000AF786039606FF0AE
:108CA0005E0318460C37BD465DF8047B704780B5FF
:108CB00084B000AF78600B46FB701346BB707B68D6
:108CC000DB68FB60FB681B6BDB6B002B02D16FF07A
:108CD0005E0311E0FB6888331846FFF7CBFDBA78D6
:108CE000F9780023F868FFF78BFEB860FB688833DB
:108CF0001846FFF7E7FDBB6818461037BD4680BD34
:108D000080B586B000AFF860B9607A60FB68DB6858
:108D10003B613B691B6B9B6C002B02D16FF05E03C8
:108D20003BE03B6988331846FFF7A4FD3B6993F8A5
:108D30009130002B03D06FF00F037B6127E07A683E
:108D4000B9683869FFF781FE78617B69002B1ED115
:108D50007B6803F00403002B04D0BB681A883B69CE
:108D6000A3F8A0207B6803F00103002B04D0BB68AC
:108D70005A883B69A3F8A2207B6803F00203002B0A
:108D800005D0BB68D3E902233969C1E926233B69D1
:108D900088331846FFF796FD7B6918461837BD469D
:108DA00080BD80B485B000AF78600B46FB707B68F7
:108DB000DB68FB6097F90330002B03DB97F9033086
:108DC000072B02DD6FF0150304E0FB68FA7883F8E7
:108DD000A420002318461437BD465DF8047B704775
:108DE00080B584B000AF78600B46FB707B68DB68B1
:108DF000FB60FB681B6B9B6D002B02D16FF05E0369
:108E000010E0FB6888331846FFF734FDFB781946FD
:108E1000F868FFF736FEB860FB6888331846FFF73E
:108E200051FDBB6818461037BD4680BD80B586B081
:108E300000AFF860C7E90023FB68DB687B617B69F2
:108E40001B6BDB6D002B0ED07B6988331846FFF758
:108E500011FD01217869FFF730FE7B6988331846E0
:108E6000FFF730FD00E000BF1837BD4680BD80B57C
:108E700084B000AF78607B68DB68FB60FB681B6BCD
:108E8000DB6D002B0ED0FB6888331846FFF7F2FC31
:108E90000021F868FFF711FEFB6888331846FFF7DA
:108EA00011FD00E000BF1037BD4680BD80B582B027
:108EB00000AF78607868E4F7BBF800BF0837BD46BC
:108EC00080BD80B584B000AFF860B9607A60B968E1
:108ED000F868E6F7E6FD034618461037BD4680BD44
:108EE00080B483B000AF78607B6818460C37BD460D
:108EF0005DF8047B704780B483B000AF78607B6816
:108F000018460C37BD465DF8047B704780B483B0CB
:108F100000AF786039607A683B68D31ADB0FDBB248
:108F200018460C37BD465DF8047B704780B483B0AB
:108F300000AF7860396000BF0C37BD465DF8047B38
:108F4000704780B483B000AF7860396000BF0C37E1
:108F5000BD465DF8047B704780B582B000AF786095
:108F60007B685B6D002B0AD07B6800229A657B686A
:108F70005B6D1846FFF79AFF7B6800225A6500BFB9
:108F80000837BD4680BD80B58CB000AF78603960D1
:108F900007F10803BB627B684C337B6239687868F1
:108FA000FFF7C4FF7B6ADB68002B08D17B6A3A6855
:108FB0001A607B6A00225A603B68FB6205E07B6AAC
:108FC0001B687A6A52681344FB627B6A00221A614A
:108FD000BB6AFA6A1A607B6A1A68BB6A5A607B6A63
:108FE0005A68BB6A9A607B6ADA68BB6ADA607B6837
:108FF000BB617B681B6E3B623B6A1B68DB6A3A683D
:10900000B96A386A9847F861FB69002B04D0786820
:10901000FFF7A2FFFB6917E07B6ADB68002B08D033
:109020007B6A1B68F96A1846FFF770FF0346002B3E
:1090300005D07868FFF790FF6FF05E0304E0796A6F
:109040007868FFF77EFF002318463037BD4680BDA5
:1090500080B586B000AF786039607868FFF740FF70
:1090600078617B693B617B691B694C33FB607B6882
:109070001B6819463868FFF749FF0346002B02D0EA
:109080006FF0150307E0FB683A681A60FB681A681E
:109090003B695A60002318461837BD4680BD80B52D
:1090A00088B000AFF860B9607A60F868FFF718FF21
:1090B000F861FB69BB61FB691B694C337B617B69B0
:1090C000DB68BA689A4202D96FF0150343E0BB68C7
:1090D000002B06D17B68B3F1FF3F02D06FF0150380
:1090E00039E07B69BA68DA607B69DA68BB69DA60A3
:1090F0007B69DB68002B0AD07B6999687B69DA6839
:1091000013465B0013449B000C3B0B4400E0002320
:109110003B617B68B3F1FF3F02D03B697A689A609C
:109120003B69002B03D03B699B68002B07D17B690F
:1091300000225A607B695A68BB699A600AE03B6901
:109140005A683B699B681A447B695A607B695A6814
:10915000BB699A60002318462037BD4680BD80B5A4
:109160008AB000AFF860B9607A603B60F868FFF7DA
:10917000B7FE78627B6A3B627B6A1B694C33FB619A
:10918000FB69DB68002B0AD0FB699968FB69DA6828
:1091900013465B0013449B000C3B0B4400E0002390
:1091A000BB617B68002B02DB3B68002B02DA6FF0AF
:1091B00015036EE0BB69002B06D0BB699B68002BD2
:1091C00002D16FF0150364E0BB69002B0AD0BB69C4
:1091D0005A68BB699B6813447A689A4202DA6FF056
:1091E000150356E0BB68002B08D0BB681B68002B3A
:1091F00004D0BB681B685B6A002B02D16FF01503BB
:1092000047E0FB699868FB69DB685A1C13465B0002
:1092100013449B0000221946FFF753FE78617B69D7
:10922000002B02D16FF00B0333E0FB69DA681346C1
:109230005B0013449B001A467B6913443B613B6906
:109240007A685A603B693A689A603B69BA681A6002
:10925000FB697A699A60FB69DB685A1CFB69DA6012
:10926000FB69DA683B6ADA603B68002B07D1FB696F
:1092700000225A60FB695A683B6A9A6008E07A6883
:109280003B681A44FB695A60FB695A683B6A9A60FA
:10929000002318462837BD4680BD80B584B000AF96
:1092A00078607868FFF727FEF860F868F7F7E8FC61
:1092B00000BF1037BD4680BD80B584B000AF786078
:1092C0007868FFF718FEF860FB6893F89130002B80
:1092D00002D0F868F7F7F7FC00BF1037BD4680BD35
:1092E00080B483B000AF7860012318460C37BD46C8
:1092F0005DF8047B704780B483B000AF786000BF36
:109300000C37BD465DF8047B704780B582B000AF76
:1093100078607B68002B05D10D4B0E4A22210E4848
:10932000D5F74BFF7B681B68002B05D10020E3F7C6
:1093300093FD02467B681A607B681B684FF0FF3123
:109340001846E3F78DFD00BF0837BD4680BD00BF5E
:10935000F421050074230500FC21050080B582B0CE
:1093600000AF78607B68002B03D07B681B68002B04
:1093700005D1074B074A2A210748D5F71EFF7B680E
:109380001B681846E3F798FD00BF0837BD4680BD4F
:109390004022050080230500FC21050080B586B031
:1093A00000AF786000233B617B68002B13D07B68A3
:1093B0001B68002B0FD07B685B68002B0BD07B6891
:1093C0001B69002B07D07B685B69002B03D07B688F
:1093D000DB6A002B01D1012300E00023FB607B68E6
:1093E000002B13D07B681B68002B0FD07B685B6859
:1093F000002B0BD07B681B69002B07D07B685B6957
:10940000002B03D07B68DB6A002B05D12D4B2E4A45
:1094100029212E48D5F7D1FEFB68002B14BF01236C
:109420000023DBB2002B02D06FF0150346E0284882
:10943000FFF76BFF274B1B68083B7B612FE07B69C5
:109440005A687B685B6819461046E6F74DFC034690
:10945000002B0CBF01230023DBB2BB607B695A6881
:109460007B685B6819461046E6F73EFC0346002B16
:1094700005D1194B144A31211448D5F79EFEBB681B
:10948000002B14BF01230023DBB2002B03D06FF0AD
:109490000F033B610EE07B699B68083B7B617B6946
:1094A00008330C4A9342CAD17B68083309491846ED
:1094B000F4F7BAFB0648FFF751FF3B691846183727
:1094C000BD4680BD5C22050054230500F422050042
:1094D00094E10020802700202423050080B582B07D
:1094E00000AF78600748FFF710FF7B680833184625
:1094F000F4F7B3FB0348FFF731FF00BF0837BD4661
:1095000080BD00BF94E1002080B588B000AFF86056
:10951000B9607A603B600023FB762C48FFF7F5FECC
:109520002B4B1B68083BFB6117E0FB695B68B96864
:109530001846E6F7D9FB0346002B0AD1FB691B68E6
:109540001846FFF7CDFE0346002B0CD00123FB7617
:1095500009E0FB699B68083BFB61FB6908331C4A17
:109560009342E2D100E000BF1848FFF7F7FEFB7E10
:1095700083F00103DBB2002B01D0002321E0FB6963
:109580001B69FA681046984778617B69002B06D101
:10959000FB691B681846FFF7AEFE002311E07B69EC
:1095A000FA691A603A687968786900F03EF803460B
:1095B000002B05D0FB695B6978699847002300E0C0
:1095C0007B6918462037BD4680BD00BF94E100206E
:1095D0008027002080B584B000AF78607B681B686E
:1095E000FB60FB685B6978689847FB681B681846F6
:1095F000FFF781FE00BF1037BD4680BD80B584B047
:1096000000AF78607B68002B0BD07B681B68FB6029
:10961000FB689B69002B05D0FB689B6978689847BD
:1096200000E000BF1037BD4680BD80B584B000AFFC
:10963000F860B9607A60BB68002B01D100230FE0AD
:10964000FB681B68DB69002B02D16FF05E0307E04B
:10965000FB681B68DB697A68B968F8689847034655
:1096600018461037BD4680BD90B587B002AFF86090
:10967000B9607A603B60FB681B681B6A002B02D1F3
:109680006FF05E030AE0FB681B681C6A3B6A00938C
:109690003B687A68B968F868A047034618461437EB
:1096A000BD4690BD90B585B000AFF860B9607A60F6
:1096B0003B60FB681B685B6A002B02D16FF05E03A6
:1096C00008E0FB681B685C6A3B687A68B968F86800
:1096D000A047034618461437BD4690BD90B587B0E5
:1096E00002AFF860B9607A603B60FB681B689B6AF8
:1096F000002B02D16FF05E030CE0FB681B689C6AD4
:109700007B6A01933B6A00933B687A68B968F868A2
:10971000A047034618461437BD4690BD80B485B0B7
:1097200000AF03463960FB803B68FB60FB685A1C56
:10973000FA60FA88D2B21A70FB881B0A99B2FB68E9
:109740005A1CFA60CAB21A7000BF1437BD465DF8E1
:10975000047B704780B485B000AF786039603B68A7
:10976000FB60FB685A1CFA607A68D2B21A707B6898
:10977000190AFB685A1CFA60CAB21A707B68190C85
:10978000FB685A1CFA60CAB21A707B68190EFB6833
:109790005A1CFA60CAB21A7000BF1437BD465DF891
:1097A000047B704780B485B000AF78607B68FB6055
:1097B000FB681B789AB2FB6801331B789BB21B02D3
:1097C0009BB213439BB218461437BD465DF8047B29
:1097D000704780B485B000AF78607B68FB60FB6841
:1097E0001B781A46FB6801331B781B021A43FB687F
:1097F00002331B781B041A43FB6803331B781B06D8
:10980000134318461437BD465DF8047B70472DE9B5
:10981000B04384B000AF78607B68FB60FB680433C2
:109820001846FFF7D6FF03461A464FF000034FF0E5
:1098300000044FF0000515000024F868FFF7C9FF89
:1098400003461A464FF0000344EA020845EA0309BA
:1098500042464B46104619461037BD46BDE8B08318
:1098600080B582B000AF7860396079680120E3F795
:10987000CBFB034618460837BD4680BD80B582B095
:1098800000AF78607868E3F7D3FB00BF0837BD46C8
:1098900080BD80B582B000AF78607868FFF7EEFFDA
:1098A00000BF0837BD4680BD80B584B000AF78608A
:1098B0000B46FB7001217868F4F784FFF860FB68C1
:1098C000FA781A7000BF1037BD4680BD80B483B0EF
:1098D00000AF786039607B685B693A689A4294BFF0
:1098E00001230023DBB218460C37BD465DF8047B2C
:1098F000704780B483B000AF78607B68043318464B
:109900000C37BD465DF8047B704780B582B000AF70
:1099100078607868FFF7EDFF03461B681846083744
:10992000BD4680BD80B582B000AF78607868FFF733
:10993000E0FF03461B7818460837BD4680BD80B45B
:1099400083B000AF78607B6818460C37BD465DF881
:10995000047B704780B483B000AF78607B68103BB5
:1099600018460C37BD465DF8047B704780B483B061
:1099700000AF78607B68043B18460C37BD465DF845
:10998000047B704780B483B000AF78607B68083B8D
:1099900018460C37BD465DF8047B704780B483B031
:1099A00000AF78607B680022C3F878227B680022D1
:1099B000C3F87C227B680122C3F8802200BF0C37E9
:1099C000BD465DF8047B7047B0B483B000AF7860EB
:1099D0007B68D3F87C227B68D3F878329A4203D331
:1099E0007B680022C3F87C227B68D3F87C227968EC
:1099F000786813465B001344DB000344F83301F539
:109A000022741D460FCD0FC495E8030084E80300BF
:109A100000BF0C37BD46B0BC704780B58AB000AF00
:109A2000786039607B6803F522737B624FF00043F6
:109A3000BB604FF00043FB604FF000433B614FF0D1
:109A400000437B614FF00043BB617B6893F8B43205
:109A50003B773B68002B02D107F108033B607B6832
:109A6000D8687B6A1B683A681946F5F75CFB386270
:109A70003B6A13F16F0F03D17868FFF78FFF06E0A1
:109A80007B68D3F87C325A1C7B68C3F87C2200BF09
:109A90002837BD4680BD80B586B000AFF860C7E905
:109AA00000230B467B814DF64143FB8200237B75EF
:109AB00000233B61FA683B691A44FB8A1146184649
:109AC000FFF72CFE3B6902333B61FA683B691344A4
:109AD0007A7D1A703B6901333B61FA683B69134434
:109AE0007A891A803B6902333B61FA683B69134407
:109AF000394608221846E6F779F83B6908333B6196
:109B0000FA683B691344082207F120011846E6F77A
:109B10006DF800BF1837BD4680BD80B586B002AF76
:109B2000F860C7E900230B467B811521F868F4F73C
:109B300049FE7989D7E90623CDE90023D7E9002337
:109B4000FFF7A9FF00BF1037BD4680BD80B58CB0C0
:109B500002AFF860C7E900230B467B811521F86846
:109B6000FFF7B4FE034683F00103DBB2002B01D004
:109B7000002318E0798907F11000D7E90C23CDE91B
:109B80000023D7E90023FFF786FFFB68DB6907F1B5
:109B9000100115221846E5F79AFF0346002B01D065
:109BA000002300E0012318462837BD4680BD80B55C
:109BB0008EB002AFF860C7E900230B467B810D230E
:109BC000FB621521F868FFF781FE034683F001036D
:109BD000DBB2002B01D000231AE0798907F11400D1
:109BE0004FF000024FF00003CDE90023D7E9002336
:109BF000FFF751FFFB68DB69FA6A07F114011846A9
:109C0000E5F765FF0346002B01D0002300E00123A8
:109C100018463037BD4680BD80B584B000AF78604F
:109C20004023FB73FB7B19467868FFF73DFE00BFBE
:109C30001037BD4680BD80B584B000AF786001218B
:109C40007868FFF743FE034683F00103DBB2002B85
:109C500001D0002309E07B68DB691B78FB73FB7B89
:109C6000402B01D0002300E0012318461037BD46E9
:109C700080BD90B585B000AF78600B467B804123F6
:109C8000FB73FB7B19467868FFF70EFE7C88022188
:109C90007868F4F797FD034619462046FFF73EFD26
:109CA00000BF1437BD4690BD80B584B000AF78606A
:109CB000396003217868FFF709FE034683F001034A
:109CC000DBB2002B01D0002313E07B68DB691B783B
:109CD000FB73FB7B412B01D000230AE07B68DB692F
:109CE00001331846FFF75EFD03461AB23B681A803F
:109CF000012318461037BD4680BD90B585B000AF32
:109D0000786039604223FB73FB7B19467868FFF764
:109D1000CBFD3C6804217868F4F754FD03461946EE
:109D20002046FFF717FD00BF1437BD4690BD80B534
:109D300084B000AF7860396005217868FFF7C6FD10
:109D4000034683F00103DBB2002B01D0002313E0B4
:109D50007B68DB691B78FB73FB7B422B01D0002304
:109D60000AE07B68DB6901331846FFF732FD0346E2
:109D70001A463B681A60012318461037BD4680BD5D
:109D800090B587B000AFF860B9601346FB804323FD
:109D9000FB75FB7D1946F868FFF786FDBC6804215A
:109DA000F868F4F70FFD034619462046FFF7D2FC8A
:109DB000FC880221F868F4F705FD034619462046A1
:109DC000FFF7ACFC00BF1C37BD4690BD80B586B028
:109DD00000AFF860B9607A600721F868FFF776FD98
:109DE000034683F00103DBB2002B01D000231DE00A
:109DF000FB68DB691B78FB75FB7D432B01D00023DF
:109E000014E0FB68DB6901331846FFF7E2FC034608
:109E10001A46BB681A60FB68DB6905331846FFF712
:109E2000C1FC03461AB27B681A8001231846183712
:109E3000BD4680BDB0B58EB002AFF860B9607A6043
:109E40003B60F868FFF786FDF862FB6A03F5227352
:109E5000BB627B68002B00F02781BB68002B40F0C1
:109E60008880FB6ADB681846FEF7DAFB03461C466F
:109E7000FB6ADB681846FEF7C3FB02460B46214629
:109E80007868FFF794FE034683F00103DBB2002BF2
:109E900040F0F9807B68DB690D331846FFF7B7FCAB
:109EA00002460B46B96AC1E9022315217868F4F726
:109EB00013FD7868FFF7BFFE034683F00103DBB2B2
:109EC000002B40F0E2803B685B8F03F00103002B26
:109ED00000F0DD803B685B8F03F00203002B00F095
:109EE000D8803B685B8F03F04003002B05D1FB6AF1
:109EF0004FF40042A3F8C82205E03B681B6A1AB27F
:109F0000FB6AA3F8C8223B68D3E90223F96AC1E9D6
:109F1000AE233B681B68FA6AD2F8A02213447B6127
:109F2000FB6AD868FB6AD3F8A8321A467969FEF74B
:109F3000DAFB02460B46F96AC1E9B023FB685B69AC
:109F40001C337A695A60FB6AD3F8A0321946FB6861
:109F50005B6938337A690A445A60FB6AD3F8A032E5
:109F60005B001946FB685B6954337A690A445A609E
:109F700085E0BB68022B14BF01230023DBB27B62A8
:109F8000BB68022B06D04D4B4D4A40F273114D4831
:109F9000D5F713F97B6A002BFB6ADB681846FEF7DE
:109FA0003FFB03461C46FB6ADB681846FEF728FBAE
:109FB000BB6AD3E90223CDE9002302460B462146C2
:109FC0007868FFF7C3FD034683F00103DBB2002B83
:109FD00061D115217868F4F77FFC07F11003194669
:109FE0007868FFF7A4FE034683F00103DBB2002B81
:109FF00053D13B685B8F03F00203002B4FD03B68CB
:10A000005B8F03F04003002B05D1FB6A4FF4004245
:10A01000A3F8CA2205E03B681B6A1AB2FB6AA3F8E0
:10A02000CA223B68D3E90223C7E906233B691D46E0
:10A03000FB6ADC68FB6AD3E9B001FB6AD3E9AE23B3
:10A04000CDE9002302460B462046FEF762FB02469E
:10A050000B461346EC1AFB6AD968FB6AD3E9B023B6
:10A06000CDE90023D7E906230846FEF752FB024656
:10A070000B46134623441A46FB6AC3F8CC22786881
:10A08000FFF707FC16E000BF0AE000BF08E000BFD2
:10A0900006E000BF04E000BF02E000BF00E000BF38
:10A0A0007868FFF7F6FB00E000BFBB6801331A4693
:10A0B000FB681A613037BD46B0BD00BF9023050074
:10A0C000AC240500B0230500F0B589B002AF78607C
:10A0D00039607868FFF73EFC78617B6903F522738D
:10A0E0003B617B69DB6800221C211846FDF754FCAC
:10A0F000F8607B69DB681846FEF792FA03461E4655
:10A100003B69D3E902457B69DB681846FEF778FABC
:10A1100002460B46CDE9002322462B463146F8681D
:10A12000FFF7FBFC3B68012B07D17B69B3F9C83211
:10A130001946F868FFF79DFD1CE03B68032B14BF30
:10A1400001230023DBB2BB603B68032B06D00C4B22
:10A150000C4A40F2A5110C48D5F72FF8BB68002B2C
:10A160007B69D3F8CC127B69B3F9CA321A46F86816
:10A17000FFF706FEFB6818461C37BD46F0BD00BF62
:10A18000E8230500C4240500B023050080B584B091
:10A1900000AFF860B9607A60FB707868FFF779FB10
:10A1A00000BF1037BD4680BD80B483B000AF78607B
:10A1B00000BF0C37BD465DF8047B7047B0B594B066
:10A1C00002AFF860B9607A603B60F868FFF7C2FBE5
:10A1D00078647B6C03F522733B647B68002B00F092
:10A1E000D9807B6CDB681846FEF71AFA03461C46DA
:10A1F0007B6CDB681846FEF703FA3B6CD3E902235D
:10A20000CDE9002302460B4621467868FFF79EFC05
:10A21000034683F00103DBB2002B40F0B080152130
:10A220007868F4F759FBBB68012B50D17B6C03F5C0
:10A23000347319467868FFF737FD034683F001034E
:10A24000DBB2002B40F09D803B685B8F03F0020384
:10A25000002B00F098803B685B8F03F04003002BDD
:10A2600005D17B6C4FF00042C3F8CC2204E03B6880
:10A270001A6A7B6CC3F8CC223B68D3E90223C7E996
:10A280000C237B6CD9687B6CD3E9AE23CDE900232A
:10A29000D7E90C230846FEF73CFA02460B46154662
:10A2A0007B6CDC687B6CD3E9B001D7E90C23CDE98A
:10A2B000002302460B462046FEF72BFA02460B46C9
:10A2C0001346EB1A1A467B6CC3F8C82253E0BB68EE
:10A2D000032B14BF01230023DBB2FB63BB68032BFA
:10A2E00006D0334B334A4FF4F7713348D4F765FF48
:10A2F000FB6B002B7B6C03F5367207F114031946D8
:10A300007868FFF763FD034683F00103DBB2002B9F
:10A310003BD13B685B8F03F04003002B05D17B6C86
:10A320004FF00042C3F8D42204E03B681A6A7B6C09
:10A33000C3F8D4227B69002B00DA03339B10BB6186
:10A340007B6CD3F8CC32FB617B6CB3F9D0323B62CF
:10A350007B6CD3F8D4327B627B6CB3F9D832BB62AE
:10A360007B6C93F8B43287F82C3007F11803194648
:10A37000786CFFF752FB7868FFF78BFA14E000BFA8
:10A3800004E000BF02E000BF00E000BF7868FFF714
:10A3900080FA00E000BF0021786CFFF73EFBBB684D
:10A3A00001331A46FB681A614837BD46B0BD00BF8D
:10A3B000E8230500E0240500B0230500F0B589B0CE
:10A3C00002AF786039607868FFF7C4FA78617B691A
:10A3D00003F522733B617B69DB6800221C21184670
:10A3E000FDF7DAFAF8607B69DB681846FEF718F9C2
:10A3F00003461E463B69D3E902457B69DB68184684
:10A40000FEF7FEF802460B46CDE9002322462B4616
:10A410003146F868FFF781FB3B68002B03D1F868F1
:10A42000FFF7FAFB19E03B68022B14BF012300235E
:10A43000DBB2BB603B68022B06D00A4B0A4A40F2F3
:10A440001E210A48D4F7B9FEBB68002B7B69D3F8FC
:10A45000C8321946F868FFF750FCFB6818461C37ED
:10A46000BD46F0BD90230500F0240500B023050093
:10A4700080B584B000AFF860B9607A60FB7078682E
:10A48000FFF707FA00BF1037BD4680BD80B483B028
:10A4900000AF786000BF0C37BD465DF8047B7047A5
:10A4A00090B5A5B000AFF860B9607A603B60F8681D
:10A4B000FFF768FAC7F88C00D7F88C301033C7F86C
:10A4C0008830BB68C7F88430D7F8883003221A7008
:10A4D000D7F888303E4A5A60D7F8883004221A618B
:10A4E000D7F88C3003F14802D7F888305A61D7F892
:10A4F00088305A69D7F88C30D3F8AC32DCB2D7F850
:10A500008C3003F1B800114600230B604B608B6068
:10A51000CB600B614B618B61D7F8843053604FF097
:10A52000FF3393601523137323465373432313821E
:10A530009061D7F888305B6903F11C01D7F88C3043
:10A54000D3F8A83218460A4600231360536093607C
:10A55000D36013615361936101230B7015230B7456
:10A560004861D7F888305B6903F13801D7F88C303F
:10A57000D3F8B032D8B20A46002313605360936018
:10A58000D36013615361936115230B7303464B73BF
:10A5900042230B82D7F888305B6903F15401D7F866
:10A5A0008C30D3F8A83218460A4600231360536053
:10A5B0009360D36013615361936101230B70152382
:10A5C0000B744861D7F8883018469437BD4690BD63
:10A5D0008827002090B5A5B000AFF860B9607A6018
:10A5E0003B60F868FFF7C2F9C7F88C00D7F88C30E9
:10A5F0001033C7F88830D7F88C30D3F8A0329B00DE
:10A60000C7F88430D7F88C30D3F87832002B0AD1D1
:10A61000D7F8883000221A70D7F888306B4A5A6011
:10A62000D7F88830CDE07A68D7F8843013443A6898
:10A630009A4201DA0023C4E0D7F88C00FFF7C4F98E
:10A64000D7F8883003221A70D7F888305F4A5A60EA
:10A65000D7F8883004221A61D7F88C3003F1480209
:10A66000D7F888305A61D7F888305969D7F88C30D4
:10A67000D3F8A8321C46D7F88C3003F1B8000A464C
:10A680000023136053609360D3601361536193613F
:10A6900001230B70BB684B6015230B744C61886100
:10A6A000D7F88C30D868D7F88C30D3F8A8321A464F
:10A6B000B968FEF718F802460B46D7F88C10C1E9C6
:10A6C000AE23D7F888305B6903F11C01D7F88C30D2
:10A6D000D3F8A0321A46BB68D018D7F88C30D3F81C
:10A6E000AC32DCB20A460023136053609360D3603F
:10A6F000136153619361486015230B7323464B73B9
:10A7000042230B82D7F888305B6903F13801D7F810
:10A710008C30D3F8A0325B001A46BB68D018D7F84B
:10A720008C30D3F8A8321C460A46002313605360CD
:10A730009360D36013615361936101230B70486090
:10A7400015230B744C61D7F88C30D868D7F88C304F
:10A75000D3F8A0325B001A46BB68D118D7F88C300A
:10A76000D3F8A8321A46FDF7BEFF02460B46D7F8CB
:10A770008C10C1E9B023D7F888305B6903F154012C
:10A78000D7F88C30D3F8A02213465B0013441A4646
:10A79000BB68D018D7F88C30D3F8B032DCB20A4698
:10A7A0000023136053609360D3601361536193611E
:10A7B000486015230B7323464B7340230B82D7F855
:10A7C000883018469437BD4690BD00BF98270020BA
:10A7D00080B584B000AF786000214FF43870FFF787
:10A7E0003FF8F860FB68002B01D1002339E0FB68DB
:10A7F0001E4A9A60FB681E4A5A60FB687A68DA60F3
:10A80000FB680122C3F8D820FB684FF48072C3F8BC
:10A81000DC207B681B691A464FEAE2734FF08040E8
:10A820004FF00001E5F712F802460B46FB68C3F84B
:10A83000A022FB68002283F8A422FB680022C3F850
:10A84000A822FB680022C3F8AC22FB680022C3F8F0
:10A85000B022FB68012283F8B422F868FFF79EF863
:10A86000FB6818461037BD4680BD00BF1C2405009C
:10A870005424050080B584B000AF78607868FFF795
:10A880005EF8F860F868FEF7F9FF00BF1037BD46C4
:10A8900080BD80B58CB000AFF860B9607A60F868B0
:10A8A000FFF74DF878627B6AD3F8A0323B627B6A8F
:10A8B000D3F878329B00FB61BB68DB68002B4FD07C
:10A8C0007B6ADB681A683B6A92FBF3F27B6AD3F817
:10A8D000803292FBF3F3BB627B6A93F8A432BB61D4
:10A8E0007B6A93F8A43283F00103DBB2002B06D11C
:10A8F0003C4B3D4A4FF447713C48D4F75EFCBB6982
:10A90000002BBA6AFB699A4201DAFB69BB62BB6839
:10A910001B68B96AFA698A1A396A01FB02F21344A0
:10A920001946B868FEF794FBF862FB6A002B14BF67
:10A9300001230023DBB27B61FB6A002B06D02C4B8A
:10A94000294A40F225312948D4F737FC7B69002B8E
:10A9500014BF01230023DBB2002B01D0FB6A3CE0D3
:10A960004FF0FF320021B868FEF799FBF862FB6AEE
:10A97000002B14BF01230023DBB23B61FB6A002BD9
:10A9800006D01B4B184A40F22A311848D4F715FC60
:10A990003B69002B14BF01230023DBB2002B01D045
:10A9A000FB6A1AE07B6A93F8A432002B09D07B6A19
:10A9B00003F1080100230022B868FEF7D0FBF8621B
:10A9C0000AE07B6A191DFB693A6A02FB03F3002265
:10A9D000B868FEF7C4FBF862FB6A18463037BD461C
:10A9E00080BD00BF7C24050004250500B0230500C0
:10A9F00094240500B0B588B000AFF860B9607A6003
:10AA0000F868FEF79CFF78617B69D3F87832002BF9
:10AA10000CBF01230023FB740123FB617B6993F8C6
:10AA2000A432002B02D06FF05E035DE07B68102B38
:10AA300002D96FF0150357E00023BB613FE0BA690C
:10AA400013465B001344DB001A46BB681344D3E98A
:10AA50000423134302D06FF05E0345E0BA69134646
:10AA60005B001344DB001A46BB6898187969BA6921
:10AA700013465B001344DB000B44F8331C460546C9
:10AA80000FCD0FC495E8030084E80300BA691346AC
:10AA90005B001344DB001A46BB6813445B68FA6929
:10AAA0009A4209DABA6913465B001344DB001A467E
:10AAB000BB6813445B68FB61BB690133BB61BB6965
:10AAC0007A689A42BBD87B697A68C3F878227B6936
:10AAD000FA69C3F88022FB7C002B04D07B69DB6819
:10AAE0001846FEF7E9FB002318462037BD46B0BDE7
:10AAF00080B592B002AFF860B9607A60F868FEF78E
:10AB00001EFFF86307F114007B680093484BBA6896
:10AB10000521F3F786FDB863BB6B002B01D0BB6B3F
:10AB200082E0BB69002B2DD0BB691846FEF7EDFE15
:10AB300003467B637B6B002B08D07B6B5A1E7B6BC1
:10AB40001340002B02D17B6B402B02DD6FF015030D
:10AB50006AE07B6B1A464FEAE2734FF000004FF059
:10AB60000001990641EA92119006FB6BDB681B69B4
:10AB70001A464FEAE273E4F769FE02460B46FB6BA6
:10AB8000C3F8A022FB69002B12D0FB691846FEF720
:10AB9000BCFE38633B6B012B0CBF01230023DAB2F0
:10ABA000FB6B83F8A422FB6BDB681846FEF784FB83
:10ABB0003B6A002B0BD03B6A1846FEF7B3FE0346F8
:10ABC00087F82F3097F82F20FB6BC3F8A8227B6AF9
:10ABD000002B0BD07B6A1846FEF7A4FE034687F8CD
:10ABE0002E3097F82E20FB6BC3F8AC22BB6A002BEB
:10ABF0000BD0BB6A1846FEF795FE034687F82D304A
:10AC000097F82D20FB6BC3F8B022FB6BD3F8AC2276
:10AC1000FB6BD3F8B0329A420CBF01230023DAB2A7
:10AC2000FB6B83F8B422002318464037BD4680BD35
:10AC30003025050080B582B000AF0448FEF7AEFBBA
:10AC400078607B6818460837BD4680BDA82700207D
:10AC500080B500AF0248FEF741FC00BF80BD00BFD9
:10AC6000A827002080B483B000AF78600123184685
:10AC70000C37BD465DF8047B704780B483B000AFED
:10AC8000786000BF0C37BD465DF8047B704780B527
:10AC900082B000AF78607B68002B05D10D4B0E4A67
:10ACA00022210E48D4F789FA7B681B68002B05D156
:10ACB0000020E2F7D1F802467B681A607B681B68C7
:10ACC0004FF0FF311846E2F7CBF800BF0837BD461A
:10ACD00080BD00BF90250500EC26050098250500E5
:10ACE00080B582B000AF78607B68002B03D07B68B2
:10ACF0001B68002B05D1074B074A2A210748D4F7C8
:10AD00005CFA7B681B681846E2F7D6F800BF083784
:10AD1000BD4680BDDC250500F82605009825050008
:10AD200080B586B000AF786000233B617B68002B64
:10AD300013D07B681B68002B0FD07B685B68002BEF
:10AD40000BD07B681B69002B07D07B685B69002BED
:10AD500003D07B685B6A002B01D1012300E0002354
:10AD6000FB607B68002B13D07B681B68002B0FD027
:10AD70007B685B68002B0BD07B681B69002B07D0BE
:10AD80007B685B69002B03D07B685B6A002B05D175
:10AD90002D4B2E4A29212E48D4F70FFAFB68002BA1
:10ADA00014BF01230023DBB2002B02D06FF0150388
:10ADB00046E02848FFF76BFF274B1B68083B7B6189
:10ADC0002FE07B695A687B685B6819461046E4F798
:10ADD0008BFF0346002B0CBF01230023DBB2BB60BB
:10ADE0007B695A687B685B6819461046E4F77CFF0C
:10ADF0000346002B05D1194B144A31211448D4F7CE
:10AE0000DCF9BB68002B14BF01230023DBB2002B4D
:10AE100003D06FF00F033B610EE07B699B68083B3A
:10AE20007B617B6908330C4A9342CAD17B68083343
:10AE300009491846F2F7F8FE0648FFF751FF3B694B
:10AE400018461837BD4680BDF8250500D0260500F8
:10AE50007826050098E10020DC270020A4260500C4
:10AE600080B582B000AF78600748FFF710FF7B68BD
:10AE700008331846F2F7F1FE0348FFF731FF00BF31
:10AE80000837BD4680BD00BF98E1002080B588B07E
:10AE900000AFF860B9607A603B600023FB762C4815
:10AEA000FFF7F5FE2B4B1B68083BFB6117E0FB69C6
:10AEB0005B68B9681846E4F717FF0346002B0AD110
:10AEC000FB691B681846FFF7CDFE0346002B0CD02C
:10AED0000123FB7609E0FB699B68083BFB61FB698A
:10AEE00008331C4A9342E2D100E000BF1848FFF744
:10AEF000F7FEFB7E83F00103DBB2002B01D00023C1
:10AF000021E0FB691B69F868984778617B69002B31
:10AF100006D1FB691B681846FFF7AFFE002312E05D
:10AF20007B69FA691A603B687A687969F86800F0A9
:10AF30003CF80346002B05D0FB695B6978699847AC
:10AF4000002300E07B6918462037BD4680BD00BF66
:10AF500098E10020DC27002080B584B000AF786045
:10AF600039603B681B68FB60FB685B693868984721
:10AF7000FB681B681846FFF780FE00BF1037BD4610
:10AF800080BD80B584B000AF786039603B681B68D5
:10AF9000FB60FB689B69002B03D0FB689B693868EA
:10AFA000984700BF1037BD4680BD80B584B000AF64
:10AFB000F860B9607A603B607B68002B01D10023A8
:10AFC0000FE0BB681B68DB69002B02D16FF05E03EA
:10AFD00007E0BB681B68DB693A687968B86898471E
:10AFE000034618461037BD4680BD90B585B000AF0A
:10AFF000F860B9607A603B60BB681B681B6A002B15
:10B0000002D16FF05E0308E0BB681B681C6A3B6AF4
:10B010003A687968B868A047034618461437BD46B1
:10B0200090BD00BF80B483B000AF78607B68B3F59B
:10B03000004F02DB47F6FF7307E07B6813F5004F14
:10B0400001DA054B01E07B681BB218460C37BD46A0
:10B050005DF8047B704700BF0080FFFF80B485B0BF
:10B0600000AF03460A46FB801346BB80B7F90630A3
:10B07000DB02FB60FB68002B03DBB7F90430002B1D
:10B0800006DAFB68002B08DAB7F90430002B04DA83
:10B09000FB6803F58063FB6003E0FB68A3F5806356
:10B0A000FB60B7F90430FA6892FBF3F31BB2184661
:10B0B0001437BD465DF8047B704780B584B000AF9F
:10B0C00003460A46FB801346BB80B7F90630B7F942
:10B0D000042002FB03F3FB60FB68002B04DBFB682E
:10B0E00003F58063FB6003E0FB68A3F58063FB600E
:10B0F000FB68002B01DA03F2FF73DB121846FFF73F
:10B1000091FF034618461037BD4680BD80B584B018
:10B1100000AF03463960FB804FF400637B8101235D
:10B12000FB600CE0B7F90620B7F90A301146184663
:10B13000FFF7C3FF03467B81FB680133FB60FA68BE
:10B140003B689A42EEDDB7F90A3018461037BD4623
:10B1500080BD80B487B000AF0346FB80B7F90630EE
:10B16000FB604FF400533B6100237B6115E07A697B
:10B170003B691344BB60FA68BB689A4207D3FA681C
:10B18000BB68D31AFB60BA683B6913447B61FB68F8
:10B190005B00FB603B695B083B613B69002BE6D1D0
:10B1A0007B699B087B617B691BB218461C37BD46D7
:10B1B0005DF8047B70472DE9F04184B000AF034691
:10B1C000FB80B7F90630002BB8BF5B429BB2FB8116
:10B1D00040F691439CB2FB89C3F500639BB21BB25E
:10B1E0001846FFF7B6FF03469846274BB3F90030E1
:10B1F000B7F90E2011461846FFF75FFF03469AB2D3
:10B20000224BB3F900309BB213449DB2204BB3F9EB
:10B210000060B7F90E3002211846FFF777FF0346AA
:10B2200019463046FFF749FF03469BB22B449DB2B7
:10B23000184BB3F90060B7F90E3003211846FFF739
:10B2400065FF034619463046FFF737FF03469BB2BA
:10B250002B449BB21BB219464046FFF72EFF034614
:10B260009BB2E31A9BB2BB81B7F90630002B04DA1C
:10B27000BB895B429BB21BB201E0B7F90C301846A8
:10B280001037BD46BDE8F0810A2705000C270500F0
:10B290000E2705001027050080B584B000AF0346D7
:10B2A000FB80B7F906201346DB039B1AFB6041F6CF
:10B2B00022131A46FB6893FBF2F3FB60F868FFF772
:10B2C000B1FE034618461037BD4680BDD91D0200A9
:10B2D000000000007D8F0200000000000DBE020093
:10B2E0000000000051AF0200000000005DBC020041
:10B2F00000000000B5BA0200F4DF0020A5C2020081
:10B30000ECE00020C1C4020004E1002019C60200E4
:10B3100068260020C5EF020000000000E51D0200C5
:10B3200000000000499102000000000051AB020043
:10B330000000000005CB02000000000011CD02005B
:10B3400000000000751C02000000000028D400204E
:10B35000E4D30020400000000100000000000000D5
:10B3600028280020F0280020F8280020302800207D
:10B3700018000000BD610200B96102003CF5040044
:10B380000000000098F504000000000068F70400C9
:10B39000000000001CF8040000000000B0F50400EC
:10B3A0000000000038F604000000000048F6040029
:10B3B00000000000A4F6040000000000A0F5040056
:10B3C00000000000A8F5040000000000FCF60400E6
:10B3D00000000000C0B5040000000303A8B604008C
:10B3E0000000000044FB0400000000004CFB0400CF
:10B3F00000000000E0F404000000000090BE040023
:10B400000000030310FA040000000303B0C10400AD
:10B4100000000303B8FB04000000030340FC040029
:10B4200000000000DCFC04000000030348FD0400F1
:10B43000000003032CFB040000000303C0F704001A
:10B4400000000000C8B40400000000003CB5040087
:10B45000202600200000000000000000610F020014
:10B4600000000000000000001203CADE0FFFFFFF13
:10B47000840905008C090500C00805008408050042
:10B48000000006001303CADE0FFFFFFF840905005A
:10B490008C090500000A0500C4090500000006002B
:10B4A0001403CADE0FFFFFFF840905008C090500A5
:10B4B000100B0500D40A0500000006000000000083
:10B4C0000338FDD870470000C1F1010035F20100DA
:10B4D000BDF101002F6275696C64732F716F727614
:10B4E0006F2F7577622D696F742F70726F6A2F617D
:10B4F0007070732D70726F6A656374732F53444B51
:10B500002F636F6D706F6E656E74732F6C696272EE
:10B5100061726965732F6C6F672F7372632F6E7220
:10B52000665F6C6F675F64656661756C745F6261AE
:10B53000636B656E64732E63000000007274745F49
:10B540006C6F675F6261636B656E64002F62756923
:10B550006C64732F716F72766F2F7577622D696FC0
:10B56000742F70726F6A2F617070732D70726F6AB2
:10B57000656374732F53444B2F636F6D706F6E65EB
:10B580006E74732F6C69627261726965732F6C6F70
:10B59000672F7372632F6E72665F6C6F675F667280
:10B5A0006F6E74656E642E63000000004261636B11
:10B5B000656E647320666C757368656400000000D6
:10B5C000617070001C2D00207F0000009C2D002069
:10B5D0001B5B313B33316D0025734C6F6773206407
:10B5E000726F70706564202825642925730D0A0028
:10B5F0001B5B306D00000000257300003C25733E8E
:10B600002025733A200000000D0A0000202530326A
:10B6100078000000202020007C000000256300004E
:10B620001B5B313B33306D001B5B313B33326D00B4
:10B630001B5B313B33336D001B5B313B33346D009F
:10B640001B5B313B33356D001B5B313B33366D008B
:10B650001B5B313B33376D007761726E696E67003B
:10B66000696E666F00000000646562756700000027
:10B67000F0B5040020B60400D0B5040028B60400DC
:10B6800030B6040038B6040040B6040048B60400E2
:10B6900050B60400000000004CBB040058B6040083
:10B6A00060B6040068B604006170705F62757474FF
:10B6B0006F6E0000534F46544445564943453A2067
:10B6C000415353455254494F4E204641494C4544FD
:10B6D00000000000534F46544445564943453A2024
:10B6E000494E56414C4944204D454D4F52592041F9
:10B6F0004343455353000000415353455254494F6F
:10B700004E204641494C45442061742025733A251A
:10B71000750000004552524F52202575205B25735D
:10B720005D2061742025733A25750D0A5043206110
:10B73000743A20307825303878000000456E642057
:10B740006F66206572726F72207265706F7274001E
:10B75000554E4B4E4F574E204641554C5420617428
:10B7600020307825303858002F6275696C64732F4B
:10B77000716F72766F2F7577622D696F742F70728B
:10B780006F6A2F617070732D70726F6A6563747366
:10B790002F53444B2F636F6D706F6E656E74732FF4
:10B7A0006C69627261726965732F74696D65722F5D
:10B7B0006170705F74696D65725F667265657274E1
:10B7C0006F732E63000000002F6275696C64732F25
:10B7D000716F72766F2F7577622D696F742F70722B
:10B7E0006F6A2F617070732D70726F6A6563747306
:10B7F0002F53444B2F636F6D706F6E656E74732F94
:10B800006C69627261726965732F7574696C2F61FE
:10B8100070705F7574696C5F706C6174666F726D67
:10B820002E6300002F6275696C64732F716F7276DE
:10B830006F2F7577622D696F742F70726F6A2F6129
:10B840007070732D70726F6A656374732F53444BFD
:10B850002F636F6D706F6E656E74732F6C6962729B
:10B8600061726965732F6664732F6664732E63005B
:10B870000000FFFFDEC0ADDEFE011EF1DEC0ADDE6A
:10B88000FF011EF148415244204641554C5420616D
:10B8900074203078253038580000000020205230C5
:10B8A0003A2020307825303858202052313A202054
:10B8B000307825303858202052323A2020307825F0
:10B8C000303858202052333A2020307825303858EC
:10B8D0000000000020205231323A203078253038E4
:10B8E0005820204C523A20203078253038582020DB
:10B8F0005053523A203078253038580053746163E1
:10B900006B2076696F6C6174696F6E3A2073746135
:10B91000636B20706F696E746572206F75747369E4
:10B92000646520737461636B20617265612E000031
:10B9300043617573653A204275734661756C742076
:10B940006F6E206120766563746F72207461626C23
:10B9500065207265616420647572696E6720657820
:10B9600063657074696F6E2070726F63657373695D
:10B970006E672E0043617573653A2025732E0000B3
:10B980004D656D4D616E616765204661756C742013
:10B99000416464726573733A2030782530385800FA
:10B9A000427573204661756C7420416464726573DE
:10B9B000733A2030782530385800000054686520EC
:10B9C00070726F636573736F722068617320617446
:10B9D00074656D7074656420746F20657865637537
:10B9E000746520616E20756E646566696E6564209D
:10B9F000696E737472756374696F6E005468652044
:10BA000070726F636573736F7220617474656D70AB
:10BA10007465642061206C6F6164206F72207374A0
:10BA20006F72652061742061206C6F636174696F4F
:10BA30006E207468617420646F6573206E6F74206B
:10BA40007065726D697420746865206F70657261CD
:10BA500074696F6E00000000556E737461636B2033
:10BA6000666F7220616E20657863657074696F6EB1
:10BA70002072657475726E206861732063617573DE
:10BA80006564206F6E65206F72206D6F7265206136
:10BA900063636573732076696F6C6174696F6E732D
:10BAA00000000000537461636B696E6720666F72FB
:10BAB00020616E20657863657074696F6E20656EB5
:10BAC0007472792068617320636175736564206F97
:10BAD0006E65206F72206D6F7265206163636573A0
:10BAE000732076696F6C6174696F6E73000000007B
:10BAF00041204D656D4D616E616765206661756CB5
:10BB000074206F6363757272656420647572696E08
:10BB10006720666C6F6174696E672D706F696E74F3
:10BB2000206C617A7920737461746520707265731A
:10BB30006572766174696F6E00000000496E7374FF
:10BB400072756374696F6E20627573206572726FAF
:10BB50007200000044617461206275732065727226
:10BB60006F72202850432076616C75652073746174
:10BB7000636B656420666F72207468652065786306
:10BB8000657074696F6E2072657475726E20706F67
:10BB9000696E747320746F2074686520696E7374A5
:10BBA00072756374696F6E20746861742063617567
:10BBB00073656420746865206661756C7429000083
:10BBC0004461746120627573206572726F722028FF
:10BBD00072657475726E2061646472657373206936
:10BBE0006E2074686520737461636B206672616D8A
:10BBF00065206973206E6F742072656C6174656472
:10BC000020746F2074686520696E73747275637434
:10BC1000696F6E2074686174206361757365642058
:10BC2000746865206572726F72290000556E7374B6
:10BC300061636B20666F7220616E2065786365704A
:10BC400074696F6E2072657475726E2068617320FE
:10BC5000636175736564206F6E65206F72206D6F10
:10BC60007265204275734661756C74730000000044
:10BC7000537461636B696E6720666F7220616E201A
:10BC8000657863657074696F6E20656E7472792073
:10BC900068617320636175736564206F6E65206FE2
:10BCA00072206D6F7265204275734661756C747396
:10BCB000000000004120627573206661756C74207D
:10BCC0006F6363757272656420647572696E672054
:10BCD000666C6F6174696E672D706F696E74206C2D
:10BCE000617A79207374617465207072657365720E
:10BCF000766174696F6E00005468652070726F63BE
:10BD00006573736F722068617320617474656D7000
:10BD100074656420746F206578656375746520614F
:10BD20006E20696E737472756374696F6E207468C7
:10BD30006174206D616B657320696C6C6567616C03
:10BD400020757365206F66207468652045505352D6
:10BD5000000000005468652070726F636573736F34
:10BD6000722068617320617474656D7074656420FD
:10BD7000616E20696C6C6567616C206C6F6164201A
:10BD80006F66204558435F52455455524E20746F9C
:10BD9000207468652050432C2061732061207265F7
:10BDA00073756C74206F6620616E20696E76616CAD
:10BDB000696420636F6E746578742C206F722061E3
:10BDC0006E20696E76616C6964204558435F524508
:10BDD0005455524E2076616C75650000546865209C
:10BDE00070726F636573736F722068617320617422
:10BDF00074656D7074656420746F2061636365732E
:10BE000073206120636F70726F636573736F72006C
:10BE10005468652070726F636573736F7220686118
:10BE200073206D61646520616E20756E616C696759
:10BE30006E6564206D656D6F7279206163636573F3
:10BE4000730000005468652070726F636573736FD0
:10BE5000722068617320657865637574656420611C
:10BE60006E2053444956206F72205544495620692C
:10BE70006E737472756374696F6E2077697468206D
:10BE8000612064697669736F72206F6620300000EC
:10BE9000686172646661756C74000000BCB904006E
:10BEA000FCB904000000000058BA0400A4BA040061
:10BEB000F0BA040000000000000000003CBB0400D9
:10BEC00054BB0400C0BB04002CBC040070BC0400C4
:10BED000B4BC04000000000000000000BCB9040075
:10BEE000F8BC040054BD0400DCBD040000000000E8
:10BEF00000000000000000000000000010BE040070
:10BF000044BE04002F6275696C64732F716F727682
:10BF10006F2F7577622D696F742F70726F6A2F6142
:10BF20007070732D70726F6A656374732F53444B16
:10BF30002F636F6D706F6E656E74732F6C696272B4
:10BF400061726965732F62616C6C6F632F6E7266CC
:10BF50005F62616C6C6F632E630000002F62756915
:10BF60006C64732F716F72766F2F7577622D696FA6
:10BF7000742F70726F6A2F617070732D70726F6A98
:10BF8000656374732F53444B2F65787465726E61CB
:10BF90006C2F667072696E74662F6E72665F667063
:10BFA00072696E74662E63002F6275696C64732FFC
:10BFB000716F72766F2F7577622D696F742F707243
:10BFC0006F6A2F617070732D70726F6A656374731E
:10BFD0002F53444B2F65787465726E616C2F6670B9
:10BFE00072696E74662F6E72665F667072696E74C7
:10BFF000665F666F726D61742E630000303132339C
:10C00000343536373839414243444546705F6673AC
:10C0100000000000257320636865636B206661691A
:10C020006C656420696E20257328292077697468FF
:10C030002076616C756520307825782E0000000030
:10C04000705F617069000000705F66732D3E705F05
:10C0500061706900705F6465737400006C656E00E8
:10C06000616464725F69735F616C69676E65643394
:10C070003228737263290000616464725F69735FC0
:10C0800077697468696E5F626F756E647328705F3C
:10C0900066732C207372632C206C656E290000007F
:10C0A000705F73726300000021286C656E2025208C
:10C0B000705F66732D3E705F666C6173685F696E5A
:10C0C000666F2D3E70726F6772616D5F756E697419
:10C0D00029000000616464725F69735F616C696765
:10C0E0006E65643332286465737429006164647218
:10C0F0005F69735F616C69676E65643332282875A8
:10C10000696E7433325F7429705F73726329000043
:10C11000616464725F69735F77697468696E5F6296
:10C120006F756E647328705F66732C20646573741A
:10C130002C206C656E290000616464725F69735F16
:10C14000706167655F616C69676E656428705F66C2
:10C15000732C20706167655F616464722900000060
:10C16000616464725F69735F77697468696E5F6246
:10C170006F756E647328705F66732C2070616765DD
:10C180005F616464722C20286C656E202A20705FC9
:10C1900066732D3E705F666C6173685F696E666F73
:10C1A0002D3E65726173655F756E697429290000A3
:10C1B0006E72665F6673746F72616765000000007F
:10C1C0006E72665F6673746F726167655F657261D8
:10C1D000736500006E72665F6673746F7261676587
:10C1E0005F777269746500002F6275696C64732FE4
:10C1F000716F72766F2F7577622D696F742F707201
:10C200006F6A2F617070732D70726F6A65637473DB
:10C210002F53444B2F636F6D706F6E656E74732F69
:10C220006C69627261726965732F6D656D6F626AA8
:10C230002F6E72665F6D656D6F626A2E630000001F
:10C240002F6275696C64732F716F72766F2F7577BB
:10C25000622D696F742F70726F6A2F617070732D09
:10C2600070726F6A656374732F53444B2F636F6DE5
:10C27000706F6E656E74732F6C696272617269653E
:10C28000732F6578706572696D656E74616C5F732C
:10C29000656374696F6E5F766172732F6E72665F2D
:10C2A00073656374696F6E5F697465722E630000F5
:10C2B0004E52465F53554343455353004E52465FDB
:10C2C0004552524F525F5356435F48414E444C458E
:10C2D000525F4D495353494E470000004E52465F4E
:10C2E0004552524F525F534F465444455649434579
:10C2F0005F4E4F545F454E41424C454400000000A4
:10C300004E52465F4552524F525F494E5445524E2F
:10C31000414C00004E52465F4552524F525F4E4FC5
:10C320005F4D454D000000004E52465F4552524F52
:10C33000525F4E4F545F464F554E44004E52465F3B
:10C340004552524F525F4E4F545F535550504F52CB
:10C35000544544004E52465F4552524F525F494E3B
:10C3600056414C49445F504152414D004E52465F48
:10C370004552524F525F494E56414C49445F5354C7
:10C38000415445004E52465F4552524F525F494E0E
:10C3900056414C49445F4C454E475448000000000C
:10C3A0004E52465F4552524F525F494E56414C499C
:10C3B000445F464C414753004E52465F4552524FF0
:10C3C000525F494E56414C49445F4441544100003C
:10C3D0004E52465F4552524F525F444154415F5363
:10C3E000495A45004E52465F4552524F525F54499A
:10C3F0004D454F55540000004E52465F4552524F36
:10C40000525F4E554C4C00004E52465F4552524FC3
:10C41000525F464F5242494444454E004E52465F99
:10C420004552524F525F494E56414C49445F414438
:10C43000445200004E52465F4552524F525F4255A1
:10C44000535900004E52465F4552524F525F434F80
:10C450004E4E5F434F554E54000000004E52465F13
:10C460004552524F525F5245534F55524345530028
:10C470004E52465F4552524F525F4D4F44554C45C8
:10C480005F4E4F545F494E495449414C495A4544C7
:10C49000000000004E52465F4552524F525F4D55CC
:10C4A0005445585F494E49545F4641494C45440004
:10C4B0004E52465F4552524F525F4D555445585F5C
:10C4C0004C4F434B5F4641494C4544004E52465FFA
:10C4D0004552524F525F4D555445585F554E4C4F43
:10C4E000434B5F4641494C45440000004E52465F75
:10C4F0004552524F525F4D555445585F434F4E443D
:10C500005F494E49545F4641494C45440000000094
:10C510004E52465F4552524F525F4D4F44554C4527
:10C520005F414C52454144595F494E495449414C41
:10C53000495A4544000000004E52465F4552524F52
:10C54000525F53544F524147455F46554C4C000093
:10C550004E52465F4552524F525F4150495F4E4FD7
:10C56000545F494D504C454D454E544544000000E4
:10C570004E52465F4552524F525F464541545552C6
:10C58000455F4E4F545F454E41424C4544000000CC
:10C590004E52465F4552524F525F494F5F50454E93
:10C5A00044494E47000000004E52465F4552524FEC
:10C5B000525F4452565F5457495F4552525F4F563F
:10C5C000455252554E0000004E52465F4552524F62
:10C5D000525F4452565F5457495F4552525F414E35
:10C5E00041434B004E52465F4552524F525F4452B8
:10C5F000565F5457495F4552525F444E41434B008A
:10C600004E52465F4552524F525F424C455F495031
:10C6100053505F52585F504B545F5452554E4341F4
:10C62000544544004E52465F4552524F525F424C71
:10C63000455F495053505F4348414E4E454C5F4122
:10C640004C52454144595F455849535453000000EA
:10C650004E52465F4552524F525F424C455F4950E1
:10C6600053505F4C494E4B5F444953434F4E4E45E8
:10C6700043544544000000004E52465F4552524F1D
:10C68000525F424C455F495053505F504545525FA1
:10C6900052454A454354454400000000556E6B6EB8
:10C6A0006F776E206572726F7220636F6465000031
:10C6B00000000000B0C2040001000000BCC2040081
:10C6C00002000000DCC204000300000000C30400FC
:10C6D0000400000014C304000500000028C3040087
:10C6E000060000003CC304000700000054C304001F
:10C6F000080000006CC304000900000084C30400AB
:10C700000A000000A0C304000B000000B8C304002E
:10C710000C000000D0C304000D000000E4C30400BE
:10C720000E000000F8C304000F00000008C404005D
:10C73000100000001CC404001100000034C40400F8
:10C740001200000044C40400130000005CC4040094
:10C750008000000070C404008100000094C4040044
:10C7600082000000B0C4040083000000CCC40400B8
:10C7700084000000ECC404008500000010C5040023
:10C780008600000038C504009000000050C5040079
:10C790009100000070C504009200000090C50400E4
:10C7A00000820000A8C5040001820000C8C5040082
:10C7B00002820000E4C504000084000000C60400FA
:10C7C0000184000024C604000284000050C6040056
:10C7D0000384000078C60400886A3F24D308A38538
:10C7E0002E8A191344737003223809A4D0319F296B
:10C7F00098FA2E08896C4EECE62128457713D0383C
:10C80000CF6654BE6C0CE934B729ACC0DD507CC98E
:10C81000B5D5843F170947B5D9D516921BFB798941
:10C82000A60B31D1ACB5DF98DB72FD2FB7DF1AD084
:10C83000EDAFE1B8967E266A45907CBA997F2CF1DF
:10C840004799A124F76C91B3E2F2010816FC8E859A
:10C85000D8206963694E5771A3FE58A47E3D93F4B6
:10C860008F74950D58B68E7258CD8B71EE4A158225
:10C870001DA4547BB5595AC239D5309C1360F22A95
:10C8800023B0D1C5F0856028187941CAEF38DBB8EC
:10C89000B0DC798E0E183A608B0E9E6C3E8A1EB00C
:10C8A000C17715D7274B31BDDA2FAF78605C605563
:10C8B000F32555E694AB55AA629848574014E863AF
:10C8C0006A39CA55B610AB2A345CCCB4CEE84111F3
:10C8D000AF8654A193E9727C1114EEB32ABC6F6346
:10C8E0005DC5A92BF6311874163E5CCE1E93879B4E
:10C8F00033BAD6AF5CCF246C8153327A77869528D1
:10C9000098488F3BAFB94B6B1BE8BFC49321286697
:10C91000CC09D86191A921FB60AC7C483280EC5DE8
:10C920005D5D84EFB17585E9022326DC881B65EB2C
:10C93000813E8923C5AC96D3F36F6D0F3942F483E2
:10C9400082440B2E042084A44AF0C8695E9B1F9E7B
:10C950004268C6219A6CE9F6619C0C67F088D3ABFB
:10C96000D2A0516A682F54D828A70F96A33351AB91
:10C970006C0BEF6EE43B7A1350F03BBA982AFB7EC7
:10C980001D65F1A17601AF393E59CA66880E438212
:10C990001986EE8CB49F6F45C3A5847DBE5E8B3B2C
:10C9A000D8756FE07320C1859F441A40A66AC156AE
:10C9B00062AAD34E06773F3672DFFE1B3D029B42D2
:10C9C00024D7D03748120AD0D3EA0FDB9BC0F149F5
:10C9D000C97253077B1B9980D879D425F7DEE8F616
:10C9E0001A50FEE33B4C79B6BDE06C97BA06C00422
:10C9F000B64FA9C1C4609F40C29E5C5E63246A19A1
:10CA0000AF6FFB68B5536C3EEBB239136FEC523B22
:10CA10001F51FC6D2C95309B444581CC09BD5EAF08
:10CA200004D0E3BEFD4A33DE07280F66B34B2E1950
:10CA300057A8CBC00F74C845395F0BD2DBFBD3B905
:10CA4000BDC079550A32601AC600A1D679722C4051
:10CA5000FE259F67CCA31FFBF8E9A58EF82232DBE9
:10CA6000DF16753C156B61FDC81E502FAB5205AD2E
:10CA7000FAB53D32608723FD487B315382DF003EAB
:10CA8000BB575C9EA08C6FCA2E56871ADB6917DFD6
:10CA9000F6A842D5C3FF7E28C63267AC73554F8CCB
:10CAA000B0275B69C858CABB5DA3FFE1A011F0B80D
:10CAB000983DFA10B88321FD6CB5FC4A5BD3D12DAB
:10CAC00079E4539A6545F8B6BC498ED29097FB4BF2
:10CAD000DAF2DDE1337ECBA44113FB62E8C6E4CE9B
:10CAE000DACA20EF014C7736FE9E7ED0B41FF12BC0
:10CAF0004DDADB95989190AE718EADEAA0D5936B2F
:10CB0000D0D18ED0E025C7AF2F5B3C8EB794758E09
:10CB1000FBE2F68F642B12F212B888881CF00D909D
:10CB2000A05EAD4F1CC38F6891F1CFD1ADC1A8B34A
:10CB300018222F2F77170EBEFE2D75EAA11F028B2C
:10CB40000FCCA0E5E8746FB5D6F3AC1899E289CEA6
:10CB5000E04FA8B4B7E013FD813BC47CD9A8ADD2A7
:10CB600066A25F16057795801473CC9377141A210B
:10CB70006520ADE686FAB577F54254C7CF359DFB03
:10CB80000CAFCDEBA0893E7BD31B41D6497E1EAEB8
:10CB90002D0E25005EB37120BB006822AFE0B857B0
:10CBA0009B3664241EB909F01D916355AAA6DF596E
:10CBB0008943C1787F535AD9A25B7D20C5B9E5026C
:10CBC00076032683A9CF95626819C811414A734E2E
:10CBD000CA2D47B34AA9147B5200511B1529539AF9
:10CBE0003F570FD6E4C69BBC76A4602B0074E68149
:10CBF000B56FBA081FE91B576BEC96F215D90D2AD1
:10CC0000216563B6B6F9B9E72E0534FF645685C5CC
:10CC10005D2DB053A18F9FA99947BA086A07856E09
:10CC2000E9707A4B4429B3B52E0975DB232619C464
:10CC3000B0A66EAD7DDFA749B860EE9C66B2ED8F01
:10CC4000718CAAECFF179A696C526456E19EB1C2CE
:10CC5000A5023619294C0975401359A03E3A18E42B
:10CC60009A98543F659D425BD6E48F6BD63FF79907
:10CC7000079CD2A1F530E8EFE6382D4DC15D25F0D7
:10CC80008620DD4C26EB7084C6E982635ECC1E02F2
:10CC90003F6B6809C9EFBA3E1418973CA1706A6BE4
:10CCA00084357F6886E2A05205539CB7370750AAA7
:10CCB0001C84073E5CAEDE7FEC447D8EB8F21657D6
:10CCC00037DA3AB00D0C50F0041F1CF0FFB300022D
:10CCD0001AF50CAEB274B53C587A8325BD2109DC37
:10CCE000F91391D1F62FA97C734732940147F522AD
:10CCF00081E5E53ADCDAC2373476B5C8A7DDF39AC8
:10CD0000466144A90E03D00F3EC7C8EC411E75A46E
:10CD100099CD38E22F0EEA3BA1BB803231B33E18E9
:10CD2000388B544E08B96D4F030D426FBF040AF69D
:10CD30009012B82C797C972472B07956AF89AFBC29
:10CD40001F779ADE100893D912AE8BB32E3FCFDC3B
:10CD50001F72125524716B2EE6DD1A5087CD849F09
:10CD60001847587A17DA0874BC9A9FBC8C7D4BE937
:10CD70003AEC7AECFA1D85DB66430963D2C364C4DE
:10CD800047181CEF08D91532373B43DD16BAC224C9
:10CD9000434DA11251C4652A02009450DDE43A13B8
:10CDA0009EF8DF71554E3110D677AC819B19115F1B
:10CDB000F15635046BC7A3D73B18113C09A524597C
:10CDC000EDE68FF2FAFBF1972CBFBA9E6E3C151E72
:10CDD0007045E386B16FE9EA0A5E0E86B32A3E5AD1
:10CDE0001CE71F77FA063D4EB9DC65290F1DE79950
:10CDF000D6893E8025C8665278C94C2E6AB3109CED
:10CE0000BA0E15C678EAE294533CFCA5F42D0A1E2E
:10CE1000A74EF7F23D2B1D360F2639196079C2193E
:10CE200008A72352B61213F76EFEADEB661FC3EAD6
:10CE30009545BCE383C87BA6D1377FB128FF8C0121
:10CE4000EFDD32C3A55A6CBE852158650298AB68E8
:10CE50000FA5CEEE3B952FDBAD7DEF2A842F6E5BC9
:10CE600028B62115706107297547DDEC10159F6103
:10CE700030A8CC1396BD61EB1EFE3403CF6303AA2A
:10CE8000905C73B539A2704C0B9E9ED514DEAACB74
:10CE9000BC86CCEEA72C6260AB5CAB9C6E84F3B21C
:10CEA000AF1E8B64CAF0BD19B96923A050BB5A6587
:10CEB000325A6840B3B42A3CD5E99E31F7B821C054
:10CEC000190B549B99A05F877E99F795A87D3D62C9
:10CED0009A8837F8772DE3975F93ED1181126816E2
:10CEE0002988350ED61FE6C7A1DFDE9699BA587895
:10CEF000A584F5576372221BFFC3839B9646C21A13
:10CF0000EB0AB3CD54302E53E448D98F2831BC6D91
:10CF1000EFF2EB58EAFFC63461ED28FE733C7CEE7D
:10CF2000D9144A5DE3B764E8145D1042E0133E2073
:10CF3000B6E2EE45EAABAAA3154F6CDBD04FCBFAB5
:10CF400042F442C7B5BB6AEF1D3B4F650521CD4199
:10CF50009E791ED8C74D85866A474BE45062813D55
:10CF6000F2A162CF46268D5BA08388FCA3B6C7C121
:10CF7000C324157F9274CB690B8A844785B292567D
:10CF800000BF5B099D4819AD74B16214000E822385
:10CF90002A8D4258EAF5550C3EF4AD1D61703F23D1
:10CFA00092F07233417E938DF1EC5FD6DB3B226CC5
:10CFB0005937DE7C6074EECBA7F285406E3277CEB7
:10CFC000848007A69E50F81955D8EFE83597D961A7
:10CFD000AAA769A9C2060CC5FCAB045ADCCA0B801F
:10CFE0002E7A449E843445C30567D5FDC99E1E0E26
:10CFF000D3DB73DBCD88551079DA5F67404367E395
:10D000006534C4C5D8383E719EF8283D20FF6DF1C7
:10D01000E7213E154A3DB08F2B9FE3E6F7AD83DB5A
:10D02000685A3DE9F74081941C264CF634296994EE
:10D03000F7201541F7D402762E6BF4BC6800A2D419
:10D04000712408D46AF42033B7D4B743AF610050D9
:10D050002EF6391E46452497744F211440888BBF05
:10D060001DFC954DAF91B596D3DDF470452FA066AC
:10D07000EC09BCBF8597BD03D06DAC7F0485CB3177
:10D08000B327EB964139FD55E64725DA9A0ACAAB34
:10D0900025785028F4290453DA862C0AFB6DB6E96A
:10D0A0006214DC68006948D7A4C00E68EE8DA12721
:10D0B000A2FE3F4F8CAD87E806E08CB5B6D6F47A79
:10D0C0007C1ECEAAEC5F37D399A378CE422A6B4060
:10D0D000359EFE20B985F3D9ABD739EE8B4E123B86
:10D0E000F7FAC91D56186D4B3166A326B297E3EACD
:10D0F00074FA6E3A32435BDDF7E74168FB2078CA89
:10D100004EF50AFB97B3FED8AC564045279548BA72
:10D110003A3A5355878D8320B7A96BFE4B9596D02D
:10D12000BC67A855589A15A16329A9CC33DBE199AE
:10D13000564A2AA6F925313F1C7EF45E7C3129909F
:10D1400002E8F8FD702F27045C15BB80E32C28054E
:10D150004815C195226DC6E43F13C148DC860FC750
:10D16000EEC9F9070F1F0441A4794740176E885D87
:10D17000EB515F32D1C09BD58FC1BCF264351141F8
:10D1800034787B25609C2A60A3E8F8DF1B6C631F62
:10D19000C2B4120E9E32E102D14F66AF1581D1CAE0
:10D1A000E095236BE1923E33620B243B22B9BEEE45
:10D1B0000EA2B285990DBAE68C0C72DE28F7A22D6C
:10D1C000457812D0FD94B79562087D64F0F5CCE700
:10D1D0006FA34954FA487D8727FD9DC31E8D3EF3FA
:10D1E0004163470A74FF2E99AB6E6F3A37FDF8F42E
:10D1F00060DC12A8F8DDEBA14CE11B990D6B6EDB36
:10D2000010557BC6372C676D3BD4652704E8D0DC0E
:10D21000C70D29F1A3FF00CC920F39B50BED0F69B3
:10D22000FB9F7B669C7DDBCE0BCF91A0A35E15D9C7
:10D23000882F13BB24AD5B51BF79947BEBD63B7633
:10D24000B32E3937795911CC97E226802D312EF43F
:10D25000A7AD42683B2B6AC6CC4C75121CF12E78E8
:10D260003742126AE75192B7E6BBA1065063FB4B07
:10D2700018106B1AFAEDCA11D8BD253DC9C3E1E2F9
:10D28000591642448613120A6EEC0CD92AEAABD521
:10D290004E67AF645FA886DA88E9BFBEFEC3E46468
:10D2A0005780BC9D86C0F7F0F87B78604D600360C6
:10D2B0004683FDD1B01F38F604AE4577CCFC36D797
:10D2C000336B428371AB1EF0874180B05F5E003CE0
:10D2D000BE57A07724AEE8BD99424655612E58BF8F
:10D2E0008FF4584EA2FDDDF238EF74F4C2BD898789
:10D2F000C3F96653748EB3C855F275B4B9D9FC46F8
:10D300006126EB7A84DF1D8B790E6A84E2955F914A
:10D310008E596E467057B4209155D58C4CDE02C99B
:10D32000E1AC0BB9D00582BB4862A8119EA9747507
:10D33000B6197FB709DCA9E0A1092D66334632C4CE
:10D34000021F5AE88CBEF00925A0994A10FE6E1DF6
:10D350001D3DB91ADFA4A50B0FF286A169F168285B
:10D3600083DAB7DCFE0639579BCEE2A1527FCD4F60
:10D37000015E1150FA8306A7C4B502A027D0E60DBE
:10D38000278CF89A41863F77064C60C3B506A861A2
:10D39000287A17F0E086F5C0AA586000627DDC307C
:10D3A000D79EE61163EA382394DDC2533416C2C215
:10D3B00056EECBBBDEB6BC90A17DFCEB761D59CE04
:10D3C00009E4056F88017C4B3D0A7239247C927C0C
:10D3D0005F72E386B99D4D72B45BC11AFCB89ED3EF
:10D3E000785554EDB5A5FC08D37C3DD8C40FAD4DA0
:10D3F0005EEF501EF8E661B1D91485A23C13516C62
:10D40000E7C7D56FC44EE156CEBF2A3637C8C6DD52
:10D4100034329AD7128263928EFA0E67E00060402F
:10D4200037CE393ACFF5FAD33777C2AB1B2DC55A71
:10D430009E67B05C4237A34F402782D3BE9BBC9906
:10D440009D8E11D515730FBF7E1C2DD67BC400C7D2
:10D450006B1B8CB74590A121BEB16EB2B46E366A1B
:10D460002FAB4857796E94BCD276A3C6C8C2496523
:10D47000EEF80F537DDE8D461D0A73D5C64DD04C98
:10D48000DBBB39295046BAA9E82695AC04E35EBE59
:10D49000F0D5FAA19A512D6AE28CEF6322EE869ABA
:10D4A000B8C289C0F62E2443AA031EA5A4D0F29CBC
:10D4B000BA61C0834D6AE99B5015E58FD65B64BAAB
:10D4C000F9A22628E13A3AA78695A94BE96255EFD9
:10D4D000D3EF2FC7DAF752F7696F043F590AFA778B
:10D4E00015A9E4800186B087ADE6099B93E53E3B34
:10D4F0005AFD90E997D7349ED9B7F02C518B2B0267
:10D500003AACD5967DA67D01D63ECFD1282D7D7C27
:10D51000CF259F1F9BB8F2AD72B4D65A4CF5885AEE
:10D5200071AC29E0E6A519E0FDACB0479BFA93ED9C
:10D530008DC4D3E8CC573B282966D5F8282E13791B
:10D5400091015F78556075ED440E96F78C5ED3E3DC
:10D55000D46D0515BA6DF4882561A103BDF064058D
:10D56000159EEBC3A257903CEC1A27972A073AA9BD
:10D570009B6D3F1BF521631EFB669CF519F3DC26B2
:10D5800028D93375F5FD55B182345603BB3CBA8AB0
:10D5900011775128F8D90AC26751CCAB5F92ADCC54
:10D5A0005117E84D8EDC303862589D3791F9209341
:10D5B000C2907AEACE7B3EFB64CE215132BE4F77D9
:10D5C0007EE3B6A8463D29C36953DE4880E613646E
:10D5D0001008AEA224B26DDDFD2D85696621070914
:10D5E0000A469AB3DDC04564CFDE6C58AEC8201C35
:10D5F000DDF7BE5B408D581B7F01D2CCBBE3B46B23
:10D600007E6AA2DD45FF593A440A353ED5CDB4BC09
:10D61000A8CEEA72BB8464FAAE12668D476F3CBF37
:10D6200063E49BD29E5D2F541B77C2AE70634EF6AF
:10D630008D0D0E7457135BE7711672F85D7D53AF55
:10D6400008CB4040CCE2B44E6A46D23484AF1501D8
:10D650002804B0E11D3A9895B49FB80648A06ECE54
:10D66000823B3F6F82AB20354B1D1A01F827722792
:10D67000B1601561DC3F93E72B793ABBBD2545349A
:10D68000E13988A04B79CE51B7C9322FC9BA1FA052
:10D690007EC81CE0F6D1C7BCC31101CFC7AAE8A160
:10D6A0004987901A9ABD4FD4CBDEDAD038DA0AD542
:10D6B0002AC33903673691C67C31F98D4F2BB1E00F
:10D6C000B7599EF73ABBF543FF19D5F29C45D927C8
:10D6D0002C2297BF2AFCE61571FC910F2515949B0F
:10D6E0006193E5FAEB9CB6CE5964A8C2D1A8BA12F0
:10D6F0005E07C1B60C6A05E36550D21042A403CBA5
:10D700000E6EECE03BDB9816BEA0984C64E97832D4
:10D7100032951F9FDF92D3E02B34A0D31EF2718984
:10D7200041740A1B8C34A34B2071BEC5D83276C31A
:10D730008D9F35DF2E2F999B476F0BE61DF1E30F71
:10D7400054DA4CE591D8DA1ECF7962CE6F7E3ECDA9
:10D7500066B11816051D2CFDC5D28F849922FBF6E3
:10D7600057F323F5237632A63135A89302CDCC5654
:10D770006281F0ACB5EB755A9736166ECC73D288D1
:10D78000926296DED049B9811B90504C1456C671F6
:10D79000BDC7C6E60A147A3206D0E1459A7BF2C3C9
:10D7A000FD53AAC9000FA862E2BF25BBF6D2BD3562
:10D7B00005691271220204B27CCFCBB62B9C76CDC8
:10D7C000C03E1153D3E3401660BDAB38F0AD4725E2
:10D7D0009C2038BA76CE46F7C5A1AF776060752039
:10D7E0004EFECB85D88DE88AB0F9AA7A7EAAF94C8C
:10D7F0005CC248198C8AFB02E46AC301F9E1EBD6EA
:10D8000069F8D490A0DE5CA62D25093F9FE608C2EA
:10D8100032614EB75BE277CEE3DF8F57E672C33AF1
:10D8200070822CECB327C0E5E4855735EA0CAE4195
:10D8300023EF6B934519A521ED0E4F4E1D6592BD4B
:10D8400086B8AF8F7CEB1FCE3E30DC5F5EC50B1A17
:10D85000A6E139CAD5475D3DD9015AD651566C4D1E
:10D860008B0D9A66FBCCB02D74122B20F0B18499ED
:10D87000DF4CCBC2347E76056DB7A931D11704D702
:10D8800014583A61DE1B111C320F9C165318F222F9
:10D89000FE44CFB2C3B57A912408E8A860FC695071
:10D8A000AAD0A07DA1896297545B1E95E0FF64D247
:10D8B00010C40048A3F775DB8A03E6DA093FDD945C
:10D8C000875C8302CD4A90337367F6F39D7FBFE296
:10D8D000529BD826C837C63B81966F4B13BE632E2A
:10D8E000E979A78C9F6EBC8E29F5F9B62FFDB45946
:10D8F0007898066AE74671BAD425AB4288A28DFAB9
:10D900007207B955F8EEAC0A36492A683C38F1A4DA
:10D910004028D37BBBC943C115E3ADF477C7809ED4
:10D92000E00558D9674E81CBC90BAE6AD5185D8228
:10D9300046DFD6278A324B42DB1C9E9C3ACA257BA7
:10D940000D715F1FF8D73E9D7C60B9BEBC8B16344D
:10D950004DC37295AB8EBA7AB302B4ADA2ACD89A6D
:10D96000171A35CCF799615AE8245640E163093318
:10D97000BF98978568FCEC0ADA6F5362A32E08AF54
:10D9800028B074C2BD362238641E392CA630E54456
:10D99000FD889F65876BF4234810D151C0F9D2A050
:10D9A00055A141FA4313C42FA8B63C2BC1FFC8A50B
:10D9B0002089009047EFEAB71506CDB5127EBB2946
:10D9C0000FB807049B942166E6CEEDE73BFE7FC5CA
:10D9D000A437B14C916E8D76032DDE96267DC65C04
:10D9E000D3F24F193FDC791D52EBF36D5EFB69B248
:10D9F000F0310CD4CF8CE275A94A578411451BF540
:10DA0000E40E73AAF1DD59146C9254D07870E34996
:10DA10008050A7F6779386832AC75BE9EE8F013D96
:10DA200038411676D99360F272C2AB9A750657A048
:10DA300091F7B5C9A28CD290F607A7278EB249DE1E
:10DA4000435CD7C73EF58F671F186EAF2FE2850D79
:10DA500053F09C65EAA3AE9EEC802D6BA82B36A6F6
:10DA6000C5864D33FD6658963A09951078D842CC54
:10DA7000EF26E5611A3F3B82B6DBD498E88B02EBD8
:10DA80000A2C1DB06F8D880E19874E0BA90C7911C9
:10DA90007F22E759E1DA3DC812047454307EB4287D
:10DAA000556850BED0C431CB2AAD0FCA70FF326961
:10DAB00008620024D1FBBAED4581736D849FEE4A64
:10DAC000C32EC101E6254899B9B37BF9CEBFDF71FA
:10DAD00029CD6C13649B639DC04BB7A5895FB117BB
:10DAE000F4BCD346CF375E4794FAFC5B97FE5AAC42
:10DAF0003C4C0335F323B85D6A92D5214451C67D71
:10DB00003983DCAA7C7756051BA415341E1CF852F9
:10DB10002014E9BDDDE4A1E08AF1D67ABBE3404FF1
:10DB2000702CB3C0E457EAAE236B45A5ED4F1D92B0
:10DB300086AF7C1F3EDC5E0BA639D55DD95A516C91
:10DB40008B9AFBB0742BF084DFCB34766DA9D104B3
:10DB5000143ADE11329C53F2FECFC37A24E8606996
:10DB6000AAA0A162541EE0641000A3758AE609DD34
:10DB70008783CD9073F69DBF52D8C8C6816F13635B
:10DB8000E9A79FBC29F92FB47806E771D4AB888D3B
:10DB900072B9F8AC362A3CF140D3BB4315AD77805F
:10DBA00082EC27E585350C41EF9319210E4E65BDBA
:10DBB000B88FEBCE305FC51AE1CA473D01D6564D4E
:10DBC0000D66CC2D1220B1994CC27E05B73117D706
:10DBD00058611B1C0F16182244B2B59108A8FC50BE
:10DBE000D07D89975B95FFD2C448F7DB03DA3F9479
:10DBF0005C024A3367F37FE29B26373B964BBE2E8F
:10DC0000798C6E8EF5B6FD59986A46BA2542A2FA0D
:10DC10000755EE0A496838A4287BC9C1E3F4C79EBA
:10DC2000A09E667F3BCC908BB67AE8584CAA73B224
:10DC3000C6EF372FE94F82BE54FF53A5F1D36F1CB7
:10DC400010E527FADE682D1DB05688C2B3E6C1FD87
:10DC50000001020308090A0B2627242517141516AC
:10DC60001BFFFF1AFFFFFFFFFFFFFFFFFFFFFFFF8D
:10DC7000FFFFFFFFFFFFFFFF040506070C0D0E0F60
:10DC800010111213FF1819FF1F1C1D1EFFFFFFFFAD
:10DC9000FFFFFFFFFFFFFFFFFFFFFFFFFFFFFFFF94
:10DCA000000102033D3E3F3CFFFFFFFF1B18191A16
:10DCB00023202122FFFFFFFF08090A0B1011121376
:10DCC000FFFFFFFF27242526FFFFFFFF0C0D0E0F90
:10DCD0003A3B38391F1C1D1EFFFFFFFF04050607D6
:10DCE0004142434014151617FFFFFFFF2B28292A36
:10DCF000010101010000000001010101000000001C
:10DD00000100010101010001010101000101000107
:10DD100015161714FFFFFFFF121310110B08090A45
:10DD20000F0C0D0E191A1B181D1E1F1C121310119B
:10DD3000FFFFFFFFFFFFFFFF415243342D31323819
:10DD400000000000424C4F57464953482D4354525F
:10DD500000000000424C4F57464953482D4346426D
:10DD600036340000424C4F57464953482D434243F6
:10DD700000000000424C4F57464953482D4543424E
:10DD8000000000004445532D454445332D43424394
:10DD9000000000004445532D454445332D45434282
:10DDA000000000004445532D4544452D43424300A7
:10DDB0004445532D4544452D454342004445532D8C
:10DDC000434243004445532D4543420043414D45A2
:10DDD0004C4C49412D3235362D43434D0000000057
:10DDE00043414D454C4C49412D3139322D43434D32
:10DDF0000000000043414D454C4C49412D31323823
:10DE00002D43434D0000000043414D454C4C4941DA
:10DE10002D3235362D47434D0000000043414D451E
:10DE20004C4C49412D3139322D47434D0000000003
:10DE300043414D454C4C49412D3132382D47434DDE
:10DE40000000000043414D454C4C49412D323536D0
:10DE50002D4354520000000043414D454C4C494174
:10DE60002D3139322D4354520000000043414D45BD
:10DE70004C4C49412D3132382D43545200000000A2
:10DE800043414D454C4C49412D3235362D43464298
:10DE90003132380043414D454C4C49412D313932E6
:10DEA0002D4346423132380043414D454C4C4941A7
:10DEB0002D3132382D4346423132380043414D45F1
:10DEC0004C4C49412D3235362D4342430000000071
:10DED00043414D454C4C49412D3139322D4342434C
:10DEE0000000000043414D454C4C49412D31323832
:10DEF0002D4342430000000043414D454C4C4941F5
:10DF00002D3235362D4543420000000043414D453A
:10DF10004C4C49412D3139322D454342000000001F
:10DF200043414D454C4C49412D3132382D454342FA
:10DF3000000000004145532D3235362D43434D003E
:10DF40004145532D3139322D43434D004145532D29
:10DF50003132382D43434D004145532D3235362D56
:10DF600047434D004145532D3139322D47434D0034
:10DF70004145532D3132382D47434D004145532DF6
:10DF80003235362D435452004145532D3139322D0F
:10DF9000435452004145532D3132382D43545200E1
:10DFA0004145532D3235362D43464231323800003B
:10DFB0004145532D3139322D43464231323800002C
:10DFC0004145532D3132382D43464231323800001D
:10DFD0004145532D3235362D434243004145532DA3
:10DFE0003139322D434243004145532D3132382DD2
:10DFF000434243004145532D3235362D45434200BF
:10E000004145532D3139322D454342004145532D71
:10E010003132382D454342000502000080000000E7
:10E02000E8DF040010000000000000001000000005
:10E0300010E204002B080000800000004CDF040008
:10E040000C000000010000001000000034E5040096
:10E050000803000080000000C0DF04001000000082
:10E06000000000001000000010E204000B0500009A
:10E070008000000094DF0400100000000000000099
:10E080001000000010E20400020100008000000007
:10E090000CE0040010000000000000001000000070
:10E0A00010E204000E0600008000000070DF040093
:10E0B0000C0000000100000010000000A4E60400B5
:10E0C00006020000C0000000DCDF040010000000B9
:10E0D000000000001000000010E204002C08000006
:10E0E000C000000040DF04000C0000000100000040
:10E0F0001000000034E5040009030000C000000027
:10E10000B0DF04001000000000000000100000005C
:10E1100010E204000C050000C000000088DF0400CD
:10E1200010000000000000001000000010E20400D9
:10E1300003010000C000000000E004001000000027
:10E14000000000001000000010E204000F060000B4
:10E15000C000000064DF04000C00000001000000AB
:10E1600010000000A4E60400070200000001000007
:10E17000D0DF0400100000000000000010000000CC
:10E1800010E204002D0800000001000034DF04004C
:10E190000C000000010000001000000034E5040045
:10E1A0000A03000000010000A0DF040010000000CE
:10E1B000000000001000000010E204000D05000047
:10E1C000000100007CDF04001000000000000000DF
:10E1D0001000000010E20400040100000001000033
:10E1E000F4DF040010000000000000001000000038
:10E1F00010E20400100600000001000058DF0400D7
:10E200000C0000000100000010000000A4E6040063
:10E210000200000035480200314802002D4802008B
:10E2200029480200000000002548020021480200A1
:10E2300009480200F54702002A070000800000009C
:10E2400038DD0400000000000000000001000000B4
:10E2500054E204000700000000000000000000007D
:10E260000000000000000000F1470200D547020056
:10E27000D5470200BD470200A9470200270200005F
:10E280008000000064DD04000800000002000000BF
:10E2900008000000ECE204002803000080000000F9
:10E2A00054DD040008000000020000000800000027
:10E2B000ECE20400290500008000000044DD0400B9
:10E2C000080000000200000008000000ECE204006A
:10E2D000260100008000000074DD0400080000003A
:10E2E0000200000008000000ECE20400060000004C
:10E2F000A5470200A14702009D470200994702007E
:10E300000000000095470200954702007D4702008B
:10E31000694702001402000080000000E4DE0400EF
:10E320001000000000000000100000000CE50400D8
:10E330002E08000080000000F4DD04000C00000046
:10E3400001000000100000005CE50400170300005D
:10E3500080000000A8DE04001000000000000000A3
:10E36000100000000CE504001A0500008000000009
:10E370006CDE04001000000000000000100000002F
:10E380000CE50400110100008000000020DF040003
:10E390001000000000000000100000000CE5040068
:10E3A0001D0600008000000030DE04000C000000AC
:10E3B0000100000010000000CCE60400150200007F
:10E3C000C0000000D0DE04001000000000000000CB
:10E3D000100000000CE504002F080000C000000041
:10E3E000E0DD04000C00000001000000100000004F
:10E3F0005CE5040018030000C000000094DE040087
:10E400001000000000000000100000000CE50400F7
:10E410001B050000C000000058DE040010000000D2
:10E4200000000000100000000CE5040012010000D4
:10E43000C00000000CDF040010000000000000001D
:10E44000100000000CE504001E060000C0000000E3
:10E450001CDE04000C0000000100000010000000A1
:10E46000CCE604001602000000010000BCDE04003F
:10E470001000000000000000100000000CE5040087
:10E480003008000000010000CCDD04000C0000009A
:10E4900001000000100000005CE50400190300000A
:10E4A0000001000080DE04001000000000000000F9
:10E4B000100000000CE504001C0500000001000035
:10E4C00044DE040010000000000000001000000006
:10E4D0000CE504001301000000010000F8DE040058
:10E4E0001000000000000000100000000CE5040017
:10E4F0001F0600000001000008DE04000C00000000
:10E500000100000010000000CCE60400050000003F
:10E5100065470200614702005D470200594702005B
:10E520000000000055470200514702003947020031
:10E53000254702000200000000000000000000006B
:10E54000000000000000000000000000D5460200AE
:10E55000D5460200B14602009D46020005000000BB
:10E5600000000000000000000000000000000000AB
:10E5700000000000C9460200C9460200B146020080
:10E580009D4602002102000040000000BCDD0400A6
:10E590000800000000000000080000007CE6040005
:10E5A0002001000040000000C4DD0400080000005D
:10E5B00000000000080000007CE6040025020000C6
:10E5C000C000000084DD040008000000000000001E
:10E5D00008000000F4E5040024010000C000000071
:10E5E00094DD0400080000000000000008000000A6
:10E5F000F4E50400040000004D4602004946020014
:10E60000000000000000000000000000454602007D
:10E61000414602002946020015460200230200007E
:10E6200080000000A4DD04000800000000000000DD
:10E630000800000054E604002201000080000000F1
:10E64000B0DD040008000000000000000800000029
:10E6500054E60400030000004D4602004946020053
:10E660000000000000000000000000005946020009
:10E67000554602002946020015460200030000002C
:10E6800095460200914602000000000000000000D4
:10E69000000000008D46020089460200714602001B
:10E6A0005D460200020000000000000000000000C3
:10E6B00000000000000000000000000019470200F8
:10E6C00019470200F5460200E1460200050000007D
:10E6D000000000000000000000000000000000003A
:10E6E000000000000D4702000D470200F546020041
:10E6F000E14602000200000088E004000300000080
:10E7000030E1040004000000D8E10400050000002E
:10E7100018E0040006000000C0E00400070000004C
:10E7200068E104000800000050E004000900000057
:10E73000F8E004000A000000A0E104000B00000063
:10E740006CE004000C00000014E104000D00000067
:10E75000BCE104000E000000A4E004000F00000073
:10E760004CE1040010000000F4E104002B00000064
:10E7700034E004002C000000DCE004002D00000068
:10E7800084E104002A00000038E2040026000000B2
:10E79000D0E20400270000007CE204002800000012
:10E7A00098E2040029000000B4E204001100000017
:10E7B00084E30400120000002CE4040013000000B5
:10E7C000D4E404001400000014E304001500000069
:10E7D000BCE304001600000064E40400170000001D
:10E7E0004CE3040018000000F4E3040019000000EA
:10E7F0009CE404001A00000068E304001B00000011
:10E8000010E404001C000000B8E404001D00000037
:10E81000A0E304001E00000048E404001F00000004
:10E82000F0E404002E00000030E304002F0000009C
:10E83000D8E304003000000080E404002000000061
:10E84000A0E504002200000038E6040024000000D7
:10E85000D8E504002100000084E504002300000046
:10E860001CE6040025000000BCE5040000000000D8
:10E870000000000000000000010000000001000096
:10E880000101000000000100010001000001010081
:10E890000101010000000001010000010001000170
:10E8A000010100010000010101000101000101015D
:10E8B0000101010100000000000000010000010052
:10E8C0000000010100010000000100010001010041
:10E8D0000001010101000000010000010100010030
:10E8E000010001010101000001010001010101001D
:10E8F000010101010004010100000000000001000D
:10E9000004040101040001010404010004000000EA
:10E9100000000100000400000004010104040101E2
:10E9200000040000040400010400010100000001D3
:10E9300004000000040400000004000100040001C1
:10E9400000040100000401000000010100000101B9
:10E95000040400010400010004000001040000019F
:10E960000400010000000000040400000404010091
:10E970000000000100000100040401010400000087
:10E98000000001010004010100000001000000017D
:10E990000004000004000101000001000004010067
:10E9A0000400000100040000040000000404000151
:10E9B000040401000404010104000100000001013D
:10E9C0000404000104000001040400000404010028
:10E9D000000401010404000000040001000400011F
:10E9E000000000000400010000040100000000001D
:10E9F0000400010120801080008000800080000061
:10EA00002080100000001000200000002000108076
:10EA100020800080200000802080108000801080F6
:10EA20000000008000800080000010002000000036
:10EA30002000108000801000200010002080008046
:10EA40000000000000000080008000002080100016
:10EA50000000108020001000200000800000000056
:10EA600000801000208000000080108000001080D6
:10EA70002080000000000000208010002000108096
:10EA800000001000208000800000108000801080B6
:10EA90000080000000001080008000802000000046
:10EAA00020801080208010002000000000800000E6
:10EAB0000000008020800000008010800000100016
:10EAC00020000080200010002080008020000080B6
:10EAD0002000100000801000000000000080008076
:10EAE0002080000000000080200010802080108026
:10EAF0000080100008020000000202080000000070
:10EB000008000208000200080000000008020200DD
:10EB100000020008080002000800000808000008C1
:10EB200000000200080202080800020000000208BB
:10EB300008020000000000080800000000020208AF
:10EB400000020000000202000000020808000208A3
:10EB50000802020008020008000202000000020091
:10EB60000802000808000000080202080002000075
:10EB7000000000080002020800000008080002006F
:10EB80000802000000000200000202080002000863
:10EB90000000000000020000080002000802020855
:10EBA0000002000808000008000200000000000049
:10EBB0000800020808020008000002000000000827
:10EBC0000802020808000000080202000002020019
:10EBD00008000008000002080802000808020000FF
:10EBE00000000208080202000800000008000208F5
:10EBF000000202000120800081200000812000002E
:10EC000080000000802080008100800001008000E2
:10EC10000120000000000000002080000020800093
:10EC20008120800081000000000000008000800042
:10EC300001008000010000000020000000008000B2
:10EC40000120800080000000000080000120000002
:10EC50008020000081008000010000008020000072
:10EC60008000800000200000802080008120800043
:10EC700081000000800080000100800000208000F2
:10EC800081208000810000000000000000000000E2
:10EC90000020800080200000800080008100800033
:10ECA0000100000001208000812000008120000080
:10ECB0008000000081208000810000000100000031
:10ECC0000020000001008000012000008020800062
:10ECD00081008000012000008020000000008000F2
:10ECE0000120800080000000000080000020000063
:10ECF00080208000000100000001080200000802DE
:10ED00000001004200000800000100000000004077
:10ED10000000080200010840000008000001000295
:10ED20000001084000010042000008420001080004
:10ED30000000004000000002000008400000084001
:10ED400000000000000100400001084200010842EC
:10ED50000001000200000842000100400000000025
:10ED60000000004200010802000000020000004212
:10ED7000000108000000080000010042000100003E
:10ED800000000002000000400000080200010042F4
:10ED9000000108400001000200000040000008429D
:10EDA000000108020001084000010000000000020C
:10EDB0000000084200010842000108000000004273
:10EDC00000010842000008020000000000000840A6
:10EDD00000000042000108000001000200010040A4
:10EDE00000000800000000000000084000010802C8
:10EDF0000001004010000020000040200040000002
:10EE00001040402000004020100000001040402032
:10EE10000000400000400020104040000000400082
:10EE200010000020100040000040002000000020E2
:10EE300010400000000000001000400010400020C2
:10EE40000040000000404000104000201000000082
:10EE50001000402010004020000000001040400042
:10EE60000040402010400000004040000040402092
:10EE70000000002000400020100000001000402092
:10EE800000404000104040200000400010400000C2
:10EE90001000002000004000004000200000002082
:10EEA00010400000100000201040402000404000B2
:10EEB00000004020104040000040402000000000C2
:10EEC0001000402010000000004000000000402022
:10EED00010404000004000001000400010400020A2
:10EEE0000000000000404020000000201000400012
:10EEF000104000200000200002002004020800044E
:10EF000000000000000800000208000402082000C1
:10EF10000008200402082004000020000000000077
:10EF200002000004020000000000000402002004AF
:10EF3000020800000008000402082000020020006F
:10EF4000000800040200000400002004000820045F
:10EF50000200200000002004000800000208000059
:10EF60000208200400082000020000000000000445
:10EF7000000820000000000400082000000020001D
:10EF80000208000402080004020020040200200419
:10EF9000020000000200200000000004000800043D
:10EFA00000002000000820040208000002082000E1
:10EFB00000082004020800000200000402082004E7
:10EFC00000002004000820000000000002000000F3
:10EFD00002082004000000000208200000002004B5
:10EFE00000080000020000040008000400080000FF
:10EFF000020020004010001000100000000004007B
:10F0000040100410000000104010001040000000EC
:10F010000000001040000400000004104010041024
:10F020000010040000100410401004000010000044
:10F03000400000000000041040000010001000100C
:10F0400040100000001004004000040040000410C4
:10F05000001004104010000000000000000000003C
:10F060004000041040000010001000104010040088
:10F070000000040040100400000004000010041010
:10F0800000100000400000004000041000100000CC
:10F09000401004000010001040000000400000106C
:10F0A00000000410400004100000001000000400E4
:10F0B0004010001000000000401004104000040048
:10F0C000400000100000041000100010401000105C
:10F0D00000000000401004100010040000100400A4
:10F0E000401000004010000040000400000000102C
:10F0F00000100410000000000000000000000000EC
:10F10000201C00000000000040380000000000004B
:10F11000602400000000000080700000000000007B
:10F12000A06C000000000000C048000000000000CB
:10F13000E05400000000000000E1000000000000BA
:10F1400020FD00000000000040D900000000000089
:10F1500060C5000000000000809100000000000079
:10F16000A08D000000000000C0A900000000000009
:10F17000E0B5000000000000080080005000000022
:10F18000A95C02007D5C02009D5D020000000000A1
:10F19000000000001D5E0200095F02000400800004
:10F1A00024010000A95C02007D5C02009D5D02005C
:10F1B00000000000000000001D5E0200D55E02009D
:10F1C000537461636B206F766572666C6F77206431
:10F1D000657465637465642E0000000000008000A3
:10F1E0009D62020085620200316302002F62756930
:10F1F0006C64732F716F72766F2F7577622D696FE4
:10F20000742F70726F6A2F617070732D70726F6AD5
:10F21000656374732F53444B2F636F6D706F6E650E
:10F220006E74732F6C69627261726965732F717588
:10F230006575652F6E72665F71756575652E630005
:10F240002F6275696C64732F716F72766F2F75778B
:10F25000622D696F742F70726F6A2F617070732DD9
:10F2600070726F6A656374732F53444B2F657874A3
:10F2700065726E616C2F6672656572746F732F7341
:10F280006F757263652F706F727461626C652F4D5C
:10F29000656D4D616E672F686561705F342E630028
:10F2A0002F6275696C64732F716F72766F2F75772B
:10F2B000622D696F742F70726F6A2F617070732D79
:10F2C00070726F6A656374732F53444B2F65787443
:10F2D00065726E616C2F6672656572746F732F70E4
:10F2E0006F727461626C652F434D5349532F6E7278
:10F2F0006635322F706F72745F636D7369732E633E
:10F30000000000002F6275696C64732F716F727654
:10F310006F2F7577622D696F742F70726F6A2F610E
:10F320007070732D70726F6A656374732F53444BE2
:10F330002F65787465726E616C2F66726565727484
:10F340006F732F736F757263652F71756575652E99
:10F35000630000002F6275696C64732F716F7276A1
:10F360006F2F7577622D696F742F70726F6A2F61BE
:10F370007070732D70726F6A656374732F53444B92
:10F380002F65787465726E616C2F66726565727434
:10F390006F732F736F757263652F7461736B732E48
:10F3A0006300000049444C4500000000546D725158
:10F3B000000000002F6275696C64732F716F7276A4
:10F3C0006F2F7577622D696F742F70726F6A2F615E
:10F3D0007070732D70726F6A656374732F53444B32
:10F3E0002F65787465726E616C2F667265657274D4
:10F3F0006F732F736F757263652F74696D657273A8
:10F400002E630000546D7220537663002F6275697D
:10F410006C64732F716F72766F2F7577622D696FC1
:10F42000742F70726F6A2F617070732D70726F6AB3
:10F43000656374732F53444B2F636F6D706F6E65EC
:10F440006E74732F626F617264732F626F61726486
:10F45000732E63002E2E2F2E2E2F2E2E2F2E2E2F7C
:10F460002E2E2F53444B2F6D6F64756C65732F6E6A
:10F470007266782F68616C2F6E72665F6770696F55
:10F480002E680000111213142F6275696C64732FBB
:10F49000716F72766F2F7577622D696F742F70722E
:10F4A0006F6A2F617070732D70726F6A6563747309
:10F4B0002F53444B2F696E746567726174696F6E68
:10F4C0002F6E7266782F6C65676163792F6E726636
:10F4D0005F6472765F636C6F636B2E630000000085
:10F4E000636C6F636B0000002F6275696C64732F2F
:10F4F000716F72766F2F7577622D696F742F7072CE
:10F500006F6A2F617070732D70726F6A65637473A8
:10F510002F53444B2F6D6F64756C65732F6E72663D
:10F52000782F647269766572732F7372632F6E72AF
:10F5300066785F636C6F636B2E630000434C4F43D0
:10F540004B0000002F6275696C64732F716F7276C7
:10F550006F2F7577622D696F742F70726F6A2F61CC
:10F560007070732D70726F6A656374732F53444BA0
:10F570002F6D6F64756C65732F6E7266782F647271
:10F5800069766572732F7372632F6E7266785F6728
:10F5900070696F74652E63004750494F54450000F1
:10F5A000554152540000000055415254450000009E
:10F5B000525443002F6275696C64732F716F7276B9
:10F5C0006F2F7577622D696F742F70726F6A2F615C
:10F5D0007070732D70726F6A656374732F53444B30
:10F5E0002F6D6F64756C65732F6E7266782F647201
:10F5F00069766572732F7372632F6E7266785F73AC
:10F6000070696D2E630000002E2E2F2E2E2F2E2EB1
:10F610002F2E2E2F2E2E2F53444B2F696E7465677D
:10F62000726174696F6E2F6E7266782F6E72667873
:10F630005F676C75652E68005350494D00000000EF
:10F64000C59B0200DD9B020054494D45520000005D
:10F650002F6275696C64732F716F72766F2F757777
:10F66000622D696F742F70726F6A2F617070732DC5
:10F6700070726F6A656374732F53444B2F6D6F64A0
:10F68000756C65732F6E7266782F64726976657219
:10F69000732F7372632F6E7266785F7477692E634F
:10F6A00000000000545749002F6275696C64732F85
:10F6B000716F72766F2F7577622D696F742F70720C
:10F6C0006F6A2F617070732D70726F6A65637473E7
:10F6D0002F53444B2F6D6F64756C65732F6E72667C
:10F6E000782F647269766572732F7372632F6E72EE
:10F6F00066785F7764742E630000000057445400FE
:10F70000FFFFFFFF0007FF000000004000000000B7
:10F710002F6275696C64732F716F72766F2F7577B6
:10F72000622D696F742F70726F6A2F617070732D04
:10F7300070726F6A656374732F53444B2F6D6F64DF
:10F74000756C65732F6E7266782F64726976657258
:10F75000732F7372632F7072732F6E7266785F707F
:10F7600072732E6300000000505253002F627569BF
:10F770006C64732F716F72766F2F7577622D696F5E
:10F78000742F70726F6A2F617070732D70726F6A50
:10F79000656374732F53444B2F696E746567726190
:10F7A00074696F6E2F6E7266782F6C65676163790E
:10F7B0002F6E72665F6472765F726E672E630000F2
:10F7C000726E6700010600002F6275696C64732F0A
:10F7D000716F72766F2F7577622D696F742F7072EB
:10F7E0006F6A2F617070732D70726F6A65637473C6
:10F7F0002F53444B2F6D6F64756C65732F6E72665B
:10F80000782F647269766572732F7372632F6E72CC
:10F8100066785F726E672E6300000000524E4700EC
:10F820004E656172627920496E74657261637469B4
:10F830006F6E20426574610044574D33303030455F
:10F840005642202B206E52463532383332444B001C
:10F850004672656552544F53000000005465726D46
:10F86000696E616C000000005254540053454747D4
:10F87000455200002F6275696C64732F716F727648
:10F880006F2F7577622D696F742F70726F6A2F6199
:10F890007070732D70726F6A656374732F53444B6D
:10F8A0002F636F6D706F6E656E74732F626C652F52
:10F8B000636F6D6D6F6E2F626C655F636F6E6E5FF1
:10F8C00073746174652E630073645F626C655F6757
:10F8D00061705F646174615F6C656E6774685F75A9
:10F8E0007064617465282920287265717565737468
:10F8F00029206F6E20636F6E6E656374696F6E2072
:10F90000307825782072657475726E656420257371
:10F910002E0000005468652072657175657374650A
:10F92000642054582F5258207061636B6574206CAA
:10F93000656E67746820697320746F6F206C6F6EDA
:10F94000672062792025752F2575206F6374657493
:10F95000732E000054686520726571756573746557
:10F960006420636F6D62696E6174696F6E206F668B
:10F9700020545820616E64205258207061636B657A
:10F9800074206C656E6774687320697320746F6F80
:10F99000206C6F6E67206279202575206D69637217
:10F9A0006F7365636F6E64732E00000073645F6233
:10F9B0006C655F67617474635F65786368616E67C7
:10F9C000655F6D74755F7265717565737428292044
:10F9D00072657475726E65642025732E00000000D8
:10F9E00073645F626C655F67617474735F6578638D
:10F9F00068616E67655F6D74755F7265706C79289C
:10FA0000292072657475726E65642025732E00005E
:10FA10006E72665F626C655F6761747400000000FF
:10FA2000557064617465000044656C657465000020
:10FA30004F757464617465642028302900000000EB
:10FA400053657276696365206368616E67656420DB
:10FA500070656E64696E6720666C61670000000007
:10FA60004F757464617465642028322900000000B9
:10FA70004F757464617465642028332900000000A8
:10FA80004170706C69636174696F6E206461746148
:10FA90000000000052656D6F7465206461746162DE
:10FAA00061736500506565722072616E6B000000C5
:10FAB000426F6E64696E67206461746100000000CB
:10FAC0004C6F63616C2064617461626173650000F6
:10FAD00043656E7472616C20616464726573732037
:10FAE0007265736F6C7574696F6E0000456E63723A
:10FAF000797074696F6E0000426F6E64696E6700A2
:10FB000050616972696E6700496E76616C69642044
:10FB1000526F6C6500000000506572697068657214
:10FB2000616C000043656E7472616C007065657293
:10FB30005F6D616E616765725F68616E646C65724E
:10FB400000000000626C655F62617300626C655F5B
:10FB50006E7573009ECADC240EE5A9E093F3A3B58D
:10FB60000000406E2F6275696C64732F716F72763E
:10FB70006F2F7577622D696F742F70726F6A2F61A6
:10FB80007070732D70726F6A656374732F53444B7A
:10FB90002F636F6D706F6E656E74732F736F667405
:10FBA0006465766963652F636F6D6D6F6E2F6E721E
:10FBB000665F7364682E63006E72665F73646800CC
:10FBC0000100000744B304004CB304000800000027
:10FBD00034B3040044B30400080000001CB3040064
:10FBE00034B30400080000002F6275696C64732F41
:10FBF000716F72766F2F7577622D696F742F7072C7
:10FC00006F6A2F617070732D70726F6A65637473A1
:10FC10002F53444B2F636F6D706F6E656E74732F2F
:10FC2000736F66746465766963652F636F6D6D6F5E
:10FC30006E2F6E72665F7364685F626C652E630020
:10FC40006E72665F7364685F626C6500DCB20400AC
:10FC50001CB3040008000000424C4500536F66745A
:10FC6000446576696365207461736B206E6F7420E0
:10FC7000637265617465642E000000002F6275690F
:10FC80006C64732F716F72766F2F7577622D696F49
:10FC9000742F70726F6A2F617070732D70726F6A3B
:10FCA000656374732F53444B2F636F6D706F6E6574
:10FCB0006E74732F736F66746465766963652F6302
:10FCC0006F6D6D6F6E2F6E72665F7364685F6672C4
:10FCD000656572746F732E63000000006E72665F5C
:10FCE0007364685F6672656572746F73000000000C
:10FCF0002F6275696C64732F716F72766F2F7577D1
:10FD0000622D696F742F70726F6A2F617070732D1E
:10FD100070726F6A656374732F53444B2F636F6DFA
:10FD2000706F6E656E74732F736F66746465766939
:10FD300063652F636F6D6D6F6E2F6E72665F736498
:10FD4000685F736F632E63006E72665F7364685FD3
:10FD5000736F6300CCB20400DCB204000800000042
:10FD60007265705461736B004F4B00004552520036
:10FD70007B22545752223A207B2252223A25642C6D
:10FD800022613136223A22307825303478222C22F2
:10FD900053223A222573222C224420636D223A25D5
:10FDA000647D7D0D0A0000002F6275696C64732FFD
:10FDB000716F72766F2F7577622D696F742F707205
:10FDC0006F6A2F617070732D70726F6A65637473E0
:10FDD0002F6E6577746F6E2F716F72766F5F6170C3
:10FDE000706C655F6E65617262795F696E74657271
:10FDF000616374696F6E5F626574612F5372632F04
:10FE0000417070732F666972612F666972615F61FC
:10FE100070702E63000000002172000060FD04007D
:10FE20003DD00200020000000000000000010000C0
:10FE30006D6370735461736B000000005461672040
:10FE4000696E6974206661696C65642E2053746FF5
:10FE5000702E0D0A0000000054782064656C6179F2
:10FE600065643A207374617274202578206375721A
:10FE700072656E742025780052782064656C617913
:10FE800065643A20737461727420257820637572FA
:10FE900072656E74202578000100000130FE0400B8
:10FEA000DDD7020003000000000000000004000095
:10FEB000D1D7020021DB020049DB0200CDDC0200C9
:10FEC00055D4020005DA02006DD4020000000000E3
:10FED0005DD8020085D40200B9D40200C1D402006A
:10FEE000C9D40200E5D40200FDD402006DD50200A1
:10FEF000CDD5020081DD0200D1D5020065D6020019
:10FF000069D6020089DC02006DD602000000000004
:10FF10009DD60200B1D60200BDD60200C1D60200B5
:10FF20004465665461736B002F6275696C64732F4E
:10FF3000716F72766F2F7577622D696F742F707283
:10FF40006F6A2F617070732D70726F6A656374735E
:10FF50002F6E6577746F6E2F716F72766F5F617041
:10FF6000706C655F6E65617262795F696E746572EF
:10FF7000616374696F6E5F626574612F5372632F82
:10FF80005557422F6D61696E5F7577622E63000071
:10FF900020FF0400C1E10200FEFF0000000000009D
:10FFA000000400002F6275696C64732F716F7276A4
:10FFB0006F2F7577622D696F742F70726F6A2F6162
:10FFC0007070732D70726F6A656374732F6E6577CE
:10FFD000746F6E2F716F72766F5F6170706C655F9A
:10FFE0006E65617262795F696E746572616374696E
:10FFF0006F6E5F626574612F5372632F426F61721F
:020000040005F5
:1000000064732F5372632F6E524635323833324445
:100010004B2F6E52463532383332444B2E6300003C
:100020000338FDD8704700004000000000040000C5
:10003000FFFFFFFFFFFFFFFF800000000006000042
:10004000FFFFFFFFFFFFFFFF0001000000080000AF
:10005000FFFFFFFFFFFFFFFF000200002F62756937
:100060006C64732F716F72766F2F7577622D696F65
:10007000742F70726F6A2F617070732D70726F6A57
:10008000656374732F6E6577746F6E2F716F727600
:100090006F5F6170706C655F6E65617262795F69D8
:1000A0006E746572616374696F6E5F626574612FEF
:1000B0005372632F48414C2F5372632F6E52463553
:1000C000323878782F48414C5F7761746368646F89
:1000D000672E630001000000D00700000700000049
:1000E0002F6275696C64732F716F72766F2F7577DD
:1000F000622D696F742F70726F6A2F617070732D2B
:1001000070726F6A656374732F6E6577746F6E2F8C
:10011000716F72766F5F6170706C655F6E65617232
:1001200062795F696E746572616374696F6E5F6234
:100130006574612F5372632F48414C2F5372632FA4
:100140006E524635323878782F48414C5F535049CB
:100150002E6300000000000000000000000000000E
:100160000338FDD870470000E9E4020015E50200FD
:1001700081E4020041E502002DE70200F1E7020000
:100180007DE402002F6275696C64732F716F727663
:100190006F2F7577622D696F742F70726F6A2F6180
:1001A0007070732D70726F6A656374732F6E6577EC
:1001B000746F6E2F716F72766F5F6170706C655FB8
:1001C0006E65617262795F696E746572616374698C
:1001D0006F6E5F626574612F5372632F48414C2FBD
:1001E0005372632F6E524635323878782F48414C1F
:1001F0005F4457333030302E6300000001000200AE
:100200000338FDD87047000000000000140205000C
:1002100099E802002DE70200F1E702007DE4020008
:100220000000000005E802001300060012001400A0
:1002300006000000000000000000000000000000B8
:100240000338FDD8704700000000000000000000E7
:100250000338FDD8704700002F6275696C64732FF6
:10026000716F72766F2F7577622D696F742F707250
:100270006F6A2F617070732D70726F6A656374732B
:100280002F6E6577746F6E2F716F72766F5F61700E
:10029000706C655F6E65617262795F696E746572BC
:1002A000616374696F6E5F626574612F50726F6A0B
:1002B000656374732F6E52463532383332444B2F98
:1002C000636F6E6669672F4672656552544F535F60
:1002D00069646C655F686F6F6B2E63002F62756970
:1002E0006C64732F716F72766F2F7577622D696FE3
:1002F000742F70726F6A2F617070732D70726F6AD5
:10030000656374732F6E6577746F6E2F716F72767D
:100310006F5F6170706C655F6E65617262795F6955
:100320006E746572616374696F6E5F626574612F6C
:100330005372632F436F6D6D2F626C652F626C6516
:100340002E630000436F6E6E656374656400000089
:10035000446973636F6E6E656374656400000000CA
:100360004E6F74696669636174696F6E206973208A
:10037000656E61626C6564004E6F74696669636185
:1003800074696F6E2069732064697361626C65645F
:1003900000000000646174615F6C656E206D7573B0
:1003A00074206265206174206C6561737420312E45
:1003B0002052657475726E2E00000000417070202E
:1003C0007265717565737473206163636573736FB0
:1003D000727920636F6E66696720646174610000E2
:1003E00044617461206C656E2077726F6E670000E7
:1003F00050726F746F636F6C2076657273696F6E85
:10040000206E6F7420737570706F72746564000075
:10041000556E737570706F72746564206D6573735B
:100420006167652049442E004661737420616476DB
:100430006572746973696E672E0000002F627569BA
:100440006C64732F716F72766F2F7577622D696F81
:10045000742F70726F6A2F617070732D70726F6A73
:10046000656374732F6E6577746F6E2F716F72761C
:100470006F5F6170706C655F6E65617262795F69F4
:100480006E746572616374696F6E5F626574612F0B
:100490005372632F6D61696E2E6300004C4F4747A6
:1004A000455200004170706C69636174696F6E3A07
:1004B0002025730D0A0000005461726765743A20AC
:1004C00025730D0A000000004F533A2025730D0AD2
:1004D0000000000056657273696F6E3A2025730D37
:1004E0000A0000004D41433A2025730D0A00000028
:1004F000526573706F6E646572000000414343453E
:1005000053534F52595F52414E47494E475F524FE6
:100510004C453A2025730D0A0000000043000000FE
:10052000504F534958000000202020202020202038
:100530002068282828282020202020202020202053
:1005400020202020202020204810101010101010F3
:1005500010101010101010108484848484848484FB
:10056000848410101010101010818181818181010C
:10057000010101010101010101010101010101016B
:1005800001010110101010101082828282828202FA
:10059000020202020202020202020202020202023B
:1005A000020202101010102000070320041702019D
:1005B00008571040800000001C05050020060500BB
:1005C0003407050053756E004D6F6E00547565005D
:1005D0005765640054687500467269005361740081
:1005E000000000004A616E00466562004D617200C5
:1005F000417072004D6179004A756E004A756C0059
:1006000041756700536570004F6374004E6F76004C
:100610004465630000000000414D00504D000000A3
:100620005807050054070500540705005407050046
:10063000540705005407050054070500540705003A
:100640005407050054070500FFFFFFFFFFFFFFFFF2
:10065000FFFFFFFFFFFF000094060500C405050033
:10066000D0060500E405050018060500780605001B
:100670002807050084060500256D2F25642F2579A0
:1006800000000000256120256220256520255420DA
:100690002559000053756E646179004D6F6E646179
:1006A000790054756573646179005765646E65738C
:1006B0006461790054687572736461790046726987
:1006C000646179005361747572646179000000009F
:1006D0004A616E7561727900466562727561727900
:1006E000004D6172636800417072696C004D617900
:1006F000004A756E65004A756C79004175677573BF
:10070000740053657074656D626572004F63746F39
:10071000626572004E6F76656D6265720044656356
:10072000656D62657200000025483A254D3A2553F3
:100730000000000075F9020091F902009DF9020025
:10074000A9F90200C5F90200D1F90200DDF90200A1
:10075000EBF90200000000002E00000030313233BF
:100760003435363738396162636465663031323327
:10077000343536373839414243444546286E756C26
:100780006C29000000070E091C1B1215383F36317A
:1007900024232A2D70777E796C6B6265484F464121
:1007A00054535A5DE0E7EEE9FCFBF2F5D8DFD6D111
:1007B000C4C3CACD90979E998C8B8285A8AFA6A101
:1007C000B4B3BABDC7C0C9CEDBDCD5D2FFF8F1F6F1
:1007D000E3E4EDEAB7B0B9BEABACA5A28F888186E1
:1007E00093949D9A2720292E3B3C35321F181116D1
:1007F00003040D0A5750595E4B4C45426F686166C1
:1008000073747D7A898E878095929B9CB1B6BFB8B0
:10081000ADAAA3A4F9FEF7F0E5E2EBECC1C6CFC8A0
:10082000DDDAD3D4696E676075727B7C51565F5890
:100830004D4A4344191E171005020B0C21262F2880
:100840003D3A33344E49404752555C5B7671787F70
:100850006A6D64633E39303722252C2B0601080F60
:100860001A1D1413AEA9A0A7B2B5BCBB9691989F50
:100870008A8D8483DED9D0D7C2C5CCCBE6E1E8EF40
:10088000FAFDF4F3BD4A0300E10903009D050300EE
:1008900065060300510603002F0603003D08030010
:1008A00000000000000000000000000061200300C4
:1008B000BD230300611F0300A12A0300AD1503003F
:1008C00051260300411C0300152003000D1B0300EB
:1008D000752503008112030091210300611F0300AD
:1008E000791B030099490300E3090300A12A0300CF
:1008F000AD150300D109030000201D1C14120C0DBE
:100900000A0A07080607050605050404040403038C
:1009100003030203020302030302020201020102B3
:1009200001020101010101010101010101010101B6
:100930000101010101010101000B0E120F0F0A0C50
:10094000090907080607050605050405040403044C
:100950000303030303030203030202020202010270
:100960000202020201020102010101020101010170
:100970000101010100010101200D0500000000003E
:10098000000000004457335858580000445733586B
:1009900058582044657669636520447269766572AB
:1009A0002056657273696F6E2030362E30302E30CF
:1009B000300000000004A8050008500B0010A1162C
:1009C00000200000359003007D4C03009D050300CE
:1009D00065060300510603002F0603003D080300CF
:1009E000000000000000000000000000E9610300BA
:1009F0001966030041650300496F03001D5C030095
:100A000075680300915B03009D6103002959030091
:100A100099670300655503001963030041650300EE
:100A2000196E0300F16C03007F4C0300496F030053
:100A30001D5C03006D4C030000201D1C14120C0DE6
:100A40000A0A07080607050605050404040403034B
:100A50000303020302030203030202020102010272
:100A60000102010101010101010101010101010175
:100A70000101010101010101000B0E120F0F0A0C0F
:100A8000090907080607050605050405040403040B
:100A9000030303030303020303020202020201022F
:100AA000020202020102010201010102010101012F
:100AB0000101010100010101200D050000000000FD
:100AC000000000000004A8050008500B0010A1164B
:100AD000002000006DDA03001D9203009D05030055
:100AE00065060300510603002F0603003D080300BE
:100AF000000000000000000000000000C1A9030089
:100B0000D9B0030001B003002DBA0300F5A3030020
:100B100029B3030069A3030099A9030049A00300B6
:100B2000A1B20300BD9B0300D5AD030001B00300DB
:100B3000FDB80300C1B703001F9203002DBA0300E4
:100B4000F5A303000D92030000201D1C14120C0DD0
:100B50000A0A07080607050605050404040403033A
:100B60000303020302030203030202020102010261
:100B70000102010101010101010101010101010164
:100B80000101010101010101000B0E120F0F0A0CFE
:100B900009090708060705060505040504040304FA
:100BA000030303030303020303020202020201021E
:100BB000020202020102010201010102010101011E
:100BC0000101010100010101200D050000000000EC
:100BD000000000000004A8050008500B0010A1163A
:100BE00000200000212870742D3E74797065203E2D
:100BF00020285F5F4E4C415F545950455F4D41582E
:100C0000202D2031292900002F6275696C64732F13
:100C10007577622D737461636B2F7577622D7374B2
:100C200061636B2F656D6265646465642F636F6DCE
:100C30007061742F636F6D7061745F6E65746C6941
:100C40006E6B2E63000000005F5F76616C6964610B
:100C500074655F6E6C6100002128736B622D3E65C8
:100C60006E64202D20736B622D3E7461696C203C94
:100C7000206C656E290000002F6275696C64732F0B
:100C80007577622D737461636B2F7577622D737442
:100C900061636B2F656D6265646465642F636F6D5E
:100CA0007061742F636F6D7061745F736B627566D2
:100CB000662E63002128736B622D3E64617461208F
:100CC0003C20736B622D3E68656164290000000062
:100CD000736B625F7265736572766500736B625FDA
:100CE00070757400736B625F70757368000000004C
:100CF0006B65795F6C656E203D3D204145535F4BD0
:100D0000455953495A455F31323800002F627569A1
:100D10006C64732F7577622D737461636B2F7577B5
:100D2000622D737461636B2F656D626564646564C5
:100D30002F6D6370732F666972615F636D61632EDF
:100D400063000000666972615F64696765737400BF
:100D50006C6F636B000000002E2E2F2E2E2F636F02
:100D60006D7061742F696E636C7564652F6C696E4C
:100D700075782F6D757465782E6800006C6F636BE5
:100D8000202626206C6F636B2D3E6D747820213DEC
:100D9000204E554C4C0000006D757465785F6C6F8B
:100DA000636B00006D757465785F756E6C6F636B57
:100DB0000000000073657373696F6E5F706172612C
:100DC0006D7300002F6275696C64732F7577622DE7
:100DD000737461636B2F7577622D737461636B2F0E
:100DE000656D6265646465642F68656C70657273B7
:100DF0002F666972615F68656C7065722E630000B2
:100E00006669726100000000656E646C6573730052
:100E10006164645F73657373696F6E5F7061726143
:100E20006D65746572730000000000000000000032
:100E300000000000000000000100000000000000B1
:100E400000000000000000000B0000000000000097
:100E50000000000000000000010000000000000091
:100E600000000000000000000B0000000000000077
:100E70000000000000000000000000000000000072
:100E80000000000000000000020000000000000060
:100E9000000000000000000006000000000000004C
:100EA0000000000000000000010000000000000041
:100EB0000000000000000000010000000000000031
:100EC000000000000000000006000000000000001C
:100ED000000000000000000006000000000000000C
:100EE00000000000000000000300000000000000FF
:100EF00000000000000000000700000000000000EB
:100F000000000000000000000700000000000000DA
:100F100000000000000000000700000000000000CA
:100F200000000000000000000B00000000000000B6
:100F300000000000000000000B00000000000000A6
:100F400000000000000000000100000000000000A0
:100F50000000000000000000010000000000000090
:100F6000000000000000000003000000000000007E
:100F70000000000000000000090054000000000014
:100F80000000000000000000000000000000000061
:100F90000000000000000000010000000000000050
:100FA000000000000000000003000000000000003E
:100FB000000000000000000004000000000000002D
:100FC000000000000000000003000000000000001E
:100FD000000000000000000007000000000000000A
:100FE0000000000000000000000000000000000001
:100FF00000000000000000000300000000000000EE
:1010000000000000000000000000000000000000E0
:1010100000000000000000000000000000000000D0
:1010200000000000000000000700000000000000B9
:1010300000000000000000000000000000000000B0
:10104000000000000000000003000000000000009D
:101050000000000000000000000000000000000090
:101060000000000000000000000000000000000080
:101070000000000000000000000000000000000070
:101080000000000000000000000000000000000060
:101090000000000000000000000000000000000050
:1010A0000000000000000000000000000000000040
:1010B0000000000000000000070000000000000029
:1010C0000000000000000000000000000000000020
:1010D0000000000000000000000000000000000010
:1010E0000000000000000000000000000000000000
:1010F00000000000000000000000000000000000F0
:1011000000000000000000000000000000000000DF
:1011100000000000000000000000000000000000CF
:1011200000000000000000000000000000000000BF
:1011300000000000000000000500000000000000AA
:10114000000000000000000000000000000000009F
:10115000000000000000000003000000000000008C
:101160000000000000000000070000000000000078
:101170000000000000000000696E7374616E63651A
:10118000000000002F6275696C64732F7577622D03
:10119000737461636B2F7577622D737461636B2F4A
:1011A000656D6265646465642F7577626D61632F38
:1011B0007577626D61632E630000000052382E3235
:1011C0002E335F45000000007577626D61635F73C9
:1011D00074617274000000007577626D61635F7303
:1011E000746F70007577626D61635F7265676973B4
:1011F0007465725F646174615F63616C6C6261638A
:101200006B7300007577626D61635F7365745F6611
:1012100072616D655F7265747269657300000000CC
:101220007577626D61635F74785F6672616D65008A
:101230007577626D61635F7365745F70616E5F691E
:10124000640000007577626D61635F7365745F733E
:10125000686F72745F616464720000007577626D1C
:1012600061635F7365745F657874656E6465645F00
:1012700061646472000000007577626D61635F7382
:1012800065745F70726F6D697363756F75735F6D91
:101290006F64650064656661756C740073696D7078
:1012A0006C65000021287229000000002F6275691A
:1012B0006C64732F7577622D737461636B2F757710
:1012C000622D737461636B2F6D61632F646566615A
:1012D000756C745F726567696F6E2E630000000045
:1012E00064656661756C74006D637073383032319B
:1012F00035345F64656661756C745F7363686564DB
:10130000756C65725F7570646174655F7363686541
:1013100064756C650000000021287229000000003F
:101320002F6275696C64732F7577622D73746163B6
:101330006B2F7577622D737461636B2F6D61632FF3
:10134000656E646C6573735F7363686564756C6503
:10135000722E6300656E646C657373006D637073E9
:101360003830323135345F656E646C6573735F732A
:1013700063686564756C65725F7570646174655FE0
:101380007363686564756C6500000000212831296D
:10139000000000002F6275696C64732F7577622DF1
:1013A000737461636B2F7577622D737461636B2F38
:1013B0006D61632F666972615F6163636573732E2C
:1013C00063000000212821736B622900BC2C0000FF
:1013D000666972615F72785F6672616D65000000B8
:1013E000666972615F74785F6765745F6672616D6C
:1013F00065000000537461746963545353746174DD
:101400006963545300000000446174615072744B6E
:1014100000000000537473496E64496E00000000C0
:10142000446572417574684900000000446572416A
:101430007574684B000000004465725061796C4B14
:10144000000000000000000000000000000000009C
:101450000000000021282170290000002F6275691A
:101460006C64732F7577622D737461636B2F75775E
:10147000622D737461636B2F6D61632F6669726196
:101480005F6672616D652E6300000000212868654B
:10149000616465725F6C656E203C2030290000003D
:1014A000666972615F6672616D655F636F6D6D6FB6
:1014B0006E5F7061796C6F61645F707574000000BD
:1014C000666972615F6672616D655F726672616D99
:1014D000655F7061796C6F61645F707574000000A6
:1014E000666972615F6672616D655F656E63727970
:1014F0007074000000000000666972610000000066
:1015000021287229000000002F6275696C64732F16
:101510007577622D737461636B2F7577622D7374A9
:1015200061636B2F6D61632F666972615F726567BE
:10153000696F6E2E6300000038F2A9C745000000F5
:10154000666972615F726567696F6E5F696E697403
:10155000000000000000000000000000000000008B
:101560000000000003000000000000000000000078
:101570000000000007000000000000000000000064
:101580000000000008000000000000000000000053
:10159000000000000000000000000000000000004B
:1015A000000000000000000000000000000000003B
:1015B0000000000001000000030000000000000027
:1015C0000000010001000000030000000000000016
:1015D0000000010001000000030000000000000006
:1015E00000000200010000000300000000000000F5
:1015F00000000200020000000000000000000000E7
:1016000000000000020000000000000000000000D8
:1016100000000000030000000000000000000000C7
:1016200000000000030000000000000000000000B7
:1016300000000000030000000000000000000000A7
:101640000000000003000000000000000000000097
:101650000000000003000000000000000000000087
:101660000000000003000000000000000000000077
:101670000000000001000000030000000000000066
:101680000000010001000000030000000000000055
:101690000000010001000000030000000000000045
:1016A00000006400010000000300000000000000D2
:1016B0000000010001000000030000000000000025
:1016C0000000010001000000030000000000000015
:1016D0000000010003000000010000000000000005
:1016E00001000A00010000000000000000000000EE
:1016F00000000000010000000000000000000000E9
:1017000000000000010000000300000000000000D5
:1017100000000300010000000300000000000000C2
:1017200000000100010000000300000000000000B4
:1017300000000100010000000300000000000000A4
:101740000000040001000000030000000000000091
:101750000000020001000000030000000000000083
:101760000000030001000000030000000000000072
:101770000000010001000000030000000000000064
:101780000000010001000000030000000000000054
:101790000000010001000000000000000000000047
:1017A0000000000001000000000000000000000038
:1017B0000000000001000000000000000000000028
:1017C0000000000001000000020000000000000016
:1017D0000100000001000000030000000000000004
:1017E00000000200010000000300000000000000F3
:1017F00000000200030000000000000000000000E4
:1018000000000000090000000100000000000000CE
:10181000080008000900200000000000000000008F
:10182000000000000900200000000000000000008F
:1018300000000000010000000300000000000000A4
:101840000000010001000000000000000000000096
:101850000000000001000000030000000000000084
:101860000000010001000000030000000000000073
:101870000000010001000000030000000000000063
:101880000000010001000000030000000000000053
:101890000000010001000000030000000000000043
:1018A0000000010003000000000000000000000034
:1018B00000000000090054000000000000000000CB
:1018C00000000000310000000100000000000000E6
:1018D0000000000000000000000000000200000006
:1018E00000000000000000000000000003000000F5
:1018F00000000000000000000000000009002000BF
:101900000000000000000000000000000C000000CB
:10191000080000007D0204042D0631006C6F636B2B
:10192000000000002F6275696C64732F7577622D5B
:10193000737461636B2F7577622D737461636B2FA2
:10194000656D6265646465642F636F6D7061742F8B
:10195000696E636C7564652F6C696E75782F6D7533
:101960007465782E680000006C6F636B202626205B
:101970006C6F636B2D3E6D747820213D204E554C6D
:101980004C0000002128216C6F63616C2D3E667055
:10199000726F632E73746174652D3E656E7465722B
:1019A000290000002F6275696C64732F7577622DB2
:1019B000737461636B2F7577622D737461636B2F22
:1019C0006D61632F6670726F632E630021286C6FE8
:1019D00063616C2D3E6670726F632E616363657325
:1019E0007329000021286C6F63616C2D3E66707254
:1019F0006F632E74785F736B6229000021286C6F0F
:101A000063616C2D3E73746172746564290000001B
:101A100021286163636573732D3E6D6574686F641F
:101A2000203D3D204D4350533830323135345F41F5
:101A300043434553535F4D4554484F445F56454ECD
:101A4000444F5229000000006D637073383032310A
:101A500035345F6670726F635F696E697400000091
:101A60006D6370733830323135345F6670726F6316
:101A70005F756E696E6974006D63707338303231F2
:101A800035345F6670726F635F6163636573735F44
:101A900072657365740000006D757465785F6C6FB6
:101AA000636B00006D757465785F756E6C6F636B4A
:101AB0000000000062726F6B656E0000B41A0500D2
:101AC000E5670400016804001D6804001D68040047
:101AD000316804001D6804001D6804001D680400CE
:101AE000496804006D756C74695F727800000000CD
:101AF000E41A05000000000000000000996B0400DB
:101B0000356C04006D6C0400000000000000000053
:101B100000000000A96C04006D756C74695F747836
:101B200000000000181B050000000000000000007D
:101B3000000000000000000000000000256D04000F
:101B40000000000000000000696D040076656E640E
:101B50006F7200004C1B0500000000000000000038
:101B6000A36F0400DF6F04001B7004005F700400AB
:101B70008970040000000000C57004006E6F746876
:101B8000696E67007C1B050000000000000000007B
:101B90000000000000000000000000000000000045
:101BA00000000000000000003171040072785F77CF
:101BB0006169745F74785F646F6E6500AC1B0500CB
:101BC0000000000000000000000000000000000015
:101BD0000000000077720400000000000000000018
:101BE0009372040072780000E41B050000000000FE
:101BF00000000000A7720400000000003973040018
:101C00000000000000000000000000005973040004
:101C100077712D3E73656D20213D204E554C4C0053
:101C20002F6275696C64732F7577622D73746163AD
:101C30006B2F7577622D737461636B2F656D6265B1
:101C4000646465642F636F6D7061742F696E636C7B
:101C50007564652F6C696E75782F776169742E686D
:101C60000000000021283129000000002F62756962
:101C70006C64732F7577622D737461636B2F757746
:101C8000622D737461636B2F6D61632F6670726F69
:101C9000635F73746F707065642E630021286C6FCE
:101CA00063616C2D3E737461727465642900000079
:101CB00073746F7070656400B01C0500F7740400E5
:101CC00035750400517504005175040075750400E4
:101CD0005175040051750400517504008F7504009E
:101CE00077616B655F7570006D637073383032318A
:101CF00035345F6670726F635F73746F70706564A4
:101D00005F69676E6F7265006D6370733830323172
:101D100035345F6670726F635F73746F7070656483
:101D20005F7363686564756C655F6368616E676542
:101D30000000000074780000341D05000000000061
:101D40000000000000000000000000000000000093
:101D500057770400000000000000000095770400A1
:101D600074785F7761636B00601D05000000000000
:101D700000000000A977040063780400A178040043
:101D8000BB7804000000000000000000CF780400D1
:101D90006C6F636B000000002F6275696C64732FB9
:101DA0007577622D737461636B2F7577622D737411
:101DB00061636B2F656D6265646465642F636F6D2D
:101DC0007061742F696E636C7564652F6C696E75D4
:101DD000782F6D757465782E680000006C6F636BEA
:101DE000202626206C6F636B2D3E6D747820213D7C
:101DF000204E554C4C00000077712D3E73656D20D0
:101E00003D3D204E554C4C002F6275696C64732F1C
:101E10007577622D737461636B2F7577622D7374A0
:101E200061636B2F656D6265646465642F636F6DBC
:101E30007061742F696E636C7564652F6C696E7563
:101E4000782F776169742E680000000077712D3E4D
:101E500073656D20213D204E554C4C00777300007A
:101E60002F6275696C64732F7577622D737461636B
:101E70006B2F7577622D737461636B2F656D62656F
:101E8000646465642F636F6D7061742F696E636C39
:101E90007564652F6C696E75782F776F726B7175CD
:101EA0006575652E680000002128216F7073207C05
:101EB0007C20216F70732D3E7374617274207C7C62
:101EC00020216F70732D3E73746F70207C7C2021F5
:101ED0006F70732D3E74785F6672616D65207C7CD7
:101EE00020216F70732D3E72785F656E61626C6544
:101EF000207C7C20216F70732D3E72785F64697343
:101F000061626C65207C7C20216F70732D3E72783D
:101F10005F6765745F6672616D65207C7C20216FF0
:101F200070732D3E72785F6765745F6572726F7251
:101F30005F6672616D6529002F6275696C64732F2D
:101F40007577622D737461636B2F7577622D73746F
:101F500061636B2F6D61632F6D6370735F6D61697A
:101F60006E2E630021287761697471756575655FF0
:101F700061637469766528266C6F63616C2D3E77AA
:101F80007129290021287229000000006D757465EF
:101F9000785F6C6F636B00006D757465785F756E4C
:101FA0006C6F636B000000006D637073383032310A
:101FB00035345F616C6C6F635F6C6C687700000038
:101FC000696E69745F7761697471756575655F685D
:101FD00065616400494E49545F574F524B00000001
:101FE0006D6370733830323135345F667265655FAA
:101FF0006C6C6877000000006D757465785F6465CF
:102000007374726F7900000064657374726F795F26
:102010007761697471756575655F686561640000F5
:102020006D6370733830323135345F696E697400B6
:102030006C6F636B000000002F6275696C64732F16
:102040007577622D737461636B2F7577622D73746E
:1020500061636B2F656D6265646465642F636F6D8A
:102060007061742F696E636C7564652F6C696E7531
:10207000782F6D757465782E680000006C6F636B47
:10208000202626206C6F636B2D3E6D747820213DD9
:10209000204E554C4C000000777320262620777385
:1020A0002D3E66756E6320213D204E554C4C000040
:1020B0002F6275696C64732F7577622D7374616319
:1020C0006B2F7577622D737461636B2F656D62651D
:1020D000646465642F636F6D7061742F696E636CE7
:1020E0007564652F6C696E75782F776F726B71757B
:1020F0006575652E6800000021286C6F63616C2D8A
:102100003E73746172746564290000002F62756902
:102110006C64732F7577622D737461636B2F7577A1
:10212000622D737461636B2F6D61632F6F70732EFB
:10213000630000002128216C6F63616C2D3E737475
:1021400061727465642900006C6F63616C2D3E7769
:10215000712E73656D20213D204E554C4C000000C2
:10216000ADDE0000F38A04005D8B04000000000077
:10217000218C0400958C0400AF8C0400018D0400B8
:10218000000000000000000000000000000000004F
:1021900000000000A38D0400E18D04002D8E0400DA
:1021A0006F8E04006D6370733830323135345F7375
:1021B00074617274000000006D757465785F6C6FF7
:1021C000636B00006D757465785F756E6C6F636B23
:1021D000000000006D6370733830323135345F7346
:1021E000746F70007363686564756C655F776F7298
:1021F0006B0000006C6F636B000000002F6275695C
:102200006C64732F7577622D737461636B2F7577B0
:10221000622D737461636B2F656D626564646564C0
:102220002F636F6D7061742F696E636C7564652FB9
:102230006C696E75782F6D757465782E6800000076
:102240006C6F636B202626206C6F636B2D3E6D7464
:102250007820213D204E554C4C0000002128217350
:1022600063686564756C65725F6F7073207C7C2039
:10227000217363686564756C65725F6F70732D3E62
:102280006F776E6572207C7C20217363686564754E
:102290006C65725F6F70732D3E6E616D65207C7C26
:1022A00020217363686564756C65725F6F70732D50
:1022B0003E6F70656E207C7C202173636865647559
:1022C0006C65725F6F70732D3E636C6F7365207CFD
:1022D0007C20217363686564756C65725F6F7073D1
:1022E0002D3E7570646174655F7363686564756CB9
:1022F000652900002F6275696C64732F7577622DF4
:10230000737461636B2F7577622D737461636B2FC8
:102310006D61632F7363686564756C6572732E639A
:10232000000000002128737472636D70286F707351
:102330002D3E6E616D652C207363686564756C65F8
:10234000725F6F70732D3E6E616D6529203D3D207B
:10235000302900006D6370733830323135345F736B
:1023600063686564756C65725F72656769737465CF
:10237000720000006D757465785F6C6F636B0000B0
:102380006D757465785F756E6C6F636B000000002F
:1023900021286672616D655F69647820213D205453
:1023A00057525F4652414D455F46494E414C2900C8
:1023B0002F6275696C64732F7577622D7374616316
:1023C0006B2F7577622D737461636B2F6D61632F53
:1023D00073696D706C655F72616E67696E675F725D
:1023E0006567696F6E2E630021286672616D655F97
:1023F00069647820213D205457525F4652414D4533
:102400005F5245504F525429000000007477725FAC
:10241000726573706F6E64657200000000000000EA
:102420000C24050000000000000000000000000077
:10243000000000000000000000000000000000009C
:10244000A1A404007477725F696E69746961746F26
:10245000720000000000000044240500000000009D
:10246000000000000000000000000000000000006C
:102470000000000000000000D5A5040021286C6FBA
:1024800063616C2D3E69735F726573706F6E646516
:1024900072290000212872290000000073696D7004
:1024A0006C652D72616E67696E6700007477725F8C
:1024B000726573706F6E6465725F72785F66726169
:1024C0006D6500007477725F726573706F6E64651E
:1024D000725F74785F6765745F6672616D65000036
:1024E0007477725F72785F6672616D6500000000DC
:1024F0007477725F74785F6765745F6672616D652B
:102500000000000073696D706C655F72616E6769D1
:102510006E675F7363686564756C65725F75706420
:102520006174655F7363686564756C6500000000C5
:10253000000000000000000000000000000000009B
:102540000300000000000000000000000000000088
:102550000300000003000000000000000000010074
:10256000010000000000000000000000000000006A
:10257000010000000000000000000000000000005A
:10258000010000000000000000000000000000004A
:102590006C6F636B000000002F6275696C64732FB1
:1025A0007577622D737461636B2F7577622D737409
:1025B00061636B2F656D6265646465642F636F6D25
:1025C0007061742F696E636C7564652F6C696E75CC
:1025D000782F6D757465782E680000006C6F636BE2
:1025E000202626206C6F636B2D3E6D747820213D74
:1025F000204E554C4C000000212821726567696F00
:102600006E5F6F7073207C7C2021726567696F6ECE
:102610005F6F70732D3E6F776E6572207C7C20211A
:10262000726567696F6E5F6F70732D3E6E616D6569
:10263000207C7C2021726567696F6E5F6F70732DDF
:102640003E6F70656E207C7C2021726567696F6EBD
:102650005F6F70732D3E636C6F7365207C7C2021EF
:10266000726567696F6E5F6F70732D3E6765745F2B
:1026700061636365737329002F6275696C64732FDE
:102680007577622D737461636B2F7577622D737428
:1026900061636B2F6D61632F726567696F6E732E57
:1026A000630000002128737472636D70286F70736B
:1026B0002D3E6E616D652C20726567696F6E5F6F70
:1026C00070732D3E6E616D6529203D3D20302900DF
:1026D0006D6370733830323135345F726567696F9E
:1026E0006E5F726567697374657200006D757465FD
:1026F000785F6C6F636B00006D757465785F756EE5
:102700006C6F636B00002219910C4EFE910C9800C7
:02271000DAFFEE
:1027140000000000FF0000000090D0030000000053
:1027240000000000000000000000000000000000A5
:10273400000000001600000000000000000000007F
:102744000000000000000000000000002802050056
:1027540001000200FFFF0000000000000000000074
:10276400000000000000000000000000842600209B
:102774000000000000E1002001000400B80505008D
:10278400B8050500B8050500B8050500B80505003D
:102794000B0F0400F30D04002F0E0400610E04005F
:1027A400ADDE00009C1205000000000000000000E7
:1027B4000000000000000000000000000000000015
:1027C400000000001F0F0400ADDE0000E012050051
:1027D4000000000000000000710F0400A90F0400B5
:1027E40000000000000000000000000000000000E5
:1027F40000000000C70F040000000000ADDE000070
:10280400541305000000000000000000F71004004D
:10281400291104005F110400000000008F1104005E
:1028240000000000F511040059120400000000002B
:102834002F1E04005F1B04008D1C0400D11D040026
:10284400ADDE0000F81405000000000000000000E8
:1028540083410400D9410400034204000000000045
:1028640061420400592404007827002078270020BE
:102874008027002080270020A9A10400359E0400A1
:10288400C9A004008DA104008DA40400BDA104000E
:10289400BDA3040071A40400ADDE00009C24050067
:1028A4000000000000000000D1A7040075A8040087
:1028B40000000000F1AA0400000000000000000075
:1028C4000000000093A80400F5A90400DC27002000
:0428D400DC270020DD
:00000001FF
