:020000040000FA
:1000000000040020810A000015070000610A0000BA
:100010001F07000029070000330700000000000050
:10002000000000000000000000000000A50A000021
:100030003D070000000000004707000051070000D6
:100040005B070000650700006F07000079070000EC
:10005000830700008D07000097070000A10700003C
:10006000AB070000B5070000BF070000C90700008C
:10007000D3070000DD070000E7070000F1070000DC
:10008000FB070000050800000F0800001908000029
:10009000230800002D080000370800004108000078
:1000A0004B080000550800005F08000069080000C8
:1000B000730800007D080000870800009108000018
:1000C0009B080000A5080000AF080000B908000068
:1000D000C3080000CD080000D7080000E1080000B8
:1000E000EB080000F5080000FF0800000909000007
:1000F000130900001D090000270900003109000054
:100100003B0900001FB500F003F88DE80F001FBD8C
:1001100000F0ACBC40F6FC7108684FF01022401CA7
:1001200008D00868401C09D00868401C04D0086842
:1001300000F037BA9069F5E79069F9E7704770B554
:100140000B46010B184400F6FF70040B4FF0805073
:100150000022090303692403406943431D1B104621
:1001600000F048FA29462046BDE8704000F042BA47
:10017000F0B54FF6FF734FF4B4751A466E1E11E0DA
:10018000A94201D3344600E00C46091B30F8027B3B
:10019000641E3B441A44F9D19CB204EB134394B25D
:1001A00004EB12420029EBD198B200EB134002EBB2
:1001B000124140EA0140F0BDF34992B00446D1E952
:1001C0000001CDE91001FF224021684600F0F4FB58
:1001D00094E80F008DE80F00684610A902E004C8FB
:1001E00041F8042D8842FAD110216846FFF7C0FF7C
:1001F0001090AA208DF8440000F099F9FFF78AFFCB
:1002000040F6FC7420684FF01025401C0FD0206889
:1002100010226946803000F078F92068401C08D030
:100220002068082210A900F070F900F061F9A869AF
:10023000EEE7A869F5E74FF080500369406940F6A2
:10024000FC71434308684FF01022401C06D0086838
:1002500000F58050834203D2092070479069F7E788
:100260000868401C04D00868401C03D00020704778
:100270009069F9E70420704770B504460068C34DE3
:10028000072876D2DFE800F033041929631E250021
:10029000D4E9026564682946304600F062F92A46CE
:1002A0002146304600F031F9AA002146304600F0E0
:1002B00057FB002800D0032070BD00F009FC4FF46C
:1002C000805007E0201D00F040F90028F4D100F034
:1002D000FFFB60682860002070BD241D94E80700C3
:1002E000920000F03DFB0028F6D00E2070BDFFF715
:1002F000A2FF0028FAD1D4E901034FF0805100EBAE
:10030000830208694D69684382420ED840F6F8704E
:1003100005684FF010226D1C09D0056805EB8305B8
:100320000B6949694B439D4203D9092070BD55694A
:10033000F4E70168491C03D00068401C02D003E0C8
:100340005069FAE70F2070BD2046FFF735FFFFF731
:1003500072FF0028F7D1201D00F0F7F80028F2D135
:1003600060680028F0D100F0E2F8FFF7D3FE00F05B
:10037000BFF8072070BD10B50C46182802D0012028
:10038000086010BD2068FFF777FF206010BD41684E
:10039000054609B1012700E0002740F6F8742068FF
:1003A0004FF01026401C2BD02068AA68920000F065
:1003B000D7FA38B3A86881002068401C27D020688D
:1003C000FFF7BDFED7B12068401C22D026684FF051
:1003D0008050AC686D68016942695143A9420DD9EA
:1003E000016940694143A14208D92146304600F0E5
:1003F000B8F822462946304600F087F800F078F831
:100400007069D2E700F093F8FFF784FEF6E77069B1
:10041000D6E77669DBE740F6FC7420684FF01026DB
:10042000401C23D02068401C0CD02068401C1FD0EA
:100430002568206805F18005401C1BD027683879A5
:10044000AA2819D040F6F8700168491C42D001680A
:10045000491C45D00168491C3ED001680968491C07
:100460003ED00168491C39D000683EE0B069DAE747
:10047000B569DEE7B769E2E710212846FFF778FEA5
:100480003968814222D12068401C05D0D4F8001080
:1004900001F18002C03107E0B169F9E730B108CA63
:1004A00051F8040D984201D1012000E000208A4259
:1004B000F4D158B1286810B1042803D0FEE72846CB
:1004C000FFF765FF3149686808600EE0FFF722FE1C
:1004D00000F00EF87169BBE77169BFE7706904E06D
:1004E0004FF480500168491C01D000F0CBFAFEE7C0
:1004F000BFF34F8F26480168264A01F4E06111439B
:100500000160BFF34F8F00BFFDE72DE9F0411746B3
:100510000D460646002406E03046296800F054F8EF
:10052000641C2D1D361DBC42F6D3BDE8F08140F69B
:10053000FC700168491C04D0D0F800004FF48051D1
:10054000FDE54FF010208069F8E74FF080510A690F
:10055000496900684A43824201D810207047002050
:10056000704770B50C4605464FF4806608E0284693
:1005700000F017F8B44205D3A4F5806405F5805562
:10058000002CF4D170BD0000F40A0000000000202F
:100590000CED00E00400FA05144801680029FCD0C5
:1005A0007047134A0221116010490B68002BFCD0E0
:1005B0000F4B1B1D186008680028FCD0002010603D
:1005C00008680028FCD07047094B10B501221A605A
:1005D000064A1468002CFCD0016010680028FCD08A
:1005E0000020186010680028FCD010BD00E4014015
:1005F00004E5014070B50C46054600F073F810B9EB
:1006000000F07EF828B121462846BDE8704000F091
:1006100007B821462846BDE8704000F037B8000012
:100620007FB5002200920192029203920A0B000B06
:100630006946012302440AE0440900F01F0651F80C
:10064000245003FA06F6354341F82450401C8242F8
:10065000F2D80D490868009A10430860081D016827
:10066000019A1143016000F03DF800280AD00649C4
:1006700010310868029A10430860091D0868039A3F
:10068000104308607FBD00000006004030B50F4CED
:10069000002200BF04EB0213D3F800582DB9D3F8A1
:1006A000045815B9D3F808581DB1521C082AF1D3C3
:1006B00030BD082AFCD204EB0212C2F80008C3F8CD
:1006C00004180220C3F8080830BD000000E0014013
:1006D0004FF08050D0F83001082801D0002070473A
:1006E000012070474FF08050D0F83011062905D016
:1006F000D0F83001401C01D0002070470120704725
:100700004FF08050D0F830010A2801D00020704707
:100710000120704708208F490968095808471020B0
:100720008C4909680958084714208A4909680958FA
:100730000847182087490968095808473020854923
:100740000968095808473820824909680958084744
:100750003C20804909680958084740207D490968BC
:100760000958084744207B49096809580847482028
:1007700078490968095808474C207649096809589A
:10078000084750207349096809580847542071499F
:1007900009680958084758206E49096809580847E8
:1007A0005C206C4909680958084760206949096854
:1007B00009580847642067490968095808476820AC
:1007C00064490968095808476C2062490968095852
:1007D000084770205F4909680958084774205D4937
:1007E00009680958084778205A490968095808478C
:1007F0007C205849096809580847802055490968EC
:10080000095808478420534909680958084788202F
:1008100050490968095808478C204E490968095809
:10082000084790204B4909680958084794204949CE
:10083000096809580847982046490968095808472F
:100840009C204449096809580847A0204149096883
:1008500009580847A4203F49096809580847A820B3
:100860003C49096809580847AC203A4909680958C1
:100870000847B0203749096809580847B420354966
:10088000096809580847B8203249096809580847D3
:10089000BC203049096809580847C0202D4909681B
:1008A00009580847C4202B49096809580847C82037
:1008B0002849096809580847CC2026490968095879
:1008C0000847D0202349096809580847D4202149FE
:1008D000096809580847D8201E4909680958084777
:1008E000DC201C49096809580847E02019490968B3
:1008F00009580847E4201749096809580847E820BB
:100900001449096809580847EC2012490968095830
:100910000847F0200F49096809580847F4200D4995
:10092000096809580847F8200A490968095808471A
:10093000FC2008490968095808475FF48070054998
:10094000096809580847000003480449024A034B54
:100950007047000000000020000B0000000B0000AA
:1009600040EA010310B59B070FD1042A0DD310C82C
:1009700008C9121F9C42F8D020BA19BA884201D97E
:10098000012010BD4FF0FF3010BD1AB1D30703D0C6
:10099000521C07E0002010BD10F8013B11F8014B7C
:1009A0001B1B07D110F8013B11F8014B1B1B01D198
:1009B000921EF1D1184610BD02F0FF0343EA032254
:1009C00042EA024200F005B87047704770474FF0A6
:1009D00000020429C0F0128010F0030C00F01B800C
:1009E000CCF1040CBCF1020F18BF00F8012BA8BF1A
:1009F00020F8022BA1EB0C0100F00DB85FEAC17CDE
:100A000024BF00F8012B00F8012B48BF00F8012B90
:100A100070474FF0000200B51346944696462039C1
:100A200022BFA0E80C50A0E80C50B1F12001BFF4A7
:100A3000F7AF090728BFA0E80C5048BF0CC05DF80D
:100A400004EB890028BF40F8042B08BF704748BF5B
:100A500020F8022B11F0804F18BF00F8012B7047CF
:100A6000014B1B68DB6818470000002009480A4951
:100A70007047FFF7FBFFFFF745FB00BD20BFFDE719
:100A8000064B1847064A1060016881F308884068E1
:100A900000470000000B0000000B000017040000DE
:100AA000000000201EF0040F0CBFEFF30881EFF3ED
:100AB0000981886902380078182803D100E0000015
:100AC000074A1047074A12682C3212681047000084
:100AD00000B5054B1B68054A9B58984700BD0000B0
:100AE0007703000000000020F00A0000040000006E
:100AF000001000000000000000FFFFFF0090D00386
:10100000B00F002021AE010065B0000087AD0100E7
:1010100065B0000065B0000065B000000000000091
:10102000000000000000000000000000ADAE010064
:1010300065B000000000000065B0000065B0000071
:1010400015AF01001BAF010065B0000065B00000E6
:1010500065B0000065B0000065B0000065B000003C
:1010600021AF010065B0000065B0000027AF0100AE
:1010700065B000002DAF010033AF010039AF0100B2
:1010800065B0000065B0000065B0000065B000000C
:1010900065B0000065B0000065B0000065B00000FC
:1010A00065B000003FAF010065B0000065B0000012
:1010B00065B0000065B0000065B0000065B00000DC
:1010C00045AF010065B0000065B0000065B00000EC
:1010D00065B0000065B0000065B0000065B00000BC
:1010E00065B0000065B0000065B0000065B00000AC
:1010F00065B0000065B0000065B0000065B000009C
:1011000065B0000065B0000000F002F819F077FE4D
:101110000AA090E8000C82448344AAF10107DA4552
:1011200001D119F06CFEAFF2090EBAE80F0013F00E
:10113000010F18BFFB1A43F00103184770A201000A
:1011400090A201000A4410F8014B14F00F0508BFEB
:1011500010F8015B240908BF10F8014B6D1E05D083
:1011600010F8013B6D1E01F8013BF9D1641E03D05C
:10117000641E01F8015BFBD19142E4D3704700008B
:101180000023002400250026103A28BF78C1FBD890
:10119000520728BF30C148BF0B6070471FB500F031
:1011A00003F88DE80F001FBD19F026BE70B51B4C6B
:1011B00005460A202070A01C00F0D7F85920A08016
:1011C00029462046BDE8704006F0FEBE06F00CBF82
:1011D00070B50C461249097829B1A0F160015E2969
:1011E00008D3012013E0602804D0692802D043F21C
:1011F00001000CE020CC0B4E94E80E0006EB8000C2
:10120000A0F58050241FD0F8806E2846B04720609B
:1012100070BD0120704706207047000008000020C4
:101220001800002074AF01003249884201D2012029
:1012300070470020704770B50446A0F500002E4EA0
:10124000B0F1786F02D23444A4F5000429488442F6
:1012500001D2012500E0002500F043F848B125B98E
:10126000B44204D32548006808E0012070BD002086
:1012700070BD002DF9D1B442F9D321488442F6D291
:10128000F3E710B50446A0F50000B0F1786F03D283
:1012900019480444A4F5000400F023F84FF08041FD
:1012A00030B11648006804E08C4204D2012003E00B
:1012B00013488442F8D2002080F0010010BD10B520
:1012C00020B1FFF7DEFF08B1012010BD002010BDE6
:1012D00010B520B1FFF7AFFF08B1012010BD00200D
:1012E00010BD084808490068884201D101207047B4
:1012F0000020704700C00100000000201C000020FA
:101300000800002058000020BEBAFECA10B50446EE
:101310000021012000F041F800210B2000F03DF8F1
:101320000021082000F039F80421192000F035F8D8
:1013300004210D2000F031F804210E2000F02DF8DA
:1013400004210F2000F029F80421C84300F025F8FB
:101350000621162000F021F80621152000F01DF8C6
:101360002046FFF723FF002010BDCC2101807047ED
:10137000FFF72CBF1148704710487047104A10B54E
:1013800014680F4B0F4A08331A60FFF721FF0C480F
:10139000001D046010BD704770474907090E002802
:1013A00004DB00F1E02080F80014704700F00F002B
:1013B00000F1E02080F8141D7047000003F900429E
:1013C000100502400100000130B5FF4D0446062C17
:1013D000A9780ED2DFE804F0030E0E0E0509FFDF38
:1013E00008E0022906D0FFDF04E0032902D0FFDF76
:1013F00000E0FFDFAC7030BDF34810B5407E41081F
:10140000F14800F11A0005D00DF043FBBDE8104093
:1014100006F07ABC0DF024FBF8E730B50446A1F1E4
:1014200020000D460A2847D2DFE800F005070C1916
:10143000202532373C41FFDF3FE0207820283CD197
:10144000FFDF3AE0E0488078052836D0207824286D
:1014500033D0252831D023282FD0FFDF2DE020786E
:1014600022282AD0232828D8FFDF26E02078222827
:1014700023D0FFDF21E0207822281ED024281CD092
:1014800026281AD0272818D0292816D0FFDF14E0E4
:101490002078252811D0FFDF0FE0207825280CD0F8
:1014A000FFDF0AE02078252807D0FFDF05E020785D
:1014B000282802D0FFDF00E0FFDF257030BD1FB518
:1014C0000022ADF800200C88ADF802404B88ADF842
:1014D0000430CA88ADF808208988ADF806100021CC
:1014E000ADF80A10ADF80C1080B14FF6FF70062170
:1014F000844201D1ADF80210834201D1ADF804104D
:10150000824203D14FF44860ADF8080068460DF000
:10151000BEFB06F0F9FB04B010BD70B514460D46D5
:101520000646FFF788FE60B90DB1A54201D90C202F
:1015300070BD002409E000BF56F82400FFF77BFED1
:1015400008B1102070BD641CE4B2AC42F4D300209A
:1015500070BD2DE9F04105461F4690460E46002419
:101560000068FFF7B5FE30B9A98828680844401E16
:10157000FFF7AEFE10B11020BDE8F081286800280A
:10158000A88802D0B84202D850E00028F4D0092040
:10159000F2E72968085DB8B1671CCA5D152A2ED02C
:1015A0003CDC152A3AD2DFE802F039122222282840
:1015B0002A2A313139393939393939393939220019
:1015C000085D30BB641CA4B2A242F9D833E0022803
:1015D000DDD1A01C085C88F80000072801D2400774
:1015E00001D40A20C8E7307840F0010015E0C1437B
:1015F000C90707E0012807D010E00620BCE7010773
:10160000A1F180510029F5D01846B5E7307881075F
:1016100001D50B20B0E740F0020030702868005D73
:10162000384484B2A888A04202D2B0E74FF44853AD
:1016300082B2A242ADD800209EE710B502785408CD
:1016400009D0012243F20223012C07D0022C0DD035
:10165000032C13D10FE00020087005E080790324EB
:10166000B4EB901F0AD10A70002010BD8079B2EB54
:10167000901F03D1F7E780798009F4D0184610BD98
:1016800008B500208DF800004F4890F8221051B1A5
:1016900090F8230002280FD003280FD0FFDF00BFEF
:1016A0009DF8000008BD48486946193001F0C6F9A8
:1016B0000028F5D0FFDFF3E7032000E001208DF8DC
:1016C0000000EDE738B50C460546694601F0B6F96D
:1016D00000280DD19DF80010207861F3470020709C
:1016E00055F8010FC4F80100A888A4F805000020EF
:1016F00038BD38B51378C0B1022816D033A46D4672
:10170000246800944C7905EB9414247864F347031F
:10171000137003280ED003F0FE0010700868C2F8A2
:1017200001008888A2F8050038BD23F0FE0313707D
:101730000228EED1D8B240F00100EEE702210EF00F
:10174000BDBC38B50C460978222901D2082038BD25
:10175000ADF800008DF8022068460DF0D9F906F0CA
:10176000D3FA050003D121212046FFF756FE284673
:1017700038BD1CB500208DF80000CDF80100ADF893
:101780000500114890F82200022801D0012000E055
:1017900000208DF8070068460DF024FA002800D0DC
:1017A000FFDF1CBD2DE9FF478CB00025BDF834607C
:1017B00082461C4690468DF81C50700703D5606821
:1017C000FFF739FD90B903E0A00100200302FF01FB
:1017D000FE4F4FF0010997F8220058B197F8230007
:1017E000022807D16068FFF773FD18B1102010B010
:1017F000BDE8F087300702D5A089802815D870078A
:1018000004D4B8F1000F01D0387E70B1E07DC0F390
:1018100000108DF81B00617D072041B1012906D021
:101820000229E4D00429E2D117E00720DFE78DF890
:1018300017908DF819908DF81580606878B107A918
:10184000FFF7FBFE0028D2D1606850F8011FCDF8E9
:101850000F108088ADF8130005E00620C7E7CDF82B
:101860000F50ADF81350E07B0028F6D1207C002803
:10187000F3D1607C0028F0D1A07C0028EDD1E07C81
:10188000C006EAD18DF800A0BDF83400ADF8020022
:10189000A0680190A0680290CDA0D0E90010CDE929
:1018A0000A10E07C0AA901EB501000788DF80C00BA
:1018B000FFF7E6FE8DF80D009DF81C008DF80E0078
:1018C0008DF818508DF816508DF81A5009A96846F1
:1018D0000DF02CFA06F018FA89E7F0B58FB0002465
:1018E0008DF830408DF814408DF8344006468DF860
:1018F0002840019402940394049419B10FC901ADD6
:1019000085E80F00B14DA878052801D004280CD136
:1019100001986968884200D120B90398E968884233
:1019200003D110B108200FB0F0BD1F273B460DAA10
:1019300005A903A8FFF70DFE0028F4D13B460AAA2B
:101940000CA901A8FFF705FE0028ECD19DF81400B2
:10195000C00701D00A20E6E7A88A410708D4A97D7C
:1019600031B19DF82810890702D043F20120DAE74F
:101970009DF82810C90709D0400707D4288818B156
:1019800044F25061884201D90720CCE78DF8184015
:101990008DF81960BDF80800ADF81A00019807909D
:1019A00006A80DF0CEF906F0AFF90028BBD18DF8EE
:1019B00020408DF82160BDF81000ADF8220003989A
:1019C000099008A80DF0DFF906F09EF90028AAD1C9
:1019D00001AC2D1D94E80F0085E80F000020A2E760
:1019E00070B50646FFF7AAFE054606F06FFB040039
:1019F00000D1FFDF6680207820F00F00801C20F0EF
:101A0000F000203020700320207295F83E006072B4
:101A1000BDE8704006F05EBB2DE9F04385B00400E0
:101A200000D1FFDF2078694E20F00F00801C20F0ED
:101A3000F0007030207060680178C91F14292AD224
:101A4000DFE801F04DF3290AF3F33AF2292966F2AF
:101A5000F2F129F2F2F0EFF286883046FFF76EFEDF
:101A60000546304608F0BDF8C0B16068807985F859
:101A70003E0021212846FFF7D0FC304603F0FAF95A
:101A8000304604F0ADFB3146012012F047F9A87F43
:101A900020F01000A87705B0BDE8F083207820F092
:101AA000F00020302070032020726680606880790A
:101AB000607206F00FFBDCE785882846FFF73EFEE4
:101AC00000B9FFDF60688078012800D0FFDF606820
:101AD000817905B02846BDE8F04308F04ABA868807
:101AE0003046FFF72BFE050000D1FFDF06F0F2FACB
:101AF00060683146C08828816068008968816068B4
:101B00004089A881012012F009F90020A875C2E7D8
:101B1000807828B10228BED03C28BCD0FFDFBAE7CD
:101B200006F0D8FA6568A879AD1C00B9FFDFF77830
:101B3000B5F80290B046384606F05FF8060000D1CE
:101B4000FFDF0022022148460EF0AFFA040000D168
:101B5000FFDF22212046FFF760FCA17F012060F318
:101B60000101A177298B2181698B6181A98BA181D9
:101B700084F822708DF80800B0680090F068019039
:101B80006A46032148460EF090FA00B9FFDFB0889C
:101B9000ADF81000B0788DF8120004AA052148466F
:101BA0000EF083FA00B9FFDFB088ADF80C00F078D2
:101BB0008DF80E0003AA042148460EF076FA00B90B
:101BC000FFDF062105F1120006E00000A001002061
:101BD000070605040302010000F04DFF30B36879E9
:101BE000800700D5FFDF6979E07D61F34700E0758C
:101BF000D5F80600A0616889A083062105F10C00D4
:101C000000F039FFE0B198F819104A08617862F3E2
:101C100047016170D8F81A10C4F80210B8F81E0015
:101C200017E028E020E033E02DE017E0E07D20F031
:101C3000FE00801CE075D5F81200A061E88ADBE7A1
:101C4000607820F0FE00801C6070E868C4F8020034
:101C5000288AE0800320FFF7B7FB1CE705B0204689
:101C6000BDE8F04301F092BC06F034FA16F8240FF8
:101C700040F0020005E006F02DFA16F8240F40F0BF
:101C80000400307007E705B0BDE8F04306F022BA63
:101C9000B178052909D00429DFD106F01BFA02200A
:101CA00005B0BDE8F043FFF78FBB80780028D4D0A3
:101CB000F07800F0AAFE06F00DFA0320F0E72DE917
:101CC000F047054600780027000991460C463E463D
:101CD000012871D0022870D007280AD00A286DD0B8
:101CE000FFDF00BFA9F800600CB1278066800020EC
:101CF0007EE5D5F804C0DFF8448804F108009CF8BC
:101D000000204FF0010AD21F4FF6FF71142A76D23D
:101D1000DFE802F00AF9F9F9F9F9F91DF9F926C035
:101D2000889DF91061D476EE12271026BCF80400C5
:101D30002146F3E01C270A26ECB3BCF80200A08081
:101D4000686800792072686840796072CAE71B276A
:101D5000092684B30320207268684088A080C1E708
:101D60009CF802103C29BDD010272C260CF1020C47
:101D70000CB3BCF80210A180BCF818106182BCF84A
:101D800018102182BCF81A10A182BCF81C10E18244
:101D90009CF8053002460CF106011846FFF7A9FC35
:101DA0009CF8040001289DD184F80FA00020207623
:101DB00008F1040003E00BE0A8E0B2E0EAE090E8FC
:101DC0000E00D8F81000C4E90930C4E9071289E709
:101DD000A9F800608BE720271126002CF8D0A180FD
:101DE000686804F10A02807820726868807A6072FC
:101DF00069680B1DC8781946FFF77BFC72E782E023
:101E000021270A26002CE3D0BCF80200A0806868D5
:101E10000079207268684079607298F8241021F087
:101E2000040162E022270B26002CD1D0BCF804006C
:101E3000A0806868807820726868807900F02AFE47
:101E400060726868C07900F025FEA0724AE7262714
:101E50001C26002CBCD0A1806868C07860726868BD
:101E60008079A07208F1040090E80E00D8F8100004
:101E7000C4E90530C4E90312686880783C2803D0BF
:101E8000432804D0FFDF2DE784F808A02AE70220CA
:101E9000207227E724271026002C99D0BCF80200D6
:101EA000A0806868007920816868007A608168682D
:101EB000C088A08168684089E08113E72327102645
:101EC000002C85D0BCF80200A08068688088208142
:101ED0006868C088608168680089A08168684089F6
:101EE000E08198F8241021F0020188F82410F9E626
:101EF0002F272A26002C86D0A18069682222891CDF
:101F00000BF017FAEEE64A46214644E0287A02280A
:101F100001D0FFDFE6E612271026688800F098FD62
:101F2000E0E6287AB0B3012835D0022833D0032860
:101F300001D0FFDFD6E611270926002C8AD0B5F89C
:101F400002804046FFF7FAFB90F822A0A4F8048034
:101F5000687A2072042140460EF0C2F805214046FE
:101F60000EF0BEF8002140460EF0BAF801214046BE
:101F70000EF0B6F8032140460EF0B2F802214046BA
:101F80000EF0AEF8062140460EF0AAF8504600F0DA
:101F90003CFDA7E6FFE72846BDE8F04701F02CBC72
:101FA00070B5012801D0FFDF70BD8DB22846FFF764
:101FB000C5FB040000D1FFDF20782128F4D006F013
:101FC00085F880B1017821F00F01891C21F0F00122
:101FD000103101700221017245800020A075BDE81A
:101FE000704006F077B821462846BDE870401322BD
:101FF000FFF7A7BB2DE9F04116460C00804600D143
:10200000FFDF307820F00F00801C20F0F00010304F
:1020100030702078022802D0FFDFBDE8F081404612
:10202000FFF78CFB050000D1FFDFA1884FF6FF70A2
:102030000027814202D1E288824203D0814201D14D
:10204000E08840B106F046F894E80F00083686E8CC
:102050000F00AF75E1E7A87D0128DED178230022CB
:10206000414611F0B1FD0220A875D6E738B5054606
:102070000C460846FFF7DFF8A8B9242D31D006DC5E
:10208000202D0AD0212D0AD0222D04D124E0252D87
:102090001BD03F2D2DD0072038BD062038BD6068ED
:1020A000FFF70DF908B1102038BD618820886A4615
:1020B0000CF0E1FF05F028FE0028F5D16168002949
:1020C000F2D0BDF800200A8038BDA07800F00101F0
:1020D00020880DF001F808E02068BDE8384001F0E4
:1020E000C0BD618820880CF05FFFBDE8384005F076
:1020F0000BBE207800F001008DF8000068460CF05F
:10210000BDFD05F001FE38BD70B505460C4608461C
:10211000FFF7B7F808B1102070BD202D07D0212D92
:102120000DD0222D0BD0252D09D0072070BD208881
:10213000A11C0CF03CFDBDE8704005F0E5BD06209B
:1021400070BDFE481930704708B528220021FB48B1
:102150000BF019F90120FFF737F9F84968461A31F1
:1021600005F04AFFF5489DF80020417E62F34701E3
:1021700021F001014176002180F822104FF46171B5
:102180000184022180F82310FFF736F900B1FFDF48
:1021900000F0AEFC01F0CCF908BD10B50C464022B1
:1021A000002120460BF0EFF8A07F20F00300A0777D
:1021B000202020700020A07584F8230010BD7047F7
:1021C0002DE9FC410746FFF736F810B11020BDE8B5
:1021D000FC81DA4E06F11901D6F819000090B6F824
:1021E0001D50ADF80450F47F8DF806403846FFF7D7
:1021F00069FA0028EBD1FFF7FFF80028E7D0009933
:1022000046F8191FB580B471E1E710B50446FFF731
:1022100038F808B1102010BDC848C8492246407E91
:102220001A314008FFF765FA002010BD3EB504469C
:102230000D460846FFF725F808B110203EBD14B141
:1022400043F204003EBDBD488078052803D0042831
:1022500001D008203EBD694602A80BF01AFB2A46B1
:1022600069469DF80800FFF744FA00203EBDFEB520
:102270000D4604004FF0000711D00822FFF74DF97A
:10228000002811D1002608E054F826006946FFF71F
:10229000D4F9002808D1761CF6B2AE42F4D30CF083
:1022A00037FB10B143F20320FEBDA44E3776FCB1DC
:1022B00000271AE054F8270002A9FFF7BEF900B181
:1022C000FFDF9DF808008DF8000054F8270050F853
:1022D000011FCDF801108088ADF8050068460CF0AC
:1022E0003CFB00B1FFDF7F1CFFB2AF42E2D335768B
:1022F0000020FEBD2DE9F0478AB01546894604004E
:102300001DD00F4608222946FFF707F9002810D1F3
:10231000002612E054F826006946103000F08EFBCB
:10232000002806D13FB157F82600FEF784FF10B110
:1023300010200AB0DCE4761CF6B2AE42EAD30026E6
:10234000A5F101081CE000BF06F1010A0AF0FF0731
:1023500012E000BF54F82600017C4A0854F8271008
:102360000B7CB2EB530F05D10622113011310AF06C
:10237000B3FF58B17F1CFFB2AF42EBD30AF0FF06A8
:102380004645E1DB4E4624B1012003E043F205203F
:10239000CFE700200CF000FB10B90CF009FB10B1E6
:1023A00043F20420C5E75CB300270DF1170825E0D0
:1023B00054F827006946103000F040FB00B1FFDF01
:1023C00054F82700102250F8111FCDF80110808812
:1023D000ADF8050054F827100DF107000AF0A9FF29
:1023E00096B156F82710102240460AF0A2FF684620
:1023F0000CF098FA00B1FFDF7F1CFFB2AF42D7D3D9
:10240000FFF7B7F9002094E7404601F01EFCEEE725
:1024100030B585B00446FEF70EFF18B96068FEF7C8
:1024200057FF10B1102005B030BD60884AF2B811D6
:10243000884206D82078414D28B1012806D00228CC
:1024400004D00720EFE7FEF7D7FF18E060780228F6
:1024500004D0032802D043F20220E4E785F82300E9
:10246000C1B200200090ADF8040002292CD003294D
:1024700027D0FFDF68460CF00CFB05F045FC002878
:10248000D1D1606801F0D4FB207858B101208DF8DB
:1024900000000DF1010001F0D8FB68460CF075FE5C
:1024A00000B1FFDF207885F82200FFF762F960882D
:1024B00060B1288480B20CF067FA00B1FFDF002021
:1024C000B1E78DF80500D5E74020FAE74FF46170D9
:1024D000EFE710B50446FEF7D4FE20B9606838B1C6
:1024E000FEF7EDFE08B1102010BD606801F0ADFBF5
:1024F000124830F8201F6180C178617080782070A8
:10250000002010BD2DE9F843144689460646FEF723
:10251000B8FEB8B94846FEF7DBFE98B92046FEF78C
:10252000D7FE78B9054DA878012800D154B131788B
:10253000FF2909D061B143F2040001E0A0010020AD
:10254000BDE8F8831020F8E7012801D00420F4E763
:10255000CCB3052811D004280FD06946204600F0DE
:10256000A4FA0028E9D1217D49B1012909D0022925
:1025700009D0032909D00720DFE70820DDE702465C
:1025800004E0012202E0022200E00322804623460A
:10259000174600200099FFF705F90028CDD1A08942
:1025A0002880A07BE875BDF80000A882AF75BDF853
:1025B0000010090701D5A18931B1A1892980C0077F
:1025C00004D0032003E006E08021F7E70220FEF7B5
:1025D000FBFE86F800804946BDE8F8430020FFF77F
:1025E0007CB92DE9FC41FF4C06460D46A078022837
:1025F00003D0032801D00820E9E516B143F2040016
:10260000E5E506200DF00EFD10B9A078032849D0AD
:102610000FF07CFC074610F0DBFE381A00F0FF08D4
:1026200006200DF0F7FC074606200DF0FBFC391ADA
:10263000A078042809D000221144A8EB010111F070
:10264000FF0F04D0032804D00DE00122F4E713208B
:10265000BDE5284605F0D1FA10B3407810B32846FE
:1026600005F0D6FDE570FFF70BF80BF054F80120EC
:102670008DF800008DF801008DF802602088ADF81B
:102680000400E07D8DF8060068460CF050FC05F073
:102690003BFB0028B0D1A078032805D0042010E02F
:1026A000052094E5122092E5E07805F0A6FA0400F2
:1026B00000D1FFDF607800B9FFDF6078401E6070F6
:1026C0000520FEF781FE002081E51CB510B143F224
:1026D00004001CBDC34CA078042803D0052801D0F9
:1026E00008201CBD00208DF8000001218DF801108C
:1026F0008DF8020068460CF01AFC05F005FB002876
:10270000EFD1A078052805D05FF00200FEF75CFE4F
:1027100000201CBDE07800F078F90320F6E72DE9F1
:10272000FC4180460D4603260846FEF7D1FD08B160
:1027300010204CE54046FFF701F8040004D0207853
:10274000222804D2082042E543F202003FE5A07FA0
:1027500000F003073DB1012F0AD000202946FEF703
:10276000AEFE0600E5D1012F04D0FFDF30462EE596
:102770000120F3E7A07D2946022801D011B107E02E
:10278000112024E5684600F0E7FA0028D1D1694617
:10279000404607F0CEFB0600E8D10120A075E5E732
:1027A00070B50C460546FEF7C9FF010005D022466C
:1027B0002846BDE87040FEF7C4BF43F2020070BD7A
:1027C00010B5012807D1874B9B78012B00D011B1A0
:1027D00043F2040010BD0CF009F9BDE8104005F00B
:1027E00093BA012300F01BB900231A46194600F0E2
:1027F00016B970B5064615460C460846FEF741FD6B
:1028000018B92846FEF73DFD08B1102070BD2A46D4
:10281000214630460CF017FC05F076FA0028F5D179
:1028200021787F29F2D1052070BD7CB505460C4684
:102830000846FEF700FD08B110207CBD2846FEF7D3
:102840007DFF20B10078222804D208207CBD43F20D
:1028500002007CBD634890F82400400701D5112098
:102860007CBD2178C80802D16078C20801D0072059
:102870007CBD890801D1800801D006207CBDADF85F
:10288000005020788DF8020060788DF80300022057
:10289000ADF8040068460BF00FFF05F035FA7CBD7B
:1028A00070B586B014460D460646FEF747FF28B1C0
:1028B0000078222805D2082006B070BD43F202003D
:1028C000FAE72846FEF704FD20B944B12046FEF79A
:1028D000F6FC08B11020EFE700202060A0804148FE
:1028E00090F82400800701D51120E5E703A93046C0
:1028F0000BF01FFF18B100BF05F006FADCE7ADF8DA
:102900000060BDF81400ADF80200BDF81600ADF887
:102910000400BDF81000BDF81210ADF80600ADF8C7
:1029200008107DB1298809B1ADF80610698809B190
:10293000ADF80210A98809B1ADF80810E98809B10D
:10294000ADF80410DCB1BDF80610814201D9081AB7
:102950002080BDF80210BDF81400814201D9081A88
:102960006080BDF80800BDF80410BDF816200144D1
:10297000BDF812001044814201D9081AA0806846AF
:102980000BF074FFB8E770B505460C460846FEF735
:1029900078FC08B1102070BD214628460CF04AF999
:1029A000BDE8704005F0B0B93EB505460C46084696
:1029B000FEF767FC08B110203EBD0020009001909A
:1029C0000290ADF800502089ADF8080020788DF80D
:1029D0000200606801902089ADF808006089ADF8B8
:1029E0000A0001E0A001002068460CF031F905F072
:1029F0008BF93EBD0EB5ADF8000000200190684691
:102A00000CF026F905F080F90EBD10B505F0F5F8CB
:102A1000040000D1FFDF6078401C607010BD1CB561
:102A2000ADF800008DF802308DF803108DF8042009
:102A300068460CF0D7FA05F067F91CBD0278520819
:102A400004D0012A02D043F202207047FEF7F5BD00
:102A500070B50C0006460DD0FEF770FE050000D1E3
:102A6000FFDFA68028892081288960816889A0816C
:102A7000A889E08170BD10B500231A4603E0845C8C
:102A80002343521CD2B28A42F9D30BB1002010BDAD
:102A9000012010BD00B530B1012803D0022801D0BB
:102AA000FFDF002000BDFF2000BD00220A8092B29F
:102AB00022F060020A800078062817D2DFE800F0D2
:102AC000160306090C1142F0110007E042F01D0048
:102AD00009E042F0150006E042F0100040F002006C
:102AE00001E042F010000880002070470720704786
:102AF000FD48002101604160018170472DE9FF4FD1
:102B000093B09B46209F160004460DD01046FEF75A
:102B100092FB18B1102017B0BDE8F08F31460120AC
:102B2000FEF7CDFC0028F6D101258DF842504FF478
:102B3000C050ADF84000002210A9284603F016FE50
:102B40000028E8D18DF84250A8464FF428500025BF
:102B5000ADF840001C222946684607950AF013FC90
:102B60009DF81C000DF11C0A20F00F00401C20F005
:102B7000F00010308DF81C0020788DF81D00617871
:102B80009DF81E000DF1400961F3420040F0010084
:102B90008DF81E009DF8000008AA40F002008DF894
:102BA00000002089ADF83000ADF832506089ADF8F2
:102BB0003400CDF82CA060680E900AA9CDF82890BA
:102BC000684603F0C8FB0028A5D16068FEF777FBD4
:102BD00040B16068FEF77CFB20B9607800F003002C
:102BE000022801D0012000E00020BF4C08AA0AA959
:102BF0002072BDF8200020808DF8428042F601202E
:102C0000ADF840009DF81E0020F00600801C20F06A
:102C100001008DF81E000220ADF83000ADF8340040
:102C200014A80E90684603F096FB002889D1BDF8E1
:102C30002000608036B1211D304600F059F900288F
:102C4000C2D109E0BBF1000F05D00AF017F9E8BBCB
:102C50000AF014F9D0BBA58017B1012F43D04AE088
:102C60008DF8428042F6A620ADF8400046461C2270
:102C70000021684607950AF086FB9DF81C00ADF818
:102C8000346020F00F00401C20F0F00010308DF870
:102C90001C009DF81D0020F0FF008DF81D009DF820
:102CA0001E0020F0060040F00100801C8DF81E0080
:102CB0009DF800008DF8446040F002008DF800009F
:102CC000CDE90A9AADF8306011A800E011E00E904D
:102CD00008AA0AA9684603F03EFB0028A6D1BDF861
:102CE0002000E08008E00AF0C9F810B90AF0C6F840
:102CF00008B103200FE7E58000200CE73EB504464D
:102D0000794D0820ADF80000A88828B12046FEF7CC
:102D100092FA18B110203EBD06203EBD214601208A
:102D2000FEF7CDFB0028F8D12088ADF804006088BC
:102D3000ADF80600A088ADF80800E088ADF80A00FC
:102D4000A88801AB6A46002103F00CFFBDF8001013
:102D50000829E2D003203EBD7FB5634D0446A88814
:102D600068B1002002900820ADF80800CDF80CD022
:102D70002046FEF760FA20B1102004B070BD062096
:102D8000FBE7A98802AA4FF6FF7004F02DF900288E
:102D9000F3D1BDF80810082901D00320EDE7BDF8F4
:102DA00000102180BDF802106180BDF80410A180E0
:102DB000BDF80610E180E0E701B582B00220ADF871
:102DC0000000494802AB6A464088002103F0CAFE71
:102DD000BDF80010022900D003200EBD1CB5002153
:102DE00000910221ADF800100190FEF74AFA08B1F7
:102DF00010201CBD3C486A4641884FF6FF7004F025
:102E0000F3F8BDF800100229F3D003201CBDFEB575
:102E1000354C06461546207A0F46C00705D00846B1
:102E2000FEF709FA18B11020FEBD0F20FEBDF82DE7
:102E300001D90C20FEBD3046FEF7FDF918BB2088F5
:102E400001A902F08AFF0028F4D130788DF805003E
:102E5000208801A903F064FE0028EBD100909DF8C2
:102E600000009DF8051040F002008DF800000907F1
:102E700003D040F008008DF800002088694603F078
:102E8000ECFD0028D6D1ADF8085020883B4602AAB8
:102E9000002103F067FEBDF80810A942CAD0032044
:102EA000FEBD7CB505460020009001900888ADF875
:102EB00000000C4628460195FEF701FA18B9204695
:102EC000FEF7DFF908B110207CBD15B1BDF8000098
:102ED00060B105486A4601884FF6FF7004F084F837
:102EE000BDF8001021807CBDC80100200C20FAE74D
:102EF00030B5044693B000200D46014600901422E0
:102F000001A80AF040FA1C22002108A80AF03BFAA6
:102F10009DF80000CDF808D020F00F00401C20F0F4
:102F2000F00010308DF800009DF8010006AA20F096
:102F3000FF008DF801009DF8200001A940F002007B
:102F40008DF8200001208DF8460042F60420ADF8EF
:102F5000440011A801902088ADF83C006088ADF8CD
:102F60003E00A088ADF84000E088ADF842009DF832
:102F7000020020F00600801C20F001008DF8020005
:102F80000820ADF80C00ADF810000FA8059008A8B7
:102F900003F0E1F9002803D1BDF8180028800020D3
:102FA00013B030BD0A4810B5046809490948083112
:102FB00008600FF0BEFE0648001D046010BD064903
:102FC000002008604FF0E0210220C1F88002704725
:102FD0001005024001000001FC1F00400548064AA0
:102FE0000168914201D1002101600449012008607B
:102FF0007047000058000020BEBAFECA40E50140FC
:103000002CFFFFFFDBE5B15100C00100CC00FFFF4A
:1030100071000000C1CF6A00FEA0D9111C1006C3C8
:1030200089CCFC7A7B3B49141906A8C010B504462C
:10303000FEF701F908B1102010BD2078C0F302108E
:10304000042807D86078072804D3A178102901D86C
:10305000814201D2072010BDE078410706D42179D2
:103060004A0703D4000701D4080701D5062010BD84
:10307000002010BD70B514460D46064605F026F832
:1030800080B10178182221F00F01891C21F0F00194
:10309000A03100F8081B21460AF04BF9BDE870404A
:1030A00005F018B829463046BDE870401322FEF7F7
:1030B00048BB2DE9F047064608A8904690E8300442
:1030C00089461F461422002128460AF05CF9002197
:1030D000CAF80010B8F1000F03D0B9F1000F03D106
:1030E00014E03878C00711D02068FEF7CAF8C0BBDA
:1030F000B8F1000F07D12068123028602068143022
:1031000068602068A8602168CAF8001038788007D5
:1031100024D56068FEF7D3F818BBB9F1000F21D0B1
:10312000FFF70FF80168C6F868118188A6F86C11DE
:10313000807986F86E0101F034FAF84FEF6062682A
:1031400062B196F8680106F2691140081032FEF784
:10315000D0FA1022394660680AF0EBF80020BDE88A
:10316000F08706E0606820B1E8606068C6F8640136
:10317000F4E71020F3E730B5054608780C4620F058
:103180000F00401C20F0F001103121700020607011
:1031900095F8230030B104280FD0052811D0062857
:1031A00014D0FFDF20780121B1EB101F04D295F875
:1031B000200000F01F00607030BD21F0F0002030D2
:1031C00002E021F0F00030302070EBE721F0F00059
:1031D0004030F9E7F0B591B0022715460C46064697
:1031E0003A46ADF80870092103AB05F070FD049074
:1031F000002810D004208DF804008DF80170E03410
:10320000099605948DF818500AA968460EF051FCED
:1032100000B1FFDF012011B0F0BD2DE9F84F0646E7
:10322000808A0C4680B28246FEF788FA0546BB4F7C
:103230003078203F4FF002094FF000080F287CD271
:10324000DFE800F07BA39D082C5B6A7CBADAFD976F
:1032500048979700012150460CF030FF040000D140
:10326000FFDF97F85C00C00701D0386E0BE0032148
:1032700004F11D0010F06BFAD4F81D00A849B0FB52
:10328000F1F201FB1200C4F81D0070686067B068BD
:10329000A0672878252872D0FFDF70E00121504612
:1032A0000CF00CFF060000D1FFDF3078810702D55B
:1032B0002978252904D040F001003070BDE8F88F4E
:1032C00084F80090307F207106F11D002D36C4E98E
:1032D0000206F3E7012150460CF0F0FE050000D194
:1032E000FFDF2878C10604D5072020703D356560D2
:1032F000E4E740F008002870E0E7E87F000700D529
:10330000FFDF307CB28800F0010301B05046BDE819
:10331000F04F092106F06FBD05B9FFDF716821B1DB
:10332000102205F124000AF004F828212846FEF7AF
:1033300074F8307A85F82000C0E7F7E001215046A4
:103340000CF0BCFE050000D1FFDF022105F1850075
:1033500010F0FDF90420207005F5B4706060B5F838
:10336000850020826D4810387C356561C4E90270A3
:10337000A4E7012150460CF0A1FE00B9FFDF324660
:1033800029465046BDE8F84F74E605B9FFDF2878B6
:10339000212893D93079012803D1E87F40F0080033
:1033A000E877324629465046FFF764FE2846BDE8D6
:1033B000F84F2321FEF731B83279A28004F10803D7
:1033C0000921504605F083FCE06010B10520207013
:1033D00074E74546012150460CF070FE040000D110
:1033E000FFDF04F1620102231022081F0CF0FFFC32
:1033F00005703179417061E7012150460CF05EFEA5
:10340000040000D1FFDF94F8840000F003000128DD
:1034100059D1E87F10F0010003D194F8A010C9073A
:103420002AD0D4F8602132B394F88330117C63F34E
:1034300087011174AA7FD30963F3410100E071E0B1
:10344000D4F860211174D4F8602160F30001117484
:1034500090B1D4F86001102205F12401883409F0FC
:1034600068FF207E40F001002076207820F00100E7
:1034700004F8880919E0C0B994F88810C90714D075
:10348000D4F85C218AB194F88330117C63F387010E
:103490001174AA7FD309D4F85C2163F3410111743C
:1034A000D4F85C2160F30001117494F8880080075F
:1034B00009D594F87C00D4F86421400804F17D011A
:1034C0001032FEF716F98DF8009094F884006A46E1
:1034D00000F003008DF8010094F888108DF80210B8
:1034E00094F8A0008DF803002946504601F042F8F8
:1034F0002878252805D0212807D0FFDF2878222822
:1035000003D922212846FDF788FF012150460CF0FF
:10351000E7FD00283FF4DDAEFFDFCFE6F401002039
:1035200040420F00716881F80180C7E6FFDFC5E601
:1035300070B5FE4C002584F85C5025660EF085FAC7
:1035400004F11001204604F07DFD84F8305070BD78
:1035500070B50D46FEF7F2F8040000D1FFDF4FF41E
:10356000B8720021284609F00EFF2434012105F12C
:10357000E0002C610EF06AFA002800D0FFDF70BD79
:103580000A46014602F1E0000EF081BA70B5054628
:10359000406886B00178082906D00B2933D00C2961
:1035A0002FD0FFDF06B070BD46883046FEF7C6F864
:1035B000040000D1FFDF20782128F3D028281BD178
:1035C000686802210C3000F0A0FFA8B168680821EB
:1035D000001D00F09AFF78B104F1240130460BF091
:1035E000A8FC04F091FB00B1FFDF06B02046BDE867
:1035F00070402921FDF711BF06B0BDE8704004F00E
:1036000069BD01218171686886883046FEF796F8A9
:10361000040000D1FFDF20782128C3D068688179B9
:1036200009B1807808B1FFDFBCE704F053FDA07F4B
:10363000000622D5E07FC00705D094F8200000F0F6
:103640001F00102817D0052084F82300207829288F
:1036500015D02428A6D13146042010F05FFB22218A
:103660002046FDF7DAFE012130460CF039FD002836
:1036700098D0FFDF96E70620E6E70420E4E7012183
:1036800030460CF01BFD050000D1FFDF2521204650
:10369000FDF7C3FE03208DF80000694605F1E00048
:1036A0000EF0ECF90228BFD00028BDD0FFDF79E78B
:1036B0002DE9F04788B09A46164688468146FEF7BF
:1036C0003DF805003AD02878222837D3232835D072
:1036D000E87F000732D40027012148460CF0EEFCB9
:1036E000040005D10121002248460CF0DEFC04460E
:1036F000694600F066FF009800B9FFDF00983CB112
:10370000E03404612878222804D0242802D005E07F
:10371000076103E025212846FDF77FFE009801217F
:103720004170C0F824908680C0E9028A01A90EF099
:10373000C0F9022802D0002800D0FFDF08B00EE553
:1037400070B586B00546FDF7F9FF0078222814D938
:10375000012128460CF0B2FC04002CD1FFDF2AE046
:10376000B4F85E0004F1620630440178427829B171
:1037700021462846FFF72EFDB0B913E7ADF8042027
:103780000921284602AB05F0A2FA03900028F4D0E4
:1037900005208DF80000694604F1E0000EF06EF996
:1037A000022801D000B1FFDF02231022314604F1CC
:1037B0005E000CF052FBB4F860000028D0D1F1E6B6
:1037C00010B586B00446FDF7B9FF0078222811D95C
:1037D000012120460CF072FC040000D1FFDF06201E
:1037E0008DF80000694604F1E0000EF047F900286A
:1037F00000D0FFDF06B010BD2DE9F84F0546007878
:103800000C460027010904F1080090463E46BA46DE
:10381000009002297ED0072902D00A2909D142E06E
:1038200068680178082905D00B292CD00C292AD0EA
:10383000FFDF72E114271C26002C6CD04088A0808A
:10384000FDF77CFF5FEA000900D1FFDF99F8170060
:1038500009F118014008009AFDF74BFF686880895C
:10386000208268684168C4F812108068C4F81600A5
:10387000A07E20F0060040F00100A07699F81E001E
:1038800040F020014FE01A270A26002CD5D080886E
:10389000A080FDF753FF050000D1FFDF2846009907
:1038A000FFF769FC39E10CB1A88BA080287A4FF0B2
:1038B000010B0B287ED006DC01287CD0022808D022
:1038C000032804D137E00D2876D00E2875D0FFDF0D
:1038D00023E11E270926002CAFD0A088FDF72EFF7C
:1038E0005FEA000900D1FFDF287B00F00300012818
:1038F000207A1DD020F001002072297B890861F315
:1039000041002072297BC90861F382002072297B63
:10391000090901E0F7E0AEE061F3C300207299F815
:103920001E0040F0400189F81E10F6E0D40100208E
:1039300040F00100E0E713270D26002CA6D0A08858
:10394000FDF7FCFE81460121A0880CF0B7FB0500C5
:1039500000D1FFDF686F817801F003010129217A2E
:1039600050D021F00101217283789B0863F341015B
:1039700021728378DB0863F38201217283781B094B
:1039800063F3C3012172037863F306112172437854
:1039900063F3C711217284F809A0C178A17202797A
:1039A000E17A62F30001E1720279520862F34101A7
:1039B000E17203E029E067E04EE05FE002799208FF
:1039C00062F38201E1720279D20862F3C301E1720B
:1039D0004279217B62F3000121734279520862F33C
:1039E000410121734279920862F382012173407987
:1039F000C00860F3C301217399F8000023282AD975
:103A0000262139E041F00101ADE71827102694B3D3
:103A1000A088FDF793FE00900121A0880CF04EFBDA
:103A20005FEA000900D1FFDFE868A06099F80000B4
:103A300040F0040189F8001099F80100800708D5CA
:103A400084F80CB000980078232866D927210098C4
:103A500052E084F80CA060E015270F265CB1A08826
:103A6000FDF76CFE81460622E868009909F0E9FC42
:103A700084F80EB085E042E048463DE0162709266E
:103A8000ECB3287B207248E0287B19270E26B4B3BC
:103A9000C4F808A0A4F80CA0012807D0022808D078
:103AA00003280CD004280AD0FFDF15E084F808B002
:103AB00001E002202072607A20F003000BE0697BB5
:103AC000042801F00F0141F080012172F3D1607AE6
:103AD00020F00300401C6072A088FDF72FFE054611
:103AE0000078212819D0232800D0FFDF0121A088E9
:103AF0000CF0F6FA22212846FDF78FFC0DE0FFE7D7
:103B0000A8F800600EE00CB16888A080287A10B395
:103B1000012809D002283AD0FFDFA8F800600CB1D4
:103B200027806680002007E415270F26002CE7D0A9
:103B3000A088FDF703FE0121A0880CF0BFFA050064
:103B400000D1FFDFD5F81D000622009909F079FCAD
:103B500084F80EA0E1E717270926002CD0D0A08812
:103B6000FDF7ECFD81460121A0880CF0A7FA0500C5
:103B700000D1FFDF6878800701D5022000E0012036
:103B8000207299F800002328C7D9272174E7192744
:103B90000E26002CB4D0A088FDF7D0FD5FEA000906
:103BA00000D1FFDFC4F808A0A4F80CA084F808A096
:103BB000A07A40F00300A07299F81E10C90961F3C1
:103BC0008200A07299F81F2099F81E1012EAD11FE6
:103BD00005D099F8201001F01F01102925D020F000
:103BE0000800A07299F81F10607A61F3C300607238
:103BF000697A01F0030101298FD140F0040060725D
:103C0000E87A217B60F300012173AA7A607B62F37A
:103C100000006073EA7A520862F341012173A97AC5
:103C2000490861F34100607377E740F00800D8E786
:103C300010B5F84C30B10146102204F1200009F013
:103C400078FB012084F8300010BD10B5044600F068
:103C5000A8FCF04920461022BDE81040203109F0B0
:103C600068BB70B5EB4D06004FF0000412D0FDF7B5
:103C7000E2FA08B110240BE00621304609F0C8FB37
:103C8000411C04D02866012085F85C0000E0072470
:103C9000204670BD0020F7E7007810F00F0204D036
:103CA000012A05D0022A0CD110E0000909D10AE04E
:103CB0000009012807D0022805D0032803D00428D2
:103CC00001D0072070470870002070470620704719
:103CD00005282AD2DFE800F003070F171F00087835
:103CE00020F0FF001EE0087820F00F00401C20F0BC
:103CF000F000103016E0087820F00F00401C20F093
:103D0000F00020300EE0087820F00F00401C20F07A
:103D1000F000303006E0087820F00F00401C20F062
:103D2000F0004030087000207047072070472DE9F0
:103D3000F043804687B00D464FF000090846FDF776
:103D4000C7FAA8B94046FDF7F9FC060003D0307861
:103D500022280BD104E043F2020007B0BDE8F08353
:103D600035B1B07FC10601D4000703D50820F4E7C0
:103D70001020F2E7F07F000701D50D20EDE70027C6
:103D8000012140460CF09AF9040006D101210022DD
:103D900040460CF08AF9040005D0694600F011FC99
:103DA000009818B901E00420D7E7FFDF009802214E
:103DB000E0344170C0F82480446107810121017121
:103DC000297801F00102017E62F3010101762A786F
:103DD000520862F3820101762A78920862F3C301E5
:103DE00001762A78D20862F3041101762421304644
:103DF000FDF713FB01A900980DF05BFE022801D02E
:103E000000B1FFDF4846A8E72DE9FF4F0E46824983
:103E1000904697B09A4607C914AB4FF0000983E863
:103E200007001798FDF78AFC050006D02878262899
:103E300006D008201BB0BDE8F08F43F20200F9E77E
:103E400026B94046FFF7F2F80028F3D10121179870
:103E50000CF034F9040000D1FFDF852E27D007DCF9
:103E6000EEB1812E1DD0822E1DD0832E08D11CE0F4
:103E7000862E1ED0882E1ED0892E1ED08A2E1ED0B1
:103E80000F2020710F281CD004F020F9D8B1012098
:103E90008DF83400201D0E902079B0B126E100206D
:103EA000EFE70120EDE70220EBE70320E9E705203B
:103EB000E7E70620E5E70820E3E70920E1E70A2035
:103EC000DFE70720B6E71120B4E798F80000D4E94F
:103ED0001D764208A87F002162F3C710A87798F8E2
:103EE00000008208E87F62F30000E87798F800009D
:103EF000C209607862F34100607098F8000002091E
:103F0000207862F34710207098F80000C2086078AB
:103F100062F30000607098F80100607198F800008A
:103F200000F00102B07862F30100B070AA7FD209FC
:103F300062F38200B070EA7F62F3C300B07062780F
:103F400062F30410B0702278C0F3C00052093270DE
:103F50006278C2F34002727098F80220F2707171B8
:103F60003171B978C1F3C00108405FEA000B2ED06F
:103F70005046FDF760F978BBDAF80C00FDF75BF905
:103F800050BBDAF81C00FDF756F928BBDAF80C0034
:103F9000A060DAF81C00E06060787A7842EA5001AC
:103FA00061F341006070B978C0B200EA111161F3A9
:103FB000000060700020207705F117006061681C28
:103FC000A061B07800F00300012806D046E06078D8
:103FD0007A7802EA5001E3E719E0B87800F00300CC
:103FE00001283BD1321D711D404600F099FA31790C
:103FF000387901408DF8281070797A7910408DF861
:10400000300001432AD05046FDF715F930B1102099
:1040100010E70000D4010020E8B001000AF1100010
:1040200004F5AE7304F18C028DE80D0000210AAB9B
:104030005A462046FFF73DF80028E9D104F5B07252
:1040400004F1A403CDF800A0CDE9013201210CABAD
:104050005A462046FFF72DF80028D9D1607880070E
:1040600022D4B078B978C0F38000C1F3800108434E
:104070001AD0307814AA397832F810204B00DA4080
:1040800002F00309B9F1030F01D14FF00209BBF1AE
:10409000000F09D0012801D0042805D1012901D041
:1040A000042901D14FF00409A87F40F08000A877CF
:1040B000E97F6BF30001E9776078800706D503207C
:1040C000A071BBF1000F11D100202CE00220B9F14A
:1040D000020F1AD0B9F1010F19D0B9F1040F2AD08B
:1040E0000020A071A87F20F08000A8772521284615
:1040F000FDF793F90DA904F1E0000DF0BFFC10B13C
:10410000022800D0FFDF002094E6A071DCE7A07158
:104110000D22002104F1200009F035F9207840F04B
:104120000200207001208DF84C0013AA2946179830
:1041300000F020FADAE70120A071D7E72DE9F0437B
:1041400087B09046894604460025FDF7F7FA070038
:1041500004D03878272804D00820FEE543F2020076
:10416000FBE5012120460BF0A9FF040000D1FFDF91
:10417000A6795FEA090005D0012821D0B9F1020F24
:1041800026D110E0B8F1000F22D1012E05D0022E69
:1041900005D0032E05D0FFDF2EE00C252CE00125F5
:1041A0002AE0022528E04046FDF745F8B0B9032E85
:1041B0000ED11022414604F11D0009F0BAF81BE0AF
:1041C000012E02D0022E03D104E0B8F1000F13D06B
:1041D0000720C2E54046FDF72EF808B11020BCE5E7
:1041E0001022002104F11D0009F0CDF806214046FF
:1041F00009F00EF9C4F81D002078252140F00200D6
:1042000020703846FDF709F92078C10713D020F057
:104210000100207002208DF8000004F11D000290C2
:104220008DF804506946C3300DF028FC022803D0F5
:1042300010B1FFDF00E0257700208EE530B587B0B4
:104240000D460446FDF77AFA60B1012120460BF0D5
:1042500035FF04000CD02846FCF7EDFF28B11020F4
:1042600007B030BD43F20200FAE72078400701D4DE
:104270000820F5E7294604F13D002022054609F013
:1042800058F8207840F01000207001070FD520F07A
:104290000800207007208DF80000694604F1E00056
:1042A00001950DF0EBFB022801D000B1FFDF0020EB
:1042B000D6E770B50D460646FDF740FA18B100780E
:1042C000272817D102E043F2020070BD01213046D9
:1042D0000BF0F4FE040000D1FFDFA079022809D121
:1042E0006078C00706D02A4621463046FEF772FFA6
:1042F00010B10FE0082070BDB4F860000E280BD29A
:1043000004F1620102231022081F0BF070FD01214D
:1043100001704570002070BD112070BD70B506465B
:1043200014460D460846FCF786FF18B92046FCF7F0
:10433000A8FF08B1102070BDA6F57F40FF380ED051
:104340003046FDF7FBF938B1417822464B08811C15
:104350001846FDF7CEF907E043F2020070BD204693
:10436000FDF753FF0028F9D11021E01D0FF0EFF900
:10437000E21D294604F1170000F033F9002070BD5A
:104380002DE9F04104468AB015460E46002708463E
:10439000FCF79EFF18B92846FCF79AFF18B11020C9
:1043A0000AB0BDE8F0812046FDF7C8F95FEA0008D1
:1043B00004D098F80000272810D102E043F2020050
:1043C000EEE7012120460BF079FE040000D1FFDF6B
:1043D0002078400702D56078800701D40820DFE705
:1043E000D4E91D01497801B18DB1407800B176B1B1
:1043F000ADB1EA1D06A8E16800F0F3F8102206A9A5
:1044000005F1170008F068FF18B1042707E007203E
:10441000C6E71022E91D04F12D0008F08AFF2EB135
:104420001022F11D04F11D0008F083FF20782521E2
:1044300040F0020020704046FCF7EFFF2078C107F3
:1044400015D020F00100207002208DF8000004F14A
:104450001D000290103003908DF804706946B3304F
:104460000DF00CFB022803D010B1FFDF00E027772E
:10447000002095E770B50D4606460BB1072070BDCC
:10448000FDF75CF9040007D02078222802D3A07F32
:10449000800604D4082070BD43F2020070BDADB1A7
:1044A000294630460AF045FD03F02EFC297C4A08D7
:1044B000A17F62F3C711A177297CE27F61F300023B
:1044C000E277297C890884F8201004E030460AF05D
:1044D00053FD03F019FCA17F21F02001A17770BDED
:1044E00070B50D46FDF72AF9040005D02846FCF703
:1044F000C8FE20B1102070BD43F2020070BD2946F5
:104500002046FEF738FE002070BD04E010F8012BB5
:104510000AB100207047491E89B2F7D201207047C6
:1045200010B5C4780B7864F300030B70C47864088A
:1045300064F341030B70C478A40864F382030B7026
:10454000C478E40864F3C3030B700379117863F350
:104550000001117003795B0863F341011170037965
:104560009B0863F3820111700079C00860F3C301F6
:10457000117010BD70B51546064603F0A7FD040086
:1045800000D1FFDF207820F00F00801C20F0F00029
:104590002030207066802868A060BDE8704003F07D
:1045A00099BD10B5134C94F83000002808D104F1DF
:1045B0002001A1F110000DF0A3FA012084F83000D1
:1045C00010BD10B190F8B9202AB10A4890F8350012
:1045D00018B1002003E0B83001E00648343008602C
:1045E000704708B50023009313460A460BF065FF99
:1045F00008BD0000D4010020F0B5007B059F1E46D9
:1046000014460D46012800D0FFDF0C2030803A20F0
:104610003880002C08D0287A032806D0287B01286F
:1046200000D0FFDF17206081F0BDA889FBE72DE9EE
:10463000F04786B0144691F80C900E9A0D46B9F1E9
:10464000010F0BD01021007B2E8A8846052807D049
:10465000062833D0FFDF06B0BDE8F0870221F2E77D
:10466000E8890C2100EB400001EB4000188033206A
:104670001080002CEFD0E889608100271AE00096B6
:10468000688808F1020301AA696900F086FF06EB59
:104690000800801C07EB470186B204EB4102BDF81D
:1046A000040090810DF1060140460E320DF09EFA95
:1046B0007F1CBFB26089B842E1D8CCE734201080BB
:1046C000E889B9F1010F11D0122148430E3018804A
:1046D000002CC0D0E88960814846B9F1010F00D0B4
:1046E0000220207300270DF1040A1FE00621ECE7E9
:1046F0000096688808F1020301AA696900F04DFF7D
:1047000006EB0800801C86B2B9F1010F12D007EB4E
:10471000C70004EB4000BDF80410C18110220AF16B
:104720000201103008F005FE7F1CBFB26089B8425C
:10473000DED890E707EB470104EB4102BDF8040027
:10474000D0810AF10201404610320DF04FFAEBE73A
:104750002DE9F0470E4688B090F80CC096F80C8012
:10476000378AF5890C20109902F10C044FF0000AE9
:10477000BCF1030F08D0BCF1040F3FD0BCF1070F10
:104780007ED0FFDF08B067E705EB850C00EB4C003F
:10479000188031200880002AF4D0A8F1060000F02B
:1047A000FF09558126E01622002101A808F0EBFD43
:1047B00000977088434601AA716900F0EEFEBDF8CB
:1047C00004002080BDF80600E080BDF808002081CC
:1047D000A21C0DF10A0148460DF008FAB9F1000FCC
:1047E00000D018B184F804A0A4F802A007EB0800D8
:1047F00087B20A346D1EADB2D5D2C3E705EB850C86
:1048000000EB4C00188032200880002ABAD0A8F1B2
:10481000050000F0FF09558137E000977088434696
:1048200001AA716900F0B9FE9DF80600BDF80410F8
:10483000E1802179420860F3000162F341018208BE
:1048400062F38201C20862F3C301020962F3041138
:10485000420962F34511820962F386112171C00990
:104860006071BDF80700208122460DF1090148461C
:104870000DF0BCF918B184F802A0A4F800A000E083
:1048800007E007EB080087B20A346D1EADB2C4D250
:1048900078E7A8F1020084B205FB08F000F10E0CE5
:1048A000A3F800C035230B80002AA6D0558194813F
:1048B000009783B270880E32716900F06EFE61E776
:1048C0002DE9F84F1E460A9D0C4681462AB1607AB2
:1048D00000F58070D080E089108199F80C000C27D9
:1048E0004FF000084FF00E0A0D2872D2DFE800F0FA
:1048F0009D070E1B272F374554697272720021469F
:1049000048460095FFF778FEBDE8F88F207B91467A
:10491000082802D0032800D0FFDF3780302009E0CC
:10492000A9F80A80F0E7207B9146042800D0FFDF39
:10493000378031202880B9F1000FF1D1E4E7207BE6
:104940009146042800D0FFDF37803220F2E7207B39
:104950009146022800D0FFDF37803320EAE7207B32
:104960001746022800D0FFDF3420A6F800A02880D8
:10497000002FC9D0A7F80A80C6E7207B1746042875
:1049800000D0FFDF3520A6F800A02880002FBBD084
:104990004046A7F80A8012E0207B1746052802D07F
:1049A000062800D0FFDF1020308036202880002F1E
:1049B000AAD0E0897881A7F80E80B9F80E00B881F6
:1049C000A2E7207B9146072800D0FFDF3780372001
:1049D000B0E72AE04FF0120018804FF038001700BF
:1049E000288091D0E0897881A7F80E80A7F8108000
:1049F00099F80C000A2805D00B2809D00C280DD0F6
:104A0000FFDF81E7207B0A2800D0FFDF01200AE0DA
:104A1000207B0B2800D0FFDF042004E0207B0C2843
:104A200000D0FFDF052038736EE7FFDF6CE770B55D
:104A30000C460546FCF782FE20B10078222804D2FD
:104A4000082070BD43F2020070BD052128460BF01E
:104A500035FB206008B1002070BD032070BD30B46C
:104A60004880087820F00F00C01C20F0F000903043
:104A700001F8080B1DCA81E81D0030BC03F02ABBF9
:104A80002DE9FF4784B00027824602970798904699
:104A90008946123006F043FB401D20F003060798BC
:104AA00028B907A95046FFF7C2FF002854D1B9F131
:104AB000000F05D00798017B19BB052504681BE092
:104AC00098F80000092803D00D2812D0FFDF46E037
:104AD000079903254868B0B3497B428871439142E6
:104AE00039D98AB2B3B2011D0BF06DF904460780C3
:104AF00002E0079C042508340CB1208810B1032D76
:104B000029D02CE007980121123006F03AFBADF8CD
:104B10000C00024602AB2946504604F0D8F80700C4
:104B200001D1A01C029007983A461230C8F8040040
:104B3000A8F802A003A94046029B06F02FFBD8B1BB
:104B40000A2817D200E006E0DFE800F00709141495
:104B5000100B0D141412132014E6002012E611207D
:104B600010E608200EE643F203000BE6072009E6F4
:104B70000D2007E6032005E6BDF80C002346CDE92D
:104B800000702A465046079900F017FD57B9032DCB
:104B900008D10798B3B2417B406871438AB2011DC6
:104BA0000BF025F9B9F1000FD7D0079981F80C90D7
:104BB000D3E72DE9FE4F91461A881C468A46804667
:104BC000FAB102AB494604F082F8050019D040461C
:104BD000A61C27880BF0B7FB3246072629463B4622
:104BE00000960AF0D6FF20882346CDE900504A46B9
:104BF0005146404600F0E1FC002020800120BDE845
:104C0000FE8F0020FBE710B586B01C46AAB1042336
:104C10008DF800301388ADF808305288ADF80A20BE
:104C20008A788DF80E200988ADF80C1000236A46AA
:104C30002146FFF725FF06B010BD1020FBE770B539
:104C40000D4605210BF03AFA040000D1FFDF29469A
:104C500004F11200BDE8704006F07CBA2DE9F8437B
:104C60000D468046002603F031FA044628781028C5
:104C700078D2DFE800F0773B3453313112313131F3
:104C80000831313131312879001FC0B2022801D0FA
:104C9000102810D114BBFFDF35E004B9FFDF052178
:104CA00040460BF00BFA007B032806D004280BD0FB
:104CB000072828D0FFDF072655E02879801FC0B2DB
:104CC000022820D050B1F6E72879401FC0B2022850
:104CD00019D0102817D0EEE704B9FFDF13E004B9AC
:104CE000FFDF287901280ED1172137E00521404642
:104CF0000BF0E4F9070000D1FFDF07F11201404695
:104D000006F005FA2CB12A4621464046FFF7A7FED9
:104D100029E013214046FDF743FD24E004B9FFDFFD
:104D2000052140460BF0CAF9060000D1FFDF6946B5
:104D300006F1120006F0F5F9060000D0FFDFA988A1
:104D4000172901D2172200E00A46BDF8000082426E
:104D500002D9014602E005E01729C5D3404600F01C
:104D60003CFCD0E7FFDF3046BDE8F883401D20F073
:104D7000030219B102FB01F0001D00E00020104405
:104D8000704713B5009848B1002468460AF0C5FF83
:104D9000002C02D1F74A009911601CBD01240020AB
:104DA000F4E72DE9F0470C46154624220021204661
:104DB00008F0E9FA05B9FFDFA87860732888DFF802
:104DC000B4A3401D20F00301AF788946DAF8000053
:104DD0000AF0C1FF060000D1FFDF4FF00008266097
:104DE000A6F8008077B109FB07F1091D0AD0DAF8AF
:104DF00000000AF0B0FF060000D1FFDF6660C6F8D1
:104E0000008001E0C4F80480298804F11200BDE8A4
:104E1000F04706F06DB92DE9F047804601F1120028
:104E20000D46814606F07BF9401DD24F20F003026B
:104E30006E7B1446296838680AF0B8FF3EB104FB5F
:104E400006F2121D03D0696838680AF0AFFF05202A
:104E50000BF0E0F8044605200BF0E4F8201A0128D6
:104E600002D138680AF06CFF49464046BDE8F04779
:104E700006F054B970B5054605210BF01FF9040082
:104E800000D1FFDF04F112012846BDE8704006F0B2
:104E90003EB92DE9F04F91B04FF0000BADF834B0B2
:104EA000ADF804B047880C460546924605213846C1
:104EB0000BF004F9060000D1FFDF24B1A780A4F8AD
:104EC00006B0A4F808B0297809220B20B2EB111F14
:104ED0007ED12A7A04F1100138274FF00C084FF0E8
:104EE00001090391102A74D2DFE802F073F3F2F1A2
:104EF0008008D3898EA03DDCF4EFB7B7307B022861
:104F000000D0FFDFA88908EBC001ADF80410302104
:104F1000ADF83410002C25D06081B5F80E90002734
:104F20001DE004EBC708317C88F80E10F189A8F861
:104F30000C10CDF800906888042304AA296900F0B9
:104F40002CFBBDF81010A8F8101009F10400BDF8F2
:104F500012107F1C1FFA80F9A8F81210BFB26089E6
:104F6000B842DED80EE1307B022800D0FFDFE989AD
:104F700008EBC100ADF804003020ADF83400287B08
:104F80000A90001FC0B20F90002CEBD06181B5F8E1
:104F90001090002726E000BFCDF80090688869696E
:104FA00003AA0A9B00F0F9FA0A9804EBC7084844E0
:104FB0001FFA80F908F10C0204A90F980CF016FEF4
:104FC00018B188F80EB0A8F80CB0BDF80C1001E0CC
:104FD000D4E0D1E0A8F81010BDF80E107F1CA8F89E
:104FE0001210BFB26089B842D6D8CBE00DA80090AD
:104FF00001AB224629463046FFF719FBC2E0307B61
:10500000082805D0FFDF03E0307B082800D0FFDF51
:10501000E8891030ADF804003620ADF83400002CDB
:105020003FD0A9896181F189A18127E0307B0928DE
:1050300000D0FFDFA88900F10C01ADF80410372182
:10504000ADF83410002C2CD06081E8890090AB8939
:10505000688804F10C02296956E0E889392110308A
:1050600080B2ADF80400ADF83410002C74D0A989DA
:105070006181287A0E280AD002212173E989E18111
:10508000288A0090EB8968886969039A3CE00121CD
:10509000F3E70DA8009001AB224629463046FFF702
:1050A00057FB6FE0307B0A2800D0FFDF1220ADF8FD
:1050B0000400ADF834704CB3A9896181A4F810B034
:1050C000A4F80EB084F80C905CE020E002E031E03F
:1050D00039E042E0307B0B2800D0FFDF288AADF8B2
:1050E00034701230ADF8040084B104212173A98911
:1050F0006181E989E181298A2182688A00902B8A6D
:10510000688804F11202696900F047FA3AE0307BDE
:105110000C2800D0FFDF1220ADF80400ADF8347089
:105120003CB305212173A4F80AB0A4F80EB0A4F88A
:1051300010B027E00DA8009001AB2246294630466A
:10514000FFF75AFA1EE00DA8009001AB224629464F
:105150003046FFF7B5FB15E034E03B21ADF8040025
:10516000ADF8341074B3A4F80690A4F808B084F82D
:105170000AB007E010000020FFDF03E0297A0129D0
:1051800017D0FFDFBDF80400AAF800006CB1BDF82D
:1051900034002080BDF804006080BDF83400392858
:1051A00003D03C2801D086F80CB011B00020BDE837
:1051B000F08F3C21ADF80400ADF8341014B1697AD9
:1051C000A172DFE7AAF80000EFE72DE9F84356885F
:1051D0000F4680461546052130460AF06FFF040051
:1051E00000D1FFDF123400943B46414630466A68E6
:1051F00006F008F9B8E570B50D4605210AF05EFF26
:10520000040000D1FFDF294604F11200BDE8704020
:1052100005F092BF70B50D4605210AF04FFF04005E
:1052200000D1FFDF294604F11200BDE8704005F00F
:10523000B0BF70B5054605210AF040FF040000D15B
:10524000FFDF04F1080321462846BDE87040042230
:10525000AFE470B5054605210AF030FF040000D127
:10526000FFDF214628462368BDE870400522A0E400
:1052700070B5064605210AF021FF040000D1FFDFCA
:1052800004F1120005F04BFF401D20F0030511E072
:10529000011D00880322431821463046FFF789FC90
:1052A00000280BD0607BABB2684382B26068011DFE
:1052B0000AF0D3FD606841880029E9D170BD70B55E
:1052C0000E46054602F002FF040000D1FFDF012078
:1052D000207266726580207820F00F00C01C20F0DC
:1052E000F00030302070BDE8704002F0F3BE2DE9D0
:1052F000F0438BB00D461446814606A9FFF797FB95
:10530000002814D14FF6FF7601274FF420588CB1B6
:1053100003208DF800001020ADF8100007A80590BC
:1053200007AA204604A90CF080FC78B107200BB036
:10533000BDE8F0830820ADF808508DF80E708DF8A8
:105340000000ADF80A60ADF80C800CE00698A1787A
:1053500001742188C1818DF80E70ADF80850ADF848
:105360000C80ADF80A606A4602214846069BFFF7AA
:1053700087FBDCE708B501228DF8022042F6020225
:10538000ADF800200A4603236946FFF73CFC08BD40
:1053900008B501228DF8022042F60302ADF8002084
:1053A0000A4604236946FFF72EFC08BD00B587B006
:1053B00079B102228DF800200A88ADF808204988CA
:1053C000ADF80A1000236A460521FFF759FB07B024
:1053D00000BD1020FBE709B1072314E40720704744
:1053E00070B588B00D461446064606A9FFF71FFBA8
:1053F00000280ED17CB10620ADF808508DF80000D1
:10540000ADF80A40069B6A460821DC813046FFF76A
:1054100037FB08B070BD05208DF80000ADF80850CE
:10542000F0E700B587B059B107238DF80030ADF82B
:105430000820039100236A460921FFF721FBC6E7F4
:105440001020C4E770B588B00C460646002506A9B2
:10545000FFF7EDFA0028DCD106980121123005F0A3
:1054600090FE9CB12178062921D2DFE801F02005C9
:1054700005160318801E80B2C01EE28880B20AB1F1
:10548000A3681BB1824203D90C20C2E71020C0E7F9
:10549000042904D0A08850B901E00620B9E7012909
:1054A00013D0022905D004291CD005292AD00720B1
:1054B000AFE709208DF800006088ADF80800E088AB
:1054C000ADF80A00A068039023E00A208DF80000E0
:1054D0006088ADF80800E088ADF80A00A0680A25E9
:1054E000039016E00B208DF800006088ADF80800EE
:1054F000A088ADF80A00E088ADF80C00A0680B2584
:10550000049006E00C208DF8000060788DF808000B
:105510000C256A4629463046069BFFF7B1FA78E724
:1055200000B587B00D228DF80020ADF808100023DB
:105530006A461946FFF7A4FA49E700B587B071B18A
:1055400002228DF800200A88ADF808204988ADF8BD
:105550000A1000236A460621FFF792FA37E7102067
:1055600035E770B586B0064601200D46ADF8081047
:105570008DF80000014600236A463046FFF780FAA6
:10558000040008D12946304601F006FB00213046D0
:1055900001F020FB204606B070BDF8B51C4615464C
:1055A0000E46069F0AF0BDFE2346FF1DBCB23146E3
:1055B0002A4600940AF0B9FAF8BD30B41146DDE984
:1055C00002423CB1032903D0002330BC04F013BCD9
:1055D0000123FAE71A8030BC704770B50C460546C7
:1055E000FFF72DFB2146284601F0E5FA2846BDE8E5
:1055F0007040012101F0EEBA18B18178012938D14B
:1056000001E010207047018842F60112881A914289
:1056100031D018DC42F60102A1EB020091422AD0FF
:105620000CDC41B3B1F5C05F25D06FF4C050081851
:1056300021D0A0F57060FF381BD11CE001281AD0E2
:1056400002280AD117E0B0F5807F14D008DC0128C9
:1056500011D002280FD003280DD0FF2809D10AE06D
:10566000B0F5817F07D0A0F58070033803D0012802
:1056700001D0002070470F2070470A281FD008DC97
:105680000A2818D2DFE800F0191B1F1F171F231D5F
:105690001F21102815D008DC0B2812D00C2810D0A0
:1056A0000D2816D00F2806D10DE011280BD0842824
:1056B0000BD087280FD003207047002070470520AB
:1056C0007047072070470F2070470420704706205E
:1056D00070470C20704743F20200704738B50C4603
:1056E000050041D06946FEF7D7FA002819D19DF888
:1056F0000010607861F3020060706946681CFEF774
:10570000CBFA00280DD19DF80010607861F3C50038
:105710006070A978C1F34101012903D0022905D0A5
:10572000072038BD217821F0200102E0217841F0E6
:1057300020012170410704D0A978C90861F38610BF
:105740006070607810F0380F07D0A978090961F30C
:10575000C710607010F0380F02D16078400603D592
:10576000207840F040002070002038BD70B504461D
:105770000020088015466068FFF7B0FF002816D1AA
:105780002089A189884211D860688078C0070AD032
:10579000B1F5007F0AD840F20120B1FBF0F200FB26
:1057A0001210288007E0B1F5FF7F01D90C2070BDF1
:1057B00001F201212980002070BD10B50478137812
:1057C00064F3000313700478640864F341031370F6
:1057D0000478A40864F3820313700478E40864F383
:1057E000C30313700478240964F30413137004785A
:1057F000640964F3451313700078800960F386131D
:10580000137031B10878C10701D1800701D501209B
:1058100000E0002060F3C713137010BD42785307F7
:1058200002D002F0070306E012F0380F02D0C2F3F4
:10583000C20300E001234A7863F302024A70407811
:1058400010F0380F02D0C0F3C20005E0430702D0C9
:1058500000F0070000E0012060F3C5024A707047C5
:105860002DE9F04F95B00D00824613D01222002191
:10587000284607F088FD4FF6FF7B05AA0121584610
:1058800007F049FB0024264637464FF420586FF4B2
:10589000205972E0102015B0BDE8F08F9DF81E0071
:1058A00001280AD1BDF81C1041450BD011EB0900AD
:1058B0000AD001280CD002280CD0042C0ED0052CC4
:1058C0000FD10DE0012400E00224BDF81A6008E0C9
:1058D000032406E00424BDF81A7002E0052400E069
:1058E0000624BDF81A10514547D12C74BEB34FF0B1
:1058F000000810AA4FF0070ACDE90282CDE900A8FE
:105900000DF13C091023CDF810904246314658461F
:1059100007F0D1FB08BBBDF83C002A46C0B210A975
:105920000CF064F9C8B9AE81CFB1CDE900A80DF192
:10593000080C0AAE40468CE8410213230022394687
:10594000584607F0B8FB40B9BDF83C00F11CC01E3A
:10595000C0B22A1D0CF04AF910B103209BE70AE0FF
:10596000BDF82900E881062C05D19DF81E00A8721B
:10597000BDF81C00288100208DE705A807F0D7FAA4
:1059800000288BD0FFF779FE85E72DE9F0471C460C
:10599000DDE90978DDF8209015460E00824600D139
:1059A000FFDF0CB1208818B1D5B11120BDE8F08718
:1059B000022D01D0012100E0002106F1140006F0C3
:1059C00073F9A8F8000002463B462946504603F00A
:1059D0007EF9C9F8000008B9A41C3C600020E5E786
:1059E0001320E3E7F0B41446DDE904528DB100233F
:1059F00014B1022C09D101E0012306E00D7CEE0771
:105A000003D025F0010501230D742146F0BC04F0FC
:105A1000F2B91A80F0BC70472DE9FE4F91461A8802
:105A20001C468A468046FAB102AB494603F04FF95C
:105A3000050019D04046A61C27880AF084FC32468F
:105A4000072629463B4600960AF0A3F820882346FD
:105A5000CDE900504A4651464046FFF7C3FF0020BB
:105A600020800120BDE8FE8F0020FBE72DE9F047F4
:105A700086B082460EA8904690E8B000894604AAF7
:105A800005A903A88DE807001E462A462146504670
:105A9000FFF77BFF039901B101213970002818D16C
:105AA000FA4904F1140204AB0860039805998DE8E3
:105AB000070042464946504606F0A9FCA8B109280D
:105AC00011D2DFE800F005080510100A0C0C0E00DA
:105AD000002006B06AE71120FBE70720F9E708205D
:105AE000F7E70D20F5E70320F3E7BDF81010039862
:105AF000CDE9000133462A4621465046FFF772FFA2
:105B0000E6E72DE9F04389B01646DDE910870D463A
:105B100081461C461422002103A807F034FC012012
:105B200002218DF810108DF80C008DF81170ADF871
:105B3000146064B1A278D20709D08DF81600E0880D
:105B4000ADF81A00A088ADF81800A068079008A862
:105B50000095CDE90110424603A948466B68FFF75E
:105B600085FF09B0BDE8F083F0B58BB00024064690
:105B7000069407940727089405A8099401940097B0
:105B80000294CDE903400D4610232246304607F02B
:105B900092FA78B90AA806A9019400970294CDE96F
:105BA0000310BDF8143000222946304607F021F8D2
:105BB000002801D0FFF761FD0BB0F0BD06F0B2BECA
:105BC0002DE9FC410C468046002602F07FFA05468E
:105BD00020780D287ED2DFE800F0BC0713B325BD86
:105BE00049496383AF959B00A848006820B141787C
:105BF00041F010014170ADE0404602F099FAA9E091
:105C0000042140460AF05AFA070000D1FFDF07F1ED
:105C10001401404605F0DDFFA5BB13214046FCF70B
:105C2000BFFD97E0042140460AF048FA070000D182
:105C3000FFDFE088ADF800000020B8819DF800008B
:105C4000010704D5C00602D5A088B88105E09DF8FB
:105C5000010040067ED5A088F88105B9FFDF224605
:105C60002946404601F0C0FC022673E0E188ADF809
:105C700000109DF8011009060FD5072803D006284B
:105C80000AD00AE024E0042140460AF017FA060090
:105C900000D1FFDFA088F0810226CDB9FFDF17E039
:105CA000042140460AF00AFA070000D1FFDF07F19D
:105CB000140006F06EFE90F0010F02D1E0790006AC
:105CC00048D5387C022640F00200387405B9FFDF61
:105CD000224600E03DE02946404601F085FC39E0DF
:105CE000042140460AF0EAF9017C002D01F0020689
:105CF000C1F340016171017C21F002010174E7D11F
:105D0000FFDFE5E702260121404602F043FA21E0E9
:105D1000042140460AF0D2F90546606800902089C7
:105D2000ADF8040001226946404602F054FA287C8E
:105D300020F0020028740DE0002DC9D1FFDFC7E775
:105D4000022600214046FFF765FA002DC0D1FFDF93
:105D5000BEE7FFDF3046BDE8FC813EB50C0009D050
:105D600001466B4601AA002007F02AFA20B1FFF78E
:105D700084FC3EBD10203EBD00202080A0709DF818
:105D8000050002A900F00700FDF7A2FF50B99DF839
:105D9000080020709DF8050002A9C0F3C200FDF7BD
:105DA00097FF08B103203EBD9DF8080060709DF884
:105DB0000500C109A07861F30410A0709DF80510DA
:105DC000890961F3C300A0709DF80410890601D50C
:105DD000022100E0012161F342009DF8001061F30F
:105DE0000000A07000203EBD70B5144606460D466A
:105DF00051EA040005D075B10846FBF760FA78B99E
:105E000001E0072070BD2946304607F040FA10B186
:105E1000BDE8704031E454B12046FBF750FA08B1B8
:105E2000102070BD21463046BDE8704095E7002047
:105E300070BD2DE9FC5F0C469046054600270178B1
:105E40000822007A3E46B2EB111F7DD104F10A010F
:105E500000910A31821E4FF0020A04F1080B0191F1
:105E6000092A72D2DFE802F0EDE005F528287BAAC6
:105E7000CE00688804210AF021F9060000D1FFDF76
:105E8000B08928B152270726C3E00000380200205D
:105E900051271026002C7DD06888A0800120A07199
:105EA000A88900220099FFF79FFF002873D1A889D5
:105EB0002081288AE081D1E0B5F81290072824D10A
:105EC000E87B000621D5512709F1140086B2002C89
:105ED000E1D0A88900220099FFF786FF00285AD157
:105EE0006888A08084F806A0A88920810120A0737A
:105EF000288A2082A4F81290A88A009068884B46CD
:105F0000A969019A01F04CFBA8E0502709F11200A1
:105F100086B2002C3ED0A88900225946FFF764FFC4
:105F2000002838D16888A080A889E080287A0728CE
:105F300013D002202073288AE081E87BC0096073B7
:105F4000A4F81090A88A01E085E082E000906888BB
:105F50004B4604F11202A969D4E70120EAE7B5F83B
:105F60001290512709F1140086B2002C66D068887F
:105F700004210AF0A3F883466888A080A88900223B
:105F80000099FFF731FF00286ED184F806A0A88998
:105F9000208101E052E067E00420A073288A20827B
:105FA000A4F81290A88A009068884B46A969019AC3
:105FB00001F0F6FAA989ABF80E104FE06888FBF7FC
:105FC000BDFB0746688804210AF078F8064607B941
:105FD000FFDF06B9FFDF687BC00702D05127142618
:105FE00001E0502712264CB36888A080502F06D0BD
:105FF00084F806A0287B594601F0E2FA2EE0287BBF
:10600000A11DF9E7FE49A8894989814205D1542794
:1060100006269CB16888A08020E053270BE06888A2
:10602000A080A889E08019E0688804210AF046F879
:1060300000B9FFDF55270826002CF0D1A8F8006032
:1060400011E056270726002CF8D06888A080002091
:1060500013E0FFDF02E0012808D0FFDFA8F80060AE
:106060000CB1278066800020BDE8FC9F57270726DB
:10607000002CE3D06888A080687AA071EEE7401D0C
:1060800020F0030009B14143091D01EB40007047B6
:1060900013B5DB4A00201071009848B1002468460F
:1060A00009F03BFE002C02D1D64A009911601CBDBC
:1060B00001240020F4E770B50D461446064686B06C
:1060C0005C220021284607F05EF904B9FFDFA078C2
:1060D0006874A2782188284601F09DFA0020A881E2
:1060E000E881228805F11401304605F056FD6A4624
:1060F0000121304606F00FFF1AE000BF9DF80300B3
:10610000000715D5BDF806103046FFF72DFD9DF8A8
:106110000300BDF8061040F010008DF80300BDF834
:106120000300ADF81400FF233046059A07F077F816
:10613000684606F0FCFE0028E0D006B070BD10B541
:106140000C4601F1140005F060FD0146627C20461A
:10615000BDE8104001F094BA30B50446A84891B0AB
:106160004FF6FF75C18905AA284606F0D4FE30E037
:106170009DF81E00A0422AD001282AD1BDF81C009B
:10618000B0F5205F03D042F60101884221D1002002
:1061900002AB0AAA0CA9019083E80700072000902F
:1061A000BDF81A1010230022284606F084FF38B9E3
:1061B000BDF828000BAAC0B20CA90BF017FD10B156
:1061C000032011B030BD9DF82E00A04201D1002067
:1061D000F7E705A806F0ABFE0028C9D00520F0E7D8
:1061E00070B50546042109F069FF040000D1FFDF06
:1061F00004F114010C46284605F0EBFC2146284624
:10620000BDE8704005F0ECBC70B58AB00C4606469F
:10621000FBF794FA050014D02878222827D30CB174
:10622000A08890B101208DF80C0003208DF810009B
:1062300000208DF8110054B1A088ADF81800206836
:1062400007E043F202000AB070BD0920FBE7ADF899
:10625000180005900421304609F030FF040000D1F9
:10626000FFDF04F1140005F0E6FC000701D408206C
:10627000E9E701F02BFF60B108A802210094CDE905
:10628000011095F8232003A930466368FFF7EEFB61
:10629000D9E71120D7E72DE9F04FB2F802A08346E5
:1062A00089B0154689465046FBF748FA074604214F
:1062B000504609F003FF0026044605964FF00208F9
:1062C0000696ADF81C6007B9FFDF04B9FFDF414651
:1062D000504603F0DAFE50B907AA06A905A88DE8D2
:1062E00007004246214650466368FFF74EFB44488C
:1062F00007AB0660DDE9051204F11400CDF800904B
:10630000CDE90320CDE9013197F8232059465046C5
:106310006B6805F0D9FC06000AD0022E04D0032ECB
:1063200014D0042E00D0FFDF09B03046BDE8F08F56
:10633000BDF81C000028F7D00599CDE900104246B1
:10634000214650466368FFF74DFBEDE7687840F063
:1063500008006870E8E72DE9F04F99B004464FF067
:1063600000082748ADF81C80ADF82080ADF82480E7
:10637000A0F80880ADF81480ADF81880ADF82C8036
:10638000ADF82880007916460D464746012808D00A
:10639000022806D0032804D0042802D0082019B00F
:1063A000C4E72046FAF747FF70BB2846FAF743FFD9
:1063B00050BB6068FAF78CFF30BB606848B16089F9
:1063C0002189884202D8B1F5007F01D90C20E6E787
:1063D00080460EAA06A92846FFF7C8F90028DED194
:1063E00068688078C0F34100022808D19DF8190040
:1063F00010F0380F03D02869FAF761FF20B904E0E4
:10640000380200201400002022E005A92069FFF7CF
:1064100065F90028C3D1206948B1607880079DF8EC
:10642000150000F0380001D5F0B300E0E0BB9DF8A6
:10643000140080060ED59DF8150010F0380F03D01B
:106440006068FAF73CFF18B96068FAF741FF08B1D5
:106450001020A4E70AA96069FFF740F900289ED13F
:10646000606940B19DF8290000F0070101293CD185
:1064700010F0380F39D00BA9A069FFF72FF90028C9
:106480008DD19DF8280080062FD49DF82C00800621
:106490002BD4A06950B19DF82D0000F0070101290F
:1064A00023D110F0380F00E01FE01ED0E06818B1D3
:1064B0000078D0B11C2818D20FAA611C2046FFF723
:1064C0007CF90121384661F30F2082468DF8521085
:1064D000B94642F603000F46ADF850000DF13F02F9
:1064E00018A928680BF0A1FB08B1072057E79DF811
:1064F000600015A9CDF80090C01CCDE9019100F015
:10650000FF0B00230BF20122514614A806F02EFCCB
:10651000F0BBBDF854000C90FE482A89296900920E
:10652000CDE901106B89BDF838202868069906F07E
:106530001DFC01007ED120784FF0020AC10601D473
:1065400080062BD5CDF80C90606950B90AA906A831
:10655000FFF764F99DF8290020F00700401C8DF832
:1065600029009DF8280008A940F0C8008DF82800EF
:106570008DF8527042F60210ADF8500003AACDF823
:1065800000A0CDE90121002340F2032214A800E07D
:106590001EE00A9906F0EAFB01004BD1DD484D46AA
:1065A00008385B460089ADF83D000FA8CDE90290A0
:1065B000CDF80490CDF810904FF007090022CDF8E7
:1065C0000090BDF854104FF6FF7006F012FB10B1AA
:1065D000FFF753F8E3E69DF83C00000624D5294672
:1065E000012060F30F218DF852704FF42450039571
:1065F000ADF8500062789DF80C00002362F30000B3
:106600008DF80C006278CDF800A0520862F34100CA
:106610008DF80C0003AACDE9012540F2032214A84D
:1066200006F0A4FB010005D1606888B32069A8B911
:1066300005A900E084E006A8FFF7F0F8607880077D
:1066400006D49DF8150020F038008DF8150005E0FF
:106650009DF8140040F040008DF814008DF8527041
:1066600042F60110ADF85000208940F20121B0FB44
:10667000F1F201FB1202606809ABCDF80080CDE9B0
:106680000103002314A8059906F070FB010057D1FF
:106690002078C00728D00395A06950B90BA906A897
:1066A000FFF7BCF89DF82D0020F00700401C8DF886
:1066B0002D009DF82C008DF8527040F040008DF8B0
:1066C0002C0042F60310ADF8500007A903AACDF83C
:1066D00000A0CDE90121002340F2032214A80B9968
:1066E00006F044FB01002BD1E06868B32946012085
:1066F00060F30F218DF8527042F60410ADF850008F
:10670000E068002302788DF8582040788DF8590011
:10671000E06816AA4088ADF85A00E06800798DF864
:106720005C00E068C088ADF85D00CDF80090CDE970
:1067300001254FF4027214A806F018FB010003D0E3
:106740000C9800F0C9FF2AE672480321083801714D
:1067500056B100893080BDF824007080BDF820005B
:10676000B080BDF81C00F080002018E670B501254F
:106770008AB016460B46012802D0022816D104E042
:106780008DF80E504FF4205003E08DF80E5042F675
:106790000100ADF80C005BB10024601C60F30F2415
:1067A00004AA08A918460BF040FA18B107204AE5D8
:1067B000102048E504A99DF820205648CDE9002185
:1067C000801E02900023214603A802F2012206F057
:1067D000CDFA10B1FEF751FF35E54E4808380EB13D
:1067E000C1883180057100202DE5F0B593B00746D2
:1067F00001268DF83E6041F60100ADF83C0012AA7A
:106800000FA93046FFF7B2FF002849D1414C0025BF
:10681000083CEFB31C22002102A806F0B4FD9DF84D
:1068200008008DF83E6040F020008DF8080042F628
:106830000520ADF83C000E959DF83A00119520F02A
:106840000600801C8DF83A009DF838006A4620F05A
:10685000FF008DF838009DF8390009A920F0FF00ED
:106860008DF839000420ADF82C00ADF830000EA8EA
:106870000A9011A80D900FA80990ADF82E5002A80B
:10688000FFF769FD00280BD1BDF80000608100E032
:1068900008E0BDF80400A081401CE08125710020C3
:1068A00013B0F0BD6581A581BDF84800F4E72DE97E
:1068B000F74F1849A0B00024083917940A79A14667
:1068C000012A04D0022A02D0082023B02EE5CA886B
:1068D000824201D00620F8E721988A46824201D1FF
:1068E0000720F2E70120214660F30F21ADF84800B0
:1068F0004FF6FF780691ADF84A808DF86E0042F6AB
:10690000020B8DF872401CA9ADF86CB0ADF8704068
:10691000139101E040020020ADF8508012A806F06B
:1069200035FB00252E462F460DAB072212A9404607
:1069300006F02FFB78B10A285DD195B38EB3ADF880
:106940006450ADF866609DF85E008DF8144019AC97
:10695000012864D06BE09DF83A001FB3012859D19B
:10696000BDF8381059451FD118A809A901940294FF
:10697000CDE9031007200090BDF836101023002247
:10698000404606F098FBB0BBBDF86000042801D07B
:1069900006284AD1BDF82410219881423AD10F200F
:1069A00093E73AE0012835D1BDF83800B0F5205F13
:1069B00003D042F6010188422CD1BAF80600BDF896
:1069C0003610884201D1012700E0002705B19EB1B1
:1069D000219881421ED118A809AA01940294CDE9F8
:1069E0000320072000900D4610230022404606F0A9
:1069F00062FB00B902E02DE04E460BE0BDF86000FE
:106A0000022801D0102810D1C0B217AA09A90BF092
:106A1000EDF850B9BDF8369086E7052055E705A991
:106A200017A8221D0BF001F908B103204DE79DF8CE
:106A300014000023001DC2B28DF814202298009289
:106A4000CDE901401BA8069906F090F910B9022281
:106A50008AF80420FEF711FE37E710B50B46401EFA
:106A600088B084B205AA00211846FEF7A6FE0020D1
:106A70000DF1080C06AA05A901908CE80700072073
:106A800000900123002221464FF6FF7006F0B1F876
:106A90000446BDF81800012800D0FFDF2046FEF7AD
:106AA000ECFD08B010BDF0B5F74F044687B038795B
:106AB0000E46032804D0042802D0082007B0F0BDF9
:106AC00004AA03A92046FEF751FE0500F6D160682E
:106AD0008078C0F3410002280AD19DF80D0010F023
:106AE000380F05D02069FAF7EAFB08B11020E5E776
:106AF000208905AA21698DE807006389BDF8102067
:106B00002068039906F032F910B1FEF7B6FDD5E71B
:106B100016B1BDF814003080042038712846CDE746
:106B2000F8B50C0006460CD001464FF6FF75002361
:106B30006A46284606F044FB28B100BFFEF79DFDDB
:106B4000F8BD1020F8BD69462046FEF7C7FD0028B5
:106B5000F8D1A078314600F001032846009A06F0EB
:106B60005EFBEBE730B587B0144600220DF1080C50
:106B700005AD01928CE82C00072200920A460146DE
:106B800023884FF6FF7006F034F8BDF8141021800A
:106B9000FEF773FD07B030BD70B50D46042109F056
:106BA0008DFA040000D1FFDF294604F11400BDE88E
:106BB000704005F039B870B50D46042109F07EFA31
:106BC000040000D1FFDF294604F11400BDE8704045
:106BD00005F04DB870B50D46042109F06FFA0400B8
:106BE00000D1FFDF294604F11400BDE8704005F034
:106BF00065B870B50546042109F060FA040000D1BB
:106C0000FFDF214628462368BDE870400122FEF7D9
:106C100003BF70B50646042109F050FA040000D104
:106C2000FFDF04F1140004F0F0FF401D20F0030525
:106C300011E0011D00880022431821463046FEF76E
:106C4000EBFE00280BD0607CABB2684382B2A06838
:106C5000011D09F002F9A06841880029E9D170BD41
:106C600070B50546042109F029FA040000D1FFDFC0
:106C7000214628466368BDE870400222FEF7CCBE7C
:106C800070B50E46054601F021FA040000D1FFDF81
:106C90000120207266726580207820F00F00001DB0
:106CA00020F0F00040302070BDE8704001F012BAD2
:106CB00010B50446012900D0FFDF2046BDE8104092
:106CC0000121FEF7A7BA2DE9F04F97B04FF0000A67
:106CD0000C008346ADF814A0D04619D0E06830B15E
:106CE000A068A8B10188ADF81410A0F800A058461B
:106CF000FAF724FD070043F2020961D03878222810
:106D00005CD30421584609F0D9F9050005D103E008
:106D1000102017B0BDE8F08FFFDF05F1140004F07C
:106D200074FF401D20F00306A078012803D002283C
:106D300001D00720EDE7218807AA584606F0EBF8B6
:106D400030BB07A806F0F3F810BB07A806F0EFF871
:106D500048B99DF82600012805D1BDF82400A0F50A
:106D60002451023902D04FF45050D2E7E068B0B15C
:106D7000CDE902A00720009005AACDF804A0049256
:106D8000A2882188BDF81430584605F032FF10B1B2
:106D9000FEF773FCBDE7A168BDF8140008809DF8FC
:106DA0001F00C00602D543F20140B2E70B9838B18C
:106DB000A1780078012905D080071AD40820A8E717
:106DC0004846A6E7C007F9D002208DF83C00A86825
:106DD0004FF00009A0B1697C4288714391420FD9FC
:106DE0008AB2B3B2011D08F0EEFF8046A0F800A001
:106DF00006E003208DF83C00D5F800804FF0010933
:106E00009DF8200010F0380F00D1FFDF9DF8200022
:106E10001E49C0F3C200084497F8231010F8010C73
:106E2000884201D90F2074E72088ADF8400014A9EA
:106E30000095CDE90191434607220FA95846FEF778
:106E400015FE002891D19DF8500050B9A078012876
:106E500007D1687CB3B2704382B2A868011D08F004
:106E6000C6FF002055E770B5064615460C46084695
:106E7000FEF7C2FB002805D12A4621463046BDE870
:106E8000704073E470BD12E538020020F2B00100DA
:106E900070B51E4614460D0009D044B1616831B189
:106EA00038B1FC49C988814203D0072070BD102049
:106EB00070BD2068FEF7A0FB0028F9D132462146BC
:106EC0002846BDE87040FFF746BA70B515460C007D
:106ED00006D038B1EF490989814203D0072070BD3F
:106EE000102070BD2068FEF787FB0028F9D12946E5
:106EF0002046BDE87040D6E570B5064686B00D4622
:106F000014461046FAF7BDF9D0BB6068FAF7E0F90D
:106F1000B0BBA6F57F40FF3803D03046FAF70EFC31
:106F200080B128466946FEF79BFC00280CD19DF8ED
:106F300010100F2008293DD2DFE801F008060606F0
:106F4000060A0A0843F2020006B070BD0320FBE700
:106F50009DF80210012908D1BDF80010B1F5C05FFD
:106F6000F2D06FF4C052D142EED09DF80610012944
:106F70000DD1BDF80410A1F52851062907D200E073
:106F800029E0DFE801F0030304030303DCE79DF8D5
:106F90000A1001290FD1BDF80810B1F5245FD3D034
:106FA000A1F60211B1F50051CED00129CCD00229B1
:106FB00001D1C9E7FFDF606878B9002305AA294637
:106FC000304606F0FDF810B1FEF757FBBCE79DF820
:106FD0001400800601D41020B6E7618822462846B6
:106FE0006368FFF7BFFDAFE72DE9F043814687B047
:106FF000884614461046FAF744F918B1102007B035
:10700000BDE8F083002306AA4146484606F0D8F8BA
:1070100018B100BFFEF731FBF1E79DF81800C0067C
:1070200002D543F20140EAE70025072705A80195AC
:1070300000970295CDE9035062884FF6FF734146F1
:10704000484606F038F8060013D16068FAF719F9D7
:1070500060B960680195CDE90250009704952388D6
:1070600062884146484606F026F80646BDF81400F8
:1070700020803046CEE739B1864B0A889B899A42F8
:1070800002D843F2030070471DE610B586B0814C6C
:107090000423ADF81430638943B1A4898C4201D232
:1070A000914205D943F2030006B010BD0620FBE76C
:1070B000ADF81010002100910191ADF800300221CF
:1070C0008DF8021005A9029104A90391ADF81220D0
:1070D0006946FFF7F8FDE7E72DE9FC4781460D46D5
:1070E0000846FAF7A8F888BB4846FAF727FB5FEA94
:1070F00000080AD098F80000222829D30421484625
:1071000008F0DCFF070005D103E043F20200BDE810
:10711000FC87FFDF07F1140004F08DFD0646287898
:10712000012803D0022804D00720F0E7B0070FD5CC
:1071300002E016F01C0F0BD0A8792C1DC00709D057
:10714000E08838B1A068FAF776F818B11020DEE7C9
:107150000820DCE721882A780720B1F5847F35D024
:107160001EDC40F20315A1F20313A94226D00EDC67
:10717000B1F5807FCBD003DCF9B1012926D1C6E778
:10718000A1F58073013BC2D0012B1FD113E0012B6D
:10719000BDD0022B1AD0032BB9D0042B16D112E08C
:1071A000A1F20912082A11D2DFE802F00B04041040
:1071B00010101004ABE7022AA9D007E0012AA6D0DC
:1071C00004E0320700E0F206002AA0DACDB200F0B7
:1071D0007DFF50B198F82300CDE90005FA892346D8
:1071E00039464846FEF78DFC91E711208FE72DE9DF
:1071F000F04F8BB01F4615460C4683460026FAF723
:107200009DFA28B10078222805D208200BB081E52C
:1072100043F20200FAE7B80801D00720F6E7032F8F
:1072200000D100274FF6FF79CCB1022D73D3204651
:10723000FAF74EF830B904EB0508A8F10100FAF7A7
:1072400047F808B11020E1E7AD1E38F8028CAAB269
:107250002146484606F007F940455CD1ADB20D49DC
:10726000B80702D58889401C00E001201FFA80F889
:10727000F80701D08F8900E04F4605AA41465846DD
:1072800005F049FE4FF0070A4FF00009DCB3204635
:107290000BE0000038020020408810283BD8361D43
:1072A000304486B2AE4236D2A01902884245F3D3AA
:1072B00051E000BF9DF8170002074CD594B304EBD2
:1072C0000608361DB8F80230B6B2102B23D89A192A
:1072D000AA4220D8B8F8002091421CD1C0061CD583
:1072E000CDE900A90DF1080C0AAAA11948468CE8BD
:1072F0000700B8F800100022584605F07AFC20B1CB
:10730000FEF7BBF982E726E005E0B8F80200BDF819
:107310002810884201D00B2078E7B8F802003044EA
:1073200086B207E0FFE7C00604D55846FEF71CFC0E
:10733000002888D19DF81700BDF81A1020F0100021
:107340008DF81700BDF81700ADF80000FF23584670
:10735000009A05F064FF05A805F0E9FD18B9BDF82D
:107360001A10B942A6D90421584608F0A7FE040015
:1073700000D1FFDFA2895AB1CDE900A94D46002313
:1073800021465846FEF7BDFB0028BBD1A5813DE74D
:1073900000203BE72DE9FF4F8BB01E4617000D463E
:1073A0004FF0000412D0B00802D007200FB0B1E4B3
:1073B000032E00D100265DB10846F9F780FF28B9F9
:1073C0003888691E0844F9F77AFF08B11020EDE704
:1073D000C74AB00701D5D18900E00121F0074FF677
:1073E000FF7802D0D089401E00E0404686B206AA4F
:1073F0000B9805F090FD4FF000094FF0070B0DF1D1
:10740000140A38E09DF81B00000734D5CDF804902D
:10741000CDF800B0CDF80890CDE9039A434600229C
:107420000B9805F048FE60BB05B3BDF814103A8810
:1074300021442819091D8A4230D3BDF81E2020F8A6
:10744000022BBDF8142020F8022BCDE900B9CDE9BC
:107450000290CDF810A0BDF81E10BDF81430002227
:107460000B9805F028FE08B103209FE7BDF8140033
:107470002044001D84B206A805F059FD20B10A2859
:1074800006D0FEF7FAF891E7BDF81E10B142B9D95F
:1074900034B17DB13888A11C884203D20C2085E725
:1074A000052083E722462946404605F0DCFF0146D9
:1074B00028190180A41C3C80002077E710B5044601
:1074C000F9F7DFFE08B1102010BD8948C08920807F
:1074D000002010BDF0B58BB00D46064614220021E9
:1074E00003A805F050FF01208DF80C008DF8100066
:1074F00000208DF81100ADF814503046FAF71EF94F
:1075000048B10078222812D30421304608F0D6FD75
:10751000040005D103E043F202000BB0F0BDFFDF31
:1075200004F11400074604F086FB800601D408200D
:10753000F3E7207C022140F00100207409A80094A8
:10754000CDE90110072203A930466368FEF78EFAE1
:1075500020B1217C21F001012174DEE7294630466B
:10756000FDF749FE08A9384604F054FB00B1FFDFDF
:10757000BDF82040172C01D2172000E02046A84279
:1075800001D92C4602E0172C00D2172421463046A0
:10759000FFF711FB21463046FDF751FB0020BCE709
:1075A000F8B51C4615460E46069F08F0BAFE23465F
:1075B000FF1DBCB231462A46009408F0B6FAF8BD69
:1075C00070B50C4605460E220021204605F0DBFE74
:1075D000002020802DB1012D01D0FFDF70BD0620DD
:1075E00000E00520A07170BD10B5488008781346F2
:1075F00020F00F00001D20F0F00080300C460870D5
:107600001422194604F1080005F093FE00F062FD13
:107610003748046010BD2DE9F047DFF8D890491DC8
:10762000064621F0030117460C46D9F8000008F081
:1076300092FB050000D1FFDF4FF000083560A5F890
:1076400000802146D9F8000008F085FB050000D134
:10765000FFDF7560A5F800807FB104FB07F1091D0D
:107660000BD0D9F8000008F076FB040000D1FFDF52
:10767000B460C4F80080BDE8F087C6F80880FAE777
:107680002DE9F0411746491D21F00302194D064628
:1076900001681446286808F089FB2246716828684A
:1076A00008F084FB3FB104FB07F2121D03D0B16860
:1076B000286808F07BFB042008F0ACFC044604209A
:1076C00008F0B0FC201A012804D12868BDE8F04178
:1076D00008F036BBBDE8F08110B50C4605F0EAFBBA
:1076E00000B1FFDF2046BDE81040FDF7C6BF000037
:1076F00038020020140000204FF0E0214FF4004039
:10770000C1F88001BFF34F8FBFF36F8F00F021B836
:1077100010B5044600F01DF8002C09D0124A12489A
:1077200012491432124B012C03D0022C07D0FFDF78
:1077300010BD0224046011604FF0407004E0032487
:10774000046011604FF40000186010BD00B5FFDF49
:1077500000BD054800210160016005494FF06070DF
:10776000091D08607047000000F500404802002035
:1077700004F501402DE9F05FDFF850A44FF0000858
:107780008B4606469AF80940474645469AF80190C6
:1077900008E0284601F00EF8817B407811FB007765
:1077A0006D1CEDB24D45F4D19AF8090020442044F7
:1077B00020440744FF2F01D94FF013083068C01C44
:1077C00020F0030232605BEA080021D1FF48FBB2DF
:1077D000062120300CF0C8F9002408E0062C0FD256
:1077E000DFE804F005030A0A0C05F94800E0F9484F
:1077F0000CF0DAF9054604E0F748F9E7F748F7E74F
:10780000FFDFA54200D0FFDF641CE4B2062CE5D305
:10781000306800EB071030604046BDE8F09F38B597
:107820000C468288817B19B14189914200D90A4670
:107830002280C188121D90B26A4607F081FCBDF813
:107840000000032800D30320C1B2208800F0D1FF3C
:1078500038BD38B50C468288817B19B101899142C7
:1078600000D90A462280C188121D90B26A4607F0EC
:1078700067FCBDF80000022800D30220C1B22088B6
:1078800000F0B7FF401CC0B238BD2DE9FF5F824653
:107890008B46D34814460BF10302D0E90110CDE921
:1078A000021022F0030201A84421019208F035FAE7
:1078B000C64E002C02D1CB49019A8A60019901443D
:1078C0000191B57E05F1010504D1E8B20AF026F96F
:1078D00000B1FFDF019800EB0510C01C20F0030190
:1078E000019144B9727A00200870B08B80B205F023
:1078F00040F900B1FFDF0198F16908440190214689
:1079000001A8FFF737FF80460198C01C20F0030054
:107910000190717A04B1002008F0F5FA0199084449
:107920000190214601A800F06FFFA84800273D46BE
:1079300090F801900CE0284600F03CFF0646817864
:107940008088FDF713FA71786D1C00FB0177EDB2AA
:107950004D45F0D10198C01C20F00300019004B106
:1079600000203946FDF70DFA0199002708440190DF
:1079700096483D4690F801900CE0284600F01AFF2A
:107980000646C1788088FEF77AFB71786D1C00FB93
:107990000177EDB24D45F0D10198C01C20F00300F5
:1079A000019004B100203946FEF772FB01994FF0B7
:1079B00000090844019085484D4647780EE0284666
:1079C00000F0F8FE0646807B30B106F1080002F0B8
:1079D0009DF8727800FB02996D1CEDB2BD42EED1AC
:1079E0000198C01C20F00300019004B100207D49E3
:1079F0004A78494602F08EF80199084401902146E0
:107A000001A800F0B3FE0198C01D20F0070001900E
:107A1000DAF80010814204D3A0EB0B01B1F5803FEE
:107A200004DB4FF00408CAF8000004E0CAF80000C4
:107A3000B8F1000F02D0404604B0EEE674BB6A49CC
:107A40000020019A0CF0FEF9FAF77EFB5F4C207ED5
:107A50000090607E012823D0002318B300225B48E9
:107A600000210C30FBF74AF800B1FFDFE07EFEF7A3
:107A7000BCFE00B1FFDF55484FF4F67200213830EC
:107A800005F081FC51480421383080F8E91180F874
:107A9000EA11062180F8EB11032101710020CBE7E8
:107AA0000123DAE702AADAE770B5484C0646383413
:107AB000207804EB4015E078083598B9A01990F8C3
:107AC000E80100280FD0A0780F2800D3FFDF202284
:107AD0000021284605F057FC687866F302006870BC
:107AE0000120E070284670BD2DE9F04105460C46A6
:107AF00000270078052190463E46B1EB101F00D0CC
:107B0000FFDF287A50B101280ED0FFDFA8F800600F
:107B10000CB1278066800020BDE8F081012709268E
:107B200074B16888A08008E00227142644B16888F0
:107B3000A0802869E060A88A2082287B2072E5E77F
:107B4000A8F80060E7E730B5204C01200021207044
:107B50006170207260726176217621730521A182A5
:107B60001F21E182607321A121610A21A176E076C3
:107B70001C4D4FF4B060E0616868C11C21F0030146
:107B8000814200D0FFDF6868606030BD30B5154CC1
:107B90001568636810339D4202D20420136030BD23
:107BA0000A4B5D785A6802EB051210705170032081
:107BB000D080172090800120D070907000209073AA
:107BC0005878401C58706068103013E0540300204F
:107BD000A11F0000359C0000A9B000000F19010092
:107BE000F8B0010018000020000000206E52463559
:107BF000780000006060002030BD70B50646F8488F
:107C00000024457807E0204600F0D4FD0178B14219
:107C100004D0641CE4B2AC42F5D1002070BDF7B5CD
:107C2000074608780C4610B3FFF7E7FF0546A7F1B3
:107C30002006202F06D0052E19D2DFE806F00F2BE4
:107C40002B151A0000F0C2FD0DB1697800E000218B
:107C5000401AA17880B20844FF2808D8A07830B133
:107C6000A088022824D202E06088172820D20720AA
:107C7000FEBD207AE0B161881729F8D3A1881729C1
:107C8000F5D3A1790029F2D0E1790029EFD040287D
:107C900004D9ECE7242F0BD1207A48B161884FF644
:107CA000FB70814202D8A188814201D90420FEBD27
:107CB00065B9207802AA0121FFF768FF0028F6D1F4
:107CC0002078FFF79AFF050000D1FFDF052E18D2BC
:107CD000DFE806F0030B0E081100A0786870A0889A
:107CE000E8800FE06088A8800CE0A078A87009E028
:107CF000A078E87006E054F8020FA8606068E860B9
:107D000000E0FFDF0020FEBD1A2835D00DDC13286F
:107D100032D2DFE800F01B31203131272723252D17
:107D2000313129313131312F0F00302802D003DCBD
:107D30001E2821D1072070473A3809281CD2DFE8D5
:107D400000F0151B0F1B1B1B1B1B0700002070479F
:107D500043F20400704743F202007047042070476A
:107D60000D2070470F207047082070471120704782
:107D700013207047062070470320704710B5007825
:107D800000F0010007F0D2F9BDE81040BCE710B5E3
:107D9000007800F0010007F0CEF9BDE81040B3E72D
:107DA0000EB5017801F001018DF80010417801F065
:107DB00001018DF801100178C1F340018DF8021026
:107DC0004178C1F340018DF80310017889088DF8DE
:107DD0000410417889088DF8051081788DF8061017
:107DE000C1788DF8071000798DF80800684606F014
:107DF0005DFEFFF789FF0EBD2DE9F84F784CDFF8E7
:107E0000E481383400261FE0012000F048FD012005
:107E1000FFF74AFE054644214746D8F8080007F018
:107E20009AFF686000B9FFDF686806F03BFDA8B103
:107E30002846F9F7F1FD284600F036FD20B9442226
:107E40006968B86807F0B2FF94F9E9010428DBDA41
:107E5000022008F0DFF807460025A6E04422696802
:107E6000D8F8080007F0A2FFF2E7B8F80210404681
:107E7000491C89B2A8F80210B94201D300214180FF
:107E80000221B8F8020008F019F9002865D0B8F806
:107E90000200694607F0C8F8FFF736FF00B1FFDFC0
:107EA0009DF8000078B1B8F8020008F04CFA5FEADB
:107EB000000900D1FFDF484607F0CBFC18B1B8F845
:107EC000020002F0D0F8B8F8020008F02AFA5FEADF
:107ED000000900D1FFDF484607F0B3FCE8BB0321EF
:107EE000B8F8020008F0EAF85FEA000B48D1FFDFBB
:107EF00046E000BFDBF8100010B10078FF2849D041
:107F0000022000F0CCFC0220FFF7CEFD824648465E
:107F100007F0A3FDCAF8040000B9FFDFDAF8040097
:107F200007F06BFE002100900170B8F80210504677
:107F3000AAF8021001F0BAFF484607F060FE00B947
:107F4000FFDF504600F0B0FC18B99AF801000007B6
:107F500004D50099CBF8101012E024E0DBF81000F3
:107F600038B10178491C11F0FF01017008D1FFDF21
:107F700006E000221146484600F0F6FB00B9FFDF9C
:107F800094F9EA01022805DBB8F8020001F055FF78
:107F90000028AFD194F9E901042804DB484607F032
:107FA00092FE00B101266D1CEDB2BD4204D294F9DF
:107FB000EA010228BFF659AF002E7FF423AFBDE8D7
:107FC000F84F032000F06BBC10B5064CE060086869
:107FD0002061AFF2DB1002F0C8FF607010BD00003E
:107FE0005403002018000020F74800210170F748D2
:107FF0000170F7494160704770B505464FF08050F9
:108000000C46D0F8A410491C05D1D0F8A810C943DB
:108010000904090C0BD050F8A01F01F001012970D0
:10802000416821608068A080287830B970BD062141
:1080300020460BF08CFB01202870607940F0C000D6
:10804000607170BD70B54FF080540D46D4F880104B
:10805000491C0BD1D4F88410491C07D1D4F88810DE
:10806000491C03D1D4F88C10491C0CD0D4F88010D2
:108070000160D4F884104160D4F888108160D4F88D
:108080008C10C16002E010210BF061FBD4F890006D
:10809000401C0BD1D4F89400401C07D1D4F89800B0
:1080A000401C03D1D4F89C00401C09D054F8900F18
:1080B000286060686860A068A860E068E86070BDDB
:1080C0002846BDE8704010210BF041BBBE48383057
:1080D0000079E9E470B5BC4C3834E07830B32078EE
:1080E00004EB4010407A00F00700204490F9E801CA
:1080F000002800DCFFDF2078002504EB4010407AE8
:1081000000F00700011991F8E801401E81F8E8012C
:108110002078401CC0B220700F2800D12570A078B4
:10812000401CA0700BF09CF9E57070BDFFDF70BDC6
:108130003EB50546032107F0C1FF0446284608F076
:10814000F0F8054604B9FFDF206918B10078FF2870
:1081500000D1FFDF01AA6946284600F005FB60B99F
:10816000FFDF0AE0002202A9284600F0FDFA00B96C
:10817000FFDF9DF8080000B1FFDF9DF80000411E01
:108180008DF80010EED220690199884201D10020BB
:1081900020613EBD70B50546A0F57F400C46FF3816
:1081A00000D1FFDF012C01D0FFDF70BDFFF78EFF94
:1081B000040000D1FFDF207820F00F00401D20F0E8
:1081C000F000503020706580002020720120207364
:1081D000BDE870407EE72DE9F04116460D460746A2
:1081E000FFF774FF040000D1FFDF207820F00F00BC
:1081F000401D20F0F0005030207067800120207278
:1082000028682061A888A0822673BDE8F04161E754
:108210007FB5FFF7F2FC040000D1FFDF02A9204682
:10822000FFF7FDFA054603A92046FFF712FB8DF87C
:1082300000508DF80100BDF80800001DADF80200E7
:10824000BDF80C00001DADF80400E088ADF8060094
:10825000684606F053FF002800D0FFDF7FBD2DE900
:10826000F05F5A4E8146307810B10820BDE8F09F8B
:108270004846F9F706F808B11020F7E7524C207885
:1082800008B9FFF760FC647A4D4600F09FFAA042FF
:1082900007D2201AC1B22A460020FFF777FC002837
:1082A000E4D171684848C91C002721F003017160BE
:1082B000B3463E463D46BA463C4690F801800AE049
:1082C000204600F077FA4178807B0E4410FB015580
:1082D000641CE4B27F1C4445F2D10AEB870000EB3A
:1082E000C600DBF8041000EB850045185C4601224F
:1082F00029464846FFF7C9FA060013D00020FFF7C9
:108300007CFC05000CD005F11300616820F003002F
:10831000884200D0FFDF2C484178491E41706560DB
:108320003046A3E7002229464846FFF7AEFA00B1DF
:10833000FFDFD9F8000060604FF6FF706080012019
:108340002070002092E72DE9F04104461F481746AF
:108350000E46007810B10820BDE8F0810846F8F715
:108360006AFF08B11020F7E7174D287808B9FFF722
:10837000EAFB601E1E2807D8012C22D13078FE2887
:108380001FD8A8760020E7E7A4F120001F2805D811
:10839000E0B23A463146BDE8F04140E4A4F1400085
:1083A0001F2805D831462046BDE8F04100F0A2BAAA
:1083B000A4F1A0001F2804D80020A02C0AD0A12CD2
:1083C0000DD00720C8E7000054030020180000204B
:1083D00048100020317801F00101E976BCE73168EE
:1083E0000922F82901D38B0701D01046B4E76B7B33
:1083F00003F00303012B04D1EB8AD7339CB28C42E8
:10840000F3D8E961A8E72DE9F04781460E46084612
:10841000F8F737FF48B94846F8F751FF28B909F18E
:10842000030020F00301494502D01020BDE8F08789
:10843000FC484FF0000A817869B14178804600EB32
:1084400041140834378832460021204600F039FABA
:10845000050004D027E0A6F800A00520E6E7B9F162
:10846000000F24D03088B84201D90C251FE0607875
:1084700000F00705284600F012FA08EB050732461F
:1084800097F8E8014946401C87F8E801204607F5BF
:10849000F47700F016FA05463878401E387003204D
:1084A00000F0FDF92DB10C2D01D0A6F800A0284652
:1084B000BCE76078DC4E00F00701012923D00229D7
:1084C0000CD0032933D0FFDF98F801104046491C37
:1084D000C9B288F801100F2934D035E0616821B1A4
:1084E000000702D46088FFF723FE98F8EA014746A8
:1084F000012802D1707802F057FD97F9EA010428AB
:10850000E2DBFFDFE0E7616819B14422B06807F001
:108510004DFC98F8E9014746032802D1707802F033
:1085200043FD97F9E9010428CEDBFFDFCCE7C00665
:1085300002D56088FFF7FCFD98F9EB010628C3DB44
:10854000FFDFC1E780F801A08178491E8170617862
:1085500001F0070101EB080090F8E811491C80F8D0
:10856000E811A4E770B50D460446F8F764FE18B9A3
:108570002846F8F786FE08B1102070BD294620462F
:10858000BDE8704009F002BB70B5054609F021FB5B
:10859000C4B22846F8F793FE08B1102070BD35B17B
:1085A00028782C7018B1A04201D0072070BD204659
:1085B000FDF7D2FD052805D109F00FFB012801D0F8
:1085C000002070BD0F2070BD70B5044615460E46E4
:1085D0000846F8F730FE18B92846F8F752FE08B1F9
:1085E000102070BD022C03D0102C01D0092070BDCA
:1085F0002A463146204609F0F9FA0028F7D005202E
:1086000070BD70B514460D460646F8F714FE38B92D
:108610002846F8F736FE18B92046F8F750FE08B19C
:10862000102070BD22462946304609F0FEFA002887
:10863000F7D0072070BD3EB50446F8F722FE08B11A
:1086400010203EBD684606F0C0F9FFF75DFB00282C
:10865000F7D19DF806002070BDF808006080BDF8D5
:108660000A00A08000203EBD70B505460C460846B5
:10867000F8F725FE20B93CB12068F8F702FE08B1F2
:10868000102070BDA08828B121462846BDE8704062
:10869000FDF7BABD092070BD70B505460C46084609
:1086A000F8F7C9FD30B9681E1E2814D82046F8F71F
:1086B000C2FD08B1102070BD032D01D9072070BD87
:1086C00005B9FFDF594800EB850050F8041C20462F
:1086D000BDE870400847A5F120001F2805D82146B5
:1086E0002846BDE87040F9F7C1BCF02D0AD0BF2D77
:1086F000E4D1A078218800F0010001F08DFA68B182
:10870000002070BDA068F8F796FD0028D2D1204661
:1087100006F04CFDBDE87040FFF7F6BA082070BDCA
:1087200070B504460D460846F8F7ABFD30B9601E3B
:108730001E280FD82846F8F77EFD08B1102070BD1E
:10874000012C03D0022C01D0032C01D1062070BDD6
:10875000072070BDA4F120001F28F9D82946204623
:10876000BDE87040F9F7D0BC07F03AB81CB5002955
:108770001FD104F02AFE2C4800224178C06805F081
:108780001DFF29481030C0788DF8000010B1012875
:1087900002D004E0012000E000208DF800006846CF
:1087A00006F06BF9214824380068019001A806F012
:1087B000BFFA1CBD30B51B4D0446383D6878A04259
:1087C00000D8FFDF686800EB041030BD70B51548B5
:1087D000002538382C46467807E02046FFF7EAFFA8
:1087E0004078641C2844C5B2E4B2B442F5D12846AE
:1087F00070BD021D5143452900D245210844C01CCB
:10880000B0FBF2F0C0B270472DE9FC5F06460548A8
:108810004FF0000838388B464746444690F80190A0
:1088200029E000008C030020180000201CB101008A
:108830002046FFF7BFFF050000D1FFDF68786946DB
:108840003844C7B22846FEF7EAFF824601A9284607
:10885000FEF7FFFF0346BDF804005246001D81B23B
:10886000BDF80000001D80B207F0A6FC6A78641C09
:1088700000FB0288E4B24C45DAD13068C01C20F01D
:1088800003003060BBF1000F00D0002042463946A3
:1088900007F0A0FC316808443060BDE8FC9F5649F1
:1088A00008710020C87070475349CA782AB10A7805
:1088B00001EB42110831814201D0012070470020B4
:1088C00070472DE9F04106460078154600F00F0488
:1088D00000201080601E0F46052800D3FFDF4748A8
:1088E0002A4600EB8400394650F8043C3046BDE887
:1088F000F04118472DE9F0413F4E0C46383E4028E4
:1089000006D041281AD0422822D0432826D11AE086
:1089100020786578012801D913201DE5FF2D08D89E
:1089200009F0F4FA07460AF053FD381A401EA8422F
:1089300001DA122010E5208830810DE0BDE8F04119
:10894000084600F00DB80878022807D8307603E012
:108950000878022802D870760020FDE40720FBE4A6
:1089600038B50446407800F00300012803D00228FF
:108970000BD0072038BD606858B1F8F7A9FCD0B912
:108980006068F8F79CFC20B915E06068F8F753FCC4
:1089900088B969462046FBF77FF90028EAD160785C
:1089A00000F00300022808D19DF8000028B160689B
:1089B000F8F785FC08B1102038BD6189F8290ED878
:1089C000208988420BD8607800F003020A483838C2
:1089D000012A06D1D731C26989B28A4201D209205F
:1089E00038BD94E80E0000F10C0585E80E000AB9C8
:1089F00000218182002038BD8C03002004B10100D9
:108A00002DE9F041074614468846084601F024FD4A
:108A1000064608EB88001C22796802EBC0000D189E
:108A2000688C58B14146384601F025FD014678680A
:108A30000078C200082305F120000CE0E88CA8B102
:108A40004146384601F01EFD01467868082340780B
:108A5000C20005F1240007F000FA38B106212172A6
:108A60006681D0E90010C4E9031009E028780928DC
:108A70000BD00520207266816868E06000202870B5
:108A80002046BDE8F04101F0C8BC07202072668195
:108A9000F4E72DE9F04116460D460746406801EB24
:108AA00085011C2202EBC1014418204601F00CFD97
:108AB00040B10021708865F30F2160F31F4105204C
:108AC0000BF02CF909202070324629463846BDE8C3
:108AD000F04195E72DE9F0410E46074600241C21A0
:108AE000F07816E004EB8403726801EBC303D25CF8
:108AF0006AB1FFF7EBFA050000D1FFDF6F802A466D
:108B000021463046FFF7C5FF0120BDE8F081641C17
:108B1000E4B2A042E6D80020F7E770B5064600248C
:108B20001C21C0780AE000BF04EB8403726801EBEB
:108B3000C303D5182A782AB1641CE4B2A042F3D842
:108B4000402070BD28220021284604F01CFC7068DB
:108B500080892881204670BD70B5034600201C2501
:108B6000DC780CE000EB80065A6805EBC606324460
:108B7000167816B1128A8A4204D0401CC0B28442D0
:108B8000F0D8402070BDF0B5044600201C26E578E2
:108B90000EE000BF00EB8007636806EBC7073B44AD
:108BA0001F788F4202D15B78934204D0401CC0B240
:108BB0008542EFD84020F0BD0078032801D0002086
:108BC0007047012070470078022801D000207047CC
:108BD000012070470078072801D00020704701204D
:108BE00070472DE9F041064688461078F178154621
:108BF000884200D3FFDF2C781C27641CF078E4B295
:108C0000A04201D8201AC4B204EB8401706807EBBB
:108C1000C1010844017821B14146884708B12C7050
:108C200073E72878A042E8D1402028706DE770B53E
:108C300014460B880122A240134207D113430B8034
:108C400001230A22011D07F0D2F8047070BD2DE93E
:108C5000FF4F81B00878DDE90E7B9A4691460E46BB
:108C600040072CD4019807F06EFB040000D1FFDF11
:108C700007F1040820461FFA88F106F0BDFC050044
:108C800000D1FFDF204629466A4606F008FF00981B
:108C9000A0F80370A0F805A0284606F0AEFF017802
:108CA00069F306016BF3C711017020461FFA88F1C2
:108CB00006F0E5FC00B9FFDF019805F027FC06EBA4
:108CC0000900017F491C017705B0BDE8F08F2DE94F
:108CD000F84F0E469A4691460746032107F0EEF9F3
:108CE0000446008DDFF87C85002518B198F8000057
:108CF000B0421ED1384607F026FB070000D1FFDF47
:108D000009F10401384689B206F076FC050010D05E
:108D1000384629466A4606F0C2FE009800210A46F7
:108D20000180817005F067FC0098C01DCAF8000042
:108D300021E098F80000B04216D104F1260734F87B
:108D4000341F012000FA06F911EA090F00D0FFDFF5
:108D50002088012340EA090020800A22391D384674
:108D600007F060F8067006E0324604F1340104F1C1
:108D70002600FFF75CFF0A2188F800102846BDE8AE
:108D8000F88FFEB515460C46064602AB0C220621AE
:108D9000FFF79DFF002827D00299607812220A7001
:108DA000801C487008224A80A070029829880523F8
:108DB00081806988C180A9880181E9884181002575
:108DC0000C20CDE90005062221463046FFF73FFF83
:108DD0002946002266F31F41F02310460AF0F4FEF4
:108DE0006078801C60700120FEBD2DE9FE430C46BA
:108DF000804644E002AB0E2207214046FFF767FFA2
:108E0000002841D060681C2267788678BF1C06EB7A
:108E1000860102EBC10145180298142101704770C8
:108E20000A214180698A0181E98A4181A98881807A
:108E3000A9898181304601F00FFB029905230722A1
:108E4000C8806F700420287000250E20CDE9000531
:108E500021464046FFF7FBFE294666F30F2168F3E3
:108E60001F41F023002205200AF0AEFE6078FE4983
:108E7000801C607062682046921CFFF7B2FE60683A
:108E800080784028B6D10120BDE8FE83FEB50D46AE
:108E9000064638E002AB0E2207213046FFF717FFE7
:108EA000002835D068681C23C17801EB810203EBF0
:108EB000C2028418029815220270627842700A2257
:108EC0004280A2894281A2888281084601F0C4FAC8
:108ED000014602988180618AC180E18A0181A0886F
:108EE000B8B10020207000210E20CDE9000105233B
:108EF000072229463046FFF7AAFE6A68DB49284662
:108F0000D21CFFF76EFE6868C0784028C2D10120ED
:108F1000FEBD0620E6E72DE9FE430C46814644E00F
:108F2000204601F0BBFAD0B302AB08220721484625
:108F3000FFF7CDFE0028A7D060681C22657806796F
:108F4000AD1C06EB860102EBC10147180298B7F889
:108F5000108006210170457004214180304601F0E7
:108F60007BFA0146029805230722C180A0F80480FD
:108F70007D70082038700025CDE90005214648465F
:108F8000FFF765FE294666F30F2169F31F41F023C1
:108F9000002205200AF018FE6078801C607062686C
:108FA000B3492046121DFFF71CFE60680179402975
:108FB000B6D1012068E72DE9F34F83B00D4691E06B
:108FC000284601F06BFA00287ED068681C2290F8D1
:108FD00006A00AEB8A0102EBC1014418514628465B
:108FE00001F050FAA178CB0069684978CA000146BF
:108FF00004F1240006F04DFF07468188E08B4FF016
:109000000009091A8EB208B1C84607E04FF00108FE
:10901000504601F00CFA08B9B61CB6B2208BB0422B
:1090200000D80646B34602AB324607210398FFF745
:109030004EFE060007D0B8F1000F0BD0504601F0ED
:10904000F6F910B106E000203EE60299B8884FF02C
:10905000020908800196E28B3968ABEB09001FFA20
:1090600080F80A4403984E46009207F06CF9DDE957
:109070000021F61D4346009606F08BFDE08B404430
:1090800080B2E083B988884201D1012600E0002641
:10909000CDE900B6238A072229460398FFF7D7FDBA
:1090A000504601F0C4F910B9E089401EE0815EB17C
:1090B000A078401CA0706868E978427811FB02F142
:1090C000CAB20123816900E006E00E3006F08FFE8F
:1090D00080F800A00020E0836A6866492846921D57
:1090E000FFF77FFD6868817940297FF469AF01202F
:1090F000EAE570B5064648680D4614468179402970
:1091000010D104EB84011C2202EBC101084401F0E0
:10911000FCF9002806D06868294684713046BDE80D
:10912000704048E770BDFEB50C460746002645E096
:10913000204601F0B3F9D8B360681C22417901EBF5
:10914000810102EBC1014518688900B9FFDF02AB5C
:10915000082207213846FFF7BAFD002833D00299CC
:10916000607816220A70801C48700420488060686D
:10917000407901F071F901460298052307228180A8
:109180006989C1800820CDE9000621463846FFF7ED
:109190005EFD6078801C6070A88969890844B0F51C
:1091A000803F00D3FFDFA88969890844A8816E81C8
:1091B000626831492046521DFFF713FD606841790E
:1091C0004029B5D10120FEBD30B5438C458BC3F39A
:1091D000C704002345B1838B641EED1AC38A6D1E3C
:1091E0001D4495FBF3F3E4B22CB1008918B1A04201
:1091F00000D8204603444FF6FF70834200D3034655
:1092000013800C7030BD2DE9FC41074616460D4613
:10921000486802EB86011C2202EBC10144186A4631
:1092200001A92046FFF7D0FFA089618901448AB2D5
:10923000BDF80010914212D0081A00D500206081BC
:109240006868407940280AD1204601F054F9002886
:1092500005D06868294646713846FFF764FFBDE8C7
:10926000FC8100002C000020B98B0000C78B00009F
:10927000D58B00000BA50000F7A400002DE9FE4FE0
:109280000F46814615465088032106F017FF0190CE
:10929000B9F8020001F0D3F882460146019801F0C6
:1092A000FDF8002824D001981C2241680AEB8A00AE
:1092B00002EBC0000C18204601F006F9002817D177
:1092C000B9F80000E18A88420ED8A18961B1B8429C
:1092D0000ED100265146019801F0CDF8218C01EB0A
:1092E0000008608B30B114E0504601F0A0F8A0B344
:1092F000BDE8FE8F504601F09AF808B1678308E098
:10930000022FF5D3B9F804006083618A884224D81B
:109310000226B81B87B2B8F80400A28B801A002876
:1093200014DD874200DA38461FFA80FB68886968D6
:109330000291D8F800100A44009206F0F2FFF61DE0
:10934000009A5B460299009606F0EFFBA08B38442A
:1093500080B2A083618B884207D96888019903B0E5
:109360005246BDE8F04F01F0EDB81FD14FF00900B3
:109370002872B9F802006881D8E90010C5E9041024
:10938000608BA881284601F048F85146019801F009
:1093900072F801460198082340680078C20004F181
:1093A000200006F05AFD0020A0836083504601F0A3
:1093B0003EF810B9A089401EA0816888019903B0C9
:1093C0000AF0FF02BDE8F04F1DE72DE9F041064627
:1093D00015460F461C461846F7F72DFF18B92068AA
:1093E000F7F74FFF08B110201AE47168688C09780C
:1093F000B0EBC10F01D3132012E43946304601F01F
:109400003AF80146706808230078C20005F1200090
:1094100006F0EDFCD4E90012C0E90012002005E4DA
:1094200010B50446032106F049FE014600F114027E
:109430002046BDE81040A4E470B50446032106F0C0
:109440003DFE054601462046FFF765FD002816D083
:1094500029462046FFF767FE002810D029462046FF
:10946000FFF714FD00280AD029462046FFF7BDFC6F
:10947000002804D029462046BDE870409BE570BD19
:109480002DE9F0410C4680461EE0E178427811FB60
:1094900002F1CAB2816901230E3006F0DEFC0778C2
:1094A00060681C22C179491EC17107EB87016068A1
:1094B00002EBC10146183946204600F0EFFF18B113
:1094C000304600F0FAFF20B16068C1790029DCD194
:1094D0008AE7FEF7FBFD050000D1FFDF0A202872B6
:1094E000384600F0B9FF68813946204600F0CAFFCF
:1094F0000146606808234078C20006F1240006F0A7
:10950000ACFCD0E90010C5E90310A5F8028028469C
:1095100000F083FFB07800B9FFDFB078401EB07074
:1095200062E770B50C460546032106F0C7FD01460B
:109530004068C2792244C2712846BDE870409FE766
:109540002DE9FE4F8246507814460F464FF0000832
:10955000002850D0012807D0022822D0FFDF206841
:10956000B8606068F860C3E602AB0E22082150467E
:10957000FFF7ADFB0028F2D00298152105230170FA
:10958000217841700A214180C0F80480C0F8088029
:10959000A0F80C80628882810E20CDE900080822A4
:1095A00021E0A678304600F057FF054606EB86011D
:1095B0002C22786802EBC1010822465A02AB114600
:1095C0005046FFF784FB0028C9D00298072101709C
:1095D000217841700421418008218580C680CDE931
:1095E000001805230A4639464FEA0A00FFF72FFB09
:1095F00087F808807CE6A678022516B1022E13D0E3
:10960000FFDF2A1D914602AB08215046FFF75FFBA2
:109610000028A4D002980121022E01702178417007
:109620004580868002D005E00625EAE7A188C18052
:10963000E1880181CDE9009805230822394650468A
:10964000D4E710B50446032106F038FD014600F1C9
:1096500008022046BDE8104072E72DE9F04F0F46A2
:10966000054687B014465088032106F027FD4FF0C9
:1096700000088DF808800646ADF80A80042F5CD3F8
:109680006A78002A59D028784FF6FF794FF01C0AE3
:10969000132815D006DC01286FD006282BD0072808
:1096A00006D16EE0142869D0152868D0162867D036
:1096B000CDF80080CDF8048068788DF8000037E0A0
:1096C000B078904239D13078010736D5062F34D1A1
:1096D00020F0080030706088414660F31F41002090
:1096E0000AF01CFB02208DF80800ADF80C90A88849
:1096F000ADF80E00F4E0082F1FD1A888EF8881464E
:1097000000F09DFE80460146304600F0C7FE18B1CD
:10971000404600F08CFE98B1FA48D0E90010CDE93F
:1097200000106878ADF804908DF80000ADF8067070
:1097300060886A463146FFF703FF07B0BDE8F08F47
:10974000716808EB88002C2202EBC000085AB8426E
:10975000F3D1EC486A46D0E90210CDE900106878F0
:109760008DF8000008F0FF058DF802506088314642
:10977000FFF7E6FE2246294623E097E025E0CEE00B
:1097800023E1082FD9D1B5F80480E88800F057FE0E
:1097900007460146304600F081FE0028CDD007EB99
:1097A000870271680AEBC2000844028A4245C4D1AC
:1097B00001780829C1D1407869788842BDD1F9B2D1
:1097C00022463046FFF765F9B7E70E2F7FF470AFFA
:1097D000E9886F898B46B5F808903046FFF7BCF9E9
:1097E000ABF14001402901D3092048E0B9F1170F3E
:1097F00001D3172F01D20B2041E040280ED000EBFF
:10980000800271680AEBC20008440178012903D183
:1098100040786978884290D00A2030E03046FFF7DF
:109820007CF940282AD000EB800372680AEBC30160
:1098300002EB0108012288F800206A7888F80120EC
:109840007168AA884989B94200D93946AD8903238C
:109850002372A282E7812182A4F80C90658200F035
:10986000FBFD6081A8F81490A8F81870A8F80E50B5
:10987000A8F810B0204600F0D0FD5EE704200521D6
:109880002172A4F80A80E081012121739D49D1E968
:109890000421CDE9002169788DF80010ADF80200AF
:1098A00060886A463146FFF74BFEE3E7062F8BD30D
:1098B000B07890421AD13078010717D520F008000F
:1098C00030706088414660F31F4100200AF026FA9C
:1098D00002208DF80800A888ADF80C00ADF80E90B5
:1098E0006088224602A9F8F785FB26E70421304666
:1098F000FFF749F905464028BFD0022083030090B6
:1099000022462946304600F0E6FD4146608865F370
:109910000F2160F31F4105200AF000FA0DE70E2F1A
:10992000ABD104213046FFF72EF981464028A4D060
:109930004146608869F30F2160F31F4105200AF05A
:10994000EDF9A88906906889009070682F89408990
:10995000B84200D938468346B5F80680A8880190F9
:10996000484600F079FD6081069818B10220009009
:10997000069B24E0B8F1170F1ED3172F1CD3042029
:10998000207200986082E781A4F810B0A4F80C80DF
:1099900009EB890271680AEBC2000D18DDE90002CB
:1099A000A5F81480A5F818B0E8812A82204600F0B6
:1099B00034FD06202870C0E601200B2300902246CB
:1099C0004946304600F087FDB7E6082F8DD1A988BB
:1099D0003046FFF7C1F80746402886D000F027FD43
:1099E00000289BD107EB870271680AEBC20008448C
:1099F000804600F069FD002890D1ED88B8F80E008F
:109A00002844B0F5803F05D360883A46314600F0DF
:109A100099FD92E6002DCED0A8F80E0060883A4657
:109A20003146FFF766FB08202072384600F014FD2F
:109A30006081A5811EE72DE9F05F0C4601281ED04C
:109A4000957992F80480567905EB85011F2202EB87
:109A5000C10121F0030B08EB060111FB05F14FF6E4
:109A6000FF7202EAC10909F1030115FB0611264F35
:109A700021F0031ABB6840B101283ED125E061689E
:109A8000E57891F800804E78DEE75946184606F0F2
:109A900062F9606000B9FFDF5A460021606803F098
:109AA00072FCE5705146B86806F055F96168486186
:109AB00000B9FFDF6068426902EB090181616068FB
:109AC00080F800806068467017E06068524641691F
:109AD000184606F06BF95A466168B86806F066F9F0
:109AE000032006F097FA0446032006F09BFA201A9A
:109AF000012802D1B86806F023F90BEB0A00BDE893
:109B0000F09F000028B101002C0000200246002137
:109B1000022090E7F7B5FF4C0A2016462070009807
:109B200060B100254FEA0D0006F0F7F80021A170A2
:109B30006670002D01D10099A160FEBD01250020B5
:109B4000F2E770B50C46154638220021204603F096
:109B50001AFC012666700A22002104F11C0003F0A1
:109B600012FC05B9FFDF297A207861F3010020702B
:109B7000A87900282DD02A4621460020FFF75BFF58
:109B800061684020E34A88706168C8706168087144
:109B900061684871616888716168288808816168B6
:109BA00068884881606886819078002811D0616853
:109BB0000620087761682888C885616828884886F3
:109BC0006068068560686988928801868186468516
:109BD000828570BDC878002802D0002201202AE7C3
:109BE000704770B50546002165F31F4100200AF05B
:109BF00095F80321284606F061FA040000D1FFDF42
:109C000021462846FEF766FF002804D0207840F061
:109C100010002070012070BD70B505460C46032071
:109C200006F0EAF908B1002070BDBA48857084805A
:109C3000012070BD2DE9FF4180460E460F0CFEF756
:109C400045FA050007D06F800321384606F036FA42
:109C5000040008D106E004B03846BDE8F041132105
:109C6000F8F79EBDFFDF5FEA080005D0B8F1050FE9
:109C700018D0FFDFBDE8FF8120782A4620F00800D9
:109C800020700020ADF8020002208DF800004FF691
:109C9000FF70ADF80400ADF8060069463846F8F7E5
:109CA000A9F9E7E7C6F3072101EB81021C236068ED
:109CB00003EBC202805C042803D008280AD0FFDF2F
:109CC000D8E7012000904FF440432A46204600F098
:109CD00002FCCFE704B02A462046BDE8F041FEF77B
:109CE000D8BE2DE9F05F05464089002790460C4616
:109CF0003E46824600F0A3FB8146287AC01E082813
:109D00006BD2DFE800F00D04192058363C4772276B
:109D10001026002C6CD0D5E90301C4E902015CE0F7
:109D200070271226002C63D00A2205F10C0104F1E1
:109D3000080003F0FEFA50E071270C26002C57D0E3
:109D4000E868A06049E0742710269CB3D5E90301B8
:109D5000C4E902016888032106F0B0F98346FEF7E2
:109D6000B5F902466888508049465846FEF748FED5
:109D700033E075270A26ECB1A88920812DE07627EB
:109D80001426BCB105F10C0004F1080307C883E8F0
:109D9000070022E07727102664B1D5E90301C4E962
:109DA00002016888032106F089F901466888FFF7F7
:109DB00067FB12E01CE073270826CCB168880321FA
:109DC00006F07CF901460078C00606D56888FEF7E3
:109DD00081FE10B96888F7F703FEA8F800602CB17F
:109DE0002780A4F806A066806888A080002086E608
:109DF000A8F80060FAE72DE9FC410C461E4617461C
:109E00008046032106F05AF905460A2C0AD2DFE8FB
:109E100004F005050505050509090907042303E004
:109E2000062301E0FFDF0023CDE900762246294624
:109E30004046FEF70CFFBDE8FC81F8B50546A0F5ED
:109E40007F40FF382BD0284606F06BFA040000D183
:109E5000FFDF204605F001FE002821D001466A46BA
:109E6000204605F01CFE00980321B0F80560284646
:109E700006F024F90446052E13D0304600F0DFFA30
:109E800005460146204600F009FB40B1606805EB3D
:109E900085013E2202EBC101405A002800D001207A
:109EA000F8BD007A0028FAD00020F8BDF8B50446C5
:109EB000408806F036FA050000D1FFDF6A462846E2
:109EC000616800F0A8FA01460098091F8BB230F8CB
:109ED000032F0280428842800188994205D1042ADA
:109EE00008D0052A20D0062A16D022461946FFF7A8
:109EF000C5F9F8BD001D0E4605460146224630460E
:109F0000FBF763F90828F4D1224629463046FCF7CE
:109F1000C2F9F8BD2C000020636864880A46011D60
:109F20002046F9F7C5FBF4E72246001DFFF795FB35
:109F3000EFE770B50D460646032106F0BFF80400B2
:109F400004D02078000704D5112070BD43F2020030
:109F500070BD2A4621463046FEF713FF18B928681F
:109F600060616868A061207840F0080020700020DF
:109F700070BD2DE9F04F0E4691B08046032106F0EA
:109F80009DF80446404606F0DEF90746002007909B
:109F900008900990ADF830000A9002900390049068
:109FA00004B9FFDF0DF10809FFB9FFDF1DE03846F6
:109FB0000BA9002205F014FC9DF82C0000F07F0591
:109FC0000A2D00D3FFDF6019017F491E01779DF83C
:109FD0002C00000609D52A460CA907A8FEF727FE83
:109FE00019F80510491C09F80510761EF6B2DED2E4
:109FF00004F13400F84D04F1260BDFF8E0A304F17E
:10A000002A07069010E05846069900F08DFA064699
:10A0100028700A2800D3FFDF5AF8261040468847E8
:10A02000E08CC05DB04202D0208D0028EBD10A2028
:10A030002870EA4D4E4628350EE00CA907A800F01E
:10A0400073FA0446375D55F8240000B9FFDF55F870
:10A050002420394640469047BDF81E000028ECD128
:10A0600011B0BDE8F08F10B5032106F027F8040009
:10A0700000D1FFDF0A22002104F11C0003F083F964
:10A08000207840F00400207010BD10B50C4603216C
:10A0900006F014F82044007F002800D0012010BDF5
:10A0A0002DE9F84F894615468246032106F006F849
:10A0B000070004D02846F7F7BEF840B903E043F2A2
:10A0C0000200BDE8F88F4846F7F7DBF808B110202A
:10A0D000F7E7786828B169880089814201D90920A9
:10A0E000EFE7B9F800001C2488B100F0A8F9804619
:10A0F0000146384600F0D2F988B108EB880079684B
:10A1000004EBC000085C01280BD00820D9E73846D2
:10A11000FEF703FD8046402807D11320D1E7052034
:10A12000CFE7FDF7D3FF06000BD008EB8800796876
:10A1300004EBC0000C18B9F8000020B1E88910B198
:10A1400013E01120BDE72888172802D36888172854
:10A1500001D20720B5E7686838B12B1D2246414679
:10A160003846FFF732F90028ABD104F10C026946FA
:10A170002046FFF729F8288860826888E082B9F8CD
:10A18000000030B102202070E889A080E889A0B1E9
:10A190002BE003202070A889A0807868817840296E
:10A1A00005D180F8028039465046FEF71EFE404633
:10A1B00000F052F9A9F8000021E07868218B40896D
:10A1C000884200D908462083A6F802A004203072F5
:10A1D000B9F800007081E0897082F181208B3082B3
:10A1E000A08AB081304600F018F97868C17840291B
:10A1F00005D180F8038039465046FEF747FE00201F
:10A200005FE770B50D460646032105F057FF0400D1
:10A210000ED0284600F013F905460146204600F00E
:10A220003DF918B1284600F002F920B1052070BDB3
:10A2300043F2020070BD05EB85011C22606802EB51
:10A24000C101084400F040F908B1082070BD2A4659
:10A250002146304600F076F9002070BD2DE9F0412E
:10A260000C4617468046032105F028FF0546204688
:10A2700000F0E5F8044695B10146284600F00EF9D5
:10A2800080B104EB84011C22686802EBC10146180E
:10A29000304600F019F938B10820BDE8F08143F2EA
:10A2A0000200FAE70520F8E73B46324621462846F9
:10A2B000FFF78BF80028F0D1E2B229464046FEF7BE
:10A2C000A2FF708C0838082803D24348407800F079
:10A2D0006BFE0020E1E72DE9F0410D461746804670
:10A2E000032105F0EBFE0446284600F0A8F80646D8
:10A2F00024B13846F6F79FFF38B902E043F2020076
:10A30000CBE73868F6F797FF08B11020C5E731466C
:10A31000204600F0C3F860B106EB86011C2260689D
:10A3200002EBC1014518284600F0CEF818B108200C
:10A33000B3E70520B1E7B888A98A884201D90C2083
:10A34000ABE76168E88C4978B0EBC10F01D313200B
:10A35000A3E73146204600F095F8014660680823DF
:10A360004078C20005F1240005F041FDD7E9001254
:10A37000C0E90012F2B221464046FEF7BAFE0020C4
:10A380008BE72DE9F0470D461F4690468146032195
:10A3900005F094FE0446284600F051F806463CB10C
:10A3A0004DB13846F6F78BFF50B11020BDE8F0876D
:10A3B00043F20200FAE7606858B1A0F80C8028E088
:10A3C0003146204600F06AF818B1304600F02FF808
:10A3D00030B10520EAE700002C00002040B1010068
:10A3E00006EB86011C22606802EBC1014518284675
:10A3F00000F06AF808B10820D8E7A5F80880F2B2A2
:10A4000021464846FEF7FFFE1FB1A8896989084426
:10A4100038800020CAE705F042BB017821F00F0127
:10A42000491C21F0F00110310170FDF753BE20B935
:10A430004E48807808B101207047002070474B4992
:10A440008988884201D100207047402801D24020ED
:10A4500000E0403880B2704710B50446402800D96B
:10A46000FFDF2046FFF7E3FF10B14048808810BDB2
:10A470004034A0B210BD406842690078484302EB06
:10A48000C0007047C2784068037812FB03F243783B
:10A49000406901FB032100EBC1007047C2788A428A
:10A4A00009D9406801EB81011C2202EBC101405C2B
:10A4B00008B101207047002070470078062801D9B4
:10A4C00001207047002070470078062801D0012045
:10A4D000704700207047F0B401EB81061C274468E8
:10A4E00007EBC6063444049D05262670E3802571DB
:10A4F000F0BCFEF785BA10B5418911B1FFF7DDFF59
:10A5000008B1002010BD012010BD10B5C18C8278AB
:10A51000B1EBC20F04D9C18911B1FFF7CEFF08B169
:10A52000002010BD012010BD10B50C4601230A22E9
:10A53000011D05F092FC00782188012282409143A0
:10A54000218010BDF0B402EB82051C264C6806EB9E
:10A55000C505072363554B681C79402C03D11A713C
:10A56000F0BCFEF7D8BCF0BC704700002C00002007
:10A5700070B50B2000F0BDF9082000F0BAF90021F9
:10A580000B2000F0D4F90021082000F0D0F9F44CA1
:10A5900001256560A5600020C4F84001C4F84401AD
:10A5A000C4F848010B2000F0B5F9082000F0B2F91A
:10A5B0000B2000F091F9256070BD10B50B2000F064
:10A5C00098F9082000F095F9E54801214160816083
:10A5D000E4490A68002AFCD10021C0F84011C0F803
:10A5E0004411C0F848110B2000F094F9BDE8104068
:10A5F000082000F08FB910B50B2000F08BF9BDE8F2
:10A600001040082000F086B900B530B1012806D00E
:10A61000022806D0FFDF002000BDD34800BDD3488C
:10A6200000BDD248001D00BD70B5D1494FF00040BB
:10A630000860D04DC00BC5F80803CF480024046063
:10A64000C5F840410820C43500F053F9C5F83C4135
:10A65000CA48047070BD08B5C14A002128B101285C
:10A6600011D002281CD0FFDF08BD4FF48030C2F8A3
:10A670000803C2F84803BB483C300160C2F84011EF
:10A68000BDE80840D0E74FF40030C2F80803C2F834
:10A690004803B44840300160C2F84411B3480CE0AC
:10A6A0004FF48020C2F80803C2F84803AD48443094
:10A6B0000160C2F84811AD48001D0068009008BD57
:10A6C00070B516460D460446022800D9FFDF002269
:10A6D000A348012304F110018B4000EB8401C1F871
:10A6E000405526B1C1F84021C0F8043303E0C0F85A
:10A6F0000833C1F84021C0F8443370BD2DE9F04162
:10A700001D46144630B1012833D0022838D0FFDF6F
:10A71000BDE8F081891E002221F07F411046FFF73D
:10A72000CFFF012D23D00020944D924F0126687059
:10A730003E61914900203C3908600220091D0860F3
:10A740008D490420303908608B483D34046008206E
:10A750006C6000F0DFF83004C7F80403082000F054
:10A76000BBF88349F007091F08602E70D0E701206D
:10A77000DAE7012B02D00022012005E00122FBE7ED
:10A78000012B04D000220220BDE8F04198E701220D
:10A79000F9E774480068704770B500F0D8F8704C5D
:10A7A0000546D4F840010026012809D1D4F8080351
:10A7B000C00305D54FF48030C4F80803C4F84061E5
:10A7C000D4F8440101280CD1D4F80803800308D53B
:10A7D0004FF40030C4F80803C4F84461012008F0C5
:10A7E00014FAD4F8480101280CD1D4F80803400326
:10A7F00008D54FF48020C4F80803C4F8486102204B
:10A8000008F003FA5E48056070BD70B500F09FF86F
:10A810005A4D0446287850B1FFF706FF687818B102
:10A820000020687008F0F1F95548046070BD0320FD
:10A83000F8E74FF0E0214FF40010C1F80002704734
:10A84000152000F067B84B4901200861082000F08E
:10A8500061B848494FF47C10C1F808030020024653
:10A8600001EB8003C3F84025C3F84021401CC0B26F
:10A870000628F5D37047410A43F609525143C0F305
:10A88000080010FB02F000F5807001EB50207047CB
:10A8900010B5430B48F2376463431B0C5C020C6039
:10A8A000384C03FB0400384B4CF2F72443435B0D58
:10A8B00013FB04F404EB402000F58070401210708C
:10A8C00008681844086010BD2C4840687047294942
:10A8D0000120C1F800027047002809DB00F01F02C8
:10A8E000012191404009800000F1E020C0F80011F2
:10A8F000704700280DDB00F01F0201219140400944
:10A90000800000F1E020C0F88011BFF34F8FBFF34B
:10A910006F8F7047002809DB00F01F020121914072
:10A920004009800000F1E020C0F88012704749071C
:10A93000090E002804DB00F1E02080F800147047C5
:10A9400000F00F0000F1E02080F8141D70470C4863
:10A95000001F00680A4A0D49121D1160704700006F
:10A9600000B0004004B500404081004044B10040C8
:10A9700008F501400080004040850040380000207C
:10A9800014050240F7C2FFFF6F0C01000100000137
:10A9900010B5EFF3108000F0010472B6FC48417866
:10A9A000491C41704078012801D108F081FD002C3C
:10A9B00000D162B610BD70B5F54CA07848B901253C
:10A9C000A570FFF7E5FF08F084FD20B1002008F036
:10A9D0004EFD002070BD4FF08040E570C0F804537C
:10A9E000F7E770B5EFF3108000F0010572B6E84CA0
:10A9F000607800B9FFDF6078401E6070607808B949
:10AA000008F05AFD002D00D162B670BDE04810B5C7
:10AA1000817821B10021C1708170FFF7E2FF002031
:10AA200010BD10B5044608F054FDD9498978084096
:10AA300000D001202060002010BD10B5FFF7A8FF56
:10AA400008F047FD02220123D149540728B1D1481B
:10AA5000026023610320087202E00A72C4F8043322
:10AA60000020887110BD2DE9F84FDFF8249342785B
:10AA7000817889F80420002689F80510074689F8AE
:10AA800006600078DFF810B3354620B1012811D0F8
:10AA9000022811D0FFDF08F02EFD4FF0804498B15E
:10AAA00008F030FDB0420FD1304608F02FFD0028ED
:10AAB000FAD042E00126EEE7FFF76AFF5846016848
:10AAC000C907FCD00226E6E70120E060C4F8045183
:10AAD000B2490E600107D1F84412B04AC1F34231C5
:10AAE00024321160AD49343108604FF0020AC4F8D5
:10AAF00004A3A060AA480168C94341F3001101F111
:10AB00000108016841F01001016001E010F030F926
:10AB1000D4F804010028F9D0304608F0F7FC0028EA
:10AB2000FAD0B8F1000F04D19D48016821F010015E
:10AB30000160C4F808A3C4F8045199F805004E4612
:10AB400080B1387870B908F0C4FC804608F0CAFEBD
:10AB50006FF00042B8F1000F02D0C6E9032001E017
:10AB6000C6E90302DBF80000C00701D008F0ADFC25
:10AB7000387810B13572BDE8F88F4FF01808C4F876
:10AB800008830127A7614FF42070ADF8000000BFD3
:10AB9000BDF80000411EADF80010F9D2C4F80C5108
:10ABA000C4F810517A48C01D08F030FD3570FFF729
:10ABB00044FF67617949307920310860C4F8048323
:10ABC000D9E770B5050000D1FFDF4FF080424FF0AC
:10ABD000FF30C2F808030021C2F80011C2F80411C6
:10ABE000C2F80C11C2F81011694C617008F07DFCBC
:10ABF00010B10120A070607067480068C00701D0E4
:10AC000008F063FC2846BDE870402CE76048007AF5
:10AC1000002800D0012070472DE9F04F61484FF027
:10AC2000000A85B0D0F800B0D14657465D4A5E496B
:10AC3000083211608406D4F8080110B14FF0010801
:10AC400001E04FF0000808F0B4FC78B1D4F824011A
:10AC500000B101208246D4F81C0100B101208146D8
:10AC6000D4F8200108B1012700E00027D4F8000142
:10AC700000B101200490D4F8040100B10120039038
:10AC8000D4F80C0100B101200290D4F8100100B1F9
:10AC900001203F4D0190287800260090B8F1000F68
:10ACA00004D0C4F80861012008F0E1FBBAF1000FFC
:10ACB00004D0C4F82461092008F0D9FBB9F1000FD1
:10ACC00004D0C4F81C610A2008F0D1FB27B1C4F8F5
:10ACD00020610B2008F0CBFB2D48C01D08F09EFC26
:10ACE00000B1FFDFDFF8AC800498012780B1C4F821
:10ACF0000873E87818B1EE70002008F0B8FB287AE5
:10AD0000022805D1032028720221C8F8001027610B
:10AD1000039808B1C4F80461029850B1C4F80C61FA
:10AD2000287A032800D0FFDFC8F800602F72FFF7F1
:10AD300058FE019838B1C4F81061287A012801D171
:10AD400000F05CF86761009838B12E70287A01280D
:10AD500001D1FFF772FEFFF744FE0D48C01D08F059
:10AD600073FC1049091DC1F800B005B0BDE8F08FB3
:10AD7000074810B5C01D08F051FC0549B0B10120CD
:10AD800008704FF0E021C1F80002BDE81040FFE577
:10AD900040000020340C00400C0400401805004026
:10ADA00010ED00E01005024001000001087A0128C2
:10ADB00001D1FFF742FEBDE81040244808F044BC32
:10ADC00070B5224CE41FA07808B908F075FB01208B
:10ADD0008507A861207A0026032809D1D5F80C013F
:10ADE00020B9002008F092FB0028F7D1C5F80C61CB
:10ADF00026724FF0FF30C5F8080370BD70B5134CD4
:10AE0000E41F6079F0B1012803D0A179401E81428E
:10AE100018DA08F05EFB054608F064FD6179012947
:10AE200002D9A179491CA1710DB1216900E0E16845
:10AE3000411A022902DA11F1020F06DC0DB120617C
:10AE400000E0E060BDE87040F7E570BD470000201D
:10AE5000374901200860704770B50D2000F049F8AF
:10AE6000344C0020C4F800010125C4F804530D201F
:10AE700000F050F825604FF0E0216014C1F80001A7
:10AE800070BD10B50D2000F034F82A480121416052
:10AE90000021C0F80011BDE810400D2000F03AB8C4
:10AEA000254810B504682449244808310860214920
:10AEB000D1F80001012804D0FFDF1F48001D046005
:10AEC00010BD1B48001D00680022C0B2C1F800215F
:10AED00008F05FFCF1E710B5164800BFD0F800118C
:10AEE0000029FBD0FFF7DCFFBDE810400D2000F08B
:10AEF00011B800280DDB00F01F020121914040092C
:10AF0000800000F1E020C0F88011BFF34F8FBFF345
:10AF10006F8F7047002809DB00F01F02012191406C
:10AF20004009800000F1E020C0F880127047000066
:10AF300004D5004000D0004010050240010000018F
:10AF40004FF0E0214FF00070C1F8800101F5C071B1
:10AF5000BFF34F8FBFF36F8FC1F80001394B8022D1
:10AF600083F8002441F8800C704700B502460420A5
:10AF7000354903E001EBC0031B792BB1401EC0B281
:10AF8000F8D2FFDFFF2000BD41F8302001EBC00107
:10AF900000224A718A7101220A7100BD2A4A0021E9
:10AFA00002EBC0000171704710B50446042800D3BD
:10AFB000FFDF254800EBC4042079012800D0FFDF23
:10AFC0006079A179401CC0B2814200D060714FF01D
:10AFD000E0214FF00070C1F8000210BD70B50425EB
:10AFE000194E1A4C16E0217806EBC1000279012AAD
:10AFF00008D1427983799A4204D04279827156F815
:10B00000310080472078401CC0B22070042801D352
:10B01000002020706D1EEDB2E5D270BD0C4810B559
:10B0200004680B490B4808310860064890F8000492
:10B030004009042800D0FFDFFFF7D0FF0448001DBF
:10B04000046010BD19E000E07805002054000020E5
:10B0500010050240010000010F4A12680D498A42A2
:10B060000CD118470C4A12680A4B9A4206D101B516
:10B0700008F00AFC08F0DDFEBDE801400749096858
:10B080000958084706480749054A064B704700001B
:10B0900000000000BEBAFECA5800002004000020D4
:10B0A000B00F0020B00F002070B50C46054600F030
:10B0B00045FB21462846BDE8704001F026BC000053
:10B0C000F8B51D46DDE906470E000AD005F03BF94C
:10B0D0002346FF1DBCB231462A46009404F059FDB8
:10B0E000F8BDD0192246194602F023F92046F8BDD2
:10B0F00070B50D4604461022002102F044F9258166
:10B1000017206081A07B40F00A00A07370BD4FF64D
:10B11000FF720A800146022008F000BE70470089D5
:10B120007047827BD30701D1920703D480890880BE
:10B130000020704705207047827B920700D58181EF
:10B14000704701460020098841F6FE52114200D0A6
:10B150000120704700B50346807BC00701D0052061
:10B1600000BD59811846FFF7ECFFC00703D0987B5C
:10B1700040F004009873987B40F001009873002021
:10B1800000BD827B520700D509B140897047172066
:10B190007047827B61F3C302827370472DE9FC5FC5
:10B1A0000E46044601789646012000FA01F14DF65C
:10B1B000FF5201EA020962684FF6FF7B1188594588
:10B1C00002D10920BDE8FC9FB9F1000F05D041F67E
:10B1D000FE55294201D00120F4E741EA090111801E
:10B1E0001D0014D000232B7094F800C00521032209
:10B1F0001F464FF0020ABCF10E0F76D2DFE80CF0CA
:10B20000F909252F47646B77479193B4D1D804206F
:10B21000D8E7616820898B7B9B0767D517284AD3BD
:10B220000B89834247D38989172901D3814242D1AF
:10B2300085F800A0A5F80100328061688881606807
:10B24000817B21F002018173C6E0042028702089EF
:10B25000A5F801006089A5F803003180BCE0208AD0
:10B260003188C01D1FFA80F8414524D3062028707C
:10B270002089A5F801006089A5F80300A089A5F838
:10B2800005000721208ACDE90001636941E00CF047
:10B29000FF00082810D0082028702089A5F8010098
:10B2A0006089A5F8030031806A1D694604F10C002D
:10B2B00006F0BBFC10B15EE01020EDE730889DF891
:10B2C00000100844308087E00A2028702089A5F803
:10B2D0000100328044E00C2028702089A5F801008C
:10B2E0006089A5F8030031803AE082E064E02189BA
:10B2F000338800EB41021FFA82F843453BD3B8F193
:10B30000050F38D30E222A700BEA4101CDE9001057
:10B31000E36860882A467146FFF7D2FEA6F80080EF
:10B320005AE04020287060893188C01C1FFA80F8DC
:10B33000414520D32878714620F03F001230287014
:10B340002089A5F801006089CDE9000260882A46BD
:10B35000E368FFF7B5FEA6F80080287840063BD4E6
:10B3600061682089888037E0A0893288401D1FFAF3
:10B3700080F8424501D204273DE01620287020893C
:10B38000A5F801006089A5F80300A089CDE90001B6
:10B3900060882A4671462369FFF792FEA6F800806E
:10B3A000DEE718202870207A6870A6F800A013E065
:10B3B00061680A88920401D405271CE0C9882289A3
:10B3C000914201D0062716E01E2129703080606866
:10B3D000018821F400510180B9F1000F0BD0618880
:10B3E00078230022022008F0EFFB61682078887043
:10B3F00006E0338003276068018821EA09010180A3
:10B400003846DFE62DE9FF4F85B01746129C0D0048
:10B410001E461CD03078C10703D000F03F00192829
:10B4200001D9012100E000212046FFF7AAFEA84231
:10B430000DD32088A0F57F41FF3908D03078410630
:10B4400001D4000605D5082009B0BDE8F08F07201B
:10B45000FAE700208DF800008DF8010030786B1EAF
:10B4600000F03F0C0121A81E4FF0050A4FF0020921
:10B470004FF0030B9AB2BCF1200F75D2DFE80CF04D
:10B480008B10745E7468748C749C74B574BA74C8D0
:10B4900074D474E1747474F174EF74EE74ED748B9D
:10B4A000052D78D18DF80090A0788DF80400708873
:10B4B000ADF8060030798DF80100707800F03F009B
:10B4C0000C2829D00ADCA0F10200092863D2DFE8A9
:10B4D00000F0126215621A621D622000122824D048
:10B4E00004DC0E281BD01028DBD11BE016281FD04F
:10B4F0001828D6D11FE02078800701E02078400787
:10B50000002848DAEEE020780007F9E72078C00646
:10B51000F6E720788006F3E720784006F0E7207809
:10B520000006EDE72088C005EAE720884005E7E748
:10B5300020880005E4E72088C004E1E72078800740
:10B5400029D5032D27D18DF800B0B6F8010081E090
:10B55000217849071FD5062D1DD381B270780128A7
:10B5600003D0022817D102E0C9E0022000E0102039
:10B5700004228DF8002072788DF80420801CB1FB25
:10B58000F0F2ADF8062092B242438A4203D103970B
:10B59000ADF80890A6E079E02078000776D598B25B
:10B5A00082088DF800A0ADF80420B0EB820F6DD1B9
:10B5B0000297ADF8061095E02178C90666D5022DF0
:10B5C00064D381B206208DF80000707802285DD324
:10B5D000B1FBF0F28DF80400ADF8062092B24243C0
:10B5E0008A4253D1ADF808907BE0207880064DD593
:10B5F000072003E0207840067FD508208DF8000062
:10B60000A088ADF80400ADF80620ADF8081068E099
:10B610002078000671D50920ADF804208DF80000CF
:10B62000ADF8061002975DE02188C90565D5022DA9
:10B6300063D381B20A208DF80000707804285CD3AF
:10B64000C6E72088400558D5012D56D10B208DF82E
:10B650000000A088ADF8040044E021E026E016E0F8
:10B66000FFE72088000548D5052D46D30C208DF82E
:10B670000000A088ADF80400B6F803006D1FADF817
:10B680000850ADF80600ADF80AA02AE035E02088A1
:10B69000C00432D5012D30D10D208DF8000021E0FD
:10B6A0002088800429D4B6F80100E080A07B000740
:10B6B00023D5032D21D3307800F03F001B2818D06C
:10B6C0000F208DF80000208840F40050A4F80000FE
:10B6D000B6F80100ADF80400ED1EADF80650ADF867
:10B6E00008B0039769460598F9F7B8FA050008D03D
:10B6F00016E00E208DF80000EAE7072510E0082587
:10B700000EE0307800F03F001B2809D01D2807D03C
:10B710000220059908F002FB208800F400502080E8
:10B72000A07B400708D52046FFF70BFDC00703D1DB
:10B73000A07B20F00400A073284685E61FB50228F0
:10B7400006D101208DF8000088B26946F9F786FA23
:10B750001FBD0000F8B51D46DDE906470E000AD002
:10B7600004F0F1FD2346FF1DBCB231462A46009489
:10B7700004F00FFAF8BDD0192246194601F0D9FDA0
:10B780002046F8BD2DE9FF4F8DB09B46DDE91B57E4
:10B79000DDF87CA00C46082B05D0E06901F0FEF82E
:10B7A00050B11020D2E02888092140F010002880F4
:10B7B0008AF80010022617E0E16901208871E26929
:10B7C0004FF420519180E1698872E06942F60101ED
:10B7D0000181E069002181732888112140F0200057
:10B7E00028808AF80010042638780A900A203870D9
:10B7F0004FF0020904F118004D460C9001F0C6FB11
:10B80000B04681E0BBF1100F0ED1022D0CD0A9EB98
:10B810000800801C80B20221CDE9001005AB524621
:10B820001E990D98FFF796FFBDF816101A988142E1
:10B8300003D9F74800790F9004E003D10A9808B1C2
:10B8400038702FE04FF00201CDE900190DF1160319
:10B8500052461E990D98FFF77DFF1D980088401BEA
:10B86000801B83B2C6F1FF00984200D203461E99A6
:10B870000BA8D9B15FF00002DDF878C0CDE9032054
:10B8800009EB060189B2CDE901C10F980090BDF81E
:10B89000161000220D9801F00EFC387070B1C0B285
:10B8A000832807D0BDF8160020833AE00AEB09018F
:10B8B0008A19E1E7022011B0BDE8F08FBDF82C0035
:10B8C000811901F0FF08022D0DD09AF801204245A0
:10B8D00006D1BDF82010814207D0B8F1FF0F04D087
:10B8E0009AF801801FE08AF80180C9480068017851
:10B8F000052902D1BDF81610818009EB08001FFA56
:10B9000080F905EB080085B2DDE90C1005AB0F9A54
:10B9100001F03FFB28B91D980088411B4145BFF647
:10B9200071AF022D13D0BBF1100F0CD1A9EB0800A1
:10B93000801C81B20220CDE9000105AB52461E9960
:10B940000D98FFF707FF1D98058000203870002034
:10B95000B1E72DE9F8439C46089E13460027B26BD9
:10B960009AB3491F8CB2F18FA1F57F45FF3D05D0F9
:10B970005518AD882944891D8DB200E0002529198C
:10B98000B6F83C800831414520D82A44BCF8011063
:10B9900022F8021BBCF8031022F8021B984622F87A
:10B9A000024B914604F0BDFC4FF00C0C41464A4658
:10B9B0002346CDF800C004F0B8F8F587B16B00203D
:10B9C0002944A41D2144088003E001E0092700E088
:10B9D00083273846BDE8F88310B50B88848F9C42D6
:10B9E0000CD9846BE018048844B1848824F40044A2
:10B9F000A41D23440B801060002010BD0A2010BD40
:10BA00002DE9F0478AB00025904689468246ADF878
:10BA1000185007274BE0059806888088000446D414
:10BA2000A8F8006007A8019500970295CDE903509A
:10BA30004FF4007300223146504601F03CFB0400F5
:10BA40003CD1BDF81800ADF8200005980488818825
:10BA5000B44216D10A0414D401950295039521F439
:10BA600000410097049541F48043428821465046A6
:10BA700001F0BFF804000BD10598818841F4004122
:10BA8000818005AA08A94846FFF7A6FF0400DCD07C
:10BA90000097059802950195039504950188BDF8D6
:10BAA0001C300022504601F0A4F80A2C06D105AA49
:10BAB00006A94846FFF790FF0400ACD0ADF8185037
:10BAC00004E00598818821F40041818005AA06A937
:10BAD0004846FFF781FF0028F3D00A2C03D0204608
:10BAE0000AB0BDE8F0870020FAE710B50C46896B74
:10BAF00086B051B10C218DF80010A18FADF808105F
:10BB0000A16B01916946FAF75BF800204FF6FF71CF
:10BB1000A063E187A08706B010BD2DE9F0410D4676
:10BB20000746896B0020069E1446002911D0012B80
:10BB30000FD1324629463846FFF762FF002808D168
:10BB4000002C06D0324629463846BDE8F04100F0C8
:10BB500034BFBDE8F0812DE9FC411446DDE9087CE5
:10BB60000E46DDE90A15521DBCF800E092B296457A
:10BB700002D20720BDE8FC81ACF8002017222A7011
:10BB8000A5F80160A5F803300522CDE900423B4647
:10BB90002A46FFF7DFFD0020ECE770B50C4615469E
:10BBA00048220021204601F0EEFB04F1080044F891
:10BBB0001C0F00204FF6FF71E06161842084A58492
:10BBC0001720E08494F82A0040F00A0084F82A0044
:10BBD00070BD4FF6FF720A800146032008F09EB840
:10BBE00030B585B00C460546FFF77FFFA18E28468D
:10BBF00029B101218DF800106946F9F7E1FF002015
:10BC0000E0622063606305B030BDB0F8400070476B
:10BC10005C00002090F84620920703D440880880FA
:10BC20000020F4E70620F2E790F846209207EED5D0
:10BC3000A0F84410EBE70146002009880A0700D568
:10BC4000012011F0F00F01D040F00200CA0501D52B
:10BC500040F004008A0501D540F008004A0501D5EE
:10BC600040F010000905D2D540F02000CFE700B524
:10BC7000034690F84600C00701D0062000BDA3F897
:10BC800042101846FFF7D7FF10F03E0F05D093F88B
:10BC9000460040F0040083F8460013F8460F40F0D9
:10BCA00001001870002000BD90F84620520700D512
:10BCB00011B1B0F84200AAE71720A8E710F8462F04
:10BCC00061F3C3020270A2E72DE9FF4F9BB00E00A3
:10BCD000DDE92B34DDE92978289D24D02878C107B7
:10BCE00003D000F03F00192801D9012100E0002114
:10BCF0002046FFF7D9FFB04215D32878410600F05F
:10BD00003F010CD41E290CD0218811F47F6F0AD179
:10BD10003A8842B1A1F57F42FF3A04D001E01229EE
:10BD200001D1000602D504201FB0C5E5FA491D98CF
:10BD30004FF0000A08718DF818A08DF83CA00FAAEA
:10BD40000A60ADF81CA0ADF850A02978994601F022
:10BD50003F02701F5B1C04F1180C4FF0060E4FF0F1
:10BD6000040BCDF858C01F2A7ED2DFE802F07D7D9B
:10BD7000107D267DAC7DF47DF37DF27DF17DF47D3B
:10BD8000F07D7D7DEF7DEE7D7D7D7D7DED0094F808
:10BD90004610B5F80100890701D5032E02D08DF8B1
:10BDA00018B01EE34FF40061ADF85010608003211D
:10BDB0008DF83C10ADF84000D4E2052EEFD1B5F877
:10BDC00001002083ADF81C00B5F80310618308B1B1
:10BDD000884201D9012079E10020A07220814FF62C
:10BDE000FF702084169801F0D1F8052089F8000032
:10BDF0000220029083460AAB1D9A16991B9801F007
:10BE0000C8F890BB9DF82E00012804D0022089F8C4
:10BE10000100102003E0012089F8010002200590B4
:10BE2000002203A90BA805F000FFE8BB9DF80C0059
:10BE3000059981423DD13988801CA1EB0B018142DB
:10BE400037DB02990220CDE900010DF12A034A46B1
:10BE500041461B98FFF77EFC02980BF1020B801CF9
:10BE600081B217AA029101E09CE228E003A90BA885
:10BE700005F0DBFE02999DF80C00CDE9000117AB3F
:10BE80004A4641461B98FFF765FC9DF80C000AAB3B
:10BE90000BEB00011FFA81FB02991D9A084480B246
:10BEA000029016991B9800E003E001F072F8002858
:10BEB000B6D0BBF1020F02D0A7F800B04FE20A20C3
:10BEC0008DF818004BE200210391072EFFF467AFB5
:10BED000B5F801002083ADF81C00B5F8032062839B
:10BEE00000283FF477AF90423FF674AF0120A07274
:10BEF000B5F8050020810020A073E06900F04EFD38
:10BF000078B9E16901208871E2694FF4205191808C
:10BF1000E1698872E16942F601000881E069002167
:10BF20008173F01F20841E98606207206084169839
:10BF300001F02CF8072089F80000012004900290FD
:10BF40000020ADF82A0028E019E29FE135E1E5E0A4
:10BF500012E2A8E080E043E00298012814D0E069F2
:10BF60008079012803D1BDF82800ADF80E000498AF
:10BF700003ABCDE900B04A4641461B98FFF7EAFB08
:10BF80000498001D80B20490BDF82A00ADF80C00A2
:10BF9000ADF80E00059880B202900AAB1D9A169972
:10BFA0001B9800F0F6FF28B902983988001D05900B
:10BFB0008142D1D20298012881D0E069807901289C
:10BFC00003D1BDF82800ADF80E00049803ABCDE90D
:10BFD00000B04A4641461B98FFF7BCFB0298BDE102
:10BFE000072E02D0152E7FF4DAAEB5F801102183AA
:10BFF000ADF81C10B5F80320628300293FF4EAAEC7
:10C0000091423FF6E7AE0121A1724FF0000BA4F878
:10C0100008B084F80EB0052E07D0C0B2691DE269E1
:10C0200005F0E4FD00287FF44AAF4FF6FF7020844E
:10C0300001A906AA14A8CDF800B081E885032878E4
:10C04000214600F03F031D9A1B98FFF79BFB824699
:10C05000208BADF81C0082E10120032EC3D14021CA
:10C06000ADF85010B5F801102183ADF81C100AAAE4
:10C07000B8F1000F00D00023CDE9020304921D980F
:10C08000CDF80480009038880022401E83B21B98AF
:10C0900001F011F88DF8180090BB0B2089F8000012
:10C0A000BDF8280035E04FF0010C052E9BD1802013
:10C0B000ADF85000B5F801102183B5F803002084D5
:10C0C000ADF81C10B0F5007F03D907208DF81800DB
:10C0D00087E140F47C4222840CA8B8F1000F00D024
:10C0E0000023CDE90330CDE9018C1D9800903888FC
:10C0F000401E83B21B9800F0DEFF8DF8180018B1C7
:10C100008328A8D10220BFE00D2189F80010BDF8D6
:10C110003000401C22E100005C000020032E04D20D
:10C1200048067FF53CAE002018E1B5F80110ADF8E7
:10C130001C102878400602D58DF83CE002E007206C
:10C140008DF83C004FF000080320CDE902081E9B4B
:10C15000CDF810801D980193A6F1030B00901FFAF3
:10C160008BF342461B9800F044FD8DF818008DF8C3
:10C170003C80297849060DD52088C00506D5208B3E
:10C18000BDF81C10884201D1C4F8248040468DF8C7
:10C190001880E3E0832801D14FF0020A4FF4807049
:10C1A000ADF85000BDF81C002083A4F820B01E9804
:10C1B0006062032060841321CDE0052EFFF4EFAD13
:10C1C000B5F80110ADF81C10A28F6AB3A2F57F4339
:10C1D000FE3B29D008228DF83C2000BF4FF0000B19
:10C1E0000523CDE9023BDDF878C0CDF810B01D9AEB
:10C1F00080B2CDF804C040F400430092B5F80320AB
:10C200001B9800F0F6FC8DF83CB04FF400718DF8EF
:10C210001800ADF85010832810D0F8B1A18FA1F507
:10C220007F40FE3807D0DCE00B228DF83C204FF633
:10C23000FE72A287D2E7A4F83CB0D2E000942B466D
:10C2400031461E9A1B98FFF784FB8DF8180008B141
:10C2500083284BD1BDF81C00208353E700942B4664
:10C2600031461E9A1B98FFF774FB8DF81800E8BB47
:10C27000E18FA06B0844831D8DE888034388828882
:10C2800001881B98FFF767FC824668E095F80180FB
:10C29000022E70D15FEA080002D0B8F1010F6AD116
:10C2A00009208DF83C0007A800908DF84080434697
:10C2B000002221461B98FFF730FC8DF842004FF01A
:10C2C000000B8DF843B050B9B8F1010F12D0B8F19E
:10C2D000000F04D1A18FA1F57F40FF380AD0A08FB5
:10C2E00040B18DF83CB04FF4806000E037E0ADF82D
:10C2F00050000DE00FA91B98F9F762FC82468DF8FB
:10C300003CB04FF48060ADF85000BAF1020F06D097
:10C31000FC480068C07928B18DF8180027E0A4F81F
:10C32000188044E0BAF1000F03D081208DF8180086
:10C330003DE007A800904346012221461B98FFF7E5
:10C34000ECFB8DF8180021461B98FFF7CEFB9DF8FB
:10C35000180020B9192189F80010012038809DF8B3
:10C360003C0020B10FA91B98F9F72AFC8246BAF1CC
:10C37000000F33D01BE018E08DF818E031E0207892
:10C38000000712D5012E10D10A208DF83C00E0885C
:10C39000ADF8400003201B9907F0C0FC0820ADF861
:10C3A0005000C0E648067FF5FAAC4FF0040A20883A
:10C3B000BDF8501008432080BDF8500080050BD513
:10C3C000A18FA1F57F40FE3806D11E98E062289823
:10C3D0002063A6864FF0030A5046A5E49DF8180096
:10C3E00078B1012089F80000297889F80110BDF89A
:10C3F0001C10A9F802109DF8181089F804100520E7
:10C4000038802088BDF8501088432080E4E72DE96B
:10C41000FF4F8846087895B0012181404FF209000E
:10C42000249C0140ADF820102088DDF88890A0F50C
:10C430007F424FF0000AFF3A06D039B1000705D518
:10C44000012019B0BDE8F08F0820FAE7239E4FF0D5
:10C45000000B0EA886F800B018995D460988ADF863
:10C460003410A8498DF81CB0179A0A718DF838B0AD
:10C47000086098F8000001283BD0022809D0032862
:10C480006FD1307820F03F001D303070B8F80400D4
:10C49000E08098F800100320022904D1317821F0BF
:10C4A0003F011B31317094F84610090759D505AB8F
:10C4B000B9F1000F13D0002102AA82E80B00072077
:10C4C000CDE90009BDF83400B8F80410C01E83B2ED
:10C4D0000022159800F0EFFD0028D1D101E0F11CF9
:10C4E000EAE7B8F80400A6F80100BDF81400C01C83
:10C4F00004E198F805108DF81C1098F80400012844
:10C5000006D04FF4007A02282CD00328B8D16CE171
:10C510002188B8F8080011F40061ADF8201020D08F
:10C5200017281CD3B4F84010814218D3B4F8441033
:10C53000172901D3814212D1317821F03F01C91C62
:10C540003170A6F801000321ADF83410A4F84400BE
:10C5500094F8460020F0020084F8460065E10525C5
:10C560007EE177E1208808F1080700F4FE60ADF86D
:10C57000200010F0F00F1BD010F0C00F03D038884F
:10C58000228B9042EBD199B9B878C00710D0B96826
:10C590000720CDE902B1CDF804B00090CDF810B07D
:10C5A000FB88BA883988159800F023FB0028D6D17B
:10C5B0002398BDF82010401C80294ED006DC10299D
:10C5C0000DD020290BD0402987D124E0B1F5807F00
:10C5D0006ED051457ED0B1F5806F97D1DEE0C806B0
:10C5E00001D5082000E0102082460DA907AA0520E9
:10C5F000CDE902218DF83800ADF83CB0CDE90496C4
:10C6000008A93888CDE9000153460722214615982C
:10C61000FFF7B8F8A8E09DF81C2001214FF00A0AA6
:10C62000002A9BD105ABB9F1000F00D00020CDE965
:10C6300002100720CDE90009BDF834000493401E24
:10C6400083B2218B0022159800F035FD8DF81C0077
:10C650000B203070BDF8140020E09DF81C20012153
:10C660004FF00C0A002A22D113ABB9F1000F00D011
:10C670000020CDE902100720CDE900090493BDF8A0
:10C680003400228C401E83B2218B159800F013FDDC
:10C690008DF81C000D203070BDF84C00401CADF82A
:10C6A000340005208DF83800208BADF83C00BCE04C
:10C6B0003888218B88427FF452AF9DF81C004FF0E0
:10C6C000120A00281CD1606AA8B1B878C0073FF4EC
:10C6D00046AF00E018E0BA680720CDE902B2CDF815
:10C6E00004B00090CDF810B0FB88BA88159800F01F
:10C6F00080FA8DF81C00132030700120ADF8340052
:10C7000093E000005C0000203988208B8142D2D168
:10C710009DF81C004FF0160A0028A06B08D0E0B36B
:10C720004FF6FF7000215F46ADF808B0019027E09A
:10C7300068B1B978C907BED1E18F0DAB0844821D3D
:10C7400003968DE80C0243888288018809E0B87856
:10C75000C007BCD0BA680DAB03968DE80C02BB884D
:10C76000FA881598FFF7F7F905005ED0072D72D00B
:10C7700076E0019005AA02A92046FFF72DF90146AF
:10C78000E28FBDF80800824201D00029F1D0E08F8D
:10C79000A16B084407800198E08746E09DF81C00E3
:10C7A0004FF0180A40B1208BC8B138882083214649
:10C7B0001598FFF79AF938E004F118000090237EED
:10C7C000012221461598FFF7A8F98DF81C000028D2
:10C7D000EDD1192030700120ADF83400E7E70525D0
:10C7E00021461598FFF781F93AE0208800F400709F
:10C7F000ADF8200050452DD1A08FA0F57F41FE3926
:10C8000001D006252CE0D8F808004FF0160A48B1F0
:10C81000A063B8F80C10A1874FF6FF71E187A0F86C
:10C8200000B002E04FF6FF70A087BDF8200030F4A2
:10C830007F611AD0782300220320159907F0C4F9EC
:10C8400098F8000020712088BDF82010084320804F
:10C850000EE000E007252088BDF8201088432080E6
:10C86000208810F47F6F1CD03AE02188814321801A
:10C870009DF8380020B10EA91598F9F7A1F90546E1
:10C880009DF81C000028EBD086F801A00120307034
:10C89000208B70809DF81C0030710520ADF83400AD
:10C8A000DEE7A18EE1B118980DAB0088ADF8340039
:10C8B0002398CDE90304CDE90139206B0090E36AA8
:10C8C000179A1598FFF700FA054601208DF83800F1
:10C8D0000EA91598F9F774F900B10546A4F834B01B
:10C8E00094F8460040070AD52046FFF7A4F910F057
:10C8F0003E0F04D114F8460F20F004002070189861
:10C90000BDF83410018028469BE500B585B00328AA
:10C9100006D102208DF8000088B26946F9F750F977
:10C9200005B000BD10B5384C0B782268012B02D041
:10C93000022B2AD111E013780BB1052B01D104236E
:10C94000137023688A889A802268CB88D3802268F3
:10C950000B891381498951810DE08B88938022686E
:10C96000CB88D38022680B8913814B8953818B89B3
:10C970009381096911612168F9F722F92268002180
:10C980000228117003D0002800D0812010BD832020
:10C9900010BD806B002800D00120704781780129EC
:10C9A00009D10088B0F5205F03D042F6010188422A
:10C9B00001D10020704707207047F0B587B00024F0
:10C9C00015460E460746ADF8184011E00598008858
:10C9D000288005980194811DCDE902410721049426
:10C9E0000091838842880188384600F002F930B906
:10C9F00005AA06A93046FEF7EFFF0028E6D00A2870
:10CA000000D1002007B0F0BD5C00002010B58B788D
:10CA100083B102789A4205D10B885BB102E08B7931
:10CA2000091D4BB18B789A42F9D1B0F801300C88CE
:10CA3000A342F4D1002010BD812010BD072826D0CC
:10CA400012B1012A27D103E0497801F0070102E081
:10CA50004978C1F3C20105291DD2DFE801F00318AE
:10CA6000080C12000AB10320704702207047042806
:10CA70000DD250B10DE0052809D2801E022808D33E
:10CA800003E0062803D0032803D0052070470020C8
:10CA900070470F20704781207047C0B282060BD4C8
:10CAA000000607D5FA48807A4143C01D01EBD0004B
:10CAB00080B27047084670470020704770B51388F1
:10CAC0000B800B781C0625D5F14CA47A844204D83F
:10CAD00043F010000870002070BD956800F0070654
:10CAE00005EBD0052D78F54065F304130B70137832
:10CAF000D17803F0030341EA032140F20123B1FBA3
:10CB0000F3F503FB15119268E41D00FB012000EB17
:10CB1000D40070BD906870BD37B51446BDF80410E0
:10CB20001180117841F0040111709DF804100A067B
:10CB30001ED5D74AA368C1F30011927A824208D861
:10CB4000FE2811D1D21DD2084942184600F01BFC24
:10CB50000AE003EBD00200F00703012510789D40A6
:10CB6000A843994008431070207820F010002070EE
:10CB70003EBD2DE9F0410746C81C0E4620F00300DB
:10CB8000B04202D08620BDE8F081C14D002034467D
:10CB90002E60AF802881AA72E8801AE0E988491CDB
:10CBA000E980810614D4E17800F0030041EA002016
:10CBB00040F20121B0FBF1F201FB12012068FFF706
:10CBC0006CFF2989084480B22881381A3044A0605B
:10CBD0000C3420784107E1D40020D4E7AC4801228E
:10CBE0000189C08800EB400002EB8000084480B25D
:10CBF00070472DE9FF4F89B01646DDE9168A0F46CA
:10CC0000994623F44045084600F054FB040002D046
:10CC10002078400703D401200DB0BDE8F08F0998BB
:10CC200003F016FA02902078000606D59848817A1B
:10CC30000298814201D88720EEE7224601A9029896
:10CC4000FFF73CFF834600208DF80C004046B8F10A
:10CC5000070F1AD001222146FFF7F0FE0028DBD192
:10CC60002078400611D502208DF80C00ADF8107028
:10CC7000BDF80400ADF81200ADF814601898ADF8D6
:10CC80001650CDF81CA0ADF818005FEA094004D595
:10CC900000252E46A84601270CE02178E07801F017
:10CCA000030140EA012040F20121B0FBF1F280468D
:10CCB00001FB12875FEA494009D5B84507D1A17841
:10CCC000207901F0030140EA0120B04201D3BE42C5
:10CCD00001D90720A0E7A8191FFA80F9B94501D9A1
:10CCE0000D2099E79DF80C0028B103A90998F8F7E1
:10CCF00065FF002890D1B84507D1A0784FEA1921E7
:10CD000061F30100A07084F804901A9800B10580C6
:10CD1000199850EA0A0027D0199830B10BEB060099
:10CD20002A46199900F005FB0EE00BEB0608574662
:10CD3000189E099803F0F5FA2B46F61DB5B2394650
:10CD40004246009502F0F1FE224601A90298FFF743
:10CD5000B5FE9DF80400224620F010008DF8040076
:10CD6000DDE90110FFF7D8FE002055E72DE9FF4F60
:10CD7000DFF81C91824685B0B9F80610D9F800009A
:10CD800001EB410100EB810440F20120B2FBF0F124
:10CD9000174600FB1175DDE9138B4E4629460698B0
:10CDA000FFF77BFE0346FFF719FF1844B1880C30EC
:10CDB000884202D9842009B02FE70698C6B230060F
:10CDC00003D5B00601D50620F5E7B9F80620521CB8
:10CDD00092B2A9F80620BBF1000F01D0ABF80020F9
:10CDE000B00602D5C4F808800AE0B9F808201A4451
:10CDF00092B2A9F80820D9F80000891A0844A06066
:10CE00002246FE200699FFF787FEE77025712078FD
:10CE1000390A61F301002A0AA17840F0040062F3A4
:10CE20000101A17020709AF802006071BAF8000048
:10CE3000E08000252573300602D599F80A7000E0DD
:10CE40000127B00601D54FF000084E4600244FF0F0
:10CE500007090FE0CDE902580195CDF8009004953F
:10CE6000F1882046129B089AFFF7C3FE0028A2D142
:10CE7000641CE4B2BC42EDD300209CE700B5FFF790
:10CE8000ADFE03490C308A88904203D9842000BD4E
:10CE900098050020CA88086802EB420300EB830073
:10CEA000521C037823F004030370CA80002101732D
:10CEB0000846ECE72DE9F047804600F0FBF9070053
:10CEC00005D000264446F74D40F2012916E0012026
:10CED000BDE8F087204600F0EDF90278C17802F055
:10CEE000030241EA0222B2FBF9F309FB13210068B5
:10CEF000FFF7D3FD3044641C86B2A4B2E988601EFB
:10CF00008142E7DCA8F10100E8802889801B2881A4
:10CF100000203870DCE710B5144631B1491E21807D
:10CF200003F096F8A070002010BD012010BD70B570
:10CF30000446DC48C188036801E0401C208020884A
:10CF4000884207D200EB400213EB820202D0157830
:10CF50006D07F2D580B2884216D2AAB15079A0727C
:10CF6000D08820819178107901F0030140EA0120F6
:10CF7000A081A078E11CFFF7A1FD20612088401C62
:10CF80002080E080002070BD0A2070BD0121018258
:10CF900070472DE9FF4F85B04FF6FF798246A3F821
:10CFA000009048681E460D4680788DF80600486857
:10CFB0000088ADF8040000208DF80A00088A0C886B
:10CFC000A04200D304462C8251E03878400708D4B0
:10CFD000641C288AA4B2401C288208F10100C0B257
:10CFE00046E0288A401C2882781D6968FFF70EFDFC
:10CFF000D8BB3188494501D1601E30803188A1EB12
:10D00000080030806888A04238D3B878397900F0B9
:10D01000030041EA002801A9781DFFF7F7FC20BBB7
:10D02000298949452ED0002239460798FFF706FD89
:10D03000D8B92989414518D1E9680391B5F80AC0E2
:10D04000D7F808B05046CDF800C003F06AF9DDF813
:10D0500000C05A460CF1070C1FFA8CFC434603999A
:10D06000CDF800C002F02BFD60B1641CA4B200201A
:10D070008046204600F01EF90700A6D1641E2C82CF
:10D080000A2098E674807879B071F888B080397891
:10D09000F87801F0030140EA01207081A6F80C80C5
:10D0A000504602F0D5FF3A4606F10801FFF706FDAB
:10D0B000306100207FE62DE9FF4F87B081461C4696
:10D0C0009246DDF860B0DDF85480089800F0F2F880
:10D0D000050002D02878400702D401200BB09CE55F
:10D0E000484602F0B5FF2978090605D56D49897AC9
:10D0F000814201D88720F1E7CAF309062A4601A92F
:10D10000FFF7DCFC0746149807281CD000222946AC
:10D11000FFF794FC0028E1D12878400613D50120C0
:10D120008DF808000898ADF80C00BDF80400ADF8C3
:10D130000E00ADF81060ADF8124002A94846F8F7AD
:10D140003DFD0028CAD12978E87801F0030140EAC2
:10D150000121AA78287902F0030240EA022056450C
:10D1600007D0B1F5007F04D9611E814201DD0B209B
:10D17000B4E7864201D90720B0E7801B85B2A542FB
:10D1800000D92546BBF1000F01D0ABF8005017982D
:10D1900018B1B9192A4600F0CCF8B8F1000F0DD03B
:10D1A0003E4448464446169F03F0CDF82146FF1DF5
:10D1B000BCB232462B46009402F0EBFC00208DE717
:10D1C0002DE9F04107461D461646084600F072F864
:10D1D000040002D02078400701D40120D3E438466F
:10D1E00002F036FF2178090605D52E49897A814259
:10D1F00001D88720C7E422463146FFF75FFC65B1BE
:10D200002178E07801F0030140EA0120B0F5007FC9
:10D2100001D8012000E0002028700020B3E42DE9AF
:10D22000F04107461D461646084600F043F8040044
:10D2300002D02078400701D40120A4E4384602F04F
:10D2400007FF2178090605D51649897A814201D858
:10D25000872098E422463146FFF75EFCFF2D14D06C
:10D260002178E07801F0030240EA022040F2012236
:10D27000B0FBF2F302FB130015B900F2012080B2FB
:10D28000E070000A60F30101217000207BE410B51A
:10D290000C4600F00FF810B10178490704D40120C2
:10D2A00010BD000098050020C18821804079A07041
:10D2B0000020F5E70749CA88824209D340B10968CE
:10D2C00000EB40006FF00B0202EB80000844704757
:10D2D000002070479805002070B504460D46214691
:10D2E0002B460AB9002070BD01E0491C5B1C501E92
:10D2F000021E03D008781E78B042F6D008781E7857
:10D30000801BF0E730B50C4601462346051B9542CD
:10D3100006D202E0521E9D5C8D54002AFAD107E02D
:10D3200004E01D780D70491C5B1C521E002AF8D1C8
:10D3300030BDF0B50E460146334680EA030404F0E2
:10D340000304B4B906E002B9F0BD13F8017B01F89B
:10D35000017B521E01F00307002FF4D10C461D463D
:10D3600002E080CD80C4121F042AFAD221462B4647
:10D3700000BF04E013F8014B01F8014B521E002AD4
:10D38000F8D100BFE0E7F0B50C460146E6B204E094
:10D3900002B9F0BD01F8016B521E01F00307002F26
:10D3A000F6D10B46E5B245EA052545EA054501E01B
:10D3B00020C3121F042AFBD2194602E001F8016BB8
:10D3C000521E002AFAD100BFE3E710B506F0F7FEBF
:10D3D000FAF792F906F09CFDBDE8104006F02EBE6B
:10D3E000202801D2012070470020704701224FF011
:10D3F000A043824011B1C3F80C257047C3F808253B
:10D4000070474FF0A04101228240C1F818257047B3
:10D4100070B50346002002466FF02F050EE09C5CBD
:10D42000A4F130060A2E02D34FF0FF3070BD00EB9E
:10D43000800005EB4000521C2044D2B28A42EED359
:10D4400070BD30B50A230BE0B0FBF3F403FB14040A
:10D45000B0FBF3F08D183034521E05F8014CD2B2F7
:10D46000002AF1D130BD30B500234FF6FF7510E032
:10D47000040A44EA002084B2C85C6040C0F303148C
:10D48000604005EA00344440E0B25B1C84EA40108E
:10D490009BB29342ECD330BDF94A137882F88B30BB
:10D4A000A2F88C0082F88A10012082F8880092F895
:10D4B000640008B192F8600082F88E00704710B5E1
:10D4C0000B46114658B11846FFF7E6FFED48806855
:10D4D000008802F026FFBDE8104002F0CDBBBDE899
:10D4E00010404FF6FF70D7E770B50026044646702F
:10D4F000E44D1120207029682022A01C6831FFF71C
:10D5000018FF0121A171286800F8666F8078002853
:10D5100011D1DB48B0F86A20A0F89220AA68537BAA
:10D5200080F8943080F89010108802F0FAFEBDE880
:10D53000704002F0B0BB70BD70B5D24D296891F853
:10D5400096200024012A11D091F89020012A1CD0A5
:10D5500091F86620012A22D091F88820012A21D052
:10D5600091F8A020012A2ED0002070BD447017220F
:10D57000027051F8972FC0F802204A68C0F80620C0
:10D580000A7A827201F8014C1BE044700522027095
:10D59000D1F89220C0F8022081F8904011E0FFF706
:10D5A000A3FF0EE091F86620012AF8D044701422FF
:10D5B000027051F88A2FC0F802208A88C28001F8D0
:10D5C000024C012070BD44701A2200F8022B222266
:10D5D000A131FFF7AEFE286880F8A040F1E7A94826
:10D5E000006890F8661011B1B0F86A0070474FF605
:10D5F000FF70704770B5A34C206800B9FFDF20684A
:10D60000417811B10C25284670BD0025C422294659
:10D61000FFF7B9FE2168FF2008707F2081F83700EE
:10D6200013204884282081F86500012081F85C00DF
:10D63000002081F85F0007F0AFF906F091FCE2E707
:10D6400070B5904C0546206800B9FFDF21680020C6
:10D6500048706560FFF7CEFF002800D0FFDF70BD87
:10D66000884909680978814201D10120704700206A
:10D670007047844800B5016891F82400498CC0F3D4
:10D680008002C0F340031A4400F001001044132943
:10D6900015D004DC102909D0122904D10FE0152976
:10D6A00008D01D2904D0FFDF002000BD764903E02B
:10D6B000764800BD7449083131F8100000BD724948
:10D6C0000839F9E76F4840F271210068806A4843E1
:10D6D00070476C48006890F83600002800D00120A0
:10D6E000704710B5664C207B00F074FD40B1207D82
:10D6F00004F115010BF034FB082801D0012010BD06
:10D70000207B30B1022804D00120BDE8104007F092
:10D71000A6BC0020F9E75A490873704759490968BF
:10D7200081F83000704770B50646554890F82D00D6
:10D730000BF0A4FA050018D010210BF076FD00289C
:10D7400013D1504C012032462168C87628461C313E
:10D7500007F092FCD4E900101C310BF0BFFF6068A9
:10D76000BDE8704001210BF0C8BF70BD2DE9F0414C
:10D77000434C074694F82D000BF0FDFA064694F84A
:10D780002F0004F10E0528B126B194F82D000BF0FE
:10D7900018FAA0B194F83000002824D094F82E0094
:10D7A000002820D0607B294600F025FDA8B10BF0B1
:10D7B0008AFB3A462946BDE8F04107F05DBC0120EE
:10D7C00060733A462946304607F056FC94F82D100F
:10D7D0002846BDE8F0410BF065BB39462846BDE858
:10D7E000F04107F07EBCBDE8F08170B5254C2168A2
:10D7F000087BB0B1022814D0012048730E3107F025
:10D8000018FC2068007B00F0E5FC216881F82F00FF
:10D81000082081F82D00487B0E3100F0E3FC40B970
:10D8200001E00020E9E72168487B0E3100F0E3FCCD
:10D8300000B10120216881F82E0091F82F0018B95D
:10D8400091F82200400706D5087D15310BF088FAC3
:10D85000216881F82D0020680025456004F0ADFDA9
:10D86000216888600020FFF781FF2068C57690F866
:10D87000220040070CD5BDE87040002053E70000AF
:10D88000A405002064000020A0B101008F891300CE
:10D8900070BDFB4A1268137B0370D2F80E0008605B
:10D8A000508A8880704778B5F6490446F44D407B2D
:10D8B00008732A68207810706088ADF8000080B284
:10D8C00000F00101C0F3400341EA4301C0F38003CB
:10D8D00041EA8301C0F3C00341EAC301C0F300136E
:10D8E00041EA0311C0F3401341EA4311C0F3801031
:10D8F00041EA80105084E07D012825D0022825D0FF
:10D90000FFDF286880F85E60217B80F82410418C5E
:10D910001D291DD061688162617D80F83610A17B70
:10D92000C1B1022916D00121017554F80F1FC0F8AA
:10D930001510A188A0F81910217B012900D0002121
:10D9400080F83410002078BD0126DAE70226D8E7F7
:10D950000021E0E70021E7E7C948006890F82200CD
:10D96000C0F38000704700B5FFF7F6FF08B1002054
:10D9700000BD1F2000BD00B5FFF7F5FF002800D057
:10D98000012000BDBE49002209680A664B8C1D2B90
:10D9900002D081F86400704781F864207047B84A6B
:10D9A0000023126882F85D3042F84C1F90800120FD
:10D9B00050747047B24A0023126882F85C30A2F8B3
:10D9C000580042F8541F012010727047AC49096892
:10D9D00081F835007047AA49096881F85F007047EF
:10D9E000A748006890F95F007047A548006890F864
:10D9F000220000F001007047A148006890F8220062
:10DA0000C0F340007047002070479D48006890F8C0
:10DA10002200C0F3C000704701207047012070470A
:10DA20000120704770B500F0FAFB954C2068016E3C
:10DA3000491C016690F83300002530B106F0ACFFB8
:10DA400006F08EFA206880F833502068457090F810
:10DA5000381009B102201AE090F86410B1B1006EDC
:10DA6000814213D8022007F095FF206890F8220029
:10DA7000C00704D0A06843220188012003E04322AC
:10DA80004FF6FF710020BDE8704018E50020BDE8AA
:10DA9000704007F07FBF10B501280DD002280DD0CF
:10DAA00004280FD0FFDF7648006890F85E10BDE8CC
:10DAB0001040252006F0FEBB252000E0262006F0C1
:10DAC000D3FCF0E72720FAE702460020D30701D075
:10DAD000CB0705D0930705D58B0703D402207047E9
:10DAE000012070475207FCD54907FAD4042070473B
:10DAF0002DE9F041624C86B0206800B9FFDF206854
:10DB00004178E9BB0178FF2942D0002580F83150E7
:10DB1000A0F85A50857080F83850284606F09EFECE
:10DB2000182259496846FFF704FC684606F08AFE49
:10DB300006F0CCFB206890F95F0006F085FC5248A7
:10DB40001D3806F087FC5048203806F06CFE6068EF
:10DB500006F087FE2068002190F82400FFF7B4FF4C
:10DB6000FFF799FF206880F82C5006F071FE2068BE
:10DB700090F85E10002006F030FD0F21052000E037
:10DB800006E006F038FC206890F82E1051B902E04B
:10DB90000C2006B027E690F82F1019B990F8220053
:10DBA00040072BD504F009FC804620684146806878
:10DBB00005F004F9354F064690FBF7F007FB1060BF
:10DBC0004142404604F0CDF82168886096FBF7F0AA
:10DBD0004A68104448600BF0BFF821684A689042D8
:10DBE0000CD8C1E901580120FFF7C0FD206890F86A
:10DBF0002200400702D50120FFF795FD2068417BF8
:10DC00000E3006F0EAFB206890F85C1039B1B0F8ED
:10DC10005810A0F84810416D416480F85C5090F8AD
:10DC20005D1041B1B0F85010A0F84010C16C40F840
:10DC30003C1F80F821500BF0FCF8032160680BF0CA
:10DC40002FF9216881F833000020A2E70C49886091
:10DC500070472DE9F0410A4C0746002620683146FE
:10DC6000C57E6068068000F0D1FA2068408C1328D9
:10DC700040D00DDC102861D012280DD15CE00000EE
:10DC800064000020A4050020B0B1010040420F0054
:10DC9000152838D01D2836D0FFDF00BF00F0CAFAA3
:10DCA0002068418C1D2907D0152905D0B0F84820DF
:10DCB000416C60680BF028FD206890F82C1090F8FB
:10DCC0002400FFF701FF05463FB1FFF7E4FE012204
:10DCD0004FF49671002006F01EFD206890F82C107D
:10DCE000294380F82C1090F824208A434FF001013A
:10DCF00029D02DE0002160680BF0C4FC0121606890
:10DD000000F084FACAE7012160680BF0BBFC012136
:10DD1000606800F07BFAD4E9001025B11C310BF0EB
:10DD2000DDFC012104E015310BF0D8FC2068017DF9
:10DD300060680BF0E2FCB1E7062100E002216068B8
:10DD40000BF0A0FCAAE7428C1D2A0BD080F8311002
:10DD50004170418C13290ED007DC10290AD01229FA
:10DD600007D108E080F82C60F2E7152903D01D29BF
:10DD700001D0FFDF37E590F85E20BDE8F0410121DA
:10DD8000084606F05ABEF84810B50068417841B917
:10DD90000078FF2805D00021084600F059FA00203D
:10DDA00010BD00F03CFA0C2010BD2DE9F041EE4D05
:10DDB0000446174628680E4690F8660000B1FFDF5B
:10DDC0002968002F81F868704ED12088A1F86A0078
:10DDD0006088A1F88000A088A1F88200E088A1F8FE
:10DDE000840094F88C0181F8860091F82F0020B10E
:10DDF000487B0E3100F0FFF940B9296891F83000F6
:10DE000060B1487B0E3100F0EDF938B12868D0F8E8
:10DE10000E104167418AA0F8781003E02868476730
:10DE2000A0F878706968FF2E0878C0F380106076DB
:10DE3000D1F80300C4F81A00B1F80710E18314D038
:10DE4000296801F16E02C1F87A00E08BA1F87E002A
:10DE500030466D310AF099FF00B9FFDF286810F8ED
:10DE60006D1F41F002010170BDE42868C0F87A70AE
:10DE7000A0F87E70617E80F86D10D4F81A1040F81A
:10DE80006E1FE18B8180AEE470B5FFF7BEFDB64C2E
:10DE9000012538B13C22FF21A068FFF786FF2068EA
:10DEA00080F86650206890F82200C00704D0A0686F
:10DEB0003C220188012003E03C224FF6FF71002044
:10DEC000FFF7FDFA206880F8385070BDA649096850
:10DED00081F83200704770B5002507F0BAFC50B1E8
:10DEE000A14C20684178012908D0022901D00329DA
:10DEF00036D0FFDF70BDBDE8704093E58178002922
:10DF0000F8D1418C102913D090F8330020B106F0DD
:10DF100019F8402006F02DFD206890F822104907DE
:10DF200010D490F83610012904D0032902D002E061
:10DF3000002119E0102590F85E2045F00E01002028
:10DF400006F07BFD206890F8340008B106F054FD1F
:10DF50000021962006F0B1FC21680220487070BDB7
:10DF600081780029FBD18178BDE87040012000F064
:10DF70006FB957E510B57C4C206890F8340008B1B3
:10DF800000F07AF9206890F8330018B106F004FD2B
:10DF900005F0E6FF07F05DFC88B1206840780228B4
:10DFA00000D0FFDF0021012000F052F92068417805
:10DFB000002903D04078012800D0FFDF10BDBDE864
:10DFC00010402FE510B50AF0CBFE04460AF07DFFA5
:10DFD00038B120460AF052FE18B110210BF025F995
:10DFE00008B1002010BD012010BD2DE9F047DFF879
:10DFF00078910E460746032809D0FFF7F6FC044641
:10E00000D9F8000090F8320020B1012003E0FFF7BA
:10E01000F3FC04460020804606F018FA0546032F5C
:10E020002BD0012734EA080453D0D9F800004C461D
:10E0300090F8330068B10AF0E2FE30700146FF2824
:10E0400007D06068C01C0AF0B7FE30780AF0E1FE25
:10E05000054360680178C1F3801221680B7D9A4204
:10E0600005D10622C01C1531FFF736F938B1002062
:10E070003178FF290BD0D8B903E00227D2E701207D
:10E08000F6E7206890F82D00884211D008E038B1FA
:10E09000616811F8030BC0F38010FFF793FF38B1EC
:10E0A0000020216891F82210490703D5A0B910E09B
:10E0B0000120F6E785B92D4890F8360008B1B8423E
:10E0C00007D1616811F8030BC0F38010FFF77AFFE6
:10E0D00010B10020BDE8F0870120FBE7F8B5224C25
:10E0E0000746002520684078022800D0FFDF20681E
:10E0F00090F8340008B100F0BFF860680BF0E4FA63
:10E1000006460FB306F073F9F0B1052E1DD1606815
:10E1100090F8240000F01F00102816D9206890F80D
:10E12000350090B1FF208DF80000012569460520DB
:10E13000FFF75BFF40B1206880F8A05061682222A1
:10E14000A130C91CFFF7F5F815E060680BF0FCFA88
:10E1500088B1062E0FD2DFE806F00E0E0E030E0B6E
:10E1600000F0CDF806E0000064000020A4050020C7
:10E1700000F091F800B90125206890F8330018B13B
:10E1800006F00AFC05F0ECFE1DB10021012000F0B4
:10E190005FF820684178002906D04178012903D032
:10E1A0004078032800D0FFDFF8BD70B59F4E0546CC
:10E1B0000C463068807800280BD106F02FF8034613
:10E1C0003068214690F85E202846BDE8704007F090
:10E1D000C1BD70BD022803D0032801D000207047C4
:10E1E00001207047012802D14879800901D0002020
:10E1F000704701207047012806D148790121B1EB11
:10E20000901F01D101207047002070470278202321
:10E2100022F0200203EA41110A430270704710B550
:10E2200006F09AFB06F079FB06F0C8FABDE810404C
:10E2300006F0FFBA10B57D4C7D4960680BF048FAD6
:10E240007B480E38417B6068BDE810400BF04CBA4B
:10E25000764A10B5126892F831303BB1508C1D28C7
:10E2600000D1FFDFBDE81040FFF7DCBB002902D181
:10E27000BDE81040EDE410BD10B56C4C206837309F
:10E2800006F0C5FB18B921687F2081F83700BDE88A
:10E29000104006F0A7BB38B5FF208DF8000001251F
:10E2A00069460520FFF7A1FE30B3604C20688078F6
:10E2B00008BB6268A0681278417BC2F3401211402B
:10E2C0004173012100F04AF800229DF80010A06877
:10E2D000FFF76BFD2068012100F8661F82788188B6
:10E2E0000120FFF7ECF8216800204870FFF797FF46
:10E2F000012007F04FFB00E00025284638BD38B567
:10E30000FF208DF80000012569460320FFF76DFE10
:10E31000464C002820681CD090F8341031B190F899
:10E32000960018B99DF8000000F04CF860680021D4
:10E33000018004210BF0A6F9FFF77CFF2068B0F8FC
:10E340004020C16B60680BF0EFF921680320487032
:10E3500002E0807800B90025284638BD70B5334DFD
:10E360000446686850F80F2FC4F80E208288628235
:10E3700082792275C27962750289E282428962805D
:10E380008289A280C289E2800269A260027D227332
:10E39000427D02F01F022276407D400984F88C0104
:10E3A00084F8641084F86510002104F130000BF04B
:10E3B0002AFB286890F8651004F8661F90F85F0043
:10E3C000607070BD70B5194C0122216881F89620EB
:10E3D0000A7881F89720FF280DD001F19902983131
:10E3E0000AF0D3FC00B9FFDF206810F8981F41F055
:10E3F000020101700CE060680278C2F3801281F8BB
:10E400009820D0F8032041F8992FB0F807008880B1
:10E41000256895F837009F357F2800D1FFDF2068F9
:10E4200010F8371F29707F21017070BD6400002033
:10E43000B20500202DE9FC470C460646694600F06F
:10E4400010FF002860D1FFF7CAF8B0425CD0214627
:10E45000304608F0DEFF28BB019D95F82C01703591
:10E4600018B9287F08B1012000E00020814695F806
:10E4700039004FF000084FF0010AA0B195F83A00BA
:10E48000800710D584F8018084F800A084F8028009
:10E49000A68095F83B10A171A98F2181E98F618138
:10E4A00085F839802DE0304601F04DFF070000D19E
:10E4B000FFDF384601F06DF940B184F801800D218D
:10E4C0002170A680E08084F802A01AE0304601F0B6
:10E4D00028FF070000D1FFDFB9F1000F14D0384644
:10E4E00001F0AFF980B1304606F01EFD84F80180DE
:10E4F0000A21217084F80280A680697FA17185F8C5
:10E500001C800120BDE8FC870020FBE71CB56946A4
:10E5100000F0A7FE00B1FFDF684600F0AFFEF9494A
:10E5200000208968A1F8F2001CBD2DE9FC410446D9
:10E530000E46062001F06EFD00250746A84606445B
:10E5400017E02088401C80B22080B04202D34046B1
:10E55000A4F8008080B2B84204D3B04202D20020B6
:10E56000BDE8FC81694600F07CFE0028F8D06D1CF7
:10E57000EDB2AE42E5D84FF6FF7020801220EFE7F3
:10E5800010B506F043FD0AF026FBDF484FF6FF7199
:10E5900000234182818203701B2141804FF4A472C9
:10E5A0008280C180028103228275C2758272042436
:10E5B000C4728181C1810282837610BD70B5D14C55
:10E5C0000D466060217006F0ADFC00F063FEFFF7C1
:10E5D000D7FF207809F09EFD284607F04DFACA487B
:10E5E0002838FFF72DF82178606808F0F6FFBDE8BD
:10E5F00070400AF0F0BA10B501240AB1002010BD35
:10E6000021B1012903D00024204610BD02210BF0C6
:10E61000CBF8F9E7887800B90320C97801B903215C
:10E62000107019700020704730B587B0044600881C
:10E63000694600F016FE002806D1A08830B10128F6
:10E6400004D0022802D0122007B030BD05AB04AAC6
:10E6500021466846FFF7DEFF0400F5D1019901204D
:10E6600081F8C501019991F81012002539B9019975
:10E6700091F8C41119B9019991F8971009B13A2488
:10E6800015E00199039581F8C40101989DF81020C7
:10E6900080F8C621019B9DF8140083F8C7018DF80E
:10E6A0000C208DF80D0003AA01200AF0F4FE019859
:10E6B00080F8C5512046C7E710B504460020A17870
:10E6C00001B90120E2780AB940F0020000F0F6FD3D
:10E6D000002803D12046BDE81040A5E710BD70B565
:10E6E0000D4604460189002380880AF0C9FE696A44
:10E6F00081421DD2401A401CA1884008091A8AB2E2
:10E70000A2802189081A2081668895F86410104635
:10E710000AF08DFE864200D230466080E68895F889
:10E72000651020890AF083FE864200D23046E080E0
:10E7300070BDF0B585B00D46064603A900F091FD09
:10E7400000282AD104990022FB20B1F84E30FB2B7F
:10E7500000D30346B1F85040FB20FB2C00D3044605
:10E76000DFF8A8C19CE8811000900197CDF808C09F
:10E77000ADF80230ADF806406846FFF7B0FF6E8096
:10E78000BDF80400E880BDF808006881BDF802000B
:10E79000A880BDF806002881002005B0F0BD2DE955
:10E7A000F04186B004460088694600F05AFD002812
:10E7B00059D12189E08800F09BFD002853D1A18820
:10E7C000608800F095FD00284DD12189E08800F097
:10E7D00085FD002847D1A188608800F07FFD0600F4
:10E7E00041D1208802A9FFF7A4FF00B1FFDFBDF8E7
:10E7F000101062880920914235D3BDF80C10E288D0
:10E80000914230D3BDF81210BDF80E202389114477
:10E81000A2881A44914226D3019D01274FF0000897
:10E8200085F8BB71019890F8FC0105F5DD7508B11C
:10E830003A2615E0E08868806088E880218940F603
:10E840004800814200D30146A980A188814200D2BC
:10E8500008462881002228460199FFF740FF2F70C3
:10E8600085F80180304606B0BDE8F08197E710B525
:10E870000446FEF761FE002813D0207814280FD13B
:10E88000A07868B1A088062101F018FC40B100888A
:10E8900006F04AFBA088062101F022FC00B1FFDF50
:10E8A000012010BD2DE9F041060000D1FFDF164820
:10E8B000022114308046FFF738FE00B1FFDF124C12
:10E8C0000620A78A01F0A6FB0546A08AA84203D12C
:10E8D0003046FFF7CCFF20B9A08A3146FFF7AAFDEA
:10E8E00030B1304600F012FD0028EED10120BBE728
:10E8F00002214046FFF719FE10B9A08AB842E4D1C0
:10E900000020B1E77000002090060020C8B101008F
:10E9100010B500F083FC08B10C2010BD0AF096F988
:10E92000002010BD10B50446007818B1012801D0B0
:10E93000122010BD00F07DFC20B10AF0FDF908B1F5
:10E940000C2010BD207800F053FCE21D04F11703E9
:10E95000611CBDE810400AF09BB910B5044600F0F8
:10E960005DFC08B10C2010BD207818B1012801D041
:10E97000122010BD00F03CFC611C0AF041F908B106
:10E98000002010BD072010BD10B50AF0D9F908B15C
:10E99000002010BD302010BD10B5044600F049FC29
:10E9A00008B10C2010BD20460AF0C2F9002010BDAD
:10E9B00010B500F03EFC20B10AF0BEF908B10C2001
:10E9C00010BD0AF0A7F9002010BDFF2181704FF69D
:10E9D000FF718180F84949680A7882718A880281CA
:10E9E0004988418101214170002070471CB50024F5
:10E9F00012F1080F15D00CDC12F1280F11D012F112
:10EA0000140F0ED012F1100F0BD012F10C0F0CD10D
:10EA100007E012F1040F04D01AB1032A01D0042A2E
:10EA200003D1012804D0032806D0122420461CBD9F
:10EA30001046FEF7D0FFF9E708461446694600F095
:10EA400010FC08B10224F1E7019880F86740002427
:10EA5000ECE710B5134601220AF003FC002010BDBC
:10EA600010B5044600F0E5FB08B10C2010BD2146AE
:10EA7000002006F0CCFA002010BD10B5044607F0C7
:10EA800095F920B1207807F003F8002010BD0C2084
:10EA900010BD10B5044600F0CCFB08B10C2010BD31
:10EAA0002146012006F0B3FA002010BD38B5044617
:10EAB0004FF6FF70ADF80000A079E179884216D0DA
:10EAC0002079FEF78DFC90B16079FEF789FC70B17A
:10EAD0000022A07911460BF0DBFB40B90022E0795F
:10EAE00011460BF0D5FB10B9207A072801D9122066
:10EAF00038BD07F067F948B900216846FFF715FDF2
:10EB000020B1204605F0ADFB002038BD0C2038BDFB
:10EB10002DE9FC41817804461A2925D00EDC1629FE
:10EB20002DD2DFE801F02C2C2C2C2C212C2C2C2C81
:10EB30002C2C2C2C2C2C2C2C2C2121212A291ED0A5
:10EB40000BDCA1F11E010C2919D2DFE801F0181825
:10EB50001818181818181818180D3A3904290ED250
:10EB6000DFE801F00D020D022088B0F5706F06D2CB
:10EB70000127694600F075FB18B10220F0E412206D
:10EB8000EEE4019D68462E4605F5C87506F291161D
:10EB900000F05AFB08B1287808B10C20E0E42F708F
:10EBA000A0783070684600F069FB0020D8E41CB5FE
:10EBB0000C46694600F055FB002118B12160217117
:10EBC00002201CBD0198024610F1700080F842102E
:10EBD00093682360137B237190F84230002BF5D1AA
:10EBE00000201CBD10B5044600F023FB20B10AF044
:10EBF000A3F808B10C2010BD207800F0F9FAE279F2
:10EC0000611C0AF06EF908B1002010BD022010BD91
:10EC100010B5886E60B1002241F8682F0120CA71DA
:10EC2000897988400BF028FB002800D01F2010BDF8
:10EC30000C2010BD1CB50C46694600F012FB0028E4
:10EC400005D10198B0F87000401C208000201CBD48
:10EC50001CB504460088694600F003FB08B1022099
:10EC60001CBD606828B1DDE90001224600F09CFB74
:10EC70001CBDDDE90001FFF7CBFF1CBD10B500781E
:10EC8000012800D00020FEF7A1FE002010BDF0B545
:10EC900044888188C288038945898089A71F40F6F6
:10ECA0007B46B74215D28F1FB74212D28C4210D882
:10ECB000B2F5FA7F0DD2A3F10A04361FB44208D28E
:10ECC000521C4A43B2EB830F03DA854201D800207D
:10ECD000F0BD3020F0BDF8B515460E46044607F0ED
:10ECE00071F808B10C20F8BD204600F09CFB00280C
:10ECF000F9D1A078C1064FF01100F4D5E17D0329C8
:10ED0000F1D0FEF76DFE3070A07555B9FF208DF87B
:10ED1000000069460020FEF74DFE69460020FEF720
:10ED20003EFE2046BDE8F840FEF7BDBD0022D2E71A
:10ED30000078C10801D01220704720498876002051
:10ED4000704710B504460078C00704D1608810B140
:10ED5000FEF711FE80B12078618800F00102607832
:10ED600000F0ACFB002806D1FEF7FDFD01466088EF
:10ED7000884203D9072010BD122010BD6168FEF73C
:10ED800019FE002010BD10B504460078C00704D15C
:10ED9000608810B1FEF730FE90B12078618800F0F5
:10EDA0000102607800F08AFB002804D16088616865
:10EDB000FEF7F5FD002010BD700000209006002039
:10EDC0001220F8E77CB5044640784225012808D88F
:10EDD000A078FEF745FC20B120781225012802D04A
:10EDE00090B128467CBDFEF710FE20B1A088002817
:10EDF000F7D08028F5D8FEF70FFE60B160780028C4
:10EE0000EFD02078012808D006F07EF9044606F0FD
:10EE100009FE00287FD00C207CBDFEF762FC10B9F3
:10EE2000FEF7F1FD90B306F0CDFF0028F3D1FEF719
:10EE3000D6FBA0F57F41FF39EDD1FEF7D6FCA688C1
:10EE400042F210704643A079FEF79CFDFEF7CDFD1F
:10EE5000F8B10022062101A801F002F9040058D0FF
:10EE6000F7480021846020460AF01EF92046FEF78C
:10EE7000EDFEF44D04F13000AA89E989C2830184D2
:10EE8000FEF7CCFD60B1288A01210DE0FFE71220DA
:10EE90007CBD3146002006F0FEFD88B3FFDF44E074
:10EEA000FEF7BEFD0146288A06F090FE0146A062EC
:10EEB0000022204606F02BF9FEF7B0FD38B9FEF728
:10EEC000AFFD0246214601200AF0E3FAD0B1DD4A47
:10EED0002146163201200AF0DEFAE87A0090AB7A79
:10EEE000EA89A989208801F0A5F900B1FFDF20880F
:10EEF00006F019F83146204606F0CDFD00B1FFDFDF
:10EF000013E008E00621BDF8040001F0E9F800B1C3
:10EF1000FFDF09207CBD44B1208806F005F8208879
:10EF2000062101F0DDF800B1FFDF00207CBD0021EB
:10EF300048E770B50D46062101F0C0F8040003D083
:10EF400094F8930110B10AE0022070BD94F87D009E
:10EF5000142801D0152802D194F8E00108B10C2042
:10EF600070BD1022294604F5CA70FEF7E2F90120AF
:10EF700084F89301002070BD10B5062101F09EF8C1
:10EF800018B190F8931111B107E0022013E790F83F
:10EF90007D10142903D0152901D00C200BE7022184
:10EFA00080F89311002006E72DE9FC410D464BF651
:10EFB00080321221954213D895B1694600F051F97B
:10EFC00000280CD1019EB41C703627882A46394689
:10EFD00030460AF02AF82088B842F6D10020CDE564
:10EFE0000846CBE51CB504460088694600F039F9AF
:10EFF000002808D10199A378084691F82C20703197
:10F000009A4201D10C201CBD7F220A728A72002212
:10F01000CA72E17880F82D10217980F82E10A1783D
:10F0200080F82C1010461CBD1CB50C46694600F03B
:10F0300018F9002806D1019890F88C0000B1012041
:10F04000207000201CBD7CB50D461446694600F0BA
:10F0500008F9002805D1019890F82C00012801D06A
:10F060000C207CBD019890F87810297090F87900F8
:10F07000207000207CBD70B50D461646062101F0BB
:10F080001DF818B381880124C388428804EB410429
:10F09000AC4217D842F210746343A4106243B3FB2E
:10F0A000F2F2521E94B24FF4FA72944200D914460E
:10F0B000A54200D22C46491C641CB4FBF1F24A4321
:10F0C000521E91B290F8CC211AB901E0022070BD15
:10F0D00001843180002070BD10B50C46062100F07F
:10F0E000EDFF48B180F8FF4024B190F8FD1009B160
:10F0F00006F083FD00205EE602205CE6017899B10F
:10F10000417889B141881B290ED381881B290BD3F3
:10F11000C188022908D34B490268283941F8322FA7
:10F1200040684860002070471220704710B506F014
:10F130001EFD00203FE610B506F01CFD00203AE65B
:10F1400070B514460A46064600250121104606F011
:10F150003DFD002800D8284605460121304600F034
:10F160004EF806460121002000F049F8311801222E
:10F1700096318D4206D901F19600691AB1FBF0F083
:10F18000401C82B22280002070BD10B5044600F001
:10F1900050F808B10C200EE6601C09F08FFE2078B4
:10F1A00000F00100FEF7BAFA002004E610B50446AC
:10F1B000062000F021FF08B10C20FCE52078C007F4
:10F1C00010D00022607811460BF062F808B11220CE
:10F1D000F1E5A06808F073FD6078616808F078FDDB
:10F1E0000020E8E5002008F06AFD00210846F5E768
:10F1F00018B1022801D0012070470020704710B5D7
:10F20000012904D0022905D0FFDF2046D3E5C00044
:10F21000503001E080002C3084B2F6E710B506F0E3
:10F22000D1FD20B1FEF755FA08B10120C3E5002059
:10F23000C1E510B506F0C6FD002800D00120BAE5F2
:10F240007000002090060020416891F82C0191F890
:10F250008C1021B918B1042801D00120704700207A
:10F26000704710B50C46062100F028FF606018B109
:10F270000120207000209EE502209CE5416891F865
:10F28000FD20002A05D0002281F8FD20406806F00C
:10F29000B4BC704708B54FF6FF70ADF8000006E04B
:10F2A0000621BDF8000000F01BFF00B1FFDF0021C8
:10F2B0006846FFF73AF90028F2D008BD70B5144649
:10F2C0000546012200F00EF9002806D12146284605
:10F2D000BDE87040002200F005B970BDFB2803D8DE
:10F2E00040F64800814201D9112070470020704744
:10F2F0001B38E12806D2B1F5A47F03D344F2902055
:10F30000814201D912207047002070471FB58E49F5
:10F31000897ECA0702D10278192A0AD08A0702D444
:10F320000278182A24D0490739D40178122933D019
:10F3300035E04088ADF8000002A9FFF792FF00B168
:10F34000FFDF039810F8601F8DF8021040788DF8E9
:10F3500003000020ADF8040001B9FFDF9DF80300B1
:10F3600000B9FFDF6846FFF7A7F9D8B1FFDF19E062
:10F370004088ADF8000040F64800FB21ADF80400DD
:10F38000ADF80800ADF80210ADF806106846FFF7BA
:10F390006DFA38B1FFDF05E0007BC00702D0002026
:10F3A00004B008E50120FBE7F8B50646508914468D
:10F3B0000F4640B1B0F5004F05D20022A0781146AB
:10F3C0000AF066FF08B11220F8BDB86E394607F1A1
:10F3D000700530B1A07891F86E20904201D00C20D9
:10F3E000F8BD012081F86F00A07881F86E00606898
:10F3F00041F8680F608988802089A884002087F8F8
:10F400006F0020886946FFF715FCA88CBDF8001036
:10F41000081A00B2002804DD39463046FFF7F8FB31
:10F42000DDE70020F8BD38B504460078EF2841D864
:10F430006088ADF80000009800F061F888B361883A
:10F44000080708D4D4E90120824233D8202A31D3D6
:10F45000B0F5804F2ED8207B18B307282AD8607BC0
:10F4600028B1012803D0022801D0032822D14A075D
:10F4700003D4022801D0032805D1A07B08B10128BC
:10F4800018D1480707D4607D28B1012803D002288D
:10F4900001D003280ED1C806E07D03D5012809D18B
:10F4A00004E007E0012801D0032803D1E07E18B171
:10F4B000012801D0122038BD002038BD70B50C469F
:10F4C0000546FF2904D8FEF7A9FA18B11F2C01D967
:10F4D000122070BD2846FEF7C3F808B1002070BDA9
:10F4E000422070BD0AB1012200E00222024202D194
:10F4F000880802D109B1002070471120704780B2FE
:10F50000C1060BD401071CD481064FEAC07101D596
:10F51000B9B900E099B1800713D410E0410610D4C6
:10F5200081060ED4C1074FEA807104D0002902DBA6
:10F53000400704D405E0010703D4400701D40120AB
:10F5400070470020704700009006002030B5058805
:10F5500025F4004421448CB24FF4004194420AD275
:10F56000121B92B21B339A4201D2A94307E005F461
:10F570000041214303E0A21A92B2A9431143018042
:10F5800030BD0844083050434A31084480B27047C7
:10F5900070B51D4616460B46044629463046049A69
:10F5A000FFF7EFFF0646B34200D2FFDF282200211B
:10F5B0002046FDF7E8FE4FF6FF70A082283EB0B26D
:10F5C00065776080B0F5004F00D9FFDF618805F1F5
:10F5D0003C00814200D2FFDF60880835401B343890
:10F5E00080B220801B2800D21B2020800020A07722
:10F5F00070BD8161886170472DE9F05F0D46C1885B
:10F60000044600F12809008921F4004620F400484E
:10F6100000F063FB10B10020BDE8F09F4FF0000A3E
:10F620004FF0010BB0450CD9617FA8EB0600401AE2
:10F630000838854219DC09EB06000021058041806D
:10F640001AE06088617F801B471A083F0DD41B2F8A
:10F6500000DAFFDFBD4201DC294600E0B9B2681ADA
:10F660000204120C04D0424502DD84F817A0D2E750
:10F6700009EB06000180428084F817B0CCE770B532
:10F68000044600F12802C088E37D20F400402BB13D
:10F6900010440288438813448B4201D2002070BD7D
:10F6A00000258A4202D30180458008E0891A0904B6
:10F6B000090C418003D0A01D00F01FFB08E0637F10
:10F6C00000880833184481B26288A01DFFF73EFF0E
:10F6D000E575012070BD70B5034600F12804C588AA
:10F6E000808820F400462644A84202D100201882D7
:10F6F00070BD98893588A84206D3401B75882D1A9D
:10F700002044ADB2C01E05E02C1AA5B25C7F204497
:10F710003044401D0C88AC4200D90D809C8924B136
:10F72000002414700988198270BD0124F9E770B5AE
:10F73000044600F12801808820F400404518208A02
:10F74000002825D0A189084480B2A08129886A8830
:10F750001144814200D2FFDF2888698800260844CE
:10F76000A189884212D1A069807F2871698819B166
:10F77000201D00F0C2FA08E0637F2888083318448F
:10F7800081B26288201DFFF7E1FEA681268201205A
:10F7900070BD2DE9F041418987880026044600F1BB
:10F7A0002805B94219D004F10A0800BF21F400402D
:10F7B0002844418819B1404600F09FFA08E0637F71
:10F7C00000880833184481B262884046FFF7BEFEC5
:10F7D000761C6189B6B2B942E8D13046BDE8F08105
:10F7E0002DE9F04104460B4627892830A68827F4E6
:10F7F0000041B4F80A8001440D46B74201D100200F
:10F80000ECE70AB1481D106023B1627F691D1846FC
:10F81000FDF78FFD2E88698804F1080021B18A194F
:10F8200096B200F06AFA06E0637F6288083399199D
:10F8300089B2FFF78BFE474501D1208960813046B0
:10F84000CCE78188C088814201D101207047002027
:10F85000704701898088814201D1012070470020D2
:10F86000704770B58588C38800F1280425F40042EC
:10F8700023F4004114449D421AD08389058A5E19FD
:10F8800025886388EC18A64214D313B18B4211D398
:10F890000EE0437F08325C192244408892B2801AFD
:10F8A00080B22333984201D211B103E08A4201D1E0
:10F8B000002070BD012070BD2DE9F0478846C18849
:10F8C0000446008921F4004604F1280720F400458D
:10F8D00007EB060900F001FA002178BBB54204D914
:10F8E000627FA81B801A002503E06088627F801B6E
:10F8F000801A083823D4E28962B1B9F80020B9F837
:10F9000002303BB1E81A2177404518DBE0893844E2
:10F91000801A09E0801A217740450ADB607FE1897F
:10F920000830304439440844C01EA4F81280BDE8B1
:10F93000F087454503DB01202077E7E7FFE7618299
:10F940000020F4E72DE9F74F044600F12805C088B0
:10F95000884620F4004A608A05EB0A0608B1404553
:10F9600002D20020BDE8FE8FE08978B13788B6F872
:10F97000029007EB0901884200D0FFDF207F4FF0A3
:10F98000000B50EA090106D088B33BE00027A07FB6
:10F99000B9463071F2E7E18959B1607F29440830F6
:10F9A00050440844B4F81F1020F8031D94F82110A7
:10F9B0008170E28907EB080002EB0801E1813080E9
:10F9C000A6F802B002985F4650B1637F30880833D2
:10F9D000184481B26288A01DFFF7B8FDE78121E0DD
:10F9E000607FE18908305044294408442DE0FFE756
:10F9F000E089B4F81F102844C01B20F8031D94F8B8
:10FA00002110817009EB0800E28981B202EB080045
:10FA1000E081378071800298A0B1A01D00F06DF9DF
:10FA2000A4F80EB0A07F401CA077A07D08B1E088AC
:10FA3000A08284F816B000BFA4F812B084F817B002
:10FA400001208FE7E0892844C01B30F8031DA4F88B
:10FA50001F10807884F82100EEE710B5818800F14E
:10FA6000280321F400442344848AC288A14212D08E
:10FA7000914210D0818971B9826972B11046FFF745
:10FA8000E8FE50B91089283220F40040104419795A
:10FA90000079884201D1002010BD184610BD00F148
:10FAA0002803407F08300844C01E1060088808B949
:10FAB000DB1E136008884988084480B270472DE92E
:10FAC000F04100F12806407F1C460830904643185C
:10FAD00008884D88069ADB1EA0B1C01C80B29042F7
:10FAE00014D9801AA04200DB204687B298183A4603
:10FAF0004146FDF7F1FB002816D1E01B84B2B84463
:10FB0000002005E0ED1CADB2F61EE8E7101A80B249
:10FB10000119A94206D8304422464146BDE8F041C9
:10FB2000FDF7DABB4FF0FF3058E62DE9F04100F168
:10FB30002804407F1E460830904643180025088858
:10FB40004F88069ADB1E90B1C01C80B2904212D939
:10FB5000801AB04200DB304685B299182A464046EA
:10FB6000FDF7E7FB701B86B2A844002005E0FF1CF0
:10FB7000BFB2E41EEAE7101A80B28119B94206D872
:10FB8000211832464046FDF7D4FBA81985B2284615
:10FB900024E62DE9F04100F12804407F1E4608309C
:10FBA00090464318002508884F88069ADB1E90B1BE
:10FBB000C01C80B2904212D9801AB04200DB30469D
:10FBC00085B298182A464146FDF7B3FB701B86B2F2
:10FBD000A844002005E0FF1CBFB2E41EEAE7101AAB
:10FBE00080B28119B94206D8204432464146FDF719
:10FBF000A0FBA81985B22846F0E5401D704710B556
:10FC0000044600F12801C288808820F4004319448A
:10FC1000904206D0A28922B9228A12B9A28A9042C1
:10FC200001D1002010BD0888498831B1201D00F0A5
:10FC300064F800202082012010BD637F62880833B1
:10FC4000184481B2201DFFF781FCF2E70021C18139
:10FC500001774182C1758175704703881380C2891D
:10FC600042B1C28822F4004300F128021A440A601B
:10FC7000C08970470020704710B50446808AA0F5FF
:10FC80007F41FF3900D0FFDFE088A082E08900B12A
:10FC90000120A07510BD4FF6FF7181820021817592
:10FCA000704710B50446808AA0F57F41FF3900D126
:10FCB000FFDFA07D28B9A088A18A884201D1002059
:10FCC00010BD012010BD8188828A914201D1807DC2
:10FCD00008B1002070470120704720F4004221F451
:10FCE00000439A4207D100F4004001F400418842E9
:10FCF00001D0012070470020704730B504460088CD
:10FD00000D4620F40040A84200D2FFDF21884FF4C6
:10FD1000004088432843208030BD70B50C00054664
:10FD200009D0082C00D2FFDF1DB1A1B2286800F075
:10FD300044F8201D70BD0DB100202860002070BD6A
:10FD40000021026803E093881268194489B2002AEE
:10FD5000F9D100F032B870B500260D4604460829E6
:10FD600000D2FFDF206808B91EE0044620688188C1
:10FD7000A94202D001680029F7D181880646A9422C
:10FD800001D100680DE005F1080293B2002299420A
:10FD900009D32844491B02608180216809682160D9
:10FDA0000160206000E00026304670BD00230B603B
:10FDB0008A8002680A600160704700234360021D68
:10FDC000018102607047F0B50F46018840881546F2
:10FDD0000C181E46AC4200D3641B3044A84200D924
:10FDE000FFDFA019A84200D9FFDF3819F0BD2DE9C7
:10FDF000F041884606460188408815460C181F4683
:10FE0000AC4200D3641B3844A84200D9FFDFE0199C
:10FE1000A84200D9FFDF70883844708008EB0400E6
:10FE2000BDE8F0812DE9F041054600881E461746E1
:10FE3000841B8846BC4200D33C442C8068883044F4
:10FE4000B84200D9FFDFA019B84200D9FFDF6888A7
:10FE50003044688008EB0400E2E72DE9F0410688B1
:10FE60001D460446701980B2174688462080B84265
:10FE700001D3C01B20806088A84200D2FFDF701928
:10FE8000B84200D9FFDF6088401B608008EB0600A5
:10FE9000C6E730B50D460188CC18944200D3A41AA9
:10FEA0004088984200D8FFDF281930BD2DE9F04185
:10FEB000BF4D04469046A8780E46A04200D8FFDF0A
:10FEC00005EB8607786A50F8240000B1FFDFB868B8
:10FED000002816D0304600F032F90146B868FFF726
:10FEE0003AFF05000CD0786A072E40F8245000D362
:10FEF000FFDFB0484246294650F826302046984752
:10FF00002846BDE8F0812DE9F84305000C46009530
:10FF100024D00026E81C20F00300A84200D0FFDF18
:10FF2000DFF88C820027314688F8007088F801409D
:10FF300088F8024088F8034088F8044088F80540B3
:10FF400088F80640684600F003F900204246009910
:10FF5000C91C21F00301009116B10FE00126D9E779
:10FF600002EB80035962002106E000BFD3F824C0F1
:10FF70004CF82170491CC9B2A142F7D30099401C2A
:10FF800001EB8401C0B200910728E0D3481BBDE813
:10FF9000F88310B50446F1F774F908B1102010BDCC
:10FFA0002078834A618802EB800092780EE0436AF1
:10FFB00053F8213043B14A1C6280A180406A50F856
:10FFC0002100A060002010BD491C89B28A42EED8F1
:10FFD0006180052010BD70B505460C460846F1F756
:10FFE00050F908B1102070BD072D01D3072070BD56
:10FFF00025700020608070BD0EB56946FFF7EBFFED
:020000040001F9
:1000000000B1FFDF6846FFF7C4FF08B100200EBD56
:1000100001200EBD10B50446072800D3FFDF644859
:10002000005D10BD3EB5054600246946FFF7D3FFCD
:1000300018B1FFDF01E0641CE4B26846FFF7A9FFD6
:100040000028F8D02846FFF7E5FF001BC0B23EBDF0
:1000500057498978814201D9C0B27047FF20704763
:100060002DE9F04106291BD1514C00273B464FF6A4
:10007000FF7604EB810514F801C00AE0DC19D5F81D
:1000800024E0A4B25EF824E0BEF1000F04D05B1CB3
:100090009BB29C45F2D8344604802046B44201D13C
:1000A00000202EE7BDE8F04100E7A0F57F43FF3BCD
:1000B00001D0072901D300207047F7E6A0F57F4261
:1000C000FF3A0BD0072909D2394A9378834205D9E0
:1000D00002EB8101496A51F8200070470020704707
:1000E0002DE9F04104460D46A4F57F4143F202009C
:1000F000FF3902D0072D01D3072002E72C494FF02A
:1001000000088A78A242F8D901EB8506726A52F893
:100110002470002FF1D0274839461C3050F8252094
:1001200020469047716A284641F8248000F007F87D
:1001300002463946B068FFF739FE0020E1E61D4966
:10014000383131F810004FF6FC71C01C0840704780
:100150002DE9F843164E8846054600242868C01C41
:1001600020F0030028602046FFF7E9FF315D484397
:10017000B8F1000F01D0002200E02A680146009289
:1001800032B100274FEA0D00FFF7C7FD1FB106E0AF
:1001900001270020F8E706EB8401009A8A602968AD
:1001A000641C0844E4B22860072CD7D3EFE60000B3
:1001B000AC060020D4B1010070B50E461D461146B4
:1001C00000F0D5F804462946304600F0D9F820441E
:1001D000001D70BD2DE9F04190460D4604004FF022
:1001E000000610D00027E01C20F00300A04200D041
:1001F000FFDFE5B141460020FFF78FFD0C3000EB3B
:10020000850617B113E00127EDE7624F04F10C00FA
:10021000AA003C602572606000EB85002060002130
:100220006068FDF7B0F841463868FFF776FD304664
:10023000BDE8F0812DE9FF4F564C804681B0206823
:100240009A46934600B9FFDF2068027A424503D9F7
:10025000416851F8280020B143F2020005B0BDE822
:10026000F08F5146029800F082F886B258460E99F7
:1002700000F086F885B27019001D87B22068A1468B
:1002800039460068FFF767FD04001FD067802580AE
:100290002946201D0E9D07465A4601230095FFF76B
:1002A00077F92088314638440123029ACDF800A01E
:1002B000FFF76EF92088C1193846FFF79AF9D9F887
:1002C00000004168002041F82840C7E70420C5E746
:1002D00070B5304C0546206800B9FFDF2068017A10
:1002E000A9420ED9426852F8251051B1002342F8B4
:1002F00025304A880068FFF759FD216800200A7AF6
:1003000008E043F2020070BD4B6853F8203033B967
:10031000401CC0B28242F7D80868FFF711FD0020E8
:1003200070BD70B51B4E05460024306800B9FFDF74
:100330003068017AA94204D9406850F8250000B11C
:10034000041D204670BD70B5124E0546002430686D
:1003500000B9FFDF3068017AA94206D9406850F839
:10036000251011B131F8040B4418204670BD10B5AA
:100370000A460121FFF705F9C01C20F0030010BD5B
:1003800010B50A460121FFF7FCF8C01C20F003005D
:1003900010BD00007C00002070B50446C2F11005BD
:1003A0002819FCF7C6FF15F0FF0109D0491ECAB293
:1003B0008020A0542046BDE870400021FCF7E3BF38
:1003C00070BD30B505E05B1EDBB2CC5CD55C6C402B
:1003D000C454002BF7D130BD10B5002409E00B78D0
:1003E000521E44EA430300F8013B11F8013BD2B22C
:1003F000DC09002AF3D110BD2DE9F04389B01E4677
:10040000DDE9107990460D00044622D002460846E8
:10041000F949FEF71EFB102221463846FFF7DCFFA4
:10042000E07B000606D5F44A394610231032084610
:10043000FFF7C7FF102239464846FFF7CDFFF87B8C
:10044000000606D5EC4A4946102310320846FFF74D
:10045000B8FF102200212046FCF795FF0DE0103E6A
:10046000B6B208EB0601102322466846FFF7A9FF43
:10047000224628466946FEF7ECFA102EEFD818D02F
:10048000F2B241466846FFF787FF10234A466946A5
:1004900004A8FFF796FF1023224604A96846FFF739
:1004A00090FF224628466946FEF7D3FA09B0BDE818
:1004B000F08310233A464146EAE770B59CB01E46E9
:1004C0000546134620980C468DF808002022194650
:1004D0000DF10900FCF72DFF202221460DF1290026
:1004E000FCF727FF17A913A8CDE90001412302AAB1
:1004F00031462846FFF780FF1CB070BD2DE9FF4F45
:100500009FB014AEDDE92D5410AFBB49CDE90076A4
:10051000202320311AA8FFF76FFF4FF000088DF855
:1005200008804FF001098DF8099054F8010FCDF8BB
:100530000A00A088ADF80E0014F8010C1022C0F3D8
:1005400040008DF8100055F8010FCDF81100A88873
:10055000ADF8150015F8010C2C99C0F340008DF88A
:10056000170006A88246FCF7E4FE0AA8834610227C
:100570002299FCF7DEFEA0483523083802AA40681D
:100580008DF83C80CDE900760E901AA91F98FFF7F0
:1005900033FF8DF808808DF809902068CDF80A00A7
:1005A000A088ADF80E0014F8010C1022C0F3400032
:1005B0008DF810002868CDF81100A888ADF8150056
:1005C00015F8010C2C99C0F340008DF81700504627
:1005D000FCF7AFFE584610222299FCF7AAFE864887
:1005E0003523083802AA40688DF83C90CDE90076A2
:1005F0000E901AA92098FFF7FFFE23B0BDE8F08FF8
:10060000F0B59BB00C460546DDE922101E461746A4
:10061000DDE92032D0F801C0CDF808C0B0F805C03F
:10062000ADF80CC00078C0F340008DF80E00D1F892
:100630000100CDF80F00B1F80500ADF813000878FF
:100640001946C0F340008DF815001088ADF816006B
:1006500090788DF818000DF119001022FCF769FE52
:100660000DF1290010223146FCF763FE0DF139002F
:1006700010223946FCF75DFE17A913A8CDE9000149
:10068000412302AA21462846FFF7B6FE1BB0F0BD63
:10069000F0B5A3B017460D4604461E46102202A828
:1006A0002899FCF746FE06A820223946FCF741FEB1
:1006B0000EA820222946FCF73CFE1EA91AA8CDE967
:1006C0000001502302AA314616A8FFF795FE16989E
:1006D000206023B0F0BDF0B589B00446DDE90E0717
:1006E0000D463978109EC1F340018DF80010317825
:1006F0009446C1F340018DF801101968CDF802103D
:100700009988ADF8061099798DF808100168CDF830
:1007100009108188ADF80D1080798DF80F00102335
:100720006A46614604A8FFF74CFE2246284604A903
:10073000FEF78FF9D6F801000090B6F80500ADF885
:100740000400D7F80100CDF80600B7F80500ADF8B1
:100750000A000020039010236A46214604A8FFF7F0
:1007600030FE2246284604A9FEF773F909B0F0BD11
:100770001FB51C6800945B6801931368029352686C
:100780000392024608466946FEF763F91FBD10B59D
:1007900088B00446106804905068059000200690C8
:1007A000079008466A4604A9FEF753F9BDF8000011
:1007B000208008B010BD1FB51288ADF800201A883F
:1007C000ADF80220002201920292039202460846EE
:1007D0006946FEF73EF91FBD7FB5074B1446054637
:1007E000083B9A1C6846FFF7E6FF22466946284602
:1007F000FFF7CDFF7FBD000022B2010070B50446B7
:1008000000780E46012813D0052802D0092813D1FC
:100810000EE0A06861690578042003F07FFA052DD9
:100820000AD0782300220420616903F0CDF903E0A7
:100830000420616903F072FA31462046BDE8704039
:1008400001F08AB810B500F12D03C2799C78411DE2
:10085000144064F30102C271D2070DD04A795C7969
:1008600022404A710A791B791A400A718278C97844
:100870008A4200D9817010BD00224A71F5E74178A3
:10088000012900D00C21017070472DE9F04F93B081
:100890004FF0000B0C690D468DF820B00978012649
:1008A0000C2017464FF00D084FF0110A4FF00809C1
:1008B0001B2975D2DFE811F01B00C40207031F03D8
:1008C0005E037103A303B803F9031A0462049504D9
:1008D000A204EF042D05370555056005F30536061E
:1008E000390668068406FE062207EB06F00614B1F8
:1008F00020781D282AD0D5F808805FEA08004FD05C
:1009000001208DF82000686A02220D908DF82420C5
:100910000A208DF82500A8690A90A8880028EED042
:1009200098F8001091B10F2910D27DD2DFE801F0C4
:100930007C1349DEFCFBFAF9F8F738089CF6F50061
:1009400002282DD124B120780C2801D00026F0E314
:100950008DF82020CBE10420696A03F0DFF9A88834
:100960000728EED1204600F0F2FF022809D02046E9
:1009700000F0EDFF032807D9204600F0E8FF072824
:1009800002D20120207004E0002CB8D02078012889
:10099000D7D198F80400C11F0A2902D30A2061E0C8
:1009A000C4E1A070D8F80010E162B8F80410218604
:1009B00098F8060084F83200012028700320207087
:1009C00044E00728BDD1002C99D020780D28B8D15B
:1009D00098F8031094F82F20C1F3C000C2F3C002AE
:1009E000104201D0062000E00720890707D198F8BF
:1009F00005100142D2D198F806100142CED194F8E8
:100A0000312098F8051020EA02021142C6D194F86C
:100A1000322098F8061090430142BFD198F80400A4
:100A2000C11F0A29BAD200E008E2617D81427CD868
:100A3000D8F800106160B8F80410218198F8060019
:100A4000A072012028700E20207003208DF8200055
:100A5000686A0D9004F12D000990601D0A900F3016
:100A60000B9022E12875FCE3412891D1204600F04B
:100A70006EFF042802D1E078C00704D1204600F0C0
:100A800066FF0F2884D1A88CD5F80C8080B24FF077
:100A9000400BE669FFF745FC324641465B464E4651
:100AA000CDF80090FFF741F80B208DF82000686A20
:100AB0000D90E0690990002108A8FFF79FFE2078BB
:100AC000042806D0A07D58B1012809D003280AD0F7
:100AD0004AE305202070032028708DF82060CEE1C5
:100AE00084F800A032E712202070EAE11128BCD17E
:100AF000204600F02CFF042802D1E078C00719D06E
:100B0000204600F024FF062805D1E078C00711D167
:100B1000A07D02280ED0204608E0CCE084E072E1FF
:100B200051E124E103E1E9E019E0B0E100F00FFF59
:100B300011289AD1102208F1010104F13C00FCF7C0
:100B4000F8FB607801286ED012202070E078C00792
:100B500060D0A07D0028C8D00128C6D05AE0112856
:100B600090D1204600F0F3FE082804D0204600F083
:100B7000EEFE132886D104F16C00102208F1010169
:100B80000646FCF7D6FB207808280DD014202070EC
:100B9000E178C8070DD0A07D02280AD06278022A29
:100BA00004D00328A1D035E00920F0E708B10128DE
:100BB00037D1C80713D0A07D02281DD00020009097
:100BC000D4E9062133460EA8FFF777FC10220EA9C0
:100BD00004F13C00FCF780FBC8B1042042E7D4E9F3
:100BE0000912201D8DE8070004F12C0332460EA8DF
:100BF000616BFFF770FDE9E7606BC1F34401491ECB
:100C00000068C84000F0010040F08000D7E720787D
:100C1000092806D185F800908DF8209036E32870D9
:100C2000EFE30920FBE79EE1112899D1204600F06F
:100C30008EFE0A2802D1E078C00704D1204600F0D9
:100C400086FE15288CD104F13C00102208F1010128
:100C50000646FCF76EFB20780A2816D01620207076
:100C6000D4E90932606B611D8DE80F0004F15C036B
:100C700004F16C0247310EA8FFF7C2FC10220EA946
:100C80003046FCF729FB18B1F9E20B20207073E223
:100C90002046FFF7D7FDA078216AC0F110020B189B
:100CA00000211846FCF76FFB26E3394608A8FFF73A
:100CB000A5FD06463CE20228B7D1204600F047FEDB
:100CC000042804D3204600F042FE082809D3204619
:100CD00000F03DFE0E2829D3204600F038FE1228F1
:100CE00024D2A07D0228A0D10E208DF82000686AB1
:100CF0000D9098F801008DF82400F5E3022894D1B6
:100D0000204600F024FE002810D0204600F01FFEF0
:100D10000128F9D0204600F01AFE0C28F4D0042057
:100D20008DF8240098F801008DF8250060E2112864
:100D3000FCD1002CFAD020781728F7D16178606AAE
:100D4000022912D05FF0000101EB4101182606EBE9
:100D5000C1011022405808F10101FCF7EAFA042011
:100D6000696A00F0E7FD2670F0E50121ECE70B2849
:100D7000DCD1002CDAD020781828D7D16078616ACD
:100D800002281CD05FF0000000EB4002102000EBB6
:100D9000C2000958B8F8010008806078616A02282A
:100DA0000FD0002000EB4002142000EBC2000958D5
:100DB000404650F8032F0A604068486039E001203F
:100DC000E2E70120EEE71128B0D1002CAED0207868
:100DD0001928ABD16178606A022912D05FF0000156
:100DE00001EB41011C2202EBC1011022405808F125
:100DF0000101FCF79EFA0420696A00F09BFD1A20AD
:100E0000B6E00121ECE7082890D1002C8ED02078A4
:100E10001A288BD1606A98F80120017862F34701A3
:100E20000170616AD8F8022041F8012FB8F8060075
:100E300088800420696A00F07DFD90E2072011E6B9
:100E40003878012894D1182204F114007968FCF74D
:100E500070FAE079C10894F82F0001EAD001E07837
:100E600061F30000E070217D002974D1217803290D
:100E700009D0C00725D0032028708DF82090686A1B
:100E80000D90412008E3607DA178884201D90620B9
:100E9000E8E502262671E179204621F0E001E171C2
:100EA000617A21F0F0016172A17A21F0F001A17262
:100EB000FFF7C8FC2E708DF82090686A0D9007200F
:100EC000EAE20420ABE6387805289DD18DF82000B1
:100ED000686A0D90B8680A900720ADF824000A9857
:100EE0008DF830B06168016021898180A17A8171BB
:100EF00004202070F8E23978052985D18DF820107A
:100F0000696A0D91391D09AE0EC986E80E004121AE
:100F1000ADF824108DF830B01070A88CD7F80C8084
:100F200080B24026A769FFF70EFA41463A4633469B
:100F3000C846CDF80090FEF72CFE002108A8FFF768
:100F40005DFCE07820F03E00801CE07020780528F1
:100F500002D00F200CE04AE1A07D20B1012802D090
:100F6000032802D002E10720BEE584F80080EDE40A
:100F70002070EBE4102104F15C0002F0E8FB606BF0
:100F8000B0BBA07D18B1012801D00520FDE00620EE
:100F90002870F8486063A063C2E23878022894D1D0
:100FA000387908B12875B7E3A07D022802D003285C
:100FB00005D022E0B8680028F5D060631CE06078B6
:100FC000012806D0A07994F82E10012805D0E94810
:100FD00006E0A17994F82E00F7E7B8680028E2D07F
:100FE0006063E078C00701D0012902D0E14803E046
:100FF00003E0F8680028D6D0A06306200FE68DF83D
:101000002090696A0D91E1784846C90709D0617856
:10101000022903D1A17D29B1012903D0A17D032992
:1010200000D00720287033E138780528BBD120781C
:1010300007281ED084F800A005208DF82000686ADB
:101040000D90B8680A90ADF824A08DF830B0032157
:101050000170E178CA070FD0A27D022A1AD00021C0
:101060000091D4E9061204F15C03401CFFF725FA55
:101070006BE384F80090DFE7D4E90923211D8DE8B4
:101080000E0004F12C0304F15C02401C616BFFF7BD
:1010900022FB5AE3626BC1F34401491E1268CA4045
:1010A00002F0010141F08001DAE738780528BDD16E
:1010B0008DF82000686A0D90B8680A90ADF824A0F9
:1010C0008DF830B0042100F8011B102204F15C01FE
:1010D000FCF72FF9002108A8FFF790FB20780928DA
:1010E00001D0132044E70A2020709AE5E078C10778
:1010F00042D0A17D012902D0022927D038E06178B1
:1011000008A8012916D004F16C010091D4E9061257
:1011100004F15C03001DFFF7BBFA0A2028700326C8
:101120008DF82080686A0D90002108A8FFF766FB03
:10113000E1E2C7E204F15C010091D4E9062104F187
:101140006C03001DFFF7A4FA0026E9E7C0F3440191
:1011500014290DD24FF0006101EBB0104FEAB060DE
:10116000E0706078012801D01020BDE40620FFE681
:10117000607801283FF4B6AC0A2050E5E178C90751
:1011800008D0A17D012903D10B202870042030E074
:1011900028702EE00E2028706078616B012818D02E
:1011A00004F15C0304F16C020EA8FFF7E1FA20469B
:1011B000FFF748FBA0780EAEC0F1100230440021CA
:1011C000FCF7E1F806208DF82000686A09960D907A
:1011D0009BE004F16C0304F15C020EA8FFF7C8FA6F
:1011E000E8E73978022903D139790029D0D0297567
:1011F00092E28DF82000686A0D9056E5387807284D
:10120000F6D1D4E909216078012808D004F16C00F6
:10121000CDE90002029105D104F16C0304E004F170
:101220005C00F5E704F15C0304F14C007A680646C3
:10123000216AFFF763F96078012822D1A078216A3A
:10124000C0F110020B1800211846FCF79CF8D4E9F5
:101250000923606B04F12D018DE80F0004F15C039C
:1012600000E05BE204F16C0231460EA8FFF7C8F91A
:1012700010220EA904F13C00FCF72EF808B10B2057
:10128000ACE485F8008000BF8DF82090686A0D906E
:101290008DF824A009E538780528A9D18DF820001B
:1012A000686A0D90B8680A90ADF824A08DF830B047
:1012B00080F80080617801291AD0D4E9092104F16D
:1012C0002D03A66B03910096CDE9013204F16C0366
:1012D00004F15C0204F14C01401CFFF791F900217C
:1012E00008A8FFF78BFA6078012805D015203FE6A3
:1012F000D4E90912631DE4E70E20287006208DF85A
:101300002000686ACDF824B00D90A0788DF82800F0
:10131000CBE438780328C0D1E079C00770D00F2023
:101320002870072065E7387804286BD11422391D0E
:1013300004F11400FBF7FDFF616A208CA1F809009D
:10134000616AA078C871E179626A01F003011172E3
:10135000616A627A0A73616AA07A81F824001620B1
:101360005DE485F800A08DF82090696A50460D91E3
:1013700092E0000022B201003878052842D1B86816
:10138000A8616178606A022901D0012100E0002192
:1013900001EB4101142606EBC1014058082102F07F
:1013A000D6F96178606A022901D0012100E00021AC
:1013B00001EB410106EBC101425802A8E169FFF7C8
:1013C0000BFA6078626A022801D0012000E0002058
:1013D00000EB4001102000EBC1000223105802A9CD
:1013E0000932FEF7EEFF626AFD4B0EA80932A169D1
:1013F000FFF7E1F96178606A022904D0012103E076
:1014000044E18DE0BFE0002101EB4101182606EB2D
:10141000C101A27840580EA9FBF78BFF6178606A82
:10142000022901D0012100E0002101EB410106EB7E
:10143000C1014158A0780B18C0F1100200211846D4
:10144000FBF7A1FF05208DF82000686A0D90A869C0
:101450000A90ADF824A08DF830B0062101706278B2
:10146000616A022A01D0012200E0002202EB42025E
:1014700006EBC202401C89581022FBF75AFF0021DC
:1014800008A8FFF7BBF91220C5F818B028708DF82E
:101490002090686A0D900B208DF8240005E43878C0
:1014A000052870D18DF82000686A0D90B8680A9000
:1014B0000B20ADF824000A98072101706178626A58
:1014C000022901D0012100E0002101EB410310219C
:1014D00001EBC30151580988A0F801106178626AD4
:1014E000022902D0012101E02FE1002101EB41039B
:1014F000142101EBC30151580A6840F8032F4968D1
:10150000416059E01920287001208DF8300074E600
:10151000162028708DF830B0002108A8FFF76EF96A
:10152000032617E114202870AEE6387805282AD162
:101530008DF82000686A0D90B8680A90ADF824A074
:101540008DF830B080F800906278616A4E46022AC9
:1015500001D0012200E0002202EB42021C2303EB37
:10156000C202401C89581022FBF7E3FE002108A8A4
:10157000FFF744F9152028708DF82060686A0D90F7
:101580008DF8246039E680E0387805287DD18DF823
:101590002000686A0D90B8680A90ADF8249009217F
:1015A00001706169097849084170616951F8012F3A
:1015B000C0F802208988C18020781C28A8D1A1E722
:1015C000E078C00702D04FF0060C01E04FF0070CA6
:1015D000607802280AD000BF4FF0000000EB040141
:1015E00001F1090105D04FF0010004E04FF00100C6
:1015F000F4E74FF000000B78204413EA0C030B7063
:1016000010F8092F02EA0C02027004D14FF01B0CF3
:1016100084F800C0D2B394F801C0BCF1010F00D02F
:101620009BB990F800C0E0465FEACC7C04D028F07B
:1016300001060670102606E05FEA887C05D528F0D2
:101640000206067013262E70032694F801C0BCF122
:10165000020F00D092B991F800C05FEACC7804D0B4
:101660002CF001060E70172106E05FEA8C7805D594
:101670002CF002060E701921217000260078D0BBD4
:10168000CAB3C3BB1C20207035E012E002E03878FA
:10169000062841D11A2015E4207801283CD00C28D6
:1016A0003AD02046FFF7EBF809208DF82000686A51
:1016B0000D9031E03878052805D0062038700326D3
:1016C0001820287046E005208DF82000696A0D91E9
:1016D000B9680A910221ADF8241001218DF830106B
:1016E0000A990870287D4870394608A8FFF786F8DF
:1016F000064618202870012E0ED02BE001208DF810
:101700002000686A0D9003208DF82400287D8DF854
:10171000250085F814B012E0287D80B11D202070CE
:10172000172028708DF82090686A0D9002208DF89F
:101730002400394608A8FFF761F806460AE00CB114
:10174000FE2020709DF8200020B1002108A8FFF79E
:1017500055F80CE413B03046BDE8F08F2DE9F043A6
:1017600087B00C464E6900218DF8041001202578C1
:10177000034602274FF007094FF0050C85B1012DF4
:1017800053D0022D39D1FE2030708DF80030606AC0
:10179000059003208DF80400207E8DF8050063E09D
:1017A0002179012925D002292DD0032928D0042907
:1017B00023D1B17D022920D131780D1F042D04D30E
:1017C0000A3D032D01D31D2917D12189022914D3E4
:1017D0008DF80470237020899DF80410884201E080
:1017E0001AB2010018D208208DF80000606A059036
:1017F00057E070780128EBD0052007B0BDE8F083F2
:101800001D203070E4E771780229F5D131780C2978
:10181000F3D18DF80490DDE7083402F804CB94E8A6
:101820000B0082E80B000320E7E71578052DE4D1D3
:101830008DF800C0656A0595956802958DF81010C1
:1018400094F80480B8F1010F13D0B8F1020F2DD035
:10185000B8F1030F1CD0B8F1040FCED1ADF804706D
:101860000E202870207E687000216846FEF7C6FFB3
:101870000CE0ADF804700B202870207E002100F0F1
:101880001F0068706846FEF7B9FF37700020B4E7A4
:10189000ADF804708DF8103085F800C0207E6870B7
:1018A000277011466846FEF7A9FFA6E7ADF8049039
:1018B0002B70207F6870607F00F00100A870A07F0F
:1018C00000F01F00E870E27F2A71C0071CD094F876
:1018D000200000F00700687194F8210000F0070074
:1018E000A87100216846FEF789FF2868F062A88881
:1018F0003086A87986F83200A0694078707528791A
:10190000B0700D203070C1E7A9716971E9E700B5C9
:1019100087B004280CD101208DF800008DF8040058
:10192000002005918DF8050001466846FEF766FF28
:1019300007B000BD70B50C46054602F0EFF9214630
:101940002846BDE870407823002202F03DB908B176
:10195000007870470C20704770B50C0005784FF088
:1019600000010CD021702146F1F757FC694821781D
:10197000405D884201D1032070BD022070BDF1F7A7
:101980004CFC002070BD0279012A05D000220A70AB
:101990004B78012B02D003E0042070470A758A615E
:1019A00002799300521C0271C15003207047F0B5B8
:1019B00087B00F4605460124287905EB800050F8D2
:1019C000046C7078411E02290AD252493A460839FD
:1019D00001EB8000314650F8043C28469847044605
:1019E0000CB1012C11D12879401E10F0FF00287194
:1019F00001D00324E0E70A208DF80000706A05900A
:101A0000002101966846FFF7A7FF032CD4D007B04A
:101A10002046F0BD70B515460A46044629461046D4
:101A2000FFF7C5FF064674B12078FE280BD1207C55
:101A300030B100202870294604F10C00FFF7B7FFF1
:101A40002046FEF71CFF304670BD704770B50E464D
:101A500004467C220021FBF796FC0225012E03D0D0
:101A6000022E04D0052070BD0120607000E065707A
:101A70002046FEF704FFA575002070BD28B1027C4A
:101A80001AB10A4600F10C01C4E70120704710B5F5
:101A9000044686B0042002F041F92078FE2806D0E2
:101AA00000208DF8000069462046FFF7E7FF06B0EA
:101AB00010BD7CB50E4600218DF804104178012937
:101AC00003D0022903D0002405E0046900E0446942
:101AD0000CB1217C89B16D4601462846FFF753FFC2
:101AE000032809D1324629462046FFF793FF9DF887
:101AF0000410002900D004207CBD04F10C05EBE7A4
:101B000030B40C460146034A204630BC024B0C3A26
:101B1000FEF751BE60B201001AB2010070B50D4669
:101B2000040012D08DB1220100212846FBF72BFCC6
:101B3000102255492846FBF7FCFB53480121083881
:101B4000018044804560002070BD012070BD70B5EB
:101B50004D4E00240546083E10E07068AA7B00EB5D
:101B60000410817B914208D1C17BEA7B914204D170
:101B70000C222946FBF7B0FB30B1641C308884424C
:101B8000EBDB4FF0FF3070BD204670BD70B50D46E9
:101B9000060006D02DB1FFF7DAFF002803DB401C5A
:101BA00014E0102070BD384C083C20886288411C2D
:101BB000914201D9042070BD6168102201EB001030
:101BC0003146FBF7B6FB2088401C2080287000209F
:101BD00070BD2D480838008870472B49083908889F
:101BE000012802D0401E08800020704770B51446BE
:101BF0000D0018D0BCB10021A170022802D010281D
:101C000011D105E0288870B10121A170108008E091
:101C10002846FFF79CFF002805DB401CA070A88920
:101C20002080002070BD012070BD70B505461446AF
:101C30000E000BD000203070A878012808D005D9FC
:101C40001149A1F108010A8890420AD9012070BD0A
:101C500024B1287820702888000A5070022008706B
:101C60000FE064B14968102201EB001120461039E1
:101C7000FBF75FFB287820732888000A6073102028
:101C80003070002070BD0000880000202DE9F04178
:101C900090460C4607460025C2EB4811FE48072F28
:101CA00000EB410607D2DFE807F007070707040447
:101CB0000400012500E0FFDF06F81470002D13D0AA
:101CC000F5487C3000EB880191F827001F2803D0ED
:101CD00006EB4000447001E081F8264006EB440228
:101CE0001F20507081F82740BDE8F081F0B51F46F5
:101CF00014460E4605461F2A00D1FFDFE648C7EB13
:101D0000471100EB410CE4490CEB44007C3101EB42
:101D100087021F2E07D00CEB460140784B784870A5
:101D200018461F210AE092F82530407882F82500F5
:101D3000F6E701460CEB410005704078A142F8D16E
:101D400092F827401F2C03D00CEB4404637001E091
:101D500082F826300CEB41041F23637082F82710B1
:101D6000F0BD30B50D46CD4B44190022181A72EB68
:101D7000020100D2FFDFCA48854200DDFFDFC8480C
:101D80004042854200DAFFDFC448401C844207DA43
:101D9000002C01DB204630BDC048401C201830BD5F
:101DA000BE48C043FAE710B504460168407ABD4A10
:101DB00052F82020114450B10220084420F07F4006
:101DC000F8F759FD94F90810BDE81040C9E7042060
:101DD000F3E72DE9F047B04E7C3696F82D50DFF84A
:101DE000B89206EB850090F8264036E0C5EB451129
:101DF00009EB41074FF0070817F81400012806D037
:101E000004282ED005282ED0062800D0FFDF01F0B0
:101E100045F9014607EB4400427806EB850080F85F
:101E2000262090F82720A24202D11F2280F82720E6
:101E3000084601F03EF92A4621460120FFF726FF19
:101E40009948414600EB041002682046904796F8F6
:101E50002D5006EB850090F826401F2CC6D1BDE81A
:101E6000F087022000E003208046D0E710B58A4CBE
:101E70001F217C3484F8251084F8261084F827105C
:101E8000002084F8280084F82D0084F82E10411ECC
:101E9000A16044F8100B2074607420736073A07309
:101EA0008249E07720750870487000217A4A103C1A
:101EB00002F81100491CC9B21F29F9D30120F8F713
:101EC000CAFB0020F8F7C7FB012084F82200F9F7CD
:101ED00037F87748F9F749F8744CA41E2070754814
:101EE000F9F743F86070BDE81040F8F741BB10B552
:101EF000F8F763FB6D4CA41E2078F9F74FF8607873
:101F0000F9F74CF8BDE8104001F000B91F20704708
:101F10000020F8F779BB70B5054601240E46AC40A9
:101F20005AB1FFF7F5FF0146634800EBC500C0F862
:101F30001015C0F81465614801E06048001D046098
:101F400070BD2DE9F34F544D00247C3505EB810A1B
:101F500089B09AF825001F2823D0611E02915249AA
:101F6000009401EB0017391D03AB07C983E8070094
:101F700005F11400A0460189ADF81C10807A8DF897
:101F80001E009DF81500C8B10226464951F82040B0
:101F90000399A219114421F07F41019184B10221DA
:101FA0000FE00120F8F757FB0020F8F754FBF8F793
:101FB00022FB01F0ABF885F82F40A9E00426E4E706
:101FC00000218DF81810022801D0012820D1039893
:101FD00001190998081A801C9DF81C1020F07F40F8
:101FE00001B10221353181420BD203208DF8150059
:101FF0000398C4F13201401A20F07F40322403904C
:102000000CE095F8240018B901F063FA002863D0B9
:10201000322C03D214B101F06DF801E001F076F832
:10202000224A107818B393465278039B121B002162
:102030009DF81840994601281AD0032818D000208E
:102040008DF81E00002A04DD981A039001208DF8F7
:1020500018009DF81C0000B102210398184A20F0D6
:102060007F40039003AB099801F05CF810B110E0D9
:102070000120E5E79DF81D0018B99BF80000032832
:1020800029D08DF81C80CDF80C908DF818408DF873
:102090001E809DF8180015E0DC080020FF7F841EDC
:1020A0000020A10770B20100EC0600209A00002079
:1020B000773A0100D31D010000F0014004F5014012
:1020C000FFFF3F0058B103980123811900221846F1
:1020D000F8F714FB06E000200BB0BDE8F08F0120FC
:1020E000F8F7B9FA97F90C20012300200199F8F7C5
:1020F00005FBF87BC00701D0F8F7E9FB012085F864
:102100002F008AF8288020226946FE48FBF711F943
:102110000120E1E72DE9F05FDFF8E883064608EBF0
:10212000860090F825501F2D21D0A8F17C01C6EB28
:1021300046102C4601EB4007A1F5F879DFF8C8B34B
:1021400005E0A24607EB4A0044781F2C0AD0F8F7B6
:1021500020FB09EB04135A4601211B1D00F0E2FF8E
:102160000028EED0AC4202D0334652461EE0E7488B
:1021700008B1AFF30080F8F70CFB98F82F206AB194
:10218000D8F80C20411C891A0902CA1701EB126108
:102190000912002902DD0020BDE8F09F3146FFF75B
:1021A000D0FE08B10120F7E733462A461F2104205C
:1021B000FFF79CFDEFE72DE9F041D24C2569F8F7D8
:1021C000E8FA401B0002C11700EB1160001200D4B6
:1021D000FFDF94F8220000B1FFDF012784F82270AE
:1021E00094F82E001F2800D1FFDF94F82E601F20E6
:1021F00084F82E00002584F82F5084F8205084F8AD
:102200002150C34825600078022835D0032833D0F8
:1022100000202077A068401C05D04FF0FF30A06060
:102220000120F8F718FA0020F8F715FAF8F711FB73
:10223000F8F709FBF8F7DFF908F0C6F8B5480560CC
:1022400005604FF0E0214FF40040B846C1F880022D
:10225000F0F7B5FE94F82D703846FFF75BFF0028C5
:10226000FAD0A849C7EB47107C3901EB400010F8C1
:102270001600022802D006E00120CAE73A4631469D
:102280000620FFF703FD84F8238004EB870090F815
:1022900026001F2804D09E48801E4078F8F784FE50
:1022A000207F002803D0F8F7C4FA257765771BE56F
:1022B000944910B591F82D20924B0024C2EB4211A5
:1022C0007C3B03EB410100BF11F814302BB1641CBF
:1022D000E4B21F2CF8D31F2010BD8F4901EB04116D
:1022E00008600020C87321460120FFF7CFFC20467C
:1022F00010BD10B5012801D0032800D181B3814A57
:1023000092F82D307F4C0022C3EB43137C3C04EB4E
:10231000430300BF13F812400CB1082010BD521C3B
:10232000D2B21F2AF6D37A4A48B1022807D0072929
:1023300017D2DFE801F01606080A0C0E1000002183
:102340000AE01B2108E03A2106E0582104E0772149
:1023500002E0962100E0B52151701070002010BD00
:10236000FFE70720FBE76A4810B54078F8F783FAE3
:1023700080B2F4E710B51F2815D2624991F82D20DC
:10238000C2EB4213A1F17C0202EB430414F81030BB
:102390004BB191F82D30C3EB431302EB430212F81B
:1023A0001020012A01D00020D9E791F82D20014604
:1023B0000020FFF76BFC0120D1E710B5F8F7E9F931
:1023C000BDE81040F8F757BA2DE9F0410E464D4FE1
:1023D00001781F257C3FC3EB43130C4607EB4303F7
:1023E00003E0254603EB45046478944202D01F2C99
:1023F000F7D108E01F2C06D0A14206D103EB410122
:102400004978017007E000206EE403EB440003EB21
:10241000450140784870414F7EB127B1002140F21C
:102420002D40AFF300803078A04206D127B10021C3
:102430004FF48660AFF30080357027B1002140F281
:102440003540AFF3008001204EE410B542680B68C0
:102450009A1A1202D41702EB1462121216D4497A95
:1024600091B1427A82B92E4A006852F8211012685E
:1024700019441044001D891C081A0002C11700EB02
:1024800011600012322801DB012068E7002066E7B6
:102490002DE9F0478146204EC1EB411006F5F87159
:1024A0009846144601EB400713E000BF06EB041505
:1024B000291D4846FFF7C9FF68B988F80040A97B85
:1024C00099F80A00814201D80020C8E407EB4400D3
:1024D00044781F2CEAD10120C1E42DE9F04782465F
:1024E00008480E4600EB8600DFF82C8090F8254067
:1024F0001F201070C1EB46109946154608F5F8717B
:1025000010E0000058090020FFFF3F00000000001D
:102510009A00002000F50040EC06002000000000BA
:1025200070B2010001EB40070BE000BF08EB0410A4
:102530005146001DFFF789FF28B107EB44002C70BE
:1025400044781F2CF2D1297889F800104B46224696
:1025500031465046BDE8F0479AE72DE9FC410E466A
:1025600007460024FE4D08E09DF8000005EB001032
:102570008168384600F0EAFD01246B4601AA314625
:102580003846FFF7AAFF0028EED02046BDE8FC81C0
:1025900070B50446C0EB44110125F248A54300EB99
:1025A0004101C5EB451200EB42003E22FAF7C1FEA5
:1025B000ED4E26B100214FF49360AFF30080E9485F
:1025C0007C3000EB850100EB8400D0F82500C1F8D9
:1025D000250026B1002140F29C40AFF30080284640
:1025E00070BD8A4203D003460520FFF77FBB1F2939
:1025F00008D0DC4AC0EB401002EB400000EB410089
:1026000040787047D7497C3101EB800090F8250075
:102610007047D34901EB0010001DFFF7C4BB7CB528
:102620001D46134604460E4600F108022146184690
:10263000F8F72EF994F908000F2804DD1F382072EE
:102640002068401C206096B10220C84951F826102D
:10265000461820686946801B20F07F40206094F96E
:1026600008002844C01C1F2803DA012009E00420C8
:10267000EBE701AAF8F70CF99DF8040010B10098F7
:10268000401C00900099206831440844C01C20F090
:102690007F4060607CBDFEB50C46064609786079D7
:1026A000907220791F461546507279B12179002227
:1026B0002846A368FFF7B3FFAA4928467C3191F862
:1026C0002E201F2A0AD00969491D0DE0D4E90223F2
:1026D000217903B02846BDE8F040A0E7A449497835
:1026E000052900D20521314421F07F4100F02EFD63
:1026F00039462846FFF731FFD4E90232217968468E
:10270000FFF78DFF2B4600213046019A00F00AFDAD
:10271000002806D103B031462846BDE8F04000F05D
:1027200015BDFEBD2DE9FE4F814600F0CBFC38B152
:102730005FF0000799F8000020B10020BDE8FE8F8F
:102740000127F7E7874D884C4FF0000A7C3524B10C
:10275000002140F2FF40AFF3008095F82D8085F80E
:1027600023A0002624B1002140F20450AFF30080E2
:102770001FB94046FFF70CFF804624B1002140F20C
:102780000C50AFF30080F8F704F843466A46494618
:10279000FFF781FF24B1002140F21250AFF3008017
:1027A00095F82E001F280CD029690098401A0002C5
:1027B000C21700EB1260001203D5684600F0C6FC99
:1027C000012624B1002140F21C50AFF3008095F89F
:1027D00023000028BBD124B1002140F22250AFF3E6
:1027E0000080F7F7D6FF6B46624A002100F09AFCA2
:1027F0000028A3D027B941466846FFF7AEFE06433E
:1028000026B16846FFF7CFFAC9F8080024B10021C5
:1028100040F23550AFF3008001208FE72DE9F04FF3
:1028200089B08B46824600F04DFC4E4C7C3428B378
:102830009BF80000002710B1012800D0FFDF4A4DAF
:1028400025B1002140F2F750AFF300804449012048
:1028500001EB0A18A94607905FEA090604D0002197
:1028600040F2FF50AFF30080079800F022FC94F88C
:102870002D50002084F8230067B119E094F82E0051
:1028800001271F2800D1FFDF9BF800000028D6D0C9
:10289000FFDFD4E72846FFF77BFE054626B100217F
:1028A00040F20960AFF3008094F823000028D3D1F0
:1028B00026B1002140F21360AFF30080F7F769FF03
:1028C0002B4602AA59460790FFF7E5FE98F80F003D
:1028D0005FEA060900F001008DF8130004D0002122
:1028E00040F21D60AFF300803B462A4602A9CDF8B6
:1028F00000A0079800F035FC064604EB850090F830
:1029000028000090B9F1000F04D0002140F22460AB
:10291000AFF3008000F0C2FB0790B9F1000F04D0C4
:10292000002140F22A60AFF3008094F823000028D1
:1029300092D1B9F1000F04D0002140F23260AFF320
:1029400000800DF1080C9CE80E00C8E90112C8F8DF
:102950000C30BEB35FEA090612D000210CE0000083
:10296000EC060020DC0800200000000070B201002E
:102970009A000020FFFF3F0040F23F60AFF300806D
:102980000098B84312D094F82E001F280ED126B11B
:10299000002140F24460AFF300802846FFF7BAFB05
:1029A00020B99BF80000D8B3012849D0B9F1000F35
:1029B00004D0002140F26160AFF30080284600F0AF
:1029C00066FB01265FEA090504D0002140F26A6037
:1029D000AFF30080079800F06CFB25B1002140F2B6
:1029E0006E60AFF300808EB194F82D0004EB800090
:1029F00090F826001F2809D025B1002140F275600B
:102A0000AFF30080F9484078F8F7CEFA25B10021FD
:102A100040F27A60AFF3008009B03046BDE8F08F35
:102A2000FFE7B9F1000F04D0002140F24C60AFF392
:102A3000008094F82D2051460420FFF727F9C0E7C5
:102A4000002E3FF409AF002140F25760AFF3008041
:102A500002E72DE9F84FE64D814695F82D004FF03D
:102A60000008E44C4FF0010B474624B100214FF41D
:102A7000D160AFF30080584600F01BFB85F823704F
:102A800024B1002140F28D60AFF3008095F82D0055
:102A9000FFF77EFD064695F8230028B1002CE4D010
:102AA000002140F293604DE024B1002140F2976094
:102AB000AFF30080CE49C6EB46107C3901EB4001F4
:102AC00011F81900032856D1334605EB830A4A460C
:102AD0009AF82500904201D1012000E000200090EA
:102AE0000AF125000021FFF76FFC01460098014222
:102AF00003D001228AF82820AF77E1B324B1002166
:102B000040F29C60AFF30080324649460120FFF757
:102B1000BDF89AF828A024B1002140F2A760AFF3D5
:102B2000008000F0BBFA834624B1002140F2AC6083
:102B3000AFF3008095F8230038B1002C95D0002128
:102B40004FF4D660AFF300808FE7BAF1000F07D0E3
:102B500095F82E001F2803D13046FFF7DBFAE0B1CD
:102B600024B1002140F2C460AFF30080304600F091
:102B70008EFA4FF0010824B1002140F2CD60AFF38E
:102B80000080584600F095FA24B1002140F2D1604F
:102B9000AFF300804046BDE8F88F002CF1D0002153
:102BA00040F2BF60AFF30080E6E70120F7F72CBDED
:102BB0008E48007870472DE9F0418D4C94F82E0036
:102BC0001F2821D194F82D6004EB860797F8255033
:102BD0001F2D00D1FFDF8649C6EB46107C3901EB83
:102BE000400000EB4500407807F8250F0120F87001
:102BF00084F82300294684F82E50324602202234DD
:102C0000FFF744F8002020701EE42DE9F0417A4ED1
:102C1000774C012538B1012821D0022879D003282A
:102C20007DD0FFDF10E400F065FAFFF7C4FF207EDF
:102C300000B1FFDF84F821500020F7F70CFDA168F8
:102C4000481C04D0012300221846F7F757FD14F85A
:102C50002E0F217806EB01110A68012154E0FFF7DD
:102C6000AAFF0120F7F7F7FC94F8210050B1A06803
:102C7000401C07D014F82E0F217806EB01110A68CA
:102C8000062141E0207EDFF86481002708F1020878
:102C9000012803D002281ED0FFDFB5E7A777F7F79A
:102CA000C8FD98F80000032801D165772577607D7D
:102CB000524951F8200094F8201051B948B1616888
:102CC0000123091A00221846F7F718FD0220207682
:102CD0009AE7277698E784F8205000F00BFAA07F57
:102CE00050B198F8010061680123091A00221846C2
:102CF000F7F704FD257600E0277614F82E0F2178EB
:102D000006EB01110A680021BDE8F041104700E020
:102D100005E036480078BDE8F041F8F745B9FFF71F
:102D20004AFF14F82E0F217806EB01110A680521DD
:102D3000EAE710B52E4C94F82E001F2800D1FFDFD3
:102D400014F82E0F21782C4A02EB01110A68BDE815
:102D50001040042110477CB5254C054694F82E0000
:102D60001F2800D1FFDFA068401C00D0FFDF94F8CF
:102D70002E00214901AA01EB0010694690F90C00D0
:102D80002844F7F785FD9DF904000F2801DD012097
:102D900000E00020009908446168084420F07F4169
:102DA000A16094F82100002807D002B00123BDE8FB
:102DB000704000221846F7F7A1BC7CBD30B5104A20
:102DC0000B1A541CB3EB940F1ED3451AB5EB940F9A
:102DD0001AD3934203D9101A43185B1C14E095428E
:102DE00010D9511A0844401C43420DE098000020BD
:102DF0005809002000000000EC06002070B201001D
:102E0000FF7F841EFFDF0023184630BD0123002210
:102E100001460220F7F772BC0220F7F71CBCF7F757
:102E2000B8BC2DE9FE4FF24C05468A4694F82E00B8
:102E30001F2800D1FFDFEE4E94F82E10A04620464A
:102E4000A6F51B7202EB01141F218DF8001090F8FB
:102E50002D10376900EB8101D8F8000091F825901A
:102E6000284402AA01A90C36F7F712FD9DF90800C3
:102E7000002802DD0198401C0190A0680199642D92
:102E8000084453D3DB4B00225B1B72EB02014DD392
:102E90006168411A21F07F41B1F5800F46D220F0E0
:102EA0007F40706086F80AA098F82D1044466B4663
:102EB0004A463046FFF7ECFAB8B3A068401C10D081
:102EC000F7F767FCA168081A0002C11700EB116050
:102ED000001202282CDD0120F7F7BDFB4FF0FF3078
:102EE000A06094F82D009DF800201F210F34FFF7FB
:102EF00078FBA17FBE4AC1EB41117C3A02EB410154
:102F0000E27F01EB4201487054F80F0C284444F86A
:102F10000F0C012020759DF800001F2803D0B64833
:102F20004078F8F741F8012008E401E0002005E4CA
:102F30007760FBE72DE9F047AD4C074694F82D008C
:102F4000A4F17C06C0EB401006EB400010F817001F
:102F500000B9FFDF94F82D50A046A84C24B1002101
:102F600040F6E800AFF30080C5EB451040F6F409E9
:102F700040F6FD0A06EB400616F81700012819D0A6
:102F8000042811D005280FD006280DD01CB100212F
:102F90004846AFF3008007F0EBFE002CECD0002198
:102FA0005046AFF30080E7E72A4639460120FEF796
:102FB0006DFEF2E74FF0010A4FF00009454624B1DB
:102FC000002140F60410AFF30080504600F071F885
:102FD00085F8239024B1002140F60910AFF300805A
:102FE00095F82D00FFF7D4FA064695F8230028B18E
:102FF000002CE4D0002140F60F101FE024B1002186
:1030000040F61310AFF3008005EB860000F12701B6
:1030100033463A462630FFF7D7F924B1002140F66F
:103020001710AFF3008000F039F8824695F82300BE
:1030300038B1002CC3D0002140F61D10AFF3008042
:10304000BDE785F82D60012085F82300504600F08B
:1030500030F8002C04D0002140F62A10AFF3008095
:10306000BDE8F08730B5044661480D4690F82D0064
:103070005F49C0EB40107C3901EB400010F81400B0
:1030800000B9FFDF5E4800EB0410C57330BD58493E
:1030900081F82D00012081F82300704710B55948B0
:1030A00008B1AFF30080EFF3108000F0010072B6BA
:1030B00010BD10B5002804D1534808B1AFF300800B
:1030C00062B610BD51480068C005C00D10D0103860
:1030D00040B2002804DB00F1E02090F8000405E095
:1030E00000F00F0000F1E02090F8140D4009704747
:1030F0000820704710B53E4C94F82400002804D1F5
:10310000F7F746FC012084F8240010BD10B5384CB8
:1031100094F82400002804D0F7F763FC002084F81A
:10312000240010BD10B51C685B68241A181A24F01E
:103130007F4420F07F40A14206D8B4F5800F03D22F
:10314000904201D8012010BD002010BDD0E900320E
:10315000D21A21F07F43114421F07F41C0E90031B0
:1031600070472DE9FC418446214815460F46C2EBC5
:1031700045117C38089C00EB410616F81400012824
:1031800004D0022802D00020BDE8FC813B46204A42
:1031900001216046FFF7C6FFF0B101AB6A46294640
:1031A0003846FFF79AF9B8B19DF804209DF8001051
:1031B0002846FFF716FA06EB440148709DF8000018
:1031C0001F280DD006EB400044702A4621460320FC
:1031D000FEF75CFD0120D7E72A4621460420F7E7E9
:1031E0000348012100EB850000F8254FC170ECE792
:1031F00058090020FF1FA1079800002000000000D0
:10320000EC060020000000000000000004ED00E0DB
:10321000FFFF3F002DE9F041044680074FF0000515
:103220004FF001060CD56B480560066000F0DEF932
:1032300020B16948016841F48061016024F0020412
:10324000E0044FF0FF3705D564484660C0F80873C6
:1032500024F48054600003D56148056024F0804464
:10326000E0050FD55F48C0F80052C0F808735E490A
:103270000D60091D0D605C4A04210C32116006616D
:1032800024F48074A00409D558484660C0F8005260
:10329000C0F808735648056024F40054C4F3803025
:1032A000C4F3C031884200D0FFDF14F4404F14D083
:1032B00050484660C0F808734F488660C0F8005216
:1032C000C0F808734D490D600A1D16608660C0F88D
:1032D00008730D60166024F4404420050AD5484860
:1032E00046608660C0F80873C0F8487345480560BA
:1032F00024F4006407F042F84348044200D0FFDFA2
:10330000BDE8F081F0B50022202501234FEA020438
:1033100020FA02F1C9072DD051B2002910DB00BFFD
:103320004FEA51174FEA870701F01F0607F1E02720
:1033300003FA06F6C7F88061BFF34F8FBFF36F8FB4
:103340000CDB00BF4FEA51174FEA870701F01F0659
:1033500007F1E02703FA06F6C7F8806204DB01F103
:10336000E02181F8004405E001F00F0101F1E021C6
:1033700081F8144D02F10102AA42C9D3F0BD10B583
:10338000224C20600846F7F71CFC2068FFF742FF3C
:103390002068FFF7B7FF06F031FC00F088F906F06F
:1033A000EDFF06F02CFFF7F7CBFDBDE8104006F06F
:1033B000D9BC10B5154C2068FFF72CFF2068FFF72B
:1033C000A1FF06F0DBFFF7F7FBFC0020206010BD3B
:1033D0000A207047FC1F00403C17004000C000401E
:1033E00004E50140008000400485004000D000401A
:1033F00004D5004000E0004000F0004000F500402F
:1034000000B0004008B50040FEFF0FFD9C0000200A
:1034100070B526490A680AB30022154601244B6894
:103420005B1C4B600C2B00D34D600E7904FA06F345
:103430000E681E420FD0EFF3108212F0010272B636
:1034400000D001220C689C430C6002B962B6496846
:103450000160002070BD521C0C2AE0D3052070BD15
:103460004FF0E0214FF48000C1F800027047EFF305
:10347000108111F0010F72B64FF0010202FA00F252
:103480000A48036842EA0302026000D162B6E7E735
:1034900006480021016041607047012181400348D6
:1034A0000068084000D0012070470000A000002004
:1034B00001208107086070470121880741600021D1
:1034C000C0F80011184801707047174901200870B2
:1034D00070474FF08040D0F80001012803D0124817
:1034E0000078002800D00120704710480068C0070D
:1034F00000D0012070470D480C300068C00700D094
:10350000012070470948143000687047074910319E
:103510000A68D20306D5096801F00301814201D18E
:103520000120704700207047A800002008040040D8
:103530004FF08050D0F830010A2801D000207047A9
:103540000120704700B5FFF7F3FF20B14FF0805026
:10355000D0F8340108B1002000BD012000BD4FF0BB
:103560008050D0F83001062803D0401C01D0002044
:103570007047012070474FF08050D0F830010D287F
:1035800001D000207047012070474FF08050D0F8E4
:103590003001082801D000207047012070474FF00B
:1035A0008050D0F83001102801D000207047012051
:1035B000704700B5FFF7F3FF30B9FFF7DCFF18B92C
:1035C000FFF7E3FF002800D0012000BD00B5FFF7A2
:1035D000C6FF38B14FF08050D0F83401062803D32D
:1035E000401C01D0002000BD012000BD00B5FFF748
:1035F000B6FF48B14FF08050D0F83401062803D30D
:10360000401C01D0012000BD002000BD0021017040
:10361000084670470146002008707047EFF310819C
:1036200001F0010172B60278012A01D0012200E006
:1036300000220123037001B962B60AB1002070476D
:103640004FF400507047E9E7EFF3108111F0010FDC
:1036500072B64FF00002027000D162B600207047CF
:10366000F2E700002DE9F04115460E46044600271A
:1036700000F0EBF8A84215D3002341200FE000BF73
:1036800094F84220A25CF25494F84210491CB1FB19
:10369000F0F200FB12115B1C84F84210DBB2AB426B
:1036A000EED3012700F0DDF83846BDE8F08172491D
:1036B00010B5802081F800047049002081F8420094
:1036C00081F84100433181F8420081F841004331E3
:1036D00081F8420081F841006948FFF797FF684888
:1036E000401CFFF793FFF7F7B3FBBDE8104000F075
:1036F000B8B840207047614800F0A7B80A460146B4
:103700005E48AFE7402070475C48433000F09DB80A
:103710000A46014659484330A4E740210170002081
:10372000704710B504465548863000F08EF820707A
:10373000002010BD0A460146504810B58630FFF7FC
:1037400091FF08B1002010BD42F2070010BD70B516
:103750000C460646412900D9FFDF4A480068103868
:1037600040B200F054F8C5B20D2000F050F8C0B2DD
:10377000854201D3012504E0002502E00DB1F7F7F1
:10378000AAFB224631463D48FFF76CFF0028F5D0E2
:1037900070BD2DE9F0413A4F0025064617F10407A8
:1037A00057F82540204600F041F810B36D1CEDB2EB
:1037B000032DF5D33148433000F038F8002825D0E8
:1037C0002E4800F033F8002820D02C48863000F036
:1037D0002DF800281AD0F7F754FB2948FFF71EFFF1
:1037E000B0F5005F00D0FFDFBDE8F0412448FFF7EF
:1037F0002BBF94F841004121265414F8410F401C7E
:10380000B0FBF1F201FB12002070D3E74DE7002876
:1038100004DB00F1E02090F8000405E000F00F0068
:1038200000F1E02090F8140D4009704710F8411F96
:103830004122491CB1FBF2F302FB13114078814293
:1038400001D1012070470020704710F8411F4078D7
:10385000814201D3081A02E0C0F141000844C0B21D
:10386000704710B50648FFF7D9FE002803D1BDE820
:103870001040F7F7F1BA10BD0DE000E08809002014
:10388000AC00002004ED00E070B5154D2878401C18
:10389000C4B26878844202D000F0DBFA2C7070BDAC
:1038A0002DE9F0410E4C4FF0E02600BF00F0C6FAC3
:1038B00007F05EFA40BF20BF677820786070D6F8C6
:1038C0000052EDF759FD854305D1D6F8040210B931
:1038D0002078B842EAD000F0ACFA0020BDE8F081D0
:1038E000BC0000202DE9F04101264FF0E022310319
:1038F0004FF000084046C2F88011BFF34F8FBFF36E
:103900006F8F204CC4F800010C2000F02EF81E4DE3
:103910002868C04340F30017286840F01000286072
:10392000C4F8046326607F1C02E000BF07F020FAA1
:10393000D4F800010028F9D01FB9286820F0100041
:103940002860124805686660C4F80863C4F80081FE
:103950000C2000F00AF82846BDE8F08110B50446B6
:10396000FFF7C0FF2060002010BD002809DB00F039
:103970001F02012191404009800000F1E020C0F8C1
:103980008012704700C0004010ED00E008C5004004
:103990002DE9F047FF4C0646FF21A06800EB061218
:1039A00011702178FF2910D04FF0080909EB01119F
:1039B00009EB06174158C05900F0F4F9002807DD5B
:1039C000A168207801EB061108702670BDE8F08729
:1039D00094F8008045460DE0A06809EB05114158B8
:1039E000C05900F0DFF9002806DCA068A84600EB0B
:1039F00008100578FF2DEFD1A06800EB061100EB51
:103A000008100D700670E1E7F0B5E24B04460020A7
:103A100001259A680C269B780CE000BF05EB001787
:103A2000D75DA74204D106EB0017D7598F4204D0C7
:103A3000401CC0B28342F1D8FF20F0BD70B5FFF743
:103A4000EEF9D44C08252278A16805EB02128958BA
:103A500000F0A8F9012808DD2178A06805EB011124
:103A60004058BDE87040FFF7D1B9FFF7A1F8BDE8B5
:103A70007040F7F799BA2DE9F041C64C2578FFF769
:103A8000CEF9FF2D6ED04FF00808A26808EB05169E
:103A9000915900F087F90228A06801DD80595DE0A6
:103AA00000EB051109782170022101EB0511425C40
:103AB0005AB1521E4254815901F5800121F07F41D3
:103AC00081512846FFF764FF34E00423012203EB11
:103AD000051302EB051250F803C0875CBCF1000F20
:103AE00010D0BCF5007F10D9CCF3080250F806C006
:103AF0000CEB423C2CF07F4C40F806C0C3589A1A9D
:103B0000520A09E0FF2181540AE0825902EB4C324B
:103B100022F07F428251002242542846FFF738FFAC
:103B20000C21A06801EB05114158E06850F82720EE
:103B3000384690472078FF2814D0FFF770F9227894
:103B4000A16808EB02124546895800F02BF90128BC
:103B500093DD2178A06805EB01114058BDE8F041E4
:103B6000FFF754B9BDE8F081F0B51D4614460E4686
:103B70000746FF2B00D3FFDFA00700D0FFDF8548FB
:103B8000FF210022C0E90247C57006710170427032
:103B900082701046012204E002EB0013401CE15445
:103BA000C0B2A842F8D3F0BD70B57A4C064665782D
:103BB0002079854200D3FFDFE06840F82560607817
:103BC000401C6070284670BD2DE9FF5F1D468B4686
:103BD0000746FF24FFF723F9DFF8B891064699F866
:103BE0000100B84200D8FFDF00214FF001084FF07C
:103BF0000C0A99F80220D9F808000EE008EB01132E
:103C0000C35CFF2B0ED0BB4205D10AEB011350F869
:103C100003C0DC450CD0491CC9B28A42EED8FF2C47
:103C200002D00DE00C46F6E799F803108A4203D162
:103C3000FF2004B0BDE8F09F1446521C89F8022012
:103C400008EB04110AEB0412475440F802B00421B7
:103C5000029B0022012B01EB04110CD040F8012043
:103C60004FF4007808234FF0020C454513D9E905BD
:103C7000C90D02D002E04550F2E7414606EB413261
:103C800003EB041322F07F42C250691A0CEB0412BA
:103C9000490A81540BE005B9012506EB453103EBD8
:103CA000041321F07F41C1500CEB0411425499F8E8
:103CB00000502046FFF76CFE99F80000A84201D0A2
:103CC000FFF7BCFE3846B4E770B50C460546FFF773
:103CD000A6F8064621462846FFF796FE0446FF282A
:103CE0001AD02C4D082101EB0411A8684158304628
:103CF00000F058F800F58050C11700EBD140401398
:103D00000221AA6801EB0411515C09B100EB4120CA
:103D1000002800DC012070BD002070BD2DE9F047B7
:103D200088468146FFF770FE0746FF281BD0194DD5
:103D30002E78A8683146344605E0BC4206D02646B7
:103D400000EB06121478FF2CF7D10CE0FF2C0AD000
:103D5000A6420CD100EB011000782870FF2804D097
:103D6000FFF76CFE03E0002030E6FFF755F8414610
:103D70004846FFF7A9FF0123A968024603EB041395
:103D8000FF20C854A878401EB84200D1A87001EBAB
:103D9000041001E0540A002001EB061100780870BD
:103DA000104613E6081A0002C11700EB116000125A
:103DB0007047000010B5202000F07FF8202000F0B0
:103DC0008DF84D49202081F80004EDF7D3FA4B49D6
:103DD00008604B48D0F8041341F00101C0F8041307
:103DE000D0F8041341F08071C0F804134249012057
:103DF0001C39C1F8000110BD10B5202000F05DF89D
:103E00003E480021C8380160001D01603D4A481E3F
:103E100010603B4AC2F80803384B1960C2F8000131
:103E2000C2F8600138490860BDE81040202000F069
:103E300055B834493548091F08607047314933483F
:103E4000086070472D48C8380160001D521E02608E
:103E500070472C4901200860BFF34F8F70472DE950
:103E6000F0412849D0F8188028480860244CD4F83C
:103E700000010025244E6F1E28B14046EDF7D4F90D
:103E800040B9002111E0D4F8600198B14046EDF747
:103E9000CBF948B1C4F80051C4F860513760BDE8AF
:103EA000F041202000F01AB831684046BDE8F041EA
:103EB00006F068BFFFDFBDE8F08100280DDB00F0F1
:103EC0001F02012191404009800000F1E020C0F86C
:103ED0008011BFF34F8FBFF36F8F7047002809DB4E
:103EE00000F01F02012191404009800000F1E02014
:103EF000C0F880127047000020E000E0C8060240D1
:103F000000000240180502400004024001000001C8
:103F1000454800210170417010218170704770B5D3
:103F2000054616460C460220F3F7F2FB3E490120F7
:103F3000F61E08703D4806603C4808380560001FC2
:103F4000046070BD10B50220F3F7E2FB3649012092
:103F5000087000F051F836494FF40000086010BDB9
:103F600010B5314C207888B131494FF40000091D5B
:103F7000086000F04AF8002120B1012060702D484F
:103F8000006801E061701020A0702170BDE8104051
:103F90000020F3F7BDBB244810B5017859B126487D
:103FA000D0F8000128B100F030F8002800D001203E
:103FB00010BD022010BD407810BD10B5C824641E8D
:103FC000E4B2FFF7E8FF022803D0012800D0002068
:103FD00010BD002CF3D1FFDFF9E7134810B50178CD
:103FE00041B100F012F818B112480068C0B210BD1B
:103FF000102010BD807810BD0F480021C0F80011BE
:10400000C0F80411C0F8081170470B48D0F800112F
:1040100029B1D0F8041111B1D0F8080108B100207D
:104020007047012070470000BE00002010F50040DE
:1040300004F5014000F4004000F000404748002132
:1040400001704170704770B5064614460D46012058
:10405000F3F75EFB42480660001D0460001D05602A
:1040600070BD70B53D4901250D7040EA02413C4AE2
:1040700041F08071121F11603A4C0026C4F80461AF
:10408000394A4FF04071116058B1012800D0FFDF6C
:10409000C4F80062256034494FF00070091F0860C1
:1040A00070BDC4F80052256070BD2C48017871B114
:1040B0002D4A4FF0407111602A49D1F804210021A6
:1040C0001AB12A4A1268427000E041700170002063
:1040D000F3F71EBB2148017841B12248D0F8040112
:1040E000002802D021480068C0B27047407870476D
:1040F0002DE9F04700282AD01848007800B9FFDFE2
:10410000184DD5F80401002821D10227C5F8047301
:10411000174C2068C04340F30016206840F01000A0
:1041200020604FF400484FF0E029761C04E000BF07
:10413000C9F8808206F01CFED5F804010028F7D0EB
:104140001EB9206820F010002060C5F80873BDE893
:10415000F08704490120886070470000C1000020FA
:1041600008F5004000F0004008F5014000F4004070
:1041700010ED00E010B541F6A474012802D0022829
:1041800002D0FFDF204610BD41F2883010BD38B5A7
:10419000FE4D0024C5F80041C5F80C41C5F810419A
:1041A000C5F80441C5F81441C5F81841FFF70EFAE7
:1041B00008B1C5F82841F6480068009038BD70B5D0
:1041C000F44D00246C702C7000F0D2FD85F8254071
:1041D000EC620922002105F11800AC63F9F7D3F86D
:1041E000ED49601E0860091D0860091D0C60091D6D
:1041F0000860091D0C60091D0860091D0860091D83
:104200000860091D0860091D0860091D0860091D76
:104210000860091D0860091D086070BDDF4800B511
:10422000016801F00F01032905D0006800F00F00BC
:10423000042802D0FFDF012000BD022000BD00B530
:10424000012802D0022800D0FFDF002000BD00B509
:10425000012802D0022802D0FFDF282000BD18204C
:1042600000BD10B5CB4902681839CA4C0A634268D0
:104270004A63007A81F83800207E50B1207FF9F738
:10428000C0F8A07E08B1012100E00021207FF9F7ED
:10429000ADF8607E00280CD0607FF9F7B2F8E07EC0
:1042A00008B1012100E00021607FBDE81040F9F76E
:1042B0009DB810BD00F063BD10B500F060FDB348BF
:1042C000D0F80001002800D0FFDF10BD70B501203C
:1042D00000F030FDB2480025056001260660FFF7BA
:1042E00085F9B04C18B1206840F480602060FFF779
:1042F00036F928B12068AC4920F0770008432060E7
:10430000FFF764F938B1A748001D016821F47F4127
:1043100041F4B0510160A349A4483C310860FFF763
:1043200055F99C4C60B19D490220503184F8210020
:104330000860A0499E48086095481030091F086031
:104340004FF01020806C411C05D094497C310A68E4
:1043500060F317420A60914940F25B6028310860BF
:10436000091F40F203100860081F06608B490320F4
:1043700008608C48EC38066094F8211011B14FF4B5
:10438000C02100E08C498B4A41F46021943A1160CD
:104390008749884A091F083211607D490839121F70
:1043A0001160016821F440710160016841F480717D
:1043B0000160012000F0CFFC74491020C1F8040313
:1043C00084F83150E56270BD76483830016821F0DC
:1043D000010141F08071016070476E4A0368183A2C
:1043E000C2F81A308088D0836A48017270476948E1
:1043F00090F825007047674A517010707047F0B50B
:104400000546840061488B882044C0F820360B782C
:10441000D1F8011043EA0121C0F8001605F10800A7
:104420000127604C07FA00F6FC3C52B1012A00D08B
:10443000FFDF2068304320602068AF4038432060B1
:10444000F0BD2068B043F6E706F0E8B8514890F8B0
:1044500032007047514AC1781432116000684F49E8
:1044600000020C3108607047252807D0262807D0A5
:10447000272807D00A2807D8042206E0022107E0EF
:104480001A2105E0502103E0062202EB4001C9B2E7
:10449000424A083A116041494431086070473D483A
:1044A000817A012917D0022914D1417E002911D027
:1044B000827F0121C37F01FA02F299400A433D49FC
:1044C00094390A6090F820003C4A002102EB8000F9
:1044D000C0F810157047017EE8E72DE9F0472D4C34
:1044E000A17A01290BD0022975D1627E002A72D0EF
:1044F000012906D0677FE17E59B101260AE0227EBC
:10450000F4E7277FA17E09B1012600E000261121F2
:1045100001E000262421DFF898804FF0010AA8F17D
:104520004408C8F84CA0DFF898904518D9F8000066
:10453000A84200D3FFDF0021C8F84C11C9F8005091
:10454000380286F0010140EA015040F0031294F86D
:1045500020101A4800EB8103C3F8102500EB8101FD
:10456000A27F184800EBC203C3F81415164DC3F818
:104570001055E37F00EBC300C0F814150449083957
:10458000C0F810150AFA02F120E024E00010004003
:10459000181100407C0A0020000E00401015004059
:1045A000FC1F00403C170040880000802C00008960
:1045B000448000409CF5014000000404006000407D
:1045C0004C85004000F001404C8100400AFA03F0A5
:1045D0000143F9480160BDE8F0872DE9F0410E463E
:1045E000F64907460320C1F80002F54C94F8210073
:1045F00010B14FF4C02000E0F248EF4D2860304683
:1046000006F036F817B1012F0FD017E0FEF7DEFFE6
:1046100010B1304600F0C9FB0120A072A06B40F43D
:104620008010A0634FF4801007E00220A072A06BFE
:1046300040F40010A0634FF400102860F6F744F92E
:104640003146BDE8F04148E72DE9F05FDB4C074615
:1046500003200E469346C4F80002D94D95F8210078
:1046600010B14FF4C02100E0D649DFF84C93C9F8EF
:104670000010104605F0FCFFDFF83C834FF0010A04
:1046800008F1A808A7B3012F3ED0FFDFCE4806608F
:10469000C949CE48A4310860A86B40F40020A86343
:1046A000D4F800721025C4F808530020C4F80002A2
:1046B000C1494FF48028091DC1F8008004F5007439
:1046C000FFF765FD2760C9F80080C4F80451E903CD
:1046D000C9F80010BE49C1F84CA0BB48001D0068D5
:1046E000B04200D3FFDF59463046BDE8F05FF4E644
:1046F000FFE7FEF76BFF10B1584600F056FBC8F815
:10470000004085F80AA0C1E7AC49091DC8F80010AF
:104710000220A872BAE72DE9F041A94C064690465E
:1047200094F831000F46002500B9FFDF16B1012EC5
:1047300012D01DE094F83100012806D094F8302002
:104740004146384605F0A2FF10E094F8301042468A
:10475000384605F0DCFF09E094F8310094F8301099
:1047600001284246384609D005F0F8FFE16A4518AD
:10477000424629463046BDE8F04165E705F0A8FF0E
:10478000F4E708B5FF208DF800008C480021C0F840
:1047900010110121016104E09DF80010491E8DF8FF
:1047A00000109DF8001019B1D0F810110029F3D0B5
:1047B0009DF80000002800D1FFDF08BD2DE9F04181
:1047C0007E4CD4F8000220F00307D4F804034FF025
:1047D0001008C0F30016C4F808830025C4F800527E
:1047E000774890F8210010B14FF4C02000E07548E0
:1047F000714940F46020091D0860FFF750FEFFF783
:10480000C0FFC4F81051FEF7E1FE08B1C4F828510A
:1048100000F0AEFAC4F80072002E01D0C4F8048390
:10482000BDE8F081ADE700686A4920F07F4008608C
:10483000704710B5012000F07DFABDE8104001205E
:1048400000F089BA01465E4818221838F8F771BDA1
:104850004FF0E0210220C1F8000170475E49087066
:1048600070475C4938390860704770B50546F6F7FF
:104870002BF8534C2844E16A884200D8FFDF01201E
:104880002074F6F721F82844606194F8211041B1B2
:10489000084460614948D0F8001241F04001C0F876
:1048A00000124B490020C1F8440147496069091FC3
:1048B0000860BDE8704000F0A2BA70B5404C0646F2
:1048C00002200D462074FFF7A9FC024694F831003F
:1048D00094F8301001281BD0304605F081FF60614C
:1048E00094F8210048B16169084460613348D0F808
:1048F000001241F04001C0F8001235490020C1F813
:1049000044016169E06A08442F49091F086070BDCD
:104910002B46304605F037FFE1E727494FF480008A
:10492000091D08602648816B21F480018163002104
:10493000017470472A4A10B502EBC002274BC2F837
:104940001035C2F81415012181401B4801601C4834
:10495000826B0A43826310BD1D4801214160C16022
:104960000021C0F844111848001F01601448C162BA
:10497000704710B50446FEF729FE10B1104880F8C4
:1049800021401448243004600C48D0F8001241F053
:104990004001C0F8001210BD084810B5D0F8001250
:1049A00021F04001C0F80012FEF710FE0949243141
:1049B00000B10220086010BD04F501400010004065
:1049C0007C0A002000000404488500404881004023
:1049D000008000403C150040C3000020041100404E
:1049E00000F00140F948D0F8001221F01001C0F8A1
:1049F0000012012181617047F4480021C0F81C11A8
:104A0000D0F8001241F01001C0F800127047EF49D1
:104A100008B5D1F81C21012A01D0002008BDEC4ABC
:104A2000126802F07F02524202700020C1F81C019D
:104A3000E84800680090012008BDF0B517460C005A
:104A4000064600D1FFDFE44DE0072F7302D0012CB2
:104A500000D0FFDF46B102206872EC72012802D05C
:104A6000022800D0FFDFF0BD0120F5E770B5DA4C79
:104A70000021E27A930703D5830701D5430713D4B6
:104A8000D30605D594F8333013B194F835305BB1C3
:104A9000130702D594F8243033B9520702D594F89D
:104AA00025200AB1C00700D00121607A012518B184
:104AB000A1B1BDE8704081E694F8210010B14FF437
:104AC000C02000E0C548C6490860C048D0F80012C0
:104AD00021F00301C0F80012E57270BD012803D077
:104AE000022808D0FFDF70BD00F042F9A5729621C0
:104AF000227B002006E000F03BF90220A072227B1E
:104B000096210120BDE8704005E62DE9F05FDFF851
:104B1000D4B29BF80000042800D3FFDFB248D0F8DD
:104B20004C0108B1FFF7BBFCAB4CAD49A06B086072
:104B30004FF00008C4F8388000F06BF9DFF8AC9251
:104B40000546D9F80010A16294F8210008B1081AAE
:104B5000A062A648001F0068E062FFF75FFB84F8D0
:104B60003000A07ADFF868A2012184F83100AAF1B0
:104B7000440A022808D1607830B1DAF800201278AF
:104B800002402078904310D084F82480924EA807E9
:104B9000A6F1180605D5F5F797FEA16A081A31693E
:104BA0008847E80704D0002709E084F82410EDE7DF
:104BB000A80701D5012702E0280707D50227F5F746
:104BC00083FEE16A7269081A394690479BF8000033
:104BD000C0071CD1DAF800005746007800F00F003B
:104BE000072812D239680622A01C0931F8F774FB95
:104BF00038B9207A39680978B0EBD11F01D101208A
:104C000000E0002084F8250001E084F82580284693
:104C1000FFF72CFFE80701D030682FE0A80726D562
:104C200068071ED4FEF7D2FCD8B9FEF7DFFCC0B986
:104C30006748F4380168001F0068C0F3425CC0F3A5
:104C4000006700F00F03C0F30312C0F3032047B165
:104C50000BB102B128B921B1BCF1030F01D245F06B
:104C6000040545F380007168401C884709E0280767
:104C700001D5B06802E0E80602D5F068804700E0A0
:104C8000FFDFA07A02281BD1207C002818D0564ACA
:104C9000C2F8448102280FD0012800D0FFDFE16A6A
:104CA0006069884200D8FFDFD4F81410C9F80010FA
:104CB000BDE8F05F00F0A3B86169E06A0144F5E780
:104CC000BDE8F09F70B5054641F2643441F66A06CE
:104CD000022806D0012D12D0022D0CD0FFDF304665
:104CE00070BDFEF72FFC0028F6D1FEF738FC002837
:104CF000F2D141F6583441F29A00204470BD42F698
:104D0000CE3070BD324808300168032904D00068F5
:104D1000022801D000207047012070472C4808303D
:104D200001680B2904D000680A2801D000207047D0
:104D30000120704700280DDB00F01F020121914087
:104D40004009800000F1E020C0F88011BFF34F8FD0
:104D5000BFF36F8F7047002809DB00F01F020121AD
:104D600091404009800000F1E020C0F880127047B7
:104D700019480021417281720121C172704730B51A
:104D800000240546012902D002290BD0FFDF184874
:104D900004430F4834380460164805430C48303843
:104DA000056030BD4FF08074F1E7094A4032116868
:104DB00053060228D3F820031ED0C0F3062000BFFC
:104DC00021F4FE4141EA00201060704700100040CD
:104DD000481500401C1100407C0A0020000004041B
:104DE00008F50140C30000200080004044850040D9
:104DF0000801100000000302C0F30660E0E7354838
:104E0000816B41F48001816333494FF48000086075
:104E1000DBE7F8B52F4C314E0020217C19B1D6F8D4
:104E20004411012907D00023A27A2D49012A04D078
:104E3000022A0AD019E00123F6E7D1F80C01012873
:104E400001D0002011E008200FE0D1F80C0101286A
:104E500006D0002223480068012803D0042002E085
:104E60000222F7E7002010431843D1F81021012A4D
:104E70002ED0002505431C48026812F0FF0F03D016
:104E8000D1F81421012A00D0002284F832200068D1
:104E900010F0FF0F03D0D1F81801012800D0002036
:104EA00084F833000F481030006884F83400FFF7AE
:104EB00072F8012800D0002084F83500FFF767F968
:104EC0000020C6F844010948006800902846F8BD53
:104ED0001025CFE77C0A002004F501400080004047
:104EE0000010004000140040401600404481004083
:104EF00010B5444822220021F8F745FA4148002421
:104F0000017821F010010170012104F04DFC3D49B0
:104F10004FF6FF70263981F8224088843A4908808C
:104F2000488010BDE4E7704700F05FB83549016084
:104F30007047354908807047324926398A8CA2F576
:104F40007F43FF3B02D00021016008E091F822205E
:104F50002C492639012A02D0016001207047002027
:104F600070472848263810F8221F012908D001214F
:104F7000017025482349263900888884012070471C
:104F8000002070472049488070471E491E4B263933
:104F90008A8C5B889A4205D191F8222012B1016077
:104FA00001207047002070471648174A2638818C28
:104FB0005288914209D14FF6FF71818410F8221F67
:104FC00019B10021017001207047002070470D4881
:104FD0000D4A2638818C5288914204D190F82200E3
:104FE00008B10020704701207047064926398A8C95
:104FF000824205D1002081F822004FF6FF7088849C
:1050000070470000DE0A0020C400002070473D4ABF
:10501000012338B1012804D1137008689060888892
:105020009081704753700868C2F802008888D08069
:105030007047344A10B1012807D00EE0507860B1B3
:10504000D2F802000860D08804E0107828B1906897
:1050500008609089888001207047002070472949A6
:1050600010B1012802D005E0487800E0087808B1C6
:10507000012070470020704730B50C4605468DB0C2
:105080004FF0030104F1030012B1FEF741FB01E010
:10509000FEF75DFB60790D2220F0C00040F040007B
:1050A0006071002104A8F8F76EF9E0788DF81F0010
:1050B00020798DF81E0060798DF81D001022294698
:1050C0006846F8F736F9684604F036FE9DF82F007A
:1050D00020709DF82E0060709DF82D00A0700DB01E
:1050E00030BD10B5002904464FF0060102D0FEF78E
:1050F0000FFB01E0FEF72BFB607920F0C000607130
:1051000010BD0000C8000020FE48406870472DE92F
:10511000F0410E46074601461446012004F011FDF9
:10512000054697F86500FFF725F84AF2B1210844D3
:105130004FF47A71B0FBF1F1788840F2712250435C
:10514000C1EB4000041BA4F2663402F0BBFD00B1C9
:105150001E3CAE4201D2284600E03046A04204D2B6
:10516000AE4201D22C4600E034467C62BDE8F081BC
:1051700030B502460020002914D0A2FB01104C0AD1
:1051800044EAC054400A641C40F100000021D4F1FC
:10519000FF3240F2A175814100D2FFDF04F5F464D3
:1051A000B4FBF5F030BD2DE9FF4F8BB0044690F80D
:1051B00065008A460990DDE90D1008430890D24841
:1051C0000026007800F004FE054694F88C0100F0FB
:1051D000FFFD284480B2009094F87D000D2804D093
:1051E000002007900D9810B131E00120F9E794F804
:1051F0002C0103282BD1079848B3B4F8AE115145C0
:1052000025D1D4F83401C4F82001608840F2E2418D
:105210004843C4F82401B4F87A01B4F806110844EC
:10522000C4F82801204602F057FDB4F8B201E0822C
:1052300094F8B0016075B4F8B4016080B4F8B601B8
:10524000A080B4F8B801E080022084F82C01D4F8E2
:1052500084010590D4F880010390B4F80681B4F875
:105260007811D4F8740106900D9820B194F840019B
:1052700000287DD108E004F580700290743004901D
:1052800004F5B075001D07E004F5AA700290001D3A
:10529000049004F5A275001D0A90B4F87020AAEBE2
:1052A00002000FFA80F9AAEB010007B2002F05DA1D
:1052B000D4F87001069001204F46089092484FF0B4
:1052C000000B007970B3F5F7A1FC58B3B4F81801DE
:1052D000022827D394F82C01022823D094F8430104
:1052E00000BB94F88C0100F073FD00F5C86080B23B
:1052F000009094F82C01012845D0608840F2E241EA
:1053000048430099FFF734FF08EB0901CA1BD4F8A2
:10531000341180B2431A02FB03BBC4F834010120EC
:1053200084F8430194F82C0100286DD001287DD029
:1053300002287CD003287BD0FFDF00BFA6EB0B0147
:105340000698FCF70EFD0499012640F271220860D0
:105350000A990020A1F800A028702E710498006816
:10536000A8606088D4F834115043C1EB400000E0DD
:10537000BFE16549A0F23630C861896981427DD9B3
:10538000029908607BE194F88000032833D0012162
:10539000002004F0CDF8E18A40F27122514300EB85
:1053A00041000190D4F82401B8340099FFF7E0FEE1
:1053B000A16E226F431AA066DDE9001002FB03BB59
:1053C000FFF7D6FEA16FA067421A34F8B60C40F280
:1053D000E241484393440099FFF7CAFE08EB0901F4
:1053E000226FC91B8A1AE16F521E431A02FB03BBCC
:1053F000E067B83C93E7E08A40F27122D4F82411C8
:10540000504301EB4000CCE7039800B9FFDF0121D6
:10541000002004F08DF80646E08A40F271214843EE
:1054200006EB40000099FFF7A3FE02E0C0E058E061
:10543000DDE0C4F83001608840F2E2414843009961
:10544000FFF796FEC4F8340182B22046A16AFFF746
:105450005EFE14F8650FFEF7F2FE4FF47A7800F264
:10546000E140B0FBF8F1039801EB00092078FEF76A
:10547000E6FE07462078FEF77DFE00E0FDE03844BA
:105480004AF2AB310144B1FBF8F134F84F0C40F271
:105490007122504306EB4000411AD4F8CB0040F291
:1054A000E2430A1A02EB0906227814F8501C11FB99
:1054B00003F1203E00F0B9FC1349801C886114F808
:1054C0006509FEF7BCFE00F2E140B0FBF8F103987D
:1054D0000844301A40F2F6218842BFF42FAFFFDFB4
:1054E0002CE7E08A40F27122D4F82411504301EBFA
:1054F00040000099FFF73CFEC4F83001608840F29C
:10550000E24103E0000B0020D8000020484300994E
:10551000FFF72EFEC4F8340182B22046A16AFFF7DD
:10552000F6FDB8F1000F21D10E98F8B194F865603E
:105530003046FEF71FFE4AF2B12101444FF47A7063
:10554000B1FBF0F0D4F8301140F271230144E08A4D
:10555000D4F82421584302EB4000471A3046FEF7A6
:1055600076FE0599081A3E18203E0AE0E08A40F2CD
:105570007122D4F82411504301EB4000D4F83011CB
:10558000461AD4F82821D4F82011D4F8300140F27A
:10559000E24301FB020094F86520617D11FB03F1F9
:1055A00000F043FCF9498861012084F82C01C5E62C
:1055B000608840F271225043D4F83411D4F8282185
:1055C000C1EB40067E4308EB0900801AD4F8207135
:1055D000D4F83031401E07FB023200FB012094F862
:1055E0006520617D40F2E24311FB03F140E06088F9
:1055F00040F27122D4F834115043C1EB400694F8C4
:105600007C007E43242803D094F87D0024280AD10E
:10561000B4F8AE11AAEB010000B2002803DB94F845
:10562000B10100B109900898D8B1B8F1000F18D1B4
:10563000059808B1039800B9FFDF94F86500FEF7FC
:1056400099FD4AF2B12101444FF47A70B1FBF0F0B8
:10565000361A94F86500FEF7FAFD0599081A064413
:10566000203ED4F8341108EB090048430021099A80
:1056700000F0DBFBC549886160E602980160029892
:10568000616A0068084400F5D370E86002F01AFB14
:1056900010B1E8681E30E8606E71B4F8F010A1EB4C
:1056A0000A0000B2002801DD032068710798002875
:1056B0000E9822D0C0B100BFB4F81811B1B3B4F83D
:1056C0001A0100BFA4F81A0194F81C21401C42439F
:1056D0008A4209D26879401E002805DD6E71B4F84F
:1056E0001A01401CA4F81A010D9830B394F8400137
:1056F000F8B102200FB0BDE8F08F0028DCD194F89B
:105700002C010028F0D0608840F27122D4F83411C6
:105710005043C1EB4001284603F04EFE0004000C4C
:10572000E2D0189901B108800120E3E7FFE70020EB
:10573000C8E794F87C01FDF78CF994F87C012946C0
:1057400000F059FB20B10D9880F0010084F8410170
:105750000020CFE77CB50446FCF72FFE0146D4F8C5
:105760007001FDF72BFB214600F076FB94F87D10CD
:105770000D290AD0B4F87020B4F83E1113189942DC
:1057800006DB491CA4F83E1106E0B4F83E010CE02B
:10579000401C1044A4F83E0194F8420140B9B4F80A
:1057A0003E01B4F8F410884202D1401CA4F83E0136
:1057B000B4F87A0101AE401CA4F87A01B4F89A005A
:1057C000B4F89810401AB4F87010401E084485B21E
:1057D00009E000231A4620460096FFF7E4FCD0B10A
:1057E00001282ED0FFDFB4F83E11681A00B200285D
:1057F000EFDA082084F88D00012084F88C00204620
:1058000001F0F5FE204600F0F8FA60484079BDE866
:105810007C40F5F7C9BBA06E002811D0B4F83E015A
:10582000B4F89420801A01B2002909DD34F86C0F15
:105830000144491E91FBF0F189B201FB0020208553
:105840007CBDB4F83E01BDF804100844A4F83E0144
:10585000C9E770B54E4C607A08B1002070BD94F86D
:10586000300030B1616B606A884202D9F8F70CFBF6
:10587000F3E7A06AC8B1F7F725FF0546F7F7F9FE89
:10588000284442F210714618FCF797FD0546294658
:10589000E06AFDF793FAE562A16A8219914202D2A9
:1058A0000120A062E2E7081AA062012070BD70B575
:1058B000374C012500202575207494F8300004F140
:1058C000100650B14FF47A71A069FCF74AFAA06152
:1058D0000021304603F070FD10E0002000F00DFBC9
:1058E0000546F7F7EFFE05442946A069FCF739FAAB
:1058F000A0612946304603F05FFD451C208C411C09
:105900000A2901D228442084606828B1208C401CD8
:105910000A2801D3022000E003206075FFF799FFF9
:1059200038B1207B314600F066FA002800D1FFDF55
:1059300070BD00F0DAFA15484079BDE87040F5F71F
:1059400033BB38B50025044680F82C51A0F87851B7
:105950002B462A4629460095FFF725FC00B1FFDFBC
:10596000C4F828510120C4F8205184F82C01A4F86F
:105970003E51A4F83C5184F8425134F8700F401E57
:1059800024F8B80B0020A4F8525038BDD8000020ED
:10599000000B002010B530B1F749012807D00228CC
:1059A0000BD0FFDF10BDBDE8104000F0EABA486A36
:1059B000BDE81040002100F0B5BA002081F83000A9
:1059C000FCF7F9FBED484079BDE81040F5F7ECBA7B
:1059D0002DE9F0410646E8480F460178E74D0329D6
:1059E00009D1017BB14206D1406868613846BDE803
:1059F000F04100F0EEBA304600F0F3F90621FAF774
:105A00005DFB040000D1FFDF304600F0EAF9218899
:105A1000884200D0FFDF214638466C61BDE8F04186
:105A200000F027BA10B5D44C207848B1012060723C
:105A3000F8F74CFA2078032804D0207A002800D008
:105A40000C2010BD207BFDF704F8207BFDF772FAD7
:105A5000207BFCF78FFC00B9FFDF0020207010BD19
:105A600010B5FFF7DFFF00F0F1FAC348002180F81E
:105A70003010C172084610BDC049487100208870BE
:105A800001220A7048700A71C870BB490870E7E7C4
:105A9000BA49087070472DE9F047B74C07460E46E3
:105AA000207800284BD1B648FCF702FC20731F2851
:105AB00045D04FF00309676084F8009000256572B7
:105AC000257287B1012107F58E70FDF740FE062093
:105AD000FAF7A0FA97F81C11B1FBF0F200FB1210D4
:105AE000401C87F81C01FCF73EFC40F2F65188424E
:105AF00000D2084600F23F101FFA80F8F7F7B9FD10
:105B0000E061F7F7DFFD0127E0B1A772FCF755FC74
:105B10008246002000F0F1F900EB08015046FCF746
:105B200020F9A061C4E90A6A277584F815909249A2
:105B30002574207B103100F05EF990B910E00C2044
:105B4000BDE8F087FCF739FC4146FCF70AF9A06193
:105B5000A57284F83070A6F28B566663A562E3E7FF
:105B6000FFDF25840020F8F7B1F90020E8E783493A
:105B7000487070478149087170472DE9F0417F4CAA
:105B80000746E088401CE080D4E902516078D7F8ED
:105B9000806120B13246284603F036FC0546A068F5
:105BA000854205D02169281A08442061FDF7D3F801
:105BB000A560AE4205D897F82C01012801D0E07805
:105BC00010B10020BDE8F0810120FBE710B50446CC
:105BD0000846FEF7CFFA4AF2B12108444FF47A7131
:105BE000B0FBF1F040F2E2414C4300F23630844227
:105BF00001D9201A10BD002010BD7CB5044600203C
:105C000084F8400194F8FE0000283FD194F82C015C
:105C100003283BD1FCF7D1FB0146D4F87001FDF716
:105C2000CDF8002832DD214600F016F9411CB4F809
:105C300070000144A4F83C11B4F83C11B4F8F4200D
:105C4000511A09B2002921DD012184F84211B4F86A
:105C50009A10B4F8982001AE891A491E084485B2FA
:105C60000EE00096B4F83C11002301222046FFF715
:105C70009AFA00280AD0012809D0022806D0FFDFAE
:105C8000B4F83C01281A00B20028EADA7CBDB4F866
:105C90003C01BDF804100844A4F83C01F0E738B515
:105CA00000250446012902D13448C07868B1042097
:105CB00084F82C01FCF77FFAA4F87A51B4F870004C
:105CC000A4F83E0184F842515FE60095B4F8F41060
:105CD000012300222046FFF766FA0028EAD0FFDF02
:105CE000E8E710B5062916D2DFE801F00509030C34
:105CF0000C0D002100E00121BDE81040CFE7032199
:105D000080F82C1110BDB0F834118AB2816ABDE858
:105D10001040FFF7FCB9FFDF10BD70B5174CA1783C
:105D2000022916D1E188002913D16569C5F88401DB
:105D300095F86500FEF78BFAD5F88411081AA1686A
:105D40000144A160E1680844E060BDE8704000F0F3
:105D5000A9B970BD70B5054608488478022C11D0E9
:105D6000054C243401B34FF47A7601290ED0022970
:105D700010D0FFDF70BD0000000B0020D800002015
:105D8000D1590100446904F5C074EBE71846FEF7E9
:105D900056FA02E01046FEF795FF00F2E140B0FB34
:105DA000F6F0281A2060E5E72560E3E7FE4810B525
:105DB000007808B1002010BD0620FAF71DF980F028
:105DC000010010BDF8480078002800D0012070477D
:105DD00010B504460C2800D3FFDFF44830F8140057
:105DE00010BD10B504461F2800D3FFDFEE48383041
:105DF00030F8140010BDFCF711BD70B5044600204A
:105E000084F82C0194F87C514FF6FF761F2D00D3B7
:105E1000FFDFE548383020F8156094F87C01FCF786
:105E2000A9FA1F2084F87C01A4E770B505460C464A
:105E300016461046FEF79EF94AF2B12108444FF487
:105E40007A71B0FBF1F000EB450004443046FEF7F8
:105E5000FEF9204460308DE7002809D0D1F83421C4
:105E6000498840F271235943C2EB4101B0FBF1F084
:105E700070472DE9F04101250226CD4F0C46082838
:105E800031D2DFE800F0040E161611301A23204636
:105E900000F0ADF9204600F064F984F84051BE707E
:105EA00090E601F00AFF01E0FEF72FFE84F8405172
:105EB00088E62046BDE8F0414CE4FEF7B3FCFEF76F
:105EC00024FE4FF0E020C0F880627BE694F82C01BD
:105ED000042800D0FFDF2046FFF78FFF7879BDE868
:105EE000F041F5F761B8FFDF6CE610B5AE4C207BF2
:105EF000FCF740FA0020207010BD08B500284FF0D4
:105F00000101684602D0FDF703FC01E0FDF7F6FB56
:105F10009DF8000042F210710002B0FBF1F201FBAB
:105F2000120008BD2DE9F0419F4C0746002084F87F
:105F30003000A669E07220700120207201216068A3
:105F400003F0B2F86068C0F87061257B80F87C517E
:105F5000C0F88071C0F8746106881F2D00D3FFDF80
:105F60009148383020F815606068FFF7EAFC00B10E
:105F7000FFDFFCF720F98E484079BDE8F041F5F7E6
:105F800013B870B5884C0025A07A18B10120FFF72E
:105F9000B4FF0546F7F796FB4119A069FBF7E1FE50
:105FA000A061002525740320607501202075607AAA
:105FB00030B97D49207B1031FFF71DFF00B9FFDFAD
:105FC0002584FCF7F8F87A484079BDE87040F4F78A
:105FD000EBBF70B5744D04462878032800D0FFDF6E
:105FE000082C31D2DFE804F0040E2A2A2630302DA6
:105FF00000206862F7F77CFD00B1FFDF6C490320E9
:106000008870B7E6F7F735FBE9690446A14206D286
:10601000601A0421FCF705FFEC6108B906E0E861AD
:10602000F7F7B1FE0028ECD0FFDFA3E6BDE8704033
:106030000020AFE4BDE87040FEF767BDBDE87040EA
:1060400035E4BDE8704050E7FFDF93E6FEB5584CFD
:106050000120E0704FF6FF750CE00621FAF72EF8EC
:10606000060000D1FFDF96F87C01FCF763FF3046A5
:10607000FFF7C3FE69460620F9F7ADFF50B1FFDF19
:1060800008E0029830B190F82C1119B10088A842AC
:10609000E3D104E06846F9F77CFF0028F1D0002046
:1060A000E070FEBD2DE9F0474148446994F8431182
:1060B000002955D094F82C11032951D194F86590FA
:1060C0000078FFF785FE054694F88C01FFF780FE07
:1060D000284486B294F88C01FFF77AFE00F5C86078
:1060E0001FFA80F84846FEF7B2F8D4F884110D1A6A
:1060F0004846FEF73FF84FF47A7A00F2E730B0FBFB
:10610000FAF02D1A4846FEF7A2F8D4F800110F1A3B
:106110004846FEF72FF84AF2B1210144B1FBFAF0EC
:106120003A1AA2F160007043B0FBF8F1292000EBAD
:1061300052006031A0EB510200EB5100AA4201D89D
:10614000854201D3F4F714FE608840F2E2414843EF
:106150003146FFF70DF8C4F83401002084F84301FC
:10616000EEE470B50446FCF7FEF8054694F86500C9
:10617000FEF700F84AF2B12108444FF47A71B0FBFF
:10618000F1F0D4F8341140F2712201446088504398
:10619000C1EB4006303EB72D00D8B725214601207F
:1061A00003F0CFFC284405E0000B002088B201007A
:1061B000D8000020351A21460120A5F21B3503F036
:1061C000C0FC616A9C30814201D9081A00E00020BD
:1061D0002C49A842CD6000D328468860D4F86C01D1
:1061E000A0F5D3700861BDE87040FCF7B4BD10B5F0
:1061F000044624490020C4F88001C880C4F8840102
:1062000094F8410138B9FCF7D8F8D4F84C11FCF7F0
:10621000D5FD002813DCB4F83E11B4F870008142BB
:1062200001D1B4F8F410081AA4F8F600A4F870101C
:10623000D4F86801C4F84C01C4F870011CE0B4F84B
:106240003C01B4F87010401AA4F8F600B4F83C0110
:10625000A4F87000D4F84C01C4F86801C4F87001C7
:10626000D4F85401C4F80001D4F85801C4F87401FA
:10627000B4F85C01A4F878012046BDE8104001F0B4
:1062800006BC0000D80000202DE9F0410E4604466F
:1062900003F06FFB0546204603F06DFB044603F058
:1062A000FDF8FB4F010015D0386990F864208A4250
:1062B00010D090F8C4311BB190F8C63123421FD0E2
:1062C0002EB990F85D30234201D18A4218D890F857
:1062D000C401A8B1284603F0E1F870B1396991F81A
:1062E0006520824209D091F8C40118B191F8C70124
:1062F000284205D091F8C40110B10120BDE8F08119
:106300000020FBE730B5E24C85B0E06900285ED0A4
:10631000142200216846F7F736F8206990F86500E6
:10632000FDF728FF4FF47A7100F5FA70B0FBF1F534
:10633000206990F86500FDF78AFF2844ADF8060053
:1063400020690188ADF80010B0F87010ADF80410A5
:106350004188ADF8021090F8A60130B1A069C11CC7
:10636000039103F01FFA8DF81000206990F8A50141
:106370008DF80800E169684688472069002180F8A7
:10638000A61180F8A5110399002920D090F8A41136
:1063900000291CD190F87C10272918D09DF81010E6
:1063A000039A002913D013780124FF2B11D0072B57
:1063B0000DD102290BD15178FF2908D180F8A441D1
:1063C0000399C0F8A8119DF8101080F8A71105B026
:1063D00030BD1B29F2D9FAE770B5AD4C206990F8B1
:1063E0007D001B2800D0FFDF2069002580F8A75022
:1063F00090F8D80100B1FFDF206990F8A81041B1F2
:1064000080F8A8500188A0F8DC1180F8DA510C213E
:1064100008E00188A0F8DC1180F8DA51012180F849
:10642000DE110B2180F8D8110088F9F77AFFF9F70F
:1064300023FC2079F4F7B8FD206980F87D5070BD09
:1064400070B5934CA07980072CD5A078002829D16D
:1064500062692046D37801690D2B01F170005FD08D
:106460000DDCA3F102034FF001050B2B19D2DFE87D
:1064700003F01A1844506127182C183A6400152BA1
:106480006FD008DC112B4BD0122B5AD0132B62D0BB
:10649000142B06D166E0162B71D0172B70D0FF2B72
:1064A0006FD0FFDF70BD91F87F200123194602F005
:1064B00038FF0028F6D12169082081F87F0070BDDF
:1064C0001079BDE8704001F0A2BC91F87E00C007D1
:1064D00000D1FFDF01F05AFC206910F87E1F21F087
:1064E0000101017070BD91F87D00102800D0FFDF20
:1064F0002069112180F8A75008E091F87D00142848
:1065000000D0FFDF2069152180F8A75080F87D10AA
:1065100070BD91F87D00152800D0FFDF172005E041
:1065200091F87D00152800D0FFDF1920216981F83E
:106530007D0070BDBDE870404EE7BDE8704001F0E1
:106540003ABC91F87C200123002102F0EAFE00B958
:10655000FFDF0E200FE011F87E0F20F0040008701E
:106560001DE00FE091F87C200123002102F0D9FE0C
:1065700000B9FFDF1C20216981F87C0070BD12E0AA
:106580001BE022E091F87E00C0F30110012800D04A
:10659000FFDF206910F87E1F21F010010170BDE8B7
:1065A000704001F0F3BB91F87C200123002102F040
:1065B000B8FE00B9FFDF1F20DDE791F87D0021283C
:1065C00001D000B1FFDF2220B0E7BDE8704001F04C
:1065D000E9BB2F48016991F87E20130702D50121FC
:1065E0008170704742F0080281F87E208069C0788F
:1065F00081F8E10001F0C1BB10B5254C21690A8882
:10660000A1F81A2281F8180291F8640001F0A9FBA0
:10661000216981F81C0291F8650001F0A2FB216953
:1066200081F81D02012081F81602002081F8C401C2
:106630002079BDE81040F4F7B7BC10B5144C052123
:106640002069FFF74EFB206990F85A10012908D005
:1066500000F5F77103F048FA2079BDE81040F4F72F
:10666000A3BC022180F85A1010BD10B5084C0123BC
:106670000921206990F87C20703002F052FE48B168
:106680002169002001F8960F087301F81A0C10BD5B
:10669000F80000200120A070F9E770B5FE4D01233D
:1066A00029462869896990F87C2009790E2A01D148
:1066B000122903D000241C2A03D004E0BDE8704056
:1066C000D3E7142902D0202A07D008E080F87C40C4
:1066D00080F8A240BDE87040AFE7162906D0262A10
:1066E00001D1162902D0172909D00CE000F87C4FFF
:1066F00080F82640407821280CD01A2017E090F826
:106700007D20222A07D0EA69002A03D0FF2901D17F
:1067100080F8A63132E780F87D4001F037FB286928
:1067200080F8974090F8C4010028F3D00020BDE81D
:10673000704061E72DE9F843D74C206990F87C1050
:10674000202909D05FF0000790F87D10222905D09C
:106750007FB300F17C0503E00127F5E700F17D053B
:1067600010F8B01F41F004010170A06903F007F9AF
:106770004FF00108002608B33946A069FFF784FDF1
:10678000E0B16A46A169206902F096FE90B3A06963
:1067900003F0F3F82169A1F8AE01B1F8701001F02F
:1067A000C6FA40B32069282180F88D1080F88C80CB
:1067B00048E0FFE70220A070BDE8F883206990F868
:1067C000C40110B11E20FFF717FFAFB1A069216906
:1067D000C07881F8E20008FA00F1C1F3006000B966
:1067E000FFDF20690A2180F87C1090F8A20040B9F0
:1067F000FFDF06E009E01AE02E7001F0C7FAFFF7AC
:10680000E8FE206980F89760D6E7206990F8C40117
:1068100018B10020FFF7F0FE2E70206900F17D0115
:1068200080F897608D420DD180F87D600AE0206984
:106830009DF8001080F8B0119DF8011080F8B1119A
:1068400024202870206900F17D018D4203D1BDE82C
:10685000F84301F09BBA80F8A260ADE770B58E4CAA
:1068600001230B21206990F87D20703002F059FD42
:10687000202650BB20690123002190F87D20703034
:1068800002F04FFD0125F0B1206990F87C0024282A
:106890001BD0A06903F063F8C8B1206990F8B0106C
:1068A00041F0040180F8B010A1694A7902F00702B2
:1068B00080F85D20097901F0070180F85C1090F8FC
:1068C000C5311BBB06E0A57058E6A67056E6BDE8CC
:1068D00070407EE690F8C431C3B900F164035E787D
:1068E0008E4205D11978914202D180F897500DE07F
:1068F00000F504710D7002884A8090F85C200A71DE
:1069000090F85D0048712079F4F74EFB2169212051
:1069100081F87D00BDE8704001F02FBAF8B55E4CFB
:10692000206990F87E0010F0300F04D0A07840F07D
:106930000100A070F8BDA06902F0FAFF50B3A06991
:1069400002F0F0FF0746A06902F0F0FF0646A069DA
:1069500002F0E6FF0546A06902F0E6FF0146009757
:10696000206933462A46303003F046F8A079800784
:1069700003D56069C07814280FD0216991F87C0094
:106980001C280AD091F85A0001280ED091F8BB01BA
:1069900058B907E0BDE8F8401BE62169012081F8FD
:1069A0005A0002E091F8BA0130B1206910F87E1F58
:1069B00041F0100101700EE091F87E0001F5FE72C9
:1069C00040F0200081F87E0031F8300B03F080F8B1
:1069D0002079F4F7E9FABDE8F84001F0CEB970B5D6
:1069E0002D4C206990F87E10890707D590F87C20FF
:1069F00001230821703002F094FCE8B1206990F87E
:106A0000AA00800712D4A06902F073FF216981F8FF
:106A1000AB00A06930F8052FA1F8AC204088A1F8A0
:106A2000AE0011F8AA0F40F002000870206990F83B
:106A3000AA10C90703D00FE00120A0709EE590F8CE
:106A40007E00800700D5FFDF206910F87E1F41F02F
:106A50000201017001F091F92069002590F87C1085
:106A6000062906D180F87C5080F8A2502079F4F7EE
:106A70009BFA206990F8AC110429DFD180F8AC5161
:106A80002079F4F791FA206990F87C100029D5D18B
:106A900080F8A25072E50000F800002070B5FE4CAE
:106AA00001230021206990F87D20703002F039FC2C
:106AB000012578B9206990F87D20122A0AD0012397
:106AC0000521703002F02DFC10B10820A07055E5B2
:106AD000A57053E5206990F8A80008B901F04DF9B8
:106AE0002169A06901F5847102F0F1FE2169A069B4
:106AF000D83102F0F2FE206990F8E00100B1FFDF2A
:106B000021690888A1F8E20101F5F271A06902F09B
:106B1000D6FE2169A06901F5F67102F0D5FE206963
:106B200080F8E051142180F87D102079BDE8704094
:106B3000F4F73ABA70B5D84C01230021206990F8D7
:106B40007D20703002F0EDFB0125A8B1A06902F0B4
:106B50008CFE98B1A0692169B0F80D00A1F8AE01D2
:106B6000B1F8701001F0E3F858B12069282180F8DD
:106B70008D1080F88C5001E5A570FFE4BDE87040F1
:106B800027E5A0692169027981F8B021B0F80520D4
:106B9000A1F8B22102F060FE2169A1F8B401A06958
:106BA00002F05DFE2169A1F8B601A06902F05AFE6B
:106BB0002169A1F8B8010D2081F87D00DEE47CB5E3
:106BC000B54CA079C00738D0A06901230521C5784C
:106BD000206990F87D20703002F0A3FB68B1AD1EF3
:106BE0000A2D06D2DFE805F00909050509090505A2
:106BF0000909A07840F00800A070A07800281CD1F6
:106C0000A06902F0FFFD00287AD0A0690226C578AD
:106C10001DB1012D01D0162D18D1206990F87C00EE
:106C200002F067FB90B1206990F87C101F290DD00D
:106C3000202903D0162D16D0A6707CBD262180F801
:106C40007C10162D02D02A20FFF7D6FC0C2D58D030
:106C50000CDC0C2D54D2DFE805F033301D44A7A71F
:106C6000479E57A736392020A0707CBD0120152DE6
:106C700075D008DC112D73D0122D69D0132D64D07E
:106C8000142D3DD178E0162D7CD0182D7DD0FF2D10
:106C900036D183E020690123194690F87F207030B7
:106CA00002F03FFBF8B9A06902F007FE216981F804
:106CB0009201072081F87F0078E001F044F975E047
:106CC000FFF738FF72E001F01EF96FE0206990F8DD
:106CD0007D10112901D0A67068E0122180F87D1086
:106CE00064E0FFF7DBFE61E0206990F87D00172883
:106CF000F1D101F04BF821691B2081F87D0055E0AE
:106D000052E0FFF76CFE51E0206990F87E00C0076A
:106D100003D0A07840F001001FE06946A06902F0AE
:106D2000EAFD9DF8000000F02501206900F8B01F81
:106D30009DF8011001F04101417001F01EF8206939
:106D400010F87E1F41F0010114E0FFF78EFC2DE0EA
:106D5000216991F87E10490705D5A07026E00EE064
:106D600016E00FE011E001F008F8206910F87E1F2E
:106D700041F00401017019E0FFF7D0FD16E001F0C9
:106D80008AF813E0FFF76AFD10E0FFF7D3FC0DE08F
:106D900001F060F80AE0FFF780FC07E0E16919B153
:106DA000216981F8A60101E0FFF713FC2069F0E9F1
:106DB0003012491C42F10002C0E900127CBD70B5DE
:106DC000354CA07900074AD5A078002847D1206922
:106DD00090F8E400FE2800D1FFDF2069FE210025A5
:106DE00080F8E41090F87D10192906D180F8A7509A
:106DF00000F0CCFF206980F87D50206990F87C106D
:106E00001F2902D0272921D119E090F87D0002F036
:106E100070FA78B120692621012380F87C1090F85F
:106E20007D200B21703002F07CFA78B92A20FFF720
:106E3000E3FB0BE02169202081F87C0006E00121C2
:106E400080F8A51180F87C5080F8A250206990F855
:106E50007F10082903D10221217080F8E41059E441
:106E600010B50D4C216991F8B0210AB991F8642050
:106E700081F8642091F8B1210AB991F8652081F870
:106E8000652010B10020FFF7B7FB206902F0D4FDA8
:106E9000002809D0206901E0F8000020BDE810407A
:106EA00000F5F77102F020BE10BD70B5FC4C06462F
:106EB0000D46206990F8E400FE2800D0FFDF22692B
:106EC000002082F8E46015B1A2F8A40022E422F8C0
:106ED0009E0F012010711DE470B5F14C01230021BB
:106EE000206990F87C20703002F01BFA002869D0ED
:106EF000206990F8BA1111B190F8BB1139B190F82E
:106F0000C41100295DD090F8C51111B359E090F873
:106F10007D1024291BD090F87C10242917D0002341
:106F200000F5D87200F5DD7102F058FD21690020EE
:106F300081F8BA0101461420FFF7B7FF216901F17A
:106F40003000C28A21F8E62F408B48803FE00123C1
:106F5000E6E790F87D2001230B21703002F0E1F983
:106F600078BB206990F8640000F0FBFE05462069BC
:106F700090F8650000F0F5FE0646206990F8C6110D
:106F8000284600F0E0FE50B1206990F8C711304665
:106F900000F0D9FE18B10020FFF72EFB11E02069A8
:106FA0000123032190F87D20703002F0BAF940B936
:106FB00020690123022190F87D20703002F0B1F9A0
:106FC00008B1002080E400211620FFF76EFF0120A9
:106FD0007AE410B5F0BBB24C206990F87E10CA0775
:106FE00002D00121092051E08A070AD501210C2095
:106FF000FFF75BFF206910F8AA1F41F00101017043
:1070000046E04A0702D5012113203FE00A0705D5D3
:1070100010F8E11F41710121072037E011F0300F16
:107020003AD090F8BB11A9B990F8BA11D9B190F83B
:107030007D1024292ED090F87C1024292AD00023FA
:1070400000F5D87200F5DD7102F0C8FC216911F875
:107050007E0F00E020E020F0200040F010000870DB
:10706000002081F83C01206990F87E10C90613D5F4
:1070700002F0E2FCFFF7E1FA216901F13000C28A77
:1070800021F8E62F408B488001211520FFF70DFFE6
:10709000012010BD0123D3E7002010BD70B5804C46
:1070A000206990F8E410FE2978D1A178002975D1E3
:1070B00090F87F2001231946703002F032F9002841
:1070C0006CD1206990F8901149B10021A0F89C1072
:1070D00090F8911180F8E610002102205BE090F812
:1070E0007D2001230421703002F01BF90546FFF7D3
:1070F00070FF002852D1284600F089FF00284DD1AA
:1071000020690123002190F87C20703002F009F9F9
:1071100078B120690123042190F87D20703002F0BD
:1071200000F930B9206990F8960010B100211220C2
:1071300031E0206990F87C200A2A0DD0002D2DD155
:1071400001230021703002F0ECF878B1206990F84A
:10715000AC1104290AD105E010F8E21F01710021E9
:10716000072018E090F8AA00800718D0FFF7B4FEB7
:10717000002813D120690123002190F87C20703071
:1071800002F0CFF8002809D0206990F8A401002867
:1071900004D00021FF20BDE8704086E609E0002110
:1071A0000C20FFF782FE206910F8AA1F41F00101B0
:1071B000017043E43EB505466846FDF7BDFE00B9E3
:1071C000FFDF222200210098F6F7DDF80321009866
:1071D00002F0FFFA0098017821F0100101702946B1
:1071E00002F01DFB2E4C0D2D40D00BDCA5F102054D
:1071F0000B2D19D2DFE805F01F184719191F185673
:1072000018192400152D5ED008DC112D25D0122D63
:107210000BD0132D09D0142D06D154E0162D29D0F2
:10722000172D69D0FF2D73D0FFDFFDF79AFE0028E0
:1072300000D1FFDF3EBD2169009891F8E61017E00C
:10724000E26800981178017191884171090A817191
:107250005188C171090A0172E7E70321009802F021
:10726000A6FB0621009802F0A6FBDEE700980621A7
:107270000171DAE70098216991F8C621027191F84D
:10728000C7114171D1E72169009801F5887102F0B9
:1072900028FB21690098DC3102F028FBC5E70000DB
:1072A000F8000020F849D1E90001CDE90101206989
:1072B00001A990F8B00000F025008DF804000098B6
:1072C00002F048FBB1E72069B0F84810009802F0DE
:1072D00017FB2069B0F8E810009802F015FB206950
:1072E000B0F84410009802F013FB2069B0F8E610E3
:1072F000009802F011FB98E7216991F8C401002879
:107300000098B9D111F8642F02714978B9E7FFE705
:10731000206990F8A721D0F8A811009802F08DFA02
:1073200083E7DA4810B5006990F8821041B990F807
:107330007D2001230621703001F0F3FF002800D0EA
:10734000012010BD70B5D14D286990F8801039B179
:10735000012905D0022906D0032904D0FFDF0AE461
:10736000B0F8F41037E090F87F10082936D0B0F864
:107370009810B0F89A2000248B1C9A4206D3511A18
:10738000891E0C04240C01D0641EA4B290F896103F
:1073900039B190F87C2001230921703001F0C1FF40
:1073A00040B3FFF7BEFF78B129690020B1F8902003
:1073B000B1F88E108B1C9A4203D3501A801E00D055
:1073C000401EA04200D284B20CB1641EA4B228694F
:1073D000B0F8F4102144A0F8F01040E5B0F898108F
:1073E0000329BDD330F8701F428D1144491CA0F809
:1073F000801034E50024EAE770B50C4605464FF4EA
:10740000087200212046F5F7BEFF258027E5F8F732
:107410005FBF2DE9F0410D4607460621F8F74EFE05
:10742000041E3ED094F8CC010026B8B16E7007203F
:1074300028700DE0268484F8CC61D4F8CE01C5F81C
:107440000200D4F8D201C5F80600B4F8D60168816C
:1074500094F8CC010028EDD1AE70B6E094F8D801D4
:1074600090B394F8D8010B2813D00C2801D0FFDF7B
:10747000ABE02088F8F755FF0746F8F712FC78B91B
:107480006E700C20287094F8DA01A8702088A8800B
:1074900014E02088F8F745FF0746F8F702FC10B122
:1074A0000020BDE8F0816E700B20287094F8DA019E
:1074B000A8702088A88094F8DE01A87184F8D861AB
:1074C0003846F8F7E8FB80E0FFE794F80E0230B1A9
:1074D0006E700E20287084F80E626F8075E094F84C
:1074E000E00180B16E700820287020886880D4F890
:1074F000E4116960D4F8E811A960B4F8EC01A8813E
:1075000084F8E06161E094F8080270B16E701620B2
:10751000287005E084F80862D4F80A02C5F8020071
:1075200094F808020028F5D14FE094F8EE01B0B1CC
:107530006E70122028700DE084F8EE61D4F8F0012E
:10754000C5F80200D4F8F401C5F80600D4F8F80133
:10755000C5F80A0094F8EE010028EDD135E094F862
:10756000FC0180B16E701820287084F8FC61D4F89A
:10757000FE01C5F80200D4F80202C5F80600B4F80E
:107580000602688121E094F8100240B119202870A9
:1075900084F81062D4F81202C5F8020015E094F8DD
:1075A000160200283FF47DAF6E701320287008E0AB
:1075B00084F81662D4F81802C5F80200B4F81C0268
:1075C000E88094F816020028F2D1012069E72F48DC
:1075D0000021C16101620846704730B52B4D0C4651
:1075E000E860FFF7F4FF00B1FFDF2C7130BD002130
:1075F00080F87C1080F87D1080F8801090F8FE10E4
:1076000009B1022100E00321FEF76BBB2DE9F04137
:107610001E4C0546206909B1002104E0B0F80611AE
:10762000B0F8F6201144A0F8061190F8901139B97D
:1076300090F87F2001231946703001F072FE30B1BE
:10764000206930F89C1FB0F85A201144018020694D
:1076500090F8A23033B1B0F89E10B0F8F620114483
:10766000A0F89E1090F9A670002F06DDB0F8A410C7
:10767000B0F8F6201144A0F8A41001213D263DB138
:1076800080F88D6018E00000A0B20100F800002032
:107690002278022A0AD0012A11D0A2782AB380F8CF
:1076A0008C1012F0140F0DD01E2113E090F8E6207C
:1076B000062A3CD016223AE080F88C1044E090F87C
:1076C000922134E0110702D580F88D603CE09106EC
:1076D00003D5232180F88D1036E0900700D1FFDF1D
:1076E00021692A2081F88D002AE02BB1B0F89E2074
:1076F000B0F8A0309A4210D2002F05DDB0F8A420D7
:10770000B0F8A0309A4208D2B0F89C30B0F89A2075
:10771000934204D390F890310BB1222207E090F805
:1077200080303BB1B0F89830934209D3082280F8FA
:107730008D20C1E7B0F89820062A01D33E22F6E753
:10774000206990F88C1019B12069BDE8F0414EE72E
:10775000BDE8F0410021FEF7C4BA2DE9F047FF4C27
:1077600081460D4620690088F8F7EDFD060000D13E
:10777000FFDFA0782843A070A0794FF000058006B5
:10778000206904D5A0F8985080F8045103E030F83F
:10779000981F491C0180FFF7C4FD012740B3E08812
:1077A000000506D5206990F8821011B1A0F88E501E
:1077B0001EE02069B0F88E10491C89B2A0F88E1026
:1077C000B0F890208A4201D3531A00E00023B4F8A5
:1077D00008C00CF1050C634501D880F89670914201
:1077E00006D3A0F88E5080F80E722079F3F7DCFBF8
:1077F000A0794FF0020810F0600F0ED0206990F8C9
:10780000801011B1032908D102E080F8807001E0F6
:1078100080F880800121FEF764FA206990F88010DA
:10782000012904D1E188C90501D580F88080B9F12A
:10783000000F71D1E188890502D5A0F8185104E044
:10784000B0F81811491CA0F8181100F0A7FBFEF7BA
:1078500059FDFFF723FC00F0B2FD0028206902D09B
:10786000A0F8F85003E030F8F81F491C018000F040
:10787000A9FD38B1206990F80411022907D8491CE4
:1078800080F80411206990F80401022804D92069C5
:1078900020F8F85F4580057320690123002190F8E6
:1078A0007D20703001F03DFD20B9206990F87D0009
:1078B0000C286AD120690123002190F87C207030C7
:1078C00001F02FFD48B320690123002190F87F20AB
:1078D000703001F026FD00B3206990F88010022975
:1078E00053D190F80401C0B93046F7F7AAFFA0B110
:1078F000216991F8E400FE2847D1B1F8F20001288F
:1079000043D981F8FD70B1F89A20B1F89800931E20
:10791000984203DB012004E043E036E0101A401EE9
:1079200080B2B1F8F82023899A4201D3012202E003
:107930009A1A521C92B2904200D91046012801D1E5
:1079400081F8FD5091F86F206AB98A6E5AB1B1F88A
:107950009420B1F87030D21A12B2002A03DD90429E
:1079600000DB104680B291F8892192B1B1F8FA207B
:10797000B1F88A118A4201D3012102E0891A491C17
:1079800089B2884205D9084603E02169012081F8BF
:10799000FD502169B1F870201044A1F8F400FFF700
:1079A000D1FCE088C0F340214846FFF72FFE206954
:1079B00080F8FE50BDE8F047FDF7F6BA6749024689
:1079C0008878CB78184312D10846006942B189798A
:1079D000090703D590F87F00082808D001207047D8
:1079E000B0F84C10028E914201D8FEF7C6B80020C4
:1079F000704770B5594C05460E46E0882843E08034
:107A0000A80703D5E80700D0FFDF6661EA074FF05B
:107A100000014FF001001AD0A661F278062A02D0C8
:107A20000B2A14D10AE0226992F87D30172B0ED16F
:107A30000023E2E92E3302F8370C08E0226992F8BD
:107A40007D30112B03D182F8811082F8A800AA079B
:107A500018D56269D278052A02D00B2A12D10AE021
:107A6000216991F87D20152A0CD10022E1E930220C
:107A700001F83E0C06E0206990F87D20102A01D123
:107A800080F88210280601D50820E07067E42DE90F
:107A9000F84F324C00254FF00108E580A570E570E5
:107AA0004146257061F3070220619246814680F8C5
:107AB000FE800088F8F747FC070000D1FFDF20694F
:107AC0000088FDF736FA20690088FDF75BFA206927
:107AD000B0F8F21071B190F8E410FE290FD190F8CF
:107AE000901189B190F87F2001231946703001F080
:107AF00018FC78B1206990F8E400FE2804D02069D1
:107B000090F8E400FFF756FB206990F8FF1089B168
:107B1000258118E02069A0F89C5090F8911180F818
:107B2000E61000210220FFF7C0F9206980F8FD501F
:107B30000220E7E790F8CC1119B9018C82889142B4
:107B400000D881882181B0F8F610491E8EB2B0F8B5
:107B5000F8103144A0F8F81002E00000F80000200E
:107B600090F8FC1021B1A0F8FA5080F8FC5004E025
:107B7000B0F8FA103144A0F8FA1030F8981F3144E8
:107B80000180FFF7CEFB20B1206930F88E1F314411
:107B900001802069B0F8F210012902D8491CA0F830
:107BA000F2100EB180F8045190F8FD10A1B1B0F8B8
:107BB000F800218988420FD23846F7F742FE58B1C3
:107BC000206990F8891139B1B0F8FA10B0F88A013B
:107BD000814201D300F0F9FB206980F8FD5090F854
:107BE0007D100B2901D00C2916D1B0F87020B0F807
:107BF000AE31D21A12B2002A0EDBD0F8B011816079
:107C000090F8B4110173032101F04EFA206980F855
:107C10007D5080F8B28026E0242910D1B0F8701091
:107C2000B0F8AE21891A09B2002908DB90F8C40126
:107C3000FFF716F9206900F87D5F857613E090F86C
:107C40007C10242901D025290DD1B0F87010B0F88E
:107C5000AE01081A00B2002805DB0120FFF700F989
:107C6000206980F87C5020690146B0F8F620703019
:107C700001F0C8FA206990F8891109B1A0F8FA500A
:107C8000F6480090F64BF74A4946504600F0DEFAB7
:107C9000216A11B16078FCF74DFE206901230521AE
:107CA00090F87D20703001F03CFB002803D0BDE847
:107CB000F84F00F038BABDE8F88F00F045BBEA494C
:107CC000C8617047E848C069002800D001207047AB
:107CD000E54A50701162704710B50446B0F8B421FF
:107CE0004388B0F8B611B0F8B8019A4205D1A3881C
:107CF000994202D1E38898420FD02388A4F8D0316A
:107D0000A4F8D221A4F8D411A4F8D601012084F853
:107D1000CC01D5480079F3F747F90221204601F05C
:107D2000C3F9002004F87D0F0320E07010BD401A55
:107D300000B247F6FE71884201DC002801DC012018
:107D4000704700207047012802D0022805D102E0C8
:107D5000012904D001E0022901D000207047012050
:107D6000704710B5012804D0022804D0FFDF204658
:107D700010BD0124FBE70224F9E7BB48002100699C
:107D800020F8A41F8178491C81707047B64800B55F
:107D9000016911F8A60F401E40B20870002800DAF1
:107DA000FFDF00BDB0482721006980F87C1000216A
:107DB00080F8A411704710B5AB4C206990F8AC1155
:107DC000042916D190F87C2001230021703001F0A5
:107DD000A8FA00B9FFDF206990F8AA10890703D438
:107DE000062180F87C1004E0002180F8A21080F8C1
:107DF000AC11206990F87E00800707D5FFF7C6FF19
:107E0000206910F87E1F21F00201017010BD964913
:107E100010B5096991F87C200A2A09D191F8E2206D
:107E2000824205D1002081F87C0081F8A20010BDBB
:107E300091F87E20130706D522F0080081F87E0015
:107E4000BDE81040A2E7FF2801D0FFDF10BDBDE86C
:107E50001040A7E710B5844C206910F8B01F41F01E
:107E600004010170A06901F0A4FD162806D1206963
:107E700090F87C00202802D0262805D010BDA069EB
:107E800001F09BFDFEF7B8FB2169002081F87C0022
:107E900081F8A20010BDF8B5734C01230A212069B6
:107EA00090F87C20703001F03CFA38B3A06901F002
:107EB0003FFDC8B1A06901F035FD0746A06901F09A
:107EC00035FD0646A06901F02BFD0546A06901F0CD
:107ED0002BFD01460097206933462A46303001F0D9
:107EE0008BFD206901F0A8FD2169002081F8A20026
:107EF00081F87C00BDE8F840FEF79FBBA07840F019
:107F00000100A070F8BD10B5574C01230021206975
:107F100090F87D20703001F004FA30B1FFF72DFFAA
:107F20002169102081F87D0010BD20690123052101
:107F300090F87D20703001F0F4F908B1082000E0DD
:107F40000120A07010BD70B5474C012300212069AD
:107F500090F87D20703001F0E4F9012588B1A06926
:107F600001F0A8FC2169A1F8AE01B1F87010FFF78B
:107F7000DEFE40B12069282180F88D1080F88C50F9
:107F800084E5A57082E52169A06901F5D87101F049
:107F90008CFC21690B2081F87D0077E510B5FEF798
:107FA0000EFFFEF70CFE304CA079400708D5A078F4
:107FB00030B9206990F87F00072801D10120207096
:107FC000FEF73EFAA079C00609D5A07838B9206935
:107FD00090F87D100B2902D10C2180F87D10E078FB
:107FE00000070ED520690123052190F87D2070300F
:107FF00001F097F930B10820A0702169002081F8C4
:10800000D80110BDBDE81040002000F016BB10B52F
:10801000154C216991F87D2040B3102A06D0142A0E
:1080200007D0152A23D01B2A35D123E001210B20AC
:1080300022E0FBF769FB0C2820D32069082100F51A
:108040008870FBF765FB28B120690421DC30FBF761
:108050005FFB00B9FFDF012104200DE05B77010029
:10806000BD790100F3790100F800002008E000F07C
:1080700017F803E001210620FEF717FF012010BDCD
:10808000212A08D191F8970038B991F8C40110B1AC
:1080900091F8C50108B1002010BD01211720EBE7C0
:1080A00070B5184C0025206990F8931101290AD069
:1080B000022925D190F8A810A9B1062180F8E61070
:1080C0000121022017E090F8D811002918D100F101
:1080D000C80300F58471002200F5CA7001F0C1F8F0
:1080E0000121052007E090F8B000400701D51120DC
:1080F00000E00D200121FEF7D8FE206980F89351A1
:10810000C4E40000F8000020F9480078002800D0FE
:108110000C20704710B50446FFF7F6FF00B1FFDFF3
:10812000F348047210BDF2490120C871704770B560
:108130000C460546082B01D0194600E004211046E4
:1081400001F075F9844200D220460DB1001D80B2C5
:10815000C0B270BD70B5E64934314C6804F17005A9
:1081600060B1628F218F94F86530A87CFFF7DFFF44
:1081700094F86510BDE87040FCF79EB8FF2094F8B5
:108180006410F7E72DE9F0478146D9483430446858
:10819000002004F17005628F218F94F86530FFF79D
:1081A000C6FFD34F0646D34878620120FFF7D2FFBF
:1081B000A87C4FF0000840B305F15801CE4891E883
:1081C0000E1000F1080A8AE80E10A96EC0F82110FE
:1081D000E96EC0F82510FE38FCF743FBC6480121C4
:1081E00008300176D5E91412C0E90412A0F58372B3
:1081F000796AFBF728FF94F8650000F0A7FB0246B8
:1082000031460120FBF72DFF04E0786AFCF729FBDB
:10821000FBF74BFFB9F1000F03D141469620FCF765
:108220004CFB94F8642001210020FCF706FC94F834
:108230002C00012801D1FCF7DFFB02203870FCF78D
:1082400061FD002800D0FFDFBDE8F0872DE9F04395
:10825000A74D87B0804628780E9F1C461646894653
:1082600010B90EB104B107B9FFDFEF61C5E90564CC
:108270000020C5E90D89E871A871E870A87028711F
:108280009B4F6871A8813437E8817E68344636F8A0
:10829000700BF8F758F8E8622088F8F742F828637E
:1082A000FCF714F894F96700FCF7CEF804F112001B
:1082B000FCF7B9FA04F10E00FCF7CCF80120FCF74A
:1082C000CDFA18228D496846F5F733F88C480490AA
:1082D0006846FCF7B7FAF07EFCF7C6F8FCF7B8FA88
:1082E00094F86F0078B9A06E68B1B08C318888427C
:1082F00009D1B4F86C1001220844B08494F86E00DF
:10830000A16EF9F708FE628F218F94F86530B07C7A
:10831000FFF70DFF94F865402146FBF7CDFF786825
:1083200090F8880108B1FCF74FF821460120FCF7CE
:1083300054F97868D0F80001FCF797FA0120FFF7AC
:1083400021FF07B0BDE8F083694800B50078022836
:1083500000D0FFDF00BD664810B534304468FCF73C
:10836000FBFAFCF7DAFAFCF729FAFCF762FAFBF7FA
:108370009CFE94F82C00012801D1FCF733FB94F803
:108380006F0038B9A06E28B1002294F86E00114633
:10839000F9F7C1FD564CE08900F0E2FAE269A179F3
:1083A000A07890470020207010BD514810B500788B
:1083B000022800D0FFDFBDE81040CCE7CBE74C48F7
:1083C000007970474A48C078704749490120487190
:1083D00070472DE9FC474648454E3430A0F114075C
:1083E00044684FF0000A254694F875004FF00108E4
:1083F000703458B3012868D002286AD0032876D098
:10840000FFDF316AB1460826087820F008000870BE
:10841000A37906EAC303184320F004000870E37947
:10842000042606EA8303184320F0100008706779D9
:10843000D9F82C00F7F715FA0646FCF7C8FD022F0D
:1084400067D0012F65D0032F66D068E000F094FA62
:10845000AA8E0146104600F0EAFF298E814200D222
:1084600008464C21ADF8040048533846FCF78DFD12
:1084700048B14FF48060316A00F077FA03206071F0
:1084800084F80380BDE76A4601A9F06A00F05CFA4F
:10849000306210B194F8371029B13846FCF746FD28
:1084A00084F80580ADE79DF8001031B9A0F800A070
:1084B00080F802A0012101F08CF9BDF80410306AA7
:1084C00001F07DFA022060719BE73846FCF72EFD33
:1084D00097E7B5F84C00ADF804006A4601A9F06AC8
:1084E00000F032FA306200288BD1FFDF89E709E023
:1084F0001C010020780B0020780D0020A8B201009C
:108500001B5D01003846FCF740FD0028BAD1FFDFB3
:1085100077E7B04301D002E00EB1012100E0002175
:10852000D9F820004E46027842EA01110170617CC0
:1085300051B36179012927D004F15801F7488EC958
:1085400000F1080989E88E00A16EC0F82110E16EE3
:10855000C0F82510FE38FCF784F9F048083080F8A0
:1085600018A0D4E91212C0E90412A0F58371326A8E
:10857000FBF769FD95F8640000F0E8F90246FB217D
:108580000020FBF76EFD03E0FCF76BF9FBF78DFDB8
:10859000012195F865200846FCF74FFA86F804801B
:1085A000316A0A8832828978B17486F80080FCF7D3
:1085B000B5FB002800D0FFDFBDE8FC8770B5D84CC4
:1085C000054639B9012D05D1E078401CC0B2E070F4
:1085D000012820D8A16928468847E0B16179D148AF
:1085E00031B1012D04D1417811B90178C90612D5F4
:1085F000A17981B98DB9CA4910310978CA0602D466
:108600000078C00607D5A08928B9A06A28B9608972
:1086100018B1C80601D4012070BD002070BD10B58E
:10862000BF4CA06A00B9FFDF6289D4E90910D21CEF
:10863000F4F77FFEA06A606210BD2DE9F0470600E6
:10864000B748B74D00F134004468686A04F170041B
:10865000477801D0012E03D1296B02F0EDF8687044
:1086600068784FF000084FF0010938B1012816D0A2
:1086700002282FD0032844D0FFDFE5E5012E30D0BB
:10868000FFF7CDFF39460122286BF7F75BF926E0AB
:1086900084F8078030E000BF84F807902CE0012EBA
:1086A00008D0FFF7BCFF39460022286BF7F74AF9DC
:1086B000022EE2D0D4E91401401C41F10001C4E9CA
:1086C0001401E079012802D084F80790BCE584F811
:1086D0000780B9E5012E04D0286BF7F7B7FA022E10
:1086E000CBD0D4E91401401C41F10001C4E91401CC
:1086F000E0790128D0D1CBE7287ABDE8F047F2F73E
:1087000053BC012EB9D0286BF7F7A0FAF4E770B587
:108710008349834A343100264C68516A01257034FC
:108720000B7803F00303012B14D0022B12D0032B80
:1087300003D0907940F0040023E0A570D08940F484
:108740000060D081012000F010F91CE0E67170BDDE
:10875000E57170BD4978B1B1D38943F40063D38129
:10876000936A002BF5D0FB2908D8D17921B1BDE857
:108770007040802000F0F4B8057070BD907940F032
:108780001000907170BDE0790128E1D1DEE770B58D
:108790006348634D3430446828787034012800D031
:1087A000FFDFA07838B10020A0700146042000F05F
:1087B000DCF801202071296A0878C043800705D1C0
:1087C000A889400502D5022000F0CFF80121002041
:1087D000FFF7F4FE10B1BDE87040BCE5BDE87040A5
:1087E0000020CFE42DE9F84F4D4F4D4C3437002693
:1087F0007D6882468DF8006020787035022800D0B0
:10880000FFDFE08940F40070E0810020FFF7A2FC68
:10881000A87CBAF1000F5BD0FBF76AFCFBF75AFCAF
:108820004FF0010968B9A87C58B1606A417841B13C
:108830000078E979C0F3C000884202D184F8029040
:1088400059E0606A4178618121B1206BF7F734F813
:10885000A06200E0A662E089B84640F02000E08116
:10886000E670786800F17007064690F82C00012841
:1088700016D1FCF7B7F83946304600F010FD78B154
:10888000D8F804003188A0F80A12397A80F80C125E
:10889000797A80F80D1280F80892207AF2F784FB3A
:1088A000606AA9790078C0F38000884205D000F0A2
:1088B00094F8E08940F48070E081606AE97900789A
:1088C000C0F3C00088420AD16846FFF720FF06E0E7
:1088D00008B1FBF73EFCE08940F04000E0815146E2
:1088E0000120FFF76BFE00289DF8000007D010B1B3
:1088F0000020FFF7A2FEFFF72EFDBDE8F88F10B1B4
:108900000120FFF79AFEFFF764FD9DF800000028A4
:10891000F3D00220FFF791FEEFE70000780D002072
:108920001C010020780B002070B5064654480D4607
:108930004468FBF773FC034694F8642029463046EC
:10894000BDE87040FDF706BAF6F7C5BE00B50128D0
:1089500002D0022802D0FFDF002000BD012000BDB0
:10896000474A0021343A52691047454A343A9389BC
:108970000343938152691047414810B5446804F19C
:108980007001087B24280ED0497B24290BD01F2896
:108990000CD020280AD0222912D094F86400042890
:1089A00000D1082010BD94F8B01106E0222907D0AC
:1089B00094F8C60100F04FF8014694F8640008E00E
:1089C00094F8C60114F85D1F084000F044F8014611
:1089D000E079BDE8104000F048B870B52848446818
:1089E00094F875007034002832D0022810D1244D3C
:1089F000343DE86AF6F79BFE00B9FFDFD4E91201C7
:108A0000401C41F10001C4E91201287AF2F7CCFAC6
:108A100000256571207920B1257100211020FFF714
:108A2000A4FFE07878B1E570FCF7BEFA00B9FFDF8B
:108A300000210820FFF799FFD4E91201401C41F101
:108A40000001C4E91201A079012802D00120A0711F
:108A500070BDA57170BDC10701D0012070478007AE
:108A600001D50220704700207047002904D001285A
:108A700003D0012901D00220704701207047000077
:108A8000500100202DE9F0410F4606460024FE4D1E
:108A90000FE000BF05EBC40090F85311B14206D1BE
:108AA0000622394600F5AA70F4F716FC38B1641CAA
:108AB000E4B22878A042EDD81020BDE8F08120462D
:108AC000FBE7F0B50746F04816460478621C0270D2
:108AD00000EBC4050868C5F854018888A5F858015A
:108AE000102C00D3FFDF85F8537185F85A612046BA
:108AF000F0BD70B5054600F017FA10281CD1E24C05
:108B00002078401EC0B22070A84215D004EBC002ED
:108B100004EBC50102F58070D2F85321C1F853214E
:108B2000D0F85700C1F85701207800F0FDF910285F
:108B300002D0204480F8035170BD2DE9F047D24C9B
:108B40000646A719A078401EC5B2A57097F8038104
:108B5000AE422AD004EB051A04EB06190AF1030110
:108B600009F103001022F4F7E4FB0AF1830109F193
:108B700083001022F4F7DDFB601905EB450290F845
:108B8000031187F8031106EB460104EB420204EBE4
:108B90004101D2F80B31C1F80B31B2F80F21A1F825
:108BA0000F2190F83B0187F83B0104EBC80090F8D7
:108BB0005A01C00703D14046BDE8F04799E7BDE838
:108BC000F087B1498A78824203D9084490F843017A
:108BD00070470020704710B540F2D3120021AA4818
:108BE000F4F7D1FB0822FF21A848F4F7CCFBA748F3
:108BF00000210C38417081704FF46171818010BD8B
:108C000070B50D460646FFF73DFF9F4C102807D074
:108C100004EBC00191F85A11C90701D0012070BDC1
:108C20006178082910D2102808D004EBC000012177
:108C300080F85A116078401C6070EFE701222946E5
:108C40003046FFF73EFFF5E7002070BD70B58E4D52
:108C50002878401E44B20AE005EBC40090F85A019F
:108C6000C00702D0E0B200F070F9641E64B2002CBC
:108C7000F2DA864900200C39887070BD82498A7802
:108C8000824203D901EB0010C01C704700207047DE
:108C90002DE9F047984691460C460546FFF7F2FE4F
:108CA0000646102805D000F03FF9102801D0122008
:108CB00085E7754FB87808282AD2102E05D10022F2
:108CC00021462846FFF7FDFE0646BC781022601CB0
:108CD000B87007EB0415E81C494600F0B5FA05F139
:108CE00083001022414600F0AFFA1021404600F008
:108CF0009CFA3C44102184F84301484604F59674DC
:108D000000F093FAE07704F8296C0020E07356E74E
:108D1000072054E75C4810B58078401E44B204E058
:108D2000E0B2FFF70AFF641E64B2002CF8DA10BD4F
:108D300056490C394870704754480C384078704791
:108D400040B14AF2B811884204D850490C398880A1
:108D500001207047002070474C480C3880887047CD
:108D600010B5FFF78FFE102803D000F0DDF81028B3
:108D700000D1082010BD44498A78824203D901EB12
:108D8000001083307047002070473F4B10B59C782F
:108D900084420FD9184490F8030103EBC00090F807
:108DA00053310B70D0F854111160B0F85801908015
:108DB000012010BD002010BD334A114491F8032159
:108DC00032490C390A700268C1F80620808848814F
:108DD000704770B52D4B0C3B5B7873B12A4B9C7878
:108DE0005CB1451821460AB1D81C01E02648833001
:108DF0002A46FBF794F8012070BD002070BD10B525
:108E0000FBF7DBF818B1BDE81040FBF7E6B8FF2030
:108E100010BD1D498A78824209D9084490F803019F
:108E200001EBC00090F85A0100F0010070470020EB
:108E300070472DE9F04100242546134E2CE02846CA
:108E400000F072F88046FFF719FF06EBC50797F8A8
:108E50005A11C9071ED060B1B8F1100F05D006EB4A
:108E6000080191F83B11012903D0102100F0DDF930
:108E700080B10649204601F80480641C97F853210C
:108E800007F5AA71E4B203E0A80D002064010020F8
:108E9000FBF7B5FA6D1CEDB23078A842CFD80CE6DE
:108EA000012296E72E4A01EB410102EB41010268E3
:108EB000C1F80B218088A1F80F01704701461022EC
:108EC000284800F0C1B92748704725498A7882426E
:108ED00003D9084490F83B0108B1002070470120F5
:108EE00070472DE9F0410E460746154606213046EB
:108EF00000F09BF91A4C58B1002004E02118401CE6
:108F000081F83B51C0B2A1788142F7D80120D4E565
:108F100031463846FFF724FF082803D0204480F864
:108F20003B51F3E70020C8E50D4910B5034600208A
:108F30008A7806E00C1894F803419C4204D0401C47
:108F4000C0B28242F6D8102010BD05494A78521EA0
:108F50004A7001EBC001002281F85A21C9E50000E6
:108F6000A80D00207B0F002000F00101400800F058
:108F700001021144400800F001021144400800F0D1
:108F800001021144400800F001021144400800F0C1
:108F900001021144400800F00102114401EB5000AD
:108FA000704710B500240485848DDB004C43B3FB6F
:108FB000F2F394FBF2F45B1C84859BB203FB02F496
:108FC0004385B4F5C84F01DD5B1E43854FF4FA437A
:108FD000B3FBF2F35B1C0386438C02EBC3035B1E03
:108FE000B3FBF2F30384C38B4B43B3FBF2F1C183B6
:108FF00010BD70B50546087B0E4600F01F000873D3
:109000000020687604463019007AFFF7ADFF291971
:10901000641C0875697EE4B208446876052CF2D3B6
:10902000C0B2252800D9FFDF70BD0023C38342846E
:1090300001EBC202521EB2FBF1F101847047F0B5A0
:109040006FF01F02010C02EA90261F25A1F5AA402D
:1090500054380DD0A1F5AA40553809D0A1F52850B3
:10906000AA3805D0A1F52A40AA3801D0012000E095
:10907000002000221346144682EA0107FF431F43E3
:109080007F1C0FD006F00107520842EAC73205F0F4
:1090900001075B0876086D08641C43EAC733162C89
:1090A000EAD3F0BD0020F0BD2DE9F04101260446D1
:1090B000002500F1700751B1012974D0022971D047
:1090C00003296CD101463846BDE8F04191E7802282
:1090D00000213846F4F757F9BD71FD713D737D737A
:1090E000FD733D747D71BD76FD76212087F84000CB
:1090F000412087F84100FE2087F8740027887022FD
:1091000000212046F4F73FF9278084F8646084F852
:109110006560282084F8660004F1300000210746CD
:1091200000F071FC1B21F9833984A4F85210A4F8D3
:1091300054104FF4A470A4F85600A4F858006673B5
:109140004FF448606080A4F8F050A4F8F250A4F8FE
:10915000F450A4F8F650A4F8F850A4F8FA5084F8A3
:10916000FD5084F8FF50A4F8065184F80451A4F887
:109170001851A4F81A5184F8BA5184F8BB5184F8F4
:10918000C45184F8C55184F8895184F8905184F809
:10919000935184F8AC51C4F8A451C4F8A851BDE867
:1091A000F08100E025E0A4F8065184F8FE506188C3
:1091B000FE480A460844B0FBF1F0A4F890004BF6D4
:1091C0008030A4F89200E3883846FFF7EAFE214693
:1091D0003846FFF70EFFFAF7F9F920B1D4F80E0080
:1091E000FFF72DFF10B184F88851D8E784F8886123
:1091F000D5E74188B4F8B831B4F8B4213846BDE8B1
:10920000F041CEE6437E0BB1252B01D912207047E9
:109210002AB14B7B2BB1012B05D01F2070470020BA
:10922000704700F0EEB900F092B910B500231A466D
:1092300003E0845C2343521CD2B28A42F9D30BB1BF
:10924000002010BD012010BD30B5134606E0CC183B
:10925000D51A14F8014C5B1E4455DBB2002BF6D135
:1092600030BD70B50E468CB0144601461D46102226
:109270006846FFF7E9FF1022314604A8FFF7E4FF34
:10928000684600F059FD08A94FF0100228461CB1AD
:10929000FFF7DAFF0CB070BDF4F74BF8FAE738B51A
:1092A00005460C466846FBF7B2FB002820D09DF926
:1092B00000002072E17E617294F90A100022411AC6
:1092C00000D5494295F82D308B4210DCFF2B0ED093
:1092D000E17A491CC9B2E17295F82E30994202D860
:1092E000A17A7F2903D1A0720020E07201221046EA
:1092F00038BD0C2813D00B2811D00D280FD01F28F3
:109300000DD020280BD0212809D0222807D02328CF
:1093100005D0242803D0262801D000207047012042
:10932000704710B5A2F10F030C2941D2DFE801F01C
:1093300006080D1215181C40243E272EAAB337E04C
:10934000072A37D0082A35D032E00C2A32D00B2A2F
:1093500030D02DE00D2A2DD02AE00C2B2AD927E081
:10936000103A0B2A26D923E0032B23D990F8380092
:10937000F0B11B2A1ED91BE0062A1BD018E01C2ABC
:1093800018D01D2A16D01E2A14D011E01F2A11D081
:10939000202A0FD0212A0DD0222A0BD0232A09D02F
:1093A000242A07D0262A05D002E003E00E2A01D0A5
:1093B000002010BD012010BD2DE9F0410C460546EE
:1093C00040F23577866805E0F8F7F7FF3946F8F799
:1093D000C8FCA8602846F9F7A5F90028F4D08CB19C
:1093E0003046A968F9F7EAFC00280BDD2044401E4E
:1093F000B0FBF4F707FB04F13046F8F7B2FCA860C5
:109400003846CCE60020CAE670B5044690420BD23E
:10941000101B642800D2642025188D4205D8042131
:10942000F9F7FFFC08B1284670BD204670BD11F069
:109430000C0F19D04A074FF41671002A03DA00BF47
:109440004FF0100201E04FF0400201DA4FF09601B8
:1094500001F5BC71A0EB0103884202D993FBF2F045
:1094600000E0002080B27047022904D06FF00D01A7
:1094700001EBD000F6E76FF00E0101EB9000F1E791
:109480000844184498300AB1042100E0002108443F
:10949000704701207047106808667047C10701D007
:1094A00001207047810701D502207047400701D590
:1094B00008207047002070472DE9F0410546164608
:1094C00088460124084600F054FA0746404600F05A
:1094D00052FA0346FFF7E2FF02463846FFF7DEFF87
:1094E00052EA000100D10024990700D10022B907F7
:1094F00000D1002095F86410914200D10022327012
:1095000095F86510814200D10020707072B968B979
:10951000404600F032FAB5F87010401A00B247F633
:10952000FE71884201DC002800DC0024204636E67B
:1095300010B540F6C4125410012903D0022902D0FC
:10954000FFDF02E008B1104610BD204610BDF0B5A7
:109550000C7C8B7BCD7B5C404B7C02886B4044EA6F
:109560000324467E62400023D5B2120A95FAA5F57F
:1095700092FAA2F22D0E120E45EA022202EB02121C
:109580005B1C2244DBB292B2032BEDD36240252355
:10959000B2FBF3F403FB142301EBD304837603F053
:1095A00007070125247A05FA07F701E0FFDB05002C
:1095B0003C4201D0C3761AE05643320C521CD2B260
:1095C000002403191B7D934213D300230E19367A0E
:1095D00005FA03F73E4201D0521ED2B222B15B1C03
:1095E000DBB2082BF4D306E003EBC401C176002004
:1095F000F0BDD21AD2B2641CE4B2052CE1D31F2014
:10960000F0BDF0B5837E0C7E012504FB02322523DC
:10961000B2FBF3F403FB142201EBD204827602F0D6
:109620000703247A05FA03F31C4201D0C2761EE038
:10963000437EB2FBF3F403FB1422521CD2B200238C
:10964000C418247D944214D30024CE1896F80860E0
:1096500005FA04F73E4201D0521ED2B222B1641C78
:10966000E4B2082CF4D306E004EBC301C176002079
:10967000F0BD121BD2B25B1CDBB2052BE0D31F2066
:10968000F0BD000030B50546007801F00F0220F073
:109690000F0010432870092912D2DFE801F00507F6
:1096A00005070509050B0F0006240BE00C2409E053
:1096B000222407E001240020E87003E00E2401E0EA
:1096C0000024FFDF6C7030BD007800F00F007047A1
:1096D0000A6840F8032F8988818070470A6840F83B
:1096E000092F8988818070470278402322F0400248
:1096F00003EA81110A4302707047027822F0800267
:1097000042EAC1120270704770B514460E46054613
:109710001F2A00D9FFDF2246314605F10900F3F781
:1097200008FEA41D6C7070BD70B514460E4605464B
:109730001F2A00D9FFDF2246314605F10900F3F761
:10974000F8FDA41D6C7070BD30B5017801F00F01FB
:10975000032920D0052921D14578B0F81910B0F897
:109760001B40B0F81730827D222D17D1062915D362
:109770004FF44865A94211D8B4F5FA7F0ED26AB108
:10978000082A0BD88A4209D28B4207D8B0F81D00AC
:10979000A84205D902E040780C2801D0002030BD55
:1097A000012030BD4078704700B5027801F0030316
:1097B00022F003021A430270012905D0022903D0C6
:1097C000032903D0FFDF00BD002100E0012141702B
:1097D00000BD00B5027801F0030322F003021A4332
:1097E0000270012905D0022903D0032903D0FFDF2D
:1097F00000BD002100E00121417000BD007800F0B3
:1098000003007047417841B1C078192803D2704AEB
:10981000105C884201D1012070470020704730B5AC
:1098200001240546C170192902D26948445C02E04E
:10983000FF2900D0FFDF6C7030BD70B514460E46B6
:1098400005461B2A00D9FFDF6C7022463146E81C12
:10985000BDE87040F3F76DBDB0F807007047B0F891
:1098600009007047B0F80B00704770B5B0F80720DA
:10987000B0F80940B0F805300179951F40F67A46F6
:10988000B54210D8B4F5FA7F0DD261B108290AD8D3
:10989000914208D2934206D8B0F80B00B0F5486F59
:1098A00001D8012070BD002070BD42680A60007AB6
:1098B00008717047B0F80900704700797047426836
:1098C0000A6080684860704780890880704750F857
:1098D0000E2F0A60406848607047D0F81600086094
:1098E00070470A6842604968816070470968C160D2
:1098F00070470079704742680A6080684860704726
:109900000171090A417170478171090AC17170477B
:109910000172090A417270478172090AC172704767
:1099200080887047C08870470089704740897047B9
:1099300001891B290CD341894FF4A472914207D3AA
:1099400081881B2904D3C088904201D3012070472D
:10995000002070470A684260496881607047017959
:10996000490704D04079400701D00120704700200A
:1099700070470079704740797047C08870470CB5D0
:1099800014A2D2E90012CDE900120179407901F068
:10999000070269461DF80220012A04D800F00700DA
:1099A000085C012801D900200CBD01200CBD01710B
:1099B000704700797047417170474079704730B502
:1099C0000C460546FB2900D9FFDF6C7030BD000056
:1099D000C0B20100000101020102020310B58C882F
:1099E0000A894B88C988A0F84430A0F84810A0F82C
:1099F0004640A0F84A2010BD10B5029C8181C2816A
:109A00000382448210BD1B2202838282C281828132
:109A100042800281028042848284828300290AD1AA
:109A20004FF4A4714183C18241820182C18041818E
:109A30008180C18401857047F0B5B0F84830818FCE
:109A4000458EC48E8B4200D30B46B0F84A10B0F856
:109A50004020914200D20A464386C286068F478F35
:109A600000F130019E4200D21E46974200D21746B6
:109A70000E814F81AB4201D1A24201D0012400E00E
:109A80000024B0F84420C38F068E858E9A4200D3FE
:109A90001A46B0F84670B0F842309F4200D23B46BA
:109AA00090F85A70022F08D1964200D232469D4259
:109AB00000D22B46002780F85A700A808B80B24271
:109AC00001D1AB4201D0012000E000202043F0BDD5
:109AD000508088899080C889D080088A1081488AFF
:109AE000508101201070704770B502884A80048E42
:109AF0008C80838ECB80428E0A81C58E4D81B0F8DA
:109B00005660AE420BD1B0F85250954207D1B0F832
:109B100058509D4203D1B0F85430A34201D00123E4
:109B200000E000230B73A0F852204A89A0F85620C9
:109B30008A88A0F85420CA88A0F85820012008700C
:109B400070BD70B50C46088E91F8641000F016F8E0
:109B5000A18E0546A94200D20D46208F94F86510CB
:109B600000F00CF8618F814200D208460146284679
:109B7000BDE8704000221346FFF782BC11F00C0FC5
:109B800004D04FF4747101EB801006E0022902D07A
:109B9000C000703001E080003C3080B270470000AF
:109BA0002DE9F0410C4612490D68114A114908325D
:109BB0001160A0F12001312901D301200CE04128DE
:109BC00010D040CC0C4F94E80E0007EB8000241F0F
:109BD00050F8807C3046B84720600548001D05607D
:109BE000BDE8F081204601F0B9F8F5E7062070479E
:109BF0001005024001000001DCB2010010B555481B
:109C0000F9F704FD00B1FFDF5248401CF9F7FEFCF4
:109C1000002800D0FFDF10BD2DE9F14F4E4E82B07D
:109C2000D6F800B001274B48F9F7F8FCDFF824819B
:109C300020B9002708F10100F9F706FD474C00257F
:109C40004FF0030901206060C4F80051C4F80451CA
:109C5000029931602060DFF808A11BE0DAF800000B
:109C6000C00617D50E2000F068F8EFF3108010F052
:109C7000010072B600D001200090C4F80493D4F81B
:109C8000000120B9D4F8040108B901F071F8009876
:109C900000B962B6D4F8000118B9D4F8040100285C
:109CA000DCD0D4F804010028CCD137B1C6F800B01C
:109CB00008F10100F9F7B2FC11E008F10100F9F731
:109CC000ADFC0028B6D1C4F80893C4F80451C4F818
:109CD00000510E2000F031F81E48F9F7B5FC0020C5
:109CE000BDE8FE8F2DE9F0438DB00D4606460024F9
:109CF0000DF110090DF1200818E000BF04EB440736
:109D0000102255F827106846F3F713FB05EB870779
:109D1000102248467968F3F70CFB6846FFF77CFF92
:109D200010224146B868F3F704FB641CB442E5DB3B
:109D30000DB00020BDE8F0836EE7002809DB00F0DD
:109D40001F02012191404009800000F1E020C0F88D
:109D5000801270476C01002004E5004000E00040E4
:109D600010ED00E0B64900200870704770B5B54DA1
:109D700001232B60B44B1C68002CFCD0002407E0AE
:109D80000E6806601E68002EFCD0001D091D641CB4
:109D90009442F5D30020286018680028FCD070BDDC
:109DA00070B5A74E0446A94D3078022800D0FFDFD9
:109DB000AC4200D3FFDF7169A548012903D847F2FF
:109DC0003052944201DD03224271491C7161291B0A
:109DD000C1609F49707800F030F9002800D1FFDFA2
:109DE00070BD70B5964C0D466178884200D0FFDF9B
:109DF000964E082D4BD2DFE805F04A041E2D4A4A44
:109E00004A382078022800D0FFDF03202070A07895
:109E1000012801D020B108E0A06800F041FD04E075
:109E200004F1080007C8FFF7A1FF05202070BDE876
:109E30007040F8F7C0B9F8F7C0FA01466068F8F763
:109E4000BDFFB04202D2616902290BD30320F9F7AA
:109E50000EFB12E0F8F7B1FA01466068F8F7AEFFC2
:109E6000B042F3D2BDE870409AE7207802280AD0C9
:109E7000052806D0FFDF04202070BDE8704000F008
:109E8000D2B8022000E00320F9F7F1FAF3E7FFDF90
:109E900070BD70B50546F8F790FA694C606020789F
:109EA000012800D0FFDF6A490120087000200871F6
:109EB00004208D6048716548C86002202070607879
:109EC00000F0BBF8002800D1FFDF70BD10B55C4C7E
:109ED000207838B90220F9F7E0FA18B90320F9F729
:109EE000DCFA08B1112010BD5A48F8F7E1F96070AA
:109EF0001F2804D0012020700020606110BD0320C5
:109F000010BD2DE9F0471446054600EB84000E46CF
:109F1000A0F1040800F0D7FC07464FF0805001691B
:109F20004F4306EB8401091FB14201D2012100E039
:109F3000002189461CB10069B4EB900F02D90920B9
:109F4000BDE8F0872846E7F76FF990B9A84510D328
:109F5000BD4205D2B84503D245EA0600800701D0CC
:109F60001020EDE73046E7F75FF910B9B9F1000FBF
:109F700001D00F20E4E7384838490068884205D00E
:109F8000224631462846FFF7F1FE1AE0FFF79EFF12
:109F90000028D5D12A4800218560C0E9036481707A
:109FA000F9F7DDFA08B12E4801E04AF2F870604393
:109FB0004FF47A7100F2E730B0FBF1F01830FFF7A0
:109FC00068FF0020BCE770B505464FF0805004697B
:109FD0006C432046E7F728F908B10F2070BD00F068
:109FE00072FCA84201D8102070BD1B481B490068B4
:109FF000884203D0204600F053FC10E0FFF766FFD4
:10A000000028F1D10E48012184608170F9F7A7FA88
:10A0100008B1144800E014481830FFF73AFF002058
:10A0200070BD00F053BE10B5054C6078F8F7A2F98A
:10A0300000B9FFDF0020207010BDF8F7EFBB000073
:10A040007001002004E5014000E40140105C0C00B8
:10A050008C0F0020E39D010058000020BEBAFECA0C
:10A0600050280500645E0100A85B01007149096881
:10A070000160002070476F4908600020704701218F
:10A080008A0720B1012804D042F20400704791678A
:10A0900000E0D1670020704767490120086042F264
:10A0A0000600704708B50423634A1907103230B11F
:10A0B000C1F80433106840F0010010600BE0106834
:10A0C00020F001001060C1F808330020C1F8080139
:10A0D0005A4800680090002008BD011F0B2909D8CC
:10A0E000554910310A6822F01E0242EA4000086019
:10A0F0000020704742F205007047000100F18040E7
:10A10000C0F8041900207047000100F18040C0F839
:10A11000081900207047000100F18040D0F80009C4
:10A12000086000207047012801D907207047444A81
:10A1300052F8200002680A4302600020704701289C
:10A1400001D9072070473E4A52F8200002688A432E
:10A15000026000207047012801D907207047384A63
:10A1600052F820000068086000207047020035495E
:10A170004FF0000003D0012A01D0072070470A6089
:10A18000704708B54FF40072510510B1C1F80423AF
:10A1900008E0C1F808230020C1F8240127481C303A
:10A1A00000680090002008BD08B58022D10510B1DC
:10A1B000C1F8042308E0C1F808230020C1F81C01FD
:10A1C0001E48143000680090002008BD08B54FF408
:10A1D0008072910510B1C1F8042308E0C1F808238A
:10A1E0000020C1F8200115481830006800900020B8
:10A1F00008BD10493831096801600020704770B50A
:10A200004FF080450024C5F80841F9F7B4F910B9BA
:10A21000F9F7BBF928B1C5F82441C5F81C41C5F8C8
:10A2200020414FF0E020802180F800140121C0F887
:10A23000001170BD0004004000050040080100400E
:10A24000A0B30100780500406249634B0A68634986
:10A250009A42096801D1C1F31001016000207047E2
:10A260005C495D4B0A685D49091D9A4201D1C0F302
:10A2700010000860002070475649574B0A6857493C
:10A2800008319A4201D1C0F31000086000207047E5
:10A2900030B5504B504D1C6842F20803AC4202D01E
:10A2A000142802D203E0112801D3184630BDC300A0
:10A2B0004B481844C0F81015C0F81425002030BDD4
:10A2C0004449454B0A6842F209019A4202D00628E5
:10A2D00002D203E0042801D308467047404A012116
:10A2E00042F83010002070473A493B4B0A6842F26E
:10A2F00009019A4202D0062802D203E0042801D3C1
:10A3000008467047364A012102EBC0004160002038
:10A31000704770B52F4A304E314C156842F2090330
:10A3200004EB8002B54204D0062804D2C2F800181B
:10A3300007E0042801D3184670BDC1F31000C2F82D
:10A340000008002070BD70B5224A234E244C1568C9
:10A3500042F2090304EB8002B54204D0062804D27D
:10A36000D2F8000807E0042801D3184670BDD2F8DF
:10A370000008C0F310000860002070BD174910B538
:10A380000831184808601120154A002102EBC0036B
:10A39000C3F81015C3F81415401C1428F6D3002078
:10A3A00006E0042804D302EB8003C3F8001807E09A
:10A3B00002EB8003D3F80048C4F31004C3F800484C
:10A3C000401C0628EDD310BD04490648083108603A
:10A3D0007047000058000020BEBAFECA00F50140D8
:10A3E00000F001400000FEFF814B1B6803B198475D
:10A3F000BFF34F8F7F4801687F4A01F4E06111434A
:10A400000160BFF34F8F00BFFDE710B5EFF3108081
:10A4100010F0010F72B601D0012400E0002400F01A
:10A42000DDF850B1E6F7A4FFF7F761FDF8F7C1FFDB
:10A43000F9F7E2FC71490020086004B962B6002017
:10A4400010BD2DE9F0410C460546EFF3108010F0E9
:10A45000010F72B601D0012600E0002600F0BEF820
:10A4600020B106B962B60820BDE8F08100F006FD13
:10A47000E6F782FF0246002001234709BF0007F1EB
:10A48000E02700F01F01D7F80071CF40F9071BD07B
:10A49000202803D222FA00F1C90727D141B20029AE
:10A4A00004DB01F1E02191F8001405E001F00F0157
:10A4B00001F1E02191F8141D4909082916D203FA87
:10A4C00001F717F0EC0F11D0401C6428D5D3F9F731
:10A4D00071FC4B4A4B490020F9F7B4FC47494A4804
:10A4E00008602046E6F7A7FE60B904E006B962B648
:10A4F00041F20100B8E73E4804602DB12846E6F776
:10A50000E7FE18B1102428E0404D19E02878022811
:10A5100002D94FF4805420E007240028687801D045
:10A52000D8B908E0C8B1202817D8A878212814D8AD
:10A53000012812D001E0A87878B9E8780B280CD867
:10A54000E6F71AFF2946F8F71AFFF7F78FFC00F035
:10A55000EDF92846E6F7DAFE044606B962B61CB104
:10A56000FFF753FF20467FE700207DE710B5044644
:10A5700000F034F800B101202070002010BD244903
:10A5800008600020704770B50C4622490D682149CB
:10A59000214E08310E60102807D011280CD0122847
:10A5A0000FD0132811D0012013E0D4E90001FFF7E8
:10A5B00048FF354620600DE0FFF727FF00252060AB
:10A5C00008E02068FFF7D2FF03E011492068086027
:10A5D000002020600F48001D056070BD07480A4933
:10A5E0000068884201D101207047002070470000B8
:10A5F000880100200CED00E00400FA05580000205E
:10A600004810002000000020BEBAFECAA8B3010016
:10A6100004000020100502400100000100B585493A
:10A6200010F1080F19D00CDC10F1280F1DD010F11B
:10A63000140F18D010F1100F13D010F10C0F08D117
:10A640000DE010F1040F06D080B103280ED00428CD
:10A650000CD0FFDF00BDFC2008E0F82006E0F4206D
:10A6600004E0F02002E0EC2000E0D820086000BD0B
:10A67000704900B5091D012803D0022803D0FFDF6F
:10A6800000BD032000E00420086000BD2DE9F0417A
:10A6900005460C4617461046F9F76CFD4FF47A76DE
:10A6A000022C10D0012C10D040F63401441838464A
:10A6B000F9F7C5FD204449F679710844B0FBF6F07E
:10A6C000281ABDE8F0813146F0E74FF4C861EDE7A4
:10A6D00070B505460C460846FAF7F4FA022C10D07D
:10A6E000012C11D04FF4AF5149F6CA62511A0844F7
:10A6F0004FF47A7100F2E140B0FBF1F0281A801EAD
:10A7000070BD40F24C41EFE740F63401ECE770B524
:10A71000064615460C460846FAF7D4FA4FF47A7105
:10A7200040F63402022D11D0012D11D01346022C17
:10A7300011D0012C01D04FF4AF529A1A104449F6AF
:10A74000FC621044B0FBF1F0301A70BD0B46EEE72E
:10A750004FF4C863EBE740F24C42EEE770B50446B5
:10A760000E460846F9F706FD05463046F9F767FD3F
:10A7700028444AF2AB3108444FF47A71B0FBF1F04F
:10A78000201A801E70BD2DE9F04106461D460C467C
:10A790001746104600F045F806EB4601C1EBC6111E
:10A7A00000EBC100022C15D0012C16D04FF4AF5194
:10A7B00046182046FAF786FA301A4FF47A7100F6F6
:10A7C000B730B0FBF1F43846F9F741FD2044284496
:10A7D000401D76E740F24C41EAE740F63401E7E7F6
:10A7E00070B5044615460E460846F9F7C3FC04EB5F
:10A7F0004401C1EBC411C0EBC1043046F9F71FFDA1
:10A80000241A284600F00DF820444FF47A7100F61F
:10A81000B730B0FBF1F42846F9F719FD2044401D8C
:10A8200070BD082803D0042801D0F9F7A3BC4EF668
:10A83000283070470C150040F0B585B00C46054631
:10A84000FEF7DCFF07466E78204603A96A46F5F757
:10A8500004FA81198EB258B1012F02D0032005B03D
:10A86000F0BD204604AA0399F5F719F9049D01E00B
:10A87000022F0FD1ED1C042E0FD32888BDF8001035
:10A88000001D80B2884201D8864202D14FF00000FC
:10A89000E5E702D34FF00200E1E74FF00100DEE709
:10A8A0000B4A022111600B490B68002BFCD0084BAE
:10A8B0001B1D186008680028FCD000201060086884
:10A8C0000028FCD070474FF080504069704700006E
:10A8D00004E5014000E4014002000B464FF0000097
:10A8E000014620D0012A04D0022A04D0032A0DD127
:10A8F00003E0012002E0022015E00320072B05D22F
:10A90000DFE803F00406080A0C0E10000720704769
:10A91000012108E0022106E0032104E0042102E015
:10A92000052100E00621F7F7E4BC0000E24805211C
:10A9300081700021017041707047E0490A78012A56
:10A9400005D0CA681044C8604038F8F704BA8A686D
:10A9500010448860F8E7002819D00378D849D94A0C
:10A9600013B1012B0ED011E00379012B00D06BB98C
:10A9700043790BB1012B09D18368643B8B4205D22B
:10A98000C0680EE00379012B02D00BB100207047A4
:10A9900043790BB1012BF9D1C368643B8B42F5D2EB
:10A9A00080689042F2D801207047C44901220A70A1
:10A9B000027972B100220A71427962B104224A71AD
:10A9C000826852328A60C068C860BB4902208870C1
:10A9D00070470322EFE70322F1E770B5B74D044655
:10A9E00000202870207988B100202871607978B122
:10A9F0000420B14E6871A168F068F7F7B2F9A86059
:10AA0000E0685230E8600320B07070BD0120ECE7D0
:10AA10000320EEE72DE9F04105460226F8F7C5F8D8
:10AA2000006800B1FFDFA44C01273DB12878B8B120
:10AA3000012805D0022811D0032814D027710DE079
:10AA40006868C82808D30421F8F7EBF920B16868D2
:10AA5000FFF773FF012603E0002601E000F014F980
:10AA60003046BDE8F08120780028F7D16868FFF70C
:10AA700072FF0028E2D06868017879B1A0780428D4
:10AA800000D0FFDF01216868FFF7A7FF8B49E0785E
:10AA900000F003F90028E1D1FFDFDFE7FFF785FFD2
:10AAA0006770DBE72DE9F041834C0F46E17888427F
:10AAB00000D0FFDF00250126082F7DD2DFE807F058
:10AAC000040B28283D434F57A0780328C9D00228FB
:10AAD000C7D0FFDFC5E7A078032802D0022800D046
:10AAE000FFDF0420A07025712078B8BB0020FFF79D
:10AAF00024FF72480178012906D08068E06000F0E8
:10AB0000F9F82061002023E0E078F7F782FDF5E70F
:10AB1000A078032802D0022800D0FFDF207880BB75
:10AB2000022F08D05FF00500F8F7A1FCA0780328F9
:10AB300040D0A57095E70420F6E7A078042800D05F
:10AB4000FFDF022004E0A078042800D0FFDF01200E
:10AB5000A1688847FFF75EFF054633E003E0A07871
:10AB6000042800D0FFDFBDE8F04100F08DB8A078E8
:10AB7000042804D0617809B1022800D0FFDF2078D2
:10AB800018B1BDE8F04100F08AB8207920B1062064
:10AB9000F8F76DFC25710DE0607840B14749E07829
:10ABA00000F07BF800B9FFDF65705AE704E007208A
:10ABB000F8F75DFCA67054E7FFDF52E73DB1012DC9
:10ABC00003D0FFDF022DF9D14BE70420C0E70320BB
:10ABD000BEE770B5050004D0374CA078052806D133
:10ABE00001E0102070BD0820F8F757FC08B11120D3
:10ABF00070BD3548F7F75CFBE0701F2806D00121D7
:10AC0000F8F730FA0020A560A07070BD032070BD79
:10AC1000294810B5017809B1112010BD81780529A6
:10AC200006D0012906D029B101210170002010BDF4
:10AC30000F2010BD00F033F8F8E770B51E4C054644
:10AC4000A07808B1012809D155B12846FFF783FE45
:10AC500040B1287840B1A078012809D00F2070BDFC
:10AC6000102070BD072070BD2846FFF79EFE03E050
:10AC700000212846FFF7B1FE1049E07800F00DF8FA
:10AC800000B9FFDF002070BD0B4810B5006900F06F
:10AC900029F8BDE81040F7F78EBAF7F7BFBD0648B0
:10ACA00010B5C078F7F766FB00B9FFDF0820F8F7AA
:10ACB000DEFBBDE8104039E68C0100209C0F00202F
:10ACC0003D860100FF1FA107A5AA010010B5134C86
:10ACD0002060201D0160114810300260001D0360DB
:10ACE000002010BD0E490A6848F202139A4302433D
:10ACF0000A6070470A4A116848F2021301EA030029
:10AD0000994311607047054B02465B421020134483
:10AD1000FC2B01D8116000207047000000060040A5
:10AD2000C806024070477047704700001EF0040FCD
:10AD30000CBFEFF30880EFF30980014A10470000D1
:10AD40005F3E010001B41EB400B5F8F7A9FD01B4DF
:10AD50000198864601BC01B01EBD0000826903490E
:10AD600081614FF0010010447047000045AD0100C3
:10AD70000FF20C0000F10000694641F8080C20BFFA
:10AD800070470000FEDF18490978F9B904207146C0
:10AD900008421BD10699154A914217DC06990229EF
:10ADA00014DB02394878DF2810D10878FE2807D054
:10ADB000FF280BD14FF001004FF000020C4B184759
:10ADC00041F201000099019A094B1847094B002BE9
:10ADD00002D01B68DB6818474FF0FF3071464FF018
:10ADE0000002034B1847000028ED00E000C00100FE
:10ADF000E9A3010004000020174818497047FFF735
:10AE0000FBFFE6F7CBF900BD1548164909688842F3
:10AE100003D1154A13605B68184700BD20BFFDE7EA
:10AE20000F4810490968884210D1104B18684FF03C
:10AE3000FF318842F2D080F308884FF02021884209
:10AE400004DD0B48026803210A4302600948804779
:10AE500009488047FFDF0000B00F0020B00F00203E
:10AE600000100000000000200400002000C00100CD
:10AE700014090040DD2F000009AE0100F0B4404687
:10AE8000494652465B460FB402A0013001B5064860
:10AE9000004700BF01BC86460FBC804689469246EB
:10AEA0009B46F0BC70470000091100000420714669
:10AEB000084202D0EFF3098101E0EFF308818869CD
:10AEC00002380078102813DB20280FDB2C280BDB3E
:10AED0000A4A12680A4B9A4203D1602804DB094AE5
:10AEE0001047022008607047074A1047074A10477A
:10AEF000074A12682C3212681047000058000020E0
:10AF0000BEBAFECA7D130000A19B010087A5010007
:10AF1000040000200D4B0E4908470E4B0C49084712
:10AF20000D4B0B4908470D4B094908470C4B084985
:10AF300008470C4B064908470B4B054908470B4B84
:10AF4000034908470A4B02490847000019AC0000B2
:10AF500059B00000A52F00000BA8000099A7000021
:10AF6000A1AE0000991300004D7700001DB0000055
:10AF70002DAD01005F8200000784000065850000A0
:10AF8000C98500000386000037860000698600003E
:10AF90009986000021870000478300008985000012
:10AFA00013120000C12100000B2200006F220000DC
:10AFB000F522000011240000D32400000525000024
:10AFC000E3250000CB2600001F270000A12700007A
:10AFD000C1270000B92D0000DD2D0000FD2C000070
:10AFE000592D00000F2E0000A32E00002F3D000061
:10AFF000093E00003D4100003D420000B342000018
:10B000001D4300008143000017120000754400003A
:10B01000E1440000E3270000E927000017120000C8
:10B02000171200001712000017120000F32700008B
:10B030002B280000A12800001712000017120000A2
:10B040002D22000087290000A9290000F529000011
:10B05000131200001312000013120000131200005C
:10B06000EF5200007553000091530000AD530000F3
:10B070003B550000D7530000E1530000235400006B
:10B0800045540000215500006355000013120000D4
:10B0900013120000676E0000876E0000916E0000C2
:10B0A000CB6E0000F96E0000E96F000077700000C1
:10B0B0008B700000D9700000EF71000095730000E4
:10B0C000BD740000E95D0000D5740000131200009B
:10B0D00013120000A1A0000003A200005DA2000066
:10B0E000D7A2000083A30000100110013A02000063
:10B0F0001A0200040506000007000000FFFFFFFF22
:10B100000000FFFFE39C0000BF1C0000934E000006
:10B11000335E0000E97A000000000000A17D00001D
:10B120007D7D00008F7D0000000002000000000017
:10B13000000200000000000000010000000000000C
:10B14000136C0000F36B0000616C00007152000092
:10B150003352000053520000219400003994000043
:10B160004396000041370000816C000000000000A1
:10B17000B16C0000BF5200000000000000000000A1
:10B18000000000002395000000000000C13700000F
:10B19000555555D6BE898E0000006406640C6412B5
:10B1A00000000803AC055008000054044408340CA7
:10B1B00075DF0000DDE00000D7DE000073DF000077
:10B1C0001B5D0100ABE1000000000000480800002A
:10B1D0004808000051350000513500009B21000057
:10B1E000439B0000B7600000A34D0000F97301000D
:10B1F0008135000081350000BF210000D59B000093
:10B200003F610000174E00000F74010070017001D3
:10B21000400038005C002400200200000300656C40
:10B220007462000000000000000000000000000048
:10B230000000870000000000000000000000000087
:10B240000000BE83605ADB0B376038A5F5AA9183F6
:10B25000886C0000010000008B0801005D170100F0
:10B2600000000001020603040500000007000000C2
:10B2700000000000060000000A000000320000008C
:10B2800073000000B4000000F401FA0096006400AE
:10B290004B0032001E0014000A00050002000100ED
:10B2A0000041000000000000AB830100E5870100C1
:10B2B0008F870100BD830100000000002989010083
:10B2C0000C0802170D010102090901010602091803
:10B2D00018030101090903030500000049A2010048
:10B2E00061A2010079A2010091A20100C1A20100A6
:10B2F000E9A2010013A3010047A30100C79F0100B9
:10B30000039F010023A0010007AD01000D360100DD
:10B310001D360100493601001B37010023370100AB
:10B32000353701007FA0010099A001006DA0010048
:10B3300077A00100A5A00100DBA00100ED9B0100AA
:10B34000FBA0010009A1010017A1010027A1010034
:10B350003FA1010057A101006DA10100ED9B01007B
:10B3600000000000B7A900000DAA000023AA0000F9
:10B37000D9A80100199C0100E59C0100D3AB010094
:10B3800011AC01003BAC0100113401005D3901003A
:10B3900083A10100A9A10100CDA10100F3A1010039
:10B3A0001C0500402005004000100200CCB3010045
:10B3B00008000020980100004411000000B40100C2
:10B3C000A0010020100E00008011000001150545AD
:10B3D000481000200519A40500203601000100884E
:10B3E0003720FB349B5F80041F8000100D9DCB092C
:10B3F0000020880900200E0A0020024810000000EA
:10C000000000022045F10100A1F10100690F0200CA
:10C01000A5F10100A7F10100A9F101000000000055
:10C02000000000000000000000000000DD6B0200C6
:10C03000ADF1010000000000FD6B0200B1F1010054
:10C040006D940200B3F1010039C102009D9C020011
:10C05000EDA80200B3F1010009990200B3F101005B
:10C06000B3F10100C9A40200B3F10100D99B0200A1
:10C07000B3F1010091C50200B3F10100B3F1010079
:10C08000DDA902002D6E0200B3F10100B3F1010041
:10C09000B3F10100B3F1010049E30200B3F1010083
:10C0A000B3F10100B3F10100B3F1010021A50200D9
:10C0B000B3F10100B3F10100000000000000000036
:10C0C000B3F10100B3F10100B3F10100B59C02002E
:10C0D000E99B0200B3F10100B3F1010029BF0200A6
:10C0E000B3F10100000000000000000000000000AB
:10C0F00000000000B3F1010000000000CD9C020030
:10C10000000000000000000000000000000000002F
:10C11000000000000000000000000000000000001F
:10C12000000000000000000000000000000000000F
:10C1300000000000000000000000000000000000FF
:10C1400000000000000000000000000000000000EF
:10C1500000000000000000000000000000000000DF
:10C1600000000000000000000000000000000000CF
:10C1700000000000000000000000000000000000BF
:10C1800000000000000000000000000000000000AF
:10C19000000000000000000000000000000000009F
:10C1A000000000000000000000000000000000008F
:10C1B000000000000000000000000000000000007F
:10C1C000000000000000000000000000000000006F
:10C1D000000000000000000000000000000000005F
:10C1E000000000000000000000000000000000004F
:10C1F000000000000000000000000000000000003F
:10E000000901000B0B030100004100000100FFFFAC
:10E01000FFFFFFFFFFFFFFFFFFFFFFFFFFFF00000E
:10E02000000000000000000034FEFEFEFE000000C4
:10E0300000000100154015402E0000000001000006
:10E04000570400000200030100000000000000006F
:10E0500064000000E047000060090000090B0002B6
:10E0600003040000010000000000000005000000A3
:10E07000000000000000000101000000000000009E
:10E080000000000000000000000000000000000090
:10E090000000000000000000000000000000000080
:10E0A0000000000000000000000000000000000070
:10E0B0000000000000000000000000000000000060
:10E0C0000000000000000000000000000000000050
:10E0D0000000000000000000000000000000000040
:10E0E0000000000000000000000000000000000030
:10E0F0000000000000000000000000000000000020
:10E10000000000000000000000000000000000000F
:10E1100000000000000000000000000000000000FF
:10E1200000000000000000000000000000000000EF
:10E1300000000000000000000000000000000000DF
:10E1400000000000000000000000000000000000CF
:10E1500000000000000000000000000000000000BF
:10E1600000000000000000000000000000000000AF
:10E17000000000000000000000000000000000009F
:10E18000000000000000000000000000000000008F
:10E19000000000000000000000000000000000007F
:10E1A000000000000000000000000000000000006F
:10E1B000000000000000000000000000000000005F
:10E1C000000000000000000000000000000000004F
:10E1D000000000000000000000000000000000003F
:10E1E000000000000000000000000000000000002F
:10E1F000000000000000000000000000000000001F
:10E20000000000000000000000000000000000000E
:10E2100000000000000000000000000000000000FE
:10E2200000000000000000000000000000000000EE
:10E2300000000000000000000000000000000000DE
:10E2400000000000000000000000000000000000CE
:10E2500000000000000000000000000000000000BE
:10E2600000000000000000000000000000000000AE
:10E27000000000000000000000000000000000009E
:10E28000000000000000000000000000000000008E
:10E29000000000000000000000000000000000007E
:10E2A000000000000000000000000000000000006E
:10E2B000000000000000000000000000000000005E
:10E2C000000000000000000000000000000000004E
:10E2D000000000000000000000000000000000003E
:10E2E000000000000000000000000000000000002E
:10E2F000000000000000000000000000000000001E
:10E30000000000000000000000000000000000000D
:10E3100000000000000000000000000000000000FD
:10E3200000000000000000000000000000000000ED
:10E3300000000000000000000000000000000000DD
:10E3400000000000000000000000000000000000CD
:10E3500000000000000000000000000000000000BD
:10E3600000000000000000000000000000000000AD
:10E37000000000000000000000000000000000009D
:10E38000000000000000000000000000000000008D
:10E39000000000000000000000000000000000007D
:10E3A000000000000000000000000000000000006D
:10E3B000000000000000000000000000000000005D
:10E3C000000000000000000000000000000000004D
:10E3D000000000000000000000000000000000003D
:10E3E000000000000000000000000000000000002D
:10E3F000000000000000000000000000000000001D
:10E40000000000000000000000000000000000000C
:10E4100000000000000000000000000000000000FC
:10E4200000000000000000000000000000000000EC
:10E4300000000000000000000000000000000000DC
:10E4400000000000000000000000000000000000CC
:10E4500000000000000000000000000000000000BC
:10E4600000000000000000000000000000000000AC
:10E47000000000000000000000000000000000009C
:10E48000000000000000000000000000000000008C
:10E49000000000000000000000000000000000007C
:10E4A000000000000000000000000000000000006C
:10E4B000000000000000000000000000000000005C
:10E4C000000000000000000000000000000000004C
:10E4D000000000000000000000000000000000003C
:10E4E000000000000000000000000000000000002C
:10E4F000000000000000000000000000000000001C
:10E50000000000000000000000000000000000000B
:10E5100000000000000000000000000000000000FB
:10E5200000000000000000000000000000000000EB
:10E5300000000000000000000000000000000000DB
:10E5400000000000000000000000000000000000CB
:10E5500000000000000000000000000000000000BB
:10E5600000000000000000000000000000000000AB
:10E57000000000000000000000000000000000009B
:10E58000000000000000000000000000000000008B
:10E59000000000000000000000000000000000007B
:10E5A000000000000000000000000000000000006B
:10E5B000000000000000000000000000000000005B
:10E5C000000000000000000000000000000000004B
:10E5D000000000000000000000000000000000003B
:10E5E000000000000000000000000000000000002B
:10E5F000000000000000000000000000000000001B
:10E60000000000000000000000000000000000000A
:10E6100000000000000000000000000000000000FA
:10E6200000000000000000000000000000000000EA
:10E6300000000000000000000000000000000000DA
:10E6400000000000000000000000000000000000CA
:10E6500000000000000000000000000000000000BA
:10E6600000000000000000000000000000000000AA
:10E67000000000000000000000000000000000009A
:10E68000000000000000000000000000000000008A
:10E69000000000000000000000000000000000007A
:10E6A000000000000000000000000000000000006A
:10E6B000000000000000000000000000000000005A
:10E6C000000000000000000000000000000000004A
:10E6D000000000000000000000000000000000003A
:10E6E000000000000000000000000000000000002A
:10E6F000000000000000000000000000000000001A
:10E700000000000000000000000000000000000009
:10E7100000000000000000000000000000000000F9
:10E7200000000000000000000000000000000000E9
:10E7300000000000000000000000000000000000D9
:10E7400000000000000000000000000000000000C9
:10E7500000000000000000000000000000000000B9
:10E7600000000000000000000000000000000000A9
:10E770000000000000000000000000000000000099
:10E780000000000000000000000000000000000089
:10E790000000000000000000000000000000000079
:10E7A0000000000000000000000000000000000069
:10E7B0000000000000000000000000000000000059
:10E7C0000000000000000000000000000000000049
:10E7D0000000000000000000000000000000000039
:10E7E0000000000000000000000000000000000029
:10E7F0000000000000000000000000000000000019
:10E800000000000000000000000000000000000008
:10E8100000000000000000000000000000000000F8
:10E8200000000000000000000000000000000000E8
:10E8300000000000000000000000000000000000D8
:10E8400000000000000000000000000000000000C8
:10E8500000000000000000000000000000000000B8
:10E8600000000000000000000000000000000000A8
:10E870000000000000000000000000000000000098
:10E880000000000000000000000000000000000088
:10E890000000000000000000000000000000000078
:10E8A0000000000000000000000000000000000068
:10E8B0000000000000000000000000000000000058
:10E8C0000000000000000000000000000000000048
:10E8D0000000000000000000000000000000000038
:10E8E0000000000000000000000000000000000028
:10E8F0000000000000000000000000000000000018
:10E900000000000000000000000000000000000007
:10E9100000000000000000000000000000000000F7
:10E9200000000000000000000000000000000000E7
:10E9300000000000000000000000000000000000D7
:10E9400000000000000000000000000000000000C7
:10E9500000000000000000000000000000000000B7
:10E9600000000000000000000000000000000000A7
:10E970000000000000000000000000000000000097
:10E980000000000000000000000000000000000087
:10E990000000000000000000000000000000000077
:10E9A0000000000000000000000000000000000067
:10E9B0000000000000000000000000000000000057
:10E9C0000000000000000000000000000000000047
:10E9D0000000000000000000000000000000000037
:10E9E0000000000000000000000000000000000027
:10E9F0000000000000000000000000000000000017
:10EA00000000000000000000000000000000000006
:10EA100000000000000000000000000000000000F6
:10EA200000000000000000000000000000000000E6
:10EA300000000000000000000000000000000000D6
:10EA400000000000000000000000000000000000C6
:10EA500000000000000000000000000000000000B6
:10EA600000000000000000000000000000000000A6
:10EA70000000000000000000000000000000000096
:10EA80000000000000000000000000000000000086
:10EA90000000000000000000000000000000000076
:10EAA0000000000000000000000000000000000066
:10EAB0000000000000000000000000000000000056
:10EAC0000000000000000000000000000000000046
:10EAD0000000000000000000000000000000000036
:10EAE0000000000000000000000000000000000026
:10EAF0000000000000000000000000000000000016
:10EB00000000000000000000000000000000000005
:10EB100000000000000000000000000000000000F5
:10EB200000000000000000000000000000000000E5
:10EB300000000000000000000000000000000000D5
:10EB400000000000000000000000000000000000C5
:10EB500000000000000000000000000000000000B5
:10EB600000000000000000000000000000000000A5
:10EB70000000000000000000000000000000000095
:10EB80000000000000000000000000000000000085
:10EB90000000000000000000000000000000000075
:10EBA0000000000000000000000000000000000065
:10EBB0000000000000000000000000000000000055
:10EBC0000000000000000000000000000000000045
:10EBD0000000000000000000000000000000000035
:10EBE0000000000000000000000000000000000025
:10EBF0000000000000000000000000000000000015
:10EC00000000000000000000000000000000000004
:10EC100000000000000000000000000000000000F4
:10EC200000000000000000000000000000000000E4
:10EC300000000000000000000000000000000000D4
:10EC400000000000000000000000000000000000C4
:10EC500000000000000000000000000000000000B4
:10EC600000000000000000000000000000000000A4
:10EC70000000000000000000000000000000000094
:10EC80000000000000000000000000000000000084
:10EC90000000000000000000000000000000000074
:10ECA0000000000000000000000000000000000064
:10ECB0000000000000000000000000000000000054
:10ECC0000000000000000000000000000000000044
:10ECD0000000000000000000000000000000000034
:10ECE0000000000000000000000000000000000024
:10ECF0000000000000000000000000000000000014
:10ED00000000000000000000000000000000000003
:10ED100000000000000000000000000000000000F3
:10ED200000000000000000000000000000000000E3
:10ED300000000000000000000000000000000000D3
:10ED400000000000000000000000000000000000C3
:10ED500000000000000000000000000000000000B3
:10ED600000000000000000000000000000000000A3
:10ED70000000000000000000000000000000000093
:10ED80000000000000000000000000000000000083
:10ED90000000000000000000000000000000000073
:10EDA0000000000000000000000000000000000063
:10EDB0000000000000000000000000000000000053
:10EDC0000000000000000000000000000000000043
:10EDD0000000000000000000000000000000000033
:10EDE0000000000000000000000000000000000023
:10EDF0000000000000000000000000000000000013
:10EE00000000000000000000000000000000000002
:10EE100000000000000000000000000000000000F2
:10EE200000000000000000000000000000000000E2
:10EE300000000000000000000000000000000000D2
:10EE400000000000000000000000000000000000C2
:10EE500000000000000000000000000000000000B2
:10EE600000000000000000000000000000000000A2
:10EE70000000000000000000000000000000000092
:10EE80000000000000000000000000000000000082
:10EE90000000000000000000000000000000000072
:10EEA0000000000000000000000000000000000062
:10EEB0000000000000000000000000000000000052
:10EEC0000000000000000000000000000000000042
:10EED0000000000000000000000000000000000032
:10EEE0000000000000000000000000000000000022
:10EEF0000000000000000000000000000000000012
:10EF00000000000000000000000000000000000001
:10EF100000000000000000000000000000000000F1
:10EF200000000000000000000000000000000000E1
:10EF300000000000000000000000000000000000D1
:10EF400000000000000000000000000000000000C1
:10EF500000000000000000000000000000000000B1
:10EF600000000000000000000000000000000000A1
:10EF70000000000000000000000000000000000091
:10EF80000000000000000000000000000000000081
:10EF90000000000000000000000000000000000071
:10EFA0000000000000000000000000000000000061
:10EFB0000000000000000000000000000000000051
:10EFC0000000000000000000000000000000000041
:10EFD0000000000000000000000000000000000031
:10EFE0000000000000000000000000000000000021
:10EFF0000000000000000000000000000000000011
:10F00000314932480A1A02D0072291438D463049CD
:10F0100030480A1A06D00722914381F30988022258
:10F0200082F314882C482D492D4A00F03CF82D48D5
:10F030002D492E4A00F037F82D482E492E4A00F06F
:10F0400032F82E482E492F4A00F02DF82E482F492D
:10F050002F4A00F028F82F482F49304A00F023F8B3
:10F060002F483049304A00F01EF83048304900221D
:10F0700000F024F82F483049002200F01FF82F4AF2
:10F0800090471F481F49884205D00268043003B4E6
:10F09000904703BCF7E700208646EC46002000219D
:10F0A000274A9047FEE7884207D0521A05D00378D6
:10F0B00001300B700131013AF9D17047884202D01A
:10F0C00002700130FAE770470000022000F80120CA
:10F0D00000000220000002204440050020260020FD
:10F0E000E4270020B8F10100B8F101002CCA0400A7
:10F0F0004440050020260020202600203CCC0400AF
:10F100003CCC04003CCC04003CCC04003CCC0400CF
:10F110003CCC04003CCC04003CCC04004240050044
:10F1200008420500E4270020E4270020E42700200F
:10F130009CE300209CE300209CE300206DF1010093
:10F14000550C030000F036B80F484FF00701884314
:10F1500085460E4880470E48016841F47001016001
:10F16000BFF34F8FBFF36F8FFFF74ABF09480A49BC
:10F170000A4A884207D0521A05D0037801300B7032
:10F180000131013AF9D17047000002209567020071
:10F1900088ED00E0D4CB04000C26002020260020BF
:10F1A000FEE7FEE7FEE7FEE7FEE7FEE7FEE7FEE737
:10F1B000FEE7FEE7FFF7C8BFFEE7FEE7704700BFC8
:10F1C00000B583B0044B0093044A402300F036F8A6
:10F1D00003B05DF804FB00BFE1F10100E827002067
:10F1E00002B32DE9F843114B114E8846144603270C
:10F1F00043F001090025224608EB050100200DF02F
:10F20000E9FA0346E41A4FF47A401D4423B93378EF
:10F2100033B1C847013F06D001233370002CEAD137
:10F22000BDE8F88370473770BDE8F88340CC040030
:10F23000E4270020704700BF0DF010BBF0B595B07B
:10F24000084600240E4617461D4602F083FE1A9A11
:10F250000D922346082205A93046CDE909540897A6
:10F260008DF82C400C9402F0B9FEDDE906219DF8E2
:10F2700014308DF81140CDE9021203F00302012A87
:10F2800028D0022A04D0304602F068FE15B0F0BD46
:10F29000BDF81650C3F3C203C5F389158DF81030BD
:10F2A0000827082D2C4628BF08243B4622460EA9D5
:10F2B000304602F093FE2D1B08AB02AA21460EA891
:10F2C000274400F0EDFE002DEBD1304602F046FE63
:10F2D00015B0F0BDBDF814100598C1F38312C3F347
:10F2E000C203C0F39525C1F383148DF810300EA925
:10F2F00030469200082302F071FE08AB00932246CC
:10F3000002AB0EA9284600F055FE304602F026FE5C
:10F3100015B0F0BD08B5FFF78FFF0948042100F0D4
:10F32000C9FD002803DB074B01225A7108BD0649BD
:10F33000412011F081FC034B01225A7108BD00BF2E
:10F34000C4CB04002026002054CC040070B5314CFE
:10F3500084B004F5836001F05FFF04F2144001F013
:10F360005BFFD4E9013503EA0501CA1C04EB820CFA
:10F3700014F8222050072ED404EB81015A1CC868CF
:10F3800001902A4004EB820200F003010129D568B4
:10F3900003F102062ED0022933D01F494FF4BF706B
:10F3A00011F04AFC00251D4801F042FF00B16660E3
:10F3B000284604B070BD022806D1BCF802200233F2
:10F3C00003EB921303EA0501C81C04EB800C14F84C
:10F3D00020004207D0D59CF8000000F0030001286F
:10F3E000E9D1BCF800200233C2F38312134403EACC
:10F3F0000501E9E7BDF80430C3F383132D0C1E4467
:10F40000D1E7BDF80630C3F3891303332D0C06EBA7
:10F410009306C8E7242A0020CCCC0400382E002014
:10F420000B4B0C4810B50022FF21C3F81824C3E988
:10F4300000229960C3F8142483F8202402F03EFDD2
:10F44000044610B9044802F0DFFD204610BD00BF9D
:10F45000242A0020C0CA040044CD040030B499B16D
:10F460000D490E4D491BC90813D00D4C002302E075
:10F47000013399420AD034F823208242F8D1184649
:10F4800055F8300030BC7047044DF9E7002030BC1F
:10F4900070470846F6E700BFC4CB0400DCCA04008E
:10F4A00020260020094B013903EBC00003290BD8AB
:10F4B000DFE801F0040208060420704702207047CC
:10F4C000407970470079704700207047DCCA04001B
:10F4D0002DE9F047C64CD4E900239A4284B000F0ED
:10F4E000C0800023C4F81834BFF34F8FD4E901352E
:10F4F00003EA0501CA1C04EB820614F82220500717
:10F500001BD52768327802F00302012A00F09F80A1
:10F51000022A03D17288023303EB921305EA030136
:10F52000D4F81804CA1C04EB820630B99F4240F29A
:10F53000948014F822205207E4D404EB81019E1C2D
:10F540000133CA6801922B4004EB830302F00302EB
:10F55000DB680293022A00F08880012A00F0F48020
:10F56000D4F810543DB12B6828469B689847EB6847
:10F570001D68002DF7D100230DF103008DF8033035
:10F58000D4F80880DFF888929A4E00F0A9FFD4E9F9
:10F59000013127680B440133DB1BA6EB0906012B65
:10F5A0004FEAD60600F22181934D0121284601F051
:10F5B0001BFEFFF7CBFE0146284601F015FED4E9FD
:10F5C000013122680B4401339B1A012BEDD902EA69
:10F5D00001030333023205219DF8030044F8231090
:10F5E000226000F0B3FF8448002101F0DBFD80F3CE
:10F5F0001005824BB6B2A3EB0909B6EBD90F80F028
:10F60000DF8008EA07027E4B94F82014013707EAEE
:10F61000080804EB880803329B0246EA054643F0DB
:10F620001103C8F80C6044F8223039B9D4E900302D
:10F63000C01A18BF012004B0BDE8F087FFF748FFEB
:10F640000028F3D0FFF744FF0028F7D1EEE7328817
:10F650000233C2F38312134460E7676004B0BDE86D
:10F66000F087002004B0BDE8F087BDF8063065489B
:10F67000C3F38919B9F1C80FC84628BF4FF0C808AD
:10F6800008F1080168F38F13C1F30901ADF80630E2
:10F6900002F016FC074600283FF462AF02F05AFC65
:10F6A0000023082201A9384602F084FC25EA06035B
:10F6B0000133B8EB830F4FEA830A40F28780BAF137
:10F6C000000F00F0A78005EA0601033104EB810179
:10F6D000524638460823A8EB0A0802F06BFC5FFA92
:10F6E00088F80AF10803484903F0FC03424638460B
:10F6F00002F060FC09F1030906EB9906D4F818340E
:10F70000002B6ED1D4F810545DB1EB685A792846BD
:10F7100039461AB12B681B689847EB681D68002DA5
:10F72000F3D1384602F01AFC00230DF103008DF8E6
:10F73000033000F0D5FED4F8183403B966609DF8A4
:10F74000030000F003FF71E7BDF804202D48C2F369
:10F750008313062B28BF062363F38912023303F0B9
:10F760000F018900ADF8042002F0AAFB074600282B
:10F770003FF4F6AE02F0EEFB0023082201A9384662
:10F7800002F018FCBDF8043013F4707FB6D04FF0CF
:10F790000008314629404FEA88030331083304EB5F
:10F7A00081010422384602F005FCBDF8043008F15E
:10F7B0000108C3F38313434506F10106E9D89DE729
:10F7C000124940F2A31011F037FA1AE705EA0601D0
:10F7D0000331424604EB81010823384602F0EAFB7C
:10F7E00088E7384602F0BAFB20E73A46EFE600BF6A
:10F7F000242A00203CCB0400402E0020C4CB04006F
:10F800002CCD0400C0CA0400302A0020CCCC040057
:10F81000DCCA0400034942460823384602F0CAFB0A
:10F8200068E700BF302A00202DE9F047DFF8F8A094
:10F8300082B0002305460DF1070091468DF8073090
:10F84000DAF80860884600F04BFEDAE90132DAF8AF
:10F85000007013440133DB1B022B5AD80AF21C44FC
:10F860000121204601F0C0FCFFF770FD0146204653
:10F8700001F0BAFCDAE90132DAF80010134401337E
:10F880005B1A022BECD90A400332033145239DF861
:10F8900007004AF82230CAF8001000F057FEBB1CDF
:10F8A00033400AEB83031C48C3F80C90002101F09D
:10F8B00079FC80F31009194B194A2C0C9B1AB4EBF4
:10F8C000D30F20D27B1C33400AEB8303E90044EAC8
:10F8D000094401F038013E40DC6041F041019AF8F2
:10F8E0002034033641EA88214AF8261013B902B0C1
:10F8F000BDE8F087FFF7ECFD0028F8D0FFF7E8FD42
:10F900000028F7D1F3E7074940F2A31011F094F96A
:10F91000D8E73946B7E700BF402E0020C4CB04002B
:10F92000DCCA0400CCCC0400242A00202DE9F04FCE
:10F930003E4C83B006469A460DF1070000239346DD
:10F940008DF80730A768894600F0CAFDD4E9013276
:10F95000D4F8008013440133A3EB0803032B62D8CF
:10F9600004F21C450121284601F03EFCFFF7EEFCA5
:10F970000146284601F038FCD4E9013221681344DD
:10F9800001335B1A032BEDD90A400332043185237E
:10F990009DF8070044F82230216000F0D7FD08F1FF
:10F9A00002033B4004EB83032148C3F80CB008F189
:10F9B00003033B4004EB83030021C3F80CA001F0D8
:10F9C000F1FB80F3100A1B4B1B4A350C9B1AB5EB5D
:10F9D000D30F22D208F101033B4004EB8303F10073
:10F9E00045EA0A4501F0380107EA0807DD6041F001
:10F9F000810194F82034033741EA892144F8271023
:10FA000013B903B0BDE8F08FFFF762FD0028F8D00E
:10FA1000FFF75EFD0028F7D1F3E7084940F2A31095
:10FA200011F00AF9D6E74146AEE700BF242A0020CC
:10FA3000402E0020C4CB0400DCCA0400CCCC04005F
:10FA40002DE9F04FDFF810B183B0054699460DF16E
:10FA50000700002392468DF80730DBF808608846DF
:10FA600000F03EFDDBE90132DBF8007013440133A6
:10FA7000DB1B042B66D80BF21C440121204601F04D
:10FA8000B3FBFFF763FC0146204601F0ADFBDBE969
:10FA90000132DBF80010134401335B1A042BECD95C
:10FAA0000A4003320531C5239DF807004BF8223088
:10FAB000CBF8001000F04AFDBB1C33400BEB830376
:10FAC0000C9AC3F80CA0FB1C33400BEB83031E48BD
:10FAD000C3F80C903B1D33400BEB83030021DA602D
:10FAE00001F060FB80F31009184B194A2C0C9B1A8B
:10FAF000B4EBD30F20D27B1C33400BEB8303E90024
:10FB000044EA094401F038013E40DC6041F0C101A3
:10FB10009BF82034033641EA88214BF8261013B9AC
:10FB200003B0BDE8F08FFFF7D3FC0028F8D0FFF753
:10FB3000CFFC0028F7D1F3E7064940F2A31011F0FB
:10FB40007BF8D8E73946ABE7402E0020C4CB040051
:10FB5000DCCA0400CCCC0400242A00202DE9F047A4
:10FB600086B0DFF824A103930F9B0E9C05930546F6
:10FB700000230DF10700164602928DF80730DAF8DF
:10FB800008700494894600F0ABFCDAE90132DAF837
:10FB9000008013440133A3EB0803052B69D80AF254
:10FBA0001C440121204601F01FFBFFF7CFFB01465B
:10FBB000204601F019FBDAE90132DAF800101344AB
:10FBC00001335B1A052BECD90A400332063140F2AF
:10FBD00005139DF807004AF82230CAF8001000F01B
:10FBE000B5FC08F1020303A908F1060001E051F891
:10FBF000046B07EA03020AEB820201338342D660F8
:10FC0000F5D11D48002101F0CDFA80F310061B4B01
:10FC10001B4A2C0C9B1AB4EBD30F24D208F101031E
:10FC20003B40ED000AEB830305F0380544EA064447
:10FC300045F4807507EA0807DC6045F001059AF88D
:10FC40002034033745EA89254AF8275013B906B00E
:10FC5000BDE8F087FFF73CFC0028F8D0FFF738FC40
:10FC60000028F7D1F3E7074940F2A31010F0E4FFB2
:10FC7000D4E74146A8E700BF402E0020C4CB0400D3
:10FC8000DCCA0400CCCC0400242A00202DE9F04773
:10FC900086B0DFF828A102930F9B0493109B0E9C63
:10FCA0000593054600230DF10300164601928DF8D9
:10FCB0000330DAF808700394894600F011FCDAE9A1
:10FCC0000132DAF8008013440133A3EB0803062B5A
:10FCD00069D80AF21C440121204601F085FAFFF799
:10FCE00035FB0146204601F07FFADAE90132DAF805
:10FCF0000010134401335B1A062BECD90A4003327F
:10FD0000073140F245139DF803004AF82230CAF843
:10FD1000001000F01BFC08F1020302A908F1070023
:10FD200001E051F8046B07EA03020AEB8202013397
:10FD30008342D660F5D11D48002101F033FA80F3EB
:10FD400010061B4B1B4A2C0C9B1AB4EBD30F24D26E
:10FD500008F101033B40ED000AEB830305F0380591
:10FD600044EA064445F4A07507EA0807DC6045F05C
:10FD700001059AF82034033745EA89254AF82750C7
:10FD800013B906B0BDE8F087FFF7A2FB0028F8D052
:10FD9000FFF79EFB0028F7D1F3E7074940F2A310D5
:10FDA00010F04AFFD4E74146A8E700BF402E0020EC
:10FDB000C4CB0400DCCA0400CCCC0400242A0020FC
:10FDC0002DE9F047DFF8E89082B0002305460DF1F9
:10FDD00007008DF80730D9F80860884600F080FBEE
:10FDE000D9E90132D9F8007013440133DB1B012B30
:10FDF00054D809F21C440121204601F0F5F9FFF71F
:10FE0000A5FA0146204601F0EFF9D9E90132D9F807
:10FE10000010134401335B1A012BECD90A40033262
:10FE2000052302319DF8070049F82230C9F8001077
:10FE300000F08CFB1A48002101F0B4F980F3100A9D
:10FE4000184B194A2C0C9B1AB4EBD30F20D27B1CF5
:10FE5000334009EB8303E90044EA0A4401F0380126
:10FE60003E40DC6041F0010199F82034033641EA5C
:10FE7000882149F8261013B902B0BDE8F087FFF7D2
:10FE800027FB0028F8D0FFF723FB0028F7D1F3E782
:10FE9000064940F2A31010F0CFFED8E73946BDE77F
:10FEA000402E0020C4CB0400DCCA0400CCCC0400EB
:10FEB000242A002030B4124DD5F810140446002036
:10FEC000B1B10B4601E01B6853B1DB681A7982427D
:10FED000F9D101300A28F3D14FF0FF3030BC704720
:10FEE000E2681071CB68196811601C6030BC704703
:10FEF000E3681871C5F8104430BC1960704700BF42
:10FF0000242A002038B5094BD3F81044012583F882
:10FF100020544CB12368E2685B68557120469847CD
:10FF2000E3681C68002CF5D138BD00BF242A0020EE
:10FF300030B5C38885B004460D4623BB237A052B14
:10FF40001FD0627A82B9144AA08852F82320039203
:10FF50000021FFF783FA039A10490346284605B0AB
:10FF6000BDE8304001F032BA1946A088FFF79AFA8E
:10FF70000B4B0C4953F82020284601F027FA237A2E
:10FF8000E1E705B030BD08490091084A0849284614
:10FF900001F01CFAD2E700BF14CE04007CCD0400AF
:10FFA000F0CD040078CD040070CD040050CD0400E5
:10FFB00058CD04002DE9F04385B01D460C9C00236C
:10FFC00094F80C90237380460E4617462146284627
:10FFD000FFF7AEFF062F09D8DFE807F0042E343B09
:10FFE000444F1F004146204601F0F0F92B7A052BC3
:10FFF00005D06B7A5BB92749204601F0E7F9204626
:020000040002F8
:1000000001F0D0F984F80C9005B0BDE8F083224AE5
:100010002249204601F0DAF9EDE773690393336969
:100020000293F3680193B3680093D6E90023414635
:10003000204601F0CBF9D9E732684146204601F06D
:10004000C5F9D3E7D6E900234146204601F0BEF9C1
:10005000CCE7B3680093D6E900234146204601F07F
:10006000B5F9C3E7F3680193B3680093D6E90023B9
:100070004146204601F0AAF9B8E733690293F368D4
:100080000193B3680093D6E900234146204601F06E
:100090009DF9ABE788CD040070CD040078CD040055
:1000A000082900D970472DE9F04F002493F80C90EF
:1000B0001C7383B00E4607461946104690461D46EF
:1000C000DFF8B8B0DFF8B8A0FFF732FF05E03A5D1F
:1000D000013401F07BF9082C09D0A642514628468C
:1000E000F5D85946013401F071F9082CF5D11F49B2
:1000F000DFF890B0DFF890A0284601F067F90024FF
:100100000AE03A5D7E2A23D92E2251462846013440
:1001100001F05CF9082C08D0A642F2D859462846CE
:10012000013401F053F9082CF6D198F80830052B6A
:1001300002D098F809309BB90D49284601F046F9DC
:10014000284601F02FF985F80C9003B0BDE8F08F38
:100150001046019211F050F8019A0028D5D1D3E74A
:10016000044A0549284601F031F9E5E798CD040035
:1001700088CD040070CD040078CD040094CD040037
:100180008CCD040084CD04009CCD040000B583B068
:100190004FF0010C8DF807C0144B9DF807E0186074
:1001A00044F2010C604559609A6013D044F2020198
:1001B000884206D1DA60DA6812889A61DA68526891
:1001C000DA6172B69DF80730002BFBD162B603B03E
:1001D0005DF804FB1A611A6992685A611A6912681B
:1001E0009A611A695268DA61EBE700BFE02E0020DD
:1001F00000B583B002900091019244F20100714673
:100200006A4600F003F803B000BD00BFF0B5044635
:1002100087B00E46154672B6FFF774FEFFF758F921
:100220000028FBD144F201039C422FD01DD8012CA1
:1002300054D041F201039C4244D12E482E4B2F4909
:10024000C01AC008000440F00100FFF7B9FD2C4BB4
:10025000D3F8F030DB0700D500BE2A4631462046F1
:1002600007B0BDE8F040FFF791BF44F202039C42A3
:1002700028D1214B1F486A682249C01AC0080004CF
:100280002B8840F00100FFF751FBE0E7AA681A4B0A
:10029000184F05921046FF1A01F0FCFE02962968DD
:1002A0000191FF083F046968009147F00107034688
:1002B000059A15493846FFF7E9FC14493846FFF717
:1002C0007FFDC4E70C4B0B481149C01AC00800045D
:1002D000324640F00100FFF7A7FAB8E7064B0548A1
:1002E0000C49C01AC008000440F00100FFF768FD87
:1002F000ADE700BF3CCB0400DCCA040054CE0400D0
:1003000000ED00E078CE040094CE0400BCCE0400E2
:10031000D0CE040034CE040070B5054608F0A2FD2E
:100320004368AB42044603D00B496A2010F084FCBA
:10033000A3685BB1237B43B1637BA268206883F031
:1003400001032373BDE87040104770BD02496B2064
:1003500010F072FCEEE700BFE8CE040070B505684F
:1003600082B022B32B7B13B90E46696811B1082005
:1003700002B070BD14462846102211F010F8002E6D
:100380000CBF012200220B4B6A73AC6014BF012228
:10039000002200934FF47A712B46074808F08AFB3D
:1003A0000028686014BF00200E2002B070BD072036
:1003B00002B070BD1903020084CD04002DE9F041A4
:1003C000476884B0002F52D0067B0446BEB90D4664
:1003D0000260EFF305836BB10A46009603AB092177
:1003E0003846039608F088FB012828D0042004B082
:1003F000BDE8F081384608F01DFD064618B1002022
:1004000004B0BDE8F0814FF002082A460346CDF85B
:1004100000800421384608F06FFB01280546E5D12D
:1004200007F06CFCCDF8008002463346294638467A
:1004300008F062FB0128D9D101232373DFE707F01D
:1004400063FC0096024603AB0621384608F054FBD5
:100450000128CBD1039B002BEED0074B4FF08052ED
:100460005A6040BFBFF34F8FBFF36F8FE4E70820A0
:1004700004B0BDE8F08100BF00ED00E010B5044617
:10048000406884B038B3EFF305835BB90222009271
:1004900003211A4608F030FB012819D100202073EF
:1004A00004B010BD0022009203AB0821039208F0B3
:1004B00023FB01280CD1039B002BEFD0074B4FF0FF
:1004C00080525A6040BFBFF34F8FBFF36F8FE5E795
:1004D000042004B010BD082004B010BD00ED00E001
:1004E00070B50446EFF30583C3F308033BB9EFF39C
:1004F0001483DB0703D51149432010F09DFBEFF374
:10050000108072B60E4B9A68A2B9012199600D490C
:100510000D4ED1F8805035401D60C1F88060D1F893
:1005200084505D604FF0FF33C1F88430227000B911
:1005300062B670BD01232370F9E700BF48CF040005
:10054000002F002000E100E0FC06FFBD10B50446CE
:10055000EFF30583C3F308033BB9EFF31483DB0721
:1005600003D50A49512010F067FB094B9A685AB12C
:1005700054B9EFF3108172B6064A186810605868D3
:1005800050609C6001B962B610BD00BF48CF040046
:10059000002F002000E100E0194B00EB800003EB8E
:1005A00080000B68426802F580502BB35A880332F2
:1005B00003EB8203834217D210B54FF6FF7E1A6811
:1005C000013213D05A88033203EB820290420DD3DA
:1005D000B3F804C0F4450BD01C884CB19C680134BE
:1005E00006D00B60012010BD00207047002010BD18
:1005F0009042FBD91346E2E702F10803DAE700BFB5
:10060000482F002070B5436882B006460C461BB1E7
:10061000234AD1688B421FD20022134622801546FE
:10062000019505E0019B3268996891420ED02388BC
:10063000184601A9FFF7B0FF0028F3D12388013342
:100640009BB2012B2380EBD902B070BD154A7360B9
:100650001389338102B070BD12699342DCD813F064
:100660000300D9D10F4A318912899142D4D131681E
:100670009A689142D0D10C494A68934203D902F555
:100680008052934209D38A69934203D902F580527A
:10069000934201D30020D7E7012020800120D3E737
:1006A0000C260020302F0020482F002010B4104CC2
:1006B000104A638803EB830302EB8302D36853B9C8
:1006C0004FF0040C516884F800C00B485DF8044BEF
:1006D000012201F037BA094A0520022120709180D9
:1006E000054811685DF8044B0023012201F02ABA85
:1006F000302F0020482F00200C260020842F0020BF
:10070000B3F804C0BCF1010F39D82DE9F0411D4FF9
:100710001C4680460D4616460CEB8C0317F823301A
:100720006BB10CF1010C1FFA8CFCBCF1010FA4F8A9
:1007300004C0F1D948F209601BE0B4F804C0604677
:100740002146FFF729FFB0B12368B8F1000F04D0AC
:100750009988B8F800209142EFD11DB119882A88F4
:100760009142EAD19968084A12893281C6E9001398
:100770000020BDE8F081B4F804C02060D1E748F261
:1007800009607047482F0020302F002030B5104CF2
:1007900083B06088211DFFF7FFFE20B903B0BDE8DC
:1007A0003040FFF783BF0B4B626899881B680A488B
:1007B00003EB81015388033300259BB24FF0030CF8
:1007C0009B00009584F800C001F022F903B030BD11
:1007D000302F0020842F00200C2600202DE9F04F20
:1007E0009D4DDFF894922C68DFF89082DFF890B28C
:1007F0008BB00746002C00F090802278531E052B0A
:1008000000F29783DFE803F041242403034E002F16
:1008100040F0F28094F804A0BAF1010F00F0768263
:10082000BAF1020F00F06C82BAF1000F00F05582AD
:10083000CDE907770597099705AE48F20E67023AAA
:100840000697042A4AD8DFE802F098847843AD007E
:10085000B4F814A0002F40F0B780804EA17D0AEBC1
:100860008A0306EB83034FEA8A0718895B6803EB68
:100870008003062900F25883DFE811F09501BE01DC
:10088000AB01D001820169014401002F40F00F82C9
:100890002379032B00F2C780DFE813F0280113014E
:1008A000B700F400002F40F00F826D4C237B002B2B
:1008B00000F0C48023782773013B062B69D8DFE85A
:1008C00013F06B02F201D601D20168005902BE0199
:1008D00004238DF81430E388ADF82030614C04F126
:1008E000100754F8043B304603B19847A742F8D1AB
:1008F0000023494640462B6000F022FC5A4B1B68FF
:10090000002B53D05848012100F07AFC002858D021
:100910002C680027002C7FF470AF4946404600F059
:10092000DDFB0446286000287FF467AF594640F29B
:100930009B5010F081F92C685FE703238DF8143089
:10094000E1882289E3680793ADF82010ADF82220F2
:10095000C4E702238DF81430A37D2289A188ADF865
:100960002020A3F10603B3FA83F3E26807925B0940
:10097000ADF822108DF82430B0E701238DF8143043
:100980002189A288E3680793ADF82010ADF82220F2
:10099000A4E7002305AE0593C6E90233336148F2AC
:1009A0000E67069705238DF8143097E759464FF4E4
:1009B000247010F041F92C48012100F021FC00289E
:1009C000A6D10BB0BDE8F08FA17DE388234E0229AC
:1009D00007D90AEB8A0006EB8000D91C0789394445
:1009E00001814FEA8A07574406EB8706C3F57F4328
:1009F0007189FD330B44738105AE002305934FF4D9
:100A00000647C6E90233336119E7184A18481168E6
:100A10000023237102249480012201F093F800281E
:100A2000CFD02C682278134905AE002305934B6084
:100A3000C6E90233336148F20D6700E72378072BDC
:100A400000F2E781DFE813F0FA01E501E501260194
:100A5000CF01FB00FB00E101442F0020482F0020C4
:100A6000302F0020182F0020802F0020842F0020FE
:100A70000C260020282F0020402F0020702F00205F
:100A8000A4CF0400B04FB14AB1484FF0000A84F837
:100A900004A0CDF800A00823396800F0B9FFAD4BE1
:100AA0005E8806EB8603AC4E06F823A006EB8306B1
:100AB0003B6872687360BB88338102233A60BB80F5
:100AC000ADE7A54E3378022B00F01C82337D022B5C
:100AD00000F02882A14A002305AE01210593117080
:100AE000C6E90133C6E903335360F7E6964B9C4AE7
:100AF000196897480123237100230093082300F00D
:100B000087FF8CE7E188204641F61D5307EB0A0C6E
:100B100006EB8C0CCC1CBCF808E07444ACF8084024
:100B2000574406EB8706C1F57F4104467089FD31C5
:100B30000144718105AE41F61D5100278B42C6E983
:100B40000077C6E9027737613FF479AEC7E1854B9C
:100B5000854A5968854B7E481B8803930623A375F5
:100B600000230093042300F053FF48BB039B03EBD7
:100B7000830306EB8306012333740BB0BDE8F08FCB
:100B80007848A26902607949039300224260FFF726
:100B900039FD039B0022002800F0AA811946022398
:100BA000A375009204E019460223A3750023009365
:100BB00004236748E21800F02BFF00283FF401AF40
:100BC000A37D2868E1880278022B48F20D63A7D93B
:100BD0009CE703F1080123695D48002B14BF032340
:100BE0000123A3750023009304F10C02042300F0F9
:100BF0000FFF0028E4D1E4E6032A03F104010CBF4F
:100C000005230623A375002300935148042304F110
:100C1000080200F0FDFE0028D2D1D2E6012003F147
:100C20000C01E388A0750020226900909B004848D1
:100C300000F0EEFE0028C3D10BB0BDE8F08F424BB0
:100C4000474A1968424800230093636007232370D2
:100C5000082300F0DDFE0346002B3FF4B2AE2C6803
:100C600005AE227867E7FFF721FD0346F4E76268E7
:100C70003548538886880168033301EB86010020DC
:100C80009BB2032600909B003148267000F0C0FE06
:100C90000346E1E72C4A63685988938803330B4481
:100CA000938002232370FFF771FD0346D4E72B4B9B
:100CB000002159604FF4064705AE0023C6E9003312
:100CC000C6E902333361BAE505AE002305934FF45C
:100CD0000647C6E90233336163E6022305AE23719A
:100CE0000DF11201E36805933046CDE90677FFF771
:100CF00089FC002840F0B680227848F20967DCE7DA
:100D0000CDE907770597099705AE98E5134B1B7852
:100D1000A01D002B00F0D680154C05AE23463246B0
:100D20003946FFF7EDFC002800F0BB800390082255
:100D30002046394610F033FB039B48F20962934288
:100D400049D02C682278F6E6842F0020F4CF0400E6
:100D50000C260020302F0020482F0020282F0020B4
:100D6000FCCF04000C2F0020F0CF04008C2F0020BB
:100D7000902F00206288744E9300134406EB830684
:100D800000237168009306232370704A704808237B
:100D900000F03EFE03465FE7A37A3BB16A4E0023B4
:100DA000A372F36813B9327C002A75D1E37A43B198
:100DB000654E0023E372336A1BB996F82430002B8A
:100DC00069D105AE002305932370C6E90233638021
:100DD00063603361E5E5C6E90077C6E902772C6810
:100DE000376122782BE56288574E5A4902EB82031D
:100DF00006EB83030F685868086088885F60188175
:100E000002238B8002FA03F3B7E701232370A37A4E
:100E1000C3E7013B062B3FF6BCAD01A252F823F01D
:100E2000990D0200A70C02006F0C0200670C020073
:100E300093090200750D02003F0C0200424E238907
:100E4000327D01332381B2FA82F233785209B3FA48
:100E500083F3E27200225B09628022730122A37293
:100E600022709AE706993C4A8B88E3800B8823819D
:100E7000374800970423BDF8124000F0C9FD002850
:100E800031D1314B04EB840403EB8404012323743C
:100E90000BB0BDE8F08F01236380FFF777FC0346BA
:100EA000DAE600972C4A06992948A488042300F022
:100EB000AFFDC0B9244B04EB840403EB840484F835
:100EC00010A07EE505AE25480822394610F067FAE5
:100ED0000597C6E90177C6E9037748F201632C68F4
:100EE0001F462278ABE42C6848F20D672278E4E6CE
:100EF000CDE90500CDE907000990227805AE48F25A
:100F000009679CE4002303EB830306EB830210488C
:100F10005168002206F82320009208230B4A00F0B3
:100F200077FD7CE50123EEE7E188204648F20E6379
:100F3000ECE505AE00230593C6E90233336148F2C0
:100F40000E630693CAE400BF482F0020F4CF0400CC
:100F50000C260020842F0020F0CF0400902F0020CA
:100F60004068FFF73BBC00BF1EF0040F1CBFEFF34F
:100F700009800AE0EFF308800549064A884201D853
:100F8000904202D88D464FF00000034B18470000F6
:100F90000000022000F80120C10F0200BFF34F8FB4
:100FA0000549064BCA6802F4E0621343CB60BFF305
:100FB0004F8F00BFFDE700BF00ED00E00400FA0521
:100FC0002DE9F04782B08046FEF79CFFFEF780FADD
:100FD0000028FBD1354B364F9D6A364BB8F1000FD8
:100FE0005AD0FF1AFF083F0447F00107D8F818202D
:100FF00031493846FEF718FCD8E90232CDE9003213
:101000002E49D8E900233846FEF7A8FDD8F81C2061
:10101000D8F814300092D8F8102029493846FEF745
:101020000FFD224BDB6A980723D4DFF8A8A0DFF876
:10103000A8900024012606FA04F32B4206D05AF8A1
:101040002420494638460AB1FEF7EEFB01341A2C3B
:10105000F1D1290619D42A0410D4144BD3F8F03056
:10106000DB0700D500BE4046FFF798FF02B0BDE8A1
:10107000F08714493846FEF7A3FED6E70B4B12491A
:101080009A6B3846FEF7D0FBE7E7084B0F495A6BDF
:101090003846FEF7C9FBDEE7FF1AFF083F0447F0BA
:1010A00001070B493846FEF78BFEBAE700ED00E07A
:1010B0007CCB0400DCCA040004D004001CD0040073
:1010C00054D00400B0D0040020D1040000D10400AA
:1010D0007CD004001CD60400F4D0040010B483B00B
:1010E00050E8023F1FFAA3FCC488A44502BFBFF327
:1010F0002F8F00220EE0C489A4448489A44528BF10
:10110000ACEB040CC3EA0C4C40E802C4002CE7D161
:101110004FF001028DF803200193019C9DF80320FC
:101120000C6032B1006800EB144003B05DF8044B72
:10113000704702F0FF03184603B05DF8044B704798
:101140000A884B889A4201D00020704750E8022F4D
:10115000C2EA224240E80223002BF7D10120704767
:101160004B0901F01F024FF0010C0CFA02F100EBE9
:10117000830000F021B800BF01F01F02012303FA31
:1011800002F24B0900EB8300D14300F021B800BF0D
:101190004B0901F01F0150F82300C84000F0010086
:1011A000704700BF034653E8000F0A4643E8002C8F
:1011B0009CF0000FF7D17047034653E8002F42EA36
:1011C000010043E8000C9CF0000FF6D1704700BF0F
:1011D000034653E8002F02EA010043E8000C9CF0AC
:1011E000000FF6D1704700BF034653E8002F02EB13
:1011F000010043E8000C9CF0000FF6D1704700BFDF
:10120000034653E8002FA2EB010043E8000C9CF0DA
:10121000000FF6D1704700BF0346012253E8001FBC
:1012200041EA020043E8000C9CF0000FF6D1704741
:101230000346002253E8000F00EA020143E8001CC5
:101240009CF0000FF6D17047002844D038B50368F1
:1012500004465BB36368002B2FD0A368002B34D007
:10126000E368EBB1238AABB1D4E90120801A21688D
:10127000C0B2431E0A60DBB208B908E00A68551C18
:10128000581E0D601370C3B2FF2B2168F6D10020E9
:10129000087138BD114940F203100FF0CDFCE3E7AF
:1012A0000E494FF481700FF0C7FCDBE70B49FF20BC
:1012B0000FF0C2FC6368002BCFD108494FF4807057
:1012C0000FF0BAFCA368002BCAD1044940F2011008
:1012D0000FF0B2FCC4E70E20704700BF84D60400B4
:1012E00030B5044683B040B300250DF107008DF8FA
:1012F0000750FFF7F5F8D4E900231168994206D8A2
:101300009DF80700FFF722F9284603B030BD481EBC
:10131000A368106011F801CC1179E5681B1ADBB2E3
:10132000208A994200FB0C55EAD29DF80700137100
:10133000FFF70CF9284603B030BD03494FF4927013
:101340000FF07AFCD0E700BF84D6040030B50C461D
:1013500083B00546B8B1ECB10DF1070000238DF85C
:101360000730FFF7BDF82A681368591C1160E96857
:101370002A8A641AB4FBF2F41C709DF80700FFF788
:10138000E5F803B030BD064940F247100FF054FCB9
:10139000002CE1D102494FF4A4700FF04DFCDBE7C3
:1013A00084D6040010B5044640B1A2682AB163692E
:1013B0002168206998470023A36010BD02493120AD
:1013C0000FF03AFCF1E700BFDCD604000EB430B5F4
:1013D00082B00446059DE0B163690BB323689BB1FD
:1013E000636863B135B106AB01AA29462046019373
:1013F00000F0AAF802B0BDE8304003B070470B49D6
:1014000045200FF019FCEDE7084944200FF014FCCB
:10141000E6E7064942200FF00FFC6369002BDDD19F
:10142000024943200FF008FCD8E700BFDCD60400D7
:101430002DE9F84F1646B142DDF828B00B9A8846E0
:1014400005461F467BD30B464FF00109B3FBF6F36D
:101450009E4209F10109F9D9B94538BFB94612F0E0
:10146000010A02D1BBF1000F47D1A968012402E0B3
:10147000013F06FB04F4012FFAD8B8FBF4F29642C0
:10148000F7D9304F07E0B442B4FBF6F315D3B8FBFD
:10149000F3F2A9681C464B1CAB602B68B85C58542F
:1014A00004FB1288D5E901329A42ECD32846FFF7B3
:1014B00079FFB4FBF6F3B442E9D2BAF1000F13D0CE
:1014C000BBF1000F10D02024D9450BF1FF3B0BD20C
:1014D000AB682A68591CA960D454D5E901329A42F4
:1014E00004D2BBF1000FEFD1BDE8F88F2846FFF71B
:1014F00059FFBBF1000FE7D1F6E793071AD4202478
:10150000A968D94501F10102B0D22B68AA605C54E8
:10151000D5E9013199420BF1FF3B03D2BBF1000F3A
:10152000EFD1A3E72846FFF73DFFA968BBF1000F05
:10153000E7D19BE7002F0CBF30242024E0E74FF0D9
:10154000010989E77CD704002DE9F04F0C4685B0EE
:1015500090460646002800F0FD817369002B00F0DC
:1015600002823368002B00F007827368002B00F0C2
:10157000B580002C7DD02378DFF80C944FF0300B31
:101580000BE0B2683168501CB0608B54D6E9013270
:101590009A427FD22378002B67D00134002B64D08D
:1015A000252BEED1214600270A782D2A0C4601F181
:1015B000010169D0302A6AD02B2A5DD02A2A18BFAF
:1015C000002504D16AE014F8012FA3F13005A2F13F
:1015D000300105EB8503092902EB4303F3D92E2AD9
:1015E00066D0002301E014F8012F02F0FB01682906
:1015F000F9D0252A00F03B81583AD1B2202930D8C1
:10160000202A2ED8DFE812F021002D002D002D0019
:101610002D002D002D002D002D002D002D00180176
:1016200070002D002D002D002D0070002D002D00CC
:101630002D002D002D002D00F5002D002D00B600F1
:101640002D00B2002D002D002100D8F8000010223E
:1016500001680430CDE90057C8F800003046FFF7B4
:10166000E7FE01342378002B97D1337B002B40F029
:10167000F88005B0BDE8F08F0A782D2A0C4647F0B7
:10168000040701F1010195D147F001078CE747F00C
:10169000020789E73046FFF785FE7BE7D8F8003080
:1016A0001A1DC8F8002062781D682E2A0C4698D1B1
:1016B0006278A2F13003092B04F101044FF000031A
:1016C00093D803EB830302EB430314F8012FA2F139
:1016D00030010929A3F13003F3D986E7A94940F283
:1016E00056200FF0A9FA44E7D8F80020D2F800A05D
:1016F0000432C8F800208AEAEA72A2EBEA72092AE8
:101700004FF0010008DD11466329A9FB02C200F178
:1017100001004FEAD202F6DC9842024638BF1A4670
:101720000292002D00F0E580BAF1000FC0F2F880BF
:101730007A0700F1F580B80740F1F480002B40F003
:10174000F180BAF1000FC0F23C817A0700F14C81C0
:1017500007F00302022A00F01981CDE90057514633
:101760000A223046FFF764FE01347BE7D8F8000018
:101770000A226DE7D8F800301A1DC8F8002017F0CB
:101780000107D3F800A07DD1BAF1000F03D0504675
:101790000FF081FE0746BD4215D9202101E0BD4270
:1017A00011D0B2683368501CB0609954D6E9013248
:1017B0009A4205F1FF35F2D33046FFF7F3FDBD4203
:1017C0004FF02001EDD19AF800302BB949E71AF813
:1017D000013F002B3FF445AFB2683168501CB06048
:1017E0008B54D6E901329A42F1D33046FFF7DAFD45
:1017F000EDE7D8F80020B3683068111DC8F8001074
:1018000011685A1CB26000F803B0D6E90123934274
:101810007FD2581C3268B0607820D054D6E90132AB
:101820009A4270D208230022CDE9003230461022BD
:10183000FFF7FEFD013415E7D8F80030B2681878DC
:1018400031680433C8F80030531CB3608854D6E9BB
:1018500001329A42FFF405AF3046FFF7A3FD013491
:1018600000E7304605B0BDE8F04FFFF79BBDB36819
:101870003168581CB060CA54D6E901329A42EBD2A2
:101880000134EFE69AF80020002A00F0BE805746A7
:10189000CAF1010102E017F8012F9AB1B068431CA8
:1018A000B36033681A54D6E901329A4201EB070A51
:1018B000F1D330460291FFF775FD17F8012F029919
:1018C000002AEBD155457FF6CCAE202702E05545E6
:1018D0003FF4C7AEB2683368511CB1609F54D6E97B
:1018E00001329A4205F1FF35F1D33046FFF75AFD38
:1018F000EDE7B80705D5002B3FF423AFF9073FF517
:1019000020AF00251DE730460291FFF74BFD0299FD
:1019100088E730460291FFF745FDB368029978E702
:10192000013D08E7F9073FF50CAF002DE9D0202273
:101930000299A942BFF405AFB168481CB060306895
:101940004254D6E90101814205F1FF3552D2002D02
:10195000EED1D6E70B4940F252200FF06DF97369D2
:10196000002B7FF4FEAD07494FF415700FF064F9BA
:101970003368002B7FF4F9AD024940F255200FF097
:101980005BF9F2E528D70400CDCCCCCC002B7FF45A
:10199000E4AE002D37D0029AAA42BFF4DEAEB168A1
:1019A0003268481CB06002F801B0D6E901219142CA
:1019B00005F1FF35EDD330460393FFF7F3FC039BAE
:1019C000E7E7B1683268481CB060CAF1000A2D2010
:1019D0005054D6E901219142FFF4BAAE3046039348
:1019E000FFF7E0FC039BB3E6B1683268481CB060C7
:1019F0002B20EDE730460393FFF7D4FC039B202216
:101A0000002D95D17DE70025A7E692465AE700BF55
:101A10002DE9F04782B0DDF828A000285ED01546F9
:101A2000002A64D00668002E6AD01C46002B31D0F4
:101A30004768D7F80490B3FBF9F809FB1838B8F1F8
:101A4000000F30D111F0030F36D1AD073DD1C5687D
:101A5000A94211D22F4B3048304AC01A1024C00876
:101A60002F4BA0402F49009440F00100FDF7E8FF04
:101A7000204602B0BDE8F087056901F1FF3E7444DD
:101A8000AC42E7D8CDF828A0F468A44602B0BDE87F
:101A9000F04760471F4B2048234AC01AC008204B1C
:101AA00009240004DEE71B4B1B48204AC01AC0086B
:101AB0001B4B09240004D5E7164B17481C4AC01AD3
:101AC0001024C008164BA040CCE7124B1248194A0C
:101AD000C01A1024C008124BA040C3E70D4B0E489B
:101AE000154AC01AC0080E4B0E240004BAE7094B71
:101AF0000948124AC01AC008094B0E240004B1E775
:101B0000044B05480E4AC01AC008054B08240004BF
:101B1000A8E700BFDCCA04008CCB040090D8040006
:101B200054D9040094D70400DCD7040028D804005A
:101B300054D804006CD804008CD7040020D80400CA
:101B4000C8D70400F0B583B000283AD00668002E4C
:101B500040D022B3446827687C1E0C4228D1C46858
:101B6000A14210D2204B2148214AC01A1024C0089B
:101B7000204BA0402049009440F00100FDF760FF99
:101B8000204603B0F0BD4C1E07FB024E0469A6457B
:101B9000E8D83469A44603B0BDE8F0406047124B72
:101BA0001248164AC01AC008124B09240004E1E783
:101BB0000D4B0E48124AC01A1024C0080D4BA0400D
:101BC000D8E7094B09480F4AC01AC008094B0E2430
:101BD0000004CFE7044B05480B4AC01AC008054B68
:101BE00008240004C6E700BFDCCA04008CCB040054
:101BF000E0D8040040D9040094D70400DCD70400E6
:101C0000B8D804008CD70400C8D7040029DF704777
:101C100028DF704703689A6852B310B586B0002376
:101C2000CDE902330093049303798468059401910C
:101C30008BB1012B03D06846904706B010BDC36836
:101C4000416904911B0302208DF80000029368464D
:101C5000904706B010BDD0E90314436904930120F6
:101C60008DF80000CDE902416846904706B010BDEE
:101C7000704700BF034B187A0122B0FA80F05A7403
:101C800040097047A82F002038B5254D2B7AFBB1AD
:101C9000244B1C6802232B72237923B3012B0CD015
:101CA00020460321FFF7B6FF00232B726B601E490D
:101CB0001E48BDE83840FFF743BAD4E9030318448F
:101CC000FFF7A6FF18B31128EAD101232B7238BD04
:101CD00015491648FFF702FA124B0446186000280F
:101CE000D8D1686038BDD4E90523D21AB2F5805F37
:101CF00028BF4FF480529208E1682069012A38BF5A
:101D0000012219441844FFF781FF0028DBD12B7C06
:101D1000002BDCD1BDE83840022000F009B800BF3C
:101D2000A82F0020C02F0020BC2F0020982F0020BB
:101D300010B5254C237A93B1022B06D103280FD17D
:101D4000E3680133082B2AD8E360637C1BB9BDE844
:101D50001040FFF799BFBDE810400CF011BA10BD5C
:101D60001A4B00221B68E2601A79FAB1012AECD101
:101D7000D3E9042101328A421A61E6D10022022805
:101D800022720CBF11460D211846FFF743FF104980
:101D90001048FFF7D5F9637C002BDCD1D7E70B4B5C
:101DA00000221B68E26022720D21EDE7D3E90512E3
:101DB000A1EB020CBCF5805F94BF624402F5805237
:101DC00091429A61C1D1D9E7A82F0020C02F0020ED
:101DD000BC2F0020982F0020831E012B01D8FFF775
:101DE000A7BF704700F0FD03012B00D07047A0F1A2
:101DF0000100044BB0FA80F0002240095A741874B4
:101E0000FFF742BFA82F00202DE9F84F88469DF824
:101E1000289093469A460446002847D0E78865797B
:101E200007FB05F5043D55453AD9DBF8006006EBA4
:101E30000A020AF10403AA4288BFA5EB0A06BB42C4
:101E4000B3FBF7F1CBF8006007FB113C02D301397B
:101E50002468FCD1A7EB0C05B54228BF3546EEB18E
:101E60004FF0000A0CE018460FF070FA761BB742EC
:101E7000AA4424683D464FF0000C28BF35466EB199
:101E80000CF1040020442A46014608EB0A03B9F18C
:101E9000000FE8D119460FF059FAE7E7BDE8F88FCF
:101EA0000549C4200EF0C8FEE788BEE70249B62007
:101EB0000EF0C2FEB2E700BF68D90400FFF7C4B954
:101EC0002DE9F041058A0331043D4E198046B6FBE9
:101ED000F5F6FFF705FAA0B3F6B24FF48073013EB2
:101EE00004468380C580C0F800802BD003460025BF
:101EF00008E06279AE4202F1010262713860C0F816
:101F000000801FD040461F46FFF7EAF9013503461F
:101F10000028EED16779791E17D022460133994205
:101F20001268FBD1D2F800805FB12668002501E07D
:101F300034463668214640460135FFF707FAAF427E
:101F4000F6D800242046BDE8F08120682146FFF73E
:101F5000FDF9F6E701210430FFF746B92DE9F0411C
:101F6000012104460430FFF74BF910F0FF0301D0C4
:101F7000BDE8F0816779791E16D022460133994277
:101F80001268FBD1D2F80080002FF1D0266800251E
:101F900001E034463668214640460135FFF7D6F960
:101FA000AF42F6D8BDE8F08120682146BDE8F04197
:101FB000FFF7CCB930B585B000251446009503AACB
:101FC0000394FFF721FF039BA34203D00249F620AD
:101FD0000EF032FE05B030BD68D9040030B585B0D2
:101FE00001251446009503AA0394FFF70DFF039BF8
:101FF000A34204D003494FF480700EF01DFE05B0DB
:1020000030BD00BF68D90400836800225A60C3E96C
:1020100004229A60DA601A60704700BF38B50C4637
:10202000054648B174B1D4E900329342C5E9004392
:1020300004BF00236B6038BD054950200EF0FCFD45
:10204000002CF0D1024951200EF0F6FDEBE700BF65
:10205000C0D9040010B5044668B1236893B1636821
:1020600043B12268D2E901210B449342636004BF6B
:102070000023636010BD064963200EF0DDFD236878
:10208000002BECD1024964200EF0D6FDE7E700BF3B
:10209000C0D904001049A1F5947205E052F833301C
:1020A000984238BF61460CD2A1EB020C4FEADC73B8
:1020B00003EBEC035B10914202EBC30CEED8074834
:1020C000704702D90CF10802EEE7DCF80400034B7C
:1020D000002808BF1846704758DF04001CDE0400C3
:1020E0002DE9F04FADF62C0D002002220121134600
:1020F0000A91CDF82C040AAC02460AE013F08002E3
:102100000DF5856344F8041F43F8210018BF1B2216
:102110004B00534001304B40B0F5807FD9B2EDD138
:102120007D4A012302F1280042F8043B59001B06B6
:1021300048BF81F01B019042CBB2F5D1774B784D6F
:10214000059363221A70002285F863200DF58564DB
:102150001846012154F8043F0AAAC3F1FF0352F8BC
:1021600023E04FEAEE1242EA4E025FFA82FCC2F32B
:10217000C01242EA4C02D7B2C2F3C01242EA47028E
:10218000D6B2C2F3C01242EA4602D3B283EA0E03C9
:1021900083EA0C037B40734083F0630300F8013F44
:1021A000E9540131B1F5807FD4D1DDF86034069374
:1021B000DDF84C340793DDF85C340893DDF85434D3
:1021C0000993584B03930022574B584E02936321B7
:1021D000574B0193C6209246564CDFF86891DFF8C2
:1021E0006881DFF868E1544F544D049602468C46EE
:1021F0000846534666E00DF58563089A53F821308A
:10220000099E9818079A991885FB002B83444FEA7A
:10221000E07CCCEBEB1CCCEB0C2CA0EB0C0C0AA860
:10222000069A50F82C001A44334485FB016A8A440C
:102230004FEA004CC817C0EBEA10C0EB0020081AA8
:102240000AA951F820108CEA012C85FB02101044D9
:10225000D117C1EBE011C1EB0121511A0AAA52F8C2
:1022600021208CEA020C85FB03211944DA17C2EB0A
:10227000E112C2EB02229A1A0AAB53F822308CEA1E
:1022800003634FEA33604FEA33414FEA3322019E42
:102290004EF8040F46F8043F049B47F8041F43F828
:1022A000042F0493264B0196A34230D0059B13F8CC
:1022B000010F059310F0800F84464FEA400214BFCF
:1022C0001B2300235A400104D2B241EA00215140AD
:1022D00082EA0C0C41EA0C63029A039E12F8011F79
:1022E00044F8043F4FEA336046F8040F4FEA3340A6
:1022F0004FEA3323029249F8040F48F8043F0A4694
:10230000039600297FF477AF08460B46BFE70DF62A
:102310002C0DBDE8F08F00BFC4400020C42F00206A
:10232000EC400020C0340020EB400020E84D0020AD
:10233000E8410020C0300020E849002081808080F2
:10234000C0340020C0380020C03C0020E8450020F8
:102350004FF48C7200210FF022B800BF38B100F5A5
:102360008C7100220346013081421A70FAD1704705
:102370002DE9F041784D2B6880460F46144653B145
:10238000C02C0ED0B4F5807F3AD0802C0DD06FF0E9
:102390001F00BDE8F081FFF7A3FE0123C02C2B60D6
:1023A000F0D10C23C8F8003002E00A23C8F800304E
:1023B000464608F1080346F8043F640939460022FE
:1023C0008B784D7891F800E091F803C01B0443EA44
:1023D000052343EA0E03013243EA0C63A24246F8A6
:1023E000043F01F10401EBD3D8F800300C2B0BD0E3
:1023F0000E2B38D00A2B00F084800020BDE8F0813D
:102400000E23C8F80030D3E7544D554A404605F135
:102410002006C16955F8047F8468C1F307237C4016
:10242000D35C0F0E6340D45DCFB283EA0443C1F3A3
:102430000744D75D145D83EA076383EA0423D0E988
:1024400003475C406740C0E90834D0E905437C405D
:1024500063405940AE42C0E90A74C0E90C3100F152
:102460001800D6D1C9E73D4C3D4A404604F11C0C4A
:10247000416A54F8046F8568C1F307237540D35C43
:102480006B400D0EA445555D83EA0543CDB2555D05
:1024900083EA0563C1F30745555D83EA0523C568F3
:1024A000836283EA05030569C36283EA050345691C
:1024B000036383EA0503DDB2436312F805E04FEAE4
:1024C0001365565D85698EEA050EC3F30725C3F3D0
:1024D0000743555DD35C8EEA066E8EEA052EC5690C
:1024E0008EEA0343836383EA0503056AC36383EAD1
:1024F000050381EA0301C0E9103100F12000B7D1E2
:102500007BE7184E164A404606F1280C416956F8FA
:10251000044B8568C1F307230F0ED35C12F807E064
:102520006C406340CCB2C1F30745145D575D83EA4C
:102530000E4383EA0463D0E9035483EA07235D4032
:102540006C406140B445C0E90635C0E9084100F17E
:102550001000DBD151E700BFEC510020C04000204B
:10256000C42F0020C44000202DE9F04FCBB004461A
:1025700016460D464FF48C72002104A80EF00FFF92
:1025800004F1080363603246294604A8FFF7F0FE11
:102590000190002865D10499059B21600A0103EB95
:1025A000011B9A58A260DBF80430E360DBF80830C6
:1025B0002361DBF80C3063614A1E04F11803002A22
:1025C00002910392ABF1100B009391463CDDDFF8D2
:1025D000BC802A4A2A4F2B4E2B4D2834DA46A4F1D0
:1025E0001000AAF1040C5CF8043FD9B2515C58F811
:1025F00021E0190E515C57F821108EEA0101C3F356
:10260000072EC3F3074312F80EE0D35C56F82EE012
:1026100055F8233081EA0E014B4040F8043BA042BC
:10262000E1D1B9F10109AAF1100A00F11004D6D1E3
:10263000009B039A03EB02130093029BC3EB03730B
:102640000BEB031B0BF1100B009ADBF8003013604F
:10265000DBF804305360DBF808309360DBF80C30B3
:10266000D36004AB00211A46013311704AAA934289
:10267000F9D101984BB0BDE8F08F00BFC42F002006
:10268000EC4D0020EC450020EC490020EC410020FE
:102690002DE9F04FD0E90003D1F800A01C684F6885
:1026A0008D68CE68401089B00138CDE906208AEAED
:1026B000040201925A68039057409A685540DA68BC
:1026C000002886EA020603F11002059240F3BF815A
:1026D000DFF89083DFF89093DFF890B3DFF890A3F2
:1026E000CDF8088003F1300ECDF80090019AD3B2F6
:1026F000310E5BF823C05AF82180FBB2110E5EF850
:10270000202C5BF823005AF82140EBB28CEA020C33
:102710005EF81C2C5BF823300493390E5040604067
:10272000049A5EF8184C5AF82190F3B26240290ED0
:102730005BF823305AF8211082EA09095EF8142C5C
:1027400053408CEA080C029A83EA0108C7F3072376
:10275000C7F3074752F82310009B53F82770C5F3BF
:102760000723C5F3074552F8234044400098C6F3B9
:1027700007238CEA010C50F825108CEA010C114655
:1027800052F82320019B89EA0209C3F30722054678
:1027900051F82220C3F3074388EA020855F82320A2
:1027A0005FFA8CF388EA0708C6F3074689EA02094C
:1027B0005BF8232050F826004FEA186344405AF88B
:1027C00023305A40C4F307230EF1200E51F8233072
:1027D0000193C9F3074355F82300E3B25BF8236084
:1027E000009D4FEA1C635AF823305E40C9F307236B
:1027F00051F82370C8F3074355F823105FFA89F3A3
:102800004FEA19695BF82350230EC4F307445AF8C2
:1028100023305D405FFA88F304935EF8303C534008
:10282000019A534083EA00025EF82C3C0192734007
:102830005F405EF8283C5AF829605D40C8F30728DD
:10284000049B4F4002995BF8232051F828307240D6
:102850005D40009ECCF30723CCF3074C56F82400D0
:1028600051F8234056F82C305D405EF8243C82EA53
:102870000306039B6640013B86EA000603937FF450
:1028800035AF059B079ADDF8009003EB42138846AD
:102890000593019CE3B25BF82320330E5AF82330F2
:1028A0005A40FBB25BF82310230E5AF823305940EC
:1028B000EBB25BF823003B0E5AF8233080EA030C9E
:1028C000F3B25BF823002B0E5AF823305840C7F3BD
:1028D0000723C7F3074758F823E059F827B0C5F393
:1028E0000723C5F3074558F8237059F825A0C6F308
:1028F0000723C6F3074658F8235059F82660C4F357
:102900000723C4F3074458F823300093059B59F874
:1029100024401B685A4082EA0E0E059A53685940BB
:1029200093688CEA030C8CEA050585EA04091446D1
:10293000D268009B42408EEA0A08534083EA0B0BA0
:10294000474A5FFA88F34F4012F803E04FEA1B63EF
:102950007E40D05CC6F3072312F803A0C9F30743F7
:10296000D75CF3B2D15C00914FEA186312F803C050
:10297000C9F30723D55C0195CBF30743350ED15C32
:1029800002915FFA89F35FFA8BF1D35C03932369B9
:102990008EEA030383EA006383EA0A2383EA074794
:1029A00020466369009C634083EA0C6C019B545D84
:1029B0008CEA032C029B8CEA034C83690398434006
:1029C000505C05994FEA1969C969CBF3072B484058
:1029D00012F8091083EA0463C8F30724C8F3074810
:1029E00080EA0160C6F3074612F80B10155D12F875
:1029F000084083EA0121935D81EA044180EA0522CF
:102A0000069C82EA03423B0A63703B0CA3704FEAC8
:102A10001C2363714FEA1C43277084F804C0A37120
:102A20003F0E0B0A4FEA1C6C21722273E77084F888
:102A300007C063720B0C100A090EA372130C120E5E
:102A4000E1726073A373E27309B0BDE8F08FDFF841
:102A50001CB0DFF81CA0DFF80C80DFF80C9018E742
:102A6000C42F0020C4340020C4380020C43000200B
:102A7000C43C00202DE9F04FD0E900345B105F1E0C
:102A800008682368CD688E688BB0CDE90827584068
:102A90004A686368E16805975A40A3686940002F57
:102AA00004F1100583EA0603079540F3D481DFF8AB
:102AB00094A3DFF89483DFF894B3CDF810B0CDE998
:102AC000022A04F1300EDD4C0194C346019FC4B2CA
:102AD000DDB257F824C09DF8084057F8255057F844
:102AE0002420029CCEB20EF1200E57F82660270E4D
:102AF0005EF8404C5BF827808CEA040C1F0E5EF8F1
:102B00003C4C5BF827A062400F0E5EF8384C5BF837
:102B100027906540070E5EF8344C5BF827706640DE
:102B200085EA0909C1F30724039D8CEA080C86EAAB
:102B3000070855F82470C0F307248CEA070CC1F38A
:102B40000741049F55F8244057F8211082EA0A0AE9
:102B5000C0F30740029A8AEA040A8AEA010A57F88F
:102B60002010C2F307202C462E4655F8205089EA43
:102B7000050989EA0109C2F30742C3F30721C3F338
:102B8000074357F8222056F821603D4657F8237036
:102B900088EA06088CEA070C88EA02085FFA8CF3D8
:102BA000019A52F823704FEA1A635BF82300C8F3C6
:102BB0000723474054F823300293C9F307431046D4
:102BC00055F823105FFA8AF352F823204FEA19636D
:102BD0005BF823305A40CCF30723069254F82320A5
:102BE000C8F3074355F823605FFA89F34FEA1C6581
:102BF00050F823405EF8300C5BF825504FEA18631C
:102C000078405BF82330039F5C40029B584048406B
:102C1000069B5EF82C1C59404A4082EA0603029348
:102C20005EF8283C049A63405FFA88F8019C54F8E7
:102C30002810CAF30724CCF3074C57F824404D4022
:102C4000634052F82C105EF8244CC9F30729CAF3EC
:102C5000074A57F8296052F82A704B4085EA040168
:102C6000059C7140013C81EA070105947FF42EAF79
:102C7000079C099D029AD846DDE903AB04EB451495
:102C80000794019FC4B257F82450140E58F82440FA
:102C90006540D4B257F824601C0E58F824407440A4
:102CA000DEB201943C4657F826700E0E58F82660A6
:102CB0007E40CFB254F82790079C070E58F8277033
:102CC00089EA0709C1F30727C1F307415AF827C06A
:102CD0005BF82170C0F30721C0F307405AF821E0E8
:102CE0005BF82010C3F30728C2F30720C3F30743A0
:102CF0005AF820005AF828805BF823A023686B401C
:102D000083EA0C0C019D2346646865409C68DB687F
:102D100066408CEA0A0C704089EA0303C2F307425A
:102D2000414085EA0E0E83EA08085FFA8CF0444BB6
:102D30005BF8222013F800A08EEA0707380E88EA15
:102D400002021E5CC2F30720C1F307291C5C019438
:102D5000C1F3074013F800E0F8B213F800B0080E12
:102D600013F80080CCF307201D5C0295C2F30740E6
:102D7000150E1C5C0394C8B2D2B2195C07980069A6
:102D80008AEA000080EA0660019E80EA0620079E2B
:102D900080EA0E4E70698BEA000080EA08680298AB
:102DA00088EA0028039888EA0048B0694FEA1C6462
:102DB0004140585D9D5CF26955401A5D089C81EA6E
:102DC0000061C7F30720CCF3074C85EA026513F8CE
:102DD0000920185C85EA022513F80C2081EA0021FD
:102DE000C7F3074781EA02424FEA1E21DB5D6170AB
:102DF0004FEA1E41A1704FEA182161714FEA184154
:102E000085EA034384F800E084F804802272A1710B
:102E1000100C110A4FEA1E6E4FEA1868120E237347
:102E2000617284F803E0190A84F80780A072E272E4
:102E30001A0C1B0E6173A273E37309E0EC410020CE
:102E4000EC400020EC450020EC4D0020EC49002037
:102E50000BB0BDE8F08F044CDFF81080DFF810A055
:102E6000DFF810B001940CE7EC410020EC4D00209D
:102E7000EC450020EC4900208C46BCF1010F1146C6
:102E800008B51A4603D0FFF7F5FD002008BDFFF78F
:102E9000FFFB002008BD00BF2DE9F04784B01407F8
:102EA000DDF834A05DD1054688461C4661BB3AB3C7
:102EB000DDF830800AF10F0A08EB02075E1E1022CF
:102EC000414668460EF042FAAAF10F0241462846F2
:102ED000FFF7D0FDAAF11002334612F8011F13F8D4
:102EE000010F924581EA00011170F6D11022904441
:102EF000694620460EF02AFAB8450AF1100ADED1DA
:102F0000002004B0BDE8F087002AF9D00C9B03F143
:102F10000F0902EB0907661EA9F1100330460AF1FA
:102F2000FF3113F8012F10F801CF4B4582EA0C0254
:102F300001F8012FF5D1B8F1010F5246514628464C
:102F40000CD0FFF797FD10225146914420460EF019
:102F5000FDF94F450AF1100ADED1D1E7FFF798FBE2
:102F6000F1E76FF02100CCE72DE9F047089E1C68DF
:102F7000DDE9095798468146D1B105EB020A62B1F5
:102F800084B1325D15F8011B631C4A40554507F8B2
:102F9000012B325503F00F04F2D1C8F80040002095
:102FA000BDE8F087324631464846FFF771FBE8E757
:102FB000002AF2D005EB020A6CB1325D15F8013B34
:102FC000611C5A40554507F8012B335501F00F0499
:102FD000E3D0002CF1D1324631464846FFF758FB8A
:102FE000EBE700BF2DE9F04F83B0DDE90CB60E9F93
:102FF0001568924679B1984606EB01098DB11BF828
:10300000053016F8012B013553404E4507F8013BBA
:1030100005F00F05F2D10020CAF8005003B0BDE85A
:10302000F08F5A4641460190FFF732FB019808F1B4
:10303000100313F8014D0134E4B21C70002CDED1F2
:103040009845F6D1DBE700BF4FF4847200210EF003
:10305000A6B900BF38B100F58471002203460130E3
:1030600081421A70FAD17047002370B5C0E900336D
:1030700000F1070C00F10804E6460EF8013F0133A9
:10308000B3F5807FF9D100F2071600200346824293
:103090008CBF0D180D461CF801EF2D7873442B449E
:1030A000DBB288BF0130E55C8CF8005098BF01208E
:1030B000664504F803E0EAD170BD00BF70B5D0E901
:1030C0000054F1B1561800F1080C511E03F1FF3EF7
:1030D000013E0135EDB21CF805201444E4B21CF8A1
:1030E00004300CF8053013440CF80420DBB211F85E
:1030F000012F1CF803308E4283EA02030EF8013FD1
:10310000E7D1C0E90054002070BD00BF2DE9F047B1
:103110000B6814688A469146A0F1040E00F13C0643
:103120005EF8047F254683EA0704C4F307434FEAA9
:10313000146803F5897308F11208C4F3072707F22E
:1031400012275FFA84FC50F8233050F8281050F80A
:1031500027200CF2123C0B4450F82C7053403B4497
:10316000764583EA0503DBD1056C406C6B40444037
:10317000CAF80040C9F80030BDE8F08741F24802C3
:1031800000210EF00CB900BF40B100F582520832A8
:1031900000210346013082421970FAD1704700BF06
:1031A000A2F12003B3F5D07F67D8530765D12DE98D
:1031B000F0410546D60805F5A25C314F314A82B090
:1031C00000F244400CF1040CA0F580633C4601E0A1
:1031D00054F8042F43F8042F8342F9D103F580609B
:1031E000604504D0D7F8002407F58067ECE7DFF8E6
:1031F0009CC0254FA5F1040E0CF1440800230022C9
:103200000424C85C01339E4298BF0023013C40EA7D
:103210000222F6D17A40C4454EF8042F02D05CF861
:10322000047FECE7CDE900442E1D01AA694628463B
:10323000FFF76CFFDDE9002345F8242046F8243031
:103240000234122CF1D105F5806605F5A057A6F5DC
:10325000806401AA69462846FFF758FFDDE900238C
:10326000C4E912230834A642F3D106F58066B742BA
:10327000EDD1002002B0BDE8F0816FF0150070477D
:10328000C4DF0400A60B31D1886A3F247CDF040030
:10329000F0B55468D2F800C083B09CFA8CF224BA1E
:1032A000CDE900241D46C9BB86460EF1080648300C
:1032B00050F8043DA44682EA0304C4F30742270EF3
:1032C00002F589721237C4F3072101F21221E3B229
:1032D0005EF822205EF827705EF8211003F21233A8
:1032E0003A445EF823304A401A44B04282EA0C0263
:1032F000DED1DEE900314A405C40230C210E100E85
:103300006B70230A2970AB70110C130A287100200E
:10331000EC706971AB71EA7103B0F0BD01AA694646
:10332000FFF7F4FEDDE90042E7E700BF2DE9F047D3
:1033300082B05407DDF82CA058D1064689461D46B8
:1033400069BB42B3DDF828900AF1070A09EB0208CD
:103350005F1E0822494668460DF0F8FFAAF10703F0
:103360004A4600213046FFF793FFAAF108023B4688
:1033700012F8011F13F8010F924581EA0001117044
:10338000F6D108229144694628460DF0DFFFC14579
:103390000AF1080ADDD1002002B0BDE8F087002A5A
:1033A000F9D00A9BDC1D02EB04086F1EA4F1080390
:1033B00038460AF1FF3113F8012F10F801CFA3426C
:1033C00082EA0C0201F8012FF5D1534652464946D4
:1033D0003046FFF75DFF08345146082228460DF0BD
:1033E000B5FFA0450AF1080AE0D1D4E76FF0170055
:1033F000D2E700BF2DE9F047089E1C68DDE90957B8
:103400009A468146D9B105EB020862B184B1325DBA
:1034100015F8011B631C4A40454507F8012B32553E
:1034200003F00704F2D1CAF800400020BDE8F0879D
:103430003346324601214846FFF72AFFE7E7002AD4
:10344000F1D005EB02086CB1335D15F8012B611C5E
:103450005340454507F8013B325501F00704E2D0DF
:10346000002CF1D13346324601214846FFF710FFC8
:10347000EAE700BF2DE9F84F0C9E1468DDE90AB5B4
:10348000914679B1824698466F1884B11BF8043092
:1034900015F8012B01345340BD4206F8013B04F0FE
:1034A0000704F2D1C9F800400020BDE8F88F5B4660
:1034B000424601215046FFF7EBFE08F1080313F8DE
:1034C000011D0131C9B219700029DFD19845F6D12B
:1034D000DCE700BF70B50B680468496840681D4DA3
:1034E0001D4E84EA030C48401C4C4FEA1C635FFAF3
:1034F0008CF1EB5C615C41EA0361030E16F803E0BA
:10350000C3B2EB5C164D43EA0E63CCF3074ECCF32B
:10351000072C16F80E6041EA064115F80C6041EAE6
:103520000621C0F30746C0F30720AD5D205C43EAE7
:10353000054343EA0023D2E9004081EA336183EA8C
:10354000314381EA3321634083EA31234140C2E9B8
:10355000003170BDC4EF0400C4F00400C4F20400E4
:10356000C4F104004FF48A7200210DF018BF00BFAF
:1035700038B100F58A7100220346013081421A7089
:10358000FAD170472DE9F04FC7B01346039040229F
:10359000041D05460F4612A800211E4600930DF09B
:1035A000FEFE4FF48872002120460DF0F8FEC02E7A
:1035B00000F03682B6F5807F00F03282802E04D093
:1035C0006FF0230047B0BDE8F08F03232B6020236A
:1035D0000593002304261525102001937A1E12A9B5
:1035E00013460233DB1B12F801CF01F801CB9842DE
:1035F000F6D8009BC02B00F020827A4906A801F182
:10360000280B4FF08B0A4FF090094FF0CC083B226B
:103610004FF07F0E4FF0660C9E23A0270DE00F7A2F
:103620004B7A91F80AC091F80BE00A7B91F80D8073
:1036300091F80E9091F80FA008311B044FEA08484A
:1036400043EA076348EA026243EA0E0342EA0A02D7
:1036500043EA0C2342EA09225945C0E9003200F14D
:103660000800DCD14022002122A80DF098FE12AA09
:1036700021A91AA8537817781B0443EA0763D7785F
:103680003B439778043243EA0723824241F8043FE0
:10369000F0D1269A229B53402A93239A279B53408A
:1036A0002B93249A289B53402C93299A259B06A957
:1036B00053402AA82CAA2D93FFF70CFF2AAA08A989
:1036C0002CA8FFF707FF17462EA957F8042B57F829
:1036D000243C8F4283EA020347F8043CF5D10AA94F
:1036E0002AA82CAAFFF7F6FE2AAA2CA80CA9FFF7F5
:1036F000F1FE009B802B19D92A9A269B53402E93CA
:103700002B9A279B53402F932C9A289B53403093FE
:103710002D9A299B0EA95340384630AA3193FFF7C2
:10372000D9FE3A4630A810A9FFF7D4FE019BDFF876
:10373000BCB04FEA031A229B3293239B3393249B02
:103740003493259B35930F2303F01F010AF10107E2
:103750000DF1C80E0120A046B4465F4472462E46C5
:10376000C1F120040F33C8B1DDE93205E5408840DE
:1037700068401061DDE93305E540884068405061EC
:10378000DDE93405E5408840684090613598329D18
:1037900000FA01F125FA04F46140D1614B2B02F1EA
:1037A00010020CD017F8010B03F01F01C1F1200427
:1037B0000F330028D8D14B2B02F11002F2D1019B1C
:1037C00003EB83009B00049303010293064B3546F1
:1037D00003EB0010444666460EF15003724600218A
:1037E00008E000BFC4F30400F4F3040094F4040000
:1037F00010F9011F4F1C1CBF176844F821700432D8
:103800009A42F5D1009A802A4BD9269A3292279A69
:103810003392289A34920AF10409299A3592D944AC
:10382000F0464FF00F0C274619F8010B0CF01F0261
:10383000C2F120010CF10F0CE8B13298339C90409A
:10384000CC406040C8F810003398349C9040CC4085
:103850006040C8F814003498359C9040CC406040DB
:10386000C8F818003598329C00FA02F224FA01F1E7
:103870004A40C8F81C20BCF14B0F08F11008D3D106
:10388000029A02F11300714A3C461044724610F944
:10389000011F4F1C1CBF176844F8217004329A4264
:1038A000F5D12A9A32922B9A33922C9A34922D9AED
:1038B00035924FF001080F220AF109074046B14640
:1038C0001E4602F01F03A0465F447146AC46C3F19A
:1038D00020040F32C8B1DDE93205E5409840684068
:1038E0000861DDE93305E540984068404861DDE95D
:1038F0003405E5409840684088613598329D00FA6B
:1039000003F325FA04F46340CB614B2A01F1100163
:103910000CD017F8010B02F01F03C3F120040F3283
:103920000028D8D14B2A01F11001F2D1029A02F1FC
:103930002801464A33461144444665464E4672467F
:1039400001E011F9016F701C1CBF106844F82600DB
:1039500004329A42F5D1009A802A44D92E9A3292A2
:103960002F9A3392309A34920AF10C0C319A359294
:10397000DC4471460F22A0461CF8016B02F01F00C8
:10398000C0F120040F32CEB1329E339F8640E74013
:103990007E400E61339E349F8640E7407E404E61FC
:1039A000349E359F8640E7407E408E61359E329F33
:1039B00006FA00F027FA04F46040C8614B2A01F1CE
:1039C0001001D9D10298214A3B304446104410F9E5
:1039D000012F571C1CBFDEF8001044F822100EF116
:1039E000040E9E45F3D10199049B05980B441A4699
:1039F000174B03EB8203039A013002EB8001084668
:103A0000503101E013F9015F6E1C1CBF54F82520F2
:103A1000026004308142F5D1002047B0BDE8F08F4C
:103A2000039A04231360009BD8082C2305930123D9
:103A30004FF0FF3619250193D0E516AB18A913F8FE
:103A4000012BD2438B42DA71F9D1D6E5F4F30400AD
:103A5000B4F4040070B5C6B00D46164600214FF40C
:103A60008A72044601A80DF09AFC3246294601A844
:103A7000FFF788FD002841D1019B2360A3F1040CCE
:103A8000BCFA8CFC4FEA5C1C4FEACC0C0CF1180120
:103A900002AB03EBC10253F8313063605368A3609B
:103AA0009368E360D3682361A2F1080E04F1140562
:103AB00004F11C030CF11601103AD2E90264013939
:103AC00043E90264A2F1080203F10803F5D1CCF145
:103AD00000030EEBC3030CF1150C05EBCC0C53F8F3
:103AE000B82CCCF8082053F8B42CCCF80C20A83B08
:103AF00053F8082C53F8043CCCE9042301AB002113
:103B00001A460133117046AA9342F9D146B070BDEE
:103B10002DE9F043146845685168D0F8008024BA54
:103B20006C40856809BA1E469368D2686940C568CA
:103B30001BBA6B40056985B012BA6A4000940191C6
:103B4000029300F114070392B8F1000F4BD03C46EA
:103B500045462146684602AAFFF7BCFC6A4604F1C6
:103B6000080102A8FFF7B6FC02AA04F1100168469A
:103B7000FFF7B0FC6A4604F1180102A8FFF7AAFC9F
:103B800002AA04F120016846FFF7A4FC013D6A4641
:103B900004F1280102A8FFF79DFCEDB1DDF800C09B
:103BA000216B019BDDF80C90E26B606B0CEA01016C
:103BB00083EAF171029B42EA09025A40A36B08436F
:103BC00002EA030E80EA0C0089EAFE73CDE90001E7
:103BD000CDE902234034BCE7DDE90232DDE90041F2
:103BE00007EB8817103F3868434078684240B86850
:103BF0004440F868F3704140180E3070180C1B0AEE
:103C0000B370130E3371130CF2717371120A230E19
:103C10007070B271080E220A3372230C7372B27282
:103C20000B0A0A0C30730020F472F1737273B373D1
:103C300005B0BDE8F08300BF2DE9F04784B014075C
:103C4000DDF834A059D1064689461D4669BB42B30A
:103C5000DDF830900AF10F0A09EB02085F1E10220E
:103C6000494668460DF072FBAAF10F034A4600214F
:103C70003046FFF74DFFAAF110023B4612F8011F34
:103C800013F8010F924581EA00011170F6D110225C
:103C90009144694628460DF059FBC1450AF1100AC6
:103CA000DDD1002004B0BDE8F087002AF9D00C9BDC
:103CB00003F10F0402EB04086F1EA4F11003384651
:103CC0000AF1FF3113F8012F10F801CFA34282EA65
:103CD0000C0201F8012FF5D15346524649463046B1
:103CE000FFF716FF10345146102228460DF02EFB28
:103CF000A0450AF1100AE0D1D3E76FF02500D1E723
:103D00002DE9F047089E1C68DDE909579A4681466F
:103D1000D9B105EB020862B184B1325D15F8011B1F
:103D2000631C4A40454507F8012B325503F00F0448
:103D3000F2D1CAF800400020BDE8F0873346324691
:103D400001214846FFF7E4FEE7E7002AF1D005EB42
:103D500002086CB1335D15F8012B611C53404545D9
:103D600007F8013B325501F00F04E2D0002CF1D1ED
:103D70003346324601214846FFF7CAFEEAE700BF54
:103D80002DE9F84F0C9E1468DDE90AB5914681B122
:103D900082461F4605EB010884B11BF8043015F874
:103DA000012B01345340454506F8013B04F00F0454
:103DB000F2D1C9F800400020BDE8F88F5B463A46D2
:103DC00001215046FFF7A4FE07F1100313F8011D6F
:103DD0000131C9B219700029DFD19F42F6D1DCE769
:103DE0002DE9F04F2DED028B97B008EE103A289B8D
:103DF000DDF890A0043B0C2BDDE9255600F28F8105
:103E0000289BDB0700F18B81229B073B062B00F2EE
:103E10008681BAF57F4F00F28281229B1746DAB283
:103E2000289BBAF1000FA3F102038B464FEA53011E
:103E300014BF4023002343EAC103C2F10E01C9B2FB
:103E4000C2F10F020B43D4B20491229A8DF82830AC
:103E500018EE101A81460DF1290002940DF076FA41
:103E60000DF137031A1B394603F8011993424FEA43
:103E70001121F9D1002940F0528110220EA80DF035
:103E80008EFA0DF127010DF13703039105930DF122
:103E9000470413F8012F11F8010FA34282EA000230
:103EA0001A70F6D109AB00930EAB194610224846A2
:103EB00000F0A0FA0346002877D1BAF1000F7AD1BA
:103EC0000DF12808049B229A8DF8483018EE101A3C
:103ED0000DF149000DF03AFA229B029A581C12ABE0
:103EE000184400210DF05BFA01238DF857300DF1D5
:103EF0005700002F36D0102FBA4628BF4FF0100AB7
:103F0000BBF1000F00F0C08009AB009310224346C4
:103F100012A9484600F06EFA0346002845D116AAB9
:103F20001A44013312F8301C2A5CDBB24A40534574
:103F300032541846F3D3BBF1010F00F0CD80029B41
:103F40000DF1570056445544A7EB0A070246C11A23
:103F500013780133DBB202F801390BB99142F7D182
:103F6000002FC8D1029BC21A002300F801398242F7
:103F7000FBD109AB009312A943464846102200F03A
:103F800039FA034688B90398059A12F8011F10F808
:103F9000015FA24281EA05011170F6D1289A2798A3
:103FA00002930EA90DF0D2F9029B184617B0BDEC92
:103FB000028BBDE8F08F0DF1280801461022404623
:103FC0000DF0EDF953460E2B28BF0E2323990693CF
:103FD0001A460DF12A004FEA1A238DF828308DF881
:103FE00029A00DF0B3F903990DF1370313F8012F50
:103FF00011F8010FA34282EA00021A70F6D109AB50
:1040000000930EAB19461022484600F0F3F9034620
:104010000028CAD1069BBAEB03023FF453AF2399A1
:10402000CDF818B00B44DDF80CB007979A46174648
:104030002595102F3D464FF0100228BF1025002176
:1040400040460DF0ACF951462A4640460DF07EF947
:1040500059460DF1370313F8012F11F8010FA34250
:1040600082EA00021A70F6D109AB00930EAB10225F
:104070001946484600F0BEF938BB7F1BAA44D8D188
:10408000DDE906B7259D1DE71022594640460DF093
:1040900086F92946524640460DF058F903990DF12C
:1040A000370313F8012F11F8010FA34282EA00022F
:1040B0001A70F6D109AB00930EAB10221946484690
:1040C00000F098F900283FF41FAF0346184617B0D8
:1040D000BDEC028BBDE8F08F1022002140460DF0B0
:1040E0005EF93146524640460DF030F903990DF124
:1040F000370313F8012F11F8010FA34282EA0002DF
:104100001A70F6D109AB00930EAB1022194648463F
:1041100000F070F900283FF412AF0346D6E76FF0C5
:104120000C0342E7442200210DF039B92DE9F0419A
:10413000054617460846012219461E4600F0CAF8F1
:10414000A8B14369102B044611D1284600F0E2F8CB
:104150002146284600F0FEF808B1BDE8F08132465D
:10416000394628460123BDE8F04100F01BB96FF045
:104170000C00F2E710B5044600F0CCF804F144015D
:10418000002223460134A1421A70FAD110BD00BFAB
:1041900010B588B000930A9B01930B9B02930C9B74
:1041A00003930D9B0493DDE90E34CDE905341346EA
:1041B0000A460021FFF714FE08B010BDF0B58DB01F
:1041C00008AE129C0194139C0294149C179D0394B6
:1041D000159C00930F46134605960A460494012148
:1041E0000695169EFFF7FCFD90B98DB10346024679
:1041F0000CA9194416F802C011F8102C0133DBB2D7
:104200008CEA020CAB4240EA0C001A46F0D308B923
:104210000DB0F0BD37B12744002223460134BC4223
:104220001A70FAD16FF00E00F2E700BF891A0ED0B3
:10423000002300B59C465FFA81FE01338444DBB263
:104240008B420CF802E09C46F7D35DF804FB704704
:1042500040B33AB330B5451815F801ECBEFA8EF309
:104260005B09A1EB0E048E4594BF9C4643F0010C04
:10427000146089B1C14310F8012B0B189C428CBF0C
:104280000023012382EA0E0213FB02F343EA0C032C
:1042900085425FFA83FCEED1BCF1000F024808BFF3
:1042A000002030BD01487047009EFFFF009FFFFFC8
:1042B000074B5A6852B1083302E053F8042C2AB174
:1042C00013F8081C814203F10803F6D11046704729
:1042D00098FE040010B50C4C636893B1A44602E04C
:1042E000DCF804306BB19C6994F800E086450CF171
:1042F000080CF5D15C688C42F2D193F801E0964548
:10430000EED1184610BD00BF98FE040044220021E3
:104310000DF045B8E8B1036C10B5044653B103F194
:10432000240000211A46013383421170FAD1206C17
:104330000AF0EEF9E06B18B123689B695B6A984755
:1043400004F144010022234601348C421A70FAD150
:1043500010BD7047D1B138B50446A8B10D4644220E
:1043600000210DF01CF8AB691B6A9847E06378B137
:1043700025606B78022B05D1064A074B0020C4E963
:10438000032338BD002038BD044838BD03487047BA
:10439000034838BD2D42020051420200009FFFFF3A
:1043A000809EFFFF10B330B40468BCB12569AD072F
:1043B00011D5012B4260037213D094F801C0BCF1F7
:1043C000030F0ED0BCF1050F0BD03BB9A369C06B36
:1043D000DB6930BC184765689542EAD0044830BCB8
:1043E0007047A369C06B9B6930BC18470048704791
:1043F000009FFFFF2DE9F04F87B0DDF84080059367
:10440000002857D0154602680446002A52D0B8F159
:10441000000F4FD00E460021C8F800105178D2F896
:10442000149001291ED006297CD0B9F1000F00F0AC
:10443000E780059B9E4235D0022923D003295FD017
:10444000052939D0072940F0D9809369E06B5C6970
:10445000059B32462946A04708B9C8F8005007B066
:10446000BDE8F08F4D4540F0C7809269C8F8005014
:10447000556890F90810C06B3246AC4607B0BDE8ED
:10448000F04F604794F90830D4F824A033BBA9EB6F
:104490000A03AB4228D2BAF1000F7CD1002D4BD1D8
:1044A0000020DCE7436A2BB9B5FBF9F309FB135392
:1044B000002BC1D05348D2E79369059ACDE9016238
:1044C00004F1140200921E69E06B04F1280304F168
:1044D00024022946B0470028C1D1BEE7012BDAD11A
:1044E000A9EB0A03AB42D6D90AF114002A46314699
:1044F00020440CF02BFF636A2B4400206362AEE77C
:104500009369059ACDE9016204F128020092DE6800
:1045100094F90810E06B04F124032A46B047002800
:104520009DD19AE7C06BC8F800503246294607B0C3
:10453000BDE8F04F01F096BAB5FBF9FA09FB1A5A3B
:10454000BAF1000F04D194F90830002B4DD1CA46BE
:10455000A5EB0A055246711904F114000CF0F6FEA1
:10456000636A53446362002D9AD02368059A9B695D
:10457000CDE900622A469E6894F90810E06B04F1C8
:104580002803B04700287FF46AAFD8F800302B44E6
:10459000C8F8003063E7A9EB0A0B0AF114005A4689
:1045A000314620440CF0D2FE234694F9081053F80B
:1045B000142B92690093059B01939368E06B1F464F
:1045C0004A4604F12803B84700287FF448AF059B0A
:1045D0004B440593D8F80030A5EB09054B44C8F8C7
:1045E00000305E445544606258E75246711904F148
:1045F00014000CF0ABFEB8E7034830E703482EE7A1
:1046000003482CE7009FFFFF809DFFFF809FFFFF77
:10461000809CFFFF10B5044600F0ECFA2046BDE890
:1046200010400AF075B800BF10B54FF4C0710120FA
:104630000AF05AF8044608B100F0D6FA204610BD38
:1046400000F026BD00F012BD01F066B811461A4612
:1046500000F088BE00F0F6BC00F0E2BC10B50446E5
:1046600000F0B8FA2046BDE810400AF051B800BF8B
:1046700010B5802101200AF037F8044608B100F097
:10468000A5FA204610BD00BF00F0B0BC00F0A8BCE9
:1046900000F004BE11461A4600F00EBD10B50446E7
:1046A000FFF768FD2046BDE810400AF031B800BFB2
:1046B00010B5442101200AF017F8044608B1FFF7AD
:1046C00031FD204610BD00BF13460A460521FFF705
:1046D0002DBD00BF13460A460221FFF727BD00BFCC
:1046E00010B5044601F03CFA2046BDE810400AF03F
:1046F0000FB800BF10B54FF4C871012009F0F4FFE6
:10470000044608B101F0FAF8204610BD13460A46E7
:10471000052101F0F9B800BF13460A46022101F055
:10472000F3B800BF10B50446FEF722FF2046BDE8EF
:10473000104009F0EDBF00BF10B54FF48A710120A1
:1047400009F0D2FF044608B1FEF70CFF204610BD69
:10475000FFF780B9FEF716BFFFF712BBFFF7D0BA1D
:10476000FFF76ABAFFF7D4B910B50446FEF70CFD9F
:104770002046BDE8104009F0CBBF00BF10B541F2A4
:104780004801012009F0B0FF044608B1FEF7F6FC2D
:10479000204610BDFEF704BDFEF76CBEFEF72ABE34
:1047A000FEF7C4BDFEF774BD10B50446FEF752FC1B
:1047B0002046BDE8104009F0ABBF00BF10B54FF474
:1047C0008471012009F090FF044608B1FEF73CFC1B
:1047D000204610BD10B512F0070404D1D208FEF730
:1047E00043FC204610BD014810BD00BF009FFFFFE5
:1047F000FEF764BC10B50446FDF7B0FD2046BDE8E9
:10480000104009F085BF00BF10B54FF48C71012036
:1048100009F06AFF044608B1FDF79AFD204610BD75
:10482000FDF7A2BEFDF7A4BDFEF7DCBBFEF79CBB07
:10483000FEF732BBFEF720BB102A70B521D0082A44
:1048400008BF1B261FD101EB020C84180023E6468B
:104850001CF8015D43EA450304F8013DAEEB010E8F
:104860009CF80030BEF1020F4FEAD313EFD5013AA6
:1048700091F90030815C06EAE3734B4083540020D9
:1048800070BD8726DFE7014870BD00BF009FFFFFB6
:1048900070B588B00C46154604AB4FF0000E9C4630
:1048A00008AA013393428CF800E0F8D103685E69EE
:1048B00003AB009304AB32461946FFF79BFD48B1AA
:1048C00004AB00211A460133117008AA9342F9D1B2
:1048D00008B070BD324604A92046FFF7ADFF00289E
:1048E000EED1324621462846FFF7A6FFE8E700BF93
:1048F00038B528B30568044615B309B30123FFF79B
:1049000051FD0546A0B923681B78042B12D9242B2E
:1049100016D12421012009F0E7FE98B12064034656
:1049200000F1100400211A460133A3421170FAD19C
:10493000284638BD012BECD8A0F5C245284638BD25
:10494000014DF5E7014DF3E7009FFFFF809EFFFF5C
:10495000002800F081802DE9F04F9046026887B072
:104960008146002A76D00E46002973D0036C002BB6
:1049700070D0186A556998BB6C1E08EB040ABAFB24
:10498000F5FABAF1010F24D90DF1140B5A4634444B
:10499000AB4601271546BBF1000F0AD0711E5A1E07
:1049A00011F8010F12F801CFA14280EA0C0010703B
:1049B000F6D100955A46194648460393FFF71AFD6B
:1049C00058B90137BA45039BA8EB0B085E445C4419
:1049D000E1D1B8F1000F2CD1404607B0BDE8F08F0F
:1049E0002A1A4245C8D21030184403930CF0AEFC8A
:1049F000039B4DB15C19013C5A1E517C12F8010F0A
:104A00004140A2421170F8D10DF1140BCDF800B065
:104A10002A46194648460393FFF7ECFC0028DCD1F0
:104A2000039B196A18628844691A0E44A8EB0508AA
:104A3000A2E7196A039301F1100042463146184477
:104A40000CF084FC039B1A6A002042441A6207B0EF
:104A5000BDE8F08F0148C0E700487047009FFFFFA6
:104A60002DE9F04F93B0CDE90201002800F0A980B4
:104A70000368002B00F0A580066C002E00F0A180DA
:104A8000002900F09E80D3F814A0344606AB0AAF8C
:104A900000211A460133BB421170FAD1BB460DF119
:104AA000380800225B460BF1010BC3451A70F9D19F
:104AB00002983A4606A9FFF7EBFE306A06F11009A4
:104AC00050454D464FD3BAF1000F1ED006EB0A0CED
:104AD00006F10F0206A841460CF10F0B12F801EF88
:104AE00010F8013B5A4583EA0E0301F8013BF5D16A
:104AF0000CF1FF3C4146731E13F8010F11F8012B16
:104B0000634582EA00021A70F6D105AB0093029861
:104B1000334652463146FFF76DFC834620B9039871
:104B2000524631460CF012FC06AB00211A46013306
:104B3000BB421170FAD100211A460133434511706E
:104B4000FAD146F8201F00222B460135B5421A70D3
:104B5000FAD10022234601344C451A70FAD1584646
:104B600013B0BDE8F08FBAF1000FCED000235A4643
:104B700059469E4608E019F803C081F800C0013389
:104B80009A4501F101010FD09842F4D808BF6FF0A7
:104B90007F0C03F101030CBF81F800C081F800E035
:104BA0009A4501F10101EFD1D3443946137811F848
:104BB000010B434002F8013B9345F7D106EB0A0C89
:104BC00096E7DFF804B0CAE7009FFFFF80220021CC
:104BD0000CF0E5BB38B100F1800100220346013042
:104BE00081421A70FAD170474FF4C07200210CF064
:104BF000D6BB00BF38B100F5C071002203460130BA
:104C000081421A70FAD170472DE9F04F0A684B685B
:104C1000BC4FBD4D12BA1BBA82EA131101F00F311D
:104C20004A4083EA011382EA030101F010314A404D
:104C30004B40C2F343514FEA137C57F8216055F8BB
:104C40002CC002F00F014FF0000E57F82140C2F3C4
:104C5000036100F1040B57F8211041EAC401C3F3CA
:104C6000436455F8244044EA0C144FEA527C57F848
:104C70002CC041EA0C11C3F3430C55F82CC044EA94
:104C8000CC04C2F3032C57F82CC041EA8C01C3F3C7
:104C9000432C55F82CC044EA8C04C2F3034C57F85B
:104CA0002CC041EA4C01C3F3434C55F82CC044EAF4
:104CB0004C04C2F3431CC2F3433257F82CC057F8DC
:104CC000222041EACC1141EA8211C3F3031241EAE6
:104CD000461155F8222044EAC212C3F30334C3F349
:104CE000035355F8244055F8233042EA841242EA2F
:104CF000431221F0704122F07042EEE0BEF10F0F3E
:104D000000F0F2808C0E930E44EA810143EA8202A5
:104D100021F0704122F070424FEAC1394FEA414818
:104D200009F000540D010B0708F0805848EA040808
:104D300005F010558F0203F0805302F4007407F061
:104D400000662B4302F4807C48EA04044FEA813A6F
:104D50004FEA8158344343EA0C030AF0006A8D0499
:104D600008F0806843EA0A0344EA080805F002757F
:104D70008E018C081D4306F0807604F000744FEA23
:104D8000410A4FEA412C354348EA04080AF080738F
:104D90000CF4001C0C044E0848EA030A45EA0C0C0B
:104DA00006F4801604F400144AEA04084CEA060CDF
:104DB00007F480278E00CC024CEA070C04F4801420
:104DC0004FEAC10A06F4003748EA04084CEA07072C
:104DD0000AF400248E0A4FEA911C48EA04040CF4F9
:104DE000802C06F48036550B3E43130944EA0C042C
:104DF00009F400390F0905F40055354303F48058D0
:104E000007F4803644EA0904970845EA0803344366
:104E100007F400554FEA923925434FEA821C09F402
:104E2000007429F4FE690CF4006817024FEA520C72
:104E300029F0070943EA080307F480570CF4806C53
:104E40004FEA095943EA0C0C4FEA195945EA07039E
:104E5000570A43EA090307F48067D6013B43D509A3
:104E600006F480761E4305F0200346EA03054FEA68
:104E7000521893004CEA040C03F0040708F02008D1
:104E8000530D940A4CEA080803F0020604F01004DB
:104E9000D30848EA040403F0080A4FEA924909F0EB
:104EA00004094FEA926844EA0A0403F0110308F087
:104EB000020844EA09042B43C2F3006C44EA0804E4
:104EC0003B4344EA0C04334340F83E404BF83E3049
:104ED0000EF1010EBEF1100F11D0BEF1010F03DD76
:104EE000BEF1080F7FF40AAFCC0ED30E44EA4101A5
:104EF00043EA420221F0704122F070420CE7BDE823
:104F0000F08F00BF180005005800050070B5164668
:104F10000C461146FFF778FE054606F1080104F13C
:104F20008000FFF771FE28462146A5F1800C2B4634
:104F30002246846F0C60C46F4C60D2F8F840C3F80E
:104F40008040D3E90054D2F8FC60C3F88460C3E920
:104F50004054D1E9005408386045C1E94054A2F1F9
:104F6000080201F1080103F10803E2D170BD00BF9E
:104F700070B516460D461146FFF746FE044606F18B
:104F8000080105F18000FFF73FFE06F1100104F56E
:104F90008070FFF739FE29462046A4F1800522469D
:104FA0000B46D0F878410C60D0F87C414C60D3F8C7
:104FB000F840C2F88040D3F8FC40C2F88440846FC7
:104FC000C1F80041C46FC1F8044108388542A3F11B
:104FD000080301F1080102F10802E2D170BD00BF2F
:104FE00008B5FFF711FE002008BD00BF38B5FFF778
:104FF0000BFE044602460023011D956F54F8230062
:1050000044F823509067D56F51F8230041F823509E
:105010000233102BD067A2F10802EED1002038BD78
:1050200000B5E1B00A466946FFF770FF6B46002104
:105030001A460133117060AA9342F9D1002061B081
:105040005DF804FB00B5E1B00A4601466846FFF78B
:105050005DFF6B4600211A460133117060AA93422E
:10506000F9D1002061B05DF804FB00BF00B5E1B0EC
:105070000A466946FFF77CFF6B4600211A4601335A
:10508000117060AA9342F9D1002061B05DF804FB71
:1050900000B5E1B00A4601466846FFF769FF6B4676
:1050A00000211A460133117060AA9342F9D1002001
:1050B00061B05DF804FB00BF2DE9F04F0B68496853
:1050C000DFF8D081DFF8D0E16C4F6D4E6D4D6E4C46
:1050D00083B01BBA09BA019281EA131202F00F32AF
:1050E000514083EA021281EA12439BB2594082EA9C
:1050F000034282EA910303F033335A4081EA830387
:1051000082EA132101F0FF114A4083EA012182EA79
:10511000F17303F0AA335A4000F1100C83EAF173E3
:1051200000F19001594800914FEAF2725CF8101CAE
:1051300083EA01095CF80C1C09F03F0A81EA33118B
:1051400058F82AB001F03F0A0CF1100C5EF82AA0C2
:105150008BEA0A0AC9F3052B57F82BB08AEA0B0A27
:10516000C9F3054BC9F3056956F82BB08AEA0B0A57
:1051700055F829B0C1F305298AEA0B0A54F829B079
:10518000C1F305498AEA0B0AC1F3056B50F82910EF
:105190008AEA010A3E4951F82B108AEA01014A4085
:1051A0005CF8181C5140C1F3052901F03F0A57F87B
:1051B000299058F82AA089EA0A09C1F3054AC1F3DF
:1051C000056189EA030356F82AA05CF8149C55F897
:1051D000211089EA321983EA0A034B4009F03F01A2
:1051E0005EF821104B40C9F3052154F821104B40C3
:1051F000C9F30541C9F3056950F821104B40244912
:1052000051F829104B4000998C458FD182EA7301E7
:1052100001F0AA314A4081EA73014FEA720381EA40
:10522000132000F0FF1081EA000283EA002382EAE3
:10523000930101F033314A4083EA810383EA12414A
:1052400089B24B4082EA014283EA121101F00F3128
:10525000019C82EA01124B40100E110C207061700B
:10526000180E110AA170E270190C1A0A20710020A0
:105270006171A271E37103B0BDE8F08F980505007C
:1052800098030500980105009804050098020500A0
:1052900098000500980705009806050012F0070F12
:1052A0005DD12DE9F043012983B007461E462BD07E
:1052B00032B3DDE90A9306F1FF38DC1D09EB020584
:1052C0000822494668460CF041F8E21F4946384634
:1052D000FFF7F2FEA4F10802434612F8011F13F88B
:1052E000010FA24281EA00011170F6D10822914417
:1052F000694630460CF02AF8A94504F10804DFD1CC
:10530000002003B0BDE8F083002AF9D0DDE90A39B6
:1053100006F1FF38DC1D09EB0205A4F10802404646
:1053200009F1FF3112F8013F10F801CFA24283EAE0
:105330000C0301F8013FF5D14A4649463846FFF7CC
:10534000BBFE08224946304691440BF0FFFFA945B9
:1053500004F10804E1D1002003B0BDE8F0836FF050
:10536000310070472DE9F04F0B684968DFF89CE386
:10537000E14EE24FDFF898C3DFF898831BBA85B09F
:1053800009BACDE9020281EA131202F00F3251404C
:1053900083EA021281EA12439BB2594082EA034235
:1053A00082EA910303F033335A4081EA830382EAAD
:1053B000132101F0FF114A4083EA012182EAF173CF
:1053C00003F0AA335A4083EAF173014690314FEA61
:1053D000F2721030019150F8101C50F80C4CC84D6E
:1053E000594001F03F0A84EA33195EF82AB0C54CEF
:1053F00009F03F0A103055F82AA08BEA0A0AC1F3D7
:10540000052B54F82BB0C04C8AEA0B0AC1F3054BAC
:10541000C1F3056156F82BB057F821108AEA0B0A40
:105420008AEA0101C9F3052A5CF82AA081EA0A0187
:10543000C9F3054AC9F3056954F82AA058F8299018
:10544000B04C81EA0A0181EA09014A4050F8181C6F
:105450005140C1F3052901F03F0A54F829905EF844
:105460002AA0A94C89EA0A09C1F3054AC1F30561DA
:1054700089EA030356F82AA050F8149C57F8211023
:1054800089EA321983EA0A034B4009F03F014FEAE7
:10549000321B55F821104B40C9F305215CF821104F
:1054A0004B40C9F30541C9F3056954F821104B403D
:1054B00058F829104B40019981428CD189460299B4
:1054C00001F58871019159E9041051408BEA000BF4
:1054D00001F03F008A4D5EF820A08A4C0BF03F009F
:1054E00009F1100955F820008AEA0000C1F3052AE5
:1054F00054F82AA0844C80EA0A00C1F3054AC1F39B
:10550000056156F82AA057F8211080EA0A004840A1
:10551000CBF305215CF821104840CBF30541CBF3D8
:10552000056B54F82110774C484058F82B10484030
:1055300059F8181C43405940C1F3052001F03F0AB7
:1055400054F820005EF82AA06F4C80EA0A0042401E
:10555000C1F30540C1F3056156F8200057F821104A
:1055600042404A4059F8141C81EA331101F03F0AC5
:10557000C1F3052055F82AA05CF8200082EA0A024F
:105580004240C1F30540C1F3056154F8200058F8CA
:10559000211042404A40019989454FEA321B4FEAA7
:1055A000331A90D1029901F5C871019101E04FEAD7
:1055B000331A59E9041059408AEA000A01F03F0001
:1055C0004F4D5EF820B04F4C0AF03F0009F1100932
:1055D00055F820008BEA0000C1F3052B54F82BB0DE
:1055E000494C80EA0B00C1F3054BC1F3056156F845
:1055F0002BB057F8211080EA0B004840CAF3052170
:105600005CF821104840CAF30541CAF3056A54F812
:1056100021103C4C484058F82A10484059F8181CB2
:1056200042405140C1F3052001F03F0A54F82000E8
:105630005EF82AA0344C80EA0A004340C1F30540DA
:10564000C1F3056156F8200057F8211043404B4044
:1056500059F8141C81EA321101F03F0AC1F3052008
:1056600055F82AA05CF8200083EA0A034340C1F3FE
:105670000540C1F3056154F8200058F8211043405B
:105680004B400199894592D182EA730101F0AA3118
:105690004A4081EA73014FEA720381EA132000F065
:1056A000FF1081EA000283EA002382EA930101F0FD
:1056B00033314A4083EA810383EA124189B24B4085
:1056C00082EA014283EA121101F00F31039C82EA5F
:1056D00001124B40100E110C20706170180E110A4F
:1056E000A170E270190C1A0A207100206171A27178
:1056F000E37105B0BDE8F08F98030500980105003F
:105700009806050098050500980205009807050011
:10571000980405009800050012F0070F5DD12DE9EF
:10572000F043012983B007461E462BD032B3DDE992
:105730000A9306F1FF38DC1D09EB020508224946F1
:1057400068460BF003FEE21F49463846FFF70AFEA3
:10575000A4F10802434612F8011F13F8010FA242F8
:1057600081EA00011170F6D1082291446946304661
:105770000BF0ECFDA94504F10804DFD1002003B0D3
:10578000BDE8F083002AF9D0DDE90A3906F1FF38D7
:10579000DC1D09EB0205A4F10802404609F1FF31C6
:1057A00012F8013F10F801CFA24283EA0C0301F87E
:1057B000013FF5D14A4649463846FFF7D3FD082256
:1057C0004946304691440BF0C1FDA94504F1080457
:1057D000E1D1002003B0BDE8F0836FF031007047E5
:1057E0002DE9F04F11F80F5FDFF80CA105F00F0362
:1057F00000EBC303D3E932CED3E9126383B02D09A2
:1058000001924FF00F08324625E011F8015D05F0D6
:105810000F0700EBC7074FEA121902F00F02D7E992
:1058200032B45AF832200092D7E912264FEA0C77A8
:105830004FEA1C1C4CEA0E7C84EA1E1E009C49EABE
:10584000037947EA131389EA02022D098CEA0B0C4B
:105850008EEA044E734000EBC5054FEA0C7602F069
:105860000F04120942EA037246EA1313D5F8CC601A
:105870005AF834404FEA1C1C4CEA0E7C86EA1E1E85
:105880008EEA044ED5E9126408F1FF38D5F8C85005
:10589000B8F1FF3F8CEA050C82EA060283EA0403B2
:1058A000B3D101981646C2734FEA1E6202704FEAE6
:1058B0001E4242704FEA1C6202714FEA1C42190CF0
:1058C000C37242711A0E1B0A80F803E080F807C009
:1058D0004FEA1E2E4FEA1C2C02728372320E330CDA
:1058E000360A80F802E080F806C041720273437302
:1058F000867303B0BDE8F08F980805004FF4C872B6
:1059000000210BF04CBD00BF2DE9F04F04468BB0D9
:1059100017460846012219461E46FEF7DBFC002802
:1059200000F09D80D0F81480B8F1100F054640F0CB
:1059300096802046FEF7EEFC29462046FEF70AFD3B
:1059400010B10BB0BDE8F08F012332463946204636
:10595000FEF728FD0028F4D101464246059006A82E
:105960000BF01DFD05AB009306AB424619462046E1
:10597000FEF740FD0028E4D1DDE906254FF00008E0
:105980004FF00009089E099B2DBA12BAC4E9425291
:10599000C4E93289C4E9128936BA1BBAC4F88C60EA
:1059A000C4F888304FF0030E4FF0040C03F00101EF
:1059B0004FEAC5786D08A1EB411745EAC27504EBC3
:1059C000CC015B08520843EAC67382EA076248EAE0
:1059D0005606BEF1010EC1E932528B644FEA6C0CDF
:1059E000CE64E3D1032304F1500204F1480A04F128
:1059F000C80902924FF002089E4603900AEBC800C5
:105A000009EBC80459F838C05AF838604568029A5A
:105A1000676804F1080304EBC804D2F8801081EA37
:105A20000C0BD2F88410C3F800B079405960D2F85A
:105A300000B011468BEA060B496840F808BF0833EE
:105A40006940A34202F108024160E6D1BEF1010EB5
:105A50004FEA4808D2D103980BB0BDE8F08F6FF041
:105A600013006EE72DE9F04F2DED028B8BB0002473
:105A7000934205940292984604460E4602D99B1A18
:105A80008B426AD3D4E952329B1952F100024FF093
:105A9000000128BF012100295FD16FF01F000F21F5
:105AA0009842914159D3C4E95232002E4FD004F5A7
:105AB000B47308EE103A04F27713039304F27319E7
:105AC00004F5BC77102E039A354628BF10251378AD
:105AD0000133DBB202F801390BB94A45F7D105AB06
:105AE000009318EE101A06AB10222046FEF782FC37
:105AF00070BBD4F8880102993A460DF1180E08F1EE
:105B0000FF3C07EB050A18B9137808784340137077
:105B100008781EF8013B43400CF8013FD4F8880197
:105B2000012801F1010104D192F800B083EA0B03CE
:105B3000137001325245E6D1029B3A462B44394656
:105B400020460293FFF74CFE761BA844BAD10020F2
:105B50000BB0BDEC028BBDE8F08F6FF01300F7E7E0
:105B600010B50446FEF7D6FB04F5C87100222346A3
:105B70000134A1421A70FAD110BD00BF50B161B119
:105B800010B58B68416011460446984708B9044B2C
:105B9000236010BD48F20150704748F21050704722
:105BA00063414553B8B103680C4A934210B50446AB
:105BB00006D163682046DB6898470023236010BD48
:105BC00002F17F6202F5402202F57C729342F0D02E
:105BD00048F2025010BD48F20150704763414553EE
:105BE00068B130B4094C0568A54204D151B143688D
:105BF00030BC1B69184748F2025030BC704748F26D
:105C00000150704748F21050F7E700BF6341455319
:105C100038B3F0B5DFF860C00768674583B0044665
:105C200017D109B3CBB1089DBDB1009545682D6A68
:105C3000A84748B92368BB4208D163682046DB689F
:105C40009847A0B90B4B236003B0F0BD094A9342BB
:105C5000F3D048F2025003B0F0BD48F2135003B045
:105C6000F0BD48F20150704748F21050ECE70023B5
:105C70002360E9E7534541636341455308B54368F1
:105C80001B78052B06D9082B06D10C30FEF742FBFA
:105C9000002008BD032B02D848F2035008BD0C3089
:105CA000FCF75CFB002008BD42685388B3F5807F99
:105CB00070B504460D4606D023F04003802B02D079
:105CC00048F2185070BD1378052B06D9082B06D161
:105CD000022D17D048F2175070BD032B03D848F29D
:105CE0000350257270BD012DF4D80122002104F16A
:105CF00008000BF054FB04F10C00FCF729FB00201A
:105D00002572EFE704F10C063046FEF7FFFA6368F0
:105D10005B88C02B26D0B3F5807F05D0802B1FD0A9
:105D200048F202502572DDE70420FEF7C1FA014671
:105D300038B33046FEF70EFB02460028DFD010F5E0
:105D4000C14FCCD010DC10F5C34F1ED048F2165313
:105D500012F5C24F48F21150257218BF1846C1E71C
:105D60002846E2E70320E0E710F5A24F11D048F201
:105D7000165348F2115012F1220F18BF184625721F
:105D8000B0E748F216502572ACE748F2155025727C
:105D9000A8E748F217502572A4E700BF08B542688B
:105DA0001378052B23D9082B23D152880C30FEF70A
:105DB0009FFD10F5A24F2ED00FDC10F5C24F1BD067
:105DC00010F5C14F15D010F5C34F48F2165348F2E5
:105DD000155214BF1846104608BD10F1220F0BD003
:105DE000002848F2165314BF1846002008BD032BA4
:105DF00005D848F2035008BD48F2115008BD037A97
:105E00005288012B00F10C0002D0FCF7ADFBD0E76B
:105E1000FCF7AEFACDE748F2175008BD2DE9F8437C
:105E2000984643681B78052B054609D9082B09D1EC
:105E30000C30FEF78DFD00BB00231846BDE8F8834B
:105E4000032B04D848F202531846BDE8F88312F039
:105E50000F0416463AD1002AEED00F4600F10C0985
:105E600001E0A642E8D908EB04033A19297A48462A
:105E70001034FDF701F80028F3D010F5C14F22D0FF
:105E80000DDD10F5A24F1BD048F2115248F2165307
:105E900010F1220F08BF13461846BDE8F88310F52D
:105EA000C34F0AD010F5C24F48F2115248F21653B0
:105EB00008BF13461846BDE8F88348F21553C3E7F8
:105EC00048F21753C0E748F20353BDE748F21153B5
:105ED000BAE700BF38B5049D14462A68A2420CD325
:105EE000220704D042681278023A012A08D82246D2
:105EF000FFF794FF00B92C6038BD48F2145038BD4C
:105F000048F2115038BD00BF70B5049D1E462B6885
:105F10000F2B23D900F10C042046FEF719FD60B1C8
:105F200010F5C14F1DD011DC10F5C34F1FD010F577
:105F3000C24F10D148F2115070BD31462046FEF7D5
:105F40008FFD0028ECD110232B6070BD10F5A24FFF
:105F50000AD02230EED048F2165070BD48F21450EC
:105F600070BD48F2035070BD48F2175070BD48F242
:105F7000155070BD70B52E4B6A469A421ED304462A
:105F80000D4600F06FF948B32A4E336823B12A4A10
:105F90002A4B12689A421FD0002C39D034600DB3BE
:105FA0003068294600F00EF9044628B922493368C2
:105FB0002248234A08601A60204670BD214B2248BF
:105FC0002249C01AC008000440F0010048F21954E8
:105FD000F9F7F6FE204670BD0024EDE74FF40544C6
:105FE000204670BD042008F091FB0546C0B1306822
:105FF000294600F0E7F8044628B90F4A33680F49EC
:1060000011600F4A1A60284608F082FB204670BDD6
:10601000042008F07BFB0E4B186030B13060BEE707
:106020000B4B186808B108F073FB48F21554C3E72E
:1060300000F80120F8510020F05100206572E54B76
:106040006169614DDCCA04003CCB040060090500B5
:10605000F45100200E4B0F4A1968914210B505D13A
:106060000D490E4A08680168914203D048F2025473
:10607000204610BD002202601A6000F0A7F8084B0D
:10608000044618680028F3D008F042FB204610BDF3
:10609000F05100206572E54BF85100206169614DB7
:1060A000F45100202DE9F041224B17466A469A42EE
:1060B00018D304460D460FB1002938D01E491F4B96
:1060C0000968994209D1E4B11D493B4608682A464E
:1060D0002146BDE8F04100F087B848F2025420465E
:1060E000BDE8F081174B18481849C01AC0080004D1
:1060F00040F0010048F21954F9F762FE2046BDE86D
:10610000F081042008F002FB48F2155406460028EE
:10611000E5D00B493B462A460868314600F064F852
:106120000446304608F0F4FA2046BDE8F08148F213
:106130001054D4E700F80120F05100206572E54BBF
:10614000F8510020DCCA04003CCB040060090500C3
:1061500040B370B50D4611B3144A154B12689A42FC
:1061600002D048F2025070BD124E044601230A4686
:106170003068214600F030F848F271539842F2D16D
:10618000002211461046FFF78DFF0028EBD1306842
:106190002A4621460123BDE8704000F01DB848F2B0
:1061A000145070BD48F21350704700BFF0510020EA
:1061B0006572E54BF8510020FFF74CBF00210846FF
:1061C000FFF7D8BE002006F075B800BF08B506F08E
:1061D000A3F8002008BD00BF08B50846114606F028
:1061E00017F9002008BD00BF48F20350704700BFF8
:1061F000F8B50B4D0B4E0C4FAD1B0123ED083B705A
:106200000AD0002401E0A54206D056F8343001340B
:1062100098470028F7D0F8BD02233B700020F8BD56
:10622000DCCA0400D4CA0400FC51002038B50A4C72
:106230000A4D2D1BED080AD004EBC50501E0AC4268
:1062400005D06368083498470028F8D038BD044B5F
:106250000020187038BD00BFD4CA0400DCCA040096
:10626000FC510020064B1A78022A06D01878A0F1BB
:106270000100B0FA80F0400970470120704700BF6C
:10628000FC51002008B543681B780BB1002008BD05
:106290000830FDF76FFF002008BD00BF436830B530
:1062A0005A880D4622F04001802983B0044602D06E
:1062B000B2F5807F25D11B781BB148F2035003B0A3
:1062C00030BD04F108000190FDF72CFF63680198D0
:1062D0005B882A460221FDF729FF02460028EED0FE
:1062E00010F5C14FE9D010DC10F5C34F1AD048F2B9
:1062F000165312F5C24F48F2115018BF184603B09A
:1063000030BD48F2185003B030BD10F10F0F0CD063
:1063100048F2165348F2175012F10D0F18BF1846E5
:1063200003B030BD48F21550C9E748F26050C6E7E7
:1063300010B586B09DF83840A4F1040EBEF10C0FE4
:1063400035D814F0010F32D1A3F1070CBCF1060FC0
:106350003FD8012943D0002938D10D9904910C99D7
:1063600003910A9902910999019108990091059464
:106370000B990830FDF722FF10F10F0F3FD010F1FD
:106380000E0F09DA10F5C24F26D010F5C14F12D109
:1063900048F2035006B010BD10F10D0F16D00028C2
:1063A00048F2165314BF1846002006B010BD48F23C
:1063B000625006B010BD10F5C34F48F2165348F2B4
:1063C000155214BF1846104606B010BD48F21750BB
:1063D000E0E748F26150DDE748F21150DAE70D9945
:1063E00004910C9903910A990291099901910899D4
:1063F000009105940B990830FDF7CAFEBCE748F2FE
:106400006050C7E769B162B110B5044660B1084B8E
:1064100003604B6841601146984708B10023236030
:1064200010BD48F21050704748F2015010BD00BF37
:106430004145414470B1094B02689A4210B5044687
:1064400005D143689B6898470023236010BD48F23C
:10645000025010BD48F20150704700BF4145414411
:106460002DE9F047DDE90859DDE90A6EDDE90CC4E4
:106470009DF8388080B3DFF874A00768574513D1C2
:10648000B2B1DCB1FDB11EB3BCF1000F28D0CDE933
:106490000BECCDE90D48CDE9099608954468E46810
:1064A000A446BDE8F047604748F20250BDE8F087D7
:1064B000002BE6D048F21050BDE8F087B8F1000F8D
:1064C000F8D1002DDFD1B9F1000FF3D1002EDBD1CF
:1064D000BEF1000FDBD0EDE748F20150BDE8F087D8
:1064E000BEF1000FD3D048F21350DFE741454144DD
:1064F000F8B504460068154606680368426893428A
:1065000084BFA2680132D31A0F46E26861689D42D7
:1065100006FB02110CD805FB02F238460AF016FF02
:10652000A26823683544954288BF00251D60F8BDE8
:1065300003FB02F632463846ED1A0AF007FFE2681E
:106540006168B81905FB02F20AF000FF23681D60BC
:10655000F8BD00BF10B5044688B12268A068116874
:106560005368984205D80020401AB0FA80F04009DC
:1065700010BD581C401AB0FA80F0400910BD024905
:1065800098200AF059FBE8E78C09050070B50D4624
:1065900082B00446002877D0002900F085800023CF
:1065A0000DF107008DF80730F9F79AFF2368A1680D
:1065B00018685A68914218D80022824218D1227C69
:1065C0005AB958685E688E4222D201365E601A68F7
:1065D000914257D800221A6010E09DF80700F9F7A1
:1065E000B5FF0424204602B070BD01328242E6D0DD
:1065F00058685A6891422BD800225A60E268511EAE
:1066000007290AD8DFE801F03934092F09090927D9
:106610005A601A68914235D8DCE76368294600FB66
:1066200002300AF093FE23681A6859688A4282BFD2
:10663000A068013009188A1A99689DF807009142EC
:1066400038BF9A60F9F782FF0024204602B070BD7F
:1066500001325A60D2E7626895ED007B02EBC00020
:1066600080ED007BE0E76268296842F82010DBE7F4
:106670006268298822F81010D6E763682A781A54CD
:106680002368D1E70132A6E71249A3200AF0D4FA21
:10669000ADB10DF107008DF80740F9F721FF0D4965
:1066A00098200AF0C9FA81E70A49A4200AF0C4FA3E
:1066B0000DF107008DF80750F9F712FF76E705494D
:1066C000A4200AF0B9FA0DF107008DF80750F9F788
:1066D00007FFE4E78C09050070B50E4682B014464A
:1066E000054670B33EB314B9204602B070BD002316
:1066F0000DF107008DF80730F9F7F2FE2A681368EC
:1067000051688B420AD8CB1A9C420DD905249DF8BA
:106710000700F9F71BFF204602B070BDAA680132DE
:106720000A44D31A9C42F1D8224631462846FFF744
:10673000DFFE0024EBE7074940F2D9100AF07CFAAB
:10674000D1E704494FF4EC700AF076FA002ECAD172
:10675000F1E700BF8C09050030B5044683B088B16D
:1067600000250DF107008DF80750F9F7B9FE0C224E
:10677000294620680AF013FE9DF80700F9F7E6FEA7
:1067800003B030BD02494FF404700AF055FAE7E750
:106790008C0905004FF08053D3F830210D2A18D012
:1067A000514AD2F8883043F47003C2F88830BFF3FE
:1067B0004F8FBFF36F8F4FF01023D3F80022002AC2
:1067C00061DBD3F80432002B5DDB484B484A1A608A
:1067D0007047D3F834110029E2D14FF08040454A88
:1067E000C0F80C11C0F81011C0F83815D3F8041413
:1067F000C2F82015D3F80814C2F82415D3F80C14E5
:10680000C2F82815D3F81014C2F82C15D3F81414B4
:10681000C2F83015D3F81814C2F83415D3F81C1484
:10682000C2F84015D3F82014C2F84415D3F8241444
:10683000C2F84815D3F82814C2F84C15D3F82C1414
:10684000C2F85015D3F83014C2F85415D3F83414E4
:10685000C2F86015D3F83814C2F86415D3F83C14A4
:10686000C2F86815D3F84014C2F86C15D3F8443454
:10687000C2F87035D0F80034DB0744BF6FF0010375
:10688000C0F800348CE71C4A0123C2F80435D2F862
:106890000034002BFBD04FF010231221164AC3F80E
:1068A0000012D2F80034002BFBD04FF0102312213D
:1068B000114AC3F80412D2F80034002BFBD0002395
:1068C0000D49C2F80435D1F80034002BFBD0BFF3DA
:1068D0004F8F0549094BCA6802F4E0621343CB604D
:1068E000BFF34F8F00BFFDE700ED00E0282600203A
:1068F0000090D00300C0004000E001400400FA0511
:1069000010B4164B1A461B688342FBD3516802EB46
:10691000010C60450BD0416800EB010C63450ED0C3
:10692000904203605DF8044B18BF106070474468E4
:106930001046214400EB010C63455160F0D1084C36
:106940002468A342ECD0D3E9003490422144C0E94A
:1069500000315DF8044B18BF1060704710D2002062
:10696000005200202DE9F84F044601F0BFF94348DA
:106970000368002B56D0424F3E6834424BD1002C66
:1069800049D004F1080563071CBF25F00705083549
:10699000002D40D0DFF8FC80D8F80090A9453AD30C
:1069A00038490C6803E0236823B121461C4662681D
:1069B000AA42F8D30368A3422DD0236808680B606D
:1069C000531B102B00F1080A0BD904EB050B1BF02D
:1069D000070F49D1CBF8043058466560FFF790FFA8
:1069E000626829490868A9EB0203834238BF0B603B
:1069F000C8F8003032430023C4E9003201F04CFAF9
:106A00001AF0070F0BD0214940F203100AF014F9D5
:106A10005046BDE8F88F01F03FFA4FF0000A5046AB
:106A2000BDE8F88F1A4B184D164E154F5A0714BF74
:106A3000DA1D1A4603F50043A3F1080323F0070308
:106A400018BF22F0070211469A1A2A60114D3160D0
:106A50002A60002575604FF00046C3E900550360C9
:106A6000C1E900323E6088E70849C3200AF0E4F833
:106A700063683E68D8F800905B1BABE700520020CB
:106A800004D2002010D200200CD20020E009050022
:106A90000452002008D2002000283AD038B51D4DFD
:106AA00050F8043C2A681342044610D050F8081CE1
:106AB000D9B119494FF48C700AF0BEF854F8043C6F
:106AC0002A68134202D054F8081C71B138BD12492B
:106AD00040F217100AF0B0F854F8083C002BE8D147
:106AE00054F8043C2A681342F0D023EA020344F825
:106AF000043C01F0FBF8094A54F8043C1168A4F185
:106B000008000B441360FFF7FBFEBDE8384001F0BE
:106B1000C3B9704704D20020E009050008D2002064
:106B200000F108034FF0FF310022C0E90131C0E954
:106B300003330260704700BF00230361704700BF4A
:106B400043689A688A60026810B49C684B6001329E
:106B5000616099605DF8044B08610260704700BF96
:106B600030B40D686B1C10D000F108031C465B6844
:106B70001A68AA42FAD902684B60013299608C60A7
:106B80006160086130BC0260704704696368F2E7C5
:106B9000036910B4D0E901125C688A6084425160D4
:106BA00008BF5A601A685DF8044B0021013A016180
:106BB0001A601868704700BF0748006880F30888AB
:106BC00062B661B6BFF34F8FBFF36F8F4FF4F070B3
:106BD00080F3118800DF00BF00C00100064B196878
:106BE0000868B0E8F04F80F30988BFF36F8F4FF06B
:106BF000000080F31188704764D20020EFF3098011
:106C0000BFF36F8F144B1A681EF0100F08BF20EDF2
:106C1000108A20E9F04F10604DF8043D4FF0A000BD
:106C200080F31188BFF34F8FBFF36F8F01F058FAD5
:106C30004FF0000080F3118808BC19680868B0E8BC
:106C4000F04F1EF0100F08BFB0EC108A80F30988D7
:106C5000BFF36F8F704700BF64D2002008B5064BAA
:106C60001B68013303D005499E2009F0E5FFA023EE
:106C700083F31188FEE700BF20D20020400A050000
:106C800010B44FF08073064C40F8043C6FF00203E0
:106C900040E9034140E909325DF8044B443870474C
:106CA0005D6C020030B5294A294B12689A4283B0C4
:106CB00003D02849B02009F0BFFF274B274C1A7892
:106CC0002748FF21D2B2019219701B78DBB28DF8F0
:106CD00003309DF803309DF8032003F005030721DE
:106CE0001206237001600DD506229DF803305B006B
:106CF000DBB28DF803309DF803301B06114602F11C
:106D0000FF32F2D4019B114C134D01F00701DBB2AD
:106D1000E02201602B7084F8222000F0C3F8114BB0
:106D200000221A60D4F888300F4A43F47003C4F884
:106D30008830536B43F040435363236943F010039F
:106D40002361FFF739FFFFF789FF00BF00ED00E087
:106D500041C20F41400A050000E400E018D20020C3
:106D60001CD2002020D2002000EF00E0A02383F3FB
:106D70001188094A13680133012B136000D0704752
:106D8000064B5B68C3F30803002BF8D0044940F2BC
:106D9000111009F051BF00BF20D2002000ED00E02B
:106DA000400A050010B5084C23682BB1013B236055
:106DB0000BB983F3118810BD04494FF48C7009F0AE
:106DC0003BFF2368F2E700BF20D20020400A050005
:106DD00008B5EFF30583C3F308030F2B07D90F4959
:106DE00003F1E023097893F8F02391420FD80C4B7C
:106DF0000C4ADB681268C3F302239A4200D308BD31
:106E0000BDE8084008494FF4B17009F015BF0649C4
:106E10004FF4A97009F010FFE9E700BF18D2002075
:106E200000ED00E01CD20020400A050070B582B0E1
:106E3000EFF31186A02383F31188184B0022D3F8B7
:106E40000445C3F80021D3F800310193019B00F001
:106E500055FF201A20F07F4323F0010320F07F45E7
:106E60009BB96C1E6DB1002500F072FF23460543EF
:106E7000013C002BF8D125B1094B4FF080525A60EC
:106E800040BF86F3118802B070BD01F0DFFA02281E
:106E9000E7D000F05DFF0546EDE700BF00100140C0
:106EA00000ED00E010B5002002F0F8F8094B0A49A7
:106EB0002020C3F8080501220224E020C3F804239F
:106EC0009A601A60C3F844434FF4003281F811030A
:106ED0000A6010BD0010014000E100E070B50446FA
:106EE000006CA66B20B925684DB30136A66370BD52
:106EF000154602467DB9A0680AF028FAA368226CFC
:106F000013446268A360934224BF2368A3600136E0
:106F10002846A66370BDE0680AF018FA226CE368A0
:106F200051429B1A2268E360934202D263680B4489
:106F3000E360022D08D001360020A66370BD6068B2
:106F400001F0DAFA6560D0E7012E38BF0126002093
:106F5000CCE700BF70B50546FFF708FF95F8453050
:106F60005CB2002C14DD05F1240603E0631EDAB2E6
:106F70005CB26AB16B6A304653B101F099F90028EE
:106F8000F4D001F041FA631EDAB25CB2002AF1D10A
:106F9000FF2385F84530FFF705FFFFF7E7FE95F87B
:106FA00044305CB2002C14DD05F1100603E0631ED2
:106FB000DAB25CB26AB12B69304653B101F078F9AC
:106FC0000028F4D001F020FA631EDAB25CB2002A85
:106FD000F1D1FF2385F84430BDE87040FFF7E2BEF1
:106FE00038B50D460446002839D0FFF7BFFED4E976
:106FF0000F23216803FB02F2D31A0A4462600022C5
:10700000A2630B44FF2284F84420C4E9021384F8ED
:107010004520C5B923691BB9FFF7C4FE012038BD5F
:1070200004F1100001F044F90028F5D00E4B4FF0A8
:1070300080525A6040BFBFF34F8FBFF36F8FFFF78F
:10704000B1FE012038BD04F11000FFF769FD04F125
:107050002400FFF765FDFFF7A5FE012038BD0349B9
:10706000FC2009F0E9FDC0E700ED00E0A40A0500FE
:1070700070B50E46054690B1C6B106FB05F0483026
:10708000FFF770FC0446C0B100F148030360C4E997
:107090000F5601212046FFF7A3FF204670BD084987
:1070A00040F26D1009F0C8FD002EE6D14820FFF730
:1070B00059FC044608B12460E9E70024204670BD6D
:1070C000A40A050070B50E460546B0B188420ED33D
:1070D0004820FFF747FC044638B10023C0E90F53AE
:1070E00000600121FFF77CFFA663204670BD0C49BC
:1070F00040F2C12009F0A0FDEAE709494FF43070E1
:1071000009F09AFD2EB9064940F26D1009F094FD80
:10711000DEE7034940F2C12009F08EFDF3E700BF2E
:10712000A40A05002DE9F04784B0894601921F4664
:107130000446002800F0A380B9F1000F00F086801B
:10714000022F7AD001F082F918B9019B002B40F090
:107150009C800026DFF840A1B04607E0FFF722FE42
:107160002046FFF7F7FE00F097FE0126FFF7FEFD31
:10717000A36BE06B834242D3022F40D0019D002DD0
:107180006ED0002E37D0FFF70DFE00F0AFFDFFF7F9
:10719000EDFD94F84430FF2B08BF84F8448094F848
:1071A0004530FF2B08BF84F84580FFF7FBFD01A9A0
:1071B00002A801F0E5F8002858D1FFF7D7FDA26B2F
:1071C000E36B9A42CAD1FFF7EDFD019904F110007B
:1071D00001F034F82046FFF7BDFE00F05DFE002808
:1071E000C3D14FF08053CAF8043040BFBFF34F8F74
:1071F000BFF36F8FB9E702A801F0B6F8C3E73A46CC
:1072000049462046FFF76AFE636A33B958B9FFF76B
:10721000C9FD012004B0BDE8F08704F1240001F0AD
:1072200047F80028F3D01C4B4FF080525A6040BF03
:10723000BFF34F8FBFF36F8FE9E7E36B012B81D073
:10724000164940F2DE2009F0F7FC7BE7236C002BA7
:107250003FF476AF114940F2DD2009F0EDFC6FE715
:10726000FFF7A0FD284604B0BDE8F0872046FFF7F1
:1072700071FE00F011FE002004B0BDE8F087074960
:107280004FF4377009F0D8FC56E7044940F2E1208A
:1072900009F0D2FC5DE700BF00ED00E0A40A0500A4
:1072A00038B54820FFF75EFB044678B10025012180
:1072B0002060C0E90F15FFF793FEC4E90055E560B3
:1072C0002B462A4629462046FFF72CFF204638BD8C
:1072D0002DE9F0410E4617461D460446002847D0CA
:1072E0007EB3022D24D0FFF773FDEFF31188A023A6
:1072F00083F31188A26BE36B9A4206D3022D04D06C
:10730000002088F31188BDE8F0812A4694F84550A2
:1073100031466DB22046FFF7E1FD6B1C1AD00135F6
:107320006DB284F84550012088F31188BDE8F081E2
:10733000E36B012BD7D011494FF4697009F07CFC45
:10734000D1E7236C002BCCD00C4940F2A33009F0DC
:1073500073FCC6E7636A002BE5D004F1240000F05B
:10736000A7FF0028DFD0002FDDD001203860C8E75C
:10737000024940F2A23009F05FFCB1E7A40A05001F
:1073800070B50D460446002840D0236CFBB9236835
:107390002BB3FFF71DFDEFF31186A02383F31188B4
:1073A000A36BE26B9A420ED994F845200133FF2A71
:1073B000A36353B21CD001335BB284F84530012083
:1073C00086F3118870BD002086F3118870BD1249C4
:1073D00040F2434009F030FC2368002BD9D16368A8
:1073E000002BD6D00C494FF4896009F025FCD0E77A
:1073F000636A002BE3D004F1240000F059FF002859
:10740000DDD0002DDBD001202860DDE7024940F20D
:107410003F4009F011FCB8E7A40A05002DE9F0434C
:1074200085B00E4601920446002876D0002E6BD01F
:1074300001F00CF810B9019B002B74D1FFF796FCFA
:10744000A56B002D75D1019B002B38D002A800F050
:107450008BFFDFF830912F4604F12408FFF7A2FCE0
:1074600000F044FCFFF782FC94F84430FF2B08BF87
:1074700084F8447094F84530FF2B08BF84F84570B9
:10748000FFF790FC01A902A800F07AFFE8B9FFF726
:107490006DFCA36B33BBFFF785FC0199404600F000
:1074A000CDFE2046FFF756FD00F0F6FC10B3FFF7C7
:1074B0005DFCA56B002D3CD1019B002BCED1FFF7CD
:1074C00071FC002005B0BDE8F0832046FFF742FDC7
:1074D00000F0E2FCFFF74AFCA36B002BEFD0FFF7B4
:1074E00061FCE4E7FFF75EFC2046FFF733FD00F0A8
:1074F000D3FCDCE74FF08053C9F8043040BFBFF342
:107500004F8FBFF36F8FD2E7236C002B90D01C49B5
:1075100040F2E34009F090FB8AE7194940F2DF406E
:1075200009F08AFB82E716494FF49D6009F084FB5D
:1075300084E7226C52B1E168636811449942E160CA
:1075400024BF2168E160304609F000FF013DA563DA
:1075500023692BB9FFF726FC012005B0BDE8F083B5
:1075600004F1100000F0A4FE0028F3D0054B4FF00A
:1075700080525A6040BFBFF34F8FBFF36F8FE9E770
:10758000A40A050000ED00E02DE9F04184B00446B6
:107590000191002800F0A880236C002B40F085802A
:1075A00000F054FF18B9019B002B40F09280FFF7C8
:1075B000DDFBA36BDFF88C81002635463746002BB8
:1075C00043D1019B002B00F09E80002D59D0FFF786
:1075D000E9FB00F08BFBFFF7C9FB94F84430FF2B6D
:1075E00008BF84F8447094F84530FF2B08BF84F836
:1075F0004570FFF7D7FB01A902A800F0C1FE0028E3
:1076000032D1FFF7B3FBA36B002B3ED1FFF7CAFBD0
:107610002368002B6ED0019904F1240000F00EFEC7
:107620002046FFF797FC00F037FC40B94FF080533D
:10763000C8F8043040BFBFF34F8FBFF36F8F0125F1
:10764000FFF794FBA36B002BBBD02268013BA36325
:10765000002A70D02369002B5DD1FFF7A3FB012620
:10766000304604B0BDE8F0812046FFF773FC00F01F
:1076700013FCFFF77BFBA36B83B1FFF793FB0125A3
:10768000DEE702A800F070FEA1E7FFF78BFB2046C3
:10769000FFF760FC012500F0FFFBD1E7FFF782FB5D
:1076A0004EB9304604B0BDE8F081254940F275502E
:1076B00009F0C2FA74E7FFF759FB616A79B96068AB
:1076C00000F05EFFFFF76EFB0026304604B0BDE819
:1076D000F0811B4940F27A5009F0AEFA67E7236B5C
:1076E0001968C1F10701EAE7154940F2715009F044
:1076F000A3FA51E7FFF73AFB606800F0B7FE0646D1
:10770000FFF750FB87E7002EDCD00D4940F2C25056
:1077100009F092FAD6E704F1100000F0C9FD002844
:107720009BD0084B4FF080525A6040BFBFF34F8F41
:10773000BFF36F8F91E700F075FF60608AE700BFCD
:10774000A40A050000ED00E02DE9F8430F4690463D
:10775000044648B3FFB1FFF73BFBEFF31189A023C9
:1077600083F31188A56B25B9284689F31188BDE8F4
:10777000F88394F84460226C76B2DAB9013D731C48
:10778000A56326D0013676B284F84460012089F3DF
:107790001188BDE8F883236C002BDCD0154940F23A
:1077A000DE6009F049FAD6E7124940F2DD6009F0DF
:1077B00043FACFE7E168636811449942E16024BF6E
:1077C0002168E160384609F0C1FD013D731CA563E5
:1077D000D8D12369002BD9D004F1100000F068FD46
:1077E0000028D3D0B8F1000FD0D00120C8F8000095
:1077F000BBE700BFA40A050010B50446B8B10F48A6
:10780000002300EBC30251688C4207D00133082BE0
:10781000F7D12046BDE81040FFF73EB9002140F8FF
:10782000331051602046BDE81040FFF735B90449D8
:1078300040F29A7009F000FAE1E700BF24D200207C
:10784000A40A050010B4094C002354F833202AB1CF
:107850000133082BF9D15DF8044B704704EBC302E8
:1078600044F8331050605DF8044B704724D2002078
:1078700070B504460E461546FFF778FA94F8443082
:10788000FF2B04BF002384F8443094F84530FF2BCD
:1078900004BF002384F84530FFF784FAA36B23B1BB
:1078A0002046BDE87040FFF755BB04F124002A468E
:1078B000314600F0DDFC2046BDE87040FFF74ABBD2
:1078C000F8B5164B164E1C6833680546181D0F4652
:1078D000FFF75EF96B1C17D0336864195C6007D33F
:1078E000104B18683168BDE8F8400431FFF738B92B
:1078F0000D4B186831680431FFF732F90B4B1A68E9
:10790000A24288BF1C60F8BD002FE5D0316808484E
:10791000BDE8F8400431FFF713B900BF88D3002059
:1079200064D200206CD2002068D2002040D3002016
:1079300060D300202DE9F84F96000746304689466F
:107940009846FFF70FF8002878D005465020FFF73B
:1079500009F8044600287DD00563A5212846324653
:1079600009F01DFDD4F830A009F1FF3C09F10B012D
:1079700004F133031CF8015F03F8015F0DB18C457E
:10798000F8D10A9D062D28BF06254FF0000B04F103
:107990000409E5622564484684F83FB0C4F844B061
:1079A000043EFFF7C9F8564404F11800C5F1070575
:1079B000FFF7C2F8C4F848B0A56184F84CB0246160
:1079C00064624246394626F00700FFF759F90B9BDF
:1079D000206003B11C60FFF7C9F9394A394D1368BB
:1079E000013313602B68002B3DD0374E33684BB307
:1079F000E06A364F364A37491368013313600B6823
:107A0000834238BF086000EB800007EB80004946E6
:107A1000FFF796F8FFF7C6F933680BB32A68E36AF5
:107A2000D26A9A421CD22C4B4FF080525A6040BF0F
:107A3000BFF34F8FBFF36F8F012001E04FF0FF3096
:107A4000BDE8F88F2B68E06ADB6A204F834298BF5D
:107A50002C60CFE72846FFF71FF84FF0FF30EFE725
:107A60000120BDE8F88F2C601368012B03D0E06A79
:107A7000164F154EBEE7154F3E4607F18C083046AF
:107A80001436FFF74DF84645F9D1DFF86880134EFC
:107A90004046FFF745F83046FFF742F81048FFF739
:107AA0003FF81048FFF73CF80F48FFF739F80F4B45
:107AB000E06AC3F800800E4B1E60034E9AE700BFD9
:107AC000FCD2002064D200205CD3002070D20020C1
:107AD0000CD3002010D3002000ED00E028D30020BC
:107AE00048D3002074D3002060D3002068D2002047
:107AF0006CD2002014D3002070B504462A4DFFF745
:107B000035F9002C3BD0261D3046FFF741F8A36A1B
:107B10001BB104F11800FFF73BF8244A1368013346
:107B200013602B68A34221D0214A206B1368013BCC
:107B30001360FEF7B1FF2046FEF7AEFF1D4B1A683B
:107B4000126872B11A681C4BD268D26852681A6007
:107B5000FFF728F9194B1B6813B12B68A34210D00B
:107B600070BD154B4FF0FF321A60F1E714483146F3
:107B7000FEF7E6FF134A136801331360E8E72C6849
:107B8000C1E7114B1B684BB9104B4FF080525A6044
:107B900040BFBFF34F8FBFF36F8F70BD0C4940F2F2
:107BA000A54009F049F8EFE764D200200CD300208B
:107BB000FCD2002068D2002040D300205CD30020FB
:107BC00074D3002000D3002008D3002000ED00E093
:107BD000F40A050098B130B51F4D2B68834283B07D
:107BE00004460AD0FFF7C2F81C4B62699A420BD0D8
:107BF00003B0BDE83040FFF7D5B803B030BD184939
:107C000040F2F66009F018B8A36A164A9342EFD022
:107C1000002BEDD1211D08460191FEF7B9FF124A54
:107C2000E36A106801998342104888BF136003EB30
:107C3000830300EB8300FEF783FF2B68E26ADB6AB5
:107C40009A42D5D30A4B4FF080525A6040BFBFF3DF
:107C50004F8FBFF36F8FCBE764D2002060D300203B
:107C6000F40A050048D3002010D3002070D2002071
:107C700000ED00E030B5164B1649174883B00024DC
:107C8000CDE9004380222346FFF754FE012803D0AC
:107C9000013015D003B030BD00F0E4FE0128F7D16B
:107CA000A02383F311880D490D4A0E4B4FF0FF3589
:107CB0000D6010601C6003B0BDE83040FEF7F2BFFD
:107CC000094940F2DC7003B0BDE8304008F0B4BFB1
:107CD0003CD30020440B0500BD7F020040D30020B0
:107CE0005CD3002088D30020F40A0500024A136800
:107CF00001331360704700BF08D30020014B1868A0
:107D0000704700BF88D3002008B5FFF761F8014B2A
:107D1000186808BD88D3002038B50A4D0A4A2B6878
:107D2000126803449342044603D8286804442C6034
:107D300038BD40F6C910054908F07EFF28680444A4
:107D40002C6038BD88D3002040D30020F40A050001
:107D50002DE9F04F444B1B6883B0002B46D1434BB9
:107D60001F6801371F60002F4ED0DFF81CB1DBF811
:107D70000030BB4262D83E4E33681D68002D6ED085
:107D8000DFF80881DFF808A1DFF80891002522E07C
:107D90000191FEF7FDFEA36A019904F1180013B1E9
:107DA000FEF7F6FE0199E36AD8F8002003EB8300A2
:107DB00093420AEB800088BFC8F80030FEF7C0FE8F
:107DC000D9F800203368E16AD26A1B68914228BF63
:107DD0000125002B43D03368DB68DC686368211D14
:107DE0009F420846D4D2CBF8003004E0214A136801
:107DF000013300251360204B1B68002B0CBF284665
:107E0000012003B0BDE8F08F194E33681B6803BB37
:107E10001A4B31681A683260194A196013680133C5
:107E2000136033681B685BB9DFF85CB04FF0FF3359
:107E3000CBF80030DBF80030BB429CD90025DAE7F4
:107E40003368DFF844B0DB68DB685B68CBF8003090
:107E50008DE70C4940F6332008F0EEFED8E74FF0EE
:107E6000FF33CBF80030C6E708D3002088D30020CA
:107E700068D2002004D300208CD300206CD20020D4
:107E800044D30020F40A050040D3002010D3002082
:107E900070D2002064D200202DE9F04F3B4C2368C3
:107EA00083B0002B64D0FEF761FF2368013B2360A1
:107EB0002368002B54D1364B1B68002B50D0354D16
:107EC0002B68002B5FD0344EDFF8E880334FDFF8AB
:107ED000E8904FF0010AEB68DC6804F1040B04F150
:107EE0001800FEF755FE5846FEF752FEE36A326868
:107EF00003EB83009342594608EB800088BF336050
:107F0000FEF71EFE3B68E26ADB6A9A4228BFC9F8A8
:107F100000A02B68002BDED1214B1A6812686AB3CF
:107F20001A68204BD268D26852681A601E4E3468B4
:107F300044B10125FFF70CFF08B1C9F80050013C1E
:107F4000F8D13460D9F8003053B1184B4FF080525B
:107F50005A6040BFBFF34F8FBFF36F8F012000E027
:107F600000200190FEF71EFF019803B0BDE8F08FDE
:107F70000F494FF4046008F05FFE94E7094B4FF09F
:107F8000FF321A60D2E7DFF83090CFE708D3002045
:107F9000FCD2002048D3002010D3002064D200205F
:107FA00068D2002040D3002004D3002000ED00E080
:107FB000F40A050070D200208CD300202DE9F84F80
:107FC0003C4C3D4E3D4DDFF80C91DFF80C81DFF865
:107FD0000CB14FF0805A14E0FEF7C8FEF368DF687A
:107FE000381DFEF7D5FD2B68013B2B602368013B54
:107FF0002360FEF7D7FE386BFEF74EFD3846FEF7DE
:108000004BFD2368002BE7D12D4B1B68012B06D9B4
:10801000CBF804A040BFBFF34F8FBFF36F8F08F0C2
:1080200013FED9F800301BBBD8F80030DB6A002BF8
:10803000E7D1234B1B68012BE3D8224922480B6868
:1080400002689B1A012BDCD9204A136801331360A4
:108050000A6803689A4226D3D9F8003083B1D8F869
:108060000030DB6A0BB9164B1B68FFF715FFB0E752
:10807000D8F80030DB6A002BC3D1114B1B68C0E776
:10808000D8F80030DB6A002BEFD10D4B1B68012BB9
:10809000EBD80C4B18680C4B1B68C01A0128E4D9AC
:1080A00008F044FAE1E70A4940F6EE4008F0C4FD62
:1080B000D2E700BF00D3002074D30020FCD2002000
:1080C00070D2002040D3002088D3002008D30020A5
:1080D000F40A050010D3002064D2002000ED00E077
:1080E000F8B5194B1B681BB1184B01221A60F8BD7B
:1080F000164A174E13603468164D04EB84039B0038
:10810000A200EB584BB9144FC4B1013C04EB8403FB
:10811000A20055F82330002BF6D0224405EB820153
:108120000D464B680D4A5B684B600835AB4204BF97
:108130005B684B60DB6813603460F8BD39464FF410
:10814000356008F079FDE0E708D300208CD30020EB
:1081500010D3002070D20020F40A050064D2002061
:1081600070B504462C4EFEF701FE002C3BD0251DB9
:108170002846FEF70DFDA36A1BB104F11800FEF7B7
:1081800007FD29462548264DFEF7DAFC94F84C30C9
:10819000012B04BF002384F84C30FEF703FE2B684C
:1081A00093B93368A34200D070BD2B6813B31D4B45
:1081B0001B685BBB1C4B4FF080525A6040BFBFF343
:1081C0004F8FBFF36F8F70BDFEF7D0FD174B1A684E
:1081D000126852B11A68164BD268D26852681A6097
:1081E000FEF7E0FDDDE73468C1E7114B4FF0FF32E9
:1081F0001A60F5E709490F4A09681268914201D1EE
:10820000336070BDBDE87040FFF76ABF0A4940F2B5
:10821000A26008F011FDCDE764D2002060D30020F9
:108220005CD3002008D3002000ED00E068D20020DD
:1082300040D30020FCD20020F40A050038B50D46DA
:10824000044658B1084B196820461831FEF788FCDF
:1082500028460121BDE83840FFF732BB03494FF4FF
:10826000366008F0E9FCEDE764D20020F40A05006E
:1082700070B50E461446054678B10B4B1968284672
:108280001831FEF75DFC002C21460CBF30464FF044
:10829000FF30BDE87040FFF713BB044940F68B3058
:1082A00008F0CAFCE9E700BF64D20020F40A050028
:1082B00030B5C368DC6883B0002C3CD004F11805ED
:1082C0002846FEF765FC1F4B1B683BBB211D08467B
:1082D0000191FEF75DFC1C4AE36A10680199834234
:1082E0001A4888BF136003EB830300EB8300FEF79B
:1082F00027FC174BE26A1B68DB6A9A4282BF154B68
:1083000001201860144B1A68126898BF002052B9F7
:10831000124B4FF0FF321A6003B030BD10482946AF
:10832000FEF70EFCE5E71A680C4BD268D26852687B
:108330001A6003B030BD0B4940F6BB3008F07CFC3E
:10834000BCE700BF08D3002010D3002070D200206B
:1083500064D200208CD3002068D2002040D30020BB
:1083600048D30020F40A0500034A044B12681B6836
:10837000C0E90023704700BF44D3002088D3002009
:10838000F0B50D4683B0044658B38DB3FEF7EEFC4E
:108390002B681A4A581C11681DD0DFF868C0D4E950
:1083A0000060DCF80070BE4208D0884206D8012088
:1083B0000190FEF7F7FC019803B0F0BD0F1ABB4225
:1083C0000BD95B1ADCF80010126803442B60002004
:1083D000C4E90012ECE70020EAE700232B6001204B
:1083E000E6E7074940F6264008F026FC002DCDD1EF
:1083F000034940F6274008F01FFCC7E788D3002058
:10840000F40A050044D30020014B01221A60704792
:108410008CD30020094B186818B9094B1B6813B19D
:10842000704700207047074A074B10681B68013BE4
:10843000984214BF01200220704700BF48D300209B
:108440008CD3002060D30020FCD20020054B1B6899
:1084500033B1054B1B68002B0CBF02200020704776
:10846000012070475CD3002008D3002070B504467B
:1084700082B0C8B11D4DC36A2A68D26A934215D230
:108480008269002A04DB2A68D26AC2F1070282618B
:10849000174E626903EB830306EB83039A420ED007
:1084A0002B68DB6AE362012002B070BD2B68006CB0
:1084B000DB6A98422CBF0020012002B070BD211D54
:1084C00008460191FEF764FB2A680A4BD06A1A68D5
:1084D0000199E062904200D9186000EB800006EB41
:1084E0008000FEF72DFB0120DEE700BF64D20020F4
:1084F00070D2002010D30020F0B110B51C4B1B68C7
:10850000834282B0044604D01A4940F63B7008F01A
:1085100093FB636C4BB1E16A226C013B9142636453
:1085200000D05BB1002002B010BD124940F63C7093
:1085300008F082FB636CEEE700207047211D0846BF
:108540000191FEF725FB236C0B4AE362C3F10700A0
:10855000A061106801998342084888BF136003EB4B
:10856000830300EB8300FEF7EBFA012002B010BD9D
:1085700064D20020F40A050010D3002070D200203D
:10858000B8B130B5436C83B00D4604465BB1216C85
:10859000E36A8D4238BF0D46AB4202D0626C012ABD
:1085A00008D003B030BD1B4940F68A7008F044FB88
:1085B000EDE77047184A1268A24223D0A269E5622B
:1085C000002AA4BFC5F10705A561144D626903EB3C
:1085D000830305EB83039A42E3D1211D08460191F1
:1085E000FEF7D6FA0E4BE06A1A680199904288BFEE
:1085F000186000EB800005EB800003B0BDE8304060
:10860000FEF79EBA034940F6A57008F015FBE36A31
:10861000D4E700BFF40A050064D2002070D2002025
:1086200010D30020044B1A681AB119684A6C013241
:108630004A641868704700BF64D2002070B5184CB7
:1086400006460D46FEF792FB23689B6C23B9236810
:10865000012183F84C10ADB9FEF7A4FBFEF786FBB1
:1086600023689D6C1DB123684EB100229A64236873
:10867000002283F84C20FEF795FB284670BD6A1E49
:108680009A64F4E72846FFF71BF9064B4FF0805237
:108690005A6040BFBFF34F8FBFF36F8FDCE700BF5F
:1086A00064D2002000ED00E02DE9F043224C83B0BD
:1086B0000E46804615469946FEF758FB216891F80C
:1086C0004C1002290BD023689F6C27EA08079F648F
:1086D0002368012183F84C10B9F1000F18D1FEF77F
:1086E00061FBFEF743FB15B123689B6C2B6023688D
:1086F00093F84C30022B18D0002023680190002200
:1087000083F84C20FEF74EFB019803B0BDE8F083E0
:108710004846FFF7D5F8094B4FF080525A6040BFEA
:10872000BFF34F8FBFF36F8FD9E72368996C21EAAE
:10873000060601209E64E0E764D2002000ED00E020
:10874000F0B50E4683B017461D460446002862D099
:10875000FEF70CFB0DB1A36C2B6094F84C3002219A
:108760007A1EDBB284F84C10032A06D8DFE802F048
:10877000480E0402022B4CD0A664012B0CD0012021
:108780000190FEF70FFB019803B0F0BDA26C012B26
:1087900002F10102A264F2D1211D08460191FEF707
:1087A000F7F9204AE36A1068019983421E4888BF9E
:1087B000136003EB830300EB8300FEF7C1F9A36AA8
:1087C00023B11A4941F20E2008F036FA184B1A6804
:1087D0001268CAB11A68174BD268D26852681A6018
:1087E000154BE26A1B68DB6A9A42C8D9134B4FF0FB
:1087F00080525A6040BFBFF34F8FBFF36F8FBEE709
:10880000A16C0E43A664B8E70A4B4FF0FF321A6022
:10881000E6E70020B4E7054941F2D61008F00CFA6B
:1088200096E700BF10D3002070D20020F40A0500A4
:1088300068D2002040D3002064D2002000ED00E088
:108840002DE9F0410F4682B015461E460446002829
:108850005FD0FEF7BDFAEFF31188A02383F31188F0
:108860000EB1A36C336094F84C3002216A1EDBB267
:1088700084F84C10032A06D8DFE802F0310D040218
:10888000022B44D0A764012B0BD0012088F3118860
:1088900002B0BDE8F081A26C012B02F10102A264DA
:1088A000F3D1A36A23B11F4941F2882008F0C4F92B
:1088B0001D4B1B68BBB11D4804F11801FEF740F9C0
:1088C0001B4BE26A1B68DB6A9A42DED9089B33B312
:1088D0000120186088F3118802B0BDE8F081A16C16
:1088E0000F43A764CFE7211D08460191FEF750F919
:1088F000104AE36A1068019983420F4888BF1360E9
:1089000003EB830300EB8300FEF71AF9D8E700209E
:10891000BCE7044941F2412008F08EF999E7074B82
:10892000D6E700BFF40A050008D3002048D3002092
:1089300064D2002010D3002070D200208CD30020FD
:1089400070B50D4682B00446002845D0FEF740FAC7
:10895000EFF31186A02383F31188022394F84C20AF
:1089600084F84C30A36C012A03F10103A36403D003
:1089700086F3118802B070BDA36A23B11B4941F28E
:10898000E22008F059F91A4B1B688BB1194804F121
:108990001801FEF7D5F8184BE26A1B68DB6A9A42A9
:1089A000E6D9FDB101232B6086F3118802B070BDBA
:1089B000211D08460191FEF7EBF8104BE06A1A689A
:1089C0000199904288BF18600D4B00EB800003EBCB
:1089D0008000FEF7B5F8DEE7044941F2BC2008F05C
:1089E0002BF9B3E7074B01221A60C1E7F40A05002F
:1089F00008D3002048D3002064D2002010D30020E8
:108A000070D200208CD30020F8B5104CFEF7AEF9E0
:108A100025681DB1BDE8F840FEF7C4B90C4F0D4EF6
:108A20003846FEF77DF83046FEF77AF80A4B1F60AD
:108A30000A4B2A46102104201E60FEF719FB206015
:108A40000028E7D00649FEF7FDFEE3E7C4D3002087
:108A500098D30020ACD3002090D3002094D30020E2
:108A60004C0B050000B583B0FFF7CEFF0C4B1B6825
:108A70006BB10C4A0C490D480223CDE900320023AA
:108A80005022FEF757FF10B103B05DF804FB084910
:108A90004FF4887008F0D0F8002003B05DF804FBB4
:108AA000C4D30020C8D30020A40B0500F58B02001E
:108AB000540B05002DE9F041074628200D4690464D
:108AC0001E46FDF74FFF044658B16DB1FFF79CFFFE
:108AD000069B2760C4E9065826626362201DFEF7E4
:108AE0002BF82046BDE8F081024940F2691008F0F9
:108AF000A3F8EBE7540B05002DE9F0410E4684B0D6
:108B0000174698460546E0B1154C206870B1052E11
:108B1000CDE9006702950CDCFFF798FC022816D01F
:108B2000002320681A466946FEF7FCFA04B0BDE847
:108B3000F081002342466946FEF7CAFB04B0BDE857
:108B4000F081084940F2831008F076F8DCE72068ED
:108B50000A9A00236946FEF7E5FA04B0BDE8F08101
:108B6000C4D30020540B05002DE9F0431E4EDFF85E
:108B7000808083B04FF000090CE0DB68DC681F6880
:108B8000251D2846FEF704F8636A20469847E369E6
:108B9000012B0AD033681A68002AEED1134A1168F3
:108BA0003160136003B0BDE8F083A26907EB020CEB
:108BB00067454FF0000320463A46294606D2306802
:108BC000C4F804C02461FDF7CBFFE3E7CDF80090C3
:108BD0001946FFF791FF0028DCD1414640F26F3083
:108BE00008F02AF8D6E700BF90D3002094D30020E5
:108BF000540B05002DE9F04F884E894D894CDFF864
:108C0000308289B03368D3F80090B9F1000F00F0DA
:108C10009480DB68D3F80090FFF768F8FFF76EF8F0
:108C20002A688242824600F299808145286040F29B
:108C3000A48000222068A9EB0A01FEF719FEFFF7C5
:108C40002BF940B94FF08053C8F8043040BFBFF350
:108C50004F8FBFF36F8F2068002204A9FEF7DEFB61
:108C60000028CFD0049B002B5FDB069F7B6913B1EC
:108C7000381DFDF78DFFFFF741F82A6890428146C5
:108C800073D3049AC5F80090092AE4D801A353F8D5
:108C900022F000BFBD8C0200BD8C0200BD8C020022
:108CA000578C0200078D0200238D0200BD8C02004C
:108CB000BD8C0200578C0200078D0200059AB9692D
:108CC0003F6150182CBF01230023484578604FD8DE
:108CD000A9EB0203994275D87B6A38469847FB692D
:108CE000012BB8D1BB69059A1A440023009338467A
:108CF0001946FFF701FF0028ADD14B4940F2FE2095
:108D000007F09AFFA7E7059ABA61002A4BD04A44B8
:108D10004A457A603F6155D93068391DFDF720FF1B
:108D200099E73846FDF7B8FE95E7059BDDE90601B2
:108D30009847049B002B8EDB97E7FEF7D7FFFEF7E3
:108D4000DDFF2A689042824608D3384BC5F800A060
:108D50001A681268B2FA82F252096BE7FFF704FF51
:108D6000C5F800A0FFF798F875E7FFF7FDFE88E764
:108D70004A45D1D9002BAFD0CEE7FFF78DF8326846
:108D8000D268D2F80CB00BF1040108460391FDF74C
:108D9000FFFEDBF81C000399012819D0DBF8243012
:108DA0005846984757E7204940F2153007F044FFEE
:108DB000BA693F6102EB090149457960ACD8002AE4
:108DC0003FF449AF194B391D1868FDF7C9FE42E75A
:108DD000DBF81800CBF810B009EB00035345CBF8D3
:108DE000043003D93068FDF7BBFED7E7AAEB0903CF
:108DF00098420ED8002300934A4619465846FFF77A
:108E00007BFE0028CAD1084940F2E51007F014FFA4
:108E1000C4E7064B1868FDF7A3FEBFE790D3002018
:108E2000C0D30020C4D30020540B050094D30020ED
:108E300000ED00E010B5044682B058B1FDF796FF92
:108E40006069003818BF01200190FDF7ABFF019861
:108E500002B010BD024940F2B73007F0EDFEEDE779
:108E6000540B050010B5044682B040B1FDF77EFFFB
:108E7000206A0190FDF796FF019802B010BD0349EA
:108E80004FF4737007F0D8FEF0E700BF540B0500F5
:108E90002DE9F0410424144D144FDFF85480292C9F
:108EA00005F1030622460ED81F2C11D84FF0A04022
:108EB00001239340AE42C0F8083512D015F8014B9B
:108EC000292C2246F0D9414640F2CD1007F0B4FEDD
:108ED00004F01F02384601239340AE42C0F8083523
:108EE000ECD1BDE8F08100BF250C05000003005067
:108EF000F40B0500032810B504461DD8114B1C5D6A
:108F0000292C204604D81F2C07D84FF0A04107E099
:108F10000D4940F2CD1007F08FFE0C4904F01F0000
:108F2000D1F804350122824022EA03001340C1F83F
:108F30000805C1F80C3510BD05495F2007F07CFE1F
:108F4000DCE700BF240C0500F40B05000003005013
:108F5000AC0B0500C2072DE9F843044603D4A30770
:108F60002FD4BDE8F8830425194EDFF86880DFF8B8
:108F70006890292D06F103072B460FD81F2D12D814
:108F80004FF0A04203F5E0730320B74242F82300FC
:108F900013D016F8015B292D2B46EFD9494640F234
:108FA000CD1007F049FE05F01F03424603F5E073BC
:108FB0000320B74242F82300EBD1FFF769FFA30774
:108FC000CFD54FF0A0430C22C3F80827BDE8F883A3
:108FD000250C050000030050F40B050042DF70472C
:108FE00044DF704700B1704710B5074CA3680122F9
:108FF00062703BB1D3E900230020A2609847A368C8
:10900000002BF7D110BD00BFCCD3002010B580B12C
:10901000012800D010BD0E4C2369A070002BF9D0A0
:10902000D3E900230120226198472369002BF7D15F
:10903000F0E7074CA36801226270002BEAD0D3E965
:1090400000230020A2609847A368002BF7D110BD31
:10905000CCD30020014B1878704700BFCCD3002040
:1090600038B50C4C237813B18525284638BD0A48FD
:109070006360A3602361E36000F066F9054605F0D4
:109080008FF818B101232370284638BD00F072F91B
:10909000F8E700BFCCD300200D90020030B5234D7F
:1090A0002B7883B00446002B33D0AB7803F0FF025B
:1090B000ABB114B163680120984700230DF107009C
:1090C0008DF80730F7F70CFAEB689DF807000133CD
:1090D000EB60F7F73BFAEB6803B303B030BD0DF17B
:1090E00007008DF80720F7F7FBF964B12A6942B150
:1090F000944208D0134601E09C4204D01B68002B28
:10910000FAD122602C61EB68002BDDD100F05AF916
:10911000DAE70749E92007F08FFDC6E7044940F286
:10912000051003B0BDE8304007F086BDCCD3002069
:10913000280C050010B51C4C237882B09BB1E36865
:10914000CBB100230DF107008DF80730F7F7C8F910
:10915000E368013BE360E3689BB19DF80700F7F724
:10916000F5F902B010BD11494FF4857007F064FDA8
:10917000E368002BE5D10D4940F20B1007F05CFDD0
:10918000DFE705F00DF848B900F03CF900239DF841
:109190000700A370F7F7DAF902B010BD0349792090
:1091A00007F04AFDF0E700BFCCD30020280C0500F3
:1091B00010B5012882B004D003281DD0B0B102B090
:1091C00010BD174C00230DF107008DF80730F7F79D
:1091D00087F9237803B3E3689DF80700012213445D
:1091E000E360A270F7F7B2F902B010BD0D4B012297
:1091F000C3F8802002B010BD094B1B7833B100F0DA
:10920000B9F802B0BDE81040FFF794BF064940F23C
:10921000452007F011FDF2E7FFF722FFDBE700BF73
:10922000CCD3002000E100E0280C050030B5274D2C
:109230002B7883B00446002B36D06B7803F0FF0206
:10924000ABB114B163680020984700230DF107000B
:109250008DF80730F7F744F96B689DF80700013384
:109260006B60F7F773F96B6823B303B030BD0DF192
:1092700007008DF80720F7F733F964B1AA6842B107
:10928000944208D0134601E09C4204D01B68002B96
:10929000FAD12260AC606B68002BDDD104F080FF56
:1092A00080B900F0C5F8D7E709494FF4937007F08B
:1092B000C3FCC2E706494FF4A17003B0BDE83040DB
:1092C00007F0BABCFFF78AFEC6E700BFCCD3002088
:1092D000280C050000B5144B1B7883B083B104F053
:1092E0005FFFB0B94FF08043D3F80C0400F00110D9
:1092F000A0F10110B0FA80F0400903B05DF804FB62
:109300000A4940F2551007F097FC04F049FF002885
:10931000E8D001A8FFF764FE0198003818BF0120CB
:1093200003B05DF804FB00BFCCD30020280C05007F
:10933000034653E8000F00EA010243E8002C9CF0CA
:10934000000FF6D1704700BF10B5044640B1074A80
:10935000107918B901211460117110BD852010BD5C
:109360000349A42007F068FCF1E700BFE0D3002028
:10937000880C050008B5104B1B794BB10F4B1A68D0
:10938000D2070DD54FF080430122C3F8182508BD40
:109390000B49BD2007F050FC084B1A68D207F1D4E6
:1093A0000122C02183F800131A604FF0804301228C
:1093B000C3F8182508BD00BFE0D3002000E100E09D
:1093C000880C050000B50D4B1B7983B083B14FF0BD
:1093D00080430022C3F80421D3F8042101920198AC
:1093E00002210122C3F804139A6003B05DF804FB64
:1093F0000349EA2007F020FCE9E700BFE0D30020A2
:10940000880C050008B5084B1B7943B14FF080422A
:109410000123D360D2F81834DB03FBD408BD034921
:10942000F72007F009FCF1E7E0D30020880C0500E5
:1094300000B50C4B1B7983B07BB14FF08043002209
:10944000C3F80021D3F80021019201990122C3F849
:1094500004231A6003B05DF804FB0349FF2007F002
:10946000EBFBEAE7E0D30020880C050010B54FF0D5
:10947000804382B0D3F8002162B10020C3F800011C
:10948000D3F8002100920F4A009C0121C3F8081371
:10949000136898474FF08043D3F8042182B100222B
:1094A000C3F80421D3F804210192064A019802214D
:1094B000C3F808131368012002B0BDE81040184734
:1094C00002B010BDE0D3002030B51F4C94F86430DA
:1094D00083B0ABBB04F12F03204604F15901FF22F6
:1094E00003F8012F8B42FBD14FF0FF3222600123A2
:1094F000072B88BFE11803F1010340F8042F88BF50
:1095000081F852200C2BF3D1062200210F4807F0DE
:1095100046FF0F4A0F4BC02182F80613002040215E
:109520001160C3F87C01D3F87C210192019D4FF0BA
:109530000042012184F86410C3F8042303B030BD55
:10954000082003B030BD00BFE8D3002046D400207F
:1095500000E100E000600040034B93F86400003835
:1095600018BF0120704700BFE8D3002029282DE94B
:10957000F84306460F46914641D8DFF8548108EB80
:10958000060393F93030002B02DB0820BDE8F88396
:10959000BA78C2F34002002A0CBF0824002408EB6A
:1095A0008403A3F104030CBF0C21082102E0013461
:1095B000A14253D953F8045F0135F8D108EB0603F3
:1095C00065B248F8249083F830501AB908EB0403C8
:1095D00083F85260B878430731D4C20715D5292ED5
:1095E0005CD81F2E5FD832464FF0A04303EB8203B6
:1095F000D3F8002722F00202C3F8002714E0304914
:1096000040F2072007F018FBB7E7292E97F80190E2
:109610004DD81F2E50D833464FF0A04103F5E073CC
:109620004FEA890241F823202649F20806F0070C88
:10963000885C012303FA0CF303438B54B87810F0D1
:1096400002000ED1083D48FA85F83A7898F85A3069
:1096500043EA821388F85A30BDE8F8830420BDE855
:10966000F883A40004F1804404F5C0443A78D4F8A7
:10967000101521F44F3121F44071C4F81015330254
:109680001204D4F8101502F4403203F47C5313434F
:109690000B43C4F810350020BDE8F8830A4940F2B6
:1096A000CD1007F0C9FA094B06F01F029EE70649E4
:1096B00040F2CD1007F0C0FA044906F01F03ADE7F1
:1096C000E40C050046D40020F40B05000003005014
:1096D000E8D30020F0B5292883B004460F4653D8BC
:1096E000434E351995F93030002B58DB072B22DD1E
:1096F000083B46FA83F393F85A309B09032B5FD05B
:10970000012B0CBF4FF400354FF44035292C4ED8B7
:109710001F2C51D84FF0A04000EB8404D4F8003740
:1097200023F44033C4F80037D4F800372B43C4F88F
:10973000003703B0F0BDDAB2072AFAD89A0002F176
:10974000804202F5C042D2F8101541F00101C2F882
:10975000101503F1400252B2920092B202F180421F
:1097600002F5C0420021116012680192019A002F97
:10977000DFD056F82320002ADBD01E49012202FA4E
:1097800003F3C1F80433D4E7194E1B49351940F2ED
:10979000372007F051FA95F93030002BA6DA164938
:1097A0004FF40E7007F048FA95F930309EE71349F0
:1097B00040F2CD1007F040FA114804F01F04ABE767
:1097C000292C0CD81F2C0FD825464FF0A043D3F8D6
:1097D0001035EB4003F0010302331D0496E70749FF
:1097E00040F2CD1007F028FA054B04F01F05EEE714
:1097F000E8D3002000600040E40C0500F40B0500F5
:1098000000030050292838B504462FD8254D25449B
:1098100095F93030002B34DB072B14DCDAB2072A41
:1098200010D89A0002F1804202F5C0421E4CD2F8D4
:109830001005012120F0010001FA03F3C2F8100520
:10984000C4F8083338BD292C23D81F2C26D84FF054
:10985000A04000EB8404D4F8003723F44033C4F86C
:109860000037D4F80037C4F8003738BD0D4D0F4924
:1098700025444FF4197007F0DFF995F93030002BCB
:10988000CADA0A4940F2652007F0D6F995F9303076
:10989000C2E7074940F2CD1007F0CEF9054804F0C1
:1098A0001F04D6E7E8D3002000600040E40C050068
:1098B000F40B050000030050292810B5044609D810
:1098C0001F2811D84FF0A043D3F81005E04000F056
:1098D000010010BD09494FF4227007F0ADF90849A5
:1098E00040F2CD1007F0A8F9064BD3F8100504F0AC
:1098F0001F04E04000F0010010BD00BFE40C0500B3
:10990000F40B0500000300502DE9F04F002216462D
:109910008BB0CDE904227C4B7C4C7D48012235463E
:1099200004E0043383424FEA420211D0196801294E
:10993000F7D1D4F804131142F3D01D6019680291D5
:109940000433834246EA020602994FEA4202EDD10D
:109950006E4BD3F87C21012A21D0F3B2D3B16D4FE5
:1099600000240125A30003F180432E4203F5C043E8
:109970004FEA45050BD0D3F8100557F82420D3F84B
:109980001015C0F30520C1F3014102B19047013425
:10999000082CE7D1002E16DB0BB0BDE8F08F0022BB
:1099A000C3F87C21D3F87C3103934FF0A042039B92
:1099B000D2F81025584B0492D3F810250592F3B233
:1099C000002B40F09E804FF0FF33DFF85891CDE937
:1099D00008330022CDE90622A9F15E0200234F4D93
:1099E0009B4615F9010B431C2DD00AABC0F3C201F5
:1099F00003EB010800F0070418F8083C0126A64014
:109A00003342C7B200F03F041DD01019BB0990F9D2
:109A1000300052F820A0BAF1000F59D0032B59D0D2
:109A2000292C49D81F2C4FD827464FF0A04101EBD5
:109A3000870718F8180CD7F800173042C1F3014116
:109A40001AD103294ED0A945CBD15B46002BA3D018
:109A50004FF0A0430498D3F810352F499842D1F81D
:109A6000101502D10598884296D0CDE90431079BA4
:109A70000993069B0893B1E70229E4D1032B07D091
:109A8000BAF1000FDFD019462046D047214ADAE765
:109A9000292C4FF440362BD8D7F8001721F4403149
:109AA000C7F80017D7F800170BF1010B0E435FFA48
:109AB0008BFBC7F80067E3E71949019340F2CD102B
:109AC00007F0BAF8019B134A134907F01F07AEE7E6
:109AD000032BB8D106A80DF1180C405C30430CF8EC
:109AE00001009DE7032BCBD1292C4FF40036D3D9AD
:109AF0000B49019340F2CD1007F09EF8054A019BF7
:109B0000CAE746F000462AE70061004000600040D6
:109B100020610040E8D300200003005042D4002020
:109B2000F40B050046D400202DE9F04F0024DFF8A7
:109B3000A4B085B007468A46904600F5A0764FF45B
:109B40008035A146D7F804332B420ED03368E0B2FB
:109B50005BB1C7F84853C7F80853C6F8009033689C
:109B600001935BF82A30019A98470134A0454FEAE7
:109B7000450506F10406E5D1D7F80433DA0702D526
:109B8000D7F80031C3B9D7F804339B0711D5D7F8FC
:109B9000043173B10023C7F80431D7F804210D4B09
:109BA0000392039A53F82A30052005B0BDE8F04F20
:109BB000184705B0BDE8F08F0023C7F80031054B0A
:109BC000D7F80021029253F82A30029A04209847CD
:109BD000D9E700BF50D40020024803220021FFF73C
:109BE000A3BF00BF00B00040024804220121FFF7DC
:109BF0009BBF00BF0040024030B50023C0F81831C1
:109C000083B0D0F818210B680192019A0C46002B02
:109C100038D0E57FFF2D0CD0A37FABB1292D28D8FC
:109C20001F2D2BD84FF0A042012303FA05F5C2F8EF
:109C30000C5500232046237250F8082B6168637787
:109C400003B0BDE830401047292D09D81F2D0CD88E
:109C50004FF0A042012303FA05F5C2F80855E8E7E2
:109C60000B4940F2CD1006F0E7FF0A4A05F01F0548
:109C7000F0E7074940F2CD1006F0DEFF054A05F097
:109C80001F05D1E704494FF4277006F0D5FFC0E760
:109C9000F40B050000030050540D05000348D0F8F4
:109CA000183113B10249FFF7A7BF704700300040D9
:109CB00058D400200348D0F8183113B10249FFF7F7
:109CC0009BBF7047003002407CD400200348D0F88E
:109CD000183113B10249FFF78FBF704700F00240FF
:109CE000A0D400202DE9F04F83B080469346009326
:109CF0000C46002900F04B8198F80450DFF848A387
:109D000005EBC5090AEB89020192137F4FEA890925
:109D1000EE00002B40F01281C54BD8F8007053F8CC
:109D20002510384602F01CFA0346002840F05981FD
:109D3000DDE900124AF809B05160227B94F80090E6
:109D4000012A484640F2DE80B9F1290F00F2FB807B
:109D5000B9F11F0F4A4600F2BC814FF0A04C01211F
:109D60008140292ACCF8081500F2DD801F2A00F274
:109D7000E1804FF0A04102F5E0724FF0010B41F895
:109D800022B094F80190B9F1FF0F00F0FD80B9F115
:109D9000290F00F25B81B9F11F0F00F29C814FF097
:109DA000A0410BFA09F2C1F80C254A4602F5E0720F
:109DB000032041F8220094F802B0BBF1FF0F00F03D
:109DC000E080BBF1290F5A4600F25781BBF11F0F0B
:109DD00000F28A8159464FF0A04001F5E0714FF042
:109DE000040C40F821C071190AEB810181F820B000
:109DF00094F803B081F81FB0BBF1FF0F27D0217991
:109E0000002900F0C980BBF1290F00F20081BBF1ED
:109E10001F0F00F20581DE4659464FF0A04C01208D
:109E200000FA0EF02929CCF80C0500F2C8801F2991
:109E300000F2CE804FF0A04C01F5E07170190AEBF2
:109E400080004FF0030E4CF821E0217981772178D2
:109E5000C7F80815C7F80C95C7F81025A268C7F809
:109E60002425627B217B003A18BF0122022900F0E1
:109E7000C380032900F0BD80012900F0B780C7F836
:109E800054257219A1795AF82220C7F8C015002A62
:109E900000F0A3804022C7F804230722C7F800255A
:109EA0006779D8F80010BA1E012A4FEA113941F338
:109EB000073B03D97A1F022A00F2FF8058464C461E
:109EC000BBF1000FC0F29B800BF160417A0101F5FC
:109ED0006141D2B281F800235649400904F01F04C1
:109EE000012202FA04F441F8204035440AEB850AC5
:109EF0000021012218468AF81D108AF81C2003B0A0
:109F0000BDE8F08FB9F1290F2CD8B9F11F0F4A46DF
:109F100000F2EC804FF0A04C01218140292ACCF8BE
:109F20000C157FF623AF4449009340F2CD1006F0A4
:109F300083FE009B414909F01F021CE708231846D5
:109F400003B0BDE8F08F3C49009340F2CD1006F01D
:109F500073FE2178009B0A4609F01F00DFF8DCC081
:109F60008946FCE63449009340F2CD1006F064FEC9
:109F70002178009B0A4609F01F00DFF8C0C089461F
:109F8000CAE74FF0FF322EE74FF0FF3913E72C49B5
:109F9000AD2006F051FEAFE6BBF1290F7CD8BBF136
:109FA0001F0FDE46594600F2A3804FF0A04C01205F
:109FB00000FA0EF02929CCF808057FF638AF1E49C3
:109FC00040F2CD10CDE9002306F036FEDDE9002396
:109FD000DFF868C00BF01F012EE70722C7F8002545
:109FE00083E71123184603B0BDE8F08F42F0020268
:109FF00045E742F0060242E742F004023FE711491A
:10A0000009F00F097A01D2B201F8092064E70A4980
:10A0100040F2CD10CDE9002306F00EFEDDE900236D
:10A020000BF01F0E94F803B0DFF810C05946F6E6A7
:10A03000E00D050000E100E0F40B05000003005016
:10A04000540D050014ED00E058D400202949019377
:10A0500040F2CD1006F0F0FD09F01F02264B0092F1
:10A060000BFA02F1C3F80C1540F2CD10214906F0AD
:10A07000E3FDDDE90023204998E640F2CD101D49BB
:10A08000CDE900B306F0D8FDDDE90023A0780BF0A0
:10A090001F0183461848A0E6164940F2CD10CDE9CD
:10A0A000002306F0C9FDE078DDE9002301460BF04E
:10A0B0001F0EDFF844C0834679E76B200F490093F9
:10A0C00006F0BAFDD8F80000009B040B40F30730FF
:10A0D000F6E6494640E7084809F01F020BFA02F18C
:10A0E000C0F80C15014661E65846D0E7494642E7FC
:10A0F0005846DCE7F40B050000030050A80D0500EE
:10A100002DE9F8430479354E04EBC40306EB8303D1
:10A1100080461B7F4FEAC409002B4DD009EB040396
:10A1200006EB830056F82330D8F8005083B145F38E
:10A1300007335B0920332A4FC5F30432012101FAAA
:10A1400002F247F82320274BC5F80833437F9BB919
:10A1500009EB040306EB830393F82070FF2F1ED155
:10A1600028464C44002706EB8406C5F8007502F02B
:10A1700029F83777BDE8F8836961D5F80431002BF9
:10A18000FBD009EB040306EB830300225A7709EBAB
:10A19000040306EB830393F82070FF2FE0D0292FF0
:10A1A00010D81F2F284614D84FF0A04207F5E077AB
:10A1B000022342F82730D4E70B4940F2611006F041
:10A1C0003BFDABE740F2CD10084906F035FDD8F86D
:10A1D0000000074A07F01F07E8E700BF58D4002037
:10A1E00000E100E052010800540D0500F40B0500E9
:10A1F000000300502DE9F0470579944F05EBC503A6
:10A2000007EB830382B01B7F80460C4616464FEA5D
:10A21000C509002B00F0CA802368002B00F0CF8016
:10A22000A368002B00F0AB8098F80430022B04D810
:10A23000E368B3F5803FC0F0AA80854940F235203D
:10A2400006F0FAFC09EB050307EB83029B00517F44
:10A25000002940F0BE80FB5823B116F0140F04BF54
:10A260000123537709EB050C07EB8C0C94E80F00E6
:10A270009CF81FA00CF10C0EBAF1FF0F8EE80F0036
:10A2800012D09CF81E30002B6BD0BAF1290F00F2CF
:10A29000AD80BAF11F0F00F2AE804FF0A042012353
:10A2A00003FA0AF3C2F80835226822B102F06043CB
:10A2B000B3F1005F71D1A16821B101F06043B3F146
:10A2C000005F6AD1D8F800306068C3F84425E268BE
:10A2D000C3F84805C3F83415C3F838250022C3F87D
:10A2E0001821D3F818210192019A16F0010218BF23
:10A2F0000122C3F8502516F0020218BF0122C3F84C
:10A30000402532075CBF01221A6109EB050257F8AC
:10A31000222062B116F004004FF040021ABFC3F8C9
:10A3200008230020C3F8042302B0BDE8F087D3F867
:10A330001821002AFBD04D4407EB8507FC7FFF2C3A
:10A3400070D0BB7F002B60D0292C6DD81F2C70D80B
:10A350004FF0A042012303FA04F4C2F80C45002098
:10A36000E2E7BAF1290F38D8BAF11F0F3AD84FF007
:10A37000A042012303FA0AF3C2F80C3594E7E3681C
:10A38000002B3CD198F80430022B3FF656AF63689F
:10A39000B3F5803FBFF451AF54E74D4407EB850759
:10A3A000002310207B7702B0BDE8F087284940F2F7
:10A3B000322006F041FC2368002B7FF431AF636844
:10A3C000002B3FF42DAF224940F2332006F034FC3D
:10A3D00026E7112002B0BDE8F0871E4940F2CD10FB
:10A3E00006F02AFC1C4A0AF01F0AC2E7194940F28B
:10A3F000CD1006F021FC184A0AF01F0A4FE7144955
:10A400004FF40D7006F018FC0EE7292C15D81F2C00
:10A4100018D84FF0A042012303FA04F4C2F808450B
:10A42000002081E700207FE70A4940F2CD1006F0C6
:10A4300003FC094A04F01F048CE7064940F2CD10E2
:10A4400006F0FAFB044A04F01F04E4E758D40020A5
:10A45000540D0500F40B05000003005070B5164EB6
:10A46000164D3468A5FB04230446154A980CB2FB2C
:10A47000F0F3A3420ED300FB04F4B4F5000F16D2A0
:10A480004FF0E02291699369CB1A23F07F439C42FD
:10A49000F9D870BD9B200B4906F0CEFB3068A5FBB8
:10A4A0000030800C00FB04F4B4F5000FE8D305493C
:10A4B000902006F0C1FBE3E72826002083DE1B4343
:10A4C000FFFF7F00EC0D05002DE9F041114D124F0B
:10A4D000DFF8488082B000244FF480362B6806FAFB
:10A4E00004F201347BB1D7F8043305F5E0401A4299
:10A4F0004FF0000180B206D029602B680193D8E9A3
:10A500000031019A9847042C05F10405E6D102B008
:10A51000BDE8F0814091004000900040C4D400208C
:10A520002DE9F041114D124FDFF8488082B0002430
:10A530004FF480362B6806FA04F201347BB1D7F869
:10A54000043305F5A0401A424FF0000180B206D056
:10A5500029602B680193D8E90331019A9847062CAA
:10A5600005F10405E6D102B0BDE8F08140B101403B
:10A5700000B00140C4D40020F0B491F82F308AB06C
:10A58000B3B9D0F824214C6B8D6A002A34D0C0F8BE
:10A590002431D0F8243104930123049A436181F8D3
:10A5A0002F30AC4217D0012318460AB0F0BC7047D8
:10A5B0000023C0F82431D0F824210392039AC0F874
:10A5C0001C31D0F81C210292029AC0F80831D0F850
:10A5D00008310193019BD0F80431002BE3D0002314
:10A5E000C0F80431D0F804210992099A81F82D307D
:10A5F00018460AB0F0BC7047D0F81C61A6B1C0F88C
:10A600001C21D0F81C610596059ED0F82461002E0F
:10A6100037D0C0F82421D0F8243106930123069ABC
:10A62000436181F82F30BCE7D0F80821002AB8D068
:10A63000C0F80861D0F808210792079AD0F82421C1
:10A6400052B1C0F82461D0F8243108930123089A4C
:10A65000436181F82F30A4E74A6B8E6AB242A0D2E0
:10A660004E6AD0F81875B7544A6B8E6A013206F1FB
:10A67000FF3C62454A6320D0B24225D001230362E9
:10A680008FE74A6B8E6AB24206D24B6A9B5CC0F877
:10A690001C3501324A6384E791F82C202AB90A6AF2
:10A6A000520605D4012343617BE70122C2617BE7A7
:10A6B0000122C26181F82D2076E70F6A7F060BD454
:10A6C0000223C0F80032D9E70A6A52067FF569AF63
:10A6D000022281F82D2067E7B242CFD1F8E700BF10
:10A6E00010B586B000233A4A0192C0F80431D0F880
:10A6F00004210592059AC0F82431D0F8242104924F
:10A70000049AC0F81C31D0F81C210392039AC0F8B7
:10A7100008318A6A0446D0F808010290012A02989A
:10A720004B6381F82F3014D00123C4F80032012389
:10A73000236291F82D20022A18BF23600B687BB199
:10A7400040F286238B608B68C4F80433002006B087
:10A7500010BD0B6A5B06E7D40223C4F80032E6E7BB
:10A76000019B002B06DC26E0019B013B0193019B32
:10A77000002B04DD2046FFF7FFFE0028F4D191F8FE
:10A780002F30C3B1D4F8C434C4F8C4349BB113F02F
:10A79000010F18BF4FF4024048F2012208BF032006
:10A7A00013F0020F18BF104648F2022213F0040FF4
:10A7B00018BF104600E00020019B002BC7DC0022E0
:10A7C0000523C4F800250320C4F80035BFE700BF07
:10A7D000A086010010B586B00023434A0192C0F85C
:10A7E0000431D0F804210592059AC0F82431D0F83C
:10A7F00024210492049AC0F81C31D0F81C21039241
:10A80000039AC0F80831D0F80821029204460122C8
:10A810000298C4F800324B6381F82F30226291F81D
:10A820002D30934218BFA2604B6B8A6A934210D2BC
:10A83000486A5A1CC35CC4F81C354A630B68CBB128
:10A8400040F286238B608B68C4F80433002006B086
:10A8500010BD91F82C30002B43D10B6A13F0400F40
:10A860004FF0010316BFE361636181F82D300B687F
:10A87000002BE5D1019B002B06DC26E0019B013B70
:10A880000193019B002B04DD2046FFF775FE002895
:10A89000F4D191F82F30C3B1D4F8C434C4F8C4341F
:10A8A0009BB113F0010F18BF4FF4024048F2012290
:10A8B00008BF032013F0020F18BF104648F202220F
:10A8C00013F0040F18BF104600E00020019B002B7E
:10A8D000BDDC00220523C4F800250320C4F80035A0
:10A8E000B5E70123E361A9E7A086010030B5384C44
:10A8F000236887B0002B5AD035494FF04020FFF72E
:10A900003BFEE0B994F82F30DBB9227B901E012882
:10A9100035D9304D00238DF800300FCD0DF1040CEA
:10A92000ACE80F002B68CCF80030236A00225907EE
:10A9300084F8302003D4D4E900316846984707B042
:10A9400030BD01F10C0EBEE80F000DF1040CACE8B7
:10A950000F004FF04025DEF80030CCF80030D5F87D
:10A96000C434C5F8C4349A0705D45D0725D502233D
:10A970008DF80030D9E701238DF80030D5E7656AFE
:10A98000A0698542C5D1E06960626069A062206A01
:10A9900084F82D30C0F34010032A84F82C004FF0C7
:10A9A000402010D007B0BDE83040FFF799BE0A49FB
:10A9B00040F2912006F040F99EE7D80744BF0323F8
:10A9C0008DF80030B1E707B0BDE83040FFF702BFB7
:10A9D000DCD40020E8D400204C0E050010B5084C53
:10A9E000D4F8003182B04BB1064B1B689847002366
:10A9F000C4F80031D4F800310193019B02B010BDBE
:10AA0000000001401CD5002070B50D46044600280A
:10AA100034D0002D38D0214B21491A780D605ABB13
:10AA2000204A217801201870C2F80C156068460C85
:10AA30004FF47A72C0030023314606F0B7FAB6F538
:10AA40007A7F054613D2174BC3F80455247AA31E08
:10AA5000012B02D9631F022B1BD8134B6401E4B2F4
:10AA60004FF4803283F8104300201A6070BD0F4904
:10AA7000642006F0E1F8E6E7082070BD0B494A20A3
:10AA800006F0DAF8002DC6D108494E2006F0D4F8B9
:10AA9000C1E707496B2006F0CFF8DEE719D50020A3
:10AAA0001CD500200000014000E100E0A40E0500DC
:10AAB000A80D050010B50C4B1B787BB10B4C23780F
:10AAC000012B03D00A49762006F0B6F8094B012283
:10AAD0000221C3F804231A60217010BD04497520B7
:10AAE00006F0AAF8EAE700BF18D5002019D5002023
:10AAF000A40E05000000014038B50B4B1B78022B5B
:10AB000003D00A49822006F097F8094B187850B113
:10AB1000084D094C002303F5C0710133DAB28242BB
:10AB200045F82140F7D338BD19D50020A40E050003
:10AB300018D50020000001403546526E30B505465C
:10AB400083B068B3194B1B78012B03D018498D20B3
:10AB500006F072F800240DF107008DF80740F5F7B4
:10AB6000BFFC144A1378072B12D813492B70581CBA
:10AB70001070D1F80805012202FA03F30343C1F86B
:10AB800008359DF80700F5F7E1FC204603B030BD1D
:10AB90009DF80700F5F7DAFC0424204603B030BD29
:10ABA00003498C2006F048F8CCE700BF19D50020F7
:10ABB000A40E050018D500200000014010B5084B78
:10ABC0001B78022B044603D00649A22006F034F875
:10ABD000054B064A04F5C07443F8242010BD00BF9D
:10ABE00019D50020A40E0500000001403546526E24
:10ABF00010B50C4B0C4C027853F8213054F821104E
:10AC000086B08DF80420D0E9014202948DF80C2022
:10AC1000D0E9034201A804948DF81420984706B0A7
:10AC200010BD00BF30D5002020D500202DE9F04F09
:10AC3000844617481CF8045BD1F8009091F8048012
:10AC40004F798E68B1F80CB0DFF850A01446002A96
:10AC500040F825400F4A104840F825300FCA85B00B
:10AC6000EE468EE80F000CBF224652462B46714638
:10AC70006046CDF800908DF805808DF8067002963C
:10AC8000ADF80CB0FFF72EF805B0BDE8F08F00BFAF
:10AC900030D50020FC0E050020D50020F1AB0200CD
:10ACA00000B50A480A4A0B49126883B000234FF0E6
:10ACB000010C0370ADF805308DF807308DF804C035
:10ACC00001A80B70904703B05DF804FB40D500204D
:10ACD0006CD6002070D60020704700BF10B52B4BFB
:10ACE000D3F80044C3F8004482B0BFF36F8FBFF3C2
:10ACF0004F8FBFF36F8FBFF34F8FE1050ED5244801
:10AD0000244A002302218DF80730ADF805308DF874
:10AD100004100368012101A811709847A2050DD500
:10AD20001B4A1C491268002303208DF80400ADF86B
:10AD300005308DF8073001A80B70904763051DD5CD
:10AD4000144C2378D3B1114BD3F82C35C3B90F4A27
:10AD5000012100232370C2F808159165BFF36F8F9E
:10AD6000BFF34F8F0A4AADF80530042112688DF801
:10AD700004100DEB01008DF80730904702B010BDB4
:10AD8000054940F2FE4005F057FFE0E70070024041
:10AD90006CD6002040D500200C0F050010B582B005
:10ADA0000D4B0E4900228DF80420D3F820050C4AE3
:10ADB000D3F8C0441368ADF80600002C0CBF4FF464
:10ADC000807C4FF0012C43EA0C030968136001A852
:10ADD000884702B010BD00BF007002406CD6002052
:10ADE00048D500204FF08053D3F83031082B03D1E1
:10ADF000114B0022C3F81C2C104B114993F88E20E4
:10AE00000020032A087002D0D3F8803003B17047C5
:10AE100000B56FF0807183B00A48FEF789FA0A4BDB
:10AE2000062108221B688DF80410ADF8062001A841
:10AE3000984703B05DF804FB007002404CD5002039
:10AE400041D5002044D500206CD600204FF080531F
:10AE5000D3F83031082B03D1144B0022C3F81C2C3B
:10AE6000134B144993F81E210020032A087003D0C5
:10AE7000D3F810312BB170470F486FF48071FEF793
:10AE800057BA00B56FF4807183B00B48FEF750FAE3
:10AE90000A4B062188221B688DF80410ADF80620A5
:10AEA00001A8984703B05DF804FB00BF00700240A2
:10AEB0004CD5002041D5002044D500206CD6002080
:10AEC0004FF08053D3F83031082B03D10A4B0022C6
:10AED000C3F81C2C094B0A4993F89E200020032A32
:10AEE000087003D0D3F8903003B1704705486FF075
:10AEF0000101FEF71DBA00BF007002404CD50020D2
:10AF000041D5002044D500204FF08053D3F8303194
:10AF1000082B03D10A4B0022C3F81C2C094B0A4909
:10AF200093F8EE200020032A087003D0D3F8E03015
:10AF300003B1704705486FF02001FEF7F9B900BF73
:10AF4000007002404CD5002041D5002044D500209F
:10AF50004FF08053D3F83031082B03D10A4B002235
:10AF6000C3F81C2C094B0A4993F80E210020032A30
:10AF7000087003D0D3F8003103B1704705486FF073
:10AF80008001FEF7D5B900BF007002404CD500200B
:10AF900041D5002044D500204FF08053D3F8303104
:10AFA000082B03D10A4B0022C3F81C2C094B0A4979
:10AFB00093F8FE200020032A087003D0D3F8F03065
:10AFC00003B1704705486FF04001FEF7B1B900BF0B
:10AFD000007002404CD5002041D5002044D500200F
:10AFE0004FF08053D3F83031082B03D10A4B0022A5
:10AFF000C3F81C2C094B0A4993F8DE200020032AD1
:10B00000087003D0D3F8D03003B1704705486FF013
:10B010001001FEF78DB900BF007002404CD5002032
:10B0200041D5002044D500204FF08053D3F8303173
:10B03000082B03D10A4B0022C3F81C2C094B0A49E8
:10B0400093F8AE200020032A087003D0D3F8A03074
:10B0500003B1704705486FF00201FEF769B900BF00
:10B06000007002404CD5002041D5002044D500207E
:10B070004FF08053D3F83031082B03D10A4B002214
:10B08000C3F81C2C094B0A4993F8CE200020032A50
:10B09000087003D0D3F8C03003B1704705486FF093
:10B0A0000801FEF745B900BF007002404CD50020F2
:10B0B00041D5002044D500204FF08053D3F83031E3
:10B0C000082B03D10A4B0022C3F81C2C094B0A4958
:10B0D00093F8BE200020032A087003D0D3F8B030C4
:10B0E00003B1704705486FF00401FEF721B900BFB6
:10B0F000007002404CD5002041D5002044D50020EE
:10B10000584A70B513684FF0010C0CFA01F4234350
:10B110001360020682B0054610D4534B1B681C42D4
:10B120000AD1524B8DF8060006221B688DF80420C8
:10B130008DF807C001A8984702B070BD00F00F0657
:10B14000082E3FD84A4B33F8163003F1804303F5FD
:10B150001C331A682AB300221A60BFF36F8FBFF343
:10B160004F8F802D54D02B0747D4002E6BD04FF03B
:10B170008053D3F83031082B45D03E4B0022082EA7
:10B180001A7025D83C4B03EB06123101927B032A3F
:10B1900001D05B582BB90121B1403348C943FEF7B8
:10B1A000C7F8314B1B682340C6D1304A8DF8065092
:10B1B000062112688DF804108DF8073001A8904719
:10B1C00002B070BD2D4940F27B1005F035FDB9E7A6
:10B1D0002A4940F2AB2005F02FFD274B03EB061266
:10B1E0003101927B032A02D05B58002BD9D123492D
:10B1F00040F2BE2005F020FDCDE720494FF47070ED
:10B2000005F01AFDB1E71E4B0022C3F81C2CB4E771
:10B210004FF080530021D3F83031082B04BF184B76
:10B22000C3F81C2C134A174B117093F89E20032A65
:10B2300003D0D3F89030002BB3D16FF001010A484E
:10B24000FEF776F8ADE70D4940F2C13005F0F4FCA9
:10B250004FF08053D3F83031082BD4D0054B1E70FB
:10B2600090E700BF48D5002044D500206CD60020D0
:10B27000980F050041D50020DCD500200C0F0500FB
:10B28000007002404CD5002038B50B4B1D7805F0FE
:10B290000F04082C09D82B065CBF1034E4B22146F9
:10B2A0002846BDE83840FFF72BBF044940F2BE20D6
:10B2B00005F0C2FCEFE700BF70D600200C0F0500C0
:10B2C00038B500F00F05082D044610D821061AD411
:10B2D0002207104B04D405F5947553F8250038BDAA
:10B2E000D3F8C00410F4803F18BF002038BD0A49CD
:10B2F00040F28E2005F0A0FC084940F25F4005F0C6
:10B300009BFC2106E4D505494FF48C6005F094FCC4
:10B31000DEE700BF007002400C0F0500600F050063
:10B320002DE9F04FDFF81CA3BF4FDAF800303A6880
:10B33000134087B000F0BE80DFF80C8313F00124C7
:10B3400000F0DC8094FAA4F4B4FA84F300931C4671
:10B350000F2C40F2B280A4F1100505F00F04082C68
:10B36000EDB200F254814FEA041B6BB2019358F81E
:10B370000B3008EB0416002B00F087812846FFF7FE
:10B380009FFFB28958F80BB071680346814604A844
:10B39000D847049A002A00F06781059A914500F287
:10B3A0000E81DDF80490834640F0B280BBF1000FBF
:10B3B00000F0AB804FF08053D3F83031082B03D12D
:10B3C0009A4B8222C3F81C2C00983A68B36801217A
:10B3D00001FA00F022EA00023A60059A1344B360D1
:10B3E000934BB9F1000F19700499C0F2DF80280760
:10B3F00000F1988004EB84039B0003F1804303F584
:10B400001C33A500C3F80017C3F804274FF080537E
:10B41000D3F83021082A00F09280082C00F21E8117
:10B42000B9F1000FB4BF042328232B44DBB203F18E
:10B43000804303F51C334FF001021A60BFF36F8F96
:10B44000BFF34F8F7B4B7C4D7C4F784EA8BF1D4682
:10B4500005EB440509E02B8803F1804303F51C3319
:10B460001B683BBBD6F8003123BB082CF3D9394607
:10B4700040F27B1005F0E0FBEDE71E20FEF7EEFF4B
:10B48000D5F874349A0606D40220FEF7E7FFD5F803
:10B4900074349B06F8D50120FEF7E0FF082C00F27B
:10B4A000D780B8F8003003F1804303F51C331B68E4
:10B4B000002B5CD007B0BDE8F08F082C44F080056D
:10B4C00000F2AB80DFF884814FEA041A4FFA85F965
:10B4D00058F80A3008EB041633B9584940F2715055
:10B4E00005F0AAFB58F80A30B289716804A8984799
:10B4F00000287FF45FAF48F80A005BE793FAA3F3F4
:10B50000B3FA83F20092144622E7C6F800B051E77E
:10B510004A4940F29C5005F08FFBBBF1000F7FF4CD
:10B5200049AFF2E7414BC3F8A017C3F8A4274FF087
:10B530008053A500D3F83021082A7FF46EAFD3F8EA
:10B540003471002F7FF469AFB9F1000FB4BF042646
:10B5500028262E44384B374A344DF6B206F1804641
:10B56000B4BF9846904606F51C3608EB4408DFF851
:10B57000CC900DE001233360BFF36F8FBFF34F8F8B
:10B580000220FEF76BFFD5F80431002B7FF475AF76
:10B59000C5F80471BFF36F8FBFF34F8F082CE9D943
:10B5A000494640F29B2005F047FBE3E72D0721D5F4
:10B5B0001E4BA500C3F8A016C3F8A42626E7009BDF
:10B5C000012199400224C943B4735046FDF7B0FEEF
:10B5D0001B4B8DF80E5006221B688DF80C208DF841
:10B5E0000F4003A89847DAF800303A6813407FF418
:10B5F000A5AE5FE704EB84039B0003F1804303F5F2
:10B600001C33A500C3F80016C3F80426FEE60B4958
:10B6100040F2AB2005F010FBA5E6084940F2AB2054
:10B6200005F00AFB4EE700BF48D50020007002403D
:10B6300041D50020AC0F0500980F05000C0F050048
:10B640006CD6002044D500204CD50020DCD500204D
:10B65000114940F27B1005F0EFFA22E70E4940F263
:10B660009B2005F0E9FADBE6059BDDF804908346B4
:10B67000002B3FF49BAE084940F28D5005F0DCFAF8
:10B68000BBF1000F7FF496AE3FE7034940F27150E3
:10B6900005F0D2FA72E600BF0C0F050038B51D4B5D
:10B6A000D3F86C44C3F86C44BFF36F8FBFF34F8F74
:10B6B0004FF08053D3F83021082A1ED0ACB10125B9
:10B6C00094FAA4F1B1FA81F30F2BA3F110001946FB
:10B6D000D8BF43F0800005FA03F3C8BFC0B224EA24
:10B6E0000304FFF70DFD002CEAD10B4B1B781BB9AF
:10B6F000BDE83840FFF714BE38BDD3F83431002B15
:10B70000DCD1064A136823F0011103F001130C4346
:10B710001360D3E70070024041D5002074D60020AA
:10B7200010B54FF0805382B0D3F83031082B03D1DD
:10B73000164B0022C3F81C2C154B164C93F84E20C8
:10B740000021032A217006D01B6C73B102B0BDE842
:10B750001040FFF7E5BD10486FF48011FDF7E8FDDC
:10B760002378002BF2D002B010BD6FF480110A488C
:10B77000FDF7DEFD094B042206211B688DF804103D
:10B78000ADF806200DEB02009847E9E70070024093
:10B790004CD5002041D5002044D500206CD6002097
:10B7A00010B54FF0805382B0D3F83031082B03D15D
:10B7B000164B0022C3F81C2C154B164C93F87E2018
:10B7C0000021032A217006D01B6F73B102B0BDE8BF
:10B7D0001040FFF7A5BD10486FF40001FDF7A8FD6C
:10B7E0002378002BF2D002B010BD6FF400010A489C
:10B7F000FDF79EFD094B062107221B688DF80410FA
:10B80000ADF8062001A89847EAE700BF00700240A3
:10B810004CD5002041D5002044D500206CD6002016
:10B8200010B54FF0805382B0D3F83031082B03D1DC
:10B83000154B0022C3F81C2C144B154C93F86E20AA
:10B840000021032A217006D01B6E73B102B0BDE83F
:10B850001040FFF765BD0F486FF48001FDF768FDEC
:10B860002378002BF2D002B010BD6FF4800109489C
:10B87000FDF75EFD084A062312688DF80430ADF826
:10B88000063001A89047EBE7007002404CD500203D
:10B8900041D5002044D500206CD6002010B54FF0D3
:10B8A000805382B0D3F83031082B03D1164B0022DD
:10B8B000C3F81C2C154B164C93F85E200021032A6C
:10B8C000217006D01B6D73B102B0BDE81040FFF7C8
:10B8D00027BD10486FF40011FDF72AFD2378002BD7
:10B8E000F2D002B010BD6FF400110A48FDF720FD40
:10B8F000094B062105221B688DF80410ADF80620BF
:10B9000001A89847EAE700BF007002404CD500202C
:10B9100041D5002044D500206CD6002010B54FF052
:10B92000805382B0D3F83031082B03D1164B00225C
:10B93000C3F81C2C154B164C93F83E200021032A0B
:10B94000217006D01B6B73B102B0BDE81040FFF749
:10B95000E7BC10486FF40021FDF7EAFC2378002BC8
:10B96000F2D002B010BD6FF400210A48FDF7E0FCF0
:10B97000094B062103221B688DF80410ADF8062040
:10B9800001A89847EAE700BF007002404CD50020AC
:10B9900041D5002044D500206CD6002010B54FF0D2
:10B9A000805382B0D3F83031082B03D1154B0022DD
:10B9B000C3F81C2C144B154C9A7F0021032A2170CC
:10B9C00006D01B6973B102B0BDE81040FFF7A8BCF8
:10B9D0000F486FF40031FDF7ABFC2378002BF2D059
:10B9E00002B010BD6FF400310948FDF7A1FC094B0E
:10B9F000062101221B688DF80410ADF8062001A86D
:10BA00009847EAE7007002404CD5002041D500205D
:10BA100044D500206CD6002010B54FF0805382B082
:10BA2000D3F83031082B03D1164B0022C3F81C2C5D
:10BA3000154B164C93F82E200021032A217006D0B6
:10BA40001B6A73B102B0BDE81040FFF769BC104833
:10BA50006FF48021FDF76CFC2378002BF2D002B04C
:10BA600010BD6FF480210A48FDF762FC094B0621E6
:10BA700002221B688DF80410ADF8062001A8984733
:10BA8000EAE700BF007002404CD5002041D50020FD
:10BA900044D500206CD600204FF08053D3F83021DD
:10BAA000082A07D00E4B0122DA64BFF36F8FBFF371
:10BAB0004F8F7047D3F83431002BF3D1EFF310815F
:10BAC00072B6074B0122DA64BFF36F8FBFF34F8F5B
:10BAD000DA64BFF36F8FBFF34F8F81F31088704725
:10BAE000007002404FF08053D3F83031082B03D15F
:10BAF000144B0022C3F81C2C134B14499A7B0020D2
:10BB0000032A087018D010B51C6882B024B102B0A6
:10BB1000BDE81040FFF7C0BF6FF480310C48FDF75F
:10BB200007FC0C4BADF8064006221B688DF804207C
:10BB300001A8984702B010BD05486FF48031FDF7A9
:10BB4000F7BB00BF007002404CD5002041D500205B
:10BB500044D500206CD6002070B545B2002D82B0CF
:10BB6000044668DB4FF08053D3F83021082A37D0E1
:10BB700000230DF1070004F00F068DF80730F4F7ED
:10BB8000AFFC082E5DD8002D11DB3549012306F1ED
:10BB9000100203FA02F20B6823EA02030B60230788
:10BBA00013D59DF80700F4F7D1FC02B070BD2C4905
:10BBB00001220B68B24023EA020322070B60F0D493
:10BBC000284940F2834005F037F8274B06F5947674
:10BBD000002243F82620BFF36F8FBFF34F8FE0E7BB
:10BBE000D3F83431002BC3D10DF1070004F00F045A
:10BBF0008DF80730F4F774FC082C2AD81849002D6A
:10BC00000B68ACBF04F1100020460122824023EAF9
:10BC100002026400144B0A6004F2C5740020C3F8E9
:10BC20000048C3F804089DF80700D3F80438F4F777
:10BC30008DFC02B070BD0D4940F6291004F0FCFFE8
:10BC400090E70A4940F2BE2004F0F6FF002D9CDA8E
:10BC5000ADE7064940F2BE2004F0EEFFCEE700BF9C
:10BC600048D50020600F0500007002400C0F050051
:10BC70002DE9F047044682B000230DF1030004F0E3
:10BC80000F058DF80330F4F72BFC082D6ED8210634
:10BC900032D5230749D5DFF8D891DFF8E081D9F80C
:10BCA0000030D8F8007063EA07070126AE4037423B
:10BCB00034D023EA0603C9F80030D8F80030694AC6
:10BCC0008DF806402901334302EB05156648C8F894
:10BCD000003000245450032306210268AB738DF812
:10BCE00004108DF8073001A890479DF80300F4F781
:10BCF0002DFC02B0BDE8F0875C4A5D4901232801B4
:10BD000002EB0516103503FA05F50B6835EA030753
:10BD100059D02046FFF720FF0323B3739DF803009B
:10BD2000F4F714FC02B0BDE8F087802C514A7ED0B5
:10BD300005F2DA335B00C2F80038D2F80438D2F8E2
:10BD40000418DFF82C91DFF83481DBB243F00203F2
:10BD50000B43C2F80438D2F80438D8F80070D9F888
:10BD60000030082D63EA070713D89EE740F2AB20A6
:10BD7000414904F061FF20062FD52207D5D5DFF811
:10BD8000FC80DFF8EC90D8F80030D9F8007067EA52
:10BD900003070126384940F2BE20AE4004F04CFFB4
:10BDA0003742BBD0344940F2BE2004F045FFD9F8F9
:10BDB0000030314923EA060340F2BE20C9F80030C2
:10BDC00004F03AFF79E723EA05031750ED430B60CF
:10BDD0002A4A13681D4015609EE7DFF89490DFF84B
:10BDE0008CA0D9F80070244940F2BE2004F024FF52
:10BDF0004FEA051805F110030AEB05160125FF436C
:10BE00009D402F4085D11C494AF8087040F2BE2061
:10BE100004F012FFD9F80030174923EA050340F275
:10BE2000BE20ED43C9F8003004F006FFD0E740F231
:10BE3000B473C2F80038D2F80438D2F80418DFF826
:10BE40003090DFF83880DBB243F004030B43C2F8D4
:10BE50000438D2F80438D8F80070D9F8003063EA12
:10BE6000070722E7DCD500206CD600204CD5002047
:10BE700044D50020007002400C0F050048D500207A
:10BE80002DE9F043224EDFF89C803368214998F871
:10BE90000090214A0968D2F88074DC4309F00F054C
:10BEA000A4B2082D83B044EA010425D819F0800F0C
:10BEB00004BF1035EDB2012303FA05F5254221D167
:10BEC00007F080076FF00111124888F80070FDF745
:10BED0002FFA336811490022ADF805208DF80720AC
:10BEE000052243F0010309688DF8042001A833609E
:10BEF000884703B0BDE8F083094940F2BE2004F052
:10BF00009BFED3E798F80000FFF7B2FED8E700BF2A
:10BF100048D5002044D50020007002406CD6002097
:10BF20000C0F050070D600202DE9F8437D4BD3F8A7
:10BF30000463002E4DD0002531462F464FF0010CF2
:10BF400091FAA1F3784AB3FA83F3980002440CFA09
:10BF500003F014682CB11760BFF36F8FBFF34F8FDE
:10BF600005438143ECD14FF08053D3F83021082AA8
:10BF700019D005F4000635F400056C4F0ED0DFF83B
:10BF8000B0914FF0010895FAA5F4B4FA84F459F889
:10BF9000243008FA04F49847A543F4D13B7883B1E0
:10BFA0009EB9BDE8F883D3F83431002BE1D15F4F5F
:10BFB0003B78F3B9A80222D405F4000635F4000555
:10BFC000DDD1FFF7ADF9002EEBD0BDE8F843FFF768
:10BFD00057BF4FF08053D3F83021082A40F09380A8
:10BFE000D3F83451002D40F09780504F3B78002B10
:10BFF000E2D005F4000635F40005C0D1D0E7494B86
:10C000004848DFF830C140F2A972C3F80028D3F8DD
:10C01000041811F0FF011CBFD3F804381940414B3C
:10C0200040F2AA72C3F80028D3F8042812F0FF02E5
:10C030001CBFD3F804381A4040F2AB73C0F8003884
:10C04000D0F8043813F0FF031CBFD0F804080340F5
:10C05000344840F2AC74C0F80048D0F8044821409D
:10C060000CD0DCF8004040F2A97E0C43CCF8004034
:10C07000C0F800E8C0F80418D0F80418294940F2C4
:10C08000AD70C1F80008D1F8040802400DD0DCF80A
:10C09000000040EA0240CCF8000040F2AA70C1F86B
:10C0A0000008C1F80428D1F804281E4A40F2AE71F5
:10C0B000C2F80018D2F80428134010D0D90748BF9E
:10C0C00045F40005DA06174A40F2AB71C2F80018D1
:10C0D000C2F80438D2F8043848BF45F00105DCF84E
:10C0E000003033F001121CBF06F080710D4313F0D5
:10C0F000011F3FF461AF73057FF55EAFCCF8002000
:10C1000045F4806558E7094B1B78002B7FF449AF55
:10C11000BDE8F843FFF704B9044B1B78002B7FF40C
:10C1200040AF4EE7007002400071024041D5002050
:10C13000C00F050074D6002010B5074C236813B15A
:10C14000BDE8104018470549512004F075FD2368EB
:10C15000BDE81040184700BF78D600202410050025
:10C1600030B5044683B0F8B1134B984219D100237F
:10C170000DF107008DF807300D46F4F7B1F90F4BBC
:10C180009DF807001C793CB901221D601A71F4F773
:10C19000DDF9204603B030BDF4F7D8F9112003B023
:10C1A00030BD002003B030BD0549772004F044FDC8
:10C1B000204603B030BD00BF0020004078D60020EC
:10C1C0002410050038B1064B984203D1054B0022DC
:10C1D0001A601A71704704499B2004F02DBD00BFFE
:10C1E0000020004078D600202410050031DF704781
:10C1F00000B585B0024600230DF10F008DF8072031
:10C200008DF80F30F4F76CF901F0CAFF30B19DF8EA
:10C210000F00F4F79BF905B05DF804FB09480DF138
:10C220000701FAF7B3F90748FAF794F90028EED0B6
:10C2300000F07AF99DF80F00F4F788F905B05DF881
:10C2400004FB00BFACCA040000B583B098B103285A
:10C250000ED100230DF107008DF80730F4F740F9F7
:10C2600011480378012B11D09DF80700F4F76EF9FF
:10C2700003B05DF804FB0C4B1B78012BF8D100F0E8
:10C2800053F903B05DF804EB00F064B907490130DD
:10C2900000F0DEF810B900F027F9E5E7044940F2B4
:10C2A000071004F0C9FCF6E7D0D60020F1C1020067
:10C2B0008010050010B5154C227882B012BB1449CD
:10C2C0008DF807200346002B08BF0B460DF1070031
:10C2D0001B88A4F80130F4F703F901F061FF40B1C5
:10C2E0009DF8070001232370F4F730F9002002B015
:10C2F00010BD0849601C00F0ABF80028F7D100F031
:10C30000F3F8EDE7852002B010BD00BFD0D60020C5
:10C31000D8100500F1C1020010B5114C2378012B93
:10C3200082B003D00F49902004F086FC00230DF169
:10C3300007008DF80730F4F7D3F801F031FF50B162
:10C340009DF80700F4F702F90748FAF705FA002309
:10C35000237002B010BD00F0E7F800F0FBF8EFE743
:10C36000D0D6002080100500ACCA04002DE9F043AF
:10C37000244B1B78012B83B006460F4603D022497D
:10C38000B72004F059FCDFF88480002542F2070949
:10C390000CE09DF80700F4F7D9F839463046FFF76E
:10C3A00025FF484504461ED0022C17D10DF1070089
:10C3B0008DF80750F4F794F801F0F2FE0028E8D168
:10C3C0003A4631464046FAF787F9044600F08CF8C1
:10C3D0009DF80700F4F7BAF8022CE7D044B92046DC
:10C3E00003B0BDE8F0830524204603B0BDE8F08328
:10C3F000052CF4D00449D12004F01EFC204603B0E3
:10C40000BDE8F083D0D6002080100500ACCA04003F
:10C41000F8B50D4B1B78012B04460F460FD16FB1B9
:10C42000402F3E4628BF4026F5B229462046FFF75A
:10C430009DFF0028F9D1BF1B3444F1D1F8BD034959
:10C44000E02004F0F9FBEAE7D0D6002080100500D8
:10C4500070B50D46044658B385B31D4E33782BBBDB
:10C4600023781C4ADB07156006D51B4AD2F8043531
:10C4700043F00103C2F80435174AD2F8003223F022
:10C480000103C2F800326478A31E012B02D9631F96
:10C49000022B18D8114B6401E4B283F80D434FF41A
:10C4A0000051012219600020327070BD852070BDDE
:10C4B0000B493E2004F0C0FB002DCED108493F209F
:10C4C00004F0BAFBC9E707496B2004F0B5FBE1E7CC
:10C4D000D8D60020D4D6002000D0004000E100E0F3
:10C4E000DC100500A80D050000B50C4B1B78012BD6
:10C4F00083B003D00A49562004F09EFB094B00226A
:10C50000C3F80021D3F80021019201990122C3F858
:10C5100004231A6003B05DF804FB00BFD8D60020E6
:10C52000DC10050000D0004008B5074B1B78012B3C
:10C5300003D006495E2004F07FFB054B0122C3F8BF
:10C5400008235A6008BD00BFD8D60020DC100500C3
:10C5500000D0004010B50A4C2378012B03D00949C4
:10C56000652004F069FB084B08490122C3F8082341
:10C570004FF400505A600023C1F88000237010BDB2
:10C58000D8D60020DC10050000D0004000E100E01B
:10C59000074B0022C3F8002182B0D3F8002101929A
:10C5A000019A044AD3F808051368C0B202B01847CC
:10C5B00000D00040D4D6002030B9012A06D001298D
:10C5C00012D0022907D051B10720704701290AD0A3
:10C5D00002290246F7D1064B00205A707047044BDF
:10C5E00008469A7070470E22014B00201A7070475F
:10C5F000DCD6002008B5012202210020FFF7DCFF75
:10C6000010B1072800D008BD072202210120FFF742
:10C61000D3FF08B10728F6D100210A220846FFF708
:10C62000CBFF0028EFD0072808BF002008BD00BFBF
:10C630000388102B10B507D0112B04D11A4A1368A8
:10C64000013B136033B110BD174C216869B1013152
:10C65000216010BDFFF7CEFF0028F4D0134B1B68FC
:10C66000002BF0D0BDE81040184701220846FFF724
:10C67000A3FF38B1072805D00C4B1B6803B19847BE
:10C680002168E4E7072202210120FFF795FF08B1A6
:10C690000728F1D1042202210020FFF78DFF002896
:10C6A000EED00728E8D1EBE7E4D60020E0D6002062
:10C6B0000048704700D8002002490348842204F053
:10C6C00045BE00BF00E0010000D800202DE9F8437E
:10C6D000C568D0F80890A9EB0508904504461646B1
:10C6E00007D940682844354404F030FEE560BDE8D1
:10C6F000F8834068284435440F464246A5EB0905B7
:10C7000004F024FE60682A4607EB080104F01EFED0
:10C71000E560BDE8F88300BF2DE9F8430646D0E99F
:10C720000205894617464FF0000833699D42A0EB89
:10C73000050403F1FF3224BF03F1FF321218BC429B
:10C7400028BF3C46521B9442706828BF1446494695
:10C750002844224604F0FAFDB0682544A84208BFE8
:10C7600000253F1BF560A044A144DED14046BDE852
:10C77000F88300BF10B5114C114A12490220C4E9D8
:10C7800004001148C4E906204FF4007020620F48ED
:10C790000023C4E912201022E01DA3626362E36259
:10C7A000A3656365E365226504F02CFE0849204615
:10C7B00004F028FE2023A37110BD00BF84D8002000
:10C7C00064110500701105000CD90020FCD8002070
:10C7D0007411050038B5204B00EB400403EBC40E88
:10C7E0000130DEF82C4000EB4000012C8C46154651
:10C7F00003EBC00005D0022C29D0ACB100242046A8
:10C8000038BDDEF82830DEF8242093429CBFDEF8E5
:10C8100020401B19013B9C1AAC4228BF2C462246E3
:10C82000FFF754FF204638BDDEF82830DEF824201C
:10C8300093429CBFDEF820105B18013B9B1A9D427F
:10C84000DDD82A466146FFF741FF2C46D7E7BDE811
:10C850003840FFF761BF00BF84D80020FFF78ABFD0
:10C860006DDF704779DF70477DDF704764DF7047A9
:10C870002DE9F04F85B099460E9E0388BDF83CA087
:10C880000091174632880192002B53D04FF00008D8
:10C89000C3464546804605E0B8F800200BF1010B81
:10C8A0005A4529DDD8F8041051F82B0003900022D6
:10C8B0000DF10B0103A8FFF7D9FF044630BB9DF82B
:10C8C0000B20BA42E8D12DB33288D119514536DC5C
:10C8D0004A440DF10B0103A80125FFF7C7FF00280B
:10C8E00032D131889DF80B200A443280B8F80020FC
:10C8F0000BF1010B5A45D5DCE5B13388019A013BB8
:10C900009B1A9BB2FF2B1AD809F80230204605B0BB
:10C91000BDE8F08F3288511C3A440232524589B248
:10C920000DDC009B318009F801303288013292B26F
:10C930003280CDE70024204605B0BDE8F08F0C24FE
:10C94000204605B0BDE8F08F0446204605B0BDE89E
:10C95000F08F00BF10B54FF0000C148806E010F8FF
:10C960000CE00EF1010EF4441FFA8CFCA44500EB20
:10C970000C0E03D39EF801E09E4503D08C45EED308
:10C98000002010BD8C45FBD210F80C000CF1020CFD
:10C9900001381FFA8CFC80B20CEB00038B42EFDCF9
:10C9A000A2F800C010BD00BF2DE9F04790F82D306F
:10C9B000144600222788228086B006460D46002BAA
:10C9C00040F0F080B378002B40F0E480F17800294B
:10C9D00040F011817368B3B12288D11CB94200F2D2
:10C9E000DD8093F900100223AB54238801339BB2FE
:10C9F0000A222380EA54238801339BB22380E9541E
:10CA00002388013323803389002B40F00981338A46
:10CA1000002B40F03C81338B002B40F05481336A73
:10CA2000002B45D0B4F800E00EF10602BA4200F245
:10CA3000B5801A88052A40F2A1816FF4486802EB9C
:10CA4000080189B24FF27D30814240F297815988C6
:10CA5000052940F293816FF4486C8C441FFA8CFCDA
:10CA6000844540F28B814FF6FF70824202D08A42A9
:10CA700000F28481052205F80E202288013292B24C
:10CA800012212280A9542288013292B22280198870
:10CA9000A9542A44090A51702288023292B2228093
:10CAA0005B88AB542A441B0A5370238802332380CB
:10CAB000736A002B2FD09988B4F800C0881C0CF141
:10CAC00002020244BA4269D8FE2867D8033105F849
:10CAD0000C102288013292B2FF212280A9542288B0
:10CAE000013292B222801988A9542A44090A51704D
:10CAF0002088023080B220809A8862B199680393BE
:10CB0000002900F03B81284404F020FC039B9A8814
:10CB100023881344238096F82C30002B40F0EC80BF
:10CB2000307800283BD03388012B00F02781238800
:10CB30009A1CBA4232D8012804D1717802311944C2
:10CB40008F422BD3023FFF1ABFB2A81804A9ADF839
:10CB50001070FFF789FE10BB3378022B00F01681AE
:10CB60007178BDF810209142C0F00C819742C0F05E
:10CB7000098117460922FE2F10D82388791CE95411
:10CB8000238801339BB22380EA54238801331F4456
:10CB9000278004E023880433BB425CD90C2006B014
:10CBA000BDE8F087082FF9D904A8FFF759FE00283F
:10CBB000F5D123880822EA54238801339BB21B2233
:10CBC0002380EA542088013080B220800622284445
:10CBD0000DF1110104F0BAFB23889DF810200633F3
:10CBE0009BB212F0FE0218BF01222380EA54238870
:10CBF00001332380E6E62388DA1CBA42CED802222B
:10CC0000EA542388012213449BB22380EA542388E8
:10CC100013449BB22380E954238813442380D9E62C
:10CC200006F108080222CDE900472B46114640468E
:10CC3000FFF71EFE0028B2D1CDE9004740462B4643
:10CC400010220621FFF714FE0028A8D1338A002BFA
:10CC50003FF4E1AE1BE004A8FFF704FE00289ED1DC
:10CC600023880322EA54238801339BB219222380AC
:10CC7000EA542388BDF8102001339BB22380EA5484
:10CC80002B44120A5A702388023323809EE606F151
:10CC90001008CDE900472B46022203214046FFF74A
:10CCA000E7FD00287FF47BAFCDE9004740462B46E7
:10CCB00010220721FFF7DCFD00287FF470AF338BD3
:10CCC000002B3FF4ACAE06F11808CDE900472B4627
:10CCD000022214214046FFF7CBFD00287FF45FAF0E
:10CCE000CDE9004740462B4610221521FFF7C0FD35
:10CCF00000283FF494AE52E7B16A00293ED04FF0CD
:10CD000000094B464FF0160A2BE02388E85423888D
:10CD100001339BB2238005F803A0238801339BB223
:10CD2000238031F82220EA542B44120A5A702088BA
:10CD3000023080B22080B8F8042028444AB1D8F8E4
:10CD40000810D9B104F002FBB8F80420238813447A
:10CD5000238096F82C205FFA89F39A427FF6E0AEA2
:10CD6000B16A03EB430201EB820809F10109B8F84B
:10CD70000430D81C0233FE2BC7D90FE7072006B0BA
:10CD8000BDE8F087012B08D00822F4E6BDF810308A
:10CD90009F42F9D31F460922EDE68F42F4D30F4696
:10CDA0000822E8E610B582B00024ADF8064058B17C
:10CDB00013460DF106020446FFF7CCFD20B1BDF885
:10CDC0000600204402B010BD002002B010BD00BF1C
:10CDD00072DF704773DF7047F8B5044600F1EA066A
:10CDE00081700D4607220021304604F0D8FAE3880E
:10CDF00013B1A378012B52D0E379002B4CD104F16D
:10CE0000EB0304F1F10113F8012B002A51D19942EF
:10CE1000F9D16B1E032B00F23281DFE803F002062A
:10CE20000A0EA379002B40F00381E379002B40F038
:10CE3000E180237A002B40F0F980657A002D40F0E4
:10CE4000DE80A570002384F8F33004F13C0518223D
:10CE50000021284604F0A3FAE36A591E01220229A0
:10CE600028BF134684F8513094F8243084F83C20CD
:10CE700033B1A36A591E022928BF134684F85230E1
:10CE8000A378002284F85020042B00F2ED80DFE824
:10CE900003F046A250711200A378022BAFD1636B4E
:10CEA000002B00F0E480012284F8F120082098474C
:10CEB000A5E70122ADE7D4E9071263796164A4F81C
:10CEC0004820002B00F0BD8094F8F230002B40F099
:10CED000B88094F8F430002B00F0B3800223B4F84B
:10CEE000D810D4F8D40084F850300122FFF75AFF4C
:10CEF00008B10423037004F1D40704F154062A4650
:10CF000039463046FFF764FF002840F0B38006231F
:10CF100084F83130A378C4F8E4701BB19AE00023A0
:10CF200084F83130636B13B194F8310098470020D6
:10CF3000F8BDD4E903320221C4E91063A4F8482003
:10CF40000323002284F83110C4F8E42084F83C3034
:10CF5000002104F154062A463046FFF739FF002825
:10CF6000E6D194F8301094F85400FFF733FF00280E
:10CF7000D8D0F8BDD4E9051263796164A4F84820DB
:10CF8000002B6AD094F8F230002B66D194F8F4307C
:10CF9000002B62D00223B4F8D810D4F8D40084F85F
:10CFA00050300122FFF7FEFE08B10423037004F1A4
:10CFB000D40704F154062A4639463046FFF708FFE5
:10CFC000002857D1052384F83130A378C4F8E470E1
:10CFD000002BA7D03EE000230122C4E9106384F8AF
:10CFE0003120C4F8E4300222802384F83C20A4F8E5
:10CFF0004830ADE7002A3FF41CAF022521E70422A8
:10D00000636BA270002B3FF41DAF6279002A3FF4DE
:10D0100019AF94F8F220002A7FF414AF012184F8AC
:10D02000F42084F8F310072098470EE70322E7E77F
:10D0300094F82430002B7FF4F8AE002A3FF4F9AEC8
:10D04000FFE6042204F1D40384F83120C4F8E4306C
:10D0500004F15406D4F8E4107DE7032204F1D4036C
:10D0600084F83120C4F8E43004F15406F2E784F87F
:10D07000F130C4E6A378002B3FF454AFEAE7002375
:10D08000A370DFE680F83010704700BF002977D02A
:10D090002DE9F0410446002874D091F87A300D460D
:10D0A000002B41D1D5F8A030042B41D0D5F89C30CD
:10D0B000042B3DD00027A77005F1780EBEE80F00C5
:10D0C00004F1040CACE80F00BEE80F00ACE80F0060
:10D0D0009EE807008CE8070084F83070D5F8A4308B
:10D0E00063634FF6FF78D5F8A830A36304F1D40644
:10D0F0003946A4F8E880C4F8E460072204F1EA00A5
:10D1000004F04DF923780BB984F85480224604F1D9
:10D1100055011F26C4F8D410284622F8D86FFFF70F
:10D1200043FC40B1BDE8F08191F89830002BB9D0B4
:10D130000720BDE8F081224604F19301C4F8DC1019
:10D1400005F13C0022F8E06FFFF72EFC0028E9D142
:10D15000D4E905230125A4F848304FF48073C4E9CD
:10D160001002014684F83C5004F13C0204F15400E2
:10D17000A4F85030FFF72CFE0028D3D12570D1E75A
:10D180000E2070470E20CDE703780BB1FFF724BEC9
:10D19000082070470388112B10B50C460BD0262BA6
:10D1A00022D0102B00D010BDC37B012BFBD1838874
:10D1B000A1F8E83010BDB1F8E820838800219A4238
:10D1C00084F8F210EFD12379002BECD1237813B33C
:10D1D00001212046FFF700FE0028E4D0A36B002BBE
:10D1E000E1D0BDE810401847037A013B012BDAD8A3
:10D1F0000B7883B18978094B0131A3FB012303F438
:10D20000FE7202EB9303C91AC9B22046FFF7E4FD90
:10D210000028E3D110BD0820E0E700BFCDCCCCCC86
:10D2200075DF704776DF70477ADF70477BDF7047C6
:10D2300070B51D4D2B8884B2A34282B011D11B4E14
:10D24000297A327B91420ED3337C00222A72F3B9C1
:10D25000736933B100228DF80420ADF8064001A8AF
:10D26000984702B070BD05F10A011846FFF7D8FFD4
:10D2700040B11128F5D0B369002BF2D002B0BDE85F
:10D28000704018472B7A01332B7202B070BD3B21DE
:10D290002046FFF7C7FF30F00803D9D0B369002B51
:10D2A000D6D09847D4E700BF28DB00200CDB002055
:10D2B00010B4019C6388834212D38B4210D840F291
:10D2C000F3118A42A08894BF931A531A834207D855
:10D2D0000A44824234BF002001205DF8044B7047AD
:10D2E00000205DF8044B704710B50B46497A82B0B8
:10D2F000024691B9104C93F808C0D4E90110BCF172
:10D30000000F18BF01465868F3F758F888B1A369B1
:10D310007BB102B0BDE810401847074949690020B9
:10D32000187231B101238DF80430ADF8062001A840
:10D33000884702B010BD00BF0CDB002070B5038829
:10D34000122B82B050D015D8102B2AD0112B0FD110
:10D35000394C828823889A420AD16068F3F78EF8A4
:10D3600018B1364B9B6903B198474FF6FF73238082
:10D3700002B070BD502BFBD1304CC288E3899A4279
:10D38000F6D1038A022BF3D12B4D83882E889E423F
:10D39000EED1123000F050F9002844D02946304632
:10D3A00033E0C37B012BE3D1234C22884FF6FF737C
:10D3B0009A422FD18588224B1030009003CB002257
:10D3C000C4F80E10C4F80A00238A2272A189E289E7
:10D3D00060892580FFF76CFF184B6072DB89002B9A
:10D3E000C6D12146284610E0134C838825889D42EB
:10D3F000BED10830A189238A0090E2896089FFF7B5
:10D4000057FF034621462846637202B0BDE87040CC
:10D41000FFF76ABF094B9B69002BA9D0042002B01B
:10D42000BDE8704018476868F3F728F800289FD0D7
:10D43000A369002BF3D19BE728DB00200CDB002045
:10D440003CDB002070B3F8B586460768164E174DD2
:10D450000446BEE80F00B446ACE80F009EE80700A3
:10D4600035608CE80700BFB13846FFF7DDFE90B9A4
:10D4700023681868596803C50D4B0E490E4A1846B3
:10D480004FF6FF7440F8041F1C800021F2F766FF7E
:10D49000002818BF0320F8BD2846FFF7C7FE002864
:10D4A000EAD0F8BD0E2070470CDB00203CDB0020EA
:10D4B00028DB002044DB002031D2020070B582B0AE
:10D4C00006460191019D6DB100242546214601A823
:10D4D000F3F75EFE18B106EB450301359C8001347D
:10D4E000142CF3D13046356002B070BD2DE9F04FF9
:10D4F0000388B0F80480103B8DB007460A2B33D860
:10D50000DFE803F00649323232323232325035002F
:10D51000374EB368DB43009371686846F3F758FEF3
:10D52000009901A8FFF7CAFFDDF804A0BAF1000FC7
:10D5300012D00DF106097C364FF0000B39F8025F6E
:10D540002C4C204629460434F3F716FEA642F8D1A7
:10D550000BF1010BD345F1D1B8F1130F2BD9264AAA
:10D56000F0210420F2F744FE0DB0BDE8F08F037AFD
:10D5700022483F2B4FEA131441462CD9F3F7F0FD14
:10D580001F484146F3F7ECFD1E4841460DB0BDE88B
:10D59000F04FF3F7E5BD1C4841460DB0BDE8F04F34
:10D5A000F3F7EABD037A002BDED1437A13481B0759
:10D5B0004146F2D5EAE714484146F3F7D1FD0D485C
:10D5C0004146F3F7CDFDFB7B012BCDD00F48414603
:10D5D000F3F7C6FDC8E7F3F7CFFD032CD0D008481A
:10D5E0004146F3F7C9FD022CCED006484146D4E7A8
:10D5F00064DB002068DB00207C1105007CDB002060
:10D6000078DB002074DB00206CDB002070DB002066
:10D61000132801D91420704710B504462146044848
:10D62000F3F7B6FD08B1204610BD142010BD00BFB1
:10D6300068DB0020AADF7047008800F00100704717
:10D64000F0B58B7891B0012B38BF01230C468DF8D3
:10D650000E3005460B88ADF80C301646002103222B
:10D66000684603F09CFE637C0022013B8DF800209D
:10D67000042B09D8DFE813F0CF00D300D700DB007C
:10D68000050022238DF80030A37C0022013B8DF899
:10D690000120042B09D8DFE813F0CE00D200D60019
:10D6A000DA00050022238DF80130E37B217B41EA7B
:10D6B000C301237C41EA03119DF8023001F01901F6
:10D6C00023F019031943237D002B14BF02230123E8
:10D6D00063F342018DF802101C22002109A803F017
:10D6E0005EFE637B13F0300F74D1637B8DF82430C2
:10D6F0001422A37B8DF82530002104A803F04FFEEF
:10D70000A288A368ADF81C2003AACDF814D0049217
:10D710001BB10893E388ADF81830A369002B36D00D
:10D7200001AF03220021384603F039FEA26900232D
:10D7300011888DF804305388ADF82E3053680D975A
:10D740000A93137BADF82C10013B042B2DD8DFE896
:10D7500003F0969A9E8A290022238DF80530917A4B
:10D76000137A43EAC103D17A927B002A9DF80620FE
:10D7700043EA011322F0190203F0190343EA0203FA
:10D7800014BF0222012262F342038DF80630E369DE
:10D7900003B10C93334604AA09A92846FFF74AFFB0
:10D7A00011B0F0BD22238DF80430537B0021013BE2
:10D7B0008DF80510042BD2D801A151F823F000BF39
:10D7C0006FD8020077D8020057D802005FD8020055
:10D7D00059D7020002AF03220021384603F0DFFDD3
:10D7E000E37C0022013B8DF80920042B07D8DFE8F9
:10D7F00003F0525E5A56030022238DF809309DF83B
:10D800000A300E97012262F342038DF80A30112389
:10D810008DF8083069E711238DF8003034E72123B3
:10D820008DF8003030E731238DF800302CE71223DB
:10D830008DF8003028E711238DF8013035E72123DA
:10D840008DF8013031E731238DF801302DE71223B7
:10D850008DF8013029E731238DF805307FE7122359
:10D860008DF805307BE712238DF804309DE71123F6
:10D870008DF8053073E721238DF805306FE711230C
:10D880008DF8043091E721238DF804308DE73123A2
:10D890008DF8043089E711238DF80930AFE71223A2
:10D8A0008DF80930ABE731238DF80930A7E7212344
:10D8B0008DF80930A3E700BF90DF7047A5DF704700
:10D8C000B5DF704770B584B00023ADF80810ADF82F
:10D8D0000A106A4602A90646ADF80C30ADF80E30C3
:10D8E0000093ADF80430FFF7E7FF044610B9204677
:10D8F00004B070BD124B134DED1AED08F4F7CAFBDE
:10D900002D0445F0010503460F4932462846F2F73B
:10D910000DF8BDF80020BDF8023052EA030103D033
:10D920000A492846F2F702F8BDF80420002ADED0A2
:10D9300028460749F1F778FF204604B070BD00BFC4
:10D94000DCCA040084CB0400D01105001C120500C1
:10D950005C12050008B90E20704700B54FF0641343
:10D960004FF01B0E03604FF0640C172241F61B337F
:10D9700080F804E00161A0F806C082608381002085
:10D980005DF804FB8288002A3FD130B50388242B40
:10D9900083B00C4611D80F2B33D9103B142B30D841
:10D9A000DFE803F0749C2F2F2F2F2F2F2F2F2F2FD7
:10D9B0002F2F2F2F2F2F2FA488003A2B46D0552BF7
:10D9C0001FD1C388C988A272172B38BF17238B4277
:10D9D00028BF0B4623811046FFF772FF002840F056
:10D9E0008E80E37A6BB922695AB12189ADF80410AF
:10D9F00040F67720ADF80000ADF8023069462046C9
:10DA00009047A37A5BB903B030BD7047112840F04E
:10DA10008E80237B627B01219A42A17245D3E188EB
:10DA20000020FFF74BFF60B31128ECD0F4F732FB76
:10DA3000464B4749024647481B1ADB081B0443F084
:10DA4000010003B0BDE83040F1F7EEBE4389C9885C
:10DA500025698B4228BF0B46172B38BF172323811C
:10DA600065B1E17A51B140F67721ADF80010ADF81B
:10DA70000220ADF8043069462046A84700236381A0
:10DA8000C1E74FF48073638103B030BDC27B0B7973
:10DA90000B73012A0CBF2188C988228908BFE18045
:10DAA0008A423AD3627B9A42ABD219460020FFF7F2
:10DAB00009FFA6E70B69027A4A73002BA1D0002167
:10DAC0004DF67A208DF80510ADF80000ADF8021083
:10DAD0008DF8042069462046984792E76421172272
:10DAE00041F61B33E180A260A3818CE7017A237B9E
:10DAF000994228BF19460020FFF7E4FE81E7F4F7BA
:10DB0000C9FA124B1449024612481B1ADB081B04BF
:10DB100043F00100F1F788FE63E70020FFF7CEFE37
:10DB200000287FF473AF0122237BE272BAE7F4F797
:10DB3000B1FA064B0649024606481B1ADB081B04CD
:10DB400043F00100F1F770FE237BABE784CB0400C8
:10DB5000B4120500DCCA0400E8120500B0DF70470B
:10DB600066DF704760B159B10378DE2B0AD00968CF
:10DB70004160DE224FF6FF73027043800020704741
:10DB80000E2070470820704738B10378DE2B02D191
:10DB9000418000207047082070470E20704700BF6A
:10DBA00011B330B5054685B018B10B78DE2B0C46A5
:10DBB00001D005B030BD80884B889842F9D10B7AEE
:10DBC00083BB2B88112B49D0512B12D0012BF0D1C4
:10DBD0002B7A012BEDD1012525720021FFF7C0FF23
:10DBE00000284FD12072E4E77047A88863888342F9
:10DBF000DFD1AB79022BDCD1AA7B02F0FD01042935
:10DC000033D0052AD5D100226946C1E9012200920C
:10DC1000CA608DF80030FFF7A1FF0028C9D0636803
:10DC20009847C6E70021FFF79BFF0346D8B11128AC
:10DC300018D0636898472B88112B0BD0512BD4D068
:10DC4000012BB6D12B7AAA88012BB2D160889042E1
:10DC5000AFD1C0E7AA8863889A42AAD14FF6FF7372
:10DC60006380A6E701232372E5E769460022C1E944
:10DC700001220092CA604FF4C0728DF80030ADF8F6
:10DC80000420C8E7112804D0636805B0BDE830401F
:10DC9000184725728DE700BF1AB3002370B50446FC
:10DCA00015461360B8B10368ABB1C38813F003061F
:10DCB0000FD10846FFF7ACFCC0B214280FD023796F
:10DCC00083420AD9E288236800FB0230286030468C
:10DCD00070BD072070BD0E2070BD042070BD0520F2
:10DCE00070BD0E20704700BFA8DF7047ADDF7047E2
:10DCF000AEDF704762DF7047002957D070B5044629
:10DD00008AB038B10388502B0D4650D0572B39D0EC
:10DD1000102B01D00AB070BD81886869002601AA65
:10DD20000196FFF7B9FF082231460DEB020003F020
:10DD300036FB02232989A088CDF80CD002AA0293D1
:10DD4000FFF7D4FF0028E5D1AB69002BE2D00398A0
:10DD5000FFF772FC0028DDD0019B0BB101221A7085
:10DD60001822002104A803F01AFBA188019A0223BB
:10DD70008DF81030AB690595ADF81810079204A81E
:10DD80009847C7E78188686902AAFFF785FF0028DE
:10DD9000C0D1029B1B78002BBCD00146182204A8DE
:10DDA00003F0FDFAA188029A0123E1E77047818818
:10DDB000686902AAFFF770FF1822002104A803F087
:10DDC000EEFAE3882989A288ADF818209942029AD0
:10DDD0000595079210D0AA899A429BD1AB69002B76
:10DDE00098D0228AADF82420002112348DF810102A
:10DDF000089404A898478DE7268A022EEBD1002AC2
:10DE000088D004F11200FFF717FC40B1029B0122F9
:10DE10001A708DF81060AB69002BB0D17AE7029AC6
:10DE2000032310708DF81030F5E700BF70B5374B45
:10DE30000D4604460FCB8EB00DF1080C8CE80F0098
:10DE4000002C60D0002D5ED02B68A3612146604677
:10DE5000FFF750FF08B10EB070BD2246012512F841
:10DE6000023B8DF8063001A92846ADF80450FFF7B3
:10DE70003BFF0028EFD10146202206A803F08FFACD
:10DE800022460223ADF8183012F80C3B8DF81A30F8
:10DE9000BDF824301E4E6088079623F44F6323F0AC
:10DEA0000F0343F440632B4306A98DF829508DF8E6
:10DEB0002A50ADF82430FFF7C3FB0028CBD1014630
:10DEC000202206A803F06BFABDF82430608807967C
:10DED00023F4875323F01F032246032143F4805386
:10DEE0002B43ADF8181040F20111ADF82A10ADF82F
:10DEF000243006A912F8043B8DF829508DF81A3009
:10DF0000FFF79EFBA7E70E200EB070BD5C14050066
:10DF10006100010060B3F0B587B00E4617460446B5
:10DF200001AA406919461D46FFF7B6FED8B94FF65B
:10DF3000FF739D4219D0019BBBB11B78EBB13B88AD
:10DF4000612B17D80146102202A803F028FAA388F3
:10DF5000ADF8083002A901232846CDE904768DF8F2
:10DF60000A30FFF7C5FE07B0F0BD052007B0F0BDD1
:10DF70000E207047072007B0F0BD0820F3E700BF70
:10DF800010DF704711DF704710B582B00C490446AE
:10DF90006846F4F743F8019B23B90EE0F4F75AF80A
:10DFA000019B53B1D3E900312046984703466846A8
:10DFB000002BF3D1112002B010BD002002B010BD23
:10DFC000CC1405000C4991F81623EC235209134197
:10DFD000DB0707D5094B9A6852B11A6842F48002F0
:10DFE0001A607047064AA12142F20200F2F700B916
:10DFF0004FF480030B60704700E100E0002F002029
:10E000006C14050070B5284D2C7884B0002C46D1D6
:10E01000264E012320463370FFF7B6FF11283BD070
:10E02000234902A8F3F7FAFF039B4BB1D3E9003170
:10E030000020984702A8F4F70DF8039B002BF5D1B8
:10E040001C4B00221B68019302A88DF80820F2F7F0
:10E0500047FA194901A8FFF793FFB0FA80F3044685
:10E060005B099DF808002B70F2F770FAA4B9134B06
:10E0700034701C70FFF7A6FF0D4902A8F3F7CEFF1E
:10E08000039B4BB1D3E900310120984702A8F3F775
:10E09000E1FF039B002BF5D1204604B070BD08249E
:10E0A000204604B070BD00BFE1DB0020E0DB0020B3
:10E0B000E4140500C81405000D020200E2DB002094
:10E0C000F0B52A4D2B7883B0002B45D0284E012087
:10E0D0003070FFF759FF11283AD026496846F3F708
:10E0E0009DFF019B4BB1D3E9003102209847684660
:10E0F000F3F7B0FF019B002BF5D1002768468DF8A0
:10E100000070F2F7EDF9FFF73DFF04469DF80000BF
:10E110002F70F2F71BFAE4B9174B34709A68FAB90A
:10E12000164B4FF48002C3F8802012496846F3F77B
:10E1300075FF019B6BB1D3E9003103209847684616
:10E14000F3F788FF019B002BF5D1204603B0F0BD0B
:10E150000024204603B0F0BD0824204603B0F0BDE3
:10E160001A6822F480021A60DFE700BFE1DB0020BA
:10E17000E0DB0020E4140500002F002000E100E0B7
:10E18000054B1B7833B1054B1B780BB1FFF798BFDC
:10E19000FFF738BF08207047E0DB0020E1DB0020FC
:10E1A000014B1878704700BFE1DB002000B583B059
:10E1B00008496846F3F732FF019B43B1D3E90020D9
:10E1C00090476846F3F746FF019B002BF6D103B05A
:10E1D0005DF804FBD814050060DF704769DF704705
:10E1E00061DF7047164B1B784BB330B5154DB7B098
:10E1F000CC240DF1020103A8ADF80240FFF7F0FFB7
:10E2000088B9294601A8F3F709FF029B002BF0D03B
:10E21000D3E9003103A8984701A8F3F71BFF029B3D
:10E22000002BF5D1E5E7052801D137B030BD064A0E
:10E2300040F2391137B0BDE83040F1F7D9BF70472F
:10E24000E3DB002054150500F014050000295DD023
:10E2500070B52F4B0B6084B00C4605460C22002194
:10E2600001A803F09CF8012606232268ADF80830C7
:10E2700001A920208DF804508DF80660FFF7AEFF4D
:10E280000C22002101A803F08AF822688DF80560AD
:10E2900001A94020FFF7A2FF0C22002101A803F0F2
:10E2A0007EF864232268ADF8063001A923208DF89A
:10E2B0000450FFF793FF0C22002101A803F06FF830
:10E2C00022688DF8046001A93046FFF787FF0C2211
:10E2D000002101A803F063F84FF4B06322680193B2
:10E2E00001A9A120FFF77AFF0C22002101A803F069
:10E2F00056F89DF804302268334301A9A0208DF818
:10E300000430FFF76BFF002004B070BD0E20704793
:10E310000C26002008B5FFF75FFF10B9014B012262
:10E320001A7008BDE3DB002008B5064B1B6803B17B
:10E330009847FFF73BFF4FF0FF310120FAF77EF9D6
:10E34000F7E700BFE8DB002000B50B4A83B00023ED
:10E350001068019301A9FAF7F3FA019B43B1074B47
:10E360004FF080525A6040BFBFF34F8FBFF36F8FA3
:10E3700003B05DF804FB00BFE4DB002000ED00E02B
:10E3800030B50B461149124C83B00222CDE9002171
:10E3900005461049104825604FF48072F9F7CAFA13
:10E3A000012801D103B030BD0C4B0D480D49C01AF6
:10E3B000C008000440F00100F1F702FD0A4A6B2199
:10E3C000042003B0BDE83040F1F712BFE4DB0020C9
:10E3D000E8DB00206015050029E30200DCCA040028
:10E3E000A4CB040064150500841505004BDF7047BD
:10E3F00010B5134C84B001A8FFF7F8FFA8B9214667
:10E4000002A8F3F70BFE039B002BF4D0D3E90031F5
:10E410000198984702A8F3F71DFE039B002BF5D146
:10E4200001A8FFF7E3FF0028E9D0052801D104B0D7
:10E4300010BD044A6B2104B0BDE81040F1F7D8BE0E
:10E440005C160500F815050008B5F9F713FC002067
:10E4500008BD00BF10B584460B46BCF81020DCF8A0
:10E460000010BCF908C0406884B0BCF1840F14BF30
:10E470000CF103040024009403AC0194F9F75AFA58
:10E4800001280CBF0398002004B010BD08B5F9F7AF
:10E4900033FB002008BD00BF00B5002385B0CDE9E7
:10E4A0000233EFF30583B3B102AB0093012203AB58
:10E4B000FAF7C6F9012814D1029B43B10A4B4FF079
:10E4C00080525A6040BFBFF34F8FBFF36F8F0398E6
:10E4D00005B05DF804FB03AB0122FAF731F901281E
:10E4E000F5D04FF00040F3E700ED00E030B585B027
:10E4F000002304460293EFF3058048B18223019381
:10E5000004AB13E9070084E80700204605B030BDDE
:10E510001346154602AAFAF7C7F8012805D00DB927
:10E520000195EDE740230193EAE7029B002BB4BF7E
:10E53000862308230193E3E70120F8F7B1BE00BF6B
:10E5400010B582B00024019408B3EFF3058333B90A
:10E55000F9F71AF8012817D1002002B010BD01AA5E
:10E560002146F9F7F1F801280ED1019B002BF3D0D9
:10E57000084B4FF080525A6040BFBFF34F8FBFF33C
:10E580006F8F204602B010BDFF2002B010BD80206A
:10E5900002B010BD00ED00E010B582B0002401947F
:10E5A000EFF3058393B101A9F8F7EAFE012813D12F
:10E5B000019BA3B10B4B4FF080525A6040BFBFF399
:10E5C0004F8FBFF36F8F204602B010BD1A46194619
:10E5D000F8F7A8FD012802D0FF2002B010BD0020EE
:10E5E00002B010BD00ED00E010B5EFF305841CB9DA
:10E5F000F9F702F9204610BD8224204610BD00BF65
:10E600000129084601D0F8F75DBD10B503220021AD
:10E61000F8F72EFD044620B100231A461946F8F7F4
:10E6200081FD204610BD00BF10B582B000240194CA
:10E6300008B3EFF3058333B9F8F7A6FF012817D124
:10E64000002002B010BD01AA2146F9F77DF801288B
:10E650000ED1019B002BF3D0084B4FF080525A6033
:10E6600040BFBFF34F8FBFF36F8F204602B010BD86
:10E67000FF2002B010BD802002B010BD00ED00E010
:10E6800010B582B000240194EFF3058393B101A982
:10E69000F8F776FE012813D1019BA3B10B4B4FF085
:10E6A00080525A6040BFBFF34F8FBFF36F8F204639
:10E6B00002B010BD1A461946F8F734FD012802D001
:10E6C000FF2002B010BD002002B010BD00ED00E040
:10E6D00010B5EFF305841CB9F9F78EF8204610BD8C
:10E6E0008224204610BD00BF10B501FB00F282B0AD
:10E6F00010460192F8F736F9044618B1019A002144
:10E7000002F04DFE204602B010BD00BFF8F72AB956
:10E71000F8F7C2B900487047ECDB00202DE9F04360
:10E72000DFF89890214DDFF89880214FC9B0D9F8D3
:10E730000400FFF731FF4FF0FF32012104A8FFF77B
:10E74000D5FED9F804000021FFF7FAFE2B689A697C
:10E75000002A21DD0024742606FB04301549426A94
:10E7600090F81EC0808B9B68009081FB02E1D2175D
:10E77000C2EBA101BCF1000F0CBFC646BE46CDE9FD
:10E7800001E10D4A4FF4807108A802F087FD2B6863
:10E790009A690134A242DFDC08A802F07CFE08A9D5
:10E7A00002460020FEF716F8C1E700BFC4DC0020D7
:10E7B000741605006766666678160500B4DC0020EE
:10E7C000701605002DE9F041734C744D86B0064675
:10E7D000F8F7CCFA23681B692B6013F0EFF80028D8
:10E7E00040F0D48000F0D0FEDFF8E4810746C8F89E
:10E7F000000000F087F902466949B2F836C0A1F876
:10E800000CC0B2F834C0674B0A60A1F80EC02832C1
:10E8100092F810C04A6000221A605A6101225A60C0
:10E8200083F82D2002F1837202F101128A605E4AA0
:10E830001A615E4A1A625E4A99625A620321042290
:10E84000C3E9021202229A6140F601029A83292248
:10E850009A774FF48072D8F800007B63DA8583F8EA
:10E860002CC000F009FF002840F08A80002013F03F
:10E8700029FA2368988A13F0CFF94E4A0321002021
:10E8800013F01EF912F060FC002873D1286812F012
:10E890007BFC002868D121682868183112F0D5FC6B
:10E8A000002834D1002E39D1434C444E0FCC0DF109
:10E8B000040CACE80F0000272368CCF80030684651
:10E8C0000097FFF739FE3946034601A87360FFF74A
:10E8D000C1FD012302464FF4EC603260B360FFF7E4
:10E8E00015FF374A336810602BB320B313F080F85C
:10E8F00048BB2868032112F05FFC00282ED1314B61
:10E9000001221A7006B0BDE8F041F8F74BBA2E4963
:10E910002E488222F0F750FC002EC5D021682868CE
:10E920004C3112F0ABFC0028BED027492748882282
:10E93000F0F742FCB8E73921012001F04BFC13F05D
:10E9400057F80028D5D0204920489022F0F734FC11
:10E950002868032112F030FC0028D0D01A491B4847
:10E960009322F0F729FCCAE7174918487E22F0F7EE
:10E9700023FC90E7144915487B22F0F71DFC85E73E
:10E98000114912487222F0F717FC6FE70E490F4841
:10E990006922F0F711FC25E7B0DC0020DCDC002068
:10E9A000C8DC002080DC002080F0A3246CDC002088
:10E9B0005CDC0020D5E9020024170500B4DC00204F
:10E9C000C4DC0020E0DC0020B016050020170500A4
:10E9D0007CDC00200B4B10B50C462046196812F069
:10E9E000B5FE2046FFF794FE074B01211868FFF79C
:10E9F00053FD00B910BDBDE810403C21012001F0DD
:10EA0000E9BB00BFC4DC0020B4DC002038B5294CD1
:10EA100023783BBB284C2368A3B14FF0FF316068DB
:10EA2000FFF78EFDF8F7A2F96068FFF7B5FD2068E3
:10EA3000FFF72CFD054678B13E21012001F0CAFB0D
:10EA4000F8F7B0F91D4C2068FFF762FE0023236041
:10EA5000BDE8384012F0C4BF6068FFF7C5FDC4E9E7
:10EA60000055EDE7164D286812F0BFFB78B912F09B
:10EA7000DFFF286812F0D1FBA8B9124D286800F01A
:10EA80002BFE286800F06EFD00232370C2E70E48BD
:10EA90000E499D22F0F790FB12F0CAFF286812F091
:10EAA000BCFB0028E9D009490748A222F0F784FB03
:10EAB000E3E700BFE0DC0020B4DC0020C4DC002081
:10EAC000DCDC00207CDC002020170500B0160500EF
:10EAD000024B024601201A60FFF774BEB0DC002032
:10EAE000024B024600201A60FFF76CBEB0DC00202B
:10EAF00008B5FDF7E1FDFDF7DBFD014B186008BD32
:10EB0000E4DC0020014B1868704700BFE4DC002003
:10EB1000024B1B6893F83C00704700BFE4DC002008
:10EB2000034B00381B6818BF012083F83C00704776
:10EB3000E4DC0020806A10B484686469646B00239C
:10EB4000A4461A465DF8044B0321604739B1488F4B
:10EB500010F0020001D000207047488770474FF046
:10EB6000FF307047F0B5856AAB68D3E9042683B0FF
:10EB7000D76A084A0C461F2301212846B84701AB33
:10EB8000766B002228465721B047019B2360002066
:10EB900003B0F0BD200001000802090E704700BF5D
:10EBA000120A42EA03607047826AC368526B926A33
:10EBB0001944908921F001034FF480720021E3FB96
:10EBC00002017047DDE90001101A63EB010303F055
:10EBD000FF011B0648BF61F0FF017047826A536B5B
:10EBE00010B59B6A1A68D37892F806E0082BD37A9E
:10EBF0008CBF4FF4FE744FF4F874BEF1000F0CBFDD
:10EC00004FF4007E4FF0400EDBB1137B4FF0200C31
:10EC10000CFA03FC04FB0CFC0CF5285CC9000A4B45
:10EC2000C06801F2491283FB0243D217C2EBE3131F
:10EC300003EB430301EB03130EFB03C300EB630081
:10EC400010BD4FF4285CE9E735064C63042910B485
:10EC5000806A09D084686469246A4FF0FF3CDCB1A3
:10EC6000A4465DF8044B6047052A01D0092AF1D17A
:10EC7000042B15D8022B02D8002BEBD10923446BAF
:10EC8000A46A24682270E370237184686469246A2A
:10EC90004FF0000C002CE3D160465DF8044B704748
:10ECA000A3F10904032CD5D8E9E700BF0020704781
:10ECB0002DE9F041866AB3688846D1075F6982B062
:10ECC000144607D57D6B08F1020300225E21304611
:10ECD000A84748B9A2070AD57D6B08F108030022AE
:10ECE0005B213046A84710B102B0BDE8F081630750
:10ECF00007D57D6B434600225D213046A84700289A
:10ED0000F2D114F00800EFD098F810205AB10C4B53
:10ED10007C6B1B680193002201AB5A213046A0474F
:10ED200002B0BDE8F0817C6BADF80420ADF80620A0
:10ED300001AB30465A21A04702B0BDE8F08100BFC8
:10ED4000A0170500002070470020704710B5806AAA
:10ED50008368426B5C69926A646B118182B040F295
:10ED600007135381ADF80410ADF80630002201AB53
:10ED70005A21A047002002B010BD00BF29B122B126
:10ED8000B3FA83F04009404270474FF0FF307047BC
:10ED9000B1FA81F149094842704700BF002070472D
:10EDA00000207047000000002DE9F0433C4EC4688D
:10EDB00033683C4D05EB4318A3685B694FF00009CD
:10EDC0005B69C8F80890074685B0204698473368C5
:10EDD000C8E9000105EB4312F988C2F80C9000293C
:10EDE0004AD0802928BF80215161ADF80C10A1685C
:10EDF000ADF80E9049694F6B2B4901EBC3131361BA
:10EE000002934A4602AB21212046B847A3685B69BA
:10EE10004A465F6B2C210DF106032046B847BDF929
:10EE20000600336807EE900A05EB4313F8EEE77A25
:10EE3000188317EE900A02F09FF817A3D3E9002376
:10EE400001F0D8FF02F072F8616B02462C312046C7
:10EE500000F070FC33685801144A012B054414BFBC
:10EE6000013300231068A56408213360FFF714FB09
:10EE700040B905B0BDE8F083C2E904110221580190
:10EE8000D160E9E73C21012005B0BDE8F04301F085
:10EE9000A1B900BFAFF300800000000084D7F73FA6
:10EEA000E8DC0020F8DD0020F4DC0020ECDC0020B1
:10EEB00008B501F071F8002008BD00BF70B5164E0E
:10EEC00084B005467068FFF767FB4FF0FF3201A87A
:10EED0000F21FFF70BFB029C70680021FFF730FB4E
:10EEE000E1070AD4A2070DD4630710D414F0080F69
:10EEF0002846E7D018F058FFE4E7284618F0D8FF76
:10EF0000A207F1D5284618F079FF6307EED5042152
:10EF1000284618F09DFFE9E7ECDC002008B5064B19
:10EF200002211868FFF7B8FA00B908BDBDE808402B
:10EF30003C21012001F04EB9ECDC00202DE9F0412C
:10EF4000846A626BA36850685D6982B001F0D6F88C
:10EF5000F7F70CFF23681B69984701F015F8636BFE
:10EF6000434A996A434B0E682261A361424A434B6C
:10EF70006361E2617078A76B00F0A6FDB379002BA6
:10EF80006FD17379012B14BF08231023F278D4F8C2
:10EF90004480082A8CBF4FF4FE724FF4F872034489
:10EFA00002FB03F3626B926A5B101668FB60F378F6
:10EFB000082B8CBF4FF4FE634FF4F863BB608CBF2B
:10EFC000FE23F8237B60707800F07EFDF278666C9B
:10EFD000B0F5806FD4BF20234023082A8CBF4FF4A4
:10EFE000FE724FF4F87202FB03F3626BC8F8003054
:10EFF000936A1B68587800F067FD636C1A68B0F577
:10F00000806FD4BF2023402390FBF3F002F5FF5321
:10F010001F3393FBF2F303440233736003F056F89B
:10F020000028FBD02B68204698470546D8B9A3682E
:10F030001B690022DE6AADF806200DF106031D21D2
:10F040002046B047A16809690DF10603CE6A002287
:10F050001B212046B047F7F7A5FE284602B0BDE8C1
:10F06000F081082392E7064800F004FD0725DEE75B
:10F070008DF302001DEF02006DF30200A9ED020006
:10F080004417050070B5446B8268A36A52691B6817
:10F09000566B1D7B82B0202303FA05F50C460DF15B
:10F0A000060300224B21B047BDF90630C3EBC31362
:10F0B0005B0093FBF5F3FE2B08DC002B0CDB01332C
:10F0C000DBB2002084F8353002B070BDFF23002091
:10F0D00084F8353002B070BD0123002084F835304B
:10F0E00002B070BD2DE9F041876A82B00546282044
:10F0F0000E461446D7F84880FFF708FBBA6C30601C
:10F10000D2E90423C26103B1023B4361638F9A07D2
:10F1100012D07A6B926AD189D8F80020501AD8F8A8
:10F120000410A0604FEA122242EA016261F100017C
:10F13000E160E968521A2260D8F80C20D00744BF79
:10F1400043F480636387590617D4DA0544BF00226D
:10F15000A26200229F0584F835201FD41A0643D4EA
:10F16000306823F47843456923F03C036387002D1E
:10F1700033D0002002B0BDE8F081BB685B6938463F
:10F1800000225F6B33210DF10603B847BDF906205D
:10F190004AF26663C4E90823638FD6E7A86A21466A
:10F1A000FFF770FF0028E5D1638F18061A46D7D500
:10F1B000990519D594F835305BB1982B1CD9C3EB60
:10F1C000831103EB81030D49A1FB03139B09793BD9
:10F1D000DBB284F834301346C2E7FFF799FA2846C9
:10F1E000356002B0BDE8F081A86A2146FFF74AFF0A
:10F1F0000028BFD1628FDDE70123EAE7A1A0A0A02C
:10F2000070B5846AA3685D694FF0FF322E6B1146BA
:10F2100020460023B0476D6B00232046AC461A46BB
:10F22000BDE87040032160472DE9F04F866AB3685E
:10F230005F69137B14468B46B1FA81F203F030010B
:10F24000A1F13001B1FA81F152094909914285B029
:10F2500077D1C3F301138DF800307D6B6B46814687
:10F2600000221A213046A847237B13F0010A38D127
:10F270006368002BD0463EDDB3685B693046DB6ACD
:10F28000002198476268002A1346B8BF02F1FF03C5
:10F290001812A368103820EAE070002B40D1736C7C
:10F2A0005B68CDF80080B2F5885FCDE90103A4BFAB
:10F2B0004AF002030393B368B8BFCDF80CA05B69B2
:10F2C0009C68BBF1000F25D0DBF81420DBF81C1084
:10F2D00002326B463046A047002835D105B0BDE864
:10F2E000F08FD9F80C30226802EB03086368002B1A
:10F2F0004FF0010AC0DC00234FF0FF30CDE90103DD
:10F30000B368CDF80CA05B69CDF800809C68BBF1B8
:10F31000000FD9D16B465A4659463046A047DBE725
:10F32000591C0CD0D9F82810496C096801EB43032B
:10F33000013B93FBF1F3716C49680B44B1E7002387
:10F34000AFE76FF01500C9E76B46002257217C6BD1
:10F350003046A0470348009A414600F08BFB6FF00F
:10F360003D00BBE7601705000020704708B5064B5D
:10F3700004211868FFF790F800B908BDBDE80840FF
:10F380003C21012000F026BFECDC002008B5064B34
:10F3900001211868FFF780F800B908BDBDE80840F2
:10F3A0003C21012000F016BFECDC00202DE9F043E9
:10F3B000846A0B7AA26885B05669C3F301130F46BD
:10F3C0008DF80430756B01AB00221A21814620466E
:10F3D000A847397AA36811F0010818BF3D685B6936
:10F3E0001ABFA5F580554FF00108454611F00201FE
:10F3F000DB6A18BF0121204698477B687BB9636CA4
:10F400005B68CDF80C80CDE90153A3685B6901A965
:10F41000DB682046984798B905B0BDE8F0835A1CD0
:10F420000CD0D9F82820526C126802EB4303013B40
:10F4300093FBF2F3626C52681344E2E70023E0E7C7
:10F4400001AB00225721766B2046B0470348019A52
:10F45000294600F00FFB6FF03D00DDE78017050047
:10F460002DE9F043856A4B6AAA68202B566985B05E
:10F470000C466AD0402B0FD0802B6AD0B3F5807F2A
:10F4800065D0B3F5007F66D0B3F5806F65D0B3F576
:10F49000006F64D1062300E00123226A012A5EDCAA
:10F4A0008DF800306A6B926AD2F8008098F80C20D0
:10F4B0009A42E94618D0776B4B460022962128469F
:10F4C000B8470028B8BF6FF001000ADB9DF8003094
:10F4D00088F80C30776B4346002297212846B847BE
:10F4E00010B105B0BDE8F0832369776B1BBA0393B5
:10F4F00063691BBA0293A3691BBA0193E3691BBA40
:10F50000009300224B4615212846B8470028E8D131
:10F51000216809BA0391616809BA02460291A0689C
:10F52000E168746B00BA09BA019000914B4616214C
:10F530002846A0470028D4D103460246746B2846CB
:10F540001721A04705B0BDE8F0830023A5E70323FA
:10F55000A3E70223A1E704239FE705239DE76FF0BC
:10F560001500BEE778B110B50446006DFFF7D0F87E
:10F57000606CFFF7CDF8206CFFF7CAF8A06BBDE810
:10F5800010401AF031BB7047F0B5354E83B05420AF
:10F5900031461AF06FFA0446002859D0856A4FF4B4
:10F5A0001670C5E90E46FFF7B1F82864002843D06D
:10F5B0000820FFF7ABF8686400283AD0294B0026F2
:10F5C0005B682B60FF2285F84C208DF803601F6874
:10F5D0002E6501AB04220DF103010120B847224B37
:10F5E0002248AE608342019E20D2D3E900217240BE
:10F5F0000A4208BFAB601C338342F6D3AB68ABB1A1
:10F60000626A1B49712353604FF480701269216054
:10F61000D021C4E9040110A1D1E900012362154BF6
:10F62000A361C2E90001284603B0F0BD686CFFF792
:10F630006FF8286CFFF76CF8286DFFF769F8686CB5
:10F64000FFF766F8286CFFF763F8A86B1AF0CCFA9E
:10F650000025284603B0F0BD57EB1CE4D62C55D648
:10F66000B8170500381B0500E8CB04003CCC0400AB
:10F670000098E00E00F03C00F0B5054687B0806BC6
:10F68000124F134C1AF0FEFA002306466846009308
:10F69000FEF752FF78600FCC0DF1040CACE80F00C0
:10F6A0002368A96BCCF8003001A8FEF7D3FE03460F
:10F6B000A86B3B60FFF742FC284602F0CBFC054BF1
:10F6C000024630461A6007B0F0BD00BFECDC0020F7
:10F6D000A4170500F4DD002070B5144C236805461E
:10F6E000A3B14FF0FF316068FEF72AFFF7F73EFB4A
:10F6F0006068FEF751FF2068FEF7C8FE064670B14D
:10F700003E21012000F066FDF7F74CFBA86B1AF0D4
:10F71000FBFA074BBDE87040186802F09BBC6068BC
:10F72000FEF762FFC4E90066EEE700BFECDC0020F4
:10F73000F4DD002070B50646104614460D4601F073
:10F740004CFD64281ED904F1320307EE903A9FED78
:10F750000E7A2A78F8EEE77A2B4667EE877AFDEE86
:10F76000E77A17EE901A521A52B282F306022A7002
:10F77000B1680869C46A00223046A4463F21BDE84A
:10F780007040604770BD00BF0E745A3C70B50123D5
:10F7900004464370C380838100264FF48243867001
:10F7A000A36091F82330022B0CBF0323334663710F
:10F7B00091F82030237091F82130E3702371B1F873
:10F7C0003930A3824B6823610B6B236210460D46D0
:10F7D000FFF7A6F9FFF79CF9012806BF40F20113D5
:10F7E000238326832B7AA376AB7A84F8333095F87B
:10F7F0002330022B18BF002384F83430D5E90513D9
:10F80000EA696262E162B3FBF2F3A3626B7AE376C8
:10F810006A7C0023D21A18BF012284F83020EA7AC9
:10F8200084F84320AA8FA28395F83B10E166A4F8E0
:10F830004C2095F83E2084F83C2095F83F2084F831
:10F840003B2095F8402084F83A2095F8412084F830
:10F85000392095F8422084F8382095F8432084F820
:10F86000372095F8442084F8362095F8452084F810
:10F87000352095F8202084F8312095F8210084F86F
:10F8800032004FF6FF71012284F83D30E187A4F881
:10F89000402084F8423084F8443084F8463070BD0B
:10F8A00030B585B0FEF736FF0546FFF72BF91B4C48
:10F8B0006068FEF771FE42F2107201A80721FEF7A0
:10F8C00015FE00216068FEF73BFEFBF715F9019B72
:10F8D000402BEDD0FFF79AF800F056FB029B022B6D
:10F8E00004D0042B0ED002F04DF9E1E7FFF70AF93E
:10F8F000012200F13C012846FFF748FF2846FFF7A8
:10F90000E7F8D5E7FFF7FEF8002200F13C012846B2
:10F91000FFF73CFF2846FFF7E3F8C9E738DE002091
:10F9200070B586B0FFF7E4F800F070F800F090F8DA
:10F93000B8B9002668460096FEF7FEFD0F4D104C44
:10F9400068600FCC0DF1040CACE80F002368CCF814
:10F950000030314601A8FEF77DFD286038B106B0C1
:10F9600070BD084AB1211320F0F742FCE1E7042002
:10F97000044ABC21F0F73CFC06B070BD38DE002024
:10F980009818050030180500074B10B51C68FFF7E4
:10F99000BFF810F0010F18BF0221204608BF042154
:10F9A000BDE81040FEF778BD38DE0020024B012193
:10F9B0001868FEF771BD00BF38DE0020704700BF39
:10F9C00008B54FF0A0430C22C3F83C27F9F742FBDF
:10F9D00088B10020F9F72AFCF9F77CFC0028FBD05D
:10F9E0000020F9F75BFBFFF7E9FFBDE808404EF6A2
:10F9F000602000F07DB8F9F733FB0028E9D0024A17
:10FA00002C21F0F7F5FBE4E7AC18050070B50320F6
:10FA1000F9F7A0FA0D4DFFF7D3FF062645F00105D3
:10FA20000020F9F767FA0120F9F764FA0220F9F7E4
:10FA300061FA0320F9F75EFAFA244FF47A40A847F6
:10FA4000013CFAD1013EEBD170BD00BF3019050079
:10FA500008B5032000F0DEFA00F06CFB00F094FA29
:10FA600000F0A2FABDE80840014802F0A7BA00BFC2
:10FA7000381B05000FB410B5124C84B006ABD4F897
:10FA8000000253F8042B039304EB8010402101F093
:10FA900005FCD4F8001204EB81110846019101F035
:10FAA000FAFC019902460020FCF794FED4F80032DB
:10FAB000013303F00703C4F8003204B0BDE810407E
:10FAC00004B0704748DE002001380C289ABF034B71
:10FAD00053F820004FF0FF30704700BF3819050081
:10FAE000024A136801331360704700BF50E00020E2
:10FAF00010B5134B044693E8070084B001AB83E8CC
:10FB00000700104902941846FAF77EFF38B90E48EC
:10FB1000FBF714F860B9FAF7CDFF04B010BD0B4A3B
:10FB20002821F0F765FB0848FBF708F80028F2D019
:10FB3000064A2A21F0F75CFBFAF7BCFF04B010BDBF
:10FB4000E4190500E1FA02004CE000206C19050000
:10FB5000014B01221A707047E5E100200120704737
:10FB600070B5134D2B78012B1DD0022B1CD01148E2
:10FB7000114A01694162002300F11C01FBF756F8AC
:10FB800060B90E4C01232B701C434FF47A40A04700
:10FB900023464FF47A40BDE870401847084A7B215D
:10FBA000F0F726FBEDE770BD0648FAF7A9FADEE7A5
:10FBB000E4E100202C26002051FB0200701A050011
:10FBC000F0190500302600200E4B10B59C69292C39
:10FBD00009D81F2C0CD84FF0A042012303FA04F4DB
:10FBE000C2F80C4510BD084940F2CD1001F024F8D0
:10FBF000064A04F01F04012303FA04F4C2F80C457A
:10FC000010BD00BF2C260020F40B0500000300509F
:10FC10000E4B10B59C69292C09D81F2C0CD84FF01D
:10FC2000A042012303FA04F4C2F8084510BD0849B4
:10FC300040F2CD1001F000F8064A04F01F04012341
:10FC400003FA04F4C2F8084510BD00BF2C260020BA
:10FC5000F40B05000003005070B52C4D2B78022BDF
:10FC60004ED0012B4DD02A4C2A4A61696162002393
:10FC700004F11C012046FAF7D9FF00283BD1267F6A
:10FC8000292E334625D81F2E28D84FF0A042647F56
:10FC900003F5E07340F20131292C42F8231023468A
:10FCA00020D81F2C23D84FF0A04203F5E07340F278
:10FCB0000331194C42F8231002232B7044F0010445
:10FCC0004FF47A40A04723464FF47A40BDE8704095
:10FCD0001847124940F2CD1000F0AEFF104A06F06E
:10FCE0001F03D4E70D4940F2CD1000F0A5FF0C4AE8
:10FCF00004F01F03D9E70B4A9821F0F779FABEE721
:10FD000070BD0948FAF7FCF9ADE700BFE4E1002057
:10FD10002C26002051FB0200701A0500F40B050090
:10FD200000030050F01905003026002038B5254B9F
:10FD300098BB01214FF08042197019734FF0A05108
:10FD4000C3E90421204C214D5C6018729C69204855
:10FD5000D86100214FF60270292C83F82C101884EA
:10FD60005A6219850AD81F2C0DD84FF0A04304F50C
:10FD7000E074032243F82420284638BD154940F298
:10FD8000CD1000F059FF04F01F04134B04F5E0748C
:10FD9000032243F82420284638BD03280ED10F49FA
:10FDA00018704FF080420124022059604FF0A0519A
:10FDB000C3E904210A4D1C731872C7E71A690025AC
:10FDC000C4E700BF2C26002000300040781A050050
:10FDD00003081D26F40B05000003005000F002404C
:10FDE000941A05002DE9F04F00EB020BBBF1C80F90
:10FDF00085B045DCDFF8A4A09AF82C4006461746EB
:10FE00009846002CFDD10E9B93F82C30012B3BD053
:10FE10000E9BDFF88C90DAF804201D4D012083F84A
:10FE20002C000720C2F800053246484601F08EFA41
:10FE300021463A4609EB060001F0B1FA2C70224641
:10FE40001448154CCDF800906946CDF804B0CDF8B3
:10FE50000CB00294FAF7CEF929780029FCD03A4682
:10FE6000A119404601F072FADAF804200023C2F822
:10FE700000350E9A184682F82C3005B0BDE8F08F98
:10FE8000042005B0BDE8F08F4FF0FF30F5E700BF6C
:10FE9000E5E10020302600201CE100202C26002077
:10FEA00054E0002010B582B0024C0094FFF79AFF96
:10FEB00002B010BD2C2600202DE9F04F00EB020807
:10FEC00085B0B8F1C80F0E9F3CD8DFF8949099F830
:10FED0002C40054616469B46002CFDD197F82C3049
:10FEE000012B33D0D9F80430DFF878A0012287F84D
:10FEF0002C200722C3F8002550462A4601F026FA96
:10FF0000324659460AEB050001F020FA114D124B1A
:10FF10001248CDF800A022466946CDE90183CDF80C
:10FF20000C802C70FAF766F92B78002BFCD0D9F8EE
:10FF300004200023C2F80035184687F82C3005B09D
:10FF4000BDE8F08F042005B0BDE8F08F4FF0FF3022
:10FF5000F5E700BFE5E100201CE10020302600208D
:10FF60002C26002054E0002010B582B0024C0094F2
:10FF7000FFF7A2FF02B010BD2C260020014B1B682A
:10FF8000DB681847ECE10020024B1B681888F9F782
:10FF900039BC00BF5C260020024B1B680121188879
:10FFA000F9F798BB5C26002070B54FF0A0450A4CCD
:10FFB0004FF000730322C5F8642744F00104C5F82C
:10FFC0000C354FF4FA40A0470023C5F864370348C6
:10FFD0002346BDE870401847301B0500007701003C
:10FFE00038B5084D084C2B681B68984744F001044D
:10FFF0004FF4FA40A0472B685B6898470348A04736
:020000040003F7
:10000000002038BDECE10020301B05000077010026
:10001000FFF7E6BF10B50446002002F02BF820469B
:10002000FFF784FE074C206018B1BDE810408368DC
:1000300018470120142100F0CDF82068BDE81040D9
:1000400083681847ECE1002010B5074C2368188836
:10005000F9F732FC08B9002010BD23681888F9F7B9
:10006000D1FB002010BD00BF5C26002000B9704706
:10007000024B1B6801211888F9F72CBB5C26002075
:10008000F8B5174D174E184F08E01F2C12D8D3F8AB
:100090001035D340DB0715D502F02CF82A681488F8
:1000A000292C4FF0A0432246EFD9394640F2CD101B
:1000B00000F0C2FD334604F01F02D3F81035D340E0
:1000C000DB07E9D4094B1C78012C00D0F8BD084BA4
:1000D0000220187001F0ECFF064B1C70F8BD00BF49
:1000E0005C26002000030050F40B0500E6E1002030
:1000F000E7E10020E8E10020FFF7C2BF10B50446A9
:10010000F6F734FE084B1B681888F9F77BFB44B9F7
:10011000064A074B002414701C70F6F743FE204675
:1001200010BDFFF741FFF3E75C260020E6E1002069
:10013000E7E1002000B583B0F9F70EFA10B103B083
:100140005DF804FBF9F7C0F9B8B9124B124A1B6805
:10015000ADF80430180C4FF0010C8DF8060001A921
:1001600022208DF805C0F9F701FA60B9002122209C
:10017000F9F7B0FA03B05DF804FB084A40F22B111E
:10018000F0F736F8E1E7054A40F23111F0F730F8C0
:10019000ECE700BF281B0500F9000300B01A0500BA
:1001A00050B138B5054D044645F001054FF47A408D
:1001B000A847013CFAD138BD704700BF701B05004D
:1001C00020B1034B800143F001031847704700BF83
:1001D000701B05002DE9F84F1B4B196088B31B4DB0
:1001E000DFF86CA08B4645F001054FF0A048BBF14D
:1001F000000F25D0D946102703269AF80000FAF7F9
:10020000DDFC6424C8F80C754FF47A40A847013C23
:10021000FAD1C8F8087564244FF47A40A847013C25
:10022000FAD1013EE9D14FF47A744FF47A40A847ED
:10023000013CFAD1B9F10109DED1BBF1000FD9D1EE
:10024000FEE7BDE8F88F00BFF0E10020801B05004D
:100250004CE00020F0B5CDB004460D4616461F46D2
:1002600028498023022203A80293F5F787FC10B3E4
:1002700048F21953984216D848F20253984230D99E
:10028000A0F50540033816282BD8DFE800F03632F9
:100290002A2A2A2A2A2A2A2A2A2A2A2A2A2A2A2ABE
:1002A0002E2A2A2A2E0048F26053984219D16FF064
:1002B00049004DB0F0BD214603A8F5F791FC002898
:1002C000D6D102AB009332463B46294603A8F5F748
:1002D0009FFC0028CCD103A8F5F764FC0028E8D0E7
:1002E000C6E76FF015004DB0F0BD6FF00B004DB0DC
:1002F000F0BD6FF00F004DB0F0BD6FF05E004DB07F
:10030000F0BD00BF1809050010B582B001904C2067
:10031000FEF7FCF90549019A0446F6F773F8002840
:100320000CBF2046002002B010BD00BF7C090500B4
:1003300010B50446F6F77EF800B110BD2046BDE8C2
:100340001040FEF7E5B900BF10B588B0CDE9002335
:100350000A9C049402940B9C03940C9C05949DF8B5
:10036000344006940A460D230121F6F779F808B9BE
:1003700008B010BD48F2195398421AD848F20253F7
:10038000984212D9A0F50540033816280DD8DFE8A9
:1003900000F01A200C0C0C0C0C0C0C0C0C0C0C0CA3
:1003A0000C0C0C0C1D0C0C0C1D006FF0150008B093
:1003B00010BD48F26053984214BF6FF015006FF003
:1003C000490008B010BD6FF05E00D1E76FF00B0080
:1003D000CEE76FF00F00CBE710B588B0CDE9002372
:1003E0000A9C049402940B9C03940C9C05949DF825
:1003F000344006940A460D230021F6F731F808B977
:1004000008B010BD48F2195398421AD848F2025366
:10041000984212D9A0F50540033816280DD8DFE818
:1004200000F01A200C0C0C0C0C0C0C0C0C0C0C0C12
:100430000C0C0C0C1D0C0C0C1D006FF0150008B002
:1004400010BD48F26053984214BF6FF015006FF072
:10045000490008B010BD6FF05E00D1E76FF00B00EF
:10046000CEE76FF00F00CBE738B505464FF492703A
:10047000FEF74CF9074901220446F5F77FFB30B936
:1004800029462046F5F7ACFB08B9204638BD0024C4
:10049000204638BD3C09050010B50446F5F782FB3F
:1004A00000B110BD2046BDE81040FEF731B900BFD5
:1004B00010B584B003AC00940392F5F7A9FB08B91A
:1004C00004B010BD48F2195398421AD848F20253AA
:1004D000984212D9A0F50540033816280DD8DFE858
:1004E00000F01A200C0C0C0C0C0C0C0C0C0C0C0C52
:1004F0000C0C0C0C1D0C0C0C1D006FF0150004B046
:1005000010BD48F26053984214BF6FF015006FF0B1
:10051000490004B010BD6FF05E00D1E76FF00B0032
:10052000CEE76FF00F00CBE741DF7047F0B585B045
:100530000546FDF735FE00283ED172B65E4CD4F874
:100540000475F7F767FF88B35C4EAE4228BF2E46AE
:10055000F31923F07F430122C4F80823C4F840357F
:100560000023C4F84031D4F840310193019B4FF48B
:100570008033C4F80433BFF34F8F002D48D1C4F843
:100580000833C4F84051D4F840310393039BC4F8B6
:100590000051D4F800310293494B0299C4F8042366
:1005A0004FF40031D4F80425C3F88011FDF7F8FDAD
:1005B000E8B962B605B0F0BDEFF3108172B6414BF9
:1005C0009A6882B93E4A404C01209860D2F8800077
:1005D00020401860C2F88040D2F8840058604FF084
:1005E000FF33C2F884300029A8D162B6A6E7354BA4
:1005F0009A68002ADED0EFF3108172B6304A18688C
:1006000010605C685460002098600029D2D1D0E767
:10061000FDF7C6FD002845D1F1EE103A23F09F0307
:10062000E1EE103AF1EE103A254C4023C4F8843143
:10063000FDF7B6FD68BB30BFD4F80021D4F8043113
:100640001343F8D01C4B00224FF48031C3F8081339
:10065000C3F84021D3F8401103910399C3F8002156
:10066000D3F80021029201220299C3F80423D3F89F
:100670000405134BC01B20F07F40B0424FF4003202
:1006800028BF3046C3F8802100288FD0F7F744FBFD
:100690008CE7FFF749FF0028D4D00C4A6A21EFF716
:1006A000A7FDCFE7FFF740FF0028BBD0074A5A213C
:1006B000EFF79EFDB6E700BF00100140FDFFFF0011
:1006C00000E100E0002F0020FC06FFBD881B0500B4
:1006D00076DF704778DF70477ADF70477CDF7047DE
:1006E0008FDF704708B506480321FCF74DFD00B9C0
:1006F00008BDBDE80840034A4FF4EC71EFF778BD40
:10070000F4E100200C1C0500014ADD21EFF770BD6B
:100710000C1C0500024A4FF48C71EFF769BD00BF55
:100720000C1C050010B50388262B82B0044612D895
:100730000F2B1AD9103B162B17D8DFE803F02943EB
:100740001616161616161616161616161616161847
:100750001616161664003B2B4BD0562B05D18088FD
:100760001321FFF7B5FF00283FD102B010BD0023D1
:1007700080888DF8043001A98DF80530FFF7B0FFAF
:100780000028F2D0264A40F27D11EFF731FDECE768
:10079000244B25482549C01AC008000440F0030036
:1007A000EFF70EFB224BA18822481980FDF7ECF9E8
:1007B0000028DAD01A4A40F26B1102B0BDE81040AE
:1007C000EFF716BD174B18481B49C01AC0080004A4
:1007D00040F00300EFF7F4FA154B4FF6FF721A8062
:1007E00002B0BDE8104001F053BA0D4A40F28D113D
:1007F000E3E780881321FFF76BFF0028B5D0084A94
:1008000040F28511D9E7BFF34F8F0C490C4BCA68F2
:1008100002F4E0621343CB60BFF34F8F00BFFDE7EC
:100820000C1C0500DCCA04003CCB0400741C050051
:100830006426002004E30020801C050000ED00E099
:100840000400FA0570B582B00D4E0E4DADF80610DD
:10085000044633880DF1060221462846FDF75AFB6F
:10086000082804D01328F4D0052800D008B902B015
:1008700070BD054A40F24321EFF7BAFC02B070BDEB
:1008800064260020682600200C1C050070B5057841
:10089000022D96B0044629D0032D02D075B116B0B2
:1008A00070BD464B46484749C01AC008000440F096
:1008B0000300EFF785FA2578002DF0D1A68A246988
:1008C000002E77D023780B2B4DD00C2B1AD00A2B6F
:1008D0003B483A4B20D03C49C01AC008000440F0C5
:1008E000030016B0BDE87040EFF76ABA334B3448E6
:1008F0003649C01AC008000440F00300EFF760FA60
:100900002578C9E701F0C4F90323012101A88DF876
:100910000430FFF797FFC2E7C01AC00800042C4953
:1009200040F00300EFF74CFA2946512201A800F0ED
:1009300036FD012305A90DF1150014228DF80920BB
:100940008DF804308DF805308DF806508DF807507D
:100950008DF8085001F0A8F99DF8141001A8113184
:10096000FFF770FF9BE7FEF7CDF8711E00F13C0228
:10097000C9B2601C01F020F9831C12D0013007D0ED
:100980000223012101A88DF80430FFF75BFF86E701
:100990000B480A4B0F49C01AC008000440F0010080
:1009A0009FE70748054B0C49C01AC008000440F0F7
:1009B000010096E70248014B08498DE7DCCA0400B4
:1009C0003CCB0400A81C0500401D0500901C050040
:1009D000EC1C0500101D0500201D0500C41C0500B1
:1009E00008B5037803B108BD064B3B211888FFF713
:1009F0006FFE0028F7D0BDE80840034A40F20D1111
:100A0000EFF7F6BB642600200C1C0500032800D07D
:100A100070470548054B0649C01AC008000440F05D
:100A20000300EFF7CDB900BF3CCB0400DCCA0400E3
:100A3000581D050010B5ACB00446FDF7E3FA0028D8
:100A400040F09E80002301A901200193FDF7FEFBE9
:100A5000002840F0CB8001A8FDF75CFC002840F0A6
:100A6000BF80112320468DF8003000F014FD214690
:100A700082B26846FFF732FE002840F0AC8040F2B8
:100A80004130FFF727FE002840F0A0800822002117
:100A900001A800F084FC0623C8245022ADF80830D9
:100AA00001A84FF4C863ADF80420ADF80640ADF8D6
:100AB0000A30FFF711FE002840F083804E480021E5
:100AC000FCF748FF002877D14C4B4D48019301A912
:100AD000FDF748F800286AD100210422684600F09A
:100AE0005EFC484B484800936946FDF79FF9002893
:100AF00058D1AC22002101A800F051FC0123434948
:100B00001591ADF850304FF496718DF8803044F265
:100B100050633F4A2391022424933E488DF80440B9
:100B20004FF4C06301A92A92ADF80630FCF7AEFA83
:100B300090BB38480121FCF7A5FA1C22002101A82E
:100B400000F02DFC41F288340023CDE90134324914
:100B5000324AADF8123047F23054039401A803240E
:100B6000CDE906128DF810408DF81430FCF76AFCC0
:100B700060B92B4800212CB0BDE81040FDF700BC47
:100B8000284A4FF4D371EFF733FB5BE7254A4FF464
:100B90009771EFF72DFBECE7224A4FF4E771EFF77F
:100BA00027FBC6E71F4AF921EFF722FBA1E71D4A01
:100BB000F121EFF71DFB8FE71A4AD021EFF718FB61
:100BC00082E7184A2146EFF713FB77E7154ABE2163
:100BD000EFF70EFB5AE7134ABB21EFF709FB4EE78D
:100BE000104A4FF4D871EFF703FB3AE70D4A4FF480
:100BF000D671EFF7FDFA2EE7ECE2002009070300BB
:100C000004E300208D0803006826002060260020F1
:100C10000D0A0300F4E10020E109030015070300B9
:100C2000E50603000C1C050008B5EEF751FC002892
:100C3000FBD1F7F795FAF8E703460A46014819464B
:100C4000EFF7D6BAEFBEADDE014B1868F6F7C2BFBC
:100C500010E30020F0B54FF48041C7B00020EEF75C
:100C6000DFFB002840F09780EEF754FBF8F7F8F927
:100C7000002840F08B804A4A4A48136943F0040335
:100C80001361FFF7D7FE484A484949480123CDE997
:100C9000003200234FF48072F6F74CFE012804D096
:100CA000444A8F210420EFF7A3FA434C434B444AB4
:100CB00044490094444800F03BFF002000F076FFD8
:100CC000FEF72EFE31202E21322330228DF808002F
:100CD0008DF80F008DF8091037208DF80B100026C5
:100CE0002D218DF80E308DF812308DF813308DF8DF
:100CF0000A208DF80C208DF80D108DF810208DF83D
:100D000011008DF8146001F0ADF9074611F074F888
:100D10002E4A2F49054606A800F0D4FA06AB214A10
:100D20002C490446181800F0CDFA06AB04441819F3
:100D3000294A2A4900F0C6FA06AB04441819284982
:100D400002AA00F0BFFA06AB0444181925493A4636
:100D500000F0B8FA06AB0444181923492A4600F0FB
:100D6000B1FA06AB04441819204A214900F0AAFA46
:100D700006A922183046FBF72DFDFDF765FB0D4C4B
:100D80002246B4210F20EFF733FAF9E7094A7A2116
:100D9000EFF72EFA6FE7074A4E21EFF729FA63E7DC
:100DA00000ED00E04C11050010E30020CC1D050013
:100DB000290C03006C1D0500516102002D62020028
:100DC000F1610200ADF9020089F902003411050059
:100DD000D41D0500E81D050058110500F81D05008B
:100DE000041E0500441E0500141E0500201E0500FB
:100DF0002C1E0500F0B540F2FF7681EA030C16EADE
:100E0000115E1EBFB64516EA1355B5425AD021EA07
:100E1000465141F48011A1FB024723EA465343F4B3
:100E20008013AE44A0FB03650CF0004C36197D41E5
:100E3000A1FB034747F10003A0FB0217F619654128
:100E400053F10003094218BF46F0010640F2FE7458
:100E5000B3F5007F13D2AEF5806EA6452BD24CEAD7
:100E60000331280341EA155140EA16503203450880
:100E700072F1004250F1000051EB0E51F0BDAEF2A4
:100E8000FF3EA64517D24CEAC321E80241EA55517C
:100E900040EA5650F202450872F1004250F100005B
:100EA00051EB0E51F0BD0CF0004141F0FE4141F418
:100EB00070010020F0BD1EEA0E0FF4D50CF00041C9
:100EC0000020F0BD16EA115F04BF01F000410020D0
:100ED000004218BF41F0010116EA135F04BF03F09E
:100EE00000430022124218BF43F0010306EA1354E4
:100EF000B44218BF9EEA060F03D00CF00041002058
:100F0000F0BD21F0004123F00043B1EB065F06D8AD
:100F1000B3EB065F03D8002918BF002BC3D140F202
:100F20000001C7F6F8710020F0BD00BFC1F30A53FD
:100F300040F21E42D21A0EDD202A0AD8CB0243EA22
:100F4000505040F00040D04090EAE170B0EBE170CA
:100F50007047002070474B00004218BF43F0010368
:100F600013F5001F88BF21F0004111F0004058BF69
:100F70006FF00040704700BFC0F3C75191B142000D
:100F80004FEA40704FEAD2014FEA310101F160515E
:100F9000B2F17F4F38BF704701F1605118BF41F483
:100FA0000021704710F000410020704753EA020C06
:100FB00061D02DE9F04BB3FA83F51E0007BFB2FAFA
:100FC00082F502FA05F403FA05F41646C5F1200588
:100FD0001EBF22FA05F73C43203556EA044C4FEA7F
:100FE000144418BF0134A3464FF00009C84690428C
:100FF00071EB030C39D3094207BFB0FA80F700FA4E
:1010000007F6B1FA81F701FA07F6C7F120071EBF0C
:1010100020FA07FC46EA0C062037B6FBFBFC7F1BD8
:10102000103F07F01F04C4F120060CFA04F42CFA58
:1010300006F644BF34460026202FA4BF26460024CF
:1010400054EA060C08BF012418EB040849EB060912
:10105000A4FB027CC01B06FB02CC04FB03CC71EB9F
:101060000C01904271EB030CC5D20B460246494677
:101070004046BDE8F08BB2FBF3F22DE9304081EA47
:1010800003040D46002906DA6FEA00006FEA010149
:10109000013041F10001002B06DA6FEA02026FEA2B
:1010A0000303013243F10003FFF780FF002C06DA4F
:1010B0006FEA00006FEA0101013041F10001002DEB
:1010C00006DA6FEA02026FEA0303013243F100031A
:1010D00030BD00007F2805D8034B185C034B5B5CD8
:1010E0001840704700207047581E0500D81E0500A4
:1010F000A0F16103192B98BF20387047A0F141037C
:10110000192B98BF203070477F2805D8034B185CF7
:10111000034B5B5C1840704700207047581E050069
:10112000D81E0500A0F16103192B98BF2038704725
:10113000A0F14103192B98BF203070477F299ABF37
:10114000017001206FF02E0070475AB10A787F2A93
:101150000AD800B10260002119605960501A18BF06
:1011600001207047002070476FF02E00704710B5C7
:1011700004460846A2684AB12368616803F1010C7D
:101180008C4508BF00208B4208D2D054E3682BB1B5
:1011900021686268914201D2214698472368013351
:1011A000236010BD70B54C1E09D41646C5B2294641
:1011B0003046FFF7DCFF013CB4F1FF3FF7D170BDD3
:1011C00010F0100F08D108B510F4007F14BF3020C4
:1011D0002020FFF7E7FF08BD70470028B8BF404256
:1011E0007047000008B5034B5B689B681B68984715
:1011F00008BD00BF8C26002008B50921FFF7F2FFCB
:1012000008BD70B504460D460846FDF77FFA064650
:1012100058B154B154F8042CAA4228BF2A4621469A
:1012200000F094F82046FDF773FA304670BD9AB38B
:1012300030B594460F2A18D902460B4640EA0104FD
:1012400014F0030F02D00CF1FF3C11E019461046D8
:10125000043204330C680568A54206D110461946CD
:10126000ACF1040CBCF1040FF0D8BCF1010C0FD0B0
:101270000A46034684441146184601330132047875
:1012800091F800E0744503D1184611466345F2D148
:1012900000780B78C01A30BD002070470CB400B540
:1012A00087B008AA52F8043B0592039000200490EE
:1012B0000291194601A800F01FF907B05DF804EB90
:1012C00002B070470EB400B586B007AA52F8041BEE
:1012D00005920390002304936FF00043029301A84A
:1012E00000F00AF906B05DF804EB03B07047D2B124
:1012F00010B51446012A12D00A460346204400F1D4
:10130000FF3E1146184613F8014B44B1013291F8E3
:1013100000C0A44503D1184611469E45F1D100787E
:101320000B78C01A10BD00207047037853B159B133
:101330000144034613F8012F12B18B42FAD10B4638
:10134000181A70470346FBE70346F9E7844640EA6C
:10135000010313F0030F18D18446202A0BD32DE983
:10136000F007B1E8F807A0E8F807A2F12002202A68
:10137000F7D2BDE8F007042A07D351F8043B40F840
:10138000043BA2F10402042AF7D2002A05D011F886
:10139000013B00F8013B013AF9D1604670478446B1
:1013A000002A2DD010F0030F04D000F8011B013AE1
:1013B00026D0F7E7C9B241EA012141EA0141202ADA
:1013C00012D3A2F120022DE9F0030B460C460D4684
:1013D0000E460F4688468946A0E8FA03203AFBD21B
:1013E000BDE8F00320320BD0042A05D340F8041BDB
:1013F000043A05D0042AF9D200F8011B013AFBD1C6
:1014000060467047024610F0030F16D111F0030F2B
:1014100013D12DE9F0004FF001374FF0803351F830
:10142000044BA4EB070525EA04051D4002D142F850
:10143000044BF4E7A1F10401F0BC11F8013B02F800
:10144000013B002BF9D1704710F0030F19D111F0B7
:10145000030F16D12DE970004FF001364FF08033A5
:1014600050F8044B51F8045BAC4205D1A4EB0605DF
:1014700025EA04051D40F3D0A0F10400A1F1040108
:1014800070BC10F8012B11F8013BD21A01D1002BCE
:10149000F7D11046704700F1010110F0030F11D091
:1014A00010F8012B002A23D010F0030F0AD010F8F7
:1014B000012B002A1CD010F0030F03D010F8012BD1
:1014C000002A15D02DE970004FF001324FF0803323
:1014D00050F8044BA4EB020525EA04051D4000D199
:1014E000F6E7A0F1040070BC10F8012B002AFBD134
:1014F000A0EB0100704700002DE9F04F89B00746CE
:101500000392002303600C4614F8011B002900F02D
:10151000FC82DFF818B5EBE2002507E05E2868D111
:1015200045F4805501E045F040051C46234613F87C
:10153000010B3028F2D81F2837D9A0F12002102A39
:1015400033D801A151F822F027150300AB15030091
:10155000AB1503008D150300AB150300AB1503009D
:10156000AB15030093150300AB150300AB15030087
:10157000AB15030099150300AB1503009F1503007D
:10158000AB150300AB150300A515030045F080055E
:10159000CBE745F40045C8E745F02005C5E745F031
:1015A0001005C2E745F40075BFE72A2821D1039A48
:1015B000111D0391D2F800A0BAF1000FBCBFCAF10F
:1015C000000A45F010051878A31C2AEAEA7A2E28AA
:1015D00026D00021742847D07A2845D06C2800F006
:1015E000A8804C2800F0AB80682800F0B8801C462A
:1015F0003DE0A0F13002D2B2092A88BF4FF0000AC4
:10160000E3D84FF0000A0AEB8A0A303800EB4A0AA6
:1016100013F8010BA0F13002D2B2092AF3D9D4E7B2
:1016200018782A280AD1039A111D03911168587855
:1016300002330029CEDB45F48075CBE70133A0F1FE
:101640003002D2B2092A88BF0021F4D8002101EB70
:101650008101303800EB410113F8010BA0F1300299
:10166000D2B2092AF3D9E4E71C4614F8010B00288A
:1016700000F05782A0F12503DBB2532B62D8A0F112
:101680002503532B5ED8DFE813F076005D005D0084
:101690005D005D005D005D005D005D005D005D0062
:1016A0005D005D005D005D005D005D005D005D0052
:1016B0005D005D005D005D005D005D005D005D0042
:1016C0005D005D005D005D005D005D005D005D0032
:1016D0005D005D005D005D005D005D005D005D0022
:1016E0005D005D005D005D005D005D005D005D0012
:1016F000EC005D005D005D005D005D005D005D0073
:101700005D005D005D007B0021015D005D005D000E
:101710005D0021015D005D005D005D0095000F0131
:10172000D2005D005D00A6005D001A015D005D0055
:10173000EE001C4614F8010B45F0010597E745F053
:1017400001051C46B54B1E68002E00F0CE8103AB90
:101750000193009153462A463946B047C5E11878AF
:10176000682803D05C1C45F0040580E745F00805B7
:101770009C1C58787BE725213846FFF7F8FCB4E13C
:10178000039B1A1D03921E780AF1FF3A3A4651460E
:101790002846FFF715FD31463846FFF7E8FCA94615
:1017A00019F0100F00F0A1813A4651462020FFF7B2
:1017B000F9FC9AE115F0080F06D03A68039B191D51
:1017C00003911B681A7090E1039B1A1D03921B681A
:1017D0003A681A6089E1039B1A1D0392D3F80080CE
:1017E0008F4BB8F1000F08BF9846464625F40079A4
:1017F00015F4807F16D04046FFF797FD0546AAEB0B
:10180000050A3A4651464846FFF7DAFC002DC7D094
:1018100016F8011B3846FFF7AAFCA8EB0603EB42BB
:10182000F6D1BDE74046FFF736FE0546E7E7039BE6
:101830001A1D03921B6815F0800F0CBF002623268B
:1018400045F4807508211A46002B00F02A8105AB6B
:101850004FF0000805F4005CA64660468C46014641
:10186000D2E045F4005515F0800F1BD043F2780606
:1018700043F25803782818BF1E4615F4807F01D024
:1018800025F4007515F4804F32D0039B1A1D039286
:101890001B6815F0040F1FD01BB2002B20DA5B422F
:1018A0002D262DE00026E8E715F0800F0CBF00265E
:1018B000302615F4807FE5D025F40075E2E715F4B5
:1018C000807F07D025F400750026DBE745F48045CE
:1018D0000026D7E70026D5E715F0080FDDD0DBB2EC
:1018E00015F0200F61D115F0400F18BF202607E03A
:1018F000039B1A1D03921B6815F0040F50D09BB276
:1019000015F4807F14BF25F4007501215838202874
:1019100000F2AF8001A252F820F000BF4718030088
:10192000731A0300731A0300731A0300731A030077
:10193000731A0300731A0300731A0300731A030067
:10194000731A0300731A0300731A0300D7190300F4
:10195000731A0300731A0300731A0300731A030047
:10196000D7190300731A0300731A0300731A0300D4
:10197000731A0300731A0300AF190300471803001A
:10198000731A0300731A0300731A0300731A030017
:10199000D7190300731A0300731A030047180300D2
:1019A00015F0080FACD0DBB2AAE72B26A8E71A4641
:1019B0004FF00008002B5ED005A84FF0000803F0A0
:1019C0000703303300F8013B08F10108D208134641
:1019D000002AF4D14FE018464FF00008002B4AD0FF
:1019E0004FF0000805F4004E4FF02C0973468E4668
:1019F00019462FE002F00F000A4C205C03F8010B9F
:101A000008F10108120906D00029F3D002F00F00F6
:101A1000054C205CF2E7744661462CE014E300209C
:101A2000AC2005008C2005009C200500CDCCCCCC42
:101A300008AB03EB080CABFB0032D20802EB8203CD
:101A4000A0EB430330330CF80C3C08F101080928E3
:101A50000DD910460029EBD008F00303032BE7D182
:101A600008AB434403F80C9C08F10108E0E7714619
:101A700001E04FF00008A1EB080121EAE179AAEBAF
:101A8000090AAAEB080AFF2E0ED9AAF1020AC6F328
:101A900007213846FFF76BFBF1B23846FFF767FBCB
:101AA00004E04FF00008E6E7002E3DD13A465146EB
:101AB0002846FFF785FB3A4649463020FFF772FB80
:101AC000B8F1000F0EDD0DF1140908F1FF38C8441C
:101AD00098F8001046463846FFF749FBC14508F123
:101AE000FF38F5D115F0100F09D114F8011B61B1C1
:101AF00025293FF411AD3846FFF739FBF5E73A46A3
:101B000051462020FFF74EFBEFE7BB682BB13A6848
:101B100079688A423CBF00219954386809B0BDE811
:101B2000F08F4FF0FF30F9E70AF1FF3AB4E700BF5A
:101B300070B582B0069CC0B1B9B1B2B1ABB1A4B1BD
:101B40000B4D0C4E28600C480C4D036031602C602E
:101B500090472B680DF1060002219847084BBDF80D
:101B600006201A80002002B070BD4FF0FF30FAE767
:101B700020E3002024E3002018E300201CE30020E1
:101B80002AE3002000B5074B83B002211B680DF14A
:101B900006009847044BBDF806201A8003B05DF894
:101BA00004FB00BF1CE300202AE30020014B187057
:101BB000704700BF28E300201C295FD170B505885D
:101BC000012D55D14488002C52D1C37A82F821309E
:101BD000037B82F82030B0F80F30D361B0F80D10DD
:101BE000284E03FB01F39361B0F811305361D0F834
:101BF00007305360C17C338882F83930A1F103018A
:101C0000B1FA81F149091B0AD17282F83A30438B4B
:101C100082F83C304C211B0AD18782F83D30437E4C
:101C200082F84030037E82F84130C37D82F8423032
:101C3000837D82F84330437D82F844301249134B50
:101C4000007D82F845001878096855700223032644
:101C500004251070052014749462138182F82330D7
:101C6000967282F82550106329B18847204670BDCE
:101C70006FF0010070BD4FF0FF3070BD4FF0FF30CE
:101C8000704700BF2AE3002020E3002028E3002063
:101C9000034B044A1B680021118003B118477047A9
:101CA00024E300202AE3002018B311B370B4114AD2
:101CB000114B15881B780374012200233F24026016
:101CC00002730322A0F811506FF00A06C3718372E9
:101CD000C372C3736FF04705047109230B2482712B
:101CE00013224671057244724373837370BC0A7089
:101CF000704770472AE3002028E300202DE9F043D5
:101D000085B005461C4683685E69E2B102911FFA00
:101D100082F8ADF80C804FF00009ADF80E90776BAB
:101D200002AB4A462021B847ADF80080ADF80290DA
:101D3000E368C3F380138DF80430776B6B464A4633
:101D400037212846B847E36813F01D0F05D0776B9D
:101D50002346002205212846B8476368002B0CDB88
:101D6000776B231D002210212846B847776B04F1BA
:101D70000803002251212846B847766B04F10C0372
:101D8000002204212846B04705B0BDE8F08330B5F5
:101D900083B002AB0024002563E9024582685269E2
:101DA000546B00225F21A047DDE9000103B030BD84
:101DB00010B583685B695C6B00231A460321A0475A
:101DC00010BD00002DE9F04784B0044683685D69CA
:101DD000D1F808A00B6803934A6804AB43F8082DB8
:101DE0006F6B00224F21B847074618B1384604B040
:101DF000BDE8F087A3685A6994F94C30002B3CDBAE
:101E0000576B01AB002257212046B847A8BB9DF86D
:101E100007209DF806301B0443EA02639DF8042066
:101E200013439DF8052043EA0223BAF1000F31D194
:101E300003F5783303F5207303934FF0010AA36889
:101E40005F690DF1020300227B2120467E6BB047C3
:101E500094F94D30012B4ED094F94C30012202FA06
:101E600003F3BDF8022022EA030204AB23F80E2D8F
:101E70007F6B00226B212046B847BAF1000F4AD190
:101E80006D6B00231A461F212046A84707460028ED
:101E900050D1ABE7039AD31A98464FEAE3794FEA59
:101EA0004912580142EAD361C01A61EB09014B02A1
:101EB00043EAD053420212EB080043EB09018B01C5
:101EC00043EA90638201121A63EB010316461F4630
:101ED000314A002316EB080047EB0901FFF766F8CB
:101EE000B0F57F7FABDDA3685F69B0F57F70A8D0E8
:101EF000FEF766F9A5E794F94C3001229A40BDF847
:101F000002301A4304AB23F80E2D7F6B00226B21A5
:101F10002046B847B1E76E6B03AB0022052120468F
:101F2000B047074630B96D6B002301221F212046C0
:101F3000A847074694F94C30002BFFF657AFA3682B
:101F40005D696E6B01AB00227B212046B04794F99E
:101F50004D308BB194F94C30012202FA03F3BDF8F5
:101F6000042022EA030204AB23F80C2D6D6B00223F
:101F70006B212046A84739E794F94C3001229A405A
:101F8000BDF804301A4304AB23F80C2D6D6B00220E
:101F90006B212046A84729E70098E00E10B582B0D3
:101FA0000091ADF804200022ADF8062083685B693B
:101FB0005C6B6B462121A04702B010BDF0B583B029
:101FC0000368002B37D01F4A13601E4B1B68426802
:101FD0001A6082685A6000228DF803201B681C6812
:101FE00001AB04220DF103010120A0479DF8073049
:101FF0009DF80610090441EA03619DF80430194375
:102000009DF8053041EA03210F4A104B9A4216D23F
:102010000C4B1F6813464FF0FF3000260B4D1A681B
:102020004A405C68224204BFBB6030461C33AB426E
:10203000F5D303B0F0BD034B054A1A60C5E74FF076
:10204000FF30F6E72CE30020E8CB04003CCC040092
:1020500030E30020024B1A6818601046704700BF3A
:102060002CE30020024B1B689B68D868704700BFB8
:102070002CE300204FF0FF307047000010B5054BF7
:10208000186883681B69DC6A00231A460321A0478D
:1020900010BD00BF2CE3002008B5044B1B689A68F4
:1020A0001269126A01461846904708BD2CE30020C9
:1020B00038B5054B1C68A3681B69DD6A002302461E
:1020C0003A212046A84738BD2CE3002010B582B045
:1020D000002202AB03F8012D0549086881680969EF
:1020E000CC6A5821A0479DF8070002B010BD00BF80
:1020F0002CE3002008B5034B186883681B691B6B31
:10210000984708BD2CE3002000290DDD10B4431EC4
:1021100019441046054C13F8012F5040205C8B42A7
:10212000F9D15DF8044B704710467047B4200500A4
:102130009829024818BF0020704700BFAC22050054
:1021400070472DE9F04184B005460E46BDF82C10CD
:10215000901900F07F003244C2F30442840044EA44
:10216000422441EA0402120A8DF80C2001F0030710
:102170003C438DF80D401F4673B900295CD07300B5
:1021800063F07E038DF80C30012400292FD0A1F5D7
:10219000004103290AD9FEE700284FD1B1F5004FCD
:1021A00003D000294AD1012421E001242B6D9B7D1D
:1021B0004BB92B685D680A9B3A4603A92046A8479D
:1021C00004B0BDE8F0810022214603A8FFF79CFF80
:1021D000024639460A98FFF797FF2B6800909D68E2
:1021E0000A9B3A4603A92046A847E9E701242B6841
:1021F000D3F800800A9B3A4603A92046C0472B6DBE
:102200009B7D022BDCD1182EDAD00022214603A8B8
:10221000FFF77AFF024639460A98FFF775FF044632
:1022200000221821284600F041F88442C8D0EB680B
:10223000002BC5D09847C3E70028D7D042F0400212
:102240008DF80C200224A0E710B582B00024019480
:10225000049C0094FFF775FF02B010BD00B585B077
:1022600003AB0093042392B2FFF7EEFF0DF10F03CF
:102270000DF10B01002013F8012902EB00208B4225
:10228000F9D105B05DF804FB00B585B003AB009350
:10229000022392B2FFF7D8FF9DF80D309DF80C0095
:1022A00000EB032080B205B05DF804FB00B585B0FB
:1022B0000DF10F030093012392B2FFF7C5FF9DF8C4
:1022C0000F0005B05DF804FB30B5BDB005460C4607
:1022D000036DDA7B012A1CD0032A40F0D4811B7ED7
:1022E00013F0080F0CD113F0040F02AB009314BFCE
:1022F0003823202300224FF4F011FFF7A5FF19E047
:1023000002AB0093E82300224FF4F011FFF79CFF8B
:1023100010E01B7E13F0080F40F0AC8113F0040FA7
:1023200002AB009314BF3823202300224FF4C011C6
:10233000FFF78AFF0DF1170204F11A0304F12000E0
:1023400012F8011F03F8011B8342F9D19DF81520F3
:102350009DF8143043EA0223C3F30C0363849DF811
:102360001F209DF81E3043EA0223C3F30D0313F42C
:10237000005F1CBF6FEA83436FEA934323849DF899
:1023800025209DF8243043EA0223C3F30B03E3879F
:102390002B6D1B7E13F0020F40F06A810AAA631EA8
:1023A000201D12F8011B03F8011FD1791972D17B8E
:1023B00059748342F5D19DF82F3063719DF82E201A
:1023C0009DF82D3043EA0223E3809DF837209DF8E5
:1023D000363003EB0223C3F3CF13A4F80D309DF87E
:1023E00032209DF8313043EA0223A4F80F309DF8E3
:1023F0003F209DF83E3003EB0223C3F3CF13E3826B
:102400009DF83A209DF8393043EA022323832B6D4F
:102410001B7E13F0040F40F02B819DF843209DF8A4
:1024200042301B0443EA02639DF8402013439DF8A9
:10243000412043EA022323F0604363629DF8472072
:102440009DF846301B0443EA02639DF84420134381
:102450009DF8452043EA022323F00043A3629DF840
:102460004B209DF84A301B0443EA02639DF8482044
:1024700013439DF8492043EA0223C3F31003E362A8
:102480009DF84F209DF84E301B0443EA02639DF8EF
:102490004C2013439DF84D2043EA0223C3F3150358
:1024A00023639DF853209DF852301B0443EA0263D6
:1024B0009DF8502013439DF8512043EA0223C3F3B3
:1024C000150363639DF857209DF856301B0443EABB
:1024D00002639DF8542013439DF8552043EA0223DC
:1024E000C3F31503A3639DF865209DF8643043EAA8
:1024F0000223A3879DF877209DF876301B0443EADA
:1025000002639DF8742013439DF8752043EA02236B
:1025100023F0404323649DF879209DF8783043EA06
:10252000022363649DF87F209DF87E301B0443EAFC
:1025300002639DF87C2013439DF87D2043EA02232B
:10254000C3F31503A3649DF883209DF882301B0418
:1025500043EA02639DF8802013439DF8812043EAFB
:102560000223C3F31503E3649DF887209DF88630AA
:102570001B0443EA02639DF8842013439DF88520E1
:1025800043EA0223C3F3150323659DF895209DF8C4
:10259000943043EA0223C3F30E03A4F854309DF8A9
:1025A000A5209DF8A43043EA0223C3F30B03A4F84B
:1025B00056309DF8BF209DF8BE301B0443EA0263ED
:1025C0009DF8BC2013439DF8BD2043EA022323F06D
:1025D0004043A3659DF8C1209DF8C03043EA022323
:1025E000E3659DF8C7209DF8C6301B0443EA0263EB
:1025F0009DF8C42013439DF8C52043EA0223C3F38A
:10260000150323669DF8CB209DF8CA301B0443EACE
:1026100002639DF8C82013439DF8C92043EA0223B2
:10262000C3F3150363669DF8CF209DF8CE301B04DD
:1026300043EA02639DF8CC2013439DF8CD2043EA82
:102640000223C3F31503A3669DF8DD209DF8DC305B
:1026500043EA0223C3F30E03A4F86C309DF8ED2087
:102660009DF8EC3043EA0223C3F30B03A4F86E3069
:102670003DB030BD02AB0093E82300224FF4C011FF
:10268000FFF7E2FD56E61B7E13F0010F00F09F817D
:1026900002AB00936C2300224FF44021FFF7D4FDDE
:1026A0001DAB00936C2300224FF450212846FFF706
:1026B000CBFD02AA631E201D12F8011B03F8011FA7
:1026C000D1791972D17B5974D17D99768342F3D136
:1026D0009DF82530E3779DF80F3063719DF80E204B
:1026E0009DF80D3043EA0223E3809DF816309DF8F3
:1026F000172043EA0222C2F3CF12A4F80D209DF85E
:10270000152042EA0322A4F80F209DF81F2043EA77
:102710000223C3F3CF13E3829DF81E209DF81D30E2
:1027200043EA022323839DF827209DF8263043EABD
:102730000223C3F30D0313F4005F1CBF6FEA83434E
:102740006FEA934323849DF829209DF8283043EABB
:102750000223C3F30C0363849DF82F209DF82E30D1
:102760001B0443EA02639DF82C2013439DF82D209F
:1027700043EA022323F0604363622B6D1B7E13F058
:10278000010F3FF475AF9DF833209DF832301B04E4
:1027900043EA02639DF8302013439DF8312043EA59
:1027A000022323F00043A3629DF837209DF83630C2
:1027B0001B0443EA02639DF8342013439DF835203F
:1027C00043EA0223C3F31003E3629DF83B209DF824
:1027D0003A301B0443EA02639DF8382013439DF806
:1027E000392043EA0223C3F3150323639DF83F20F6
:1027F0009DF83E301B0443EA02639DF83C201343DE
:102800009DF83D2043EA0223C3F3150363639DF85B
:1028100043209DF842301B0443EA02639DF84020A8
:1028200013439DF8412043EA0223C3F31503A36336
:102830009DF851209DF8503043EA0223A3879DF86C
:1028400061209DF8603043EA0223C3F30B03E38762
:102850009DF867209DF866301B0443EA02639DF8EB
:10286000642013439DF8652043EA022323F040438C
:1028700023649DF869209DF8683043EA022363646D
:102880009DF86F209DF86E301B0443EA02639DF8AB
:102890006C2013439DF86D2043EA0223C3F3150314
:1028A000A3649DF873209DF872301B0443EA026311
:1028B0009DF8702013439DF8712043EA0223C3F36F
:1028C0001503E3649DF877209DF876301B0443EAF6
:1028D00002639DF8742013439DF8752043EA022398
:1028E000C3F3150323659DF885209DF8843043EAE2
:1028F0000223C3F30E03A4F854309DF895209DF8ED
:10290000943043EA0223C3F30B03A4F856309DF836
:10291000AF209DF8AE301B0443EA02639DF8AC2063
:1029200013439DF8AD2043EA022323F04043A365FF
:102930009DF8B1209DF8B03043EA0223E3659DF88D
:10294000B7209DF8B6301B0443EA02639DF8B4201B
:1029500013439DF8B52043EA0223C3F3150323660E
:102960009DF8BB209DF8BA301B0443EA02639DF832
:10297000B82013439DF8B92043EA0223C3F315039B
:1029800063669DF8BF209DF8BE301B0443EA0263D6
:102990009DF8BC2013439DF8BD2043EA0223C3F3F6
:1029A0001503A3669DF8CD209DF8CC3043EA0223A1
:1029B000C3F30E03A4F86C309DF8DD209DF8DC30E5
:1029C00043EA0223C3F30B03A4F86E3050E602ABD4
:1029D0000093282300224FF44021FFF735FC68E6DE
:1029E00000B583B0036DDB7B012B0BD0032B10D123
:1029F0000091052304224FF4F011FFF725FC03B0EA
:102A00005DF804FB0091052300220549FFF71CFC3B
:102A1000F5E70091052300226421FFF715FCEEE79E
:102A20000400180010B582B04FF400440194049CD7
:102A30000094FFF786FB02B010BD10B584B004AC63
:102A400004F8013D0094012392B2FFF7EBFF04B0BC
:102A500010BD000010B50446036DDB7B012B13D0C5
:102A6000032B1DD1F02300221249FFF7E6FF0022BD
:102A70004FF4F0112046FFF707FC236D1A7BA2B13B
:102A8000C0F30900588410BD0F2300220949FFF745
:102A9000D4FF00224FF4C0112046FFF7F5FBECE70E
:102AA00000224C21FFF7F0FBE7E700F07F0058849D
:102AB000E9E700BF2400010038B505460C460223B3
:102AC00000224FF47021FFF7B8FF04B938BD01238D
:102AD00000224FF470212846FFF7AFFFF6E700B55C
:102AE00085B08DF80C301B0A8DF80D3003AB0093C8
:102AF000022392B2FFF796FF05B05DF804FB0000D9
:102B000038B5044600231A464FF42021FFF7E7FFAB
:102B100000231A4608492046FFF78FFF074D002380
:102B20001A4629462046FFF788FF0223002229463D
:102B30002046FFF782FF38BD14000A0004000A0097
:102B400008B5012902D0052907D008BD41F62203A6
:102B500000220549FFF7C3FFF7E74FF40073002297
:102B60000149FFF7BCFFF0E70400110038B5054646
:102B70000C4641F400739BB200224FF43021FFF762
:102B8000AEFFA3B200224FF430212846FFF7A7FF83
:102B900038BD000070B504460E460C4D01230022DE
:102BA0002946FFF79CFF3346002209492046FFF7DC
:102BB00096FF0223002229462046FFF790FF0022BD
:102BC00004492046FFF74AFB70BD00BF08000B0018
:102BD00004000B0010000B0038B504460B46002221
:102BE0000A49FFF77CFF0A4D882300222946204628
:102BF000FFF723FF00231A4629462046FFF71DFF53
:102C0000002204492046FFF751FB38BD0C000A00A2
:102C100004000A0008000A0070B504460B46154679
:102C2000B1F5807F34BF0026202600220B49FFF734
:102C300056FF2B4600220A492046FFF7FEFE094DAB
:102C400046F09003002229462046FFF7F6FE0023B7
:102C50001A4629462046FFF7F0FE70BD0C000A0018
:102C600010000A0004000A0070B504460D4616461E
:102C7000002240F20B11FFF7CFFF4FF48271204684
:102C8000FFF7AAFF00F01F024FF482712046FFF702
:102C9000C3FF236D5A8A15435D82236D5B8A002230
:102CA0004FF420212046FFF71AFF33460022024945
:102CB0002046FFF7C2FE70BD14000A0010B582B0B6
:102CC00004460022009213461321FFF7ABFE236D4A
:102CD000DA7B032A0CBF01220322DA7302B010BD93
:102CE00010B584B08DF80C301C0A8DF80D401C0C0A
:102CF0008DF80E401B0E8DF80F3003AB00930423AC
:102D000092B2FFF78FFE04B010BD0000F8B5044684
:102D100000224FF4F811FFF7C9FA054600224421BA
:102D20002046FFF79BFA0646236D00225A8483F85B
:102D30002420DA611A849A62236D9C62236DD86123
:102D4000226DD37D03F00303032B79D016F4806F3B
:102D500005D092F8243043F0040382F8243015F0B3
:102D6000800F74D115F0010F40F0A38015F0400FD3
:102D70000BD0636A13B1206D1C3098474FF4C073B9
:102D8000022244212046FFF7AAFE15F0080F00F0AA
:102D9000EA80236D002283F82420236DDB7B002B47
:102DA00040F09580236DDE6116F4802F00F0A9803D
:102DB000226D92F8243043F0080382F824304FF457
:102DC000802716F0805F08D0226D92F8243043F0FF
:102DD000100382F8243047F0805716F4005F06D0C5
:102DE000226DD37D03F00303032B00F0968016F4CD
:102DF000804F40F09E8047F4DE430022442120466D
:102E0000FFF76EFF206D438C002B40F0A180C37D47
:102E100003F00303032B00F09B80C36923F490436A
:102E2000C361226DD36943F48053D361E36913B165
:102E3000206D1C309847236D002283F824208BE0FE
:102E400010F4005F1CBF45F00805EDB27EE7276D6A
:102E5000002248212046FFF717FA3884236D9A7D17
:102E60001AB1DA6912F0040F03D11B8C03F460630A
:102E70008BB10423002244212046FFF7DEFD4FF4EE
:102E80006063002248212046FFF729FE236A13B120
:102E9000206D1C309847236D1B8C13F4807F3FF40A
:102EA00061AF4FF48073002248212046FFF717FEE0
:102EB00058E7F823002244212046FFF7BEFD23698E
:102EC000002B3FF453AF206D1C3098474EE73B4931
:102ED0002046FFF7EBF9236DDB7B032B08BFC0F324
:102EE000071010F0010F18BF46F4804610F0020FD3
:102EF00018BF46F4005610F0040F18BF46F4806661
:102F000050E716F4806F1FBF226D92F8243043F013
:102F1000040382F82430002753E792F8243043F06A
:102F2000020382F82430236D00225A8447F40047BC
:102F300061E72046FFF78EFD10F4004F3FF45BAFD2
:102F4000226D92F8243043F0010382F8243052E7D6
:102F500063690BB11C309847236DDB7B53B9236D3C
:102F6000002283F8242015F0100F07D115F0200F50
:102F700014D1F8BD2046FFF7A1FEF0E7104B002268
:102F800044212046FFF7ACFEE36913B1206D1C30ED
:102F90009847236D002283F82420E7E7094B00229D
:102FA00044212046FFF79CFEA36913B1206D1C301D
:102FB0009847236D002283F82420DAE724000100DB
:102FC000009405340004221038B5044689B9002263
:102FD0002C21FFF743F9054601224FF460212046DA
:102FE000FFF764F92B1A00222C212046FFF778FE08
:102FF00038BD00222C21FFF731F905460122054991
:103000002046FFF753F92B1A00222C212046FFF708
:1030100067FEEDE70400010070B506460C46084D5A
:1030200000222946FFF71AF9000D0005C4F3130327
:103030000343002229463046FFF752FE70BD00BF11
:103040000800010038B505460C4600224FF4A021C7
:10305000FFF704F90B4B034014F0010F18BF43F4C2
:10306000802314F0020F18BF43F4104314F0040F30
:1030700018BF43F0120300224FF4A0212846FFF7A7
:103080002FFE38BDC00FE0FF38B505460C460B6873
:1030900000220B49FFF724FE6368002209492846F5
:1030A000FFF71EFEA368002207492846FFF718FE17
:1030B000E368002205492846FFF712FE38BD00BF2D
:1030C0000C000200100002001400020018000200B0
:1030D00038B505460C460B6800220B49FFF700FE89
:1030E0006368002209492846FFF7FAFDA368002219
:1030F00007492846FFF7F4FDE36800220549284602
:10310000FFF7EEFD38BD00BF1C00020020000200EA
:1031100024000200280002002DE9F047044605299A
:1031200040D0264D2E46264FDFF8D880DFF8D890C5
:10313000DFF8D8A0234B002223492046FFF7D0FD1B
:103140005346002221492046FFF7CAFD4B46002284
:103150001F492046FFF7C4FD434600221D49204673
:10316000FFF7BEFD3B4600221B492046FFF7B8FD96
:103170003346002219492046FFF7B2FD2B460022B4
:1031800017492046FFF7ACFD164B00221649204692
:10319000FFF7A6FD154B002215492046FFF7A0FDBD
:1031A000BDE8F087134D144E144FDFF86480DFF84C
:1031B0006490DFF864A0124BBDE700BFB5AF02001A
:1031C0007DAF0200FEA80200380003003C000300AF
:1031D0004000030044000300480003004C000300CB
:1031E00050000300400200101C00030089A46D1B66
:1031F00020000300F5CF0100B5CF010036CF01005C
:10320000FDC001003EAF0200FEA5020036AC020088
:103210007EC70100BEC601003EC4010008B5002300
:103220001A460249FFF75CFD08BD00BF0400070015
:1032300038B504460D4600231A460A49FFF750FDEB
:1032400000231A464FF4E0212046FFF749FD05B957
:1032500038BD4FF0E053002203492046FFF740FD00
:10326000F6E700BF4800070014000700F0B583B080
:10327000046DE47B032C0CBF4FF4981C4FF4901C9E
:103280009C18B4F5806F19DA1D4616460F460446A1
:103290007F2B15D94FEA1C4300220D49FFF720FD73
:1032A0002B4600220B492046FFF71AFD00973346B4
:1032B00000224FF4E8112046FEF7C6FF03B0F0BD30
:1032C000009113462A466146FEF7BEFFF6E700BFAF
:1032D00004001F0008001F0030B583B005460C46EF
:1032E00071B121F00203013B0F2B56D8DFE803F048
:1032F0001055552155555528555555555555553346
:103300000022009213460221FFF78CFB20460EE0BC
:103310000022009213460421FFF784FB032244217C
:103320002846FEF7C3FF10F0080F1FD1002003B09E
:1033300030BD0022009213460A21FFF773FBEDE730
:103340000021FFF741FE0022009213460821284683
:10335000FFF768FBE2E70121FFF736FE002200924B
:10336000134606212846FFF75DFBD7E700210091B1
:103370000B460A462846FFF755FB14F0020F02D011
:103380004FF0FF30D3E70022009213460221284677
:10339000FFF748FB4FF0FF30C9E74FF0FF30C6E7BB
:1033A000F0B583B05C18B4F5806F24DA1C4617467C
:1033B0000E4605467F2B15D9142300220F49FFF72F
:1033C0008FFC234600220E492846FFF789FC009710
:1033D000334600224FF4E8112846FFF723FB002074
:1033E00003B0F0BD00920B4622464FF4A011FFF748
:1033F00019FB0020F4E74FF0FF30F1E704001F0055
:1034000008001F0030B585B0089C8DF808301D0AF3
:103410008DF809501D0C8DF80A501B0E8DF80B30DD
:103420008DF80C40230A8DF80D30230C8DF80E30EA
:10343000240E8DF80F4048F20303019302AB009372
:10344000082392B2FEF77DFE05B030BD00B583B013
:10345000052904D009290BD003B05DF804FB4023F3
:1034600000936FF4005300220649FFF7CBFFF3E708
:103470004FF4015300936FF4005300220149FFF70A
:10348000C1FFE9E708000B0070B582B004460E46A4
:10349000134D4FF0082300934FF0FF3300222946CD
:1034A000FFF7B0FF4FF0601300934FF0FF3300229F
:1034B00029462046FFF7A6FF0A4B00934FF0FF3343
:1034C00000224FF4E0212046FFF79CFF0EB902B026
:1034D00070BD054B002205492046FFF701FCF6E7C9
:1034E00048000700003C0002001101011400070021
:1034F00000B583B0054B00934FF0FF330022044921
:10350000FFF780FF03B05DF804FB00BF003C000242
:10351000040007002DE9F04383B004460D4617462A
:10352000564E00223146FEF799FE81464FF4704315
:1035300000934FF0FF33002231462046FFF762FF31
:10354000DFF83C811823002241462046FFF7C7FAE6
:1035500025212046FFF70AFB02212046FFF706FB44
:103560004FF4FE712046FFF701FBF9B241F4807180
:103570002046FFF7FBFA4FF480712046FFF7F6FA7A
:1035800000212046FFF7F2FA02212046FFF7EEFA6B
:103590004FF4E0712046FFF7E9FAE9B241F4807197
:1035A0002046FFF7E3FAC5F3072141F48071204676
:1035B000FFF7DCFAC5F3074141F480712046FFF7BD
:1035C000D5FA290E41F480712046FFF7CFFA002189
:1035D0002046FFF7CBFA3A212046FFF7C7FA40F220
:1035E000FF112046FFF7C2FA4FF485712046FFF71E
:1035F000BDFA00212046FFF7B9FA3A212046FFF72D
:10360000B5FA40F201112046FFF7B0FA022300227A
:103610004FF430212046FFF762FA00231A464FF498
:1036200030212046FFF75BFA0220FCF7B9FD3A2172
:103630002046FFF79BFA4FF481712046FFF796FA78
:10364000022300224FF430212046FFF748FA0023DE
:103650001A464FF430212046FFF741FA00231A465C
:1036600041462046FFF73BFA4B46002231462046B2
:10367000FFF736FB03B0BDE8F08300BF440007004E
:1036800008000B00F0B583B000242346012607276D
:1036900002E00134092C09D006FA04F50D42F8D0F5
:1036A00004EB440507FA05F52B43F2E71A400092B4
:1036B000DB4300224FF4A021FFF7A4FE03B0F0BDCE
:1036C0002DE9F04182B00446884617461D46FCF7B6
:1036D000BBFC0646022D2DD0012D38D000250095CB
:1036E0006FEA08032A463C212046FFF78BFE00952F
:1036F000FB432A4640212046FFF784FE00223C215E
:103700002046FEF7ABFD0346002244212046FFF78A
:10371000E7FA002240212046FEF7A0FD03460022E2
:1037200048212046FFF7DCFA3046FCF79FFC02B048
:10373000BDE8F081434600223C212046FFF7D0FA45
:103740003B46002240212046FFF7CAFAD6E7CDF8D3
:1037500000804FF0FF3300223C212046FFF752FE4D
:1037600000974FF0FF33002240212046FFF74AFE2A
:10377000C4E7000010B582B004467F2A12D9803217
:1037800041EAC32141EA024100910C4B002224216D
:10379000FFF738FE00224FF400212046FEF786FD99
:1037A00002B010BD41EAC32141EA02410091034B3E
:1037B00000222421FFF726FEF2E700BF00F400FC00
:1037C00000B583B000920B4600224421FFF71AFE99
:1037D000002003B05DF804FB00B585B08DF80C3017
:1037E0009DF818308DF80D3048F20103019303ABBA
:1037F0000093022392B2FEF7A4FC05B05DF804FB2F
:1038000030B583B004460D4611F0010F15D00023EA
:103810000093EF2302224FF46021FFF7DDFF236DB9
:103820001D76236D1B7E5B0810D06B0800220E49AD
:103830002046FFF702F903B030BD10230093FF23A9
:1038400002224FF46021FFF7C7FFE8E7012300934E
:10385000FF23002204492046FFF7BEFF226D137E9E
:1038600043F002031376E6E72800010070B582B04A
:1038700004460D460121FFF763F900212046FFF7BA
:1038800003FE2046FFF734FEC5F30B030022154963
:103890002046FFF724F903230093FF230022124957
:1038A0002046FFF799FF104E00252A463146204654
:1038B000FEF7FCFC10F0010FF7D12046FFF7AEFC3D
:1038C00000212046FFF7B4FC05212046FFF738F918
:1038D000002206492046FEF7E9FC00F03F0002B056
:1038E00070BD00BF1C000800100008001C0007008D
:1038F00038B505460C46B1F8051049B1FFF7B6FFDB
:10390000D4F80130002205492846FFF7E9F938BD0F
:10391000237800220249FFF790F8F1E70C0001003C
:103920001C00070030B583B004460D4610230093F9
:10393000FF2300220649FFF74FFF2B46022D38BF19
:10394000022300222C212046FFF7CAF903B030BD24
:1039500024000F0030B583B0044601291DD0022990
:1039600030D001230093FF2300222649FFF734FFC4
:10397000254D4FF4000300936FF480730022294615
:103980002046FFF73FFD002300937F2302222946B4
:103990002046FFF721FF03B030BD0521FFF7D0F827
:1039A0004FF4817300934FF0FF33002217492046F4
:1039B000FFF728FD01220092FF2313492046FFF75D
:1039C0000BFFE8E703230093FF2300220D49FFF7D5
:1039D00003FF0D4D4FF4000300936FF4807300223A
:1039E00029462046FFF70EFD002300937F23022285
:1039F00029462046FFF7F0FE05212046FFF7A0F8F4
:103A0000C9E700BF04001100080011000800090008
:103A100030B583B0054602290ED000240094FE2361
:103A200022461021FFF7D8FE2346224614212846BD
:103A3000FFF755F803B030BD144601230093FF2370
:103A400000221021FFF7C8FE234600221421284639
:103A5000FFF745F8EEE700002DE9F04182B005469A
:103A6000294C2A4B00222146FFF73AF910230093F4
:103A7000FF23002221462846FFF7AEFE03244FF025
:103A80001408234F00264046FCF79AFB324639467D
:103A90002846FEF70BFC012834D0631E13F0FF0408
:103AA000F1D16FF00204184E00231A463146284621
:103AB000FEF7C3FF0123002215492846FEF7BDFF8C
:103AC00001230093FF23022231462846FFF784FE9C
:103AD000002210492846FEF7C1FB6FF06043984270
:103AE00008BF6FF0030400220B492846FEF7B6FB1F
:103AF0006FF06043984214BF20466FF0040002B09C
:103B0000BDE8F0810024CEE70C00040001000200B3
:103B100020000400140004001C00040000B583B061
:103B200000290BBFFF23F723002208220092012265
:103B30001021FFF751FE03B05DF804FB10B584B00F
:103B4000BDF818408DF80C301B0A8DF80D308DF83B
:103B50000E40240A8DF80F4048F20203019303AB94
:103B60000093042392B2FEF7ECFA04B010BD0000FB
:103B700010B582B004464FF4C07300934FF6FF7344
:103B800000220749FFF7DAFF236D1B7A00934FF6F7
:103B9000E073002203492046FFF7D0FF02B010BDBA
:103BA00008000B001F00110030B583B0044611F06F
:103BB000010F1FD00D464FF4107300936FF47C6318
:103BC00000224FF4A021FFF71DFC4FF404030093E3
:103BD0004FF0FF33002218492046FFF713FC15F081
:103BE000020F1AD14FF48873002214492046FFF7C0
:103BF00077F810E0002500956FF47C632A464FF4B7
:103C0000A021FFF7FFFB00954FF6FF632A460B4903
:103C10002046FFF793FF03B030BD084D084B00224C
:103C200029462046FFF75CF84FF4887300222946A6
:103C30002046FFF755F8EEE70400110016001100CA
:103C400010010F00F0B583B00446012909D01420FB
:103C5000FCF7B6FA2046FFF7FFFE0546284603B0FC
:103C6000F0BD0F4E00223146FEF70EFB074640F234
:103C7000051300934FF6FF73002231462046FFF7ED
:103C80005DFF1420FCF79CFA2046FFF7E5FE054691
:103C9000002200923B4631462046FFF74FFFDDE70A
:103CA0004800070000B583B0012A09D0CB430022A9
:103CB00000929BB20649FFF741FF03B05DF804FB99
:103CC00000914FF6FF7300220149FFF737FFF4E739
:103CD0000C000500F0B583B004460F4616461D469D
:103CE00048F2400300934FF6FF7300221849FFF794
:103CF00025FFAA1943F201039A4215DC7F2D1DD935
:103D00001523002213492046FEF7EAFF2B46002226
:103D100011492046FEF7E4FF0097334600224FF496
:103D2000E8112046FEF790FA0022009247F6BF7392
:103D300007492046FFF702FF03B0F0BD0097334666
:103D40002A464FF4A8112046FEF77EFAECE700BFA2
:103D50000400110004001F0008001F0070B5064693
:103D60000C4615460E4B02220E49FEF7B9FF0F2DE9
:103D7000A8BF0F25631E032B28BF04241023234153
:103D8000002209493046FEF7ABFF631E9B0005FA8F
:103D900003F3002205493046FEF7A2FF70BD00BFC5
:103DA0007408D20010001100280007001800080055
:103DB0002DE9F04F83B004460D4691F800900B7941
:103DC000182B14D8CF78182F94BF00270127FFB2E3
:103DD000EB79012B0CBF102100216B78013B062BE6
:103DE00010D8DFE803F0060F0F120C0F09000127AF
:103DF000EDE74FF0400A0AE04FF0480A07E04FF0C5
:103E0000800A04E04FF4807A01E04FF0200A226D2E
:103E1000538A23F0E0035382236DEA791A732E7BD1
:103E2000B31C01269E401FFA86F8226DCC4B03FB83
:103E300008F3DB0B9382236DEA7ADA752B7A5B0148
:103E400003F020036A7B43EA0243EA7A120302F496
:103E5000304213430B430093C24B002210212046F3
:103E6000FFF7D0FA002F40F0F580EB7AF3B16B7BCF
:103E7000012B40F21B812A7BBB4B33F8122012012D
:103E8000D30AC2F30A0202F58062B2F5006F28BFBE
:103E900001339BB20AEBC80A03F07F0300934FF68D
:103EA00080730222B1492046FFF748FE9423009315
:103EB000AF4B0022AF492046FFF7A4FABAF1FF0F3B
:103EC00040F30781226D538A43F0200353824FF45D
:103ED000806300934EF2FF730022A7492046FFF74C
:103EE0002DFE6B7B012B00F0FF80AB7843F01003BD
:103EF0000093FC2300224FF4C0212046FFF76CFC06
:103F0000731EDBB200224FF400312046FEF795FD10
:103F10006B78072B0CBF08230023012228212046A1
:103F2000FEF78BFD954B002295492046FEF7D8FE03
:103F3000002294492046FEF791F920F4FF5020F02A
:103F40001F00B9F1090F08BF40F001002A791202E1
:103F500002F4F852EB78DB00DBB21A436B795B00BA
:103F600003F0060313430343002286492046FEF76D
:103F7000B7FEAA796B781B0343EA822300936FF4A0
:103F80007443002224212046FFF73CFAB5F809309B
:103F900023B96FF07E036B720023AB72B5F8093062
:103FA00002224FF4C0212046FEF799FD02227649F5
:103FB0002046FEF77BF9236D1B7C4B4500F09E806D
:103FC000032800F09F80B9F1090F00F0A0806F4B2B
:103FD00000226F492046FEF783FE41F63C73002223
:103FE0004FF410212046FEF77AFD1423012269497F
:103FF0002046FEF722FD0E23022267492046FEF7E7
:104000001CFD8123002265492046FEF716FD022390
:10401000002244212046FEF710FD01212046FFF733
:1040200099FC4FF0140BD846002744264046FCF775
:10403000C7F83A4631462046FEF738F910F0020F2D
:1040400040F0B8800BF1FF3313F0FF0BEED16FF0AF
:104050000100D0E0226D538A43F0600353824FF495
:10406000406300936FF4C053002243492046FFF79A
:10407000C9F940F20633002249492046FEF730FED6
:1040800000231A464FF00E112046FEF729FE454B3D
:10409000002236492046FEF723FE9D230093344B31
:1040A000002234492046FFF7ADF91AE72A7B2E4B50
:1040B00033F812304FF4356202FB03F2930CC2F373
:1040C000CA1202F58062B2F5006F28BF01339BB2BD
:1040D000E0E64FF4A05300934EF2FF73002226490E
:1040E0002046FFF72BFDFCE6AB780093EC23002283
:1040F0004FF4C0212046FFF76FFB01E703287FF450
:1041000062AF5AE002212046FFF724FC5BE7264B12
:1041100000221F492046FEF7E3FD40F63C730022D3
:104120004FF410212046FEF7DAFC5EE74FFA89F1E2
:104130002046FFF78BF94DE000220092FE231B4939
:104140002046FFF749FB4FE04FF0005300936FF01C
:104150007F43002216492046FFF754F947E000BF8D
:1041600068660200CF4FFCFFE422050012000E003B
:1041700000FFFFBF16000E0008000B00CC355FAF3C
:104180000C0006001400010030000F003411071C61
:104190001C00070050000700180007000800090075
:1041A0000C000E000A5A0C003400011C1800030019
:1041B00010000600236D83F810902B79093BDBB2C9
:1041C0000F2BB9D8236D5B7A012BAFD0494620461F
:1041D000FEF7A2FF4FF4C843009348F2FF130022FA
:1041E00006492046FFF7AAFCBAF13F0FACDC0121DB
:1041F0002046FFF727FD03B0BDE8F08F180003004D
:104200002DE9F04F91B0064615461C469C2900F258
:104210009F80DFE811F06C0A770AA300A700BE00B8
:1042200048018E016B0152019E01A901B101B90142
:10423000C101C901D101D501DD016E027C028102FB
:104240008B02900295029E02A30209031B03260320
:1042500031033B03730369035F0345035203C10347
:10426000F8012B0239024102550296099B0982038B
:10427000DF03E303EC03F103FB0305040D04370440
:1042800043044E0478035904620474048D049E04AC
:10429000E004EA040B051A053505230551059705C9
:1042A000AF05CF05E405F80501061D060A067307EC
:1042B0009F07ED07F307FE071708370841084B086B
:1042C00079088208880891089E08AB08B508BE08DE
:1042D000C708D208DD08E308060911091C094509C9
:1042E000670972098B09A109150A1F0A2A0A7F0AA0
:1042F000340A610A9107DF09FF09ED0AE20A8C0A14
:10430000970AA20AAD0AB80AC30ACE0AD70AD70B7F
:10431000110C4C0C6F0C270D3C0D170B9D009D00D4
:104320009D009D009D009D009D009D009D009D00A5
:104330009D009D009D009D009D009D009D009D0095
:104340009D00860CA30CCC0DED0CE20C010DF80CBD
:104350004FF0FF35284611B0BDE8F08F436898470D
:104360000025F7E70222B749FDF7A0FF032801D88F
:104370000025EFE7FBF768FE0446002500952B4675
:104380002A4629463046FEF74DFB2046FBF76EFED7
:10439000E0E7002C01F00E85247814F01D0F65D0A5
:1043A00014F0010F26D014F0020F4FF0000200921B
:1043B000134614BF0D210321FEF734FB03224421D1
:1043C0003046FDF773FF10F0080F45D100229D49DC
:1043D0003046FDF743FFB0F5502F18BF0025B9D187
:1043E000002100910B460A463046FEF71BFB4FF0BA
:1043F000FF35AFE714F0080F0ED114F0100F1BD1EA
:1044000014F0020F4FF000020092134614BF102167
:104410000921FEF707FBD1E70021FEF7D5FD14F0D7
:10442000020F4FF000020092134614BF0F21072124
:104430003046FEF7F7FAC1E70121FEF7C5FD14F09B
:10444000020F4FF000020092134614BF0E21052107
:104450003046FEF7E7FAB1E7002100910B460A4625
:104460003046FEF7DFFA4FF0FF3573E714F0200F08
:104470000CD014F0020F4FF0000500952B462A4691
:1044800014BF11210B21FEF7CDFA63E714F0020FE0
:104490004FF0000500952B462A4614BF0C21012140
:1044A000FEF7C0FA56E7002C01F08784236800224B
:1044B0002C21FEF715FC00254CE7236800226249F9
:1044C000FEF70EFC6368002260493046FEF708FCE8
:1044D000A36800225E493046FEF702FCE368002232
:1044E0005C493046FEF7FCFB002533E7002C01F069
:1044F000678423886568032D01F26584DFE805F091
:1045000002070D1300225449FEF7E9FA22E70222BE
:104510005149FEF7E4FA00251CE700224F49FEF757
:10452000DEFA002516E702224C49FEF7D8FA0025EC
:1045300010E7002C01F04A8423785B0003F00603A7
:1045400000936FF0060300224549FEF75BFF00254C
:1045500000E74FF4803300934FF0FF3300224149CE
:10456000FEF750FF0025F5E6002C01F03284036DC4
:104570005B7B23700025EDE6002C01F02D84036D9C
:104580009B7A23700025E5E6002C01F02884036D5A
:10459000DB7A23700025DDE6002C01F02384036D17
:1045A0001B6823600025D5E6002C01F01E84036DF6
:1045B0005B6823600025CDE6FEF780FB0025C9E699
:1045C000002C01F015842168FEF726FD0025C1E6C8
:1045D000002C01F0108425785DB1646840230093BD
:1045E000FF2300221021FFF7F7F8022D07D1F46016
:1045F00005E000220092BF231021FFF7EDF8336D94
:104600009D750025A6E6002C01F0F88365682378E7
:1046100003221549FEF711FA45B9002200924FF224
:10462000FF7310213046FFF789FA93E64FF4812398
:1046300000934FF0FF33002210213046FEF7E2FED8
:10464000002587E630000F005400010058000100EB
:104650005C00010060000100180001001C00010066
:10466000140001000400110008000100002211469E
:10467000FDF7F4FDB268136843405268134214BF5B
:104680004FF0FF35002565E6002C01F0BA83217854
:10469000FFF7B6F800255DE63AB9002200924FF226
:1046A000FF73AE49FFF74AFA54E64FF400630093F4
:1046B0004FF6FF730022A949FFF740FA002549E6AB
:1046C00002F001024FF6FF734FF2FF71002A08BF9C
:1046D0000B46D20215F0020F12BF42F4805223F4AF
:1046E00080539BB2009200229C49FFF727FA0025D5
:1046F00030E62AB99A4B02229A49FEF7F1FA29E6E6
:10470000994B02229749FEF7EBFA002522E6114663
:10471000FEF798FC00251DE6002C01F075830022B1
:104720009249FDF7C3FD2070002513E62146FEF7F0
:10473000ABFC00250EE62146FEF7CAFC002509E683
:1047400001230093FF2300228949FFF745F8002544
:1047500000E61146FEF7E0FC0025FBE5036D1B7A41
:10476000002B37D11423012282493046FEF765F928
:104770001823002280493046FEF7B2FAE8230022CF
:104780007E493046FEF7ACFA336D5B8A03F0E003F6
:10479000202B22D0602B2BD0336D1B7E5B0832D0B8
:1047A000002277493046FDF76FFDC0F3C403093B93
:1047B0000F2B01F22C8300F0010000280CBF052113
:1047C0000921336D5B7A012B29D03046FEF7A4FC1A
:1047D0000025BFE5FFF7CCF9C4E74FF480630093F1
:1047E0006FF4C053002267493046FEF70BFED3E753
:1047F0004FF4406300936FF4C05300226149304688
:10480000FEF700FEC8E7012300225F493046FEF7AD
:1048100014F9326D137E43F002031376C0E730467D
:10482000FEF714FE002595E5002C01F0F3822378B5
:10483000026DD3751B0303F43043009344F6FF73FA
:1048400000221021FFF77AF9002583E5002C01F002
:10485000E482238800224FF46021FEF740F900250E
:1048600078E5002C01F0DC8200224FF46021FDF796
:104870000BFD208000256DE5002C01F0D4822388FB
:1048800000224249FEF72BF9002563E5002C01F0D8
:10489000CD8200223D49FDF7F7FC2080002559E537
:1048A000002C01F0C682A388E288216800914FF4B1
:1048B000B011FEF7B7F800254CE5002C01F0BC82E2
:1048C000A388E288216800914FF4B011FDF7BCFC89
:1048D00000253FE5002C01F0B282E388A288216820
:1048E000FEF7C4FC002535E5002C01F0AB82E3881F
:1048F0002268A188FEF754FD00252BE51146FEF73E
:10490000EBFC002526E5002C01F09F8223796288CC
:104910002188FEF72FFF00251CE5002C01F098826E
:10492000036DDB7B012B0CD0032B10D10C224FF439
:10493000F011FDF7A9FC00B240F30C032380002521
:1049400008E500221249FDF79FFC00B2F4E70022BF
:104950001049FDF799FC00B2EEE700BF0800110016
:104960007408D200100011007488D2041C000700E3
:1049700004000200500007000C001F0010001F0080
:104980001400010008000B002800010004000100D1
:104990000C00180020000C00002C01F05C820CAB15
:1049A000009303230022BB49FDF74EFC9DF8322003
:1049B0009DF8313003EB02229DF8303003EB0223E7
:1049C00013F4801F1CBF6FEA03336FEA13332360B5
:1049D0000025BFE4FEF794F80025BBE4002C01F0AD
:1049E0003D826188FEF742FF20700025B2E4214637
:1049F000FDF76AFC0025ADE4002C01F032820122B3
:104A00007421FDF72BFC20600025A3E4002C01F0AD
:104A10002B8200227421FDF721FC2060002599E4FF
:104A20000094052300227421FDF70EFC002591E47B
:104A3000002C01F01C82036DDB7B012B14D0032BB7
:104A400019D116224FF4F011FDF71EFCC0F30D0032
:104A500083B213F4005F04D06FEA83436FEA934399
:104A600018B22080002575E402228B49FDF70CFC6A
:104A7000C0F30D00ECE702228849FDF705FCC0F306
:104A80000D00E5E70094062300228549FDF7DCFBD5
:104A9000637903F00103637100255BE4002C01F0EE
:104AA000E98101224FF00811FDF700FC207000257C
:104AB00050E4002C01F0E18100224FF00811FDF7D5
:104AC000F5FB2070002545E4002C01F0D981A28877
:104AD0002168FEF71FFD00253CE4002C01F0D38186
:104AE0002568A48822462946FEF714FD2146304653
:104AF000FEF750F82D1A18BF4FF0FF352AE4022AAE
:104B00000ED0684C00231A4621463046FDF795FF2B
:104B10000223002221463046FDF78FFF002519E4CD
:104B200000230093FE2301225F49FEF755FEE8E7CC
:104B3000002C01F0AB812488E2B24FF48171FEF7C2
:104B40006BF8220A40F203113046FEF765F80025A3
:104B500000E4002C01F09D81DFF8588110230093C0
:104B6000FF2300224146FEF737FE4FF482713046A4
:104B7000FEF732F800F0E0052A464FF48271304625
:104B8000FEF74AF845F004024FF482713046FEF712
:104B900043F80220FBF704FB4FF487713046FEF721
:104BA0001BF8074640F20F113046FEF715F8814614
:104BB0002A464FF482713046FEF72EF80025009504
:104BC000EF232A4641463046FEF706FE47EA09270C
:104BD0002780FFF7BFBB002C01F05E81A2782188FF
:104BE000FEF742F80025FFF7B5BBFDF789FF01206E
:104BF000FBF7D6FA03230093FF2300222B4930460C
:104C0000FEF7EAFD00231A464FF488113046FDF7FF
:104C100014FF0120FBF7C4FA336D0025DD73022277
:104C20005A829D75DD751D74FFF794BB002C01F051
:104C30003681237803F03F03026D937300221C49F1
:104C4000FDF7FBFE0025FFF785BB002C01F02A8154
:104C5000036D9B7B23700025FFF77CBB0121FEF7D2
:104C600013FC3046FEF744FC01213046FDF768FF97
:104C70000F2201213046FFF771F80025FFF76ABBCC
:104C8000002C01F0128162682168FFF767F80025A7
:104C9000FFF760BB29000600140018001C000C0080
:104CA00018000C0004000A000800110004001100A4
:104CB0001400090048000700002C01F0F980D64DCF
:104CC00000222946FDF7F2FA804602230093FF23D3
:104CD000002229463046FEF77FFD04230022CF49FB
:104CE0003046FDF7AAFE012300224FF40021304692
:104CF000FDF7A3FECA4F00252A4639463046FDF788
:104D0000D5FA10F0010FF7D000224FF0081130460D
:104D1000FDF7BAFA054600231A464FF40021304643
:104D2000FDF78BFE00231A46BC493046FDF785FE91
:104D300043460022B8493046FDF77FFE2580002516
:104D4000FFF708BB002C01F0B6802379026DD27A00
:104D50009B1A07EE903AF8EEE77A9FEDB27A67EE8B
:104D6000877AB3EE067A77EE877AC4ED007A00256B
:104D7000FFF7F0BA002C01F0A1802379026D927A3E
:104D80009B1A07EE903AF8EEE77A9FEDA77A67EE66
:104D9000877AB3EE007A67EE877ADFEDA46A87EE52
:104DA000A67AF0EE087A77EE277AC4ED007A00252D
:104DB000FFF7D0BA002C01F0848024680121FEF7AF
:104DC00063FB3046FEF794FB01213046FDF7B8FE49
:104DD00021463046FEF7A6FD0025FFF7BBBA0025A9
:104DE0000095EF232A469249FEF7F6FC052130464E
:104DF000FDF7A6FE01213046FEF71AFA3046FEF70F
:104E00000DFAFFF7A7BA00250095EF232A46884937
:104E1000FEF7E2FCFFF79EBA002C01F083802168C8
:104E2000FEF780FD0025FFF795BA00228149FDF7C6
:104E30002BFAC0F30B0510F4006F18BF45F4704552
:104E40002DB22580336DB3F91430ED1AFFF782BA15
:104E5000002C01F06A80D4F80490237A99F813208A
:104E6000FF2A00F03F81002B36D1D9F800300093A3
:104E70000C2300227049FDF7D5FD99F80C30B9F8E4
:104E80000E20D11899F81220002A5FD199F810004D
:104E900000280BBF7F224FF480624FF4B0154FF40F
:104EA000A01599F81300121A023A914200F22081DB
:104EB000D9F804200092002229463046FDF7B2FDC1
:104EC000B9F80E3099F80C20D9F80810009129464D
:104ED0003046FDF7A7FD4AE0D9F80030B9F80E10CA
:104EE0009A7A8DF830205A7A8DF831201A7A8DF816
:104EF0003220DA798DF833209A798DF834205A7976
:104F00008DF835201A798DF83620DA788DF837202B
:104F10009A788DF838205A788DF839201A788DF8DB
:104F20003A2000228DF83B208DF83C10090A8DF8BC
:104F30003D10197B8DF83E10DB7A8DF83F300CABBD
:104F4000009310233C49FDF76DFD96E7012A40F0E0
:104F5000CC8099F81130002B40F2FF3308BF7F233B
:104F600099F813209B1A023B994200F2C48099F8E9
:104F70001020531EDBB2012B40D999F81130591E75
:104F8000C9B2012964D9042B69D042EA4333002213
:104F90002A493046FDF7A4FEB9F80E30284A02EA45
:104FA000C31299F80C3003F07F0313430022254904
:104FB0003046FDF795FE0123002223493046FDF7D8
:104FC0003CFDDFF8888000273A4641463046FDF731
:104FD0006DF910F0050FF7D00546034600221B4976
:104FE0003046FDF72AFD05F03F0525F03003012B83
:104FF00042D06BB223700025FFF7ACB9336DDB7B79
:10500000032B01F02B8099F811305A1ED2B2012ADD
:105010002CD90122B7E700BF480007003400070081
:10502000040008006666863FCDCCCC3E00007F437E
:1050300024000F00080002003400010044000100B9
:1050400080FF0100480001004C00010050000100F9
:10505000336DDB7B032B0CBF0223012395E7B9F8EB
:105060000E10102991D96FF00303C3E701221346F4
:105070008BE70222134688E799F81230012BB8D14A
:1050800099F81120531EDBB2012B1BD9032A0CBF48
:105090004FF4A0174FF4B017D9F8042012B199F8C3
:1050A0000C30C3B9D9F808100029A2D0B9F80E30D5
:1050B000002B9ED099F80C20009139463046FDF720
:1050C000C3F896E7336DDB7B032B0CBF4FF49817C7
:1050D0004FF49017E0E70092002239463046FDF782
:1050E000B3F8DFE76FF0020384E76FF0010381E7B5
:1050F0004FF0FF337EE74FF0FF337BE7237AE17910
:10510000A279D20042EA41021343627943EA821350
:10511000227943EAC213E27843EA0223A27843EAFF
:10512000C223627843EA02339BB20022CD49FDF7E5
:10513000D6FC0025FFF70EB9002C00F0F986637845
:1051400033B15B08013BDBB223700025FFF702B9E6
:105150000023F9E70022C449FDF780F8C0F30B03F0
:105160002380C0F30B4060800022C0493046FDF729
:1051700075F8C0F30B03A380C0F30B40E08000225E
:10518000BB493046FDF76AF82072000C60720022BD
:10519000B8493046FDF762F8C0F30B43A381C0F372
:1051A0000B0060810022B4493046FDF757F8C0F388
:1051B0000B43A4F80F30A0730022B0493046FDF72E
:1051C0004DF86074000CA0740022AD493046FDF724
:1051D00045F8C0F30B00A4F8130000256575A5750C
:1051E0002A46A8493046FDF761F8E075FFF7B2B8E6
:1051F0001146FDF761FC0025FFF7ACB8002C00F06C
:105200009A8623880022A049FDF769FC0025FFF754
:10521000A1B8002C00F09286256835B900231A4603
:105220009A49FDF75CFCFFF795B86279237943EA68
:10523000022323F0F00300229449FDF750FC0025DF
:10524000FFF788B8002C00F07C8623684BB9002556
:1052500000954FF6FF532A461021FEF76FFCFFF72B
:1052600079B800223421FDF73BFD4FF40073009321
:105270004FF6FF73002210213046FEF75FFC002539
:10528000FFF768B8002C00F05F866188FDF7A4FC8A
:1052900020700025FFF75EB8002C00F05886A27839
:1052A0002188FDF7B9FC0025FFF754B8784B794AFF
:1052B000012D18BF1346012D774918BF4FF00C116F
:1052C000026DD27B012A12D0032A17D1A2F5C01297
:1052D000013A1A444FF4F011FCF7D6FFC0092080C0
:1052E0002588003518BF01256D42FFF733B802222B
:1052F0001946FCF7C9FFC0092080F1E70222FCF73C
:10530000C3FFC0092080EBE7002C00F02386217842
:10531000FEF74AFC0025FFF71DB81146FEF71AFB01
:105320000025FFF717B80094042300221C21FCF786
:105330008BFF0025FFF70EB8002C00F00E8602222E
:105340004421FCF7A1FFC0F3002020700025FFF7E7
:1053500001B8002C00F0048600224421FCF7A6FFCF
:1053600000F0010020700025FEF7F4BF002C00F0D3
:10537000FA8562882188FEF74BFB0025FEF7EABF1D
:105380000094082300220421FDF74CFB0025FEF7C2
:10539000E1BF0094082300220421FCF755FF0025FB
:1053A000FEF7D8BF002C00F0E185238802220C21F3
:1053B000FDF795FB0025FEF7CDBF002C00F0D98549
:1053C000238800220C21FDF78AFB0025FEF7C2BFCF
:1053D0002146FDF705FB0025FEF7BCBF036DDB7B17
:1053E000012B0BD0032B12D10094052320224FF464
:1053F000F011FCF729FF0025FEF7ACBF0094052350
:1054000000222649FCF720FF0025FEF7A3BF0094E9
:10541000052300224FF44021FCF716FF0025FEF77C
:1054200099BF002504F8015B009404232A467021EB
:10543000FCF70AFFFEF78EBF002C00F09D850122CD
:105440006421FCF70BFF20600025FEF783BF002CD2
:1054500000F0958500226421FCF700FF2060002504
:10546000FEF778BF3000010004000F0008000F00B5
:105470000C000F0010000F0014000F0018000F00A8
:105480001C000F0028000F00040006001A00110085
:10549000340018002C00180014000C002000180024
:1054A000036DDB7B012B0BD0032B12D10094052362
:1054B00028224FF4F011FCF7C7FE0025FEF74ABF83
:1054C000009405230022D249FCF7BEFE0025FEF71A
:1054D00041BF009405230022CE49FCF7B5FE00250C
:1054E000FEF738BF002C00F04D8500221C21FCF790
:1054F000B5FE20600025FEF72DBF002C00F045858D
:1055000025886768237A002B00F042853C4607EB2C
:10551000830729463046FDF73DFB44F8040B01356F
:10552000ADB2BC42F5D10025FEF714BF002C00F04F
:105530003285237801222821FDF77FFA0025FEF726
:1055400009BFFEF789FA0546FEF704BF1146FEF7CC
:1055500079FB0546FEF7FEBE002C00F01F85A578FE
:105560000121FDF7EDFA00213046FDF78DFF3046B1
:10557000FDF7BEFF05F03F030022A7493046FDF7C7
:105580005CFA01230093FF230022A4493046FEF772
:1055900023F9A24F00252A4639463046FCF786FEFD
:1055A00010F0010FF7D100229D493046FCF76CFE48
:1055B00005463046FDF732FE00213046FDF738FE45
:1055C00005213046FDF7BCFAC5F30B052580002503
:1055D000FEF7C0BE0221FEF7BDF901213046FEF7FD
:1055E000B9F91424A046002744254046FAF7E8FDFF
:1055F0003A4629463046FCF759FE10F0020F05D115
:10560000631E13F0FF04F0D1012500E000256D4278
:10561000FEF7A0BE002C00F0C48423781B0303F423
:10562000E0436278012A08BF43F4807300936FF46B
:10563000E24300227B49FDF7E5FE0025FEF78ABE26
:10564000002C00F0B18462682168FEF71BF8002589
:10565000FEF780BE002C00F0AA8423880022724945
:10566000FDF73DFA0025FEF775BE002C00F0A28480
:1056700062682188FEF716FB0025FEF76BBE002C42
:1056800000F09B84657823788BB1036D0022DA7378
:105690004FF0FF330822E5B123F48063009200222B
:1056A00010213046FDF7AEFE0025FEF753BE036D18
:1056B0000122DA73182300225C49FDF711FBE8236D
:1056C00000225B493046FDF70BFB6FF00803002218
:1056D000E1E742F48062E1E7002C00F07184236886
:1056E00000223021FDF7FCFA0025FEF733BE002C26
:1056F00000F0698400222946FCF7B0FD20600025F7
:10570000FEF728BE234600222946FDF7E9FA0025C8
:10571000FEF720BE002C00F0598403224549FCF717
:10572000C5FDC0F3021020700025FEF713BE002C4B
:1057300000F04F84236800224421FDF7D1FA0025B0
:10574000FEF708BE002C00F0478423880022482181
:10575000FDF7C5F90025FEF7FDBD002C00F03F84E4
:1057600000224421FCF77AFD20600025FEF7F2BDFF
:10577000002C00F0378400224821FCF785FD2060D2
:105780000025FEF7E7BD002C00F02F8423780022CF
:105790002949FDF752F90025FEF7DCBD002C00F089
:1057A000278400224421FCF781FD20700025FEF7AC
:1057B000D1BD002C00F01F84FDF74CF920600025BE
:1057C000FEF7C8BD002C00F0198400221B49FCF72D
:1057D0005BFD20800025FEF7BDBD002C00F011848C
:1057E00000221749FCF73AFD20600025FEF7B2BD04
:1057F000002C00F009842388C3F30D0300934FF4B9
:10580000404300220E49FEF799F90025FEF7A2BD9C
:105810002800180008000C001C00070010000800F9
:105820001400080014000700080005000C001F0009
:1058300010001F0060000300240001002C00050080
:105840001A000E00002C00F0E283A788A3680893DA
:10585000217B06912269049262690592D8B200F018
:10586000030200F0FC00052942D1B7F5B17F28BF43
:105870004FF4B177DFF8DC92042F05D809EB000371
:105880005B78053B9F423BDB012A77D8AD4B995CA7
:105890003E46B94274DA551C53FA85F500230B4491
:1058A0009BB20132D2B2022A05D015F8011BA6EB39
:1058B000030C6145F3DB9F4208BF039064D007F1FE
:1058C00005081FFA88F880250021099103910791A6
:1058D0000E464FF0050BBE465F4538BFDE46AEF1C3
:1058E000050E1FFA8EFEDFF85CA2BC460F46DBE316
:1058F00040F231139F4228BF1F46DFF85C92BBE79E
:105900000023059A1380049A1146089A0A604AE017
:105910000023059A1380049B1A46089B13604FF0DE
:10592000FF3340E01FFA81FB0992039007930127A0
:10593000CBE3002F40F09F83984500F2A183002E17
:1059400038D03F2800F0C683002719F800105B1AF2
:105950009BB2461E06F03F0016F03F0618BF012618
:105960009AE30699092940F0BB833F2103910BE09C
:10597000B3B20132D2B23F21039105E000239AE78E
:10598000002398E70390634605990B80039B42EA46
:105990008302D2B2130443EA0263134343EA0223AD
:1059A000049A1360002323600025FEF7D3BC099AF4
:1059B000079BE9E70390E7E7099A079BE4E73F21A4
:1059C0000391E1E7002C00F0258325786268012A25
:1059D00015BF6FF460336FF4E043DF27EF2714BF88
:1059E0004FF020084FF010080024009422464FF496
:1059F000A021FDF707FD00943B4622465249304660
:105A0000FDF7EAFE012D03D065B10025FEF7A2BC2B
:105A1000254600943B4622464C493046FDF7DCFEC5
:105A2000FEF798BCCDF80080FF230022474930469E
:105A3000FDF7D2FEFEF78EBC002C00F0EE8222783D
:105A400012F0010F2DD0570107F0400740244FF40A
:105A5000E01312F0040F28D043F4600344F08004F4
:105A6000120102F0800217434FF400120092DB4350
:105A700000224FF4A0213046FDF7C4FCE443A4B259
:105A80000025009523462A462F493046FEF756F852
:105A9000009723462A462D493046FEF74FF8FEF779
:105AA00059BC00273C463B46D3E70022DEE70823EB
:105AB0000093FF2301224FF48021FDF78DFE244C3B
:105AC00002230093FF23032221463046FDF784FE84
:105AD00000250095F72301224FF480213046FDF781
:105AE0007BFE0095FD23032221463046FDF774FE20
:105AF000FEF730BC002C00F093826388DB0003F4D7
:105B0000FF6322780AB143F4006300934FF2070366
:105B100000224FF480213046FEF710F80025FEF7F2
:105B200019BC002C00F07F82E3B29A1C0123934041
:105B3000013BDBB200224FF40031FCF77EFF002571
:105B4000FEF708BCA8220500080005000C000500AF
:105B5000080011002822050068220500002C00F032
:105B60006582E37A002B00F06482637B012B21D9EC
:105B7000227BD54B33F812201201D30AC2F30A025A
:105B800002F58062B2F5006F28BF01339BB203F0CB
:105B90007F0300934FF680730222CC493046FDF715
:105BA000CDFF94230022CA493046FCF746FF00256A
:105BB000FEF7D0BB227BC44B33F812304FF4356272
:105BC00002FB03F2930CC2F3CA1202F58062B2F533
:105BD000006F28BF01339BB2D9E7002C00F02C8264
:105BE0000022BC49FCF73AFB20600025FEF7B2BB5F
:105BF000002C00F024820022B749FCF72FFB206024
:105C00000025FEF7A7BB002C00F01C824FF4A81360
:105C100023600025FEF79EBB002C00F016820025B5
:105C20000B9510AF192347F8103D009704232A461F
:105C3000AA49FCF7F7FE41F648730C93009704233A
:105C40002A46A7493046FCF7EDFE0BAB0093042330
:105C50002A464FF4E8113046FCF7F6FA0B9B236016
:105C6000FEF778BB002C00F0F38100229D49FCF781
:105C7000F5FA80B2206000229B493046FCF7EEFA2C
:105C8000430D9B019BB263600025FEF763BB002CB4
:105C900000F0E181237E2BB1012B37D0022B5ED0A7
:105CA000FF232FE000229149FCF7D8FAC0F30B0044
:105CB000206000228E493046FCF7D0FAC0F3150070
:105CC000606000228B493046FCF7C8FAC0F315002B
:105CD000A060002288493046FCF7C0FAC0F31500E6
:105CE000E060002285493046FCF7B8FAC0F31000A6
:105CF0002061002277493046FCF7B0FA00F0E0401E
:105D00006061002363760025FEF724BB00227C49F6
:105D1000FCF7A4FAC0F30B0020600022794930465A
:105D2000FCF79CFAC0F3150060600022764930460B
:105D3000FCF794FAC0F31500A06000224FF4502144
:105D40003046FCF78BFAC0F31500E06000226F4983
:105D50003046FCF783FAC0F313002061C9E7002244
:105D60006B49FCF77BFAC0F30B0020600022694905
:105D70003046FCF773FAC0F31500606000226649F4
:105D80003046FCF76BFAC0F31500A06000226349AF
:105D90003046FCF763FAC0F31500E060002260496A
:105DA0003046FCF75BFAC0F313002061A1E7002541
:105DB000FEF7D0BA0025FEF7CDBA0025FEF7CABA25
:105DC0000025FEF7C7BA0025FEF7C4BA0025FEF786
:105DD000C1BA0025FEF7BEBA0025FEF7BBBA002502
:105DE000FEF7B8BA0025FEF7B5BA0025FEF7B2BA3D
:105DF0000025FEF7AFBA0025FEF7ACBA0025FEF786
:105E0000A9BA0025FEF7A6BA0025FEF7A3BA002519
:105E1000FEF7A0BA0025FEF79DBA0025FEF79ABA54
:105E20000025FEF797BA0025FEF794BA0025FEF785
:105E300091BA0025FEF78EBA0025FEF78BBA002531
:105E4000FEF788BA0025FEF785BA0025FEF782BA6C
:105E50000025FEF77FBA0025FEF77CBA0025FEF785
:105E600079BA0025FEF776BA0025FEF773BA002549
:105E7000FEF770BA0025FEF76DBA0025FEF76ABA84
:105E80000025FEF767BA0025FEF764BA0025FEF785
:105E900061BA0025FEF75EBA0025FEF75BBA002561
:105EA000FEF758BA0025FEF755BA0025FEF752BA9C
:105EB0000025FEF74FBA0025FEF74CBA0025FEF785
:105EC00049BA0025FEF746BAE422050012000E008A
:105ED00016000E006000030048000F0004001F00C1
:105EE00008001F0048000C0028000C0058000C009F
:105EF00030000C0034000C0038000C002C000C00AA
:105F000020000D0064000C0068000C0060000C0014
:105F100068000D0040000D0044000D0048000D0019
:105F20003C000D000025FEF715BA0025FEF712BA59
:105F30000025FEF70FBA0025FEF70CBA0025FEF784
:105F400009BA0025FEF706BA0025FEF703BA0025B8
:105F5000FEF700BA0025FEF7FDB90025FEF7FAB9F5
:105F60000025FEF7F7B90025FEF7F4B90025FEF786
:105F7000F1B90025FEF7EEB90025FEF7EBB90025D3
:105F8000FEF7E8B90025FEF7E5B90025FEF7E2B90E
:105F90000025FEF7DFB90025FEF7DCB90025FEF786
:105FA000D9B90025FEF7D6B90025FEF7D3B90025EB
:105FB000FEF7D0B90025FEF7CDB90025FEF7CAB926
:105FC0000025FEF7C7B90025FEF7C4B90025FEF786
:105FD000C1B90025FEF7BEB90025FEF7BBB9002503
:105FE000FEF7B8B90025FEF7B5B90025FEF7B2B93E
:105FF0000025FEF7AFB90025FEF7ACB90025FEF786
:10600000A9B90025FEF7A6B90025FEF7A3B900251A
:10601000FEF7A0B90025FEF79DB90025FEF79AB955
:106020000025FEF797B90025FEF794B90025FEF785
:1060300091B90025FEF78EB90025FEF78BB9002532
:10604000FEF788B90025FEF785B90025FEF782B96D
:106050000025FEF77FB90025FEF77CB999F81130CD
:106060005A1ED2B2012A7FF604A80222FEF78BBF85
:10607000002F3FF464AC19F800105B1A9BB283E464
:106080003F2827D0002E7FF460AC013000F03F00A5
:1060900019F800100B449BB29C453FF473AC013DD2
:1060A00015F0FF053FF434AC9E45BFF442AC984573
:1060B000DED9ACEB030109B20029B8BF494259450A
:1060C0007FF730AC002F7FF472AC3F28DAD1002F7D
:1060D0007FF472AC032A3FF472AC022A3FF441AC65
:1060E0001AF802105E1866457FF742AC0B449BB26B
:1060F0000132D2B2002728E42DE9F04105460E46D0
:10610000036D002B5CD02C6D0023E37302226282AE
:10611000A375E3752374A372E37204212846FCF788
:1061200039FD074605212846FCF734FD80460A2143
:106130002846FCF72FFDC0F30440207227B1B8F1C8
:10614000000F01D0002840D120212846FCF722FD75
:106150002F4B98420CBF01230023637216F0100FDF
:1061600037D116F0200F3AD116F0400F3DD116F07E
:10617000800F41D1E37A0BB98523E372A37A0BB97F
:106180007423A3721F212846FCF704FD60731E21AF
:106190002846FCF7FFFC10F03F0012BFA0732E232F
:1061A000A373A37B00221B492846FCF746FC35213C
:1061B0002846FCF7EFFC034620BB0020BDE8F08139
:1061C0002C20F8F7A3FA28659DE72846FDF7D0FCB8
:1061D000BAE706212846FCF7DDFC2060C1E707216D
:1061E0002846FCF7D7FC6060BEE708212846FCF78C
:1061F000D1FC000CA072BAE709212846FCF7CAFCC2
:10620000E072B7E7002204492846FCF769FDD4E7AD
:10621000400200101400090004000900F0B585B028
:106220000446436B1968FFF767FF064623681B693E
:10623000984703AB002211462046FDF7E1FF636B50
:106240009B6A19682046FDF7B3FD636B9B6A59682A
:106250002046FDF74DFB636B9B6ADB8900224FF400
:1062600060212046FCF73BFC636B9B6A9B89002204
:1062700052492046FCF733FC00212046FCF7CCFEB7
:10628000002500954FF6FF532A4610212046FDF7C2
:1062900055FC636B9B6A5A8919892046FDF7B8FB48
:1062A000636B9B6A1B8A02220C212046FCF717FCB9
:1062B000636B9B6A5B8A2A460C212046FCF70FFC25
:1062C000636B197A2046FDF76FFC636BD968204633
:1062D000FCF7B8FE616B0B7E4A6909692046FDF741
:1062E000EFF9636B9A7F998B2046FCF7BDFC226D1A
:1062F000937B2E2B05D0636B93F82C3033F03F0348
:106300000AD0636B93F82C3003F03F0393730022A1
:106310002B492046FCF791FB636B93F82D10204628
:10632000FDF76EFA636B196A2046FCF7ADFE636BEE
:10633000596A2046FCF7CCFE636B93F82E30A3BB62
:10634000636B93F82F102046FCF7B6FB94F94C5082
:10635000002D27DB012303FA05F5AFB24FF0907251
:1063600039462046FDF78EF90DF10A03009302230A
:1063700000224FF4A0212046FBF766FFBDF80A304B
:1063800023EA0503ADF80A3000220E492046FCF747
:10639000A6FB94F94D20B2FA82F252093946204602
:1063A000FDF780FC304605B0F0BD01230093FF23CC
:1063B000002205492046FDF70FFAC1E7040001005D
:1063C0001400090008000500040002009829024892
:1063D00018BF0020704700BFEC23050070472DE96F
:1063E000F04184B005460F461E46BDF82C30591EBC
:1063F00089B201291CD9D01900F07F003A44C2F3B8
:106400000441820042EA412243EA0201090A8DF86E
:106410000C1020B9B3F5004F18D0002B37D041F045
:1064200040018DF80C101A438DF80D20022405E070
:106430007A0062F07E028DF80C200124022B06D037
:1064400026D3A3F50043032B01D9FEE701242B6DCE
:106450001B7D4BB92B685D680A9B324603A9204619
:10646000A84704B0BDE8F0810022214603A8FBF74D
:106470004BFE024631460A98FBF746FE2B68009019
:106480009D680A9B324603A92046A847E9E70124F4
:106490002B68D3F800800A9B324603A92046C047E8
:1064A0002B6D1B7D022BDCD1182FDAD00022214668
:1064B00003A8FBF729FE024631460A98FBF724FEA3
:1064C000044600221821284600F039F88442C8D03A
:1064D000EB68002BC5D09847C3E710B582B0002405
:1064E0000194049C0094FFF77AFF02B010BD00B540
:1064F00085B003AB0093042392B2FFF7EEFF0DF1DA
:106500000F030DF10B01002013F8012902EB00200D
:106510008B42F9D105B05DF804FB00B585B003AB43
:106520000093022392B2FFF7D8FF9DF80D309DF83B
:106530000C0000EB032080B205B05DF804FB00B551
:1065400085B00DF10F030093012392B2FFF7C5FF51
:106550009DF80F0005B05DF804FB30B5BDB00546F1
:106560000C46036D9A7B012A1CD0032A40F0E88177
:106570009B7D13F0080F0CD113F0040F02AB0093B6
:1065800014BF3823202300224FF4F011FFF7A5FF9A
:1065900019E002AB0093E82300224FF4F011FFF75B
:1065A0009CFF10E09B7D13F0080F40F0C08113F0BA
:1065B000040F02AB009314BF3823202300224FF4B2
:1065C000C011FFF78AFF0DF1170204F11A0304F15D
:1065D000200012F8011F03F8011B8342F9D19DF836
:1065E00015209DF8143043EA0223C3F30C0363849F
:1065F0009DF81F209DF81E3043EA0223C3F30D03CC
:1066000013F4005F1CBF6FEA83436FEA9343238454
:106610009DF825209DF8243043EA0223C3F30B03A1
:10662000E3872B6D9B7D13F0020F40F07E810AAA59
:10663000631E201D12F8011B03F8011FD179197286
:10664000D17B59748342F5D19DF82F3063719DF849
:106650002E209DF82D3043EA0223E3809DF8372059
:106660009DF8363003EB0223C3F3CF13A4F80D30AB
:106670009DF832209DF8313043EA0223A4F80F3010
:106680009DF83F209DF83E3003EB0223C3F3CF1368
:10669000E3829DF83A209DF8393043EA02232383B0
:1066A0002B6D9B7D13F0040F40F03F819DF843203C
:1066B0009DF842301B0443EA02639DF840201343D7
:1066C0009DF8412043EA022323F0604363629DF872
:1066D00047209DF846301B0443EA02639DF844209E
:1066E00013439DF8452043EA022323F00043A362AD
:1066F0009DF84B209DF84A301B0443EA02639DF845
:10670000482013439DF8492043EA0223C3F31303AF
:10671000E3629DF84F209DF84E301B0443EA02636C
:106720009DF84C2013439DF84D2043EA0223C3F308
:10673000150323639DF853209DF852301B0443EA50
:1067400002639DF8502013439DF8512043EA022331
:10675000C3F3150363639DF857209DF856301B045F
:1067600043EA02639DF8542013439DF8552043EA01
:106770000223C3F31503A3639DF865209DF86430DD
:1067800043EA0223A3879DF877209DF876301B0407
:1067900043EA02639DF8742013439DF8752043EA91
:1067A000022323F0404323649DF87B209DF87A3038
:1067B0001B0443EA02639DF8782013439DF8792077
:1067C00043EA0223C3F3130363649DF87F209DF81B
:1067D0007E301B0443EA02639DF87C2013439DF83E
:1067E0007D2043EA0223C3F31503A3649DF88320AD
:1067F0009DF882301B0443EA02639DF88020134316
:106800009DF8812043EA0223C3F31503E3649DF856
:1068100087209DF886301B0443EA02639DF884209C
:1068200013439DF8852043EA0223C3F31503236530
:106830009DF895209DF8943043EA0223C3F30E039C
:10684000A4F854309DF8A5209DF8A43043EA022313
:10685000C3F30B03A4F856309DF8BF209DF8BE305B
:106860001B0443EA02639DF8BC2013439DF8BD203E
:1068700043EA022323F04043A3659DF8C3209DF81B
:10688000C2301B0443EA02639DF8C02013439DF805
:10689000C12043EA0223C3F31303E3659DF8C72035
:1068A0009DF8C6301B0443EA02639DF8C4201343DD
:1068B0009DF8C52043EA0223C3F3150323669DF820
:1068C000CB209DF8CA301B0443EA02639DF8C82020
:1068D00013439DF8C92043EA0223C3F315036366FB
:1068E0009DF8CF209DF8CE301B0443EA02639DF84B
:1068F000CC2013439DF8CD2043EA0223C3F31503B4
:10690000A3669DF8DD209DF8DC3043EA0223C3F343
:106910000E03A4F86C309DF8ED209DF8EC3043EAAE
:106920000223C3F30B03A4F86E303DB030BD02ABBD
:106930000093E82300224FF4C011FFF7CEFD42E69A
:106940009B7D13F0010F00F0B38102AB00936C2329
:1069500000224FF44021FFF7C0FD1DAB00936C23D4
:1069600000224FF450212846FFF7B7FD02AA631E0C
:10697000201D12F8011B03F8011FD1791972D17B78
:106980005974D17D99768342F3D19DF82530E37710
:106990009DF80F3063719DF80E209DF80D3043EA8D
:1069A0000223E3809DF816309DF8172043EA022267
:1069B000C2F3CF12A4F80D209DF8152042EA03225D
:1069C000A4F80F209DF81F2043EA0223C3F3CF133E
:1069D000E3829DF81E209DF81D3043EA02232383A5
:1069E0009DF827209DF8263043EA0223C3F30D03C8
:1069F00013F4005F1CBF6FEA83436FEA9343238461
:106A00009DF829209DF8283043EA0223C3F30C03A4
:106A100063849DF82F209DF82E301B0443EA026307
:106A20009DF82C2013439DF82D2043EA022323F0E8
:106A3000604363622B6D9B7D13F0010F3FF475AFD4
:106A40009DF833209DF832301B0443EA02639DF821
:106A5000302013439DF8312043EA022323F0004302
:106A6000A3629DF837209DF836301B0443EA026389
:106A70009DF8342013439DF8352043EA0223C3F3E5
:106A80001303E3629DF83B209DF83A301B0443EA70
:106A900002639DF8382013439DF8392043EA02230E
:106AA000C3F3150323639DF83F209DF83E301B047C
:106AB00043EA02639DF83C2013439DF83D2043EADE
:106AC0000223C3F3150363639DF843209DF842300E
:106AD0001B0443EA02639DF8402013439DF84120C4
:106AE00043EA0223C3F31503A3639DF851209DF8E5
:106AF000503043EA0223A3879DF861209DF860305F
:106B000043EA0223C3F30B03E3879DF867209DF854
:106B100066301B0443EA02639DF8642013439DF82A
:106B2000652043EA022323F0404323649DF86B2051
:106B30009DF86A301B0443EA02639DF86820134302
:106B40009DF8692043EA0223C3F3130363649DF8AD
:106B50006F209DF86E301B0443EA02639DF86C20A1
:106B600013439DF86D2043EA0223C3F31503A36486
:106B70009DF873209DF872301B0443EA02639DF870
:106B8000702013439DF8712043EA0223C3F31503D9
:106B9000E3649DF877209DF876301B0443EA026396
:106BA0009DF8742013439DF8752043EA0223C3F334
:106BB000150323659DF885209DF8843043EA022360
:106BC000C3F30E03A4F854309DF895209DF894303B
:106BD00043EA0223C3F30B03A4F856309DF8AF2019
:106BE0009DF8AE301B0443EA02639DF8AC201343CA
:106BF0009DF8AD2043EA022323F04043A3659DF8AE
:106C0000B3209DF8B2301B0443EA02639DF8B02024
:106C100013439DF8B12043EA0223C3F31303E36552
:106C20009DF8B7209DF8B6301B0443EA02639DF837
:106C3000B42013439DF8B52043EA0223C3F31503A0
:106C400023669DF8BB209DF8BA301B0443EA02631B
:106C50009DF8B82013439DF8B92043EA0223C3F3FB
:106C6000150363669DF8BF209DF8BE301B0443EA00
:106C700002639DF8BC2013439DF8BD2043EA022324
:106C8000C3F31503A3669DF8CD209DF8CC3043EAED
:106C90000223C3F30E03A4F86C309DF8DD209DF8A9
:106CA000DC3043EA0223C3F30B03A4F86E303CE666
:106CB00002AB0093282300224FF44021FFF70DFC84
:106CC00054E6000000B583B0036D9B7B012B0BD015
:106CD000032B10D10091052304224FF4F011FFF78C
:106CE000FCFB03B05DF804FB00910523002205497D
:106CF000FFF7F3FBF5E70091052300226021FFF782
:106D0000ECFBEEE70400180010B582B04FF400442D
:106D10000194049C0094FFF762FB02B010BD00B523
:106D200085B08DF80C301B0A8DF80D3003AB009345
:106D3000022392B2FFF7E8FF05B05DF804FB000004
:106D400008B5012902D0052907D008BD41F6220364
:106D500000220549FFF7E3FFF7E74FF40073002235
:106D60000149FFF7DCFFF0E70400110038B50546E4
:106D70000C4641F400739BB200224FF43021FFF720
:106D8000CEFFA3B200224FF430212846FFF7C7FF01
:106D900038BD000070B504460E460C4D012300229C
:106DA0002946FFF7BCFF3346002209492046FFF77A
:106DB000B6FF0223002229462046FFF7B0FF00223B
:106DC00004492046FFF793FB70BD00BF08000B008D
:106DD00004000B0010000B0010B584B08DF80C30CF
:106DE0001C0A8DF80D401C0C8DF80E401B0E8DF802
:106DF0000F3003AB0093042392B2FFF785FF04B07A
:106E000010BD38B5044689B900222821FFF76FFB71
:106E1000054601224FF460212046FFF790FB2B1A14
:106E2000002228212046FFF7D7FF38BD0022282165
:106E3000FFF75DFB054601227C212046FFF77FFB23
:106E40002B1A002228212046FFF7C6FFEDE738B5B0
:106E500005460C4600224FF48031FFF748FB000D39
:106E60000005C4F31303034300224FF48031284686
:106E7000FFF7B2FF38BD38B505460C4600224FF487
:106E8000A021FFF734FB20F47C3314F0010F18BF6E
:106E900043F4803314F0020F18BF43F4005314F08E
:106EA000040F18BF43F4903300224FF4A02128466A
:106EB000FFF792FF38BD000038B505460C460B6859
:106EC00000220B49FFF788FF636800220949284622
:106ED000FFF782FFA368002207492846FFF77CFFDF
:106EE000E368002205492846FFF776FF38BD00BF5A
:106EF0000C00020010000200140002001800020042
:106F000038B505460C460B6800220B49FFF764FFB5
:106F10006368002209492846FFF75EFFA368002244
:106F200007492846FFF758FFE3680022054928462D
:106F3000FFF752FF38BD00BF1C0002002000020016
:106F400024000200280002002DE9F047044605292C
:106F50003AD0234D2E46234FDFF8C480DFF8C4908B
:106F6000DFF8C4A0204B002220492046FFF734FF61
:106F7000534600221E492046FFF72EFF4B460022B3
:106F80001C492046FFF728FF434600221A492046A5
:106F9000FFF722FF3B46002218492046FFF71CFF5F
:106FA0003346002216492046FFF716FF2B460022E3
:106FB00014492046FFF710FF134B002213492046C7
:106FC000FFF70AFFBDE8F087114D124E124FDFF8B0
:106FD0005C80DFF85C90DFF85CA0104BC3E700BF7B
:106FE000B5AF02007DAF0200FEA80200380003002A
:106FF0003C0003004000030044000300480003007D
:107000004C00030050000300400200101C0003006D
:10701000F5CF0100B5CF010036CF0100FDC0010062
:107020003EAF0200FEA5020036AC02007EC70100A2
:10703000BEC601003EC4010008B500231A4602493D
:10704000FFF7CAFE08BD00BF0400070038B50446BC
:107050000D4600231A460A49FFF7BEFE00231A46D2
:107060004FF4E0212046FFF7B7FE05B938BD4FF0D9
:10707000E053002203492046FFF7AEFEF6E700BFCB
:107080004800070014000700F0B583B0046DA47B2E
:10709000032C0CBF4FF4981C4FF4901C9C18B4F5B3
:1070A000806F19DA1D4616460F4604467F2B15D908
:1070B0004FEA1C4300220D49FFF78EFE2B460022AB
:1070C0000B492046FFF788FE0097334600224FF415
:1070D000E8112046FFF701FA03B0F0BD0091134616
:1070E0002A466146FFF7F9F9F6E700BF04001F00E2
:1070F00008001F0010B584B004AC04F8013D0094F2
:10710000012392B2FFF700FE04B010BD10B5044693
:10711000036D9B7B012B13D0032B1DD1F023002289
:107120001249FFF7E7FF00224FF4F0112046FFF766
:10713000F4F9236DDA7AA2B1C0F30900D88310BD47
:107140000F2300220949FFF7D5FF00224FF4C01199
:107150002046FFF7E2F9ECE700224C21FFF7DDF9CA
:10716000E7E700F07F00D883E9E700BF18000100DF
:1071700010B50446036D9B7B012B04D0236D9B7BD4
:10718000032B06D010BD0F2300220549FFF7B2FFE5
:10719000F4E7F023002202492046FFF7ABFFF1E7B6
:1071A0001800010038B5044600231A464FF4202188
:1071B000FFF7B5FD00231A4608492046FFF79AFF5E
:1071C000074D00231A4629462046FFF793FF022366
:1071D000002229462046FFF78DFF38BD14000A0023
:1071E00004000A0038B505460C46022300224FF47D
:1071F0007021FFF77FFF04B938BD012300224FF44F
:1072000070212846FFF776FFF6E7000038B5044600
:107210000B4600220A49FFF782FD0A4D882300220F
:1072200029462046FFF766FF00231A4629462046D6
:10723000FFF760FF002204492046FFF780F938BDC0
:107240000C000A0004000A0008000A0070B5044699
:107250000B461546B1F5807F34BF0026202600225C
:107260000B49FFF75CFD2B4600220A492046FFF739
:1072700041FF094D46F09003002229462046FFF7C2
:1072800039FF00231A4629462046FFF733FF70BD19
:107290000C000A0010000A0004000A0070B5044641
:1072A0000D461646002240F20B11FFF7CFFF4FF4B8
:1072B00082712046FFF7AAFF00F01F024FF482718F
:1072C0002046FFF7C3FF236D1A8A15431D82236DE5
:1072D0001B8A00224FF420212046FFF720FD334671
:1072E000002202492046FFF705FF70BD14000A0086
:1072F000F0B583B05C18B4F5806F24DA1C461746ED
:107300000E4605467F2B15D9142300220F49FFF79F
:1073100063FD234600220E492846FFF75DFD0097D6
:10732000334600224FF4E8112846FFF7EDFC002019
:1073300003B0F0BD00920B4622464FF4A011FFF7B8
:10734000E3FC0020F4E74FF0FF30F1E704001F00FA
:1073500008001F0010B582B00446022301930022EA
:10736000009213461321FFF73AF8236D9A7B032A04
:107370000CBF012203229A7302B010BD2DE9F04127
:10738000044600224FF4F811FFF7D9F80546002211
:1073900044212046FFF7ABF80646236D0022DA832E
:1073A00083F820209A619A835A62236D5C62236D70
:1073B0009F7B002F7FD1236D9E61D4F8508098F879
:1073C000153003F00303032B00F0908015F0800FBD
:1073D00040F0938015F0010F40F0C18015F0400F90
:1073E0000BD0636A13B1206D183098474FF4C07307
:1073F000022244212046FFF792FC15F0080F07D126
:10740000236D9B7B002B00F0EA80002F00F0E780CB
:10741000236D002283F8202016F4802F00F0AD8029
:10742000226D92F8203043F0080382F820304FF4A8
:10743000802716F0805F08D0226D92F8203043F04C
:10744000100382F8203047F0805716F4005F06D012
:10745000226D537D03F00303032B00F09A8016F492
:10746000804F40F0A28047F4DE43002244212046B2
:10747000FFF7B2FC2046FFF77BFE206DC38B002B8D
:1074800040F0A280437D03F00303032B00F09C80B7
:10749000836923F490438361226D936943F480539D
:1074A0009361E36913B1206D18309847236D002272
:1074B00083F820208CE06D492046FFF740F807460E
:1074C000236D9B7B032B08BFC0F3071717F0010F39
:1074D00018BF46F4804617F0020F18BF46F4005656
:1074E00017F0040F18BF46F4806664E716F4005FD7
:1074F0001CBF45F00805EDB268E700224821204690
:10750000FFF70BF8A8F81C00236D1A7D1AB19A69D1
:1075100012F0040F03D19B8B03F460638BB104233F
:10752000002244212046FFF7E5FD4FF4606300226E
:1075300048212046FFF7F3FB236A13B1206D183072
:107540009847236D9B8B13F4807F3FF443AF4FF438
:107550008073002248212046FFF7E1FB3AE7F82339
:10756000002244212046FFF7C5FD2369002B3FF48C
:1075700035AF206D1830984730E716F4806F1FBF85
:10758000226D92F8203043F0040382F82030002767
:107590004FE792F8203043F0020382F82030236D49
:1075A0000022DA8347F400475DE72046FFF7AEFD8F
:1075B00010F4004F3FF457AF226D92F8203043F0A3
:1075C000010382F820304EE763690BB11830984709
:1075D000236D9B7B03BB236D002283F8202015F0D5
:1075E000100F1DD115F0200F2DD10022204920466B
:1075F000FEF7A5FF236D83F8210010F0030309D0E7
:1076000000221B492046FFF775FDA36A13B1206DC8
:1076100018309847BDE8F0812046FFF79BFEDAE777
:10762000144B002244212046FFF7D6FB2046FFF7EB
:107630009FFDE36913B1206D18309847236D002238
:1076400083F82020CEE70C4B002244212046FFF790
:10765000C3FB2046FFF78CFDA36913B1206D1830E2
:107660009847236D002283F82020BEE71800010010
:1076700038001100009405340004221030B585B0A4
:10768000089C8DF808301D0A8DF809501D0C8DF8E6
:107690000A501B0E8DF80B308DF80C40230A8DF824
:1076A0000D30230C8DF80E30240E8DF80F4048F26B
:1076B0000303019302AB0093082392B2FEF78FFEFF
:1076C00005B030BD70B582B004460E46134D4FF084
:1076D000082300934FF0FF3300222946FFF7CEFF27
:1076E0004FF0601300934FF0FF33002229462046ED
:1076F000FFF7C4FF0A4B00934FF0FF3300224FF413
:10770000E0212046FFF7BAFF0EB902B070BD054B6D
:10771000002205492046FFF75FFBF6E74800070017
:10772000003C0002001101011400070000B583B005
:10773000054B00934FF0FF3300220449FFF79EFFF3
:1077400003B05DF804FB00BF003C0002040007002A
:107750002DE9F04383B004460D461746564E0022ED
:107760003146FEF7C4FE81464FF4704300934FF05C
:10777000FF33002231462046FFF780FFDFF83C81CF
:107780001823002241462046FFF7C9FA252120464A
:10779000FFF7ECFA02212046FFF7E8FA4FF4FE71FA
:1077A0002046FFF7E3FAF9B241F480712046FFF773
:1077B000DDFA4FF480712046FFF7D8FA0021204609
:1077C000FFF7D4FA02212046FFF7D0FA4FF4E07118
:1077D0002046FFF7CBFAE9B241F480712046FFF76B
:1077E000C5FAC5F3072141F480712046FFF7BEFAC0
:1077F000C5F3074141F480712046FFF7B7FA290E1F
:1078000041F480712046FFF7B1FA00212046FFF7CE
:10781000ADFA3A212046FFF7A9FA40F2FF112046BF
:10782000FFF7A4FA4FF485712046FFF79FFA002175
:107830002046FFF79BFA3A212046FFF797FA40F2DD
:1078400001112046FFF792FA022300224FF4302163
:107850002046FFF764FA00231A464FF430212046F1
:10786000FFF75DFA0220F8F79BFC3A212046FFF76C
:107870007DFA4FF481712046FFF778FA0223002247
:107880004FF430212046FFF74AFA00231A464FF4FE
:1078900030212046FFF743FA00231A46414620468E
:1078A000FFF73DFA4B46002231462046FFF794FA97
:1078B00003B0BDE8F08300BF4400070008000B00E0
:1078C000F0B583B0002423460126072702E00134E7
:1078D000092C09D006FA04F50D42F8D004EB440552
:1078E00007FA05F52B43F2E71A400092DB4300222A
:1078F0004FF4A021FFF7C2FE03B0F0BD10B582B077
:1079000004467F2A12D9803241EAC32141EA02416A
:1079100000910C4B00222021FFF7B0FE00224FF413
:1079200000212046FEF70BFE02B010BD41EAC32144
:1079300041EA02410091034B00222021FFF79EFE05
:10794000F2E700BF00F400FC00B583B000920B46E4
:1079500000224421FFF792FE002003B05DF804FBF3
:1079600000B585B08DF80C309DF818308DF80D30CD
:1079700048F20103019303AB0093022392B2FEF796
:107980002EFD05B05DF804FB30B583B004460D460E
:1079900011F0010F15D000230093EF2302224FF4C2
:1079A0006021FFF7DDFF236D9D75236D9B7D5B08D7
:1079B00010D06B0800220E492046FFF79BFB03B056
:1079C00030BD10230093FF2302224FF46021FFF704
:1079D000C7FFE8E701230093FF2300220449204664
:1079E000FFF7BEFF226D937D43F002039375E6E738
:1079F0002000010070B582B004460D460121FFF75A
:107A00009FF900212046FFF75DFE2046FFF78EFE1E
:107A1000C5F30B03002215492046FFF780F9032325
:107A20000093FF23002212492046FFF799FF104ED2
:107A300000252A4631462046FEF781FD10F0010F51
:107A4000F7D12046FFF7F8FA00212046FFF7FEFAAB
:107A500005212046FFF774F9002206492046FEF76B
:107A60006EFD00F03F0002B070BD00BF1C000800BA
:107A7000100008001C00070038B505460C46B1F898
:107A8000051049B1FFF7B6FFD4F8013000220549CF
:107A90002846FFF7A1F938BD237800220249FFF7F5
:107AA00029FBF1E7040001001C00070030B583B09A
:107AB00004460D4610230093FF2300220649FFF7DA
:107AC0004FFF2B46022D38BF0223002228212046DB
:107AD000FFF782F903B030BD28000F0030B583B046
:107AE000044601291DD002292FD001230093FF2332
:107AF00000222549FFF734FF244D4FF40003009383
:107B00006FF48073002229462046FFF7B7FD00235B
:107B100000937F23022229462046FFF721FF03B06E
:107B200030BD0521FFF70CF9022300934FF0FF331E
:107B3000002217492046FFF7A1FD01220092FF23F2
:107B400012492046FFF70CFFE9E703230093FF23C8
:107B500000220D49FFF704FF0C4D4FF40003009382
:107B60006FF48073002229462046FFF787FD00232B
:107B700000937F23022229462046FFF7F1FE0521CC
:107B80002046FFF7DDF8CAE70400110008001100E5
:107B90000800090030B583B0054602290ED0002444
:107BA0000094FE2322461021FFF7DAFE23462246E8
:107BB00014212846FFF7B3F803B030BD1446012363
:107BC0000093FF2300221021FFF7CAFE2346002264
:107BD00014212846FFF7A3F8EEE700002DE9F04155
:107BE00082B00546294C2A4B00222146FFF7F4F8C3
:107BF00010230093FF23002221462846FFF7B0FE02
:107C000003244FF01408234F00264046F8F7D8FA13
:107C1000324639462846FEF792FC012834D0631ECE
:107C200013F0FF04F1D16FF00204184E00231A463E
:107C300031462846FFF75EFA0123002215492846FF
:107C4000FFF758FA01230093FF230222314628460A
:107C5000FFF786FE002210492846FEF748FC6FF029
:107C60006043984208BF6FF0030400220B49284686
:107C7000FEF73DFC6FF06043984214BF20466FF062
:107C8000040002B0BDE8F0810024CEE70C0004003F
:107C90000100020020000400140004001C00040085
:107CA0002DE9F04383B00546884617461C46F8F791
:107CB000CBF90646022C19D0042C17D004F0FD0392
:107CC000012B3FD04FF00009CDF800906FEA080378
:107CD0004A463C212846FFF7D1FCCDF80090FB43F3
:107CE0004A4640212846FFF7C9FC0BE043460022E4
:107CF0003C212846FFF770F83B46002240212846E9
:107D0000FFF76AF8033CE4B2012C2DD900223C2194
:107D10002846FEF7ECFB0346002244212846FFF7E5
:107D20005BF8002240212846FEF7E1FB03460022D3
:107D300048212846FFF750F83046F8F797F903B086
:107D4000BDE8F083CDF800804FF0FF3300223C21E6
:107D50002846FFF793FC00974FF0FF3300224021A5
:107D60002846FFF78BFCCDE710210091FF2302226C
:107D70002846FFF7F5FDC9E700B583B000290BBF22
:107D8000FF23F72300220822009201221021FFF78F
:107D9000E7FD03B05DF804FB10B584B0BDF81840F2
:107DA0008DF80C301B0A8DF80D308DF80E40240A2A
:107DB0008DF80F4048F20203019303AB00930423B4
:107DC00092B2FEF70CFB04B010BD000030B583B0DA
:107DD000044611F0010F1FD00D464FF410730093AD
:107DE0006FF47C6300224FF4A021FFF747FC4FF4AF
:107DF000040300934FF0FF33002218492046FFF799
:107E00003DFC15F0020F1AD14FF48873002214497B
:107E10002046FEF7E1FF10E0002500956FF47C633B
:107E20002A464FF4A021FFF729FC00954FF6FF6387
:107E30002A460B492046FFF7AFFF03B030BD084D7F
:107E4000084B002229462046FEF7C6FF4FF48873F0
:107E5000002229462046FEF7BFFFEEE7040011008E
:107E60001800110010010F00F0B583B0044601297D
:107E700009D01420F8F7A4F92046FFF7AFFE054615
:107E8000284603B0F0BD0F4E00223146FEF745FBF9
:107E9000074640F2071300934FF6FF730022314666
:107EA0002046FFF779FF1420F8F78AF92046FFF7FC
:107EB00095FE0546002200923B4631462046FFF7DC
:107EC0006BFFDDE74800070000B583B0012A09D049
:107ED000CB43002200929BB20649FFF75DFF03B03F
:107EE0005DF804FB00914FF6FF7300220149FFF794
:107EF00053FFF4E70C000500F0B583B004460F46CD
:107F000016461D4648F2400300934FF6FF730022C9
:107F10001849FFF741FFAA1943F201039A4215DC01
:107F20007F2D1DD91523002213492046FEF754FF4B
:107F30002B46002211492046FEF74EFF009733469C
:107F400000224FF4E8112046FEF7C7FA0022009203
:107F500047F6BF7307492046FFF71EFF03B0F0BD89
:107F6000009733462A464FF4A8112046FEF7B5FA8B
:107F7000ECE700BF0400110004001F0008001F0010
:107F800070B506460C4615460E4B02220E49FEF70A
:107F900023FF0F2DA8BF0F25631E032B28BF04242A
:107FA00010232341002209493046FEF715FF631EC6
:107FB0009B0005FA03F3002205493046FEF70CFF4B
:107FC00070BD00BF7408D200100011002800070027
:107FD000180008002DE9F04F83B004460D4691F8D3
:107FE00000900B79182B14D8CF78182F94BF002746
:107FF0000127FFB2EB79012B0CBF102100216B7818
:10800000013B062B10D8DFE803F0060F0F120C0F10
:1080100009000127EDE74FF0400A0AE04FF0480A57
:1080200007E04FF0800A04E04FF4807A01E04FF05F
:10803000200A226D138A23F0E0031382236DEA796C
:10804000DA722E7BB31C01269E401FFA86F8226D41
:10805000CA4B03FB08F3DB0B5382236DEA7A5A7594
:108060002B7A5B0103F020036A7B43EA0243EA7A3E
:10807000120302F4304213430B430093C04B00221F
:1080800010212046FFF7FAFA002F40F0FB80EB7A30
:10809000F3B16B7B012B40F220812A7BB94B33F883
:1080A00012201201D30AC2F30A0202F58062B2F56D
:1080B000006F28BF01339BB20AEBC80A03F07F03AD
:1080C00000934FF680730222AF492046FFF764FE0B
:1080D00094230093AD4B0022AD492046FFF7CEFA22
:1080E000BAF1FF0F40F30C81226D138A43F0200395
:1080F00013824FF4006300934CF6FF730022A549EE
:108100002046FFF749FE6B7B012B00F00481AB7822
:1081100043F010030093FC2300224FF4C0212046BB
:10812000FFF71EFC731EDBB200224FF40031204625
:10813000FEF7E0FF6B78072B0CBF0823002301221A
:1081400024212046FEF7D6FFEB7A03F00303032B2E
:108150000CBF914B914B002291492046FEF73CFE0B
:10816000002290492046FEF7C2F920F4FF5020F08B
:108170001F00B9F1090F08BF40F001002A7912026F
:1081800002F4F852EB78DB00DBB21A436B795B0048
:1081900003F0060313430343002282492046FEF7FF
:1081A0001BFEAA796B781B0343EA822300936FF4CA
:1081B0007443002220212046FFF760FAB5F8093009
:1081C00023B96FF07E036B720023AB72B5F80930F0
:1081D00002224FF4C0212046FEF7A1FD022272497F
:1081E0002046FEF7ACF9236DDB7B4B4500F09D800C
:1081F000032800F09E80B9F1090F00F09F806B4BBF
:1082000000226B492046FEF7E7FD41F63C73002251
:108210004FF410212046FEF782FD14230122654908
:108220002046FEF767FF0E23022263492046FEF731
:1082300061FF8123002261492046FEF75BFF022394
:10824000002244212046FEF755FF01212046FFF77A
:1082500045FC4FF0140BD846002744264046F7F75C
:10826000AFFF3A4631462046FEF769F910F0020F9B
:1082700040F0C1800BF1FF3313F0FF0BEED16FF034
:108280000100DEE0226D138A43F0600313824FF495
:10829000C05300936FF4405300223E492046FFF73D
:1082A000EDF940F20633002245492046FEF794FDE1
:1082B00000231A4643492046FEF78EFD424B00221A
:1082C00031492046FEF788FD9D2300932F4B002265
:1082D0002F492046FFF7D2F915E72A7B294B33F8BF
:1082E00012304FF4356202FB03F2930CC2F3CA1250
:1082F00002F58062B2F5006F28BF01339BB2DBE666
:108300004FF4205300934CF6FF730022214920467E
:10831000FFF742FDF7E6AB780093EC2300224FF421
:10832000C0212046FFF71CFBFCE603287FF463AF67
:1083300064E002212046FFF7D1FB5CE7234B0022DB
:108340001B492046FEF748FD40F63C7300224FF4DF
:1083500010212046FEF7E3FC5FE74FF480730093A3
:108360004FF6FF7300220B492046FFF715FD226DE3
:10837000138A43F00803138252E000BF68660200CC
:10838000CF4FFCFFF423050014000E0000FFFFBFD9
:1083900018000E0008000B00CC355FAF4C585FAFE3
:1083A0000C0006000800010030000F003411071C0B
:1083B0001C00070050000700180007000800090013
:1083C0000C000E0010000E000A5A0C003400011CB4
:1083D00000220092FE231C492046FFF7C1FA29E043
:1083E0004FF0005300936FF07F430022174920465F
:1083F000FFF744F921E0236D83F80F902B79093BB7
:10840000DBB20F2BE4D8236D1B7A012BA5D0494694
:108410002046FEF799FD226D138A23F0080313828C
:108420004FF4C843009348F2FF1300220649204648
:10843000FFF7B2FCBAF13F0FD2DC01212046FFF773
:1084400013FD03B0BDE8F08F180003001000060014
:10845000F0B583B005460E46036D002B51D02C6D50
:108460000023A3730222228223756375E373637270
:10847000A37204212846FEF78DFC074605212846F5
:10848000FEF788FC0FB1002840D120212846FEF7D6
:1084900081FC354B98420CBF01230023237216F058
:1084A000100F42D116F0200F45D116F0400F48D1E1
:1084B00016F0800F4CD1A37A0BB98523A372637A8F
:1084C0000BB9742363721F212846FEF763FC2073E7
:1084D0001E212846FEF75EFC10F03F0012BF6073BD
:1084E0002E236373637B002220492846FEF702FE99
:1084F00035212846FEF74EFC034678BB002003B02A
:10850000F0BD2820F6F702F92865A8E74FF40073BC
:1085100000934FF6FF73002215492846FFF73CFCF5
:10852000238A43F010032382AFE706212846FEF793
:1085300031FC2060B6E707212846FEF72BFC60607F
:10854000B3E708212846FEF725FC000C6072AFE770
:1085500009212846FEF71EFCA072ACE7002205495F
:108560002846FEF739FCC9E7400200101400090054
:1085700008000B000400090030B583B005460C4626
:1085800071B121F00203013B0F2B62D8DFE803F049
:10859000116161246161612D616161616161613AB3
:1085A00002210191002200921346FDF718FF204698
:1085B00010E0022301930022009213460421FDF7EC
:1085C0000EFF032244212846FDF7B9FF10F0080FE3
:1085D00025D1002003B030BD022301930022009278
:1085E00013460A21FDF7FBFEEBE70021FEF709FC2D
:1085F0000223019300220092134608212846FDF72A
:10860000EEFEDEE70121FEF7FCFB022301930022D0
:108610000092134606212846FDF7E1FED1E702232A
:108620000193002100910B460A462846FDF7D7FE2C
:1086300014F0020F02D04FF0FF30CBE7022101917E
:108640000022009213462846FDF7C9FE4FF0FF3086
:10865000C0E74FF0FF30BDE770B582B00646022597
:10866000019500240094234622461921FDF7B7FE08
:10867000336D9C731D821C755C75DC7302B070BD1C
:1086800070B582B006460225019500240094234669
:1086900022461821FDF7A3FE336D9C731D821C75C5
:1086A0005C75DC7302B070BD2DE9F04F91B00646E9
:1086B00015461C469C2900F29F80DFE811F0530A02
:1086C0005E0AA300A700C0004C0192016F01560191
:1086D000A201AD01B501BD01C501CD01D501D90191
:1086E000E1017202800285028F0294029902A202C5
:1086F000A702DD02FA02050310031A03520348031E
:108700003E03240331038103FC012F023D02450295
:1087100059027D09820961039F03A303AC03B103DE
:10872000DB03E503ED03170423042E045703390488
:10873000420454046D047E04C004CA04F004FF041F
:108740001A05080524056A058205A205D105E50577
:10875000EE050A06F70543078507D307D907E4079F
:10876000FD071D08270831085F0868086E087708AC
:10877000840891089B08A408AD08B808C308C90874
:10878000EC08F70802090D094E0959097209880910
:10879000FC09060A110A660A1B0A480A7707C60975
:1087A000E609D40AC90A730A7E0A890A940A9F0A4A
:1087B000AA0AB50ABE0AB50CEF0C2A0D4D0DF90D2B
:1087C0000E0EFD0AC00BF30BFE0B030C080C130C72
:1087D000260C310C460C5B0C970C9D009D009D00F7
:1087E0009D009D009D009D009D00640D750DC20EB5
:1087F000BF0DB40DD30DCA0D4FF0FF35284611B093
:10880000BDE8F08F436898470025F7E70222B44996
:10881000FDF795FE032801D80025EFE7F7F714FCD4
:10882000044602230193002500952B462A4629463B
:108830003046FDF7D4FD2046F7F718FCDEE7002CA4
:1088400001F00286247814F01D0F61D014F0010F9E
:1088500023D014F0020F4FF0020301934FF00002F7
:108860000092134614BF0D210321FDF7B8FD03222A
:1088700044213046FDF763FE10F0080F08BF0025C5
:10888000BCD002230193002100910B460A463046DA
:10889000FDF7A5FD4FF0FF35B0E714F0080F11D13B
:1088A00014F0100F21D114F0020F4FF002030193C6
:1088B0004FF000020092134614BF10210921FDF76A
:1088C0008EFDD4E70021FEF79CFA14F0020F4FF062
:1088D000020301934FF000020092134614BF0F21D0
:1088E00007213046FDF77BFDC1E70121FEF789FA3C
:1088F00014F0020F4FF0020301934FF000020092B8
:10890000134614BF0E2105213046FDF768FDAEE782
:1089100014F0200F0FD014F0020F4FF00203019358
:108920004FF0000500952B462A4614BF11210B215C
:10893000FDF755FD62E714F0020F4FF002030193BB
:108940004FF0000500952B462A4614BF0C2101214B
:10895000FDF745FD52E7002C01F0798523680022E0
:108960002821FEF739FA002548E7236800225D49EF
:10897000FEF732FA636800225B493046FEF72CFAB4
:10898000A368002259493046FEF726FAE368002220
:1089900057493046FEF720FA00252FE7002C01F05A
:1089A000598523886568032D01F25785DFE805F0B6
:1089B00002070D1300224F49FEF7B1F91EE702220C
:1089C0004C49FEF7ACF9002518E700224A49FEF7AA
:1089D000A6F9002512E702224749FEF7A0F9002573
:1089E0000CE7002C01F03C8523785B0003F00603C4
:1089F00000936FF0060300224049FEF73FFE00257A
:108A0000FCE64FF4803300934FF0FF3300223C49E3
:108A1000FEF734FE0025F1E6002C01F02485036DFD
:108A20001B7B23700025E9E6002C01F01F85036DF8
:108A30005B7A23700025E1E6002C01F01A85036DB6
:108A40009B7A23700025D9E6002C01F01585036D73
:108A50001B6823600025D1E6002C01F01085036D12
:108A60005B6823600025C9E6FEF774FC0025C5E6B7
:108A7000002C01F007852168FEF7E9F90025BDE625
:108A8000002C01F0028525785DB1646840230093D5
:108A9000FF2300221021FEF763FF022D07D1F460AF
:108AA00005E000220092BF231021FEF759FF336D2D
:108AB0001D750025A2E6002C01F0EA846568237884
:108AC00003224FF48031FEF715FBDDB9002200923E
:108AD0004FF2FF7310213046FFF75EF98EE600BFBC
:108AE00030000F0054000100580001005C0001003C
:108AF000600001000C0001001000010008000100EE
:108B0000040011004FF4812300934FF0FF33002243
:108B100010213046FEF7B2FD00256FE60022114617
:108B2000FDF7E5FCB268136843405268134214BF76
:108B30004FF0FF35002561E6002C01F0AC84217870
:108B4000FEF722FF002559E63AB9002200924FF2C3
:108B5000FF73B849FFF720F950E64FF40063009324
:108B60004FF6FF730022B349FFF716F9002545E6DB
:108B700002F001024FF6FF734FF2FF71002A08BFA7
:108B80000B46D20215F0020F12BF42F4805223F4BA
:108B900080539BB200920022A649FFF7FDF8002502
:108BA0002CE62AB9A44B0222A449FEF715F925E6C2
:108BB000A34B0222A149FEF70FF900251EE611463C
:108BC000FEF759F9002519E6002C01F06784002210
:108BD0009C49FDF7B4FC207000250FE62146FEF706
:108BE0006BF900250AE62146FEF78AF9002505E61D
:108BF00001230093FF2300229349FEF7B1FE0025D5
:108C0000FCE51146FEF7A0F90025F7E51823002240
:108C10008E49FEF7E1F8E82300228D493046FEF741
:108C2000DBF8336D9B7D5B081AD000228949304602
:108C3000FDF773FCC0F3C403093B0F2B01F2318431
:108C400000F0010000280CBF05210921336D1B7ABB
:108C5000012B01F029843046FEF776F90025CDE599
:108C6000012300227C493046FEF744FA326D937DA1
:108C700043F002039375D8E7002C01F018842478A0
:108C8000036D5C75230303F43043009344F6FF73D4
:108C900000221021FFF780F804F00304032C0CBF1E
:108CA0006E4B6F4B00226F493046FEF795F800255A
:108CB000A4E5002C01F0FE83238800224FF46021FC
:108CC000FEF72DF8002599E5002C01F0F68300222F
:108CD0004FF46021FDF721FC208000258EE5002C5B
:108CE00001F0EE83238800227C21FEF718F800258E
:108CF00084E5002C01F0E78300227C21FDF70DFCC8
:108D0000208000257AE5002C01F0E083A388E2882A
:108D1000216800914FF4B011FDF7F6FF00256DE5D5
:108D2000002C01F0D683A388E288216800914FF4DB
:108D3000B011FDF7D2FB002560E5002C01F0CC83DB
:108D4000E388A2882168FEF79FF9002556E5002CEC
:108D500001F0C583E3882268A188FEF7C9FA0025DF
:108D60004CE51146FFF708FC002547E5002C01F013
:108D7000B983237962882188FEF7C0FD00253DE58F
:108D8000002C01F0B283036D9B7B012B0CD0032BD5
:108D900010D10C224FF4F011FDF7BFFB00B240F3ED
:108DA0000C032380002529E500222F49FDF7B5FBA0
:108DB00000B2F4E700222D49FDF7AFFB00B2EEE769
:108DC000002C01F095830CAB00930323002228496B
:108DD000FDF783FB9DF832209DF8313003EB022232
:108DE0009DF8303003EB022313F4801F1CBF6FEAA1
:108DF00003336FEA133323600025FFE4FEF7D2F953
:108E00000025FBE4002C01F076836188FEF7F2FD7B
:108E100020700025F2E42146FDF79FFB0025EDE4DC
:108E2000002C01F06B8301227021FDF760FB2060B4
:108E30000025E3E4080011007408D20010001100BE
:108E40007488D2041C000700040002000C001F00FC
:108E500010001F000800010020000100CC355FAFAA
:108E60004C585FAF0C0006000C00180020000C00EE
:108E700029000600002C01F0448300227021FDF738
:108E800036FB20600025B9E4009405230022702100
:108E9000FDF723FB0025B1E4002C01F03583036DC1
:108EA0009B7B012B14D0032B19D116224FF4F01108
:108EB000FDF733FBC0F30D0083B213F4005F04D061
:108EC0006FEA83436FEA934318B22080002595E44C
:108ED0000222D649FDF721FBC0F30D00ECE7022288
:108EE000D349FDF71AFBC0F30D00E5E70094062314
:108EF0000022D049FDF7F1FA637903F001036371B1
:108F000000257BE4002C01F0028301224FF00811C0
:108F1000FDF715FB2070002570E4002C01F0FA82AB
:108F200000224FF00811FDF70AFB2070002565E4D0
:108F3000002C01F0F282A2882168FEF709FC0025CE
:108F40005CE4002C01F0EC822568A48822462946C6
:108F5000FEF7FEFB21463046FDF71CFF2D1A18BF19
:108F60004FF0FF354AE4022A0ED0B34C00231A46D4
:108F700021463046FEF7BEF8022300222146304645
:108F8000FEF7B8F8002539E400230093FE23012200
:108F9000AA49FEF7E5FCE8E7002C01F0C48224882A
:108FA000E2B24FF48171FEF751F9220A40F2031147
:108FB0003046FEF74BF9002520E4002C01F0B68284
:108FC000DFF8848210230093FF2300224146FEF73E
:108FD000C7FC4FF482713046FEF718F900F0E00547
:108FE0002A464FF482713046FEF730F945F004020C
:108FF0004FF482713046FEF729F90220F7F7D0F8D6
:109000004FF487713046FEF701F9074640F20F1121
:109010003046FEF7FBF881462A464FF4827130460F
:10902000FEF714F900250095EF232A464146304605
:10903000FEF796FC47EA09272780FFF7DFBB002CE5
:1090400001F07782A2782188FEF728F90025FFF742
:10905000D5BB002C01F070822468FEF7A3F8012034
:10906000F7F79EF803230093FF230022744930464C
:10907000FEF776FC7CB93046FFF7EEFA0120F7F7F1
:109080008FF8336D00259D7302221A821D755D7560
:10909000DD73FFF7B3BB3046FFF7F2FAEEE7002CC3
:1090A00001F04D82237803F03F03026D53730022D9
:1090B0006449FEF71FF80025FFF7A0BB002C01F064
:1090C0004182036D5B7B23700025FFF797BB012175
:1090D000FEF7F8FA3046FEF729FB01213046FDF78E
:1090E0002FFE0F2201213046FEF74AFF0025FFF731
:1090F00085BB002C01F0298262682168FEF740FFE1
:109100000025FFF77BBB002C01F022824E4D002290
:109110002946FDF714FA804602230093FF2300221C
:1091200029463046FEF71CFC0423002247493046FE
:10913000FDF7E0FF012300224FF400213046FDF748
:10914000D9FF434F00252A4639463046FDF7F7F947
:1091500010F0010FF7D000224FF008113046FDF754
:10916000DCF9054600231A464FF400213046FDF78E
:10917000C1FF00231A4635493046FDF7BBFF434681
:10918000002231493046FDF7B5FF25800025FFF765
:1091900035BB002C01F0DF812379026D927A9B1A96
:1091A00007EE903AF8EEE77A9FED2A7A67EE877A33
:1091B000B3EE067A77EE877AC4ED007A0025FFF7E2
:1091C0001DBB002C01F0CA812379026D527A9B1AD3
:1091D00007EE903AF8EEE77A9FED1F7A67EE877A0E
:1091E000B3EE007A67EE877ADFED1C6A87EEA67A27
:1091F000F0EE087A77EE277AC4ED007A0025FFF7C3
:10920000FDBA002C01F0AD8124680121FEF75AFA65
:109210003046FEF78BFA01213046FDF791FD2146DD
:109220003046FEF743FC0025FFF7E8BA14001800AB
:109230001C000C0018000C0004000A0008001100BB
:109240000400110014000900480007003400070062
:10925000040008006666863FCDCCCC3E00007F430C
:1092600000250095EF232A46C749FEF779FB052123
:109270003046FDF765FD01213046FDF7E7FE30463B
:10928000FDF7DAFEFFF7BABA00250095EF232A466C
:10929000BD49FEF765FBFFF7B1BA002C01F0648110
:1092A0002168FEF703FC0025FFF7A8BA0022B749A2
:1092B000FDF733F9C0F30B0510F4006F18BF45F448
:1092C00070452DB22580336DB3F91230ED1AFFF7DA
:1092D00095BA002C01F04B81D4F80490237A99F8C8
:1092E0001320FF2A00F02281002B36D1D9F800305C
:1092F00000930C230022A649FDF706FD99F80C30D7
:10930000B9F80E20D11899F81220002A5FD199F8E7
:10931000100000280BBF7F224FF480624FF4B0157D
:109320004FF4A01599F81300121A023A914200F274
:109330000381D9F804200092002229463046FDF727
:10934000E3FCB9F80E3099F80C20D9F80810009118
:1093500029463046FDF7D8FC4AE0D9F80030B9F884
:109360000E109A7A8DF830205A7A8DF831201A7AB8
:109370008DF83220DA798DF833209A798DF83420FF
:109380005A798DF835201A798DF83620DA788DF8EB
:1093900037209A788DF838205A788DF839201A7845
:1093A0008DF83A2000228DF83B208DF83C10090AF8
:1093B0008DF83D10197B8DF83E10DB7A8DF83F302B
:1093C0000CAB009310237249FDF79EFC96E7012A2F
:1093D00040F0AF8099F81130002B40F2FF3308BF06
:1093E0007F2399F813209B1A023B994200F2A78031
:1093F00099F81020531EDBB2012B40D999F8113097
:10940000591EC9B2012947D9042B4CD042EA433333
:10941000002260493046FDF7DFFCB9F80E305E4AA5
:1094200002EAC31299F80C3003F07F0313430022C1
:109430005A493046FDF7D0FC0123002258493046F6
:10944000FDF758FEDFF85C8100273A46414630467A
:10945000FDF775F810F0050FF7D00546034600221A
:1094600050493046FDF746FE05F03F0525F0300334
:10947000012B25D06BB223700025FFF7BFB9336DE8
:109480009B7B032B01F0238199F811305A1ED2B235
:10949000012A12D90122B7E7336D9B7B032B0CBF46
:1094A00002230123B2E7B9F80E101029AED96FF0EC
:1094B0000303E0E702221346A8E701221346A5E7CB
:1094C00099F81230012BD5D199F81120531EDBB237
:1094D000012B1BD9032A0CBF4FF4A0174FF4B01770
:1094E000D9F8042012B199F80C30C3B9D9F8081092
:1094F0000029BFD0B9F80E30002BBBD099F80C2052
:10950000009139463046FCF7E8FFB3E7336D9B7BAB
:10951000032B0CBF4FF498174FF49017E0E700921D
:10952000002239463046FCF7D8FFDFE76FF0020330
:10953000A1E76FF001039EE74FF0FF339BE74FF089
:10954000FF3398E7237AE179A279D20042EA410217
:109550001343627943EA8213227943EAC213E27821
:1095600043EA0223A27843EAC223627843EA023341
:10957000227843EA42339BB200220B49FDF7CFFB2E
:109580000025FFF73BB900BF28000F0008000200CC
:10959000340001004400010080FF01004800010088
:1095A0004C0001005000010030000100002C00F0D0
:1095B000E187637833B15B08013BDBB223700025A0
:1095C000FFF71CB90023F9E70022D049FCF78FFF11
:1095D000C0F30B032380C0F30B4060800022CC4912
:1095E0003046FCF784FFC0F30B03A380C0F30B40AD
:1095F000E0800022C7493046FCF779FF2072000C5A
:1096000060720022C4493046FCF771FFC0F30B437F
:10961000A381C0F30B0060810022C0493046FCF7F3
:1096200066FFC0F30B43A4F80F30A0730022BC49BF
:109630003046FCF75CFF6074000CA0740022B9494E
:109640003046FCF754FFC0F30B00A4F813000025CC
:109650006575A5752A46B4493046FCF770FFE0757C
:10966000FFF7CCB81146FDF7BDFD0025FFF7C6B8E2
:10967000002C00F0828723880022AC49FDF74FFBC5
:109680000025FFF7BBB8002C00F07A87256835B9B4
:1096900000231A46A649FDF742FBFFF7AFB86279EF
:1096A000237943EA022323F0F0030022A049FDF7C7
:1096B00036FB0025FFF7A2B8002C00F06487236872
:1096C0004BB9002500954FF6FF532A461021FEF7AF
:1096D00063FBFFF793B800223421FDF77DFB4FF4C5
:1096E000007300934FF6FF73002210213046FEF7FF
:1096F00053FB0025FFF782B8002C00F047876188F4
:10970000FDF784FD20700025FFF778B8002C00F0ED
:109710004087A2782188FDF799FD0025FFF76EB8F4
:10972000844B854A012D18BF1346012D834918BF6C
:109730004FF00C11026D927B012A12D0032A17D12F
:10974000A2F5C012013A1A444FF4F011FCF7E5FEFD
:10975000C00920802588003518BF01256D42FFF71C
:109760004DB802221946FCF7D8FEC0092080F1E767
:109770000222FCF7D2FEC0092080EBE7002C00F0AB
:109780000B872178FEF722FB0025FFF737B811463B
:10979000FEF7A4F90025FFF731B800940423002256
:1097A0001C21FCF79AFE0025FFF728B8002C00F0DA
:1097B000F68602224421FCF7B0FEC0F300202070A0
:1097C0000025FFF71BB8002C00F0EC860022442196
:1097D000FCF7B5FE00F0010020700025FFF70EB881
:1097E000002C00F0E28662882188FEF7D3F900257C
:1097F000FFF704B80094082300220421FDF784FA3F
:109800000025FEF7FBBF0094082300220421FCF78B
:1098100064FE0025FEF7F2BF002C00F0C986238805
:1098200002220C21FDF77BFA0025FEF7E7BF002C92
:1098300000F0C186238800220C21FDF770FA002574
:10984000FEF7DCBF2146FDF73DFA0025FEF7D6BF47
:10985000036D9B7B012B0BD0032B12D100940523AE
:1098600020224FF4F011FCF738FE0025FEF7C6BFAA
:109870000094052300223249FCF72FFE0025FEF755
:10988000BDBF0094052300224FF44021FCF725FEC4
:109890000025FEF7B3BF002504F8015B0094042304
:1098A0002A466C21FCF719FEFEF7A8BF002C00F039
:1098B000858601226021FCF71AFE20600025FEF754
:1098C0009DBF002C00F07D8600226021FCF70FFE7A
:1098D00020600025FEF792BF036D9B7B012B0BD010
:1098E000032B31D10094052328224FF4F011FCF70B
:1098F000F4FD0025FEF782BF0094052300221149E4
:10990000FCF7EBFD0025FEF779BF00BF04000F0058
:1099100008000F000C000F0010000F0014000F00D3
:1099200018000F001C000F0020000F0004000600AC
:109930001C001100340018002C00180014000C004A
:109940002000180028001800009405230022CE49AA
:10995000FCF7C3FD0025FEF751BF002C00F0348654
:1099600000221C21FCF7C3FD20600025FEF746BF46
:10997000002C00F02C8625886768237A002B00F0E5
:1099800029863C4607EB830729463046FDF702FA55
:1099900044F8040B0135ADB2BC42F5D10025FEF709
:1099A0002DBF002C00F01986237801222421FDF719
:1099B000A1FB0025FEF722BFFEF710F90546FEF7D2
:1099C0001DBF1146FEF750FA0546FEF717BF002CE3
:1099D00000F00686A5780121FDF7B2F90021304696
:1099E000FDF770FE3046FDF7A1FE05F03F030022B3
:1099F000A6493046FDF77EFB01230093FF2300229A
:109A0000A3493046FDF7ACFFA14F00252A46394651
:109A10003046FCF794FD10F0010FF7D100229D496C
:109A20003046FCF77AFD05463046FDF705FB002180
:109A30003046FDF70BFB05213046FDF781F9C5F3F4
:109A40000B0525800025FEF7D9BE0221FEF746F85A
:109A500001213046FEF742F81424A0460027442591
:109A60004046F6F7ADFB3A4629463046FCF767FD1F
:109A700010F0020F05D1631E13F0FF04F0D1012591
:109A800000E000256D42FEF7B9BE002C00F0AB856A
:109A900023781B0303F4E0436278012A08BF43F4F0
:109AA000807300936FF4E24300227B49FDF7E6FDEB
:109AB0000025FEF7A3BE002C00F09885626821689F
:109AC000FDF7FEFE0025FEF799BE002C00F0918503
:109AD000238800227149FDF722F90025FEF78EBE8A
:109AE000002C00F0898562682188FEF7EDF90025D9
:109AF000FEF784BE002C00F08285657823788BB158
:109B0000036D00229A734FF0FF330822E5B123F46E
:109B100080630092002210213046FDF7AFFD002542
:109B2000FEF76CBE036D01229A73182300225C4974
:109B3000FDF752F9E82300225A493046FDF74CF967
:109B40006FF008030022E1E742F48062E1E7002CB5
:109B500000F05885236800223021FDF73DF90025EB
:109B6000FEF74CBE002C00F0508500222946FCF781
:109B7000BEFC20600025FEF741BE23460022294698
:109B8000FDF72AF90025FEF739BE002C00F04085CC
:109B900003224549FCF7D3FCC0F3021020700025D6
:109BA000FEF72CBE002C00F03685236800224421ED
:109BB000FDF712F90025FEF721BE002C00F02E85DE
:109BC000238800224821FDF7AAF80025FEF716BEDB
:109BD000002C00F0268500224421FCF788FC206040
:109BE0000025FEF70BBE002C00F01E850022482148
:109BF000FCF793FC20600025FEF700BE002C00F06F
:109C00001685237800222949FDF774FA0025FEF70E
:109C1000F5BD002C00F00E8500224421FCF78FFCDE
:109C200020700025FEF7EABD002C00F00685FDF748
:109C30006DFA20600025FEF7E1BD002C00F00085E4
:109C400000221B49FCF769FC20800025FEF7D6BDE9
:109C5000002C00F0F88400221649FCF748FC206034
:109C60000025FEF7CBBD002C00F0F0842388C3F361
:109C70000D0300934FF4404300220E49FEF78CF889
:109C80000025FEF7BBBD00BF08000C001C0007004C
:109C90001000080014000800140007000800050068
:109CA0000C001F0010001F006000030018000100DE
:109CB0002C0005001C000E00002C00F0CA84A788B0
:109CC000A3680893217B0691226904926269059238
:109CD000D8B200F0030200F0FC00052943D1B7F52B
:109CE000B17F28BF4FF4B177DFF83493042F05D844
:109CF00009EB00035B78053B9F423CDB012A7AD8E5
:109D0000C34B995C3E46B94277DA551C53FA85F548
:109D100000230B449BB20132D2B2022A05D015F8BF
:109D2000011BA6EB030C6145F3DB9F4208BF0390C8
:109D300067D007F105081FFA88F8802500210791F0
:109D4000039109910E464FF0050BBE465F4538BFA3
:109D5000DE46AEF1050E1FFA8EFEDFF8B4A2BC4659
:109D60000F4600F0EDBC40F231139F4228BF1F4662
:109D7000DFF8B092BAE70023059A1380049A1146DF
:109D8000089A0A604CE00023059A1380049B1A4647
:109D9000089B13604FF0FF3342E01FFA81FB0792EC
:109DA00003900993012700F0DCBC002F40F09C8455
:109DB000984500F2B184002E39D03F2800F0D684B7
:109DC000002719F800105B1A9BB2461E06F03F00F0
:109DD00016F03F0618BF012600F0AABC0699092913
:109DE00040F0CA843F2103910BE0B3B20132D2B2FA
:109DF0003F21039105E0002397E7002395E70390B7
:109E0000634605990B80039B42EA8302D2B2130496
:109E100043EA0263134343EA0223049A13600023D4
:109E200023600025FEF7EABC079A099BE9E7039047
:109E3000E7E7079A099BE4E73F210391E1E7002C5C
:109E400000F00A8427786478F6F7FEF80546022CBD
:109E50000ED0042C0CD004F0FD04012C1AD0FB43CE
:109E600000220092DBB26B493046FDF779FD05E038
:109E70003B46002267493046FDF73CF93B4600224D
:109E800065493046FCF7A8FF2846F6F7EFF80025AD
:109E9000FEF7B4BC0097FF2300225E493046FDF771
:109EA0005FFDEBE702230193002500952B462A4630
:109EB0001A21FCF794FAFEF7A1BCFEF7E1FB00259E
:109EC000FEF79CBCFEF7C8FB0025FEF797BC0223FB
:109ED0000193002500952B462A461421FCF77FFAB2
:109EE000FEF78CBC02240194002500952B462A46DF
:109EF0001521FCF774FA019400952B462A4615218A
:109F00003046FCF76CFAFEF779BC0223019300257A
:109F100000952B462A461621FCF761FAFEF76EBC27
:109F2000002C00F09C833AB900224FF4D011FCF7CA
:109F300006FB2070FEF762BC01224FF4D011FCF743
:109F4000FEFA20700025FEF759BC002C00F08A8331
:109F5000247800224FF4D011FCF7F1FA00F09F03AF
:109F6000234300224FF4D0113046FDF7C3F80025FB
:109F7000FEF744BC002C00F07883247812F0FF0533
:109F80001ED0012D40F07483022501224FF4D01120
:109F90003046FCF7D4FAACB920EA0503DBB2012263
:109FA0004FF4D0113046FDF7A5F8002210213046BD
:109FB000FCF79DFA10F4801F0BD00025FEF71EBCA5
:109FC0000425E2E7012C40F0578340EA0503DBB2A9
:109FD000E5E74FF4801300934FF0FF330022102188
:109FE0003046FDF74BFB0025FEF708BC002C00F0C7
:109FF000478323785B0303F4005300934DF6FF730C
:10A0000000220649FDF7C8FE0025FEF7F7BB00BF9A
:10A01000E82305001C000100180001000C000E00E0
:10A0200068230500A8230500002C00F02C83257868
:10A030006268012A15BF6FF460336FF4E043DF27D5
:10A04000EF2714BF4FF020084FF0100800240094B1
:10A0500022464FF4A021FDF711FB00943B46224617
:10A06000BE493046FDF77CFC012D03D065B10025CB
:10A07000FEF7C4BB254600943B462246B84930460D
:10A08000FDF76EFCFEF7BABBCDF80080FF2300227F
:10A09000B3493046FDF764FCFEF7B0BB002C00F07E
:10A0A000F582227812F0010F2DD0570107F04007FA
:10A0B00040244FF4E01312F0040F28D043F460035F
:10A0C00044F08004120102F0800217434FF40012A2
:10A0D0000092DB4300224FF4A0213046FDF7CEFA78
:10A0E000E443A4B20025009523462A469B49304606
:10A0F000FDF752FE009723462A4699493046FDF760
:10A100004BFEFEF77BBB00273C463B46D3E70022D5
:10A11000DEE708230093FF2301224FF48021FDF79F
:10A120001FFC904C02230093FF230322214630465C
:10A13000FDF716FC00250095F72301224FF480213E
:10A140003046FDF70DFC0095FD23032221463046E5
:10A15000FDF706FCFEF752BB002C00F09A826388E4
:10A16000DB0003F4FF6322780AB143F40063009339
:10A170004FF2070300224FF480213046FDF70CFE1A
:10A180000025FEF73BBB002C00F08682E3B29A1C50
:10A1900001239340013BDBB200224FF40031FCF776
:10A1A000A9FF0025FEF72ABB002C00F07882E37A95
:10A1B000002B00F07782637B012B21D9227B6A4B35
:10A1C00033F812201201D30AC2F30A0202F58062A8
:10A1D000B2F5006F28BF01339BB203F07F030093F9
:10A1E0004FF68073022261493046FDF7D5FD942376
:10A1F00000225F493046FCF77DFF0025FEF7FEBADE
:10A20000227B594B33F812304FF4356202FB03F2D4
:10A21000930CC2F3CA1202F58062B2F5006F28BF38
:10A2200001339BB2D9E7002C00F03F820022514954
:10A23000FCF75DF920600025FEF7E0BA002C00F085
:10A24000378200224C49FCF752F920600025FEF7C6
:10A25000D5BA002C00F02F824FF4A81323600025FC
:10A26000FEF7CCBA002C00F0298200250B9510AF28
:10A27000192347F8103D009704232A463F49FCF76D
:10A2800043FD41F648730C93009704232A463C494A
:10A290003046FCF739FD0BAB009304232A464FF4FC
:10A2A000E8113046FCF719F90B9B2360FEF7A6BABC
:10A2B000002C00F0068200223249FCF718F980B227
:10A2C0002060002230493046FCF711F9430D9B0114
:10A2D0009BB263600025FEF791BA002C00F0F48178
:10A2E000237E33B1012B5BD0022B00F08280FF2351
:10A2F0002FE000222549FCF7FAF8C0F30B0020609C
:10A30000002223493046FCF7F2F8C0F315006060E4
:10A31000002220493046FCF7EAF8C0F31500A0609F
:10A3200000221D493046FCF7E2F8C0F31500E0605A
:10A3300000221A493046FCF7DAF8C0F31300206116
:10A3400000220C493046FCF7D2F800F0E040606192
:10A35000002363760025FEF751BA00BF0800050010
:10A360000C00050008001100F423050014000E0085
:10A3700018000E00600003004C000F0004001F00D6
:10A3800008001F0048000C0028000C0058000C00BA
:10A3900030000C0034000C0038000C002C000C00C5
:10A3A0000022D449FCF7A3F8C0F30B002060002280
:10A3B000D1493046FCF79BF8C0F3150060600022DD
:10A3C000CE493046FCF793F8C0F31500A060002298
:10A3D0004FF450213046FCF78AF8C0F31500E060D6
:10A3E0000022C7493046FCF782F8C0F31300206111
:10A3F000A6E70022C349FCF77AF8C0F30B002060FF
:10A400000022C1493046FCF772F8C0F315006060C5
:10A410000022BE493046FCF76AF8C0F31500A06080
:10A420000022BB493046FCF762F8C0F31500E0603B
:10A430000022B8493046FCF75AF8C0F313002061F7
:10A440007EE70025FEF7DAB90025FEF7D7B900252B
:10A45000FEF7D4B90025FEF7D1B90025FEF7CEB935
:10A460000025FEF7CBB90025FEF7C8B90025FEF799
:10A47000C5B90025FEF7C2B90025FEF7BFB9002512
:10A48000FEF7BCB90025FEF7B9B90025FEF7B6B94D
:10A490000025FEF7B3B90025FEF7B0B90025FEF799
:10A4A000ADB90025FEF7AAB90025FEF7A7B900252A
:10A4B000FEF7A4B90025FEF7A1B90025FEF79EB965
:10A4C0000025FEF79BB90025FEF798B90025FEF799
:10A4D00095B90025FEF792B90025FEF78FB9002542
:10A4E000FEF78CB90025FEF789B90025FEF786B97D
:10A4F0000025FEF783B90025FEF780B90025FEF799
:10A500007DB90025FEF77AB90025FEF777B9002559
:10A51000FEF774B90025FEF771B90025FEF76EB994
:10A520000025FEF76BB90025FEF768B90025FEF798
:10A5300065B90025FEF762B90025FEF75FB9002571
:10A54000FEF75CB90025FEF759B90025FEF756B9AC
:10A550000025FEF753B90025FEF750B90025FEF798
:10A560004DB90025FEF74AB90025FEF747B9002589
:10A57000FEF744B90025FEF741B90025FEF73EB9C4
:10A580000025FEF73BB90025FEF738B90025FEF798
:10A5900035B90025FEF732B90025FEF72FB90025A1
:10A5A000FEF72CB90025FEF729B90025FEF726B9DC
:10A5B0000025FEF723B90025FEF720B90025FEF798
:10A5C0001DB90025FEF71AB90025FEF717B90025B9
:10A5D000FEF714B90025FEF711B90025FEF70EB9F4
:10A5E0000025FEF70BB90025FEF708B90025FEF798
:10A5F00005B90025FEF702B90025FEF7FFB80025D2
:10A60000FEF7FCB80025FEF7F9B80025FEF7F6B80E
:10A610000025FEF7F3B80025FEF7F0B80025FEF799
:10A62000EDB80025FEF7EAB80025FEF7E7B80025EB
:10A63000FEF7E4B80025FEF7E1B80025FEF7DEB826
:10A640000025FEF7DBB80025FEF7D8B80025FEF799
:10A65000D5B80025FEF7D2B80025FEF7CFB8002503
:10A66000FEF7CCB80025FEF7C9B80025FEF7C6B83E
:10A670004FF0FF35FEF7C2B84FF0FF35FEF7BEB81A
:10A680000025FEF7BBB80025FEF7B8B80025FEF799
:10A69000B5B80025FEF7B2B80025FEF7AFB8002523
:10A6A000FEF7ACB80025FEF7A9B80025FEF7A6B85E
:10A6B0000025FEF7A3B80025FEF7A0B80025FEF799
:10A6C0009DB80025FEF79AB80025FEF797B899F8CF
:10A6D00011305A1ED2B2012A7EF6ECAE0222FEF7EB
:10A6E00093BE002F3FF467AB19F800105B1A9BB2C2
:10A6F000FFF787BB20000D0064000C0068000C0011
:10A7000060000C0068000D0040000D0044000D00CA
:10A7100048000D003C000D003F2827D0002E7FF49C
:10A7200050AB013000F03F0019F800100B449BB211
:10A730009C453FF464AB013D15F0FF053FF423ABAE
:10A740009E45BFF432AB9845CBD9ACEB030109B2BF
:10A750000029B8BF494259457FF71FAB002F7FF44E
:10A7600063AB3F28DAD1002F7FF463AB032A3FF4B9
:10A7700063AB022A3FF432AB1AF802105E1866454A
:10A780007FF733AB0B449BB20132D2B20027FFF705
:10A7900018BB00BFF0B585B00446436B1968FDF7E0
:10A7A00057FE064623681B69984703AB00221146F3
:10A7B0002046FDF779FF636B9B6A19682046FDF719
:10A7C00009FC636B9B6A59682046FDF755F9636B7A
:10A7D0009B6ADB8900224FF460212046FCF79FFA38
:10A7E000636B9B6A9B8900227C212046FCF797FAC9
:10A7F00000212046FCF72BFB002500954FF6FF5368
:10A800002A4610212046FDF7C7FA636B9B6A5A89D6
:10A8100019892046FDF7BEF9636B9B6A1B8A0222E9
:10A820000C212046FCF77BFA636B9B6A5B8A2A4605
:10A830000C212046FCF773FA636B197A2046FDF76A
:10A84000C5FA636BD9682046FCF715FB616B0B7E7C
:10A850004A6909692046FDF723FA636B9A7F998B51
:10A860002046FCF71BFD226D537B2E2B05D0636B1E
:10A8700093F82C3033F03F030AD0636B93F82C30FD
:10A8800003F03F03537300222A492046FCF732FCB1
:10A89000636B93F82D102046FDF776F8636B196A09
:10A8A0002046FCF709FB636B596A2046FCF728FB3E
:10A8B000636B93F82E309BBB636B93F82F1020468D
:10A8C000FCF790FC94F94C50002D26DB012303FA91
:10A8D00005F5AFB2184A39462046FCF7F1FF0DF1F5
:10A8E0000A030093022300224FF4A0212046FBF725
:10A8F000F4FDBDF80A3023EA0503ADF80A30002262
:10A900000E492046FCF70BFA94F94D20B2FA82F278
:10A91000520939462046FDF7D7FA304605B0F0BD5A
:10A9200001230093FF23002205492046FDF718F874
:10A93000C2E700BF140009009204200108000500CE
:10A940000400020001FB00F1032A0AD0C80AC1F387
:10A950000A0101F58061B1F5006F28BF013080B2B6
:10A960007047B52000FB01F1C909EFE798290248BB
:10A9700018BF0020704700BFFC24050070472DE978
:10A98000F04184B005460F461E46BDF82C30591ED6
:10A9900089B201291CD9D01900F07F003A44C2F3D2
:10A9A0000441820042EA412243EA0201090A8DF889
:10A9B0000C1020B9B3F5004F18D0002B37D041F060
:10A9C00040018DF80C101A438DF80D20022405E08B
:10A9D0007A0062F07E028DF80C200124022B06D052
:10A9E00026D3A3F50043032B01D9FEE701242B6DE9
:10A9F0001B7D4BB92B685D680A9B324603A9204634
:10AA0000A84704B0BDE8F0810022214603A8F7F76B
:10AA10007BFB024631460A98F7F776FB2B680090DD
:10AA20009D680A9B324603A92046A847E9E701240E
:10AA30002B68D3F800800A9B324603A92046C04702
:10AA40002B6D1B7D022BDCD1182FDAD00022214682
:10AA500003A8F7F759FB024631460A98F7F754FB6B
:10AA6000044600221821284600F066F88442C8D027
:10AA7000EB68002BC5D09847C3E710B582B000241F
:10AA80000194049C0094FFF77AFF02B010BD00B55A
:10AA900085B003AB0093042392B2FFF7EEFF0DF1F4
:10AAA0000F030DF10B01002013F8012902EB002028
:10AAB0008B42F9D105B05DF804FB00B585B003AB5E
:10AAC0000093022392B2FFF7D8FF9DF80D309DF856
:10AAD0000C0000EB032080B205B05DF804FB08B564
:10AAE00000224FF46021FFF7E8FF08BD08B50022FF
:10AAF0007C21FFF7E2FF08BD08B5036D9B7B012BAE
:10AB00000AD0032B0ED10C224FF4F011FFF7D5FF22
:10AB100000B240F30C0008BD00220549FFF7CDFF4D
:10AB200000B2F6E700220349FFF7C7FF00B2F0E7E3
:10AB30000C00180020000C0000B585B00DF10F03CB
:10AB40000093012392B2FFF798FF9DF80F0005B024
:10AB50005DF804FB00B585B003AB0093032300222E
:10AB60000B49FFF78AFF9DF80E309DF80D0000EBB2
:10AB700003239DF80C0000EB032010F4801F1CBF82
:10AB80006FEA00306FEA103005B05DF804FB00BFDB
:10AB90002900060030B5BDB005460C46036D9A7B12
:10ABA000012A1CD0032A40F0F1819B7D13F0080F8D
:10ABB0000CD113F0040F02AB009314BF38232023F1
:10ABC00000224FF4F011FFF758FF19E002AB009399
:10ABD000E82300224FF4F011FFF74FFF10E09B7DB8
:10ABE00013F0080F40F0C98113F0040F02AB00937B
:10ABF00014BF3823202300224FF4C011FFF73DFF7C
:10AC00000DF1170204F11A0304F1200012F8011FDC
:10AC100003F8011B8342F9D19DF815209DF81430EB
:10AC200043EA0223C3F30C0363849DF81F209DF8BD
:10AC30001E3043EA0223C3F30D0313F4005F1CBF6D
:10AC40006FEA83436FEA934323849DF825209DF8A0
:10AC5000243043EA0223C3F30B03E3872B6D9B7D70
:10AC600013F0020F40F07E810AAA631E201D12F825
:10AC7000011B03F8011FD1791972D17B59748342EA
:10AC8000F5D19DF82F3063719DF82E209DF82D3061
:10AC900043EA0223E3809DF837209DF8363003EB2A
:10ACA0000223C3F3CF13A4F80D309DF832209DF892
:10ACB000313043EA0223A4F80F309DF83F209DF87D
:10ACC0003E3003EB0223C3F3CF13E3829DF83A2017
:10ACD0009DF8393043EA022323832B6D9B7D13F0CB
:10ACE000040F40F03F819DF843209DF842301B0443
:10ACF00043EA02639DF8402013439DF8412043EA54
:10AD0000022323F0604363629DF847209DF846309C
:10AD10001B0443EA02639DF8442013439DF8452039
:10AD200043EA022323F00043A3629DF84B209DF8E1
:10AD30004A301B0443EA02639DF8482013439DF800
:10AD4000492043EA0223C3F31303E3629DF84F2033
:10AD50009DF84E301B0443EA02639DF84C201343D8
:10AD60009DF84D2043EA0223C3F3150323639DF8A6
:10AD700053209DF852301B0443EA02639DF8502093
:10AD800013439DF8512043EA0223C3F31503636381
:10AD90009DF857209DF856301B0443EA02639DF846
:10ADA000542013439DF8552043EA0223C3F31503AF
:10ADB000A3639DF865209DF8643043EA0223A387CE
:10ADC0009DF877209DF876301B0443EA02639DF8D6
:10ADD000742013439DF8752043EA022323F0404377
:10ADE00023649DF87B209DF87A301B0443EA0263BC
:10ADF0009DF8782013439DF8792043EA0223C3F39A
:10AE0000130363649DF87F209DF87E301B0443EAA2
:10AE100002639DF87C2013439DF87D2043EA0223C2
:10AE2000C3F31503A3649DF883209DF882301B04AF
:10AE300043EA02639DF8802013439DF8812043EA92
:10AE40000223C3F31503E3649DF887209DF8863041
:10AE50001B0443EA02639DF8842013439DF8852078
:10AE600043EA0223C3F3150323659DF895209DF85B
:10AE7000943043EA0223C3F30E03A4F854309DF840
:10AE8000A5209DF8A43043EA0223C3F30B03A4F8E2
:10AE900056309DF8BF209DF8BE301B0443EA026384
:10AEA0009DF8BC2013439DF8BD2043EA022323F004
:10AEB0004043A3659DF8C3209DF8C2301B0443EABC
:10AEC00002639DF8C02013439DF8C12043EA02238A
:10AED000C3F31303E3659DF8C7209DF8C6301B0438
:10AEE00043EA02639DF8C42013439DF8C52043EA5A
:10AEF0000223C3F3150323669DF8CB209DF8CA30C7
:10AF00001B0443EA02639DF8C82013439DF8C9203F
:10AF100043EA0223C3F3150363669DF8CF209DF82F
:10AF2000CE301B0443EA02639DF8CC2013439DF806
:10AF3000CD2043EA0223C3F31503A3669DF8DD2069
:10AF40009DF8DC3043EA0223C3F30E03A4F86C300F
:10AF50009DF8ED209DF8EC3043EA0223C3F30B0388
:10AF6000A4F86E3094F91B30002BC0F2D081E37F3F
:10AF700003F00103E3773DB030BD02AB0093E8235B
:10AF800000224FF4C011FFF778FD39E69B7D13F0E6
:10AF9000010F00F0B38102AB00936C2300224FF449
:10AFA0004021FFF76AFD1DAB00936C2300224FF494
:10AFB00050212846FFF761FD02AA631E201D12F8EA
:10AFC000011B03F8011FD1791972D17B5974D17D0E
:10AFD00099768342F3D19DF82530E3779DF80F30C1
:10AFE00063719DF80E209DF80D3043EA0223E38043
:10AFF0009DF816309DF8172043EA0222C2F3CF12C3
:10B00000A4F80D209DF8152042EA0322A4F80F2091
:10B010009DF81F2043EA0223C3F3CF13E3829DF878
:10B020001E209DF81D3043EA022323839DF827202C
:10B030009DF8263043EA0223C3F30D0313F4005FA7
:10B040001CBF6FEA83436FEA934323849DF8292052
:10B050009DF8283043EA0223C3F30C0363849DF870
:10B060002F209DF82E301B0443EA02639DF82C200C
:10B0700013439DF82D2043EA022323F060436362CB
:10B080002B6D9B7D13F0010F3FF46CAF9DF83320C7
:10B090009DF832301B0443EA02639DF830201343CD
:10B0A0009DF8312043EA022323F00043A3629DF878
:10B0B00037209DF836301B0443EA02639DF83420A4
:10B0C00013439DF8352043EA0223C3F31303E362DD
:10B0D0009DF83B209DF83A301B0443EA02639DF83B
:10B0E000382013439DF8392043EA0223C3F31503A4
:10B0F00023639DF83F209DF83E301B0443EA026322
:10B100009DF83C2013439DF83D2043EA0223C3F3FE
:10B11000150363639DF843209DF842301B0443EA06
:10B1200002639DF8402013439DF8412043EA022327
:10B13000C3F31503A3639DF851209DF8503043EAF3
:10B140000223A3879DF861209DF8603043EA022323
:10B15000C3F30B03E3879DF867209DF866301B045B
:10B1600043EA02639DF8642013439DF8652043EA97
:10B17000022323F0404323649DF86B209DF86A303E
:10B180001B0443EA02639DF8682013439DF869207D
:10B1900043EA0223C3F3130363649DF86F209DF811
:10B1A0006E301B0443EA02639DF86C2013439DF844
:10B1B0006D2043EA0223C3F31503A3649DF87320B3
:10B1C0009DF872301B0443EA02639DF8702013431C
:10B1D0009DF8712043EA0223C3F31503E3649DF84D
:10B1E00077209DF876301B0443EA02639DF87420B3
:10B1F00013439DF8752043EA0223C3F31503236527
:10B200009DF885209DF8843043EA0223C3F30E03A2
:10B21000A4F854309DF895209DF8943043EA022319
:10B22000C3F30B03A4F856309DF8AF209DF8AE3061
:10B230001B0443EA02639DF8AC2013439DF8AD2044
:10B2400043EA022323F04043A3659DF8B3209DF811
:10B25000B2301B0443EA02639DF8B02013439DF80B
:10B26000B12043EA0223C3F31303E3659DF8B7203B
:10B270009DF8B6301B0443EA02639DF8B4201343E3
:10B280009DF8B52043EA0223C3F3150323669DF816
:10B29000BB209DF8BA301B0443EA02639DF8B82036
:10B2A00013439DF8B92043EA0223C3F315036366F1
:10B2B0009DF8BF209DF8BE301B0443EA02639DF851
:10B2C000BC2013439DF8BD2043EA0223C3F31503BA
:10B2D000A3669DF8CD209DF8CC3043EA0223C3F34A
:10B2E0000E03A4F86C309DF8DD209DF8DC3043EAB5
:10B2F0000223C3F30B03A4F86E3033E602AB0093D2
:10B30000282300224FF44021FFF7B7FB54E6FF2328
:10B3100023776377A377E37729E6000000B583B04E
:10B32000036D9B7B012B0BD0032B10D100910523C8
:10B3300004224FF4F011FFF7A0FB03B05DF804FB0B
:10B340000091052300220549FFF797FBF5E70091DF
:10B35000052300226021FFF790FBEEE704001800B0
:10B3600010B582B04FF400440194049C0094FFF7A0
:10B3700006FB02B010BD00B585B08DF80C301B0A7D
:10B380008DF80D3003AB0093022392B2FFF7E8FF74
:10B3900005B05DF804FB08B50B4600224FF46021B0
:10B3A000FFF7E9FF08BD08B50B4600227C21FFF737
:10B3B000E2FF08BD08B5012902D0052907D008BD64
:10B3C00041F6220300220549FFF7D5FFF7E74FF4C6
:10B3D000007300220149FFF7CEFFF0E704001100DF
:10B3E00038B505460C4641F400739BB200224FF479
:10B3F0003021FFF7C0FFA3B200224FF430212846CE
:10B40000FFF7B9FF38BD000070B504460E460C4D7D
:10B41000012300222946FFF7AEFF334600220949E7
:10B420002046FFF7A8FF0223002229462046FFF707
:10B43000A2FF002204492046FFF729FB70BD00BF90
:10B4400008000B0004000B0010000B0010B584B0C6
:10B450008DF80C301C0A8DF80D401C0C8DF80E4038
:10B460001B0E8DF80F3003AB0093042392B2FFF74D
:10B4700077FF04B010BD38B5044689B900222821F1
:10B48000FFF705FB054601224FF460212046FFF738
:10B4900053FB2B1A002228212046FFF7D7FF38BD87
:10B4A00000222821FFF7F3FA054601227C212046DD
:10B4B000FFF742FB2B1A002228212046FFF7C6FF88
:10B4C000EDE738B505460C4600224FF48031FFF712
:10B4D000DEFA000D0005C4F31303034300224FF40A
:10B4E00080312846FFF7B2FF38BD000008B529B902
:10B4F000054B02220549FFF7A9FF08BD044B0222B4
:10B500000249FFF7A3FFF8E77408D200100011000A
:10B510007488D20438B505460C4600224FF4A021A9
:10B52000FFF7B5FA20F47C3314F0010F18BF43F491
:10B53000803314F0020F18BF43F4005314F0040FCB
:10B5400018BF43F4903300224FF4A0212846FFF7A0
:10B550007DFF38BD38B505460C460B6800220B4907
:10B56000FFF774FF6368002209492846FFF76EFF62
:10B57000A368002207492846FFF768FFE368002216
:10B5800005492846FFF762FF38BD00BF0C000200E6
:10B5900010000200140002001800020038B5054631
:10B5A0000C460B6800220B49FFF750FF636800222E
:10B5B00009492846FFF74AFFA368002207492846A1
:10B5C000FFF744FFE368002205492846FFF73EFFE6
:10B5D00038BD00BF1C000200200002002400020051
:10B5E000280002002DE9F84F0446354D354B05295A
:10B5F00018BF1D46344EA3F50273052918BF1E4619
:10B60000324F03F5A073052918BF1F46304AA3F532
:10B61000807305290CBF9046984602F51062A3F589
:10B62000885305290CBF914699462A4AA3F5AF6372
:10B6300005290CBF92469A46274B284A05290CBF7C
:10B640009B4693464FF4107300222549FFF7FEFEF8
:10B65000244B002224492046FFF7F8FE234B00220A
:10B6600023492046FFF7F2FE5B460022214920468F
:10B67000FFF7ECFE534600221F492046FFF7E6FE87
:10B680004B4600221D492046FFF7E0FE43460022BC
:10B690001B492046FFF7DAFE3B46002219492046A7
:10B6A000FFF7D4FE3346002217492046FFF7CEFEAF
:10B6B0002B46002215492046FFF7C8FEBDE8F88F4B
:10B6C000F69F0300FE5F0500FE9D03007E9C0300C5
:10B6D000FE8E03006E8703003E8003007E4005005F
:10B6E0001C0003004812491A20000300DB48B22D59
:10B6F000240003002C00030030000300340003008A
:10B70000380003003C000300400003004400030035
:10B7100008B500231A460249FFF798FE08BD00BF8E
:10B720000400070038B504460D4600231A460A49AE
:10B73000FFF78CFE00231A464FF4E0212046FFF766
:10B7400085FE05B938BD4FF0E0530022034920467D
:10B75000FFF77CFEF6E700BF480007001400070073
:10B7600070B506460C4615460021FFF7BFFE0F2DAB
:10B77000A8BF0F25631E032B28BF042410232341D9
:10B78000002207493046FFF761FE631E9B0005FA61
:10B7900003F3002203493046FFF758FE70BD00BF97
:10B7A0002800070018000800F0B583B0046DA47BE2
:10B7B000032C0CBF4FF4981C4FF4901C9C18B4F54C
:10B7C000806F19DA1D4616460F4604467F2B15D9A1
:10B7D0004FEA1C4300220D49FFF738FE2B4600229A
:10B7E0000B492046FFF732FE0097334600224FF404
:10B7F000E8112046FFF741F903B0F0BD0091134670
:10B800002A466146FFF739F9F6E700BF04001F003A
:10B8100008001F0010B584B004AC04F8013D00948A
:10B82000012392B2FFF79CFD04B010BD10B5044691
:10B83000036D9B7B012B13D0032B1DD1F023002222
:10B840001249FFF7E7FF00224FF4F0112046FFF7FF
:10B8500034F9236DDA7AA2B1C0F30900D88310BDA0
:10B860000F2300220949FFF7D5FF00224FF4C01132
:10B870002046FFF722F9ECE700224C21FFF71DF9E3
:10B88000E7E700F07F00D883E9E700BF1800010078
:10B8900010B50446036D9B7B012B04D0236D9B7B6D
:10B8A000032B06D010BD0F2300220549FFF7B2FF7E
:10B8B000F4E7F023002202492046FFF7ABFFF1E74F
:10B8C0001800010038B5044600231A464FF4202121
:10B8D000FFF751FD00231A4608492046FFF79AFF5B
:10B8E000074D00231A4629462046FFF793FF0223FF
:10B8F000002229462046FFF78DFF38BD14000A00BC
:10B9000004000A0038B505460C46022300224FF415
:10B910007021FFF77FFF04B938BD012300224FF4E7
:10B9200070212846FFF776FFF6E7000038B5044699
:10B930000B4600220A49FFF71EFD0A4D882300220C
:10B9400029462046FFF766FF00231A46294620466F
:10B95000FFF760FF002204492046FFF7EDF838BDED
:10B960000C000A0004000A0008000A0070B5044632
:10B970000B461546B1F5807F34BF002620260022F5
:10B980000B49FFF7F8FC2B4600220A492046FFF737
:10B9900041FF094D46F09003002229462046FFF75B
:10B9A00039FF00231A4629462046FFF733FF70BDB2
:10B9B0000C000A0010000A0004000A0070B50446DA
:10B9C0000D461646002240F20B11FFF7CFFF4FF451
:10B9D00082712046FFF7AAFF00F01F024FF4827128
:10B9E0002046FFF7C3FF236D1A8A15431D82226D7F
:10B9F000138A13F4006F1CBF23F400631382236DBA
:10BA00001B8A00224FF420212046FFF7B4FC334666
:10BA1000002202492046FFF7FDFE70BD14000A0017
:10BA200008B50B4601222421FFF7F4FE08BD0000F3
:10BA300000B583B000910C2300220349FFF790FC6E
:10BA400003B05DF804FB00BF3400010000B587B00F
:10BA500013468A7A8DF808204A7A8DF809200A7AE6
:10BA60008DF80A20CA798DF80B208A798DF80C2080
:10BA70004A798DF80D200A798DF80E20CA788DF854
:10BA80000F208A788DF810204A788DF811200A78D6
:10BA90008DF8122000228DF813208DF814301B0A27
:10BAA0008DF815300B7B8DF81630CB7A8DF817306A
:10BAB00002AB009310230349FFF752FC07B05DF877
:10BAC00004FB00BF34000100F0B583B05C18B4F58E
:10BAD000806F24DA1C4617460E4605467F2B15D983
:10BAE000142300220F49FFF7B1FC234600220E4920
:10BAF0002846FFF7ABFC0097334600224FF4E811CD
:10BB00002846FFF72DFC002003B0F0BD00920B4645
:10BB100022464FF4A011FFF723FC0020F4E74FF07A
:10BB2000FF30F1E704001F0008001F0010B582B0CD
:10BB30000446022301930022009213461321FEF7CC
:10BB40001EFF236D9A7B032A0CBF012203229A73E6
:10BB500002B010BD2DE9F041044600224FF4F81167
:10BB6000FEF7EAFF0546002244212046FEF78FFF3C
:10BB70000646236D0022DA8383F820209A619A8397
:10BB800083F821205A62236D5C62236D9F7B002F16
:10BB90007FD1236D9E61D4F8508098F8153003F062
:10BBA0000303032B00F0908015F0800F40F093808A
:10BBB00015F0010F40F0C18015F0400F0BD0636A03
:10BBC00013B1206D183098474FF4C07302224421FE
:10BBD0002046FFF7D0FB15F0080F07D1236D9B7BA4
:10BBE000002B00F0EA80002F00F0E780236D002298
:10BBF00083F8202016F4802F00F0AD80226D92F89B
:10BC0000203043F0080382F820304FF4802716F0EC
:10BC1000805F08D0226D92F8203043F0100382F844
:10BC2000203047F0805716F4005F06D0226D537D18
:10BC300003F00303032B00F09A8016F4804F40F0CA
:10BC4000A28047F4DE43002244212046FFF7FEFB9A
:10BC50002046FFF71DFE206DC38B002B40F0A28015
:10BC6000437D03F00303032B00F09C80836923F4DE
:10BC700090438361226D936943F480539361E36938
:10BC800013B1206D18309847236D002283F82020CF
:10BC90008CE06D492046FEF74FFF0746236D9B7BE6
:10BCA000032B08BFC0F3071717F0010F18BF46F4A6
:10BCB000804617F0020F18BF46F4005617F0040F25
:10BCC00018BF46F4806664E716F4005F1CBF45F0B9
:10BCD0000805EDB268E7002248212046FEF7EDFE98
:10BCE000A8F81C00236D1A7D1AB19A6912F0040F8E
:10BCF00003D19B8B03F460638BB1042300224421A6
:10BD00002046FFF787FD4FF460630022482120465C
:10BD1000FFF731FB236A13B1206D18309847236D6C
:10BD20009B8B13F4807F3FF443AF4FF4807300226A
:10BD300048212046FFF71FFB3AE7F8230022442161
:10BD40002046FFF767FD2369002B3FF435AF206DD8
:10BD50001830984730E716F4806F1FBF226D92F8B5
:10BD6000203043F0040382F8203000274FE792F898
:10BD7000203043F0020382F82030236D0022DA8362
:10BD800047F400475DE72046FFF750FD10F4004FF1
:10BD90003FF457AF226D92F8203043F0010382F850
:10BDA00020304EE763690BB118309847236D9B7BB9
:10BDB00003BB236D002283F8202015F0100F1DD146
:10BDC00015F0200F2DD1002220492046FEF7B4FEA9
:10BDD000236D83F8210010F0030309D000221B49D2
:10BDE0002046FFF717FDA36A13B1206D183098475E
:10BDF000BDE8F0812046FFF799FEDAE7144B0022F8
:10BE000044212046FFF722FB2046FFF741FDE3696E
:10BE100013B1206D18309847236D002283F820203D
:10BE2000CEE70C4B002244212046FFF70FFB2046B3
:10BE3000FFF72EFDA36913B1206D18309847236DCD
:10BE4000002283F82020BEE718000100380011000E
:10BE5000009405340004221030B585B0089C8DF89C
:10BE600008301D0A8DF809501D0C8DF80A501B0E64
:10BE70008DF80B308DF80C40230A8DF80D30230C13
:10BE80008DF80E30240E8DF80F4048F20303019315
:10BE900002AB0093082392B2FEF771FD05B030BDEE
:10BEA00000B583B04FF4803300934FF0FF3300228E
:10BEB0000249FFF7D1FF03B05DF804FB0400110055
:10BEC00070B582B004460E46134D4FF00823009320
:10BED0004FF0FF3300222946FFF7BEFF4FF06013FB
:10BEE00000934FF0FF33002229462046FFF7B4FFAE
:10BEF0000A4B00934FF0FF3300224FF4E02120461D
:10BF0000FFF7AAFF0EB902B070BD054B002205492C
:10BF10002046FFF79BFAF6E748000700003C0002C6
:10BF2000001101011400070000B583B0054B009318
:10BF30004FF0FF3300220449FFF78EFF03B05DF896
:10BF400004FB00BF003C0002040007002DE9F043A1
:10BF500083B004460D461746564E00223146FEF782
:10BF600096FD81464FF4704300934FF0FF3300225B
:10BF700031462046FFF770FFDFF83C81182300228E
:10BF800041462046FFF7F7F925212046FFF728FA1A
:10BF900002212046FFF724FA4FF4FE712046FFF7F6
:10BFA0001FFAF9B241F480712046FFF719FA4FF4F5
:10BFB00080712046FFF714FA00212046FFF710FA9F
:10BFC00002212046FFF70CFA4FF4E0712046FFF7FC
:10BFD00007FAE9B241F480712046FFF701FAC5F390
:10BFE000072141F480712046FFF7FAF9C5F30741B4
:10BFF00041F480712046FFF7F3F9290E41F4807176
:10C000002046FFF7EDF900212046FFF7E9F93A2134
:10C010002046FFF7E5F940F2FF112046FFF7E0F96F
:10C020004FF485712046FFF7DBF900212046FFF72A
:10C03000D7F93A212046FFF7D3F940F20111204603
:10C04000FFF7CEF9022300224FF430212046FFF7FC
:10C0500092F900231A464FF430212046FFF78BF95E
:10C060000220F4F79DF83A212046FFF7B9F94FF482
:10C0700081712046FFF7B4F9022300224FF43021EA
:10C080002046FFF778F900231A464FF43021204666
:10C09000FFF771F900231A4641462046FFF76BF976
:10C0A0004B46002231462046FFF7D0F903B0BDE8E9
:10C0B000F08300BF4400070008000B00F0B583B018
:10C0C000002423460126072702E00134092C09D069
:10C0D00006FA04F50D42F8D004EB440507FA05F51D
:10C0E0002B43F2E71A400092DB4300224FF4A021D9
:10C0F000FFF7B2FE03B0F0BD00B583B07F2A88BF62
:10C10000803241EAC32141EA02410091034B0022FF
:10C110002021FFF7A1FE03B05DF804FB00F400FC52
:10C1200000B583B000920B4600224421FFF794FE35
:10C13000002003B05DF804FB00B585B08DF80C302D
:10C140009DF818308DF80D3048F20103019303ABD0
:10C150000093022392B2FEF712FC05B05DF804FBD7
:10C1600070B582B004460D4659B11646402300937F
:10C17000FF2300221021FFF7DFFF022D07D1E66029
:10C1800005E000220092BF231021FFF7D5FF236DA9
:10C190001D7502B070BD000030B583B004460D4679
:10C1A00011F0010F15D000230093EF2302224FF46A
:10C1B0006021FFF7C1FF236D9D75236D9B7D5B089B
:10C1C00010D06B0800220E492046FFF723FB03B076
:10C1D00030BD10230093FF2302224FF46021FFF7AC
:10C1E000ABFFE8E701230093FF2300220449204628
:10C1F000FFF7A2FF226D937D43F002039375E6E7FC
:10C200002000010000B583B001230093FF2300222A
:10C210000249FFF791FF03B05DF804FB0400020040
:10C220002DE9F04F8BB00746DFF82082002241460F
:10C23000FEF72DFC04907D4C002221463846FEF787
:10C2400026FC05907A4D002229463846FEF774FCFC
:10C250000690784E002231463846FEF718FC82469A
:10C260000790002274493846FEF711FC8146734B53
:10C2700000936FF07C53002241463846FFF7ECFDF7
:10C280004B46002231463846FFF7E0F85346DB00C4
:10C2900003F0380343F04003009386230022214635
:10C2A0003846FFF749FF0023032221463846FFF7AF
:10C2B000B1FA4FF00009CDF80090FE234A46294616
:10C2C0003846FFF739FF4A463C213846FEF7DFFB88
:10C2D00008904A4640213846FEF7D9FB09904B4664
:10C2E0004A463C213846FFF7B1F84B464A464021C2
:10C2F0003846FFF7ABF8F5F7C1FE4FF0020B4C469E
:10C300004D464E46C846CDF80C90CA460EE0F5F7AD
:10C31000B5FE039B002B00F08280BBF1010F00F003
:10C32000818001230393BBF1010B43D05046F5F705
:10C33000B3FE1420F3F744FF4FF00409CDF800A03A
:10C34000FE2352464FF440313846FFF7F5FE0123F5
:10C350000093FE2352464FF440313846FFF7ECFE7F
:10C36000524637493846FEF792FB58FA80F81FFAD2
:10C3700088F8C0F307231E44B6B2C0F307431D4438
:10C38000ADB204EB1064A4B2B9F10109D6D1C8F37F
:10C390008708C6F38706C5F38705C4F387045246AA
:10C3A00044213846FEF773FB264B1842AFD0F5F711
:10C3B00065FEB2E74FF00009089B00223C21384699
:10C3C000FFF744F8099B002240213846FFF73EF86A
:10C3D0002B0403EB046303EB0623434400221A49B6
:10C3E0003846FFF733F8049B002218493846FFF718
:10C3F0002DF8059B00220D493846FFF727F8069BCC
:10C4000000220B493846FFF705FA079B002209492D
:10C410003846FFF71BF848460BB0BDE8F08F4FF0E9
:10C420000009C9E76FF00509C6E700BF1400030063
:10C43000180003002C000300440003000000013832
:10C440004C00030000FF2734100003001400070015
:10C4500010B50446036D9B7D5B081AD0002212497B
:10C460002046FEF72AFBC0F3C403093B0F2B0CD870
:10C4700000F0010000280CBF05210921236D1B7A63
:10C48000012B02D02046FFF7ADF82046FFF7C8FE8B
:10C4900010BD012300220549FFF7BCF9226D937DF1
:10C4A00043F002039375D9E7080001002000010062
:10C4B00070B582B004460D460121FEF77BFF0021D6
:10C4C0002046FFF7FDFC2046FFF72EFDC5F30B03CA
:10C4D000002215492046FEF74EFF03230093FF2359
:10C4E000002212492046FFF727FE104E00252A465B
:10C4F00031462046FEF720FB10F0010FF7D1204611
:10C50000FFF706F900212046FFF70CF90521204628
:10C51000FEF750FF002206492046FEF70DFB00F013
:10C520003F0002B070BD00BF1C00080010000800F2
:10C530001C00070038B505460C46B1F8051049B196
:10C54000FFF7B6FFD4F80130002205492846FEF770
:10C550007DFF38BD237800220249FFF75BF9F1E740
:10C56000040001001C00070030B583B004460D46EE
:10C5700010230093FF2300220649FFF7DDFD2B4621
:10C58000022D38BF0223002228212046FEF75EFF3D
:10C5900003B030BD28000F0030B583B00446012938
:10C5A0001DD0022930D001230093FF230022264909
:10C5B000FFF7C2FD254D4FF4000300936FF4807325
:10C5C000002229462046FFF747FC002300937F23E3
:10C5D000022229462046FFF7AFFD03B030BD0521FA
:10C5E000FEF7E8FE4FF4817300934FF0FF33002213
:10C5F00017492046FFF730FC01220092FF23134920
:10C600002046FFF799FDE8E703230093FF2300226C
:10C610000D49FFF791FD0D4D4FF4000300936FF4AA
:10C620008073002229462046FFF716FC0023009362
:10C630007F23022229462046FFF77EFD0521204662
:10C64000FEF7B8FEC9E700BF0400110008001100A2
:10C650000800090030B583B0054602290ED0002439
:10C660000094FE2322461021FFF766FD2346224652
:10C6700014212846FEF77FFE03B030BD1446012387
:10C680000093FF2300221021FFF756FD23460022CE
:10C6900014212846FEF76FFEEEE700002DE9F04179
:10C6A00082B005462A4C01230093FF230022214635
:10C6B000FFF742FD10230093FF2300222146284666
:10C6C000FFF73AFD03244FF01408224F002640469E
:10C6D000F3F776FD324639462846FEF72DFA012853
:10C6E00034D0631E13F0FF04F1D16FF00204184E32
:10C6F00000231A4631462846FFF78CF80123002212
:10C7000014492846FFF786F801230093FF230222ED
:10C7100031462846FFF710FD00220F492846FEF754
:10C72000B6F96FF06043984208BF6FF0030400222F
:10C730000A492846FEF7ABF96FF06043984214BFF0
:10C7400020466FF0040002B0BDE8F0810024CEE77F
:10C750000C00040020000400140004001C0004006D
:10C760002DE9F04383B00546884617461C46F3F78B
:10C770006BFC0646022C19D0042C17D004F0FD03E4
:10C78000012B3FD04FF00009CDF800906FEA08036D
:10C790004A463C212846FFF75FFBCDF80090FB435B
:10C7A0004A4640212846FFF757FB0BE0434600224C
:10C7B0003C212846FEF74AFE3B46002240212846FF
:10C7C000FEF744FE033CE4B2012C2DD900223C21AB
:10C7D0002846FEF75CF90346002244212846FEF76E
:10C7E00035FE002240212846FEF751F9034600227B
:10C7F00048212846FEF72AFE3046F3F737FC03B0FF
:10C80000BDE8F083CDF800804FF0FF3300223C21DB
:10C810002846FFF721FB00974FF0FF33002240210D
:10C820002846FFF719FBCDE710210091FF230222D4
:10C830002846FFF781FCC9E700B583B000290BBF8C
:10C84000FF23F72300220822009201221021FFF784
:10C8500073FC03B05DF804FB10B584B0BDF818405C
:10C860008DF80C301B0A8DF80D308DF80E40240A1F
:10C870008DF80F4048F20203019303AB00930423A9
:10C8800092B2FEF77CF804B010BD000030B583B062
:10C8900005460C46036D59750B0303F430430093B2
:10C8A00044F6FF7300221021FFF7D6FF04F00304C3
:10C8B000032C0CBF044B054B002205492846FEF70C
:10C8C000C5FD03B030BD00BFCC355FAF4C585FAF86
:10C8D0000C00060030B583B0044611F0010F1FD0E4
:10C8E0000D464FF4107300936FF47C6300224FF4F5
:10C8F000A021FFF7B1FA4FF4040300934FF0FF3388
:10C90000002218492046FFF7A7FA15F0020F1AD1A6
:10C910004FF48873002214492046FEF797FD10E07B
:10C92000002500956FF47C632A464FF4A021FFF7A1
:10C9300093FA00954FF6FF632A460B492046FFF70E
:10C940008BFF03B030BD084D084B0022294620461E
:10C95000FEF77CFD4FF48873002229462046FEF73F
:10C9600075FDEEE7040011001800110010010F0022
:10C97000F0B583B00446012909D01420F3F720FC58
:10C980002046FFF78BFE0546284603B0F0BD0F4E4C
:10C9900000223146FEF791F8074640F20713009354
:10C9A0004FF6FF73002231462046FFF755FF142053
:10C9B000F3F706FC2046FFF771FE054600220092C1
:10C9C0003B4631462046FFF747FFDDE748000700BA
:10C9D00000B583B0012A09D0CB43002200929BB25C
:10C9E0000649FFF739FF03B05DF804FB00914FF6ED
:10C9F000FF7300220149FFF72FFFF4E70C00050049
:10CA0000F0B583B004460F4616461D4648F2400373
:10CA100000934FF6FF7300221849FFF71DFFAA1974
:10CA200043F201039A4215DC7F2D1DD91523002204
:10CA300013492046FEF70AFD2B46002211492046E5
:10CA4000FEF704FD0097334600224FF4E81120461C
:10CA5000FEF713F80022009247F6BF7307492046FD
:10CA6000FFF7FAFE03B0F0BD009733462A464FF4B5
:10CA7000A8112046FEF701F8ECE700BF0400110002
:10CA800004001F0008001F002DE9F04F83B004468A
:10CA90000D4691F800900B79182B14D8CF78182FE9
:10CAA00094BF00270127FFB2EB79012B0CBF1021A7
:10CAB00000216B78013B062B10D8DFE803F0060F4E
:10CAC0000F120C0F09000127EDE74FF0400A0AE0B2
:10CAD0004FF0480A07E04FF0800A04E04FF4807AF4
:10CAE00001E04FF0200A226D138A23F0E003138245
:10CAF000236DEA79DA722E7BB31C01269E401FFA61
:10CB000086F8226DC74B03FB08F3DB0B5382236DC2
:10CB1000EA7A5A752B7A5B0103F020036A7B43EAB9
:10CB20000243EA7A120302F4304213430B430093A8
:10CB3000BD4B002210212046FFF78EF9002F40F058
:10CB4000FD80EB7ABBB16B7B012B287B94BF03226A
:10CB500004221021B54B33F81000FDF7F3FE0AEB69
:10CB6000C80A00F07F0000904FF680730222B0499F
:10CB70002046FFF771FE94230093AE4B0022AE498E
:10CB80002046FFF769F9BAF1FF0F40F30281226DE9
:10CB9000138A43F0200313824FF4006300934CF692
:10CBA000FF730022A5492046FFF756FE6B7B012B41
:10CBB00000F0FA80AB7843F010030093FC230022CE
:10CBC0004FF4C0212046FFF7B7FA731EDBB20022F4
:10CBD0004FF400312046FEF71DFE6B78072B0CBF8B
:10CBE000082100212046FEF71BFFEB7A03F0030328
:10CBF000032B0CBF924B934B002293492046FEF728
:10CC000025FC002291492046FDF741FF20F4FF500A
:10CC100020F01F00B9F1090F08BF40F001002A7988
:10CC2000120202F4F852EB78DB00DBB21A436B79A4
:10CC30005B0003F0060313430343002283492046AD
:10CC4000FEF704FCAA796B781B0343EA8223009366
:10CC50006FF47443002220212046FFF7FDF8B5F859
:10CC6000093023B96FF07E036B720023AB72B5F805
:10CC7000093002224FF4C0212046FEF77CFB02223D
:10CC800073492046FDF758FF236DDB7B4B4500F0D1
:10CC90009580032800F09680B9F1090F00F0978085
:10CCA0006C4B00934FF0004300226B492046FFF786
:10CCB000D3F841F63C7300224FF410212046FEF7D2
:10CCC0005AFB1423012265492046FEF7A3FD0E23DB
:10CCD000022263492046FEF79DFD8123002261491F
:10CCE0002046FEF797FD00260096F32303225E49B7
:10CCF0002046FFF721FA0223324644212046FEF760
:10CD000089FD01212046FFF747FC4FF0140BD84660
:10CD1000374644264046F3F753FA3A463146204612
:10CD2000FDF70AFF10F0020F40F0BA800BF1FF335D
:10CD300013F0FF0BEED16FF00100E5E0226D138AD6
:10CD400043F0600313824FF4C05300936FF44053D9
:10CD500000223A492046FFF77FF840F206330022CE
:10CD600042492046FEF772FB00231A4640492046FE
:10CD7000FEF76CFB3F4B00222D492046FEF766FB79
:10CD80009D2300932B4B00222B492046FFF764F88C
:10CD90000CE74FF4205300934CF6FF730022274911
:10CDA0002046FFF759FD01E7AB780093EC23002202
:10CDB0004FF4C0212046FFF7BFF906E703287FF4B0
:10CDC0006BAF70E002212046FFF7E6FB64E72A4BD9
:10CDD00000934FF0004300221F492046FFF73CF824
:10CDE00040F63C7300224FF410212046FEF7C3FAB0
:10CDF00067E74FF4807300934FF6FF7300220F49EB
:10CE00002046FFF729FD226D138A43F008031382A1
:10CE10005BE000220092FE2318492046FFF78CF9C0
:10CE20005DE000BF68660200CF4FFCFF04250500EF
:10CE300014000E0000FFFFBF18000E0008000B00DA
:10CE4000CC355FAF4C585FAF0C0006000800010006
:10CE500030000F003411071C1C00070050000700B1
:10CE60001800070008000900040009000C000E006B
:10CE700010000E000A5A0C003400011C18000300B8
:10CE80004FF0005300936FF07F430022204920466B
:10CE9000FEF7E2FF26E001212046FFF769FD30E0C2
:10CEA000236D83F80F902B79093BDBB20F2BB0D8A1
:10CEB000236D1B7A012B9CD049462046FEF792FB3E
:10CEC000226D138A23F0080313824FF4C8430093A2
:10CED00048F2FF1300220F492046FFF7BDFCBAF1CC
:10CEE0003F0FCDDC01230093FF2302220A49204695
:10CEF000FFF722F9002209492046FDF7C8FD002866
:10CF0000C9D02046FFF78CF903B0BDE8F08F00BF11
:10CF100010000600180003000C00040014000400B8
:10CF20002DE9F04182B005460E46036D002B5BD023
:10CF30002C6D0023A3730222228223756375E37391
:10CF40006372A37204212846FEF75EFA07460521A4
:10CF50002846FEF759FA80460A212846FEF754FA79
:10CF60002FB1B8F1000F02D080B2002841D12021AA
:10CF70002846FEF749FAB0F5107F0CBF01230023C5
:10CF8000237216F0100F43D116F0200F46D116F081
:10CF9000400F49D116F0800F4DD1A37A0BB98523EC
:10CFA000A372637A0BB9742363721F212846FEF7BC
:10CFB0002BFA20731E212846FEF726FA10F03F00B8
:10CFC00012BF60732E236373637B002220492846BF
:10CFD000FEF720FC35212846FEF716FA034680BBF3
:10CFE000002002B0BDE8F0812820F1F78FFB286512
:10CFF0009EE74FF4C06300934FF6FF73002215497C
:10D000002846FFF729FC238A43F014032382AEE766
:10D0100006212846FEF7F8F92060B5E707212846E3
:10D02000FEF7F2F96060B2E708212846FEF7ECF956
:10D03000000C6072AEE709212846FEF7E5F9A07200
:10D04000ABE7002204492846FEF700FAC8E700BF14
:10D050001400090008000B000400090030B583B07B
:10D0600005460C4671B121F00203013B0F2B62D83B
:10D07000DFE803F0116161246161612D616161612B
:10D080006161613A02210191002200921346FDF78D
:10D0900076FC204610E00223019300220092134602
:10D0A0000421FDF76CFC032244212846FDF744FDD2
:10D0B00010F0080F25D1002003B030BD02230193EA
:10D0C0000022009213460A21FDF759FCEBE70021EC
:10D0D000FEF7D1F9022301930022009213460821A2
:10D0E0002846FDF74CFCDEE70121FEF7C4F90223D8
:10D0F000019300220092134606212846FDF73FFCCB
:10D10000D1E702230193002100910B460A462846ED
:10D11000FDF735FC14F0020F02D04FF0FF30CBE7E3
:10D12000022101910022009213462846FDF727FCB8
:10D130004FF0FF30C0E74FF0FF30BDE770B582B071
:10D140000646022501950024009423462246192113
:10D15000FDF715FC336D9C731D821C755C75DC73CB
:10D1600002B070BD70B582B006460225019500245C
:10D170000094234622461821FDF701FC336D9C7371
:10D180001D821C755C75DC7302B070BD2DE9F04F1B
:10D190008DB0064615461C469C2900F29F80DFE8AC
:10D1A00011F0B709C209A100A600C10051019D01FB
:10D1B00076015C01AE01B301BC01C501CE01D7010E
:10D1C000E001E501EE01720278027E0289028F021F
:10D1D00095029A02A002A502AE02B702C002C902DD
:10D1E0000403F902EE02D202E0021E03F8011A0261
:10D1F000390242025802BA08BF08150327032C035C
:10D2000036033C03470352035B0386039D03A903D4
:10D210000A03B503BF03D203F9030B044D045704FB
:10D220007D048C04A7049504B104F7040F052F05B1
:10D230004405580561057D056A059206C10611077A
:10D24000170722073B075B0765078F07BD07C60760
:10D25000CC07D507E207EF07F90702080B08160805
:10D26000210827084A08550860086B088D089808A7
:10D27000B108C5084D0957096209CA096C09AC090A
:10D28000B30603092309380A2D0AD709E209ED0973
:10D29000F809030A0E0A190A220A300C670CA10CBD
:10D2A000C30C2B0E3F0E480A550B870B910B950BA9
:10D2B000990BA30BB50BBF0BD20BE60B200CD90CB3
:10D2C000E30CFB0C160D2B0D4B0D870D9F0DB50DB3
:10D2D000C50DFA0EF40DEA0D060EFE0D4FF0FF35EA
:10D2E00001F05ABE43689847002501F055BE02225E
:10D2F000C049FDF721FC032802D8002501F04CBEEF
:10D30000F2F7A2FE044602230193002500952B4666
:10D310002A4629463046FDF732FB2046F2F7A6FEA4
:10D3200001F03ABE002C01F03B86247814F01D0F6A
:10D3300063D014F0010F25D014F0020F4FF0020358
:10D3400001934FF000020092134614BF0D210321F8
:10D35000FDF715FB032244213046FDF7EDFB10F0ED
:10D36000080F08BF002501F0178602230193002152
:10D3700000910B460A463046FDF701FB4FF0FF35A2
:10D3800001F00ABE14F0080F11D114F0100F21D1D2
:10D3900014F0020F4FF0020301934FF000020092CD
:10D3A000134614BF10210921FDF7E9FAD2E7002145
:10D3B000FEF761F814F0020F4FF0020301934FF0F3
:10D3C00000020092134614BF0F2107213046FDF7DB
:10D3D000D6FABFE70121FEF74EF814F0020F4FF026
:10D3E000020301934FF000020092134614BF0E2176
:10D3F00005213046FDF7C3FAACE714F0200F10D03A
:10D4000014F0020F4FF0020301934FF00005009556
:10D410002B462A4614BF11210B21FDF7B0FA01F06B
:10D42000BBBD14F0020F4FF0020301934FF0000553
:10D4300000952B462A4614BF0C210121FDF79FFAC7
:10D4400001F0AABD002C01F0AD852368002228213F
:10D45000FDF7FCFF002501F09FBD2368002266490F
:10D46000FDF7F4FF6368002264493046FDF7EEFFE4
:10D47000A368002262493046FDF7E8FFE368002216
:10D4800060493046FDF7E2FF002501F085BD002C24
:10D4900001F08A8523886568032D01F28785DFE81E
:10D4A00005F002080F1600225749FDF764FF01F04E
:10D4B00073BD02225449FDF75EFF002501F06CBDEB
:10D4C00000225249FDF757FF002501F065BD0222F9
:10D4D0004E49FDF750FF002501F05EBD002C01F024
:10D4E000678523785B0003F0060300936FF0060363
:10D4F00000224749FEF7B0FC002501F04DBDFEF7C4
:10D50000CFFC002501F048BD002C01F05385036DD0
:10D510001B7B2370002501F03FBD002C01F04C85E2
:10D52000036D5B7A2370002501F036BD002C01F0FD
:10D530004585036D9B7A2370002501F02DBD002CDD
:10D5400001F03E85036D1B682360002501F024BDBA
:10D55000002C01F03785036D5B682360002501F026
:10D560001BBDFEF7E3FA002501F016BD002C01F00B
:10D570002B852168FDF7A5FF002501F00DBD002CCE
:10D5800001F0248562682178FEF7EAFD002501F0AC
:10D5900003BD002C01F01C856568237803224FF43D
:10D5A0008031FEF737F94DB9002200924FF2FF7338
:10D5B00010213046FFF750F901F0EEBC4FF4812303
:10D5C00000934FF0FF33002210213046FEF744FC59
:10D5D000002501F0E1BC00221146FDF758FAB268BF
:10D5E000136843405268134214BF4FF0FF350025C3
:10D5F00001F0D2BC30000F005400010058000100BF
:10D600005C000100600001000C000100100001003E
:10D6100008000100002C01F0DD842178FEF7BCFD3C
:10D62000002501F0B9BC42B9002200924FF2FF730D
:10D63000D249FFF711F901F0AFBC4FF4006300933A
:10D640004FF6FF730022CD49FFF706F9002501F0E0
:10D65000A3BC02F001024FF6FF734FF2FF71002AE4
:10D6600008BF0B46D20215F0020F12BF42F48052DF
:10D6700023F480539BB200920022C049FFF7ECF8DC
:10D68000002501F089BC1146FDF730FF002501F0AF
:10D6900083BC1146FDF73EFF002501F07DBC002C48
:10D6A00001F09A840022B649FDF746FA2070002561
:10D6B00001F072BC2146FDF74DFF002501F06CBC66
:10D6C0002146FDF76BFF002501F066BCFEF79AFDD1
:10D6D000002501F061BC1146FDF784FF002501F033
:10D6E0005BBCFEF7B5FE002501F056BC002C01F036
:10D6F00075842178FFF7CAF8002501F04DBC002C95
:10D7000001F06E842188FDF746FE002501F044BC3F
:10D71000002C01F06784FDF7E2F92080002501F07C
:10D720003BBC002C01F060842188FDF73CFE002505
:10D7300001F032BC002C01F05984FDF7D7F92080AC
:10D74000002501F029BC002C01F05284A388E28856
:10D75000216800914FF4B011FDF702FE002501F0A1
:10D760001BBC002C01F04684A388E288216800914C
:10D770004FF4B011FDF781F9002501F00DBC002C2C
:10D7800001F03A84E388A2882168FEF70DF80025AD
:10D7900001F002BC002C01F03184E3882268A188EA
:10D7A000FEF792F9002501F0F7BB1146FFF756FC92
:10D7B000002501F0F1BB002C01F02284237962885E
:10D7C0002188FEF799FC002501F0E6BB002C01F052
:10D7D0001984FDF791F92080002501F0DDBB002CB4
:10D7E00001F01284FDF7B6F92060002501F0D4BBEA
:10D7F000FEF768F8002501F0CFBB002C01F006848D
:10D800006188FEF755FE2070002501F0C5BB21465A
:10D81000FDF7C0F9002501F0BFBB002C01F0F88333
:10D8200001227021FDF733F92060002501F0B4BB1F
:10D83000002C01F0EF8300227021FDF728F9206011
:10D84000002501F0A9BB0094052300227021FDF7FB
:10D8500014F9002501F0A0BB002C01F0DD83036D5D
:10D860009B7B012B15D0032B1AD116224FF4F011FC
:10D87000FDF723F9C0F30D0083B213F4005F04D069
:10D880006FEA83436FEA934318B22080002501F0CA
:10D8900083BB02223B49FDF710F9C0F30D00EBE713
:10D8A00002223949FDF709F9C0F30D00E4E70094BD
:10D8B000062300223549FDF7E0F894F90130002BEA
:10D8C00006DB637903F001036371002501F064BB9B
:10D8D000FF23A370E37023716371F2E7002C01F062
:10D8E0009D8301224FF00811FDF726F920700025D5
:10D8F00001F052BB002C01F0938300224FF008117D
:10D90000FDF71AF92070002501F046BB002C01F04C
:10D910008983A2882168FEF719FB002501F03CBB32
:10D92000002C01F081832568A48822462946FEF751
:10D930000DFB21463046FDF767FD2D1A18BF4FF04D
:10D94000FF3501F029BB022A0FD0114C00231A46E3
:10D9500021463046FDF75EFF022300222146304675
:10D96000FDF758FF002501F017BB00230093FE23AD
:10D9700001220249FEF7E0FBE7E700BF08001100C3
:10D980001C000700140018001C000C0018000C00FC
:10D9900004000A00002C01F049832488E2B24FF40D
:10D9A0008171FDF7E3FF220A40F203113046FDF7D3
:10D9B000DDFF002501F0F0BA002C01F03983DFF81B
:10D9C000708310230093FF2300224146FEF7B4FB2F
:10D9D0004FF482713046FDF7A9FF00F0E0052A46BA
:10D9E0004FF482713046FDF7C1FF45F004024FF459
:10D9F00082713046FDF7BAFF0220F2F7D1FB4FF4F7
:10DA000087713046FDF792FF074640F20F1130460E
:10DA1000FDF78CFF81462A464FF482713046FDF7B0
:10DA2000A5FF00250095EF232A4641463046FEF724
:10DA300083FB47EA0927278001F0AEBA002C01F0EA
:10DA4000F982A2782188FDF7B9FF002501F0A4BA78
:10DA5000002C01F0F1822468FDF734FF0120F2F779
:10DA60009FFB03230093FF230022AF493046FEF7BC
:10DA700063FB7CB93046FFF761FB0120F2F790FBB6
:10DA8000336D00259D7302221A821D755D75DD734D
:10DA900001F082BA3046FFF765FBEEE7002C01F09B
:10DAA000CD82237803F03F03026D537300229F4918
:10DAB000FDF7B0FE002501F06FBA002C01F0C08226
:10DAC000036D5B7B2370002501F066BA0121FEF730
:10DAD000F7F93046FEF728FA01213046FDF76AFCD7
:10DAE0000F2201213046FDF73BFE002501F054BA1C
:10DAF000002C01F0A78262682168FDF731FE002545
:10DB000001F04ABA002C01F09F82894D002229467B
:10DB1000FDF712F8804602230093FF2300222946D6
:10DB20003046FEF709FB0423002282493046FDF708
:10DB300071FE012300224FF400213046FDF76AFEFA
:10DB40007D4F00252A4639463046FCF7F5FF10F098
:10DB5000010FF7D000224FF008113046FCF7ADFF5F
:10DB6000054600231A464FF400213046FDF752FEC9
:10DB700000231A466F493046FDF74CFE434600220B
:10DB80006B493046FDF746FE2580002501F004BABA
:10DB9000002C01F05B822379026D927A9B1A07EECA
:10DBA000903AF8EEE77A9FED657A67EE877AB3EE02
:10DBB000067A77EE877AC4ED007A002501F0ECB999
:10DBC000002C01F045822379026D527A9B1A07EEF0
:10DBD000903AF8EEE77A9FED5A7A67EE877AB3EEDD
:10DBE000007A67EE877ADFED576A87EEA67AF0EE65
:10DBF000087A77EE277AC4ED007A002501F0CCB9D7
:10DC0000002C01F0278224680121FEF759F93046E3
:10DC1000FEF78AF901213046FDF7CCFB214630465C
:10DC2000FEF7A2FC002501F0B7B900250095EF230F
:10DC30002A464549FEF780FA05213046FDF7BAFB32
:10DC400001213046FDF76EFD3046FDF761FD01F024
:10DC5000A3B900250095EF232A463B49FEF76CFA4D
:10DC600001F09AB9002C01F0F7812168FEF77CFCE5
:10DC7000002501F091B900223449FCF71EFFC0F3E2
:10DC80000B0510F4006F18BF45F470452DB22580C8
:10DC9000336DB3F91230ED1A01F07EB9002C01F0AA
:10DCA000DD81D4F80490237A99F81320FF2A00F03C
:10DCB000FE8093BBD9F80010FDF7BAFE99F80C303E
:10DCC000B9F80E20D11899F81220002A40D199F8FD
:10DCD000100000280BBF7F224FF480624FF4B01574
:10DCE0004FF4A01599F81300121A023A914200F26B
:10DCF000E780D9F804200092002229463046FDF73B
:10DD00002FFBB9F80E3099F80C20D9F808100091C3
:10DD100029463046FDF724FB2BE0B9F80E20D9F850
:10DD20000010FDF793FEC9E704001100140009007C
:10DD30004800070034000700040008006666863FBC
:10DD4000CDCCCC3E00007F4328000F00080002002D
:10DD5000012A40F0AF8099F81130002B40F2FF33D8
:10DD600008BF7F2399F813209B1A023B994200F2C7
:10DD7000A48099F81020531EDBB2012B40D999F8EA
:10DD80001130591EC9B2012947D9042B4CD042EA9F
:10DD900043330022BA493046FDF758FBB9F80E303C
:10DDA000B84A02EAC31299F80C3003F07F03134318
:10DDB0000022B5493046FDF749FB01230022B34953
:10DDC0003046FDF727FDDFF8C88200273A46414676
:10DDD0003046FCF7B1FE10F0050FF7D005460346BC
:10DDE0000022AB493046FDF715FD05F03F0525F053
:10DDF0003003012B25D06BB22370002501F0CCB885
:10DE0000336D9B7B032B01F0AD8199F811305A1EC5
:10DE1000D2B2012A12D90122B7E7336D9B7B032BC3
:10DE20000CBF02230123B2E7B9F80E101029AED9B6
:10DE30006FF00303E0E702221346A8E7012213462E
:10DE4000A5E799F81230012BD5D199F81120531E6E
:10DE5000DBB2012B1BD9032A0CBF4FF4A0174FF4E0
:10DE6000B017D9F8042012B199F80C30C3B9D9F819
:10DE700008100029BFD0B9F80E30002BBBD099F89C
:10DE80000C20009139463046FCF7F7FDB3E7336DBF
:10DE90009B7B032B0CBF4FF498174FF49017E0E7D0
:10DEA0000092002239463046FCF7E7FDDFE76FF0CD
:10DEB0000203A1E76FF001039EE74FF0FF339BE7FA
:10DEC0004FF0FF3398E7237AE179A279D20042EA52
:10DED00041021343627943EA8213227943EAC2136F
:10DEE000E27843EA0223A27843EAC223627843EA53
:10DEF0000233227843EA42339BB200226549FDF7A0
:10DF00003AFA002501F048B8002C01F0A9806378A6
:10DF100033B15B08013BDBB22370002501F03CB854
:10DF20000023F9E700225C49FCF7B1FDC0F30B03C5
:10DF30002380C0F30B406080002258493046FCF734
:10DF4000A6FDC0F30B03A380C0F30B40E0800022CA
:10DF500053493046FCF79BFD2072000C6072002292
:10DF600050493046FCF793FDC0F30B43A381C0F347
:10DF70000B00608100224C493046FCF788FDC0F35D
:10DF80000B43A4F80F30A073002248493046FCF739
:10DF90007EFD6074000CA074002245493046FCF7F9
:10DFA00076FDC0F30B03A4F81330C0F30B40A4F8C4
:10DFB000150000223F493046FCF7BEFDE075002504
:10DFC00000F0EABF1146FDF79DFC002500F0E4BF1C
:10DFD000002C01F04780238800223749FDF7CBF958
:10DFE000002500F0D9BF002C01F03E80256835B92E
:10DFF00000231A463149FDF7BEF900F0CDBF627922
:10E00000237943EA022323F0F00300222B49FDF792
:10E01000B2F9002500F0C0BF002C01F02780236872
:10E020004BB9002500954FF6FF532A461021FEF705
:10E0300013FC00F0B1BF00223421FDF707FA4FF4C2
:10E04000007300934FF6FF73002210213046FEF755
:10E0500003FC002500F0A0BF002C01F009806188BE
:10E06000FDF764FC2070002500F096BF002C01F045
:10E070000180A2782188FDF779FC002500F08CBF93
:10E080004400010080FF0100480001004C00010035
:10E09000500001003000010004000F0008000F00D4
:10E0A0000C000F0010000F0014000F0018000F00EC
:10E0B0001C000F0020000F00040006001C001100CF
:10E0C000D44BD54A012D18BF1346012DD34918BF93
:10E0D0004FF00C11026D927B012A12D0032A17D146
:10E0E000A2F5C012013A1A444FF4F011FCF7E5FC16
:10E0F000C00920802588003518BF01256D4200F039
:10E100004BBF02221946FCF7D8FCC0092080F1E77A
:10E110000222FCF7D2FCC0092080EBE7002C00F0C3
:10E12000AB872178FEF7D6FB002500F035BF1146FE
:10E13000FEF732FA002500F02FBF009404230022DE
:10E140001C21FCF79AFC002500F026BF002C00F0F3
:10E15000958702224421FCF7B0FCC0F30020207018
:10E16000002500F019BF002C00F08A87002244210E
:10E17000FCF7E2FC00F001002070002500F00CBF6D
:10E18000002C00F07F8762882188FEF763FA002563
:10E1900000F002BF0094082300220421FDF7E0F8FC
:10E1A000002500F0F9BE0094082300220421FCF7AA
:10E1B00064FC002500F0F0BE002C00F06587238889
:10E1C00002220C21FDF7D7F8002500F0E5BE002C57
:10E1D00000F05C87238800220C21FDF7CCF8002595
:10E1E00000F0DABE2146FDF799F8002500F0D4BE14
:10E1F000036D9B7B012B0BD0032B12D100940523C5
:10E2000020224FF4F011FCF738FC002500F0C4BECA
:10E210000094052300228249FCF72FFC002500F022
:10E22000BBBE0094052300224FF44021FCF725FCDF
:10E23000002500F0B1BE002504F8015B0094042322
:10E240002A466C21FCF719FC00F0A6BE002C00F059
:10E250001F8701226021FCF71AFC2060002500F0D6
:10E260009BBE002C00F0168700226021FCF70FFCFB
:10E270002060002500F090BE036D9B7B012B0BD02E
:10E28000032B12D10094052328224FF4F011FCF740
:10E29000F4FB002500F080BE0094052300226149B4
:10E2A000FCF7EBFB002500F077BE0094052300226D
:10E2B0005D49FCF7E2FB002500F06EBE002C00F08B
:10E2C000EB8600221C21FCF7E2FB2060002500F019
:10E2D00063BE002C00F0E28625886768237A002B55
:10E2E00000F0DE863C4607EB830729463046FDF703
:10E2F0008BF844F8040B0135ADB2BC42F5D10025D2
:10E3000000F04ABE002C00F0CD862178FDF788FB96
:10E31000002500F041BEFEF7C1F9054600F03CBE05
:10E320001146FEF725FB054600F036BE002C00F036
:10E33000BB86A5780121FDF73DF800213046FDF7A9
:10E34000BFFD3046FDF7F0FD05F03F0300223749E1
:10E350003046FDF75FFA01230093FF230022344982
:10E360003046FDF7E9FE324F00252A463946304651
:10E37000FCF7E2FB10F0010FF7D100222D493046E7
:10E38000FCF79BFB05463046FDF7C2F900213046FD
:10E39000FDF7C8F905213046FDF70CF8C5F30B056C
:10E3A0002580002500F0F8BD0221FEF7F5F80121D7
:10E3B0003046FEF7F1F81424A046002744254046D5
:10E3C000F1F7FEFE3A4629463046FCF7B5FB10F061
:10E3D000020F05D1631E13F0FF04F0D1012500E008
:10E3E00000256D4200F0D8BD002C00F05F86237838
:10E3F0001B0303F4E0436278012A08BF43F48073EF
:10E4000000936FF4E24300220B49FDF725FD002540
:10E4100000F0C2BD340018002C00180014000C00DD
:10E42000200018002800180008000C001C0007003D
:10E43000100008001400080014000700002C00F071
:10E44000378662682168FDF739FE002500F0A4BD1B
:10E45000002C00F02F8623880022C449FCF78BFF94
:10E46000002500F099BD002C00F026866268218806
:10E47000FEF7AEFA002500F08FBD002C00F01E86DE
:10E48000657823788BB1036D00229A734FF0FF33C8
:10E4900008227DB323F480630092002210213046CD
:10E4A000FDF7DAFC002500F077BD036D01229A73B9
:10E4B00018230022AE49FCF7C9FFE8230022AD492A
:10E4C0003046FCF7C3FF336D9B7D5B0803D06FF0D4
:10E4D00008030022DDE701230022A7493046FDF7AB
:10E4E00099F9326D937D43F0020393756FF0080341
:10E4F0000022CEE742F48062CEE7002C00F0E085F7
:10E50000236800223021FCF7A1FF002500F044BD64
:10E51000002C00F0D78500222946FCF7B8FA2060CD
:10E52000002500F039BD234600222946FCF78EFF66
:10E53000002500F031BD002C00F0C68503228F4974
:10E54000FCF7FAFAC0F302102070002500F024BD99
:10E55000002C00F0BB85236800224421FCF776FFE5
:10E56000002500F019BD002C00F0B28523880022A0
:10E570004821FCF700FF002500F00EBD002C00F044
:10E58000A98500224421FCF782FA2060002500F0D2
:10E5900003BD002C00F0A08500224821FCF78DFA75
:10E5A0002060002500F0F8BC002C00F0978523784F
:10E5B00000227349FDF72EF9002500F0EDBC002C78
:10E5C00000F08E8500224421FCF7B6FA2070002569
:10E5D00000F0E2BC002C00F08585FDF727F92060F3
:10E5E000002500F0D9BC002C00F07E850022654992
:10E5F000FCF763FA2080002500F0CEBC002C00F070
:10E60000758500226049FCF742FA2060002500F081
:10E61000C3BC002C00F06C852388C3F30D0300936A
:10E620004FF4404300225849FEF716F9002500F048
:10E63000B3BC002C00F05E85A788A3680993217BFA
:10E6400006912269049262690592DDB205F0030227
:10E6500005F0FC05052945D1B7F5B17F28BF4FF47A
:10E66000B177DFF82C91042F05D809EB05035B780F
:10E67000053B9F423EDB012A00F2C780434B995C79
:10E680003E46B94280F2C380501C53FA80F000230A
:10E690000B449BB20132D2B2022A05D010F8011B02
:10E6A000A6EB030C6145F3DB9F4208BF039500F026
:10E6B000B38007F1050C1FFA8CFC8026002108911D
:10E6C000039107914FF0050BB8465F4538BFD84618
:10E6D000A8F105081FFA88F8DFF8B0A020460C461C
:10E6E000864631E040F231139F4228BF1F46DFF8D3
:10E6F000A490B8E70023059A1380049A1146099A5A
:10E700000A6098E074460023059A1380049B1A4619
:10E71000099B13604FF0FF338DE01FFA80FB0892D6
:10E720000395079301243F2D51D000293AD101359B
:10E7300005F03F0519F8050003449BB29F4268D0DD
:10E74000013E16F0FF06DDD0434525D9634523D2AF
:10E75000F81A00B20028B8BF40425845DDDD002C51
:10E76000E1D07446089A079B56E000BF08000500F8
:10E770000C001F0010001F002000010054000300C7
:10E78000180001002C0005001C000E00F8240500F4
:10E7900078240500B824050084B96345C3D399B132
:10E7A0003F2D14D019F805105B1A9BB2691E01F0B9
:10E7B0003F0511F03F0118BF0121BFE7744619F86A
:10E7C00005105B1A9BB227E07446039524E0002CE9
:10E7D00034D1032A36D0022A09D01AF80210581868
:10E7E000B8420BDD0B449BB20132D2B2DAE7069994
:10E7F0000929F2D174463F2103910DE0744683B29A
:10E800000132D2B23F21039106E000234CE70023FE
:10E810004AE7744603953B4605990B80039B42EA01
:10E820008303DBB21A0442EA03621A4342EA032377
:10E83000049A1360002323600025ADE37446089A10
:10E84000079BE9E774463F210391E5E7002C00F0C0
:10E85000538427786478F1F7F7FB0546022C0ED035
:10E86000042C0CD004F0FD04012C19D0FB43002231
:10E870000092DBB2C1493046FDF75EFC05E03B4645
:10E880000022BE493046FCF7C5FF3B460022BC498A
:10E890003046FCF7DBFD2846F1F7E8FB00257BE37B
:10E8A0000097FF230022B5493046FDF745FCECE711
:10E8B00002230193002500952B462A461A21FCF7D6
:10E8C0005EF869E3FEF74EFC002565E3FEF736FCD3
:10E8D000002561E302230193002500952B462A467B
:10E8E0001421FCF74CF857E302240194002500950D
:10E8F0002B462A461521FCF742F8019400952B4639
:10E900002A4615213046FCF73AF845E302230193E5
:10E91000002500952B462A461621FCF730F83BE3EC
:10E92000002C00F0EB8332B900224FF4D011FCF739
:10E9300003F9207030E301224FF4D011FCF7FCF80A
:10E940002070002528E3002C00F0DA8324780022D0
:10E950004FF4D011FCF7F0F800F09F03234300229E
:10E960004FF4D0113046FCF755FF002514E3002C7E
:10E9700000F0C883247812F0FF051DD0012D40F06F
:10E98000C383022501224FF4D0113046FCF7D4F89E
:10E99000A4B920EA0503DBB201224FF4D0113046BE
:10E9A000FCF738FF002210213046FCF770F810F415
:10E9B000801F0AD00025EFE20425E3E7012C40F098
:10E9C000A68340EA0503DBB2E6E74FF48013009329
:10E9D0004FF0FF33002210213046FDF73DFA0025AD
:10E9E000DAE2002C00F0968323785B0303F40053F3
:10E9F00000934DF6FF7300226249FDF72DFF0025BD
:10EA0000CAE2002C00F0888325786268012A15BFCD
:10EA10006FF460336FF4E043DF27EF2714BF4FF04C
:10EA200020084FF010080024009422464FF4A02143
:10EA3000FDF712FA00943B46224653493046FDF753
:10EA40007BFB012D02D055B10025A5E2254600949F
:10EA50003B4622464D493046FDF76EFB9CE2CDF821
:10EA60000080FF23002249493046FDF765FB93E211
:10EA7000002C00F05383227812F0010F2CD05701A4
:10EA800007F0400740244FF4E01312F0040F27D0A2
:10EA900043F4600344F08004120102F08002174343
:10EAA0004FF400120092DB4300224FF4A0213046C5
:10EAB000FDF7D2F9E443A4B20025009523462A4687
:10EAC00031493046FDF7C8FE009723462A462F49B4
:10EAD0003046FDF7C1FE5FE200273C463B46D4E7E7
:10EAE0000022DFE708230093FF2301224FF4802157
:10EAF000FDF722FB264C02230093FF23032221462D
:10EB00003046FDF719FB00250095F72301224FF44D
:10EB100080213046FDF710FB0095FD23032221469E
:10EB20003046FDF709FB37E2002C00F0F9826388DC
:10EB3000DB0003F4FF6322780AB143F4006300931F
:10EB40004FF2070300224FF480213046FDF784FE88
:10EB5000002521E2002500954FF6FF332A464FF4A9
:10EB60008811FDF779FE17E2002C00F0DB8200220D
:10EB70000849FBF7A2FF208000250DE21C000100E0
:10EB8000180001000C000E00080005000C00050034
:10EB90000800110048001100002C00F0C582237805
:10EBA000012B6278A3784FEAC32343EA0223E27879
:10EBB00043EA4233227943EA823303F47F430CBFB2
:10EBC00002220022B649FCF7D6FB0025E4E1002C26
:10EBD00000F0AC82636822783AB1C3F315030022D7
:10EBE000B049FCF733FC0025D6E1C3F31503AE4969
:10EBF000FCF72CFC0025CFE1002C00F09982237853
:10EC000001249C40E4B210230093FF230022A74973
:10EC1000FDF792FAE343A24F00250095DBB22A46A6
:10EC200039463046FDF788FA0094FF232A463946D4
:10EC30003046FDF781FAAFE1002C00F07B822278AC
:10EC400063789BB1002A40F09782002400946FF013
:10EC5000C07322461021FDF7FFF80094944B224622
:10EC60004FF4A0213046FDF7F7F817E0002A00F036
:10EC700085824FF40045002400946FF0C073224653
:10EC800010213046FDF7E8F80095894B22464FF4F5
:10EC9000A0213046FDF7E0F84FF0C07400944FF02B
:10ECA000FF33002210213046FDF7D6F8002573E12E
:10ECB000002C00F0418223783BB900250095DF232A
:10ECC00003227C49FDF738FA66E14FF000530093C8
:10ECD0004FF0FF3300227749FDF7BEF800255BE1D6
:10ECE000002C00F02B8223783BB9002500957F2370
:10ECF00003227149FDF720FA4EE180230093FF23A0
:10ED000003226D49FDF718FA002545E1002C00F0BB
:10ED10001782E3B29A1C01239340013BDBB200222D
:10ED20004FF40031FCF776FD002535E1002C00F0B2
:10ED30000982E37A002B00F00782637B012B207BA2
:10ED400094BF0322042210215C4B33F81000FBF720
:10ED5000F9FD00F07F0000904FF6807302225849C1
:10ED60003046FDF779FD9423002256493046FCF7E2
:10ED700051FD002510E1002C00F0E88100225249ED
:10ED8000FBF785FE2060002506E1002C00F0E08105
:10ED900000224E49FBF77BFE20600025FCE0002CA2
:10EDA00000F0D8814FF4A81323600025F4E0002C74
:10EDB00000F0D28100250A950CAF192347F8043DD5
:10EDC000009704232A464249FCF7CAFA41F64873E1
:10EDD0000B93009704232A463E493046FCF7C0FABD
:10EDE0000AAB009304232A464FF4E8113046FBF7A0
:10EDF00044FE0A9B2360CFE0002C00F0AF8100228C
:10EE00003549FBF744FE80B220600022334930468A
:10EE1000FBF73DFE430D9B019BB263600025BBE009
:10EE2000002C00F09D81237E33B1012B62D0022B98
:10EE300000F08980FF232FE000222949FBF727FEFD
:10EE4000C0F30B002060002226493046FBF71FFE6E
:10EE5000C0F315006060002223493046FBF717FE1F
:10EE6000C0F31500A060002220493046FBF70FFEDA
:10EE7000C0F31500E06000221D493046FBF707FE95
:10EE8000C0F31300206100220F493046FBF7FFFD5D
:10EE900000F0E04060610023637600257CE000BF65
:10EEA0003C00110044001100400011004800070020
:10EEB000FF0FFCF728000F001C00070004250500C9
:10EEC00014000E0018000E00540003004C000F0048
:10EED00004001F0008001F0048000C0028000C0060
:10EEE00058000C0030000C0034000C0038000C00FE
:10EEF0002C000C000022AA49FBF7C9FDC0F30B004F
:10EF000020600022A7493046FBF7C1FDC0F3150081
:10EF100060600022A4493046FBF7B9FDC0F315003C
:10EF2000A06000224FF450213046FBF7B0FDC0F343
:10EF30001500E06000229D493046FBF7A8FDC0F3B4
:10EF4000130020619FE700229949FBF7A0FDC0F361
:10EF50000B002060002297493046FBF798FDC0F374
:10EF600015006060002294493046FBF790FDC0F325
:10EF70001500A060002291493046FBF788FDC0F3E0
:10EF80001500E06000228E493046FBF780FDC0F39B
:10EF90001300206177E7002528460DB0BDE8F08F0B
:10EFA0000025F9E70025F7E70025F5E70025F3E759
:10EFB0000025F1E70025EFE70025EDE70025EBE769
:10EFC0000025E9E70025E7E70025E5E70025E3E779
:10EFD0000025E1E70025DFE70025DDE70025DBE789
:10EFE0000025D9E70025D7E70025D5E70025D3E799
:10EFF0000025D1E70025CFE70025CDE70025CBE7A9
:10F000000025C9E70025C7E70025C5E70025C3E7B8
:10F010000025C1E70025BFE70025BDE70025BBE7C8
:10F020000025B9E70025B7E70025B5E70025B3E7D8
:10F030000025B1E70025AFE70025ADE70025ABE7E8
:10F040000025A9E70025A7E70025A5E70025A3E7F8
:10F050000025A1E700259FE700259DE700259BE708
:10F06000002599E7002597E7002595E7002593E718
:10F07000002591E700258FE700258DE700258BE728
:10F08000002589E7002587E7002585E7002583E738
:10F09000002581E700257FE700257DE700257BE748
:10F0A000002579E7002577E7002575E7002573E758
:10F0B000002571E700256FE700256DE700256BE768
:10F0C000002569E7002567E7002565E7002563E778
:10F0D000002561E700255FE700255DE700255BE788
:10F0E000002559E7002557E7002555E7002553E798
:10F0F000002551E700254FE700254DE700254BE7A8
:10F10000002549E7002547E74FF0FF3544E74FF07A
:10F11000FF3541E700253FE700253DE700253BE7B8
:10F12000002539E7002537E7002535E7002533E7D7
:10F13000002531E700252FE700252DE700252BE7E7
:10F14000002529E7002527E7002525E7002523E7F7
:10F15000002521E700251FE700251DE700251BE707
:10F16000002519E799F811305A1ED2B2012A7EF60D
:10F1700062AE0222FEF709BE124D7CE50024009427
:10F180006FF0C07322461021FCF766FE00940E4B10
:10F1900022464FF4A0213046FCF75EFE7EE500BF1C
:10F1A00020000D0064000C0068000C0060000C00E2
:10F1B00068000D0040000D0044000D0048000D00E7
:10F1C0003C000D0000100008FF0FFCF7F0B585B003
:10F1D0000446436B1968FDF7A3FE064623681B69C6
:10F1E000984703AB002211462046FDF7CFFF636B23
:10F1F0009B6A19682046FDF747FC636B9B6A596858
:10F200002046FDF797F9636B9B6AD9892046FCF786
:10F21000C2F8636B9B6A99892046FCF7C4F8002109
:10F220002046FCF74EF9002500954FF6FF532A467D
:10F2300010212046FDF710FB636B9B6A5A891989E0
:10F240002046FDF707FA636B9B6A1B8A02220C219A
:10F250002046FCF790F8636B9B6A5B8A2A460C2178
:10F260002046FCF788F8636B197A2046FDF732FBDD
:10F27000636BD9682046FCF74DF9616B0B7E4A69D8
:10F2800009692046FDF76CFA636B9A7F998B2046DB
:10F29000FCF794FB226D537B2E2B05D0636B93F808
:10F2A0002C3033F03F030AD0636B93F82C3003F01B
:10F2B0003F035373002228492046FCF7ABFA636BE7
:10F2C00093F82D102046FCF767FF636B196A204600
:10F2D000FCF740F9636B596A2046FCF75FF9636BF2
:10F2E00093F82E309BBB636B93F82F102046FCF7EE
:10F2F00009FB94F94C50002D26DB012303FA05F598
:10F30000AFB2164A39462046FCF7D8FE0DF10A0383
:10F310000093022300224FF4A0212046FBF7ADFB0F
:10F32000BDF80A3023EA0503ADF80A3000220C4983
:10F330002046FCF720F894F94D20B2FA82F25209E7
:10F3400039462046FDF744FB304605B0F0BD204667
:10F35000FCF758FFC7E700BF140009009204200122
:10F360000800050080B483B000AF78607B681B683C
:10F370007A689A420CBF01230023DBB218460C378F
:10F38000BD465DF8047B704780B483B000AF786001
:10F3900039603B681A687B681A607B683A685A6013
:10F3A0003B681B687A685A603B687A681A6000BFDD
:10F3B0000C37BD465DF8047B704780B483B000AF66
:10F3C00078607B685B687A6812681A607B681B6883
:10F3D0007A6852685A6000BF0C37BD465DF8047BFE
:10F3E000704780B582B000AF786039607868FFF709
:10F3F000E4FF39687868FFF7C7FF00BF0837BD46EC
:10F4000080BD80B582B000AF78607868FFF7AAFF52
:10F41000034683F00103DBB2002B07D07B685A68F8
:10F420007B681B689A4201D1012300E00023184643
:10F430000837BD4680BD000080B483B000AF78605F
:10F440007B685A6A7B681B6AD31A18460C37BD461C
:10F450005DF8047B704780B483B000AF78607B6850
:10F460001B6A18460C37BD465DF8047B704780B4B4
:10F4700083B000AF78607B68043318460C37BD4614
:10F480005DF8047B704780B582B000AF7860786823
:10F49000FFF7EDFF0346033323F003031846083755
:10F4A000BD4680BD90B583B000AF78607868FFF747
:10F4B000EAFF04467868FFF7DAFF0346E31A1846C6
:10F4C0000C37BD4690BD80B485B000AF7860396020
:10F4D0007B681B88033323F00303FB603B681B68D6
:10F4E0001A46FB68D31A1A463B681A607A68FB68AA
:10F4F000134418461437BD465DF8047B704780B44A
:10F5000083B000AF78607B68043318460C37BD4683
:10F510005DF8047B704780B483B000AF78607B688F
:10F520001B88043B18460C37BD465DF8047B7047CA
:10F5300080B483B000AF786039603B68032B0BDD8B
:10F540007B681B88032B07D97B681B881A463B689E
:10F55000934201DB012300E0002318460C37BD462F
:10F560005DF8047B704780B483B000AF78607B683F
:10F570005B8823F4404318460C37BD465DF8047B96
:10F58000704780B582B000AF78607868FFF7B7FF4A
:10F590000346D3E90023104619460837BD4680BD0F
:10F5A00080B582B000AF78607868FFF7A8FF0346A7
:10F5B0001B6818460837BD4680BD80B582B000AFD5
:10F5C00078607868FFF79BFF0346B3F90030184670
:10F5D0000837BD4680BD80B582B000AF78607868DE
:10F5E000FFF78DFF034693F9003018460837BD46F4
:10F5F00080BD80B582B000AF78607868FFF77FFF8C
:10F600000346D3E90023104619460837BD4680BD9E
:10F6100080B582B000AF78607868FFF770FF03466E
:10F620001B6818460837BD4680BD80B582B000AF64
:10F6300078607868FFF763FF03461B881846083731
:10F64000BD4680BD80B582B000AF78607868FFF7B6
:10F6500056FF03461B7818460837BD4680BD80B567
:10F6600084B000AF786039607868FFF7F4FEF86026
:10F670003B6843F4004100230022786800F01EF844
:10F680000346002B01DA002300E0FB681846103720
:10F69000BD4680BD80B582B000AF786039607868C3
:10F6A000FFF7D9FE02463B68D31A9AB23B681A802C
:10F6B0007B685B6918460837BD4680BD90B587B04A
:10F6C00000AFF860B9607A603B60F868FFF7B4FE9D
:10F6D00004467868FFF7D7FE03469C4202DA6FF0D3
:10F6E00079032AE07868FFF7CEFE03461946F868EA
:10F6F00000F018FC7861BB689AB27B695A80786820
:10F70000FFF7B5FE03469AB27B691A807B691B88B6
:10F710001A467B699C187868FFF7C4FE03461A46B0
:10F7200000212046F1F73BFE7869FFF7E8FE7B6891
:10F730001A463968F1F70AFE002318461C37BD4601
:10F7400090BD80B483B000AF0346FB71FB79013BF1
:10F750000C2B2DD801A252F823F000BF91F7030023
:10F7600095F7030099F703009DF70300B1F7030035
:10F77000B1F70300B1F70300B1F70300B1F70300DD
:10F78000A1F70300A5F70300A9F70300ADF70300F5
:10F7900001230EE002230CE004230AE0082308E022
:10F7A000012306E0022304E0042302E0082300E032
:10F7B000002318460C37BD465DF8047B704780B5C2
:10F7C00088B000AF786039604FF000024FF000035E
:10F7D000C7E906237B681B78013B032B46D801A2AF
:10F7E00052F823F0F5F7030015F8030035F803008D
:10F7F00055F803003868FFF725FF0346DAB24FF0EB
:10F800000003C7E902234FF0FF024FF00003C7E9EE
:10F8100004232EE03868FFF708FF03469AB24FF042
:10F820000003C7E902234FF6FF724FF00003C7E958
:10F8300004231EE03868FFF7EBFE03461A464FF03C
:10F840000003C7E902234FF0FF324FF00003C7E97E
:10F8500004230EE03868FFF7CCFEC7E902014FF041
:10F86000FF324FF0FF33C7E9042302E06FF01503C6
:10F8700044E07B681B79032B20D0032B27DC012B72
:10F8800002D0022B11D022E07B68B3F90C301AB2FF
:10F890004FEAE273C7E906237B68B3F90E301AB268
:10F8A0004FEAE273C7E9042314E07B68B3F90C3034
:10F8B0001AB24FEAE273C7E906230BE07B68B3F99B
:10F8C0000E301AB24FEAE273C7E9042302E06FF088
:10F8D000150313E0D7E90201D7E90623994208BFCF
:10F8E000904207D3D7E90223D7E90401994208BF20
:10F8F000904202D26FF0210300E000231846203727
:10F90000BD4680BD80B588B000AF786039607B6847
:10F910001B780A3B032B5ED801A252F823F000BFEC
:10F9200031F903005DF9030087F90300B3F903001F
:10F930003868FFF750FE03465AB24FEAE273C7E950
:10F9400002236FF07F024FF0FF33C7E906234FF029
:10F950007F024FF00003C7E904233FE03868FFF758
:10F960002CFE03461AB24FEAE273C7E90223404A6B
:10F970004FF0FF33C7E9062347F6FF724FF000034D
:10F98000C7E904232AE03868FFF70AFE03461A464F
:10F990004FEAE273C7E902234FF000424FF0FF3312
:10F9A000C7E906236FF000424FF00003C7E90423C4
:10F9B00014E03868FFF7E5FDC7E902014FF00002E7
:10F9C0004FF00043C7E906234FF0FF326FF00043CA
:10F9D000C7E9042302E06FF0150344E07B681B795C
:10F9E000032B20D0032B27DC012B02D0022B11D0BC
:10F9F00022E07B68B3F90C301AB24FEAE273C7E930
:10FA000006237B68B3F90E301AB24FEAE273C7E9F6
:10FA1000042314E07B68B3F90C301AB24FEAE273A6
:10FA2000C7E906230BE07B68B3F90E301AB24FEA40
:10FA3000E273C7E9042302E06FF0150313E0D7E98E
:10FA40000201D7E90623904271EB030307DBD7E9F4
:10FA50000223D7E90401904271EB030302DA6FF04D
:10FA6000210300E0002318462037BD4680BD00BFBB
:10FA70000080FFFF80B584B000AF7860396000235C
:10FA8000FB814FF6FF73BB813868FFF744FDB86018
:10FA90007B681B79032B14D0032B17DC012B02D0BE
:10FAA000022B09D012E07B68B3F90C30FB817B6834
:10FAB000B3F90E30BB810CE07B68B3F90C30FB81ED
:10FAC00007E07B68B3F90E30BB8102E06FF01503ED
:10FAD0000BE0FB89BA689A4203DBBB89BA689A4299
:10FAE00002DD6FF0210300E0002318461037BD4609
:10FAF00080BD80B582B000AF786039607B681B78CC
:10FB00000D2B1BDC0A2B13DA042B02DC002B03DC8D
:10FB100014E0092B06D011E039687868FFF74FFE32
:10FB200003460DE039687868FFF7A4FF034607E055
:10FB300039687868FFF7E6FE034601E06FF01503C9
:10FB400018460837BD4680BD80B58CB000AFF86060
:10FB5000B9607A600023FB62F868FFF7DCFCB862EA
:10FB6000F868FFF700FD78626FF021033B627B6A63
:10FB7000002B03DD7A6ABB689A4201DD0023A5E011
:10FB80007B6A1B017A681344FB61FB691B780D2BB0
:10FB90008CBF01230023DBB2BB61FB691B780D2BFB
:10FBA00006D94C4B4C4A4FF482714C48DFF705FBA9
:10FBB000BB69002BFB691B781846FFF7C2FD786113
:10FBC0007B69002B0CDDBA6A7B699A4208D0FB691D
:10FBD0005B881A46BB6A934202D06FF0150375E04A
:10FBE000FB691B78072B07D1FB685B881BB2002BD6
:10FBF00002DB6FF0150369E0FB691B78072B0BD064
:10FC0000FB691B78082B07D0FB685B881BB2002BB5
:10FC100002DA6FF0150359E0FB691B78092B09D054
:10FC2000092B1FDC052B05D0052B1BDB073B012B0C
:10FC300018D80AE0FB695B88002B26D0FB695B883B
:10FC40001A46BB6A934220DD3FE0BB6A002B1ED000
:10FC5000BB6A032B36DDFB699B68002B19D06FF064
:10FC6000150333E0FB695B88002B03D0FB695B88DD
:10FC7000FB6205E0FB691B781846FFF762FDF8623E
:10FC8000BA6AFB6A9A421FDB04E000BF02E000BFD1
:10FC900000E000BFFB691B79002B0ED0002B0FDBAF
:10FCA000013B022B0CD8F968F869FFF722FF386294
:10FCB0003B6A002B03D03B6A08E000BF00E000BFB6
:10FCC000002303E000BF00E000BF3B6A1846303766
:10FCD000BD4680BD142505007825050038250500A2
:10FCE00080B588B000AFF860B9607A603B60BB6AED
:10FCF000002B07D07B6801339B001A460021B86AAD
:10FD0000F1F74DFBFB68FB61BB683B612CE0F869D8
:10FD1000FFF729FC03467B837B8B002B03D07B8B77
:10FD20007A689A4202DA6FF0150326E03B68002BEE
:10FD30000AD03A687968F869FFF706FF78617B694D
:10FD4000002B01DA7B6918E0BB6A002B05D07B8BA6
:10FD50009B00BA6A1344FA691A6007F11003194646
:10FD6000F869FFF7B0FBF8613B691946F869FFF7DE
:10FD7000DFFB0346002BCAD1002318462037BD46BF
:10FD800080BD90B587B002AFF860B9607A603B6023
:10FD90007B685B881BB2002B02DB6FF015030FE062
:10FDA0007868FFF7ACFB04467868FFF7B4FB0146C0
:10FDB000FB6800933B68BA682046FFF791FF034653
:10FDC00018461437BD4690BD80B582B000AF78604C
:10FDD000396079680120EEF787FC0346184608373A
:10FDE000BD4680BD80B582B000AF78607868EEF720
:10FDF0008FFC00BF0837BD4680BD80B582B000AF24
:10FE000078607868FFF7EEFF00BF0837BD4680BD19
:10FE100080B483B000AF78607B681B687A689A42D0
:10FE20000CBF01230023DBB218460C37BD465DF83A
:10FE3000047B704780B584B000AF786039607B6820
:10FE4000283339681846FFF7BFFFF860FB68002BBE
:10FE500001D1002315E0FB68BB60FB6803F12802B9
:10FE6000BB68DA61BB68DA69BB689A61BB68DA694A
:10FE7000BB681A62BB68DA697B681A44BB685A625D
:10FE8000BB6818461037BD4680BD80B483B000AF54
:10FE9000786039607B685B693A689A4202D27B6815
:10FEA0003A685A6100BF0C37BD465DF8047B704765
:10FEB00080B584B000AF786039607B685A6A7B682F
:10FEC0001B6AD31A1A463B6893428CBF0123002356
:10FED000DBB2FB607B685A6A7B681B6AD31A1A46DE
:10FEE0003B68934205D90C4B0C4A29210C48DFF79B
:10FEF00064F9FB68002B7B68DA693B681A447B680D
:10FF0000DA617B681A6A3B681A447B681A6200BF30
:10FF10001037BD4680BD00BF8825050000260500BE
:10FF2000A825050080B584B000AF786039607B6893
:10FF30005A6A7B681B6AD31A1A463B6893428CBF85
:10FF400001230023DBB2FB607B685A6A7B681B6A73
:10FF5000D31A1A463B68934205D90E4B0E4A3121FB
:10FF60000E48DFF72AF9FB68002B7B681B6ABB6031
:10FF70007B685A693B681A447B685A617B681A6AD5
:10FF80003B681A447B681A62BB6818461037BD4646
:10FF900080BD00BF882505000C260500A8250500AA
:10FFA00080B586B000AFF860B9607A607968F868AB
:10FFB000FFF7B8FF78617A68B9687869F1F7C6F930
:10FFC0007B6918461837BD4680BD80B584B000AF48
:10FFD000786039607B68DA693B685B421A447B6809
:10FFE000DA617B685A693B681A447B685A617B68AE
:10FFF000DA697B689B699A4234BF01230023DBB234
:020000040004F6
:10000000FB607B68DA697B689B699A4205D2074B83
:10001000074A43210748DFF7D0F8FB68002B7B68CD
:10002000DB6918461037BD4680BD00BFE4250500DA
:1000300014260500A825050080B483B000AF7860C1
:1000400039607B685B693A689A4201D900230DE008
:100050007B68DA693B681A447B68DA617B685A69B5
:100060003B68D21A7B685A617B68DB6918460C379B
:10007000BD465DF8047B704780B582B000AF786004
:100080007868FFF7C5FE0346002B01D0002301E08E
:100090007B681B6818460837BD4680BD80B483B0B6
:1000A00000AF786039607B681A683B681A603B680B
:1000B0007A685A607B681B683A685A607B683A685D
:1000C0001A6000BF0C37BD465DF8047B704780B4F2
:1000D00083B000AF786039603B687A681A607B68EB
:1000E0005A683B685A607B685B683A681A607B684C
:1000F0003A685A6000BF0C37BD465DF8047B704714
:1001000080B584B000AF78607868FFF781FE034661
:10011000002B01D0002313E07B681B68FB60FB68A9
:100120001B68FA6852685A60FB685B68FA68126874
:100130001A60FB6800221A60FB6800225A60FB68A4
:1001400018461037BD4680BD80B584B000AF7860DA
:1001500002E0F868FFF751FE7868FFF7D1FFF8601A
:10016000FB68002BF5D100BF00BF1037BD4680BD36
:1001700080B485B000AF786039603B68FB607B6815
:10018000190EFB685A1CFA60CAB21A707B68190C07
:10019000FB685A1CFA60CAB21A707B68190AFB68BD
:1001A0005A1CFA60CAB21A70FB685A1CFA607A6864
:1001B000D2B21A7000BF1437BD465DF8047B704799
:1001C00080B584B000AFF860B9607A603B60BB680E
:1001D000102B05D0084B094A1A210948DEF7EDFF1C
:1001E000BB693A687968F868F0F734F8034618464E
:1001F0001037BD4680BD00BF2026050074260500CF
:100200003C26050080B590B002AFF860B9607A6016
:100210003B607B6C102B02D04FF0FF3329E007F1DD
:1002200014037B63796B0120FFF7A2FF7B6B043320
:100230007B6308227968786BF1F788F87B6B083369
:100240007B6310223968786BF1F780F87B6B103391
:100250007B637B6CDB00796B1846FFF789FF07F146
:1002600014023B6C00932023B968F868FFF7A8FFDD
:10027000034618463837BD4680BD00BF80B483B002
:1002800000AF78607B685A6A7B681B6AD31A18468D
:100290000C37BD465DF8047B704780B485B000AF75
:1002A00003463960FB803B68FB60FB881B0A99B200
:1002B000FB685A1CFA60CAB21A70FB685A1CFA60D2
:1002C000FA88D2B21A7000BF1437BD465DF8047BBD
:1002D000704780B485B000AF786039603B68FB60E0
:1002E0007B68190EFB685A1CFA60CAB21A707B68E8
:1002F000190CFB685A1CFA60CAB21A707B68190A9A
:10030000FB685A1CFA60CAB21A70FB685A1CFA6081
:100310007A68D2B21A7000BF1437BD465DF8047B0C
:10032000704780B582B000AF786039603868EFF709
:10033000EBFF02467B681A607B681B68002B01D0CC
:10034000002301E06FF00B0318460837BD4680BD5F
:1003500080B586B000AFF8600B467A607B81FB68A1
:100360007B61062200217869F1F719F87B69063371
:100370007B617B8979691846FFF78FFF7B690233C0
:100380007B6179697868FFF7A4FF7B6904337B613F
:100390007B695A1C7A6106221A7000BF1837BD4665
:1003A00080BD80B592B004AFF860B9607A607B80A0
:1003B000BB68DB697B63BB68DA697B6813443B63BA
:1003C000BB685A697B68D31AFB62BB68DA69BB6891
:1003D0005B691344BB62B868FFF750FF0346072B05
:1003E00002DC6FF068032AE0798807F114033A6CA5
:1003F0001846FFF7ADFFBB68DB69043326221A708D
:10040000FB681868FB6A07F1140108220392BA6AB4
:10041000029201933B6B00937B687A6BEFF794FF3A
:1004200078627B6A002B04D10821B868FFF77AFD57
:1004300004E0BB68DB69043320221A707B6A18462B
:100440003837BD4680BD80B483B000AF0346FB7132
:10045000FB79262B0CBF01230023DBB218460C3797
:10046000BD465DF8047B704780B582B000AF786010
:100470007B685B69072B02D86FF04C0307E07B6851
:100480005B69083B19467868FFF7FFFC00231846B4
:100490000837BD4680BD80B592B004AFF860B96042
:1004A0007A607B80BB68DA697B685B4213447B635C
:1004B000BB68DB693B63BB685B69FB62BB68DA698D
:1004C000FB6A1344BB62798807F114033A6C18463F
:1004D000FFF73EFFFB68186807F114010823039338
:1004E000BB6A0293FB6A01933B6B00937B687A6B58
:1004F000EFF772FF78627B6A002B03D17B6B0433CA
:1005000020221A707B6A18463837BD4680BD80B5F8
:1005100082B000AF78607B681B681846EFF708FF71
:1005200000BF0837BD4680BD80B584B000AFF8601D
:10053000B9607A60FB6818697B681022B968EFF7C8
:10054000B7FF002318461037BD4680BD80B582B086
:1005500000AF78607B681846EFF786FF02467B683D
:100560001A61002318460837BD4680BD80B582B0A9
:1005700000AF78607B681B691846EFF78DFF00BFFE
:100580000837BD4680BD000080B582B000AF7860FE
:100590007B68002B05D10D4B0D4A22210D48DEF75B
:1005A0000CFE7B681B68002B05D10020EDF7C4FF13
:1005B00002467B681A607B681B684FF0FF31184663
:1005C000EDF7BEFF00BF0837BD4680BD80260500A1
:1005D000C82605008826050080B582B000AF786087
:1005E0007B68002B03D07B681B68002B05D1074B71
:1005F000074A2A210748DEF7E0FD7B681B6818469A
:10060000EDF7CAFF00BF0837BD4680BDAC26050028
:10061000D42605008826050080B588B000AFF860B4
:10062000B9607A600023FB61FB68DB68BB61BB6972
:1006300088331846FFF7A8FFFB697A68B968B8697C
:1006400001F00DFD7861BB6988331846FFF7C4FFE0
:100650007B6918462037BD4680BD80B588B000AFA5
:10066000F860B9607A600023FB61FB68DB68BB61FE
:10067000BB6988331846FFF787FFFB697A68B9685A
:10068000B86901F017FD7861BB6988331846FFF738
:10069000A3FF7B6918462037BD4680BD80B58AB070
:1006A00002AFF860B9607A603B600023FB61FB68D1
:1006B000DB68BB61BB6988331846FFF765FFFB69E0
:1006C0000193BB6A00933B687A68B968B86901F026
:1006D00019FD7861BB6988331846FFF77DFF7B6998
:1006E00018462037BD4680BD80B588B002AFF8609F
:1006F000B9607A603B60FB68DB687B617B6988334B
:100700001846FFF741FF3B6A00933B687A68B96877
:10071000786901F027FD38617B6988331846FFF757
:100720005BFF3B6918461837BD4680BD80B58AB06F
:1007300004AFF860B9607A603B60FB68DB687B619E
:100740007B6988331846FFF71FFFBB6A02937B6AF9
:1007500001933B6A00933B687A68B968786901F055
:100760002BFD38617B6988331846FFF735FF3B69FD
:1007700018461837BD4680BD80B582B000AF78609E
:100780007868EDF7C5FF00BF0837BD4680BD80B56E
:1007900082B000AF78607868FFF7EEFF00BF0837DF
:1007A000BD4680BD80B584B000AFF860B9607A60A6
:1007B0007868F0F770FE034601331A467B68B96823
:1007C000F868FEF77BFF034618461037BD4680BD2C
:1007D00080B584B000AFF860B9607A603B1D042238
:1007E000B968F868FEF76AFF034618461037BD4639
:1007F00080BD80B485B000AF786039603B68FB6035
:10080000FB685A1CFA607A68D2B21A707B68190ABF
:10081000FB685A1CFA60CAB21A707B68190CFB6834
:100820005A1CFA60CAB21A707B68190EFB685A1C0F
:10083000FA60CAB21A7000BF1437BD465DF8047B77
:10084000704780B485B000AF78607B68FB60FB6860
:100850001B789AB2FB6801331B789BB21B029BB2D8
:1008600013439BB218461437BD465DF8047B7047AE
:1008700080B483B000AF78607B6818460C37BD4603
:100880005DF8047B704780B485B000AFF860B96054
:100890007A60002318461437BD465DF8047B704724
:1008A00080B58AB000AFF860B9607A603B60F868E4
:1008B000FFF7DEFF78623B6B796B1846FFF7BAFAF9
:1008C00038623B6A002B01D100235AE00421386AC8
:1008D000FFF728FBF861F9693868FFF78AFF002104
:1008E000386AFEF7BCFEB861BB69002B3CD07B6A5E
:1008F0005B6B1A460121386AFFF76AFF0346002B3B
:1009000034D10821386AFEF7AAFE78617B69002B92
:100910002ED0BB681B685B681A460221386AFFF755
:1009200041FF0346002B25D17A680421386AFFF77E
:100930004FFF0346002B1DD10521386AFEF78FFEBD
:1009400038613B69002B17D03B6A0833BA691A60DB
:100950003B6A083304337A691A603B6A0833083308
:100960003A691A603B6A0CE000BF06E000BF04E091
:1009700000BF02E000BF00E000BF386AFFF707FFDA
:10098000002318462837BD4680BD80B588B000AF2B
:10099000786039607868FFF76BFFF8613B6808336F
:1009A0001B68BB613B68083304331B687B613B6891
:1009B000083308331B683B6139693868FEF76AFE03
:1009C00079693868FEF766FEB9693868FEF762FE35
:1009D0003B68DB69FB6004213868FFF72DFB0346A9
:1009E000002B02D16FF015030CE0F868FFF729FF28
:1009F0000346BB60FB69DB6A3A68B968184600F0D9
:100A0000B7FF034618462037BD4680BD80B400AF0F
:100A100000231846BD465DF8047B704780B400AFE4
:100A200000BFBD465DF8047B7047000080B485B010
:100A300000AF786039607B681B88033323F00303C1
:100A4000FB603B681B681A46FB68D31A1A463B6872
:100A50001A607A68FB68134418461437BD465DF87F
:100A6000047B704780B483B000AF78607B68043348
:100A700018460C37BD465DF8047B704780B483B0E0
:100A800000AF78607B681B88043B18460C37BD4676
:100A90005DF8047B704780B483B000AF7860396044
:100AA0003B68032B0BDD7B681B88032B07D97B6816
:100AB0001B881A463B68934201DB012300E00023B8
:100AC00018460C37BD465DF8047B704780B584B08E
:100AD00000AF786039607868FFF7C4FFF860386865
:100AE000F0F7D9FC03461A46F9683868F0F7FFFBBF
:100AF000034618461037BD4680BD80B582B000AFB2
:100B000078607868FFF7AEFF03461B681846083721
:100B1000BD4680BD80B582B000AF78607868FFF7D1
:100B2000A1FF0346B3F9003018460837BD4680BD23
:100B300080B582B000AF78607868FFF793FF034616
:100B4000D3E90023104619460837BD4680BD80B55D
:100B500082B000AF78607868FFF784FF03461B68B7
:100B600018460837BD4680BD80B584B000AFF86038
:100B7000B9607A603B1D0422B968F868FEF79EFDF3
:100B8000034618461037BD4680BD80B582B000AF21
:100B900078607868FFF766FF03461B8818460837B9
:100BA000BD4680BD80B584B000AFF860B960134623
:100BB000FB80BB1D0222B968F868FEF77FFD034683
:100BC00018461037BD4680BD80B584B000AFF860D0
:100BD000B9601346FB80BB1D0222B968F868FEF7B6
:100BE0006DFD034618461037BD4680BD80B582B006
:100BF00000AF78607868FFF735FF03461B7818462A
:100C00000837BD4680BD80B584B000AFF860B960DC
:100C10001346FB71FB1D0122B968F868FEF74EFD13
:100C2000034618461037BD4680BD80B586B000AF7C
:100C3000F860B9607A600221F868FEF710FD78610B
:100C40007B69002B05D1AB4BAB4A2A21AB48DEF7C1
:100C5000B4FA7B68002B09D07B68B3F854301A468D
:100C60007B683121F868FEF729FD3861BB68002BED
:100C700000F08581BB681B781A460121F868FFF7F0
:100C8000C2FF38613B69002B02D06FF0150382E18F
:100C9000BB685B781A460221F868FFF7B4FF386139
:100CA0003B69002B02D06FF0150374E1BB689B78A1
:100CB0001A460321F868FFF7A6FF38613B69002B4D
:100CC00002D06FF0150366E1BB68DB781A46042199
:100CD000F868FFF798FF38613B69002B02D06FF08E
:100CE000150358E1BB681B78002B0DD1BB689B88AE
:100CF0001A460621F868FFF755FF38613B69002B5B
:100D000002D06FF0150346E1BB689B681A460721C5
:100D1000F868FFF729FF38613B69002B02D06FF0BC
:100D2000150338E1BB68DB681A460821F868FFF74D
:100D30001BFF38613B69002B02D06FF015032AE1DD
:100D4000BB685B691A460921F868FFF70DFF386137
:100D50003B69002B02D06FF015031CE1BB681B69D7
:100D60001A460A21F868FFF7FFFE38613B69002B3D
:100D700002D06FF015030EE1BB681B7E1A460D21F1
:100D8000F868FFF740FF38613B69002B02D06FF035
:100D9000150300E1BB685B7E1A461421F868FFF773
:100DA00032FF38613B69002B02D06FF01503F2E08F
:100DB000BB689B7E1A461521F868FFF724FF38614F
:100DC0003B69002B02D06FF01503E4E0BB68DB7ECB
:100DD0001A461621F868FFF716FF38613B69002BA9
:100DE00002D06FF01503D6E0BB681B7F1A461921AD
:100DF000F868FFF708FF38613B69002B02D06FF0FD
:100E00001503C8E0BB681D3308222621F868FEF7E9
:100E100055FC38613B69002B02D06FF01503BAE036
:100E2000BB6893F825301A461F21F868FFF7EBFEE0
:100E300038613B69002B02D06FF01503ABE0BB6853
:100E400093F826301A462021F868FFF7DCFE386157
:100E50003B69002B02D06FF015039CE0BB6893F850
:100E600027301A462121F868FFF7CDFE38613B692B
:100E7000002B02D06FF015038DE0BB6893F828308B
:100E80001A462221F868FFF7BEFE38613B69002B45
:100E900002D06FF015037EE0BB6893F829301A4644
:100EA0002321F868FFF7AFFE38613B69002B02D0C1
:100EB0006FF015036FE0BB6893F82A301A462B21B8
:100EC000F868FFF7A0FE38613B69002B02D06FF095
:100ED000150360E0BB6893F82B301A462C21F868A4
:100EE000FFF791FE38613B69002B09D06FF01503C5
:100EF00051E000BFE426050040270500F426050068
:100F0000BB6893F82C301A462D21F868FFF77BFE5A
:100F100038613B69002B02D06FF015033BE0BB68E2
:100F200093F82D301A462E21F868FFF76CFE3861D1
:100F30003B69002B02D06FF015032CE0BB6893F8DF
:100F40002E301A462F21F868FFF75DFE38613B69A5
:100F5000002B02D06FF015031DE0BB68DB7E012B78
:100F60000DD1BB681B6B1A463021F868FFF7FCFDFA
:100F700038613B69002B02D06FF015030BE07969F3
:100F8000F868FEF787FB38613B69002B02D16FF0F0
:100F9000150300E0002318461837BD4680BD80B514
:100FA00086B000AF7860396003217868FEF757FBA0
:100FB00038613B69002B02D16FF015033BE0002341
:100FC0007B6127E001217868FEF749FBB860BB68C8
:100FD000002B02D16FF015032DE03B687A6933F8DE
:100FE00012301A4601217868FFF7EEFDF860FB68C1
:100FF000002B01D0FB681EE0B9687868FEF74AFB59
:10100000F860FB68002B02D16FF0150313E07B69D9
:1010100001337B613B681B6A7A699A42D2DB39698A
:101020007868FEF737FBF860FB68002B02D16FF0A1
:10103000150300E0002318461837BD4680BD80B573
:1010400088B002AFF860B9607A603B603B4B1B68C8
:10105000002B10D0394B1A68384B1B689269DA6143
:10106000364B1A68354B1B6892691A62334B1B6802
:1010700000225A6107E000214FF48060FEF7DAFE9B
:1010800003462E4A13602D4B1B6800211846FEF7BD
:10109000E6FA78617B69002B02D16FF0150348E016
:1010A000264B1B68BA6801211846FFF75DFD3861C1
:1010B0003B69002B01D03B693BE07B68002B02D1F0
:1010C0003B68002B0CD01D4B1B683A6879681846AA
:1010D000FFF7ABFD38613B69002B10D03B6928E07E
:1010E0003B6A002B0BD0154B1B68396A1846FFF77B
:1010F00056FF38613B69002B01D03B6919E00F4B6B
:101100001B6879691846FEF7C5FA38613B69002B00
:1011100002D16FF015030CE0084B1B689B697A6ADB
:1011200001920093FB68064A0021064800F048FE41
:10113000034618461837BD4680BD00BF84E3002033
:10114000302705003827050080B582B000AF0023A6
:101150007B6000210A4800F0DBFD78607B68002B93
:1011600001D07B6807E00023064A0021044800F014
:10117000F7FD78607B6818460837BD4680BD00BF24
:10118000382705003027050080B586B002AF7860AB
:101190000023BB600023FB6007F1080301930023D9
:1011A00000930023002279680120FFF748FF0346DF
:1011B00018461037BD4680BD80B586B002AF786056
:1011C00039600023BB603B68FB6007F108030193B3
:1011D000002300930023002279680220FFF72FFFED
:1011E000034618461037BD4680BD80B586B002AFB5
:1011F00078600023BB600023FB6007F108030193C4
:10120000002300930023002279680320FFF717FFD3
:10121000034618461037BD4680BD80B586B002AF84
:1012200078600023BB600023FB6007F10803019393
:10123000002300930023002279680420FFF7FFFEBB
:10124000034618461037BD4680BD80B586B002AF54
:10125000786039600023BB600023FB6007F108035E
:1012600001930023009300233A6879680520FFF773
:10127000E6FE034618461037BD4680BD80B586B0F1
:1012800002AF786039600023BB600023FB6007F188
:10129000080301933B68009300230022796806202D
:1012A000FFF7CDFE034618461037BD4680BD80B51A
:1012B00086B002AF786039600023BB600023FB601A
:1012C00007F1080301933B6800930023002279682B
:1012D0000720FFF7B4FE034618461037BD4680BD11
:1012E00080B586B002AF786039600023BB60002310
:1012F000FB6007F108030193002300933B68002281
:1013000079680520FFF79BFE034618461037BD4657
:1013100080BD80B58CB002AF786039607B68002BEF
:1013200001D100233FE007F10C0000230093204B84
:101330007A680421FEF725FD38623B6A002B01D054
:101340003B6A30E0002387F827303B69002B06D04A
:101350003B691846FFF74AFC034687F827303B688D
:1013600097F827201A70002387F82630BB69002BD6
:1013700006D0BB691846FFF739FC034687F82630CC
:101380003B6897F826205A700023BB847B69002BAA
:1013900005D07B691846FFF7BDFB0346BB843B685D
:1013A000BA8C5A80002318462837BD4680BD00BF3E
:1013B0005827050090B5A3B002AFF860B9607A6015
:1013C0000023BB677B6800221A60FB68002B02D1F8
:1013D0006FF0730321E1F868FFF744FBF867F868E2
:1013E000FFF74CFB03467B650AE1BB6F5A1CBA67EB
:1013F0001A46742303FB02F3BA6813443B6607F1F1
:10140000100000230093874BFA6F1021FEF7B9FC00
:10141000F865FB6D002B01D0FB6DFEE0BB69002B76
:1014200014BF01230023DAB23B6E1A717B6A002BD2
:1014300014BF01230023DAB23B6E5A71BB6A002B42
:1014400014BF01230023DAB23B6E9A710023A7F880
:1014500076307B69002B06D07B691846FFF795FB39
:101460000346A7F876303B6EB7F876201A80002343
:1014700087F87530FB69002B06D0FB691846FFF72B
:10148000B5FB034687F875303B6E97F875209A7068
:10149000002387F874303B6A002B06D03B6A18465D
:1014A000FFF7A4FB034687F874303B6E97F874206F
:1014B000DA7000233B67FB6A002B04D0FB6A1846F6
:1014C000FFF71BFB38673B6E3A6F9A600023A7F863
:1014D0006E30FB6B002B06D0FB6B1846FFF755FBFD
:1014E0000346A7F86E303B6EB7F86E209A81002352
:1014F000A7F86C303B6C002B06D03B6C1846FFF70E
:1015000044FB0346A7F86C303B6EB7F86C20DA81D9
:10151000002387F86B30BB6C002B06D0BB6C1846E1
:10152000FFF764FB034687F86B303B6E97F86B2040
:101530005A74002387F86A307B6C002B06D07B6CD2
:101540001846FFF753FB034687F86A303B6E97F85F
:101550006A201A7400237B66FB6C002B04D0FB6CA2
:101560001846FFF7F4FA78663B6E7A6E1A673B6DA1
:10157000002B17D03B6DBB65B86DFFF77FFA0346B4
:101580009AB23B6EA3F86E203B6E03F11A04B86D5D
:10159000FFF768FA01463B6EB3F86E301A462046F4
:1015A000EFF7D4FE3A6B3B6E123319461046FFF745
:1015B000B0FEF865FB6D002B01D0FB6D2DE07A6B62
:1015C0003B6E123319461046FFF7A3FEF865FB6D1C
:1015D000002B01D0FB6D20E0BA6B3B6E1633194631
:1015E0001046FFF796FEF865FB6D002B01D0FB6DF2
:1015F00013E007F154031946F86FFFF717FAF8677D
:101600007B6D1946F86FFFF746FA0346002B7FF40F
:10161000ECAE7B68BA6F1A60002318468437BD466B
:1016200090BD00BFA827050080B590B002AF7860DC
:1016300039607B68002B02D16FF015034FE007F192
:10164000080000230093284B7A680521FEF799FBD8
:1016500038623B6A002B01D03B6A40E0FB68002BFC
:1016600014BF01230023DBB21A463B681A70002323
:101670007B633B69002B04D03B691846FFF767FA90
:1016800078633B687A6B9A604FF000024FF000037A
:10169000C7E90A237B69002B05D07B691846FFF751
:1016A00047FAC7E90A013968D7E90A23C1E90423DF
:1016B00000237B62BB69002B04D0BB691846FFF78F
:1016C00046FA78623B687A6ADA60F8693B6803F147
:1016D0001C013B6818331A46FFF76CFE0346184698
:1016E0003837BD4680BD00BFB828050080B58AB038
:1016F00002AF7860396007F1080000230093124BB5
:101700007A680421FEF73DFBF861FB69002B01D0EC
:10171000FB6915E0BB69002B02D0FB68002B02D1EE
:101720006FF015030CE0FB681846FFF710FA02464D
:101730003B685A60BB6939681846FFF775FF034676
:1017400018462037BD4680BD1829050080B59AB0DF
:1017500002AF786039607B68DA6907F12400002302
:101760000093224B0D21FEF70CFBF865FB6D002B5F
:1017700001D0FB6D35E07B6C002B02D16FF01503BF
:101780002FE07A6C07F10C0000230093184B052121
:10179000FEF7F7FAF865FB6D002B01D0FB6D20E03A
:1017A0007B69002B07D07B6912491846FFF78EF939
:1017B0000346002B02D06FF0150312E0FB69002BEB
:1017C00006D0FB691846FFF7C2F90346082B02D082
:1017D0006FF0150305E03B6A39681846FFF786FF8E
:1017E000034618466037BD4680BD00BF6829050026
:1017F000482A05003027050080B582B000AF786028
:101800007868ECF785FF00BF0837BD4680BD80B51E
:1018100082B000AF78607868FFF7EEFF00BF08374E
:10182000BD4680BD80B584B000AF786039607B680C
:10183000803319460120ECF757FF0346FB60FB6835
:10184000002B01D100230DE0FB6803F18002FB684F
:10185000DA60FB6803F11802FB681A61FB683A68FA
:101860001A62FB6818461037BD4680BD80B584B04B
:1018700000AF78607B68FB60F868FFF7BDFF00BFD2
:101880001037BD4680BD80B485B000AF78607B68FE
:10189000FB60054AFB681360002318461437BD46F9
:1018A0005DF8047B704700BF88E3002080B483B0FC
:1018B00000AF7860084B1B6800229A62064B1B68D9
:1018C0000022DA62044B00221A6000BF0C37BD46CA
:1018D0005DF8047B704700BF88E3002080B586B0C8
:1018E00000AFF860B9601346FB710B4B1B682433E3
:1018F0007B617B699B68002B03D1B868FFF787FF8A
:1019000006E07B699B687A691268B9681046984757
:101910001837BD4680BD00BF88E3002080B483B087
:1019200000AF786000BF0C37BD465DF8047B7047A0
:1019300080B586B000AFF860B9601346FB710B4B01
:101940001B6824337B617B695B68002B07D07B6954
:101950005B687A691268B9681046984702E0B8680F
:10196000FFF755FF00BF1837BD4680BD88E3002054
:1019700080B586B000AFF860B9607A6000237B6103
:101980000D4B1A68BB680633DB0013443B613B69AF
:101990005B68002B03D16FF06E037B6106E03B694F
:1019A0005B683A6912687968104698477B691846FF
:1019B0001837BD4680BD00BF88E3002080B582B0E7
:1019C00000AF08F09BFA78607B68002B01D07B6841
:1019D00002E004F051FA034618460837BD4680BDC0
:1019E00080B500AF04F07AFA08F0E8FA00BF80BDD5
:1019F00080B500AF0A4B1B68002B05D1094B0A4A82
:101A00009D210A48DDF7D9FB054B1B681B6A5B6803
:101A1000034A1268104698470346184680BD00BF27
:101A200088E30020A82A0500F82A0500B42A05004A
:101A300080B500AF094B1B68002B05D1084B094A44
:101A4000A3210948DDF7B9FB044B1B681B6A9B689F
:101A5000024A12681046984700BF80BD88E3002004
:101A6000A82A0500082B0500B42A050080B586B019
:101A700000AFF860B9607A600D4B1B68002B05D190
:101A80000C4B0D4AAA210D48DDF797FB084B1B684C
:101A900024337B617B69FA681A607B69BA685A6093
:101AA0007B697A689A6000BF1837BD4680BD00BF69
:101AB00088E30020A82A0500142B0500B42A05009D
:101AC00080B487B000AFF860B9607A60BB680A2B59
:101AD00002D96FF021030DE0094B1A68BB68063389
:101AE000DB0013447B617B697A685A607B69FA6822
:101AF0001A60002318461C37BD465DF8047B70470A
:101B000088E3002080B582B000AF78600C4B1B6882
:101B1000002B05D10B4B0C4ABD210C48DDF74DFBCA
:101B2000074B1B681B6A5B6B054A126810467A6894
:101B300052B211469847034618460837BD4680BD45
:101B400088E30020A82A0500342B0500B42A0500EC
:101B500080B582B000AF78600B4B1B68002B05D1BD
:101B60000A4B0B4AC3210B48DDF727FB064B1B68CA
:101B70001B6A1B69044A1268796810469847034635
:101B800018460837BD4680BD88E30020A82A050016
:101B9000502B0500B42A050080B582B000AF7860F4
:101BA000074B1B681B6A9B69054A126810467A68D6
:101BB000D2B204219847034618460837BD4680BD77
:101BC00088E3002080B588B000AF0346FB800E4B51
:101BD0001B68002B05D10D4B0D4ACF210D48DDF7B9
:101BE000ECFAFB883B81084B1B681B6ADB69064AE1
:101BF0001268104607F10801042298470346184668
:101C00002037BD4680BD00BF88E30020A82A05001C
:101C1000602B0500B42A050080B588B000AF0346EC
:101C2000FB800E4B1B68002B05D10D4B0D4AD821B4
:101C30000D48DDF7C2FAFB887B81084B1B681B6AE5
:101C4000DB69064A1268104607F10801012298472D
:101C5000034618462037BD4680BD00BF88E30020FC
:101C6000A82A0500742B0500B42A050080B588B0A9
:101C700000AFC7E900010F4B1B68002B05D10E4BCD
:101C80000E4AE1210E48DDF798FAD7E90023C7E9AB
:101C90000423084B1B681B6ADB69064A126810465E
:101CA00007F1080102229847034618462037BD462F
:101CB00080BD00BF88E30020A82A05008C2B05000A
:101CC000B42A050080B582B000AF0346FB710C4B0F
:101CD0001B68002B05D10B4B0B4AE9210B48DDF7A4
:101CE0006CFA074B1B681B6A9B6B054A126810460F
:101CF000FA7911469847034618460837BD4680BD15
:101D000088E30020A82A0500A82B0500B42A0500B6
:101D100080B582B000AF78603960064B1B683A68C6
:101D200079681846FEF778FC034618460837BD4622
:101D300080BD00BF88E3002080B582B000AF78602E
:101D40003960064B1B683A6879681846FEF785FCCF
:101D5000034618460837BD4680BD00BF88E3002013
:101D600080B586B002AFF860B9607A603B60074B1F
:101D70001B6818463B6800937B68BA68F968FEF7F1
:101D80008DFC034618461037BD4680BD88E3002011
:101D900080B586B002AFF860B9607A603B60074BEF
:101DA0001B6818463B6800937B68BA68F968FEF7C1
:101DB0009BFC034618461037BD4680BD88E30020D3
:101DC00080B588B004AFF860B9607A603B60094BB9
:101DD0001B681846FB690293BB6901933B6800933B
:101DE0007B68BA68F968FEF7A1FC0346184610370D
:101DF000BD4680BD88E3002080B400AF024B18468A
:101E0000BD465DF8047B7047EC2A050080B483B0C2
:101E100000AF78607B687A681A607B681A687B68B4
:101E20005A6000BF0C37BD465DF8047B704780B434
:101E300085B000AF786039607B68FB603B68BB6051
:101E4000BB681A46FB68BFF35B8F1A60BFF35B8FFA
:101E500000BF1437BD465DF8047B704780B483B083
:101E600000AF786039607A683B68D31ADB0FDBB269
:101E700018460C37BD465DF8047B704780B483B0CC
:101E800000AF7860396000BF0C37BD465DF8047B59
:101E9000704780B483B000AF7860396000BF0C3702
:101EA000BD465DF8047B704780B485B000AFF86034
:101EB000B9607A603B6000BF1437BD465DF8047BB3
:101EC000704780B485B000AFF860B9607A6000BF39
:101ED0001437BD465DF8047B704780B485B000AF11
:101EE000F860B9607A603B6000BF1437BD465DF8AA
:101EF000047B704780B483B000AF7860396000BF66
:101F00000C37BD465DF8047B704780B485B000AFE8
:101F1000F860B9607A603B6000BF1437BD465DF879
:101F2000047B704780B582B000AF7860786808F0B5
:101F3000C3FB7B681B6E002B07D07B681B6E1846AB
:101F400008F0F8FE7B6800221A6600BF0837BD461D
:101F500080BD80B582B000AF78607B68002283F8D6
:101F600064207B68002283F865207B68683318460C
:101F7000FFF74CFF7B68703300211846FFF757FFCF
:101F80007B6800225A6700BF0837BD4680BD80B518
:101F900082B000AF78607B6868331846FEF7D4F8EB
:101FA0007B68703300211846FFF741FF00BF0837F8
:101FB000BD4680BD80B584B000AF78607B681B6E85
:101FC000002B0BD1002300220F49786800F047F85E
:101FD000F860FB68002B01D0FB6811E07B680122F0
:101FE00083F890207B689B6F5B6A786898477B6872
:101FF00093F89130002B01D0002301E06FF004032F
:1020000018461037BD4680BDC42B050080B582B090
:1020100000AF78607B68002283F890207B689B6F1C
:102020005B6A7868984700BF0837BD4680BD80B5B9
:1020300082B000AF78607B681B6E184608F08EFE99
:1020400000BF0837BD4680BD80B582B000AF786064
:102050007868FFF767FF00BF0837BD4680BD80B5D1
:1020600086B000AFF860B9607A603B60B968F86824
:10207000FFF704FFFB6893F89130002B02D06FF05C
:102080000F0313E03B687A68B968F86808F0ECFD64
:1020900078617B69002B02D16FF0150306E0F868C8
:1020A000FFF740FFFB687A691A6600231846183765
:1020B000BD4680BD80B586B000AFF860B9607A607B
:1020C0003B60B968F868FFF7E4FEFB681B6E7B6154
:1020D0007B69002B09D07B691B685B68B96818466F
:1020E000EFF7B2F90346002B02D06FF0150305E0BD
:1020F0003A687968786908F048FE03461846183748
:10210000BD4680BD80B588B002AFF860B9607A6026
:102110003B603B687A68B968F868FFF7C5FEFB6802
:102120001B6E7B617B69002B0CD07B691B685B6835
:10213000B9681846EFF788F90346002B02D13B68CF
:10214000002B02D16FF0150308E07B6A00933B6A15
:102150003A687968786908F037FE034618461837F8
:10216000BD4680BD80B586B000AFF860B9607A60CA
:102170003B607A68B968F868FFF7A3FEFB681B6EDE
:102180007B617B69002B09D07B691B685B68B96840
:102190001846EFF759F90346002B02D06FF01503EC
:1021A00006E03B6A3A687968786908F02BFE0346D6
:1021B00018461837BD4680BD80B588B002AFF860BC
:1021C000B9607A603B603B6A00933B687A68B968A3
:1021D000F868FFF782FEFB681B6E7B617B69002B52
:1021E0000CD07B691B685B68B9681846EFF72CF95F
:1021F0000346002B02D13B68002B02D16FF0150380
:102200000AE0BB6A01937B6A00933B6A3A6879688B
:10221000786908F013FE034618461837BD4680BD9E
:1022200080B588B000AF786039607B684C337B61E3
:102230007B691B683A68D31A3B610023FB767B6994
:102240009A687B691B6919460B465B000B449B002F
:102250001344FB6125E07B691B695A1C7B691A6189
:102260000123FB767B691B691A467B69DB689A420E
:102270000CD33968786808F036FAF860FB68002BF0
:1022800002D06FF05E0319E0012317E07B699A68C2
:102290007B691B6919460B465B000B449B0013448A
:1022A000FB61FB699B68002B07D0FB695B683A699F
:1022B000D21AFB699B689A42CDDAFB7E184620371A
:1022C000BD4680BD90B58FB002AF786039607B6845
:1022D0004C337B627B68002283F86420396878681D
:1022E000FFF708FE7B6893F86530002B06D078680E
:1022F00008F0E2F97B68002283F865207B6ADB68DE
:10230000002B0CD13968786808F0EDF938623B6A27
:10231000002B01D000235FE00123BB620AE000BF75
:1023200039687868FFF77CFFB862BB6A002B01DA76
:10233000002351E07B6A9A687B6A1B6919460B4649
:102340005B000B449B001344FB61FB691B68BB6192
:10235000BB6A002B0ED07B6A1B68FA695268134473
:102360007B6179693868FFF779FD0346002B01D05E
:102370007B693B60FB699B683B613B69002B08D034
:102380007B6A1B683A68D31AFA6952689B1AFB6227
:1023900001E00023FB623B690093FB6A3A68B9697C
:1023A0007868FFF7B2FDBB691B685C6A3B69FA6A33
:1023B0003968B869A047F860FB68002B0BD1FB6A4D
:1023C000002B08D0FB699B681A463B681A44FB6ADD
:1023D000D31A3B60A4E7FB6818463437BD4690BD6E
:1023E00080B582B000AF78607B6893F8643083F08A
:1023F0000103DBB2002B04D07B689B6F5B6A7868BB
:10240000984700BF0837BD4680BD80B483B000AF99
:1024100078607B68012283F8642000BF0C37BD46DA
:102420005DF8047B704780B582B000AF78607B6850
:10243000012283F865207B689B6F5B6A7868984708
:1024400000BF0837BD4680BD80B582B000AF786060
:1024500039607868ECF75AF9034618460837BD46E4
:1024600080BD80B582B000AF78607868ECF750F935
:1024700000BF0837BD4680BD80B582B000AF786030
:102480007868FFF7EEFF00BF0837BD4680BD80B417
:1024900083B000AF78607B681B687A689A420CBF93
:1024A00001230023DBB218460C37BD465DF8047BE0
:1024B000704780B582B000AF78607868FFF7DCFFC6
:1024C00000BF0837BD4680BD80B483B000AF7860E0
:1024D0007B68BFF35B8F53E8002F02F1FF3243E8C4
:1024E00000210029F7D1BFF35B8F00BF0C37BD4639
:1024F0005DF8047B704780B483B000AF78607B6880
:1025000018460C37BD465DF8047B704780B483B035
:1025100000AF78607B6818460C37BD465DF8047BD9
:10252000704780B483B000AF78607B68083B184682
:102530000C37BD465DF8047B704780B483B000AFB4
:1025400078607B68103B18460C37BD465DF8047B0D
:10255000704780B586B000AFF860B9607A603B60C4
:10256000F868FFF7EAFF78617B695B681846FFF758
:10257000C2FF38613B69D86A3B6893F832301A462B
:102580007968FFF7ABF900BF1837BD4680BD80B54D
:1025900084B000AF786039607868FFF7CEFFF860EC
:1025A000FB685B681846FFF7A6FFB860BB68683336
:1025B0001846FDF7A5FD034618461037BD4680BDF9
:1025C00080B586B000AFF860B9607A60FB70F868DB
:1025D000FFF7B3FF78617B695B681846FFF78BFFF5
:1025E0003861FB78012B23D13B695B6F5A1C3B6937
:1025F0005A673B695B6F3A6992F9A420934206DC03
:102600003B69683379681846FDF748FD29E03B6966
:1026100000225A673B69DB6A1846FFF77FF9786842
:10262000FFF747FF3B6970331846FFF74DFF18E08F
:10263000FB78022B06D13B69683379681846FDF7B1
:102640002DFD0EE03B6900225A673B69DB6A0022E0
:1026500079681846FFF76CF93B6970331846FFF745
:1026600033FF00BF1837BD4680BD80B483B000AFD4
:10267000786000BF0C37BD465DF8047B704780B5BD
:1026800086B000AFF860B9607A603B60F868FFF729
:1026900048FF78617B695B681846FFF72CFF38615B
:1026A0003B6968331846FFF7F2FE0346002B01D062
:1026B000012200E002227B691A747B69034A5A6195
:1026C0007B69103318461837BD4680BDA026002010
:1026D00080B584B000AF786000214820FFF7B4FED9
:1026E000F860FB68002B01D1002306E0FB687A68E4
:1026F0005A60FB68034A9A60FB6818461037BD466B
:1027000080BD00BFB026002080B584B000AF7860E7
:102710007868FFF7FBFEF860F868FFF7A2FE00BFDD
:102720001037BD4680BD80B588B000AFF860B96095
:102730007A60F868FFF7EAFEF861BB681B68194623
:10274000B86808F035F8B861BB69002B14BF0123E5
:102750000023DBB27B61BB69002B05D01F4B204AF5
:10276000AD212048DCF729FD7B69002B14BF012334
:102770000023DBB2002B01D0BB692AE04FF0FF320F
:102780000021B86808F03BF8B861BB69002B14BFA2
:1027900001230023DBB23B61BB69002B05D00F4B4B
:1027A0000F4AB2210F48DCF708FD3B69002B14BF2C
:1027B00001230023DBB2002B01D0BB6909E0FB69D8
:1027C00003F1080100230022B86808F078F8B86126
:1027D000BB6918462037BD4680BD00BFD42B05001D
:1027E000182C0500DC2B050080B500AF024808F06E
:1027F00085F90346184680BDD826002080B500AF75
:10280000024808F01BFA00BF80BD00BFD826002098
:1028100080B582B000AF786039607868EBF776FFFA
:10282000034618460837BD4680BD80B582B000AF6C
:1028300078607868EBF76CFF00BF0837BD4680BD55
:1028400080B483B000AF78607B6818460C37BD4613
:102850005DF8047B704780B584B000AF78600021DC
:102860000C20FFF7D5FFF860FB68002B01D1002397
:1028700006E0FB687A685A60FB6800229A60FB6891
:1028800018461037BD4680BD80B584B000AF786073
:102890007868FFF7D5FFF860FB689B68002B07D0CE
:1028A000FB685A68FB689B681946104609F004FFEC
:1028B000F868FFF7BAFF00BF1037BD4680BD80B58E
:1028C00084B000AF78607868FFF7BAFFF860FB6803
:1028D0009B68002B07D0FB685A68FB689B68194609
:1028E000104609F0FEFE00BF1037BD4680BD80B522
:1028F00086B000AFF860B9607A603B60F868FFF7B7
:102900009FFF7861BB68002B02D06FF001031DE0D0
:102910007B699B68002B07D07B695A687B699B6841
:102920001946104609F0C8FE7B6958683B6A3A6848
:10293000796809F05BFE02467B699A607B699B6857
:10294000002B02D16FF0150300E000231846183762
:10295000BD4680BD80B588B002AFF860B9607A60CE
:102960003B60F868FFF76CFF78617B699B68002B20
:1029700002D16FF001031BE0BB68002B0AD17B6919
:102980009B681B685B6819467868EEF75DFD034637
:10299000002B02D06FF015030AE07B6958687B6951
:1029A00099687B6A00933B6A3A6809F0CEFE034659
:1029B00018461837BD4680BD80B588B000AFF860B6
:1029C000B9607A60F868FFF73BFFF861FB699B68C4
:1029D000002B02D16FF001034AE0BB681B68194667
:1029E000B86807F0E5FEB861BB69002B14BF01238E
:1029F0000023DBB27B61BB69002B05D01E4B1F4A55
:102A00008C211F48DCF7D9FB7B69002B14BF012305
:102A10000023DBB2002B01D0BB6929E04FF0FF326D
:102A20000021B86807F0EBFEB861BB69002B14BF4A
:102A300001230023DBB23B61BB69002B05D00E4BA9
:102A40000E4A91210E48DCF7B8FB3B69002B14BFFE
:102A500001230023DBB2002B01D0BB6908E0FB6936
:102A6000996800230022B86807F029FFB861BB69A4
:102A700018462037BD4680BD482C05008C2C05002B
:102A8000502C050080B500AF024808F037F8034627
:102A9000184680BD0C27002080B500AF024808F022
:102AA000CDF800BF80BD00BF0C27002080B582B0EC
:102AB00000AF78607868EBF72BFE00BF0837BD46A3
:102AC00080BD80B582B000AF78607868FFF7EEFF18
:102AD00000BF0837BD4680BD80B483B000AF7860CA
:102AE0007B6818460C37BD465DF8047B704780B4A0
:102AF00083B000AF78607B68083B18460C37BD4652
:102B00005DF8047B704780B483B000AF78607B6869
:102B1000D3F850367A68126A02FB03F318460C3772
:102B2000BD465DF8047B704780B485B000AF786027
:102B300039603B68FB607B68190EFB685A1CFA60C1
:102B4000CAB21A707B68190CFB685A1CFA60CAB2C8
:102B50001A707B68190AFB685A1CFA60CAB21A70AC
:102B6000FB685A1CFA607A68D2B21A7000BF143738
:102B7000BD465DF8047B704780B584B000AF034666
:102B80003960FB803B6840F2FA2202FB03F31A4AE9
:102B900082FB03129211DB17D31AFB81174BB3F997
:102BA0000020B7F906301146184609F036FE0346F4
:102BB0001A46B7F90E301946104609F0FFFD0346D4
:102BC000BB81B7F90C30B3F5006F07DCB7F90C30F7
:102BD0000B4A9342B8BF13461BB201E04FF40063A7
:102BE000BB81B7F90C30184609F095FE034618462C
:102BF0001037BD4680BD00BFD34D6210FC2C0500D0
:102C000000F8FFFF90B599B000AFF860B9607A6046
:102C10003B60BB680C337B650023FB65BB6893F8A6
:102C200038303B6597F87C30002B31D03868BB6872
:102C300003F5D56310221946EEF788FB3B6F1B683E
:102C40001A463B68083319461046FFF76DFF3B688C
:102C500003F11000BB6803F5D76310221946EEF7A5
:102C600075FB3B6801221A623B6840225A623B684E
:102C700000229A623B680022DA623B6800221A63F3
:102C80003B6800225A633B6800229A633B68FB65FD
:102C900097F87830002B55D0012387F85B3097F8F0
:102CA0007C30002B32D03B6F9A6813469B00134454
:102CB0005B0103F5B4531833FA681344FB64FB68F3
:102CC00058683B6F1A693B6F1B7B1C46796F07F096
:102CD000BAF802460B46F86CE1000144C1E9002352
:102CE00097F85B3043F0040387F85B303B6D032BB0
:102CF00006D197F85B3043F0300387F85B3005E08E
:102D000097F85B3043F0100387F85B303B6F19692D
:102D10007B681A460023136053609360D36013618D
:102D2000536193617B6801221A707B687A6F5A60E5
:102D30007B6897F85B201A747B6859617B68FA6D31
:102D40009A6149E0012387F85A300023A7F85830E8
:102D500097F87C30002B21D097F85A3043F00403C9
:102D600087F85A303B6D032B06D197F85A3043F061
:102D7000300387F85A3005E097F85A3043F01003D3
:102D800087F85A307B6D93F8C935002B02D040F29A
:102D9000C22301E040F20223A7F858303B6F5B6981
:102DA000D9B27B681A460023136053609360D360E6
:102DB0001361536193617B687A6F5A607B6897F8FF
:102DC0005A201A737B680A465A737B68B7F85820F2
:102DD0001A827B68FA6D9A6100BF6437BD4690BD68
:102DE00080B483B000AF786039603B685B8F03F4D8
:102DF0000073002B01D1002307E03B6893F83530C6
:102E0000982B01D8002300E0012318460C37BD465B
:102E10005DF8047B704780B590B002AFF860B96090
:102E20007A603B60FB6803F58E5308331B683B6395
:102E30003B6B0C33FB62BB689A6813469B001344E0
:102E40005B0103F5B4531833FA681344BB6207F10E
:102E5000100300221A605A609A60DA603B68002B07
:102E600000F0AB803968F868FFF7BAFF034683F0DB
:102E70000103DBB2002B40F0A0803B685B8F03F0C6
:102E80004003002B14BF0123002387F827303B6841
:102E90005B8F03F00203002B14BF0123002387F88C
:102EA000263097F82730002B54D03B685B8F03F017
:102EB0008003002B14BF0123002387F825303B68D3
:102EC0001B6A7B843B685A6AB7F922301146184660
:102ED000FFF752FE03463B84FB6A93F8CF351A4650
:102EE000BB685B699A4203D1BB6A24337B630EE003
:102EF000FB6A93F8D0351A46BB685B699A4203D1E6
:102F0000BB6A2C337B6302E0BB6A1C337B637B6B45
:102F100001229A71BB685B69DAB27B6B5A71B7F9AF
:102F20002230184609F068FD03461A467B6B1A806A
:102F3000B7F92030184609F05FFD03461A467B6B4F
:102F40005A8097F82530002B04D03B6893F8342042
:102F50007B6B1A7197F82630002B0BD0BB681B7B5C
:102F600019463B68D3E90223B86AC9000144C1E9A4
:102F7000002303E0BB6A012283F83C207B68002B1E
:102F800023D007F1100300220192002200927A68F8
:102F9000B968F86802F073FB0346002B0FD107F104
:102FA00010037A68B968F86802F084FA034683F07F
:102FB0000103DBB2002B08D002E000BF00E000BF3D
:102FC000BB6A012283F83C2000E000BF3837BD46D1
:102FD00080BD80B598B004AFF860B9607A603B609E
:102FE000BB689A6813469B0013445B0103F5B45316
:102FF0001833FA6813443B64FB6803F58E530833B7
:103000001B68FB640023BB6207F1180300221A60EF
:103010005A609A60DA603B68002B00F0BE803B6823
:103020005B8F03F00103002B00F0B780FB6C93F87B
:103030000C37002B01D0002301E007F1280307F132
:103040001802019307F11403009313467A68B968D4
:10305000F86802F014FB0346002B40F09280BB6A34
:10306000002B0FD0BA6AFB6803F58E5308331A6041
:10307000FB6803F58E5308331B68FB64F96CF86832
:1030800000F009FD07F1100307F118027968F868EC
:1030900001F0DCFE034683F00103DBB2002B72D1AA
:1030A0007A693B681B68F96CF86804F089FB0023B7
:1030B000BB6401237B6450E07A6C13465B001344CD
:1030C000DB0003F58E530833FA6813440433FB63C3
:1030D0007A6C1346DB009B1A9B004033FA6813445A
:1030E000BB637A6C13461B019B1A9B0003F5BA6302
:1030F000FA68134404337B63FB6B5B68B3F1FF3FF7
:1031000014BF0123002387F83330FB6B1B7B022B9A
:1031100094BF0123002387F832303B681B68FA6CA8
:103120009269F96B096801FB02F21344FB62FB6BC5
:103130001B68BB6497F83230039397F833300293DF
:10314000FB6A0193FB6B00937B6BBA6BF96CF868BD
:10315000FFF758FD7B6C01337B647A6C3B699A42C4
:10316000AAD33B681A68FB681A61FB6C9B69BA6C4E
:10317000013202FB03F2FB685A613A69FB689A610B
:1031800010E000BF00E000BF3B681A68FB681A61EE
:10319000FB6C9A69FB685A6100E000BF3B6C01223E
:1031A00083F83C205037BD4680BD80B58CB002AF5F
:1031B000F860B9607A603B60BB689A6813469B0010
:1031C00013445B0103F5B4531833FA6813447B626C
:1031D00007F1140300221A605A609A60DA603B68B3
:1031E000002B1BD007F11403002201920022009251
:1031F0007A68B968F86802F042FA0346002B0FD1EA
:1032000007F114037A68B968F86801F0C9FF03464A
:1032100083F00103DBB2002B08D002E000BF00E026
:1032200000BF7B6A012283F83C2000E000BF283702
:10323000BD4680BD80B58CB002AFF860B9607A60E1
:103240003B60BB689A6813469B0013445B0103F51F
:10325000B4531833FA6813447B6207F11403002255
:103260001A605A609A60DA603B68002B1BD007F145
:10327000140300220192002200927A68B968F8686B
:1032800002F0FDF90346002B0FD107F114037A6811
:10329000B968F86802F09BF8034683F00103DBB2DB
:1032A000002B08D002E000BF00E000BF7B6A0122D3
:1032B00083F83C2000E000BF2837BD4680BD80B5C4
:1032C00088B000AFF860B9607A603B60F868FFF7DB
:1032D0000EFCF861BA6813465B001344DB0003F58B
:1032E0008E530833FA6913440433BB61FB6903F559
:1032F0008E5308331B687B61BB691B7B062B2DD863
:1033000001A252F823F000BF253304002533040046
:103310002533040033330400413304004F330400E9
:103320006F3304003B687A68B969F869FFF773FD89
:103330001EE03B687A68B969F869FFF74AFE17E052
:103340003B687A68B969F869FFF72FFF10E03B68BE
:103350007A68B969F869FFF76DFF09E001233B61FD
:103360001F4B204A40F289111F48DBF726FF00BFA0
:103370007B68002B02D07868FFF7A3FBBB699A68D3
:10338000F96913469B0013445B010B4403F5B653E4
:1033900014331B78002B1ED07B691B7B002B15D0B0
:1033A000BB691B7B022B16D8FB6903F502531C3348
:1033B0001B685A1EFB6903F502531C331A60FB6934
:1033C00003F502531C331B68002B04D1BB68013387
:1033D0001A46FB681A6100BF2037BD4680BD00BF9A
:1033E000BC2C0500002D0500C42C050080B588B05C
:1033F00000AF786039607868FFF779FBF8613A6868
:1034000013465B001344DB0003F58E530833FA695F
:1034100013440433BB61FB6903F58E5308331B6807
:1034200093F838307B617B69032B05D1BB691B7B2B
:10343000022B01D800236FE0FB695B6800227F212B
:10344000184605F059FE38613B69002B0CBF01237B
:103450000023DBB2FB603B69002B06D1304B314AC5
:103460004FF4D3713048DBF7A8FEFB68002B14BF84
:1034700001230023DBB2002B01D000234CE03A698A
:10348000B969F86900F0C4FFBB691B7B062B28D81B
:1034900001A252F823F000BFB5340400B534040093
:1034A000FB340400BF340400CB340400D7340400E0
:1034B000FB3404003969F86901F0A2FA1EE03A69A8
:1034C000B969F86901F048F818E03A69B969F8692A
:1034D00001F0C8F812E03A69B969F86901F0AEF98B
:1034E0000CE03869FFF7EDFA0123BB600F4B0D4A82
:1034F0004FF4DF710C48DBF760FE00BF3A69B96931
:10350000F86902F048F80346002B04D03869FFF749
:10351000D8FA002300E03B6918462037BD4680BD3D
:10352000F42C0500102D0500C42C0500BC2C050052
:1035300080B586B000AFF860B9607A60FB70F8685B
:10354000FFF7D5FA38617868FFF7BBFAFB78022BF2
:1035500019D100237B610EE039697A6913469B001B
:1035600013445B010B4403F5B653143301221A7064
:103570007B6901337B613B6903F5025318331B6898
:103580007A699A42E8DB00BF1837BD4680BD80B536
:1035900084B000AF78607868FFF7A9FAF860FB683C
:1035A00003F58E5308331B68BB60BB68002B0AD041
:1035B000B968F86804F04FF9FB6803F58E530833D7
:1035C00000221A6000E000BF1037BD4680BD80B405
:1035D00085B000AF78607B680833FB60FB68002231
:1035E0001A70FB68054A5A60FB680022DA60FB68C3
:1035F00018461437BD465DF8047B7047402700200D
:1036000080B485B000AF03463960FB71FB791B02C3
:1036100043F48032FB791343FB603B680133FA6863
:1036200022FA03F3BB60BB6893FAA3F2B2FA82F208
:10363000002B01D14FF0FF3201323B6813445A4254
:1036400003F0070302F0070258BF5342184614372D
:10365000BD465DF8047B704780B584B000AF7860EC
:103660007B680C33FB60FB6893F8D1257B68D3F84B
:10367000583619461046FFF7C3FF02467B68C3F869
:103680005826FB6893F8D235012B16D0022B23D095
:10369000FB6893F8CE257B68D3F85C361946104654
:1036A000FFF7AEFF02467B68C3F860267B68D3F85D
:1036B00060267B68C3F85C262CE0FB6893F8CF3566
:1036C0001A467B68C3F85C26FB6893F8D0351A4627
:1036D0007B68C3F860261DE07B68D3F85C36FA6827
:1036E00092F8CF25934207D1FB6893F8D0351A465C
:1036F0007B68C3F85C2606E0FB6893F8CF351A4672
:103700007B68C3F85C267B68D3F85C267B68C3F8CB
:10371000602600BF00BF1037BD4680BD80B58CB0AD
:1037200000AFF860B9607A60FB685B68184606F025
:1037300036FB0346FB85BB681B8A4FF6FF7293423C
:1037400018D0BB681B8AFA8D9A4213D0BB68198ABD
:103750007B68183300221A605A609A60DA601A6136
:103760005A617B680A465A837B6801221A63BB68E8
:103770001B8A03E07B6800221A63FB8D18463037F2
:10378000BD4680BD90B591B004AF786039603B68AC
:1037900003F54373BB610023FB617B6808337B61E6
:1037A0007A6939687868FFF7B9FF03461A467B687B
:1037B00003F5025320331A80BB69D3F8C032012BC2
:1037C00002D1BB699A8801E04FF6FF727B6803F56E
:1037D000025322331A807B6903221A707B69814A63
:1037E0005A603B68D3F840463868FFF78CF90246C8
:1037F0003B689B6903FB02F3E2187B699A607B6874
:1038000003F140027B695A613868FFF725FFBB6905
:10381000D3F8C0321A467B6803F5025318331A6096
:10382000BB69D3F8C0321A467B6803F502531C33D8
:103830001A607B6803F5B4531833BB627B6803F5E9
:10384000025318331B681A4613469B0013445B014E
:103850001A460021B86AEDF7A2FD7B6803F58E5386
:103860000C33FB62FB695A1CFA61FA6A1360FB6A4B
:103870004FF0FF325A60FB6A00229A603B68D3F82F
:103880005826FB6A1A61FB6A03221A73FB6A183313
:10389000FB62FB695A1CFA61FA6A1360FB6A4FF01B
:1038A000FF325A60FB6A00229A603B68D3F85826C0
:1038B000FB6A1A61FB6A00221A73FB6A1833FB6207
:1038C00000237B6225E0BA697B6A2C2101FB03F3AC
:1038D000134404331A88BB6A5A87BB6AA033BB629D
:1038E000FB695A1CFA61FA6A1360FB6A7A6A5A60C9
:1038F000FB6A7A6A9A603B68D3F85C26FB6A5A6175
:10390000FB6A01221A73FB6A1833FB627B6A01337C
:103910007B627B6803F5025318331B687A6A9A420C
:10392000D1DBFB695A1CFA61FA6A1360FB6A4FF03B
:10393000FF325A60FB6A00229A603B68D3F858262F
:10394000FB6A1A61FB6A02221A73FB6A1833FB6274
:10395000FB695A1CFA61FA6A1360FB6A4FF0FF3286
:103960005A60FB6A00229A603B68D3F85826FB6ACB
:103970001A61FB6A04221A73FB6A1833FB623B6804
:1039800093F82C30002B23D000237B6218E0FB69D6
:103990005A1CFA61FA6A1360FB6A7A6A5A60FB6A17
:1039A0007A6A9A603B68D3F85C26FB6A5A61FB6AC4
:1039B00005221A73FB6A1833FB627B6A01337B6250
:1039C0007B6803F5025318331B687A6A9A42DEDB80
:1039D000FA697B691A617B699B683B6200237B62A1
:1039E00048E000BF402700207A6A13465B0013447A
:1039F000DB0003F58E5308337A6813440433FB620B
:103A00007A6A1346DB009B1A9B0040337A681344A2
:103A10003B617A6A13461B019B1A9B0003F5BA634C
:103A20007A6813440433FB60FB6A5B68B3F1FF3FC1
:103A30000CBF01230023FB72FB6A1B7B022B94BF8C
:103A400001230023BB72BB7A0393FB7A02933B6A88
:103A50000193FB6A0093FB683A6939687868FFF75D
:103A6000D1F83B689B691A463B6A13443B627B6A08
:103A700001337B627B691A697B6A9A42B4D87B699D
:103A80009B683A6AD31A1A467B69DA607B691846E2
:103A90003437BD4690BD90B58FB000AF78603960C7
:103AA0007B6808337B637A6B39687868FFF736FE8A
:103AB00003461A467B6803F5025320331A803B689D
:103AC0005A8A7B6803F5025322331A807B6B0322E8
:103AD0001A707B6B374A5A603B68D3F810277B6BB0
:103AE0009A603B68D3F814371A467B6BDA607B68C0
:103AF00003F140027B6B5A617B6B01221A613868CB
:103B0000FFF7AAFD7B6803F5B45318333B63A0228B
:103B10000021386BEDF743FC3B685A8A3B6B5A87B0
:103B20007B6803F50253183301221A607B6803F5A2
:103B30008E530C33FB62FB6A00221A60FB6A4FF063
:103B4000FF325A60FB6A00229A603B68D3F85C2619
:103B5000FB6A5A61FB6A03221A737B684033BB62BB
:103B60007B6B98687B6BDB68002B02D07B6BD96822
:103B700001E04FF0FF31FB6A5B69DCB2BB6A1A46B9
:103B80000023136053609360D360136153619361AA
:103B9000BB6A5860BB6A9960BB6A01221A73BB6A30
:103BA00022465A73BB6A01221A827B6B18463C3745
:103BB000BD4690BD4027002080B586B000AFF860BC
:103BC000B9607A603B60F868FEF786FF78617B69D0
:103BD0005B689B691A46BB6813441946786903F011
:103BE00098FD38617B6903F58E5308333A691A6092
:103BF0003B69002B04D17869FFF7E9FC034604E038
:103C00003969786900F005F8034618461837BD464B
:103C100080BD80B582B000AF786039603B681B7BA7
:103C2000012B05D139687868FFF7ACFD034604E045
:103C300039687868FFF72FFF034618460837BD46F6
:103C400080BD90B585B000AFF860B9607A60BB68A0
:103C5000D3F84046B868FEF756FF0246BB689B693A
:103C600003FB02F3E2187B681A60BB681B7B012B25
:103C70000CD1BB68D3F8CC350233BA68926902FB29
:103C800003F35B001A467B685A6008E0BB689A69D8
:103C900013465B0013445B001A467B685A6000BF02
:103CA0001437BD4690BD00BF80B485B000AF034659
:103CB0003960FB803B68FB60FB881B0A99B2FB689C
:103CC0005A1CFA60CAB21A70FB685A1CFA60FA8869
:103CD000D2B21A7000BF1437BD465DF8047B70473E
:103CE00080B485B000AF786039603B68FB607B686A
:103CF000190EFB685A1CFA60CAB21A707B68190C5C
:103D0000FB685A1CFA60CAB21A707B68190AFB6811
:103D10005A1CFA60CAB21A70FB685A1CFA607A68B8
:103D2000D2B21A7000BF1437BD465DF8047B7047ED
:103D300080B485B000AF78607B68FB60FB680333BC
:103D40001B781A46FB6802331B781B021A43FB6878
:103D500001331B781B041A43FB681B781B061343B3
:103D600018461437BD465DF8047B704780B582B0B5
:103D700000AF786039603A6800217868EDF70FFB92
:103D80007B6800BF0837BD4680BD80B58CB002AFF0
:103D90007860396007F10C037B623B689B694FF4E4
:103DA0007A7202FB03F27B685B681B68384981FB0F
:103DB00003018911DB17CB1A92FBF3F33B627B6A99
:103DC0005A1C7A623A68527B1A707B6A5A1C7A6271
:103DD0003A6892F83D201A707B6A5A1C7A623A68F7
:103DE000927B1A703B68196B7B6A5A1C7A62CAB262
:103DF0001A703B6A9BB2796A1846FFF755FF7B6AD7
:103E000002337B627B6A5A1C7A623A6892F83C20E1
:103E10001A707B6A5A1C7A623A6892F838201A70D3
:103E20003B68596B7B6A5A1C7A62CAB21A707B6A09
:103E30005A1C7A623A6892F83A201A707B6A5A1CC5
:103E40007A623A6892F83B201A707B6A5A1C7A624E
:103E50003A6892F839201A707B6A5A1C7A620322F7
:103E60001A703B681B68796A1846FFF739FF3B6890
:103E700003F5DB6307F10C020093112310210548C1
:103E8000FCF79EF9034618462837BD4680BD00BFA3
:103E9000D34D6210742D050090B58BB002AF7860E1
:103EA00039603B6803F5CD63BB613B6893F83D30F7
:103EB000002B02D06FF05E035BE039687868FFF793
:103EC00064FFF861FB69002B47D13B6803F5CD63C4
:103ED00010222A491846EDF739FA3B681022C3F838
:103EE000EC26B869BB69D3F884301C46BB6903F182
:103EF0007001BB692033BA69D2F884200192009323
:103F00000B461F4A2146FCF77DF9F861FB69002B3F
:103F100025D1BB6903F12000BB69D3F88430194671
:103F2000BB6903F170021023019307F108030093AA
:103F30001346144AFCF766F9F861FB69002B10D1AF
:103F400007F108030C331846FFF7F2FE034623F08F
:103F50000042BB69C3F8802004E000BF02E000BF5C
:103F600000E000BF07F1080310211846FFF7FEFE2E
:103F7000FB6918462437BD4690BD00BF242D0500BF
:103F8000382D0500442D050090B595B002AFF860BE
:103F9000B9607A60BB6803F5CD633B640023FB63C3
:103FA0003B6C7033191D07F124030C221846EDF702
:103FB000CDF907F124030C331946F86BFFF790FE97
:103FC0003B6C03F120003B6CD3F88430194607F1B9
:103FD00024021023019307F11403009313463C4A73
:103FE000FCF710F978647B6C002B5BD13B6C4033A1
:103FF000BB63BB683E3308221946B86BEDF7A6F9E0
:10400000BB6B0833BB6304220021B86BEDF7C7F923
:10401000BB6B0433BB6307F114030C331846FFF783
:1040200087FE034623F000437B63B96B786BFFF791
:1040300057FE3B6C03F120003B6CD3F884301C46E8
:104040003B6C503307F12402102101910093134679
:10405000204A2146FCF7D6F878647B6C002B23D1EC
:104060003B6C03F120003B6CD3F884301C463B6C66
:10407000603307F124021021019100931346164A80
:104080002146FCF7BFF878647B6C002B0ED13B6CAB
:1040900003F188023B6C603319461046FCF741F986
:1040A000786404E000BF02E000BF00E000BF07F159
:1040B000240310211846FFF759FE07F114031021BD
:1040C0001846FFF753FE7B6C18464C37BD4690BD33
:1040D000502D05005C2D0500682D050080B485B0CD
:1040E00000AF786039603B68FB607B68190EFB6845
:1040F0005A1CFA60CAB21A707B68190CFB685A1C09
:10410000FA60CAB21A707B68190AFB685A1CFA6016
:10411000CAB21A70FB685A1CFA607A68D2B21A7076
:1041200000BF1437BD465DF8047B704780B485B08E
:1041300000AF78607B68FB60FB6801331B781A4630
:10414000FB681B781B02134318461437BD465DF805
:10415000047B704780B584B000AF78607B6803F261
:10416000F463FB60FB680C2200211846EDF717F999
:104170007B681A68FB680C3319461046FFF7AEFFE0
:10418000F868FCF7E3F9034618461037BD4680BDD2
:1041900080B584B000AF78607B6803F2F463FB60A5
:1041A000F868FCF7E3F900BF1037BD4680BD80B565
:1041B00090B000AF786039607B6803F2F463FB6312
:1041C0007B68DA697B689B6992FBF3F3BB637B686E
:1041D0001B6ABA6B92FBF3F37B633B68002B01D144
:1041E000002329E007F11C030C2200211846EDF7FB
:1041F000D6F83A6807F11C030C3319461046FFF74E
:104200006DFF07F10C0207F11C031946F86BFCF770
:104210008BF938633B6B002B0DD107F10C030E3388
:104220001846FFF783FF0346FB85FB8D7A6B02FB85
:1042300003F31B1400E0002318464037BD4680BD41
:1042400080B483B000AF78607B68D3F850367A686A
:10425000126A02FB03F318460C37BD465DF8047B77
:10426000704790B583B000AF78607B68D3F848465C
:104270007868FFF7E5FF0346234418460C37BD4630
:1042800090BD80B485B000AF03463960FB803B68C9
:10429000FB60FB685A1CFA60FA88D2B21A70FB887D
:1042A0001B0A99B2FB685A1CFA60CAB21A7000BFA6
:1042B0001437BD465DF8047B704780B485B000AF0D
:1042C000786039603B68FB60FB685A1CFA607A686A
:1042D000D2B21A707B68190AFB685A1CFA60CAB21B
:1042E0001A707B68190CFB685A1CFA60CAB21A7003
:1042F00000BF1437BD465DF8047B704780B485B0BD
:1043000000AF786039603B68FB60FB685A1CFA605C
:104310007A68D2B21A707B68190AFB685A1CFA6074
:10432000CAB21A707B68190CFB685A1CFA60CAB2D0
:104330001A707B68190EFB685A1CFA60CAB21A70B0
:1043400000BF1437BD465DF8047B704780B485B06C
:1043500000AF78607B68FB60FB681B789AB2FB68F3
:1043600001331B789BB21B029BB213439BB21846CE
:104370001437BD465DF8047B704780B485B000AF4C
:1043800078607B68FB60FB681B781A46FB6801332A
:104390001B781B021A43FB6802331B781B04134370
:1043A00018461437BD465DF8047B704780B485B06D
:1043B00000AF78607B68FB60FB681B781A46FB687F
:1043C00001331B781B021A43FB6802331B781B0462
:1043D0001A43FB6803331B781B0613431846143734
:1043E000BD465DF8047B704780B584B000AFC7E977
:1043F0000201C7E90023D7E90023D7E90201ECF75E
:104400003CFE02460B46104619461037BD4680BD9D
:1044100080B588B000AFF860B9607A60FB6803F5DA
:104420008E5308331B687B6142F649137B8205215A
:104430007868FBF777FDF8617B8AF9691846FFF722
:1044400020FFFB690233FB61FB6803F50253223353
:104450001B88F9691846FFF714FFFB690233FB61FB
:10446000FB6920221A70786804F0ACFE1322002148
:10447000786804F0F5FEF861F9691648FFF71DFF4A
:10448000FB690333FB610023BB6107E0FB695A1C36
:10449000FA6108221A70BB690133BB61BB69072B43
:1044A000F4DD7B691B68F9691846FFF727FFFB6994
:1044B0000433FB617869FFF7D4FE0246BB681B68D2
:1044C0001344F9691846FFF719FF00BF2037BD46AE
:1044D00080BD00BFFF185A0080B586B000AFF860FD
:1044E000B9601346FB71BA680221F86804F012FF44
:1044F00078617B69002B0CBF01230023DBB23B6199
:104500007B69002B05D1104B104A76211048DAF751
:1045100054FE3B69002B14BF01230023DBB2002BA8
:1045200001D000230CE079690A48FFF7C6FE7B69D9
:1045300003337B617B695A1C7A61FA791A707B6953
:1045400018461837BD4680BD842D0500D02D0500C6
:104550008C2D0500FF185A0080B58EB000AFF860B2
:10456000B9607A60FB6803F58E5308331B68FB6201
:10457000FB689B69013BBB62BB6A9B00073303225C
:1045800019467868FFF7A8FF78637B6B5A1C7A633B
:10459000BA6AD2B21A707B6B5A1C7A6300221A7004
:1045A0007B6B5A1C7A6300221A7000233B634EE037
:1045B0003B6B5A1C13465B001344DB0003F58E5320
:1045C0000833FA68134404337B627B6A5B68B3F197
:1045D000FF3F0CBF01230023DBB23B627B6A1B68F9
:1045E000FB617B6A5B68B3F1FF3F05D1FB6803F5B4
:1045F000025320331B8809E07B6A5B68FA6A2C212E
:1046000001FB03F3134403F544731B887B837B6A2C
:104610001B7B7B613B6A03F00102FB695B0003F4D7
:10462000FF731A437B8B59020D4B0B401A437B6976
:104630005B0603F0F05313433B61796B3869FFF776
:104640005DFE7B6B04337B633B6B01333B633A6BF7
:10465000BB6A9A42ACDB00BF00BF3837BD4680BDA5
:1046600000FEFF0180B596B002AFF860B9607A60D5
:10467000FB6803F58E5308331B683B64BB689A687C
:1046800013469B0013445B0103F5B4531833FA68D7
:104690001344FB643B6C93F82430FB630123BB633E
:1046A000FB6803F502531C331B687B63BB6B5B0029
:1046B00003F109017A6B13465B0013445B000B4462
:1046C000042219467868FFF707FFB864FB6B5BB2FA
:1046D00003F001035AB2BB6B5B005BB203F0020351
:1046E0005BB213435AB27B6B9B005BB2134359B26C
:1046F000BB6C5A1CBA64CAB21A703B6CD3F85436FD
:104700009BB2B96C1846FFF7BCFDBB6C0233BB64AF
:10471000FB6CD3E90023C7E90A23FB6CD3E904232C
:10472000C7E9082300237B6415E07A6C13469B00DD
:1047300013445B0103F5B4531833FA681344FB6464
:10474000FB6C93F83C3083F00103DBB2002B0BD100
:104750007B6C01337B64FB6803F5025318331B68E1
:104760007A6C9A42E1DB00E000BFFB6CD3E90223E4
:10477000C7E90623FB685968D7E90A23CDE9002376
:10478000D7E90623084605F074FB02460B4613469C
:104790007B61B96C7869FFF7B1FDBB6C0433BB6416
:1047A0003FE07A6C13469B0013445B0103F5B4535E
:1047B0001833FA681344FB64FB6C93F83C30002B0D
:1047C0002BD13A6C7B6C2C2101FB03F3134403F5D2
:1047D00044731B88B96C1846FFF753FDBB6C02335A
:1047E000BB64FB6CD3E90223C7E90623FB68596865
:1047F000D7E90623CDE90023D7E90823084605F0C9
:1048000038FB02460B4613463B61B96C3869FFF72B
:1048100075FDBB6C0433BB6400E000BF7B6C0133EF
:104820007B64FB6803F5025318331B687A6C9A4269
:10483000B7DB00BF00BF5037BD4680BD80B58AB032
:1048400000AFF860B9607A60FB6803F58E530833F7
:104850001B683B623B6A0C33FB61BB689A6813467A
:104860009B0013445B0103F5B4531833FA681344F7
:10487000BB61BB6993F83D30002B06D0FB6993F810
:10488000CA35002B01D0012300E00023FB75FB7D1E
:1048900003F00103FB75BB6993F82A30002B06D0A7
:1048A000FB6993F8CB35002B01D0012300E00023F6
:1048B000BB75BB7D03F00103BB75BB6993F8323058
:1048C000002B06D0FB6993F8CC35002B01D00123D7
:1048D00000E000237B757B7D03F001037B75BB69E2
:1048E00093F82830002B04D1BB6993F83030002BAB
:1048F00006D0FB6993F8CD35002B01D0012300E0F1
:1049000000233B753B7D03F001033B75FB7D9B0062
:104910005A1DBB7D5B001A447B7D5B001A443B7DC6
:10492000B87D797D014401FB03F313440522194648
:104930007868FFF7D1FD786297F9173003F001032B
:104940005AB2BB7D5B005BB203F002035BB2134360
:104950005AB27B7D9B005BB203F004035BB213434E
:104960005AB23B7DDB005BB203F008035BB213433A
:1049700059B27B6A5A1C7A62CAB21A70FB7D002B4C
:1049800008D0BB699B69796A1846FFF7B7FC7B6A58
:1049900004337B62BB7D002B15D0BB69B3F9263095
:1049A0009BB2796A1846FFF76CFC7B6A02337B6224
:1049B0003B7D002B07D0BB6993F828207B6A1A70D7
:1049C0007B6A01337B627B7D002B15D0BB69B3F919
:1049D0002E309BB2796A1846FFF753FC7B6A02338C
:1049E0007B623B7D002B07D0BB6993F830207B6A4C
:1049F0001A707B6A01337B6200BF2837BD4680BDD9
:104A000080B586B000AF786039607B6803F58E535F
:104A100008331B687B617B6803F58E5308331B6882
:104A20000C333B613B69D3F83036002B41D03B69F6
:104A3000D3F8303603331A460221386804F06AFC92
:104A4000F860FB68002B0CBF01230023DBB2BB60C6
:104A5000FB68002B06D11A4B1A4A40F237111A484C
:104A6000DAF7ABFBBB68002B14BF01230023DBB2DA
:104A7000002B20D13B69D3F8D435F9681846FFF7ED
:104A80001CFCFB680333FB603B6903F5BB613B69BE
:104A9000D3F830361A46F868ECF758FC3B69002228
:104AA000C3F830263B69D3F82C267B69C3F8182756
:104AB00002E000BF00E000BF1837BD4680BD00BF68
:104AC000842D0500F02D05008C2D050080B58AB0E1
:104AD00000AFF860B9607A603B6042F64933FB830F
:104AE000002387F82730BB68DB69BB610521B86804
:104AF000FBF7A2FA0346002B13D0B869FFF726FC98
:104B000003461A46FB8B93420BD1BB6904331B78D7
:104B10001846FBF798FC034683F00103DBB2002B39
:104B200001D000236EE0B868FBF79EFC0346002B23
:104B300001D0002366E07968B86804F008FD3862A7
:104B400049E0BB68DB69BB617B689B681946B86854
:104B5000FBF772FA7B680022DA607B685B68002BE7
:104B600034D17B689B68022B30D9B869FFF705FC0C
:104B70007861BB690333BB617B69244A934224D1CA
:104B800097F82730002B01D000233BE07B689B681F
:104B9000132B01D0002335E0BB690833BB61B86932
:104BA000FFF704FC02463B6B1A60BB690433BB6130
:104BB000B869FFF7FBFB02463B681A60BB69043328
:104BC000BB61012387F8273000E000BF7968B8682F
:104BD00004F0BDFC38623B6A002B06D17B681B7871
:104BE00083F00103DBB2002BABD13B6A002B05DB6A
:104BF00097F82730002B01D0012300E0002303F0B9
:104C00000103DBB218462837BD4680BDFF185A00A5
:104C1000B0B594B000AFF860B9607A603B60FB68F3
:104C200003F58E5308331B683B640023A7F8463016
:104C3000BB685A1CBA601B78FB63FB6B9B00073395
:104C40001A467B68934201D20023F9E0BB68013326
:104C5000BB60BB685A1CBA601B78BB63BB6B002B84
:104C600001D00023ECE0FB6803F58E530C33FB64AA
:104C7000FB6C03F11802FA6407F110041D460FCD16
:104C80000FC495E8030084E803000023BB64C4E07C
:104C9000B868FFF78BFB7863BB680433BB607B6B42
:104CA00003F00103002B14BF0123002387F83330E6
:104CB0007B6B5B08DBB2FB627B6B5B0A7B857B6B90
:104CC0005B0EDBB203F00F0387F829307B6B03F038
:104CD0000053002B14BF0123002387F828303B69C1
:104CE000FA6A9A4204DD3B6C1B6AFA6A9A4201DB5B
:104CF0000023A5E097F83330002B09D0FB6803F5BB
:104D0000025320331B887A8D9A4201D1002397E009
:104D1000FB6A3B6197F82930062B7BD897F8333034
:104D2000002B07D1FB6803F5025320331B887A8DD3
:104D30009A426FD197F82930012202FA03F3A7F8BB
:104D4000443097F82930062B0BD197F8333083F095
:104D50000103DBB2002B04D0B7F844305B00A7F8A6
:104D60004430B7F84420B7F846309A4207D3B7F832
:104D70004420B7F8463013409BB2002B01D00023EB
:104D80005EE0B7F84620B7F844301343A7F8463042
:104D9000FB6803F58E530C33A833FA6C9A4201D1A9
:104DA00000234DE097F8333083F00103DBB2002B92
:104DB00002D000237B6102E04FF0FF337B610023D0
:104DC000BB6197F829303B7797F8333083F00103C4
:104DD000DBB2002B04D03B6CD3F858363B620CE0BE
:104DE00097F82930012B04D93B6CD3F860367B62ED
:104DF00003E03B6CD3F85C367B62FB6C03F118027A
:104E0000FA641D4607F110040FCC0FC594E80300A7
:104E100085E80300BB6C0133BB64BA6CFB6B9A4240
:104E2000FFF636AFFB6803F58E530C33FA6CD31ADA
:104E3000DB10054A02FB03F31A463B681A600123A4
:104E400018465037BD46B0BDABAAAAAA80B58AB0F5
:104E500000AFF860B9607A603B60002387F82730C4
:104E60007968B86804F073FB38624CE0BB68DB69B2
:104E7000FB617B689B681946B868FBF7DDF87B68C7
:104E80005B68022B3AD17B689B68022B36D9F869A4
:104E9000FFF773FAB861FB690333FB61BB69244A0E
:104EA00093422AD17B689B68062B01D800233AE005
:104EB000FB695A1CFA611B7803F00F037B617B6965
:104EC000032B01D000232EE097F82730002B01D0D0
:104ED000002328E07B689A683B68F969F868FFF767
:104EE00097FE034683F00103DBB2002B01D00023C1
:104EF00019E0012387F8273000E000BF7968B8681F
:104F000004F025FB38623B6A002BAFD03B6A002BD4
:104F100005DB97F82730002B01D0012300E00023A8
:104F200003F00103DBB218462837BD4680BD00BF41
:104F3000FF185A002DE9F04F9FB002AFF861B96138
:104F40007A613B61FB6903F58E5308331B687B660E
:104F5000BB699A6813469B0013445B0103F5B45385
:104F60001833FA6913443B667B695A1C7A611B78D3
:104F700087F85F3097F85F3003F00103002B14BF10
:104F80000123002387F85E3097F85F3003F00203B7
:104F9000002B14BF0123002387F85D3097F85F30A2
:104FA0009B08DBB2BB6597F85D305B001946BA6DB4
:104FB00013465B0013445B000B4409333A699A4281
:104FC00001D20023E7E097F85E30002B08D097F875
:104FD0005D3083F00103DBB2002B01D0012300E040
:104FE000002303F00103DAB27B6E83F84C2697F8B6
:104FF0005D30002B0BD07869FFF7A8F903467B657D
:105000007B6902337B617B6E7A6DC3F854267869C5
:10501000FFF7CCF938657B6904337B617B69023328
:105020001846FFF7C3F902463B6D13443B65002366
:10503000BB661CE07869FFF789F90346A7F84E3094
:105040007B6902337B61FB6903F5025320331B88C4
:10505000B7F84E209A4204D17869FFF7A7F9F866AD
:1050600009E07B6904337B61BB6E0133BB66BB6EB9
:10507000BA6D9A42DED8BB6EBA6D9A4201D1002356
:1050800089E03A6DFB6ED31A3B653B6ED3E9002392
:10509000C7E910233B6ED3E90223C7E90E233B6E19
:1050A000D3E90423C7E90C23FB695968D7E9102326
:1050B000CDE90023D7E90E23084604F0DAFE0246C4
:1050C0000B461346FB62FB695968D7E90E23CDE90D
:1050D0000023D7E90C23084604F0CBFE02460B461A
:1050E0001346BB623B6D18464FF00001BB6A1A467F
:1050F0004FF0000302FB01F500FB03F42E19A0FBA7
:10510000024573191D46FB6E1A464FF00003F96AFB
:1051100008464FF0000100FB03FC02FB01F6664469
:10512000A2FB0023F1180B46A11AB96065EB03033B
:10513000FB603B6D18464FF00001BB6A1A464FF00A
:10514000000310EB020A41EB030BFB6E1A464FF013
:1051500000031AEB02084BEB0309FB6A1A464FF0F7
:10516000000318EB0201396049EB03037B60D7E9C8
:105170000023D7E90201FFF737F902460B46134631
:105180007B627B6A23EAE3723B6E9A613B6E01228B
:1051900083F83D20012318467437BD46BDE8F08FE3
:1051A00080B58AB000AFF860B9607A603B600023D8
:1051B00087F827303968786804F0C9F938624CE01C
:1051C0007B68DB69FB613B689B6819467868FAF786
:1051D00033FF3B685B68022B3AD13B689B68022B2C
:1051E00036D9F869FFF7C9F8B861FB690333FB6189
:1051F000BB69244A93422AD13B689B68082B01D89B
:1052000000233AE0FB695A1CFA611B7803F00F0394
:105210007B617B69042B01D000232EE097F82730B7
:10522000002B01D0002328E03B689B68FA69B9682D
:10523000F868FFF77FFE034683F00103DBB2002B23
:1052400001D0002319E0012387F8273000E000BFD8
:105250003968786804F07BF938623B6A002BAFD07C
:105260003B6A002B05DB97F82730002B01D0012388
:1052700000E0002303F00103DBB218462837BD46E7
:1052800080BD00BFFF185A0080B588B000AFF8603D
:10529000B9607A603B60BB689A6813469B00134410
:1052A0005B0103F5B4531833FA681344FB617B6860
:1052B0005A1C7A601B78FB76FB7E03F00103002BFF
:1052C00014BF01230023BB76FB7E03F00203002BF7
:1052D00014BF012300237B76FB7E03F00403002B25
:1052E00014BF012300233B76FB7E03F00803002B51
:1052F00014BF01230023FB75BB7E9B005A1D7B7EE0
:105300005B001A443B7E5B001A44FB7D787E397E4D
:10531000014401FB03F313441A463B68934201D254
:10532000002350E0BB7E002B0DD0FB69012283F8E7
:105330003D207868FFF73AF803461A46FB699A6100
:105340007B6804337B607B7E002B0DD0FB690122E0
:1053500083F83E207868FEF7F9FF03461AB2FB692E
:105360009A867B6802337B603B7E002B0FD0FB6903
:10537000012283F83F207868FEF7E8FF03465B00D0
:105380009BB21AB2FB69DA867B6802337B60FB7DD5
:10539000002B17D0FB69012283F840207B7E002B75
:1053A00006D07B685A1C7A601A78FB6983F838202B
:1053B0003B7E002B06D07B685A1C7A601A78FB690A
:1053C00083F83920012318462037BD4680BD80B5BB
:1053D0008AB000AFF860B9607A603B60002387F85C
:1053E00027303968786804F0B2F838624CE07B689E
:1053F000DB69FB613B689B6819467868FAF71CFE1D
:105400003B685B68022B3AD13B689B68022B36D91C
:10541000F869FEF7B2FFB861FB690333FB61BB6952
:10542000234A93422AD13B689B68042B01D800236E
:105430003AE0FB695A1CFA611B7803F00F037B61A9
:105440007B69052B01D000232EE097F82730002B35
:1054500001D0002328E03B689B68FA69B968F868C6
:10546000FFF712FF034683F00103DBB2002B01D0EC
:10547000002319E0012387F8273000E000BF3968D6
:10548000786804F064F838623B6A002BAFD03B6A5E
:10549000002B05DB97F82730002B01D0012300E01B
:1054A000002303F00103DBB218462837BD4680BD58
:1054B000FF185A0080B58CB000AFF860B9607A6010
:1054C0003B60BB689A6813469B0013445B0103F57D
:1054D000B4531833FA6813447B62FB6803F58E53A8
:1054E00008331B680C333B62002387F82F30396880
:1054F000786804F02CF8B86242E07B68DB69FB61F5
:105500003B689B6819467868FAF796FD3B685B68CC
:10551000022B30D13B689B68022B2CD9F869FEF72F
:105520002CFFB861FB690333FB613B6AD3F8D435C8
:10553000BA699A421CD13B689B68032B1AD997F829
:105540002F30002B01D0002321E03B689B68033BF8
:105550007B617B6A41337A69F9691846EBF7F6FE9D
:105560007A697B6AC3F89820012387F82F3002E01C
:1055700000BF00E000BF3968786803F0E8FFB86258
:10558000BB6A002BB9D0BB6ADB43DB0FDBB218462A
:105590003037BD4680BD80B58AB002AFF860B960D3
:1055A0007A60FB6803F58E5308331B68FB610021AA
:1055B000786803F01CFEB861BB69DB0FDBB27B616E
:1055C000BB69002B06DA134B134A40F20231134831
:1055D000D9F7F3FD7B69002B14BF01230023DBB255
:1055E000002B01D0BB6910E0FB6903F5DE60BA69EE
:1055F000FB6803F5025320331988BB681B680093CE
:105600000B467968FAF7CDFE034618462037BD46AB
:1056100080BD00BFBC2D0500102E05008C2D05009F
:1056200080B588B002AFF860B9607A603B607B6893
:105630005B68B3F1FF3F06D1FB6803F502532233E9
:105640001B88FB820AE07B685B68BA682C2101FB3F
:1056500003F3134403F544731B88FB82BB6803F513
:10566000DE607B681B681A46FB8A00923A6A3968DA
:10567000FAF711FF034618461837BD4680BD80B5BE
:105680008CB002AFF860B9607A603B60FB6803F5EC
:105690008E5308331B687B627B68DB693B6207F1D2
:1056A000180207F11403009313463A687968F86802
:1056B000FFF70CFA034683F00103DBB2002B02D0A4
:1056C0006FF04C0355E07B6B002B25D07B6A1A688A
:1056D0007B699A4220D07B6907F113021946F8686A
:1056E00001F0DCFC78627B6A002B0ED07B6A1B7BAE
:1056F000002B0AD1FB7C83F00103DBB2002B04D129
:105700007B6A93F80C37002B02D06FF04C0330E02B
:105710007B6B7A6A1A6007E07B6A1A687B699A4237
:1057200002D06FF04C0324E03B6B002B06D0BB692A
:10573000BA6812689A1A3B6B1A600CE0786AFEF736
:1057400090FD0246BB681B681A44BB699A4202D0AE
:105750006FF04C030DE07B68DA693B6AD31AFB619A
:10576000FB6900937B68BA68796AF868FFF758FFAD
:10577000034618462837BD4680BD00BF80B582B0BD
:1057800000AF786039607868E8F7C0FF03461846D4
:105790000837BD4680BD80B582B000AF78607868BC
:1057A000E8F7B6FF00BF0837BD4680BD80B584B0BE
:1057B00000AFC7E90201C7E90023D7E90023D7E911
:1057C0000201EBF75AFC02460B4610461946103709
:1057D000BD4680BD80B582B000AF78607868FFF7C5
:1057E000DAFF00BF0837BD4680BD80B483B000AF8C
:1057F00078607B687A685A607B685A687B681A6050
:1058000000BF0C37BD465DF8047B704780B584B09F
:1058100000AFF860B9607A603B1D0422B968F8688F
:10582000F9F74CFF034618461037BD4680BD80B5DA
:1058300084B000AFF860B9601346FB80BB1D022244
:10584000B968F868F9F73AFF034618461037BD46BD
:1058500080BD80B584B000AFF860B9607A603B1D50
:105860000422B968F868F9F729FF0346184610378B
:10587000BD4680BD80B584B000AFF860B960134606
:10588000FB80BB1D0222B968F868F9F717FF0346D1
:1058900018461037BD4680BD80B584B000AFF860B3
:1058A000B9601346FB71FB1D0122B968F868F9F76E
:1058B00005FF034618461037BD4680BD80B483B04F
:1058C00000AF78607B6818460C37BD465DF8047BF6
:1058D000704780B400AF00231846BD465DF8047BD6
:1058E000704780B584B000AF7860002142F2B80004
:1058F000FFF744FFF860FB68002B01D1002314E0A0
:10590000FB687A685A60FB680A4A1A60FB6803F50C
:10591000025324331846FFF768FFFB6803F5025370
:105920002C331846FFF761FFFB6818461037BD4659
:1059300080BD00BF5027002080B584B000AF7860E4
:105940007868FFF7BBFFF86042F2B8020021F86800
:10595000EBF725FDF868E8F7DBFE00BF1037BD4622
:1059600080BD80B586B000AF78607868FFF7A6FF8D
:10597000F860FB6803F502532C331B68043B7B6122
:105980007B695B68043B3B610DE07B69012283F826
:1059900064267969F86801F05EFF3B697B617B6989
:1059A0005B68043B3B617B691A1DFB6803F502538E
:1059B0002C339A42E9D100BF00BF1837BD4680BDE5
:1059C00080B586B000AFF860B9607A603B60F86877
:1059D000FFF774FF7861BB68002B04D0BB68013B04
:1059E000062B0ED805E03968786901F0D1F9034635
:1059F00009E03B687A68B968786901F0D5F903462F
:105A000001E06FF0150318461837BD4680BD80B51C
:105A100084B000AFF860B9607A607B685B791A4641
:105A20000121B868FFF738FF0346002B21D17B68BE
:105A3000B3F902301A460221B868FFF7F8FE0346B0
:105A4000002B18D17B68B3F900301A460421B868DE
:105A5000FFF7EDFE0346002B0FD17B681B791A463A
:105A60000321B868FFF718FF0346002B07D1002376
:105A700008E000BF04E000BF02E000BF00E000BF9C
:105A80006FF0790318461037BD4680BDF0B589B078
:105A900000AFF860B9607A60FB6803F58E53083395
:105AA0001B68FB617B685B8F1A460121B868FFF7B2
:105AB000E1FE0346002B40F007817B6893F83C3001
:105AC0001A460321B868FFF7E7FE0346002B40F0B3
:105AD000FB807B6893F83C30002B01D0002310E161
:105AE0007B6893F83D30002B36D07B689B69184665
:105AF0004FEAE071854BD3E9002302FB01F500FB7F
:105B000003F42E19A0FB024573191D46FB685B6860
:105B10001B6818464FEAE071FB685B681B691A4610
:105B20004FEAE27302FB01FC00FB03F66644A0FBB4
:105B30000223F1180B4620462946FFF737FE02469E
:105B40000B461346BB61BA690721B868FFF75EFED2
:105B50000346002B40F0BA807B6893F82230002B7C
:105B600017D00821B868F9F77AFD78617B69002BB6
:105B700000F0AE807B681C331A46B968F868FFF7FE
:105B800046FF0346002B40F0A5807969B868F9F715
:105B900081FD7B6893F82A30002B17D00921B86863
:105BA000F9F75DFD78617B69002B00F095807B68DB
:105BB00024331A46B968F868FFF729FF0346002B1B
:105BC00040F08C807969B868F9F764FD7B6893F8D8
:105BD0003230002B15D00A21B868F9F740FD786102
:105BE0007B69002B7CD07B682C331A46B968F86837
:105BF000FFF70DFF0346002B74D17969B868F9F7F8
:105C000049FD7B6893F83E30002B1AD07B68B3F9CE
:105C100034301A460B21B868FFF709FE0346002B03
:105C200062D17B6893F84030002B0AD07B6893F8F0
:105C300038301A460D21B868FFF72EFE0346002BB8
:105C400054D17B6893F83F30002B1AD07B68B3F9AE
:105C500036301A460C21B868FFF7E9FD0346002BE1
:105C600046D17B6893F84030002B0AD07B6893F8CC
:105C700039301A460E21B868FFF70EFE0346002B96
:105C800038D17B68D3F89830002B0BDD7B68D3F8D4
:105C900098207B6841331021B868F9F70FFD03465F
:105CA000002B29D1FB69D3F81837002B0AD0FB69E8
:105CB000D3F818371A460F21B868FFF7CAFD034614
:105CC000002B1BD100231CE000BF18E000BF16E032
:105CD00000BF14E000BF12E000BF10E000BF0EE004
:105CE00000BF0CE000BF0AE000BF08E000BF06E014
:105CF00000BF04E000BF02E000BF00E000BF6FF0A3
:105D0000790318462437BD46F0BD00BF682E050054
:105D100080B58EB002AFF860B9601346FB71FB68C6
:105D20005868F968BB68D3F80837002201924FF42D
:105D3000806200920822FAF7B3FDB862BB6A002BBA
:105D400000F09480BB681B681A460121B86AFFF70F
:105D500080FD0346002B7AD10421B86AF9F77FFC55
:105D600078627B6A002B74D0BB68DA69FB685B6879
:105D70001B68404981FB03018911DB17CB1A92FB99
:105D8000F3F33B62BB68D3F844361A460221B86A83
:105D9000FFF75FFD0346002B5DD13B6A1A460421E5
:105DA000B86AFFF756FD0346002B54D1BB6893F841
:105DB0006436002B07D000220121B86AFFF76CFD82
:105DC0000346002B49D1FB79002B34D00521B86A5A
:105DD000F9F745FCF861FB69002B40D00023FB621A
:105DE0001DE00121B86AF9F73AFCB861FA6A134676
:105DF0009B0013445B0103F5B4531833FA68134452
:105E00001A46B96AF868FFF741FE0346002B28D10D
:105E1000B969B86AF9F73EFCFB6A0133FB62FB68BB
:105E200003F5025318331B68FA6A9A42D9DBF96901
:105E3000B86AF9F72FFC796AB86AF9F72BFCFB68A6
:105E40005B68B96A1846FAF7A0FD78610FE000BFF9
:105E500008E000BF06E000BF04E000BF02E000BFB2
:105E600000E000BFB86AFFF7B5FC00E000BF3037C4
:105E7000BD4680BDD34D621080B582B000AFFFF744
:105E800028FD78607B68002B14BF01230023DBB260
:105E90003B607B68002B06D00C4B0D4A40F217117B
:105EA0000C48D9F78AF93B68002B14BF0123002363
:105EB000DBB2002B01D07B6803E0074806F0E0FA74
:105EC000034618460837BD4680BD00BF302E05008A
:105ED000702E0500382E05005027002080B500AF39
:105EE000024806F06DFB00BF80BD00BF50270020B8
:105EF00080B485B000AF786039607B681B8803335D
:105F000023F00303FB603B681B681A46FB68D31A47
:105F10001A463B681A607A68FB68134418461437BF
:105F2000BD465DF8047B704780B483B000AF7860F5
:105F30007B68043318460C37BD465DF8047B704718
:105F400080B483B000AF78607B681B88043B184640
:105F50000C37BD465DF8047B704780B483B000AF5A
:105F6000786039603B68032B0BDD7B681B88032B53
:105F700007D97B681B881A463B68934201DB0123E3
:105F800000E0002318460C37BD465DF8047B7047DF
:105F900080B582B000AF78607868FFF7C5FF034630
:105FA0001B6818460837BD4680BD80B582B000AF7B
:105FB00078607868FFF7B8FF03461B8818460837F3
:105FC000BD4680BD80B582B000AF78607868FFF7CD
:105FD000ABFF03461B8818460837BD4680BD80B519
:105FE00082B000AF78607868FFF79EFF03461B78A9
:105FF00018460837BD4680BD80B483B000AF7860D6
:10600000396000BF0C37BD465DF8047B704780B532
:1060100086B000AFF860B9607A6007F113031A46E2
:10602000B968F86801F03AF878617B69002B02D012
:106030006FF00F030BE0B968F86800F07BFF786140
:106040007B69002B02D16FF00B0300E000231846A0
:106050001837BD4680BD80B58AB000AFF860B96022
:106060007A6007F11B031A46B968F86801F016F860
:1060700078627B6A002B02D16FF001039BE07B6AA0
:106080000C331946786AFFF7B7FF796AF86801F0B0
:1060900035F9034683F00103DBB2002B02D06FF029
:1060A000150388E07B685A687B6AC3F80827FB7E83
:1060B00083F00103DBB2002B7CD0796AF868FDF72E
:1060C000EBFE38623B6A002B01D03B6A73E0002292
:1060D000796AF868FDF758FF38623B6A002B01D0F7
:1060E0003B6A68E0FB685B6807F1140211461846DA
:1060F00003F064FE38623B6A002B01D03B6A5AE031
:106100007B6A5A69FB685B681B682D4981FB030148
:106110008911DB17CB1A03FB02F3FB617A69FB6978
:106120001A447B6AC3F840267B6A0022C3F84426DF
:106130007B6AD3F8E8267B6AC3F848267B6A93F823
:1061400024207B6A83F84C267B6A0022C3F8502601
:106150007B6A0022C3F854267B6A002283F80C274E
:106160007B6A4FF0FF32C3F810277B6A0022C3F826
:106170001427786A01F013F97B6A4FF0FF32C3F8F5
:1061800058267B6A4FF0FF32C3F85C267B6A4FF0DB
:10619000FF32C3F860267B6A1A1DFB6803F50253C1
:1061A0002C3319461046F9F71CF9FB685B68184652
:1061B00004F023FC002318462837BD4680BD00BFED
:1061C000D34D621080B586B000AFF860B9607A60D8
:1061D00007F113031A46B968F86800F05FFF7861A9
:1061E0007B69002B02D16FF0010319E0FB7C002BCF
:1061F00015D07B69012283F86426FB6803F58E5372
:1062000008331B687A699A4204D07969F86801F00A
:1062100022FB04E0FB685B68184604F0EEFB0023F9
:1062200018461837BD4680BD80B586B000AFF8600F
:10623000B9607A6007F113031A46B968F86800F08C
:106240002DFF78617B69002B02D16FF001030AE01A
:10625000FB7C002B02D06FF00F0304E07969F86833
:1062600000F0FCFE002318461837BD4680BD80B400
:1062700085B000AF78600023FB600BE00B4AFB6841
:1062800052F823307A689A4201D1012308E0FB6872
:106290000133FB60064B1B68FA689A42EEDB002371
:1062A00018461437BD465DF8047B7047F43105008D
:1062B000F8310500B0B5DEB002AF07F10C04206084
:1062C00007F108000160391D0A603A46136007F1C2
:1062D000130207F1080107F10C030968186800F0C0
:1062E000DDFEC7F86801D7F86831002B02D16FF0E6
:1062F000010399E33B1D1B68002B02D16FF01503CE
:1063000092E33B461B681B683A1D07F1140000939B
:10631000144B12683121F9F734FDC7F86401D7F83E
:106320006431002B02D0D7F864317DE307F1130309
:106330001B78002B21D00123C7F86C3119E007F13D
:106340001403D7F86C2153F82230002B0CD0D7F867
:106350006C01FFF78CFF0346002B05D16FF00F0394
:1063600062E300BFD42E0500D7F86C310133C7F8C3
:106370006C31D7F86C31312BE1DDD7F868310C3353
:10638000C7F8603107F114035B68002B0ED007F1EA
:1063900014035B681846FFF722FE0346C7F85C311A
:1063A000D7F85C31DAB2D7F860311A7007F114030C
:1063B000DB68002B0ED007F11403DB681846FFF7EB
:1063C0000EFE0346C7F85831D7F85831DAB2D7F87D
:1063D00060315A7007F114031B69002B0ED007F1CE
:1063E00014031B691846FFF7FAFD0346C7F854313A
:1063F000D7F85431DAB2D7F860319A7007F1140344
:106400005B69002B0ED007F114035B691846FFF798
:10641000CCFD0346C7F85031D7F850319AB2D7F8BF
:1064200060319A8007F114039B69002B0ED007F1AD
:1064300014039B691846FFF7B8FD0346C7F84C31B3
:10644000D7F84C319AB2D7F86031DA8007F11403EB
:10645000DB69002B0DD007F11403DB691846FFF749
:1064600097FD0346C7F84831D7F86031D7F848217F
:106470009A6007F114031B6A002B14D007F1140370
:106480001B6A1846FFF784FD0346C7F8443107F13D
:106490000C031B685B685B69D7F8442102FB03F2BD
:1064A000D7F86031DA6007F114035B6A002B1AD069
:1064B00007F114035B6A1846FFF76AFD0346C7F845
:1064C000403107F10C031B685B681B68CF4A82FBF5
:1064D00003129211DB17D31AD7F8402102FB03F203
:1064E000D7F860311A6107F114039B6A002B0DD0B5
:1064F00007F114039B6A1846FFF74AFD0346C7F8E5
:106500003C31D7F86031D7F83C215A6107F11403C8
:106510005B6B002B12D007F114035B6B1846FFF77F
:106520005EFD0346C7F83831D7F83831002B14BF69
:1065300001230023DAB2D7F860311A7607F1140389
:10654000DB6B002B0DD007F11403DB6B1846FFF754
:1065500046FD0346C7F83431D7F86031D7F8342107
:10656000DA6107F114031B6C002B13D007F114033D
:106570001B6C1846FFF733FD0346C7F83031D7F8D8
:106580003031002B14BF01230023DAB2D7F8603179
:1065900083F8202007F114031B6D002B0DD007F1A9
:1065A00014031B6D1846FFF71AFD0346C7F82C317C
:1065B000D7F86031D7F82C215A6207F114035B6DCC
:1065C000002B0DD007F114035B6D1846FFF707FD94
:1065D0000346C7F82831D7F86031D7F828219A62E6
:1065E00007F114039B6D002B0FD007F114039B6D73
:1065F0001846FFF7F4FC0346C7F82431D7F82431D6
:10660000DAB2D7F8603183F82C2007F114031B6E3F
:10661000002B0FD007F114031B6E1846FFF7DFFCA9
:106620000346C7F82031D7F82031DAB2D7F8603105
:1066300083F82D2007F114035B6E002B0FD007F1B8
:1066400014035B6E1846FFF7CAFC0346C7F81C31FB
:10665000D7F81C31DAB2D7F8603183F82E2007F171
:106660001403DB6E002B0FD007F11403DB6E18460A
:10667000FFF7B5FC0346C7F81831D7F81831DAB27E
:10668000D7F8603183F82F2007F114035B6F002BDC
:106690000FD007F114035B6F1846FFF7A0FC034609
:1066A000C7F81431D7F81431DAB2D7F8603183F86B
:1066B000302007F11403DB6F002B0FD007F1140318
:1066C000DB6F1846FFF78BFC0346C7F81031D7F88D
:1066D0001031DAB2D7F8603183F8CE2507F1140310
:1066E000D3F88030002B10D007F11403D3F880309A
:1066F0001846FFF774FC0346C7F80C31D7F80C3185
:10670000DAB2D7F8603183F8CF2507F11403D3F854
:106710008430002B10D007F11403D3F884301846CE
:10672000FFF75DFC0346C7F80831D7F80831DAB245
:10673000D7F8603183F8D02507F11403D3F88830F7
:10674000002B10D007F11403D3F888301846FFF758
:1067500046FC0346C7F80431D7F80431DAB2D7F85B
:10676000603183F8D12507F11403D3F88C30002B66
:1067700010D007F11403D3F88C301846FFF72FFC24
:106780000346C7F80031D7F80031DAB2D7F86031E4
:1067900083F8D22507F11403D3F89830002B18D0D2
:1067A00007F11403D3F89830C7F8FC30D7F86031FC
:1067B00003F13204D7F8FC00FFF7B6FB0546D7F823
:1067C000FC00FFF7BDFB03461A4629462046EAF7C0
:1067D000BDFD07F11403D3F8AC30002B18D007F13E
:1067E0001403D3F8AC301846FFF7F9FB0346C7F89B
:1067F000F830D7F8F830002B14BF01230023DAB2A9
:10680000D7F8603183F8C92502E000BFD34D62108C
:1068100007F11403D3F8B030002B14D007F11403A0
:10682000D3F8B0301846FFF7DAFB0346C7F8F43068
:10683000D7F8F430002B14BF01230023DAB2D7F8C5
:10684000603183F8CA2507F11403D3F8B430002B64
:1068500014D007F11403D3F8B4301846FFF7BFFB88
:106860000346C7F8F030D7F8F030002B14BF0123EF
:106870000023DAB2D7F8603183F8CB2507F114038F
:10688000D3F8B830002B14D007F11403D3F8B83084
:106890001846FFF7A4FB0346C7F8EC30D7F8EC30F6
:1068A000002B14BF01230023DAB2D7F8603183F83C
:1068B000CC2507F11403D3F8BC30002B14D007F11A
:1068C0001403D3F8BC301846FFF789FB0346C7F81A
:1068D000E830D7F8E830002B14BF01230023DAB2E8
:1068E000D7F8603183F8CD2507F11403D3F8C03011
:1068F000002B0FD007F11403D3F8C0301846FFF770
:1069000047FB0346C7F8E430D7F8E420D7F86031F6
:10691000C3F8D42507F11403D3F8C430002B20D0DA
:1069200007F11403D3F8C430C7F8E030D7F8E0001B
:10693000FFF706FBC7F8DC00D7F8603103F5BB644E
:10694000D7F8E000FFF7F0FA0146D7F8DC301A4636
:106950002046EAF7FBFCD7F86031D7F8DC20C3F813
:10696000302607F11403D3F8C430002B08D0D7F831
:106970006031D3F82C365A1CD7F86031C3F82C2676
:10698000D7F8603193F8D235002B05D0002B4ADBC5
:10699000013B012B47D834E0D7F8603193F8CF356D
:1069A000FF2B13D0D7F8603193F8CE355AB2D7F811
:1069B000603193F8CF35194601238B405BB2134306
:1069C0005BB2DAB2D7F8603183F8CE25D7F8603100
:1069D00093F8D035FF2B23D0D7F8603193F8CE351C
:1069E0005AB2D7F8603193F8D035194601238B405D
:1069F0005BB213435BB2DAB2D7F8603183F8CE25CD
:106A00000EE0D7F8603193F8CF35FF2B05D0D7F8DB
:106A1000603193F8D035FF2B04D16FF0150303E0FC
:106A200000BF00E000BF0023184607F5B877BD4659
:106A3000B0BDB0B5ADF5427D02AF07F10C042060EA
:106A400007F108000160391D0A603A46136000230F
:106A5000C7F8F0323B461B68002B02D16FF01503DC
:106A60008EE13B461868FFF75FFAC7F8FC023B4629
:106A70001868FFF765FA024607F114031A60E3E0AD
:106A8000D7F8F0320F2B02DD6FF0150378E1D7F85D
:106A900010331B6807F118000093BC4BD7F8FC2299
:106AA0000321F9F76EF9C7F8F802D7F8F832002B8E
:106AB00002D0D7F8F83263E107F118035B68002BC6
:106AC00013D007F118039B68002B0CBF0123002390
:106AD000DAB207F11803DB68002B0CBF0123002397
:106AE000DBB25340DBB2002B02D06FF0150347E15D
:106AF00007F118035B681846FFF764FA0346184667
:106B000007F12802D7F8F0322C2101FB03F31344DC
:106B1000043302461A8007F118039B68002B52D0F9
:106B200007F108031B68072B02D16FF0150327E15B
:106B300007F12802D7F8F0322C2101FB03F31344AC
:106B4000283301221A7007F118039B681846FFF7D3
:106B50001FFA014607F12802D7F8F0322C2000FB7B
:106B600003F31344196007F12802D7F8F0322C21FF
:106B700001FB03F30833D41807F11803DB68184648
:106B8000FFF7D2F9054607F11803DB681846FFF74F
:106B9000D7F903461A4629462046EAF7D7FB07F1FC
:106BA0001803DB681846FFF7CBF9034698B207F1E4
:106BB0002802D7F8F0322C2101FB03F313440633EB
:106BC00002461A800AE007F12802D7F8F0322C2199
:106BD00001FB03F31344283300221A700023C7F883
:106BE000F4321DE007F12802D7F8F0322C2101FB26
:106BF00003F3134404331A8807F12801D7F8F43259
:106C00002C2000FB03F30B4404331B889A4202D16F
:106C10006FF01503B4E0D7F8F4320133C7F8F4325B
:106C2000D7F8F422D7F8F0329A42DBDBD7F8F0320B
:106C30000133C7F8F03207F114031946D7F8FC0204
:106C4000FFF756F9C7F8FC0207F114031B68194651
:106C5000D7F8FC02FFF781F90346002B7FF410AF51
:106C6000D7F8F032002B02D16FF0150388E007F15E
:106C70001302391D07F10C030968186800F00EFAB9
:106C8000C7F8E802D7F8E832002B02D16FF0010311
:106C900076E0D7F8E83293F8D435002B02D06FF0C5
:106CA0000F036DE007F113031B78002B28D007F1C9
:106CB00008031B68062B11D1D7F8E8329B7B002B09
:106CC0000CD1D7F8E832D3F8CC35002B03D1D7F864
:106CD000F032012B02DD6FF0150351E0D7F8E832F6
:106CE00003F14802D7F8E83203F54373194610461A
:106CF00000F01DFAD7F8E8324833C7F8EC3205E067
:106D0000D7F8E83203F54373C7F8EC3207F108030C
:106D10001B68072B11D1D7F8F03207F1280207F1D1
:106D20000C0000931346D7F8EC22D7F8E81200685D
:106D300000F081FAC7F8F80210E0D7F8F03207F156
:106D4000280207F10C0000931346D7F8EC22D7F87D
:106D5000E812006800F005FAC7F8F802D7F8F83230
:106D6000002B02D0D7F8F8320AE007F113031B78A2
:106D7000002B04D0D7F8E832012283F8D425002371
:106D8000184607F54077BD46B0BD00BFFC31050091
:106D900080B483B000AF78603960002318460C37A8
:106DA000BD465DF8047B704780B58EB002AFF860D9
:106DB000B9607A603B607B68002B02D16FF01503ED
:106DC0005AE03B681B6807F1140000932C4B7A686B
:106DD0000421F8F7D6FFF862FB6A002B01D0FB6AAA
:106DE0004AE0BB69002B02D16FF0150344E0BB6998
:106DF0001846FFF7CDF8B862BB68013B042B31D8C9
:106E000001A252F823F000BF1D6E04002B6E040097
:106E1000396E0400476E0400556E04003A68B96A82
:106E2000F868FFF7F4F8034626E03A68B96AF868AC
:106E3000FFF711F903461FE03A68B96AF868FFF7EF
:106E4000C1F9034618E03A68B96AF868FFF7ECF947
:106E5000034611E0FA693B68B96AF868FFF72AFA55
:106E6000034609E03A6A3B6800931346BA6AB96878
:106E7000F868FFF7DEFD034618463037BD4680BD93
:106E8000842E050080B483B000AF78607B681B68F7
:106E90007A689A420CBF01230023DBB218460C37F4
:106EA000BD465DF8047B704780B582B000AF786066
:106EB000396079680120E7F717FC03461846083760
:106EC000BD4680BD80B582B000AF78607868E7F7D6
:106ED0001FFC00BF0837BD4680BD80B483B000AF43
:106EE00078607B68D3F850367A68126A02FB03F345
:106EF00018460C37BD465DF8047B704780B487B0F8
:106F000000AF7860094B1B687B61094B1B683B61D4
:106F10003A697B69934228BF1346FB60FB681846B9
:106F20001C37BD465DF8047B704700BF3C3205004E
:106F30004032050080B584B000AF78603960002130
:106F400040F21C70FFF7B0FFF860FB68002B01D126
:106F500000237DE0FB683A681A60FB6802225A73DE
:106F6000FB684FF6FF721A82FB684FF6FF725A8277
:106F70007B685B689A697B685B681B68364981FB44
:106F800003018911DB17CB1A92FBF3F2FB685A61FC
:106F90007B685B685B694FF4166202FB03F2FB6877
:106FA0009A617B685B681B682B4A82FB0312921113
:106FB000DB17D31AC82202FB03F2FB68DA61FB6815
:106FC0001E221A62FB68002283F82420FB6832220A
:106FD0009A62FB68012283F82C20FB68032283F865
:106FE0003820FB68012283F83920FB68022283F8ED
:106FF0003A20FB68FF2283F8DB25FB68FF2283F839
:10700000DC25FB68012283F8DD25FB68012283F87B
:10701000D525FB68012283F8D625FB681022C3F82A
:10702000D025F868FDF796F80346002B0BD1FB68D6
:107030001A1D7B6803F50253243319461046F8F7EE
:10704000A3F9FB6804E000BFF868FFF73BFF0023EB
:1070500018461037BD4680BDD34D621080B582B052
:1070600000AF786039603868FDF792F83B68043308
:107070001846F8F7A2F93B6803F5DE631846F9F7FE
:1070800046FA40F21C7200213868EAF788F938683D
:10709000E7F73EFB00BF0837BD4680BD80B487B030
:1070A00000AFF860B9607A60FB6803F502532433DF
:1070B0001B68043B7B610DE07B691B68BA689A42E0
:1070C00004D17B6800221A707B692AE07B695B68C7
:1070D000043B7B617B691A1DFB6803F50253243373
:1070E0009A42E9D1FB6803F502532C331B68043B39
:1070F0007B610DE07B691B68BA689A4204D17B68AA
:1071000001221A707B690CE07B695B68043B7B6140
:107110007B691A1DFB6803F502532C339A42E9D1AF
:10712000002318461C37BD465DF8047B704780B5C8
:1071300082B000AF78603960786839683B68D3F80E
:10714000C0322C2202FB03F31A46EAF7FFF83B6831
:10715000D3F8C0227B68C3F8C02200BF0837BD4601
:1071600080BDB0B487B000AFF860B9607A603B60B2
:107170007B68D3F8C022BB6A1A44BB68D3F8D03509
:107180009A4202D96FF0150350E000237B6122E0A0
:1071900000233B6116E07B692C2202FB03F33A6873
:1071A00013449A8879683B692C2000FB03F30B4455
:1071B00004331B889A4202D16FF0150336E03B6915
:1071C00001333B617B68D3F8C0223B699A42E2D825
:1071D0007B6901337B617B69BA6A9A42D8D8002304
:1071E0007B611EE07B692C2202FB03F33A68D01816
:1071F0007B68D3F8C032591C7A68C2F8C0127A682A
:107200002C2101FB03F313441C4605460FCD0FC48C
:107210000FCD0FC495E8070084E807007B690133B0
:107220007B617B69BA6A9A42DCD8002318461C3716
:10723000BD46B0BC7047B0B48BB000AFF860B96069
:107240007A603B6000237B6200233B6246E00023C0
:10725000FB767B6A2C2202FB03F37A6813447B6182
:107260000023FB610FE07B699A88FB692C2101FBFD
:1072700003F339680B449B889A4201D10123FB76C2
:10728000FB690133FB61FA69BB6B9A4205D2FB7E55
:1072900083F00103DBB2002BE5D1FB7E83F0010319
:1072A000DBB2002B17D03A6A7B6A9A4210D07A6818
:1072B0003B6A2C2101FB03F31A447B6914461D46EB
:1072C0000FCD0FC40FCD0FC495E8070084E8070069
:1072D0003B6A01333B627B6A01337B627B68D3F894
:1072E000C0327A6A9A42B2D37B683A6AC3F8C02243
:1072F000002318462C37BD46B0BC704780B584B01B
:1073000000AF786039603B680C33FB60FB689B78AA
:10731000002B06D1FB68D3F8C035012B12D900230E
:1073200039E0F868FFF7EAFD0246FB68C3F8C425B8
:10733000FB68D3F8C025FB68D3F8C4359A4201D95D
:10734000002328E0FB6893F8D235012B05D1FB68B8
:107350001B78012B01D100231DE0FB68DB68FA6874
:10736000526902FB03F3BB60FB68DB68002B0ED0A5
:10737000FB681B69002B0AD0FB685B69002B06D0F9
:10738000FB681B69BA689A4201DA012300E0002316
:1073900003F00103DBB218461037BD4680BD80B54F
:1073A00082B000AF78607B6893F84C36002B17D022
:1073B0007B68D3F8443619467868FCF7F8FE024635
:1073C0007B68C3F850267B68D3F8443601331946EE
:1073D0007868FCF7ECFE02467B68C3F854260BE0A5
:1073E0007B68D3F854267B68C3F850267B6893F8F3
:1073F00024207B6883F84C2600BF0837BD4680BD3B
:1074000090B589B000AFF860B9607A60BB68D3F816
:107410004046B868FFF761FD0246BB689B6903FB05
:1074200002F3E2187B68D31AFB61FB69002B39DA9F
:10743000BB68DB69BB61BB689B69BA6992FBF3F30C
:107440007B61BA69FB69D21ABB6992FBF3F33B61BA
:10745000BB68D3F840363A69B96901FB02F21A44B5
:10746000BB68C3F84026BB68D3F844263B691A447E
:10747000BB68C3F84426BB68D3F848363A697969D3
:1074800001FB02F21A44BB68C3F848263B69012B92
:1074900005D0BB6893F82420BB6883F84C26B868F5
:1074A000FFF77DFF00BF2437BD4690BD80B58CB08F
:1074B00000AFF860B9607A603B600023FB62002394
:1074C0007B6200233B62BB6B00221A70FB6803F5F2
:1074D00002532C331B68043BBB6258E0BB6A1B7B26
:1074E000002B07D1BB6A93F80C3783F00103DBB2A2
:1074F000002B47D1BB6B01221A70BA68B96AF868D1
:10750000FFF77EFF07F110031A46B96AF868FCF727
:1075100098FB3B69FB617B69BB61FB6A002B2AD04E
:10752000FA69BB691344FA68526892691A447B6A23
:10753000D31A002B1FDDFA697B6AD21A3B6AD31A71
:10754000FA68526892699B1A002B1CDABB6A9A6A25
:10755000FB6A9B6A9A420EDCBB6A9A6AFB6A9B6A68
:107560009A4210D1BB6AD3F81027FB6AD3F81037C0
:10757000D31A002B07DABB6AFB62FB697B62BB692B
:107580003B6200E000BFBB6A5B68043BBB62BB6A56
:107590001A1DFB6803F502532C339A429ED1FB68F7
:1075A00003F502532C331B68043BBB623FE0BB6A0C
:1075B0001B7B002B36D1BB6A93F80C37002B31D1E3
:1075C000BA68B96AF868FFF71BFF07F110031A469B
:1075D000B96AF868FCF735FB3B69FB617B69BB6105
:1075E000FB6A002B06D1BB6AFB62BB687B62BB698E
:1075F0003B6224E07A6ABB68D21ABB69D31AFA6884
:10760000526892699B1A002B0DDBBB6AFB627A6A97
:10761000BB68D31AFA68526892699B1A3B62BB68CE
:107620007B620CE000BFBB6A5B68043BBB62BB6A69
:107630001A1DFB6803F502532C339A42B7D17B68BD
:107640007A6A1A603B683A6A1A60FB6A18463037F1
:10765000BD4680BD80B588B000AFF860B9607A6083
:10766000FB6803F502532C331B68043BFB6143E0CA
:10767000FA69BB689A423AD0FB691B7B002B07D1A1
:10768000FB6993F80C3783F00103DBB2002B2ED19A
:1076900007F110031A46F969F868FCF7D2FA3B695A
:1076A0007A689A4224D9F969F868FCF7B2FA00239B
:1076B000BB610EE0F968BA6913469B0013445B0195
:1076C0000B4403F5B653143301221A70BB6901331E
:1076D000BB61FB6803F5025318331B68BA699A4211
:1076E000E8DB0122F969F868FEF712FB00E000BF51
:1076F000FB695B68043BFB61FB691A1DFB6803F5D2
:1077000002532C339A42B3D100BF00BF2037BD468D
:1077100080BD80B58AB002AF7860396000237B619C
:1077200000233B610023FB737B6803F502532C337A
:107730001846FFF7A7FB0346002B01D000233BE0D0
:1077400007F1100107F1140207F10F0300930B4634
:1077500039687868FFF7AAFEF8617A693B691344D3
:107760007A68526892691344BB61BA69F9697868AA
:10777000FFF770FF7A69FB69C3F81027FB691B7B71
:10778000002B14D17B6803F502532C331846F7F70E
:1077900038FE0346002B05D1FB7B83F00103DBB2EF
:1077A000002B04D0FB690022C3F8142703E03A69D8
:1077B000FB69C3F81427FB6918462037BD4680BD16
:1077C00080B489B000AFF860B9607A603B60BB6894
:1077D000DA69BB689B6992FBF3F3FB61BB68D3F882
:1077E000E8367A68D31ABB61BA69FB6992FBF3F396
:1077F0007B617B69FA6902FB03F3BA69D31A3B61C7
:107800007A69BB68C3F84426BB689B693A6902FB86
:1078100003F31A463B689A1ABB68C3F840263B69D3
:107820007A68D21ABB68C3F84826BB681B6A3A69F3
:1078300092FBF3F2BB68C3F85026BB68012283F8C1
:107840000C27BB683A68C3F8102700BF2437BD4631
:107850005DF8047B704780B582B000AF7860396016
:107860007B6803F58E5308331B683A689A420CBF55
:1078700001230023DBB21A4639687868FEF748FA1C
:107880003B6893F8D435002B0CD03B6803F543726A
:107890003B68483319461046FFF749FC3B68002215
:1078A00083F8D4253B6893F86436002B19D03B68E5
:1078B0001A1D7B6803F50253243319461046F7F767
:1078C00090FD3B68002283F864263B681022C3F8D1
:1078D000D0253B680022C3F838263B680022C3F855
:1078E0003C2600BF0837BD4680BD00BF80B582B0D2
:1078F00000AF78607B68002B05D10D4B0D4A22212B
:107900000D48D7F75AFC7B681B68002B05D1002077
:10791000E6F712FE02467B681A607B681B684FF030
:10792000FF311846E6F70CFE00BF0837BD4680BDA4
:107930004C320500C83305005432050080B582B0D2
:1079400000AF78607B68002B03D07B681B68002B3E
:1079500005D1074B074A2A210748D7F72EFC7B6839
:107960001B681846E6F718FE00BF0837BD4680BD05
:1079700098320500D43305005432050080B483B03A
:1079800000AF78607B6818460C37BD465DF8047B15
:10799000704780B485B000AFF860B9607A6000BF0E
:1079A0001437BD465DF8047B704780B483B000AFE8
:1079B000786000BF0C37BD465DF8047B704780B42B
:1079C00083B000AF786000BF0C37BD465DF8047B24
:1079D000704780B483B000AF786000BF0C37BD46FD
:1079E0005DF8047B704780B483B000AF78600B46CD
:1079F000FB7000BF0C37BD465DF8047B704780B458
:107A000083B000AF786000BF0C37BD465DF8047BE3
:107A1000704780B483B000AF786000BF0C37BD46BC
:107A20005DF8047B704780B483B000AF786000BF1E
:107A30000C37BD465DF8047B704780B584B000AF5D
:107A4000786039607868FFF7B0FF7B681B6B5B6A12
:107A50007A68396810469847F8603B681B681A4690
:107A6000F9687868FFF795FFFB6818461037BD4640
:107A700080BD80B584B000AF78607B68104A9A679B
:107A80007B689B6F5B68002B0CBF01230023DBB27C
:107A9000FB607B689B6F5B68002B05D1094B0A4A32
:107AA0001F210A48D7F789FBFB68002B7B689B6F77
:107AB0005B687868984700BF1037BD4680BD00BF3F
:107AC000E8350500B432050078330500D4320500EE
:107AD00080B586B000AF78607B68DB6F002B14BF89
:107AE00001230023DBB27B617B68DB6F002B05D0B9
:107AF0001A4B1B4A25211B48D7F75FFB7B69002BDC
:107B00007B68D3F88030002B14BF01230023DBB245
:107B10003B617B68D3F88030002B05D0124B104AB4
:107B200026211048D7F749FB3B69002B7B6893F867
:107B30009130FB607B6893F8913083F00103DBB2F6
:107B4000002B05D1094B064A27210648D7F735FBFC
:107B5000FB68002B00BF1837BD4680BDFC32050016
:107B600090330500D4320500143305002C33050092
:107B700080B582B000AF786039607B689B6F9B688E
:107B8000002B04D07B689B6F9B68786898477B6864
:107B90003A689A677B689B6F5B68002B04D07B68B0
:107BA0009B6F5B687868984700BF0837BD4680BD0B
:107BB00080B584B000AF786039607B6893F890300E
:107BC00083F00103DBB2002B03D0786801F0D2F818
:107BD00052E039687868FAF775FBB860BB68002B2B
:107BE0000CBF01230023DBB2002B03D0786800F028
:107BF000EEF941E07B68BA68DA677B680022C3F877
:107C00008420BB681B78042B2AD801A252F823F0E9
:107C1000257C0400317C04003D7C0400497C040088
:107C2000557C0400786800F041FE0023FB601AE0F8
:107C3000B968786800F05EFFF86014E0B9687868A9
:107C400001F0FFF9F8600EE0B968786800F0DCFC3C
:107C5000F86008E0B968786800F0FEFDF86002E0BE
:107C60004FF0FF33FB60FB68002B05D0786800F015
:107C70002EF8786800F0ABF91037BD4680BD80B5AE
:107C800084B000AF78600023FB600023BB607B689A
:107C900093F89030002B06D007F108031946786856
:107CA000FFF7CBFEF860FB68002B03D0786800F08C
:107CB0008EF908E07B689B691A46BB681344194635
:107CC0007868FFF775FF00BF1037BD4680BD80B5EF
:107CD00084B000AF78607B68DB6FFB60FB685B683B
:107CE0001B68F86898477B680022DA6700BF103786
:107CF000BD4680BD90B585B000AF78607B68DB6F16
:107D0000FB60FB68002B2FD07B68D3F88030002B02
:107D100024D0FB681B78042B0CBF01230023DBB2AB
:107D2000BB60FB681B78042B05D1114B114A8321E2
:107D30001148D7F742FABB68002BFB685B68DC6828
:107D40007B68D3F8843019467B68D3F880200223FF
:107D5000F868A0477B680022C3F880207868FFF7A6
:107D6000B6FF7B680022DA6700BF1437BD4690BDBE
:107D700040330500A8330500D432050080B582B039
:107D800000AF78607B689B6FDB69002B05D07B6858
:107D90009B6FDB697868984702E0786800F017F914
:107DA00000BF0837BD4680BD80B584B000AF7860A5
:107DB0007868FFF7E3FDF860FB6888331846FFF743
:107DC00095FDF868FFF7FBFDFB689B6FDB68002BF8
:107DD00005D0FB689B6FDB68F868984702E0F8689D
:107DE000FFF7CCFFF868FFF71EFEFB6888331846E4
:107DF000FFF7A4FD00BF1037BD4680BD80B584B03D
:107E000000AF78607868FFF7B9FDF860FB688833E9
:107E10001846FFF76BFDF868FFF7DBFDFB689B6F0B
:107E20001B69002B05D0FB689B6F1B69F86898479E
:107E300002E0F868FFF7A2FFF868FFF7F4FDFB68BF
:107E400088331846FFF77AFD00BF1037BD4680BD66
:107E500080B584B000AF78600B46FB707868FFF7A0
:107E60008DFDF860FB6888331846FFF73FFDFB780F
:107E70001946F868FFF7B7FDFB689B6F5B69002B3D
:107E800007D0FB689B6F5B69FA781146F8689847E2
:107E900002E0F868FFF772FFF868FFF7C4FDFB68BF
:107EA00088331846FFF74AFD00BF1037BD4680BD36
:107EB00080B584B000AF78607868FFF75FFDF86048
:107EC000FB6888331846FFF711FDF868FFF797FD48
:107ED000FB689B6F9B69002B05D0FB689B6F9B69C0
:107EE000F868984702E0F868FFF748FFF868FFF77E
:107EF0009AFDFB6888331846FFF720FD00BF103756
:107F0000BD4680BD80B584B000AF78607868FFF76B
:107F100035FDF860FB6888331846FFF7E7FCF86822
:107F2000FFF777FDF868FFF729FFF868FFF77BFD9B
:107F3000FB6888331846FFF701FD00BF1037BD46C8
:107F400080BD00BF80B483B000AF78607B68012241
:107F500083F8922000BF0C37BD465DF8047B704764
:107F600080B483B000AF78607B68002283F89220F1
:107F700000BF0C37BD465DF8047B704780B483B00A
:107F800000AF786000BF0C37BD465DF8047B7047DA
:107F900080B483B000AF78600B46FB7000BF0C3735
:107FA000BD465DF8047B704780B582B000AF786055
:107FB0007B6893F8903083F00103DBB2002B02D092
:107FC000786800F0D7FE00BF0837BD4680BD80B599
:107FD00082B000AF78607B6893F8903083F0010343
:107FE000DBB2002B03D0786800F0C4FE03E0044944
:107FF0007868FFF7BDFD00BF0837BD4680BD00BFF4
:10800000EC33050080B483B000AF7860396000BF06
:108010000C37BD465DF8047B704780B485B000AF77
:10802000F860B9607A6000BF1437BD465DF8047B24
:10803000704780B485B000AFF860B9607A6000BF67
:108040001437BD465DF8047B704780B485B000AF3F
:10805000F860B9607A6000BF1437BD465DF8047BF4
:10806000704780B483B000AF786000BF0C37BD4666
:108070005DF8047B704780B483B000AF78603960EE
:1080800000BF0C37BD465DF8047B704780B483B0F9
:1080900000AF7860396000BF0C37BD465DF8047BE7
:1080A000704780B485B000AFF860B9607A6000BFF7
:1080B0001437BD465DF8047B704790B587B000AFBC
:1080C000F860B9607A603B603A687968F868FFF7F1
:1080D000B0FFFB681B6B9C68F8683B687A68B968FE
:1080E000A04778617969F868FFF78CFF7B691846CB
:1080F0001C37BD4690BD80B586B000AFF860B96052
:108100007A607A68B968F868FFF79FFFFB681B6BB5
:10811000DB68F8687A68B968984778617969F868BF
:10812000FFF770FF7B6918461837BD4680BD80B5E4
:1081300084B000AF78607868FFF793FF7B681B6BB3
:108140001B697A6810469847F860F9687868FFF705
:1081500059FFFB6818461037BD4680BD80B586B014
:1081600000AFF860B9607A607968F868FFF783FF5C
:10817000FB681B6B5B69F8687A68B9689847786137
:108180007A687969F868FFF748FF7B6918461837FD
:10819000BD4680BD80B584B000AF78603960396875
:1081A0007868FFF773FF7B681B6B5B6C002B08D054
:1081B0007B681B6B5B6C7A68396810469847F8607F
:1081C00002E06FF05E03FB60F9687868FFF71AFF62
:1081D000FB6818461037BD4680BD80B586B000AF3D
:1081E000F860B9607A607A68B968F868FFF759FF93
:1081F000FB681B6B9B6CF8687A68B9689847786174
:108200007969F868FFF7FEFE7B6918461837BD46A6
:1082100080BD80B588B000AF786039607B68B3F806
:10822000A0303B817B68B3F8A2307B817B68D3E9C7
:108230002623C7E904233B681A6B07F10803194694
:108240007868FFF7CAFF034618462037BD4680BD51
:1082500080B586B000AFF860B9607A607B680133A2
:108260007B60BB681B697A689A4217D27A68B968E2
:10827000F86800F033F978617B69002B39D0F86831
:10828000FFF725FD7B6913F13E0F03D1F868FFF777
:10829000F6FC2EE0F868FFF79AFE2AE0BB681B6B3D
:1082A000002B0ED0B968F868FFF7B3FF78617B69DF
:1082B000002B06D0F868FFF70AFDF868FFF787FE85
:1082C00017E0BB68DB68002B0DD0BB689B68BA6801
:1082D000D26813443B61F868FFF7F9FC3969F86824
:1082E000FFF766FC05E0F868FFF7F1FCF868FFF7B8
:1082F000C6FC1837BD4680BD90B599B000AF786018
:108300007B68DB6FFB657B68D3F88430BB65FB6DF6
:108310005969BA6D1346DB009B1A9B000B447B65C1
:108320000023FB6407F10803402200211846E9F707
:1083300036F87B6D1B8AA7F8423007F1080207F177
:108340004C0319467868FFF709FF38653B6D002B31
:1083500008D1FB6D5B685C68B96DFA6C07F10803C6
:10836000F86DA0473B6D002B0AD03B6D13F1100F49
:1083700006D07868FFF7ABFC7868FFF728FE05E0C9
:10838000BA6DF96D7868FFF763FF00BF00BF64370F
:10839000BD4690BD90B585B000AF78607B68DB6F5F
:1083A000FB607B68D3F88430BB60FB685B685C680B
:1083B000B96800230022F868A047BA68F9687868AD
:1083C000FFF746FF00BF1437BD4690BD90B585B09E
:1083D00000AF78600B46FB707B68DB6FFB607B68EF
:1083E000D3F88430BB60FB685B685C68B9680023C5
:1083F0000022F868A047BA68F9687868FFF728FF94
:1084000000BF1437BD4690BD90B587B000AF78600F
:108410007B68DB6F7B617B68D3F884303B617B6971
:1084200059693A691346DB009B1A9B000B44FB60B9
:10843000FB689B68B3F1FF3F21D17868FFF777FEB7
:10844000B860BB6813F1100F18D07B695B685C687B
:108450000023002239697869A047BB68002B06D049
:108460007868FFF734FC7868FFF7B1FD07E03B69F7
:108470001A4679697868FFF7EBFE00E000BF1C3709
:10848000BD4690BD90B585B000AF78607B68DB6F6E
:10849000FB607B68D3F88430BB60FB685B68DC689A
:1084A000B9687B68D3F880200023F868A0477B6810
:1084B0000022C3F88020BA68F9687868FFF7C8FE20
:1084C00000BF1437BD4690BD80B483B000AF786064
:1084D00000BF0C37BD465DF8047B704790B589B08E
:1084E00000AFF860B9607A60FB687A68C3F88420EE
:1084F000BB6859697A681346DB009B1A9B000B44E2
:10850000FB61FB691B7883F00103DBB2002B2AD0EF
:10851000FB691B7B03F00203002B02D06FF01503F5
:1085200069E0FB699B69002B0BD0FB699B691946CD
:10853000F868FFF72FFE78617B69002B01D07B691B
:1085400059E0FB69043300221946F868FFF7D3FDB0
:1085500078617B69002B01D07B694CE02849F86881
:10856000FFF706FB46E0FB699B68002B02D06FF02B
:10857000150340E0BB685B689B687A681146B86881
:108580009847B861FB699B69002B13D0FB699B6915
:108590001946F868FFF7FEFD78617B69002B09D06A
:1085A000BB685B68DC6879680223BA69B868A04771
:1085B0007B6920E0FB691A1D0023B969F868FFF7A1
:1085C0007CFD78617B69002B09D0BB685B68DC6847
:1085D00079680223BA69B868A0477B690BE0FB6839
:1085E000BA69C3F88020F868F9F70FFF0549F86801
:1085F000FFF7BEFA002318462437BD4690BD00BFE2
:10860000203405005434050080B586B000AF786092
:10861000396001237B613B681B69002B03D03B68F9
:108620005B69002B1DD16FF0150338E03B68596979
:108630007A691346DB009B1A9B000B44FB60FB68C6
:108640001B7883F00103DBB2002B07D0FB689B682B
:10865000B3F1FF3F02D16FF0150320E07B690133D6
:108660007B613B681A697B699A42DFD83B681B6B68
:10867000002B0ED03B6803F118013B681B6B1A46B8
:108680007868FFF7AAFD38613B69002B01D03B6990
:1086900005E0002239687868FFF720FF0346184696
:1086A0001837BD4680BD00BF80B586B000AF78608A
:1086B00039607B68DB6F7B617B69DB683B617B6971
:1086C0009A683B691344FB603B68002B15D07868BF
:1086D000FFF7FDFA3B68012B03D07868FFF777FCC2
:1086E0000CE03B69002B04D0F9687868FFF760FA6A
:1086F00004E07868FFF7C3FA00E000BF1837BD4612
:1087000080BD80B584B000AF78607B68DB6FBB60F4
:10871000BB685B689B68002B06D0BB685B689B6886
:10872000B8689847F86002E06FF05E03FB60F96894
:108730007868FFF7B9FF00BF1037BD4680BD80B530
:1087400084B000AF78607B68DB6FBB60BB685B6840
:10875000DB68002B06D0BB685B68DB68B8689847AD
:10876000F86002E06FF05E03FB60F9687868FFF77D
:108770009BFF00BF1037BD4680BD80B584B000AF01
:1087800078600B46FB707B68DB6FBB60BB685B6827
:108790001B69002B08D0BB685B681B69FA7811461F
:1087A000B8689847F86002E06FF05E03FB60F96814
:1087B0007868FFF779FF00BF1037BD4680BD80B5F0
:1087C00084B000AF78607B68DB6FFB60FB685B6840
:1087D0005B69F8689847B860B9687868FFF764FF24
:1087E00000BF1037BD4680BD80B584B000AF786053
:1087F0007B68DB6FBB60BB685B689B69002B06D046
:10880000BB685B689B69B8689847F86002E06FF0E6
:108810005E03FB60F9687868FFF746FF00BF10371A
:10882000BD4680BD80B584B000AF78607B68DB6FEB
:10883000FB60FB685B68DB69002B09D0FB685B6849
:10884000DB69F8689847B860B9687868FFF72CFF6B
:1088500000BF1037BD4680BD80B582B000AF7860E4
:1088600039600A497868FFF783F93B685B685B68A1
:10887000002B06D03B685B685B6838689847034606
:1088800000E0002318460837BD4680BD843405004B
:1088900080B582B000AF78607868FFF718FA786822
:1088A000FFF7EDF900BF0837BD4680BD80B582B047
:1088B00000AF786003497868FFF75AF900BF0837BE
:1088C000BD4680BDB434050080B483B000AF78608D
:1088D000396000BF0C37BD465DF8047B704780B43B
:1088E00085B000AFF860B9607A6000BF1437BD464C
:1088F0005DF8047B704780B485B000AFF860B96064
:108900007A6000BF1437BD465DF8047B704780B4C1
:1089100083B000AF786000BF0C37BD465DF8047BC4
:10892000704780B483B000AF7860396000BF0C3707
:10893000BD465DF8047B704780B586B000AFF86037
:10894000B9607A607A68B968F868FFF7D4FFFB68A5
:108950001B6BDB68F8687A68B96898477861796951
:10896000F868FFF7B1FF7B6918461837BD4680BD30
:1089700080B584B000AF78607868FFF7C8FF7B6887
:108980001B6B1B697A6810469847F860F96878682D
:10899000FFF79AFFFB6818461037BD4680BD80B5CB
:1089A00086B000AFF860B9607A607968F868FFF760
:1089B000B8FFFB681B6B5B69F8687A68B968984711
:1089C00078617A687969F868FFF789FF7B691846EA
:1089D0001837BD4680BD80B582B000AF786078683A
:1089E000FFF775F97868FFF74AF900BF0837BD4609
:1089F00080BD80B483B000AF786000BF0C37BD4647
:108A00005DF8047B704790B597B000AF78607B68E5
:108A1000DB6F7B650023FB6407F108034022002124
:108A20001846E8F7BCFC0423A7F8423007F1080217
:108A300007F14C0319467868FFF7B1FF38653B6DC5
:108A4000002B13D17B6D5B685C68FA6C07F108033F
:108A50000021786DA047B7F8423003F48063002B03
:108A600004D00C497868FFF783F810E07868FFF7C6
:108A70002EF93B6D002B07D03B6D13F1100F03D087
:108A80007868FFF7A4FA02E07868FFF7F8F85C3737
:108A9000BD4690BDEC34050080B582B000AF786073
:108AA0000B46FB707868FFF712F97868FFF7E7F874
:108AB00000BF0837BD4680BD80B584B000AF786088
:108AC0007868FFF755FFF860FB6813F1100F0DD0C1
:108AD0007868FFF7FCF8FB68002B03D07868FFF795
:108AE00076FA04E07868FFF7CAF800E000BF1037B4
:108AF000BD4680BD80B586B000AF7860396007F1B3
:108B0000080300221A605A609A604FF0FF33FB603E
:108B100002233B7407F10803002219467868FFF727
:108B20000BFF78617B69002B01D07B6904E004496D
:108B30007868FFF71DF8002318461837BD4680BD3A
:108B40001835050080B582B000AF78607B685B683F
:108B5000002B05D1074B084A40210848D6F72DFBCA
:108B60007B685B681846E5F78BFD00BF0837BD469C
:108B700080BD00BF403505001036050050350500AA
:108B800080B485B000AF786039607B68FB603B687B
:108B9000BB60BB681A46FB68BFF35B8F1A60BFF30C
:108BA0005B8F00BF1437BD465DF8047B704780B40F
:108BB00083B000AF7860396000BF0C37BD465DF808
:108BC000047B704780B483B000AF786000BF0C377F
:108BD000BD465DF8047B704780B483B000AF786019
:108BE00000BF0C37BD465DF8047B704780B483B08E
:108BF00000AF786000BF0C37BD465DF8047B70475E
:108C000080B584B000AF78607868FFF7E5FF7B68D7
:108C10001B6B1B687A6810469847F860F96878689B
:108C2000FFF7C5FFFB6818461037BD4680BD80B50D
:108C300082B000AF78607868FFF7D8FF7B681B6B65
:108C40005B687A68104698477868FFF7BBFF00BFFB
:108C50000837BD4680BD80B582B000AF78607868C7
:108C6000F9F7E5F97B68002283F891207B68683387
:108C70001846F7F769FA7B68703300211846FFF74A
:108C80007FFF7B6844331846FFF75CFF00BF08375F
:108C9000BD4680BD80B483B000AF78607B680122A0
:108CA00083F8912000BF0C37BD465DF8047B704708
:108CB00080B584B000AF78600123FB60024B034AAB
:108CC0002B210348D6F779FA9435050018360500AC
:108CD0009C35050080B582B000AF78600B46FB7014
:108CE0007868FFF7E5FF00BF0837BD4680BD80B557
:108CF00084B000AF78607B6893F89030002B2FD061
:108D00007868FFF77DFFF860FB68002B12D1786868
:108D1000FEF7B5FF7B6893F89230002B20D000BFA0
:108D20007B68002283F890207B689B6F5B6A786881
:108D3000984700E000BF7B6893F89130BB607B6888
:108D400093F8913083F00103DBB2002B05D1064B81
:108D5000064A4B210648D6F730FABB68002B00E0E4
:108D600000BF1037BD4680BDCC3505003836050044
:108D70009C35050080B582B000AF78607868FFF759
:108D800056FF7868FEF7B6FF786801F095FC044955
:108D90007868FEF7EDFE00BF0837BD4680BD00BF16
:108DA000E835050080B582B000AF78607868E5F7F7
:108DB000AFFC00BF0837BD4680BD80B582B000AFB4
:108DC00078607868FFF7EEFF00BF0837BD4680BDCA
:108DD00080B582B000AF78607868FFF7EEFF00BF23
:108DE0000837BD4680BD80B483B000AF786039607D
:108DF00000BF0C37BD465DF8047B704780B485B07A
:108E000000AFF860B9607A6000BF1437BD465DF806
:108E1000047B704780B485B000AFF860B9607A60B9
:108E200000BF1437BD465DF8047B704780B483B043
:108E300000AF7860396000BF0C37BD465DF8047B39
:108E4000704790B587B000AFF860B9607A603B605A
:108E50003A687968F868FFF7DDFFFB681B6B9C6870
:108E6000F8683B687A68B968A04778617969F868FA
:108E7000FFF7B9FF7B6918461C37BD4690BD80B52A
:108E800086B000AFF860B9607A607968F868FFF77B
:108E9000CDFFFB681B6B5B69F8687A68B968984717
:108EA00078617A687969F868FFF7A8FF7B691846E6
:108EB0001837BD4680BD90B585B000AF78607B683F
:108EC000DB6FFB60FB685B68DC687B68D3F8802045
:108ED00000230021F868A0477B680022C3F88020A7
:108EE0007868FEF7F4FE7868FEF7C9FE00BF143715
:108EF000BD4690BD80B483B000AF786000BF0C3732
:108F0000BD465DF8047B704790B597B000AF7860C0
:108F10007B68DB6F7B650023FB6407F1080340225D
:108F200000211846E8F73BFA0423A7F8423007F17E
:108F3000080207F14C0319467868FFF7A0FF38656F
:108F40003B6D002B36D1FB6CDB691B7803F007030C
:108F5000022B16D1FB6CDB6902331A787B68D3F8DD
:108F60008030DB6902331B789A420AD17B6D5B68E3
:108F7000DC687B68D3F8802000230021786DA0474F
:108F800009E07B6D5B68DC687B68D3F88020012397
:108F90000021786DA047FB6C1846FFF719FF7B682E
:108FA0000022C3F880207868FEF791FE7868FEF70B
:108FB00066FE02E07868FFF70AF800BF5C37BD463E
:108FC00090BD90B585B000AF78607B68DB6FFB60CB
:108FD000FB685B68DC687B68D3F880200123002194
:108FE000F868A0477B680022C3F880207868FEF705
:108FF0006EFE7868FEF743FE00BF1437BD4690BD95
:1090000080B582B000AF78600B46FB707868FFF7E0
:10901000D8FF00BF0837BD4680BD80B483B000AF25
:10902000786000BF0C37BD465DF8047B704780B4A4
:1090300083B000AF786000BF0C37BD465DF8047B9D
:10904000704790B58BB000AF786039603B685B6863
:109050009B6800213868984778627B6ADB691B78D7
:1090600003F0200387F8233007F1080300221A6079
:109070005A609A60DA601A6197F82330002B06D0A4
:109080007B685A6813465B0013449B0000E0002392
:10909000FB6007F108020023796A7868FFF7D1FEC8
:1090A000F861FB69002B09D03B685B68DC68022330
:1090B0007A6A00213868A047FB6914E07B687A6A05
:1090C000C3F880207868F9F7A0F997F82330002BCF
:1090D00004D007497868FEF74BFD03E0054978683E
:1090E000FEF746FD002318462C37BD4690BD00BF55
:1090F000983605006836050080B588B000AFF86086
:10910000B9607A60FB685B6A1B68FB610223BB6124
:10911000FA69BB681A44BB69134479681846F6F7C4
:1091200089FE78617B69002B01D1002304E0F96995
:109130007869F6F7BDFE7B6918462037BD4680BDCD
:1091400080B485B000AF03463960FB803B68FB60AC
:10915000FB685A1CFA60FA88D2B21A70FB881B0AA4
:1091600099B2FB685A1CFA60CAB21A7000BF143771
:10917000BD465DF8047B704780B485B000AF786071
:109180007B68FB60FB681B789AB2FB6801331B7835
:109190009BB21B029BB213439BB218461437BD46C9
:1091A0005DF8047B704780B483B000AF78607B6863
:1091B0005A6A7B681B6AD31A18460C37BD465DF89D
:1091C000047B704780B485B000AF78607B6808335B
:1091D000FB60FB6800221A707B685B699AB2FB68CF
:1091E0009A8000BF1437BD465DF8047B704780B598
:1091F00084B000AF78600B46FB707B680833BB60BF
:10920000FB78002B26D00023FB73BB681B78012B57
:109210000BD100227F21786800F022F80346002B52
:109220000CBF01230023FB730EE0BB681B78012BEE
:109230000AD900220F21786800F06CF80346002B51
:109240000CBF01230023FB73FB7B002B02D06FF0CC
:10925000680301E0BB689B8818461037BD4680BD97
:1092600080B588B000AFF860B9607A60FB680833F9
:10927000FB617B687F2B8CBF01230023DBB2002BBB
:1092800001D0002342E0F868FFF78DFF03461A463D
:109290007B6802339A4234BF01230023DBB2002BE8
:1092A00001D0002332E0FB691B78002B0AD1FB6858
:1092B000DB6901331A78FB68DB69013342F0020293
:1092C000D2B21A70FB6901221A707B681BB203F0DC
:1092D0007F031AB2BB68DB011BB203F4FF431BB26E
:1092E00013431BB27B837B6802331946F868F6F799
:1092F00019FE78617B8B79691846FFF721FFFB68BF
:109300005B699AB2FB699A807B6902331846203701
:10931000BD4680BD80B588B000AFF860B9607A60A6
:10932000FB680833BB610023FB77BB691B78012B0B
:1093300001D80123FB777B6840F2FF7293428CBF18
:1093400001230023DBB2002B01D0002350E0F8689A
:10935000FFF729FF03461946FB7F002B01D00422AB
:1093600000E002227B681344994234BF01230023AA
:10937000DBB2002B01D000233AE0BB691B78002B45
:109380000AD1FB68DB6901331A78FB68DB690133BA
:1093900042F00202D2B21A70FB7F002B04D00022EE
:1093A0007E21F868FFF75CFFBB6902221A707B68B8
:1093B0001BB2C3F30A031AB2BB68DB021BB203F48D
:1093C000F0431BB213431BB26FEA43436FEA5343AC
:1093D0001BB2FB827B6802331946F868F6F7A2FDE0
:1093E0003861FB8A39691846FFF7AAFE3B690233E8
:1093F00018462037BD4680BD80B58AB000AFF86002
:10940000B9607A60FB680833FB61BB680F2B1FDC17
:109410007B6840F2FF7293428CBF01230023DBB2D2
:10942000002B01D000238EE07B681BB2C3F30A033C
:109430001AB2BB68DB021BB203F4F0431BB2134346
:109440001BB26FEA43436FEA53431BB2FB8416E03F
:109450007B68FF2B8CBF01230023DBB2002B01D0E4
:10946000002370E07B681BB2DBB21AB2BB681B0240
:109470001BB203F4FE431BB213431BB2FB84FB6914
:109480001B78032B1DD07B6802331A460121F86834
:10949000FFF740FF38623B6A002B0CBF012300231B
:1094A000DBB2002B01D000234DE0FB6903221A70D0
:1094B0003B6A9A1EFB68DB69D31A9AB2FB695A8031
:1094C0003AE0FB68DB69FA6952881344BB61B8690A
:1094D000FFF752FE0346FB82FB8AC3F30A033B619C
:1094E0003A697B68134402333B613B6940F2FF7287
:1094F0009342CCBF01230023DBB2002B01D0002319
:1095000021E0B7F9163023F4FF6323F007031AB202
:109510003B691BB2C3F30A031BB213431BB2FB82AA
:10952000FB8AB9691846FFF70BFE7B6802331946C0
:10953000F868F6F7F7FC3862FB8C396A1846FFF7D3
:10954000FFFD3B6A023318462837BD4680BD80B513
:1095500084B000AF786039600023FB737B685B697F
:10956000012B1BD83B68DB68002B02D06FF0150382
:10957000ACE07B685B69002B02D06FF04C03A5E088
:109580003B6801221A703B6800225A703B68002237
:109590005A603B6800229A60012397E07B68DB6990
:1095A0001846FFF7E9FD0346BB8102217868F6F70C
:1095B00043FD3B68DB68002B2FD03B6803225A70C9
:1095C000B7F90C30002B0BDABB89DB1203F00F026A
:1095D0003B685A60BB89C3F30A023B689A6009E0A2
:1095E000BB891B1203F07F023B685A60BB89DAB269
:1095F0003B689A603B68DA683B689B6802339A4232
:1096000002D26FF04C0361E03B68DA683B689B680C
:10961000D31A9A1E3B68DA6057E0B7F90C30DB4387
:109620009BB2DB0BFB723B681B7883F00103DBB260
:10963000FA7A9A4202D06FF04C0347E0FB7A002B93
:109640001DD03B6801225A70BB89DB11DAB23B683E
:109650005A60BB8903F07F023B689A603B685B6895
:109660007E2B02D13B6801221A703B685B687F2B1E
:1096700022D13B6801221A700123FB731CE03B6876
:1096800002225A70BB89DB1203F00F023B685A605A
:10969000BB89C3F30A023B689A603B685B680F2B87
:1096A00002D10123FB7307E03B685B68012B03D108
:1096B0003B689A683B68DA607B685A693B689B68DC
:1096C0009A4202D26FF04C0300E0FB7B1846103741
:1096D000BD4680BD80B485B000AF78607B68BFF3C5
:1096E0005B8F53E8002F02F1010143E800100028CE
:1096F000F7D1BFF35B8FFA60FB680133FB60FB6857
:1097000018461437BD465DF8047B704780B483B0BB
:1097100000AF78607B68BFF35B8F53E8002F02F1E6
:10972000FF3243E800210029F7D1BFF35B8F00BF70
:109730000C37BD465DF8047B704780B582B000AF42
:1097400078600020E4F7F8FE02467B681A6000BFEC
:109750000837BD4680BD80B582B000AF78607B68B9
:10976000002B05D10D4B0E4A22210E48D5F725FDC1
:109770007B681B68002B05D10020E4F7DDFE024664
:109780007B681A607B681B684FF0FF311846E4F76E
:10979000D7FE00BF0837BD4680BD00BFC0360500FC
:1097A000BC380500C836050080B582B000AF7860CF
:1097B0007B68002B03D07B681B68002B05D1074B0F
:1097C000074A2A210748D5F7F8FC7B681B6818462A
:1097D000E4F7E2FE00BF0837BD4680BD0C37050048
:1097E000C8380500C836050080B582B000AF786083
:1097F0007B68002B03D07B681B68002B05D1074BCF
:10980000074A30210748D5F7D8FC7B681B68184603
:10981000E4F7EAFE00BF0837BD4680BD0C370500FF
:1098200028390500C836050080B483B000AF7860E1
:109830007B681B7818460C37BD465DF8047B704783
:1098400080B582B000AF78607B685B68002B05D084
:109850000C4B0D4A31210D48D5F7AFFC01210020FA
:10986000E4F7CEFE02467B685A607B685B680021A5
:109870001846E4F7D9FE7B6800221A7000BF08374B
:10988000BD4680BD28370500F03805003837050093
:1098900080B582B000AF78607B685B68002B05D133
:1098A000074B084A3A210848D5F787FC7B685B6874
:1098B0001846E4F70DFF00BF0837BD4680BD00BF66
:1098C0007C370500383905003837050080B582B08F
:1098D00000AF786039607B68002B05D1064B074AE2
:1098E0001F210748D5F769FC7B683A681A6000BFFA
:1098F0000837BD4680BD00BF8C3705000439050020
:109900009037050080B483B000AF78607B6818465C
:109910000C37BD465DF8047B704780B483B000AF60
:1099200078607B688C3B18460C37BD465DF8047B3D
:10993000704780B485B000AFF860B9607A6000BF4E
:109940001437BD465DF8047B704780B483B000AF28
:10995000786000BF0C37BD465DF8047B704780B56A
:1099600084B000AF786039607868FFF7EEFF7B68FD
:109970001B6B5B6A7A68396810469847F8603B68E9
:109980001B681A46F9687868FFF7D3FFFB6818462A
:109990001037BD4680BD80B582B000AF78603960B9
:1099A0007B681B6B9B6A7A68396810469847024649
:1099B0000B46104619460837BD4680BD80B584B0B9
:1099C00000AFF860C7E90023FB681B6BD96AF86831
:1099D000D7E900238847034618461037BD4680BDA7
:1099E00080B584B000AFF860B9607A60FB681B6B2B
:1099F0001B6BF8687A68B968984702460B461046B0
:109A000019461037BD4680BD80B586B002AFF860FC
:109A1000C7E90023FB681B6B596BF868D7E906237D
:109A2000CDE90023D7E90023884702460B461046BC
:109A300019461037BD4680BD80B584B000AF786050
:109A40007868FFF76AFFF860FB6888331846FFF70D
:109A500082FEFB6893F89130002B02D0F868F8F78B
:109A6000BFFCFB6888331846FFF79EFE00BF103727
:109A7000BD4680BD80B588B000AF786039603B6876
:109A8000002B1BD03B681B68002B17D03B685B6822
:109A9000002B13D03B689B68002B0FD03B68DB6822
:109AA000002B0BD03B681B69002B07D03B685B6920
:109AB000002B03D03B689B69002B01D1012300E000
:109AC0000023FB613B68002B1BD03B681B68002B0D
:109AD00017D03B685B68002B13D03B689B68002B5A
:109AE0000FD03B68DB68002B0BD03B681B69002B59
:109AF00007D03B685B69002B03D03B689B69002B58
:109B000005D1334B334A41213348D5F756FBFB6926
:109B1000002B14BF01230023DBB2002B01D0002354
:109B200051E07B68C033BB612C49B869F7F77AFE16
:109B300078617B69002B01D1002344E02848FFF7BE
:109B4000C9FD38613B69002B07DA2548FFF7DEFDC8
:109B50007869F7F78BFE002335E07B69DB68FB60F3
:109B6000FB687A69DA62FB687A695A62FB6803F11A
:109B7000C002FB689A62FB683A681A633B695A1E26
:109B8000FB685A63FB6844331846FFF759FEFB68CD
:109B900088331846FFF7D1FDFB688C33114918460E
:109BA000FFF794FEFB6888331846FFF7D4FDF8688A
:109BB000F8F7CFF9F868FDF75CFFFB6888331846C3
:109BC000FFF7F2FDFB6818462037BD4680BD00BF99
:109BD000D8370500D838050068380500903A0500E8
:109BE00090E30020399A040080B584B000AF78601B
:109BF0007868FFF787FEF860FB6888331846FFF740
:109C0000AAFDF868FDF764FFF868F8F7C0F9FB688B
:109C100088331846FFF7C8FDFB6888331846FFF7FE
:109C2000E3FDFB6844331846FFF7FEFD0346002BB7
:109C300014BF01230023DBB2BB60FB68443318462A
:109C4000FFF7F2FD0346002B05D00B4B0B4A6F21AB
:109C50000B48D5F7B2FABB68002BFB6844331846B3
:109C6000FFF716FEFB68DB6A1846F7F7FFFD00BF3B
:109C70001037BD4680BD00BF94380500103905007F
:109C80006838050080B584B000AF78607868FFF769
:109C900039FEF8607B685B6A5A687B685B6A42F0F1
:109CA00008025A60FB68DB6A1846F7F7ECFDB860FB
:109CB000BB68002B01D0BB681EE0FB68DB6A1B6938
:109CC000D3E90023F968C1E92623FB684FF6FF7248
:109CD000A3F8A020FB684FF6FF72A3F8A220084863
:109CE000FFF739FDFB683C3306491846F5F74CFB96
:109CF0000348FFF759FD002318461037BD4680BDC5
:109D00008CE300207827002080B584B000AF786015
:109D10007868FFF7F7FDF8601048FFF71CFDFB6857
:109D20003C331846F5F749FB0C48FFF73DFDFB684F
:109D3000DB6A1846F7F7BAFDFB6888331846FFF769
:109D40000AFDF868F8F780F9FB6888331846FFF7D2
:109D50002BFD00BF1037BD4680BD00BF8CE3002047
:109D600080B584B000AF78607868FFF7CBFDF8600D
:109D7000FB68D3E92623104619461037BD4680BD3F
:109D800080B584B000AF78607868FFF7BBFDF860FD
:109D9000FB68B3F8A03018461037BD4680BD80B5CB
:109DA00084B000AF78607868FFF7ACFDF860FB68BE
:109DB000B3F8A23018461037BD4680BD80B584B0D8
:109DC00000AF786039607868FFF79CFDF860FB6849
:109DD00093F8913083F00103DBB2002B02D06FF0D7
:109DE000720304E03968F868FFF7B9FD03461846C6
:109DF0001037BD4680BD80B584B000AF7860396053
:109E00007868FFF77FFDF8603968F868FFF7C3FDF1
:109E100002460B46104619461037BD4680BD80B538
:109E200086B000AFF860C7E90023F868FFF76AFD65
:109E30007861D7E900237869FFF7C0FD034618462B
:109E40001837BD4680BD80B586B000AFF860B960F8
:109E50007A60F868FFF756FD78617A68B9687869C2
:109E6000FFF7BEFD02460B46104619461837BD46A1
:109E700080BD80B588B002AFF860C7E90023F868FC
:109E8000FFF740FD7861D7E90823CDE90023D7E942
:109E900000237869FFF7B8FD02460B4610461946C5
:109EA0001837BD4680BD80B584B000AF7860002310
:109EB000FB601048FFF74FFC0F4B1B683C3BBB603F
:109EC0000BE0BB685B6B7A689A4202DCBB68FB60A4
:109ED00008E0BB68DB6B3C3BBB60BB683C33064ABD
:109EE0009342EED10348FFF75FFCFB68184610373A
:109EF000BD4680BD8CE300207827002080B584B06B
:109F000000AFF6F783FDF860FB68002B01D0FB681B
:109F10004AE0F8F769FCF860FB68002B14BF0123E6
:109F20000023DBB2BB60FB68002B06D0204B214A2C
:109F300040F203112048D5F740F9BB68002B14BF4D
:109F400001230023DBB2002B01D0FB682CE002F0E0
:109F500021FAF860FB68002B14BF01230023DBB259
:109F60007B60FB68002B06D0114B124A40F20511B2
:109F70001148D5F722F97B68002BF8F783FDF860CC
:109F8000FB68002B14BF01230023DBB23B60FB689E
:109F9000002B06D0064B074A40F207110648D5F7BA
:109FA0000CF93B68002BFB6818461037BD4680BD96
:109FB000B4380500503905006838050080B500AF99
:109FC000F8F76AFD02F0F4F9F8F718FCF6F726FD49
:109FD00000BF80BD80B582B000AF78607B68002B89
:109FE00005D10D4B0D4A22210D48D5F7E6F87B68C7
:109FF0001B68002B05D10020E4F79EFA02467B681F
:10A000001A607B681B684FF0FF311846E4F798FA36
:10A0100000BF0837BD4680BD60390500E83A05003D
:10A020006839050080B582B000AF78607B68002B8E
:10A0300003D07B681B68002B05D1074B074A2A21F8
:10A040000748D5F7BAF87B681B681846E4F7A4FA06
:10A0500000BF0837BD4680BDAC390500F43A0500A5
:10A060006839050080B582B000AF78607B68002B4E
:10A0700003D07B681B68002B05D1074B074A2521BD
:10A080000748D5F79AF87B681B687868984700BF3F
:10A090000837BD4680BD00BFC8390500143B050028
:10A0A000E039050080B485B000AF78607B68BFF30D
:10A0B0005B8F53E8002F02F1010143E800100028F4
:10A0C000F7D1BFF35B8FFA60FB680133FB60FB687D
:10A0D00018461437BD465DF8047B704780B483B0E2
:10A0E00000AF7860396000BF0C37BD465DF8047B77
:10A0F000704780B483B000AF7860084611461A46B6
:10A100000346FB700B46BB7013467B7000BF0C37D9
:10A11000BD465DF8047B704780B485B000AFF86041
:10A12000B9607A6000BF1437BD465DF8047B7047A4
:10A1300080B483B000AF78600B46FB7000BF0C3773
:10A14000BD465DF8047B704780B483B000AF786093
:10A150000B46FB7000BF0C37BD465DF8047B7047B3
:10A1600090B585B000AF7860084611461A460346A0
:10A17000FB700B46BB7013467B707B78BA78F9781E
:10A180007868FFF7B6FF7B681B6BDC6B78687B78C1
:10A19000BA78F978A047F860F9687868FFF79EFF09
:10A1A000FB6818461437BD4690BD80B586B000AF39
:10A1B000F860B9607A607A68B968F868FFF7ACFF50
:10A1C000FB681B6B9B6CF8687A68B9689847786184
:10A1D0007969F868FFF782FF7B6918461837BD4632
:10A1E00080BD80B584B000AF78600B46FB70FB7813
:10A1F00019467868FFF79CFF7B681B6B9B6D7A683C
:10A20000F97810469847F860F9687868FFF766FFB4
:10A21000FB6818461037BD4680BD80B584B000AFDE
:10A2200078600B46FB70FB7819467868FFF78CFF67
:10A230007B681B6BDB6D7A68F97810469847F8608D
:10A24000F9687868FFF74AFFFB6818461037BD4683
:10A2500080BD80B586B000AF78607B68DB687B61CD
:10A260007B6993F891303B617B6993F8913083F07F
:10A270000103DBB2002B05D10D4B0E4A25210E4800
:10A28000D4F79BFF3B69002B7B6988331846FFF7A7
:10A29000A1FE7869F7F78EFEF8607B69883318466F
:10A2A000FFF7C0FEFB6818461837BD4680BD00BFEB
:10A2B000283A0500D43A05003C3A050080B584B040
:10A2C00000AF78607B68DB68FB60FB6893F89130D7
:10A2D00083F00103DBB2BB60FB6893F89130002B85
:10A2E00005D1234B234A33212348D4F766FFBB68AB
:10A2F000002BFB6888331846FFF76CFEF868F7F709
:10A3000085FEFB6888331846FFF78CFEFB6893F8E0
:10A31000913083F00103DBB2002B23D1FB680122D3
:10A3200083F84420FB689B6C002B05D1134B114A2A
:10A3300039211148D4F741FFFB689B6C4FF0FF3186
:10A340001846E4F771F9FB6893F8913083F0010344
:10A35000DBB2002B00D1EFE700BFFB68002283F8DF
:10A36000442000E000BF00BF1037BD4680BD00BFE5
:10A37000643A0500043B05003C3A0500783A0500C4
:10A3800080B586B000AF786039607B68DB68FB60C1
:10A390000023FB74FB6893F8913083F00103DBB278
:10A3A000002B03D06FF01F037B6113E0FB68683361
:10A3B00039681846F5F78BFEFB6870331846FFF7CF
:10A3C00071FEB860BB68012BD4BF01230023FB746E
:10A3D00000237B61FB7C002B02D07868F7F79EFAA4
:10A3E000FB688C331846FFF73DFE7B69184618372B
:10A3F000BD4680BD80B483B000AF786039606FF037
:10A400005E0318460C37BD465DF8047B704780B587
:10A4100084B000AF78600B46FB701346BB707B685E
:10A42000DB68FB60FB681B6BDB6B002B02D16FF002
:10A430005E0311E0FB6888331846FFF7CBFDBA785E
:10A44000F9780023F868FFF78BFEB860FB68883363
:10A450001846FFF7E7FDBB6818461037BD4680BDBC
:10A4600080B586B000AFF860B9607A60FB68DB68E1
:10A470003B613B691B6B9B6C002B02D16FF05E0351
:10A480003BE03B6988331846FFF7A4FD3B6993F82E
:10A490009130002B03D06FF00F037B6127E07A68C7
:10A4A000B9683869FFF781FE78617B69002B1ED19E
:10A4B0007B6803F00403002B04D0BB681A883B6957
:10A4C000A3F8A0207B6803F00103002B04D0BB6835
:10A4D0005A883B69A3F8A2207B6803F00203002B93
:10A4E00005D0BB68D3E902233969C1E926233B695A
:10A4F00088331846FFF796FD7B6918461837BD4626
:10A5000080BD80B485B000AF78600B46FB707B687F
:10A51000DB68FB6097F90330002B03DB97F903300E
:10A52000072B02DD6FF0150304E0FB68FA7883F86F
:10A53000A420002318461437BD465DF8047B7047FD
:10A5400080B584B000AF78600B46FB707B68DB6839
:10A55000FB60FB681B6B9B6D002B02D16FF05E03F1
:10A5600010E0FB6888331846FFF734FDFB78194686
:10A57000F868FFF736FEB860FB6888331846FFF7C7
:10A5800051FDBB6818461037BD4680BD80B586B00A
:10A5900000AFF860C7E90023FB68DB687B617B697B
:10A5A0001B6BDB6D002B0ED07B6988331846FFF7E1
:10A5B00011FD01217869FFF730FE7B698833184669
:10A5C000FFF730FD00E000BF1837BD4680BD80B505
:10A5D00084B000AF78607B68DB68FB60FB681B6B56
:10A5E000DB6D002B0ED0FB6888331846FFF7F2FCBA
:10A5F0000021F868FFF711FEFB6888331846FFF763
:10A6000011FD00E000BF1037BD4680BD80B582B0AF
:10A6100000AF78607868E4F77BF800BF0837BD4684
:10A6200080BD80B584B000AFF860B9607A60B96869
:10A63000F868E6F7E6FD034618461037BD4680BDCC
:10A6400080B483B000AF78607B6818460C37BD4695
:10A650005DF8047B704780B483B000AF78607B689E
:10A6600018460C37BD465DF8047B704780B483B054
:10A6700000AF786039607A683B68D31ADB0FDBB2D1
:10A6800018460C37BD465DF8047B704780B483B034
:10A6900000AF7860396000BF0C37BD465DF8047BC1
:10A6A000704780B483B000AF7860396000BF0C376A
:10A6B000BD465DF8047B704780B582B000AF78601E
:10A6C0007B685B6D002B0AD07B6800229A657B68F3
:10A6D0005B6D1846FFF79AFF7B6800225A6500BF42
:10A6E0000837BD4680BD80B58CB000AF786039605A
:10A6F00007F10803BB627B684C337B62396878687A
:10A70000FFF7C4FF7B6ADB68002B08D17B6A3A68DD
:10A710001A607B6A00225A603B68FB6205E07B6A34
:10A720001B687A6A52681344FB627B6A00221A61D2
:10A73000BB6AFA6A1A607B6A1A68BB6A5A607B6AEB
:10A740005A68BB6A9A607B6ADA68BB6ADA607B68BF
:10A75000BB617B681B6E3B623B6A1B68DB6A3A68C5
:10A76000B96A386A9847F861FB69002B04D07868A9
:10A77000FFF7A2FFFB6917E07B6ADB68002B08D0BC
:10A780007B6A1B68F96A1846FFF770FF0346002BC7
:10A7900005D07868FFF790FF6FF05E0304E0796AF8
:10A7A0007868FFF77EFF002318463037BD4680BD2E
:10A7B00080B586B000AF786039607868FFF740FFF9
:10A7C00078617B693B617B691B694C33FB607B680B
:10A7D0001B6819463868FFF749FF0346002B02D073
:10A7E0006FF0150307E0FB683A681A60FB681A68A7
:10A7F0003B695A60002318461837BD4680BD80B5B6
:10A8000088B000AFF860B9607A60F868FFF718FFA9
:10A81000F861FB69BB61FB691B694C337B617B6938
:10A82000DB68BA689A4202D96FF0150343E0BB684F
:10A83000002B06D17B68B3F1FF3F02D06FF0150308
:10A8400039E07B69BA68DA607B69DA68BB69DA602B
:10A850007B69DB68002B0AD07B6999687B69DA68C1
:10A8600013465B0013449B000C3B0B4400E00023A9
:10A870003B617B68B3F1FF3F02D03B697A689A6025
:10A880003B69002B03D03B699B68002B07D17B6998
:10A8900000225A607B695A68BB699A600AE03B698A
:10A8A0005A683B699B681A447B695A607B695A689D
:10A8B000BB699A60002318462037BD4680BD80B52D
:10A8C0008AB000AFF860B9607A603B60F868FFF763
:10A8D000B7FE78627B6A3B627B6A1B694C33FB6123
:10A8E000FB69DB68002B0AD0FB699968FB69DA68B1
:10A8F00013465B0013449B000C3B0B4400E0002319
:10A90000BB617B68002B02DB3B68002B02DA6FF037
:10A9100015036EE0BB69002B06D0BB699B68002B5A
:10A9200002D16FF0150364E0BB69002B0AD0BB694C
:10A930005A68BB699B6813447A689A4202DA6FF0DE
:10A94000150356E0BB68002B08D0BB681B68002BC2
:10A9500004D0BB681B685B6A002B02D16FF0150343
:10A9600047E0FB699868FB69DB685A1C13465B008B
:10A9700013449B0000221946FFF753FE78617B6960
:10A98000002B02D16FF00B0333E0FB69DA6813464A
:10A990005B0013449B001A467B6913443B613B698F
:10A9A0007A685A603B693A689A603B69BA681A608B
:10A9B000FB697A699A60FB69DB685A1CFB69DA609B
:10A9C000FB69DA683B6ADA603B68002B07D1FB69F8
:10A9D00000225A60FB695A683B6A9A6008E07A680C
:10A9E0003B681A44FB695A60FB695A683B6A9A6083
:10A9F000002318462837BD4680BD80B584B000AF1F
:10AA000078607868FFF727FEF860F868F7F7E8FCE9
:10AA100000BF1037BD4680BD80B584B000AF786000
:10AA20007868FFF718FEF860FB6893F89130002B08
:10AA300002D0F868F7F7F7FC00BF1037BD4680BDBD
:10AA400080B483B000AF7860012318460C37BD4650
:10AA50005DF8047B704780B483B000AF786000BFBE
:10AA60000C37BD465DF8047B704780B582B000AFFF
:10AA700078607B68002B05D10D4B0E4A22210E48D1
:10AA8000D4F79BFB7B681B68002B05D10020E3F704
:10AA900053FD02467B681A607B681B684FF0FF31EC
:10AAA0001846E3F74DFD00BF0837BD4680BD00BF27
:10AAB000243B0500A43C05002C3B050080B582B07A
:10AAC00000AF78607B68002B03D07B681B68002B8D
:10AAD00005D1074B074A2A210748D4F76EFB7B684C
:10AAE0001B681846E3F758FD00BF0837BD4680BD18
:10AAF000703B0500B03C05002C3B050080B586B0DE
:10AB000000AF786000233B617B68002B13D07B682B
:10AB10001B68002B0FD07B685B68002B0BD07B6819
:10AB20001B69002B07D07B685B69002B03D07B6817
:10AB3000DB6A002B01D1012300E00023FB607B686E
:10AB4000002B13D07B681B68002B0FD07B685B68E1
:10AB5000002B0BD07B681B69002B07D07B685B69DF
:10AB6000002B03D07B68DB6A002B05D12D4B2E4ACE
:10AB700029212E48D4F721FBFB68002B14BF0123A9
:10AB80000023DBB2002B02D06FF0150346E028480B
:10AB9000FFF76BFF274B1B68083B7B612FE07B694E
:10ABA0005A687B685B6819461046E6F74DFC034619
:10ABB000002B0CBF01230023DBB2BB607B695A680A
:10ABC0007B685B6819461046E6F73EFC0346002B9F
:10ABD00005D1194B144A31211448D4F7EEFABB6859
:10ABE000002B14BF01230023DBB2002B03D06FF036
:10ABF0000F033B610EE07B699B68083B7B617B69CF
:10AC000008330C4A9342CAD17B6808330949184675
:10AC1000F4F7BAFB0648FFF751FF3B6918461837AF
:10AC2000BD4680BD8C3B0500843C0500243C0500EE
:10AC300094E3002080270020543C050080B582B0BA
:10AC400000AF78600748FFF710FF7B6808331846AD
:10AC5000F4F7B3FB0348FFF731FF00BF0837BD46E9
:10AC600080BD00BF94E3002080B588B000AFF860DD
:10AC7000B9607A603B600023FB762C48FFF7F5FE55
:10AC80002B4B1B68083BFB6117E0FB695B68B968ED
:10AC90001846E6F7D9FB0346002B0AD1FB691B686F
:10ACA0001846FFF7CDFE0346002B0CD00123FB76A0
:10ACB00009E0FB699B68083BFB61FB6908331C4AA0
:10ACC0009342E2D100E000BF1848FFF7F7FEFB7E99
:10ACD00083F00103DBB2002B01D0002321E0FB69EC
:10ACE0001B69FA681046984778617B69002B06D18A
:10ACF000FB691B681846FFF7AEFE002311E07B6975
:10AD0000FA691A603A687968786900F03EF8034693
:10AD1000002B05D0FB695B6978699847002300E048
:10AD20007B6918462037BD4680BD00BF94E30020F4
:10AD30008027002080B584B000AF78607B681B68F6
:10AD4000FB60FB685B6978689847FB681B6818467E
:10AD5000FFF781FE00BF1037BD4680BD80B584B0CF
:10AD600000AF78607B68002B0BD07B681B68FB60B2
:10AD7000FB689B69002B05D0FB689B697868984746
:10AD800000E000BF1037BD4680BD80B584B000AF85
:10AD9000F860B9607A60BB68002B01D100230FE036
:10ADA000FB681B68DB69002B02D16FF05E0307E0D4
:10ADB000FB681B68DB697A68B968F86898470346DE
:10ADC00018461037BD4680BD90B587B002AFF86019
:10ADD000B9607A603B60FB681B681B6A002B02D17C
:10ADE0006FF05E030AE0FB681B681C6A3B6A009315
:10ADF0003B687A68B968F868A04703461846143774
:10AE0000BD4690BD90B585B000AFF860B9607A607E
:10AE10003B60FB681B685B6A002B02D16FF05E032E
:10AE200008E0FB681B685C6A3B687A68B968F86888
:10AE3000A047034618461437BD4690BD90B587B06D
:10AE400002AFF860B9607A603B60FB681B689B6A80
:10AE5000002B02D16FF05E030CE0FB681B689C6A5C
:10AE60007B6A01933B6A00933B687A68B968F8682B
:10AE7000A047034618461437BD4690BD80B485B040
:10AE800000AF03463960FB803B68FB60FB685A1CDF
:10AE9000FA60FA88D2B21A70FB881B0A99B2FB6872
:10AEA0005A1CFA60CAB21A7000BF1437BD465DF86A
:10AEB000047B704780B485B000AF786039603B6830
:10AEC000FB60FB685A1CFA607A68D2B21A707B6821
:10AED000190AFB685A1CFA60CAB21A707B68190C0E
:10AEE000FB685A1CFA60CAB21A707B68190EFB68BC
:10AEF0005A1CFA60CAB21A7000BF1437BD465DF81A
:10AF0000047B704780B485B000AF78607B68FB60DD
:10AF1000FB681B789AB2FB6801331B789BB21B025B
:10AF20009BB213439BB218461437BD465DF8047BB1
:10AF3000704780B485B000AF78607B68FB60FB68C9
:10AF40001B781A46FB6801331B781B021A43FB6807
:10AF500002331B781B041A43FB6803331B781B0660
:10AF6000134318461437BD465DF8047B70472DE93E
:10AF7000B04384B000AF78607B68FB60FB6804334B
:10AF80001846FFF7D6FF03461A464FF000034FF06E
:10AF900000044FF0000515000024F868FFF7C9FF12
:10AFA00003461A464FF0000344EA020845EA030943
:10AFB00042464B46104619461037BD46BDE8B083A1
:10AFC00080B582B000AF7860396079680120E3F71E
:10AFD0008BFB034618460837BD4680BD80B582B05E
:10AFE00000AF78607868E3F793FB00BF0837BD4691
:10AFF00080BD80B582B000AF78607868FFF7EEFF63
:10B0000000BF0837BD4680BD80B584B000AF786012
:10B010000B46FB7001217868F4F784FFF860FB6849
:10B02000FA781A7000BF1037BD4680BD80B483B077
:10B0300000AF786039607B685B693A689A4294BF78
:10B0400001230023DBB218460C37BD465DF8047BB4
:10B05000704780B483B000AF78607B6804331846D3
:10B060000C37BD465DF8047B704780B582B000AFF9
:10B0700078607868FFF7EDFF03461B6818460837CD
:10B08000BD4680BD80B582B000AF78607868FFF7BC
:10B09000E0FF03461B7818460837BD4680BD80B4E4
:10B0A00083B000AF78607B6818460C37BD465DF80A
:10B0B000047B704780B483B000AF78607B68103B3E
:10B0C00018460C37BD465DF8047B704780B483B0EA
:10B0D00000AF78607B68043B18460C37BD465DF8CE
:10B0E000047B704780B483B000AF78607B68083B16
:10B0F00018460C37BD465DF8047B704780B483B0BA
:10B1000000AF78607B680022C3F878227B68002259
:10B11000C3F87C227B680122C3F8802200BF0C3771
:10B12000BD465DF8047B7047B0B483B000AF786073
:10B130007B68D3F87C227B68D3F878329A4203D3B9
:10B140007B680022C3F87C227B68D3F87C22796874
:10B15000786813465B001344DB000344F83301F5C1
:10B1600022741D460FCD0FC495E8030084E8030048
:10B1700000BF0C37BD46B0BC704780B58AB000AF89
:10B18000786039607B6803F522737B624FF000437F
:10B19000BB604FF00043FB604FF000433B614FF05A
:10B1A00000437B614FF00043BB617B6893F8B4328E
:10B1B0003B773B68002B02D107F108033B607B68BB
:10B1C000D8687B6A1B683A681946F5F75CFB3862F9
:10B1D0003B6A13F16F0F03D17868FFF78FFF06E02A
:10B1E0007B68D3F87C325A1C7B68C3F87C2200BF92
:10B1F0002837BD4680BD80B586B000AFF860C7E98E
:10B2000000230B467B814DF64143FB8200237B7577
:10B2100000233B61FA683B691A44FB8A11461846D1
:10B22000FFF72CFE3B6902333B61FA683B6913442C
:10B230007A7D1A703B6901333B61FA683B691344BC
:10B240007A891A803B6902333B61FA683B6913448F
:10B25000394608221846E6F779F83B6908333B611E
:10B26000FA683B691344082207F120011846E6F703
:10B270006DF800BF1837BD4680BD80B586B002AFFF
:10B28000F860C7E900230B467B811521F868F4F7C5
:10B2900049FE7989D7E90623CDE90023D7E90023C0
:10B2A000FFF7A9FF00BF1037BD4680BD80B58CB049
:10B2B00002AFF860C7E900230B467B811521F868CF
:10B2C000FFF7B4FE034683F00103DBB2002B01D08D
:10B2D000002318E0798907F11000D7E90C23CDE9A4
:10B2E0000023D7E90023FFF786FFFB68DB6907F13E
:10B2F000100115221846E5F79AFF0346002B01D0EE
:10B30000002300E0012318462837BD4680BD80B5E4
:10B310008EB002AFF860C7E900230B467B810D2396
:10B32000FB621521F868FFF781FE034683F00103F5
:10B33000DBB2002B01D000231AE0798907F1140059
:10B340004FF000024FF00003CDE90023D7E90023BE
:10B35000FFF751FFFB68DB69FA6A07F11401184631
:10B36000E5F765FF0346002B01D0002300E0012331
:10B3700018463037BD4680BD80B584B000AF7860D8
:10B380004023FB73FB7B19467868FFF73DFE00BF47
:10B390001037BD4680BD80B584B000AF7860012114
:10B3A0007868FFF743FE034683F00103DBB2002B0E
:10B3B00001D0002309E07B68DB691B78FB73FB7B12
:10B3C000402B01D0002300E0012318461037BD4672
:10B3D00080BD90B585B000AF78600B467B8041237F
:10B3E000FB73FB7B19467868FFF70EFE7C88022111
:10B3F0007868F4F797FD034619462046FFF73EFDAF
:10B4000000BF1437BD4690BD80B584B000AF7860F2
:10B41000396003217868FFF709FE034683F00103D2
:10B42000DBB2002B01D0002313E07B68DB691B78C3
:10B43000FB73FB7B412B01D000230AE07B68DB69B7
:10B4400001331846FFF75EFD03461AB23B681A80C7
:10B45000012318461037BD4680BD90B585B000AFBA
:10B46000786039604223FB73FB7B19467868FFF7ED
:10B47000CBFD3C6804217868F4F754FD0346194677
:10B480002046FFF717FD00BF1437BD4690BD80B5BD
:10B4900084B000AF7860396005217868FFF7C6FD99
:10B4A000034683F00103DBB2002B01D0002313E03D
:10B4B0007B68DB691B78FB73FB7B422B01D000238D
:10B4C0000AE07B68DB6901331846FFF732FD03466B
:10B4D0001A463B681A60012318461037BD4680BDE6
:10B4E00090B587B000AFF860B9601346FB80432386
:10B4F000FB75FB7D1946F868FFF786FDBC680421E3
:10B50000F868F4F70FFD034619462046FFF7D2FC12
:10B51000FC880221F868F4F705FD03461946204629
:10B52000FFF7ACFC00BF1C37BD4690BD80B586B0B0
:10B5300000AFF860B9607A600721F868FFF776FD20
:10B54000034683F00103DBB2002B01D000231DE092
:10B55000FB68DB691B78FB75FB7D432B01D0002367
:10B5600014E0FB68DB6901331846FFF7E2FC034691
:10B570001A46BB681A60FB68DB6905331846FFF79B
:10B58000C1FC03461AB27B681A800123184618379B
:10B59000BD4680BDB0B58EB002AFF860B9607A60CC
:10B5A0003B60F868FFF786FDF862FB6A03F52273DB
:10B5B000BB627B68002B00F02781BB68002B40F04A
:10B5C0008880FB6ADB681846FEF7DAFB03461C46F8
:10B5D000FB6ADB681846FEF7C3FB02460B462146B2
:10B5E0007868FFF794FE034683F00103DBB2002B7B
:10B5F00040F0F9807B68DB690D331846FFF7B7FC34
:10B6000002460B46B96AC1E9022315217868F4F7AE
:10B6100013FD7868FFF7BFFE034683F00103DBB23A
:10B62000002B40F0E2803B685B8F03F00103002BAE
:10B6300000F0DD803B685B8F03F00203002B00F01D
:10B64000D8803B685B8F03F04003002B05D1FB6A79
:10B650004FF40042A3F8C82205E03B681B6A1AB207
:10B66000FB6AA3F8C8223B68D3E90223F96AC1E95F
:10B67000AE233B681B68FA6AD2F8A02213447B61B0
:10B68000FB6AD868FB6AD3F8A8321A467969FEF7D4
:10B69000DAFB02460B46F96AC1E9B023FB685B6935
:10B6A0001C337A695A60FB6AD3F8A0321946FB68EA
:10B6B0005B6938337A690A445A60FB6AD3F8A0326E
:10B6C0005B001946FB685B6954337A690A445A6027
:10B6D00085E0BB68022B14BF01230023DBB27B6231
:10B6E000BB68022B06D04D4B4D4A40F273114D48BA
:10B6F000D3F763FD7B6A002BFB6ADB681846FEF715
:10B700003FFB03461C46FB6ADB681846FEF728FB36
:10B71000BB6AD3E90223CDE9002302460B4621464A
:10B720007868FFF7C3FD034683F00103DBB2002B0B
:10B7300061D115217868F4F77FFC07F110031946F1
:10B740007868FFF7A4FE034683F00103DBB2002B09
:10B7500053D13B685B8F03F00203002B4FD03B6853
:10B760005B8F03F04003002B05D1FB6A4FF40042CE
:10B77000A3F8CA2205E03B681B6A1AB2FB6AA3F869
:10B78000CA223B68D3E90223C7E906233B691D4669
:10B79000FB6ADC68FB6AD3E9B001FB6AD3E9AE233C
:10B7A000CDE9002302460B462046FEF762FB024627
:10B7B0000B461346EC1AFB6AD968FB6AD3E9B0233F
:10B7C000CDE90023D7E906230846FEF752FB0246DF
:10B7D0000B46134623441A46FB6AC3F8CC2278680A
:10B7E000FFF707FC16E000BF0AE000BF08E000BF5B
:10B7F00006E000BF04E000BF02E000BF00E000BFC1
:10B800007868FFF7F6FB00E000BFBB6801331A461B
:10B81000FB681A613037BD46B0BD00BFC03C0500B3
:10B82000DC3D0500E03C0500F0B589B002AF786072
:10B8300039607868FFF73EFC78617B6903F5227315
:10B840003B617B69DB6800221C211846FDF754FC34
:10B85000F8607B69DB681846FEF792FA03461E46DD
:10B860003B69D3E902457B69DB681846FEF778FA45
:10B8700002460B46CDE9002322462B463146F868A6
:10B88000FFF7FBFC3B68012B07D17B69B3F9C8329A
:10B890001946F868FFF79DFD1CE03B68032B14BFB9
:10B8A00001230023DBB2BB603B68032B06D00C4BAB
:10B8B0000C4A40F2A5110C48D3F77FFCBB68002B63
:10B8C0007B69D3F8CC127B69B3F9CA321A46F8689F
:10B8D000FFF706FEFB6818461C37BD46F0BD00BFEB
:10B8E000183D0500F43D0500E03C050080B584B03E
:10B8F00000AFF860B9607A60FB707868FFF779FB99
:10B9000000BF1037BD4680BD80B483B000AF786003
:10B9100000BF0C37BD465DF8047B7047B0B594B0EE
:10B9200002AFF860B9607A603B60F868FFF7C2FB6D
:10B9300078647B6C03F522733B647B68002B00F01A
:10B94000D9807B6CDB681846FEF71AFA03461C4662
:10B950007B6CDB681846FEF703FA3B6CD3E90223E5
:10B96000CDE9002302460B4621467868FFF79EFC8E
:10B97000034683F00103DBB2002B40F0B0801521B9
:10B980007868F4F759FBBB68012B50D17B6C03F549
:10B99000347319467868FFF737FD034683F00103D7
:10B9A000DBB2002B40F09D803B685B8F03F002030D
:10B9B000002B00F098803B685B8F03F04003002B66
:10B9C00005D17B6C4FF00042C3F8CC2204E03B6809
:10B9D0001A6A7B6CC3F8CC223B68D3E90223C7E91F
:10B9E0000C237B6CD9687B6CD3E9AE23CDE90023B3
:10B9F000D7E90C230846FEF73CFA02460B461546EB
:10BA00007B6CDC687B6CD3E9B001D7E90C23CDE912
:10BA1000002302460B462046FEF72BFA02460B4651
:10BA20001346EB1A1A467B6CC3F8C82253E0BB6876
:10BA3000032B14BF01230023DBB2FB63BB68032B82
:10BA400006D0334B334A4FF4F7713348D3F7B5FB85
:10BA5000FB6B002B7B6C03F5367207F11403194660
:10BA60007868FFF763FD034683F00103DBB2002B28
:10BA70003BD13B685B8F03F04003002B05D17B6C0F
:10BA80004FF00042C3F8D42204E03B681A6A7B6C92
:10BA9000C3F8D4227B69002B00DA03339B10BB610F
:10BAA0007B6CD3F8CC32FB617B6CB3F9D0323B6258
:10BAB0007B6CD3F8D4327B627B6CB3F9D832BB6237
:10BAC0007B6C93F8B43287F82C3007F118031946D1
:10BAD000786CFFF752FB7868FFF78BFA14E000BF31
:10BAE00004E000BF02E000BF00E000BF7868FFF79D
:10BAF00080FA00E000BF0021786CFFF73EFBBB68D6
:10BB000001331A46FB681A614837BD46B0BD00BF15
:10BB1000183D0500103E0500E03C0500F0B589B079
:10BB200002AF786039607868FFF7C4FA78617B69A2
:10BB300003F522733B617B69DB6800221C211846F8
:10BB4000FDF7DAFAF8607B69DB681846FEF718F94A
:10BB500003461E463B69D3E902457B69DB6818460C
:10BB6000FEF7FEF802460B46CDE9002322462B469F
:10BB70003146F868FFF781FB3B68002B03D1F8687A
:10BB8000FFF7FAFB19E03B68022B14BF01230023E7
:10BB9000DBB2BB603B68022B06D00A4B0A4A40F27C
:10BBA0001E210A48D3F709FBBB68002B7B69D3F839
:10BBB000C8321946F868FFF750FCFB6818461C3776
:10BBC000BD46F0BDC03C0500203E0500E03C050040
:10BBD00080B584B000AFF860B9607A60FB707868B7
:10BBE000FFF707FA00BF1037BD4680BD80B483B0B1
:10BBF00000AF786000BF0C37BD465DF8047B70472E
:10BC000090B5A5B000AFF860B9607A603B60F868A5
:10BC1000FFF768FAC7F88C00D7F88C301033C7F8F4
:10BC20008830BB68C7F88430D7F8883003221A7090
:10BC3000D7F888303E4A5A60D7F8883004221A6113
:10BC4000D7F88C3003F14802D7F888305A61D7F81A
:10BC500088305A69D7F88C30D3F8AC32DCB2D7F8D8
:10BC60008C3003F1B800114600230B604B608B60F1
:10BC7000CB600B614B618B61D7F8843053604FF020
:10BC8000FF339360152313732346537343231382A7
:10BC90009061D7F888305B6903F11C01D7F88C30CC
:10BCA000D3F8A83218460A46002313605360936005
:10BCB000D36013615361936101230B7015230B74DF
:10BCC0004861D7F888305B6903F13801D7F88C30C8
:10BCD000D3F8B032D8B20A460023136053609360A1
:10BCE000D36013615361936115230B7303464B7348
:10BCF00042230B82D7F888305B6903F15401D7F8EF
:10BD00008C30D3F8A83218460A46002313605360DB
:10BD10009360D36013615361936101230B7015230A
:10BD20000B744861D7F8883018469437BD4690BDEB
:10BD30008827002090B5A5B000AFF860B9607A60A0
:10BD40003B60F868FFF7C2F9C7F88C00D7F88C3071
:10BD50001033C7F88830D7F88C30D3F8A0329B0066
:10BD6000C7F88430D7F88C30D3F87832002B0AD15A
:10BD7000D7F8883000221A70D7F888306B4A5A609A
:10BD8000D7F88830CDE07A68D7F8843013443A6821
:10BD90009A4201DA0023C4E0D7F88C00FFF7C4F917
:10BDA000D7F8883003221A70D7F888305F4A5A6073
:10BDB000D7F8883004221A61D7F88C3003F1480292
:10BDC000D7F888305A61D7F888305969D7F88C305D
:10BDD000D3F8A8321C46D7F88C3003F1B8000A46D5
:10BDE0000023136053609360D360136153619361C8
:10BDF00001230B70BB684B6015230B744C61886189
:10BE0000D7F88C30D868D7F88C30D3F8A8321A46D7
:10BE1000B968FEF718F802460B46D7F88C10C1E94E
:10BE2000AE23D7F888305B6903F11C01D7F88C305A
:10BE3000D3F8A0321A46BB68D018D7F88C30D3F8A4
:10BE4000AC32DCB20A460023136053609360D360C7
:10BE5000136153619361486015230B7323464B7341
:10BE600042230B82D7F888305B6903F13801D7F899
:10BE70008C30D3F8A0325B001A46BB68D018D7F8D4
:10BE80008C30D3F8A8321C460A4600231360536056
:10BE90009360D36013615361936101230B70486019
:10BEA00015230B744C61D7F88C30D868D7F88C30D8
:10BEB000D3F8A0325B001A46BB68D118D7F88C3093
:10BEC000D3F8A8321A46FDF7BEFF02460B46D7F854
:10BED0008C10C1E9B023D7F888305B6903F15401B5
:10BEE000D7F88C30D3F8A02213465B0013441A46CF
:10BEF000BB68D018D7F88C30D3F8B032DCB20A4621
:10BF00000023136053609360D360136153619361A6
:10BF1000486015230B7323464B7340230B82D7F8DD
:10BF2000883018469437BD4690BD00BF9827002042
:10BF300080B584B000AF786000214FF43870FFF70F
:10BF40003FF8F860FB68002B01D1002339E0FB6863
:10BF50001E4A9A60FB681E4A5A60FB687A68DA607B
:10BF6000FB680122C3F8D820FB684FF48072C3F845
:10BF7000DC207B681B691A464FEAE2734FF0804071
:10BF80004FF00001E5F712F802460B46FB68C3F8D4
:10BF9000A022FB68002283F8A422FB680022C3F8D9
:10BFA000A822FB680022C3F8AC22FB680022C3F879
:10BFB000B022FB68012283F8B422F868FFF79EF8EC
:10BFC000FB6818461037BD4680BD00BF4C3D0500DC
:10BFD000843D050080B584B000AF78607868FFF7D5
:10BFE0005EF8F860F868FEF7F9FF00BF1037BD464D
:10BFF00080BD80B58CB000AFF860B9607A60F86839
:10C00000FFF74DF878627B6AD3F8A0323B627B6A17
:10C01000D3F878329B00FB61BB68DB68002B4FD004
:10C020007B6ADB681A683B6A92FBF3F27B6AD3F89F
:10C03000803292FBF3F3BB627B6A93F8A432BB615C
:10C040007B6A93F8A43283F00103DBB2002B06D1A4
:10C050003C4B3D4A4FF447713C48D3F7AEF8BB69BF
:10C06000002BBA6AFB699A4201DAFB69BB62BB68C2
:10C070001B68B96AFA698A1A396A01FB02F2134429
:10C080001946B868FEF794FBF862FB6A002B14BFF0
:10C0900001230023DBB27B61FB6A002B06D02C4B13
:10C0A000294A40F225312948D3F787F87B69002BCC
:10C0B00014BF01230023DBB2002B01D0FB6A3CE05C
:10C0C0004FF0FF320021B868FEF799FBF862FB6A77
:10C0D000002B14BF01230023DBB23B61FB6A002B62
:10C0E00006D01B4B184A40F22A311848D3F765F89E
:10C0F0003B69002B14BF01230023DBB2002B01D0CE
:10C10000FB6A1AE07B6A93F8A432002B09D07B6AA1
:10C1100003F1080100230022B868FEF7D0FBF862A3
:10C120000AE07B6A191DFB693A6A02FB03F30022ED
:10C13000B868FEF7C4FBF862FB6A18463037BD46A4
:10C1400080BD00BFAC3D0500343E0500E03C05006D
:10C15000C43D0500B0B588B000AFF860B9607A6042
:10C16000F868FEF79CFF78617B69D3F87832002B82
:10C170000CBF01230023FB740123FB617B6993F84F
:10C18000A432002B02D06FF05E035DE07B68102BC1
:10C1900002D96FF0150357E00023BB613FE0BA6995
:10C1A00013465B001344DB001A46BB681344D3E913
:10C1B0000423134302D06FF05E0345E0BA691346CF
:10C1C0005B001344DB001A46BB6898187969BA69AA
:10C1D00013465B001344DB000B44F8331C46054652
:10C1E0000FCD0FC495E8030084E80300BA69134635
:10C1F0005B001344DB001A46BB6813445B68FA69B2
:10C200009A4209DABA6913465B001344DB001A4606
:10C21000BB6813445B68FB61BB690133BB61BB69ED
:10C220007A689A42BBD87B697A68C3F878227B69BE
:10C23000FA69C3F88022FB7C002B04D07B69DB68A1
:10C240001846FEF7E9FB002318462037BD46B0BD6F
:10C2500080B592B002AFF860B9607A60F868FEF716
:10C260001EFFF86307F114007B680093484BBA681F
:10C270000521F3F786FDB863BB6B002B01D0BB6BC8
:10C2800082E0BB69002B2DD0BB691846FEF7EDFE9E
:10C2900003467B637B6B002B08D07B6B5A1E7B6B4A
:10C2A0001340002B02D17B6B402B02DD6FF0150396
:10C2B0006AE07B6B1A464FEAE2734FF000004FF0E2
:10C2C0000001990641EA92119006FB6BDB681B693D
:10C2D0001A464FEAE273E4F769FE02460B46FB6B2F
:10C2E000C3F8A022FB69002B12D0FB691846FEF7A9
:10C2F000BCFE38633B6B012B0CBF01230023DAB279
:10C30000FB6B83F8A422FB6BDB681846FEF784FB0B
:10C310003B6A002B0BD03B6A1846FEF7B3FE034680
:10C3200087F82F3097F82F20FB6BC3F8A8227B6A81
:10C33000002B0BD07B6A1846FEF7A4FE034687F855
:10C340002E3097F82E20FB6BC3F8AC22BB6A002B73
:10C350000BD0BB6A1846FEF795FE034687F82D30D2
:10C3600097F82D20FB6BC3F8B022FB6BD3F8AC22FF
:10C37000FB6BD3F8B0329A420CBF01230023DAB230
:10C38000FB6B83F8B422002318464037BD4680BDBE
:10C39000603E050080B582B000AF0448FEF7AEFBFA
:10C3A00078607B6818460837BD4680BDA827002006
:10C3B00080B500AF0248FEF741FC00BF80BD00BF62
:10C3C000A827002080B483B000AF7860012318460E
:10C3D0000C37BD465DF8047B704780B483B000AF76
:10C3E000786000BF0C37BD465DF8047B704780B5B0
:10C3F00082B000AF78607B68002B05D10D4B0E4AF0
:10C4000022210E48D2F7D9FE7B681B68002B05D18C
:10C410000020E2F791F802467B681A607B681B688F
:10C420004FF0FF311846E2F78BF800BF0837BD46E2
:10C4300080BD00BFC03E05001C400500C83E050091
:10C4400080B582B000AF78607B68002B03D07B683A
:10C450001B68002B05D1074B074A2A210748D2F752
:10C46000ACFE7B681B681846E2F796F800BF0837F9
:10C47000BD4680BD0C3F050028400500C83E0500B4
:10C4800080B586B000AF786000233B617B68002BED
:10C4900013D07B681B68002B0FD07B685B68002B78
:10C4A0000BD07B681B69002B07D07B685B69002B76
:10C4B00003D07B685B6A002B01D1012300E00023DD
:10C4C000FB607B68002B13D07B681B68002B0FD0B0
:10C4D0007B685B68002B0BD07B681B69002B07D047
:10C4E0007B685B69002B03D07B685B6A002B05D1FE
:10C4F0002D4B2E4A29212E48D2F75FFEFB68002BD8
:10C5000014BF01230023DBB2002B02D06FF0150310
:10C5100046E02848FFF76BFF274B1B68083B7B6111
:10C520002FE07B695A687B685B6819461046E4F720
:10C530008BFF0346002B0CBF01230023DBB2BB6043
:10C540007B695A687B685B6819461046E4F77CFF94
:10C550000346002B05D1194B144A31211448D2F758
:10C560002CFEBB68002B14BF01230023DBB2002B81
:10C5700003D06FF00F033B610EE07B699B68083BC3
:10C580007B617B6908330C4A9342CAD17B680833CC
:10C5900009491846F2F7F8FE0648FFF751FF3B69D4
:10C5A00018461837BD4680BD283F050000400500ED
:10C5B000A83F050098E30020DC270020D43F0500B9
:10C5C00080B582B000AF78600748FFF710FF7B6846
:10C5D00008331846F2F7F1FE0348FFF731FF00BFBA
:10C5E0000837BD4680BD00BF98E3002080B588B005
:10C5F00000AFF860B9607A603B600023FB762C489E
:10C60000FFF7F5FE2B4B1B68083BFB6117E0FB694E
:10C610005B68B9681846E4F717FF0346002B0AD198
:10C62000FB691B681846FFF7CDFE0346002B0CD0B4
:10C630000123FB7609E0FB699B68083BFB61FB6912
:10C6400008331C4A9342E2D100E000BF1848FFF7CC
:10C65000F7FEFB7E83F00103DBB2002B01D0002349
:10C6600021E0FB691B69F868984778617B69002BBA
:10C6700006D1FB691B681846FFF7AFFE002312E0E6
:10C680007B69FA691A603B687A687969F86800F032
:10C690003CF80346002B05D0FB695B697869984735
:10C6A000002300E07B6918462037BD4680BD00BFEF
:10C6B00098E30020DC27002080B584B000AF7860CC
:10C6C00039603B681B68FB60FB685B6938689847AA
:10C6D000FB681B681846FFF780FE00BF1037BD4699
:10C6E00080BD80B584B000AF786039603B681B685E
:10C6F000FB60FB689B69002B03D0FB689B69386873
:10C70000984700BF1037BD4680BD80B584B000AFEC
:10C71000F860B9607A603B607B68002B01D1002330
:10C720000FE0BB681B68DB69002B02D16FF05E0372
:10C7300007E0BB681B68DB693A687968B8689847A6
:10C74000034618461037BD4680BD90B585B000AF92
:10C75000F860B9607A603B60BB681B681B6A002B9D
:10C7600002D16FF05E0308E0BB681B681C6A3B6A7D
:10C770003A687968B868A047034618461437BD463A
:10C7800090BD00BF80B483B000AF78607B68B3F524
:10C79000004F02DB47F6FF7307E07B6813F5004F9D
:10C7A00001DA054B01E07B681BB218460C37BD4629
:10C7B0005DF8047B704700BF0080FFFF80B485B048
:10C7C00000AF03460A46FB801346BB80B7F906302C
:10C7D000DB02FB60FB68002B03DBB7F90430002BA6
:10C7E00006DAFB68002B08DAB7F90430002B04DA0C
:10C7F000FB6803F58063FB6003E0FB68A3F58063DF
:10C80000FB60B7F90430FA6892FBF3F31BB21846E9
:10C810001437BD465DF8047B704780B584B000AF27
:10C8200003460A46FB801346BB80B7F90630B7F9CA
:10C83000042002FB03F3FB60FB68002B04DBFB68B6
:10C8400003F58063FB6003E0FB68A3F58063FB6096
:10C85000FB68002B01DA03F2FF73DB121846FFF7C7
:10C8600091FF034618461037BD4680BD80B584B0A1
:10C8700000AF03463960FB804FF400637B810123E6
:10C88000FB600CE0B7F90620B7F90A3011461846EC
:10C89000FFF7C3FF03467B81FB680133FB60FA6847
:10C8A0003B689A42EEDDB7F90A3018461037BD46AC
:10C8B00080BD80B487B000AF0346FB80B7F9063077
:10C8C000FB604FF400533B6100237B6115E07A6904
:10C8D0003B691344BB60FA68BB689A4207D3FA68A5
:10C8E000BB68D31AFB60BA683B6913447B61FB6881
:10C8F0005B00FB603B695B083B613B69002BE6D159
:10C900007B699B087B617B691BB218461C37BD465F
:10C910005DF8047B70472DE9F04184B000AF034619
:10C92000FB80B7F90630002BB8BF5B429BB2FB819E
:10C9300040F691439CB2FB89C3F500639BB21BB2E6
:10C940001846FFF7B6FF03469846274BB3F9003069
:10C95000B7F90E2011461846FFF75FFF03469AB25B
:10C96000224BB3F900309BB213449DB2204BB3F974
:10C970000060B7F90E3002211846FFF777FF034633
:10C9800019463046FFF749FF03469BB22B449DB240
:10C99000184BB3F90060B7F90E3003211846FFF7C2
:10C9A00065FF034619463046FFF737FF03469BB243
:10C9B0002B449BB21BB219464046FFF72EFF03469D
:10C9C0009BB2E31A9BB2BB81B7F90630002B04DAA5
:10C9D000BB895B429BB21BB201E0B7F90C30184631
:10C9E0001037BD46BDE8F0813A4005003C400500E7
:10C9F0003E4005004040050080B584B000AF0346CE
:10CA0000FB80B7F906201346DB039B1AFB6041F657
:10CA100022131A46FB6893FBF2F3FB60F868FFF7FA
:10CA2000B1FE034618461037BD4680BDD91D020031
:10CA300000000000E58F020000000000EDD40200BD
:10CA40000000000031C60200000000003DD30200DB
:10CA50000000000095D10200F4E1002085D9020019
:10CA6000ECE20020A1DB020004E30020F9DC02007C
:10CA7000682600202507030000000000E51D0200D5
:10CA800000000000B19102000000000049C2020055
:10CA900000000000E5E1020000000000F1E30200F8
:10CAA00000000000751C020000000000C4D6002039
:10CAB00080D60020400000000100000000000000BF
:10CAC00028280020102A0020242A002030280020B6
:10CAD00018000000BD610200B9610200DC0C050015
:10CAE00000000000380D0500000000007C1005006B
:10CAF000000000003011050000000000500D05008E
:10CB000000000000D80D050000000000440E0500E4
:10CB100000000000A00E050000000000400D050010
:10CB200000000000480D050000000000900F050007
:10CB300000000000F80E05000000000040CD0400D9
:10CB40000000030328CE04000000000058DF0400AA
:10CB50000000000064DF0400000000004C14050029
:10CB600000000000541405000000000074DF040001
:10CB700000000000800C05000000000010D604003A
:10CB800000000303181305000000030330D904005C
:10CB900000000303C014050000000303481505004E
:10CBA00000000000E4150500000003035016050016
:10CBB000000003033414050000000303D410050033
:10CBC0000000000048CC040000000000BCCC0400C1
:10CBD000202600200000000000000000610F02007D
:10CBE00000000000000000001203CADE0FFFFFFF7C
:10CBF000B4220500BC220500F0210500B421050087
:10CC0000000006001303CADE0FFFFFFFB422050079
:10CC1000BC22050030230500F422050000000600B8
:10CC20001403CADE0FFFFFFFB4220500BC2205007B
:10CC30004024050004240500000006000000000058
:10CC40000338FDD870470000C1F1010035F2010042
:10CC5000BDF101002F6275696C64732F716F72767C
:10CC60006F2F7577622D696F742F70726F6A2F61E5
:10CC70007070732D70726F6A656374732F53444BB9
:10CC80002F636F6D706F6E656E74732F6C69627257
:10CC900061726965732F6C6F672F7372632F6E7289
:10CCA000665F6C6F675F64656661756C745F626117
:10CCB000636B656E64732E63000000007274745FB2
:10CCC0006C6F675F6261636B656E64002F6275698C
:10CCD0006C64732F716F72766F2F7577622D696F29
:10CCE000742F70726F6A2F617070732D70726F6A1B
:10CCF000656374732F53444B2F636F6D706F6E6554
:10CD00006E74732F6C69627261726965732F6C6FD8
:10CD1000672F7372632F6E72665F6C6F675F6672E8
:10CD20006F6E74656E642E63000000004261636B79
:10CD3000656E647320666C7573686564000000003E
:10CD400061707000482E00207F000000C82E002077
:10CD50001B5B313B33316D0025734C6F677320646F
:10CD6000726F70706564202825642925730D0A0090
:10CD70001B5B306D00000000257300003C25733EF6
:10CD80002025733A200000000D0A000020253032D3
:10CD900078000000202020007C00000025630000B7
:10CDA0001B5B313B33306D001B5B313B33326D001D
:10CDB0001B5B313B33336D001B5B313B33346D0008
:10CDC0001B5B313B33356D001B5B313B33366D00F4
:10CDD0001B5B313B33376D007761726E696E6700A4
:10CDE000696E666F00000000646562756700000090
:10CDF00070CD0400A0CD040050CD0400A8CD0400E7
:10CE0000B0CD0400B8CD0400C0CD0400C8CD0400EE
:10CE1000D0CD040000000000CCD20400D8CD040026
:10CE2000E0CD0400E8CD04006170705F6275747439
:10CE30006F6E0000534F46544445564943453A20CF
:10CE4000415353455254494F4E204641494C454465
:10CE500000000000534F46544445564943453A208C
:10CE6000494E56414C4944204D454D4F5259204161
:10CE70004343455353000000415353455254494FD7
:10CE80004E204641494C45442061742025733A2583
:10CE9000750000004552524F52202575205B2573C6
:10CEA0005D2061742025733A25750D0A5043206179
:10CEB000743A20307825303878000000456E6420C0
:10CEC0006F66206572726F72207265706F72740087
:10CED000554E4B4E4F574E204641554C5420617491
:10CEE00020307825303858002F6275696C64732FB4
:10CEF000716F72766F2F7577622D696F742F7072F4
:10CF00006F6A2F617070732D70726F6A65637473CE
:10CF10002F53444B2F636F6D706F6E656E74732F5C
:10CF20006C69627261726965732F74696D65722FC5
:10CF30006170705F74696D65725F66726565727449
:10CF40006F732E63000000002F6275696C64732F8D
:10CF5000716F72766F2F7577622D696F742F707293
:10CF60006F6A2F617070732D70726F6A656374736E
:10CF70002F53444B2F636F6D706F6E656E74732FFC
:10CF80006C69627261726965732F7574696C2F6167
:10CF900070705F7574696C5F706C6174666F726DD0
:10CFA0002E6300002F6275696C64732F716F727647
:10CFB0006F2F7577622D696F742F70726F6A2F6192
:10CFC0007070732D70726F6A656374732F53444B66
:10CFD0002F636F6D706F6E656E74732F6C69627204
:10CFE00061726965732F6664732F6664732E6300C4
:10CFF0000000FFFFDEC0ADDEFE011EF1DEC0ADDED3
:10D00000FF011EF148415244204641554C542061D5
:10D01000742030782530385800000000202052302D
:10D020003A2020307825303858202052313A2020BC
:10D03000307825303858202052323A202030782558
:10D04000303858202052333A202030782530385854
:10D050000000000020205231323A2030782530384C
:10D060005820204C523A2020307825303858202043
:10D070005053523A20307825303858005374616349
:10D080006B2076696F6C6174696F6E3A207374619E
:10D09000636B20706F696E746572206F757473694D
:10D0A000646520737461636B20617265612E00009A
:10D0B00043617573653A204275734661756C7420DF
:10D0C0006F6E206120766563746F72207461626C8C
:10D0D00065207265616420647572696E6720657889
:10D0E00063657074696F6E2070726F6365737369C6
:10D0F0006E672E0043617573653A2025732E00001C
:10D100004D656D4D616E616765204661756C74207B
:10D11000416464726573733A203078253038580062
:10D12000427573204661756C742041646472657346
:10D13000733A203078253038580000005468652054
:10D1400070726F636573736F7220686173206174AE
:10D1500074656D7074656420746F2065786563759F
:10D16000746520616E20756E646566696E65642005
:10D17000696E737472756374696F6E0054686520AC
:10D1800070726F636573736F7220617474656D7014
:10D190007465642061206C6F6164206F7220737409
:10D1A0006F72652061742061206C6F636174696FB8
:10D1B0006E207468617420646F6573206E6F7420D4
:10D1C0007065726D697420746865206F7065726136
:10D1D00074696F6E00000000556E737461636B209C
:10D1E000666F7220616E20657863657074696F6E1A
:10D1F0002072657475726E20686173206361757347
:10D200006564206F6E65206F72206D6F726520619E
:10D2100063636573732076696F6C6174696F6E7395
:10D2200000000000537461636B696E6720666F7263
:10D2300020616E20657863657074696F6E20656E1D
:10D240007472792068617320636175736564206FFF
:10D250006E65206F72206D6F726520616363657308
:10D26000732076696F6C6174696F6E7300000000E3
:10D2700041204D656D4D616E616765206661756C1D
:10D2800074206F6363757272656420647572696E71
:10D290006720666C6F6174696E672D706F696E745C
:10D2A000206C617A79207374617465207072657383
:10D2B0006572766174696F6E00000000496E737468
:10D2C00072756374696F6E20627573206572726F18
:10D2D000720000004461746120627573206572728F
:10D2E0006F72202850432076616C756520737461DD
:10D2F000636B656420666F7220746865206578636F
:10D30000657074696F6E2072657475726E20706FCF
:10D31000696E747320746F2074686520696E73740D
:10D3200072756374696F6E207468617420636175CF
:10D3300073656420746865206661756C74290000EB
:10D340004461746120627573206572726F72202867
:10D3500072657475726E206164647265737320699E
:10D360006E2074686520737461636B206672616DF2
:10D3700065206973206E6F742072656C61746564DA
:10D3800020746F2074686520696E7374727563749D
:10D39000696F6E20746861742063617573656420C1
:10D3A000746865206572726F72290000556E73741F
:10D3B00061636B20666F7220616E206578636570B3
:10D3C00074696F6E2072657475726E206861732067
:10D3D000636175736564206F6E65206F72206D6F79
:10D3E0007265204275734661756C747300000000AD
:10D3F000537461636B696E6720666F7220616E2083
:10D40000657863657074696F6E20656E74727920DB
:10D4100068617320636175736564206F6E65206F4A
:10D4200072206D6F7265204275734661756C7473FE
:10D43000000000004120627573206661756C7420E5
:10D440006F6363757272656420647572696E6720BC
:10D45000666C6F6174696E672D706F696E74206C95
:10D46000617A792073746174652070726573657276
:10D47000766174696F6E00005468652070726F6326
:10D480006573736F722068617320617474656D7069
:10D4900074656420746F20657865637574652061B8
:10D4A0006E20696E737472756374696F6E20746830
:10D4B0006174206D616B657320696C6C6567616C6C
:10D4C00020757365206F662074686520455053523F
:10D4D000000000005468652070726F636573736F9D
:10D4E000722068617320617474656D707465642066
:10D4F000616E20696C6C6567616C206C6F61642083
:10D500006F66204558435F52455455524E20746F04
:10D51000207468652050432C20617320612072655F
:10D5200073756C74206F6620616E20696E76616C15
:10D53000696420636F6E746578742C206F7220614B
:10D540006E20696E76616C6964204558435F524570
:10D550005455524E2076616C756500005468652004
:10D5600070726F636573736F72206861732061748A
:10D5700074656D7074656420746F20616363657396
:10D5800073206120636F70726F636573736F7200D5
:10D590005468652070726F636573736F7220686181
:10D5A00073206D61646520616E20756E616C6967C2
:10D5B0006E6564206D656D6F72792061636365735C
:10D5C000730000005468652070726F636573736F39
:10D5D0007220686173206578656375746564206185
:10D5E0006E2053444956206F722055444956206995
:10D5F0006E737472756374696F6E207769746820D6
:10D60000612064697669736F72206F662030000054
:10D61000686172646661756C740000003CD104003E
:10D620007CD1040000000000D8D1040024D2040002
:10D6300070D204000000000000000000BCD2040012
:10D64000D4D2040040D30400ACD30400F0D30400CF
:10D6500034D4040000000000000000003CD10400AD
:10D6600078D40400D4D404005CD504000000000089
:10D6700000000000000000000000000090D5040041
:10D68000C4D504002F6275696C64732F716F727654
:10D690006F2F7577622D696F742F70726F6A2F61AB
:10D6A0007070732D70726F6A656374732F53444B7F
:10D6B0002F636F6D706F6E656E74732F6C6962721D
:10D6C00061726965732F62616C6C6F632F6E726635
:10D6D0005F62616C6C6F632E630000002F6275697E
:10D6E0006C64732F716F72766F2F7577622D696F0F
:10D6F000742F70726F6A2F617070732D70726F6A01
:10D70000656374732F53444B2F65787465726E6133
:10D710006C2F667072696E74662F6E72665F6670CB
:10D7200072696E74662E63002F6275696C64732F64
:10D73000716F72766F2F7577622D696F742F7072AB
:10D740006F6A2F617070732D70726F6A6563747386
:10D750002F53444B2F65787465726E616C2F667021
:10D7600072696E74662F6E72665F667072696E742F
:10D77000665F666F726D61742E6300003031323304
:10D78000343536373839414243444546705F667315
:10D7900000000000257320636865636B2066616983
:10D7A0006C656420696E2025732829207769746868
:10D7B0002076616C756520307825782E0000000099
:10D7C000705F617069000000705F66732D3E705F6E
:10D7D00061706900705F6465737400006C656E0051
:10D7E000616464725F69735F616C69676E656433FD
:10D7F0003228737263290000616464725F69735F29
:10D8000077697468696E5F626F756E647328705FA4
:10D8100066732C207372632C206C656E29000000E7
:10D82000705F73726300000021286C656E202520F4
:10D83000705F66732D3E705F666C6173685F696EC2
:10D84000666F2D3E70726F6772616D5F756E697481
:10D8500029000000616464725F69735F616C6967CD
:10D860006E65643332286465737429006164647280
:10D870005F69735F616C69676E6564333228287510
:10D88000696E7433325F7429705F737263290000AC
:10D89000616464725F69735F77697468696E5F62FF
:10D8A0006F756E647328705F66732C206465737483
:10D8B0002C206C656E290000616464725F69735F7F
:10D8C000706167655F616C69676E656428705F662B
:10D8D000732C20706167655F6164647229000000C9
:10D8E000616464725F69735F77697468696E5F62AF
:10D8F0006F756E647328705F66732C207061676546
:10D900005F616464722C20286C656E202A20705F31
:10D9100066732D3E705F666C6173685F696E666FDB
:10D920002D3E65726173655F756E6974292900000B
:10D930006E72665F6673746F7261676500000000E7
:10D940006E72665F6673746F726167655F65726140
:10D95000736500006E72665F6673746F72616765EF
:10D960005F777269746500002F6275696C64732F4C
:10D97000716F72766F2F7577622D696F742F707269
:10D980006F6A2F617070732D70726F6A6563747344
:10D990002F53444B2F636F6D706F6E656E74732FD2
:10D9A0006C69627261726965732F6D656D6F626A11
:10D9B0002F6E72665F6D656D6F626A2E6300000088
:10D9C0002F6275696C64732F716F72766F2F757724
:10D9D000622D696F742F70726F6A2F617070732D72
:10D9E00070726F6A656374732F53444B2F636F6D4E
:10D9F000706F6E656E74732F6C69627261726965A7
:10DA0000732F6578706572696D656E74616C5F7394
:10DA1000656374696F6E5F766172732F6E72665F95
:10DA200073656374696F6E5F697465722E6300005D
:10DA30004E52465F53554343455353004E52465F43
:10DA40004552524F525F5356435F48414E444C45F6
:10DA5000525F4D495353494E470000004E52465FB6
:10DA60004552524F525F534F4654444556494345E1
:10DA70005F4E4F545F454E41424C4544000000000C
:10DA80004E52465F4552524F525F494E5445524E98
:10DA9000414C00004E52465F4552524F525F4E4F2E
:10DAA0005F4D454D000000004E52465F4552524FBB
:10DAB000525F4E4F545F464F554E44004E52465FA4
:10DAC0004552524F525F4E4F545F535550504F5234
:10DAD000544544004E52465F4552524F525F494EA4
:10DAE00056414C49445F504152414D004E52465FB1
:10DAF0004552524F525F494E56414C49445F535430
:10DB0000415445004E52465F4552524F525F494E76
:10DB100056414C49445F4C454E4754480000000074
:10DB20004E52465F4552524F525F494E56414C4904
:10DB3000445F464C414753004E52465F4552524F58
:10DB4000525F494E56414C49445F444154410000A4
:10DB50004E52465F4552524F525F444154415F53CB
:10DB6000495A45004E52465F4552524F525F544902
:10DB70004D454F55540000004E52465F4552524F9E
:10DB8000525F4E554C4C00004E52465F4552524F2C
:10DB9000525F464F5242494444454E004E52465F02
:10DBA0004552524F525F494E56414C49445F4144A1
:10DBB000445200004E52465F4552524F525F42550A
:10DBC000535900004E52465F4552524F525F434FE9
:10DBD0004E4E5F434F554E54000000004E52465F7C
:10DBE0004552524F525F5245534F55524345530091
:10DBF0004E52465F4552524F525F4D4F44554C4531
:10DC00005F4E4F545F494E495449414C495A45442F
:10DC1000000000004E52465F4552524F525F4D5534
:10DC20005445585F494E49545F4641494C4544006C
:10DC30004E52465F4552524F525F4D555445585FC4
:10DC40004C4F434B5F4641494C4544004E52465F62
:10DC50004552524F525F4D555445585F554E4C4FAB
:10DC6000434B5F4641494C45440000004E52465FDD
:10DC70004552524F525F4D555445585F434F4E44A5
:10DC80005F494E49545F4641494C454400000000FD
:10DC90004E52465F4552524F525F4D4F44554C4590
:10DCA0005F414C52454144595F494E495449414CAA
:10DCB000495A4544000000004E52465F4552524FBB
:10DCC000525F53544F524147455F46554C4C0000FC
:10DCD0004E52465F4552524F525F4150495F4E4F40
:10DCE000545F494D504C454D454E5445440000004D
:10DCF0004E52465F4552524F525F4645415455522F
:10DD0000455F4E4F545F454E41424C454400000034
:10DD10004E52465F4552524F525F494F5F50454EFB
:10DD200044494E47000000004E52465F4552524F54
:10DD3000525F4452565F5457495F4552525F4F56A7
:10DD4000455252554E0000004E52465F4552524FCA
:10DD5000525F4452565F5457495F4552525F414E9D
:10DD600041434B004E52465F4552524F525F445220
:10DD7000565F5457495F4552525F444E41434B00F2
:10DD80004E52465F4552524F525F424C455F49509A
:10DD900053505F52585F504B545F5452554E43415D
:10DDA000544544004E52465F4552524F525F424CDA
:10DDB000455F495053505F4348414E4E454C5F418B
:10DDC0004C52454144595F45584953545300000053
:10DDD0004E52465F4552524F525F424C455F49504A
:10DDE00053505F4C494E4B5F444953434F4E4E4551
:10DDF00043544544000000004E52465F4552524F86
:10DE0000525F424C455F495053505F504545525F09
:10DE100052454A454354454400000000556E6B6E20
:10DE20006F776E206572726F7220636F6465000099
:10DE30000000000030DA0400010000003CDA0400B9
:10DE4000020000005CDA04000300000080DA040035
:10DE50000400000094DA040005000000A8DA0400C1
:10DE600006000000BCDA040007000000D4DA040059
:10DE700008000000ECDA04000900000004DB0400E4
:10DE80000A00000020DB04000B00000038DB040067
:10DE90000C00000050DB04000D00000064DB0400F7
:10DEA0000E00000078DB04000F00000088DB040097
:10DEB000100000009CDB040011000000B4DB040033
:10DEC00012000000C4DB040013000000DCDB0400CF
:10DED00080000000F0DB04008100000014DC04007E
:10DEE0008200000030DC0400830000004CDC0400F1
:10DEF000840000006CDC04008500000090DC04005D
:10DF000086000000B8DC040090000000D0DC0400B3
:10DF100091000000F0DC04009200000010DD04001D
:10DF20000082000028DD04000182000048DD0400BA
:10DF30000282000064DD04000084000080DD040033
:10DF400001840000A4DD040002840000D0DD040090
:10DF500003840000F8DD04006170705F7573626413
:10DF6000000000006170705F757362645F636F72C0
:10DF7000650000006364635F61636D00886A3F242D
:10DF8000D308A3852E8A191344737003223809A479
:10DF9000D0319F2998FA2E08896C4EECE62128454D
:10DFA0007713D038CF6654BE6C0CE934B729ACC0B7
:10DFB000DD507CC9B5D5843F170947B5D9D5169230
:10DFC0001BFB7989A60B31D1ACB5DF98DB72FD2F35
:10DFD000B7DF1AD0EDAFE1B8967E266A45907CBADD
:10DFE000997F2CF14799A124F76C91B3E2F20108D3
:10DFF00016FC8E85D8206963694E5771A3FE58A41C
:10E000007E3D93F48F74950D58B68E7258CD8B71FA
:10E01000EE4A15821DA4547BB5595AC239D5309C9D
:10E020001360F22A23B0D1C5F0856028187941CA5F
:10E03000EF38DBB8B0DC798E0E183A608B0E9E6C30
:10E040003E8A1EB0C17715D7274B31BDDA2FAF7886
:10E05000605C6055F32555E694AB55AA6298485725
:10E060004014E8636A39CA55B610AB2A345CCCB4A4
:10E07000CEE84111AF8654A193E9727C1114EEB33E
:10E080002ABC6F635DC5A92BF6311874163E5CCEB1
:10E090001E93879B33BAD6AF5CCF246C8153327A00
:10E0A0007786952898488F3BAFB94B6B1BE8BFC468
:10E0B00093212866CC09D86191A921FB60AC7C48EA
:10E0C0003280EC5D5D5D84EFB17585E9022326DC6D
:10E0D000881B65EB813E8923C5AC96D3F36F6D0F2A
:10E0E0003942F48382440B2E042084A44AF0C86988
:10E0F0005E9B1F9E4268C6219A6CE9F6619C0C6784
:10E10000F088D3ABD2A0516A682F54D828A70F96B5
:10E11000A33351AB6C0BEF6EE43B7A1350F03BBA78
:10E12000982AFB7E1D65F1A17601AF393E59CA667A
:10E13000880E43821986EE8CB49F6F45C3A5847DFB
:10E14000BE5E8B3BD8756FE07320C1859F441A403B
:10E15000A66AC15662AAD34E06773F3672DFFE1B0F
:10E160003D029B4224D7D03748120AD0D3EA0FDBB6
:10E170009BC0F149C97253077B1B9980D879D4257C
:10E18000F7DEE8F61A50FEE33B4C79B6BDE06C973B
:10E19000BA06C004B64FA9C1C4609F40C29E5C5E6F
:10E1A00063246A19AF6FFB68B5536C3EEBB2391349
:10E1B0006FEC523B1F51FC6D2C95309B444581CC3C
:10E1C00009BD5EAF04D0E3BEFD4A33DE07280F660B
:10E1D000B34B2E1957A8CBC00F74C845395F0BD26B
:10E1E000DBFBD3B9BDC079550A32601AC600A1D68F
:10E1F00079722C40FE259F67CCA31FFBF8E9A58E02
:10E20000F82232DBDF16753C156B61FDC81E502FFE
:10E21000AB5205ADFAB53D32608723FD487B3153E3
:10E2200082DF003EBB575C9EA08C6FCA2E56871AB9
:10E23000DB6917DFF6A842D5C3FF7E28C63267AC7C
:10E2400073554F8CB0275B69C858CABB5DA3FFE10B
:10E25000A011F0B8983DFA10B88321FD6CB5FC4AC6
:10E260005BD3D12D79E4539A6545F8B6BC498ED27B
:10E270009097FB4BDAF2DDE1337ECBA44113FB62D6
:10E28000E8C6E4CEDACA20EF014C7736FE9E7ED097
:10E29000B41FF12B4DDADB95989190AE718EADEAFB
:10E2A000A0D5936BD0D18ED0E025C7AF2F5B3C8E2D
:10E2B000B794758EFBE2F68F642B12F212B8888841
:10E2C0001CF00D90A05EAD4F1CC38F6891F1CFD1B3
:10E2D000ADC1A8B318222F2F77170EBEFE2D75EAF9
:10E2E000A11F028B0FCCA0E5E8746FB5D6F3AC1874
:10E2F00099E289CEE04FA8B4B7E013FD813BC47C1E
:10E30000D9A8ADD266A25F16057795801473CC9319
:10E3100077141A216520ADE686FAB577F54254C721
:10E32000CF359DFB0CAFCDEBA0893E7BD31B41D6F7
:10E33000497E1EAE2D0E25005EB37120BB00682203
:10E34000AFE0B8579B3664241EB909F01D916355A0
:10E35000AAA6DF598943C1787F535AD9A25B7D2091
:10E36000C5B9E50276032683A9CF95626819C8115D
:10E37000414A734ECA2D47B34AA9147B5200511B20
:10E380001529539A3F570FD6E4C69BBC76A4602B41
:10E390000074E681B56FBA081FE91B576BEC96F263
:10E3A00015D90D2A216563B6B6F9B9E72E0534FFF4
:10E3B000645685C55D2DB053A18F9FA99947BA08B2
:10E3C0006A07856EE9707A4B4429B3B52E0975DB6F
:10E3D000232619C4B0A66EAD7DDFA749B860EE9CB8
:10E3E00066B2ED8F718CAAECFF179A696C52645675
:10E3F000E19EB1C2A5023619294C0975401359A0F6
:10E400003E3A18E49A98543F659D425BD6E48F6B80
:10E41000D63FF799079CD2A1F530E8EFE6382D4DAD
:10E42000C15D25F08620DD4C26EB7084C6E9826351
:10E430005ECC1E023F6B6809C9EFBA3E1418973CC8
:10E44000A1706A6B84357F6886E2A05205539CB741
:10E45000370750AA1C84073E5CAEDE7FEC447D8EFD
:10E46000B8F2165737DA3AB00D0C50F0041F1CF012
:10E47000FFB300021AF50CAEB274B53C587A83258E
:10E48000BD2109DCF91391D1F62FA97C7347329491
:10E490000147F52281E5E53ADCDAC2373476B5C8C2
:10E4A000A7DDF39A466144A90E03D00F3EC7C8EC1E
:10E4B000411E75A499CD38E22F0EEA3BA1BB8032F4
:10E4C00031B33E18388B544E08B96D4F030D426F6F
:10E4D000BF040AF69012B82C797C972472B0795652
:10E4E000AF89AFBC1F779ADE100893D912AE8BB3F9
:10E4F0002E3FCFDC1F72125524716B2EE6DD1A50B1
:10E5000087CD849F1847587A17DA0874BC9A9FBC45
:10E510008C7D4BE93AEC7AECFA1D85DB66430963A6
:10E52000D2C364C447181CEF08D91532373B43DD0A
:10E5300016BAC224434DA11251C4652A0200945058
:10E54000DDE43A139EF8DF71554E3110D677AC8179
:10E550009B19115FF15635046BC7A3D73B18113CCB
:10E5600009A52459EDE68FF2FAFBF1972CBFBA9E6C
:10E570006E3C151E7045E386B16FE9EA0A5E0E86B1
:10E58000B32A3E5A1CE71F77FA063D4EB9DC6529CF
:10E590000F1DE799D6893E8025C8665278C94C2E52
:10E5A0006AB3109CBA0E15C678EAE294533CFCA5F7
:10E5B000F42D0A1EA74EF7F23D2B1D360F263919F2
:10E5C0006079C21908A72352B61213F76EFEADEB9D
:10E5D000661FC3EA9545BCE383C87BA6D1377FB1EC
:10E5E00028FF8C01EFDD32C3A55A6CBE852158652A
:10E5F0000298AB680FA5CEEE3B952FDBAD7DEF2AE1
:10E60000842F6E5B28B62115706107297547DDECF4
:10E6100010159F6130A8CC1396BD61EB1EFE34032C
:10E62000CF6303AA905C73B539A2704C0B9E9ED544
:10E6300014DEAACBBC86CCEEA72C6260AB5CAB9C94
:10E640006E84F3B2AF1E8B64CAF0BD19B96923A002
:10E6500050BB5A65325A6840B3B42A3CD5E99E3162
:10E66000F7B821C0190B549B99A05F877E99F79545
:10E67000A87D3D629A8837F8772DE3975F93ED1177
:10E68000811268162988350ED61FE6C7A1DFDE96EF
:10E6900099BA5878A584F5576372221BFFC3839BF0
:10E6A0009646C21AEB0AB3CD54302E53E448D98FA4
:10E6B0002831BC6DEFF2EB58EAFFC63461ED28FE5D
:10E6C000733C7CEED9144A5DE3B764E8145D1042F4
:10E6D000E0133E20B6E2EE45EAABAAA3154F6CDB91
:10E6E000D04FCBFA42F442C7B5BB6AEF1D3B4F6532
:10E6F0000521CD419E791ED8C74D85866A474BE4DA
:10E700005062813DF2A162CF46268D5BA08388FCDA
:10E71000A3B6C7C1C324157F9274CB690B8A844703
:10E7200085B2925600BF5B099D4819AD74B1621461
:10E73000000E82232A8D4258EAF5550C3EF4AD1D99
:10E7400061703F2392F07233417E938DF1EC5FD67E
:10E75000DB3B226C5937DE7C6074EECBA7F2854040
:10E760006E3277CE848007A69E50F81955D8EFE810
:10E770003597D961AAA769A9C2060CC5FCAB045A92
:10E78000DCCA0B802E7A449E843445C30567D5FDD0
:10E79000C99E1E0ED3DB73DBCD88551079DA5F6717
:10E7A000404367E36534C4C5D8383E719EF8283DC0
:10E7B00020FF6DF1E7213E154A3DB08F2B9FE3E628
:10E7C000F7AD83DB685A3DE9F74081941C264CF68F
:10E7D00034296994F7201541F7D402762E6BF4BCE6
:10E7E0006800A2D4712408D46AF42033B7D4B743A4
:10E7F000AF6100502EF6391E46452497744F211400
:10E8000040888BBF1DFC954DAF91B596D3DDF4705C
:10E81000452FA066EC09BCBF8597BD03D06DAC7FCA
:10E820000485CB31B327EB964139FD55E64725DA10
:10E830009A0ACAAB25785028F4290453DA862C0AA0
:10E84000FB6DB6E96214DC68006948D7A4C00E68A5
:10E85000EE8DA127A2FE3F4F8CAD87E806E08CB578
:10E86000B6D6F47A7C1ECEAAEC5F37D399A378CEC5
:10E87000422A6B40359EFE20B985F3D9ABD739EEDD
:10E880008B4E123BF7FAC91D56186D4B3166A32605
:10E89000B297E3EA74FA6E3A32435BDDF7E7416818
:10E8A000FB2078CA4EF50AFB97B3FED8AC5640451C
:10E8B000279548BA3A3A5355878D8320B7A96BFEFE
:10E8C0004B9596D0BC67A855589A15A16329A9CC39
:10E8D00033DBE199564A2AA6F925313F1C7EF45EC6
:10E8E0007C31299002E8F8FD702F27045C15BB806D
:10E8F000E32C28054815C195226DC6E43F13C14895
:10E90000DC860FC7EEC9F9070F1F0441A479474001
:10E91000176E885DEB515F32D1C09BD58FC1BCF2C1
:10E920006435114134787B25609C2A60A3E8F8DFC8
:10E930001B6C631FC2B4120E9E32E102D14F66AF50
:10E940001581D1CAE095236BE1923E33620B243BE3
:10E9500022B9BEEE0EA2B285990DBAE68C0C72DE1B
:10E9600028F7A22D457812D0FD94B79562087D64F2
:10E97000F0F5CCE76FA34954FA487D8727FD9DC386
:10E980001E8D3EF34163470A74FF2E99AB6E6F3ABA
:10E9900037FDF8F460DC12A8F8DDEBA14CE11B991F
:10E9A0000D6B6EDB10557BC6372C676D3BD465272E
:10E9B00004E8D0DCC70D29F1A3FF00CC920F39B5D4
:10E9C0000BED0F69FB9F7B669C7DDBCE0BCF91A08F
:10E9D000A35E15D9882F13BB24AD5B51BF79947BFF
:10E9E000EBD63B76B32E3937795911CC97E2268096
:10E9F0002D312EF4A7AD42683B2B6AC6CC4C751264
:10EA00001CF12E783742126AE75192B7E6BBA10695
:10EA10005063FB4B18106B1AFAEDCA11D8BD253D97
:10EA2000C9C3E1E2591642448613120A6EEC0CD9AE
:10EA30002AEAABD54E67AF645FA886DA88E9BFBE25
:10EA4000FEC3E4645780BC9D86C0F7F0F87B786015
:10EA50004D6003604683FDD1B01F38F604AE4577A4
:10EA6000CCFC36D7336B428371AB1EF0874180B04C
:10EA70005F5E003CBE57A07724AEE8BD9942465584
:10EA8000612E58BF8FF4584EA2FDDDF238EF74F4BA
:10EA9000C2BD8987C3F96653748EB3C855F275B485
:10EAA000B9D9FC466126EB7A84DF1D8B790E6A8426
:10EAB000E2955F918E596E467057B4209155D58C72
:10EAC0004CDE02C9E1AC0BB9D00582BB4862A8118B
:10EAD0009EA97475B6197FB709DCA9E0A1092D6656
:10EAE000334632C4021F5AE88CBEF00925A0994A69
:10EAF00010FE6E1D1D3DB91ADFA4A50B0FF286A1F5
:10EB000069F1682883DAB7DCFE0639579BCEE2A1AB
:10EB1000527FCD4F015E1150FA8306A7C4B502A003
:10EB200027D0E60D278CF89A41863F77064C60C3C4
:10EB3000B506A861287A17F0E086F5C0AA586000EB
:10EB4000627DDC30D79EE61163EA382394DDC25340
:10EB50003416C2C256EECBBBDEB6BC90A17DFCEB38
:10EB6000761D59CE09E4056F88017C4B3D0A723948
:10EB7000247C927C5F72E386B99D4D72B45BC11AAE
:10EB8000FCB89ED3785554EDB5A5FC08D37C3DD890
:10EB9000C40FAD4D5EEF501EF8E661B1D91485A2E9
:10EBA0003C13516CE7C7D56FC44EE156CEBF2A3631
:10EBB00037C8C6DD34329AD7128263928EFA0E6756
:10EBC000E000604037CE393ACFF5FAD33777C2ABA1
:10EBD0001B2DC55A9E67B05C4237A34F402782D396
:10EBE000BE9BBC999D8E11D515730FBF7E1C2DD673
:10EBF0007BC400C76B1B8CB74590A121BEB16EB220
:10EC0000B46E366A2FAB4857796E94BCD276A3C6E1
:10EC1000C8C24965EEF80F537DDE8D461D0A73D5D7
:10EC2000C64DD04CDBBB39295046BAA9E82695AC75
:10EC300004E35EBEF0D5FAA19A512D6AE28CEF632F
:10EC400022EE869AB8C289C0F62E2443AA031EA5D6
:10EC5000A4D0F29CBA61C0834D6AE99B5015E58F40
:10EC6000D65B64BAF9A22628E13A3AA78695A94B61
:10EC7000E96255EFD3EF2FC7DAF752F7696F043F18
:10EC8000590AFA7715A9E4800186B087ADE6099B99
:10EC900093E53E3B5AFD90E997D7349ED9B7F02CC7
:10ECA000518B2B023AACD5967DA67D01D63ECFD1B5
:10ECB000282D7D7CCF259F1F9BB8F2AD72B4D65A0C
:10ECC0004CF5885A71AC29E0E6A519E0FDACB047D7
:10ECD0009BFA93ED8DC4D3E8CC573B282966D5F831
:10ECE000282E137991015F78556075ED440E96F7E3
:10ECF0008C5ED3E3D46D0515BA6DF4882561A1034C
:10ED0000BDF06405159EEBC3A257903CEC1A279703
:10ED10002A073AA99B6D3F1BF521631EFB669CF5F4
:10ED200019F3DC2628D93375F5FD55B18234560325
:10ED3000BB3CBA8A11775128F8D90AC26751CCABCB
:10ED40005F92ADCC5117E84D8EDC303862589D375C
:10ED500091F92093C2907AEACE7B3EFB64CE21519A
:10ED600032BE4F777EE3B6A8463D29C36953DE48DD
:10ED700080E613641008AEA224B26DDDFD2D856916
:10ED8000662107090A469AB3DDC04564CFDE6C5898
:10ED9000AEC8201CDDF7BE5B408D581B7F01D2CC76
:10EDA000BBE3B46B7E6AA2DD45FF593A440A353EA7
:10EDB000D5CDB4BCA8CEEA72BB8464FAAE12668D1F
:10EDC000476F3CBF63E49BD29E5D2F541B77C2AE5E
:10EDD00070634EF68D0D0E7457135BE7711672F863
:10EDE0005D7D53AF08CB4040CCE2B44E6A46D2348E
:10EDF00084AF15012804B0E11D3A9895B49FB80678
:10EE000048A06ECE823B3F6F82AB20354B1D1A016E
:10EE1000F8277227B1601561DC3F93E72B793ABB85
:10EE2000BD254534E13988A04B79CE51B7C9322F81
:10EE3000C9BA1FA07EC81CE0F6D1C7BCC31101CF60
:10EE4000C7AAE8A14987901A9ABD4FD4CBDEDAD081
:10EE500038DA0AD52AC33903673691C67C31F98D71
:10EE60004F2BB1E0B7599EF73ABBF543FF19D5F2E6
:10EE70009C45D9272C2297BF2AFCE61571FC910FDF
:10EE80002515949B6193E5FAEB9CB6CE5964A8C214
:10EE9000D1A8BA125E07C1B60C6A05E36550D2105C
:10EEA00042A403CB0E6EECE03BDB9816BEA0984C60
:10EEB00064E9783232951F9FDF92D3E02B34A0D3E0
:10EEC0001EF2718941740A1B8C34A34B2071BEC59C
:10EED000D83276C38D9F35DF2E2F999B476F0BE677
:10EEE0001DF1E30F54DA4CE591D8DA1ECF7962CEEA
:10EEF0006F7E3ECD66B11816051D2CFDC5D28F84E0
:10EF00009922FBF657F323F5237632A63135A893E1
:10EF100002CDCC566281F0ACB5EB755A9736166EC1
:10EF2000CC73D288926296DED049B9811B90504C46
:10EF30001456C671BDC7C6E60A147A3206D0E1453A
:10EF40009A7BF2C3FD53AAC9000FA862E2BF25BB9A
:10EF5000F6D2BD3505691271220204B27CCFCBB660
:10EF60002B9C76CDC03E1153D3E3401660BDAB3829
:10EF7000F0AD47259C2038BA76CE46F7C5A1AF77CD
:10EF8000606075204EFECB85D88DE88AB0F9AA7AEC
:10EF90007EAAF94C5CC248198C8AFB02E46AC30160
:10EFA000F9E1EBD669F8D490A0DE5CA62D25093FE7
:10EFB0009FE608C232614EB75BE277CEE3DF8F5740
:10EFC000E672C33A70822CECB327C0E5E48557356E
:10EFD000EA0CAE4123EF6B934519A521ED0E4F4E80
:10EFE0001D6592BD86B8AF8F7CEB1FCE3E30DC5FD7
:10EFF0005EC50B1AA6E139CAD5475D3DD9015AD67F
:10F0000051566C4D8B0D9A66FBCCB02D74122B2093
:10F01000F0B18499DF4CCBC2347E76056DB7A9314F
:10F02000D11704D714583A61DE1B111C320F9C16FD
:10F030005318F222FE44CFB2C3B57A912408E8A84F
:10F0400060FC6950AAD0A07DA1896297545B1E958F
:10F05000E0FF64D210C40048A3F775DB8A03E6DA48
:10F06000093FDD94875C8302CD4A90337367F6F3E2
:10F070009D7FBFE2529BD826C837C63B81966F4B17
:10F0800013BE632EE979A78C9F6EBC8E29F5F9B665
:10F090002FFDB4597898066AE74671BAD425AB4279
:10F0A00088A28DFA7207B955F8EEAC0A36492A687B
:10F0B0003C38F1A44028D37BBBC943C115E3ADF470
:10F0C00077C7809EE00558D9674E81CBC90BAE6AE1
:10F0D000D5185D8246DFD6278A324B42DB1C9E9CC8
:10F0E0003ACA257B0D715F1FF8D73E9D7C60B9BE83
:10F0F000BC8B16344DC37295AB8EBA7AB302B4ADE5
:10F10000A2ACD89A171A35CCF799615AE824564020
:10F11000E1630933BF98978568FCEC0ADA6F5362A4
:10F12000A32E08AF28B074C2BD362238641E392C15
:10F13000A630E544FD889F65876BF4234810D151C4
:10F14000C0F9D2A055A141FA4313C42FA8B63C2B55
:10F15000C1FFC8A52089009047EFEAB71506CDB5D5
:10F16000127EBB290FB807049B942166E6CEEDE71B
:10F170003BFE7FC5A437B14C916E8D76032DDE9694
:10F18000267DC65CD3F24F193FDC791D52EBF36D3F
:10F190005EFB69B2F0310CD4CF8CE275A94A57847A
:10F1A00011451BF5E40E73AAF1DD59146C9254D08D
:10F1B0007870E3498050A7F6779386832AC75BE986
:10F1C000EE8F013D38411676D99360F272C2AB9A48
:10F1D000750657A091F7B5C9A28CD290F607A7275C
:10F1E0008EB249DE435CD7C73EF58F671F186EAFFE
:10F1F0002FE2850D53F09C65EAA3AE9EEC802D6B4B
:10F20000A82B36A6C5864D33FD6658963A0995104B
:10F2100078D842CCEF26E5611A3F3B82B6DBD49822
:10F22000E88B02EB0A2C1DB06F8D880E19874E0BF0
:10F23000A90C79117F22E759E1DA3DC81204745410
:10F24000307EB428556850BED0C431CB2AAD0FCA29
:10F2500070FF326908620024D1FBBAED4581736DFD
:10F26000849FEE4AC32EC101E6254899B9B37BF9C4
:10F27000CEBFDF7129CD6C13649B639DC04BB7A5D6
:10F28000895FB117F4BCD346CF375E4794FAFC5B75
:10F2900097FE5AAC3C4C0335F323B85D6A92D521F6
:10F2A0004451C67D3983DCAA7C7756051BA41534EE
:10F2B0001E1CF8522014E9BDDDE4A1E08AF1D67AE3
:10F2C000BBE3404F702CB3C0E457EAAE236B45A5B7
:10F2D000ED4F1D9286AF7C1F3EDC5E0BA639D55DDF
:10F2E000D95A516C8B9AFBB0742BF084DFCB3476F7
:10F2F0006DA9D104143ADE11329C53F2FECFC37AC9
:10F3000024E86069AAA0A162541EE0641000A375FD
:10F310008AE609DD8783CD9073F69DBF52D8C8C6B3
:10F32000816F1363E9A79FBC29F92FB47806E771B1
:10F33000D4AB888D72B9F8AC362A3CF140D3BB43CC
:10F3400015AD778082EC27E585350C41EF931921C7
:10F350000E4E65BDB88FEBCE305FC51AE1CA473D92
:10F3600001D6564D0D66CC2D1220B1994CC27E05AA
:10F37000B73117D758611B1C0F16182244B2B5912C
:10F3800008A8FC50D07D89975B95FFD2C448F7DB75
:10F3900003DA3F945C024A3367F37FE29B26373BF4
:10F3A000964BBE2E798C6E8EF5B6FD59986A46BA8C
:10F3B0002542A2FA0755EE0A496838A4287BC9C13C
:10F3C000E3F4C79EA09E667F3BCC908BB67AE8584C
:10F3D0004CAA73B2C6EF372FE94F82BE54FF53A534
:10F3E000F1D36F1C10E527FADE682D1DB05688C2D8
:10F3F000B3E6C1FD0001020308090A0B26272425F4
:10F40000171415161BFFFF1AFFFFFFFFFFFFFFFF7B
:10F41000FFFFFFFFFFFFFFFFFFFFFFFF04050607E2
:10F420000C0D0E0F10111213FF1819FF1F1C1D1EBB
:10F43000FFFFFFFFFFFFFFFFFFFFFFFFFFFFFFFFDC
:10F44000FFFFFFFF000102033D3E3F3CFFFFFFFFC8
:10F450001B18191A23202122FFFFFFFF08090A0B9E
:10F4600010111213FFFFFFFF27242526FFFFFFFFC8
:10F470000C0D0E0F3A3B38391F1C1D1EFFFFFFFFFE
:10F48000040506074142434014151617FFFFFFFF0E
:10F490002B28292A010101010000000001010101BE
:10F4A0000000000001000101010100010101010053
:10F4B0000101000115161714FFFFFFFF12131011B1
:10F4C0000B08090A0F0C0D0E191A1B181D1E1F1C04
:10F4D00012131011FFFFFFFFFFFFFFFF41524334E4
:10F4E0002D31323800000000424C4F5746495348F6
:10F4F0002D43545200000000424C4F574649534898
:10F500002D43464236340000424C4F57464953483B
:10F510002D43424300000000424C4F574649534898
:10F520002D454342000000004445532D45444533DA
:10F530002D434243000000004445532D45444533CC
:10F540002D454342000000004445532D4544452DC0
:10F55000434243004445532D4544452D4543420015
:10F560004445532D434243004445532D45434200F7
:10F5700043414D454C4C49412D3235362D43434D89
:10F580000000000043414D454C4C49412D3139327A
:10F590002D43434D0000000043414D454C4C494133
:10F5A0002D3132382D43434D0000000043414D457D
:10F5B0004C4C49412D3235362D47434D000000005B
:10F5C00043414D454C4C49412D3139322D47434D36
:10F5D0000000000043414D454C4C49412D3132382B
:10F5E0002D47434D0000000043414D454C4C4941DF
:10F5F0002D3235362D4354520000000043414D4515
:10F600004C4C49412D3139322D43545200000000F9
:10F6100043414D454C4C49412D3132382D435452D4
:10F620000000000043414D454C4C49412D323536D8
:10F630002D4346423132380043414D454C4C4941FF
:10F640002D3139322D4346423132380043414D4548
:10F650004C4C49412D3132382D434642313238002D
:10F6600043414D454C4C49412D3235362D434243A3
:10F670000000000043414D454C4C49412D31393289
:10F680002D4342430000000043414D454C4C49414D
:10F690002D3132382D4342430000000043414D4597
:10F6A0004C4C49412D3235362D4543420000000077
:10F6B00043414D454C4C49412D3139322D45434252
:10F6C0000000000043414D454C4C49412D3132383A
:10F6D0002D454342000000004145532D3235362D63
:10F6E00043434D004145532D3139322D43434D00A5
:10F6F0004145532D3132382D43434D004145532D63
:10F700003235362D47434D004145532D3139322D89
:10F7100047434D004145532D3132382D47434D006D
:10F720004145532D3235362D435452004145532D1A
:10F730003139322D435452004145532D3132382D49
:10F74000435452004145532D3235362D4346423104
:10F75000323800004145532D3139322D4346423174
:10F76000323800004145532D3132382D4346423165
:10F77000323800004145532D3235362D4342430087
:10F780004145532D3139322D434243004145532DDC
:10F790003132382D434243004145532D3235362D09
:10F7A000454342004145532D3139322D45434200F6
:10F7B0004145532D3132382D4543420005020000AA
:10F7C000800000008CF70400100000000000000022
:10F7D00010000000B4F904002B08000080000000B5
:10F7E000F0F604000C000000010000001000000012
:10F7F000D8FC0400080300008000000064F7040047
:10F80000100000000000000010000000B4F9040027
:10F810000B0500008000000038F704001000000015
:10F820000000000010000000B4F904000201000014
:10F8300080000000B0F7040010000000000000008D
:10F8400010000000B4F904000E0600008000000063
:10F8500014F704000C00000001000000100000007C
:10F8600048FE040006020000C000000080F704000B
:10F87000100000000000000010000000B4F90400B7
:10F880002C080000C0000000E4F604000C0000009A
:10F890000100000010000000D8FC04000903000073
:10F8A000C000000054F70400100000000000000039
:10F8B00010000000B4F904000C050000C0000000B6
:10F8C0002CF70400100000000000000010000000F1
:10F8D000B4F9040003010000C0000000A4F7040014
:10F8E000100000000000000010000000B4F9040047
:10F8F0000F060000C000000008F704000C00000024
:10F90000010000001000000048FE04000702000093
:10F910000001000074F70400100000000000000067
:10F9200010000000B4F904002D08000000010000E0
:10F93000D8F604000C0000000100000010000000D8
:10F94000D8FC04000A0300000001000044F7040092
:10F95000100000000000000010000000B4F90400D6
:10F960000D0500000001000020F704001000000059
:10F970000000000010000000B4F9040004010000C1
:10F980000001000098F704001000000000000000D3
:10F9900010000000B4F9040010060000000100008F
:10F9A000FCF604000C000000010000001000000044
:10F9B00048FE040002000000354802003148020001
:10F9C0002D480200294802000000000025480200DE
:10F9D0002148020009480200F54702002A070000FA
:10F9E00080000000DCF404000000000000000000C3
:10F9F00001000000F8F9040007000000000000000A
:10FA0000000000000000000000000000F1470200BC
:10FA1000D5470200D5470200BD470200A9470200B2
:10FA2000270200008000000008F504000800000024
:10FA3000020000000800000090FA04002803000003
:10FA400080000000F8F4040008000000020000003C
:10FA50000800000090FA0400290500008000000062
:10FA6000E8F40400080000000200000008000000A4
:10FA700090FA0400260100008000000018F5040040
:10FA800008000000020000000800000090FA0400D6
:10FA900006000000A5470200A14702009D470200A2
:10FAA00099470200000000009547020095470200B8
:10FAB0007D47020069470200140200008000000038
:10FAC00088F6040010000000000000001000000094
:10FAD000B0FC04002E0800008000000098F504002F
:10FAE0000C000000010000001000000000FD0400F8
:10FAF00017030000800000004CF604001000000016
:10FB00000000000010000000B0FC04001A05000016
:10FB10008000000010F6040010000000000000004B
:10FB200010000000B0FC0400110100008000000083
:10FB3000C4F60400100000000000000010000000E7
:10FB4000B0FC04001D06000080000000D4F5040095
:10FB50000C000000010000001000000070FE040016
:10FB600015020000C000000074F604001000000040
:10FB70000000000010000000B0FC04002F0800008E
:10FB8000C000000084F504000C000000010000002B
:10FB90001000000000FD040018030000C000000079
:10FBA00038F6040010000000000000001000000003
:10FBB000B0FC04001B050000C0000000FCF50400C0
:10FBC000100000000000000010000000B0FC040065
:10FBD00012010000C0000000B0F604001000000098
:10FBE0000000000010000000B0FC04001E06000031
:10FBF000C0000000C0F504000C000000010000007F
:10FC00001000000070FE0400160200000001000059
:10FC100060F604001000000000000000100000006A
:10FC2000B0FC0400300800000001000070F5040082
:10FC30000C000000010000001000000000FD0400A6
:10FC4000190300000001000024F604001000000069
:10FC50000000000010000000B0FC04001C050000C3
:10FC600000010000E8F504001000000000000000A2
:10FC700010000000B0FC04001301000000010000AF
:10FC80009CF60400100000000000000010000000BE
:10FC9000B0FC04001F06000000010000ACF50400E9
:10FCA0000C000000010000001000000070FE0400C5
:10FCB0000500000065470200614702005D47020041
:10FCC000594702000000000055470200514702005A
:10FCD0003947020025470200020000000000000032
:10FCE0000000000000000000000000000000000014
:10FCF000D5460200D5460200B14602009D460200EC
:10FD000005000000000000000000000000000000EE
:10FD10000000000000000000C9460200C9460200C1
:10FD2000B14602009D460200210200004000000092
:10FD300060F504000800000000000000080000005A
:10FD400020FE0400200100004000000068F50400CF
:10FD500008000000000000000800000020FE040071
:10FD600025020000C000000028F504000800000083
:10FD7000000000000800000098FD040024010000BD
:10FD8000C000000038F5040008000000000000007A
:10FD90000800000098FD0400040000004D46020029
:10FDA00049460200000000000000000000000000C2
:10FDB000454602004146020029460200154602005F
:10FDC000230200008000000048F504000800000045
:10FDD0000000000008000000F8FD040022010000FF
:10FDE0008000000054F5040008000000000000003E
:10FDF00008000000F8FD0400030000004D4602006A
:10FE00004946020000000000000000000000000061
:10FE100059460200554602002946020015460200D6
:10FE20000300000095460200914602000000000019
:10FE300000000000000000008D460200894602001C
:10FE4000714602005D460200020000000000000052
:10FE500000000000000000000000000000000000A2
:10FE60001947020019470200F5460200E146020068
:10FE7000050000000000000000000000000000007D
:10FE800000000000000000000D4702000D470200C6
:10FE9000F5460200E1460200020000002CF80400D2
:10FEA00003000000D4F80400040000007CF9040002
:10FEB00005000000BCF704000600000064F8040020
:10FEC000070000000CF9040008000000F4F704002B
:10FED000090000009CF804000A00000044F9040036
:10FEE0000B00000010F804000C000000B8F804003B
:10FEF0000D00000060F904000E00000048F8040046
:10FF00000F000000F0F804001000000098F9040051
:10FF10002B000000D8F704002C00000080F804003B
:10FF20002D00000028F904002A000000DCF904007C
:10FF30002600000074FA04002700000020FA0400E4
:10FF4000280000003CFA04002900000058FA0400D0
:10FF50001100000028FB040012000000D0FB040088
:10FF60001300000078FC040014000000B8FA04003C
:10FF70001500000060FB04001600000008FC0400EF
:10FF800017000000F0FA04001800000098FB0400BD
:10FF90001900000040FC04001A0000000CFB0400E3
:10FFA0001B000000B4FB04001C0000005CFC04000B
:10FFB0001D00000044FB04001E000000ECFB0400D8
:10FFC0001F00000094FC04002E000000D4FA04007E
:10FFD0002F0000007CFB04003000000024FC040023
:10FFE0002000000044FD040022000000DCFD0400AD
:10FFF000240000007CFD04002100000028FD040016
:020000040005F5
:1000000023000000C0FD04002500000060FD040086
:1000100000000000000000000000000001000000DF
:1000200000010000010100000000010001000100CA
:1000300000010100010101000000000101000001B8
:1000400000010001010100010000010101000101A6
:100050000001010101010101000000000000000198
:10006000000001000000010100010000000100018A
:100070000001010000010101010000000100000178
:100080000100010001000101010100000101000166
:100090000101010001010101000401010000000053
:1000A0000000010004040101040001010404010036
:1000B0000400000000000100000400000004010131
:1000C0000404010100040000040400010400010113
:1000D000000000010400000004040000000400010E
:1000E00000040001000401000004010000000101FF
:1000F00000000101040400010400010004000001EB
:1001000004000001040001000000000004040000DD
:1001100004040100000000010000010004040101CA
:1001200004000000000001010004010100000001C2
:1001300000000001000400000400010100000100B3
:10014000000401000400000100040000040000009D
:10015000040400010404010004040101040001007E
:100160000000010104040001040000010404000077
:100170000404010000040101040400000004000163
:100180000004000100000000040001000004010060
:100190000000000004000101208010800080008029
:1001A00000800000208010000000100020000000EF
:1001B000200010802080008020000080208010809F
:1001C000008010800000008000800080000010008F
:1001D000200000002000108000801000200010008F
:1001E00020800080000000000000008000800000EF
:1001F00020801000000010802000100020000080EF
:1002000000000000008010002080000000801080AE
:1002100000001080208000000000000020801000FE
:10022000200010800000100020800080000010805E
:10023000008010800080000000001080008000809E
:10024000200000002080108020801000200000008E
:1002500000800000000000802080000000801080EE
:10026000000010002000008020001000208000808E
:10027000200000802000100000801000000000001E
:10028000008000802080000000000080200010809E
:100290002080108000801000080200000002020888
:1002A0000000000008000208000200080000000032
:1002B000080202000002000808000200080000080E
:1002C00008000008000002000802020808000200FE
:1002D00000000208080200000000000808000000FA
:1002E00000020208000200000002020000000208F2
:1002F00008000208080202000802000800020200CA
:1003000000000200080200080800000008020208BD
:1003100000020000000000080002020800000008BF
:1003200008000200080200000000020000020208AB
:1003300000020008000000000002000008000200A7
:10034000080202080002000808000008000200007D
:100350000000000008000208080200080000020077
:10036000000000080802020808000000080202005D
:10037000000202000800000800000208080200084D
:100380000802000000000208080202000800000045
:100390000800020800020200012080008120000005
:1003A000812000008000000080208000810080000B
:1003B00001008000012000000000000000208000FB
:1003C00000208000812080008100000000000000EB
:1003D000800080000100800001000000002000007B
:1003E00000008000012080008000000000008000EC
:1003F000012000008020000081008000010000003A
:10040000802000008000800000200000802080000C
:1004100081208000810000008000800001008000B9
:10042000002080008120800081000000000000008A
:10043000000000000020800080200000800080007C
:100440008100800001000000012080008120000068
:1004500081200000800000008120800081000000D9
:1004600001000000002000000100800001200000C9
:10047000802080008100800001200000802000009A
:10048000000080000120800080000000000080004B
:100490000020000080208000000100000001080210
:1004A00000000802000100420000080000010000F6
:1004B00000000040000008020001084000000800A1
:1004C0000001000200010840000100420000084253
:1004D0000001080000000040000000020000084089
:1004E0000000084000000000000100400001084238
:1004F0000001084200010002000008420001004023
:10050000000000000000004200010802000000029C
:100510000000004200010800000008000001004245
:10052000000100000000000200000040000008027E
:1005300000010042000108400001000200000040EC
:10054000000008420001080200010840000100000C
:1005500000000002000008420001084200010800FB
:1005600000000042000108420000080200000000F4
:1005700000000840000000420001080000010002E5
:1005800000010040000008000000000000000840DA
:10059000000108020001004010000020000040207F
:1005A00000400000104040200000402010000000EB
:1005B000104040200000400000400020104040005B
:1005C000000040001000002010004000004000200B
:1005D000000000201040000000000000100040005B
:1005E000104000200040000000404000104000206B
:1005F000100000001000402010004020000000000B
:1006000010404000004040201040000000404000EA
:1006100000404020000000200040002010000000AA
:1006200010004020004040001040402000004000EA
:10063000104000001000002000004000004000209A
:10064000000000201040000010000020104040205A
:10065000004040000000402010404000004040208A
:1006600000000000100040201000000000400000CA
:1006700000004020104040000040000010004000FA
:10068000104000200000000000404020000000203A
:100690001000400010400020000020000200200454
:1006A0000208000400000000000800000208000426
:1006B0000208200000082004020820040000200096
:1006C000000000000200000402000000000000041E
:1006D00002002004020800000008000402082000B4
:1006E00002002000000800040200000400002004B2
:1006F0000008200402002000000020040008000080
:100700000208000002082004000820000200000087
:100710000000000400082000000000040008200081
:100720000000200002080004020800040200200467
:10073000020020040200000002002000000000046B
:100740000008000400002000000820040208000047
:100750000208200000082004020800000200000433
:10076000020820040000200400082000000000000F
:10077000020000000208200400000000020820001F
:10078000000020040008000002000004000800042B
:1007900000080000020020004010001000100000BF
:1007A0000000040040100410000000104010001071
:1007B0004000000000000010400004000000041091
:1007C0004010041000100400001004104010040039
:1007D0000010000040000000000004104000001065
:1007E0000010001040100000001004004000040041
:1007F0004000041000100410401000000000000031
:100800000000000040000410400000100010001024
:100810004010040000000400401004000000040028
:100820000010041000100000400000004000041000
:1008300000100000401004000010001040000000F4
:1008400040000010000004104000041000000010E0
:1008500000000400401000100000000040100410D0
:1008600040000400400000100000041000100010C0
:1008700040100010000000004010041000100400A0
:100880000010040040100000401000004000040070
:100890000000001000100410000000000000000024
:1008A000201C000000000000403800000000000094
:1008B00060240000000000008070000000000000C4
:1008C000A06C000000000000C04800000000000014
:1008D000E05400000000000000E100000000000003
:1008E00020FD00000000000040D9000000000000D2
:1008F00060C50000000000008091000000000000C2
:10090000A08D000000000000C0A900000000000051
:10091000E0B500000000000008008000500000006A
:10092000A95C02007D5C02009D5D020000000000E9
:10093000000000001D5E0200095F0200040080004C
:1009400024010000A95C02007D5C02009D5D0200A4
:1009500000000000000000001D5E0200D55E0200E5
:10096000537461636B206F766572666C6F77206479
:10097000657465637465642E0000000000008000EB
:100980009D62020085620200316302002F62756978
:100990006C64732F716F72766F2F7577622D696F2C
:1009A000742F70726F6A2F617070732D70726F6A1E
:1009B000656374732F53444B2F636F6D706F6E6557
:1009C0006E74732F6C69627261726965732F7175D1
:1009D0006575652F6E72665F71756575652E63004E
:1009E0002F6275696C64732F716F72766F2F7577D4
:1009F000622D696F742F70726F6A2F617070732D22
:100A000070726F6A656374732F53444B2F657874EB
:100A100065726E616C2F6672656572746F732F7389
:100A20006F757263652F706F727461626C652F4DA4
:100A3000656D4D616E672F686561705F342E630070
:100A40002F6275696C64732F716F72766F2F757773
:100A5000622D696F742F70726F6A2F617070732DC1
:100A600070726F6A656374732F53444B2F6578748B
:100A700065726E616C2F6672656572746F732F702C
:100A80006F727461626C652F434D5349532F6E72C0
:100A90006635322F706F72745F636D7369732E6386
:100AA000000000002F6275696C64732F716F72769D
:100AB0006F2F7577622D696F742F70726F6A2F6157
:100AC0007070732D70726F6A656374732F53444B2B
:100AD0002F65787465726E616C2F667265657274CD
:100AE0006F732F736F757263652F71756575652EE2
:100AF000630000002F6275696C64732F716F7276EA
:100B00006F2F7577622D696F742F70726F6A2F6106
:100B10007070732D70726F6A656374732F53444BDA
:100B20002F65787465726E616C2F6672656572747C
:100B30006F732F736F757263652F7461736B732E90
:100B40006300000049444C4500000000546D7251A0
:100B5000000000002F6275696C64732F716F7276EC
:100B60006F2F7577622D696F742F70726F6A2F61A6
:100B70007070732D70726F6A656374732F53444B7A
:100B80002F65787465726E616C2F6672656572741C
:100B90006F732F736F757263652F74696D657273F0
:100BA0002E630000546D7220537663002F627569C6
:100BB0006C64732F716F72766F2F7577622D696F0A
:100BC000742F70726F6A2F617070732D70726F6AFC
:100BD000656374732F53444B2F636F6D706F6E6535
:100BE0006E74732F626F617264732F626F617264CF
:100BF000732E63002E2E2F2E2E2F2E2E2F2E2E2FC5
:100C00002E2E2F53444B2F6D6F64756C65732F6EB2
:100C10007266782F68616C2F6E72665F6770696F9D
:100C20002E6800000405160E2F6275696C64732F20
:100C3000716F72766F2F7577622D696F742F707276
:100C40006F6A2F617070732D70726F6A6563747351
:100C50002F53444B2F696E746567726174696F6EB0
:100C60002F6E7266782F6C65676163792F6E72667E
:100C70005F6472765F636C6F636B2E6300000000CD
:100C8000636C6F636B0000002F6275696C64732F77
:100C9000716F72766F2F7577622D696F742F707216
:100CA0006F6A2F617070732D70726F6A65637473F1
:100CB0002F53444B2F6D6F64756C65732F6E726686
:100CC000782F647269766572732F7372632F6E72F8
:100CD00066785F636C6F636B2E630000434C4F4319
:100CE0004B0000002F6275696C64732F716F727610
:100CF0006F2F7577622D696F742F70726F6A2F6115
:100D00007070732D70726F6A656374732F53444BE8
:100D10002F6D6F64756C65732F6E7266782F6472B9
:100D200069766572732F7372632F6E7266785F6770
:100D300070696F74652E63004750494F5445000039
:100D400055415254000000005541525445000000E6
:100D5000525443002F6275696C64732F716F727601
:100D60006F2F7577622D696F742F70726F6A2F61A4
:100D70007070732D70726F6A656374732F53444B78
:100D80002F6D6F64756C65732F6E7266782F647249
:100D900069766572732F7372632F6E7266785F73F4
:100DA00070696D2E630000002E2E2F2E2E2F2E2EFA
:100DB0002F2E2E2F2E2E2F53444B2F696E746567C6
:100DC000726174696F6E2F6E7266782F6E726678BC
:100DD0005F676C75652E68005350494D0000000038
:100DE0009D9C0200B59C0200CD9C02002F6275699B
:100DF0006C64732F716F72766F2F7577622D696FC8
:100E0000742F70726F6A2F617070732D70726F6AB9
:100E1000656374732F53444B2F6D6F64756C6573EA
:100E20002F6E7266782F647269766572732F737293
:100E3000632F6E7266785F7379737469636B2E6368
:100E40000000000054494D45520000002F627569B2
:100E50006C64732F716F72766F2F7577622D696F67
:100E6000742F70726F6A2F617070732D70726F6A59
:100E7000656374732F53444B2F6D6F64756C65738A
:100E80002F6E7266782F647269766572732F737233
:100E9000632F6E7266785F7477692E6300000000BE
:100EA000545749002F6275696C64732F716F7276A5
:100EB0006F2F7577622D696F742F70726F6A2F6153
:100EC0007070732D70726F6A656374732F53444B27
:100ED0002F6D6F64756C65732F6E7266782F6472F8
:100EE00069766572732F7372632F6E7266785F779F
:100EF00064742E630000000057445400FFFFFFFF9E
:100F00000007FF0000000040000000002F6275692C
:100F10006C64732F716F72766F2F7577622D696FA6
:100F2000742F70726F6A2F617070732D70726F6A98
:100F3000656374732F53444B2F6D6F64756C6573C9
:100F40002F6E7266782F647269766572732F737272
:100F5000632F6E7266785F757362642E63000000A3
:100F60002E2E2F2E2E2F2E2E2F2E2E2F2E2E2F5377
:100F7000444B2F6D6F64756C65732F6E7266782F9E
:100F800068616C2F6E72665F757362642E68000014
:100F9000555342440000000008010C0110011401E7
:100FA00018011C01200124012C0100003001340132
:100FB00038013C014001440148014C01500100004E
:100FC000A1AC0200D9AC0200C1AE020029B00200FF
:100FD000B9B0020071B00200E1AF020009AF020037
:100FE00099AF020051AF020089B202004DAE02007B
:100FF000E5BA02009DB9020019BA02001DB902004B
:1010000021B702009DB8020021B80200A1B702007A
:10101000E5AD02009DAD0200DDAC020081BE020024
:101020009DB602002F6275696C64732F716F7276C2
:101030006F2F7577622D696F742F70726F6A2F61D1
:101040007070732D70726F6A656374732F53444BA5
:101050002F6D6F64756C65732F6E7266782F647276
:1010600069766572732F7372632F7072732F6E724D
:1010700066785F7072732E63000000005052530058
:101080002F6275696C64732F716F72766F2F75772D
:10109000622D696F742F70726F6A2F617070732D7B
:1010A00070726F6A656374732F53444B2F696E744B
:1010B0006567726174696F6E2F6E7266782F6C65EA
:1010C000676163792F6E72665F6472765F726E67B6
:1010D0002E630000726E6700010600002F627569C2
:1010E0006C64732F716F72766F2F7577622D696FD5
:1010F000742F70726F6A2F617070732D70726F6AC7
:10110000656374732F53444B2F6D6F64756C6573F7
:101110002F6E7266782F647269766572732F7372A0
:10112000632F6E7266785F726E672E630000000038
:10113000524E47004E656172627920496E74657245
:10114000616374696F6E20426574610044574D336A
:1011500030303143444B00004672656552544F5362
:10116000000000005465726D696E616C0000000043
:101170005254540053454747455200002F62756949
:101180006C64732F716F72766F2F7577622D696F34
:10119000742F70726F6A2F617070732D70726F6A26
:1011A000656374732F53444B2F636F6D706F6E655F
:1011B0006E74732F626C652F636F6D6D6F6E2F622F
:1011C0006C655F636F6E6E5F73746174652E630030
:1011D00073645F626C655F6761705F646174615FB7
:1011E0006C656E6774685F7570646174652829202A
:1011F000287265717565737429206F6E20636F6E38
:101200006E656374696F6E2030782578207265741E
:1012100075726E65642025732E0000005468652089
:101220007265717565737465642054582F52582027
:101230007061636B6574206C656E67746820697398
:1012400020746F6F206C6F6E672062792025752F78
:101250002575206F63746574732E000054686520D3
:1012600072657175657374656420636F6D62696E14
:101270006174696F6E206F6620545820616E64201F
:101280005258207061636B6574206C656E6774687A
:101290007320697320746F6F206C6F6E67206279A2
:1012A000202575206D6963726F7365636F6E64735B
:1012B0002E00000073645F626C655F676174746325
:1012C0005F65786368616E67655F6D74755F726591
:1012D000717565737428292072657475726E656402
:1012E0002025732E0000000073645F626C655F67E9
:1012F000617474735F65786368616E67655F6D7450
:10130000755F7265706C7928292072657475726ECC
:1013100065642025732E00006E72665F626C655FE7
:1013200067617474000000005570646174650000AA
:1013300044656C65746500004F7574646174656420
:10134000202830290000000053657276696365200B
:101350006368616E6765642070656E64696E67209E
:10136000666C6167000000004F75746461746564A9
:1013700020283229000000004F7574646174656490
:1013800020283329000000004170706C696361748B
:10139000696F6E20646174610000000052656D6FBA
:1013A0007465206461746162617365005065657283
:1013B0002072616E6B000000426F6E64696E672080
:1013C00064617461000000004C6F63616C206461B3
:1013D000746162617365000043656E7472616C20B4
:1013E00061646472657373207265736F6C75746980
:1013F0006F6E0000456E6372797074696F6E0000E5
:10140000426F6E64696E670050616972696E670051
:10141000496E76616C696420526F6C650000000053
:101420005065726970686572616C000043656E7426
:1014300072616C00706565725F6D616E6167657287
:101440005F68616E646C657200000000626C655FCD
:1014500062617300626C655F6E7573009ECADC2406
:101460000EE5A9E093F3A3B50000406E2F62756905
:101470006C64732F716F72766F2F7577622D696F41
:10148000742F70726F6A2F617070732D70726F6A33
:10149000656374732F53444B2F636F6D706F6E656C
:1014A0006E74732F736F66746465766963652F63FA
:1014B0006F6D6D6F6E2F6E72665F7364682E630062
:1014C0006E72665F7364680001000007A4CA0400BE
:1014D000ACCA04000800000094CA0400A4CA0400B6
:1014E000080000007CCA040094CA04000800000040
:1014F0002F6275696C64732F716F72766F2F7577B9
:10150000622D696F742F70726F6A2F617070732D06
:1015100070726F6A656374732F53444B2F636F6DE2
:10152000706F6E656E74732F736F66746465766921
:1015300063652F636F6D6D6F6E2F6E72665F736480
:10154000685F626C652E63006E72665F7364685FCD
:10155000626C65003CCA04007CCA040008000000FC
:10156000424C4500536F6674446576696365207428
:1015700061736B206E6F7420637265617465642E95
:10158000000000002F6275696C64732F716F7276B2
:101590006F2F7577622D696F742F70726F6A2F616C
:1015A0007070732D70726F6A656374732F53444B40
:1015B0002F636F6D706F6E656E74732F736F6674CB
:1015C0006465766963652F636F6D6D6F6E2F6E72E4
:1015D000665F7364685F6672656572746F732E63AD
:1015E000000000006E72665F7364685F6672656516
:1015F00072746F73000000002F6275696C64732F42
:10160000716F72766F2F7577622D696F742F70729C
:101610006F6A2F617070732D70726F6A6563747377
:101620002F53444B2F636F6D706F6E656E74732F05
:10163000736F66746465766963652F636F6D6D6F34
:101640006E2F6E72665F7364685F736F632E6300E4
:101650006E72665F7364685F736F63002CCA040008
:101660003CCA0400080000007265705461736B008E
:101670004F4B0000455252007B22545752223A20D1
:101680007B2252223A25642C22613136223A2230C2
:101690007825303478222C2253223A222573222CAA
:1016A000224420636D223A25647D7D0D0A000000EE
:1016B0002F6275696C64732F716F72766F2F7577F7
:1016C000622D696F742F70726F6A2F617070732D45
:1016D00070726F6A656374732F6E6577746F6E2FA7
:1016E000716F72766F5F6170706C655F6E6561724D
:1016F00062795F696E746572616374696F6E5F624F
:101700006574612F5372632F417070732F66697215
:10171000612F666972615F6170702E630000000066
:1017200021720000681605001DE70200020000009B
:1017300000000000000100006D6370735461736B62
:101740000000000054616720696E69742066616959
:101750006C65642E2053746F702E0D0A000000001B
:1017600054782064656C617965643A2073746172A1
:10177000742025782063757272656E742025780058
:1017800052782064656C617965643A207374617283
:10179000742025782063757272656E742025780038
:1017A0000100000138170500BDEE02000300000033
:1017B0000000000000040000B1EE020001F202008F
:1017C00029F20200ADF3020035EB0200E5F0020061
:1017D0004DEB0200000000003DEF020065EB02004F
:1017E00099EB0200A1EB0200A9EB0200C5EB02009D
:1017F000DDEB02004DEC0200ADEC020061F40200F2
:10180000B1EC020045ED020049ED020069F302006F
:101810004DED0200000000007DED020091ED0200A0
:101820009DED0200A1ED02004465665461736B00FA
:101830002F6275696C64732F716F72766F2F757775
:10184000622D696F742F70726F6A2F617070732DC3
:1018500070726F6A656374732F6E6577746F6E2F25
:10186000716F72766F5F6170706C655F6E656172CB
:1018700062795F696E746572616374696F6E5F62CD
:101880006574612F5372632F5557422F6D61696ED6
:101890005F7577622E63000028180500A1F802002A
:1018A000FEFF000000000000000400002F627569C8
:1018B0006C64732F716F72766F2F7577622D696FFD
:1018C000742F70726F6A2F617070732D70726F6AEF
:1018D000656374732F6E6577746F6E2F716F727698
:1018E0006F5F6170706C655F6E65617262795F6970
:1018F0006E746572616374696F6E5F626574612F87
:101900005372632F426F617264732F5372632F445B
:10191000574D3330303143444B2F44574D333030E3
:101920003143444B2E630000000000000000000023
:101930000338FDD87047000040000000000400009C
:10194000FFFFFFFFFFFFFFFF800000000006000019
:10195000FFFFFFFFFFFFFFFF000100000008000086
:10196000FFFFFFFFFFFFFFFF000200002F6275690E
:101970006C64732F716F72766F2F7577622D696F3C
:10198000742F70726F6A2F617070732D70726F6A2E
:10199000656374732F6E6577746F6E2F716F7276D7
:1019A0006F5F6170706C655F6E65617262795F69AF
:1019B0006E746572616374696F6E5F626574612FC6
:1019C0005372632F48414C2F5372632F6E5246352A
:1019D000323878782F48414C5F7761746368646F60
:1019E000672E630001000000D00700000700000020
:1019F0002F6275696C64732F716F72766F2F7577B4
:101A0000622D696F742F70726F6A2F617070732D01
:101A100070726F6A656374732F6E6577746F6E2F63
:101A2000716F72766F5F6170706C655F6E65617209
:101A300062795F696E746572616374696F6E5F620B
:101A40006574612F5372632F48414C2F5372632F7B
:101A50006E524635323878782F48414C5F535049A2
:101A60002E630000000000000000000000000000E5
:101A70000338FDD870470000C9FB020011FC0200CA
:101A800061FB020059FC0200A5FE020069FF020092
:101A90005DFB0200C9FB020011FC020061FB0200B9
:101AA00059FC0200A5FE020069FF02005DFB020076
:101AB0002F6275696C64732F716F72766F2F7577F3
:101AC000622D696F742F70726F6A2F617070732D41
:101AD00070726F6A656374732F6E6577746F6E2FA3
:101AE000716F72766F5F6170706C655F6E65617249
:101AF00062795F696E746572616374696F6E5F624B
:101B00006574612F5372632F48414C2F5372632FBA
:101B10006E524635323878782F48414C5F445733FF
:101B20003030302E63000000010002000000000091
:101B30000338FDD87047000000000000441B05007A
:101B400011000300A5FE020069FF02005DFB020018
:101B5000000000007DFF0200220006001900330093
:101B6000060000000000000000000000000000006F
:101B70000338FDD87047000000000000000000009E
:101B80000338FDD8704700002F6275696C64732FAD
:101B9000716F72766F2F7577622D696F742F707207
:101BA0006F6A2F617070732D70726F6A65637473E2
:101BB0002F6E6577746F6E2F716F72766F5F6170C5
:101BC000706C655F6E65617262795F696E74657273
:101BD000616374696F6E5F626574612F50726F6AC2
:101BE000656374732F44574D3330303143444B2F6A
:101BF000636F6E6669672F4672656552544F535F17
:101C000069646C655F686F6F6B2E63002F62756926
:101C10006C64732F716F72766F2F7577622D696F99
:101C2000742F70726F6A2F617070732D70726F6A8B
:101C3000656374732F6E6577746F6E2F716F727634
:101C40006F5F6170706C655F6E65617262795F690C
:101C50006E746572616374696F6E5F626574612F23
:101C60005372632F436F6D6D2F626C652F626C65CD
:101C70002E630000436F6E6E656374656400000040
:101C8000446973636F6E6E65637465640000000081
:101C90004E6F74696669636174696F6E2069732041
:101CA000656E61626C6564004E6F7469666963613C
:101CB00074696F6E2069732064697361626C656416
:101CC00000000000646174615F6C656E206D757367
:101CD00074206265206174206C6561737420312EFC
:101CE0002052657475726E2E0000000041707020E5
:101CF0007265717565737473206163636573736F67
:101D0000727920636F6E6669672064617461000098
:101D100044617461206C656E2077726F6E6700009D
:101D200050726F746F636F6C2076657273696F6E3B
:101D3000206E6F7420737570706F7274656400002C
:101D4000556E737570706F72746564206D65737312
:101D50006167652049442E00466173742061647692
:101D60006572746973696E672E0000002F62756971
:101D70006C64732F716F72766F2F7577622D696F38
:101D8000742F70726F6A2F617070732D70726F6A2A
:101D9000656374732F6E6577746F6E2F716F7276D3
:101DA0006F5F6170706C655F6E65617262795F69AB
:101DB0006E746572616374696F6E5F626574612FC2
:101DC0005372632F6D61696E2E6300004C4F47475D
:101DD000455200004170706C69636174696F6E3ABE
:101DE0002025730D0A0000005461726765743A2063
:101DF00025730D0A000000004F533A2025730D0A89
:101E00000000000056657273696F6E3A2025730DED
:101E10000A0000004D41433A2025730D0A000000DE
:101E2000526573706F6E64657200000041434345F4
:101E300053534F52595F52414E47494E475F524F9D
:101E40004C453A2025730D0A0000000043000000B5
:101E5000504F5349580000002020202020202020EF
:101E6000206828282828202020202020202020200A
:101E700020202020202020204810101010101010AA
:101E800010101010101010108484848484848484B2
:101E900084841010101010101081818181818101C3
:101EA0000101010101010101010101010101010122
:101EB00001010110101010101082828282828202B1
:101EC00002020202020202020202020202020202F2
:101ED0000202021010101020000703200417020154
:101EE00008571040800000004C1E0500501F0500E0
:101EF0006420050053756E004D6F6E0054756500CB
:101F00005765640054687500467269005361740037
:101F1000000000004A616E00466562004D6172007B
:101F2000417072004D6179004A756E004A756C000F
:101F300041756700536570004F6374004E6F760003
:101F40004465630000000000414D00504D0000005A
:101F500088200500842005008420050084200500D9
:101F600084200500842005008420050084200500CD
:101F70008420050084200500FFFFFFFFFFFFFFFF17
:101F8000FFFFFFFFFFFF0000C41F0500F41E050058
:101F900000200500141F0500481F0500A81F0500AC
:101FA00058200500B41F0500256D2F25642F2579C5
:101FB0000000000025612025622025652025542091
:101FC0002559000053756E646179004D6F6E646130
:101FD000790054756573646179005765646E657343
:101FE000646179005468757273646179004672693E
:101FF0006461790053617475726461790000000056
:102000004A616E75617279004665627275617279B6
:10201000004D6172636800417072696C004D6179B6
:10202000004A756E65004A756C7900417567757375
:10203000740053657074656D626572004F63746FF0
:10204000626572004E6F76656D626572004465630D
:10205000656D62657200000025483A254D3A2553AA
:1020600000000000D5100300F1100300FD10030074
:102070000911030025110300311103003D11030074
:102080004B110300000000002E00000030313233FD
:1020900034353637383961626364656630313233DE
:1020A000343536373839414243444546286E756CDD
:1020B0006C29000000070E091C1B1215383F363131
:1020C00024232A2D70777E796C6B6265484F4641D8
:1020D00054535A5DE0E7EEE9FCFBF2F5D8DFD6D1C8
:1020E000C4C3CACD90979E998C8B8285A8AFA6A1B8
:1020F000B4B3BABDC7C0C9CEDBDCD5D2FFF8F1F6A8
:10210000E3E4EDEAB7B0B9BEABACA5A28F88818697
:1021100093949D9A2720292E3B3C35321F18111687
:1021200003040D0A5750595E4B4C45426F68616677
:1021300073747D7A898E878095929B9CB1B6BFB867
:10214000ADAAA3A4F9FEF7F0E5E2EBECC1C6CFC857
:10215000DDDAD3D4696E676075727B7C51565F5847
:102160004D4A4344191E171005020B0C21262F2837
:102170003D3A33344E49404752555C5B7671787F27
:102180006A6D64633E39303722252C2B0601080F17
:102190001A1D1413AEA9A0A7B2B5BCBB9691989F07
:1021A0008A8D8483DED9D0D7C2C5CCCBE6E1E8EFF7
:1021B000FAFDF4F31D62030041210300FD1C03003E
:1021C000C51D0300B11D03008F1D03009D1F0300EB
:1021D000000000000000000000000000C137030004
:1021E0001D3B0300C1360300014203000D2D030017
:1021F000B13D0300A1330300753703006D320300C6
:10220000D53C0300E1290300F1380300C136030087
:10221000D9320300F96003004321030001420300A7
:102220000D2D03003121030000201D1C14120C0D84
:102230000A0A070806070506050504040404030343
:10224000030302030203020303020202010201026A
:10225000010201010101010101010101010101016D
:102260000101010101010101000B0E120F0F0A0C07
:102270000909070806070506050504050404030403
:102280000303030303030203030202020202010227
:102290000202020201020102010101020101010127
:1022A0000101010100010101200D050000000000F5
:1022B0000000000044573358585800004457335822
:1022C0005858204465766963652044726976657262
:1022D0002056657273696F6E2030362E30302E3086
:1022E000300000000004A8050008500B0010A116E3
:1022F0000020000095A70300DD630300FD1C030020
:10230000C51D0300B11D03008F1D03009D1F0300A9
:1023100000000000000000000000000049790300F8
:10232000797D0300A17C0300A98603007D7303006F
:10233000D57F0300F1720300FD780300897003006C
:10234000F97E0300C56C0300797A0300A17C0300C9
:102350007985030051840300DF630300A98603002D
:102360007D730300CD63030000201D1C14120C0DAF
:102370000A0A070806070506050504040404030302
:102380000303020302030203030202020102010229
:10239000010201010101010101010101010101012C
:1023A0000101010101010101000B0E120F0F0A0CC6
:1023B00009090708060705060505040504040304C2
:1023C00003030303030302030302020202020102E6
:1023D00002020202010201020101010201010101E6
:1023E0000101010100010101200D050000000000B4
:1023F000000000000004A8050008500B0010A11602
:1024000000200000CDF103007DA90300FD1C0300A6
:10241000C51D0300B11D03008F1D03009D1F030098
:1024200000000000000000000000000021C10300C7
:1024300039C8030061C703008DD1030055BB0300F9
:1024400089CA0300C9BA0300F9C00300A9B7030091
:1024500001CA03001DB3030035C5030061C70300B3
:102460005DD0030021CF03007FA903008DD10300BD
:1024700055BB03006DA9030000201D1C14120C0D98
:102480000A0A0708060705060505040404040303F1
:102490000303020302030203030202020102010218
:1024A000010201010101010101010101010101011B
:1024B0000101010101010101000B0E120F0F0A0CB5
:1024C00009090708060705060505040504040304B1
:1024D00003030303030302030302020202020102D5
:1024E00002020202010201020101010201010101D5
:1024F0000101010100010101200D050000000000A3
:10250000000000000004A8050008500B0010A116F0
:1025100000200000212870742D3E74797065203EE3
:1025200020285F5F4E4C415F545950455F4D4158E4
:10253000202D2031292900002F6275696C64732FCA
:102540007577622D737461636B2F7577622D737469
:1025500061636B2F656D6265646465642F636F6D85
:102560007061742F636F6D7061745F6E65746C69F8
:102570006E6B2E63000000005F5F76616C696461C2
:1025800074655F6E6C6100002128736B622D3E657F
:102590006E64202D20736B622D3E7461696C203C4B
:1025A000206C656E290000002F6275696C64732FC2
:1025B0007577622D737461636B2F7577622D7374F9
:1025C00061636B2F656D6265646465642F636F6D15
:1025D0007061742F636F6D7061745F736B62756689
:1025E000662E63002128736B622D3E646174612046
:1025F0003C20736B622D3E68656164290000000019
:10260000736B625F7265736572766500736B625F90
:1026100070757400736B625F707573680000000002
:102620006B65795F6C656E203D3D204145535F4B86
:10263000455953495A455F31323800002F62756958
:102640006C64732F7577622D737461636B2F75776C
:10265000622D737461636B2F656D6265646465647C
:102660002F6D6370732F666972615F636D61632E96
:1026700063000000666972615F6469676573740076
:102680006C6F636B000000002E2E2F2E2E2F636FB9
:102690006D7061742F696E636C7564652F6C696E03
:1026A00075782F6D757465782E6800006C6F636B9C
:1026B000202626206C6F636B2D3E6D747820213DA3
:1026C000204E554C4C0000006D757465785F6C6F42
:1026D000636B00006D757465785F756E6C6F636B0E
:1026E0000000000073657373696F6E5F70617261E3
:1026F0006D7300002F6275696C64732F7577622D9E
:10270000737461636B2F7577622D737461636B2FC4
:10271000656D6265646465642F68656C706572736D
:102720002F666972615F68656C7065722E63000068
:102730006669726100000000656E646C6573730009
:102740006164645F73657373696F6E5F70617261FA
:102750006D657465727300000000000000000000E9
:102760000000000000000000010000000000000068
:1027700000000000000000000B000000000000004E
:102780000000000000000000010000000000000048
:1027900000000000000000000B000000000000002E
:1027A0000000000000000000000000000000000029
:1027B0000000000000000000020000000000000017
:1027C0000000000000000000060000000000000003
:1027D00000000000000000000100000000000000F8
:1027E00000000000000000000100000000000000E8
:1027F00000000000000000000600000000000000D3
:1028000000000000000000000600000000000000C2
:1028100000000000000000000300000000000000B5
:1028200000000000000000000700000000000000A1
:102830000000000000000000070000000000000091
:102840000000000000000000070000000000000081
:1028500000000000000000000B000000000000006D
:1028600000000000000000000B000000000000005D
:102870000000000000000000010000000000000057
:102880000000000000000000010000000000000047
:102890000000000000000000030000000000000035
:1028A00000000000000000000900540000000000CB
:1028B0000000000000000000000000000000000018
:1028C0000000000000000000010000000000000007
:1028D00000000000000000000300000000000000F5
:1028E00000000000000000000400000000000000E4
:1028F00000000000000000000300000000000000D5
:1029000000000000000000000700000000000000C0
:1029100000000000000000000000000000000000B7
:1029200000000000000000000300000000000000A4
:102930000000000000000000000000000000000097
:102940000000000000000000000000000000000087
:102950000000000000000000070000000000000070
:102960000000000000000000000000000000000067
:102970000000000000000000030000000000000054
:102980000000000000000000000000000000000047
:102990000000000000000000000000000000000037
:1029A0000000000000000000000000000000000027
:1029B0000000000000000000000000000000000017
:1029C0000000000000000000000000000000000007
:1029D00000000000000000000000000000000000F7
:1029E00000000000000000000700000000000000E0
:1029F00000000000000000000000000000000000D7
:102A000000000000000000000000000000000000C6
:102A100000000000000000000000000000000000B6
:102A200000000000000000000000000000000000A6
:102A30000000000000000000000000000000000096
:102A40000000000000000000000000000000000086
:102A50000000000000000000000000000000000076
:102A60000000000000000000050000000000000061
:102A70000000000000000000000000000000000056
:102A80000000000000000000030000000000000043
:102A9000000000000000000007000000000000002F
:102AA0000000000000000000696E7374616E6365D1
:102AB000000000002F6275696C64732F7577622DBA
:102AC000737461636B2F7577622D737461636B2F01
:102AD000656D6265646465642F7577626D61632FEF
:102AE0007577626D61632E630000000052382E32EC
:102AF0002E335F45000000007577626D61635F7380
:102B000074617274000000007577626D61635F73B9
:102B1000746F70007577626D61635F72656769736A
:102B20007465725F646174615F63616C6C62616340
:102B30006B7300007577626D61635F7365745F66C8
:102B400072616D655F726574726965730000000083
:102B50007577626D61635F74785F6672616D650041
:102B60007577626D61635F7365745F70616E5F69D5
:102B7000640000007577626D61635F7365745F73F5
:102B8000686F72745F616464720000007577626DD3
:102B900061635F7365745F657874656E6465645FB7
:102BA00061646472000000007577626D61635F7339
:102BB00065745F70726F6D697363756F75735F6D48
:102BC0006F64650064656661756C740073696D702F
:102BD0006C65000021287229000000002F627569D1
:102BE0006C64732F7577622D737461636B2F7577C7
:102BF000622D737461636B2F6D61632F6465666111
:102C0000756C745F726567696F6E2E6300000000FB
:102C100064656661756C74006D6370733830323151
:102C200035345F64656661756C745F736368656491
:102C3000756C65725F7570646174655F73636865F8
:102C400064756C65000000002128722900000000F6
:102C50002F6275696C64732F7577622D737461636D
:102C60006B2F7577622D737461636B2F6D61632FAA
:102C7000656E646C6573735F7363686564756C65BA
:102C8000722E6300656E646C657373006D637073A0
:102C90003830323135345F656E646C6573735F73E1
:102CA00063686564756C65725F7570646174655F97
:102CB0007363686564756C65000000002128312924
:102CC000000000002F6275696C64732F7577622DA8
:102CD000737461636B2F7577622D737461636B2FEF
:102CE0006D61632F666972615F6163636573732EE3
:102CF00063000000212821736B622900BC2C0000B6
:102D0000666972615F72785F6672616D650000006E
:102D1000666972615F74785F6765745F6672616D22
:102D20006500000053746174696354535374617493
:102D30006963545300000000446174615072744B25
:102D400000000000537473496E64496E0000000077
:102D50004465724175746849000000004465724121
:102D60007574684B000000004465725061796C4BCB
:102D70000000000000000000000000000000000053
:102D80000000000021282170290000002F627569D1
:102D90006C64732F7577622D737461636B2F757715
:102DA000622D737461636B2F6D61632F666972614D
:102DB0005F6672616D652E63000000002128686502
:102DC000616465725F6C656E203C203029000000F4
:102DD000666972615F6672616D655F636F6D6D6F6D
:102DE0006E5F7061796C6F61645F70757400000074
:102DF000666972615F6672616D655F726672616D50
:102E0000655F7061796C6F61645F7075740000005C
:102E1000666972615F6672616D655F656E63727926
:102E2000707400000000000066697261000000001C
:102E300021287229000000002F6275696C64732FCD
:102E40007577622D737461636B2F7577622D737460
:102E500061636B2F6D61632F666972615F72656775
:102E6000696F6E2E6300000038F2A9C745000000AC
:102E7000666972615F726567696F6E5F696E6974BA
:102E80000000000000000000000000000000000042
:102E9000000000000300000000000000000000002F
:102EA000000000000700000000000000000000001B
:102EB000000000000800000000000000000000000A
:102EC0000000000000000000000000000000000002
:102ED00000000000000000000000000000000000F2
:102EE00000000000010000000300000000000000DE
:102EF00000000100010000000300000000000000CD
:102F000000000100010000000300000000000000BC
:102F100000000200010000000300000000000000AB
:102F2000000002000200000000000000000000009D
:102F3000000000000200000000000000000000008F
:102F4000000000000300000000000000000000007E
:102F5000000000000300000000000000000000006E
:102F6000000000000300000000000000000000005E
:102F7000000000000300000000000000000000004E
:102F8000000000000300000000000000000000003E
:102F9000000000000300000000000000000000002E
:102FA000000000000100000003000000000000001D
:102FB000000001000100000003000000000000000C
:102FC00000000100010000000300000000000000FC
:102FD0000000640001000000030000000000000089
:102FE00000000100010000000300000000000000DC
:102FF00000000100010000000300000000000000CC
:1030000000000100030000000100000000000000BB
:1030100001000A00010000000000000000000000A4
:10302000000000000100000000000000000000009F
:10303000000000000100000003000000000000008C
:103040000000030001000000030000000000000079
:10305000000001000100000003000000000000006B
:10306000000001000100000003000000000000005B
:103070000000040001000000030000000000000048
:10308000000002000100000003000000000000003A
:103090000000030001000000030000000000000029
:1030A000000001000100000003000000000000001B
:1030B000000001000100000003000000000000000B
:1030C00000000100010000000000000000000000FE
:1030D00000000000010000000000000000000000EF
:1030E00000000000010000000000000000000000DF
:1030F00000000000010000000200000000000000CD
:1031000001000000010000000300000000000000BA
:1031100000000200010000000300000000000000A9
:10312000000002000300000000000000000000009A
:103130000000000009000000010000000000000085
:103140000800080009002000000000000000000046
:103150000000000009002000000000000000000046
:10316000000000000100000003000000000000005B
:10317000000001000100000000000000000000004D
:10318000000000000100000003000000000000003B
:10319000000001000100000003000000000000002A
:1031A000000001000100000003000000000000001A
:1031B000000001000100000003000000000000000A
:1031C00000000100010000000300000000000000FA
:1031D00000000100030000000000000000000000EB
:1031E0000000000009005400000000000000000082
:1031F000000000003100000001000000000000009D
:1032000000000000000000000000000002000000BC
:1032100000000000000000000000000003000000AB
:103220000000000000000000000000000900200075
:103230000000000000000000000000000C00000082
:10324000080000007D0204042D0631006C6F636BE2
:10325000000000002F6275696C64732F7577622D12
:10326000737461636B2F7577622D737461636B2F59
:10327000656D6265646465642F636F6D7061742F42
:10328000696E636C7564652F6C696E75782F6D75EA
:103290007465782E680000006C6F636B2026262012
:1032A0006C6F636B2D3E6D747820213D204E554C24
:1032B0004C0000002128216C6F63616C2D3E66700C
:1032C000726F632E73746174652D3E656E746572E2
:1032D000290000002F6275696C64732F7577622D69
:1032E000737461636B2F7577622D737461636B2FD9
:1032F0006D61632F6670726F632E630021286C6F9F
:1033000063616C2D3E6670726F632E6163636573DB
:103310007329000021286C6F63616C2D3E6670720A
:103320006F632E74785F736B6229000021286C6FC5
:1033300063616C2D3E7374617274656429000000D2
:1033400021286163636573732D3E6D6574686F64D6
:10335000203D3D204D4350533830323135345F41AC
:1033600043434553535F4D4554484F445F56454E84
:10337000444F5229000000006D63707338303231C1
:1033800035345F6670726F635F696E697400000048
:103390006D6370733830323135345F6670726F63CD
:1033A0005F756E696E6974006D63707338303231A9
:1033B00035345F6670726F635F6163636573735FFB
:1033C00072657365740000006D757465785F6C6F6D
:1033D000636B00006D757465785F756E6C6F636B01
:1033E0000000000062726F6B656E0000E433050040
:1033F000457F0400617F04007D7F04007D7F040021
:10340000917F04007D7F04007D7F04007D7F0400A8
:10341000A97F04006D756C74695F7278000000000C
:10342000143405000000000000000000F9820400D0
:1034300095830400CD83040000000000000000001C
:1034400000000000098404006D756C74695F747875
:1034500000000000483405000000000000000000EB
:10346000000000000000000000000000858404004F
:103470000000000000000000C984040076656E644E
:103480006F7200007C3405000000000000000000A6
:10349000038704003F8704007B870400BF87040084
:1034A000E987040000000000258804006E6F74683E
:1034B000696E6700AC3405000000000000000000E9
:1034C00000000000000000000000000000000000FC
:1034D00000000000000000009188040072785F770F
:1034E0006169745F74785F646F6E6500DC34050039
:1034F00000000000000000000000000000000000CC
:1035000000000000D7890400000000000000000057
:10351000F3890400727800001435050000000000F3
:1035200000000000078A040000000000998A0400DF
:10353000000000000000000000000000B98A040044
:1035400077712D3E73656D20213D204E554C4C000A
:103550002F6275696C64732F7577622D7374616364
:103560006B2F7577622D737461636B2F656D626568
:10357000646465642F636F6D7061742F696E636C32
:103580007564652F6C696E75782F776169742E6824
:103590000000000021283129000000002F62756919
:1035A0006C64732F7577622D737461636B2F7577FD
:1035B000622D737461636B2F6D61632F6670726F20
:1035C000635F73746F707065642E630021286C6F85
:1035D00063616C2D3E737461727465642900000030
:1035E00073746F7070656400E0350500578C0400DB
:1035F000958C0400B18C0400B18C0400D58C0400BF
:10360000B18C0400B18C0400B18C0400EF8C040078
:1036100077616B655F7570006D6370733830323140
:1036200035345F6670726F635F73746F707065645A
:103630005F69676E6F7265006D6370733830323129
:1036400035345F6670726F635F73746F707065643A
:103650005F7363686564756C655F6368616E6765F9
:1036600000000000747800006436050000000000CF
:10367000000000000000000000000000000000004A
:10368000B78E04000000000000000000F58E04006A
:1036900074785F7761636B0090360500000000006E
:1036A00000000000098F0400C38F04000190040093
:1036B0001B90040000000000000000002F90040098
:1036C0006C6F636B000000002F6275696C64732F70
:1036D0007577622D737461636B2F7577622D7374C8
:1036E00061636B2F656D6265646465642F636F6DE4
:1036F0007061742F696E636C7564652F6C696E758B
:10370000782F6D757465782E680000006C6F636BA0
:10371000202626206C6F636B2D3E6D747820213D32
:10372000204E554C4C00000077712D3E73656D2086
:103730003D3D204E554C4C002F6275696C64732FD3
:103740007577622D737461636B2F7577622D737457
:1037500061636B2F656D6265646465642F636F6D73
:103760007061742F696E636C7564652F6C696E751A
:10377000782F776169742E680000000077712D3E04
:1037800073656D20213D204E554C4C007773000031
:103790002F6275696C64732F7577622D7374616322
:1037A0006B2F7577622D737461636B2F656D626526
:1037B000646465642F636F6D7061742F696E636CF0
:1037C0007564652F6C696E75782F776F726B717584
:1037D0006575652E680000002128216F7073207CBC
:1037E0007C20216F70732D3E7374617274207C7C19
:1037F00020216F70732D3E73746F70207C7C2021AC
:103800006F70732D3E74785F6672616D65207C7C8D
:1038100020216F70732D3E72785F656E61626C65FA
:10382000207C7C20216F70732D3E72785F646973F9
:1038300061626C65207C7C20216F70732D3E7278F4
:103840005F6765745F6672616D65207C7C20216FA7
:1038500070732D3E72785F6765745F6572726F7208
:103860005F6672616D6529002F6275696C64732FE4
:103870007577622D737461636B2F7577622D737426
:1038800061636B2F6D61632F6D6370735F6D616931
:103890006E2E630021287761697471756575655FA7
:1038A00061637469766528266C6F63616C2D3E7761
:1038B0007129290021287229000000006D757465A6
:1038C000785F6C6F636B00006D757465785F756E03
:1038D0006C6F636B000000006D63707338303231C1
:1038E00035345F616C6C6F635F6C6C6877000000EF
:1038F000696E69745F7761697471756575655F6814
:1039000065616400494E49545F574F524B000000B7
:103910006D6370733830323135345F667265655F60
:103920006C6C6877000000006D757465785F646585
:103930007374726F7900000064657374726F795FDD
:103940007761697471756575655F686561640000AC
:103950006D6370733830323135345F696E6974006D
:103960006C6F636B000000002F6275696C64732FCD
:103970007577622D737461636B2F7577622D737425
:1039800061636B2F656D6265646465642F636F6D41
:103990007061742F696E636C7564652F6C696E75E8
:1039A000782F6D757465782E680000006C6F636BFE
:1039B000202626206C6F636B2D3E6D747820213D90
:1039C000204E554C4C00000077732026262077733C
:1039D0002D3E66756E6320213D204E554C4C0000F7
:1039E0002F6275696C64732F7577622D73746163D0
:1039F0006B2F7577622D737461636B2F656D6265D4
:103A0000646465642F636F6D7061742F696E636C9D
:103A10007564652F6C696E75782F776F726B717531
:103A20006575652E6800000021286C6F63616C2D40
:103A30003E73746172746564290000002F627569B9
:103A40006C64732F7577622D737461636B2F757758
:103A5000622D737461636B2F6D61632F6F70732EB2
:103A6000630000002128216C6F63616C2D3E73742C
:103A700061727465642900006C6F63616C2D3E7720
:103A8000712E73656D20213D204E554C4C00000079
:103A9000ADDE000053A20400BDA20400000000003F
:103AA00081A30400F5A304000FA4040061A4040092
:103AB0000000000000000000000000000000000006
:103AC0000000000003A5040041A504008DA504002A
:103AD000CFA504006D6370733830323135345F73B5
:103AE00074617274000000006D757465785F6C6FAE
:103AF000636B00006D757465785F756E6C6F636BDA
:103B0000000000006D6370733830323135345F73FC
:103B1000746F70007363686564756C655F776F724E
:103B20006B0000006C6F636B000000002F62756912
:103B30006C64732F7577622D737461636B2F757767
:103B4000622D737461636B2F656D62656464656477
:103B50002F636F6D7061742F696E636C7564652F70
:103B60006C696E75782F6D757465782E680000002D
:103B70006C6F636B202626206C6F636B2D3E6D741B
:103B80007820213D204E554C4C0000002128217307
:103B900063686564756C65725F6F7073207C7C20F0
:103BA000217363686564756C65725F6F70732D3E19
:103BB0006F776E6572207C7C202173636865647505
:103BC0006C65725F6F70732D3E6E616D65207C7CDD
:103BD00020217363686564756C65725F6F70732D07
:103BE0003E6F70656E207C7C202173636865647510
:103BF0006C65725F6F70732D3E636C6F7365207CB4
:103C00007C20217363686564756C65725F6F707387
:103C10002D3E7570646174655F7363686564756C6F
:103C2000652900002F6275696C64732F7577622DAA
:103C3000737461636B2F7577622D737461636B2F7F
:103C40006D61632F7363686564756C6572732E6351
:103C5000000000002128737472636D70286F707308
:103C60002D3E6E616D652C207363686564756C65AF
:103C7000725F6F70732D3E6E616D6529203D3D2032
:103C8000302900006D6370733830323135345F7322
:103C900063686564756C65725F7265676973746586
:103CA000720000006D757465785F6C6F636B000067
:103CB0006D757465785F756E6C6F636B00000000E6
:103CC00021286672616D655F69647820213D20540A
:103CD00057525F4652414D455F46494E414C29007F
:103CE0002F6275696C64732F7577622D73746163CD
:103CF0006B2F7577622D737461636B2F6D61632F0A
:103D000073696D706C655F72616E67696E675F7213
:103D10006567696F6E2E630021286672616D655F4D
:103D200069647820213D205457525F4652414D45E9
:103D30005F5245504F525429000000007477725F63
:103D4000726573706F6E64657200000000000000A1
:103D50003C3D0500000000000000000000000000E5
:103D60000000000000000000000000000000000053
:103D700001BC04007477725F696E69746961746F65
:103D80007200000000000000743D0500000000000B
:103D90000000000000000000000000000000000023
:103DA000000000000000000035BD040021286C6FF9
:103DB00063616C2D3E69735F726573706F6E6465CD
:103DC00072290000212872290000000073696D70BB
:103DD0006C652D72616E67696E6700007477725F43
:103DE000726573706F6E6465725F72785F66726120
:103DF0006D6500007477725F726573706F6E6465D5
:103E0000725F74785F6765745F6672616D650000EC
:103E10007477725F72785F6672616D650000000092
:103E20007477725F74785F6765745F6672616D65E1
:103E30000000000073696D706C655F72616E676988
:103E40006E675F7363686564756C65725F757064D7
:103E50006174655F7363686564756C65000000007C
:103E60000000000000000000000000000000000052
:103E7000030000000000000000000000000000003F
:103E8000030000000300000000000000000001002B
:103E90000100000000000000000000000000000021
:103EA0000100000000000000000000000000000011
:103EB0000100000000000000000000000000000001
:103EC0006C6F636B000000002F6275696C64732F68
:103ED0007577622D737461636B2F7577622D7374C0
:103EE00061636B2F656D6265646465642F636F6DDC
:103EF0007061742F696E636C7564652F6C696E7583
:103F0000782F6D757465782E680000006C6F636B98
:103F1000202626206C6F636B2D3E6D747820213D2A
:103F2000204E554C4C000000212821726567696FB6
:103F30006E5F6F7073207C7C2021726567696F6E85
:103F40005F6F70732D3E6F776E6572207C7C2021D1
:103F5000726567696F6E5F6F70732D3E6E616D6520
:103F6000207C7C2021726567696F6E5F6F70732D96
:103F70003E6F70656E207C7C2021726567696F6E74
:103F80005F6F70732D3E636C6F7365207C7C2021A6
:103F9000726567696F6E5F6F70732D3E6765745FE2
:103FA00061636365737329002F6275696C64732F95
:103FB0007577622D737461636B2F7577622D7374DF
:103FC00061636B2F6D61632F726567696F6E732E0E
:103FD000630000002128737472636D70286F707322
:103FE0002D3E6E616D652C20726567696F6E5F6F27
:103FF00070732D3E6E616D6529203D3D2030290096
:104000006D6370733830323135345F726567696F54
:104010006E5F726567697374657200006D757465B3
:10402000785F6C6F636B00006D757465785F756E9B
:104030006C6F636B00002219910C4EFE910C98007E
:02404000DAFFA5
:1040440000000000FF0000000090D003000000000A
:10405400000000000000000000000000000000005C
:104064000000000026000000000000000000000026
:10407400000000000000000000000000581B0500C4
:1040840001000200FFFF000000000000000000002B
:104094000000000000000000000000008426002052
:1040A4000000000000E3002001000400E81E0500F9
:1040B400E81E0500E81E0500E81E0500E81E0500D0
:1040C4006B260400532504008F250400C125040039
:1040D400ADDE0000CC2B0500000000000000000055
:1040E40000000000000000000000000000000000CC
:1040F400000000007F260400ADDE0000102C050047
:104104000000000000000000D1260400092704007C
:10411400000000000000000000000000000000009B
:10412400000000002727040000000000ADDE0000AE
:10413400842C050000000000000000005728040043
:1041440089280400BF28040000000000EF280400B0
:104154000000000055290400B929040000000000F3
:104164008F350400BF320400ED3304003135040000
:10417400ADDE0000282E0500000000000000000055
:10418400E358040039590400635904000000000096
:10419400C1590400B93B0400782700207827002087
:1041A400802700208027002009B9040095B5040069
:1041B40029B80400EDB80400EDBB04001DB90400E7
:1041C4001DBB0400D1BB0400ADDE0000CC3D0500E6
:1041D400000000000000000031BF0400D5BF04004F
:1041E4000000000051C204000000000000000000B4
:1041F40000000000F3BF040055C10400DC270020C8
:04420400DC27002093
:00000001FF
